# qsgw_contract_version 5
# fixed_basis immutable_mf0
# live_update eigenvalues_wfc
# velocity fixed_basis_rotation
# headwing scf_grid_analytic_live
# symmetry unsupported_full_bz_only
# hartree disabled_stage1
# band disabled_stage1
# qsgw_input_contract /data/home/df_iopcas_bhj/ai-runs/librpa-qsgw-rebase-gates-20260715T1910-7d69a18c/inputs/si-k444-headwing-scf-synced-v2-2345960/dataset/qsgw_input.head-only.contract
# qsgw_input_contract_sha256 dd255667efae3e27a435f48684b801b30b3f2a68bfa6c7e792fa4a1de848921d
# qsgw_mixer none
# qsgw_mixing_beta 0.20000000000000001
# iter channel spin kpoint kx ky kz band energy_eV
0 0 0 0 0.00000000000000000e+00 0.00000000000000000e+00 0.00000000000000000e+00 0 -5.57227943475782528e+00
0 0 0 0 0.00000000000000000e+00 0.00000000000000000e+00 0.00000000000000000e+00 1 6.43252264937479090e+00
0 0 0 0 0.00000000000000000e+00 0.00000000000000000e+00 0.00000000000000000e+00 2 6.43252264937479090e+00
0 0 0 0 0.00000000000000000e+00 0.00000000000000000e+00 0.00000000000000000e+00 3 6.43252264937479090e+00
0 0 0 0 0.00000000000000000e+00 0.00000000000000000e+00 0.00000000000000000e+00 4 9.14776566093089549e+00
0 0 0 0 0.00000000000000000e+00 0.00000000000000000e+00 0.00000000000000000e+00 5 9.14776566093097721e+00
0 0 0 0 0.00000000000000000e+00 0.00000000000000000e+00 0.00000000000000000e+00 6 9.14776566093100563e+00
0 0 0 0 0.00000000000000000e+00 0.00000000000000000e+00 0.00000000000000000e+00 7 1.00312562513752166e+01
0 0 0 0 0.00000000000000000e+00 0.00000000000000000e+00 0.00000000000000000e+00 8 1.48676520693320189e+01
0 0 0 0 0.00000000000000000e+00 0.00000000000000000e+00 0.00000000000000000e+00 9 1.48676520693320189e+01
0 0 0 0 0.00000000000000000e+00 0.00000000000000000e+00 0.00000000000000000e+00 10 1.86719908000537984e+01
0 0 0 0 0.00000000000000000e+00 0.00000000000000000e+00 0.00000000000000000e+00 11 2.24344258456428136e+01
0 0 0 0 0.00000000000000000e+00 0.00000000000000000e+00 0.00000000000000000e+00 12 2.24344258456428953e+01
0 0 0 0 0.00000000000000000e+00 0.00000000000000000e+00 0.00000000000000000e+00 13 2.24344258456429522e+01
0 0 0 0 0.00000000000000000e+00 0.00000000000000000e+00 0.00000000000000000e+00 14 3.14462444259747720e+01
0 0 0 0 0.00000000000000000e+00 0.00000000000000000e+00 0.00000000000000000e+00 15 3.14462444259747720e+01
0 0 0 0 0.00000000000000000e+00 0.00000000000000000e+00 0.00000000000000000e+00 16 3.38492849346076952e+01
0 0 0 0 0.00000000000000000e+00 0.00000000000000000e+00 0.00000000000000000e+00 17 3.38492849346078017e+01
0 0 0 0 0.00000000000000000e+00 0.00000000000000000e+00 0.00000000000000000e+00 18 3.38492849346078017e+01
0 0 0 0 0.00000000000000000e+00 0.00000000000000000e+00 0.00000000000000000e+00 19 6.64978765643551952e+01
0 0 0 0 0.00000000000000000e+00 0.00000000000000000e+00 0.00000000000000000e+00 20 6.64978765643642618e+01
0 0 0 0 0.00000000000000000e+00 0.00000000000000000e+00 0.00000000000000000e+00 21 6.64978765643647165e+01
0 0 0 0 0.00000000000000000e+00 0.00000000000000000e+00 0.00000000000000000e+00 22 1.02504175331043825e+02
0 0 0 0 0.00000000000000000e+00 0.00000000000000000e+00 0.00000000000000000e+00 23 1.19026731585534804e+02
0 0 0 0 0.00000000000000000e+00 0.00000000000000000e+00 0.00000000000000000e+00 24 1.19026731585546216e+02
0 0 0 0 0.00000000000000000e+00 0.00000000000000000e+00 0.00000000000000000e+00 25 1.19026731585549285e+02
0 0 0 1 2.50000000000035305e-01 0.00000000000000000e+00 0.00000000000000000e+00 0 -4.77928439869769139e+00
0 0 0 1 2.50000000000035305e-01 0.00000000000000000e+00 0.00000000000000000e+00 1 2.46680605279678922e+00
0 0 0 1 2.50000000000035305e-01 0.00000000000000000e+00 0.00000000000000000e+00 2 5.67615955045470599e+00
0 0 0 1 2.50000000000035305e-01 0.00000000000000000e+00 0.00000000000000000e+00 3 5.67615955045473264e+00
0 0 0 1 2.50000000000035305e-01 0.00000000000000000e+00 0.00000000000000000e+00 4 8.63478008904076688e+00
0 0 0 1 2.50000000000035305e-01 0.00000000000000000e+00 0.00000000000000000e+00 5 1.01791067980607934e+01
0 0 0 1 2.50000000000035305e-01 0.00000000000000000e+00 0.00000000000000000e+00 6 1.01791067980607934e+01
0 0 0 1 2.50000000000035305e-01 0.00000000000000000e+00 0.00000000000000000e+00 7 1.38167819259346150e+01
0 0 0 1 2.50000000000035305e-01 0.00000000000000000e+00 0.00000000000000000e+00 8 1.47511644089769707e+01
0 0 0 1 2.50000000000035305e-01 0.00000000000000000e+00 0.00000000000000000e+00 9 1.47511644089769973e+01
0 0 0 1 2.50000000000035305e-01 0.00000000000000000e+00 0.00000000000000000e+00 10 1.98647145492865889e+01
0 0 0 1 2.50000000000035305e-01 0.00000000000000000e+00 0.00000000000000000e+00 11 2.28825557074830357e+01
0 0 0 1 2.50000000000035305e-01 0.00000000000000000e+00 0.00000000000000000e+00 12 2.32685984980902631e+01
0 0 0 1 2.50000000000035305e-01 0.00000000000000000e+00 0.00000000000000000e+00 13 2.32685984980903449e+01
0 0 0 1 2.50000000000035305e-01 0.00000000000000000e+00 0.00000000000000000e+00 14 2.95249480917060865e+01
0 0 0 1 2.50000000000035305e-01 0.00000000000000000e+00 0.00000000000000000e+00 15 2.95249480917061149e+01
0 0 0 1 2.50000000000035305e-01 0.00000000000000000e+00 0.00000000000000000e+00 16 3.14747523700926948e+01
0 0 0 1 2.50000000000035305e-01 0.00000000000000000e+00 0.00000000000000000e+00 17 3.39472997493824877e+01
0 0 0 1 2.50000000000035305e-01 0.00000000000000000e+00 0.00000000000000000e+00 18 3.39472997493825446e+01
0 0 0 1 2.50000000000035305e-01 0.00000000000000000e+00 0.00000000000000000e+00 19 4.32507293026725606e+01
0 0 0 1 2.50000000000035305e-01 0.00000000000000000e+00 0.00000000000000000e+00 20 6.13761034511607875e+01
0 0 0 1 2.50000000000035305e-01 0.00000000000000000e+00 0.00000000000000000e+00 21 6.13761034511635657e+01
0 0 0 1 2.50000000000035305e-01 0.00000000000000000e+00 0.00000000000000000e+00 22 9.84576719779490475e+01
0 0 0 1 2.50000000000035305e-01 0.00000000000000000e+00 0.00000000000000000e+00 23 9.84576719779550302e+01
0 0 0 1 2.50000000000035305e-01 0.00000000000000000e+00 0.00000000000000000e+00 24 1.04798743835712870e+02
0 0 0 1 2.50000000000035305e-01 0.00000000000000000e+00 0.00000000000000000e+00 25 1.54047557201724032e+02
0 0 0 2 5.00000000000070610e-01 0.00000000000000000e+00 0.00000000000000000e+00 0 -3.24596580198790896e+00
0 0 0 2 5.00000000000070610e-01 0.00000000000000000e+00 0.00000000000000000e+00 1 -6.04418885752118218e-01
0 0 0 2 5.00000000000070610e-01 0.00000000000000000e+00 0.00000000000000000e+00 2 5.24067752011174104e+00
0 0 0 2 5.00000000000070610e-01 0.00000000000000000e+00 0.00000000000000000e+00 3 5.24067752011174104e+00
0 0 0 2 5.00000000000070610e-01 0.00000000000000000e+00 0.00000000000000000e+00 4 8.10635145303600169e+00
0 0 0 2 5.00000000000070610e-01 0.00000000000000000e+00 0.00000000000000000e+00 5 1.01723325320599116e+01
0 0 0 2 5.00000000000070610e-01 0.00000000000000000e+00 0.00000000000000000e+00 6 1.01723325320599116e+01
0 0 0 2 5.00000000000070610e-01 0.00000000000000000e+00 0.00000000000000000e+00 7 1.75471393083260523e+01
0 0 0 2 5.00000000000070610e-01 0.00000000000000000e+00 0.00000000000000000e+00 8 1.80041084701005758e+01
0 0 0 2 5.00000000000070610e-01 0.00000000000000000e+00 0.00000000000000000e+00 9 1.80041084701005758e+01
0 0 0 2 5.00000000000070610e-01 0.00000000000000000e+00 0.00000000000000000e+00 10 1.83579416029927813e+01
0 0 0 2 5.00000000000070610e-01 0.00000000000000000e+00 0.00000000000000000e+00 11 1.97306204018278777e+01
0 0 0 2 5.00000000000070610e-01 0.00000000000000000e+00 0.00000000000000000e+00 12 1.97306204018279061e+01
0 0 0 2 5.00000000000070610e-01 0.00000000000000000e+00 0.00000000000000000e+00 13 2.65327225509091242e+01
0 0 0 2 5.00000000000070610e-01 0.00000000000000000e+00 0.00000000000000000e+00 14 2.84591910703909576e+01
0 0 0 2 5.00000000000070610e-01 0.00000000000000000e+00 0.00000000000000000e+00 15 2.96489496347264847e+01
0 0 0 2 5.00000000000070610e-01 0.00000000000000000e+00 0.00000000000000000e+00 16 2.96489496347264847e+01
0 0 0 2 5.00000000000070610e-01 0.00000000000000000e+00 0.00000000000000000e+00 17 3.36128535729160802e+01
0 0 0 2 5.00000000000070610e-01 0.00000000000000000e+00 0.00000000000000000e+00 18 3.36128535729161086e+01
0 0 0 2 5.00000000000070610e-01 0.00000000000000000e+00 0.00000000000000000e+00 19 3.64309474830753359e+01
0 0 0 2 5.00000000000070610e-01 0.00000000000000000e+00 0.00000000000000000e+00 20 6.21815263312237008e+01
0 0 0 2 5.00000000000070610e-01 0.00000000000000000e+00 0.00000000000000000e+00 21 6.21815263312258750e+01
0 0 0 2 5.00000000000070610e-01 0.00000000000000000e+00 0.00000000000000000e+00 22 7.32589956292646463e+01
0 0 0 2 5.00000000000070610e-01 0.00000000000000000e+00 0.00000000000000000e+00 23 7.32589956292651010e+01
0 0 0 2 5.00000000000070610e-01 0.00000000000000000e+00 0.00000000000000000e+00 24 1.06593772898434523e+02
0 0 0 2 5.00000000000070610e-01 0.00000000000000000e+00 0.00000000000000000e+00 25 1.45626421941820723e+02
0 0 0 3 7.49999999999942601e-01 0.00000000000000000e+00 0.00000000000000000e+00 0 -4.77928439869771804e+00
0 0 0 3 7.49999999999942601e-01 0.00000000000000000e+00 0.00000000000000000e+00 1 2.46680605279678922e+00
0 0 0 3 7.49999999999942601e-01 0.00000000000000000e+00 0.00000000000000000e+00 2 5.67615955045467846e+00
0 0 0 3 7.49999999999942601e-01 0.00000000000000000e+00 0.00000000000000000e+00 3 5.67615955045473264e+00
0 0 0 3 7.49999999999942601e-01 0.00000000000000000e+00 0.00000000000000000e+00 4 8.63478008904073846e+00
0 0 0 3 7.49999999999942601e-01 0.00000000000000000e+00 0.00000000000000000e+00 5 1.01791067980607668e+01
0 0 0 3 7.49999999999942601e-01 0.00000000000000000e+00 0.00000000000000000e+00 6 1.01791067980608219e+01
0 0 0 3 7.49999999999942601e-01 0.00000000000000000e+00 0.00000000000000000e+00 7 1.38167819259345883e+01
0 0 0 3 7.49999999999942601e-01 0.00000000000000000e+00 0.00000000000000000e+00 8 1.47511644089769707e+01
0 0 0 3 7.49999999999942601e-01 0.00000000000000000e+00 0.00000000000000000e+00 9 1.47511644089769973e+01
0 0 0 3 7.49999999999942601e-01 0.00000000000000000e+00 0.00000000000000000e+00 10 1.98647145492865604e+01
0 0 0 3 7.49999999999942601e-01 0.00000000000000000e+00 0.00000000000000000e+00 11 2.28825557074830108e+01
0 0 0 3 7.49999999999942601e-01 0.00000000000000000e+00 0.00000000000000000e+00 12 2.32685984980902916e+01
0 0 0 3 7.49999999999942601e-01 0.00000000000000000e+00 0.00000000000000000e+00 13 2.32685984980903449e+01
0 0 0 3 7.49999999999942601e-01 0.00000000000000000e+00 0.00000000000000000e+00 14 2.95249480917060865e+01
0 0 0 3 7.49999999999942601e-01 0.00000000000000000e+00 0.00000000000000000e+00 15 2.95249480917060865e+01
0 0 0 3 7.49999999999942601e-01 0.00000000000000000e+00 0.00000000000000000e+00 16 3.14747523700926699e+01
0 0 0 3 7.49999999999942601e-01 0.00000000000000000e+00 0.00000000000000000e+00 17 3.39472997493824593e+01
0 0 0 3 7.49999999999942601e-01 0.00000000000000000e+00 0.00000000000000000e+00 18 3.39472997493826014e+01
0 0 0 3 7.49999999999942601e-01 0.00000000000000000e+00 0.00000000000000000e+00 19 4.32507293026725108e+01
0 0 0 3 7.49999999999942601e-01 0.00000000000000000e+00 0.00000000000000000e+00 20 6.13761034511609793e+01
0 0 0 3 7.49999999999942601e-01 0.00000000000000000e+00 0.00000000000000000e+00 21 6.13761034511637575e+01
0 0 0 3 7.49999999999942601e-01 0.00000000000000000e+00 0.00000000000000000e+00 22 9.84576719779503264e+01
0 0 0 3 7.49999999999942601e-01 0.00000000000000000e+00 0.00000000000000000e+00 23 9.84576719779560392e+01
0 0 0 3 7.49999999999942601e-01 0.00000000000000000e+00 0.00000000000000000e+00 24 1.04798743835713978e+02
0 0 0 3 7.49999999999942601e-01 0.00000000000000000e+00 0.00000000000000000e+00 25 1.54047557201729660e+02
0 0 0 4 0.00000000000000000e+00 2.50000000000035305e-01 0.00000000000000000e+00 0 -4.77928439869769139e+00
0 0 0 4 0.00000000000000000e+00 2.50000000000035305e-01 0.00000000000000000e+00 1 2.46680605279678922e+00
0 0 0 4 0.00000000000000000e+00 2.50000000000035305e-01 0.00000000000000000e+00 2 5.67615955045470599e+00
0 0 0 4 0.00000000000000000e+00 2.50000000000035305e-01 0.00000000000000000e+00 3 5.67615955045470599e+00
0 0 0 4 0.00000000000000000e+00 2.50000000000035305e-01 0.00000000000000000e+00 4 8.63478008904076688e+00
0 0 0 4 0.00000000000000000e+00 2.50000000000035305e-01 0.00000000000000000e+00 5 1.01791067980607401e+01
0 0 0 4 0.00000000000000000e+00 2.50000000000035305e-01 0.00000000000000000e+00 6 1.01791067980608751e+01
0 0 0 4 0.00000000000000000e+00 2.50000000000035305e-01 0.00000000000000000e+00 7 1.38167819259345066e+01
0 0 0 4 0.00000000000000000e+00 2.50000000000035305e-01 0.00000000000000000e+00 8 1.47511644089769973e+01
0 0 0 4 0.00000000000000000e+00 2.50000000000035305e-01 0.00000000000000000e+00 9 1.47511644089769973e+01
0 0 0 4 0.00000000000000000e+00 2.50000000000035305e-01 0.00000000000000000e+00 10 1.98647145492865604e+01
0 0 0 4 0.00000000000000000e+00 2.50000000000035305e-01 0.00000000000000000e+00 11 2.28825557074830641e+01
0 0 0 4 0.00000000000000000e+00 2.50000000000035305e-01 0.00000000000000000e+00 12 2.32685984980903164e+01
0 0 0 4 0.00000000000000000e+00 2.50000000000035305e-01 0.00000000000000000e+00 13 2.32685984980903449e+01
0 0 0 4 0.00000000000000000e+00 2.50000000000035305e-01 0.00000000000000000e+00 14 2.95249480917060865e+01
0 0 0 4 0.00000000000000000e+00 2.50000000000035305e-01 0.00000000000000000e+00 15 2.95249480917061398e+01
0 0 0 4 0.00000000000000000e+00 2.50000000000035305e-01 0.00000000000000000e+00 16 3.14747523700926415e+01
0 0 0 4 0.00000000000000000e+00 2.50000000000035305e-01 0.00000000000000000e+00 17 3.39472997493825162e+01
0 0 0 4 0.00000000000000000e+00 2.50000000000035305e-01 0.00000000000000000e+00 18 3.39472997493825659e+01
0 0 0 4 0.00000000000000000e+00 2.50000000000035305e-01 0.00000000000000000e+00 19 4.32507293026726174e+01
0 0 0 4 0.00000000000000000e+00 2.50000000000035305e-01 0.00000000000000000e+00 20 6.13761034511606525e+01
0 0 0 4 0.00000000000000000e+00 2.50000000000035305e-01 0.00000000000000000e+00 21 6.13761034511638073e+01
0 0 0 4 0.00000000000000000e+00 2.50000000000035305e-01 0.00000000000000000e+00 22 9.84576719779493459e+01
0 0 0 4 0.00000000000000000e+00 2.50000000000035305e-01 0.00000000000000000e+00 23 9.84576719779561387e+01
0 0 0 4 0.00000000000000000e+00 2.50000000000035305e-01 0.00000000000000000e+00 24 1.04798743835718128e+02
0 0 0 4 0.00000000000000000e+00 2.50000000000035305e-01 0.00000000000000000e+00 25 1.54047557201726306e+02
0 0 0 5 2.50000000000035305e-01 2.50000000000035305e-01 0.00000000000000000e+00 0 -4.49597478733595679e+00
0 0 0 5 2.50000000000035305e-01 2.50000000000035305e-01 0.00000000000000000e+00 1 2.87514926603858667e+00
0 0 0 5 2.50000000000035305e-01 2.50000000000035305e-01 0.00000000000000000e+00 2 4.54671193862821088e+00
0 0 0 5 2.50000000000035305e-01 2.50000000000035305e-01 0.00000000000000000e+00 3 4.54671193862821088e+00
0 0 0 5 2.50000000000035305e-01 2.50000000000035305e-01 0.00000000000000000e+00 4 7.79317461735666761e+00
0 0 0 5 2.50000000000035305e-01 2.50000000000035305e-01 0.00000000000000000e+00 5 1.04990338686111073e+01
0 0 0 5 2.50000000000035305e-01 2.50000000000035305e-01 0.00000000000000000e+00 6 1.23759252518943050e+01
0 0 0 5 2.50000000000035305e-01 2.50000000000035305e-01 0.00000000000000000e+00 7 1.23759252518943335e+01
0 0 0 5 2.50000000000035305e-01 2.50000000000035305e-01 0.00000000000000000e+00 8 1.53167335444534540e+01
0 0 0 5 2.50000000000035305e-01 2.50000000000035305e-01 0.00000000000000000e+00 9 1.63769258183246542e+01
0 0 0 5 2.50000000000035305e-01 2.50000000000035305e-01 0.00000000000000000e+00 10 2.11487617275333797e+01
0 0 0 5 2.50000000000035305e-01 2.50000000000035305e-01 0.00000000000000000e+00 11 2.19283964050910569e+01
0 0 0 5 2.50000000000035305e-01 2.50000000000035305e-01 0.00000000000000000e+00 12 2.19283964050912203e+01
0 0 0 5 2.50000000000035305e-01 2.50000000000035305e-01 0.00000000000000000e+00 13 2.58696378526805475e+01
0 0 0 5 2.50000000000035305e-01 2.50000000000035305e-01 0.00000000000000000e+00 14 2.78495385330309659e+01
0 0 0 5 2.50000000000035305e-01 2.50000000000035305e-01 0.00000000000000000e+00 15 2.93335133569815198e+01
0 0 0 5 2.50000000000035305e-01 2.50000000000035305e-01 0.00000000000000000e+00 16 3.17429024718693213e+01
0 0 0 5 2.50000000000035305e-01 2.50000000000035305e-01 0.00000000000000000e+00 17 3.17429024718695167e+01
0 0 0 5 2.50000000000035305e-01 2.50000000000035305e-01 0.00000000000000000e+00 18 3.44916883167834953e+01
0 0 0 5 2.50000000000035305e-01 2.50000000000035305e-01 0.00000000000000000e+00 19 4.50678226240389463e+01
0 0 0 5 2.50000000000035305e-01 2.50000000000035305e-01 0.00000000000000000e+00 20 4.50678226240392945e+01
0 0 0 5 2.50000000000035305e-01 2.50000000000035305e-01 0.00000000000000000e+00 21 5.88951776016287596e+01
0 0 0 5 2.50000000000035305e-01 2.50000000000035305e-01 0.00000000000000000e+00 22 7.89218830742331079e+01
0 0 0 5 2.50000000000035305e-01 2.50000000000035305e-01 0.00000000000000000e+00 23 1.12218916471532822e+02
0 0 0 5 2.50000000000035305e-01 2.50000000000035305e-01 0.00000000000000000e+00 24 1.36814293399770975e+02
0 0 0 5 2.50000000000035305e-01 2.50000000000035305e-01 0.00000000000000000e+00 25 1.36814293399779530e+02
0 0 0 6 4.99999999999988953e-01 2.49999999999953648e-01 0.00000000000000000e+00 0 -2.86108298751099399e+00
0 0 0 6 4.99999999999988953e-01 2.49999999999953648e-01 0.00000000000000000e+00 1 -2.79955835262059001e-03
0 0 0 6 4.99999999999988953e-01 2.49999999999953648e-01 0.00000000000000000e+00 2 2.85933300988994787e+00
0 0 0 6 4.99999999999988953e-01 2.49999999999953648e-01 0.00000000000000000e+00 3 4.23356880700233074e+00
0 0 0 6 4.99999999999988953e-01 2.49999999999953648e-01 0.00000000000000000e+00 4 8.36364216523242376e+00
0 0 0 6 4.99999999999988953e-01 2.49999999999953648e-01 0.00000000000000000e+00 5 1.14632162321868911e+01
0 0 0 6 4.99999999999988953e-01 2.49999999999953648e-01 0.00000000000000000e+00 6 1.25468587478207247e+01
0 0 0 6 4.99999999999988953e-01 2.49999999999953648e-01 0.00000000000000000e+00 7 1.28108031340239279e+01
0 0 0 6 4.99999999999988953e-01 2.49999999999953648e-01 0.00000000000000000e+00 8 1.75445330210377257e+01
0 0 0 6 4.99999999999988953e-01 2.49999999999953648e-01 0.00000000000000000e+00 9 1.80492900217465291e+01
0 0 0 6 4.99999999999988953e-01 2.49999999999953648e-01 0.00000000000000000e+00 10 2.01047047207393739e+01
0 0 0 6 4.99999999999988953e-01 2.49999999999953648e-01 0.00000000000000000e+00 11 2.01288468711111896e+01
0 0 0 6 4.99999999999988953e-01 2.49999999999953648e-01 0.00000000000000000e+00 12 2.55320667436287678e+01
0 0 0 6 4.99999999999988953e-01 2.49999999999953648e-01 0.00000000000000000e+00 13 2.59329681914183823e+01
0 0 0 6 4.99999999999988953e-01 2.49999999999953648e-01 0.00000000000000000e+00 14 2.65085959070952342e+01
0 0 0 6 4.99999999999988953e-01 2.49999999999953648e-01 0.00000000000000000e+00 15 2.74187853669978310e+01
0 0 0 6 4.99999999999988953e-01 2.49999999999953648e-01 0.00000000000000000e+00 16 2.92604216723641564e+01
0 0 0 6 4.99999999999988953e-01 2.49999999999953648e-01 0.00000000000000000e+00 17 3.15710443818281163e+01
0 0 0 6 4.99999999999988953e-01 2.49999999999953648e-01 0.00000000000000000e+00 18 3.27736118146601569e+01
0 0 0 6 4.99999999999988953e-01 2.49999999999953648e-01 0.00000000000000000e+00 19 3.76441425110639685e+01
0 0 0 6 4.99999999999988953e-01 2.49999999999953648e-01 0.00000000000000000e+00 20 4.33774346543053255e+01
0 0 0 6 4.99999999999988953e-01 2.49999999999953648e-01 0.00000000000000000e+00 21 4.68552906732924868e+01
0 0 0 6 4.99999999999988953e-01 2.49999999999953648e-01 0.00000000000000000e+00 22 9.32336033724399584e+01
0 0 0 6 4.99999999999988953e-01 2.49999999999953648e-01 0.00000000000000000e+00 23 1.05504226539983890e+02
0 0 0 6 4.99999999999988953e-01 2.49999999999953648e-01 0.00000000000000000e+00 24 1.16121464812230158e+02
0 0 0 6 4.99999999999988953e-01 2.49999999999953648e-01 0.00000000000000000e+00 25 1.36199531300412474e+02
0 0 0 7 7.50000000000024203e-01 2.49999999999953593e-01 0.00000000000000000e+00 0 -3.53849822179903395e+00
0 0 0 7 7.50000000000024203e-01 2.49999999999953593e-01 0.00000000000000000e+00 1 9.06912416253483622e-01
0 0 0 7 7.50000000000024203e-01 2.49999999999953593e-01 0.00000000000000000e+00 2 2.63481016961339964e+00
0 0 0 7 7.50000000000024203e-01 2.49999999999953593e-01 0.00000000000000000e+00 3 5.10631189803310725e+00
0 0 0 7 7.50000000000024203e-01 2.49999999999953593e-01 0.00000000000000000e+00 4 9.31446521881755274e+00
0 0 0 7 7.50000000000024203e-01 2.49999999999953593e-01 0.00000000000000000e+00 5 1.15339182333741466e+01
0 0 0 7 7.50000000000024203e-01 2.49999999999953593e-01 0.00000000000000000e+00 6 1.17936320762269755e+01
0 0 0 7 7.50000000000024203e-01 2.49999999999953593e-01 0.00000000000000000e+00 7 1.34999812379510544e+01
0 0 0 7 7.50000000000024203e-01 2.49999999999953593e-01 0.00000000000000000e+00 8 1.38959001860464486e+01
0 0 0 7 7.50000000000024203e-01 2.49999999999953593e-01 0.00000000000000000e+00 9 1.68432294336173527e+01
0 0 0 7 7.50000000000024203e-01 2.49999999999953593e-01 0.00000000000000000e+00 10 2.06946810568215369e+01
0 0 0 7 7.50000000000024203e-01 2.49999999999953593e-01 0.00000000000000000e+00 11 2.38403022107182814e+01
0 0 0 7 7.50000000000024203e-01 2.49999999999953593e-01 0.00000000000000000e+00 12 2.44987015119193146e+01
0 0 0 7 7.50000000000024203e-01 2.49999999999953593e-01 0.00000000000000000e+00 13 2.46800115643747056e+01
0 0 0 7 7.50000000000024203e-01 2.49999999999953593e-01 0.00000000000000000e+00 14 2.70695029269523850e+01
0 0 0 7 7.50000000000024203e-01 2.49999999999953593e-01 0.00000000000000000e+00 15 2.78549641062830098e+01
0 0 0 7 7.50000000000024203e-01 2.49999999999953593e-01 0.00000000000000000e+00 16 2.88872227542143776e+01
0 0 0 7 7.50000000000024203e-01 2.49999999999953593e-01 0.00000000000000000e+00 17 3.04843827400971072e+01
0 0 0 7 7.50000000000024203e-01 2.49999999999953593e-01 0.00000000000000000e+00 18 3.43518934060827732e+01
0 0 0 7 7.50000000000024203e-01 2.49999999999953593e-01 0.00000000000000000e+00 19 3.94879822757698165e+01
0 0 0 7 7.50000000000024203e-01 2.49999999999953593e-01 0.00000000000000000e+00 20 4.71775968599763473e+01
0 0 0 7 7.50000000000024203e-01 2.49999999999953593e-01 0.00000000000000000e+00 21 5.52283881451045531e+01
0 0 0 7 7.50000000000024203e-01 2.49999999999953593e-01 0.00000000000000000e+00 22 8.56233368278700055e+01
0 0 0 7 7.50000000000024203e-01 2.49999999999953593e-01 0.00000000000000000e+00 23 9.58635499918079859e+01
0 0 0 7 7.50000000000024203e-01 2.49999999999953593e-01 0.00000000000000000e+00 24 1.14131336134513404e+02
0 0 0 7 7.50000000000024203e-01 2.49999999999953593e-01 0.00000000000000000e+00 25 1.39318863909777491e+02
0 0 0 8 0.00000000000000000e+00 5.00000000000070610e-01 0.00000000000000000e+00 0 -3.24596580198793605e+00
0 0 0 8 0.00000000000000000e+00 5.00000000000070610e-01 0.00000000000000000e+00 1 -6.04418885752091017e-01
0 0 0 8 0.00000000000000000e+00 5.00000000000070610e-01 0.00000000000000000e+00 2 5.24067752011174104e+00
0 0 0 8 0.00000000000000000e+00 5.00000000000070610e-01 0.00000000000000000e+00 3 5.24067752011176768e+00
0 0 0 8 0.00000000000000000e+00 5.00000000000070610e-01 0.00000000000000000e+00 4 8.10635145303603011e+00
0 0 0 8 0.00000000000000000e+00 5.00000000000070610e-01 0.00000000000000000e+00 5 1.01723325320598832e+01
0 0 0 8 0.00000000000000000e+00 5.00000000000070610e-01 0.00000000000000000e+00 6 1.01723325320599649e+01
0 0 0 8 0.00000000000000000e+00 5.00000000000070610e-01 0.00000000000000000e+00 7 1.75471393083261056e+01
0 0 0 8 0.00000000000000000e+00 5.00000000000070610e-01 0.00000000000000000e+00 8 1.80041084701005758e+01
0 0 0 8 0.00000000000000000e+00 5.00000000000070610e-01 0.00000000000000000e+00 9 1.80041084701006042e+01
0 0 0 8 0.00000000000000000e+00 5.00000000000070610e-01 0.00000000000000000e+00 10 1.83579416029927032e+01
0 0 0 8 0.00000000000000000e+00 5.00000000000070610e-01 0.00000000000000000e+00 11 1.97306204018278493e+01
0 0 0 8 0.00000000000000000e+00 5.00000000000070610e-01 0.00000000000000000e+00 12 1.97306204018279061e+01
0 0 0 8 0.00000000000000000e+00 5.00000000000070610e-01 0.00000000000000000e+00 13 2.65327225509090709e+01
0 0 0 8 0.00000000000000000e+00 5.00000000000070610e-01 0.00000000000000000e+00 14 2.84591910703912276e+01
0 0 0 8 0.00000000000000000e+00 5.00000000000070610e-01 0.00000000000000000e+00 15 2.96489496347264598e+01
0 0 0 8 0.00000000000000000e+00 5.00000000000070610e-01 0.00000000000000000e+00 16 2.96489496347264847e+01
0 0 0 8 0.00000000000000000e+00 5.00000000000070610e-01 0.00000000000000000e+00 17 3.36128535729161086e+01
0 0 0 8 0.00000000000000000e+00 5.00000000000070610e-01 0.00000000000000000e+00 18 3.36128535729161300e+01
0 0 0 8 0.00000000000000000e+00 5.00000000000070610e-01 0.00000000000000000e+00 19 3.64309474830754212e+01
0 0 0 8 0.00000000000000000e+00 5.00000000000070610e-01 0.00000000000000000e+00 20 6.21815263312234592e+01
0 0 0 8 0.00000000000000000e+00 5.00000000000070610e-01 0.00000000000000000e+00 21 6.21815263312258537e+01
0 0 0 8 0.00000000000000000e+00 5.00000000000070610e-01 0.00000000000000000e+00 22 7.32589956292644899e+01
0 0 0 8 0.00000000000000000e+00 5.00000000000070610e-01 0.00000000000000000e+00 23 7.32589956292664937e+01
0 0 0 8 0.00000000000000000e+00 5.00000000000070610e-01 0.00000000000000000e+00 24 1.06593772898444811e+02
0 0 0 8 0.00000000000000000e+00 5.00000000000070610e-01 0.00000000000000000e+00 25 1.45626421941844910e+02
0 0 0 9 2.49999999999953648e-01 4.99999999999988953e-01 0.00000000000000000e+00 0 -2.86108298751099399e+00
0 0 0 9 2.49999999999953648e-01 4.99999999999988953e-01 0.00000000000000000e+00 1 -2.79955835253895566e-03
0 0 0 9 2.49999999999953648e-01 4.99999999999988953e-01 0.00000000000000000e+00 2 2.85933300988994787e+00
0 0 0 9 2.49999999999953648e-01 4.99999999999988953e-01 0.00000000000000000e+00 3 4.23356880700233074e+00
0 0 0 9 2.49999999999953648e-01 4.99999999999988953e-01 0.00000000000000000e+00 4 8.36364216523247705e+00
0 0 0 9 2.49999999999953648e-01 4.99999999999988953e-01 0.00000000000000000e+00 5 1.14632162321868645e+01
0 0 0 9 2.49999999999953648e-01 4.99999999999988953e-01 0.00000000000000000e+00 6 1.25468587478207247e+01
0 0 0 9 2.49999999999953648e-01 4.99999999999988953e-01 0.00000000000000000e+00 7 1.28108031340239279e+01
0 0 0 9 2.49999999999953648e-01 4.99999999999988953e-01 0.00000000000000000e+00 8 1.75445330210377826e+01
0 0 0 9 2.49999999999953648e-01 4.99999999999988953e-01 0.00000000000000000e+00 9 1.80492900217465824e+01
0 0 0 9 2.49999999999953648e-01 4.99999999999988953e-01 0.00000000000000000e+00 10 2.01047047207393170e+01
0 0 0 9 2.49999999999953648e-01 4.99999999999988953e-01 0.00000000000000000e+00 11 2.01288468711111896e+01
0 0 0 9 2.49999999999953648e-01 4.99999999999988953e-01 0.00000000000000000e+00 12 2.55320667436288211e+01
0 0 0 9 2.49999999999953648e-01 4.99999999999988953e-01 0.00000000000000000e+00 13 2.59329681914184071e+01
0 0 0 9 2.49999999999953648e-01 4.99999999999988953e-01 0.00000000000000000e+00 14 2.65085959070952590e+01
0 0 0 9 2.49999999999953648e-01 4.99999999999988953e-01 0.00000000000000000e+00 15 2.74187853669978310e+01
0 0 0 9 2.49999999999953648e-01 4.99999999999988953e-01 0.00000000000000000e+00 16 2.92604216723641564e+01
0 0 0 9 2.49999999999953648e-01 4.99999999999988953e-01 0.00000000000000000e+00 17 3.15710443818281483e+01
0 0 0 9 2.49999999999953648e-01 4.99999999999988953e-01 0.00000000000000000e+00 18 3.27736118146601854e+01
0 0 0 9 2.49999999999953648e-01 4.99999999999988953e-01 0.00000000000000000e+00 19 3.76441425110640040e+01
0 0 0 9 2.49999999999953648e-01 4.99999999999988953e-01 0.00000000000000000e+00 20 4.33774346543053539e+01
0 0 0 9 2.49999999999953648e-01 4.99999999999988953e-01 0.00000000000000000e+00 21 4.68552906732927852e+01
0 0 0 9 2.49999999999953648e-01 4.99999999999988953e-01 0.00000000000000000e+00 22 9.32336033724403990e+01
0 0 0 9 2.49999999999953648e-01 4.99999999999988953e-01 0.00000000000000000e+00 23 1.05504226539981772e+02
0 0 0 9 2.49999999999953648e-01 4.99999999999988953e-01 0.00000000000000000e+00 24 1.16121464812234137e+02
0 0 0 9 2.49999999999953648e-01 4.99999999999988953e-01 0.00000000000000000e+00 25 1.36199531300415288e+02
0 0 0 10 4.99999999999988898e-01 4.99999999999988898e-01 0.00000000000000000e+00 0 -1.43299158792956427e+00
0 0 0 10 4.99999999999988898e-01 4.99999999999988898e-01 0.00000000000000000e+00 1 -1.43298966071488909e+00
0 0 0 10 4.99999999999988898e-01 4.99999999999988898e-01 0.00000000000000000e+00 2 3.58371742379165914e+00
0 0 0 10 4.99999999999988898e-01 4.99999999999988898e-01 0.00000000000000000e+00 3 3.58371742379165914e+00
0 0 0 10 4.99999999999988898e-01 4.99999999999988898e-01 0.00000000000000000e+00 4 7.52239651532347953e+00
0 0 0 10 4.99999999999988898e-01 4.99999999999988898e-01 0.00000000000000000e+00 5 7.52240190897765615e+00
0 0 0 10 4.99999999999988898e-01 4.99999999999988898e-01 0.00000000000000000e+00 6 1.68540934583405466e+01
0 0 0 10 4.99999999999988898e-01 4.99999999999988898e-01 0.00000000000000000e+00 7 1.68540934583405750e+01
0 0 0 10 4.99999999999988898e-01 4.99999999999988898e-01 0.00000000000000000e+00 8 1.81121424486640805e+01
0 0 0 10 4.99999999999988898e-01 4.99999999999988898e-01 0.00000000000000000e+00 9 1.81121424486641622e+01
0 0 0 10 4.99999999999988898e-01 4.99999999999988898e-01 0.00000000000000000e+00 10 2.05878224250362827e+01
0 0 0 10 4.99999999999988898e-01 4.99999999999988898e-01 0.00000000000000000e+00 11 2.05878227300969030e+01
0 0 0 10 4.99999999999988898e-01 4.99999999999988898e-01 0.00000000000000000e+00 12 2.10420979604160436e+01
0 0 0 10 4.99999999999988898e-01 4.99999999999988898e-01 0.00000000000000000e+00 13 2.10420989386425497e+01
0 0 0 10 4.99999999999988898e-01 4.99999999999988898e-01 0.00000000000000000e+00 14 2.93787460125578264e+01
0 0 0 10 4.99999999999988898e-01 4.99999999999988898e-01 0.00000000000000000e+00 15 2.93787679773719006e+01
0 0 0 10 4.99999999999988898e-01 4.99999999999988898e-01 0.00000000000000000e+00 16 3.24440847209759866e+01
0 0 0 10 4.99999999999988898e-01 4.99999999999988898e-01 0.00000000000000000e+00 17 3.24440847209760932e+01
0 0 0 10 4.99999999999988898e-01 4.99999999999988898e-01 0.00000000000000000e+00 18 3.42725379543572188e+01
0 0 0 10 4.99999999999988898e-01 4.99999999999988898e-01 0.00000000000000000e+00 19 3.42725593944825917e+01
0 0 0 10 4.99999999999988898e-01 4.99999999999988898e-01 0.00000000000000000e+00 20 3.75019907734039037e+01
0 0 0 10 4.99999999999988898e-01 4.99999999999988898e-01 0.00000000000000000e+00 21 3.75019907734039890e+01
0 0 0 10 4.99999999999988898e-01 4.99999999999988898e-01 0.00000000000000000e+00 22 1.12297266016079121e+02
0 0 0 10 4.99999999999988898e-01 4.99999999999988898e-01 0.00000000000000000e+00 23 1.12297266016080599e+02
0 0 0 10 4.99999999999988898e-01 4.99999999999988898e-01 0.00000000000000000e+00 24 1.27998191864275199e+02
0 0 0 10 4.99999999999988898e-01 4.99999999999988898e-01 0.00000000000000000e+00 25 1.27998308398692487e+02
0 0 0 11 7.50000000000024314e-01 4.99999999999989009e-01 0.00000000000000000e+00 0 -2.86108298751099399e+00
0 0 0 11 7.50000000000024314e-01 4.99999999999989009e-01 0.00000000000000000e+00 1 -2.79955835253895566e-03
0 0 0 11 7.50000000000024314e-01 4.99999999999989009e-01 0.00000000000000000e+00 2 2.85933300988994787e+00
0 0 0 11 7.50000000000024314e-01 4.99999999999989009e-01 0.00000000000000000e+00 3 4.23356880700230320e+00
0 0 0 11 7.50000000000024314e-01 4.99999999999989009e-01 0.00000000000000000e+00 4 8.36364216523250548e+00
0 0 0 11 7.50000000000024314e-01 4.99999999999989009e-01 0.00000000000000000e+00 5 1.14632162321868911e+01
0 0 0 11 7.50000000000024314e-01 4.99999999999989009e-01 0.00000000000000000e+00 6 1.25468587478207532e+01
0 0 0 11 7.50000000000024314e-01 4.99999999999989009e-01 0.00000000000000000e+00 7 1.28108031340239013e+01
0 0 0 11 7.50000000000024314e-01 4.99999999999989009e-01 0.00000000000000000e+00 8 1.75445330210377826e+01
0 0 0 11 7.50000000000024314e-01 4.99999999999989009e-01 0.00000000000000000e+00 9 1.80492900217465291e+01
0 0 0 11 7.50000000000024314e-01 4.99999999999989009e-01 0.00000000000000000e+00 10 2.01047047207393454e+01
0 0 0 11 7.50000000000024314e-01 4.99999999999989009e-01 0.00000000000000000e+00 11 2.01288468711111896e+01
0 0 0 11 7.50000000000024314e-01 4.99999999999989009e-01 0.00000000000000000e+00 12 2.55320667436288211e+01
0 0 0 11 7.50000000000024314e-01 4.99999999999989009e-01 0.00000000000000000e+00 13 2.59329681914183823e+01
0 0 0 11 7.50000000000024314e-01 4.99999999999989009e-01 0.00000000000000000e+00 14 2.65085959070952057e+01
0 0 0 11 7.50000000000024314e-01 4.99999999999989009e-01 0.00000000000000000e+00 15 2.74187853669978310e+01
0 0 0 11 7.50000000000024314e-01 4.99999999999989009e-01 0.00000000000000000e+00 16 2.92604216723641564e+01
0 0 0 11 7.50000000000024314e-01 4.99999999999989009e-01 0.00000000000000000e+00 17 3.15710443818281163e+01
0 0 0 11 7.50000000000024314e-01 4.99999999999989009e-01 0.00000000000000000e+00 18 3.27736118146601356e+01
0 0 0 11 7.50000000000024314e-01 4.99999999999989009e-01 0.00000000000000000e+00 19 3.76441425110640253e+01
0 0 0 11 7.50000000000024314e-01 4.99999999999989009e-01 0.00000000000000000e+00 20 4.33774346543053255e+01
0 0 0 11 7.50000000000024314e-01 4.99999999999989009e-01 0.00000000000000000e+00 21 4.68552906732928065e+01
0 0 0 11 7.50000000000024314e-01 4.99999999999989009e-01 0.00000000000000000e+00 22 9.32336033724397453e+01
0 0 0 11 7.50000000000024314e-01 4.99999999999989009e-01 0.00000000000000000e+00 23 1.05504226539982497e+02
0 0 0 11 7.50000000000024314e-01 4.99999999999989009e-01 0.00000000000000000e+00 24 1.16121464812233967e+02
0 0 0 11 7.50000000000024314e-01 4.99999999999989009e-01 0.00000000000000000e+00 25 1.36199531300412275e+02
0 0 0 12 0.00000000000000000e+00 7.49999999999942601e-01 0.00000000000000000e+00 0 -4.77928439869774557e+00
0 0 0 12 0.00000000000000000e+00 7.49999999999942601e-01 0.00000000000000000e+00 1 2.46680605279676168e+00
0 0 0 12 0.00000000000000000e+00 7.49999999999942601e-01 0.00000000000000000e+00 2 5.67615955045470599e+00
0 0 0 12 0.00000000000000000e+00 7.49999999999942601e-01 0.00000000000000000e+00 3 5.67615955045470599e+00
0 0 0 12 0.00000000000000000e+00 7.49999999999942601e-01 0.00000000000000000e+00 4 8.63478008904073846e+00
0 0 0 12 0.00000000000000000e+00 7.49999999999942601e-01 0.00000000000000000e+00 5 1.01791067980607668e+01
0 0 0 12 0.00000000000000000e+00 7.49999999999942601e-01 0.00000000000000000e+00 6 1.01791067980608485e+01
0 0 0 12 0.00000000000000000e+00 7.49999999999942601e-01 0.00000000000000000e+00 7 1.38167819259345066e+01
0 0 0 12 0.00000000000000000e+00 7.49999999999942601e-01 0.00000000000000000e+00 8 1.47511644089769973e+01
0 0 0 12 0.00000000000000000e+00 7.49999999999942601e-01 0.00000000000000000e+00 9 1.47511644089769973e+01
0 0 0 12 0.00000000000000000e+00 7.49999999999942601e-01 0.00000000000000000e+00 10 1.98647145492865604e+01
0 0 0 12 0.00000000000000000e+00 7.49999999999942601e-01 0.00000000000000000e+00 11 2.28825557074830641e+01
0 0 0 12 0.00000000000000000e+00 7.49999999999942601e-01 0.00000000000000000e+00 12 2.32685984980903164e+01
0 0 0 12 0.00000000000000000e+00 7.49999999999942601e-01 0.00000000000000000e+00 13 2.32685984980903449e+01
0 0 0 12 0.00000000000000000e+00 7.49999999999942601e-01 0.00000000000000000e+00 14 2.95249480917060865e+01
0 0 0 12 0.00000000000000000e+00 7.49999999999942601e-01 0.00000000000000000e+00 15 2.95249480917061149e+01
0 0 0 12 0.00000000000000000e+00 7.49999999999942601e-01 0.00000000000000000e+00 16 3.14747523700926415e+01
0 0 0 12 0.00000000000000000e+00 7.49999999999942601e-01 0.00000000000000000e+00 17 3.39472997493825446e+01
0 0 0 12 0.00000000000000000e+00 7.49999999999942601e-01 0.00000000000000000e+00 18 3.39472997493825659e+01
0 0 0 12 0.00000000000000000e+00 7.49999999999942601e-01 0.00000000000000000e+00 19 4.32507293026726174e+01
0 0 0 12 0.00000000000000000e+00 7.49999999999942601e-01 0.00000000000000000e+00 20 6.13761034511607875e+01
0 0 0 12 0.00000000000000000e+00 7.49999999999942601e-01 0.00000000000000000e+00 21 6.13761034511638641e+01
0 0 0 12 0.00000000000000000e+00 7.49999999999942601e-01 0.00000000000000000e+00 22 9.84576719779496017e+01
0 0 0 12 0.00000000000000000e+00 7.49999999999942601e-01 0.00000000000000000e+00 23 9.84576719779561245e+01
0 0 0 12 0.00000000000000000e+00 7.49999999999942601e-01 0.00000000000000000e+00 24 1.04798743835715044e+02
0 0 0 12 0.00000000000000000e+00 7.49999999999942601e-01 0.00000000000000000e+00 25 1.54047557201720991e+02
0 0 0 13 2.49999999999953593e-01 7.50000000000024203e-01 0.00000000000000000e+00 0 -3.53849822179903395e+00
0 0 0 13 2.49999999999953593e-01 7.50000000000024203e-01 0.00000000000000000e+00 1 9.06912416253483622e-01
0 0 0 13 2.49999999999953593e-01 7.50000000000024203e-01 0.00000000000000000e+00 2 2.63481016961337255e+00
0 0 0 13 2.49999999999953593e-01 7.50000000000024203e-01 0.00000000000000000e+00 3 5.10631189803310725e+00
0 0 0 13 2.49999999999953593e-01 7.50000000000024203e-01 0.00000000000000000e+00 4 9.31446521881757938e+00
0 0 0 13 2.49999999999953593e-01 7.50000000000024203e-01 0.00000000000000000e+00 5 1.15339182333741750e+01
0 0 0 13 2.49999999999953593e-01 7.50000000000024203e-01 0.00000000000000000e+00 6 1.17936320762269755e+01
0 0 0 13 2.49999999999953593e-01 7.50000000000024203e-01 0.00000000000000000e+00 7 1.34999812379510544e+01
0 0 0 13 2.49999999999953593e-01 7.50000000000024203e-01 0.00000000000000000e+00 8 1.38959001860464486e+01
0 0 0 13 2.49999999999953593e-01 7.50000000000024203e-01 0.00000000000000000e+00 9 1.68432294336173527e+01
0 0 0 13 2.49999999999953593e-01 7.50000000000024203e-01 0.00000000000000000e+00 10 2.06946810568215369e+01
0 0 0 13 2.49999999999953593e-01 7.50000000000024203e-01 0.00000000000000000e+00 11 2.38403022107182814e+01
0 0 0 13 2.49999999999953593e-01 7.50000000000024203e-01 0.00000000000000000e+00 12 2.44987015119193146e+01
0 0 0 13 2.49999999999953593e-01 7.50000000000024203e-01 0.00000000000000000e+00 13 2.46800115643747056e+01
0 0 0 13 2.49999999999953593e-01 7.50000000000024203e-01 0.00000000000000000e+00 14 2.70695029269524134e+01
0 0 0 13 2.49999999999953593e-01 7.50000000000024203e-01 0.00000000000000000e+00 15 2.78549641062830098e+01
0 0 0 13 2.49999999999953593e-01 7.50000000000024203e-01 0.00000000000000000e+00 16 2.88872227542143776e+01
0 0 0 13 2.49999999999953593e-01 7.50000000000024203e-01 0.00000000000000000e+00 17 3.04843827400971072e+01
0 0 0 13 2.49999999999953593e-01 7.50000000000024203e-01 0.00000000000000000e+00 18 3.43518934060828229e+01
0 0 0 13 2.49999999999953593e-01 7.50000000000024203e-01 0.00000000000000000e+00 19 3.94879822757698449e+01
0 0 0 13 2.49999999999953593e-01 7.50000000000024203e-01 0.00000000000000000e+00 20 4.71775968599763189e+01
0 0 0 13 2.49999999999953593e-01 7.50000000000024203e-01 0.00000000000000000e+00 21 5.52283881451045033e+01
0 0 0 13 2.49999999999953593e-01 7.50000000000024203e-01 0.00000000000000000e+00 22 8.56233368278700340e+01
0 0 0 13 2.49999999999953593e-01 7.50000000000024203e-01 0.00000000000000000e+00 23 9.58635499918086111e+01
0 0 0 13 2.49999999999953593e-01 7.50000000000024203e-01 0.00000000000000000e+00 24 1.14131336134512509e+02
0 0 0 13 2.49999999999953593e-01 7.50000000000024203e-01 0.00000000000000000e+00 25 1.39318863909778031e+02
0 0 0 14 4.99999999999989009e-01 7.50000000000024314e-01 0.00000000000000000e+00 0 -2.86108298751099399e+00
0 0 0 14 4.99999999999989009e-01 7.50000000000024314e-01 0.00000000000000000e+00 1 -2.79955835259337827e-03
0 0 0 14 4.99999999999989009e-01 7.50000000000024314e-01 0.00000000000000000e+00 2 2.85933300988997496e+00
0 0 0 14 4.99999999999989009e-01 7.50000000000024314e-01 0.00000000000000000e+00 3 4.23356880700233074e+00
0 0 0 14 4.99999999999989009e-01 7.50000000000024314e-01 0.00000000000000000e+00 4 8.36364216523242376e+00
0 0 0 14 4.99999999999989009e-01 7.50000000000024314e-01 0.00000000000000000e+00 5 1.14632162321868911e+01
0 0 0 14 4.99999999999989009e-01 7.50000000000024314e-01 0.00000000000000000e+00 6 1.25468587478207247e+01
0 0 0 14 4.99999999999989009e-01 7.50000000000024314e-01 0.00000000000000000e+00 7 1.28108031340239279e+01
0 0 0 14 4.99999999999989009e-01 7.50000000000024314e-01 0.00000000000000000e+00 8 1.75445330210377257e+01
0 0 0 14 4.99999999999989009e-01 7.50000000000024314e-01 0.00000000000000000e+00 9 1.80492900217465291e+01
0 0 0 14 4.99999999999989009e-01 7.50000000000024314e-01 0.00000000000000000e+00 10 2.01047047207393987e+01
0 0 0 14 4.99999999999989009e-01 7.50000000000024314e-01 0.00000000000000000e+00 11 2.01288468711111896e+01
0 0 0 14 4.99999999999989009e-01 7.50000000000024314e-01 0.00000000000000000e+00 12 2.55320667436287678e+01
0 0 0 14 4.99999999999989009e-01 7.50000000000024314e-01 0.00000000000000000e+00 13 2.59329681914183823e+01
0 0 0 14 4.99999999999989009e-01 7.50000000000024314e-01 0.00000000000000000e+00 14 2.65085959070952057e+01
0 0 0 14 4.99999999999989009e-01 7.50000000000024314e-01 0.00000000000000000e+00 15 2.74187853669978026e+01
0 0 0 14 4.99999999999989009e-01 7.50000000000024314e-01 0.00000000000000000e+00 16 2.92604216723641564e+01
0 0 0 14 4.99999999999989009e-01 7.50000000000024314e-01 0.00000000000000000e+00 17 3.15710443818281483e+01
0 0 0 14 4.99999999999989009e-01 7.50000000000024314e-01 0.00000000000000000e+00 18 3.27736118146601569e+01
0 0 0 14 4.99999999999989009e-01 7.50000000000024314e-01 0.00000000000000000e+00 19 3.76441425110640040e+01
0 0 0 14 4.99999999999989009e-01 7.50000000000024314e-01 0.00000000000000000e+00 20 4.33774346543053539e+01
0 0 0 14 4.99999999999989009e-01 7.50000000000024314e-01 0.00000000000000000e+00 21 4.68552906732925933e+01
0 0 0 14 4.99999999999989009e-01 7.50000000000024314e-01 0.00000000000000000e+00 22 9.32336033724420474e+01
0 0 0 14 4.99999999999989009e-01 7.50000000000024314e-01 0.00000000000000000e+00 23 1.05504226539984359e+02
0 0 0 14 4.99999999999989009e-01 7.50000000000024314e-01 0.00000000000000000e+00 24 1.16121464812228723e+02
0 0 0 14 4.99999999999989009e-01 7.50000000000024314e-01 0.00000000000000000e+00 25 1.36199531300411451e+02
0 0 0 15 7.50000000000024203e-01 7.50000000000024203e-01 0.00000000000000000e+00 0 -4.49597478733595679e+00
0 0 0 15 7.50000000000024203e-01 7.50000000000024203e-01 0.00000000000000000e+00 1 2.87514926603858667e+00
0 0 0 15 7.50000000000024203e-01 7.50000000000024203e-01 0.00000000000000000e+00 2 4.54671193862818335e+00
0 0 0 15 7.50000000000024203e-01 7.50000000000024203e-01 0.00000000000000000e+00 3 4.54671193862823753e+00
0 0 0 15 7.50000000000024203e-01 7.50000000000024203e-01 0.00000000000000000e+00 4 7.79317461735666761e+00
0 0 0 15 7.50000000000024203e-01 7.50000000000024203e-01 0.00000000000000000e+00 5 1.04990338686111624e+01
0 0 0 15 7.50000000000024203e-01 7.50000000000024203e-01 0.00000000000000000e+00 6 1.23759252518943335e+01
0 0 0 15 7.50000000000024203e-01 7.50000000000024203e-01 0.00000000000000000e+00 7 1.23759252518943335e+01
0 0 0 15 7.50000000000024203e-01 7.50000000000024203e-01 0.00000000000000000e+00 8 1.53167335444534807e+01
0 0 0 15 7.50000000000024203e-01 7.50000000000024203e-01 0.00000000000000000e+00 9 1.63769258183246258e+01
0 0 0 15 7.50000000000024203e-01 7.50000000000024203e-01 0.00000000000000000e+00 10 2.11487617275334081e+01
0 0 0 15 7.50000000000024203e-01 7.50000000000024203e-01 0.00000000000000000e+00 11 2.19283964050910569e+01
0 0 0 15 7.50000000000024203e-01 7.50000000000024203e-01 0.00000000000000000e+00 12 2.19283964050911919e+01
0 0 0 15 7.50000000000024203e-01 7.50000000000024203e-01 0.00000000000000000e+00 13 2.58696378526805724e+01
0 0 0 15 7.50000000000024203e-01 7.50000000000024203e-01 0.00000000000000000e+00 14 2.78495385330309659e+01
0 0 0 15 7.50000000000024203e-01 7.50000000000024203e-01 0.00000000000000000e+00 15 2.93335133569815198e+01
0 0 0 15 7.50000000000024203e-01 7.50000000000024203e-01 0.00000000000000000e+00 16 3.17429024718693782e+01
0 0 0 15 7.50000000000024203e-01 7.50000000000024203e-01 0.00000000000000000e+00 17 3.17429024718695700e+01
0 0 0 15 7.50000000000024203e-01 7.50000000000024203e-01 0.00000000000000000e+00 18 3.44916883167835806e+01
0 0 0 15 7.50000000000024203e-01 7.50000000000024203e-01 0.00000000000000000e+00 19 4.50678226240389677e+01
0 0 0 15 7.50000000000024203e-01 7.50000000000024203e-01 0.00000000000000000e+00 20 4.50678226240392377e+01
0 0 0 15 7.50000000000024203e-01 7.50000000000024203e-01 0.00000000000000000e+00 21 5.88951776016285962e+01
0 0 0 15 7.50000000000024203e-01 7.50000000000024203e-01 0.00000000000000000e+00 22 7.89218830742336479e+01
0 0 0 15 7.50000000000024203e-01 7.50000000000024203e-01 0.00000000000000000e+00 23 1.12218916471531486e+02
0 0 0 15 7.50000000000024203e-01 7.50000000000024203e-01 0.00000000000000000e+00 24 1.36814293399770463e+02
0 0 0 15 7.50000000000024203e-01 7.50000000000024203e-01 0.00000000000000000e+00 25 1.36814293399779359e+02
0 0 0 16 0.00000000000000000e+00 0.00000000000000000e+00 2.50000000000035305e-01 0 -4.77928439869771804e+00
0 0 0 16 0.00000000000000000e+00 0.00000000000000000e+00 2.50000000000035305e-01 1 2.46680605279681631e+00
0 0 0 16 0.00000000000000000e+00 0.00000000000000000e+00 2.50000000000035305e-01 2 5.67615955045465181e+00
0 0 0 16 0.00000000000000000e+00 0.00000000000000000e+00 2.50000000000035305e-01 3 5.67615955045473264e+00
0 0 0 16 0.00000000000000000e+00 0.00000000000000000e+00 2.50000000000035305e-01 4 8.63478008904084859e+00
0 0 0 16 0.00000000000000000e+00 0.00000000000000000e+00 2.50000000000035305e-01 5 1.01791067980607934e+01
0 0 0 16 0.00000000000000000e+00 0.00000000000000000e+00 2.50000000000035305e-01 6 1.01791067980608219e+01
0 0 0 16 0.00000000000000000e+00 0.00000000000000000e+00 2.50000000000035305e-01 7 1.38167819259346150e+01
0 0 0 16 0.00000000000000000e+00 0.00000000000000000e+00 2.50000000000035305e-01 8 1.47511644089769973e+01
0 0 0 16 0.00000000000000000e+00 0.00000000000000000e+00 2.50000000000035305e-01 9 1.47511644089769973e+01
0 0 0 16 0.00000000000000000e+00 0.00000000000000000e+00 2.50000000000035305e-01 10 1.98647145492865889e+01
0 0 0 16 0.00000000000000000e+00 0.00000000000000000e+00 2.50000000000035305e-01 11 2.28825557074830108e+01
0 0 0 16 0.00000000000000000e+00 0.00000000000000000e+00 2.50000000000035305e-01 12 2.32685984980903164e+01
0 0 0 16 0.00000000000000000e+00 0.00000000000000000e+00 2.50000000000035305e-01 13 2.32685984980903449e+01
0 0 0 16 0.00000000000000000e+00 0.00000000000000000e+00 2.50000000000035305e-01 14 2.95249480917060865e+01
0 0 0 16 0.00000000000000000e+00 0.00000000000000000e+00 2.50000000000035305e-01 15 2.95249480917060865e+01
0 0 0 16 0.00000000000000000e+00 0.00000000000000000e+00 2.50000000000035305e-01 16 3.14747523700925846e+01
0 0 0 16 0.00000000000000000e+00 0.00000000000000000e+00 2.50000000000035305e-01 17 3.39472997493825446e+01
0 0 0 16 0.00000000000000000e+00 0.00000000000000000e+00 2.50000000000035305e-01 18 3.39472997493825446e+01
0 0 0 16 0.00000000000000000e+00 0.00000000000000000e+00 2.50000000000035305e-01 19 4.32507293026725108e+01
0 0 0 16 0.00000000000000000e+00 0.00000000000000000e+00 2.50000000000035305e-01 20 6.13761034511613914e+01
0 0 0 16 0.00000000000000000e+00 0.00000000000000000e+00 2.50000000000035305e-01 21 6.13761034511639423e+01
0 0 0 16 0.00000000000000000e+00 0.00000000000000000e+00 2.50000000000035305e-01 22 9.84576719779509801e+01
0 0 0 16 0.00000000000000000e+00 0.00000000000000000e+00 2.50000000000035305e-01 23 9.84576719779557408e+01
0 0 0 16 0.00000000000000000e+00 0.00000000000000000e+00 2.50000000000035305e-01 24 1.04798743835719677e+02
0 0 0 16 0.00000000000000000e+00 0.00000000000000000e+00 2.50000000000035305e-01 25 1.54047557201721986e+02
0 0 0 17 2.50000000000035305e-01 0.00000000000000000e+00 2.50000000000035305e-01 0 -4.49597478733595679e+00
0 0 0 17 2.50000000000035305e-01 0.00000000000000000e+00 2.50000000000035305e-01 1 2.87514926603853205e+00
0 0 0 17 2.50000000000035305e-01 0.00000000000000000e+00 2.50000000000035305e-01 2 4.54671193862826506e+00
0 0 0 17 2.50000000000035305e-01 0.00000000000000000e+00 2.50000000000035305e-01 3 4.54671193862829170e+00
0 0 0 17 2.50000000000035305e-01 0.00000000000000000e+00 2.50000000000035305e-01 4 7.79317461735664097e+00
0 0 0 17 2.50000000000035305e-01 0.00000000000000000e+00 2.50000000000035305e-01 5 1.04990338686111340e+01
0 0 0 17 2.50000000000035305e-01 0.00000000000000000e+00 2.50000000000035305e-01 6 1.23759252518943335e+01
0 0 0 17 2.50000000000035305e-01 0.00000000000000000e+00 2.50000000000035305e-01 7 1.23759252518943601e+01
0 0 0 17 2.50000000000035305e-01 0.00000000000000000e+00 2.50000000000035305e-01 8 1.53167335444535091e+01
0 0 0 17 2.50000000000035305e-01 0.00000000000000000e+00 2.50000000000035305e-01 9 1.63769258183246542e+01
0 0 0 17 2.50000000000035305e-01 0.00000000000000000e+00 2.50000000000035305e-01 10 2.11487617275332695e+01
0 0 0 17 2.50000000000035305e-01 0.00000000000000000e+00 2.50000000000035305e-01 11 2.19283964050911386e+01
0 0 0 17 2.50000000000035305e-01 0.00000000000000000e+00 2.50000000000035305e-01 12 2.19283964050912203e+01
0 0 0 17 2.50000000000035305e-01 0.00000000000000000e+00 2.50000000000035305e-01 13 2.58696378526804907e+01
0 0 0 17 2.50000000000035305e-01 0.00000000000000000e+00 2.50000000000035305e-01 14 2.78495385330309908e+01
0 0 0 17 2.50000000000035305e-01 0.00000000000000000e+00 2.50000000000035305e-01 15 2.93335133569814666e+01
0 0 0 17 2.50000000000035305e-01 0.00000000000000000e+00 2.50000000000035305e-01 16 3.17429024718695416e+01
0 0 0 17 2.50000000000035305e-01 0.00000000000000000e+00 2.50000000000035305e-01 17 3.17429024718695416e+01
0 0 0 17 2.50000000000035305e-01 0.00000000000000000e+00 2.50000000000035305e-01 18 3.44916883167834385e+01
0 0 0 17 2.50000000000035305e-01 0.00000000000000000e+00 2.50000000000035305e-01 19 4.50678226240394011e+01
0 0 0 17 2.50000000000035305e-01 0.00000000000000000e+00 2.50000000000035305e-01 20 4.50678226240399979e+01
0 0 0 17 2.50000000000035305e-01 0.00000000000000000e+00 2.50000000000035305e-01 21 5.88951776016262372e+01
0 0 0 17 2.50000000000035305e-01 0.00000000000000000e+00 2.50000000000035305e-01 22 7.89218830742312036e+01
0 0 0 17 2.50000000000035305e-01 0.00000000000000000e+00 2.50000000000035305e-01 23 1.12218916471532069e+02
0 0 0 17 2.50000000000035305e-01 0.00000000000000000e+00 2.50000000000035305e-01 24 1.36814293399773646e+02
0 0 0 17 2.50000000000035305e-01 0.00000000000000000e+00 2.50000000000035305e-01 25 1.36814293399783423e+02
0 0 0 18 4.99999999999988953e-01 0.00000000000000000e+00 2.49999999999953648e-01 0 -2.86108298751099399e+00
0 0 0 18 4.99999999999988953e-01 0.00000000000000000e+00 2.49999999999953648e-01 1 -2.79955835256616697e-03
0 0 0 18 4.99999999999988953e-01 0.00000000000000000e+00 2.49999999999953648e-01 2 2.85933300988994787e+00
0 0 0 18 4.99999999999988953e-01 0.00000000000000000e+00 2.49999999999953648e-01 3 4.23356880700235738e+00
0 0 0 18 4.99999999999988953e-01 0.00000000000000000e+00 2.49999999999953648e-01 4 8.36364216523247705e+00
0 0 0 18 4.99999999999988953e-01 0.00000000000000000e+00 2.49999999999953648e-01 5 1.14632162321868911e+01
0 0 0 18 4.99999999999988953e-01 0.00000000000000000e+00 2.49999999999953648e-01 6 1.25468587478207247e+01
0 0 0 18 4.99999999999988953e-01 0.00000000000000000e+00 2.49999999999953648e-01 7 1.28108031340239545e+01
0 0 0 18 4.99999999999988953e-01 0.00000000000000000e+00 2.49999999999953648e-01 8 1.75445330210377826e+01
0 0 0 18 4.99999999999988953e-01 0.00000000000000000e+00 2.49999999999953648e-01 9 1.80492900217465539e+01
0 0 0 18 4.99999999999988953e-01 0.00000000000000000e+00 2.49999999999953648e-01 10 2.01047047207393739e+01
0 0 0 18 4.99999999999988953e-01 0.00000000000000000e+00 2.49999999999953648e-01 11 2.01288468711112145e+01
0 0 0 18 4.99999999999988953e-01 0.00000000000000000e+00 2.49999999999953648e-01 12 2.55320667436287394e+01
0 0 0 18 4.99999999999988953e-01 0.00000000000000000e+00 2.49999999999953648e-01 13 2.59329681914183823e+01
0 0 0 18 4.99999999999988953e-01 0.00000000000000000e+00 2.49999999999953648e-01 14 2.65085959070952590e+01
0 0 0 18 4.99999999999988953e-01 0.00000000000000000e+00 2.49999999999953648e-01 15 2.74187853669978026e+01
0 0 0 18 4.99999999999988953e-01 0.00000000000000000e+00 2.49999999999953648e-01 16 2.92604216723641279e+01
0 0 0 18 4.99999999999988953e-01 0.00000000000000000e+00 2.49999999999953648e-01 17 3.15710443818281483e+01
0 0 0 18 4.99999999999988953e-01 0.00000000000000000e+00 2.49999999999953648e-01 18 3.27736118146602635e+01
0 0 0 18 4.99999999999988953e-01 0.00000000000000000e+00 2.49999999999953648e-01 19 3.76441425110639685e+01
0 0 0 18 4.99999999999988953e-01 0.00000000000000000e+00 2.49999999999953648e-01 20 4.33774346543056737e+01
0 0 0 18 4.99999999999988953e-01 0.00000000000000000e+00 2.49999999999953648e-01 21 4.68552906732921031e+01
0 0 0 18 4.99999999999988953e-01 0.00000000000000000e+00 2.49999999999953648e-01 22 9.32336033724402853e+01
0 0 0 18 4.99999999999988953e-01 0.00000000000000000e+00 2.49999999999953648e-01 23 1.05504226539984089e+02
0 0 0 18 4.99999999999988953e-01 0.00000000000000000e+00 2.49999999999953648e-01 24 1.16121464812231068e+02
0 0 0 18 4.99999999999988953e-01 0.00000000000000000e+00 2.49999999999953648e-01 25 1.36199531300423700e+02
0 0 0 19 7.50000000000024203e-01 0.00000000000000000e+00 2.49999999999953593e-01 0 -3.53849822179903395e+00
0 0 0 19 7.50000000000024203e-01 0.00000000000000000e+00 2.49999999999953593e-01 1 9.06912416253456422e-01
0 0 0 19 7.50000000000024203e-01 0.00000000000000000e+00 2.49999999999953593e-01 2 2.63481016961339964e+00
0 0 0 19 7.50000000000024203e-01 0.00000000000000000e+00 2.49999999999953593e-01 3 5.10631189803313479e+00
0 0 0 19 7.50000000000024203e-01 0.00000000000000000e+00 2.49999999999953593e-01 4 9.31446521881757938e+00
0 0 0 19 7.50000000000024203e-01 0.00000000000000000e+00 2.49999999999953593e-01 5 1.15339182333741750e+01
0 0 0 19 7.50000000000024203e-01 0.00000000000000000e+00 2.49999999999953593e-01 6 1.17936320762269471e+01
0 0 0 19 7.50000000000024203e-01 0.00000000000000000e+00 2.49999999999953593e-01 7 1.34999812379511344e+01
0 0 0 19 7.50000000000024203e-01 0.00000000000000000e+00 2.49999999999953593e-01 8 1.38959001860464753e+01
0 0 0 19 7.50000000000024203e-01 0.00000000000000000e+00 2.49999999999953593e-01 9 1.68432294336173527e+01
0 0 0 19 7.50000000000024203e-01 0.00000000000000000e+00 2.49999999999953593e-01 10 2.06946810568215369e+01
0 0 0 19 7.50000000000024203e-01 0.00000000000000000e+00 2.49999999999953593e-01 11 2.38403022107183062e+01
0 0 0 19 7.50000000000024203e-01 0.00000000000000000e+00 2.49999999999953593e-01 12 2.44987015119193430e+01
0 0 0 19 7.50000000000024203e-01 0.00000000000000000e+00 2.49999999999953593e-01 13 2.46800115643747588e+01
0 0 0 19 7.50000000000024203e-01 0.00000000000000000e+00 2.49999999999953593e-01 14 2.70695029269523850e+01
0 0 0 19 7.50000000000024203e-01 0.00000000000000000e+00 2.49999999999953593e-01 15 2.78549641062827895e+01
0 0 0 19 7.50000000000024203e-01 0.00000000000000000e+00 2.49999999999953593e-01 16 2.88872227542143243e+01
0 0 0 19 7.50000000000024203e-01 0.00000000000000000e+00 2.49999999999953593e-01 17 3.04843827400970859e+01
0 0 0 19 7.50000000000024203e-01 0.00000000000000000e+00 2.49999999999953593e-01 18 3.43518934060828229e+01
0 0 0 19 7.50000000000024203e-01 0.00000000000000000e+00 2.49999999999953593e-01 19 3.94879822757695180e+01
0 0 0 19 7.50000000000024203e-01 0.00000000000000000e+00 2.49999999999953593e-01 20 4.71775968599757718e+01
0 0 0 19 7.50000000000024203e-01 0.00000000000000000e+00 2.49999999999953593e-01 21 5.52283881451061589e+01
0 0 0 19 7.50000000000024203e-01 0.00000000000000000e+00 2.49999999999953593e-01 22 8.56233368278733735e+01
0 0 0 19 7.50000000000024203e-01 0.00000000000000000e+00 2.49999999999953593e-01 23 9.58635499918123912e+01
0 0 0 19 7.50000000000024203e-01 0.00000000000000000e+00 2.49999999999953593e-01 24 1.14131336134511002e+02
0 0 0 19 7.50000000000024203e-01 0.00000000000000000e+00 2.49999999999953593e-01 25 1.39318863909782550e+02
0 0 0 20 0.00000000000000000e+00 2.50000000000035305e-01 2.50000000000035305e-01 0 -4.49597478733595679e+00
0 0 0 20 0.00000000000000000e+00 2.50000000000035305e-01 2.50000000000035305e-01 1 2.87514926603858667e+00
0 0 0 20 0.00000000000000000e+00 2.50000000000035305e-01 2.50000000000035305e-01 2 4.54671193862821088e+00
0 0 0 20 0.00000000000000000e+00 2.50000000000035305e-01 2.50000000000035305e-01 3 4.54671193862821088e+00
0 0 0 20 0.00000000000000000e+00 2.50000000000035305e-01 2.50000000000035305e-01 4 7.79317461735664097e+00
0 0 0 20 0.00000000000000000e+00 2.50000000000035305e-01 2.50000000000035305e-01 5 1.04990338686110807e+01
0 0 0 20 0.00000000000000000e+00 2.50000000000035305e-01 2.50000000000035305e-01 6 1.23759252518942784e+01
0 0 0 20 0.00000000000000000e+00 2.50000000000035305e-01 2.50000000000035305e-01 7 1.23759252518943335e+01
0 0 0 20 0.00000000000000000e+00 2.50000000000035305e-01 2.50000000000035305e-01 8 1.53167335444535091e+01
0 0 0 20 0.00000000000000000e+00 2.50000000000035305e-01 2.50000000000035305e-01 9 1.63769258183246542e+01
0 0 0 20 0.00000000000000000e+00 2.50000000000035305e-01 2.50000000000035305e-01 10 2.11487617275333797e+01
0 0 0 20 0.00000000000000000e+00 2.50000000000035305e-01 2.50000000000035305e-01 11 2.19283964050910853e+01
0 0 0 20 0.00000000000000000e+00 2.50000000000035305e-01 2.50000000000035305e-01 12 2.19283964050911386e+01
0 0 0 20 0.00000000000000000e+00 2.50000000000035305e-01 2.50000000000035305e-01 13 2.58696378526806257e+01
0 0 0 20 0.00000000000000000e+00 2.50000000000035305e-01 2.50000000000035305e-01 14 2.78495385330309908e+01
0 0 0 20 0.00000000000000000e+00 2.50000000000035305e-01 2.50000000000035305e-01 15 2.93335133569814985e+01
0 0 0 20 0.00000000000000000e+00 2.50000000000035305e-01 2.50000000000035305e-01 16 3.17429024718693533e+01
0 0 0 20 0.00000000000000000e+00 2.50000000000035305e-01 2.50000000000035305e-01 17 3.17429024718695167e+01
0 0 0 20 0.00000000000000000e+00 2.50000000000035305e-01 2.50000000000035305e-01 18 3.44916883167836374e+01
0 0 0 20 0.00000000000000000e+00 2.50000000000035305e-01 2.50000000000035305e-01 19 4.50678226240390529e+01
0 0 0 20 0.00000000000000000e+00 2.50000000000035305e-01 2.50000000000035305e-01 20 4.50678226240397279e+01
0 0 0 20 0.00000000000000000e+00 2.50000000000035305e-01 2.50000000000035305e-01 21 5.88951776016272177e+01
0 0 0 20 0.00000000000000000e+00 2.50000000000035305e-01 2.50000000000035305e-01 22 7.89218830742327526e+01
0 0 0 20 0.00000000000000000e+00 2.50000000000035305e-01 2.50000000000035305e-01 23 1.12218916471531585e+02
0 0 0 20 0.00000000000000000e+00 2.50000000000035305e-01 2.50000000000035305e-01 24 1.36814293399771060e+02
0 0 0 20 0.00000000000000000e+00 2.50000000000035305e-01 2.50000000000035305e-01 25 1.36814293399777739e+02
0 0 0 21 2.50000000000035305e-01 2.50000000000035305e-01 2.50000000000035305e-01 0 -4.77928439869771804e+00
0 0 0 21 2.50000000000035305e-01 2.50000000000035305e-01 2.50000000000035305e-01 1 2.46680605279676168e+00
0 0 0 21 2.50000000000035305e-01 2.50000000000035305e-01 2.50000000000035305e-01 2 5.67615955045470599e+00
0 0 0 21 2.50000000000035305e-01 2.50000000000035305e-01 2.50000000000035305e-01 3 5.67615955045470599e+00
0 0 0 21 2.50000000000035305e-01 2.50000000000035305e-01 2.50000000000035305e-01 4 8.63478008904084859e+00
0 0 0 21 2.50000000000035305e-01 2.50000000000035305e-01 2.50000000000035305e-01 5 1.01791067980607668e+01
0 0 0 21 2.50000000000035305e-01 2.50000000000035305e-01 2.50000000000035305e-01 6 1.01791067980607934e+01
0 0 0 21 2.50000000000035305e-01 2.50000000000035305e-01 2.50000000000035305e-01 7 1.38167819259345066e+01
0 0 0 21 2.50000000000035305e-01 2.50000000000035305e-01 2.50000000000035305e-01 8 1.47511644089769973e+01
0 0 0 21 2.50000000000035305e-01 2.50000000000035305e-01 2.50000000000035305e-01 9 1.47511644089770257e+01
0 0 0 21 2.50000000000035305e-01 2.50000000000035305e-01 2.50000000000035305e-01 10 1.98647145492866173e+01
0 0 0 21 2.50000000000035305e-01 2.50000000000035305e-01 2.50000000000035305e-01 11 2.28825557074829824e+01
0 0 0 21 2.50000000000035305e-01 2.50000000000035305e-01 2.50000000000035305e-01 12 2.32685984980903164e+01
0 0 0 21 2.50000000000035305e-01 2.50000000000035305e-01 2.50000000000035305e-01 13 2.32685984980903449e+01
0 0 0 21 2.50000000000035305e-01 2.50000000000035305e-01 2.50000000000035305e-01 14 2.95249480917061149e+01
0 0 0 21 2.50000000000035305e-01 2.50000000000035305e-01 2.50000000000035305e-01 15 2.95249480917061398e+01
0 0 0 21 2.50000000000035305e-01 2.50000000000035305e-01 2.50000000000035305e-01 16 3.14747523700925314e+01
0 0 0 21 2.50000000000035305e-01 2.50000000000035305e-01 2.50000000000035305e-01 17 3.39472997493824877e+01
0 0 0 21 2.50000000000035305e-01 2.50000000000035305e-01 2.50000000000035305e-01 18 3.39472997493826014e+01
0 0 0 21 2.50000000000035305e-01 2.50000000000035305e-01 2.50000000000035305e-01 19 4.32507293026725961e+01
0 0 0 21 2.50000000000035305e-01 2.50000000000035305e-01 2.50000000000035305e-01 20 6.13761034511610859e+01
0 0 0 21 2.50000000000035305e-01 2.50000000000035305e-01 2.50000000000035305e-01 21 6.13761034511637007e+01
0 0 0 21 2.50000000000035305e-01 2.50000000000035305e-01 2.50000000000035305e-01 22 9.84576719779497012e+01
0 0 0 21 2.50000000000035305e-01 2.50000000000035305e-01 2.50000000000035305e-01 23 9.84576719779546039e+01
0 0 0 21 2.50000000000035305e-01 2.50000000000035305e-01 2.50000000000035305e-01 24 1.04798743835718099e+02
0 0 0 21 2.50000000000035305e-01 2.50000000000035305e-01 2.50000000000035305e-01 25 1.54047557201720451e+02
0 0 0 22 5.00000000000070610e-01 2.50000000000035305e-01 2.50000000000035305e-01 0 -3.53849822179903395e+00
0 0 0 22 5.00000000000070610e-01 2.50000000000035305e-01 2.50000000000035305e-01 1 9.06912416253483622e-01
0 0 0 22 5.00000000000070610e-01 2.50000000000035305e-01 2.50000000000035305e-01 2 2.63481016961339964e+00
0 0 0 22 5.00000000000070610e-01 2.50000000000035305e-01 2.50000000000035305e-01 3 5.10631189803310725e+00
0 0 0 22 5.00000000000070610e-01 2.50000000000035305e-01 2.50000000000035305e-01 4 9.31446521881763445e+00
0 0 0 22 5.00000000000070610e-01 2.50000000000035305e-01 2.50000000000035305e-01 5 1.15339182333741750e+01
0 0 0 22 5.00000000000070610e-01 2.50000000000035305e-01 2.50000000000035305e-01 6 1.17936320762269204e+01
0 0 0 22 5.00000000000070610e-01 2.50000000000035305e-01 2.50000000000035305e-01 7 1.34999812379511077e+01
0 0 0 22 5.00000000000070610e-01 2.50000000000035305e-01 2.50000000000035305e-01 8 1.38959001860464753e+01
0 0 0 22 5.00000000000070610e-01 2.50000000000035305e-01 2.50000000000035305e-01 9 1.68432294336173776e+01
0 0 0 22 5.00000000000070610e-01 2.50000000000035305e-01 2.50000000000035305e-01 10 2.06946810568215653e+01
0 0 0 22 5.00000000000070610e-01 2.50000000000035305e-01 2.50000000000035305e-01 11 2.38403022107183062e+01
0 0 0 22 5.00000000000070610e-01 2.50000000000035305e-01 2.50000000000035305e-01 12 2.44987015119193714e+01
0 0 0 22 5.00000000000070610e-01 2.50000000000035305e-01 2.50000000000035305e-01 13 2.46800115643746523e+01
0 0 0 22 5.00000000000070610e-01 2.50000000000035305e-01 2.50000000000035305e-01 14 2.70695029269523566e+01
0 0 0 22 5.00000000000070610e-01 2.50000000000035305e-01 2.50000000000035305e-01 15 2.78549641062829529e+01
0 0 0 22 5.00000000000070610e-01 2.50000000000035305e-01 2.50000000000035305e-01 16 2.88872227542144095e+01
0 0 0 22 5.00000000000070610e-01 2.50000000000035305e-01 2.50000000000035305e-01 17 3.04843827400970540e+01
0 0 0 22 5.00000000000070610e-01 2.50000000000035305e-01 2.50000000000035305e-01 18 3.43518934060827377e+01
0 0 0 22 5.00000000000070610e-01 2.50000000000035305e-01 2.50000000000035305e-01 19 3.94879822757697880e+01
0 0 0 22 5.00000000000070610e-01 2.50000000000035305e-01 2.50000000000035305e-01 20 4.71775968599757221e+01
0 0 0 22 5.00000000000070610e-01 2.50000000000035305e-01 2.50000000000035305e-01 21 5.52283881451054839e+01
0 0 0 22 5.00000000000070610e-01 2.50000000000035305e-01 2.50000000000035305e-01 22 8.56233368278701761e+01
0 0 0 22 5.00000000000070610e-01 2.50000000000035305e-01 2.50000000000035305e-01 23 9.58635499918093359e+01
0 0 0 22 5.00000000000070610e-01 2.50000000000035305e-01 2.50000000000035305e-01 24 1.14131336134501410e+02
0 0 0 22 5.00000000000070610e-01 2.50000000000035305e-01 2.50000000000035305e-01 25 1.39318863909792782e+02
0 0 0 23 7.49999999999942601e-01 2.49999999999953648e-01 2.49999999999953648e-01 0 -2.86108298751099399e+00
0 0 0 23 7.49999999999942601e-01 2.49999999999953648e-01 2.49999999999953648e-01 1 -2.79955835259337827e-03
0 0 0 23 7.49999999999942601e-01 2.49999999999953648e-01 2.49999999999953648e-01 2 2.85933300988992078e+00
0 0 0 23 7.49999999999942601e-01 2.49999999999953648e-01 2.49999999999953648e-01 3 4.23356880700230320e+00
0 0 0 23 7.49999999999942601e-01 2.49999999999953648e-01 2.49999999999953648e-01 4 8.36364216523255877e+00
0 0 0 23 7.49999999999942601e-01 2.49999999999953648e-01 2.49999999999953648e-01 5 1.14632162321868361e+01
0 0 0 23 7.49999999999942601e-01 2.49999999999953648e-01 2.49999999999953648e-01 6 1.25468587478206430e+01
0 0 0 23 7.49999999999942601e-01 2.49999999999953648e-01 2.49999999999953648e-01 7 1.28108031340239279e+01
0 0 0 23 7.49999999999942601e-01 2.49999999999953648e-01 2.49999999999953648e-01 8 1.75445330210378074e+01
0 0 0 23 7.49999999999942601e-01 2.49999999999953648e-01 2.49999999999953648e-01 9 1.80492900217465007e+01
0 0 0 23 7.49999999999942601e-01 2.49999999999953648e-01 2.49999999999953648e-01 10 2.01047047207394272e+01
0 0 0 23 7.49999999999942601e-01 2.49999999999953648e-01 2.49999999999953648e-01 11 2.01288468711111328e+01
0 0 0 23 7.49999999999942601e-01 2.49999999999953648e-01 2.49999999999953648e-01 12 2.55320667436287394e+01
0 0 0 23 7.49999999999942601e-01 2.49999999999953648e-01 2.49999999999953648e-01 13 2.59329681914184640e+01
0 0 0 23 7.49999999999942601e-01 2.49999999999953648e-01 2.49999999999953648e-01 14 2.65085959070952057e+01
0 0 0 23 7.49999999999942601e-01 2.49999999999953648e-01 2.49999999999953648e-01 15 2.74187853669978310e+01
0 0 0 23 7.49999999999942601e-01 2.49999999999953648e-01 2.49999999999953648e-01 16 2.92604216723641812e+01
0 0 0 23 7.49999999999942601e-01 2.49999999999953648e-01 2.49999999999953648e-01 17 3.15710443818282265e+01
0 0 0 23 7.49999999999942601e-01 2.49999999999953648e-01 2.49999999999953648e-01 18 3.27736118146600504e+01
0 0 0 23 7.49999999999942601e-01 2.49999999999953648e-01 2.49999999999953648e-01 19 3.76441425110640822e+01
0 0 0 23 7.49999999999942601e-01 2.49999999999953648e-01 2.49999999999953648e-01 20 4.33774346543056737e+01
0 0 0 23 7.49999999999942601e-01 2.49999999999953648e-01 2.49999999999953648e-01 21 4.68552906732916128e+01
0 0 0 23 7.49999999999942601e-01 2.49999999999953648e-01 2.49999999999953648e-01 22 9.32336033724388500e+01
0 0 0 23 7.49999999999942601e-01 2.49999999999953648e-01 2.49999999999953648e-01 23 1.05504226539984600e+02
0 0 0 23 7.49999999999942601e-01 2.49999999999953648e-01 2.49999999999953648e-01 24 1.16121464812232489e+02
0 0 0 23 7.49999999999942601e-01 2.49999999999953648e-01 2.49999999999953648e-01 25 1.36199531300409575e+02
0 0 0 24 0.00000000000000000e+00 4.99999999999988953e-01 2.49999999999953648e-01 0 -2.86108298751099399e+00
0 0 0 24 0.00000000000000000e+00 4.99999999999988953e-01 2.49999999999953648e-01 1 -2.79955835256616697e-03
0 0 0 24 0.00000000000000000e+00 4.99999999999988953e-01 2.49999999999953648e-01 2 2.85933300988994787e+00
0 0 0 24 0.00000000000000000e+00 4.99999999999988953e-01 2.49999999999953648e-01 3 4.23356880700235738e+00
0 0 0 24 0.00000000000000000e+00 4.99999999999988953e-01 2.49999999999953648e-01 4 8.36364216523245041e+00
0 0 0 24 0.00000000000000000e+00 4.99999999999988953e-01 2.49999999999953648e-01 5 1.14632162321868645e+01
0 0 0 24 0.00000000000000000e+00 4.99999999999988953e-01 2.49999999999953648e-01 6 1.25468587478207247e+01
0 0 0 24 0.00000000000000000e+00 4.99999999999988953e-01 2.49999999999953648e-01 7 1.28108031340239545e+01
0 0 0 24 0.00000000000000000e+00 4.99999999999988953e-01 2.49999999999953648e-01 8 1.75445330210377257e+01
0 0 0 24 0.00000000000000000e+00 4.99999999999988953e-01 2.49999999999953648e-01 9 1.80492900217465539e+01
0 0 0 24 0.00000000000000000e+00 4.99999999999988953e-01 2.49999999999953648e-01 10 2.01047047207393739e+01
0 0 0 24 0.00000000000000000e+00 4.99999999999988953e-01 2.49999999999953648e-01 11 2.01288468711111896e+01
0 0 0 24 0.00000000000000000e+00 4.99999999999988953e-01 2.49999999999953648e-01 12 2.55320667436287394e+01
0 0 0 24 0.00000000000000000e+00 4.99999999999988953e-01 2.49999999999953648e-01 13 2.59329681914184071e+01
0 0 0 24 0.00000000000000000e+00 4.99999999999988953e-01 2.49999999999953648e-01 14 2.65085959070952342e+01
0 0 0 24 0.00000000000000000e+00 4.99999999999988953e-01 2.49999999999953648e-01 15 2.74187853669978878e+01
0 0 0 24 0.00000000000000000e+00 4.99999999999988953e-01 2.49999999999953648e-01 16 2.92604216723641031e+01
0 0 0 24 0.00000000000000000e+00 4.99999999999988953e-01 2.49999999999953648e-01 17 3.15710443818282549e+01
0 0 0 24 0.00000000000000000e+00 4.99999999999988953e-01 2.49999999999953648e-01 18 3.27736118146601569e+01
0 0 0 24 0.00000000000000000e+00 4.99999999999988953e-01 2.49999999999953648e-01 19 3.76441425110639685e+01
0 0 0 24 0.00000000000000000e+00 4.99999999999988953e-01 2.49999999999953648e-01 20 4.33774346543056524e+01
0 0 0 24 0.00000000000000000e+00 4.99999999999988953e-01 2.49999999999953648e-01 21 4.68552906732921315e+01
0 0 0 24 0.00000000000000000e+00 4.99999999999988953e-01 2.49999999999953648e-01 22 9.32336033724395321e+01
0 0 0 24 0.00000000000000000e+00 4.99999999999988953e-01 2.49999999999953648e-01 23 1.05504226539982753e+02
0 0 0 24 0.00000000000000000e+00 4.99999999999988953e-01 2.49999999999953648e-01 24 1.16121464812231935e+02
0 0 0 24 0.00000000000000000e+00 4.99999999999988953e-01 2.49999999999953648e-01 25 1.36199531300412474e+02
0 0 0 25 2.50000000000035305e-01 5.00000000000070610e-01 2.50000000000035305e-01 0 -3.53849822179903395e+00
0 0 0 25 2.50000000000035305e-01 5.00000000000070610e-01 2.50000000000035305e-01 1 9.06912416253483622e-01
0 0 0 25 2.50000000000035305e-01 5.00000000000070610e-01 2.50000000000035305e-01 2 2.63481016961334502e+00
0 0 0 25 2.50000000000035305e-01 5.00000000000070610e-01 2.50000000000035305e-01 3 5.10631189803310725e+00
0 0 0 25 2.50000000000035305e-01 5.00000000000070610e-01 2.50000000000035305e-01 4 9.31446521881763445e+00
0 0 0 25 2.50000000000035305e-01 5.00000000000070610e-01 2.50000000000035305e-01 5 1.15339182333741750e+01
0 0 0 25 2.50000000000035305e-01 5.00000000000070610e-01 2.50000000000035305e-01 6 1.17936320762269204e+01
0 0 0 25 2.50000000000035305e-01 5.00000000000070610e-01 2.50000000000035305e-01 7 1.34999812379510544e+01
0 0 0 25 2.50000000000035305e-01 5.00000000000070610e-01 2.50000000000035305e-01 8 1.38959001860464753e+01
0 0 0 25 2.50000000000035305e-01 5.00000000000070610e-01 2.50000000000035305e-01 9 1.68432294336173776e+01
0 0 0 25 2.50000000000035305e-01 5.00000000000070610e-01 2.50000000000035305e-01 10 2.06946810568215369e+01
0 0 0 25 2.50000000000035305e-01 5.00000000000070610e-01 2.50000000000035305e-01 11 2.38403022107183631e+01
0 0 0 25 2.50000000000035305e-01 5.00000000000070610e-01 2.50000000000035305e-01 12 2.44987015119193430e+01
0 0 0 25 2.50000000000035305e-01 5.00000000000070610e-01 2.50000000000035305e-01 13 2.46800115643747588e+01
0 0 0 25 2.50000000000035305e-01 5.00000000000070610e-01 2.50000000000035305e-01 14 2.70695029269523850e+01
0 0 0 25 2.50000000000035305e-01 5.00000000000070610e-01 2.50000000000035305e-01 15 2.78549641062828996e+01
0 0 0 25 2.50000000000035305e-01 5.00000000000070610e-01 2.50000000000035305e-01 16 2.88872227542143243e+01
0 0 0 25 2.50000000000035305e-01 5.00000000000070610e-01 2.50000000000035305e-01 17 3.04843827400970540e+01
0 0 0 25 2.50000000000035305e-01 5.00000000000070610e-01 2.50000000000035305e-01 18 3.43518934060828514e+01
0 0 0 25 2.50000000000035305e-01 5.00000000000070610e-01 2.50000000000035305e-01 19 3.94879822757698165e+01
0 0 0 25 2.50000000000035305e-01 5.00000000000070610e-01 2.50000000000035305e-01 20 4.71775968599755799e+01
0 0 0 25 2.50000000000035305e-01 5.00000000000070610e-01 2.50000000000035305e-01 21 5.52283881451061021e+01
0 0 0 25 2.50000000000035305e-01 5.00000000000070610e-01 2.50000000000035305e-01 22 8.56233368278742830e+01
0 0 0 25 2.50000000000035305e-01 5.00000000000070610e-01 2.50000000000035305e-01 23 9.58635499918103022e+01
0 0 0 25 2.50000000000035305e-01 5.00000000000070610e-01 2.50000000000035305e-01 24 1.14131336134511415e+02
0 0 0 25 2.50000000000035305e-01 5.00000000000070610e-01 2.50000000000035305e-01 25 1.39318863909789144e+02
0 0 0 26 4.99999999999988953e-01 4.99999999999988953e-01 2.50000000000035305e-01 0 -2.86108298751099399e+00
0 0 0 26 4.99999999999988953e-01 4.99999999999988953e-01 2.50000000000035305e-01 1 -2.79955835256616697e-03
0 0 0 26 4.99999999999988953e-01 4.99999999999988953e-01 2.50000000000035305e-01 2 2.85933300989000250e+00
0 0 0 26 4.99999999999988953e-01 4.99999999999988953e-01 2.50000000000035305e-01 3 4.23356880700233074e+00
0 0 0 26 4.99999999999988953e-01 4.99999999999988953e-01 2.50000000000035305e-01 4 8.36364216523255877e+00
0 0 0 26 4.99999999999988953e-01 4.99999999999988953e-01 2.50000000000035305e-01 5 1.14632162321868361e+01
0 0 0 26 4.99999999999988953e-01 4.99999999999988953e-01 2.50000000000035305e-01 6 1.25468587478207532e+01
0 0 0 26 4.99999999999988953e-01 4.99999999999988953e-01 2.50000000000035305e-01 7 1.28108031340239279e+01
0 0 0 26 4.99999999999988953e-01 4.99999999999988953e-01 2.50000000000035305e-01 8 1.75445330210377541e+01
0 0 0 26 4.99999999999988953e-01 4.99999999999988953e-01 2.50000000000035305e-01 9 1.80492900217465539e+01
0 0 0 26 4.99999999999988953e-01 4.99999999999988953e-01 2.50000000000035305e-01 10 2.01047047207394556e+01
0 0 0 26 4.99999999999988953e-01 4.99999999999988953e-01 2.50000000000035305e-01 11 2.01288468711112145e+01
0 0 0 26 4.99999999999988953e-01 4.99999999999988953e-01 2.50000000000035305e-01 12 2.55320667436287145e+01
0 0 0 26 4.99999999999988953e-01 4.99999999999988953e-01 2.50000000000035305e-01 13 2.59329681914184889e+01
0 0 0 26 4.99999999999988953e-01 4.99999999999988953e-01 2.50000000000035305e-01 14 2.65085959070952342e+01
0 0 0 26 4.99999999999988953e-01 4.99999999999988953e-01 2.50000000000035305e-01 15 2.74187853669978026e+01
0 0 0 26 4.99999999999988953e-01 4.99999999999988953e-01 2.50000000000035305e-01 16 2.92604216723642097e+01
0 0 0 26 4.99999999999988953e-01 4.99999999999988953e-01 2.50000000000035305e-01 17 3.15710443818281732e+01
0 0 0 26 4.99999999999988953e-01 4.99999999999988953e-01 2.50000000000035305e-01 18 3.27736118146602138e+01
0 0 0 26 4.99999999999988953e-01 4.99999999999988953e-01 2.50000000000035305e-01 19 3.76441425110640822e+01
0 0 0 26 4.99999999999988953e-01 4.99999999999988953e-01 2.50000000000035305e-01 20 4.33774346543052687e+01
0 0 0 26 4.99999999999988953e-01 4.99999999999988953e-01 2.50000000000035305e-01 21 4.68552906732921883e+01
0 0 0 26 4.99999999999988953e-01 4.99999999999988953e-01 2.50000000000035305e-01 22 9.32336033724419195e+01
0 0 0 26 4.99999999999988953e-01 4.99999999999988953e-01 2.50000000000035305e-01 23 1.05504226539982156e+02
0 0 0 26 4.99999999999988953e-01 4.99999999999988953e-01 2.50000000000035305e-01 24 1.16121464812224232e+02
0 0 0 26 4.99999999999988953e-01 4.99999999999988953e-01 2.50000000000035305e-01 25 1.36199531300415629e+02
0 0 0 27 7.50000000000024203e-01 4.99999999999988898e-01 2.50000000000035305e-01 0 -1.26812156012930299e+00
0 0 0 27 7.50000000000024203e-01 4.99999999999988898e-01 2.50000000000035305e-01 1 -1.26812014093801162e+00
0 0 0 27 7.50000000000024203e-01 4.99999999999988898e-01 2.50000000000035305e-01 2 2.53792612796411898e+00
0 0 0 27 7.50000000000024203e-01 4.99999999999988898e-01 2.50000000000035305e-01 3 2.53792615976633806e+00
0 0 0 27 7.50000000000024203e-01 4.99999999999988898e-01 2.50000000000035305e-01 4 1.11095175194422584e+01
0 0 0 27 7.50000000000024203e-01 4.99999999999988898e-01 2.50000000000035305e-01 5 1.11095203008824832e+01
0 0 0 27 7.50000000000024203e-01 4.99999999999988898e-01 2.50000000000035305e-01 6 1.20219765188463015e+01
0 0 0 27 7.50000000000024203e-01 4.99999999999988898e-01 2.50000000000035305e-01 7 1.20219771588670312e+01
0 0 0 27 7.50000000000024203e-01 4.99999999999988898e-01 2.50000000000035305e-01 8 1.74329907323669033e+01
0 0 0 27 7.50000000000024203e-01 4.99999999999988898e-01 2.50000000000035305e-01 9 1.74329909751490959e+01
0 0 0 27 7.50000000000024203e-01 4.99999999999988898e-01 2.50000000000035305e-01 10 2.12236709967333077e+01
0 0 0 27 7.50000000000024203e-01 4.99999999999988898e-01 2.50000000000035305e-01 11 2.12236717860890103e+01
0 0 0 27 7.50000000000024203e-01 4.99999999999988898e-01 2.50000000000035305e-01 12 2.63449709131003118e+01
0 0 0 27 7.50000000000024203e-01 4.99999999999988898e-01 2.50000000000035305e-01 13 2.63449739569915558e+01
0 0 0 27 7.50000000000024203e-01 4.99999999999988898e-01 2.50000000000035305e-01 14 2.73527362429683834e+01
0 0 0 27 7.50000000000024203e-01 4.99999999999988898e-01 2.50000000000035305e-01 15 2.73527515475288681e+01
0 0 0 27 7.50000000000024203e-01 4.99999999999988898e-01 2.50000000000035305e-01 16 2.74414776340299689e+01
0 0 0 27 7.50000000000024203e-01 4.99999999999988898e-01 2.50000000000035305e-01 17 2.74414815584046359e+01
0 0 0 27 7.50000000000024203e-01 4.99999999999988898e-01 2.50000000000035305e-01 18 3.42114854151755239e+01
0 0 0 27 7.50000000000024203e-01 4.99999999999988898e-01 2.50000000000035305e-01 19 3.42114873024099992e+01
0 0 0 27 7.50000000000024203e-01 4.99999999999988898e-01 2.50000000000035305e-01 20 4.57617919785977207e+01
0 0 0 27 7.50000000000024203e-01 4.99999999999988898e-01 2.50000000000035305e-01 21 4.57618275999324169e+01
0 0 0 27 7.50000000000024203e-01 4.99999999999988898e-01 2.50000000000035305e-01 22 1.18714092293158572e+02
0 0 0 27 7.50000000000024203e-01 4.99999999999988898e-01 2.50000000000035305e-01 23 1.18714332331638857e+02
0 0 0 27 7.50000000000024203e-01 4.99999999999988898e-01 2.50000000000035305e-01 24 1.25069972555095362e+02
0 0 0 27 7.50000000000024203e-01 4.99999999999988898e-01 2.50000000000035305e-01 25 1.25070116979697616e+02
0 0 0 28 0.00000000000000000e+00 7.50000000000024203e-01 2.49999999999953593e-01 0 -3.53849822179903395e+00
0 0 0 28 0.00000000000000000e+00 7.50000000000024203e-01 2.49999999999953593e-01 1 9.06912416253483622e-01
0 0 0 28 0.00000000000000000e+00 7.50000000000024203e-01 2.49999999999953593e-01 2 2.63481016961337255e+00
0 0 0 28 0.00000000000000000e+00 7.50000000000024203e-01 2.49999999999953593e-01 3 5.10631189803307972e+00
0 0 0 28 0.00000000000000000e+00 7.50000000000024203e-01 2.49999999999953593e-01 4 9.31446521881755274e+00
0 0 0 28 0.00000000000000000e+00 7.50000000000024203e-01 2.49999999999953593e-01 5 1.15339182333741750e+01
0 0 0 28 0.00000000000000000e+00 7.50000000000024203e-01 2.49999999999953593e-01 6 1.17936320762269755e+01
0 0 0 28 0.00000000000000000e+00 7.50000000000024203e-01 2.49999999999953593e-01 7 1.34999812379511077e+01
0 0 0 28 0.00000000000000000e+00 7.50000000000024203e-01 2.49999999999953593e-01 8 1.38959001860464486e+01
0 0 0 28 0.00000000000000000e+00 7.50000000000024203e-01 2.49999999999953593e-01 9 1.68432294336173776e+01
0 0 0 28 0.00000000000000000e+00 7.50000000000024203e-01 2.49999999999953593e-01 10 2.06946810568215653e+01
0 0 0 28 0.00000000000000000e+00 7.50000000000024203e-01 2.49999999999953593e-01 11 2.38403022107182814e+01
0 0 0 28 0.00000000000000000e+00 7.50000000000024203e-01 2.49999999999953593e-01 12 2.44987015119193714e+01
0 0 0 28 0.00000000000000000e+00 7.50000000000024203e-01 2.49999999999953593e-01 13 2.46800115643747056e+01
0 0 0 28 0.00000000000000000e+00 7.50000000000024203e-01 2.49999999999953593e-01 14 2.70695029269523850e+01
0 0 0 28 0.00000000000000000e+00 7.50000000000024203e-01 2.49999999999953593e-01 15 2.78549641062829529e+01
0 0 0 28 0.00000000000000000e+00 7.50000000000024203e-01 2.49999999999953593e-01 16 2.88872227542143776e+01
0 0 0 28 0.00000000000000000e+00 7.50000000000024203e-01 2.49999999999953593e-01 17 3.04843827400970291e+01
0 0 0 28 0.00000000000000000e+00 7.50000000000024203e-01 2.49999999999953593e-01 18 3.43518934060827732e+01
0 0 0 28 0.00000000000000000e+00 7.50000000000024203e-01 2.49999999999953593e-01 19 3.94879822757697099e+01
0 0 0 28 0.00000000000000000e+00 7.50000000000024203e-01 2.49999999999953593e-01 20 4.71775968599758286e+01
0 0 0 28 0.00000000000000000e+00 7.50000000000024203e-01 2.49999999999953593e-01 21 5.52283881451052068e+01
0 0 0 28 0.00000000000000000e+00 7.50000000000024203e-01 2.49999999999953593e-01 22 8.56233368278719382e+01
0 0 0 28 0.00000000000000000e+00 7.50000000000024203e-01 2.49999999999953593e-01 23 9.58635499918176635e+01
0 0 0 28 0.00000000000000000e+00 7.50000000000024203e-01 2.49999999999953593e-01 24 1.14131336134516403e+02
0 0 0 28 0.00000000000000000e+00 7.50000000000024203e-01 2.49999999999953593e-01 25 1.39318863909781015e+02
0 0 0 29 2.49999999999953648e-01 7.49999999999942601e-01 2.49999999999953648e-01 0 -2.86108298751102108e+00
0 0 0 29 2.49999999999953648e-01 7.49999999999942601e-01 2.49999999999953648e-01 1 -2.79955835259337827e-03
0 0 0 29 2.49999999999953648e-01 7.49999999999942601e-01 2.49999999999953648e-01 2 2.85933300988994787e+00
0 0 0 29 2.49999999999953648e-01 7.49999999999942601e-01 2.49999999999953648e-01 3 4.23356880700235738e+00
0 0 0 29 2.49999999999953648e-01 7.49999999999942601e-01 2.49999999999953648e-01 4 8.36364216523253212e+00
0 0 0 29 2.49999999999953648e-01 7.49999999999942601e-01 2.49999999999953648e-01 5 1.14632162321868645e+01
0 0 0 29 2.49999999999953648e-01 7.49999999999942601e-01 2.49999999999953648e-01 6 1.25468587478206430e+01
0 0 0 29 2.49999999999953648e-01 7.49999999999942601e-01 2.49999999999953648e-01 7 1.28108031340239545e+01
0 0 0 29 2.49999999999953648e-01 7.49999999999942601e-01 2.49999999999953648e-01 8 1.75445330210377541e+01
0 0 0 29 2.49999999999953648e-01 7.49999999999942601e-01 2.49999999999953648e-01 9 1.80492900217465291e+01
0 0 0 29 2.49999999999953648e-01 7.49999999999942601e-01 2.49999999999953648e-01 10 2.01047047207393739e+01
0 0 0 29 2.49999999999953648e-01 7.49999999999942601e-01 2.49999999999953648e-01 11 2.01288468711111612e+01
0 0 0 29 2.49999999999953648e-01 7.49999999999942601e-01 2.49999999999953648e-01 12 2.55320667436287394e+01
0 0 0 29 2.49999999999953648e-01 7.49999999999942601e-01 2.49999999999953648e-01 13 2.59329681914184071e+01
0 0 0 29 2.49999999999953648e-01 7.49999999999942601e-01 2.49999999999953648e-01 14 2.65085959070952590e+01
0 0 0 29 2.49999999999953648e-01 7.49999999999942601e-01 2.49999999999953648e-01 15 2.74187853669977777e+01
0 0 0 29 2.49999999999953648e-01 7.49999999999942601e-01 2.49999999999953648e-01 16 2.92604216723642097e+01
0 0 0 29 2.49999999999953648e-01 7.49999999999942601e-01 2.49999999999953648e-01 17 3.15710443818280915e+01
0 0 0 29 2.49999999999953648e-01 7.49999999999942601e-01 2.49999999999953648e-01 18 3.27736118146602138e+01
0 0 0 29 2.49999999999953648e-01 7.49999999999942601e-01 2.49999999999953648e-01 19 3.76441425110639472e+01
0 0 0 29 2.49999999999953648e-01 7.49999999999942601e-01 2.49999999999953648e-01 20 4.33774346543059792e+01
0 0 0 29 2.49999999999953648e-01 7.49999999999942601e-01 2.49999999999953648e-01 21 4.68552906732918615e+01
0 0 0 29 2.49999999999953648e-01 7.49999999999942601e-01 2.49999999999953648e-01 22 9.32336033724406832e+01
0 0 0 29 2.49999999999953648e-01 7.49999999999942601e-01 2.49999999999953648e-01 23 1.05504226539982312e+02
0 0 0 29 2.49999999999953648e-01 7.49999999999942601e-01 2.49999999999953648e-01 24 1.16121464812237761e+02
0 0 0 29 2.49999999999953648e-01 7.49999999999942601e-01 2.49999999999953648e-01 25 1.36199531300413099e+02
0 0 0 30 4.99999999999988898e-01 7.50000000000024203e-01 2.50000000000035305e-01 0 -1.26812156012933008e+00
0 0 0 30 4.99999999999988898e-01 7.50000000000024203e-01 2.50000000000035305e-01 1 -1.26812014093803871e+00
0 0 0 30 4.99999999999988898e-01 7.50000000000024203e-01 2.50000000000035305e-01 2 2.53792612796411898e+00
0 0 0 30 4.99999999999988898e-01 7.50000000000024203e-01 2.50000000000035305e-01 3 2.53792615976633806e+00
0 0 0 30 4.99999999999988898e-01 7.50000000000024203e-01 2.50000000000035305e-01 4 1.11095175194422318e+01
0 0 0 30 4.99999999999988898e-01 7.50000000000024203e-01 2.50000000000035305e-01 5 1.11095203008825116e+01
0 0 0 30 4.99999999999988898e-01 7.50000000000024203e-01 2.50000000000035305e-01 6 1.20219765188462748e+01
0 0 0 30 4.99999999999988898e-01 7.50000000000024203e-01 2.50000000000035305e-01 7 1.20219771588670312e+01
0 0 0 30 4.99999999999988898e-01 7.50000000000024203e-01 2.50000000000035305e-01 8 1.74329907323670135e+01
0 0 0 30 4.99999999999988898e-01 7.50000000000024203e-01 2.50000000000035305e-01 9 1.74329909751490391e+01
0 0 0 30 4.99999999999988898e-01 7.50000000000024203e-01 2.50000000000035305e-01 10 2.12236709967332793e+01
0 0 0 30 4.99999999999988898e-01 7.50000000000024203e-01 2.50000000000035305e-01 11 2.12236717860890103e+01
0 0 0 30 4.99999999999988898e-01 7.50000000000024203e-01 2.50000000000035305e-01 12 2.63449709131002834e+01
0 0 0 30 4.99999999999988898e-01 7.50000000000024203e-01 2.50000000000035305e-01 13 2.63449739569915842e+01
0 0 0 30 4.99999999999988898e-01 7.50000000000024203e-01 2.50000000000035305e-01 14 2.73527362429684402e+01
0 0 0 30 4.99999999999988898e-01 7.50000000000024203e-01 2.50000000000035305e-01 15 2.73527515475288112e+01
0 0 0 30 4.99999999999988898e-01 7.50000000000024203e-01 2.50000000000035305e-01 16 2.74414776340299973e+01
0 0 0 30 4.99999999999988898e-01 7.50000000000024203e-01 2.50000000000035305e-01 17 2.74414815584045044e+01
0 0 0 30 4.99999999999988898e-01 7.50000000000024203e-01 2.50000000000035305e-01 18 3.42114854151753605e+01
0 0 0 30 4.99999999999988898e-01 7.50000000000024203e-01 2.50000000000035305e-01 19 3.42114873024101627e+01
0 0 0 30 4.99999999999988898e-01 7.50000000000024203e-01 2.50000000000035305e-01 20 4.57617919785978557e+01
0 0 0 30 4.99999999999988898e-01 7.50000000000024203e-01 2.50000000000035305e-01 21 4.57618275999321966e+01
0 0 0 30 4.99999999999988898e-01 7.50000000000024203e-01 2.50000000000035305e-01 22 1.18714092293165876e+02
0 0 0 30 4.99999999999988898e-01 7.50000000000024203e-01 2.50000000000035305e-01 23 1.18714332331637678e+02
0 0 0 30 4.99999999999988898e-01 7.50000000000024203e-01 2.50000000000035305e-01 24 1.25069972555094907e+02
0 0 0 30 4.99999999999988898e-01 7.50000000000024203e-01 2.50000000000035305e-01 25 1.25070116979698241e+02
0 0 0 31 7.50000000000024314e-01 7.50000000000024314e-01 2.50000000000035305e-01 0 -2.86108298751102108e+00
0 0 0 31 7.50000000000024314e-01 7.50000000000024314e-01 2.50000000000035305e-01 1 -2.79955835259337827e-03
0 0 0 31 7.50000000000024314e-01 7.50000000000024314e-01 2.50000000000035305e-01 2 2.85933300989000250e+00
0 0 0 31 7.50000000000024314e-01 7.50000000000024314e-01 2.50000000000035305e-01 3 4.23356880700233074e+00
0 0 0 31 7.50000000000024314e-01 7.50000000000024314e-01 2.50000000000035305e-01 4 8.36364216523261383e+00
0 0 0 31 7.50000000000024314e-01 7.50000000000024314e-01 2.50000000000035305e-01 5 1.14632162321868361e+01
0 0 0 31 7.50000000000024314e-01 7.50000000000024314e-01 2.50000000000035305e-01 6 1.25468587478206697e+01
0 0 0 31 7.50000000000024314e-01 7.50000000000024314e-01 2.50000000000035305e-01 7 1.28108031340239545e+01
0 0 0 31 7.50000000000024314e-01 7.50000000000024314e-01 2.50000000000035305e-01 8 1.75445330210377826e+01
0 0 0 31 7.50000000000024314e-01 7.50000000000024314e-01 2.50000000000035305e-01 9 1.80492900217465291e+01
0 0 0 31 7.50000000000024314e-01 7.50000000000024314e-01 2.50000000000035305e-01 10 2.01047047207394272e+01
0 0 0 31 7.50000000000024314e-01 7.50000000000024314e-01 2.50000000000035305e-01 11 2.01288468711112145e+01
0 0 0 31 7.50000000000024314e-01 7.50000000000024314e-01 2.50000000000035305e-01 12 2.55320667436287394e+01
0 0 0 31 7.50000000000024314e-01 7.50000000000024314e-01 2.50000000000035305e-01 13 2.59329681914184889e+01
0 0 0 31 7.50000000000024314e-01 7.50000000000024314e-01 2.50000000000035305e-01 14 2.65085959070952342e+01
0 0 0 31 7.50000000000024314e-01 7.50000000000024314e-01 2.50000000000035305e-01 15 2.74187853669978310e+01
0 0 0 31 7.50000000000024314e-01 7.50000000000024314e-01 2.50000000000035305e-01 16 2.92604216723642097e+01
0 0 0 31 7.50000000000024314e-01 7.50000000000024314e-01 2.50000000000035305e-01 17 3.15710443818281163e+01
0 0 0 31 7.50000000000024314e-01 7.50000000000024314e-01 2.50000000000035305e-01 18 3.27736118146601569e+01
0 0 0 31 7.50000000000024314e-01 7.50000000000024314e-01 2.50000000000035305e-01 19 3.76441425110641106e+01
0 0 0 31 7.50000000000024314e-01 7.50000000000024314e-01 2.50000000000035305e-01 20 4.33774346543054889e+01
0 0 0 31 7.50000000000024314e-01 7.50000000000024314e-01 2.50000000000035305e-01 21 4.68552906732920817e+01
0 0 0 31 7.50000000000024314e-01 7.50000000000024314e-01 2.50000000000035305e-01 22 9.32336033724413795e+01
0 0 0 31 7.50000000000024314e-01 7.50000000000024314e-01 2.50000000000035305e-01 23 1.05504226539982881e+02
0 0 0 31 7.50000000000024314e-01 7.50000000000024314e-01 2.50000000000035305e-01 24 1.16121464812234919e+02
0 0 0 31 7.50000000000024314e-01 7.50000000000024314e-01 2.50000000000035305e-01 25 1.36199531300412133e+02
0 0 0 32 0.00000000000000000e+00 0.00000000000000000e+00 5.00000000000070610e-01 0 -3.24596580198793605e+00
0 0 0 32 0.00000000000000000e+00 0.00000000000000000e+00 5.00000000000070610e-01 1 -6.04418885752091017e-01
0 0 0 32 0.00000000000000000e+00 0.00000000000000000e+00 5.00000000000070610e-01 2 5.24067752011168597e+00
0 0 0 32 0.00000000000000000e+00 0.00000000000000000e+00 5.00000000000070610e-01 3 5.24067752011174104e+00
0 0 0 32 0.00000000000000000e+00 0.00000000000000000e+00 5.00000000000070610e-01 4 8.10635145303611182e+00
0 0 0 32 0.00000000000000000e+00 0.00000000000000000e+00 5.00000000000070610e-01 5 1.01723325320599116e+01
0 0 0 32 0.00000000000000000e+00 0.00000000000000000e+00 5.00000000000070610e-01 6 1.01723325320599383e+01
0 0 0 32 0.00000000000000000e+00 0.00000000000000000e+00 5.00000000000070610e-01 7 1.75471393083260772e+01
0 0 0 32 0.00000000000000000e+00 0.00000000000000000e+00 5.00000000000070610e-01 8 1.80041084701005509e+01
0 0 0 32 0.00000000000000000e+00 0.00000000000000000e+00 5.00000000000070610e-01 9 1.80041084701005509e+01
0 0 0 32 0.00000000000000000e+00 0.00000000000000000e+00 5.00000000000070610e-01 10 1.83579416029928097e+01
0 0 0 32 0.00000000000000000e+00 0.00000000000000000e+00 5.00000000000070610e-01 11 1.97306204018279310e+01
0 0 0 32 0.00000000000000000e+00 0.00000000000000000e+00 5.00000000000070610e-01 12 1.97306204018279310e+01
0 0 0 32 0.00000000000000000e+00 0.00000000000000000e+00 5.00000000000070610e-01 13 2.65327225509090709e+01
0 0 0 32 0.00000000000000000e+00 0.00000000000000000e+00 5.00000000000070610e-01 14 2.84591910703910109e+01
0 0 0 32 0.00000000000000000e+00 0.00000000000000000e+00 5.00000000000070610e-01 15 2.96489496347264314e+01
0 0 0 32 0.00000000000000000e+00 0.00000000000000000e+00 5.00000000000070610e-01 16 2.96489496347264598e+01
0 0 0 32 0.00000000000000000e+00 0.00000000000000000e+00 5.00000000000070610e-01 17 3.36128535729160802e+01
0 0 0 32 0.00000000000000000e+00 0.00000000000000000e+00 5.00000000000070610e-01 18 3.36128535729161300e+01
0 0 0 32 0.00000000000000000e+00 0.00000000000000000e+00 5.00000000000070610e-01 19 3.64309474830753359e+01
0 0 0 32 0.00000000000000000e+00 0.00000000000000000e+00 5.00000000000070610e-01 20 6.21815263312240489e+01
0 0 0 32 0.00000000000000000e+00 0.00000000000000000e+00 5.00000000000070610e-01 21 6.21815263312258253e+01
0 0 0 32 0.00000000000000000e+00 0.00000000000000000e+00 5.00000000000070610e-01 22 7.32589956292651436e+01
0 0 0 32 0.00000000000000000e+00 0.00000000000000000e+00 5.00000000000070610e-01 23 7.32589956292674884e+01
0 0 0 32 0.00000000000000000e+00 0.00000000000000000e+00 5.00000000000070610e-01 24 1.06593772898447924e+02
0 0 0 32 0.00000000000000000e+00 0.00000000000000000e+00 5.00000000000070610e-01 25 1.45626421941864209e+02
0 0 0 33 2.49999999999953648e-01 0.00000000000000000e+00 4.99999999999988953e-01 0 -2.86108298751102108e+00
0 0 0 33 2.49999999999953648e-01 0.00000000000000000e+00 4.99999999999988953e-01 1 -2.79955835262059001e-03
0 0 0 33 2.49999999999953648e-01 0.00000000000000000e+00 4.99999999999988953e-01 2 2.85933300988994787e+00
0 0 0 33 2.49999999999953648e-01 0.00000000000000000e+00 4.99999999999988953e-01 3 4.23356880700238491e+00
0 0 0 33 2.49999999999953648e-01 0.00000000000000000e+00 4.99999999999988953e-01 4 8.36364216523247705e+00
0 0 0 33 2.49999999999953648e-01 0.00000000000000000e+00 4.99999999999988953e-01 5 1.14632162321868911e+01
0 0 0 33 2.49999999999953648e-01 0.00000000000000000e+00 4.99999999999988953e-01 6 1.25468587478207798e+01
0 0 0 33 2.49999999999953648e-01 0.00000000000000000e+00 4.99999999999988953e-01 7 1.28108031340239812e+01
0 0 0 33 2.49999999999953648e-01 0.00000000000000000e+00 4.99999999999988953e-01 8 1.75445330210377257e+01
0 0 0 33 2.49999999999953648e-01 0.00000000000000000e+00 4.99999999999988953e-01 9 1.80492900217466108e+01
0 0 0 33 2.49999999999953648e-01 0.00000000000000000e+00 4.99999999999988953e-01 10 2.01047047207393454e+01
0 0 0 33 2.49999999999953648e-01 0.00000000000000000e+00 4.99999999999988953e-01 11 2.01288468711112429e+01
0 0 0 33 2.49999999999953648e-01 0.00000000000000000e+00 4.99999999999988953e-01 12 2.55320667436287394e+01
0 0 0 33 2.49999999999953648e-01 0.00000000000000000e+00 4.99999999999988953e-01 13 2.59329681914184071e+01
0 0 0 33 2.49999999999953648e-01 0.00000000000000000e+00 4.99999999999988953e-01 14 2.65085959070952342e+01
0 0 0 33 2.49999999999953648e-01 0.00000000000000000e+00 4.99999999999988953e-01 15 2.74187853669977777e+01
0 0 0 33 2.49999999999953648e-01 0.00000000000000000e+00 4.99999999999988953e-01 16 2.92604216723640498e+01
0 0 0 33 2.49999999999953648e-01 0.00000000000000000e+00 4.99999999999988953e-01 17 3.15710443818281163e+01
0 0 0 33 2.49999999999953648e-01 0.00000000000000000e+00 4.99999999999988953e-01 18 3.27736118146602138e+01
0 0 0 33 2.49999999999953648e-01 0.00000000000000000e+00 4.99999999999988953e-01 19 3.76441425110638903e+01
0 0 0 33 2.49999999999953648e-01 0.00000000000000000e+00 4.99999999999988953e-01 20 4.33774346543058726e+01
0 0 0 33 2.49999999999953648e-01 0.00000000000000000e+00 4.99999999999988953e-01 21 4.68552906732919965e+01
0 0 0 33 2.49999999999953648e-01 0.00000000000000000e+00 4.99999999999988953e-01 22 9.32336033724413227e+01
0 0 0 33 2.49999999999953648e-01 0.00000000000000000e+00 4.99999999999988953e-01 23 1.05504226539985467e+02
0 0 0 33 2.49999999999953648e-01 0.00000000000000000e+00 4.99999999999988953e-01 24 1.16121464812232759e+02
0 0 0 33 2.49999999999953648e-01 0.00000000000000000e+00 4.99999999999988953e-01 25 1.36199531300424184e+02
0 0 0 34 4.99999999999988898e-01 0.00000000000000000e+00 4.99999999999988898e-01 0 -1.43299158792959158e+00
0 0 0 34 4.99999999999988898e-01 0.00000000000000000e+00 4.99999999999988898e-01 1 -1.43298966071499811e+00
0 0 0 34 4.99999999999988898e-01 0.00000000000000000e+00 4.99999999999988898e-01 2 3.58371742379168623e+00
0 0 0 34 4.99999999999988898e-01 0.00000000000000000e+00 4.99999999999988898e-01 3 3.58371742379171332e+00
0 0 0 34 4.99999999999988898e-01 0.00000000000000000e+00 4.99999999999988898e-01 4 7.52239651532342535e+00
0 0 0 34 4.99999999999988898e-01 0.00000000000000000e+00 4.99999999999988898e-01 5 7.52240190897768279e+00
0 0 0 34 4.99999999999988898e-01 0.00000000000000000e+00 4.99999999999988898e-01 6 1.68540934583405182e+01
0 0 0 34 4.99999999999988898e-01 0.00000000000000000e+00 4.99999999999988898e-01 7 1.68540934583406816e+01
0 0 0 34 4.99999999999988898e-01 0.00000000000000000e+00 4.99999999999988898e-01 8 1.81121424486641622e+01
0 0 0 34 4.99999999999988898e-01 0.00000000000000000e+00 4.99999999999988898e-01 9 1.81121424486641907e+01
0 0 0 34 4.99999999999988898e-01 0.00000000000000000e+00 4.99999999999988898e-01 10 2.05878224250361477e+01
0 0 0 34 4.99999999999988898e-01 0.00000000000000000e+00 4.99999999999988898e-01 11 2.05878227300968213e+01
0 0 0 34 4.99999999999988898e-01 0.00000000000000000e+00 4.99999999999988898e-01 12 2.10420979604160436e+01
0 0 0 34 4.99999999999988898e-01 0.00000000000000000e+00 4.99999999999988898e-01 13 2.10420989386425781e+01
0 0 0 34 4.99999999999988898e-01 0.00000000000000000e+00 4.99999999999988898e-01 14 2.93787460125577695e+01
0 0 0 34 4.99999999999988898e-01 0.00000000000000000e+00 4.99999999999988898e-01 15 2.93787679773718473e+01
0 0 0 34 4.99999999999988898e-01 0.00000000000000000e+00 4.99999999999988898e-01 16 3.24440847209760648e+01
0 0 0 34 4.99999999999988898e-01 0.00000000000000000e+00 4.99999999999988898e-01 17 3.24440847209761500e+01
0 0 0 34 4.99999999999988898e-01 0.00000000000000000e+00 4.99999999999988898e-01 18 3.42725379543568920e+01
0 0 0 34 4.99999999999988898e-01 0.00000000000000000e+00 4.99999999999988898e-01 19 3.42725593944827267e+01
0 0 0 34 4.99999999999988898e-01 0.00000000000000000e+00 4.99999999999988898e-01 20 3.75019907734040387e+01
0 0 0 34 4.99999999999988898e-01 0.00000000000000000e+00 4.99999999999988898e-01 21 3.75019907734043940e+01
0 0 0 34 4.99999999999988898e-01 0.00000000000000000e+00 4.99999999999988898e-01 22 1.12297266016078694e+02
0 0 0 34 4.99999999999988898e-01 0.00000000000000000e+00 4.99999999999988898e-01 23 1.12297266016084762e+02
0 0 0 34 4.99999999999988898e-01 0.00000000000000000e+00 4.99999999999988898e-01 24 1.27998191864274915e+02
0 0 0 34 4.99999999999988898e-01 0.00000000000000000e+00 4.99999999999988898e-01 25 1.27998308398697347e+02
0 0 0 35 7.50000000000024314e-01 0.00000000000000000e+00 4.99999999999989009e-01 0 -2.86108298751102108e+00
0 0 0 35 7.50000000000024314e-01 0.00000000000000000e+00 4.99999999999989009e-01 1 -2.79955835262059001e-03
0 0 0 35 7.50000000000024314e-01 0.00000000000000000e+00 4.99999999999989009e-01 2 2.85933300988994787e+00
0 0 0 35 7.50000000000024314e-01 0.00000000000000000e+00 4.99999999999989009e-01 3 4.23356880700238491e+00
0 0 0 35 7.50000000000024314e-01 0.00000000000000000e+00 4.99999999999989009e-01 4 8.36364216523247705e+00
0 0 0 35 7.50000000000024314e-01 0.00000000000000000e+00 4.99999999999989009e-01 5 1.14632162321868911e+01
0 0 0 35 7.50000000000024314e-01 0.00000000000000000e+00 4.99999999999989009e-01 6 1.25468587478207532e+01
0 0 0 35 7.50000000000024314e-01 0.00000000000000000e+00 4.99999999999989009e-01 7 1.28108031340239545e+01
0 0 0 35 7.50000000000024314e-01 0.00000000000000000e+00 4.99999999999989009e-01 8 1.75445330210377541e+01
0 0 0 35 7.50000000000024314e-01 0.00000000000000000e+00 4.99999999999989009e-01 9 1.80492900217465824e+01
0 0 0 35 7.50000000000024314e-01 0.00000000000000000e+00 4.99999999999989009e-01 10 2.01047047207393739e+01
0 0 0 35 7.50000000000024314e-01 0.00000000000000000e+00 4.99999999999989009e-01 11 2.01288468711112429e+01
0 0 0 35 7.50000000000024314e-01 0.00000000000000000e+00 4.99999999999989009e-01 12 2.55320667436287145e+01
0 0 0 35 7.50000000000024314e-01 0.00000000000000000e+00 4.99999999999989009e-01 13 2.59329681914184071e+01
0 0 0 35 7.50000000000024314e-01 0.00000000000000000e+00 4.99999999999989009e-01 14 2.65085959070952057e+01
0 0 0 35 7.50000000000024314e-01 0.00000000000000000e+00 4.99999999999989009e-01 15 2.74187853669977777e+01
0 0 0 35 7.50000000000024314e-01 0.00000000000000000e+00 4.99999999999989009e-01 16 2.92604216723640498e+01
0 0 0 35 7.50000000000024314e-01 0.00000000000000000e+00 4.99999999999989009e-01 17 3.15710443818281163e+01
0 0 0 35 7.50000000000024314e-01 0.00000000000000000e+00 4.99999999999989009e-01 18 3.27736118146602422e+01
0 0 0 35 7.50000000000024314e-01 0.00000000000000000e+00 4.99999999999989009e-01 19 3.76441425110639472e+01
0 0 0 35 7.50000000000024314e-01 0.00000000000000000e+00 4.99999999999989009e-01 20 4.33774346543058371e+01
0 0 0 35 7.50000000000024314e-01 0.00000000000000000e+00 4.99999999999989009e-01 21 4.68552906732920249e+01
0 0 0 35 7.50000000000024314e-01 0.00000000000000000e+00 4.99999999999989009e-01 22 9.32336033724409248e+01
0 0 0 35 7.50000000000024314e-01 0.00000000000000000e+00 4.99999999999989009e-01 23 1.05504226539985467e+02
0 0 0 35 7.50000000000024314e-01 0.00000000000000000e+00 4.99999999999989009e-01 24 1.16121464812234521e+02
0 0 0 35 7.50000000000024314e-01 0.00000000000000000e+00 4.99999999999989009e-01 25 1.36199531300421199e+02
0 0 0 36 0.00000000000000000e+00 2.49999999999953648e-01 4.99999999999988953e-01 0 -2.86108298751099399e+00
0 0 0 36 0.00000000000000000e+00 2.49999999999953648e-01 4.99999999999988953e-01 1 -2.79955835256616697e-03
0 0 0 36 0.00000000000000000e+00 2.49999999999953648e-01 4.99999999999988953e-01 2 2.85933300989000250e+00
0 0 0 36 0.00000000000000000e+00 2.49999999999953648e-01 4.99999999999988953e-01 3 4.23356880700235738e+00
0 0 0 36 0.00000000000000000e+00 2.49999999999953648e-01 4.99999999999988953e-01 4 8.36364216523250548e+00
0 0 0 36 0.00000000000000000e+00 2.49999999999953648e-01 4.99999999999988953e-01 5 1.14632162321868911e+01
0 0 0 36 0.00000000000000000e+00 2.49999999999953648e-01 4.99999999999988953e-01 6 1.25468587478207532e+01
0 0 0 36 0.00000000000000000e+00 2.49999999999953648e-01 4.99999999999988953e-01 7 1.28108031340239545e+01
0 0 0 36 0.00000000000000000e+00 2.49999999999953648e-01 4.99999999999988953e-01 8 1.75445330210377541e+01
0 0 0 36 0.00000000000000000e+00 2.49999999999953648e-01 4.99999999999988953e-01 9 1.80492900217465539e+01
0 0 0 36 0.00000000000000000e+00 2.49999999999953648e-01 4.99999999999988953e-01 10 2.01047047207393739e+01
0 0 0 36 0.00000000000000000e+00 2.49999999999953648e-01 4.99999999999988953e-01 11 2.01288468711112714e+01
0 0 0 36 0.00000000000000000e+00 2.49999999999953648e-01 4.99999999999988953e-01 12 2.55320667436287145e+01
0 0 0 36 0.00000000000000000e+00 2.49999999999953648e-01 4.99999999999988953e-01 13 2.59329681914184640e+01
0 0 0 36 0.00000000000000000e+00 2.49999999999953648e-01 4.99999999999988953e-01 14 2.65085959070952057e+01
0 0 0 36 0.00000000000000000e+00 2.49999999999953648e-01 4.99999999999988953e-01 15 2.74187853669978310e+01
0 0 0 36 0.00000000000000000e+00 2.49999999999953648e-01 4.99999999999988953e-01 16 2.92604216723640711e+01
0 0 0 36 0.00000000000000000e+00 2.49999999999953648e-01 4.99999999999988953e-01 17 3.15710443818282549e+01
0 0 0 36 0.00000000000000000e+00 2.49999999999953648e-01 4.99999999999988953e-01 18 3.27736118146601569e+01
0 0 0 36 0.00000000000000000e+00 2.49999999999953648e-01 4.99999999999988953e-01 19 3.76441425110641106e+01
0 0 0 36 0.00000000000000000e+00 2.49999999999953648e-01 4.99999999999988953e-01 20 4.33774346543056240e+01
0 0 0 36 0.00000000000000000e+00 2.49999999999953648e-01 4.99999999999988953e-01 21 4.68552906732922665e+01
0 0 0 36 0.00000000000000000e+00 2.49999999999953648e-01 4.99999999999988953e-01 22 9.32336033724398305e+01
0 0 0 36 0.00000000000000000e+00 2.49999999999953648e-01 4.99999999999988953e-01 23 1.05504226539983378e+02
0 0 0 36 0.00000000000000000e+00 2.49999999999953648e-01 4.99999999999988953e-01 24 1.16121464812233583e+02
0 0 0 36 0.00000000000000000e+00 2.49999999999953648e-01 4.99999999999988953e-01 25 1.36199531300420489e+02
0 0 0 37 2.50000000000035305e-01 2.50000000000035305e-01 5.00000000000070610e-01 0 -3.53849822179906148e+00
0 0 0 37 2.50000000000035305e-01 2.50000000000035305e-01 5.00000000000070610e-01 1 9.06912416253456422e-01
0 0 0 37 2.50000000000035305e-01 2.50000000000035305e-01 5.00000000000070610e-01 2 2.63481016961345382e+00
0 0 0 37 2.50000000000035305e-01 2.50000000000035305e-01 5.00000000000070610e-01 3 5.10631189803305219e+00
0 0 0 37 2.50000000000035305e-01 2.50000000000035305e-01 5.00000000000070610e-01 4 9.31446521881768952e+00
0 0 0 37 2.50000000000035305e-01 2.50000000000035305e-01 5.00000000000070610e-01 5 1.15339182333742016e+01
0 0 0 37 2.50000000000035305e-01 2.50000000000035305e-01 5.00000000000070610e-01 6 1.17936320762268938e+01
0 0 0 37 2.50000000000035305e-01 2.50000000000035305e-01 5.00000000000070610e-01 7 1.34999812379512445e+01
0 0 0 37 2.50000000000035305e-01 2.50000000000035305e-01 5.00000000000070610e-01 8 1.38959001860464486e+01
0 0 0 37 2.50000000000035305e-01 2.50000000000035305e-01 5.00000000000070610e-01 9 1.68432294336173243e+01
0 0 0 37 2.50000000000035305e-01 2.50000000000035305e-01 5.00000000000070610e-01 10 2.06946810568215938e+01
0 0 0 37 2.50000000000035305e-01 2.50000000000035305e-01 5.00000000000070610e-01 11 2.38403022107183631e+01
0 0 0 37 2.50000000000035305e-01 2.50000000000035305e-01 5.00000000000070610e-01 12 2.44987015119192897e+01
0 0 0 37 2.50000000000035305e-01 2.50000000000035305e-01 5.00000000000070610e-01 13 2.46800115643747056e+01
0 0 0 37 2.50000000000035305e-01 2.50000000000035305e-01 5.00000000000070610e-01 14 2.70695029269523850e+01
0 0 0 37 2.50000000000035305e-01 2.50000000000035305e-01 5.00000000000070610e-01 15 2.78549641062830631e+01
0 0 0 37 2.50000000000035305e-01 2.50000000000035305e-01 5.00000000000070610e-01 16 2.88872227542143776e+01
0 0 0 37 2.50000000000035305e-01 2.50000000000035305e-01 5.00000000000070610e-01 17 3.04843827400969758e+01
0 0 0 37 2.50000000000035305e-01 2.50000000000035305e-01 5.00000000000070610e-01 18 3.43518934060827945e+01
0 0 0 37 2.50000000000035305e-01 2.50000000000035305e-01 5.00000000000070610e-01 19 3.94879822757698449e+01
0 0 0 37 2.50000000000035305e-01 2.50000000000035305e-01 5.00000000000070610e-01 20 4.71775968599758286e+01
0 0 0 37 2.50000000000035305e-01 2.50000000000035305e-01 5.00000000000070610e-01 21 5.52283881451044465e+01
0 0 0 37 2.50000000000035305e-01 2.50000000000035305e-01 5.00000000000070610e-01 22 8.56233368278740272e+01
0 0 0 37 2.50000000000035305e-01 2.50000000000035305e-01 5.00000000000070610e-01 23 9.58635499918154750e+01
0 0 0 37 2.50000000000035305e-01 2.50000000000035305e-01 5.00000000000070610e-01 24 1.14131336134506995e+02
0 0 0 37 2.50000000000035305e-01 2.50000000000035305e-01 5.00000000000070610e-01 25 1.39318863909794459e+02
0 0 0 38 4.99999999999988953e-01 2.50000000000035305e-01 4.99999999999988953e-01 0 -2.86108298751102108e+00
0 0 0 38 4.99999999999988953e-01 2.50000000000035305e-01 4.99999999999988953e-01 1 -2.79955835262059001e-03
0 0 0 38 4.99999999999988953e-01 2.50000000000035305e-01 4.99999999999988953e-01 2 2.85933300989000250e+00
0 0 0 38 4.99999999999988953e-01 2.50000000000035305e-01 4.99999999999988953e-01 3 4.23356880700238491e+00
0 0 0 38 4.99999999999988953e-01 2.50000000000035305e-01 4.99999999999988953e-01 4 8.36364216523253212e+00
0 0 0 38 4.99999999999988953e-01 2.50000000000035305e-01 4.99999999999988953e-01 5 1.14632162321868645e+01
0 0 0 38 4.99999999999988953e-01 2.50000000000035305e-01 4.99999999999988953e-01 6 1.25468587478207532e+01
0 0 0 38 4.99999999999988953e-01 2.50000000000035305e-01 4.99999999999988953e-01 7 1.28108031340239545e+01
0 0 0 38 4.99999999999988953e-01 2.50000000000035305e-01 4.99999999999988953e-01 8 1.75445330210377008e+01
0 0 0 38 4.99999999999988953e-01 2.50000000000035305e-01 4.99999999999988953e-01 9 1.80492900217466108e+01
0 0 0 38 4.99999999999988953e-01 2.50000000000035305e-01 4.99999999999988953e-01 10 2.01047047207393987e+01
0 0 0 38 4.99999999999988953e-01 2.50000000000035305e-01 4.99999999999988953e-01 11 2.01288468711112714e+01
0 0 0 38 4.99999999999988953e-01 2.50000000000035305e-01 4.99999999999988953e-01 12 2.55320667436287145e+01
0 0 0 38 4.99999999999988953e-01 2.50000000000035305e-01 4.99999999999988953e-01 13 2.59329681914184071e+01
0 0 0 38 4.99999999999988953e-01 2.50000000000035305e-01 4.99999999999988953e-01 14 2.65085959070952342e+01
0 0 0 38 4.99999999999988953e-01 2.50000000000035305e-01 4.99999999999988953e-01 15 2.74187853669978310e+01
0 0 0 38 4.99999999999988953e-01 2.50000000000035305e-01 4.99999999999988953e-01 16 2.92604216723641279e+01
0 0 0 38 4.99999999999988953e-01 2.50000000000035305e-01 4.99999999999988953e-01 17 3.15710443818281483e+01
0 0 0 38 4.99999999999988953e-01 2.50000000000035305e-01 4.99999999999988953e-01 18 3.27736118146602635e+01
0 0 0 38 4.99999999999988953e-01 2.50000000000035305e-01 4.99999999999988953e-01 19 3.76441425110640040e+01
0 0 0 38 4.99999999999988953e-01 2.50000000000035305e-01 4.99999999999988953e-01 20 4.33774346543058726e+01
0 0 0 38 4.99999999999988953e-01 2.50000000000035305e-01 4.99999999999988953e-01 21 4.68552906732915346e+01
0 0 0 38 4.99999999999988953e-01 2.50000000000035305e-01 4.99999999999988953e-01 22 9.32336033724427438e+01
0 0 0 38 4.99999999999988953e-01 2.50000000000035305e-01 4.99999999999988953e-01 23 1.05504226539981190e+02
0 0 0 38 4.99999999999988953e-01 2.50000000000035305e-01 4.99999999999988953e-01 24 1.16121464812229917e+02
0 0 0 38 4.99999999999988953e-01 2.50000000000035305e-01 4.99999999999988953e-01 25 1.36199531300418585e+02
0 0 0 39 7.50000000000024203e-01 2.50000000000035305e-01 4.99999999999988898e-01 0 -1.26812156012933008e+00
0 0 0 39 7.50000000000024203e-01 2.50000000000035305e-01 4.99999999999988898e-01 1 -1.26812014093798431e+00
0 0 0 39 7.50000000000024203e-01 2.50000000000035305e-01 4.99999999999988898e-01 2 2.53792612796417316e+00
0 0 0 39 7.50000000000024203e-01 2.50000000000035305e-01 4.99999999999988898e-01 3 2.53792615976636515e+00
0 0 0 39 7.50000000000024203e-01 2.50000000000035305e-01 4.99999999999988898e-01 4 1.11095175194422584e+01
0 0 0 39 7.50000000000024203e-01 2.50000000000035305e-01 4.99999999999988898e-01 5 1.11095203008824832e+01
0 0 0 39 7.50000000000024203e-01 2.50000000000035305e-01 4.99999999999988898e-01 6 1.20219765188462748e+01
0 0 0 39 7.50000000000024203e-01 2.50000000000035305e-01 4.99999999999988898e-01 7 1.20219771588670312e+01
0 0 0 39 7.50000000000024203e-01 2.50000000000035305e-01 4.99999999999988898e-01 8 1.74329907323669318e+01
0 0 0 39 7.50000000000024203e-01 2.50000000000035305e-01 4.99999999999988898e-01 9 1.74329909751491208e+01
0 0 0 39 7.50000000000024203e-01 2.50000000000035305e-01 4.99999999999988898e-01 10 2.12236709967332793e+01
0 0 0 39 7.50000000000024203e-01 2.50000000000035305e-01 4.99999999999988898e-01 11 2.12236717860890103e+01
0 0 0 39 7.50000000000024203e-01 2.50000000000035305e-01 4.99999999999988898e-01 12 2.63449709131003118e+01
0 0 0 39 7.50000000000024203e-01 2.50000000000035305e-01 4.99999999999988898e-01 13 2.63449739569915558e+01
0 0 0 39 7.50000000000024203e-01 2.50000000000035305e-01 4.99999999999988898e-01 14 2.73527362429683549e+01
0 0 0 39 7.50000000000024203e-01 2.50000000000035305e-01 4.99999999999988898e-01 15 2.73527515475288681e+01
0 0 0 39 7.50000000000024203e-01 2.50000000000035305e-01 4.99999999999988898e-01 16 2.74414776340299973e+01
0 0 0 39 7.50000000000024203e-01 2.50000000000035305e-01 4.99999999999988898e-01 17 2.74414815584045577e+01
0 0 0 39 7.50000000000024203e-01 2.50000000000035305e-01 4.99999999999988898e-01 18 3.42114854151754670e+01
0 0 0 39 7.50000000000024203e-01 2.50000000000035305e-01 4.99999999999988898e-01 19 3.42114873024101058e+01
0 0 0 39 7.50000000000024203e-01 2.50000000000035305e-01 4.99999999999988898e-01 20 4.57617919785976355e+01
0 0 0 39 7.50000000000024203e-01 2.50000000000035305e-01 4.99999999999988898e-01 21 4.57618275999321753e+01
0 0 0 39 7.50000000000024203e-01 2.50000000000035305e-01 4.99999999999988898e-01 22 1.18714092293159894e+02
0 0 0 39 7.50000000000024203e-01 2.50000000000035305e-01 4.99999999999988898e-01 23 1.18714332331641728e+02
0 0 0 39 7.50000000000024203e-01 2.50000000000035305e-01 4.99999999999988898e-01 24 1.25069972555092946e+02
0 0 0 39 7.50000000000024203e-01 2.50000000000035305e-01 4.99999999999988898e-01 25 1.25070116979704792e+02
0 0 0 40 0.00000000000000000e+00 4.99999999999988898e-01 4.99999999999988898e-01 0 -1.43299158792956427e+00
0 0 0 40 0.00000000000000000e+00 4.99999999999988898e-01 4.99999999999988898e-01 1 -1.43298966071494349e+00
0 0 0 40 0.00000000000000000e+00 4.99999999999988898e-01 4.99999999999988898e-01 2 3.58371742379163205e+00
0 0 0 40 0.00000000000000000e+00 4.99999999999988898e-01 4.99999999999988898e-01 3 3.58371742379168623e+00
0 0 0 40 0.00000000000000000e+00 4.99999999999988898e-01 4.99999999999988898e-01 4 7.52239651532337117e+00
0 0 0 40 0.00000000000000000e+00 4.99999999999988898e-01 4.99999999999988898e-01 5 7.52240190897773697e+00
0 0 0 40 0.00000000000000000e+00 4.99999999999988898e-01 4.99999999999988898e-01 6 1.68540934583404933e+01
0 0 0 40 0.00000000000000000e+00 4.99999999999988898e-01 4.99999999999988898e-01 7 1.68540934583405999e+01
0 0 0 40 0.00000000000000000e+00 4.99999999999988898e-01 4.99999999999988898e-01 8 1.81121424486641374e+01
0 0 0 40 0.00000000000000000e+00 4.99999999999988898e-01 4.99999999999988898e-01 9 1.81121424486641374e+01
0 0 0 40 0.00000000000000000e+00 4.99999999999988898e-01 4.99999999999988898e-01 10 2.05878224250362294e+01
0 0 0 40 0.00000000000000000e+00 4.99999999999988898e-01 4.99999999999988898e-01 11 2.05878227300969279e+01
0 0 0 40 0.00000000000000000e+00 4.99999999999988898e-01 4.99999999999988898e-01 12 2.10420979604160436e+01
0 0 0 40 0.00000000000000000e+00 4.99999999999988898e-01 4.99999999999988898e-01 13 2.10420989386425212e+01
0 0 0 40 0.00000000000000000e+00 4.99999999999988898e-01 4.99999999999988898e-01 14 2.93787460125577482e+01
0 0 0 40 0.00000000000000000e+00 4.99999999999988898e-01 4.99999999999988898e-01 15 2.93787679773719006e+01
0 0 0 40 0.00000000000000000e+00 4.99999999999988898e-01 4.99999999999988898e-01 16 3.24440847209759298e+01
0 0 0 40 0.00000000000000000e+00 4.99999999999988898e-01 4.99999999999988898e-01 17 3.24440847209760932e+01
0 0 0 40 0.00000000000000000e+00 4.99999999999988898e-01 4.99999999999988898e-01 18 3.42725379543569701e+01
0 0 0 40 0.00000000000000000e+00 4.99999999999988898e-01 4.99999999999988898e-01 19 3.42725593944827551e+01
0 0 0 40 0.00000000000000000e+00 4.99999999999988898e-01 4.99999999999988898e-01 20 3.75019907734039890e+01
0 0 0 40 0.00000000000000000e+00 4.99999999999988898e-01 4.99999999999988898e-01 21 3.75019907734043443e+01
0 0 0 40 0.00000000000000000e+00 4.99999999999988898e-01 4.99999999999988898e-01 22 1.12297266016077842e+02
0 0 0 40 0.00000000000000000e+00 4.99999999999988898e-01 4.99999999999988898e-01 23 1.12297266016083839e+02
0 0 0 40 0.00000000000000000e+00 4.99999999999988898e-01 4.99999999999988898e-01 24 1.27998191864268378e+02
0 0 0 40 0.00000000000000000e+00 4.99999999999988898e-01 4.99999999999988898e-01 25 1.27998308398695528e+02
0 0 0 41 2.50000000000035305e-01 4.99999999999988953e-01 4.99999999999988953e-01 0 -2.86108298751102108e+00
0 0 0 41 2.50000000000035305e-01 4.99999999999988953e-01 4.99999999999988953e-01 1 -2.79955835259337827e-03
0 0 0 41 2.50000000000035305e-01 4.99999999999988953e-01 4.99999999999988953e-01 2 2.85933300989000250e+00
0 0 0 41 2.50000000000035305e-01 4.99999999999988953e-01 4.99999999999988953e-01 3 4.23356880700230320e+00
0 0 0 41 2.50000000000035305e-01 4.99999999999988953e-01 4.99999999999988953e-01 4 8.36364216523250548e+00
0 0 0 41 2.50000000000035305e-01 4.99999999999988953e-01 4.99999999999988953e-01 5 1.14632162321868645e+01
0 0 0 41 2.50000000000035305e-01 4.99999999999988953e-01 4.99999999999988953e-01 6 1.25468587478207798e+01
0 0 0 41 2.50000000000035305e-01 4.99999999999988953e-01 4.99999999999988953e-01 7 1.28108031340239013e+01
0 0 0 41 2.50000000000035305e-01 4.99999999999988953e-01 4.99999999999988953e-01 8 1.75445330210377008e+01
0 0 0 41 2.50000000000035305e-01 4.99999999999988953e-01 4.99999999999988953e-01 9 1.80492900217465291e+01
0 0 0 41 2.50000000000035305e-01 4.99999999999988953e-01 4.99999999999988953e-01 10 2.01047047207393987e+01
0 0 0 41 2.50000000000035305e-01 4.99999999999988953e-01 4.99999999999988953e-01 11 2.01288468711112145e+01
0 0 0 41 2.50000000000035305e-01 4.99999999999988953e-01 4.99999999999988953e-01 12 2.55320667436287145e+01
0 0 0 41 2.50000000000035305e-01 4.99999999999988953e-01 4.99999999999988953e-01 13 2.59329681914185173e+01
0 0 0 41 2.50000000000035305e-01 4.99999999999988953e-01 4.99999999999988953e-01 14 2.65085959070951525e+01
0 0 0 41 2.50000000000035305e-01 4.99999999999988953e-01 4.99999999999988953e-01 15 2.74187853669978310e+01
0 0 0 41 2.50000000000035305e-01 4.99999999999988953e-01 4.99999999999988953e-01 16 2.92604216723640711e+01
0 0 0 41 2.50000000000035305e-01 4.99999999999988953e-01 4.99999999999988953e-01 17 3.15710443818282798e+01
0 0 0 41 2.50000000000035305e-01 4.99999999999988953e-01 4.99999999999988953e-01 18 3.27736118146601356e+01
0 0 0 41 2.50000000000035305e-01 4.99999999999988953e-01 4.99999999999988953e-01 19 3.76441425110640537e+01
0 0 0 41 2.50000000000035305e-01 4.99999999999988953e-01 4.99999999999988953e-01 20 4.33774346543055671e+01
0 0 0 41 2.50000000000035305e-01 4.99999999999988953e-01 4.99999999999988953e-01 21 4.68552906732918046e+01
0 0 0 41 2.50000000000035305e-01 4.99999999999988953e-01 4.99999999999988953e-01 22 9.32336033724399869e+01
0 0 0 41 2.50000000000035305e-01 4.99999999999988953e-01 4.99999999999988953e-01 23 1.05504226539982042e+02
0 0 0 41 2.50000000000035305e-01 4.99999999999988953e-01 4.99999999999988953e-01 24 1.16121464812228453e+02
0 0 0 41 2.50000000000035305e-01 4.99999999999988953e-01 4.99999999999988953e-01 25 1.36199531300418670e+02
0 0 0 42 5.00000000000070610e-01 5.00000000000070610e-01 5.00000000000070610e-01 0 -3.24596580198793605e+00
0 0 0 42 5.00000000000070610e-01 5.00000000000070610e-01 5.00000000000070610e-01 1 -6.04418885752145529e-01
0 0 0 42 5.00000000000070610e-01 5.00000000000070610e-01 5.00000000000070610e-01 2 5.24067752011174104e+00
0 0 0 42 5.00000000000070610e-01 5.00000000000070610e-01 5.00000000000070610e-01 3 5.24067752011176768e+00
0 0 0 42 5.00000000000070610e-01 5.00000000000070610e-01 5.00000000000070610e-01 4 8.10635145303613847e+00
0 0 0 42 5.00000000000070610e-01 5.00000000000070610e-01 5.00000000000070610e-01 5 1.01723325320598832e+01
0 0 0 42 5.00000000000070610e-01 5.00000000000070610e-01 5.00000000000070610e-01 6 1.01723325320598832e+01
0 0 0 42 5.00000000000070610e-01 5.00000000000070610e-01 5.00000000000070610e-01 7 1.75471393083259706e+01
0 0 0 42 5.00000000000070610e-01 5.00000000000070610e-01 5.00000000000070610e-01 8 1.80041084701005758e+01
0 0 0 42 5.00000000000070610e-01 5.00000000000070610e-01 5.00000000000070610e-01 9 1.80041084701005758e+01
0 0 0 42 5.00000000000070610e-01 5.00000000000070610e-01 5.00000000000070610e-01 10 1.83579416029928915e+01
0 0 0 42 5.00000000000070610e-01 5.00000000000070610e-01 5.00000000000070610e-01 11 1.97306204018279310e+01
0 0 0 42 5.00000000000070610e-01 5.00000000000070610e-01 5.00000000000070610e-01 12 1.97306204018279878e+01
0 0 0 42 5.00000000000070610e-01 5.00000000000070610e-01 5.00000000000070610e-01 13 2.65327225509090425e+01
0 0 0 42 5.00000000000070610e-01 5.00000000000070610e-01 5.00000000000070610e-01 14 2.84591910703909861e+01
0 0 0 42 5.00000000000070610e-01 5.00000000000070610e-01 5.00000000000070610e-01 15 2.96489496347264598e+01
0 0 0 42 5.00000000000070610e-01 5.00000000000070610e-01 5.00000000000070610e-01 16 2.96489496347264847e+01
0 0 0 42 5.00000000000070610e-01 5.00000000000070610e-01 5.00000000000070610e-01 17 3.36128535729160234e+01
0 0 0 42 5.00000000000070610e-01 5.00000000000070610e-01 5.00000000000070610e-01 18 3.36128535729161584e+01
0 0 0 42 5.00000000000070610e-01 5.00000000000070610e-01 5.00000000000070610e-01 19 3.64309474830752862e+01
0 0 0 42 5.00000000000070610e-01 5.00000000000070610e-01 5.00000000000070610e-01 20 6.21815263312237860e+01
0 0 0 42 5.00000000000070610e-01 5.00000000000070610e-01 5.00000000000070610e-01 21 6.21815263312264790e+01
0 0 0 42 5.00000000000070610e-01 5.00000000000070610e-01 5.00000000000070610e-01 22 7.32589956292644899e+01
0 0 0 42 5.00000000000070610e-01 5.00000000000070610e-01 5.00000000000070610e-01 23 7.32589956292654279e+01
0 0 0 42 5.00000000000070610e-01 5.00000000000070610e-01 5.00000000000070610e-01 24 1.06593772898442879e+02
0 0 0 42 5.00000000000070610e-01 5.00000000000070610e-01 5.00000000000070610e-01 25 1.45626421941854204e+02
0 0 0 43 7.49999999999942601e-01 4.99999999999988953e-01 4.99999999999988953e-01 0 -2.86108298751099399e+00
0 0 0 43 7.49999999999942601e-01 4.99999999999988953e-01 4.99999999999988953e-01 1 -2.79955835256616697e-03
0 0 0 43 7.49999999999942601e-01 4.99999999999988953e-01 4.99999999999988953e-01 2 2.85933300988997496e+00
0 0 0 43 7.49999999999942601e-01 4.99999999999988953e-01 4.99999999999988953e-01 3 4.23356880700235738e+00
0 0 0 43 7.49999999999942601e-01 4.99999999999988953e-01 4.99999999999988953e-01 4 8.36364216523250548e+00
0 0 0 43 7.49999999999942601e-01 4.99999999999988953e-01 4.99999999999988953e-01 5 1.14632162321868645e+01
0 0 0 43 7.49999999999942601e-01 4.99999999999988953e-01 4.99999999999988953e-01 6 1.25468587478207798e+01
0 0 0 43 7.49999999999942601e-01 4.99999999999988953e-01 4.99999999999988953e-01 7 1.28108031340239013e+01
0 0 0 43 7.49999999999942601e-01 4.99999999999988953e-01 4.99999999999988953e-01 8 1.75445330210377008e+01
0 0 0 43 7.49999999999942601e-01 4.99999999999988953e-01 4.99999999999988953e-01 9 1.80492900217465291e+01
0 0 0 43 7.49999999999942601e-01 4.99999999999988953e-01 4.99999999999988953e-01 10 2.01047047207393739e+01
0 0 0 43 7.49999999999942601e-01 4.99999999999988953e-01 4.99999999999988953e-01 11 2.01288468711112429e+01
0 0 0 43 7.49999999999942601e-01 4.99999999999988953e-01 4.99999999999988953e-01 12 2.55320667436287145e+01
0 0 0 43 7.49999999999942601e-01 4.99999999999988953e-01 4.99999999999988953e-01 13 2.59329681914184889e+01
0 0 0 43 7.49999999999942601e-01 4.99999999999988953e-01 4.99999999999988953e-01 14 2.65085959070951525e+01
0 0 0 43 7.49999999999942601e-01 4.99999999999988953e-01 4.99999999999988953e-01 15 2.74187853669978558e+01
0 0 0 43 7.49999999999942601e-01 4.99999999999988953e-01 4.99999999999988953e-01 16 2.92604216723641031e+01
0 0 0 43 7.49999999999942601e-01 4.99999999999988953e-01 4.99999999999988953e-01 17 3.15710443818282549e+01
0 0 0 43 7.49999999999942601e-01 4.99999999999988953e-01 4.99999999999988953e-01 18 3.27736118146601072e+01
0 0 0 43 7.49999999999942601e-01 4.99999999999988953e-01 4.99999999999988953e-01 19 3.76441425110639685e+01
0 0 0 43 7.49999999999942601e-01 4.99999999999988953e-01 4.99999999999988953e-01 20 4.33774346543055955e+01
0 0 0 43 7.49999999999942601e-01 4.99999999999988953e-01 4.99999999999988953e-01 21 4.68552906732918331e+01
0 0 0 43 7.49999999999942601e-01 4.99999999999988953e-01 4.99999999999988953e-01 22 9.32336033724402711e+01
0 0 0 43 7.49999999999942601e-01 4.99999999999988953e-01 4.99999999999988953e-01 23 1.05504226539981829e+02
0 0 0 43 7.49999999999942601e-01 4.99999999999988953e-01 4.99999999999988953e-01 24 1.16121464812227586e+02
0 0 0 43 7.49999999999942601e-01 4.99999999999988953e-01 4.99999999999988953e-01 25 1.36199531300420347e+02
0 0 0 44 0.00000000000000000e+00 7.50000000000024314e-01 4.99999999999989009e-01 0 -2.86108298751102108e+00
0 0 0 44 0.00000000000000000e+00 7.50000000000024314e-01 4.99999999999989009e-01 1 -2.79955835259337827e-03
0 0 0 44 0.00000000000000000e+00 7.50000000000024314e-01 4.99999999999989009e-01 2 2.85933300988997496e+00
0 0 0 44 0.00000000000000000e+00 7.50000000000024314e-01 4.99999999999989009e-01 3 4.23356880700238491e+00
0 0 0 44 0.00000000000000000e+00 7.50000000000024314e-01 4.99999999999989009e-01 4 8.36364216523250548e+00
0 0 0 44 0.00000000000000000e+00 7.50000000000024314e-01 4.99999999999989009e-01 5 1.14632162321868911e+01
0 0 0 44 0.00000000000000000e+00 7.50000000000024314e-01 4.99999999999989009e-01 6 1.25468587478207798e+01
0 0 0 44 0.00000000000000000e+00 7.50000000000024314e-01 4.99999999999989009e-01 7 1.28108031340239279e+01
0 0 0 44 0.00000000000000000e+00 7.50000000000024314e-01 4.99999999999989009e-01 8 1.75445330210377541e+01
0 0 0 44 0.00000000000000000e+00 7.50000000000024314e-01 4.99999999999989009e-01 9 1.80492900217465824e+01
0 0 0 44 0.00000000000000000e+00 7.50000000000024314e-01 4.99999999999989009e-01 10 2.01047047207393987e+01
0 0 0 44 0.00000000000000000e+00 7.50000000000024314e-01 4.99999999999989009e-01 11 2.01288468711112429e+01
0 0 0 44 0.00000000000000000e+00 7.50000000000024314e-01 4.99999999999989009e-01 12 2.55320667436287145e+01
0 0 0 44 0.00000000000000000e+00 7.50000000000024314e-01 4.99999999999989009e-01 13 2.59329681914184640e+01
0 0 0 44 0.00000000000000000e+00 7.50000000000024314e-01 4.99999999999989009e-01 14 2.65085959070951773e+01
0 0 0 44 0.00000000000000000e+00 7.50000000000024314e-01 4.99999999999989009e-01 15 2.74187853669978310e+01
0 0 0 44 0.00000000000000000e+00 7.50000000000024314e-01 4.99999999999989009e-01 16 2.92604216723641031e+01
0 0 0 44 0.00000000000000000e+00 7.50000000000024314e-01 4.99999999999989009e-01 17 3.15710443818282265e+01
0 0 0 44 0.00000000000000000e+00 7.50000000000024314e-01 4.99999999999989009e-01 18 3.27736118146601569e+01
0 0 0 44 0.00000000000000000e+00 7.50000000000024314e-01 4.99999999999989009e-01 19 3.76441425110641319e+01
0 0 0 44 0.00000000000000000e+00 7.50000000000024314e-01 4.99999999999989009e-01 20 4.33774346543056240e+01
0 0 0 44 0.00000000000000000e+00 7.50000000000024314e-01 4.99999999999989009e-01 21 4.68552906732922665e+01
0 0 0 44 0.00000000000000000e+00 7.50000000000024314e-01 4.99999999999989009e-01 22 9.32336033724404558e+01
0 0 0 44 0.00000000000000000e+00 7.50000000000024314e-01 4.99999999999989009e-01 23 1.05504226539984089e+02
0 0 0 44 0.00000000000000000e+00 7.50000000000024314e-01 4.99999999999989009e-01 24 1.16121464812232546e+02
0 0 0 44 0.00000000000000000e+00 7.50000000000024314e-01 4.99999999999989009e-01 25 1.36199531300424582e+02
0 0 0 45 2.50000000000035305e-01 7.50000000000024203e-01 4.99999999999988898e-01 0 -1.26812156012933008e+00
0 0 0 45 2.50000000000035305e-01 7.50000000000024203e-01 4.99999999999988898e-01 1 -1.26812014093809311e+00
0 0 0 45 2.50000000000035305e-01 7.50000000000024203e-01 4.99999999999988898e-01 2 2.53792612796414607e+00
0 0 0 45 2.50000000000035305e-01 7.50000000000024203e-01 4.99999999999988898e-01 3 2.53792615976636515e+00
0 0 0 45 2.50000000000035305e-01 7.50000000000024203e-01 4.99999999999988898e-01 4 1.11095175194422584e+01
0 0 0 45 2.50000000000035305e-01 7.50000000000024203e-01 4.99999999999988898e-01 5 1.11095203008824832e+01
0 0 0 45 2.50000000000035305e-01 7.50000000000024203e-01 4.99999999999988898e-01 6 1.20219765188463015e+01
0 0 0 45 2.50000000000035305e-01 7.50000000000024203e-01 4.99999999999988898e-01 7 1.20219771588670596e+01
0 0 0 45 2.50000000000035305e-01 7.50000000000024203e-01 4.99999999999988898e-01 8 1.74329907323669318e+01
0 0 0 45 2.50000000000035305e-01 7.50000000000024203e-01 4.99999999999988898e-01 9 1.74329909751491208e+01
0 0 0 45 2.50000000000035305e-01 7.50000000000024203e-01 4.99999999999988898e-01 10 2.12236709967333077e+01
0 0 0 45 2.50000000000035305e-01 7.50000000000024203e-01 4.99999999999988898e-01 11 2.12236717860890387e+01
0 0 0 45 2.50000000000035305e-01 7.50000000000024203e-01 4.99999999999988898e-01 12 2.63449709131003367e+01
0 0 0 45 2.50000000000035305e-01 7.50000000000024203e-01 4.99999999999988898e-01 13 2.63449739569915558e+01
0 0 0 45 2.50000000000035305e-01 7.50000000000024203e-01 4.99999999999988898e-01 14 2.73527362429683549e+01
0 0 0 45 2.50000000000035305e-01 7.50000000000024203e-01 4.99999999999988898e-01 15 2.73527515475288965e+01
0 0 0 45 2.50000000000035305e-01 7.50000000000024203e-01 4.99999999999988898e-01 16 2.74414776340299973e+01
0 0 0 45 2.50000000000035305e-01 7.50000000000024203e-01 4.99999999999988898e-01 17 2.74414815584045826e+01
0 0 0 45 2.50000000000035305e-01 7.50000000000024203e-01 4.99999999999988898e-01 18 3.42114854151754670e+01
0 0 0 45 2.50000000000035305e-01 7.50000000000024203e-01 4.99999999999988898e-01 19 3.42114873024101342e+01
0 0 0 45 2.50000000000035305e-01 7.50000000000024203e-01 4.99999999999988898e-01 20 4.57617919785976142e+01
0 0 0 45 2.50000000000035305e-01 7.50000000000024203e-01 4.99999999999988898e-01 21 4.57618275999321185e+01
0 0 0 45 2.50000000000035305e-01 7.50000000000024203e-01 4.99999999999988898e-01 22 1.18714092293161443e+02
0 0 0 45 2.50000000000035305e-01 7.50000000000024203e-01 4.99999999999988898e-01 23 1.18714332331641643e+02
0 0 0 45 2.50000000000035305e-01 7.50000000000024203e-01 4.99999999999988898e-01 24 1.25069972555092590e+02
0 0 0 45 2.50000000000035305e-01 7.50000000000024203e-01 4.99999999999988898e-01 25 1.25070116979704451e+02
0 0 0 46 4.99999999999988953e-01 7.49999999999942601e-01 4.99999999999988953e-01 0 -2.86108298751102108e+00
0 0 0 46 4.99999999999988953e-01 7.49999999999942601e-01 4.99999999999988953e-01 1 -2.79955835262059001e-03
0 0 0 46 4.99999999999988953e-01 7.49999999999942601e-01 4.99999999999988953e-01 2 2.85933300988997496e+00
0 0 0 46 4.99999999999988953e-01 7.49999999999942601e-01 4.99999999999988953e-01 3 4.23356880700235738e+00
0 0 0 46 4.99999999999988953e-01 7.49999999999942601e-01 4.99999999999988953e-01 4 8.36364216523253212e+00
0 0 0 46 4.99999999999988953e-01 7.49999999999942601e-01 4.99999999999988953e-01 5 1.14632162321868645e+01
0 0 0 46 4.99999999999988953e-01 7.49999999999942601e-01 4.99999999999988953e-01 6 1.25468587478207532e+01
0 0 0 46 4.99999999999988953e-01 7.49999999999942601e-01 4.99999999999988953e-01 7 1.28108031340239545e+01
0 0 0 46 4.99999999999988953e-01 7.49999999999942601e-01 4.99999999999988953e-01 8 1.75445330210376724e+01
0 0 0 46 4.99999999999988953e-01 7.49999999999942601e-01 4.99999999999988953e-01 9 1.80492900217466108e+01
0 0 0 46 4.99999999999988953e-01 7.49999999999942601e-01 4.99999999999988953e-01 10 2.01047047207393987e+01
0 0 0 46 4.99999999999988953e-01 7.49999999999942601e-01 4.99999999999988953e-01 11 2.01288468711112429e+01
0 0 0 46 4.99999999999988953e-01 7.49999999999942601e-01 4.99999999999988953e-01 12 2.55320667436287145e+01
0 0 0 46 4.99999999999988953e-01 7.49999999999942601e-01 4.99999999999988953e-01 13 2.59329681914183823e+01
0 0 0 46 4.99999999999988953e-01 7.49999999999942601e-01 4.99999999999988953e-01 14 2.65085959070952057e+01
0 0 0 46 4.99999999999988953e-01 7.49999999999942601e-01 4.99999999999988953e-01 15 2.74187853669978310e+01
0 0 0 46 4.99999999999988953e-01 7.49999999999942601e-01 4.99999999999988953e-01 16 2.92604216723641564e+01
0 0 0 46 4.99999999999988953e-01 7.49999999999942601e-01 4.99999999999988953e-01 17 3.15710443818281732e+01
0 0 0 46 4.99999999999988953e-01 7.49999999999942601e-01 4.99999999999988953e-01 18 3.27736118146602138e+01
0 0 0 46 4.99999999999988953e-01 7.49999999999942601e-01 4.99999999999988953e-01 19 3.76441425110640253e+01
0 0 0 46 4.99999999999988953e-01 7.49999999999942601e-01 4.99999999999988953e-01 20 4.33774346543058726e+01
0 0 0 46 4.99999999999988953e-01 7.49999999999942601e-01 4.99999999999988953e-01 21 4.68552906732915559e+01
0 0 0 46 4.99999999999988953e-01 7.49999999999942601e-01 4.99999999999988953e-01 22 9.32336033724434827e+01
0 0 0 46 4.99999999999988953e-01 7.49999999999942601e-01 4.99999999999988953e-01 23 1.05504226539981516e+02
0 0 0 46 4.99999999999988953e-01 7.49999999999942601e-01 4.99999999999988953e-01 24 1.16121464812231068e+02
0 0 0 46 4.99999999999988953e-01 7.49999999999942601e-01 4.99999999999988953e-01 25 1.36199531300417192e+02
0 0 0 47 7.50000000000024203e-01 7.50000000000024203e-01 5.00000000000070610e-01 0 -3.53849822179903395e+00
0 0 0 47 7.50000000000024203e-01 7.50000000000024203e-01 5.00000000000070610e-01 1 9.06912416253456422e-01
0 0 0 47 7.50000000000024203e-01 7.50000000000024203e-01 5.00000000000070610e-01 2 2.63481016961342673e+00
0 0 0 47 7.50000000000024203e-01 7.50000000000024203e-01 5.00000000000070610e-01 3 5.10631189803305219e+00
0 0 0 47 7.50000000000024203e-01 7.50000000000024203e-01 5.00000000000070610e-01 4 9.31446521881768952e+00
0 0 0 47 7.50000000000024203e-01 7.50000000000024203e-01 5.00000000000070610e-01 5 1.15339182333741750e+01
0 0 0 47 7.50000000000024203e-01 7.50000000000024203e-01 5.00000000000070610e-01 6 1.17936320762268938e+01
0 0 0 47 7.50000000000024203e-01 7.50000000000024203e-01 5.00000000000070610e-01 7 1.34999812379512445e+01
0 0 0 47 7.50000000000024203e-01 7.50000000000024203e-01 5.00000000000070610e-01 8 1.38959001860464486e+01
0 0 0 47 7.50000000000024203e-01 7.50000000000024203e-01 5.00000000000070610e-01 9 1.68432294336173527e+01
0 0 0 47 7.50000000000024203e-01 7.50000000000024203e-01 5.00000000000070610e-01 10 2.06946810568216186e+01
0 0 0 47 7.50000000000024203e-01 7.50000000000024203e-01 5.00000000000070610e-01 11 2.38403022107183631e+01
0 0 0 47 7.50000000000024203e-01 7.50000000000024203e-01 5.00000000000070610e-01 12 2.44987015119192897e+01
0 0 0 47 7.50000000000024203e-01 7.50000000000024203e-01 5.00000000000070610e-01 13 2.46800115643746771e+01
0 0 0 47 7.50000000000024203e-01 7.50000000000024203e-01 5.00000000000070610e-01 14 2.70695029269523566e+01
0 0 0 47 7.50000000000024203e-01 7.50000000000024203e-01 5.00000000000070610e-01 15 2.78549641062830382e+01
0 0 0 47 7.50000000000024203e-01 7.50000000000024203e-01 5.00000000000070610e-01 16 2.88872227542143527e+01
0 0 0 47 7.50000000000024203e-01 7.50000000000024203e-01 5.00000000000070610e-01 17 3.04843827400970007e+01
0 0 0 47 7.50000000000024203e-01 7.50000000000024203e-01 5.00000000000070610e-01 18 3.43518934060827732e+01
0 0 0 47 7.50000000000024203e-01 7.50000000000024203e-01 5.00000000000070610e-01 19 3.94879822757698733e+01
0 0 0 47 7.50000000000024203e-01 7.50000000000024203e-01 5.00000000000070610e-01 20 4.71775968599758002e+01
0 0 0 47 7.50000000000024203e-01 7.50000000000024203e-01 5.00000000000070610e-01 21 5.52283881451045531e+01
0 0 0 47 7.50000000000024203e-01 7.50000000000024203e-01 5.00000000000070610e-01 22 8.56233368278736720e+01
0 0 0 47 7.50000000000024203e-01 7.50000000000024203e-01 5.00000000000070610e-01 23 9.58635499918132297e+01
0 0 0 47 7.50000000000024203e-01 7.50000000000024203e-01 5.00000000000070610e-01 24 1.14131336134510747e+02
0 0 0 47 7.50000000000024203e-01 7.50000000000024203e-01 5.00000000000070610e-01 25 1.39318863909795112e+02
0 0 0 48 0.00000000000000000e+00 0.00000000000000000e+00 7.49999999999942601e-01 0 -4.77928439869774557e+00
0 0 0 48 0.00000000000000000e+00 0.00000000000000000e+00 7.49999999999942601e-01 1 2.46680605279676168e+00
0 0 0 48 0.00000000000000000e+00 0.00000000000000000e+00 7.49999999999942601e-01 2 5.67615955045465181e+00
0 0 0 48 0.00000000000000000e+00 0.00000000000000000e+00 7.49999999999942601e-01 3 5.67615955045473264e+00
0 0 0 48 0.00000000000000000e+00 0.00000000000000000e+00 7.49999999999942601e-01 4 8.63478008904079353e+00
0 0 0 48 0.00000000000000000e+00 0.00000000000000000e+00 7.49999999999942601e-01 5 1.01791067980607934e+01
0 0 0 48 0.00000000000000000e+00 0.00000000000000000e+00 7.49999999999942601e-01 6 1.01791067980608219e+01
0 0 0 48 0.00000000000000000e+00 0.00000000000000000e+00 7.49999999999942601e-01 7 1.38167819259345883e+01
0 0 0 48 0.00000000000000000e+00 0.00000000000000000e+00 7.49999999999942601e-01 8 1.47511644089769707e+01
0 0 0 48 0.00000000000000000e+00 0.00000000000000000e+00 7.49999999999942601e-01 9 1.47511644089769973e+01
0 0 0 48 0.00000000000000000e+00 0.00000000000000000e+00 7.49999999999942601e-01 10 1.98647145492865889e+01
0 0 0 48 0.00000000000000000e+00 0.00000000000000000e+00 7.49999999999942601e-01 11 2.28825557074830108e+01
0 0 0 48 0.00000000000000000e+00 0.00000000000000000e+00 7.49999999999942601e-01 12 2.32685984980903449e+01
0 0 0 48 0.00000000000000000e+00 0.00000000000000000e+00 7.49999999999942601e-01 13 2.32685984980903449e+01
0 0 0 48 0.00000000000000000e+00 0.00000000000000000e+00 7.49999999999942601e-01 14 2.95249480917060865e+01
0 0 0 48 0.00000000000000000e+00 0.00000000000000000e+00 7.49999999999942601e-01 15 2.95249480917061149e+01
0 0 0 48 0.00000000000000000e+00 0.00000000000000000e+00 7.49999999999942601e-01 16 3.14747523700925314e+01
0 0 0 48 0.00000000000000000e+00 0.00000000000000000e+00 7.49999999999942601e-01 17 3.39472997493825446e+01
0 0 0 48 0.00000000000000000e+00 0.00000000000000000e+00 7.49999999999942601e-01 18 3.39472997493825446e+01
0 0 0 48 0.00000000000000000e+00 0.00000000000000000e+00 7.49999999999942601e-01 19 4.32507293026723971e+01
0 0 0 48 0.00000000000000000e+00 0.00000000000000000e+00 7.49999999999942601e-01 20 6.13761034511613062e+01
0 0 0 48 0.00000000000000000e+00 0.00000000000000000e+00 7.49999999999942601e-01 21 6.13761034511639139e+01
0 0 0 48 0.00000000000000000e+00 0.00000000000000000e+00 7.49999999999942601e-01 22 9.84576719779510086e+01
0 0 0 48 0.00000000000000000e+00 0.00000000000000000e+00 7.49999999999942601e-01 23 9.84576719779563376e+01
0 0 0 48 0.00000000000000000e+00 0.00000000000000000e+00 7.49999999999942601e-01 24 1.04798743835718724e+02
0 0 0 48 0.00000000000000000e+00 0.00000000000000000e+00 7.49999999999942601e-01 25 1.54047557201720537e+02
0 0 0 49 2.49999999999953593e-01 0.00000000000000000e+00 7.50000000000024203e-01 0 -3.53849822179903395e+00
0 0 0 49 2.49999999999953593e-01 0.00000000000000000e+00 7.50000000000024203e-01 1 9.06912416253456422e-01
0 0 0 49 2.49999999999953593e-01 0.00000000000000000e+00 7.50000000000024203e-01 2 2.63481016961334502e+00
0 0 0 49 2.49999999999953593e-01 0.00000000000000000e+00 7.50000000000024203e-01 3 5.10631189803310725e+00
0 0 0 49 2.49999999999953593e-01 0.00000000000000000e+00 7.50000000000024203e-01 4 9.31446521881757938e+00
0 0 0 49 2.49999999999953593e-01 0.00000000000000000e+00 7.50000000000024203e-01 5 1.15339182333742016e+01
0 0 0 49 2.49999999999953593e-01 0.00000000000000000e+00 7.50000000000024203e-01 6 1.17936320762269471e+01
0 0 0 49 2.49999999999953593e-01 0.00000000000000000e+00 7.50000000000024203e-01 7 1.34999812379511344e+01
0 0 0 49 2.49999999999953593e-01 0.00000000000000000e+00 7.50000000000024203e-01 8 1.38959001860464486e+01
0 0 0 49 2.49999999999953593e-01 0.00000000000000000e+00 7.50000000000024203e-01 9 1.68432294336173776e+01
0 0 0 49 2.49999999999953593e-01 0.00000000000000000e+00 7.50000000000024203e-01 10 2.06946810568215653e+01
0 0 0 49 2.49999999999953593e-01 0.00000000000000000e+00 7.50000000000024203e-01 11 2.38403022107183062e+01
0 0 0 49 2.49999999999953593e-01 0.00000000000000000e+00 7.50000000000024203e-01 12 2.44987015119193430e+01
0 0 0 49 2.49999999999953593e-01 0.00000000000000000e+00 7.50000000000024203e-01 13 2.46800115643747340e+01
0 0 0 49 2.49999999999953593e-01 0.00000000000000000e+00 7.50000000000024203e-01 14 2.70695029269523850e+01
0 0 0 49 2.49999999999953593e-01 0.00000000000000000e+00 7.50000000000024203e-01 15 2.78549641062827895e+01
0 0 0 49 2.49999999999953593e-01 0.00000000000000000e+00 7.50000000000024203e-01 16 2.88872227542143243e+01
0 0 0 49 2.49999999999953593e-01 0.00000000000000000e+00 7.50000000000024203e-01 17 3.04843827400970540e+01
0 0 0 49 2.49999999999953593e-01 0.00000000000000000e+00 7.50000000000024203e-01 18 3.43518934060828514e+01
0 0 0 49 2.49999999999953593e-01 0.00000000000000000e+00 7.50000000000024203e-01 19 3.94879822757694612e+01
0 0 0 49 2.49999999999953593e-01 0.00000000000000000e+00 7.50000000000024203e-01 20 4.71775968599758286e+01
0 0 0 49 2.49999999999953593e-01 0.00000000000000000e+00 7.50000000000024203e-01 21 5.52283881451061589e+01
0 0 0 49 2.49999999999953593e-01 0.00000000000000000e+00 7.50000000000024203e-01 22 8.56233368278737430e+01
0 0 0 49 2.49999999999953593e-01 0.00000000000000000e+00 7.50000000000024203e-01 23 9.58635499918124907e+01
0 0 0 49 2.49999999999953593e-01 0.00000000000000000e+00 7.50000000000024203e-01 24 1.14131336134510789e+02
0 0 0 49 2.49999999999953593e-01 0.00000000000000000e+00 7.50000000000024203e-01 25 1.39318863909783630e+02
0 0 0 50 4.99999999999989009e-01 0.00000000000000000e+00 7.50000000000024314e-01 0 -2.86108298751102108e+00
0 0 0 50 4.99999999999989009e-01 0.00000000000000000e+00 7.50000000000024314e-01 1 -2.79955835262059001e-03
0 0 0 50 4.99999999999989009e-01 0.00000000000000000e+00 7.50000000000024314e-01 2 2.85933300988997496e+00
0 0 0 50 4.99999999999989009e-01 0.00000000000000000e+00 7.50000000000024314e-01 3 4.23356880700238491e+00
0 0 0 50 4.99999999999989009e-01 0.00000000000000000e+00 7.50000000000024314e-01 4 8.36364216523247705e+00
0 0 0 50 4.99999999999989009e-01 0.00000000000000000e+00 7.50000000000024314e-01 5 1.14632162321868911e+01
0 0 0 50 4.99999999999989009e-01 0.00000000000000000e+00 7.50000000000024314e-01 6 1.25468587478207247e+01
0 0 0 50 4.99999999999989009e-01 0.00000000000000000e+00 7.50000000000024314e-01 7 1.28108031340239812e+01
0 0 0 50 4.99999999999989009e-01 0.00000000000000000e+00 7.50000000000024314e-01 8 1.75445330210377826e+01
0 0 0 50 4.99999999999989009e-01 0.00000000000000000e+00 7.50000000000024314e-01 9 1.80492900217465291e+01
0 0 0 50 4.99999999999989009e-01 0.00000000000000000e+00 7.50000000000024314e-01 10 2.01047047207393739e+01
0 0 0 50 4.99999999999989009e-01 0.00000000000000000e+00 7.50000000000024314e-01 11 2.01288468711112145e+01
0 0 0 50 4.99999999999989009e-01 0.00000000000000000e+00 7.50000000000024314e-01 12 2.55320667436287394e+01
0 0 0 50 4.99999999999989009e-01 0.00000000000000000e+00 7.50000000000024314e-01 13 2.59329681914183823e+01
0 0 0 50 4.99999999999989009e-01 0.00000000000000000e+00 7.50000000000024314e-01 14 2.65085959070952590e+01
0 0 0 50 4.99999999999989009e-01 0.00000000000000000e+00 7.50000000000024314e-01 15 2.74187853669978026e+01
0 0 0 50 4.99999999999989009e-01 0.00000000000000000e+00 7.50000000000024314e-01 16 2.92604216723641031e+01
0 0 0 50 4.99999999999989009e-01 0.00000000000000000e+00 7.50000000000024314e-01 17 3.15710443818281163e+01
0 0 0 50 4.99999999999989009e-01 0.00000000000000000e+00 7.50000000000024314e-01 18 3.27736118146602635e+01
0 0 0 50 4.99999999999989009e-01 0.00000000000000000e+00 7.50000000000024314e-01 19 3.76441425110639187e+01
0 0 0 50 4.99999999999989009e-01 0.00000000000000000e+00 7.50000000000024314e-01 20 4.33774346543057092e+01
0 0 0 50 4.99999999999989009e-01 0.00000000000000000e+00 7.50000000000024314e-01 21 4.68552906732919965e+01
0 0 0 50 4.99999999999989009e-01 0.00000000000000000e+00 7.50000000000024314e-01 22 9.32336033724415927e+01
0 0 0 50 4.99999999999989009e-01 0.00000000000000000e+00 7.50000000000024314e-01 23 1.05504226539983762e+02
0 0 0 50 4.99999999999989009e-01 0.00000000000000000e+00 7.50000000000024314e-01 24 1.16121464812231139e+02
0 0 0 50 4.99999999999989009e-01 0.00000000000000000e+00 7.50000000000024314e-01 25 1.36199531300421228e+02
0 0 0 51 7.50000000000024203e-01 0.00000000000000000e+00 7.50000000000024203e-01 0 -4.49597478733595679e+00
0 0 0 51 7.50000000000024203e-01 0.00000000000000000e+00 7.50000000000024203e-01 1 2.87514926603853205e+00
0 0 0 51 7.50000000000024203e-01 0.00000000000000000e+00 7.50000000000024203e-01 2 4.54671193862823753e+00
0 0 0 51 7.50000000000024203e-01 0.00000000000000000e+00 7.50000000000024203e-01 3 4.54671193862826506e+00
0 0 0 51 7.50000000000024203e-01 0.00000000000000000e+00 7.50000000000024203e-01 4 7.79317461735664097e+00
0 0 0 51 7.50000000000024203e-01 0.00000000000000000e+00 7.50000000000024203e-01 5 1.04990338686111340e+01
0 0 0 51 7.50000000000024203e-01 0.00000000000000000e+00 7.50000000000024203e-01 6 1.23759252518943335e+01
0 0 0 51 7.50000000000024203e-01 0.00000000000000000e+00 7.50000000000024203e-01 7 1.23759252518943335e+01
0 0 0 51 7.50000000000024203e-01 0.00000000000000000e+00 7.50000000000024203e-01 8 1.53167335444534807e+01
0 0 0 51 7.50000000000024203e-01 0.00000000000000000e+00 7.50000000000024203e-01 9 1.63769258183246791e+01
0 0 0 51 7.50000000000024203e-01 0.00000000000000000e+00 7.50000000000024203e-01 10 2.11487617275332980e+01
0 0 0 51 7.50000000000024203e-01 0.00000000000000000e+00 7.50000000000024203e-01 11 2.19283964050911386e+01
0 0 0 51 7.50000000000024203e-01 0.00000000000000000e+00 7.50000000000024203e-01 12 2.19283964050911919e+01
0 0 0 51 7.50000000000024203e-01 0.00000000000000000e+00 7.50000000000024203e-01 13 2.58696378526804907e+01
0 0 0 51 7.50000000000024203e-01 0.00000000000000000e+00 7.50000000000024203e-01 14 2.78495385330310192e+01
0 0 0 51 7.50000000000024203e-01 0.00000000000000000e+00 7.50000000000024203e-01 15 2.93335133569814985e+01
0 0 0 51 7.50000000000024203e-01 0.00000000000000000e+00 7.50000000000024203e-01 16 3.17429024718695167e+01
0 0 0 51 7.50000000000024203e-01 0.00000000000000000e+00 7.50000000000024203e-01 17 3.17429024718695416e+01
0 0 0 51 7.50000000000024203e-01 0.00000000000000000e+00 7.50000000000024203e-01 18 3.44916883167834385e+01
0 0 0 51 7.50000000000024203e-01 0.00000000000000000e+00 7.50000000000024203e-01 19 4.50678226240395148e+01
0 0 0 51 7.50000000000024203e-01 0.00000000000000000e+00 7.50000000000024203e-01 20 4.50678226240400335e+01
0 0 0 51 7.50000000000024203e-01 0.00000000000000000e+00 7.50000000000024203e-01 21 5.88951776016263935e+01
0 0 0 51 7.50000000000024203e-01 0.00000000000000000e+00 7.50000000000024203e-01 22 7.89218830742308484e+01
0 0 0 51 7.50000000000024203e-01 0.00000000000000000e+00 7.50000000000024203e-01 23 1.12218916471532367e+02
0 0 0 51 7.50000000000024203e-01 0.00000000000000000e+00 7.50000000000024203e-01 24 1.36814293399775210e+02
0 0 0 51 7.50000000000024203e-01 0.00000000000000000e+00 7.50000000000024203e-01 25 1.36814293399784418e+02
0 0 0 52 0.00000000000000000e+00 2.49999999999953593e-01 7.50000000000024203e-01 0 -3.53849822179903395e+00
0 0 0 52 0.00000000000000000e+00 2.49999999999953593e-01 7.50000000000024203e-01 1 9.06912416253456422e-01
0 0 0 52 0.00000000000000000e+00 2.49999999999953593e-01 7.50000000000024203e-01 2 2.63481016961337255e+00
0 0 0 52 0.00000000000000000e+00 2.49999999999953593e-01 7.50000000000024203e-01 3 5.10631189803310725e+00
0 0 0 52 0.00000000000000000e+00 2.49999999999953593e-01 7.50000000000024203e-01 4 9.31446521881757938e+00
0 0 0 52 0.00000000000000000e+00 2.49999999999953593e-01 7.50000000000024203e-01 5 1.15339182333741750e+01
0 0 0 52 0.00000000000000000e+00 2.49999999999953593e-01 7.50000000000024203e-01 6 1.17936320762269755e+01
0 0 0 52 0.00000000000000000e+00 2.49999999999953593e-01 7.50000000000024203e-01 7 1.34999812379511077e+01
0 0 0 52 0.00000000000000000e+00 2.49999999999953593e-01 7.50000000000024203e-01 8 1.38959001860464486e+01
0 0 0 52 0.00000000000000000e+00 2.49999999999953593e-01 7.50000000000024203e-01 9 1.68432294336173776e+01
0 0 0 52 0.00000000000000000e+00 2.49999999999953593e-01 7.50000000000024203e-01 10 2.06946810568215369e+01
0 0 0 52 0.00000000000000000e+00 2.49999999999953593e-01 7.50000000000024203e-01 11 2.38403022107182530e+01
0 0 0 52 0.00000000000000000e+00 2.49999999999953593e-01 7.50000000000024203e-01 12 2.44987015119193430e+01
0 0 0 52 0.00000000000000000e+00 2.49999999999953593e-01 7.50000000000024203e-01 13 2.46800115643746771e+01
0 0 0 52 0.00000000000000000e+00 2.49999999999953593e-01 7.50000000000024203e-01 14 2.70695029269523566e+01
0 0 0 52 0.00000000000000000e+00 2.49999999999953593e-01 7.50000000000024203e-01 15 2.78549641062829529e+01
0 0 0 52 0.00000000000000000e+00 2.49999999999953593e-01 7.50000000000024203e-01 16 2.88872227542143527e+01
0 0 0 52 0.00000000000000000e+00 2.49999999999953593e-01 7.50000000000024203e-01 17 3.04843827400970291e+01
0 0 0 52 0.00000000000000000e+00 2.49999999999953593e-01 7.50000000000024203e-01 18 3.43518934060827377e+01
0 0 0 52 0.00000000000000000e+00 2.49999999999953593e-01 7.50000000000024203e-01 19 3.94879822757697383e+01
0 0 0 52 0.00000000000000000e+00 2.49999999999953593e-01 7.50000000000024203e-01 20 4.71775968599758286e+01
0 0 0 52 0.00000000000000000e+00 2.49999999999953593e-01 7.50000000000024203e-01 21 5.52283881451051784e+01
0 0 0 52 0.00000000000000000e+00 2.49999999999953593e-01 7.50000000000024203e-01 22 8.56233368278724640e+01
0 0 0 52 0.00000000000000000e+00 2.49999999999953593e-01 7.50000000000024203e-01 23 9.58635499918174219e+01
0 0 0 52 0.00000000000000000e+00 2.49999999999953593e-01 7.50000000000024203e-01 24 1.14131336134516886e+02
0 0 0 52 0.00000000000000000e+00 2.49999999999953593e-01 7.50000000000024203e-01 25 1.39318863909780816e+02
0 0 0 53 2.49999999999953648e-01 2.49999999999953648e-01 7.49999999999942601e-01 0 -2.86108298751102108e+00
0 0 0 53 2.49999999999953648e-01 2.49999999999953648e-01 7.49999999999942601e-01 1 -2.79955835262059001e-03
0 0 0 53 2.49999999999953648e-01 2.49999999999953648e-01 7.49999999999942601e-01 2 2.85933300989000250e+00
0 0 0 53 2.49999999999953648e-01 2.49999999999953648e-01 7.49999999999942601e-01 3 4.23356880700233074e+00
0 0 0 53 2.49999999999953648e-01 2.49999999999953648e-01 7.49999999999942601e-01 4 8.36364216523255877e+00
0 0 0 53 2.49999999999953648e-01 2.49999999999953648e-01 7.49999999999942601e-01 5 1.14632162321868361e+01
0 0 0 53 2.49999999999953648e-01 2.49999999999953648e-01 7.49999999999942601e-01 6 1.25468587478206430e+01
0 0 0 53 2.49999999999953648e-01 2.49999999999953648e-01 7.49999999999942601e-01 7 1.28108031340239545e+01
0 0 0 53 2.49999999999953648e-01 2.49999999999953648e-01 7.49999999999942601e-01 8 1.75445330210377826e+01
0 0 0 53 2.49999999999953648e-01 2.49999999999953648e-01 7.49999999999942601e-01 9 1.80492900217465539e+01
0 0 0 53 2.49999999999953648e-01 2.49999999999953648e-01 7.49999999999942601e-01 10 2.01047047207394556e+01
0 0 0 53 2.49999999999953648e-01 2.49999999999953648e-01 7.49999999999942601e-01 11 2.01288468711112145e+01
0 0 0 53 2.49999999999953648e-01 2.49999999999953648e-01 7.49999999999942601e-01 12 2.55320667436287394e+01
0 0 0 53 2.49999999999953648e-01 2.49999999999953648e-01 7.49999999999942601e-01 13 2.59329681914184889e+01
0 0 0 53 2.49999999999953648e-01 2.49999999999953648e-01 7.49999999999942601e-01 14 2.65085959070952057e+01
0 0 0 53 2.49999999999953648e-01 2.49999999999953648e-01 7.49999999999942601e-01 15 2.74187853669978310e+01
0 0 0 53 2.49999999999953648e-01 2.49999999999953648e-01 7.49999999999942601e-01 16 2.92604216723642097e+01
0 0 0 53 2.49999999999953648e-01 2.49999999999953648e-01 7.49999999999942601e-01 17 3.15710443818281163e+01
0 0 0 53 2.49999999999953648e-01 2.49999999999953648e-01 7.49999999999942601e-01 18 3.27736118146601356e+01
0 0 0 53 2.49999999999953648e-01 2.49999999999953648e-01 7.49999999999942601e-01 19 3.76441425110640822e+01
0 0 0 53 2.49999999999953648e-01 2.49999999999953648e-01 7.49999999999942601e-01 20 4.33774346543055671e+01
0 0 0 53 2.49999999999953648e-01 2.49999999999953648e-01 7.49999999999942601e-01 21 4.68552906732921031e+01
0 0 0 53 2.49999999999953648e-01 2.49999999999953648e-01 7.49999999999942601e-01 22 9.32336033724415501e+01
0 0 0 53 2.49999999999953648e-01 2.49999999999953648e-01 7.49999999999942601e-01 23 1.05504226539983122e+02
0 0 0 53 2.49999999999953648e-01 2.49999999999953648e-01 7.49999999999942601e-01 24 1.16121464812236653e+02
0 0 0 53 2.49999999999953648e-01 2.49999999999953648e-01 7.49999999999942601e-01 25 1.36199531300413298e+02
0 0 0 54 4.99999999999988898e-01 2.50000000000035305e-01 7.50000000000024203e-01 0 -1.26812156012933008e+00
0 0 0 54 4.99999999999988898e-01 2.50000000000035305e-01 7.50000000000024203e-01 1 -1.26812014093801162e+00
0 0 0 54 4.99999999999988898e-01 2.50000000000035305e-01 7.50000000000024203e-01 2 2.53792612796414607e+00
0 0 0 54 4.99999999999988898e-01 2.50000000000035305e-01 7.50000000000024203e-01 3 2.53792615976636515e+00
0 0 0 54 4.99999999999988898e-01 2.50000000000035305e-01 7.50000000000024203e-01 4 1.11095175194422318e+01
0 0 0 54 4.99999999999988898e-01 2.50000000000035305e-01 7.50000000000024203e-01 5 1.11095203008825383e+01
0 0 0 54 4.99999999999988898e-01 2.50000000000035305e-01 7.50000000000024203e-01 6 1.20219765188462748e+01
0 0 0 54 4.99999999999988898e-01 2.50000000000035305e-01 7.50000000000024203e-01 7 1.20219771588670312e+01
0 0 0 54 4.99999999999988898e-01 2.50000000000035305e-01 7.50000000000024203e-01 8 1.74329907323669850e+01
0 0 0 54 4.99999999999988898e-01 2.50000000000035305e-01 7.50000000000024203e-01 9 1.74329909751490675e+01
0 0 0 54 4.99999999999988898e-01 2.50000000000035305e-01 7.50000000000024203e-01 10 2.12236709967332793e+01
0 0 0 54 4.99999999999988898e-01 2.50000000000035305e-01 7.50000000000024203e-01 11 2.12236717860890103e+01
0 0 0 54 4.99999999999988898e-01 2.50000000000035305e-01 7.50000000000024203e-01 12 2.63449709131002834e+01
0 0 0 54 4.99999999999988898e-01 2.50000000000035305e-01 7.50000000000024203e-01 13 2.63449739569916090e+01
0 0 0 54 4.99999999999988898e-01 2.50000000000035305e-01 7.50000000000024203e-01 14 2.73527362429684651e+01
0 0 0 54 4.99999999999988898e-01 2.50000000000035305e-01 7.50000000000024203e-01 15 2.73527515475288112e+01
0 0 0 54 4.99999999999988898e-01 2.50000000000035305e-01 7.50000000000024203e-01 16 2.74414776340300222e+01
0 0 0 54 4.99999999999988898e-01 2.50000000000035305e-01 7.50000000000024203e-01 17 2.74414815584045044e+01
0 0 0 54 4.99999999999988898e-01 2.50000000000035305e-01 7.50000000000024203e-01 18 3.42114854151753818e+01
0 0 0 54 4.99999999999988898e-01 2.50000000000035305e-01 7.50000000000024203e-01 19 3.42114873024102195e+01
0 0 0 54 4.99999999999988898e-01 2.50000000000035305e-01 7.50000000000024203e-01 20 4.57617919785978842e+01
0 0 0 54 4.99999999999988898e-01 2.50000000000035305e-01 7.50000000000024203e-01 21 4.57618275999322819e+01
0 0 0 54 4.99999999999988898e-01 2.50000000000035305e-01 7.50000000000024203e-01 22 1.18714092293167511e+02
0 0 0 54 4.99999999999988898e-01 2.50000000000035305e-01 7.50000000000024203e-01 23 1.18714332331639682e+02
0 0 0 54 4.99999999999988898e-01 2.50000000000035305e-01 7.50000000000024203e-01 24 1.25069972555096015e+02
0 0 0 54 4.99999999999988898e-01 2.50000000000035305e-01 7.50000000000024203e-01 25 1.25070116979697829e+02
0 0 0 55 7.50000000000024314e-01 2.50000000000035305e-01 7.50000000000024314e-01 0 -2.86108298751102108e+00
0 0 0 55 7.50000000000024314e-01 2.50000000000035305e-01 7.50000000000024314e-01 1 -2.79955835259337827e-03
0 0 0 55 7.50000000000024314e-01 2.50000000000035305e-01 7.50000000000024314e-01 2 2.85933300988994787e+00
0 0 0 55 7.50000000000024314e-01 2.50000000000035305e-01 7.50000000000024314e-01 3 4.23356880700235738e+00
0 0 0 55 7.50000000000024314e-01 2.50000000000035305e-01 7.50000000000024314e-01 4 8.36364216523253212e+00
0 0 0 55 7.50000000000024314e-01 2.50000000000035305e-01 7.50000000000024314e-01 5 1.14632162321868645e+01
0 0 0 55 7.50000000000024314e-01 2.50000000000035305e-01 7.50000000000024314e-01 6 1.25468587478206430e+01
0 0 0 55 7.50000000000024314e-01 2.50000000000035305e-01 7.50000000000024314e-01 7 1.28108031340239545e+01
0 0 0 55 7.50000000000024314e-01 2.50000000000035305e-01 7.50000000000024314e-01 8 1.75445330210377541e+01
0 0 0 55 7.50000000000024314e-01 2.50000000000035305e-01 7.50000000000024314e-01 9 1.80492900217465007e+01
0 0 0 55 7.50000000000024314e-01 2.50000000000035305e-01 7.50000000000024314e-01 10 2.01047047207393739e+01
0 0 0 55 7.50000000000024314e-01 2.50000000000035305e-01 7.50000000000024314e-01 11 2.01288468711111612e+01
0 0 0 55 7.50000000000024314e-01 2.50000000000035305e-01 7.50000000000024314e-01 12 2.55320667436287394e+01
0 0 0 55 7.50000000000024314e-01 2.50000000000035305e-01 7.50000000000024314e-01 13 2.59329681914184356e+01
0 0 0 55 7.50000000000024314e-01 2.50000000000035305e-01 7.50000000000024314e-01 14 2.65085959070952590e+01
0 0 0 55 7.50000000000024314e-01 2.50000000000035305e-01 7.50000000000024314e-01 15 2.74187853669977777e+01
0 0 0 55 7.50000000000024314e-01 2.50000000000035305e-01 7.50000000000024314e-01 16 2.92604216723642097e+01
0 0 0 55 7.50000000000024314e-01 2.50000000000035305e-01 7.50000000000024314e-01 17 3.15710443818281163e+01
0 0 0 55 7.50000000000024314e-01 2.50000000000035305e-01 7.50000000000024314e-01 18 3.27736118146602422e+01
0 0 0 55 7.50000000000024314e-01 2.50000000000035305e-01 7.50000000000024314e-01 19 3.76441425110639685e+01
0 0 0 55 7.50000000000024314e-01 2.50000000000035305e-01 7.50000000000024314e-01 20 4.33774346543059508e+01
0 0 0 55 7.50000000000024314e-01 2.50000000000035305e-01 7.50000000000024314e-01 21 4.68552906732918331e+01
0 0 0 55 7.50000000000024314e-01 2.50000000000035305e-01 7.50000000000024314e-01 22 9.32336033724408111e+01
0 0 0 55 7.50000000000024314e-01 2.50000000000035305e-01 7.50000000000024314e-01 23 1.05504226539983406e+02
0 0 0 55 7.50000000000024314e-01 2.50000000000035305e-01 7.50000000000024314e-01 24 1.16121464812236027e+02
0 0 0 55 7.50000000000024314e-01 2.50000000000035305e-01 7.50000000000024314e-01 25 1.36199531300412389e+02
0 0 0 56 0.00000000000000000e+00 4.99999999999989009e-01 7.50000000000024314e-01 0 -2.86108298751099399e+00
0 0 0 56 0.00000000000000000e+00 4.99999999999989009e-01 7.50000000000024314e-01 1 -2.79955835256616697e-03
0 0 0 56 0.00000000000000000e+00 4.99999999999989009e-01 7.50000000000024314e-01 2 2.85933300988997496e+00
0 0 0 56 0.00000000000000000e+00 4.99999999999989009e-01 7.50000000000024314e-01 3 4.23356880700235738e+00
0 0 0 56 0.00000000000000000e+00 4.99999999999989009e-01 7.50000000000024314e-01 4 8.36364216523247705e+00
0 0 0 56 0.00000000000000000e+00 4.99999999999989009e-01 7.50000000000024314e-01 5 1.14632162321868645e+01
0 0 0 56 0.00000000000000000e+00 4.99999999999989009e-01 7.50000000000024314e-01 6 1.25468587478207247e+01
0 0 0 56 0.00000000000000000e+00 4.99999999999989009e-01 7.50000000000024314e-01 7 1.28108031340239545e+01
0 0 0 56 0.00000000000000000e+00 4.99999999999989009e-01 7.50000000000024314e-01 8 1.75445330210377257e+01
0 0 0 56 0.00000000000000000e+00 4.99999999999989009e-01 7.50000000000024314e-01 9 1.80492900217465539e+01
0 0 0 56 0.00000000000000000e+00 4.99999999999989009e-01 7.50000000000024314e-01 10 2.01047047207393454e+01
0 0 0 56 0.00000000000000000e+00 4.99999999999989009e-01 7.50000000000024314e-01 11 2.01288468711111896e+01
0 0 0 56 0.00000000000000000e+00 4.99999999999989009e-01 7.50000000000024314e-01 12 2.55320667436287145e+01
0 0 0 56 0.00000000000000000e+00 4.99999999999989009e-01 7.50000000000024314e-01 13 2.59329681914184071e+01
0 0 0 56 0.00000000000000000e+00 4.99999999999989009e-01 7.50000000000024314e-01 14 2.65085959070952342e+01
0 0 0 56 0.00000000000000000e+00 4.99999999999989009e-01 7.50000000000024314e-01 15 2.74187853669978878e+01
0 0 0 56 0.00000000000000000e+00 4.99999999999989009e-01 7.50000000000024314e-01 16 2.92604216723641031e+01
0 0 0 56 0.00000000000000000e+00 4.99999999999989009e-01 7.50000000000024314e-01 17 3.15710443818282549e+01
0 0 0 56 0.00000000000000000e+00 4.99999999999989009e-01 7.50000000000024314e-01 18 3.27736118146601569e+01
0 0 0 56 0.00000000000000000e+00 4.99999999999989009e-01 7.50000000000024314e-01 19 3.76441425110639472e+01
0 0 0 56 0.00000000000000000e+00 4.99999999999989009e-01 7.50000000000024314e-01 20 4.33774346543056737e+01
0 0 0 56 0.00000000000000000e+00 4.99999999999989009e-01 7.50000000000024314e-01 21 4.68552906732922096e+01
0 0 0 56 0.00000000000000000e+00 4.99999999999989009e-01 7.50000000000024314e-01 22 9.32336033724402000e+01
0 0 0 56 0.00000000000000000e+00 4.99999999999989009e-01 7.50000000000024314e-01 23 1.05504226539982838e+02
0 0 0 56 0.00000000000000000e+00 4.99999999999989009e-01 7.50000000000024314e-01 24 1.16121464812232162e+02
0 0 0 56 0.00000000000000000e+00 4.99999999999989009e-01 7.50000000000024314e-01 25 1.36199531300411138e+02
0 0 0 57 2.50000000000035305e-01 4.99999999999988898e-01 7.50000000000024203e-01 0 -1.26812156012930299e+00
0 0 0 57 2.50000000000035305e-01 4.99999999999988898e-01 7.50000000000024203e-01 1 -1.26812014093801162e+00
0 0 0 57 2.50000000000035305e-01 4.99999999999988898e-01 7.50000000000024203e-01 2 2.53792612796411898e+00
0 0 0 57 2.50000000000035305e-01 4.99999999999988898e-01 7.50000000000024203e-01 3 2.53792615976636515e+00
0 0 0 57 2.50000000000035305e-01 4.99999999999988898e-01 7.50000000000024203e-01 4 1.11095175194422318e+01
0 0 0 57 2.50000000000035305e-01 4.99999999999988898e-01 7.50000000000024203e-01 5 1.11095203008824832e+01
0 0 0 57 2.50000000000035305e-01 4.99999999999988898e-01 7.50000000000024203e-01 6 1.20219765188462748e+01
0 0 0 57 2.50000000000035305e-01 4.99999999999988898e-01 7.50000000000024203e-01 7 1.20219771588670046e+01
0 0 0 57 2.50000000000035305e-01 4.99999999999988898e-01 7.50000000000024203e-01 8 1.74329907323669318e+01
0 0 0 57 2.50000000000035305e-01 4.99999999999988898e-01 7.50000000000024203e-01 9 1.74329909751490959e+01
0 0 0 57 2.50000000000035305e-01 4.99999999999988898e-01 7.50000000000024203e-01 10 2.12236709967332793e+01
0 0 0 57 2.50000000000035305e-01 4.99999999999988898e-01 7.50000000000024203e-01 11 2.12236717860890103e+01
0 0 0 57 2.50000000000035305e-01 4.99999999999988898e-01 7.50000000000024203e-01 12 2.63449709131003367e+01
0 0 0 57 2.50000000000035305e-01 4.99999999999988898e-01 7.50000000000024203e-01 13 2.63449739569915558e+01
0 0 0 57 2.50000000000035305e-01 4.99999999999988898e-01 7.50000000000024203e-01 14 2.73527362429683834e+01
0 0 0 57 2.50000000000035305e-01 4.99999999999988898e-01 7.50000000000024203e-01 15 2.73527515475288681e+01
0 0 0 57 2.50000000000035305e-01 4.99999999999988898e-01 7.50000000000024203e-01 16 2.74414776340299689e+01
0 0 0 57 2.50000000000035305e-01 4.99999999999988898e-01 7.50000000000024203e-01 17 2.74414815584046643e+01
0 0 0 57 2.50000000000035305e-01 4.99999999999988898e-01 7.50000000000024203e-01 18 3.42114854151755239e+01
0 0 0 57 2.50000000000035305e-01 4.99999999999988898e-01 7.50000000000024203e-01 19 3.42114873024100277e+01
0 0 0 57 2.50000000000035305e-01 4.99999999999988898e-01 7.50000000000024203e-01 20 4.57617919785977207e+01
0 0 0 57 2.50000000000035305e-01 4.99999999999988898e-01 7.50000000000024203e-01 21 4.57618275999323885e+01
0 0 0 57 2.50000000000035305e-01 4.99999999999988898e-01 7.50000000000024203e-01 22 1.18714092293157847e+02
0 0 0 57 2.50000000000035305e-01 4.99999999999988898e-01 7.50000000000024203e-01 23 1.18714332331638232e+02
0 0 0 57 2.50000000000035305e-01 4.99999999999988898e-01 7.50000000000024203e-01 24 1.25069972555094324e+02
0 0 0 57 2.50000000000035305e-01 4.99999999999988898e-01 7.50000000000024203e-01 25 1.25070116979698355e+02
0 0 0 58 4.99999999999988953e-01 4.99999999999988953e-01 7.49999999999942601e-01 0 -2.86108298751099399e+00
0 0 0 58 4.99999999999988953e-01 4.99999999999988953e-01 7.49999999999942601e-01 1 -2.79955835259337827e-03
0 0 0 58 4.99999999999988953e-01 4.99999999999988953e-01 7.49999999999942601e-01 2 2.85933300988994787e+00
0 0 0 58 4.99999999999988953e-01 4.99999999999988953e-01 7.49999999999942601e-01 3 4.23356880700235738e+00
0 0 0 58 4.99999999999988953e-01 4.99999999999988953e-01 7.49999999999942601e-01 4 8.36364216523255877e+00
0 0 0 58 4.99999999999988953e-01 4.99999999999988953e-01 7.49999999999942601e-01 5 1.14632162321868361e+01
0 0 0 58 4.99999999999988953e-01 4.99999999999988953e-01 7.49999999999942601e-01 6 1.25468587478207532e+01
0 0 0 58 4.99999999999988953e-01 4.99999999999988953e-01 7.49999999999942601e-01 7 1.28108031340239013e+01
0 0 0 58 4.99999999999988953e-01 4.99999999999988953e-01 7.49999999999942601e-01 8 1.75445330210377257e+01
0 0 0 58 4.99999999999988953e-01 4.99999999999988953e-01 7.49999999999942601e-01 9 1.80492900217465539e+01
0 0 0 58 4.99999999999988953e-01 4.99999999999988953e-01 7.49999999999942601e-01 10 2.01047047207394556e+01
0 0 0 58 4.99999999999988953e-01 4.99999999999988953e-01 7.49999999999942601e-01 11 2.01288468711112145e+01
0 0 0 58 4.99999999999988953e-01 4.99999999999988953e-01 7.49999999999942601e-01 12 2.55320667436287145e+01
0 0 0 58 4.99999999999988953e-01 4.99999999999988953e-01 7.49999999999942601e-01 13 2.59329681914184889e+01
0 0 0 58 4.99999999999988953e-01 4.99999999999988953e-01 7.49999999999942601e-01 14 2.65085959070952057e+01
0 0 0 58 4.99999999999988953e-01 4.99999999999988953e-01 7.49999999999942601e-01 15 2.74187853669978026e+01
0 0 0 58 4.99999999999988953e-01 4.99999999999988953e-01 7.49999999999942601e-01 16 2.92604216723642097e+01
0 0 0 58 4.99999999999988953e-01 4.99999999999988953e-01 7.49999999999942601e-01 17 3.15710443818282016e+01
0 0 0 58 4.99999999999988953e-01 4.99999999999988953e-01 7.49999999999942601e-01 18 3.27736118146602138e+01
0 0 0 58 4.99999999999988953e-01 4.99999999999988953e-01 7.49999999999942601e-01 19 3.76441425110640822e+01
0 0 0 58 4.99999999999988953e-01 4.99999999999988953e-01 7.49999999999942601e-01 20 4.33774346543053824e+01
0 0 0 58 4.99999999999988953e-01 4.99999999999988953e-01 7.49999999999942601e-01 21 4.68552906732921883e+01
0 0 0 58 4.99999999999988953e-01 4.99999999999988953e-01 7.49999999999942601e-01 22 9.32336033724439659e+01
0 0 0 58 4.99999999999988953e-01 4.99999999999988953e-01 7.49999999999942601e-01 23 1.05504226539983080e+02
0 0 0 58 4.99999999999988953e-01 4.99999999999988953e-01 7.49999999999942601e-01 24 1.16121464812227686e+02
0 0 0 58 4.99999999999988953e-01 4.99999999999988953e-01 7.49999999999942601e-01 25 1.36199531300420631e+02
0 0 0 59 7.50000000000024203e-01 5.00000000000070610e-01 7.50000000000024203e-01 0 -3.53849822179903395e+00
0 0 0 59 7.50000000000024203e-01 5.00000000000070610e-01 7.50000000000024203e-01 1 9.06912416253456422e-01
0 0 0 59 7.50000000000024203e-01 5.00000000000070610e-01 7.50000000000024203e-01 2 2.63481016961337255e+00
0 0 0 59 7.50000000000024203e-01 5.00000000000070610e-01 7.50000000000024203e-01 3 5.10631189803313479e+00
0 0 0 59 7.50000000000024203e-01 5.00000000000070610e-01 7.50000000000024203e-01 4 9.31446521881763445e+00
0 0 0 59 7.50000000000024203e-01 5.00000000000070610e-01 7.50000000000024203e-01 5 1.15339182333742016e+01
0 0 0 59 7.50000000000024203e-01 5.00000000000070610e-01 7.50000000000024203e-01 6 1.17936320762269204e+01
0 0 0 59 7.50000000000024203e-01 5.00000000000070610e-01 7.50000000000024203e-01 7 1.34999812379510811e+01
0 0 0 59 7.50000000000024203e-01 5.00000000000070610e-01 7.50000000000024203e-01 8 1.38959001860464753e+01
0 0 0 59 7.50000000000024203e-01 5.00000000000070610e-01 7.50000000000024203e-01 9 1.68432294336173776e+01
0 0 0 59 7.50000000000024203e-01 5.00000000000070610e-01 7.50000000000024203e-01 10 2.06946810568215369e+01
0 0 0 59 7.50000000000024203e-01 5.00000000000070610e-01 7.50000000000024203e-01 11 2.38403022107183631e+01
0 0 0 59 7.50000000000024203e-01 5.00000000000070610e-01 7.50000000000024203e-01 12 2.44987015119193430e+01
0 0 0 59 7.50000000000024203e-01 5.00000000000070610e-01 7.50000000000024203e-01 13 2.46800115643747588e+01
0 0 0 59 7.50000000000024203e-01 5.00000000000070610e-01 7.50000000000024203e-01 14 2.70695029269524134e+01
0 0 0 59 7.50000000000024203e-01 5.00000000000070610e-01 7.50000000000024203e-01 15 2.78549641062828996e+01
0 0 0 59 7.50000000000024203e-01 5.00000000000070610e-01 7.50000000000024203e-01 16 2.88872227542143527e+01
0 0 0 59 7.50000000000024203e-01 5.00000000000070610e-01 7.50000000000024203e-01 17 3.04843827400970540e+01
0 0 0 59 7.50000000000024203e-01 5.00000000000070610e-01 7.50000000000024203e-01 18 3.43518934060828798e+01
0 0 0 59 7.50000000000024203e-01 5.00000000000070610e-01 7.50000000000024203e-01 19 3.94879822757697099e+01
0 0 0 59 7.50000000000024203e-01 5.00000000000070610e-01 7.50000000000024203e-01 20 4.71775968599756368e+01
0 0 0 59 7.50000000000024203e-01 5.00000000000070610e-01 7.50000000000024203e-01 21 5.52283881451062655e+01
0 0 0 59 7.50000000000024203e-01 5.00000000000070610e-01 7.50000000000024203e-01 22 8.56233368278732740e+01
0 0 0 59 7.50000000000024203e-01 5.00000000000070610e-01 7.50000000000024203e-01 23 9.58635499918105580e+01
0 0 0 59 7.50000000000024203e-01 5.00000000000070610e-01 7.50000000000024203e-01 24 1.14131336134509311e+02
0 0 0 59 7.50000000000024203e-01 5.00000000000070610e-01 7.50000000000024203e-01 25 1.39318863909792867e+02
0 0 0 60 0.00000000000000000e+00 7.50000000000024203e-01 7.50000000000024203e-01 0 -4.49597478733595679e+00
0 0 0 60 0.00000000000000000e+00 7.50000000000024203e-01 7.50000000000024203e-01 1 2.87514926603858667e+00
0 0 0 60 0.00000000000000000e+00 7.50000000000024203e-01 7.50000000000024203e-01 2 4.54671193862818335e+00
0 0 0 60 0.00000000000000000e+00 7.50000000000024203e-01 7.50000000000024203e-01 3 4.54671193862823753e+00
0 0 0 60 0.00000000000000000e+00 7.50000000000024203e-01 7.50000000000024203e-01 4 7.79317461735661343e+00
0 0 0 60 0.00000000000000000e+00 7.50000000000024203e-01 7.50000000000024203e-01 5 1.04990338686111073e+01
0 0 0 60 0.00000000000000000e+00 7.50000000000024203e-01 7.50000000000024203e-01 6 1.23759252518943050e+01
0 0 0 60 0.00000000000000000e+00 7.50000000000024203e-01 7.50000000000024203e-01 7 1.23759252518943335e+01
0 0 0 60 0.00000000000000000e+00 7.50000000000024203e-01 7.50000000000024203e-01 8 1.53167335444535091e+01
0 0 0 60 0.00000000000000000e+00 7.50000000000024203e-01 7.50000000000024203e-01 9 1.63769258183246542e+01
0 0 0 60 0.00000000000000000e+00 7.50000000000024203e-01 7.50000000000024203e-01 10 2.11487617275333513e+01
0 0 0 60 0.00000000000000000e+00 7.50000000000024203e-01 7.50000000000024203e-01 11 2.19283964050911102e+01
0 0 0 60 0.00000000000000000e+00 7.50000000000024203e-01 7.50000000000024203e-01 12 2.19283964050911386e+01
0 0 0 60 0.00000000000000000e+00 7.50000000000024203e-01 7.50000000000024203e-01 13 2.58696378526806257e+01
0 0 0 60 0.00000000000000000e+00 7.50000000000024203e-01 7.50000000000024203e-01 14 2.78495385330309908e+01
0 0 0 60 0.00000000000000000e+00 7.50000000000024203e-01 7.50000000000024203e-01 15 2.93335133569815198e+01
0 0 0 60 0.00000000000000000e+00 7.50000000000024203e-01 7.50000000000024203e-01 16 3.17429024718693782e+01
0 0 0 60 0.00000000000000000e+00 7.50000000000024203e-01 7.50000000000024203e-01 17 3.17429024718695416e+01
0 0 0 60 0.00000000000000000e+00 7.50000000000024203e-01 7.50000000000024203e-01 18 3.44916883167836374e+01
0 0 0 60 0.00000000000000000e+00 7.50000000000024203e-01 7.50000000000024203e-01 19 4.50678226240390742e+01
0 0 0 60 0.00000000000000000e+00 7.50000000000024203e-01 7.50000000000024203e-01 20 4.50678226240397564e+01
0 0 0 60 0.00000000000000000e+00 7.50000000000024203e-01 7.50000000000024203e-01 21 5.88951776016273456e+01
0 0 0 60 0.00000000000000000e+00 7.50000000000024203e-01 7.50000000000024203e-01 22 7.89218830742328663e+01
0 0 0 60 0.00000000000000000e+00 7.50000000000024203e-01 7.50000000000024203e-01 23 1.12218916471526896e+02
0 0 0 60 0.00000000000000000e+00 7.50000000000024203e-01 7.50000000000024203e-01 24 1.36814293399771088e+02
0 0 0 60 0.00000000000000000e+00 7.50000000000024203e-01 7.50000000000024203e-01 25 1.36814293399777824e+02
0 0 0 61 2.50000000000035305e-01 7.50000000000024314e-01 7.50000000000024314e-01 0 -2.86108298751099399e+00
0 0 0 61 2.50000000000035305e-01 7.50000000000024314e-01 7.50000000000024314e-01 1 -2.79955835259337827e-03
0 0 0 61 2.50000000000035305e-01 7.50000000000024314e-01 7.50000000000024314e-01 2 2.85933300988994787e+00
0 0 0 61 2.50000000000035305e-01 7.50000000000024314e-01 7.50000000000024314e-01 3 4.23356880700233074e+00
0 0 0 61 2.50000000000035305e-01 7.50000000000024314e-01 7.50000000000024314e-01 4 8.36364216523250548e+00
0 0 0 61 2.50000000000035305e-01 7.50000000000024314e-01 7.50000000000024314e-01 5 1.14632162321868361e+01
0 0 0 61 2.50000000000035305e-01 7.50000000000024314e-01 7.50000000000024314e-01 6 1.25468587478206164e+01
0 0 0 61 2.50000000000035305e-01 7.50000000000024314e-01 7.50000000000024314e-01 7 1.28108031340239279e+01
0 0 0 61 2.50000000000035305e-01 7.50000000000024314e-01 7.50000000000024314e-01 8 1.75445330210377826e+01
0 0 0 61 2.50000000000035305e-01 7.50000000000024314e-01 7.50000000000024314e-01 9 1.80492900217465007e+01
0 0 0 61 2.50000000000035305e-01 7.50000000000024314e-01 7.50000000000024314e-01 10 2.01047047207394272e+01
0 0 0 61 2.50000000000035305e-01 7.50000000000024314e-01 7.50000000000024314e-01 11 2.01288468711111612e+01
0 0 0 61 2.50000000000035305e-01 7.50000000000024314e-01 7.50000000000024314e-01 12 2.55320667436287145e+01
0 0 0 61 2.50000000000035305e-01 7.50000000000024314e-01 7.50000000000024314e-01 13 2.59329681914184640e+01
0 0 0 61 2.50000000000035305e-01 7.50000000000024314e-01 7.50000000000024314e-01 14 2.65085959070952057e+01
0 0 0 61 2.50000000000035305e-01 7.50000000000024314e-01 7.50000000000024314e-01 15 2.74187853669978310e+01
0 0 0 61 2.50000000000035305e-01 7.50000000000024314e-01 7.50000000000024314e-01 16 2.92604216723641812e+01
0 0 0 61 2.50000000000035305e-01 7.50000000000024314e-01 7.50000000000024314e-01 17 3.15710443818282016e+01
0 0 0 61 2.50000000000035305e-01 7.50000000000024314e-01 7.50000000000024314e-01 18 3.27736118146600788e+01
0 0 0 61 2.50000000000035305e-01 7.50000000000024314e-01 7.50000000000024314e-01 19 3.76441425110641603e+01
0 0 0 61 2.50000000000035305e-01 7.50000000000024314e-01 7.50000000000024314e-01 20 4.33774346543057092e+01
0 0 0 61 2.50000000000035305e-01 7.50000000000024314e-01 7.50000000000024314e-01 21 4.68552906732918331e+01
0 0 0 61 2.50000000000035305e-01 7.50000000000024314e-01 7.50000000000024314e-01 22 9.32336033724396316e+01
0 0 0 61 2.50000000000035305e-01 7.50000000000024314e-01 7.50000000000024314e-01 23 1.05504226539983108e+02
0 0 0 61 2.50000000000035305e-01 7.50000000000024314e-01 7.50000000000024314e-01 24 1.16121464812230855e+02
0 0 0 61 2.50000000000035305e-01 7.50000000000024314e-01 7.50000000000024314e-01 25 1.36199531300411223e+02
0 0 0 62 5.00000000000070610e-01 7.50000000000024203e-01 7.50000000000024203e-01 0 -3.53849822179903395e+00
0 0 0 62 5.00000000000070610e-01 7.50000000000024203e-01 7.50000000000024203e-01 1 9.06912416253456422e-01
0 0 0 62 5.00000000000070610e-01 7.50000000000024203e-01 7.50000000000024203e-01 2 2.63481016961339964e+00
0 0 0 62 5.00000000000070610e-01 7.50000000000024203e-01 7.50000000000024203e-01 3 5.10631189803305219e+00
0 0 0 62 5.00000000000070610e-01 7.50000000000024203e-01 7.50000000000024203e-01 4 9.31446521881763445e+00
0 0 0 62 5.00000000000070610e-01 7.50000000000024203e-01 7.50000000000024203e-01 5 1.15339182333741750e+01
0 0 0 62 5.00000000000070610e-01 7.50000000000024203e-01 7.50000000000024203e-01 6 1.17936320762269471e+01
0 0 0 62 5.00000000000070610e-01 7.50000000000024203e-01 7.50000000000024203e-01 7 1.34999812379511077e+01
0 0 0 62 5.00000000000070610e-01 7.50000000000024203e-01 7.50000000000024203e-01 8 1.38959001860464486e+01
0 0 0 62 5.00000000000070610e-01 7.50000000000024203e-01 7.50000000000024203e-01 9 1.68432294336173527e+01
0 0 0 62 5.00000000000070610e-01 7.50000000000024203e-01 7.50000000000024203e-01 10 2.06946810568215938e+01
0 0 0 62 5.00000000000070610e-01 7.50000000000024203e-01 7.50000000000024203e-01 11 2.38403022107183347e+01
0 0 0 62 5.00000000000070610e-01 7.50000000000024203e-01 7.50000000000024203e-01 12 2.44987015119193430e+01
0 0 0 62 5.00000000000070610e-01 7.50000000000024203e-01 7.50000000000024203e-01 13 2.46800115643747056e+01
0 0 0 62 5.00000000000070610e-01 7.50000000000024203e-01 7.50000000000024203e-01 14 2.70695029269523850e+01
0 0 0 62 5.00000000000070610e-01 7.50000000000024203e-01 7.50000000000024203e-01 15 2.78549641062829529e+01
0 0 0 62 5.00000000000070610e-01 7.50000000000024203e-01 7.50000000000024203e-01 16 2.88872227542144095e+01
0 0 0 62 5.00000000000070610e-01 7.50000000000024203e-01 7.50000000000024203e-01 17 3.04843827400970859e+01
0 0 0 62 5.00000000000070610e-01 7.50000000000024203e-01 7.50000000000024203e-01 18 3.43518934060827164e+01
0 0 0 62 5.00000000000070610e-01 7.50000000000024203e-01 7.50000000000024203e-01 19 3.94879822757698733e+01
0 0 0 62 5.00000000000070610e-01 7.50000000000024203e-01 7.50000000000024203e-01 20 4.71775968599757221e+01
0 0 0 62 5.00000000000070610e-01 7.50000000000024203e-01 7.50000000000024203e-01 21 5.52283881451053702e+01
0 0 0 62 5.00000000000070610e-01 7.50000000000024203e-01 7.50000000000024203e-01 22 8.56233368278706166e+01
0 0 0 62 5.00000000000070610e-01 7.50000000000024203e-01 7.50000000000024203e-01 23 9.58635499918095633e+01
0 0 0 62 5.00000000000070610e-01 7.50000000000024203e-01 7.50000000000024203e-01 24 1.14131336134500714e+02
0 0 0 62 5.00000000000070610e-01 7.50000000000024203e-01 7.50000000000024203e-01 25 1.39318863909795368e+02
0 0 0 63 7.49999999999942601e-01 7.49999999999942601e-01 7.49999999999942601e-01 0 -4.77928439869771804e+00
0 0 0 63 7.49999999999942601e-01 7.49999999999942601e-01 7.49999999999942601e-01 1 2.46680605279678922e+00
0 0 0 63 7.49999999999942601e-01 7.49999999999942601e-01 7.49999999999942601e-01 2 5.67615955045470599e+00
0 0 0 63 7.49999999999942601e-01 7.49999999999942601e-01 7.49999999999942601e-01 3 5.67615955045473264e+00
0 0 0 63 7.49999999999942601e-01 7.49999999999942601e-01 7.49999999999942601e-01 4 8.63478008904084859e+00
0 0 0 63 7.49999999999942601e-01 7.49999999999942601e-01 7.49999999999942601e-01 5 1.01791067980607668e+01
0 0 0 63 7.49999999999942601e-01 7.49999999999942601e-01 7.49999999999942601e-01 6 1.01791067980607934e+01
0 0 0 63 7.49999999999942601e-01 7.49999999999942601e-01 7.49999999999942601e-01 7 1.38167819259345066e+01
0 0 0 63 7.49999999999942601e-01 7.49999999999942601e-01 7.49999999999942601e-01 8 1.47511644089769973e+01
0 0 0 63 7.49999999999942601e-01 7.49999999999942601e-01 7.49999999999942601e-01 9 1.47511644089769973e+01
0 0 0 63 7.49999999999942601e-01 7.49999999999942601e-01 7.49999999999942601e-01 10 1.98647145492866173e+01
0 0 0 63 7.49999999999942601e-01 7.49999999999942601e-01 7.49999999999942601e-01 11 2.28825557074829824e+01
0 0 0 63 7.49999999999942601e-01 7.49999999999942601e-01 7.49999999999942601e-01 12 2.32685984980903164e+01
0 0 0 63 7.49999999999942601e-01 7.49999999999942601e-01 7.49999999999942601e-01 13 2.32685984980903449e+01
0 0 0 63 7.49999999999942601e-01 7.49999999999942601e-01 7.49999999999942601e-01 14 2.95249480917060865e+01
0 0 0 63 7.49999999999942601e-01 7.49999999999942601e-01 7.49999999999942601e-01 15 2.95249480917061398e+01
0 0 0 63 7.49999999999942601e-01 7.49999999999942601e-01 7.49999999999942601e-01 16 3.14747523700925314e+01
0 0 0 63 7.49999999999942601e-01 7.49999999999942601e-01 7.49999999999942601e-01 17 3.39472997493824593e+01
0 0 0 63 7.49999999999942601e-01 7.49999999999942601e-01 7.49999999999942601e-01 18 3.39472997493825659e+01
0 0 0 63 7.49999999999942601e-01 7.49999999999942601e-01 7.49999999999942601e-01 19 4.32507293026726742e+01
0 0 0 63 7.49999999999942601e-01 7.49999999999942601e-01 7.49999999999942601e-01 20 6.13761034511612777e+01
0 0 0 63 7.49999999999942601e-01 7.49999999999942601e-01 7.49999999999942601e-01 21 6.13761034511636154e+01
0 0 0 63 7.49999999999942601e-01 7.49999999999942601e-01 7.49999999999942601e-01 22 9.84576719779499712e+01
0 0 0 63 7.49999999999942601e-01 7.49999999999942601e-01 7.49999999999942601e-01 23 9.84576719779548171e+01
0 0 0 63 7.49999999999942601e-01 7.49999999999942601e-01 7.49999999999942601e-01 24 1.04798743835715754e+02
0 0 0 63 7.49999999999942601e-01 7.49999999999942601e-01 7.49999999999942601e-01 25 1.54047557201716444e+02
1 0 0 0 0.00000000000000000e+00 0.00000000000000000e+00 0.00000000000000000e+00 0 -3.99522368754635124e+01
1 0 0 0 0.00000000000000000e+00 0.00000000000000000e+00 0.00000000000000000e+00 1 5.13408804282264652e-01
1 0 0 0 0.00000000000000000e+00 0.00000000000000000e+00 0.00000000000000000e+00 2 3.66828498705479422e+00
1 0 0 0 0.00000000000000000e+00 0.00000000000000000e+00 0.00000000000000000e+00 3 4.42245898148887306e+00
1 0 0 0 0.00000000000000000e+00 0.00000000000000000e+00 0.00000000000000000e+00 4 1.21202358749091381e+01
1 0 0 0 0.00000000000000000e+00 0.00000000000000000e+00 0.00000000000000000e+00 5 1.28296182589649899e+01
1 0 0 0 0.00000000000000000e+00 0.00000000000000000e+00 0.00000000000000000e+00 6 1.30210592654379216e+01
1 0 0 0 0.00000000000000000e+00 0.00000000000000000e+00 0.00000000000000000e+00 7 1.75835853630297052e+01
1 0 0 0 0.00000000000000000e+00 0.00000000000000000e+00 0.00000000000000000e+00 8 1.80039429856911539e+01
1 0 0 0 0.00000000000000000e+00 0.00000000000000000e+00 0.00000000000000000e+00 9 1.88154870285587386e+01
1 0 0 0 0.00000000000000000e+00 0.00000000000000000e+00 0.00000000000000000e+00 10 3.02525009262417122e+01
1 0 0 0 0.00000000000000000e+00 0.00000000000000000e+00 0.00000000000000000e+00 11 3.15962147525540615e+01
1 0 0 0 0.00000000000000000e+00 0.00000000000000000e+00 0.00000000000000000e+00 12 3.23352042938069744e+01
1 0 0 0 0.00000000000000000e+00 0.00000000000000000e+00 0.00000000000000000e+00 13 3.28683849510499542e+01
1 0 0 0 0.00000000000000000e+00 0.00000000000000000e+00 0.00000000000000000e+00 14 4.57709273124955871e+01
1 0 0 0 0.00000000000000000e+00 0.00000000000000000e+00 0.00000000000000000e+00 15 4.80502558005438942e+01
1 0 0 0 0.00000000000000000e+00 0.00000000000000000e+00 0.00000000000000000e+00 16 4.94317898663304263e+01
1 0 0 0 0.00000000000000000e+00 0.00000000000000000e+00 0.00000000000000000e+00 17 5.06629365905917766e+01
1 0 0 0 0.00000000000000000e+00 0.00000000000000000e+00 0.00000000000000000e+00 18 5.16744250644914800e+01
1 0 0 0 0.00000000000000000e+00 0.00000000000000000e+00 0.00000000000000000e+00 19 4.16313072222555547e+02
1 0 0 0 0.00000000000000000e+00 0.00000000000000000e+00 0.00000000000000000e+00 20 4.48110637748490490e+02
1 0 0 0 0.00000000000000000e+00 0.00000000000000000e+00 0.00000000000000000e+00 21 4.81141099702364897e+02
1 0 0 0 0.00000000000000000e+00 0.00000000000000000e+00 0.00000000000000000e+00 22 1.04244329507024827e+03
1 0 0 0 0.00000000000000000e+00 0.00000000000000000e+00 0.00000000000000000e+00 23 1.10307398337800782e+03
1 0 0 0 0.00000000000000000e+00 0.00000000000000000e+00 0.00000000000000000e+00 24 1.17891947731751543e+03
1 0 0 0 0.00000000000000000e+00 0.00000000000000000e+00 0.00000000000000000e+00 25 1.18816015563034443e+03
1 0 0 1 2.50000000000035305e-01 0.00000000000000000e+00 0.00000000000000000e+00 0 -3.89501873113541066e+01
1 0 0 1 2.50000000000035305e-01 0.00000000000000000e+00 0.00000000000000000e+00 1 -8.56298212209459564e-01
1 0 0 1 2.50000000000035305e-01 0.00000000000000000e+00 0.00000000000000000e+00 2 5.79526569117100765e-01
1 0 0 1 2.50000000000035305e-01 0.00000000000000000e+00 0.00000000000000000e+00 3 2.92700479100794109e+00
1 0 0 1 2.50000000000035305e-01 0.00000000000000000e+00 0.00000000000000000e+00 4 1.14379500679154589e+01
1 0 0 1 2.50000000000035305e-01 0.00000000000000000e+00 0.00000000000000000e+00 5 1.37719497734967575e+01
1 0 0 1 2.50000000000035305e-01 0.00000000000000000e+00 0.00000000000000000e+00 6 1.40077758756398563e+01
1 0 0 1 2.50000000000035305e-01 0.00000000000000000e+00 0.00000000000000000e+00 7 1.78864906041536535e+01
1 0 0 1 2.50000000000035305e-01 0.00000000000000000e+00 0.00000000000000000e+00 8 1.83776599551101825e+01
1 0 0 1 2.50000000000035305e-01 0.00000000000000000e+00 0.00000000000000000e+00 9 2.14208699851434297e+01
1 0 0 1 2.50000000000035305e-01 0.00000000000000000e+00 0.00000000000000000e+00 10 2.92871453402685269e+01
1 0 0 1 2.50000000000035305e-01 0.00000000000000000e+00 0.00000000000000000e+00 11 3.24490386682440857e+01
1 0 0 1 2.50000000000035305e-01 0.00000000000000000e+00 0.00000000000000000e+00 12 3.40235450316142689e+01
1 0 0 1 2.50000000000035305e-01 0.00000000000000000e+00 0.00000000000000000e+00 13 3.47722351076711291e+01
1 0 0 1 2.50000000000035305e-01 0.00000000000000000e+00 0.00000000000000000e+00 14 4.24632923576186414e+01
1 0 0 1 2.50000000000035305e-01 0.00000000000000000e+00 0.00000000000000000e+00 15 4.39276599007327846e+01
1 0 0 1 2.50000000000035305e-01 0.00000000000000000e+00 0.00000000000000000e+00 16 4.87516000910119018e+01
1 0 0 1 2.50000000000035305e-01 0.00000000000000000e+00 0.00000000000000000e+00 17 5.08369526483953322e+01
1 0 0 1 2.50000000000035305e-01 0.00000000000000000e+00 0.00000000000000000e+00 18 5.20499227946695484e+01
1 0 0 1 2.50000000000035305e-01 0.00000000000000000e+00 0.00000000000000000e+00 19 1.20023221603468343e+02
1 0 0 1 2.50000000000035305e-01 0.00000000000000000e+00 0.00000000000000000e+00 20 3.39660351873367404e+02
1 0 0 1 2.50000000000035305e-01 0.00000000000000000e+00 0.00000000000000000e+00 21 3.63691529779289908e+02
1 0 0 1 2.50000000000035305e-01 0.00000000000000000e+00 0.00000000000000000e+00 22 8.45972644266207340e+02
1 0 0 1 2.50000000000035305e-01 0.00000000000000000e+00 0.00000000000000000e+00 23 8.83009985955146817e+02
1 0 0 1 2.50000000000035305e-01 0.00000000000000000e+00 0.00000000000000000e+00 24 1.35214142120908741e+03
1 0 0 1 2.50000000000035305e-01 0.00000000000000000e+00 0.00000000000000000e+00 25 2.79387191461486873e+03
1 0 0 2 5.00000000000070610e-01 0.00000000000000000e+00 0.00000000000000000e+00 0 -2.88127666287727209e+01
1 0 0 2 5.00000000000070610e-01 0.00000000000000000e+00 0.00000000000000000e+00 1 -8.65706786658922489e+00
1 0 0 2 5.00000000000070610e-01 0.00000000000000000e+00 0.00000000000000000e+00 2 5.32256434281886071e-01
1 0 0 2 5.00000000000070610e-01 0.00000000000000000e+00 0.00000000000000000e+00 3 2.75308193659898670e+00
1 0 0 2 5.00000000000070610e-01 0.00000000000000000e+00 0.00000000000000000e+00 4 8.97411838593885847e+00
1 0 0 2 5.00000000000070610e-01 0.00000000000000000e+00 0.00000000000000000e+00 5 1.35612107543231488e+01
1 0 0 2 5.00000000000070610e-01 0.00000000000000000e+00 0.00000000000000000e+00 6 1.36599337373798981e+01
1 0 0 2 5.00000000000070610e-01 0.00000000000000000e+00 0.00000000000000000e+00 7 2.30623030881213218e+01
1 0 0 2 5.00000000000070610e-01 0.00000000000000000e+00 0.00000000000000000e+00 8 2.33422996357032062e+01
1 0 0 2 5.00000000000070610e-01 0.00000000000000000e+00 0.00000000000000000e+00 9 2.41528367350616193e+01
1 0 0 2 5.00000000000070610e-01 0.00000000000000000e+00 0.00000000000000000e+00 10 2.80630145041643324e+01
1 0 0 2 5.00000000000070610e-01 0.00000000000000000e+00 0.00000000000000000e+00 11 2.84691754925010976e+01
1 0 0 2 5.00000000000070610e-01 0.00000000000000000e+00 0.00000000000000000e+00 12 2.96801382956705559e+01
1 0 0 2 5.00000000000070610e-01 0.00000000000000000e+00 0.00000000000000000e+00 13 4.01874292258491437e+01
1 0 0 2 5.00000000000070610e-01 0.00000000000000000e+00 0.00000000000000000e+00 14 4.32575070708186900e+01
1 0 0 2 5.00000000000070610e-01 0.00000000000000000e+00 0.00000000000000000e+00 15 4.33413612735817608e+01
1 0 0 2 5.00000000000070610e-01 0.00000000000000000e+00 0.00000000000000000e+00 16 4.49861441745755926e+01
1 0 0 2 5.00000000000070610e-01 0.00000000000000000e+00 0.00000000000000000e+00 17 5.19163578041752842e+01
1 0 0 2 5.00000000000070610e-01 0.00000000000000000e+00 0.00000000000000000e+00 18 5.27164802898105123e+01
1 0 0 2 5.00000000000070610e-01 0.00000000000000000e+00 0.00000000000000000e+00 19 6.67093732260772327e+01
1 0 0 2 5.00000000000070610e-01 0.00000000000000000e+00 0.00000000000000000e+00 20 2.99005553797818095e+02
1 0 0 2 5.00000000000070610e-01 0.00000000000000000e+00 0.00000000000000000e+00 21 3.17034078331190813e+02
1 0 0 2 5.00000000000070610e-01 0.00000000000000000e+00 0.00000000000000000e+00 22 5.64231983606678000e+02
1 0 0 2 5.00000000000070610e-01 0.00000000000000000e+00 0.00000000000000000e+00 23 5.81794972206797183e+02
1 0 0 2 5.00000000000070610e-01 0.00000000000000000e+00 0.00000000000000000e+00 24 1.68831289005904409e+03
1 0 0 2 5.00000000000070610e-01 0.00000000000000000e+00 0.00000000000000000e+00 25 4.07344402014858588e+03
1 0 0 3 7.49999999999942601e-01 0.00000000000000000e+00 0.00000000000000000e+00 0 -3.90175520094349437e+01
1 0 0 3 7.49999999999942601e-01 0.00000000000000000e+00 0.00000000000000000e+00 1 -7.32525703402956307e-01
1 0 0 3 7.49999999999942601e-01 0.00000000000000000e+00 0.00000000000000000e+00 2 6.82063473066988890e-01
1 0 0 3 7.49999999999942601e-01 0.00000000000000000e+00 0.00000000000000000e+00 3 3.13295624979874709e+00
1 0 0 3 7.49999999999942601e-01 0.00000000000000000e+00 0.00000000000000000e+00 4 1.15208192678470986e+01
1 0 0 3 7.49999999999942601e-01 0.00000000000000000e+00 0.00000000000000000e+00 5 1.32717114495703221e+01
1 0 0 3 7.49999999999942601e-01 0.00000000000000000e+00 0.00000000000000000e+00 6 1.37388583130381452e+01
1 0 0 3 7.49999999999942601e-01 0.00000000000000000e+00 0.00000000000000000e+00 7 1.80874156548065983e+01
1 0 0 3 7.49999999999942601e-01 0.00000000000000000e+00 0.00000000000000000e+00 8 1.84956119031828656e+01
1 0 0 3 7.49999999999942601e-01 0.00000000000000000e+00 0.00000000000000000e+00 9 2.11483872941745510e+01
1 0 0 3 7.49999999999942601e-01 0.00000000000000000e+00 0.00000000000000000e+00 10 3.12892958306215654e+01
1 0 0 3 7.49999999999942601e-01 0.00000000000000000e+00 0.00000000000000000e+00 11 3.27730021194904779e+01
1 0 0 3 7.49999999999942601e-01 0.00000000000000000e+00 0.00000000000000000e+00 12 3.34754064733076078e+01
1 0 0 3 7.49999999999942601e-01 0.00000000000000000e+00 0.00000000000000000e+00 13 3.38209714247497075e+01
1 0 0 3 7.49999999999942601e-01 0.00000000000000000e+00 0.00000000000000000e+00 14 4.24955500016276062e+01
1 0 0 3 7.49999999999942601e-01 0.00000000000000000e+00 0.00000000000000000e+00 15 4.38457519686121984e+01
1 0 0 3 7.49999999999942601e-01 0.00000000000000000e+00 0.00000000000000000e+00 16 5.04067010682647947e+01
1 0 0 3 7.49999999999942601e-01 0.00000000000000000e+00 0.00000000000000000e+00 17 5.13833119057356669e+01
1 0 0 3 7.49999999999942601e-01 0.00000000000000000e+00 0.00000000000000000e+00 18 5.28709363916508508e+01
1 0 0 3 7.49999999999942601e-01 0.00000000000000000e+00 0.00000000000000000e+00 19 1.16938522232069630e+02
1 0 0 3 7.49999999999942601e-01 0.00000000000000000e+00 0.00000000000000000e+00 20 3.31303701265021630e+02
1 0 0 3 7.49999999999942601e-01 0.00000000000000000e+00 0.00000000000000000e+00 21 3.50423822957382697e+02
1 0 0 3 7.49999999999942601e-01 0.00000000000000000e+00 0.00000000000000000e+00 22 8.50559146177314574e+02
1 0 0 3 7.49999999999942601e-01 0.00000000000000000e+00 0.00000000000000000e+00 23 8.72596530733279678e+02
1 0 0 3 7.49999999999942601e-01 0.00000000000000000e+00 0.00000000000000000e+00 24 1.35114568806103489e+03
1 0 0 3 7.49999999999942601e-01 0.00000000000000000e+00 0.00000000000000000e+00 25 2.81630610933557909e+03
1 0 0 4 0.00000000000000000e+00 2.50000000000035305e-01 0.00000000000000000e+00 0 -4.02665225040568586e+01
1 0 0 4 0.00000000000000000e+00 2.50000000000035305e-01 0.00000000000000000e+00 1 -2.46097449117569012e+00
1 0 0 4 0.00000000000000000e+00 2.50000000000035305e-01 0.00000000000000000e+00 2 2.96866453033892208e+00
1 0 0 4 0.00000000000000000e+00 2.50000000000035305e-01 0.00000000000000000e+00 3 3.42693363353902125e+00
1 0 0 4 0.00000000000000000e+00 2.50000000000035305e-01 0.00000000000000000e+00 4 1.20560570261231348e+01
1 0 0 4 0.00000000000000000e+00 2.50000000000035305e-01 0.00000000000000000e+00 5 1.37087320402396315e+01
1 0 0 4 0.00000000000000000e+00 2.50000000000035305e-01 0.00000000000000000e+00 6 1.39640705539108705e+01
1 0 0 4 0.00000000000000000e+00 2.50000000000035305e-01 0.00000000000000000e+00 7 1.78768727408834351e+01
1 0 0 4 0.00000000000000000e+00 2.50000000000035305e-01 0.00000000000000000e+00 8 1.83529851349079927e+01
1 0 0 4 0.00000000000000000e+00 2.50000000000035305e-01 0.00000000000000000e+00 9 2.06040347195481282e+01
1 0 0 4 0.00000000000000000e+00 2.50000000000035305e-01 0.00000000000000000e+00 10 3.18430572916808821e+01
1 0 0 4 0.00000000000000000e+00 2.50000000000035305e-01 0.00000000000000000e+00 11 3.27523756175701735e+01
1 0 0 4 0.00000000000000000e+00 2.50000000000035305e-01 0.00000000000000000e+00 12 3.32269063456650571e+01
1 0 0 4 0.00000000000000000e+00 2.50000000000035305e-01 0.00000000000000000e+00 13 3.42224361223356084e+01
1 0 0 4 0.00000000000000000e+00 2.50000000000035305e-01 0.00000000000000000e+00 14 4.32100413858934900e+01
1 0 0 4 0.00000000000000000e+00 2.50000000000035305e-01 0.00000000000000000e+00 15 4.37128132905185893e+01
1 0 0 4 0.00000000000000000e+00 2.50000000000035305e-01 0.00000000000000000e+00 16 4.99516554103989847e+01
1 0 0 4 0.00000000000000000e+00 2.50000000000035305e-01 0.00000000000000000e+00 17 5.13241602727377142e+01
1 0 0 4 0.00000000000000000e+00 2.50000000000035305e-01 0.00000000000000000e+00 18 5.23002402397423154e+01
1 0 0 4 0.00000000000000000e+00 2.50000000000035305e-01 0.00000000000000000e+00 19 1.09047226388516535e+02
1 0 0 4 0.00000000000000000e+00 2.50000000000035305e-01 0.00000000000000000e+00 20 3.21224499426510931e+02
1 0 0 4 0.00000000000000000e+00 2.50000000000035305e-01 0.00000000000000000e+00 21 3.46694693703853261e+02
1 0 0 4 0.00000000000000000e+00 2.50000000000035305e-01 0.00000000000000000e+00 22 8.54531286432410980e+02
1 0 0 4 0.00000000000000000e+00 2.50000000000035305e-01 0.00000000000000000e+00 23 8.82900565542327172e+02
1 0 0 4 0.00000000000000000e+00 2.50000000000035305e-01 0.00000000000000000e+00 24 1.36308351819926020e+03
1 0 0 4 0.00000000000000000e+00 2.50000000000035305e-01 0.00000000000000000e+00 25 2.87107872889403916e+03
1 0 0 5 2.50000000000035305e-01 2.50000000000035305e-01 0.00000000000000000e+00 0 -4.26236000428061530e+01
1 0 0 5 2.50000000000035305e-01 2.50000000000035305e-01 0.00000000000000000e+00 1 -2.09590404123837226e+00
1 0 0 5 2.50000000000035305e-01 2.50000000000035305e-01 0.00000000000000000e+00 2 2.86013938405825741e+00
1 0 0 5 2.50000000000035305e-01 2.50000000000035305e-01 0.00000000000000000e+00 3 3.15972953675615686e+00
1 0 0 5 2.50000000000035305e-01 2.50000000000035305e-01 0.00000000000000000e+00 4 1.03164138503370157e+01
1 0 0 5 2.50000000000035305e-01 2.50000000000035305e-01 0.00000000000000000e+00 5 1.32897917577112334e+01
1 0 0 5 2.50000000000035305e-01 2.50000000000035305e-01 0.00000000000000000e+00 6 1.64420909507350217e+01
1 0 0 5 2.50000000000035305e-01 2.50000000000035305e-01 0.00000000000000000e+00 7 1.67900143386445997e+01
1 0 0 5 2.50000000000035305e-01 2.50000000000035305e-01 0.00000000000000000e+00 8 2.10391833968144617e+01
1 0 0 5 2.50000000000035305e-01 2.50000000000035305e-01 0.00000000000000000e+00 9 2.18319445898455164e+01
1 0 0 5 2.50000000000035305e-01 2.50000000000035305e-01 0.00000000000000000e+00 10 3.02192495535745671e+01
1 0 0 5 2.50000000000035305e-01 2.50000000000035305e-01 0.00000000000000000e+00 11 3.03091119135575404e+01
1 0 0 5 2.50000000000035305e-01 2.50000000000035305e-01 0.00000000000000000e+00 12 3.40076357190564664e+01
1 0 0 5 2.50000000000035305e-01 2.50000000000035305e-01 0.00000000000000000e+00 13 3.86301183154392689e+01
1 0 0 5 2.50000000000035305e-01 2.50000000000035305e-01 0.00000000000000000e+00 14 4.15024265021607164e+01
1 0 0 5 2.50000000000035305e-01 2.50000000000035305e-01 0.00000000000000000e+00 15 4.44736593588921494e+01
1 0 0 5 2.50000000000035305e-01 2.50000000000035305e-01 0.00000000000000000e+00 16 4.70709008126304411e+01
1 0 0 5 2.50000000000035305e-01 2.50000000000035305e-01 0.00000000000000000e+00 17 4.86164457610735141e+01
1 0 0 5 2.50000000000035305e-01 2.50000000000035305e-01 0.00000000000000000e+00 18 5.66405747385810443e+01
1 0 0 5 2.50000000000035305e-01 2.50000000000035305e-01 0.00000000000000000e+00 19 1.32877311453568382e+02
1 0 0 5 2.50000000000035305e-01 2.50000000000035305e-01 0.00000000000000000e+00 20 1.45826076025935777e+02
1 0 0 5 2.50000000000035305e-01 2.50000000000035305e-01 0.00000000000000000e+00 21 2.64436127426328255e+02
1 0 0 5 2.50000000000035305e-01 2.50000000000035305e-01 0.00000000000000000e+00 22 6.74471359652291312e+02
1 0 0 5 2.50000000000035305e-01 2.50000000000035305e-01 0.00000000000000000e+00 23 1.44973716539235579e+03
1 0 0 5 2.50000000000035305e-01 2.50000000000035305e-01 0.00000000000000000e+00 24 1.74619232849991272e+03
1 0 0 5 2.50000000000035305e-01 2.50000000000035305e-01 0.00000000000000000e+00 25 1.98885180722243967e+03
1 0 0 6 4.99999999999988953e-01 2.49999999999953648e-01 0.00000000000000000e+00 0 -3.40753591482401959e+01
1 0 0 6 4.99999999999988953e-01 2.49999999999953648e-01 0.00000000000000000e+00 1 -5.31271240221454555e+00
1 0 0 6 4.99999999999988953e-01 2.49999999999953648e-01 0.00000000000000000e+00 2 -6.78191367502894993e-01
1 0 0 6 4.99999999999988953e-01 2.49999999999953648e-01 0.00000000000000000e+00 3 2.06775184249243749e+00
1 0 0 6 4.99999999999988953e-01 2.49999999999953648e-01 0.00000000000000000e+00 4 1.05177574302594898e+01
1 0 0 6 4.99999999999988953e-01 2.49999999999953648e-01 0.00000000000000000e+00 5 1.38496991974222485e+01
1 0 0 6 4.99999999999988953e-01 2.49999999999953648e-01 0.00000000000000000e+00 6 1.70168411332890628e+01
1 0 0 6 4.99999999999988953e-01 2.49999999999953648e-01 0.00000000000000000e+00 7 1.76936540033624432e+01
1 0 0 6 4.99999999999988953e-01 2.49999999999953648e-01 0.00000000000000000e+00 8 2.37159222545987269e+01
1 0 0 6 4.99999999999988953e-01 2.49999999999953648e-01 0.00000000000000000e+00 9 2.65341419299545329e+01
1 0 0 6 4.99999999999988953e-01 2.49999999999953648e-01 0.00000000000000000e+00 10 2.76285394109909710e+01
1 0 0 6 4.99999999999988953e-01 2.49999999999953648e-01 0.00000000000000000e+00 11 2.92757553134632111e+01
1 0 0 6 4.99999999999988953e-01 2.49999999999953648e-01 0.00000000000000000e+00 12 3.64749722052248231e+01
1 0 0 6 4.99999999999988953e-01 2.49999999999953648e-01 0.00000000000000000e+00 13 3.76971914946374227e+01
1 0 0 6 4.99999999999988953e-01 2.49999999999953648e-01 0.00000000000000000e+00 14 3.87317460509179909e+01
1 0 0 6 4.99999999999988953e-01 2.49999999999953648e-01 0.00000000000000000e+00 15 4.23730820762069982e+01
1 0 0 6 4.99999999999988953e-01 2.49999999999953648e-01 0.00000000000000000e+00 16 4.78389327851749258e+01
1 0 0 6 4.99999999999988953e-01 2.49999999999953648e-01 0.00000000000000000e+00 17 4.88112459278895301e+01
1 0 0 6 4.99999999999988953e-01 2.49999999999953648e-01 0.00000000000000000e+00 18 5.15408775651881186e+01
1 0 0 6 4.99999999999988953e-01 2.49999999999953648e-01 0.00000000000000000e+00 19 7.27903388087131162e+01
1 0 0 6 4.99999999999988953e-01 2.49999999999953648e-01 0.00000000000000000e+00 20 1.23557766252845155e+02
1 0 0 6 4.99999999999988953e-01 2.49999999999953648e-01 0.00000000000000000e+00 21 1.32054784831287037e+02
1 0 0 6 4.99999999999988953e-01 2.49999999999953648e-01 0.00000000000000000e+00 22 9.19942163925372824e+02
1 0 0 6 4.99999999999988953e-01 2.49999999999953648e-01 0.00000000000000000e+00 23 1.10256134948151566e+03
1 0 0 6 4.99999999999988953e-01 2.49999999999953648e-01 0.00000000000000000e+00 24 1.81526339379566593e+03
1 0 0 6 4.99999999999988953e-01 2.49999999999953648e-01 0.00000000000000000e+00 25 3.20909975526364678e+03
1 0 0 7 7.50000000000024203e-01 2.49999999999953593e-01 0.00000000000000000e+00 0 -3.23323392973757393e+01
1 0 0 7 7.50000000000024203e-01 2.49999999999953593e-01 0.00000000000000000e+00 1 -6.39595570041821393e+00
1 0 0 7 7.50000000000024203e-01 2.49999999999953593e-01 0.00000000000000000e+00 2 -3.18231037759232616e-01
1 0 0 7 7.50000000000024203e-01 2.49999999999953593e-01 0.00000000000000000e+00 3 3.07214702261255423e+00
1 0 0 7 7.50000000000024203e-01 2.49999999999953593e-01 0.00000000000000000e+00 4 1.24312541084423263e+01
1 0 0 7 7.50000000000024203e-01 2.49999999999953593e-01 0.00000000000000000e+00 5 1.38962288453418132e+01
1 0 0 7 7.50000000000024203e-01 2.49999999999953593e-01 0.00000000000000000e+00 6 1.60155941854906416e+01
1 0 0 7 7.50000000000024203e-01 2.49999999999953593e-01 0.00000000000000000e+00 7 1.74586259740242014e+01
1 0 0 7 7.50000000000024203e-01 2.49999999999953593e-01 0.00000000000000000e+00 8 1.85321930338216454e+01
1 0 0 7 7.50000000000024203e-01 2.49999999999953593e-01 0.00000000000000000e+00 9 2.49238039286069792e+01
1 0 0 7 7.50000000000024203e-01 2.49999999999953593e-01 0.00000000000000000e+00 10 2.87178631154751400e+01
1 0 0 7 7.50000000000024203e-01 2.49999999999953593e-01 0.00000000000000000e+00 11 3.27924304074552637e+01
1 0 0 7 7.50000000000024203e-01 2.49999999999953593e-01 0.00000000000000000e+00 12 3.51449201183018900e+01
1 0 0 7 7.50000000000024203e-01 2.49999999999953593e-01 0.00000000000000000e+00 13 3.63097331420652054e+01
1 0 0 7 7.50000000000024203e-01 2.49999999999953593e-01 0.00000000000000000e+00 14 3.97599502914823191e+01
1 0 0 7 7.50000000000024203e-01 2.49999999999953593e-01 0.00000000000000000e+00 15 4.12871854915540695e+01
1 0 0 7 7.50000000000024203e-01 2.49999999999953593e-01 0.00000000000000000e+00 16 4.51292745010370027e+01
1 0 0 7 7.50000000000024203e-01 2.49999999999953593e-01 0.00000000000000000e+00 17 4.89387055122703742e+01
1 0 0 7 7.50000000000024203e-01 2.49999999999953593e-01 0.00000000000000000e+00 18 5.38087103542756751e+01
1 0 0 7 7.50000000000024203e-01 2.49999999999953593e-01 0.00000000000000000e+00 19 8.99628677106456252e+01
1 0 0 7 7.50000000000024203e-01 2.49999999999953593e-01 0.00000000000000000e+00 20 1.09092828827395437e+02
1 0 0 7 7.50000000000024203e-01 2.49999999999953593e-01 0.00000000000000000e+00 21 2.32127126473730812e+02
1 0 0 7 7.50000000000024203e-01 2.49999999999953593e-01 0.00000000000000000e+00 22 7.65590387101348256e+02
1 0 0 7 7.50000000000024203e-01 2.49999999999953593e-01 0.00000000000000000e+00 23 1.07483779741091121e+03
1 0 0 7 7.50000000000024203e-01 2.49999999999953593e-01 0.00000000000000000e+00 24 1.67917067896897879e+03
1 0 0 7 7.50000000000024203e-01 2.49999999999953593e-01 0.00000000000000000e+00 25 3.24517842289112104e+03
1 0 0 8 0.00000000000000000e+00 5.00000000000070610e-01 0.00000000000000000e+00 0 -2.95497606544774634e+01
1 0 0 8 0.00000000000000000e+00 5.00000000000070610e-01 0.00000000000000000e+00 1 -8.62729767296457695e+00
1 0 0 8 0.00000000000000000e+00 5.00000000000070610e-01 0.00000000000000000e+00 2 2.73085208913449717e+00
1 0 0 8 0.00000000000000000e+00 5.00000000000070610e-01 0.00000000000000000e+00 3 3.22758743005458015e+00
1 0 0 8 0.00000000000000000e+00 5.00000000000070610e-01 0.00000000000000000e+00 4 9.85874586879528181e+00
1 0 0 8 0.00000000000000000e+00 5.00000000000070610e-01 0.00000000000000000e+00 5 1.34739840515132521e+01
1 0 0 8 0.00000000000000000e+00 5.00000000000070610e-01 0.00000000000000000e+00 6 1.38007177944218338e+01
1 0 0 8 0.00000000000000000e+00 5.00000000000070610e-01 0.00000000000000000e+00 7 2.22763659926716251e+01
1 0 0 8 0.00000000000000000e+00 5.00000000000070610e-01 0.00000000000000000e+00 8 2.29479595867741857e+01
1 0 0 8 0.00000000000000000e+00 5.00000000000070610e-01 0.00000000000000000e+00 9 2.44962067560612233e+01
1 0 0 8 0.00000000000000000e+00 5.00000000000070610e-01 0.00000000000000000e+00 10 2.70500591772812982e+01
1 0 0 8 0.00000000000000000e+00 5.00000000000070610e-01 0.00000000000000000e+00 11 2.83210470980732119e+01
1 0 0 8 0.00000000000000000e+00 5.00000000000070610e-01 0.00000000000000000e+00 12 2.93351468045503552e+01
1 0 0 8 0.00000000000000000e+00 5.00000000000070610e-01 0.00000000000000000e+00 13 3.96421586541317268e+01
1 0 0 8 0.00000000000000000e+00 5.00000000000070610e-01 0.00000000000000000e+00 14 4.16206149327320034e+01
1 0 0 8 0.00000000000000000e+00 5.00000000000070610e-01 0.00000000000000000e+00 15 4.40451421490453612e+01
1 0 0 8 0.00000000000000000e+00 5.00000000000070610e-01 0.00000000000000000e+00 16 4.46256660965737950e+01
1 0 0 8 0.00000000000000000e+00 5.00000000000070610e-01 0.00000000000000000e+00 17 5.12759892657940881e+01
1 0 0 8 0.00000000000000000e+00 5.00000000000070610e-01 0.00000000000000000e+00 18 5.35160202228368718e+01
1 0 0 8 0.00000000000000000e+00 5.00000000000070610e-01 0.00000000000000000e+00 19 6.62236569707506533e+01
1 0 0 8 0.00000000000000000e+00 5.00000000000070610e-01 0.00000000000000000e+00 20 2.90945931407843602e+02
1 0 0 8 0.00000000000000000e+00 5.00000000000070610e-01 0.00000000000000000e+00 21 3.04219322738895926e+02
1 0 0 8 0.00000000000000000e+00 5.00000000000070610e-01 0.00000000000000000e+00 22 5.75421611628240726e+02
1 0 0 8 0.00000000000000000e+00 5.00000000000070610e-01 0.00000000000000000e+00 23 5.83189619557613696e+02
1 0 0 8 0.00000000000000000e+00 5.00000000000070610e-01 0.00000000000000000e+00 24 1.81033628859431929e+03
1 0 0 8 0.00000000000000000e+00 5.00000000000070610e-01 0.00000000000000000e+00 25 4.17394760988823600e+03
1 0 0 9 2.49999999999953648e-01 4.99999999999988953e-01 0.00000000000000000e+00 0 -3.30450224020065022e+01
1 0 0 9 2.49999999999953648e-01 4.99999999999988953e-01 0.00000000000000000e+00 1 -5.23463639294937710e+00
1 0 0 9 2.49999999999953648e-01 4.99999999999988953e-01 0.00000000000000000e+00 2 -3.84883863468639065e-01
1 0 0 9 2.49999999999953648e-01 4.99999999999988953e-01 0.00000000000000000e+00 3 2.38222278342393246e+00
1 0 0 9 2.49999999999953648e-01 4.99999999999988953e-01 0.00000000000000000e+00 4 1.06157394885284031e+01
1 0 0 9 2.49999999999953648e-01 4.99999999999988953e-01 0.00000000000000000e+00 5 1.39428122517986335e+01
1 0 0 9 2.49999999999953648e-01 4.99999999999988953e-01 0.00000000000000000e+00 6 1.73187267367437094e+01
1 0 0 9 2.49999999999953648e-01 4.99999999999988953e-01 0.00000000000000000e+00 7 1.79481162111119694e+01
1 0 0 9 2.49999999999953648e-01 4.99999999999988953e-01 0.00000000000000000e+00 8 2.37274134941581316e+01
1 0 0 9 2.49999999999953648e-01 4.99999999999988953e-01 0.00000000000000000e+00 9 2.54605109672151464e+01
1 0 0 9 2.49999999999953648e-01 4.99999999999988953e-01 0.00000000000000000e+00 10 2.76972837705374388e+01
1 0 0 9 2.49999999999953648e-01 4.99999999999988953e-01 0.00000000000000000e+00 11 2.91158082096811874e+01
1 0 0 9 2.49999999999953648e-01 4.99999999999988953e-01 0.00000000000000000e+00 12 3.56362595355425356e+01
1 0 0 9 2.49999999999953648e-01 4.99999999999988953e-01 0.00000000000000000e+00 13 3.76536971721683074e+01
1 0 0 9 2.49999999999953648e-01 4.99999999999988953e-01 0.00000000000000000e+00 14 3.86431142956849882e+01
1 0 0 9 2.49999999999953648e-01 4.99999999999988953e-01 0.00000000000000000e+00 15 4.30605083366905532e+01
1 0 0 9 2.49999999999953648e-01 4.99999999999988953e-01 0.00000000000000000e+00 16 4.79960764944296372e+01
1 0 0 9 2.49999999999953648e-01 4.99999999999988953e-01 0.00000000000000000e+00 17 4.98150554093690232e+01
1 0 0 9 2.49999999999953648e-01 4.99999999999988953e-01 0.00000000000000000e+00 18 5.08060878234743498e+01
1 0 0 9 2.49999999999953648e-01 4.99999999999988953e-01 0.00000000000000000e+00 19 7.34501891705620267e+01
1 0 0 9 2.49999999999953648e-01 4.99999999999988953e-01 0.00000000000000000e+00 20 1.23950079297818377e+02
1 0 0 9 2.49999999999953648e-01 4.99999999999988953e-01 0.00000000000000000e+00 21 1.31211574424381979e+02
1 0 0 9 2.49999999999953648e-01 4.99999999999988953e-01 0.00000000000000000e+00 22 7.94836795913703213e+02
1 0 0 9 2.49999999999953648e-01 4.99999999999988953e-01 0.00000000000000000e+00 23 1.10702535681189374e+03
1 0 0 9 2.49999999999953648e-01 4.99999999999988953e-01 0.00000000000000000e+00 24 1.96341723397831174e+03
1 0 0 9 2.49999999999953648e-01 4.99999999999988953e-01 0.00000000000000000e+00 25 3.30263457004774727e+03
1 0 0 10 4.99999999999988898e-01 4.99999999999988898e-01 0.00000000000000000e+00 0 -3.26417547007612541e+01
1 0 0 10 4.99999999999988898e-01 4.99999999999988898e-01 0.00000000000000000e+00 1 -6.78097392847744640e+00
1 0 0 10 4.99999999999988898e-01 4.99999999999988898e-01 0.00000000000000000e+00 2 2.22859227767854451e+00
1 0 0 10 4.99999999999988898e-01 4.99999999999988898e-01 0.00000000000000000e+00 3 2.44112375736201903e+00
1 0 0 10 4.99999999999988898e-01 4.99999999999988898e-01 0.00000000000000000e+00 4 9.13236905429489454e+00
1 0 0 10 4.99999999999988898e-01 4.99999999999988898e-01 0.00000000000000000e+00 5 9.67455325946912303e+00
1 0 0 10 4.99999999999988898e-01 4.99999999999988898e-01 0.00000000000000000e+00 6 2.24023802199740167e+01
1 0 0 10 4.99999999999988898e-01 4.99999999999988898e-01 0.00000000000000000e+00 7 2.35099693199071851e+01
1 0 0 10 4.99999999999988898e-01 4.99999999999988898e-01 0.00000000000000000e+00 8 2.55880848394705076e+01
1 0 0 10 4.99999999999988898e-01 4.99999999999988898e-01 0.00000000000000000e+00 9 2.58550403457564251e+01
1 0 0 10 4.99999999999988898e-01 4.99999999999988898e-01 0.00000000000000000e+00 10 2.63557510412517999e+01
1 0 0 10 4.99999999999988898e-01 4.99999999999988898e-01 0.00000000000000000e+00 11 2.72735232753955827e+01
1 0 0 10 4.99999999999988898e-01 4.99999999999988898e-01 0.00000000000000000e+00 12 3.02385215042322173e+01
1 0 0 10 4.99999999999988898e-01 4.99999999999988898e-01 0.00000000000000000e+00 13 3.18418235231475428e+01
1 0 0 10 4.99999999999988898e-01 4.99999999999988898e-01 0.00000000000000000e+00 14 4.43813639739403598e+01
1 0 0 10 4.99999999999988898e-01 4.99999999999988898e-01 0.00000000000000000e+00 15 4.55325513834620139e+01
1 0 0 10 4.99999999999988898e-01 4.99999999999988898e-01 0.00000000000000000e+00 16 5.05780401058677356e+01
1 0 0 10 4.99999999999988898e-01 4.99999999999988898e-01 0.00000000000000000e+00 17 5.21056013962193703e+01
1 0 0 10 4.99999999999988898e-01 4.99999999999988898e-01 0.00000000000000000e+00 18 6.42646223137603130e+01
1 0 0 10 4.99999999999988898e-01 4.99999999999988898e-01 0.00000000000000000e+00 19 7.01295700821031858e+01
1 0 0 10 4.99999999999988898e-01 4.99999999999988898e-01 0.00000000000000000e+00 20 8.05712187662269343e+01
1 0 0 10 4.99999999999988898e-01 4.99999999999988898e-01 0.00000000000000000e+00 21 8.53451910284833701e+01
1 0 0 10 4.99999999999988898e-01 4.99999999999988898e-01 0.00000000000000000e+00 22 1.20954562128015186e+03
1 0 0 10 4.99999999999988898e-01 4.99999999999988898e-01 0.00000000000000000e+00 23 1.31733028855613611e+03
1 0 0 10 4.99999999999988898e-01 4.99999999999988898e-01 0.00000000000000000e+00 24 2.36658563124353259e+03
1 0 0 10 4.99999999999988898e-01 4.99999999999988898e-01 0.00000000000000000e+00 25 2.49568346514741916e+03
1 0 0 11 7.50000000000024314e-01 4.99999999999989009e-01 0.00000000000000000e+00 0 -3.30459670982594673e+01
1 0 0 11 7.50000000000024314e-01 4.99999999999989009e-01 0.00000000000000000e+00 1 -5.23788734310729520e+00
1 0 0 11 7.50000000000024314e-01 4.99999999999989009e-01 0.00000000000000000e+00 2 -3.77311861661146053e-01
1 0 0 11 7.50000000000024314e-01 4.99999999999989009e-01 0.00000000000000000e+00 3 2.39582643171519605e+00
1 0 0 11 7.50000000000024314e-01 4.99999999999989009e-01 0.00000000000000000e+00 4 1.06157216573727400e+01
1 0 0 11 7.50000000000024314e-01 4.99999999999989009e-01 0.00000000000000000e+00 5 1.39267033304439654e+01
1 0 0 11 7.50000000000024314e-01 4.99999999999989009e-01 0.00000000000000000e+00 6 1.73220887489470527e+01
1 0 0 11 7.50000000000024314e-01 4.99999999999989009e-01 0.00000000000000000e+00 7 1.79600551153196051e+01
1 0 0 11 7.50000000000024314e-01 4.99999999999989009e-01 0.00000000000000000e+00 8 2.37001392411416525e+01
1 0 0 11 7.50000000000024314e-01 4.99999999999989009e-01 0.00000000000000000e+00 9 2.54665624990121664e+01
1 0 0 11 7.50000000000024314e-01 4.99999999999989009e-01 0.00000000000000000e+00 10 2.76451480397046865e+01
1 0 0 11 7.50000000000024314e-01 4.99999999999989009e-01 0.00000000000000000e+00 11 2.91229069753106593e+01
1 0 0 11 7.50000000000024314e-01 4.99999999999989009e-01 0.00000000000000000e+00 12 3.56259255539692319e+01
1 0 0 11 7.50000000000024314e-01 4.99999999999989009e-01 0.00000000000000000e+00 13 3.76795204410867299e+01
1 0 0 11 7.50000000000024314e-01 4.99999999999989009e-01 0.00000000000000000e+00 14 3.85933176690626283e+01
1 0 0 11 7.50000000000024314e-01 4.99999999999989009e-01 0.00000000000000000e+00 15 4.30694267051000423e+01
1 0 0 11 7.50000000000024314e-01 4.99999999999989009e-01 0.00000000000000000e+00 16 4.80279250724393378e+01
1 0 0 11 7.50000000000024314e-01 4.99999999999989009e-01 0.00000000000000000e+00 17 4.98481691286008655e+01
1 0 0 11 7.50000000000024314e-01 4.99999999999989009e-01 0.00000000000000000e+00 18 5.07955517414546236e+01
1 0 0 11 7.50000000000024314e-01 4.99999999999989009e-01 0.00000000000000000e+00 19 7.34661085287848437e+01
1 0 0 11 7.50000000000024314e-01 4.99999999999989009e-01 0.00000000000000000e+00 20 1.23877241719583850e+02
1 0 0 11 7.50000000000024314e-01 4.99999999999989009e-01 0.00000000000000000e+00 21 1.31209675852630056e+02
1 0 0 11 7.50000000000024314e-01 4.99999999999989009e-01 0.00000000000000000e+00 22 7.97785463945162292e+02
1 0 0 11 7.50000000000024314e-01 4.99999999999989009e-01 0.00000000000000000e+00 23 1.10687674799738602e+03
1 0 0 11 7.50000000000024314e-01 4.99999999999989009e-01 0.00000000000000000e+00 24 1.96191230708801595e+03
1 0 0 11 7.50000000000024314e-01 4.99999999999989009e-01 0.00000000000000000e+00 25 3.30249020957640641e+03
1 0 0 12 0.00000000000000000e+00 7.49999999999942601e-01 0.00000000000000000e+00 0 -4.03396240855176913e+01
1 0 0 12 0.00000000000000000e+00 7.49999999999942601e-01 0.00000000000000000e+00 1 -2.50988521016434474e+00
1 0 0 12 0.00000000000000000e+00 7.49999999999942601e-01 0.00000000000000000e+00 2 2.89366041912044025e+00
1 0 0 12 0.00000000000000000e+00 7.49999999999942601e-01 0.00000000000000000e+00 3 3.70522216787817760e+00
1 0 0 12 0.00000000000000000e+00 7.49999999999942601e-01 0.00000000000000000e+00 4 1.12012981866556576e+01
1 0 0 12 0.00000000000000000e+00 7.49999999999942601e-01 0.00000000000000000e+00 5 1.33955729375708685e+01
1 0 0 12 0.00000000000000000e+00 7.49999999999942601e-01 0.00000000000000000e+00 6 1.40718413695007012e+01
1 0 0 12 0.00000000000000000e+00 7.49999999999942601e-01 0.00000000000000000e+00 7 1.78511828531491439e+01
1 0 0 12 0.00000000000000000e+00 7.49999999999942601e-01 0.00000000000000000e+00 8 1.82180755183646141e+01
1 0 0 12 0.00000000000000000e+00 7.49999999999942601e-01 0.00000000000000000e+00 9 2.11541278245879063e+01
1 0 0 12 0.00000000000000000e+00 7.49999999999942601e-01 0.00000000000000000e+00 10 3.12201842702864631e+01
1 0 0 12 0.00000000000000000e+00 7.49999999999942601e-01 0.00000000000000000e+00 11 3.29920305259178193e+01
1 0 0 12 0.00000000000000000e+00 7.49999999999942601e-01 0.00000000000000000e+00 12 3.35161985233595701e+01
1 0 0 12 0.00000000000000000e+00 7.49999999999942601e-01 0.00000000000000000e+00 13 3.44062316072551653e+01
1 0 0 12 0.00000000000000000e+00 7.49999999999942601e-01 0.00000000000000000e+00 14 4.30839279498653127e+01
1 0 0 12 0.00000000000000000e+00 7.49999999999942601e-01 0.00000000000000000e+00 15 4.38463767315252113e+01
1 0 0 12 0.00000000000000000e+00 7.49999999999942601e-01 0.00000000000000000e+00 16 4.95475732963710556e+01
1 0 0 12 0.00000000000000000e+00 7.49999999999942601e-01 0.00000000000000000e+00 17 5.13070878909267307e+01
1 0 0 12 0.00000000000000000e+00 7.49999999999942601e-01 0.00000000000000000e+00 18 5.21491747155043583e+01
1 0 0 12 0.00000000000000000e+00 7.49999999999942601e-01 0.00000000000000000e+00 19 1.11520635981093093e+02
1 0 0 12 0.00000000000000000e+00 7.49999999999942601e-01 0.00000000000000000e+00 20 3.35421508369887704e+02
1 0 0 12 0.00000000000000000e+00 7.49999999999942601e-01 0.00000000000000000e+00 21 3.52700866790682369e+02
1 0 0 12 0.00000000000000000e+00 7.49999999999942601e-01 0.00000000000000000e+00 22 8.48697391862384279e+02
1 0 0 12 0.00000000000000000e+00 7.49999999999942601e-01 0.00000000000000000e+00 23 9.08196195853964014e+02
1 0 0 12 0.00000000000000000e+00 7.49999999999942601e-01 0.00000000000000000e+00 24 1.36708713990432739e+03
1 0 0 12 0.00000000000000000e+00 7.49999999999942601e-01 0.00000000000000000e+00 25 2.86357629600964992e+03
1 0 0 13 2.49999999999953593e-01 7.50000000000024203e-01 0.00000000000000000e+00 0 -3.23372729490439568e+01
1 0 0 13 2.49999999999953593e-01 7.50000000000024203e-01 0.00000000000000000e+00 1 -6.45890810330194842e+00
1 0 0 13 2.49999999999953593e-01 7.50000000000024203e-01 0.00000000000000000e+00 2 -3.04840301474245345e-01
1 0 0 13 2.49999999999953593e-01 7.50000000000024203e-01 0.00000000000000000e+00 3 3.06270877712895473e+00
1 0 0 13 2.49999999999953593e-01 7.50000000000024203e-01 0.00000000000000000e+00 4 1.24715602608926197e+01
1 0 0 13 2.49999999999953593e-01 7.50000000000024203e-01 0.00000000000000000e+00 5 1.38937904224383555e+01
1 0 0 13 2.49999999999953593e-01 7.50000000000024203e-01 0.00000000000000000e+00 6 1.60277693087302495e+01
1 0 0 13 2.49999999999953593e-01 7.50000000000024203e-01 0.00000000000000000e+00 7 1.74699403543336800e+01
1 0 0 13 2.49999999999953593e-01 7.50000000000024203e-01 0.00000000000000000e+00 8 1.87032726657670594e+01
1 0 0 13 2.49999999999953593e-01 7.50000000000024203e-01 0.00000000000000000e+00 9 2.49576841361255859e+01
1 0 0 13 2.49999999999953593e-01 7.50000000000024203e-01 0.00000000000000000e+00 10 2.87922981936772722e+01
1 0 0 13 2.49999999999953593e-01 7.50000000000024203e-01 0.00000000000000000e+00 11 3.27431889792721620e+01
1 0 0 13 2.49999999999953593e-01 7.50000000000024203e-01 0.00000000000000000e+00 12 3.51615126247298164e+01
1 0 0 13 2.49999999999953593e-01 7.50000000000024203e-01 0.00000000000000000e+00 13 3.60611953665545002e+01
1 0 0 13 2.49999999999953593e-01 7.50000000000024203e-01 0.00000000000000000e+00 14 3.97882096979546205e+01
1 0 0 13 2.49999999999953593e-01 7.50000000000024203e-01 0.00000000000000000e+00 15 4.07126332360842866e+01
1 0 0 13 2.49999999999953593e-01 7.50000000000024203e-01 0.00000000000000000e+00 16 4.47562839156077956e+01
1 0 0 13 2.49999999999953593e-01 7.50000000000024203e-01 0.00000000000000000e+00 17 4.91128186210993292e+01
1 0 0 13 2.49999999999953593e-01 7.50000000000024203e-01 0.00000000000000000e+00 18 5.37635326599087051e+01
1 0 0 13 2.49999999999953593e-01 7.50000000000024203e-01 0.00000000000000000e+00 19 8.94462149100183552e+01
1 0 0 13 2.49999999999953593e-01 7.50000000000024203e-01 0.00000000000000000e+00 20 1.10556739236649321e+02
1 0 0 13 2.49999999999953593e-01 7.50000000000024203e-01 0.00000000000000000e+00 21 2.31979050326061412e+02
1 0 0 13 2.49999999999953593e-01 7.50000000000024203e-01 0.00000000000000000e+00 22 7.66393049860638712e+02
1 0 0 13 2.49999999999953593e-01 7.50000000000024203e-01 0.00000000000000000e+00 23 1.07797458451453508e+03
1 0 0 13 2.49999999999953593e-01 7.50000000000024203e-01 0.00000000000000000e+00 24 1.69311014448542323e+03
1 0 0 13 2.49999999999953593e-01 7.50000000000024203e-01 0.00000000000000000e+00 25 3.25805104460619714e+03
1 0 0 14 4.99999999999989009e-01 7.50000000000024314e-01 0.00000000000000000e+00 0 -3.40761628225949949e+01
1 0 0 14 4.99999999999989009e-01 7.50000000000024314e-01 0.00000000000000000e+00 1 -5.31305062466301337e+00
1 0 0 14 4.99999999999989009e-01 7.50000000000024314e-01 0.00000000000000000e+00 2 -6.76604158210209916e-01
1 0 0 14 4.99999999999989009e-01 7.50000000000024314e-01 0.00000000000000000e+00 3 2.07058053853790858e+00
1 0 0 14 4.99999999999989009e-01 7.50000000000024314e-01 0.00000000000000000e+00 4 1.05167127154720959e+01
1 0 0 14 4.99999999999989009e-01 7.50000000000024314e-01 0.00000000000000000e+00 5 1.38419813629872621e+01
1 0 0 14 4.99999999999989009e-01 7.50000000000024314e-01 0.00000000000000000e+00 6 1.70532004939228905e+01
1 0 0 14 4.99999999999989009e-01 7.50000000000024314e-01 0.00000000000000000e+00 7 1.76960649978947195e+01
1 0 0 14 4.99999999999989009e-01 7.50000000000024314e-01 0.00000000000000000e+00 8 2.37069867313108276e+01
1 0 0 14 4.99999999999989009e-01 7.50000000000024314e-01 0.00000000000000000e+00 9 2.65228430793045860e+01
1 0 0 14 4.99999999999989009e-01 7.50000000000024314e-01 0.00000000000000000e+00 10 2.75959421749990419e+01
1 0 0 14 4.99999999999989009e-01 7.50000000000024314e-01 0.00000000000000000e+00 11 2.92720098874531658e+01
1 0 0 14 4.99999999999989009e-01 7.50000000000024314e-01 0.00000000000000000e+00 12 3.64922010772453405e+01
1 0 0 14 4.99999999999989009e-01 7.50000000000024314e-01 0.00000000000000000e+00 13 3.76772447560499018e+01
1 0 0 14 4.99999999999989009e-01 7.50000000000024314e-01 0.00000000000000000e+00 14 3.86903988335112530e+01
1 0 0 14 4.99999999999989009e-01 7.50000000000024314e-01 0.00000000000000000e+00 15 4.23778862350555627e+01
1 0 0 14 4.99999999999989009e-01 7.50000000000024314e-01 0.00000000000000000e+00 16 4.78768932034121448e+01
1 0 0 14 4.99999999999989009e-01 7.50000000000024314e-01 0.00000000000000000e+00 17 4.88486646747204958e+01
1 0 0 14 4.99999999999989009e-01 7.50000000000024314e-01 0.00000000000000000e+00 18 5.14720272024040426e+01
1 0 0 14 4.99999999999989009e-01 7.50000000000024314e-01 0.00000000000000000e+00 19 7.28690703085320450e+01
1 0 0 14 4.99999999999989009e-01 7.50000000000024314e-01 0.00000000000000000e+00 20 1.23493160612186301e+02
1 0 0 14 4.99999999999989009e-01 7.50000000000024314e-01 0.00000000000000000e+00 21 1.32139287431145533e+02
1 0 0 14 4.99999999999989009e-01 7.50000000000024314e-01 0.00000000000000000e+00 22 9.18561358930641632e+02
1 0 0 14 4.99999999999989009e-01 7.50000000000024314e-01 0.00000000000000000e+00 23 1.10329057994537652e+03
1 0 0 14 4.99999999999989009e-01 7.50000000000024314e-01 0.00000000000000000e+00 24 1.81590916563822725e+03
1 0 0 14 4.99999999999989009e-01 7.50000000000024314e-01 0.00000000000000000e+00 25 3.20883090185482979e+03
1 0 0 15 7.50000000000024203e-01 7.50000000000024203e-01 0.00000000000000000e+00 0 -4.26205085598522402e+01
1 0 0 15 7.50000000000024203e-01 7.50000000000024203e-01 0.00000000000000000e+00 1 -2.08016972580604653e+00
1 0 0 15 7.50000000000024203e-01 7.50000000000024203e-01 0.00000000000000000e+00 2 2.85458047909394885e+00
1 0 0 15 7.50000000000024203e-01 7.50000000000024203e-01 0.00000000000000000e+00 3 3.09458694042973992e+00
1 0 0 15 7.50000000000024203e-01 7.50000000000024203e-01 0.00000000000000000e+00 4 1.03146777618808745e+01
1 0 0 15 7.50000000000024203e-01 7.50000000000024203e-01 0.00000000000000000e+00 5 1.32854631698764702e+01
1 0 0 15 7.50000000000024203e-01 7.50000000000024203e-01 0.00000000000000000e+00 6 1.62054471200496870e+01
1 0 0 15 7.50000000000024203e-01 7.50000000000024203e-01 0.00000000000000000e+00 7 1.67661474649014295e+01
1 0 0 15 7.50000000000024203e-01 7.50000000000024203e-01 0.00000000000000000e+00 8 2.10089511423427986e+01
1 0 0 15 7.50000000000024203e-01 7.50000000000024203e-01 0.00000000000000000e+00 9 2.18455988004016177e+01
1 0 0 15 7.50000000000024203e-01 7.50000000000024203e-01 0.00000000000000000e+00 10 3.01339600620206731e+01
1 0 0 15 7.50000000000024203e-01 7.50000000000024203e-01 0.00000000000000000e+00 11 3.02403220732923330e+01
1 0 0 15 7.50000000000024203e-01 7.50000000000024203e-01 0.00000000000000000e+00 12 3.39949922278097532e+01
1 0 0 15 7.50000000000024203e-01 7.50000000000024203e-01 0.00000000000000000e+00 13 3.86094504978461828e+01
1 0 0 15 7.50000000000024203e-01 7.50000000000024203e-01 0.00000000000000000e+00 14 4.15423881573146687e+01
1 0 0 15 7.50000000000024203e-01 7.50000000000024203e-01 0.00000000000000000e+00 15 4.44692575359390361e+01
1 0 0 15 7.50000000000024203e-01 7.50000000000024203e-01 0.00000000000000000e+00 16 4.69775814508885432e+01
1 0 0 15 7.50000000000024203e-01 7.50000000000024203e-01 0.00000000000000000e+00 17 4.84528520570116967e+01
1 0 0 15 7.50000000000024203e-01 7.50000000000024203e-01 0.00000000000000000e+00 18 5.66489539912262501e+01
1 0 0 15 7.50000000000024203e-01 7.50000000000024203e-01 0.00000000000000000e+00 19 1.38055494884620998e+02
1 0 0 15 7.50000000000024203e-01 7.50000000000024203e-01 0.00000000000000000e+00 20 1.47623565539931434e+02
1 0 0 15 7.50000000000024203e-01 7.50000000000024203e-01 0.00000000000000000e+00 21 2.64168927581087019e+02
1 0 0 15 7.50000000000024203e-01 7.50000000000024203e-01 0.00000000000000000e+00 22 6.74690275923800527e+02
1 0 0 15 7.50000000000024203e-01 7.50000000000024203e-01 0.00000000000000000e+00 23 1.43976838794354717e+03
1 0 0 15 7.50000000000024203e-01 7.50000000000024203e-01 0.00000000000000000e+00 24 1.74721936579501630e+03
1 0 0 15 7.50000000000024203e-01 7.50000000000024203e-01 0.00000000000000000e+00 25 1.98955227970897818e+03
1 0 0 16 0.00000000000000000e+00 0.00000000000000000e+00 2.50000000000035305e-01 0 -4.07448858385082531e+01
1 0 0 16 0.00000000000000000e+00 0.00000000000000000e+00 2.50000000000035305e-01 1 -1.43450827691161664e+00
1 0 0 16 0.00000000000000000e+00 0.00000000000000000e+00 2.50000000000035305e-01 2 1.90141990457035370e+00
1 0 0 16 0.00000000000000000e+00 0.00000000000000000e+00 2.50000000000035305e-01 3 3.54847180359430681e+00
1 0 0 16 0.00000000000000000e+00 0.00000000000000000e+00 2.50000000000035305e-01 4 1.09788157429039508e+01
1 0 0 16 0.00000000000000000e+00 0.00000000000000000e+00 2.50000000000035305e-01 5 1.35873165659490382e+01
1 0 0 16 0.00000000000000000e+00 0.00000000000000000e+00 2.50000000000035305e-01 6 1.39610311728744314e+01
1 0 0 16 0.00000000000000000e+00 0.00000000000000000e+00 2.50000000000035305e-01 7 1.84240240685185803e+01
1 0 0 16 0.00000000000000000e+00 0.00000000000000000e+00 2.50000000000035305e-01 8 1.86475145299731295e+01
1 0 0 16 0.00000000000000000e+00 0.00000000000000000e+00 2.50000000000035305e-01 9 2.06335840333716867e+01
1 0 0 16 0.00000000000000000e+00 0.00000000000000000e+00 2.50000000000035305e-01 10 3.08046209543349612e+01
1 0 0 16 0.00000000000000000e+00 0.00000000000000000e+00 2.50000000000035305e-01 11 3.18951155571454237e+01
1 0 0 16 0.00000000000000000e+00 0.00000000000000000e+00 2.50000000000035305e-01 12 3.37952098554433533e+01
1 0 0 16 0.00000000000000000e+00 0.00000000000000000e+00 2.50000000000035305e-01 13 3.46429879289176910e+01
1 0 0 16 0.00000000000000000e+00 0.00000000000000000e+00 2.50000000000035305e-01 14 4.20279945357816018e+01
1 0 0 16 0.00000000000000000e+00 0.00000000000000000e+00 2.50000000000035305e-01 15 4.34097660203817171e+01
1 0 0 16 0.00000000000000000e+00 0.00000000000000000e+00 2.50000000000035305e-01 16 4.93275074509953697e+01
1 0 0 16 0.00000000000000000e+00 0.00000000000000000e+00 2.50000000000035305e-01 17 5.08392893239663337e+01
1 0 0 16 0.00000000000000000e+00 0.00000000000000000e+00 2.50000000000035305e-01 18 5.23831926997052335e+01
1 0 0 16 0.00000000000000000e+00 0.00000000000000000e+00 2.50000000000035305e-01 19 1.14733088850919714e+02
1 0 0 16 0.00000000000000000e+00 0.00000000000000000e+00 2.50000000000035305e-01 20 3.25916186669070669e+02
1 0 0 16 0.00000000000000000e+00 0.00000000000000000e+00 2.50000000000035305e-01 21 3.55952768888947446e+02
1 0 0 16 0.00000000000000000e+00 0.00000000000000000e+00 2.50000000000035305e-01 22 8.74794010154711486e+02
1 0 0 16 0.00000000000000000e+00 0.00000000000000000e+00 2.50000000000035305e-01 23 9.12662958412816465e+02
1 0 0 16 0.00000000000000000e+00 0.00000000000000000e+00 2.50000000000035305e-01 24 1.36800820105271532e+03
1 0 0 16 0.00000000000000000e+00 0.00000000000000000e+00 2.50000000000035305e-01 25 2.86336678773600897e+03
1 0 0 17 2.50000000000035305e-01 0.00000000000000000e+00 2.50000000000035305e-01 0 -4.00122259059829233e+01
1 0 0 17 2.50000000000035305e-01 0.00000000000000000e+00 2.50000000000035305e-01 1 -1.54929006412472026e+00
1 0 0 17 2.50000000000035305e-01 0.00000000000000000e+00 2.50000000000035305e-01 2 4.91445182404438519e-01
1 0 0 17 2.50000000000035305e-01 0.00000000000000000e+00 2.50000000000035305e-01 3 2.99193054039027073e+00
1 0 0 17 2.50000000000035305e-01 0.00000000000000000e+00 2.50000000000035305e-01 4 1.08055633282543262e+01
1 0 0 17 2.50000000000035305e-01 0.00000000000000000e+00 2.50000000000035305e-01 5 1.40475291261617894e+01
1 0 0 17 2.50000000000035305e-01 0.00000000000000000e+00 2.50000000000035305e-01 6 1.61919039724735470e+01
1 0 0 17 2.50000000000035305e-01 0.00000000000000000e+00 2.50000000000035305e-01 7 1.75108215246211003e+01
1 0 0 17 2.50000000000035305e-01 0.00000000000000000e+00 2.50000000000035305e-01 8 2.04131240089644983e+01
1 0 0 17 2.50000000000035305e-01 0.00000000000000000e+00 2.50000000000035305e-01 9 2.28967489091896255e+01
1 0 0 17 2.50000000000035305e-01 0.00000000000000000e+00 2.50000000000035305e-01 10 2.94950004761188964e+01
1 0 0 17 2.50000000000035305e-01 0.00000000000000000e+00 2.50000000000035305e-01 11 3.17888806428219972e+01
1 0 0 17 2.50000000000035305e-01 0.00000000000000000e+00 2.50000000000035305e-01 12 3.34639110153995674e+01
1 0 0 17 2.50000000000035305e-01 0.00000000000000000e+00 2.50000000000035305e-01 13 3.77565533777106310e+01
1 0 0 17 2.50000000000035305e-01 0.00000000000000000e+00 2.50000000000035305e-01 14 4.10738647267827588e+01
1 0 0 17 2.50000000000035305e-01 0.00000000000000000e+00 2.50000000000035305e-01 15 4.43014891800322133e+01
1 0 0 17 2.50000000000035305e-01 0.00000000000000000e+00 2.50000000000035305e-01 16 4.78567961093373668e+01
1 0 0 17 2.50000000000035305e-01 0.00000000000000000e+00 2.50000000000035305e-01 17 4.93605850782868956e+01
1 0 0 17 2.50000000000035305e-01 0.00000000000000000e+00 2.50000000000035305e-01 18 5.59331037750958799e+01
1 0 0 17 2.50000000000035305e-01 0.00000000000000000e+00 2.50000000000035305e-01 19 1.32908141553528282e+02
1 0 0 17 2.50000000000035305e-01 0.00000000000000000e+00 2.50000000000035305e-01 20 1.54981676101540899e+02
1 0 0 17 2.50000000000035305e-01 0.00000000000000000e+00 2.50000000000035305e-01 21 2.73827613458186875e+02
1 0 0 17 2.50000000000035305e-01 0.00000000000000000e+00 2.50000000000035305e-01 22 6.66142309590396280e+02
1 0 0 17 2.50000000000035305e-01 0.00000000000000000e+00 2.50000000000035305e-01 23 1.66243695057754826e+03
1 0 0 17 2.50000000000035305e-01 0.00000000000000000e+00 2.50000000000035305e-01 24 1.69902450273797513e+03
1 0 0 17 2.50000000000035305e-01 0.00000000000000000e+00 2.50000000000035305e-01 25 1.98655099969868252e+03
1 0 0 18 4.99999999999988953e-01 0.00000000000000000e+00 2.49999999999953648e-01 0 -3.03266376352922649e+01
1 0 0 18 4.99999999999988953e-01 0.00000000000000000e+00 2.49999999999953648e-01 1 -6.00347975828520664e+00
1 0 0 18 4.99999999999988953e-01 0.00000000000000000e+00 2.49999999999953648e-01 2 3.80655256919923246e-01
1 0 0 18 4.99999999999988953e-01 0.00000000000000000e+00 2.49999999999953648e-01 3 8.86937485695306504e-01
1 0 0 18 4.99999999999988953e-01 0.00000000000000000e+00 2.49999999999953648e-01 4 1.09829847153742470e+01
1 0 0 18 4.99999999999988953e-01 0.00000000000000000e+00 2.49999999999953648e-01 5 1.39124289660344385e+01
1 0 0 18 4.99999999999988953e-01 0.00000000000000000e+00 2.49999999999953648e-01 6 1.70156717169938965e+01
1 0 0 18 4.99999999999988953e-01 0.00000000000000000e+00 2.49999999999953648e-01 7 1.81257638506382044e+01
1 0 0 18 4.99999999999988953e-01 0.00000000000000000e+00 2.49999999999953648e-01 8 2.34859447489942248e+01
1 0 0 18 4.99999999999988953e-01 0.00000000000000000e+00 2.49999999999953648e-01 9 2.59412004680206572e+01
1 0 0 18 4.99999999999988953e-01 0.00000000000000000e+00 2.49999999999953648e-01 10 2.82966344125862399e+01
1 0 0 18 4.99999999999988953e-01 0.00000000000000000e+00 2.49999999999953648e-01 11 2.88184775776114712e+01
1 0 0 18 4.99999999999988953e-01 0.00000000000000000e+00 2.49999999999953648e-01 12 3.67268067907535780e+01
1 0 0 18 4.99999999999988953e-01 0.00000000000000000e+00 2.49999999999953648e-01 13 3.73607509739763373e+01
1 0 0 18 4.99999999999988953e-01 0.00000000000000000e+00 2.49999999999953648e-01 14 3.83475667766601447e+01
1 0 0 18 4.99999999999988953e-01 0.00000000000000000e+00 2.49999999999953648e-01 15 4.28653340750005114e+01
1 0 0 18 4.99999999999988953e-01 0.00000000000000000e+00 2.49999999999953648e-01 16 4.68426375792973957e+01
1 0 0 18 4.99999999999988953e-01 0.00000000000000000e+00 2.49999999999953648e-01 17 4.88342339775441587e+01
1 0 0 18 4.99999999999988953e-01 0.00000000000000000e+00 2.49999999999953648e-01 18 5.16027115506356466e+01
1 0 0 18 4.99999999999988953e-01 0.00000000000000000e+00 2.49999999999953648e-01 19 7.36675312411228163e+01
1 0 0 18 4.99999999999988953e-01 0.00000000000000000e+00 2.49999999999953648e-01 20 1.18269586977664275e+02
1 0 0 18 4.99999999999988953e-01 0.00000000000000000e+00 2.49999999999953648e-01 21 1.31885074409625730e+02
1 0 0 18 4.99999999999988953e-01 0.00000000000000000e+00 2.49999999999953648e-01 22 8.92761561738133878e+02
1 0 0 18 4.99999999999988953e-01 0.00000000000000000e+00 2.49999999999953648e-01 23 1.10222491859272782e+03
1 0 0 18 4.99999999999988953e-01 0.00000000000000000e+00 2.49999999999953648e-01 24 1.91856216735585099e+03
1 0 0 18 4.99999999999988953e-01 0.00000000000000000e+00 2.49999999999953648e-01 25 3.16400868628081935e+03
1 0 0 19 7.50000000000024203e-01 0.00000000000000000e+00 2.49999999999953593e-01 0 -3.52603152836982403e+01
1 0 0 19 7.50000000000024203e-01 0.00000000000000000e+00 2.49999999999953593e-01 1 -3.86568209306597188e+00
1 0 0 19 7.50000000000024203e-01 0.00000000000000000e+00 2.49999999999953593e-01 2 -4.60838144894849644e-01
1 0 0 19 7.50000000000024203e-01 0.00000000000000000e+00 2.49999999999953593e-01 3 1.86949113367815167e+00
1 0 0 19 7.50000000000024203e-01 0.00000000000000000e+00 2.49999999999953593e-01 4 1.32389535543267183e+01
1 0 0 19 7.50000000000024203e-01 0.00000000000000000e+00 2.49999999999953593e-01 5 1.37876213959959575e+01
1 0 0 19 7.50000000000024203e-01 0.00000000000000000e+00 2.49999999999953593e-01 6 1.55730478362666176e+01
1 0 0 19 7.50000000000024203e-01 0.00000000000000000e+00 2.49999999999953593e-01 7 1.71642268762953769e+01
1 0 0 19 7.50000000000024203e-01 0.00000000000000000e+00 2.49999999999953593e-01 8 1.83794225310702792e+01
1 0 0 19 7.50000000000024203e-01 0.00000000000000000e+00 2.49999999999953593e-01 9 2.56432906294451755e+01
1 0 0 19 7.50000000000024203e-01 0.00000000000000000e+00 2.49999999999953593e-01 10 2.88739084728080080e+01
1 0 0 19 7.50000000000024203e-01 0.00000000000000000e+00 2.49999999999953593e-01 11 3.38208949438177768e+01
1 0 0 19 7.50000000000024203e-01 0.00000000000000000e+00 2.49999999999953593e-01 12 3.53309530905867533e+01
1 0 0 19 7.50000000000024203e-01 0.00000000000000000e+00 2.49999999999953593e-01 13 3.79235900423540429e+01
1 0 0 19 7.50000000000024203e-01 0.00000000000000000e+00 2.49999999999953593e-01 14 3.91087123999452899e+01
1 0 0 19 7.50000000000024203e-01 0.00000000000000000e+00 2.49999999999953593e-01 15 4.07471328556071981e+01
1 0 0 19 7.50000000000024203e-01 0.00000000000000000e+00 2.49999999999953593e-01 16 4.31000042144251836e+01
1 0 0 19 7.50000000000024203e-01 0.00000000000000000e+00 2.49999999999953593e-01 17 4.88775805610366092e+01
1 0 0 19 7.50000000000024203e-01 0.00000000000000000e+00 2.49999999999953593e-01 18 5.22057363505169931e+01
1 0 0 19 7.50000000000024203e-01 0.00000000000000000e+00 2.49999999999953593e-01 19 8.72518062318941787e+01
1 0 0 19 7.50000000000024203e-01 0.00000000000000000e+00 2.49999999999953593e-01 20 1.03623134634309082e+02
1 0 0 19 7.50000000000024203e-01 0.00000000000000000e+00 2.49999999999953593e-01 21 2.35969212630501517e+02
1 0 0 19 7.50000000000024203e-01 0.00000000000000000e+00 2.49999999999953593e-01 22 7.68992168172472930e+02
1 0 0 19 7.50000000000024203e-01 0.00000000000000000e+00 2.49999999999953593e-01 23 1.06226030533704647e+03
1 0 0 19 7.50000000000024203e-01 0.00000000000000000e+00 2.49999999999953593e-01 24 1.74900975277717816e+03
1 0 0 19 7.50000000000024203e-01 0.00000000000000000e+00 2.49999999999953593e-01 25 3.23562074011351297e+03
1 0 0 20 0.00000000000000000e+00 2.50000000000035305e-01 2.50000000000035305e-01 0 -3.98584573427831614e+01
1 0 0 20 0.00000000000000000e+00 2.50000000000035305e-01 2.50000000000035305e-01 1 -1.51066302516035855e+00
1 0 0 20 0.00000000000000000e+00 2.50000000000035305e-01 2.50000000000035305e-01 2 -2.85093121582046694e-01
1 0 0 20 0.00000000000000000e+00 2.50000000000035305e-01 2.50000000000035305e-01 3 2.90833374248488141e+00
1 0 0 20 0.00000000000000000e+00 2.50000000000035305e-01 2.50000000000035305e-01 4 1.01385795982871052e+01
1 0 0 20 0.00000000000000000e+00 2.50000000000035305e-01 2.50000000000035305e-01 5 1.41215647256325827e+01
1 0 0 20 0.00000000000000000e+00 2.50000000000035305e-01 2.50000000000035305e-01 6 1.63734466179361071e+01
1 0 0 20 0.00000000000000000e+00 2.50000000000035305e-01 2.50000000000035305e-01 7 1.72787625345269227e+01
1 0 0 20 0.00000000000000000e+00 2.50000000000035305e-01 2.50000000000035305e-01 8 2.05433792693403383e+01
1 0 0 20 0.00000000000000000e+00 2.50000000000035305e-01 2.50000000000035305e-01 9 2.31400674464513507e+01
1 0 0 20 0.00000000000000000e+00 2.50000000000035305e-01 2.50000000000035305e-01 10 2.95613431727557554e+01
1 0 0 20 0.00000000000000000e+00 2.50000000000035305e-01 2.50000000000035305e-01 11 3.18826512587064386e+01
1 0 0 20 0.00000000000000000e+00 2.50000000000035305e-01 2.50000000000035305e-01 12 3.29018317188665037e+01
1 0 0 20 0.00000000000000000e+00 2.50000000000035305e-01 2.50000000000035305e-01 13 3.79869384654777704e+01
1 0 0 20 0.00000000000000000e+00 2.50000000000035305e-01 2.50000000000035305e-01 14 4.10093068509491872e+01
1 0 0 20 0.00000000000000000e+00 2.50000000000035305e-01 2.50000000000035305e-01 15 4.43318652520026646e+01
1 0 0 20 0.00000000000000000e+00 2.50000000000035305e-01 2.50000000000035305e-01 16 4.76493448618407740e+01
1 0 0 20 0.00000000000000000e+00 2.50000000000035305e-01 2.50000000000035305e-01 17 4.95187552809671487e+01
1 0 0 20 0.00000000000000000e+00 2.50000000000035305e-01 2.50000000000035305e-01 18 5.51375966821995220e+01
1 0 0 20 0.00000000000000000e+00 2.50000000000035305e-01 2.50000000000035305e-01 19 1.42705615671456229e+02
1 0 0 20 0.00000000000000000e+00 2.50000000000035305e-01 2.50000000000035305e-01 20 1.48707387768876941e+02
1 0 0 20 0.00000000000000000e+00 2.50000000000035305e-01 2.50000000000035305e-01 21 2.80168158279821569e+02
1 0 0 20 0.00000000000000000e+00 2.50000000000035305e-01 2.50000000000035305e-01 22 6.58260253544421971e+02
1 0 0 20 0.00000000000000000e+00 2.50000000000035305e-01 2.50000000000035305e-01 23 1.57638708975944428e+03
1 0 0 20 0.00000000000000000e+00 2.50000000000035305e-01 2.50000000000035305e-01 24 1.70102399904797835e+03
1 0 0 20 0.00000000000000000e+00 2.50000000000035305e-01 2.50000000000035305e-01 25 1.98701615234746828e+03
1 0 0 21 2.50000000000035305e-01 2.50000000000035305e-01 2.50000000000035305e-01 0 -4.09129273814231667e+01
1 0 0 21 2.50000000000035305e-01 2.50000000000035305e-01 2.50000000000035305e-01 1 -1.56866979338049362e+00
1 0 0 21 2.50000000000035305e-01 2.50000000000035305e-01 2.50000000000035305e-01 2 8.88761282896427196e-01
1 0 0 21 2.50000000000035305e-01 2.50000000000035305e-01 2.50000000000035305e-01 3 3.45588428499101985e+00
1 0 0 21 2.50000000000035305e-01 2.50000000000035305e-01 2.50000000000035305e-01 4 1.16427094710380992e+01
1 0 0 21 2.50000000000035305e-01 2.50000000000035305e-01 2.50000000000035305e-01 5 1.36770348313457486e+01
1 0 0 21 2.50000000000035305e-01 2.50000000000035305e-01 2.50000000000035305e-01 6 1.40634219506962044e+01
1 0 0 21 2.50000000000035305e-01 2.50000000000035305e-01 2.50000000000035305e-01 7 1.82151499559379140e+01
1 0 0 21 2.50000000000035305e-01 2.50000000000035305e-01 2.50000000000035305e-01 8 1.84909516603579966e+01
1 0 0 21 2.50000000000035305e-01 2.50000000000035305e-01 2.50000000000035305e-01 9 2.05046953831335941e+01
1 0 0 21 2.50000000000035305e-01 2.50000000000035305e-01 2.50000000000035305e-01 10 3.07105075154657783e+01
1 0 0 21 2.50000000000035305e-01 2.50000000000035305e-01 2.50000000000035305e-01 11 3.26454134261048736e+01
1 0 0 21 2.50000000000035305e-01 2.50000000000035305e-01 2.50000000000035305e-01 12 3.36382715934753236e+01
1 0 0 21 2.50000000000035305e-01 2.50000000000035305e-01 2.50000000000035305e-01 13 3.51627504229647982e+01
1 0 0 21 2.50000000000035305e-01 2.50000000000035305e-01 2.50000000000035305e-01 14 4.30445074999424122e+01
1 0 0 21 2.50000000000035305e-01 2.50000000000035305e-01 2.50000000000035305e-01 15 4.36875450628592432e+01
1 0 0 21 2.50000000000035305e-01 2.50000000000035305e-01 2.50000000000035305e-01 16 5.05925854868712506e+01
1 0 0 21 2.50000000000035305e-01 2.50000000000035305e-01 2.50000000000035305e-01 17 5.16787661448210898e+01
1 0 0 21 2.50000000000035305e-01 2.50000000000035305e-01 2.50000000000035305e-01 18 5.23227750337271189e+01
1 0 0 21 2.50000000000035305e-01 2.50000000000035305e-01 2.50000000000035305e-01 19 1.17292682742631015e+02
1 0 0 21 2.50000000000035305e-01 2.50000000000035305e-01 2.50000000000035305e-01 20 3.29832309530885993e+02
1 0 0 21 2.50000000000035305e-01 2.50000000000035305e-01 2.50000000000035305e-01 21 3.49431999842115999e+02
1 0 0 21 2.50000000000035305e-01 2.50000000000035305e-01 2.50000000000035305e-01 22 8.15171618038215229e+02
1 0 0 21 2.50000000000035305e-01 2.50000000000035305e-01 2.50000000000035305e-01 23 8.67901917624614498e+02
1 0 0 21 2.50000000000035305e-01 2.50000000000035305e-01 2.50000000000035305e-01 24 1.34239518109097435e+03
1 0 0 21 2.50000000000035305e-01 2.50000000000035305e-01 2.50000000000035305e-01 25 2.81526654895767251e+03
1 0 0 22 5.00000000000070610e-01 2.50000000000035305e-01 2.50000000000035305e-01 0 -3.50627476601608876e+01
1 0 0 22 5.00000000000070610e-01 2.50000000000035305e-01 2.50000000000035305e-01 1 -3.45328717302392807e+00
1 0 0 22 5.00000000000070610e-01 2.50000000000035305e-01 2.50000000000035305e-01 2 -2.82137101799391166e-01
1 0 0 22 5.00000000000070610e-01 2.50000000000035305e-01 2.50000000000035305e-01 3 1.05017040452392729e+00
1 0 0 22 5.00000000000070610e-01 2.50000000000035305e-01 2.50000000000035305e-01 4 1.30945870397960125e+01
1 0 0 22 5.00000000000070610e-01 2.50000000000035305e-01 2.50000000000035305e-01 5 1.38659941116081207e+01
1 0 0 22 5.00000000000070610e-01 2.50000000000035305e-01 2.50000000000035305e-01 6 1.51822797060618022e+01
1 0 0 22 5.00000000000070610e-01 2.50000000000035305e-01 2.50000000000035305e-01 7 1.68552278800335458e+01
1 0 0 22 5.00000000000070610e-01 2.50000000000035305e-01 2.50000000000035305e-01 8 1.92532329485499858e+01
1 0 0 22 5.00000000000070610e-01 2.50000000000035305e-01 2.50000000000035305e-01 9 2.55922810623842096e+01
1 0 0 22 5.00000000000070610e-01 2.50000000000035305e-01 2.50000000000035305e-01 10 2.82560173663276757e+01
1 0 0 22 5.00000000000070610e-01 2.50000000000035305e-01 2.50000000000035305e-01 11 3.37037385052552025e+01
1 0 0 22 5.00000000000070610e-01 2.50000000000035305e-01 2.50000000000035305e-01 12 3.40556330544092987e+01
1 0 0 22 5.00000000000070610e-01 2.50000000000035305e-01 2.50000000000035305e-01 13 3.63843029573047971e+01
1 0 0 22 5.00000000000070610e-01 2.50000000000035305e-01 2.50000000000035305e-01 14 3.96387792867479476e+01
1 0 0 22 5.00000000000070610e-01 2.50000000000035305e-01 2.50000000000035305e-01 15 4.19466716555469645e+01
1 0 0 22 5.00000000000070610e-01 2.50000000000035305e-01 2.50000000000035305e-01 16 4.43263523294576629e+01
1 0 0 22 5.00000000000070610e-01 2.50000000000035305e-01 2.50000000000035305e-01 17 4.86304475368031319e+01
1 0 0 22 5.00000000000070610e-01 2.50000000000035305e-01 2.50000000000035305e-01 18 5.27494551122473823e+01
1 0 0 22 5.00000000000070610e-01 2.50000000000035305e-01 2.50000000000035305e-01 19 8.94549249496692198e+01
1 0 0 22 5.00000000000070610e-01 2.50000000000035305e-01 2.50000000000035305e-01 20 1.08155833316022296e+02
1 0 0 22 5.00000000000070610e-01 2.50000000000035305e-01 2.50000000000035305e-01 21 2.24038956207479771e+02
1 0 0 22 5.00000000000070610e-01 2.50000000000035305e-01 2.50000000000035305e-01 22 7.63625669137018917e+02
1 0 0 22 5.00000000000070610e-01 2.50000000000035305e-01 2.50000000000035305e-01 23 1.03402581970278129e+03
1 0 0 22 5.00000000000070610e-01 2.50000000000035305e-01 2.50000000000035305e-01 24 1.76662310948810000e+03
1 0 0 22 5.00000000000070610e-01 2.50000000000035305e-01 2.50000000000035305e-01 25 3.24197842159979473e+03
1 0 0 23 7.49999999999942601e-01 2.49999999999953648e-01 2.49999999999953648e-01 0 -2.94409071475209139e+01
1 0 0 23 7.49999999999942601e-01 2.49999999999953648e-01 2.49999999999953648e-01 1 -5.94502627371455183e+00
1 0 0 23 7.49999999999942601e-01 2.49999999999953648e-01 2.49999999999953648e-01 2 -7.21137609046005990e-01
1 0 0 23 7.49999999999942601e-01 2.49999999999953648e-01 2.49999999999953648e-01 3 9.33193891005837162e-01
1 0 0 23 7.49999999999942601e-01 2.49999999999953648e-01 2.49999999999953648e-01 4 1.09689176160011268e+01
1 0 0 23 7.49999999999942601e-01 2.49999999999953648e-01 2.49999999999953648e-01 5 1.40251826861660103e+01
1 0 0 23 7.49999999999942601e-01 2.49999999999953648e-01 2.49999999999953648e-01 6 1.66214393007037096e+01
1 0 0 23 7.49999999999942601e-01 2.49999999999953648e-01 2.49999999999953648e-01 7 1.68682814227636868e+01
1 0 0 23 7.49999999999942601e-01 2.49999999999953648e-01 2.49999999999953648e-01 8 2.35715454968046636e+01
1 0 0 23 7.49999999999942601e-01 2.49999999999953648e-01 2.49999999999953648e-01 9 2.66938917036431569e+01
1 0 0 23 7.49999999999942601e-01 2.49999999999953648e-01 2.49999999999953648e-01 10 2.83290791553853296e+01
1 0 0 23 7.49999999999942601e-01 2.49999999999953648e-01 2.49999999999953648e-01 11 2.92410057527814935e+01
1 0 0 23 7.49999999999942601e-01 2.49999999999953648e-01 2.49999999999953648e-01 12 3.57678351610333465e+01
1 0 0 23 7.49999999999942601e-01 2.49999999999953648e-01 2.49999999999953648e-01 13 3.73741298778713542e+01
1 0 0 23 7.49999999999942601e-01 2.49999999999953648e-01 2.49999999999953648e-01 14 3.85560246473318813e+01
1 0 0 23 7.49999999999942601e-01 2.49999999999953648e-01 2.49999999999953648e-01 15 4.24047651053727606e+01
1 0 0 23 7.49999999999942601e-01 2.49999999999953648e-01 2.49999999999953648e-01 16 4.77066585083352948e+01
1 0 0 23 7.49999999999942601e-01 2.49999999999953648e-01 2.49999999999953648e-01 17 4.84006676264859195e+01
1 0 0 23 7.49999999999942601e-01 2.49999999999953648e-01 2.49999999999953648e-01 18 5.23951348661298368e+01
1 0 0 23 7.49999999999942601e-01 2.49999999999953648e-01 2.49999999999953648e-01 19 7.37950015666002059e+01
1 0 0 23 7.49999999999942601e-01 2.49999999999953648e-01 2.49999999999953648e-01 20 1.22859793300889592e+02
1 0 0 23 7.49999999999942601e-01 2.49999999999953648e-01 2.49999999999953648e-01 21 1.31742372485589897e+02
1 0 0 23 7.49999999999942601e-01 2.49999999999953648e-01 2.49999999999953648e-01 22 8.73404540235194645e+02
1 0 0 23 7.49999999999942601e-01 2.49999999999953648e-01 2.49999999999953648e-01 23 1.08708739749336542e+03
1 0 0 23 7.49999999999942601e-01 2.49999999999953648e-01 2.49999999999953648e-01 24 1.84115893259158338e+03
1 0 0 23 7.49999999999942601e-01 2.49999999999953648e-01 2.49999999999953648e-01 25 3.37173538630667463e+03
1 0 0 24 0.00000000000000000e+00 4.99999999999988953e-01 2.49999999999953648e-01 0 -2.95637793559540292e+01
1 0 0 24 0.00000000000000000e+00 4.99999999999988953e-01 2.49999999999953648e-01 1 -6.55642658131977463e+00
1 0 0 24 0.00000000000000000e+00 4.99999999999988953e-01 2.49999999999953648e-01 2 -3.09583382164487053e-01
1 0 0 24 0.00000000000000000e+00 4.99999999999988953e-01 2.49999999999953648e-01 3 2.03351834920872809e+00
1 0 0 24 0.00000000000000000e+00 4.99999999999988953e-01 2.49999999999953648e-01 4 1.13966169661704466e+01
1 0 0 24 0.00000000000000000e+00 4.99999999999988953e-01 2.49999999999953648e-01 5 1.37303973864099387e+01
1 0 0 24 0.00000000000000000e+00 4.99999999999988953e-01 2.49999999999953648e-01 6 1.68808388160550678e+01
1 0 0 24 0.00000000000000000e+00 4.99999999999988953e-01 2.49999999999953648e-01 7 1.80068559635179355e+01
1 0 0 24 0.00000000000000000e+00 4.99999999999988953e-01 2.49999999999953648e-01 8 2.32544670439619203e+01
1 0 0 24 0.00000000000000000e+00 4.99999999999988953e-01 2.49999999999953648e-01 9 2.51745229286155485e+01
1 0 0 24 0.00000000000000000e+00 4.99999999999988953e-01 2.49999999999953648e-01 10 2.82623262108767399e+01
1 0 0 24 0.00000000000000000e+00 4.99999999999988953e-01 2.49999999999953648e-01 11 2.91518604117063838e+01
1 0 0 24 0.00000000000000000e+00 4.99999999999988953e-01 2.49999999999953648e-01 12 3.59552135729957030e+01
1 0 0 24 0.00000000000000000e+00 4.99999999999988953e-01 2.49999999999953648e-01 13 3.79441367896065387e+01
1 0 0 24 0.00000000000000000e+00 4.99999999999988953e-01 2.49999999999953648e-01 14 3.89469906333080687e+01
1 0 0 24 0.00000000000000000e+00 4.99999999999988953e-01 2.49999999999953648e-01 15 4.26116595010773693e+01
1 0 0 24 0.00000000000000000e+00 4.99999999999988953e-01 2.49999999999953648e-01 16 4.75109678012062915e+01
1 0 0 24 0.00000000000000000e+00 4.99999999999988953e-01 2.49999999999953648e-01 17 4.93442882333501558e+01
1 0 0 24 0.00000000000000000e+00 4.99999999999988953e-01 2.49999999999953648e-01 18 5.11920306598320423e+01
1 0 0 24 0.00000000000000000e+00 4.99999999999988953e-01 2.49999999999953648e-01 19 7.19550475208571356e+01
1 0 0 24 0.00000000000000000e+00 4.99999999999988953e-01 2.49999999999953648e-01 20 1.17672020526967586e+02
1 0 0 24 0.00000000000000000e+00 4.99999999999988953e-01 2.49999999999953648e-01 21 1.28477678511410659e+02
1 0 0 24 0.00000000000000000e+00 4.99999999999988953e-01 2.49999999999953648e-01 22 8.74185289737640232e+02
1 0 0 24 0.00000000000000000e+00 4.99999999999988953e-01 2.49999999999953648e-01 23 1.06213739419414810e+03
1 0 0 24 0.00000000000000000e+00 4.99999999999988953e-01 2.49999999999953648e-01 24 1.95573789544887359e+03
1 0 0 24 0.00000000000000000e+00 4.99999999999988953e-01 2.49999999999953648e-01 25 3.26784954337902354e+03
1 0 0 25 2.50000000000035305e-01 5.00000000000070610e-01 2.50000000000035305e-01 0 -3.49219971610513369e+01
1 0 0 25 2.50000000000035305e-01 5.00000000000070610e-01 2.50000000000035305e-01 1 -4.65535309456105306e+00
1 0 0 25 2.50000000000035305e-01 5.00000000000070610e-01 2.50000000000035305e-01 2 4.10240728326257464e-01
1 0 0 25 2.50000000000035305e-01 5.00000000000070610e-01 2.50000000000035305e-01 3 2.20546601428840416e+00
1 0 0 25 2.50000000000035305e-01 5.00000000000070610e-01 2.50000000000035305e-01 4 1.33220365306226416e+01
1 0 0 25 2.50000000000035305e-01 5.00000000000070610e-01 2.50000000000035305e-01 5 1.38709572231568554e+01
1 0 0 25 2.50000000000035305e-01 5.00000000000070610e-01 2.50000000000035305e-01 6 1.56810605998572328e+01
1 0 0 25 2.50000000000035305e-01 5.00000000000070610e-01 2.50000000000035305e-01 7 1.74107374056545545e+01
1 0 0 25 2.50000000000035305e-01 5.00000000000070610e-01 2.50000000000035305e-01 8 1.90074402744490136e+01
1 0 0 25 2.50000000000035305e-01 5.00000000000070610e-01 2.50000000000035305e-01 9 2.49294124814799112e+01
1 0 0 25 2.50000000000035305e-01 5.00000000000070610e-01 2.50000000000035305e-01 10 2.84101715165356090e+01
1 0 0 25 2.50000000000035305e-01 5.00000000000070610e-01 2.50000000000035305e-01 11 3.30725224028483424e+01
1 0 0 25 2.50000000000035305e-01 5.00000000000070610e-01 2.50000000000035305e-01 12 3.48719334210784524e+01
1 0 0 25 2.50000000000035305e-01 5.00000000000070610e-01 2.50000000000035305e-01 13 3.56119383915729273e+01
1 0 0 25 2.50000000000035305e-01 5.00000000000070610e-01 2.50000000000035305e-01 14 3.83954816462965383e+01
1 0 0 25 2.50000000000035305e-01 5.00000000000070610e-01 2.50000000000035305e-01 15 4.23329476037799353e+01
1 0 0 25 2.50000000000035305e-01 5.00000000000070610e-01 2.50000000000035305e-01 16 4.45597453776331562e+01
1 0 0 25 2.50000000000035305e-01 5.00000000000070610e-01 2.50000000000035305e-01 17 4.85298155723557798e+01
1 0 0 25 2.50000000000035305e-01 5.00000000000070610e-01 2.50000000000035305e-01 18 5.34918042835126357e+01
1 0 0 25 2.50000000000035305e-01 5.00000000000070610e-01 2.50000000000035305e-01 19 8.47604357553362746e+01
1 0 0 25 2.50000000000035305e-01 5.00000000000070610e-01 2.50000000000035305e-01 20 1.08224933403164115e+02
1 0 0 25 2.50000000000035305e-01 5.00000000000070610e-01 2.50000000000035305e-01 21 2.36245681672486825e+02
1 0 0 25 2.50000000000035305e-01 5.00000000000070610e-01 2.50000000000035305e-01 22 7.68026096191770762e+02
1 0 0 25 2.50000000000035305e-01 5.00000000000070610e-01 2.50000000000035305e-01 23 1.00880913785442351e+03
1 0 0 25 2.50000000000035305e-01 5.00000000000070610e-01 2.50000000000035305e-01 24 1.69241250230947526e+03
1 0 0 25 2.50000000000035305e-01 5.00000000000070610e-01 2.50000000000035305e-01 25 3.30488080065042323e+03
1 0 0 26 4.99999999999988953e-01 4.99999999999988953e-01 2.50000000000035305e-01 0 -3.45909746424076587e+01
1 0 0 26 4.99999999999988953e-01 4.99999999999988953e-01 2.50000000000035305e-01 1 -5.54621887369723776e+00
1 0 0 26 4.99999999999988953e-01 4.99999999999988953e-01 2.50000000000035305e-01 2 -3.75989224422360158e-01
1 0 0 26 4.99999999999988953e-01 4.99999999999988953e-01 2.50000000000035305e-01 3 2.01727746024193966e+00
1 0 0 26 4.99999999999988953e-01 4.99999999999988953e-01 2.50000000000035305e-01 4 1.07243179054679487e+01
1 0 0 26 4.99999999999988953e-01 4.99999999999988953e-01 2.50000000000035305e-01 5 1.34472199136801649e+01
1 0 0 26 4.99999999999988953e-01 4.99999999999988953e-01 2.50000000000035305e-01 6 1.68673595823468894e+01
1 0 0 26 4.99999999999988953e-01 4.99999999999988953e-01 2.50000000000035305e-01 7 1.76693073931455835e+01
1 0 0 26 4.99999999999988953e-01 4.99999999999988953e-01 2.50000000000035305e-01 8 2.38834410057091873e+01
1 0 0 26 4.99999999999988953e-01 4.99999999999988953e-01 2.50000000000035305e-01 9 2.53382172715163207e+01
1 0 0 26 4.99999999999988953e-01 4.99999999999988953e-01 2.50000000000035305e-01 10 2.74685505041426268e+01
1 0 0 26 4.99999999999988953e-01 4.99999999999988953e-01 2.50000000000035305e-01 11 2.89304611776741609e+01
1 0 0 26 4.99999999999988953e-01 4.99999999999988953e-01 2.50000000000035305e-01 12 3.63766449575972999e+01
1 0 0 26 4.99999999999988953e-01 4.99999999999988953e-01 2.50000000000035305e-01 13 3.83499852077331553e+01
1 0 0 26 4.99999999999988953e-01 4.99999999999988953e-01 2.50000000000035305e-01 14 3.93784638870168777e+01
1 0 0 26 4.99999999999988953e-01 4.99999999999988953e-01 2.50000000000035305e-01 15 4.20703182149076937e+01
1 0 0 26 4.99999999999988953e-01 4.99999999999988953e-01 2.50000000000035305e-01 16 4.69021002500828814e+01
1 0 0 26 4.99999999999988953e-01 4.99999999999988953e-01 2.50000000000035305e-01 17 4.93554673473253658e+01
1 0 0 26 4.99999999999988953e-01 4.99999999999988953e-01 2.50000000000035305e-01 18 5.20493206848120096e+01
1 0 0 26 4.99999999999988953e-01 4.99999999999988953e-01 2.50000000000035305e-01 19 7.41137643314222032e+01
1 0 0 26 4.99999999999988953e-01 4.99999999999988953e-01 2.50000000000035305e-01 20 1.19468348362896648e+02
1 0 0 26 4.99999999999988953e-01 4.99999999999988953e-01 2.50000000000035305e-01 21 1.30982035185506788e+02
1 0 0 26 4.99999999999988953e-01 4.99999999999988953e-01 2.50000000000035305e-01 22 9.17928753574973030e+02
1 0 0 26 4.99999999999988953e-01 4.99999999999988953e-01 2.50000000000035305e-01 23 1.09641248061309011e+03
1 0 0 26 4.99999999999988953e-01 4.99999999999988953e-01 2.50000000000035305e-01 24 1.85408882533897372e+03
1 0 0 26 4.99999999999988953e-01 4.99999999999988953e-01 2.50000000000035305e-01 25 3.42347909904619473e+03
1 0 0 27 7.50000000000024203e-01 4.99999999999988898e-01 2.50000000000035305e-01 0 -2.83309046619558558e+01
1 0 0 27 7.50000000000024203e-01 4.99999999999988898e-01 2.50000000000035305e-01 1 -5.68363218239228996e+00
1 0 0 27 7.50000000000024203e-01 4.99999999999988898e-01 2.50000000000035305e-01 2 -1.24270005540069151e+00
1 0 0 27 7.50000000000024203e-01 4.99999999999988898e-01 2.50000000000035305e-01 3 4.38171996785671758e-01
1 0 0 27 7.50000000000024203e-01 4.99999999999988898e-01 2.50000000000035305e-01 4 1.23063627652991805e+01
1 0 0 27 7.50000000000024203e-01 4.99999999999988898e-01 2.50000000000035305e-01 5 1.34997756844095438e+01
1 0 0 27 7.50000000000024203e-01 4.99999999999988898e-01 2.50000000000035305e-01 6 1.58647141965308336e+01
1 0 0 27 7.50000000000024203e-01 4.99999999999988898e-01 2.50000000000035305e-01 7 1.79098408221075971e+01
1 0 0 27 7.50000000000024203e-01 4.99999999999988898e-01 2.50000000000035305e-01 8 2.32541616931118895e+01
1 0 0 27 7.50000000000024203e-01 4.99999999999988898e-01 2.50000000000035305e-01 9 2.49337270348836704e+01
1 0 0 27 7.50000000000024203e-01 4.99999999999988898e-01 2.50000000000035305e-01 10 2.92427704551911916e+01
1 0 0 27 7.50000000000024203e-01 4.99999999999988898e-01 2.50000000000035305e-01 11 3.11444316894106947e+01
1 0 0 27 7.50000000000024203e-01 4.99999999999988898e-01 2.50000000000035305e-01 12 3.62458391651706293e+01
1 0 0 27 7.50000000000024203e-01 4.99999999999988898e-01 2.50000000000035305e-01 13 3.77467262841879077e+01
1 0 0 27 7.50000000000024203e-01 4.99999999999988898e-01 2.50000000000035305e-01 14 3.98956453366809285e+01
1 0 0 27 7.50000000000024203e-01 4.99999999999988898e-01 2.50000000000035305e-01 15 4.17422916332134832e+01
1 0 0 27 7.50000000000024203e-01 4.99999999999988898e-01 2.50000000000035305e-01 16 4.33903095928710485e+01
1 0 0 27 7.50000000000024203e-01 4.99999999999988898e-01 2.50000000000035305e-01 17 4.47471358522794844e+01
1 0 0 27 7.50000000000024203e-01 4.99999999999988898e-01 2.50000000000035305e-01 18 5.40143582444075179e+01
1 0 0 27 7.50000000000024203e-01 4.99999999999988898e-01 2.50000000000035305e-01 19 5.72853709394001669e+01
1 0 0 27 7.50000000000024203e-01 4.99999999999988898e-01 2.50000000000035305e-01 20 9.31665903308807231e+01
1 0 0 27 7.50000000000024203e-01 4.99999999999988898e-01 2.50000000000035305e-01 21 9.94805928993772568e+01
1 0 0 27 7.50000000000024203e-01 4.99999999999988898e-01 2.50000000000035305e-01 22 1.32609943309980690e+03
1 0 0 27 7.50000000000024203e-01 4.99999999999988898e-01 2.50000000000035305e-01 23 1.46154932121797810e+03
1 0 0 27 7.50000000000024203e-01 4.99999999999988898e-01 2.50000000000035305e-01 24 2.45719904146229283e+03
1 0 0 27 7.50000000000024203e-01 4.99999999999988898e-01 2.50000000000035305e-01 25 2.54710433671281180e+03
1 0 0 28 0.00000000000000000e+00 7.50000000000024203e-01 2.49999999999953593e-01 0 -3.55726865748710068e+01
1 0 0 28 0.00000000000000000e+00 7.50000000000024203e-01 2.49999999999953593e-01 1 -3.39416530560221030e+00
1 0 0 28 0.00000000000000000e+00 7.50000000000024203e-01 2.49999999999953593e-01 2 -9.44795270923023955e-03
1 0 0 28 0.00000000000000000e+00 7.50000000000024203e-01 2.49999999999953593e-01 3 2.47964541520577919e+00
1 0 0 28 0.00000000000000000e+00 7.50000000000024203e-01 2.49999999999953593e-01 4 1.32019684212710544e+01
1 0 0 28 0.00000000000000000e+00 7.50000000000024203e-01 2.49999999999953593e-01 5 1.39104814867999202e+01
1 0 0 28 0.00000000000000000e+00 7.50000000000024203e-01 2.49999999999953593e-01 6 1.59559702930487202e+01
1 0 0 28 0.00000000000000000e+00 7.50000000000024203e-01 2.49999999999953593e-01 7 1.69255655966407197e+01
1 0 0 28 0.00000000000000000e+00 7.50000000000024203e-01 2.49999999999953593e-01 8 1.84046468705044433e+01
1 0 0 28 0.00000000000000000e+00 7.50000000000024203e-01 2.49999999999953593e-01 9 2.56262661818173889e+01
1 0 0 28 0.00000000000000000e+00 7.50000000000024203e-01 2.49999999999953593e-01 10 2.84577360412411586e+01
1 0 0 28 0.00000000000000000e+00 7.50000000000024203e-01 2.49999999999953593e-01 11 3.29898093333176590e+01
1 0 0 28 0.00000000000000000e+00 7.50000000000024203e-01 2.49999999999953593e-01 12 3.46550658141687933e+01
1 0 0 28 0.00000000000000000e+00 7.50000000000024203e-01 2.49999999999953593e-01 13 3.62134341248527036e+01
1 0 0 28 0.00000000000000000e+00 7.50000000000024203e-01 2.49999999999953593e-01 14 3.98924768549698641e+01
1 0 0 28 0.00000000000000000e+00 7.50000000000024203e-01 2.49999999999953593e-01 15 4.16635630910105874e+01
1 0 0 28 0.00000000000000000e+00 7.50000000000024203e-01 2.49999999999953593e-01 16 4.48489541913362828e+01
1 0 0 28 0.00000000000000000e+00 7.50000000000024203e-01 2.49999999999953593e-01 17 4.88631758690216600e+01
1 0 0 28 0.00000000000000000e+00 7.50000000000024203e-01 2.49999999999953593e-01 18 5.27444823366555084e+01
1 0 0 28 0.00000000000000000e+00 7.50000000000024203e-01 2.49999999999953593e-01 19 8.41768252280040485e+01
1 0 0 28 0.00000000000000000e+00 7.50000000000024203e-01 2.49999999999953593e-01 20 1.05764972199911270e+02
1 0 0 28 0.00000000000000000e+00 7.50000000000024203e-01 2.49999999999953593e-01 21 2.42550257563905205e+02
1 0 0 28 0.00000000000000000e+00 7.50000000000024203e-01 2.49999999999953593e-01 22 6.89412198679876951e+02
1 0 0 28 0.00000000000000000e+00 7.50000000000024203e-01 2.49999999999953593e-01 23 9.77075609363055378e+02
1 0 0 28 0.00000000000000000e+00 7.50000000000024203e-01 2.49999999999953593e-01 24 1.79111147991190137e+03
1 0 0 28 0.00000000000000000e+00 7.50000000000024203e-01 2.49999999999953593e-01 25 3.31904550495491412e+03
1 0 0 29 2.49999999999953648e-01 7.49999999999942601e-01 2.49999999999953648e-01 0 -3.07908380453503412e+01
1 0 0 29 2.49999999999953648e-01 7.49999999999942601e-01 2.49999999999953648e-01 1 -5.65122345981943397e+00
1 0 0 29 2.49999999999953648e-01 7.49999999999942601e-01 2.49999999999953648e-01 2 -4.13899933123653307e-01
1 0 0 29 2.49999999999953648e-01 7.49999999999942601e-01 2.49999999999953648e-01 3 2.64499765302664303e+00
1 0 0 29 2.49999999999953648e-01 7.49999999999942601e-01 2.49999999999953648e-01 4 1.12531653659655113e+01
1 0 0 29 2.49999999999953648e-01 7.49999999999942601e-01 2.49999999999953648e-01 5 1.40517347698252166e+01
1 0 0 29 2.49999999999953648e-01 7.49999999999942601e-01 2.49999999999953648e-01 6 1.66458867051719075e+01
1 0 0 29 2.49999999999953648e-01 7.49999999999942601e-01 2.49999999999953648e-01 7 1.80166337126101688e+01
1 0 0 29 2.49999999999953648e-01 7.49999999999942601e-01 2.49999999999953648e-01 8 2.36815692957201271e+01
1 0 0 29 2.49999999999953648e-01 7.49999999999942601e-01 2.49999999999953648e-01 9 2.58104340280976210e+01
1 0 0 29 2.49999999999953648e-01 7.49999999999942601e-01 2.49999999999953648e-01 10 2.76548894916999579e+01
1 0 0 29 2.49999999999953648e-01 7.49999999999942601e-01 2.49999999999953648e-01 11 2.92983941576612317e+01
1 0 0 29 2.49999999999953648e-01 7.49999999999942601e-01 2.49999999999953648e-01 12 3.60223109317650412e+01
1 0 0 29 2.49999999999953648e-01 7.49999999999942601e-01 2.49999999999953648e-01 13 3.70453333236306008e+01
1 0 0 29 2.49999999999953648e-01 7.49999999999942601e-01 2.49999999999953648e-01 14 3.80636961351921173e+01
1 0 0 29 2.49999999999953648e-01 7.49999999999942601e-01 2.49999999999953648e-01 15 4.24423889110169412e+01
1 0 0 29 2.49999999999953648e-01 7.49999999999942601e-01 2.49999999999953648e-01 16 4.74059356940341061e+01
1 0 0 29 2.49999999999953648e-01 7.49999999999942601e-01 2.49999999999953648e-01 17 4.87975548779564008e+01
1 0 0 29 2.49999999999953648e-01 7.49999999999942601e-01 2.49999999999953648e-01 18 5.31150739746579461e+01
1 0 0 29 2.49999999999953648e-01 7.49999999999942601e-01 2.49999999999953648e-01 19 7.15509879354844287e+01
1 0 0 29 2.49999999999953648e-01 7.49999999999942601e-01 2.49999999999953648e-01 20 1.19444219083189367e+02
1 0 0 29 2.49999999999953648e-01 7.49999999999942601e-01 2.49999999999953648e-01 21 1.27457229717052385e+02
1 0 0 29 2.49999999999953648e-01 7.49999999999942601e-01 2.49999999999953648e-01 22 9.06595378005858720e+02
1 0 0 29 2.49999999999953648e-01 7.49999999999942601e-01 2.49999999999953648e-01 23 1.13612585531560080e+03
1 0 0 29 2.49999999999953648e-01 7.49999999999942601e-01 2.49999999999953648e-01 24 1.82296951421502104e+03
1 0 0 29 2.49999999999953648e-01 7.49999999999942601e-01 2.49999999999953648e-01 25 3.37568133492742027e+03
1 0 0 30 4.99999999999988898e-01 7.50000000000024203e-01 2.50000000000035305e-01 0 -3.00673488417277142e+01
1 0 0 30 4.99999999999988898e-01 7.50000000000024203e-01 2.50000000000035305e-01 1 -4.94162668625990698e+00
1 0 0 30 4.99999999999988898e-01 7.50000000000024203e-01 2.50000000000035305e-01 2 -1.22216118511632277e+00
1 0 0 30 4.99999999999988898e-01 7.50000000000024203e-01 2.50000000000035305e-01 3 -2.14968789488507422e-01
1 0 0 30 4.99999999999988898e-01 7.50000000000024203e-01 2.50000000000035305e-01 4 1.25858811429759889e+01
1 0 0 30 4.99999999999988898e-01 7.50000000000024203e-01 2.50000000000035305e-01 5 1.36503939664687497e+01
1 0 0 30 4.99999999999988898e-01 7.50000000000024203e-01 2.50000000000035305e-01 6 1.68078007640028027e+01
1 0 0 30 4.99999999999988898e-01 7.50000000000024203e-01 2.50000000000035305e-01 7 1.81201473518749729e+01
1 0 0 30 4.99999999999988898e-01 7.50000000000024203e-01 2.50000000000035305e-01 8 2.38287681676639806e+01
1 0 0 30 4.99999999999988898e-01 7.50000000000024203e-01 2.50000000000035305e-01 9 2.56682405913091216e+01
1 0 0 30 4.99999999999988898e-01 7.50000000000024203e-01 2.50000000000035305e-01 10 2.89878345380770810e+01
1 0 0 30 4.99999999999988898e-01 7.50000000000024203e-01 2.50000000000035305e-01 11 3.09662192143497954e+01
1 0 0 30 4.99999999999988898e-01 7.50000000000024203e-01 2.50000000000035305e-01 12 3.62554559906719689e+01
1 0 0 30 4.99999999999988898e-01 7.50000000000024203e-01 2.50000000000035305e-01 13 3.77683931896911034e+01
1 0 0 30 4.99999999999988898e-01 7.50000000000024203e-01 2.50000000000035305e-01 14 3.98628695301117375e+01
1 0 0 30 4.99999999999988898e-01 7.50000000000024203e-01 2.50000000000035305e-01 15 4.16338546150517104e+01
1 0 0 30 4.99999999999988898e-01 7.50000000000024203e-01 2.50000000000035305e-01 16 4.30777704741175143e+01
1 0 0 30 4.99999999999988898e-01 7.50000000000024203e-01 2.50000000000035305e-01 17 4.45385072635201951e+01
1 0 0 30 4.99999999999988898e-01 7.50000000000024203e-01 2.50000000000035305e-01 18 5.43913702040362494e+01
1 0 0 30 4.99999999999988898e-01 7.50000000000024203e-01 2.50000000000035305e-01 19 5.82501464064123553e+01
1 0 0 30 4.99999999999988898e-01 7.50000000000024203e-01 2.50000000000035305e-01 20 9.33933707813752534e+01
1 0 0 30 4.99999999999988898e-01 7.50000000000024203e-01 2.50000000000035305e-01 21 9.79660695905669598e+01
1 0 0 30 4.99999999999988898e-01 7.50000000000024203e-01 2.50000000000035305e-01 22 1.35380518242011294e+03
1 0 0 30 4.99999999999988898e-01 7.50000000000024203e-01 2.50000000000035305e-01 23 1.53252229281636073e+03
1 0 0 30 4.99999999999988898e-01 7.50000000000024203e-01 2.50000000000035305e-01 24 2.31261266519858236e+03
1 0 0 30 4.99999999999988898e-01 7.50000000000024203e-01 2.50000000000035305e-01 25 2.52179043325599469e+03
1 0 0 31 7.50000000000024314e-01 7.50000000000024314e-01 2.50000000000035305e-01 0 -3.53589657011872305e+01
1 0 0 31 7.50000000000024314e-01 7.50000000000024314e-01 2.50000000000035305e-01 1 -4.79508990787791234e+00
1 0 0 31 7.50000000000024314e-01 7.50000000000024314e-01 2.50000000000035305e-01 2 -5.03744102011909667e-01
1 0 0 31 7.50000000000024314e-01 7.50000000000024314e-01 2.50000000000035305e-01 3 2.23501437067043174e+00
1 0 0 31 7.50000000000024314e-01 7.50000000000024314e-01 2.50000000000035305e-01 4 1.04427576654993697e+01
1 0 0 31 7.50000000000024314e-01 7.50000000000024314e-01 2.50000000000035305e-01 5 1.39268701404663204e+01
1 0 0 31 7.50000000000024314e-01 7.50000000000024314e-01 2.50000000000035305e-01 6 1.68436584196604606e+01
1 0 0 31 7.50000000000024314e-01 7.50000000000024314e-01 2.50000000000035305e-01 7 1.74655426023733007e+01
1 0 0 31 7.50000000000024314e-01 7.50000000000024314e-01 2.50000000000035305e-01 8 2.41719925800449325e+01
1 0 0 31 7.50000000000024314e-01 7.50000000000024314e-01 2.50000000000035305e-01 9 2.63177646882951315e+01
1 0 0 31 7.50000000000024314e-01 7.50000000000024314e-01 2.50000000000035305e-01 10 2.81322869586849045e+01
1 0 0 31 7.50000000000024314e-01 7.50000000000024314e-01 2.50000000000035305e-01 11 2.93187738933663411e+01
1 0 0 31 7.50000000000024314e-01 7.50000000000024314e-01 2.50000000000035305e-01 12 3.68758945582003221e+01
1 0 0 31 7.50000000000024314e-01 7.50000000000024314e-01 2.50000000000035305e-01 13 3.75657075591386302e+01
1 0 0 31 7.50000000000024314e-01 7.50000000000024314e-01 2.50000000000035305e-01 14 3.86127801954267653e+01
1 0 0 31 7.50000000000024314e-01 7.50000000000024314e-01 2.50000000000035305e-01 15 4.21359272079924310e+01
1 0 0 31 7.50000000000024314e-01 7.50000000000024314e-01 2.50000000000035305e-01 16 4.63184633638558978e+01
1 0 0 31 7.50000000000024314e-01 7.50000000000024314e-01 2.50000000000035305e-01 17 4.80335863558483211e+01
1 0 0 31 7.50000000000024314e-01 7.50000000000024314e-01 2.50000000000035305e-01 18 5.29089334826875728e+01
1 0 0 31 7.50000000000024314e-01 7.50000000000024314e-01 2.50000000000035305e-01 19 7.23877295875603579e+01
1 0 0 31 7.50000000000024314e-01 7.50000000000024314e-01 2.50000000000035305e-01 20 1.24461443380971929e+02
1 0 0 31 7.50000000000024314e-01 7.50000000000024314e-01 2.50000000000035305e-01 21 1.29597362015584196e+02
1 0 0 31 7.50000000000024314e-01 7.50000000000024314e-01 2.50000000000035305e-01 22 8.87825611855919874e+02
1 0 0 31 7.50000000000024314e-01 7.50000000000024314e-01 2.50000000000035305e-01 23 1.06661581012144234e+03
1 0 0 31 7.50000000000024314e-01 7.50000000000024314e-01 2.50000000000035305e-01 24 1.75718462502963189e+03
1 0 0 31 7.50000000000024314e-01 7.50000000000024314e-01 2.50000000000035305e-01 25 3.40736392418449032e+03
1 0 0 32 0.00000000000000000e+00 0.00000000000000000e+00 5.00000000000070610e-01 0 -3.47591317521061782e+01
1 0 0 32 0.00000000000000000e+00 0.00000000000000000e+00 5.00000000000070610e-01 1 -7.13028361573738234e+00
1 0 0 32 0.00000000000000000e+00 0.00000000000000000e+00 5.00000000000070610e-01 2 1.67964095483676790e+00
1 0 0 32 0.00000000000000000e+00 0.00000000000000000e+00 5.00000000000070610e-01 3 3.47355957390162740e+00
1 0 0 32 0.00000000000000000e+00 0.00000000000000000e+00 5.00000000000070610e-01 4 1.00554629112780152e+01
1 0 0 32 0.00000000000000000e+00 0.00000000000000000e+00 5.00000000000070610e-01 5 1.35985191771415703e+01
1 0 0 32 0.00000000000000000e+00 0.00000000000000000e+00 5.00000000000070610e-01 6 1.39581843909067267e+01
1 0 0 32 0.00000000000000000e+00 0.00000000000000000e+00 5.00000000000070610e-01 7 2.32403776202306140e+01
1 0 0 32 0.00000000000000000e+00 0.00000000000000000e+00 5.00000000000070610e-01 8 2.35954450058494025e+01
1 0 0 32 0.00000000000000000e+00 0.00000000000000000e+00 5.00000000000070610e-01 9 2.46255278285541337e+01
1 0 0 32 0.00000000000000000e+00 0.00000000000000000e+00 5.00000000000070610e-01 10 2.77670939884114887e+01
1 0 0 32 0.00000000000000000e+00 0.00000000000000000e+00 5.00000000000070610e-01 11 2.83954021222313528e+01
1 0 0 32 0.00000000000000000e+00 0.00000000000000000e+00 5.00000000000070610e-01 12 2.87080831577300692e+01
1 0 0 32 0.00000000000000000e+00 0.00000000000000000e+00 5.00000000000070610e-01 13 3.96806387935924718e+01
1 0 0 32 0.00000000000000000e+00 0.00000000000000000e+00 5.00000000000070610e-01 14 4.12961574985321533e+01
1 0 0 32 0.00000000000000000e+00 0.00000000000000000e+00 5.00000000000070610e-01 15 4.28616538929434086e+01
1 0 0 32 0.00000000000000000e+00 0.00000000000000000e+00 5.00000000000070610e-01 16 4.44688408383525200e+01
1 0 0 32 0.00000000000000000e+00 0.00000000000000000e+00 5.00000000000070610e-01 17 4.97051627973166887e+01
1 0 0 32 0.00000000000000000e+00 0.00000000000000000e+00 5.00000000000070610e-01 18 5.20686853564386141e+01
1 0 0 32 0.00000000000000000e+00 0.00000000000000000e+00 5.00000000000070610e-01 19 6.74949325291391773e+01
1 0 0 32 0.00000000000000000e+00 0.00000000000000000e+00 5.00000000000070610e-01 20 3.05721724807474516e+02
1 0 0 32 0.00000000000000000e+00 0.00000000000000000e+00 5.00000000000070610e-01 21 3.14254395884363362e+02
1 0 0 32 0.00000000000000000e+00 0.00000000000000000e+00 5.00000000000070610e-01 22 5.51500499557317994e+02
1 0 0 32 0.00000000000000000e+00 0.00000000000000000e+00 5.00000000000070610e-01 23 5.95855797016796032e+02
1 0 0 32 0.00000000000000000e+00 0.00000000000000000e+00 5.00000000000070610e-01 24 1.83052258421124020e+03
1 0 0 32 0.00000000000000000e+00 0.00000000000000000e+00 5.00000000000070610e-01 25 4.12753096810476472e+03
1 0 0 33 2.49999999999953648e-01 0.00000000000000000e+00 4.99999999999988953e-01 0 -3.30042062066639659e+01
1 0 0 33 2.49999999999953648e-01 0.00000000000000000e+00 4.99999999999988953e-01 1 -4.48893459623437252e+00
1 0 0 33 2.49999999999953648e-01 0.00000000000000000e+00 4.99999999999988953e-01 2 3.90768206144861296e-01
1 0 0 33 2.49999999999953648e-01 0.00000000000000000e+00 4.99999999999988953e-01 3 1.07801790353218974e+00
1 0 0 33 2.49999999999953648e-01 0.00000000000000000e+00 4.99999999999988953e-01 4 1.11636779422227157e+01
1 0 0 33 2.49999999999953648e-01 0.00000000000000000e+00 4.99999999999988953e-01 5 1.40917462093259953e+01
1 0 0 33 2.49999999999953648e-01 0.00000000000000000e+00 4.99999999999988953e-01 6 1.67084193469533844e+01
1 0 0 33 2.49999999999953648e-01 0.00000000000000000e+00 4.99999999999988953e-01 7 1.79488668485002307e+01
1 0 0 33 2.49999999999953648e-01 0.00000000000000000e+00 4.99999999999988953e-01 8 2.41017974908561214e+01
1 0 0 33 2.49999999999953648e-01 0.00000000000000000e+00 4.99999999999988953e-01 9 2.54237381805811467e+01
1 0 0 33 2.49999999999953648e-01 0.00000000000000000e+00 4.99999999999988953e-01 10 2.80906978901690678e+01
1 0 0 33 2.49999999999953648e-01 0.00000000000000000e+00 4.99999999999988953e-01 11 2.89731566438296362e+01
1 0 0 33 2.49999999999953648e-01 0.00000000000000000e+00 4.99999999999988953e-01 12 3.62267012032511744e+01
1 0 0 33 2.49999999999953648e-01 0.00000000000000000e+00 4.99999999999988953e-01 13 3.72606341075040959e+01
1 0 0 33 2.49999999999953648e-01 0.00000000000000000e+00 4.99999999999988953e-01 14 3.82644600724767940e+01
1 0 0 33 2.49999999999953648e-01 0.00000000000000000e+00 4.99999999999988953e-01 15 4.24468039325446256e+01
1 0 0 33 2.49999999999953648e-01 0.00000000000000000e+00 4.99999999999988953e-01 16 4.59712953395258808e+01
1 0 0 33 2.49999999999953648e-01 0.00000000000000000e+00 4.99999999999988953e-01 17 4.85900857537687045e+01
1 0 0 33 2.49999999999953648e-01 0.00000000000000000e+00 4.99999999999988953e-01 18 5.21228825995664025e+01
1 0 0 33 2.49999999999953648e-01 0.00000000000000000e+00 4.99999999999988953e-01 19 7.35328804704386414e+01
1 0 0 33 2.49999999999953648e-01 0.00000000000000000e+00 4.99999999999988953e-01 20 1.21877212643592657e+02
1 0 0 33 2.49999999999953648e-01 0.00000000000000000e+00 4.99999999999988953e-01 21 1.32885012308639574e+02
1 0 0 33 2.49999999999953648e-01 0.00000000000000000e+00 4.99999999999988953e-01 22 8.58817007327162855e+02
1 0 0 33 2.49999999999953648e-01 0.00000000000000000e+00 4.99999999999988953e-01 23 1.08456150263521977e+03
1 0 0 33 2.49999999999953648e-01 0.00000000000000000e+00 4.99999999999988953e-01 24 1.91040784753351636e+03
1 0 0 33 2.49999999999953648e-01 0.00000000000000000e+00 4.99999999999988953e-01 25 3.27809205746675616e+03
1 0 0 34 4.99999999999988898e-01 0.00000000000000000e+00 4.99999999999988898e-01 0 -2.92134611326343645e+01
1 0 0 34 4.99999999999988898e-01 0.00000000000000000e+00 4.99999999999988898e-01 1 -6.37687560326260261e+00
1 0 0 34 4.99999999999988898e-01 0.00000000000000000e+00 4.99999999999988898e-01 2 -1.20143421642224663e-01
1 0 0 34 4.99999999999988898e-01 0.00000000000000000e+00 4.99999999999988898e-01 3 2.51612507554448506e+00
1 0 0 34 4.99999999999988898e-01 0.00000000000000000e+00 4.99999999999988898e-01 4 9.93994669244681894e+00
1 0 0 34 4.99999999999988898e-01 0.00000000000000000e+00 4.99999999999988898e-01 5 1.05596210767240084e+01
1 0 0 34 4.99999999999988898e-01 0.00000000000000000e+00 4.99999999999988898e-01 6 2.30355454214219471e+01
1 0 0 34 4.99999999999988898e-01 0.00000000000000000e+00 4.99999999999988898e-01 7 2.42787809338946126e+01
1 0 0 34 4.99999999999988898e-01 0.00000000000000000e+00 4.99999999999988898e-01 8 2.56150370866775852e+01
1 0 0 34 4.99999999999988898e-01 0.00000000000000000e+00 4.99999999999988898e-01 9 2.64456634369783288e+01
1 0 0 34 4.99999999999988898e-01 0.00000000000000000e+00 4.99999999999988898e-01 10 2.71449602872535429e+01
1 0 0 34 4.99999999999988898e-01 0.00000000000000000e+00 4.99999999999988898e-01 11 2.78569644661956204e+01
1 0 0 34 4.99999999999988898e-01 0.00000000000000000e+00 4.99999999999988898e-01 12 3.04245772599699222e+01
1 0 0 34 4.99999999999988898e-01 0.00000000000000000e+00 4.99999999999988898e-01 13 3.25720801469507819e+01
1 0 0 34 4.99999999999988898e-01 0.00000000000000000e+00 4.99999999999988898e-01 14 4.32943111466449508e+01
1 0 0 34 4.99999999999988898e-01 0.00000000000000000e+00 4.99999999999988898e-01 15 4.48254571653340861e+01
1 0 0 34 4.99999999999988898e-01 0.00000000000000000e+00 4.99999999999988898e-01 16 4.95305827310633191e+01
1 0 0 34 4.99999999999988898e-01 0.00000000000000000e+00 4.99999999999988898e-01 17 5.15799360096165955e+01
1 0 0 34 4.99999999999988898e-01 0.00000000000000000e+00 4.99999999999988898e-01 18 6.43716916273940143e+01
1 0 0 34 4.99999999999988898e-01 0.00000000000000000e+00 4.99999999999988898e-01 19 6.85649542627060526e+01
1 0 0 34 4.99999999999988898e-01 0.00000000000000000e+00 4.99999999999988898e-01 20 8.15526392009782342e+01
1 0 0 34 4.99999999999988898e-01 0.00000000000000000e+00 4.99999999999988898e-01 21 8.68063141855913614e+01
1 0 0 34 4.99999999999988898e-01 0.00000000000000000e+00 4.99999999999988898e-01 22 1.15121862518215312e+03
1 0 0 34 4.99999999999988898e-01 0.00000000000000000e+00 4.99999999999988898e-01 23 1.20812778420431482e+03
1 0 0 34 4.99999999999988898e-01 0.00000000000000000e+00 4.99999999999988898e-01 24 2.40410513925943042e+03
1 0 0 34 4.99999999999988898e-01 0.00000000000000000e+00 4.99999999999988898e-01 25 2.48156327487211865e+03
1 0 0 35 7.50000000000024314e-01 0.00000000000000000e+00 4.99999999999989009e-01 0 -3.30033108370183328e+01
1 0 0 35 7.50000000000024314e-01 0.00000000000000000e+00 4.99999999999989009e-01 1 -4.48843282750557382e+00
1 0 0 35 7.50000000000024314e-01 0.00000000000000000e+00 4.99999999999989009e-01 2 4.04600449037444077e-01
1 0 0 35 7.50000000000024314e-01 0.00000000000000000e+00 4.99999999999989009e-01 3 1.09787399184474932e+00
1 0 0 35 7.50000000000024314e-01 0.00000000000000000e+00 4.99999999999989009e-01 4 1.11350527397479446e+01
1 0 0 35 7.50000000000024314e-01 0.00000000000000000e+00 4.99999999999989009e-01 5 1.40838872159536450e+01
1 0 0 35 7.50000000000024314e-01 0.00000000000000000e+00 4.99999999999989009e-01 6 1.67085797607575763e+01
1 0 0 35 7.50000000000024314e-01 0.00000000000000000e+00 4.99999999999989009e-01 7 1.79390935132934466e+01
1 0 0 35 7.50000000000024314e-01 0.00000000000000000e+00 4.99999999999989009e-01 8 2.41020304431555488e+01
1 0 0 35 7.50000000000024314e-01 0.00000000000000000e+00 4.99999999999989009e-01 9 2.54285939695563847e+01
1 0 0 35 7.50000000000024314e-01 0.00000000000000000e+00 4.99999999999989009e-01 10 2.81049087260582624e+01
1 0 0 35 7.50000000000024314e-01 0.00000000000000000e+00 4.99999999999989009e-01 11 2.89964177738325013e+01
1 0 0 35 7.50000000000024314e-01 0.00000000000000000e+00 4.99999999999989009e-01 12 3.61928511746004773e+01
1 0 0 35 7.50000000000024314e-01 0.00000000000000000e+00 4.99999999999989009e-01 13 3.73012334001135173e+01
1 0 0 35 7.50000000000024314e-01 0.00000000000000000e+00 4.99999999999989009e-01 14 3.82421512686014040e+01
1 0 0 35 7.50000000000024314e-01 0.00000000000000000e+00 4.99999999999989009e-01 15 4.24175434941633753e+01
1 0 0 35 7.50000000000024314e-01 0.00000000000000000e+00 4.99999999999989009e-01 16 4.59688800207956021e+01
1 0 0 35 7.50000000000024314e-01 0.00000000000000000e+00 4.99999999999989009e-01 17 4.86931667619688682e+01
1 0 0 35 7.50000000000024314e-01 0.00000000000000000e+00 4.99999999999989009e-01 18 5.21164586743794231e+01
1 0 0 35 7.50000000000024314e-01 0.00000000000000000e+00 4.99999999999989009e-01 19 7.35350410707904842e+01
1 0 0 35 7.50000000000024314e-01 0.00000000000000000e+00 4.99999999999989009e-01 20 1.21625787318794352e+02
1 0 0 35 7.50000000000024314e-01 0.00000000000000000e+00 4.99999999999989009e-01 21 1.32861440626336417e+02
1 0 0 35 7.50000000000024314e-01 0.00000000000000000e+00 4.99999999999989009e-01 22 8.57732000297924969e+02
1 0 0 35 7.50000000000024314e-01 0.00000000000000000e+00 4.99999999999989009e-01 23 1.08577903360441928e+03
1 0 0 35 7.50000000000024314e-01 0.00000000000000000e+00 4.99999999999989009e-01 24 1.90797117956092848e+03
1 0 0 35 7.50000000000024314e-01 0.00000000000000000e+00 4.99999999999989009e-01 25 3.28715079630492028e+03
1 0 0 36 0.00000000000000000e+00 2.49999999999953648e-01 4.99999999999988953e-01 0 -3.19304587014150840e+01
1 0 0 36 0.00000000000000000e+00 2.49999999999953648e-01 4.99999999999988953e-01 1 -5.70985932839564203e+00
1 0 0 36 0.00000000000000000e+00 2.49999999999953648e-01 4.99999999999988953e-01 2 -1.68602219203149661e-01
1 0 0 36 0.00000000000000000e+00 2.49999999999953648e-01 4.99999999999988953e-01 3 1.90154463129143081e+00
1 0 0 36 0.00000000000000000e+00 2.49999999999953648e-01 4.99999999999988953e-01 4 1.13133072848624341e+01
1 0 0 36 0.00000000000000000e+00 2.49999999999953648e-01 4.99999999999988953e-01 5 1.38494241126666839e+01
1 0 0 36 0.00000000000000000e+00 2.49999999999953648e-01 4.99999999999988953e-01 6 1.63237954043344971e+01
1 0 0 36 0.00000000000000000e+00 2.49999999999953648e-01 4.99999999999988953e-01 7 1.75039166481085857e+01
1 0 0 36 0.00000000000000000e+00 2.49999999999953648e-01 4.99999999999988953e-01 8 2.41434919601039049e+01
1 0 0 36 0.00000000000000000e+00 2.49999999999953648e-01 4.99999999999988953e-01 9 2.59454145930021838e+01
1 0 0 36 0.00000000000000000e+00 2.49999999999953648e-01 4.99999999999988953e-01 10 2.83203520205228827e+01
1 0 0 36 0.00000000000000000e+00 2.49999999999953648e-01 4.99999999999988953e-01 11 2.91025494026439446e+01
1 0 0 36 0.00000000000000000e+00 2.49999999999953648e-01 4.99999999999988953e-01 12 3.64377070098697047e+01
1 0 0 36 0.00000000000000000e+00 2.49999999999953648e-01 4.99999999999988953e-01 13 3.74754391416238661e+01
1 0 0 36 0.00000000000000000e+00 2.49999999999953648e-01 4.99999999999988953e-01 14 3.76893688455397040e+01
1 0 0 36 0.00000000000000000e+00 2.49999999999953648e-01 4.99999999999988953e-01 15 4.26520187319100899e+01
1 0 0 36 0.00000000000000000e+00 2.49999999999953648e-01 4.99999999999988953e-01 16 4.65070392714285035e+01
1 0 0 36 0.00000000000000000e+00 2.49999999999953648e-01 4.99999999999988953e-01 17 4.97651990962940758e+01
1 0 0 36 0.00000000000000000e+00 2.49999999999953648e-01 4.99999999999988953e-01 18 5.14386940637597334e+01
1 0 0 36 0.00000000000000000e+00 2.49999999999953648e-01 4.99999999999988953e-01 19 7.40359501621602902e+01
1 0 0 36 0.00000000000000000e+00 2.49999999999953648e-01 4.99999999999988953e-01 20 1.19609320897832376e+02
1 0 0 36 0.00000000000000000e+00 2.49999999999953648e-01 4.99999999999988953e-01 21 1.29870461255246596e+02
1 0 0 36 0.00000000000000000e+00 2.49999999999953648e-01 4.99999999999988953e-01 22 9.20254871691164226e+02
1 0 0 36 0.00000000000000000e+00 2.49999999999953648e-01 4.99999999999988953e-01 23 1.04449198009247721e+03
1 0 0 36 0.00000000000000000e+00 2.49999999999953648e-01 4.99999999999988953e-01 24 1.88521167757279159e+03
1 0 0 36 0.00000000000000000e+00 2.49999999999953648e-01 4.99999999999988953e-01 25 3.30133696613813663e+03
1 0 0 37 2.50000000000035305e-01 2.50000000000035305e-01 5.00000000000070610e-01 0 -3.57345459818049562e+01
1 0 0 37 2.50000000000035305e-01 2.50000000000035305e-01 5.00000000000070610e-01 1 -4.52533105172719008e+00
1 0 0 37 2.50000000000035305e-01 2.50000000000035305e-01 5.00000000000070610e-01 2 -1.22687895802738800e+00
1 0 0 37 2.50000000000035305e-01 2.50000000000035305e-01 5.00000000000070610e-01 3 3.26086551352811638e+00
1 0 0 37 2.50000000000035305e-01 2.50000000000035305e-01 5.00000000000070610e-01 4 1.19522757836675027e+01
1 0 0 37 2.50000000000035305e-01 2.50000000000035305e-01 5.00000000000070610e-01 5 1.37476251815676260e+01
1 0 0 37 2.50000000000035305e-01 2.50000000000035305e-01 5.00000000000070610e-01 6 1.62688341689260163e+01
1 0 0 37 2.50000000000035305e-01 2.50000000000035305e-01 5.00000000000070610e-01 7 1.76667658358758999e+01
1 0 0 37 2.50000000000035305e-01 2.50000000000035305e-01 5.00000000000070610e-01 8 1.80825971715778131e+01
1 0 0 37 2.50000000000035305e-01 2.50000000000035305e-01 5.00000000000070610e-01 9 2.53886703589161264e+01
1 0 0 37 2.50000000000035305e-01 2.50000000000035305e-01 5.00000000000070610e-01 10 2.88885467540671712e+01
1 0 0 37 2.50000000000035305e-01 2.50000000000035305e-01 5.00000000000070610e-01 11 3.36645544007751596e+01
1 0 0 37 2.50000000000035305e-01 2.50000000000035305e-01 5.00000000000070610e-01 12 3.51328467153810990e+01
1 0 0 37 2.50000000000035305e-01 2.50000000000035305e-01 5.00000000000070610e-01 13 3.64167202769622094e+01
1 0 0 37 2.50000000000035305e-01 2.50000000000035305e-01 5.00000000000070610e-01 14 3.95765988032278528e+01
1 0 0 37 2.50000000000035305e-01 2.50000000000035305e-01 5.00000000000070610e-01 15 4.09751547836307211e+01
1 0 0 37 2.50000000000035305e-01 2.50000000000035305e-01 5.00000000000070610e-01 16 4.47142081556957649e+01
1 0 0 37 2.50000000000035305e-01 2.50000000000035305e-01 5.00000000000070610e-01 17 4.88922981617616585e+01
1 0 0 37 2.50000000000035305e-01 2.50000000000035305e-01 5.00000000000070610e-01 18 5.25847836534152222e+01
1 0 0 37 2.50000000000035305e-01 2.50000000000035305e-01 5.00000000000070610e-01 19 9.15279693797245670e+01
1 0 0 37 2.50000000000035305e-01 2.50000000000035305e-01 5.00000000000070610e-01 20 1.08680625879802662e+02
1 0 0 37 2.50000000000035305e-01 2.50000000000035305e-01 5.00000000000070610e-01 21 2.34252473856670491e+02
1 0 0 37 2.50000000000035305e-01 2.50000000000035305e-01 5.00000000000070610e-01 22 7.80899164714977019e+02
1 0 0 37 2.50000000000035305e-01 2.50000000000035305e-01 5.00000000000070610e-01 23 1.00036178587324503e+03
1 0 0 37 2.50000000000035305e-01 2.50000000000035305e-01 5.00000000000070610e-01 24 1.72358074393339552e+03
1 0 0 37 2.50000000000035305e-01 2.50000000000035305e-01 5.00000000000070610e-01 25 3.27132401825153420e+03
1 0 0 38 4.99999999999988953e-01 2.50000000000035305e-01 4.99999999999988953e-01 0 -3.27693553362456313e+01
1 0 0 38 4.99999999999988953e-01 2.50000000000035305e-01 4.99999999999988953e-01 1 -5.57005702065191777e+00
1 0 0 38 4.99999999999988953e-01 2.50000000000035305e-01 4.99999999999988953e-01 2 -4.88167175560202449e-01
1 0 0 38 4.99999999999988953e-01 2.50000000000035305e-01 4.99999999999988953e-01 3 2.19788483503577892e+00
1 0 0 38 4.99999999999988953e-01 2.50000000000035305e-01 4.99999999999988953e-01 4 1.13729110369478565e+01
1 0 0 38 4.99999999999988953e-01 2.50000000000035305e-01 4.99999999999988953e-01 5 1.40042263207470263e+01
1 0 0 38 4.99999999999988953e-01 2.50000000000035305e-01 4.99999999999988953e-01 6 1.65912999664814578e+01
1 0 0 38 4.99999999999988953e-01 2.50000000000035305e-01 4.99999999999988953e-01 7 1.76971530357493556e+01
1 0 0 38 4.99999999999988953e-01 2.50000000000035305e-01 4.99999999999988953e-01 8 2.42180099938850084e+01
1 0 0 38 4.99999999999988953e-01 2.50000000000035305e-01 4.99999999999988953e-01 9 2.57692809544883517e+01
1 0 0 38 4.99999999999988953e-01 2.50000000000035305e-01 4.99999999999988953e-01 10 2.79650413171965830e+01
1 0 0 38 4.99999999999988953e-01 2.50000000000035305e-01 4.99999999999988953e-01 11 2.93276887128938029e+01
1 0 0 38 4.99999999999988953e-01 2.50000000000035305e-01 4.99999999999988953e-01 12 3.63079835510611275e+01
1 0 0 38 4.99999999999988953e-01 2.50000000000035305e-01 4.99999999999988953e-01 13 3.71171944114643253e+01
1 0 0 38 4.99999999999988953e-01 2.50000000000035305e-01 4.99999999999988953e-01 14 3.87133605195225812e+01
1 0 0 38 4.99999999999988953e-01 2.50000000000035305e-01 4.99999999999988953e-01 15 4.29087871600184201e+01
1 0 0 38 4.99999999999988953e-01 2.50000000000035305e-01 4.99999999999988953e-01 16 4.73410667112442312e+01
1 0 0 38 4.99999999999988953e-01 2.50000000000035305e-01 4.99999999999988953e-01 17 4.93705666176387368e+01
1 0 0 38 4.99999999999988953e-01 2.50000000000035305e-01 4.99999999999988953e-01 18 5.16647775314369895e+01
1 0 0 38 4.99999999999988953e-01 2.50000000000035305e-01 4.99999999999988953e-01 19 7.51557641029720571e+01
1 0 0 38 4.99999999999988953e-01 2.50000000000035305e-01 4.99999999999988953e-01 20 1.22368964393465305e+02
1 0 0 38 4.99999999999988953e-01 2.50000000000035305e-01 4.99999999999988953e-01 21 1.27023325988859384e+02
1 0 0 38 4.99999999999988953e-01 2.50000000000035305e-01 4.99999999999988953e-01 22 8.35421642677278783e+02
1 0 0 38 4.99999999999988953e-01 2.50000000000035305e-01 4.99999999999988953e-01 23 1.11397648907968960e+03
1 0 0 38 4.99999999999988953e-01 2.50000000000035305e-01 4.99999999999988953e-01 24 1.85602773385620321e+03
1 0 0 38 4.99999999999988953e-01 2.50000000000035305e-01 4.99999999999988953e-01 25 3.45263137751750492e+03
1 0 0 39 7.50000000000024203e-01 2.50000000000035305e-01 4.99999999999988898e-01 0 -2.71493492230789037e+01
1 0 0 39 7.50000000000024203e-01 2.50000000000035305e-01 4.99999999999988898e-01 1 -5.29092040911475170e+00
1 0 0 39 7.50000000000024203e-01 2.50000000000035305e-01 4.99999999999988898e-01 2 -1.29106873710081960e+00
1 0 0 39 7.50000000000024203e-01 2.50000000000035305e-01 4.99999999999988898e-01 3 4.03953881965438633e-01
1 0 0 39 7.50000000000024203e-01 2.50000000000035305e-01 4.99999999999988898e-01 4 1.22438197700978098e+01
1 0 0 39 7.50000000000024203e-01 2.50000000000035305e-01 4.99999999999988898e-01 5 1.37011021621668831e+01
1 0 0 39 7.50000000000024203e-01 2.50000000000035305e-01 4.99999999999988898e-01 6 1.57581102032210794e+01
1 0 0 39 7.50000000000024203e-01 2.50000000000035305e-01 4.99999999999988898e-01 7 1.80686602999659236e+01
1 0 0 39 7.50000000000024203e-01 2.50000000000035305e-01 4.99999999999988898e-01 8 2.42173196481167068e+01
1 0 0 39 7.50000000000024203e-01 2.50000000000035305e-01 4.99999999999988898e-01 9 2.56196193702600681e+01
1 0 0 39 7.50000000000024203e-01 2.50000000000035305e-01 4.99999999999988898e-01 10 2.90293822704405073e+01
1 0 0 39 7.50000000000024203e-01 2.50000000000035305e-01 4.99999999999988898e-01 11 3.13322137066321531e+01
1 0 0 39 7.50000000000024203e-01 2.50000000000035305e-01 4.99999999999988898e-01 12 3.63336845071474883e+01
1 0 0 39 7.50000000000024203e-01 2.50000000000035305e-01 4.99999999999988898e-01 13 3.73379649947387335e+01
1 0 0 39 7.50000000000024203e-01 2.50000000000035305e-01 4.99999999999988898e-01 14 3.90471077919778438e+01
1 0 0 39 7.50000000000024203e-01 2.50000000000035305e-01 4.99999999999988898e-01 15 4.20838489952006896e+01
1 0 0 39 7.50000000000024203e-01 2.50000000000035305e-01 4.99999999999988898e-01 16 4.39214166267155122e+01
1 0 0 39 7.50000000000024203e-01 2.50000000000035305e-01 4.99999999999988898e-01 17 4.46435582684758856e+01
1 0 0 39 7.50000000000024203e-01 2.50000000000035305e-01 4.99999999999988898e-01 18 5.57322596238346080e+01
1 0 0 39 7.50000000000024203e-01 2.50000000000035305e-01 4.99999999999988898e-01 19 5.69189884635049808e+01
1 0 0 39 7.50000000000024203e-01 2.50000000000035305e-01 4.99999999999988898e-01 20 9.44592936106724466e+01
1 0 0 39 7.50000000000024203e-01 2.50000000000035305e-01 4.99999999999988898e-01 21 9.82365364562383405e+01
1 0 0 39 7.50000000000024203e-01 2.50000000000035305e-01 4.99999999999988898e-01 22 1.19650289308091624e+03
1 0 0 39 7.50000000000024203e-01 2.50000000000035305e-01 4.99999999999988898e-01 23 1.58879212506757176e+03
1 0 0 39 7.50000000000024203e-01 2.50000000000035305e-01 4.99999999999988898e-01 24 2.41106752675421512e+03
1 0 0 39 7.50000000000024203e-01 2.50000000000035305e-01 4.99999999999988898e-01 25 2.54120948320233310e+03
1 0 0 40 0.00000000000000000e+00 4.99999999999988898e-01 4.99999999999988898e-01 0 -2.76100455640074358e+01
1 0 0 40 0.00000000000000000e+00 4.99999999999988898e-01 4.99999999999988898e-01 1 -6.54467887044897534e+00
1 0 0 40 0.00000000000000000e+00 4.99999999999988898e-01 4.99999999999988898e-01 2 -2.57875738969702839e+00
1 0 0 40 0.00000000000000000e+00 4.99999999999988898e-01 4.99999999999988898e-01 3 1.26357459603451661e+00
1 0 0 40 0.00000000000000000e+00 4.99999999999988898e-01 4.99999999999988898e-01 4 9.93808257538807105e+00
1 0 0 40 0.00000000000000000e+00 4.99999999999988898e-01 4.99999999999988898e-01 5 1.05039969439400238e+01
1 0 0 40 0.00000000000000000e+00 4.99999999999988898e-01 4.99999999999988898e-01 6 2.30288700993116962e+01
1 0 0 40 0.00000000000000000e+00 4.99999999999988898e-01 4.99999999999988898e-01 7 2.43242184811592246e+01
1 0 0 40 0.00000000000000000e+00 4.99999999999988898e-01 4.99999999999988898e-01 8 2.57462753249410241e+01
1 0 0 40 0.00000000000000000e+00 4.99999999999988898e-01 4.99999999999988898e-01 9 2.62450747307585495e+01
1 0 0 40 0.00000000000000000e+00 4.99999999999988898e-01 4.99999999999988898e-01 10 2.67377725538995072e+01
1 0 0 40 0.00000000000000000e+00 4.99999999999988898e-01 4.99999999999988898e-01 11 2.87187862338220299e+01
1 0 0 40 0.00000000000000000e+00 4.99999999999988898e-01 4.99999999999988898e-01 12 3.06597669253764806e+01
1 0 0 40 0.00000000000000000e+00 4.99999999999988898e-01 4.99999999999988898e-01 13 3.25001387792216434e+01
1 0 0 40 0.00000000000000000e+00 4.99999999999988898e-01 4.99999999999988898e-01 14 4.36395368134347663e+01
1 0 0 40 0.00000000000000000e+00 4.99999999999988898e-01 4.99999999999988898e-01 15 4.48561494992837879e+01
1 0 0 40 0.00000000000000000e+00 4.99999999999988898e-01 4.99999999999988898e-01 16 5.02196955549209676e+01
1 0 0 40 0.00000000000000000e+00 4.99999999999988898e-01 4.99999999999988898e-01 17 5.16930044370076587e+01
1 0 0 40 0.00000000000000000e+00 4.99999999999988898e-01 4.99999999999988898e-01 18 6.68792684207436423e+01
1 0 0 40 0.00000000000000000e+00 4.99999999999988898e-01 4.99999999999988898e-01 19 6.75927005918698143e+01
1 0 0 40 0.00000000000000000e+00 4.99999999999988898e-01 4.99999999999988898e-01 20 8.23551769334860211e+01
1 0 0 40 0.00000000000000000e+00 4.99999999999988898e-01 4.99999999999988898e-01 21 8.72240319045397712e+01
1 0 0 40 0.00000000000000000e+00 4.99999999999988898e-01 4.99999999999988898e-01 22 1.14007638016314809e+03
1 0 0 40 0.00000000000000000e+00 4.99999999999988898e-01 4.99999999999988898e-01 23 1.23775837363240612e+03
1 0 0 40 0.00000000000000000e+00 4.99999999999988898e-01 4.99999999999988898e-01 24 2.36658791769643130e+03
1 0 0 40 0.00000000000000000e+00 4.99999999999988898e-01 4.99999999999988898e-01 25 2.52704413479052391e+03
1 0 0 41 2.50000000000035305e-01 4.99999999999988953e-01 4.99999999999988953e-01 0 -3.17806531022172578e+01
1 0 0 41 2.50000000000035305e-01 4.99999999999988953e-01 4.99999999999988953e-01 1 -5.33610221508644589e+00
1 0 0 41 2.50000000000035305e-01 4.99999999999988953e-01 4.99999999999988953e-01 2 -5.14195518448513078e-01
1 0 0 41 2.50000000000035305e-01 4.99999999999988953e-01 4.99999999999988953e-01 3 -2.18247424051241284e-01
1 0 0 41 2.50000000000035305e-01 4.99999999999988953e-01 4.99999999999988953e-01 4 1.12695936313211575e+01
1 0 0 41 2.50000000000035305e-01 4.99999999999988953e-01 4.99999999999988953e-01 5 1.37619800553323799e+01
1 0 0 41 2.50000000000035305e-01 4.99999999999988953e-01 4.99999999999988953e-01 6 1.68993381820653070e+01
1 0 0 41 2.50000000000035305e-01 4.99999999999988953e-01 4.99999999999988953e-01 7 1.81985586929322984e+01
1 0 0 41 2.50000000000035305e-01 4.99999999999988953e-01 4.99999999999988953e-01 8 2.38485656761180671e+01
1 0 0 41 2.50000000000035305e-01 4.99999999999988953e-01 4.99999999999988953e-01 9 2.55420172238494594e+01
1 0 0 41 2.50000000000035305e-01 4.99999999999988953e-01 4.99999999999988953e-01 10 2.82846558628982727e+01
1 0 0 41 2.50000000000035305e-01 4.99999999999988953e-01 4.99999999999988953e-01 11 2.91055410709061171e+01
1 0 0 41 2.50000000000035305e-01 4.99999999999988953e-01 4.99999999999988953e-01 12 3.64901683021890051e+01
1 0 0 41 2.50000000000035305e-01 4.99999999999988953e-01 4.99999999999988953e-01 13 3.75623447847668572e+01
1 0 0 41 2.50000000000035305e-01 4.99999999999988953e-01 4.99999999999988953e-01 14 3.83078230668981661e+01
1 0 0 41 2.50000000000035305e-01 4.99999999999988953e-01 4.99999999999988953e-01 15 4.30344884345762821e+01
1 0 0 41 2.50000000000035305e-01 4.99999999999988953e-01 4.99999999999988953e-01 16 4.70835644254775403e+01
1 0 0 41 2.50000000000035305e-01 4.99999999999988953e-01 4.99999999999988953e-01 17 4.89009032055735915e+01
1 0 0 41 2.50000000000035305e-01 4.99999999999988953e-01 4.99999999999988953e-01 18 5.17532485299190697e+01
1 0 0 41 2.50000000000035305e-01 4.99999999999988953e-01 4.99999999999988953e-01 19 7.54189590172802156e+01
1 0 0 41 2.50000000000035305e-01 4.99999999999988953e-01 4.99999999999988953e-01 20 1.17552586678501314e+02
1 0 0 41 2.50000000000035305e-01 4.99999999999988953e-01 4.99999999999988953e-01 21 1.25997033662285261e+02
1 0 0 41 2.50000000000035305e-01 4.99999999999988953e-01 4.99999999999988953e-01 22 9.34159874285294563e+02
1 0 0 41 2.50000000000035305e-01 4.99999999999988953e-01 4.99999999999988953e-01 23 1.12180646083766328e+03
1 0 0 41 2.50000000000035305e-01 4.99999999999988953e-01 4.99999999999988953e-01 24 1.79895905547479174e+03
1 0 0 41 2.50000000000035305e-01 4.99999999999988953e-01 4.99999999999988953e-01 25 3.40963543408468922e+03
1 0 0 42 5.00000000000070610e-01 5.00000000000070610e-01 5.00000000000070610e-01 0 -3.47507164280981797e+01
1 0 0 42 5.00000000000070610e-01 5.00000000000070610e-01 5.00000000000070610e-01 1 -8.15422864220655086e+00
1 0 0 42 5.00000000000070610e-01 5.00000000000070610e-01 5.00000000000070610e-01 2 8.71556189157491001e-01
1 0 0 42 5.00000000000070610e-01 5.00000000000070610e-01 5.00000000000070610e-01 3 2.90976744760395567e+00
1 0 0 42 5.00000000000070610e-01 5.00000000000070610e-01 5.00000000000070610e-01 4 1.00646708146774042e+01
1 0 0 42 5.00000000000070610e-01 5.00000000000070610e-01 5.00000000000070610e-01 5 1.32789396724217319e+01
1 0 0 42 5.00000000000070610e-01 5.00000000000070610e-01 5.00000000000070610e-01 6 1.40096712924360922e+01
1 0 0 42 5.00000000000070610e-01 5.00000000000070610e-01 5.00000000000070610e-01 7 2.28911212576885177e+01
1 0 0 42 5.00000000000070610e-01 5.00000000000070610e-01 5.00000000000070610e-01 8 2.35111628531401493e+01
1 0 0 42 5.00000000000070610e-01 5.00000000000070610e-01 5.00000000000070610e-01 9 2.40720810650747943e+01
1 0 0 42 5.00000000000070610e-01 5.00000000000070610e-01 5.00000000000070610e-01 10 2.77417238194027718e+01
1 0 0 42 5.00000000000070610e-01 5.00000000000070610e-01 5.00000000000070610e-01 11 2.84522149710333103e+01
1 0 0 42 5.00000000000070610e-01 5.00000000000070610e-01 5.00000000000070610e-01 12 2.92298103457549949e+01
1 0 0 42 5.00000000000070610e-01 5.00000000000070610e-01 5.00000000000070610e-01 13 3.77838317188553958e+01
1 0 0 42 5.00000000000070610e-01 5.00000000000070610e-01 5.00000000000070610e-01 14 4.34651362200788753e+01
1 0 0 42 5.00000000000070610e-01 5.00000000000070610e-01 5.00000000000070610e-01 15 4.41331911322938950e+01
1 0 0 42 5.00000000000070610e-01 5.00000000000070610e-01 5.00000000000070610e-01 16 4.60615906324617228e+01
1 0 0 42 5.00000000000070610e-01 5.00000000000070610e-01 5.00000000000070610e-01 17 5.01872369367561149e+01
1 0 0 42 5.00000000000070610e-01 5.00000000000070610e-01 5.00000000000070610e-01 18 5.15321018492948966e+01
1 0 0 42 5.00000000000070610e-01 5.00000000000070610e-01 5.00000000000070610e-01 19 6.47286953534978693e+01
1 0 0 42 5.00000000000070610e-01 5.00000000000070610e-01 5.00000000000070610e-01 20 2.96304881443700367e+02
1 0 0 42 5.00000000000070610e-01 5.00000000000070610e-01 5.00000000000070610e-01 21 3.22398265810952978e+02
1 0 0 42 5.00000000000070610e-01 5.00000000000070610e-01 5.00000000000070610e-01 22 5.57856523631921164e+02
1 0 0 42 5.00000000000070610e-01 5.00000000000070610e-01 5.00000000000070610e-01 23 5.74826673142560026e+02
1 0 0 42 5.00000000000070610e-01 5.00000000000070610e-01 5.00000000000070610e-01 24 1.71411033861398869e+03
1 0 0 42 5.00000000000070610e-01 5.00000000000070610e-01 5.00000000000070610e-01 25 4.21447442801940906e+03
1 0 0 43 7.49999999999942601e-01 4.99999999999988953e-01 4.99999999999988953e-01 0 -3.17897051839717122e+01
1 0 0 43 7.49999999999942601e-01 4.99999999999988953e-01 4.99999999999988953e-01 1 -5.35195620413125894e+00
1 0 0 43 7.49999999999942601e-01 4.99999999999988953e-01 4.99999999999988953e-01 2 -5.46894944754249823e-01
1 0 0 43 7.49999999999942601e-01 4.99999999999988953e-01 4.99999999999988953e-01 3 -1.74679651590135099e-01
1 0 0 43 7.49999999999942601e-01 4.99999999999988953e-01 4.99999999999988953e-01 4 1.12736715205419582e+01
1 0 0 43 7.49999999999942601e-01 4.99999999999988953e-01 4.99999999999988953e-01 5 1.37540158554482694e+01
1 0 0 43 7.49999999999942601e-01 4.99999999999988953e-01 4.99999999999988953e-01 6 1.68915122019122492e+01
1 0 0 43 7.49999999999942601e-01 4.99999999999988953e-01 4.99999999999988953e-01 7 1.81500650095080154e+01
1 0 0 43 7.49999999999942601e-01 4.99999999999988953e-01 4.99999999999988953e-01 8 2.38629392218251652e+01
1 0 0 43 7.49999999999942601e-01 4.99999999999988953e-01 4.99999999999988953e-01 9 2.56067970545801558e+01
1 0 0 43 7.49999999999942601e-01 4.99999999999988953e-01 4.99999999999988953e-01 10 2.83066959856999070e+01
1 0 0 43 7.49999999999942601e-01 4.99999999999988953e-01 4.99999999999988953e-01 11 2.90622935296449185e+01
1 0 0 43 7.49999999999942601e-01 4.99999999999988953e-01 4.99999999999988953e-01 12 3.65160081166446489e+01
1 0 0 43 7.49999999999942601e-01 4.99999999999988953e-01 4.99999999999988953e-01 13 3.76154990595460674e+01
1 0 0 43 7.49999999999942601e-01 4.99999999999988953e-01 4.99999999999988953e-01 14 3.82964013312225902e+01
1 0 0 43 7.49999999999942601e-01 4.99999999999988953e-01 4.99999999999988953e-01 15 4.29618541400269010e+01
1 0 0 43 7.49999999999942601e-01 4.99999999999988953e-01 4.99999999999988953e-01 16 4.70550841534991520e+01
1 0 0 43 7.49999999999942601e-01 4.99999999999988953e-01 4.99999999999988953e-01 17 4.88618412582423431e+01
1 0 0 43 7.49999999999942601e-01 4.99999999999988953e-01 4.99999999999988953e-01 18 5.18488533071388531e+01
1 0 0 43 7.49999999999942601e-01 4.99999999999988953e-01 4.99999999999988953e-01 19 7.52361043201021857e+01
1 0 0 43 7.49999999999942601e-01 4.99999999999988953e-01 4.99999999999988953e-01 20 1.16775733357069342e+02
1 0 0 43 7.49999999999942601e-01 4.99999999999988953e-01 4.99999999999988953e-01 21 1.26565742719891418e+02
1 0 0 43 7.49999999999942601e-01 4.99999999999988953e-01 4.99999999999988953e-01 22 9.41699736206698958e+02
1 0 0 43 7.49999999999942601e-01 4.99999999999988953e-01 4.99999999999988953e-01 23 1.12065223989784090e+03
1 0 0 43 7.49999999999942601e-01 4.99999999999988953e-01 4.99999999999988953e-01 24 1.79738844040981030e+03
1 0 0 43 7.49999999999942601e-01 4.99999999999988953e-01 4.99999999999988953e-01 25 3.40928654302897758e+03
1 0 0 44 0.00000000000000000e+00 7.50000000000024314e-01 4.99999999999989009e-01 0 -3.19259507997849852e+01
1 0 0 44 0.00000000000000000e+00 7.50000000000024314e-01 4.99999999999989009e-01 1 -5.70186830693122282e+00
1 0 0 44 0.00000000000000000e+00 7.50000000000024314e-01 4.99999999999989009e-01 2 -2.14698182618998340e-01
1 0 0 44 0.00000000000000000e+00 7.50000000000024314e-01 4.99999999999989009e-01 3 1.88392305268197502e+00
1 0 0 44 0.00000000000000000e+00 7.50000000000024314e-01 4.99999999999989009e-01 4 1.13016780664639551e+01
1 0 0 44 0.00000000000000000e+00 7.50000000000024314e-01 4.99999999999989009e-01 5 1.39416425564267197e+01
1 0 0 44 0.00000000000000000e+00 7.50000000000024314e-01 4.99999999999989009e-01 6 1.61817548005462370e+01
1 0 0 44 0.00000000000000000e+00 7.50000000000024314e-01 4.99999999999989009e-01 7 1.76277967959335697e+01
1 0 0 44 0.00000000000000000e+00 7.50000000000024314e-01 4.99999999999989009e-01 8 2.41636524729369953e+01
1 0 0 44 0.00000000000000000e+00 7.50000000000024314e-01 4.99999999999989009e-01 9 2.60527991170298812e+01
1 0 0 44 0.00000000000000000e+00 7.50000000000024314e-01 4.99999999999989009e-01 10 2.84260797961073806e+01
1 0 0 44 0.00000000000000000e+00 7.50000000000024314e-01 4.99999999999989009e-01 11 2.90470451281095272e+01
1 0 0 44 0.00000000000000000e+00 7.50000000000024314e-01 4.99999999999989009e-01 12 3.63259133447836788e+01
1 0 0 44 0.00000000000000000e+00 7.50000000000024314e-01 4.99999999999989009e-01 13 3.74102932956550660e+01
1 0 0 44 0.00000000000000000e+00 7.50000000000024314e-01 4.99999999999989009e-01 14 3.78070147564823529e+01
1 0 0 44 0.00000000000000000e+00 7.50000000000024314e-01 4.99999999999989009e-01 15 4.26221665660619564e+01
1 0 0 44 0.00000000000000000e+00 7.50000000000024314e-01 4.99999999999989009e-01 16 4.64882967402250600e+01
1 0 0 44 0.00000000000000000e+00 7.50000000000024314e-01 4.99999999999989009e-01 17 4.98043133126474871e+01
1 0 0 44 0.00000000000000000e+00 7.50000000000024314e-01 4.99999999999989009e-01 18 5.16656772953034604e+01
1 0 0 44 0.00000000000000000e+00 7.50000000000024314e-01 4.99999999999989009e-01 19 7.37981766629566209e+01
1 0 0 44 0.00000000000000000e+00 7.50000000000024314e-01 4.99999999999989009e-01 20 1.19414056050067231e+02
1 0 0 44 0.00000000000000000e+00 7.50000000000024314e-01 4.99999999999989009e-01 21 1.30136633660454066e+02
1 0 0 44 0.00000000000000000e+00 7.50000000000024314e-01 4.99999999999989009e-01 22 9.14854944084744147e+02
1 0 0 44 0.00000000000000000e+00 7.50000000000024314e-01 4.99999999999989009e-01 23 1.04274291852766873e+03
1 0 0 44 0.00000000000000000e+00 7.50000000000024314e-01 4.99999999999989009e-01 24 1.88583594623816111e+03
1 0 0 44 0.00000000000000000e+00 7.50000000000024314e-01 4.99999999999989009e-01 25 3.30008074502761929e+03
1 0 0 45 2.50000000000035305e-01 7.50000000000024203e-01 4.99999999999988898e-01 0 -2.71483367263323707e+01
1 0 0 45 2.50000000000035305e-01 7.50000000000024203e-01 4.99999999999988898e-01 1 -5.26875566170034038e+00
1 0 0 45 2.50000000000035305e-01 7.50000000000024203e-01 4.99999999999988898e-01 2 -1.22789500833389242e+00
1 0 0 45 2.50000000000035305e-01 7.50000000000024203e-01 4.99999999999988898e-01 3 4.57367061622340310e-01
1 0 0 45 2.50000000000035305e-01 7.50000000000024203e-01 4.99999999999988898e-01 4 1.22516849678994930e+01
1 0 0 45 2.50000000000035305e-01 7.50000000000024203e-01 4.99999999999988898e-01 5 1.37964615749865871e+01
1 0 0 45 2.50000000000035305e-01 7.50000000000024203e-01 4.99999999999988898e-01 6 1.57509953184520004e+01
1 0 0 45 2.50000000000035305e-01 7.50000000000024203e-01 4.99999999999988898e-01 7 1.80854024430145692e+01
1 0 0 45 2.50000000000035305e-01 7.50000000000024203e-01 4.99999999999988898e-01 8 2.41142977037109212e+01
1 0 0 45 2.50000000000035305e-01 7.50000000000024203e-01 4.99999999999988898e-01 9 2.55157034080177390e+01
1 0 0 45 2.50000000000035305e-01 7.50000000000024203e-01 4.99999999999988898e-01 10 2.90888207512290187e+01
1 0 0 45 2.50000000000035305e-01 7.50000000000024203e-01 4.99999999999988898e-01 11 3.13011616942208910e+01
1 0 0 45 2.50000000000035305e-01 7.50000000000024203e-01 4.99999999999988898e-01 12 3.62321579947550489e+01
1 0 0 45 2.50000000000035305e-01 7.50000000000024203e-01 4.99999999999988898e-01 13 3.73677378110643943e+01
1 0 0 45 2.50000000000035305e-01 7.50000000000024203e-01 4.99999999999988898e-01 14 3.90178323038389294e+01
1 0 0 45 2.50000000000035305e-01 7.50000000000024203e-01 4.99999999999988898e-01 15 4.20560688996465686e+01
1 0 0 45 2.50000000000035305e-01 7.50000000000024203e-01 4.99999999999988898e-01 16 4.39731653151958639e+01
1 0 0 45 2.50000000000035305e-01 7.50000000000024203e-01 4.99999999999988898e-01 17 4.46384438405884012e+01
1 0 0 45 2.50000000000035305e-01 7.50000000000024203e-01 4.99999999999988898e-01 18 5.56997471519802332e+01
1 0 0 45 2.50000000000035305e-01 7.50000000000024203e-01 4.99999999999988898e-01 19 5.74804678733028709e+01
1 0 0 45 2.50000000000035305e-01 7.50000000000024203e-01 4.99999999999988898e-01 20 9.44382229390668044e+01
1 0 0 45 2.50000000000035305e-01 7.50000000000024203e-01 4.99999999999988898e-01 21 9.82272922022803385e+01
1 0 0 45 2.50000000000035305e-01 7.50000000000024203e-01 4.99999999999988898e-01 22 1.14592191235539690e+03
1 0 0 45 2.50000000000035305e-01 7.50000000000024203e-01 4.99999999999988898e-01 23 1.58610243539381577e+03
1 0 0 45 2.50000000000035305e-01 7.50000000000024203e-01 4.99999999999988898e-01 24 2.41151142554476291e+03
1 0 0 45 2.50000000000035305e-01 7.50000000000024203e-01 4.99999999999988898e-01 25 2.54161113479092455e+03
1 0 0 46 4.99999999999988953e-01 7.49999999999942601e-01 4.99999999999988953e-01 0 -3.27735684902753093e+01
1 0 0 46 4.99999999999988953e-01 7.49999999999942601e-01 4.99999999999988953e-01 1 -5.57451747367249428e+00
1 0 0 46 4.99999999999988953e-01 7.49999999999942601e-01 4.99999999999988953e-01 2 -5.18928382443576086e-01
1 0 0 46 4.99999999999988953e-01 7.49999999999942601e-01 4.99999999999988953e-01 3 2.21913925654238176e+00
1 0 0 46 4.99999999999988953e-01 7.49999999999942601e-01 4.99999999999988953e-01 4 1.14293055160779140e+01
1 0 0 46 4.99999999999988953e-01 7.49999999999942601e-01 4.99999999999988953e-01 5 1.39737086917534210e+01
1 0 0 46 4.99999999999988953e-01 7.49999999999942601e-01 4.99999999999988953e-01 6 1.66312461633102124e+01
1 0 0 46 4.99999999999988953e-01 7.49999999999942601e-01 4.99999999999988953e-01 7 1.77307697305561582e+01
1 0 0 46 4.99999999999988953e-01 7.49999999999942601e-01 4.99999999999988953e-01 8 2.42062781150058051e+01
1 0 0 46 4.99999999999988953e-01 7.49999999999942601e-01 4.99999999999988953e-01 9 2.57234453055068713e+01
1 0 0 46 4.99999999999988953e-01 7.49999999999942601e-01 4.99999999999988953e-01 10 2.79549680457602037e+01
1 0 0 46 4.99999999999988953e-01 7.49999999999942601e-01 4.99999999999988953e-01 11 2.92589695298895478e+01
1 0 0 46 4.99999999999988953e-01 7.49999999999942601e-01 4.99999999999988953e-01 12 3.64142508752972134e+01
1 0 0 46 4.99999999999988953e-01 7.49999999999942601e-01 4.99999999999988953e-01 13 3.71418791046203083e+01
1 0 0 46 4.99999999999988953e-01 7.49999999999942601e-01 4.99999999999988953e-01 14 3.86759434705922160e+01
1 0 0 46 4.99999999999988953e-01 7.49999999999942601e-01 4.99999999999988953e-01 15 4.29794319008111785e+01
1 0 0 46 4.99999999999988953e-01 7.49999999999942601e-01 4.99999999999988953e-01 16 4.71633072027936606e+01
1 0 0 46 4.99999999999988953e-01 7.49999999999942601e-01 4.99999999999988953e-01 17 4.91967553356138367e+01
1 0 0 46 4.99999999999988953e-01 7.49999999999942601e-01 4.99999999999988953e-01 18 5.17223301249687211e+01
1 0 0 46 4.99999999999988953e-01 7.49999999999942601e-01 4.99999999999988953e-01 19 7.54027357229410029e+01
1 0 0 46 4.99999999999988953e-01 7.49999999999942601e-01 4.99999999999988953e-01 20 1.22351003333301151e+02
1 0 0 46 4.99999999999988953e-01 7.49999999999942601e-01 4.99999999999988953e-01 21 1.26694261281832212e+02
1 0 0 46 4.99999999999988953e-01 7.49999999999942601e-01 4.99999999999988953e-01 22 8.34468544433107354e+02
1 0 0 46 4.99999999999988953e-01 7.49999999999942601e-01 4.99999999999988953e-01 23 1.11628762452598494e+03
1 0 0 46 4.99999999999988953e-01 7.49999999999942601e-01 4.99999999999988953e-01 24 1.86480910186940400e+03
1 0 0 46 4.99999999999988953e-01 7.49999999999942601e-01 4.99999999999988953e-01 25 3.44161124726533399e+03
1 0 0 47 7.50000000000024203e-01 7.50000000000024203e-01 5.00000000000070610e-01 0 -3.57357640788043867e+01
1 0 0 47 7.50000000000024203e-01 7.50000000000024203e-01 5.00000000000070610e-01 1 -4.48565897181181139e+00
1 0 0 47 7.50000000000024203e-01 7.50000000000024203e-01 5.00000000000070610e-01 2 -1.25605225616465765e+00
1 0 0 47 7.50000000000024203e-01 7.50000000000024203e-01 5.00000000000070610e-01 3 3.27694388664522362e+00
1 0 0 47 7.50000000000024203e-01 7.50000000000024203e-01 5.00000000000070610e-01 4 1.19931671840771372e+01
1 0 0 47 7.50000000000024203e-01 7.50000000000024203e-01 5.00000000000070610e-01 5 1.36840349997015363e+01
1 0 0 47 7.50000000000024203e-01 7.50000000000024203e-01 5.00000000000070610e-01 6 1.62637629621355053e+01
1 0 0 47 7.50000000000024203e-01 7.50000000000024203e-01 5.00000000000070610e-01 7 1.76880066325574425e+01
1 0 0 47 7.50000000000024203e-01 7.50000000000024203e-01 5.00000000000070610e-01 8 1.81020985262106038e+01
1 0 0 47 7.50000000000024203e-01 7.50000000000024203e-01 5.00000000000070610e-01 9 2.53670431908359078e+01
1 0 0 47 7.50000000000024203e-01 7.50000000000024203e-01 5.00000000000070610e-01 10 2.88201855838969898e+01
1 0 0 47 7.50000000000024203e-01 7.50000000000024203e-01 5.00000000000070610e-01 11 3.35580809251802776e+01
1 0 0 47 7.50000000000024203e-01 7.50000000000024203e-01 5.00000000000070610e-01 12 3.50750495657153394e+01
1 0 0 47 7.50000000000024203e-01 7.50000000000024203e-01 5.00000000000070610e-01 13 3.64617102737037229e+01
1 0 0 47 7.50000000000024203e-01 7.50000000000024203e-01 5.00000000000070610e-01 14 3.96258025460976810e+01
1 0 0 47 7.50000000000024203e-01 7.50000000000024203e-01 5.00000000000070610e-01 15 4.13760819674794362e+01
1 0 0 47 7.50000000000024203e-01 7.50000000000024203e-01 5.00000000000070610e-01 16 4.49333772703002907e+01
1 0 0 47 7.50000000000024203e-01 7.50000000000024203e-01 5.00000000000070610e-01 17 4.86052434746816076e+01
1 0 0 47 7.50000000000024203e-01 7.50000000000024203e-01 5.00000000000070610e-01 18 5.26199489190113852e+01
1 0 0 47 7.50000000000024203e-01 7.50000000000024203e-01 5.00000000000070610e-01 19 9.09109474040009218e+01
1 0 0 47 7.50000000000024203e-01 7.50000000000024203e-01 5.00000000000070610e-01 20 1.08671887283490619e+02
1 0 0 47 7.50000000000024203e-01 7.50000000000024203e-01 5.00000000000070610e-01 21 2.34336424385516011e+02
1 0 0 47 7.50000000000024203e-01 7.50000000000024203e-01 5.00000000000070610e-01 22 7.82604259395332861e+02
1 0 0 47 7.50000000000024203e-01 7.50000000000024203e-01 5.00000000000070610e-01 23 9.98214200460285497e+02
1 0 0 47 7.50000000000024203e-01 7.50000000000024203e-01 5.00000000000070610e-01 24 1.70790637470321940e+03
1 0 0 47 7.50000000000024203e-01 7.50000000000024203e-01 5.00000000000070610e-01 25 3.27616550271070037e+03
1 0 0 48 0.00000000000000000e+00 0.00000000000000000e+00 7.49999999999942601e-01 0 -4.10526640668928948e+01
1 0 0 48 0.00000000000000000e+00 0.00000000000000000e+00 7.49999999999942601e-01 1 -1.62612898194822808e+00
1 0 0 48 0.00000000000000000e+00 0.00000000000000000e+00 7.49999999999942601e-01 2 1.96535357718502501e+00
1 0 0 48 0.00000000000000000e+00 0.00000000000000000e+00 7.49999999999942601e-01 3 3.69920555956429764e+00
1 0 0 48 0.00000000000000000e+00 0.00000000000000000e+00 7.49999999999942601e-01 4 1.14882655273253604e+01
1 0 0 48 0.00000000000000000e+00 0.00000000000000000e+00 7.49999999999942601e-01 5 1.38784902564376313e+01
1 0 0 48 0.00000000000000000e+00 0.00000000000000000e+00 7.49999999999942601e-01 6 1.41015318360981734e+01
1 0 0 48 0.00000000000000000e+00 0.00000000000000000e+00 7.49999999999942601e-01 7 1.82573168415474640e+01
1 0 0 48 0.00000000000000000e+00 0.00000000000000000e+00 7.49999999999942601e-01 8 1.89138314219195962e+01
1 0 0 48 0.00000000000000000e+00 0.00000000000000000e+00 7.49999999999942601e-01 9 2.07468428892008347e+01
1 0 0 48 0.00000000000000000e+00 0.00000000000000000e+00 7.49999999999942601e-01 10 3.09599409174705080e+01
1 0 0 48 0.00000000000000000e+00 0.00000000000000000e+00 7.49999999999942601e-01 11 3.24393651306468698e+01
1 0 0 48 0.00000000000000000e+00 0.00000000000000000e+00 7.49999999999942601e-01 12 3.40456839468920336e+01
1 0 0 48 0.00000000000000000e+00 0.00000000000000000e+00 7.49999999999942601e-01 13 3.48161914085415987e+01
1 0 0 48 0.00000000000000000e+00 0.00000000000000000e+00 7.49999999999942601e-01 14 4.16403856586936811e+01
1 0 0 48 0.00000000000000000e+00 0.00000000000000000e+00 7.49999999999942601e-01 15 4.28155640367726278e+01
1 0 0 48 0.00000000000000000e+00 0.00000000000000000e+00 7.49999999999942601e-01 16 4.93790265367792500e+01
1 0 0 48 0.00000000000000000e+00 0.00000000000000000e+00 7.49999999999942601e-01 17 5.10708679532461005e+01
1 0 0 48 0.00000000000000000e+00 0.00000000000000000e+00 7.49999999999942601e-01 18 5.20732383609859681e+01
1 0 0 48 0.00000000000000000e+00 0.00000000000000000e+00 7.49999999999942601e-01 19 1.11621094171250803e+02
1 0 0 48 0.00000000000000000e+00 0.00000000000000000e+00 7.49999999999942601e-01 20 3.14285795905807902e+02
1 0 0 48 0.00000000000000000e+00 0.00000000000000000e+00 7.49999999999942601e-01 21 3.54076885760736729e+02
1 0 0 48 0.00000000000000000e+00 0.00000000000000000e+00 7.49999999999942601e-01 22 8.24911629585447258e+02
1 0 0 48 0.00000000000000000e+00 0.00000000000000000e+00 7.49999999999942601e-01 23 8.77245470075296907e+02
1 0 0 48 0.00000000000000000e+00 0.00000000000000000e+00 7.49999999999942601e-01 24 1.34749167908354548e+03
1 0 0 48 0.00000000000000000e+00 0.00000000000000000e+00 7.49999999999942601e-01 25 2.84839049338452241e+03
1 0 0 49 2.49999999999953593e-01 0.00000000000000000e+00 7.50000000000024203e-01 0 -3.52573906226644098e+01
1 0 0 49 2.49999999999953593e-01 0.00000000000000000e+00 7.50000000000024203e-01 1 -3.86880326216283876e+00
1 0 0 49 2.49999999999953593e-01 0.00000000000000000e+00 7.50000000000024203e-01 2 -4.48395078836503203e-01
1 0 0 49 2.49999999999953593e-01 0.00000000000000000e+00 7.50000000000024203e-01 3 1.85824547999282386e+00
1 0 0 49 2.49999999999953593e-01 0.00000000000000000e+00 7.50000000000024203e-01 4 1.31727501285719413e+01
1 0 0 49 2.49999999999953593e-01 0.00000000000000000e+00 7.50000000000024203e-01 5 1.37649308533630386e+01
1 0 0 49 2.49999999999953593e-01 0.00000000000000000e+00 7.50000000000024203e-01 6 1.55661762518260005e+01
1 0 0 49 2.49999999999953593e-01 0.00000000000000000e+00 7.50000000000024203e-01 7 1.71135176362723769e+01
1 0 0 49 2.49999999999953593e-01 0.00000000000000000e+00 7.50000000000024203e-01 8 1.84093666026625229e+01
1 0 0 49 2.49999999999953593e-01 0.00000000000000000e+00 7.50000000000024203e-01 9 2.56217129108786565e+01
1 0 0 49 2.49999999999953593e-01 0.00000000000000000e+00 7.50000000000024203e-01 10 2.88447186396934256e+01
1 0 0 49 2.49999999999953593e-01 0.00000000000000000e+00 7.50000000000024203e-01 11 3.38872035689148134e+01
1 0 0 49 2.49999999999953593e-01 0.00000000000000000e+00 7.50000000000024203e-01 12 3.53212488963567779e+01
1 0 0 49 2.49999999999953593e-01 0.00000000000000000e+00 7.50000000000024203e-01 13 3.81033064878365906e+01
1 0 0 49 2.49999999999953593e-01 0.00000000000000000e+00 7.50000000000024203e-01 14 3.94017920201329233e+01
1 0 0 49 2.49999999999953593e-01 0.00000000000000000e+00 7.50000000000024203e-01 15 4.07272290813479287e+01
1 0 0 49 2.49999999999953593e-01 0.00000000000000000e+00 7.50000000000024203e-01 16 4.30720286891948732e+01
1 0 0 49 2.49999999999953593e-01 0.00000000000000000e+00 7.50000000000024203e-01 17 4.87262203415768482e+01
1 0 0 49 2.49999999999953593e-01 0.00000000000000000e+00 7.50000000000024203e-01 18 5.22220198603155055e+01
1 0 0 49 2.49999999999953593e-01 0.00000000000000000e+00 7.50000000000024203e-01 19 8.71933179124652895e+01
1 0 0 49 2.49999999999953593e-01 0.00000000000000000e+00 7.50000000000024203e-01 20 1.04041699627116628e+02
1 0 0 49 2.49999999999953593e-01 0.00000000000000000e+00 7.50000000000024203e-01 21 2.36298614605295626e+02
1 0 0 49 2.49999999999953593e-01 0.00000000000000000e+00 7.50000000000024203e-01 22 7.69092461497147383e+02
1 0 0 49 2.49999999999953593e-01 0.00000000000000000e+00 7.50000000000024203e-01 23 1.05981256490989517e+03
1 0 0 49 2.49999999999953593e-01 0.00000000000000000e+00 7.50000000000024203e-01 24 1.74965590731608336e+03
1 0 0 49 2.49999999999953593e-01 0.00000000000000000e+00 7.50000000000024203e-01 25 3.23320168224019380e+03
1 0 0 50 4.99999999999989009e-01 0.00000000000000000e+00 7.50000000000024314e-01 0 -3.03212204553564177e+01
1 0 0 50 4.99999999999989009e-01 0.00000000000000000e+00 7.50000000000024314e-01 1 -6.00333051634177650e+00
1 0 0 50 4.99999999999989009e-01 0.00000000000000000e+00 7.50000000000024314e-01 2 3.76484247227026225e-01
1 0 0 50 4.99999999999989009e-01 0.00000000000000000e+00 7.50000000000024314e-01 3 8.81882851650135358e-01
1 0 0 50 4.99999999999989009e-01 0.00000000000000000e+00 7.50000000000024314e-01 4 1.09928897059847674e+01
1 0 0 50 4.99999999999989009e-01 0.00000000000000000e+00 7.50000000000024314e-01 5 1.39043534377997577e+01
1 0 0 50 4.99999999999989009e-01 0.00000000000000000e+00 7.50000000000024314e-01 6 1.70205612299806539e+01
1 0 0 50 4.99999999999989009e-01 0.00000000000000000e+00 7.50000000000024314e-01 7 1.81142618899023340e+01
1 0 0 50 4.99999999999989009e-01 0.00000000000000000e+00 7.50000000000024314e-01 8 2.34966847441703344e+01
1 0 0 50 4.99999999999989009e-01 0.00000000000000000e+00 7.50000000000024314e-01 9 2.59512696224978328e+01
1 0 0 50 4.99999999999989009e-01 0.00000000000000000e+00 7.50000000000024314e-01 10 2.82617960508604575e+01
1 0 0 50 4.99999999999989009e-01 0.00000000000000000e+00 7.50000000000024314e-01 11 2.88265729150823091e+01
1 0 0 50 4.99999999999989009e-01 0.00000000000000000e+00 7.50000000000024314e-01 12 3.67201276079301664e+01
1 0 0 50 4.99999999999989009e-01 0.00000000000000000e+00 7.50000000000024314e-01 13 3.73803445936923282e+01
1 0 0 50 4.99999999999989009e-01 0.00000000000000000e+00 7.50000000000024314e-01 14 3.83713629903716367e+01
1 0 0 50 4.99999999999989009e-01 0.00000000000000000e+00 7.50000000000024314e-01 15 4.28984795357914166e+01
1 0 0 50 4.99999999999989009e-01 0.00000000000000000e+00 7.50000000000024314e-01 16 4.69141985551003984e+01
1 0 0 50 4.99999999999989009e-01 0.00000000000000000e+00 7.50000000000024314e-01 17 4.87421753867091851e+01
1 0 0 50 4.99999999999989009e-01 0.00000000000000000e+00 7.50000000000024314e-01 18 5.16797296639142871e+01
1 0 0 50 4.99999999999989009e-01 0.00000000000000000e+00 7.50000000000024314e-01 19 7.36045988037606946e+01
1 0 0 50 4.99999999999989009e-01 0.00000000000000000e+00 7.50000000000024314e-01 20 1.18201769931921120e+02
1 0 0 50 4.99999999999989009e-01 0.00000000000000000e+00 7.50000000000024314e-01 21 1.31861302570494473e+02
1 0 0 50 4.99999999999989009e-01 0.00000000000000000e+00 7.50000000000024314e-01 22 8.92671105627023849e+02
1 0 0 50 4.99999999999989009e-01 0.00000000000000000e+00 7.50000000000024314e-01 23 1.10160700274279043e+03
1 0 0 50 4.99999999999989009e-01 0.00000000000000000e+00 7.50000000000024314e-01 24 1.91802098443991872e+03
1 0 0 50 4.99999999999989009e-01 0.00000000000000000e+00 7.50000000000024314e-01 25 3.16399452521515332e+03
1 0 0 51 7.50000000000024203e-01 0.00000000000000000e+00 7.50000000000024203e-01 0 -4.01077225359843794e+01
1 0 0 51 7.50000000000024203e-01 0.00000000000000000e+00 7.50000000000024203e-01 1 -1.68911323536024605e+00
1 0 0 51 7.50000000000024203e-01 0.00000000000000000e+00 7.50000000000024203e-01 2 9.67355472260274962e-01
1 0 0 51 7.50000000000024203e-01 0.00000000000000000e+00 7.50000000000024203e-01 3 3.03552190192402849e+00
1 0 0 51 7.50000000000024203e-01 0.00000000000000000e+00 7.50000000000024203e-01 4 1.08260805048425901e+01
1 0 0 51 7.50000000000024203e-01 0.00000000000000000e+00 7.50000000000024203e-01 5 1.40075279949319320e+01
1 0 0 51 7.50000000000024203e-01 0.00000000000000000e+00 7.50000000000024203e-01 6 1.61558782374050161e+01
1 0 0 51 7.50000000000024203e-01 0.00000000000000000e+00 7.50000000000024203e-01 7 1.73868971404922199e+01
1 0 0 51 7.50000000000024203e-01 0.00000000000000000e+00 7.50000000000024203e-01 8 2.03752153495397934e+01
1 0 0 51 7.50000000000024203e-01 0.00000000000000000e+00 7.50000000000024203e-01 9 2.28975128098155665e+01
1 0 0 51 7.50000000000024203e-01 0.00000000000000000e+00 7.50000000000024203e-01 10 2.99160724580632689e+01
1 0 0 51 7.50000000000024203e-01 0.00000000000000000e+00 7.50000000000024203e-01 11 3.17861642261697703e+01
1 0 0 51 7.50000000000024203e-01 0.00000000000000000e+00 7.50000000000024203e-01 12 3.33922385242332069e+01
1 0 0 51 7.50000000000024203e-01 0.00000000000000000e+00 7.50000000000024203e-01 13 3.76800680333344502e+01
1 0 0 51 7.50000000000024203e-01 0.00000000000000000e+00 7.50000000000024203e-01 14 4.11568397969865458e+01
1 0 0 51 7.50000000000024203e-01 0.00000000000000000e+00 7.50000000000024203e-01 15 4.45738638075142930e+01
1 0 0 51 7.50000000000024203e-01 0.00000000000000000e+00 7.50000000000024203e-01 16 4.67332509429974721e+01
1 0 0 51 7.50000000000024203e-01 0.00000000000000000e+00 7.50000000000024203e-01 17 4.94611776479320397e+01
1 0 0 51 7.50000000000024203e-01 0.00000000000000000e+00 7.50000000000024203e-01 18 5.59695987276106024e+01
1 0 0 51 7.50000000000024203e-01 0.00000000000000000e+00 7.50000000000024203e-01 19 1.39147995873037218e+02
1 0 0 51 7.50000000000024203e-01 0.00000000000000000e+00 7.50000000000024203e-01 20 1.53056380601855039e+02
1 0 0 51 7.50000000000024203e-01 0.00000000000000000e+00 7.50000000000024203e-01 21 2.73138593783745080e+02
1 0 0 51 7.50000000000024203e-01 0.00000000000000000e+00 7.50000000000024203e-01 22 6.59510691374428689e+02
1 0 0 51 7.50000000000024203e-01 0.00000000000000000e+00 7.50000000000024203e-01 23 1.54816887611507468e+03
1 0 0 51 7.50000000000024203e-01 0.00000000000000000e+00 7.50000000000024203e-01 24 1.69635009949814867e+03
1 0 0 51 7.50000000000024203e-01 0.00000000000000000e+00 7.50000000000024203e-01 25 1.98597361915579313e+03
1 0 0 52 0.00000000000000000e+00 2.49999999999953593e-01 7.50000000000024203e-01 0 -3.55385458855504908e+01
1 0 0 52 0.00000000000000000e+00 2.49999999999953593e-01 7.50000000000024203e-01 1 -3.43940518464605471e+00
1 0 0 52 0.00000000000000000e+00 2.49999999999953593e-01 7.50000000000024203e-01 2 -1.40975620665648782e-01
1 0 0 52 0.00000000000000000e+00 2.49999999999953593e-01 7.50000000000024203e-01 3 2.47544554194143185e+00
1 0 0 52 0.00000000000000000e+00 2.49999999999953593e-01 7.50000000000024203e-01 4 1.32926318517982089e+01
1 0 0 52 0.00000000000000000e+00 2.49999999999953593e-01 7.50000000000024203e-01 5 1.39228102694392781e+01
1 0 0 52 0.00000000000000000e+00 2.49999999999953593e-01 7.50000000000024203e-01 6 1.59551844794653004e+01
1 0 0 52 0.00000000000000000e+00 2.49999999999953593e-01 7.50000000000024203e-01 7 1.69150046311725646e+01
1 0 0 52 0.00000000000000000e+00 2.49999999999953593e-01 7.50000000000024203e-01 8 1.84285876607718819e+01
1 0 0 52 0.00000000000000000e+00 2.49999999999953593e-01 7.50000000000024203e-01 9 2.56072700109182207e+01
1 0 0 52 0.00000000000000000e+00 2.49999999999953593e-01 7.50000000000024203e-01 10 2.84134772312251052e+01
1 0 0 52 0.00000000000000000e+00 2.49999999999953593e-01 7.50000000000024203e-01 11 3.30464550195911073e+01
1 0 0 52 0.00000000000000000e+00 2.49999999999953593e-01 7.50000000000024203e-01 12 3.46499047418075321e+01
1 0 0 52 0.00000000000000000e+00 2.49999999999953593e-01 7.50000000000024203e-01 13 3.62072811047064178e+01
1 0 0 52 0.00000000000000000e+00 2.49999999999953593e-01 7.50000000000024203e-01 14 3.99024634692933731e+01
1 0 0 52 0.00000000000000000e+00 2.49999999999953593e-01 7.50000000000024203e-01 15 4.16400860512489785e+01
1 0 0 52 0.00000000000000000e+00 2.49999999999953593e-01 7.50000000000024203e-01 16 4.48333270591810162e+01
1 0 0 52 0.00000000000000000e+00 2.49999999999953593e-01 7.50000000000024203e-01 17 4.87729998284930630e+01
1 0 0 52 0.00000000000000000e+00 2.49999999999953593e-01 7.50000000000024203e-01 18 5.28388526654208448e+01
1 0 0 52 0.00000000000000000e+00 2.49999999999953593e-01 7.50000000000024203e-01 19 8.41817563611610780e+01
1 0 0 52 0.00000000000000000e+00 2.49999999999953593e-01 7.50000000000024203e-01 20 1.06029282580358384e+02
1 0 0 52 0.00000000000000000e+00 2.49999999999953593e-01 7.50000000000024203e-01 21 2.41882607342765937e+02
1 0 0 52 0.00000000000000000e+00 2.49999999999953593e-01 7.50000000000024203e-01 22 6.90252656478340100e+02
1 0 0 52 0.00000000000000000e+00 2.49999999999953593e-01 7.50000000000024203e-01 23 9.70349643488264860e+02
1 0 0 52 0.00000000000000000e+00 2.49999999999953593e-01 7.50000000000024203e-01 24 1.82248706619555037e+03
1 0 0 52 0.00000000000000000e+00 2.49999999999953593e-01 7.50000000000024203e-01 25 3.35846798239271266e+03
1 0 0 53 2.49999999999953648e-01 2.49999999999953648e-01 7.49999999999942601e-01 0 -3.53598417003495413e+01
1 0 0 53 2.49999999999953648e-01 2.49999999999953648e-01 7.49999999999942601e-01 1 -4.79491466360177121e+00
1 0 0 53 2.49999999999953648e-01 2.49999999999953648e-01 7.49999999999942601e-01 2 -5.12428789276970442e-01
1 0 0 53 2.49999999999953648e-01 2.49999999999953648e-01 7.49999999999942601e-01 3 2.23614630173832118e+00
1 0 0 53 2.49999999999953648e-01 2.49999999999953648e-01 7.49999999999942601e-01 4 1.04446012510707202e+01
1 0 0 53 2.49999999999953648e-01 2.49999999999953648e-01 7.49999999999942601e-01 5 1.39299685549081893e+01
1 0 0 53 2.49999999999953648e-01 2.49999999999953648e-01 7.49999999999942601e-01 6 1.68566051334864611e+01
1 0 0 53 2.49999999999953648e-01 2.49999999999953648e-01 7.49999999999942601e-01 7 1.74767863784580726e+01
1 0 0 53 2.49999999999953648e-01 2.49999999999953648e-01 7.49999999999942601e-01 8 2.41657839512741432e+01
1 0 0 53 2.49999999999953648e-01 2.49999999999953648e-01 7.49999999999942601e-01 9 2.63301945858820439e+01
1 0 0 53 2.49999999999953648e-01 2.49999999999953648e-01 7.49999999999942601e-01 10 2.81465744419828070e+01
1 0 0 53 2.49999999999953648e-01 2.49999999999953648e-01 7.49999999999942601e-01 11 2.93358274988931491e+01
1 0 0 53 2.49999999999953648e-01 2.49999999999953648e-01 7.49999999999942601e-01 12 3.68716412889618326e+01
1 0 0 53 2.49999999999953648e-01 2.49999999999953648e-01 7.49999999999942601e-01 13 3.75807340682419593e+01
1 0 0 53 2.49999999999953648e-01 2.49999999999953648e-01 7.49999999999942601e-01 14 3.85853866932325147e+01
1 0 0 53 2.49999999999953648e-01 2.49999999999953648e-01 7.49999999999942601e-01 15 4.21149267498806950e+01
1 0 0 53 2.49999999999953648e-01 2.49999999999953648e-01 7.49999999999942601e-01 16 4.62873405779490241e+01
1 0 0 53 2.49999999999953648e-01 2.49999999999953648e-01 7.49999999999942601e-01 17 4.80633933109994658e+01
1 0 0 53 2.49999999999953648e-01 2.49999999999953648e-01 7.49999999999942601e-01 18 5.28496849672550653e+01
1 0 0 53 2.49999999999953648e-01 2.49999999999953648e-01 7.49999999999942601e-01 19 7.23941582278033167e+01
1 0 0 53 2.49999999999953648e-01 2.49999999999953648e-01 7.49999999999942601e-01 20 1.24515310704773228e+02
1 0 0 53 2.49999999999953648e-01 2.49999999999953648e-01 7.49999999999942601e-01 21 1.29533794892135177e+02
1 0 0 53 2.49999999999953648e-01 2.49999999999953648e-01 7.49999999999942601e-01 22 8.85891616362141235e+02
1 0 0 53 2.49999999999953648e-01 2.49999999999953648e-01 7.49999999999942601e-01 23 1.06716536129152564e+03
1 0 0 53 2.49999999999953648e-01 2.49999999999953648e-01 7.49999999999942601e-01 24 1.75667710445727585e+03
1 0 0 53 2.49999999999953648e-01 2.49999999999953648e-01 7.49999999999942601e-01 25 3.40673893078012406e+03
1 0 0 54 4.99999999999988898e-01 2.50000000000035305e-01 7.50000000000024203e-01 0 -3.01601799678357203e+01
1 0 0 54 4.99999999999988898e-01 2.50000000000035305e-01 7.50000000000024203e-01 1 -4.94437172540639036e+00
1 0 0 54 4.99999999999988898e-01 2.50000000000035305e-01 7.50000000000024203e-01 2 -1.16681787539406678e+00
1 0 0 54 4.99999999999988898e-01 2.50000000000035305e-01 7.50000000000024203e-01 3 -2.44201540447801790e-01
1 0 0 54 4.99999999999988898e-01 2.50000000000035305e-01 7.50000000000024203e-01 4 1.25559910969197031e+01
1 0 0 54 4.99999999999988898e-01 2.50000000000035305e-01 7.50000000000024203e-01 5 1.36330317159636429e+01
1 0 0 54 4.99999999999988898e-01 2.50000000000035305e-01 7.50000000000024203e-01 6 1.67958481110509226e+01
1 0 0 54 4.99999999999988898e-01 2.50000000000035305e-01 7.50000000000024203e-01 7 1.79670924342718976e+01
1 0 0 54 4.99999999999988898e-01 2.50000000000035305e-01 7.50000000000024203e-01 8 2.36512834554694287e+01
1 0 0 54 4.99999999999988898e-01 2.50000000000035305e-01 7.50000000000024203e-01 9 2.56158186712187224e+01
1 0 0 54 4.99999999999988898e-01 2.50000000000035305e-01 7.50000000000024203e-01 10 2.89857920427357563e+01
1 0 0 54 4.99999999999988898e-01 2.50000000000035305e-01 7.50000000000024203e-01 11 3.08334198670475388e+01
1 0 0 54 4.99999999999988898e-01 2.50000000000035305e-01 7.50000000000024203e-01 12 3.62428066461364580e+01
1 0 0 54 4.99999999999988898e-01 2.50000000000035305e-01 7.50000000000024203e-01 13 3.76671752278549050e+01
1 0 0 54 4.99999999999988898e-01 2.50000000000035305e-01 7.50000000000024203e-01 14 3.98277703849646372e+01
1 0 0 54 4.99999999999988898e-01 2.50000000000035305e-01 7.50000000000024203e-01 15 4.17015318567222479e+01
1 0 0 54 4.99999999999988898e-01 2.50000000000035305e-01 7.50000000000024203e-01 16 4.31127632022564669e+01
1 0 0 54 4.99999999999988898e-01 2.50000000000035305e-01 7.50000000000024203e-01 17 4.44686268139468694e+01
1 0 0 54 4.99999999999988898e-01 2.50000000000035305e-01 7.50000000000024203e-01 18 5.41559903828631946e+01
1 0 0 54 4.99999999999988898e-01 2.50000000000035305e-01 7.50000000000024203e-01 19 5.82466571666402828e+01
1 0 0 54 4.99999999999988898e-01 2.50000000000035305e-01 7.50000000000024203e-01 20 9.46332846726595704e+01
1 0 0 54 4.99999999999988898e-01 2.50000000000035305e-01 7.50000000000024203e-01 21 9.80594603380242233e+01
1 0 0 54 4.99999999999988898e-01 2.50000000000035305e-01 7.50000000000024203e-01 22 1.37703070401923492e+03
1 0 0 54 4.99999999999988898e-01 2.50000000000035305e-01 7.50000000000024203e-01 23 1.55458638523277091e+03
1 0 0 54 4.99999999999988898e-01 2.50000000000035305e-01 7.50000000000024203e-01 24 2.37480198113218603e+03
1 0 0 54 4.99999999999988898e-01 2.50000000000035305e-01 7.50000000000024203e-01 25 2.52270356950450059e+03
1 0 0 55 7.50000000000024314e-01 2.50000000000035305e-01 7.50000000000024314e-01 0 -3.08434253017308215e+01
1 0 0 55 7.50000000000024314e-01 2.50000000000035305e-01 7.50000000000024314e-01 1 -5.67140486632463858e+00
1 0 0 55 7.50000000000024314e-01 2.50000000000035305e-01 7.50000000000024314e-01 2 -3.48848421298192490e-01
1 0 0 55 7.50000000000024314e-01 2.50000000000035305e-01 7.50000000000024314e-01 3 2.59690621258832888e+00
1 0 0 55 7.50000000000024314e-01 2.50000000000035305e-01 7.50000000000024314e-01 4 1.12454121229510786e+01
1 0 0 55 7.50000000000024314e-01 2.50000000000035305e-01 7.50000000000024314e-01 5 1.40648653967144348e+01
1 0 0 55 7.50000000000024314e-01 2.50000000000035305e-01 7.50000000000024314e-01 6 1.66695166221976478e+01
1 0 0 55 7.50000000000024314e-01 2.50000000000035305e-01 7.50000000000024314e-01 7 1.80546322822600160e+01
1 0 0 55 7.50000000000024314e-01 2.50000000000035305e-01 7.50000000000024314e-01 8 2.37452322490777625e+01
1 0 0 55 7.50000000000024314e-01 2.50000000000035305e-01 7.50000000000024314e-01 9 2.56196023606520633e+01
1 0 0 55 7.50000000000024314e-01 2.50000000000035305e-01 7.50000000000024314e-01 10 2.76186724911170600e+01
1 0 0 55 7.50000000000024314e-01 2.50000000000035305e-01 7.50000000000024314e-01 11 2.93902130506408206e+01
1 0 0 55 7.50000000000024314e-01 2.50000000000035305e-01 7.50000000000024314e-01 12 3.61844171686940896e+01
1 0 0 55 7.50000000000024314e-01 2.50000000000035305e-01 7.50000000000024314e-01 13 3.67054707752514204e+01
1 0 0 55 7.50000000000024314e-01 2.50000000000035305e-01 7.50000000000024314e-01 14 3.81359999183005201e+01
1 0 0 55 7.50000000000024314e-01 2.50000000000035305e-01 7.50000000000024314e-01 15 4.24880062615141441e+01
1 0 0 55 7.50000000000024314e-01 2.50000000000035305e-01 7.50000000000024314e-01 16 4.73582284390024455e+01
1 0 0 55 7.50000000000024314e-01 2.50000000000035305e-01 7.50000000000024314e-01 17 4.89793884373381374e+01
1 0 0 55 7.50000000000024314e-01 2.50000000000035305e-01 7.50000000000024314e-01 18 5.29765800168129601e+01
1 0 0 55 7.50000000000024314e-01 2.50000000000035305e-01 7.50000000000024314e-01 19 7.17342518937668387e+01
1 0 0 55 7.50000000000024314e-01 2.50000000000035305e-01 7.50000000000024314e-01 20 1.20668616616787531e+02
1 0 0 55 7.50000000000024314e-01 2.50000000000035305e-01 7.50000000000024314e-01 21 1.27609265538722568e+02
1 0 0 55 7.50000000000024314e-01 2.50000000000035305e-01 7.50000000000024314e-01 22 9.17577853596816226e+02
1 0 0 55 7.50000000000024314e-01 2.50000000000035305e-01 7.50000000000024314e-01 23 1.13484989171142092e+03
1 0 0 55 7.50000000000024314e-01 2.50000000000035305e-01 7.50000000000024314e-01 24 1.79449444672855293e+03
1 0 0 55 7.50000000000024314e-01 2.50000000000035305e-01 7.50000000000024314e-01 25 3.38080161581847733e+03
1 0 0 56 0.00000000000000000e+00 4.99999999999989009e-01 7.50000000000024314e-01 0 -2.95756614395465967e+01
1 0 0 56 0.00000000000000000e+00 4.99999999999989009e-01 7.50000000000024314e-01 1 -6.55251615278143618e+00
1 0 0 56 0.00000000000000000e+00 4.99999999999989009e-01 7.50000000000024314e-01 2 -3.38697152701382009e-01
1 0 0 56 0.00000000000000000e+00 4.99999999999989009e-01 7.50000000000024314e-01 3 2.00946573756051849e+00
1 0 0 56 0.00000000000000000e+00 4.99999999999989009e-01 7.50000000000024314e-01 4 1.14743889506094536e+01
1 0 0 56 0.00000000000000000e+00 4.99999999999989009e-01 7.50000000000024314e-01 5 1.36896566278077518e+01
1 0 0 56 0.00000000000000000e+00 4.99999999999989009e-01 7.50000000000024314e-01 6 1.69286646553382916e+01
1 0 0 56 0.00000000000000000e+00 4.99999999999989009e-01 7.50000000000024314e-01 7 1.79949264495269787e+01
1 0 0 56 0.00000000000000000e+00 4.99999999999989009e-01 7.50000000000024314e-01 8 2.32310719106670014e+01
1 0 0 56 0.00000000000000000e+00 4.99999999999989009e-01 7.50000000000024314e-01 9 2.50754063994492640e+01
1 0 0 56 0.00000000000000000e+00 4.99999999999989009e-01 7.50000000000024314e-01 10 2.83154711867304449e+01
1 0 0 56 0.00000000000000000e+00 4.99999999999989009e-01 7.50000000000024314e-01 11 2.90850969621378574e+01
1 0 0 56 0.00000000000000000e+00 4.99999999999989009e-01 7.50000000000024314e-01 12 3.60394580288654609e+01
1 0 0 56 0.00000000000000000e+00 4.99999999999989009e-01 7.50000000000024314e-01 13 3.79348284544380334e+01
1 0 0 56 0.00000000000000000e+00 4.99999999999989009e-01 7.50000000000024314e-01 14 3.90654809687867015e+01
1 0 0 56 0.00000000000000000e+00 4.99999999999989009e-01 7.50000000000024314e-01 15 4.27434400038828457e+01
1 0 0 56 0.00000000000000000e+00 4.99999999999989009e-01 7.50000000000024314e-01 16 4.75953544811610954e+01
1 0 0 56 0.00000000000000000e+00 4.99999999999989009e-01 7.50000000000024314e-01 17 4.94553823633257821e+01
1 0 0 56 0.00000000000000000e+00 4.99999999999989009e-01 7.50000000000024314e-01 18 5.11228941203133544e+01
1 0 0 56 0.00000000000000000e+00 4.99999999999989009e-01 7.50000000000024314e-01 19 7.20529456780460151e+01
1 0 0 56 0.00000000000000000e+00 4.99999999999989009e-01 7.50000000000024314e-01 20 1.15722418548704198e+02
1 0 0 56 0.00000000000000000e+00 4.99999999999989009e-01 7.50000000000024314e-01 21 1.28531867241959020e+02
1 0 0 56 0.00000000000000000e+00 4.99999999999989009e-01 7.50000000000024314e-01 22 8.74108931706429189e+02
1 0 0 56 0.00000000000000000e+00 4.99999999999989009e-01 7.50000000000024314e-01 23 1.06511890244362257e+03
1 0 0 56 0.00000000000000000e+00 4.99999999999989009e-01 7.50000000000024314e-01 24 1.96271925819692751e+03
1 0 0 56 0.00000000000000000e+00 4.99999999999989009e-01 7.50000000000024314e-01 25 3.26322740839786820e+03
1 0 0 57 2.50000000000035305e-01 4.99999999999988898e-01 7.50000000000024203e-01 0 -2.83379320206228833e+01
1 0 0 57 2.50000000000035305e-01 4.99999999999988898e-01 7.50000000000024203e-01 1 -5.65786785468200204e+00
1 0 0 57 2.50000000000035305e-01 4.99999999999988898e-01 7.50000000000024203e-01 2 -1.28660010967284455e+00
1 0 0 57 2.50000000000035305e-01 4.99999999999988898e-01 7.50000000000024203e-01 3 3.69314567106104885e-01
1 0 0 57 2.50000000000035305e-01 4.99999999999988898e-01 7.50000000000024203e-01 4 1.24139567726086248e+01
1 0 0 57 2.50000000000035305e-01 4.99999999999988898e-01 7.50000000000024203e-01 5 1.34893988633580104e+01
1 0 0 57 2.50000000000035305e-01 4.99999999999988898e-01 7.50000000000024203e-01 6 1.58614214092558630e+01
1 0 0 57 2.50000000000035305e-01 4.99999999999988898e-01 7.50000000000024203e-01 7 1.79911439258016976e+01
1 0 0 57 2.50000000000035305e-01 4.99999999999988898e-01 7.50000000000024203e-01 8 2.30778137403835473e+01
1 0 0 57 2.50000000000035305e-01 4.99999999999988898e-01 7.50000000000024203e-01 9 2.48491223318491308e+01
1 0 0 57 2.50000000000035305e-01 4.99999999999988898e-01 7.50000000000024203e-01 10 2.94507008212546104e+01
1 0 0 57 2.50000000000035305e-01 4.99999999999988898e-01 7.50000000000024203e-01 11 3.07525945423866744e+01
1 0 0 57 2.50000000000035305e-01 4.99999999999988898e-01 7.50000000000024203e-01 12 3.61858926702997294e+01
1 0 0 57 2.50000000000035305e-01 4.99999999999988898e-01 7.50000000000024203e-01 13 3.78660304998247810e+01
1 0 0 57 2.50000000000035305e-01 4.99999999999988898e-01 7.50000000000024203e-01 14 3.99336675312216514e+01
1 0 0 57 2.50000000000035305e-01 4.99999999999988898e-01 7.50000000000024203e-01 15 4.20319000255873547e+01
1 0 0 57 2.50000000000035305e-01 4.99999999999988898e-01 7.50000000000024203e-01 16 4.33753993860904643e+01
1 0 0 57 2.50000000000035305e-01 4.99999999999988898e-01 7.50000000000024203e-01 17 4.47487965369660472e+01
1 0 0 57 2.50000000000035305e-01 4.99999999999988898e-01 7.50000000000024203e-01 18 5.39097793158930827e+01
1 0 0 57 2.50000000000035305e-01 4.99999999999988898e-01 7.50000000000024203e-01 19 5.72399773725122074e+01
1 0 0 57 2.50000000000035305e-01 4.99999999999988898e-01 7.50000000000024203e-01 20 9.33994967567082881e+01
1 0 0 57 2.50000000000035305e-01 4.99999999999988898e-01 7.50000000000024203e-01 21 9.96468900229634045e+01
1 0 0 57 2.50000000000035305e-01 4.99999999999988898e-01 7.50000000000024203e-01 22 1.34511331482224887e+03
1 0 0 57 2.50000000000035305e-01 4.99999999999988898e-01 7.50000000000024203e-01 23 1.47095998162968976e+03
1 0 0 57 2.50000000000035305e-01 4.99999999999988898e-01 7.50000000000024203e-01 24 2.45525590955083817e+03
1 0 0 57 2.50000000000035305e-01 4.99999999999988898e-01 7.50000000000024203e-01 25 2.54261323956869001e+03
1 0 0 58 4.99999999999988953e-01 4.99999999999988953e-01 7.49999999999942601e-01 0 -3.45924394008457199e+01
1 0 0 58 4.99999999999988953e-01 4.99999999999988953e-01 7.49999999999942601e-01 1 -5.54002343913305406e+00
1 0 0 58 4.99999999999988953e-01 4.99999999999988953e-01 7.49999999999942601e-01 2 -3.86466812118782144e-01
1 0 0 58 4.99999999999988953e-01 4.99999999999988953e-01 7.49999999999942601e-01 3 2.05749049664425776e+00
1 0 0 58 4.99999999999988953e-01 4.99999999999988953e-01 7.49999999999942601e-01 4 1.07227910321231228e+01
1 0 0 58 4.99999999999988953e-01 4.99999999999988953e-01 7.49999999999942601e-01 5 1.34461760059680113e+01
1 0 0 58 4.99999999999988953e-01 4.99999999999988953e-01 7.49999999999942601e-01 6 1.68643351522229423e+01
1 0 0 58 4.99999999999988953e-01 4.99999999999988953e-01 7.49999999999942601e-01 7 1.76724728855303432e+01
1 0 0 58 4.99999999999988953e-01 4.99999999999988953e-01 7.49999999999942601e-01 8 2.38913471845724921e+01
1 0 0 58 4.99999999999988953e-01 4.99999999999988953e-01 7.49999999999942601e-01 9 2.52931236717415153e+01
1 0 0 58 4.99999999999988953e-01 4.99999999999988953e-01 7.49999999999942601e-01 10 2.74319681671383009e+01
1 0 0 58 4.99999999999988953e-01 4.99999999999988953e-01 7.49999999999942601e-01 11 2.89310641493967893e+01
1 0 0 58 4.99999999999988953e-01 4.99999999999988953e-01 7.49999999999942601e-01 12 3.64121405055498002e+01
1 0 0 58 4.99999999999988953e-01 4.99999999999988953e-01 7.49999999999942601e-01 13 3.83416697160127526e+01
1 0 0 58 4.99999999999988953e-01 4.99999999999988953e-01 7.49999999999942601e-01 14 3.93476914093119134e+01
1 0 0 58 4.99999999999988953e-01 4.99999999999988953e-01 7.49999999999942601e-01 15 4.20733360664735372e+01
1 0 0 58 4.99999999999988953e-01 4.99999999999988953e-01 7.49999999999942601e-01 16 4.69081603499091386e+01
1 0 0 58 4.99999999999988953e-01 4.99999999999988953e-01 7.49999999999942601e-01 17 4.93254474642570457e+01
1 0 0 58 4.99999999999988953e-01 4.99999999999988953e-01 7.49999999999942601e-01 18 5.20992281780389135e+01
1 0 0 58 4.99999999999988953e-01 4.99999999999988953e-01 7.49999999999942601e-01 19 7.41070783557795210e+01
1 0 0 58 4.99999999999988953e-01 4.99999999999988953e-01 7.49999999999942601e-01 20 1.19301165442705951e+02
1 0 0 58 4.99999999999988953e-01 4.99999999999988953e-01 7.49999999999942601e-01 21 1.30797394880550115e+02
1 0 0 58 4.99999999999988953e-01 4.99999999999988953e-01 7.49999999999942601e-01 22 9.22126855458030263e+02
1 0 0 58 4.99999999999988953e-01 4.99999999999988953e-01 7.49999999999942601e-01 23 1.09587494160811480e+03
1 0 0 58 4.99999999999988953e-01 4.99999999999988953e-01 7.49999999999942601e-01 24 1.85763401113815235e+03
1 0 0 58 4.99999999999988953e-01 4.99999999999988953e-01 7.49999999999942601e-01 25 3.42471073267700694e+03
1 0 0 59 7.50000000000024203e-01 5.00000000000070610e-01 7.50000000000024203e-01 0 -3.48793052613114654e+01
1 0 0 59 7.50000000000024203e-01 5.00000000000070610e-01 7.50000000000024203e-01 1 -4.64467033813006935e+00
1 0 0 59 7.50000000000024203e-01 5.00000000000070610e-01 7.50000000000024203e-01 2 3.91008532585667035e-01
1 0 0 59 7.50000000000024203e-01 5.00000000000070610e-01 7.50000000000024203e-01 3 2.16965123872800714e+00
1 0 0 59 7.50000000000024203e-01 5.00000000000070610e-01 7.50000000000024203e-01 4 1.32610856055246273e+01
1 0 0 59 7.50000000000024203e-01 5.00000000000070610e-01 7.50000000000024203e-01 5 1.38349914619983494e+01
1 0 0 59 7.50000000000024203e-01 5.00000000000070610e-01 7.50000000000024203e-01 6 1.57042371944645929e+01
1 0 0 59 7.50000000000024203e-01 5.00000000000070610e-01 7.50000000000024203e-01 7 1.73411585183747619e+01
1 0 0 59 7.50000000000024203e-01 5.00000000000070610e-01 7.50000000000024203e-01 8 1.89508960779101692e+01
1 0 0 59 7.50000000000024203e-01 5.00000000000070610e-01 7.50000000000024203e-01 9 2.48981102868206357e+01
1 0 0 59 7.50000000000024203e-01 5.00000000000070610e-01 7.50000000000024203e-01 10 2.80077457714489171e+01
1 0 0 59 7.50000000000024203e-01 5.00000000000070610e-01 7.50000000000024203e-01 11 3.30794083739672686e+01
1 0 0 59 7.50000000000024203e-01 5.00000000000070610e-01 7.50000000000024203e-01 12 3.50197171938929870e+01
1 0 0 59 7.50000000000024203e-01 5.00000000000070610e-01 7.50000000000024203e-01 13 3.60625394874085217e+01
1 0 0 59 7.50000000000024203e-01 5.00000000000070610e-01 7.50000000000024203e-01 14 3.87837034611179874e+01
1 0 0 59 7.50000000000024203e-01 5.00000000000070610e-01 7.50000000000024203e-01 15 4.22174773575901341e+01
1 0 0 59 7.50000000000024203e-01 5.00000000000070610e-01 7.50000000000024203e-01 16 4.47427594253040439e+01
1 0 0 59 7.50000000000024203e-01 5.00000000000070610e-01 7.50000000000024203e-01 17 4.87764241779632073e+01
1 0 0 59 7.50000000000024203e-01 5.00000000000070610e-01 7.50000000000024203e-01 18 5.39677738428265030e+01
1 0 0 59 7.50000000000024203e-01 5.00000000000070610e-01 7.50000000000024203e-01 19 8.57084554248992134e+01
1 0 0 59 7.50000000000024203e-01 5.00000000000070610e-01 7.50000000000024203e-01 20 1.08181786147561141e+02
1 0 0 59 7.50000000000024203e-01 5.00000000000070610e-01 7.50000000000024203e-01 21 2.31614116001213773e+02
1 0 0 59 7.50000000000024203e-01 5.00000000000070610e-01 7.50000000000024203e-01 22 7.75315236186951552e+02
1 0 0 59 7.50000000000024203e-01 5.00000000000070610e-01 7.50000000000024203e-01 23 9.95037055897574760e+02
1 0 0 59 7.50000000000024203e-01 5.00000000000070610e-01 7.50000000000024203e-01 24 1.68845497502099079e+03
1 0 0 59 7.50000000000024203e-01 5.00000000000070610e-01 7.50000000000024203e-01 25 3.30408115841264180e+03
1 0 0 60 0.00000000000000000e+00 7.50000000000024203e-01 7.50000000000024203e-01 0 -4.00067763324695349e+01
1 0 0 60 0.00000000000000000e+00 7.50000000000024203e-01 7.50000000000024203e-01 1 -1.73763035932147192e+00
1 0 0 60 0.00000000000000000e+00 7.50000000000024203e-01 7.50000000000024203e-01 2 -4.03403671179842216e-01
1 0 0 60 0.00000000000000000e+00 7.50000000000024203e-01 7.50000000000024203e-01 3 2.85539941110637052e+00
1 0 0 60 0.00000000000000000e+00 7.50000000000024203e-01 7.50000000000024203e-01 4 1.02676377890593464e+01
1 0 0 60 0.00000000000000000e+00 7.50000000000024203e-01 7.50000000000024203e-01 5 1.40700816857154276e+01
1 0 0 60 0.00000000000000000e+00 7.50000000000024203e-01 7.50000000000024203e-01 6 1.64363406994266938e+01
1 0 0 60 0.00000000000000000e+00 7.50000000000024203e-01 7.50000000000024203e-01 7 1.73517436937889400e+01
1 0 0 60 0.00000000000000000e+00 7.50000000000024203e-01 7.50000000000024203e-01 8 2.05348436079393579e+01
1 0 0 60 0.00000000000000000e+00 7.50000000000024203e-01 7.50000000000024203e-01 9 2.31123864508582066e+01
1 0 0 60 0.00000000000000000e+00 7.50000000000024203e-01 7.50000000000024203e-01 10 2.97472000678699295e+01
1 0 0 60 0.00000000000000000e+00 7.50000000000024203e-01 7.50000000000024203e-01 11 3.18127963736413371e+01
1 0 0 60 0.00000000000000000e+00 7.50000000000024203e-01 7.50000000000024203e-01 12 3.41814558224846792e+01
1 0 0 60 0.00000000000000000e+00 7.50000000000024203e-01 7.50000000000024203e-01 13 3.78877791934446790e+01
1 0 0 60 0.00000000000000000e+00 7.50000000000024203e-01 7.50000000000024203e-01 14 4.10426173257740174e+01
1 0 0 60 0.00000000000000000e+00 7.50000000000024203e-01 7.50000000000024203e-01 15 4.43584292122099342e+01
1 0 0 60 0.00000000000000000e+00 7.50000000000024203e-01 7.50000000000024203e-01 16 4.76894297271758703e+01
1 0 0 60 0.00000000000000000e+00 7.50000000000024203e-01 7.50000000000024203e-01 17 4.94902438127535760e+01
1 0 0 60 0.00000000000000000e+00 7.50000000000024203e-01 7.50000000000024203e-01 18 5.51711795287309243e+01
1 0 0 60 0.00000000000000000e+00 7.50000000000024203e-01 7.50000000000024203e-01 19 1.43848252572344023e+02
1 0 0 60 0.00000000000000000e+00 7.50000000000024203e-01 7.50000000000024203e-01 20 1.49190395121173054e+02
1 0 0 60 0.00000000000000000e+00 7.50000000000024203e-01 7.50000000000024203e-01 21 2.73142645746728249e+02
1 0 0 60 0.00000000000000000e+00 7.50000000000024203e-01 7.50000000000024203e-01 22 6.49580142996261657e+02
1 0 0 60 0.00000000000000000e+00 7.50000000000024203e-01 7.50000000000024203e-01 23 1.58105153229488292e+03
1 0 0 60 0.00000000000000000e+00 7.50000000000024203e-01 7.50000000000024203e-01 24 1.69842069398577178e+03
1 0 0 60 0.00000000000000000e+00 7.50000000000024203e-01 7.50000000000024203e-01 25 1.98570250704143541e+03
1 0 0 61 2.50000000000035305e-01 7.50000000000024314e-01 7.50000000000024314e-01 0 -2.94162493383060308e+01
1 0 0 61 2.50000000000035305e-01 7.50000000000024314e-01 7.50000000000024314e-01 1 -5.97806827943626207e+00
1 0 0 61 2.50000000000035305e-01 7.50000000000024314e-01 7.50000000000024314e-01 2 -5.98242638838293650e-01
1 0 0 61 2.50000000000035305e-01 7.50000000000024314e-01 7.50000000000024314e-01 3 8.89204346589365757e-01
1 0 0 61 2.50000000000035305e-01 7.50000000000024314e-01 7.50000000000024314e-01 4 1.08300963981813609e+01
1 0 0 61 2.50000000000035305e-01 7.50000000000024314e-01 7.50000000000024314e-01 5 1.41718575786704939e+01
1 0 0 61 2.50000000000035305e-01 7.50000000000024314e-01 7.50000000000024314e-01 6 1.65775866834946690e+01
1 0 0 61 2.50000000000035305e-01 7.50000000000024314e-01 7.50000000000024314e-01 7 1.74244704746773529e+01
1 0 0 61 2.50000000000035305e-01 7.50000000000024314e-01 7.50000000000024314e-01 8 2.36262394684251795e+01
1 0 0 61 2.50000000000035305e-01 7.50000000000024314e-01 7.50000000000024314e-01 9 2.60516681370443486e+01
1 0 0 61 2.50000000000035305e-01 7.50000000000024314e-01 7.50000000000024314e-01 10 2.84384265265729788e+01
1 0 0 61 2.50000000000035305e-01 7.50000000000024314e-01 7.50000000000024314e-01 11 2.94777904507893069e+01
1 0 0 61 2.50000000000035305e-01 7.50000000000024314e-01 7.50000000000024314e-01 12 3.56737442032442544e+01
1 0 0 61 2.50000000000035305e-01 7.50000000000024314e-01 7.50000000000024314e-01 13 3.69243551658092883e+01
1 0 0 61 2.50000000000035305e-01 7.50000000000024314e-01 7.50000000000024314e-01 14 3.85423555307169821e+01
1 0 0 61 2.50000000000035305e-01 7.50000000000024314e-01 7.50000000000024314e-01 15 4.25731587011766166e+01
1 0 0 61 2.50000000000035305e-01 7.50000000000024314e-01 7.50000000000024314e-01 16 4.76178562528129703e+01
1 0 0 61 2.50000000000035305e-01 7.50000000000024314e-01 7.50000000000024314e-01 17 4.86976057312411044e+01
1 0 0 61 2.50000000000035305e-01 7.50000000000024314e-01 7.50000000000024314e-01 18 5.23776993342890194e+01
1 0 0 61 2.50000000000035305e-01 7.50000000000024314e-01 7.50000000000024314e-01 19 7.40543646954179735e+01
1 0 0 61 2.50000000000035305e-01 7.50000000000024314e-01 7.50000000000024314e-01 20 1.19256165084563293e+02
1 0 0 61 2.50000000000035305e-01 7.50000000000024314e-01 7.50000000000024314e-01 21 1.33157936096180777e+02
1 0 0 61 2.50000000000035305e-01 7.50000000000024314e-01 7.50000000000024314e-01 22 8.51466362771820513e+02
1 0 0 61 2.50000000000035305e-01 7.50000000000024314e-01 7.50000000000024314e-01 23 1.09460861708201992e+03
1 0 0 61 2.50000000000035305e-01 7.50000000000024314e-01 7.50000000000024314e-01 24 1.87367014351801322e+03
1 0 0 61 2.50000000000035305e-01 7.50000000000024314e-01 7.50000000000024314e-01 25 3.36374326370873723e+03
1 0 0 62 5.00000000000070610e-01 7.50000000000024203e-01 7.50000000000024203e-01 0 -3.51044283260937533e+01
1 0 0 62 5.00000000000070610e-01 7.50000000000024203e-01 7.50000000000024203e-01 1 -3.43900375534194858e+00
1 0 0 62 5.00000000000070610e-01 7.50000000000024203e-01 7.50000000000024203e-01 2 -2.55821345506864528e-01
1 0 0 62 5.00000000000070610e-01 7.50000000000024203e-01 7.50000000000024203e-01 3 1.03820933805565296e+00
1 0 0 62 5.00000000000070610e-01 7.50000000000024203e-01 7.50000000000024203e-01 4 1.30655671321415845e+01
1 0 0 62 5.00000000000070610e-01 7.50000000000024203e-01 7.50000000000024203e-01 5 1.37798073168103876e+01
1 0 0 62 5.00000000000070610e-01 7.50000000000024203e-01 7.50000000000024203e-01 6 1.52213400996443813e+01
1 0 0 62 5.00000000000070610e-01 7.50000000000024203e-01 7.50000000000024203e-01 7 1.70910691581054763e+01
1 0 0 62 5.00000000000070610e-01 7.50000000000024203e-01 7.50000000000024203e-01 8 1.91719487494945504e+01
1 0 0 62 5.00000000000070610e-01 7.50000000000024203e-01 7.50000000000024203e-01 9 2.56152460885844278e+01
1 0 0 62 5.00000000000070610e-01 7.50000000000024203e-01 7.50000000000024203e-01 10 2.84729157976941920e+01
1 0 0 62 5.00000000000070610e-01 7.50000000000024203e-01 7.50000000000024203e-01 11 3.39318974073770647e+01
1 0 0 62 5.00000000000070610e-01 7.50000000000024203e-01 7.50000000000024203e-01 12 3.42931441620657225e+01
1 0 0 62 5.00000000000070610e-01 7.50000000000024203e-01 7.50000000000024203e-01 13 3.63367649296222268e+01
1 0 0 62 5.00000000000070610e-01 7.50000000000024203e-01 7.50000000000024203e-01 14 3.86059742172850591e+01
1 0 0 62 5.00000000000070610e-01 7.50000000000024203e-01 7.50000000000024203e-01 15 4.16905988223688198e+01
1 0 0 62 5.00000000000070610e-01 7.50000000000024203e-01 7.50000000000024203e-01 16 4.41825994288513400e+01
1 0 0 62 5.00000000000070610e-01 7.50000000000024203e-01 7.50000000000024203e-01 17 4.84662920675369122e+01
1 0 0 62 5.00000000000070610e-01 7.50000000000024203e-01 7.50000000000024203e-01 18 5.31082936945613540e+01
1 0 0 62 5.00000000000070610e-01 7.50000000000024203e-01 7.50000000000024203e-01 19 8.99965124590256806e+01
1 0 0 62 5.00000000000070610e-01 7.50000000000024203e-01 7.50000000000024203e-01 20 1.07746041073657139e+02
1 0 0 62 5.00000000000070610e-01 7.50000000000024203e-01 7.50000000000024203e-01 21 2.27425158695734524e+02
1 0 0 62 5.00000000000070610e-01 7.50000000000024203e-01 7.50000000000024203e-01 22 7.57305226373369464e+02
1 0 0 62 5.00000000000070610e-01 7.50000000000024203e-01 7.50000000000024203e-01 23 1.03755176099943174e+03
1 0 0 62 5.00000000000070610e-01 7.50000000000024203e-01 7.50000000000024203e-01 24 1.76211043989542736e+03
1 0 0 62 5.00000000000070610e-01 7.50000000000024203e-01 7.50000000000024203e-01 25 3.23668731843236765e+03
1 0 0 63 7.49999999999942601e-01 7.49999999999942601e-01 7.49999999999942601e-01 0 -4.09178952726537801e+01
1 0 0 63 7.49999999999942601e-01 7.49999999999942601e-01 7.49999999999942601e-01 1 -1.62791842901328443e+00
1 0 0 63 7.49999999999942601e-01 7.49999999999942601e-01 7.49999999999942601e-01 2 1.34643642627962601e+00
1 0 0 63 7.49999999999942601e-01 7.49999999999942601e-01 7.49999999999942601e-01 3 3.97480083773742709e+00
1 0 0 63 7.49999999999942601e-01 7.49999999999942601e-01 7.49999999999942601e-01 4 1.16444097858634201e+01
1 0 0 63 7.49999999999942601e-01 7.49999999999942601e-01 7.49999999999942601e-01 5 1.37753762303988534e+01
1 0 0 63 7.49999999999942601e-01 7.49999999999942601e-01 7.49999999999942601e-01 6 1.41348194539385954e+01
1 0 0 63 7.49999999999942601e-01 7.49999999999942601e-01 7.49999999999942601e-01 7 1.81663820277276145e+01
1 0 0 63 7.49999999999942601e-01 7.49999999999942601e-01 7.49999999999942601e-01 8 1.85657130498292204e+01
1 0 0 63 7.49999999999942601e-01 7.49999999999942601e-01 7.49999999999942601e-01 9 2.11267452250794925e+01
1 0 0 63 7.49999999999942601e-01 7.49999999999942601e-01 7.49999999999942601e-01 10 3.04139034499561838e+01
1 0 0 63 7.49999999999942601e-01 7.49999999999942601e-01 7.49999999999942601e-01 11 3.28248689568939369e+01
1 0 0 63 7.49999999999942601e-01 7.49999999999942601e-01 7.49999999999942601e-01 12 3.36615681127720947e+01
1 0 0 63 7.49999999999942601e-01 7.49999999999942601e-01 7.49999999999942601e-01 13 3.49161144831931125e+01
1 0 0 63 7.49999999999942601e-01 7.49999999999942601e-01 7.49999999999942601e-01 14 4.25846183649280547e+01
1 0 0 63 7.49999999999942601e-01 7.49999999999942601e-01 7.49999999999942601e-01 15 4.33910493763574365e+01
1 0 0 63 7.49999999999942601e-01 7.49999999999942601e-01 7.49999999999942601e-01 16 5.02226094354274153e+01
1 0 0 63 7.49999999999942601e-01 7.49999999999942601e-01 7.49999999999942601e-01 17 5.18449107505792810e+01
1 0 0 63 7.49999999999942601e-01 7.49999999999942601e-01 7.49999999999942601e-01 18 5.21509533912501837e+01
1 0 0 63 7.49999999999942601e-01 7.49999999999942601e-01 7.49999999999942601e-01 19 1.15852861253674774e+02
1 0 0 63 7.49999999999942601e-01 7.49999999999942601e-01 7.49999999999942601e-01 20 3.22399471893675184e+02
1 0 0 63 7.49999999999942601e-01 7.49999999999942601e-01 7.49999999999942601e-01 21 3.43672007071561552e+02
1 0 0 63 7.49999999999942601e-01 7.49999999999942601e-01 7.49999999999942601e-01 22 7.99421636470881140e+02
1 0 0 63 7.49999999999942601e-01 7.49999999999942601e-01 7.49999999999942601e-01 23 8.47013295324962087e+02
1 0 0 63 7.49999999999942601e-01 7.49999999999942601e-01 7.49999999999942601e-01 24 1.38862992193988794e+03
1 0 0 63 7.49999999999942601e-01 7.49999999999942601e-01 7.49999999999942601e-01 25 2.66698609137250560e+03
