Initialized LibRPA global environment at [2026-07-16 22:13:46.860]
Total number of tasks    :     4
Total number of nodes    :     1
Maximal number of threads:  12
MPI tasks information:
| Proc    0 of Size    4: c2v100m3-2.hpc2
| Proc    1 of Size    4: c2v100m3-2.hpc2
| Proc    2 of Size    4: c2v100m3-2.hpc2
| Proc    3 of Size    4: c2v100m3-2.hpc2
| Global ID of master process of node     0 :     0

LibRPA CMake build info:
| Build type               : RelWithDebInfo
| Source code directory    : /data/home/df_iopcas_bhj/ai-runs/librpa-qsgw-rebase-gates-20260715T1910-7d69a18c/src-diagnostic-reader-head-2e446af2-v4/source/src
| Source code Git reference: GITDIR-NOTFOUND
| Source code Git hash     : GITDIR-NOTFOUND
| C++ compiler             : /data/app/intel/oneapi-2024.2/mpi/2021.13/bin/mpiicpx
| C++ compiler flags       :   -fiopenmp
| Fortran compiler         : /data/app/intel/oneapi-2024.2/mpi/2021.13/bin/mpiifx
| Fortran compiler flags   : 
| GreenX commit hash       : c90d131
| Use LibRI                : ON
| LibRI include directory  : /data/home/df_iopcas_bhj/ai-runs/librpa-qsgw-rebase-gates-20260715T1910-7d69a18c/src-diagnostic-reader-head-2e446af2-v4/source/thirdparty/LibRI/include
| LibComm include directory: /data/home/df_iopcas_bhj/ai-runs/librpa-qsgw-rebase-gates-20260715T1910-7d69a18c/src-diagnostic-reader-head-2e446af2-v4/source/thirdparty/LibComm/include

===== Begin driver parameters  =====
task = qsgw
constants_choice = internal
input_dir = /data/home/df_iopcas_bhj/ai-runs/librpa-qsgw-rebase-gates-20260715T1910-7d69a18c/inputs/si-k444-headwing-scf-synced-v2-2345960/dataset/
prefix_lri_coeff = Cs_data
prefix_lri_coeff_shrink = Cs_shrinked_data
prefix_shrink_sinvS = shrink_sinvS_
prefix_coul_full = coulomb_mat
prefix_coul_cut = coulomb_cut
prefix_eigvecs_scf = KS_eigenvector
fn_stru = stru_out
fn_bz_sampling = bz_sampling_out
fn_basis = basis_out
fn_basis_wfc = basis_wfc_out
fn_basis_aux = basis_aux_out
fn_basis_aux_shrink = basis_aux_shrink_out
fn_eigocc_scf = band_out
fn_dielfunc = dielecfunc_out
fn_vxc_scf = vxc_out
fn_band_kpath_info = band_kpath_info
output_level = info
use_spinor_wfc = false
output_energy_qp = false
output_gw_spec_func = false
output_hamgnn = false
use_pyatb = false
version_coul_reader = -1
version_lri_reader = -1
cs_R_threshold = 1e-06
i_state_low = 0
i_state_high = 999999
qsgw_input_contract = qsgw_input.head-only.contract
qsgw_mixer = none
qsgw_mixing_beta = 0.2
qsgw_min_iter = 1
qsgw_max_iter = 1
qsgw_convergence_tolerance_ev = 0.0001
qsgw_write_iteration_matrices = true
qsgw_update_hartree = false
qsgw_hartree_coulomb = full
qsgw_hartree_normalization = weighted_occupations
===== End driver parameters    =====

===== Begin control parameters =====
output_dir = ./
restart_from_dir = <output_dir>
tfgrids_type = minimax
anacon_tfgrids_type = unset
parallel_routing = libri
rpa_headwing_mode = qavg
nfreq = 6
n_bands_chi0 = -1
n_bands_sigc = -1
n_params_anacon = -1
n_params_anacon_resample = -1
anacon_nfreq = -1
option_qpe_solver = 0
option_dielect_func = 4
option_bvk_remap = 1
rpa_headwing_body_start = 0
qpe_solver_n_iter_max = 10000
libri_chi0_collect_s0_chunk = 0
istate_ref_hedin_shift = -1
ifreq_output_wc_start = 0
ifreq_output_wc_end = -1
libri_chi0_collect_max_bytes = 0
gf_R_threshold = 0
vq_threshold = 0
minimax_emin = -1
minimax_emax = -1
minimax_regulation = 0
sqrt_coulomb_threshold = 0
libri_chi0_threshold_C = 0
libri_chi0_threshold_G = 0
libri_exx_threshold_C = 0
libri_exx_threshold_D = 0
libri_exx_threshold_V = 0
libri_g0w0_threshold_C = 0
libri_g0w0_threshold_G = 0
libri_g0w0_threshold_Wc = 0
qpe_solver_thres = 1e-06
qpe_solver_damp_factor = 0.1
sf_gf_omega_shift = 0.01
sf_sigc_omega_shift = 0.01
debug = false
replace_w_head = true
use_fullcoul_eps = true
use_fullcoul_exx = false
use_fullcoul_wc = false
use_symmetry_exx = false
use_symmetry_gw = false
use_symmetry_rpa = false
output_abacus_gw_gf = false
use_shrink_abfs = false
use_shrink_chi = false
use_scalapack_ecrpa = true
use_scalapack_gw_wc = true
use_cholesky_gw_wc = false
use_gpu_replace_scalapack = false
use_elpa_sqrt_coulomb = false
use_kpara_scf_eigvec = false
read_sigc_mat_rf = false
output_gw_sigc_ks_kf = false
output_gw_sigc_ks_mat_kf = false
output_gw_sigc_mat_kf = false
output_gw_sigc_mat_rf = false
output_gw_sigc_mat_rt = false
output_wc_rf = false
output_wc_rf_atom_pair = true
use_qpe_adaptive_damp = false
use_qpe_legacy_update = false
override_qpe_solver_nan = false
use_hedin_shift = false
===== End control parameters   =====

Mean-field dimensions set:
| number of spins           : 1
| number of k-points        : 64
| number of bands           : 26
| number of NAOs            : 26
| number of spin components : 1
Internal two-level (SCF k-points/matrix block) parallelization for eigenvectors set:
| processes per k-point      : 1
| processes per matrix block : 4
Mean-field eigenvalues and occupation numbers set:
| Minimal transition energy (Ha):       0.0400521258
| Maximal transition energy (Ha):       5.8659208022
| Fermi level               (Ha):       0.2564169102
Reading structure file: /data/home/df_iopcas_bhj/ai-runs/librpa-qsgw-rebase-gates-20260715T1910-7d69a18c/inputs/si-k444-headwing-scf-synced-v2-2345960/dataset/stru_out
Lattice vectors (Bohr): latt
               0         5.13155         5.13155
         5.13155               0         5.13155
         5.13155         5.13155               0
Reciprocal lattice vectors (2PI Bohr^-1): G
      -0.0974364       0.0974364       0.0974364
       0.0974364      -0.0974364       0.0974364
       0.0974364       0.0974364      -0.0974364
Consistency check: latt * G.T
               1               0               0
               0               1               0
               0               0               1
Atom positions read (Cartesian in Bohr | fractional):
ia    1:    0.0000000    0.0000000    0.0000000 |    0.0000000    0.0000000    0.0000000
ia    2:    2.5657622    2.5657622    2.5657622 |    0.2499986    0.2499986    0.2499986

Reading Brillouin zone sampling file: /data/home/df_iopcas_bhj/ai-runs/librpa-qsgw-rebase-gates-20260715T1910-7d69a18c/inputs/si-k444-headwing-scf-synced-v2-2345960/dataset/bz_sampling_out
kgrids:   4   4   4
k-points read (Cartesian in 2Pi Bohr^-1 | fractional):
ik    1:    0.0000000    0.0000000    0.0000000 |    0.0000000    0.0000000    0.0000000
ik    2:   -0.0243591    0.0243591    0.0243591 |    0.2500000    0.0000000    0.0000000
ik    3:   -0.0487182    0.0487182    0.0487182 |    0.5000000    0.0000000    0.0000000
ik    4:   -0.0730773    0.0730773    0.0730773 |    0.7500000    0.0000000    0.0000000
ik    5:    0.0243591   -0.0243591    0.0243591 |    0.0000000    0.2500000    0.0000000
ik    6:    0.0000000    0.0000000    0.0487182 |    0.2500000    0.2500000    0.0000000
ik    7:   -0.0243591    0.0243591    0.0730773 |    0.5000000    0.2500000    0.0000000
ik    8:   -0.0487182    0.0487182    0.0974364 |    0.7500000    0.2500000    0.0000000
ik    9:    0.0487182   -0.0487182    0.0487182 |    0.0000000    0.5000000    0.0000000
ik   10:    0.0243591   -0.0243591    0.0730773 |    0.2500000    0.5000000    0.0000000
ik   11:    0.0000000    0.0000000    0.0974364 |    0.5000000    0.5000000    0.0000000
ik   12:   -0.0243591    0.0243591    0.1217955 |    0.7500000    0.5000000    0.0000000
ik   13:    0.0730773   -0.0730773    0.0730773 |    0.0000000    0.7500000    0.0000000
ik   14:    0.0487182   -0.0487182    0.0974364 |    0.2500000    0.7500000    0.0000000
ik   15:    0.0243591   -0.0243591    0.1217955 |    0.5000000    0.7500000    0.0000000
ik   16:    0.0000000    0.0000000    0.1461546 |    0.7500000    0.7500000    0.0000000
ik   17:    0.0243591    0.0243591   -0.0243591 |    0.0000000    0.0000000    0.2500000
ik   18:    0.0000000    0.0487182    0.0000000 |    0.2500000    0.0000000    0.2500000
ik   19:   -0.0243591    0.0730773    0.0243591 |    0.5000000    0.0000000    0.2500000
ik   20:   -0.0487182    0.0974364    0.0487182 |    0.7500000    0.0000000    0.2500000
ik   21:    0.0487182    0.0000000    0.0000000 |    0.0000000    0.2500000    0.2500000
ik   22:    0.0243591    0.0243591    0.0243591 |    0.2500000    0.2500000    0.2500000
ik   23:    0.0000000    0.0487182    0.0487182 |    0.5000000    0.2500000    0.2500000
ik   24:   -0.0243591    0.0730773    0.0730773 |    0.7500000    0.2500000    0.2500000
ik   25:    0.0730773   -0.0243591    0.0243591 |    0.0000000    0.5000000    0.2500000
ik   26:    0.0487182    0.0000000    0.0487182 |    0.2500000    0.5000000    0.2500000
ik   27:    0.0243591    0.0243591    0.0730773 |    0.5000000    0.5000000    0.2500000
ik   28:    0.0000000    0.0487182    0.0974364 |    0.7500000    0.5000000    0.2500000
ik   29:    0.0974364   -0.0487182    0.0487182 |    0.0000000    0.7500000    0.2500000
ik   30:    0.0730773   -0.0243591    0.0730773 |    0.2500000    0.7500000    0.2500000
ik   31:    0.0487182    0.0000000    0.0974364 |    0.5000000    0.7500000    0.2500000
ik   32:    0.0243591    0.0243591    0.1217955 |    0.7500000    0.7500000    0.2500000
ik   33:    0.0487182    0.0487182   -0.0487182 |    0.0000000    0.0000000    0.5000000
ik   34:    0.0243591    0.0730773   -0.0243591 |    0.2500000    0.0000000    0.5000000
ik   35:    0.0000000    0.0974364    0.0000000 |    0.5000000    0.0000000    0.5000000
ik   36:   -0.0243591    0.1217955    0.0243591 |    0.7500000    0.0000000    0.5000000
ik   37:    0.0730773    0.0243591   -0.0243591 |    0.0000000    0.2500000    0.5000000
ik   38:    0.0487182    0.0487182    0.0000000 |    0.2500000    0.2500000    0.5000000
ik   39:    0.0243591    0.0730773    0.0243591 |    0.5000000    0.2500000    0.5000000
ik   40:    0.0000000    0.0974364    0.0487182 |    0.7500000    0.2500000    0.5000000
ik   41:    0.0974364    0.0000000    0.0000000 |    0.0000000    0.5000000    0.5000000
ik   42:    0.0730773    0.0243591    0.0243591 |    0.2500000    0.5000000    0.5000000
ik   43:    0.0487182    0.0487182    0.0487182 |    0.5000000    0.5000000    0.5000000
ik   44:    0.0243591    0.0730773    0.0730773 |    0.7500000    0.5000000    0.5000000
ik   45:    0.1217955   -0.0243591    0.0243591 |    0.0000000    0.7500000    0.5000000
ik   46:    0.0974364    0.0000000    0.0487182 |    0.2500000    0.7500000    0.5000000
ik   47:    0.0730773    0.0243591    0.0730773 |    0.5000000    0.7500000    0.5000000
ik   48:    0.0487182    0.0487182    0.0974364 |    0.7500000    0.7500000    0.5000000
ik   49:    0.0730773    0.0730773   -0.0730773 |    0.0000000    0.0000000    0.7500000
ik   50:    0.0487182    0.0974364   -0.0487182 |    0.2500000    0.0000000    0.7500000
ik   51:    0.0243591    0.1217955   -0.0243591 |    0.5000000    0.0000000    0.7500000
ik   52:    0.0000000    0.1461546    0.0000000 |    0.7500000    0.0000000    0.7500000
ik   53:    0.0974364    0.0487182   -0.0487182 |    0.0000000    0.2500000    0.7500000
ik   54:    0.0730773    0.0730773   -0.0243591 |    0.2500000    0.2500000    0.7500000
ik   55:    0.0487182    0.0974364    0.0000000 |    0.5000000    0.2500000    0.7500000
ik   56:    0.0243591    0.1217955    0.0243591 |    0.7500000    0.2500000    0.7500000
ik   57:    0.1217955    0.0243591   -0.0243591 |    0.0000000    0.5000000    0.7500000
ik   58:    0.0974364    0.0487182    0.0000000 |    0.2500000    0.5000000    0.7500000
ik   59:    0.0730773    0.0730773    0.0243591 |    0.5000000    0.5000000    0.7500000
ik   60:    0.0487182    0.0974364    0.0487182 |    0.7500000    0.5000000    0.7500000
ik   61:    0.1461546    0.0000000    0.0000000 |    0.0000000    0.7500000    0.7500000
ik   62:    0.1217955    0.0243591    0.0243591 |    0.2500000    0.7500000    0.7500000
ik   63:    0.0974364    0.0487182    0.0487182 |    0.5000000    0.7500000    0.7500000
ik   64:    0.0730773    0.0730773    0.0730773 |    0.7500000    0.7500000    0.7500000
Hint: full k-point list is copied from parsed k-points.
R-points to compute: 64
    1 -     5 : ( -2,  -2,  -2) ( -2,  -2,  -1) ( -2,  -2,   0) ( -2,  -2,   1) ( -2,  -1,  -2)
    6 -    10 : ( -2,  -1,  -1) ( -2,  -1,   0) ( -2,  -1,   1) ( -2,   0,  -2) ( -2,   0,  -1)
   11 -    15 : ( -2,   0,   0) ( -2,   0,   1) ( -2,   1,  -2) ( -2,   1,  -1) ( -2,   1,   0)
   16 -    20 : ( -2,   1,   1) ( -1,  -2,  -2) ( -1,  -2,  -1) ( -1,  -2,   0) ( -1,  -2,   1)
   21 -    25 : ( -1,  -1,  -2) ( -1,  -1,  -1) ( -1,  -1,   0) ( -1,  -1,   1) ( -1,   0,  -2)
   26 -    30 : ( -1,   0,  -1) ( -1,   0,   0) ( -1,   0,   1) ( -1,   1,  -2) ( -1,   1,  -1)
   31 -    35 : ( -1,   1,   0) ( -1,   1,   1) (  0,  -2,  -2) (  0,  -2,  -1) (  0,  -2,   0)
   36 -    40 : (  0,  -2,   1) (  0,  -1,  -2) (  0,  -1,  -1) (  0,  -1,   0) (  0,  -1,   1)
   41 -    45 : (  0,   0,  -2) (  0,   0,  -1) (  0,   0,   0) (  0,   0,   1) (  0,   1,  -2)
   46 -    50 : (  0,   1,  -1) (  0,   1,   0) (  0,   1,   1) (  1,  -2,  -2) (  1,  -2,  -1)
   51 -    55 : (  1,  -2,   0) (  1,  -2,   1) (  1,  -1,  -2) (  1,  -1,  -1) (  1,  -1,   0)
   56 -    60 : (  1,  -1,   1) (  1,   0,  -2) (  1,   0,  -1) (  1,   0,   0) (  1,   0,   1)
   61 -    64 : (  1,   1,  -2) (  1,   1,  -1) (  1,   1,   0) (  1,   1,   1)

SCF k-point to Coulomb q-point mapping:
  ik:          k_1          k_2          k_3      iq
   1:    0.0000000    0.0000000    0.0000000
   2:    0.2500000    0.0000000    0.0000000
   3:    0.5000000    0.0000000    0.0000000
   4:    0.7500000    0.0000000    0.0000000
   5:    0.0000000    0.2500000    0.0000000
   6:    0.2500000    0.2500000    0.0000000
   7:    0.5000000    0.2500000    0.0000000
   8:    0.7500000    0.2500000    0.0000000
   9:    0.0000000    0.5000000    0.0000000
  10:    0.2500000    0.5000000    0.0000000
  11:    0.5000000    0.5000000    0.0000000
  12:    0.7500000    0.5000000    0.0000000
  13:    0.0000000    0.7500000    0.0000000
  14:    0.2500000    0.7500000    0.0000000
  15:    0.5000000    0.7500000    0.0000000
  16:    0.7500000    0.7500000    0.0000000
  17:    0.0000000    0.0000000    0.2500000
  18:    0.2500000    0.0000000    0.2500000
  19:    0.5000000    0.0000000    0.2500000
  20:    0.7500000    0.0000000    0.2500000
  21:    0.0000000    0.2500000    0.2500000
  22:    0.2500000    0.2500000    0.2500000
  23:    0.5000000    0.2500000    0.2500000
  24:    0.7500000    0.2500000    0.2500000
  25:    0.0000000    0.5000000    0.2500000
  26:    0.2500000    0.5000000    0.2500000
  27:    0.5000000    0.5000000    0.2500000
  28:    0.7500000    0.5000000    0.2500000
  29:    0.0000000    0.7500000    0.2500000
  30:    0.2500000    0.7500000    0.2500000
  31:    0.5000000    0.7500000    0.2500000
  32:    0.7500000    0.7500000    0.2500000
  33:    0.0000000    0.0000000    0.5000000
  34:    0.2500000    0.0000000    0.5000000
  35:    0.5000000    0.0000000    0.5000000
  36:    0.7500000    0.0000000    0.5000000
  37:    0.0000000    0.2500000    0.5000000
  38:    0.2500000    0.2500000    0.5000000
  39:    0.5000000    0.2500000    0.5000000
  40:    0.7500000    0.2500000    0.5000000
  41:    0.0000000    0.5000000    0.5000000
  42:    0.2500000    0.5000000    0.5000000
  43:    0.5000000    0.5000000    0.5000000
  44:    0.7500000    0.5000000    0.5000000
  45:    0.0000000    0.7500000    0.5000000
  46:    0.2500000    0.7500000    0.5000000
  47:    0.5000000    0.7500000    0.5000000
  48:    0.7500000    0.7500000    0.5000000
  49:    0.0000000    0.0000000    0.7500000
  50:    0.2500000    0.0000000    0.7500000
  51:    0.5000000    0.0000000    0.7500000
  52:    0.7500000    0.0000000    0.7500000
  53:    0.0000000    0.2500000    0.7500000
  54:    0.2500000    0.2500000    0.7500000
  55:    0.5000000    0.2500000    0.7500000
  56:    0.7500000    0.2500000    0.7500000
  57:    0.0000000    0.5000000    0.7500000
  58:    0.2500000    0.5000000    0.7500000
  59:    0.5000000    0.5000000    0.7500000
  60:    0.7500000    0.5000000    0.7500000
  61:    0.0000000    0.7500000    0.7500000
  62:    0.2500000    0.7500000    0.7500000
  63:    0.5000000    0.7500000    0.7500000
  64:    0.7500000    0.7500000    0.7500000

Reading wave-function basis information file: /data/home/df_iopcas_bhj/ai-runs/librpa-qsgw-rebase-gates-20260715T1910-7d69a18c/inputs/si-k444-headwing-scf-synced-v2-2345960/dataset/basis_wfc_out
Basis convention set:
| Bloch phase      : -1
| Bloch r_atom     : 0
| angular order    : 1
| RSH coeff m < 0  : 1
| RSH coeff m > 0  : 0
Wave-function basis functions set:
| total number of basis: 26
Reading auxiliary basis information file: /data/home/df_iopcas_bhj/ai-runs/librpa-qsgw-rebase-gates-20260715T1910-7d69a18c/inputs/si-k444-headwing-scf-synced-v2-2345960/dataset/basis_aux_out
Auxiliary basis functions set:
| total number of basis: 794

KS eigenvector reader: legacy text
Successfully read eigenvector files
Loading RI file from directory: /data/home/df_iopcas_bhj/ai-runs/librpa-qsgw-rebase-gates-20260715T1910-7d69a18c/inputs/si-k444-headwing-scf-synced-v2-2345960/dataset/
Evenly distributed Cs and V for LibRI
LRI coefficient reader (Cs_data): legacy
Finished Cs filtering
Finished Cs parsing
Coulomb reader (coulomb_mat): legacy
Begin READ_Vq_Row
Begin READ_Vq_Row
ASCII format V files detected
Begin READ_Vq_Row
Begin READ_Vq_Row
| Process     0: coulomb_mat read. Wall/CPU time [min]:       0.0117       0.0117
| Process     1: coulomb_mat read. Wall/CPU time [min]:       0.0056       0.0056
| Process     2: coulomb_mat read. Wall/CPU time [min]:       0.0113       0.0113
| Process     3: coulomb_mat read. Wall/CPU time [min]:       0.0113       0.0113
| Process     0: Cs with             53 non-zero keys from local atpair size       1. Data memory:      28.45 MB. Wall/CPU time [min]:       0.1357       0.1355
| Process     1: Cs with             53 non-zero keys from local atpair size       0. Data memory:      28.45 MB. Wall/CPU time [min]:       0.1451       0.1358
| Process     2: Cs with             52 non-zero keys from local atpair size       1. Data memory:      27.91 MB. Wall/CPU time [min]:       0.1383       0.1379
| Process     3: Cs with             52 non-zero keys from local atpair size       1. Data memory:      27.91 MB. Wall/CPU time [min]:       0.1383       0.1380
Actual parallel routing used: libri
Initialization finished, Wall/CPU time [min]:       0.0000       0.0000
Free memory on node     0 [GB]:  362.967
Common data parsed, task qsgw will begin
qsgw: QSGW
Coulomb reader (coulomb_cut): legacy
Begin READ_Vq_Row
Begin READ_Vq_Row
ASCII format V files detected
Begin READ_Vq_Row
Begin READ_Vq_Row
Reading head/wing input from /data/home/df_iopcas_bhj/ai-runs/librpa-qsgw-rebase-gates-20260715T1910-7d69a18c/inputs/si-k444-headwing-scf-synced-v2-2345960/dataset/pyatb_librpa_df/
KS eigenvector reader: legacy text
* Success: read velocity from pyatb_librpa_df(ABACUS).
Using PyATB head/wing input on the active LibRPA k-list with 64 k-points
Head k matrix (iomega=0): route=full_bz ik=0 k=( 0.000000000000, 0.000000000000, 0.000000000000)
( 1.87457989e+01, 0.00000000e+00) ( 1.07148030e-10, 0.00000000e+00) ( 1.07348086e-10, 0.00000000e+00)
( 1.07148030e-10, 0.00000000e+00) ( 1.87457989e+01, 0.00000000e+00) ( 1.07072347e-10, 0.00000000e+00)
( 1.07348086e-10, 0.00000000e+00) ( 1.07072347e-10, 0.00000000e+00) ( 1.87457989e+01, 0.00000000e+00)
Head k matrix (iomega=0): route=full_bz ik=1 k=( 0.250000000000, 0.000000000000, 0.000000000000)
( 0.00000000e+00, 0.00000000e+00) ( 0.00000000e+00, 0.00000000e+00) ( 0.00000000e+00, 0.00000000e+00)
( 0.00000000e+00, 0.00000000e+00) ( 0.00000000e+00, 0.00000000e+00) ( 0.00000000e+00, 0.00000000e+00)
( 0.00000000e+00, 0.00000000e+00) ( 0.00000000e+00, 0.00000000e+00) ( 0.00000000e+00, 0.00000000e+00)
Head k matrix (iomega=0): route=full_bz ik=2 k=( 0.500000000000, 0.000000000000, 0.000000000000)
( 0.00000000e+00, 0.00000000e+00) ( 0.00000000e+00, 0.00000000e+00) ( 0.00000000e+00, 0.00000000e+00)
( 0.00000000e+00, 0.00000000e+00) ( 0.00000000e+00, 0.00000000e+00) ( 0.00000000e+00, 0.00000000e+00)
( 0.00000000e+00, 0.00000000e+00) ( 0.00000000e+00, 0.00000000e+00) ( 0.00000000e+00, 0.00000000e+00)
Head k matrix (iomega=0): route=full_bz ik=3 k=( 0.750000000000, 0.000000000000, 0.000000000000)
( 0.00000000e+00, 0.00000000e+00) ( 0.00000000e+00, 0.00000000e+00) ( 0.00000000e+00, 0.00000000e+00)
( 0.00000000e+00, 0.00000000e+00) ( 0.00000000e+00, 0.00000000e+00) ( 0.00000000e+00, 0.00000000e+00)
( 0.00000000e+00, 0.00000000e+00) ( 0.00000000e+00, 0.00000000e+00) ( 0.00000000e+00, 0.00000000e+00)
Head k matrix (iomega=0): route=full_bz ik=4 k=( 0.000000000000, 0.250000000000, 0.000000000000)
( 7.25543520e+00, 0.00000000e+00) ( 3.52510148e+00,-5.18893172e-09) (-3.52510116e+00, 9.11504699e-12)
( 3.52510148e+00, 5.18893172e-09) ( 7.25543729e+00, 0.00000000e+00) ( 3.52510136e+00, 5.18940116e-09)
(-3.52510116e+00,-9.11504699e-12) ( 3.52510136e+00,-5.18940116e-09) ( 7.25543291e+00, 0.00000000e+00)
Head k matrix (iomega=0): route=full_bz ik=5 k=( 0.250000000000, 0.250000000000, 0.000000000000)
( 0.00000000e+00, 0.00000000e+00) ( 0.00000000e+00, 0.00000000e+00) ( 0.00000000e+00, 0.00000000e+00)
( 0.00000000e+00, 0.00000000e+00) ( 0.00000000e+00, 0.00000000e+00) ( 0.00000000e+00, 0.00000000e+00)
( 0.00000000e+00, 0.00000000e+00) ( 0.00000000e+00, 0.00000000e+00) ( 0.00000000e+00, 0.00000000e+00)
Head k matrix (iomega=0): route=full_bz ik=6 k=( 0.500000000000, 0.250000000000, 0.000000000000)
( 0.00000000e+00, 0.00000000e+00) ( 0.00000000e+00, 0.00000000e+00) ( 0.00000000e+00, 0.00000000e+00)
( 0.00000000e+00, 0.00000000e+00) ( 0.00000000e+00, 0.00000000e+00) ( 0.00000000e+00, 0.00000000e+00)
( 0.00000000e+00, 0.00000000e+00) ( 0.00000000e+00, 0.00000000e+00) ( 0.00000000e+00, 0.00000000e+00)
Head k matrix (iomega=0): route=full_bz ik=7 k=( 0.750000000000, 0.250000000000, 0.000000000000)
( 0.00000000e+00, 0.00000000e+00) ( 0.00000000e+00, 0.00000000e+00) ( 0.00000000e+00, 0.00000000e+00)
( 0.00000000e+00, 0.00000000e+00) ( 0.00000000e+00, 0.00000000e+00) ( 0.00000000e+00, 0.00000000e+00)
( 0.00000000e+00, 0.00000000e+00) ( 0.00000000e+00, 0.00000000e+00) ( 0.00000000e+00, 0.00000000e+00)
Head k matrix (iomega=0): route=full_bz ik=8 k=( 0.000000000000, 0.500000000000, 0.000000000000)
( 8.20546815e+00, 0.00000000e+00) ( 4.02221217e+00, 8.47537791e-25) (-4.02221128e+00, 4.82959819e-28)
( 4.02221217e+00,-8.47537791e-25) ( 8.20546635e+00, 0.00000000e+00) ( 4.02221218e+00,-8.47399069e-25)
(-4.02221128e+00,-4.82959819e-28) ( 4.02221218e+00, 8.47399069e-25) ( 8.20546815e+00, 0.00000000e+00)
Head k matrix (iomega=0): route=full_bz ik=9 k=( 0.250000000000, 0.500000000000, 0.000000000000)
( 0.00000000e+00, 0.00000000e+00) ( 0.00000000e+00, 0.00000000e+00) ( 0.00000000e+00, 0.00000000e+00)
( 0.00000000e+00, 0.00000000e+00) ( 0.00000000e+00, 0.00000000e+00) ( 0.00000000e+00, 0.00000000e+00)
( 0.00000000e+00, 0.00000000e+00) ( 0.00000000e+00, 0.00000000e+00) ( 0.00000000e+00, 0.00000000e+00)
Head k matrix (iomega=0): route=full_bz ik=10 k=( 0.500000000000, 0.500000000000, 0.000000000000)
( 0.00000000e+00, 0.00000000e+00) ( 0.00000000e+00, 0.00000000e+00) ( 0.00000000e+00, 0.00000000e+00)
( 0.00000000e+00, 0.00000000e+00) ( 0.00000000e+00, 0.00000000e+00) ( 0.00000000e+00, 0.00000000e+00)
( 0.00000000e+00, 0.00000000e+00) ( 0.00000000e+00, 0.00000000e+00) ( 0.00000000e+00, 0.00000000e+00)
Head k matrix (iomega=0): route=full_bz ik=11 k=( 0.750000000000, 0.500000000000, 0.000000000000)
( 0.00000000e+00, 0.00000000e+00) ( 0.00000000e+00, 0.00000000e+00) ( 0.00000000e+00, 0.00000000e+00)
( 0.00000000e+00, 0.00000000e+00) ( 0.00000000e+00, 0.00000000e+00) ( 0.00000000e+00, 0.00000000e+00)
( 0.00000000e+00, 0.00000000e+00) ( 0.00000000e+00, 0.00000000e+00) ( 0.00000000e+00, 0.00000000e+00)
Head k matrix (iomega=0): route=full_bz ik=12 k=( 0.000000000000, 0.750000000000, 0.000000000000)
( 7.25543520e+00, 0.00000000e+00) ( 3.52510148e+00, 5.18893130e-09) (-3.52510116e+00,-9.11844072e-12)
( 3.52510148e+00,-5.18893130e-09) ( 7.25543729e+00, 0.00000000e+00) ( 3.52510136e+00,-5.18939197e-09)
(-3.52510116e+00, 9.11844072e-12) ( 3.52510136e+00, 5.18939197e-09) ( 7.25543291e+00, 0.00000000e+00)
Head k matrix (iomega=0): route=full_bz ik=13 k=( 0.250000000000, 0.750000000000, 0.000000000000)
( 0.00000000e+00, 0.00000000e+00) ( 0.00000000e+00, 0.00000000e+00) ( 0.00000000e+00, 0.00000000e+00)
( 0.00000000e+00, 0.00000000e+00) ( 0.00000000e+00, 0.00000000e+00) ( 0.00000000e+00, 0.00000000e+00)
( 0.00000000e+00, 0.00000000e+00) ( 0.00000000e+00, 0.00000000e+00) ( 0.00000000e+00, 0.00000000e+00)
Head k matrix (iomega=0): route=full_bz ik=14 k=( 0.500000000000, 0.750000000000, 0.000000000000)
( 0.00000000e+00, 0.00000000e+00) ( 0.00000000e+00, 0.00000000e+00) ( 0.00000000e+00, 0.00000000e+00)
( 0.00000000e+00, 0.00000000e+00) ( 0.00000000e+00, 0.00000000e+00) ( 0.00000000e+00, 0.00000000e+00)
( 0.00000000e+00, 0.00000000e+00) ( 0.00000000e+00, 0.00000000e+00) ( 0.00000000e+00, 0.00000000e+00)
Head k matrix (iomega=0): route=full_bz ik=15 k=( 0.750000000000, 0.750000000000, 0.000000000000)
( 0.00000000e+00, 0.00000000e+00) ( 0.00000000e+00, 0.00000000e+00) ( 0.00000000e+00, 0.00000000e+00)
( 0.00000000e+00, 0.00000000e+00) ( 0.00000000e+00, 0.00000000e+00) ( 0.00000000e+00, 0.00000000e+00)
( 0.00000000e+00, 0.00000000e+00) ( 0.00000000e+00, 0.00000000e+00) ( 0.00000000e+00, 0.00000000e+00)
Head k matrix (iomega=0): route=full_bz ik=16 k=( 0.000000000000, 0.000000000000, 0.250000000000)
( 7.25543520e+00, 0.00000000e+00) (-3.52510140e+00,-9.01984968e-12) ( 3.52510123e+00,-5.20709762e-09)
(-3.52510140e+00, 9.01984968e-12) ( 7.25543743e+00, 0.00000000e+00) ( 3.52510136e+00,-5.20664308e-09)
( 3.52510123e+00, 5.20709762e-09) ( 3.52510136e+00, 5.20664308e-09) ( 7.25543276e+00, 0.00000000e+00)
Head k matrix (iomega=0): route=full_bz ik=17 k=( 0.250000000000, 0.000000000000, 0.250000000000)
( 0.00000000e+00, 0.00000000e+00) ( 0.00000000e+00, 0.00000000e+00) ( 0.00000000e+00, 0.00000000e+00)
( 0.00000000e+00, 0.00000000e+00) ( 0.00000000e+00, 0.00000000e+00) ( 0.00000000e+00, 0.00000000e+00)
( 0.00000000e+00, 0.00000000e+00) ( 0.00000000e+00, 0.00000000e+00) ( 0.00000000e+00, 0.00000000e+00)
Head k matrix (iomega=0): route=full_bz ik=18 k=( 0.500000000000, 0.000000000000, 0.250000000000)
( 0.00000000e+00, 0.00000000e+00) ( 0.00000000e+00, 0.00000000e+00) ( 0.00000000e+00, 0.00000000e+00)
( 0.00000000e+00, 0.00000000e+00) ( 0.00000000e+00, 0.00000000e+00) ( 0.00000000e+00, 0.00000000e+00)
( 0.00000000e+00, 0.00000000e+00) ( 0.00000000e+00, 0.00000000e+00) ( 0.00000000e+00, 0.00000000e+00)
Head k matrix (iomega=0): route=full_bz ik=19 k=( 0.750000000000, 0.000000000000, 0.250000000000)
( 0.00000000e+00, 0.00000000e+00) ( 0.00000000e+00, 0.00000000e+00) ( 0.00000000e+00, 0.00000000e+00)
( 0.00000000e+00, 0.00000000e+00) ( 0.00000000e+00, 0.00000000e+00) ( 0.00000000e+00, 0.00000000e+00)
( 0.00000000e+00, 0.00000000e+00) ( 0.00000000e+00, 0.00000000e+00) ( 0.00000000e+00, 0.00000000e+00)
Head k matrix (iomega=0): route=full_bz ik=20 k=( 0.000000000000, 0.250000000000, 0.250000000000)
( 2.22368160e-01, 0.00000000e+00) ( 1.68598627e-10, 2.58231971e-07) ( 1.68602863e-10, 2.58231964e-07)
( 1.68598627e-10,-2.58231971e-07) ( 6.08243981e+00, 0.00000000e+00) ( 1.68584712e-10,-1.99100558e-11)
( 1.68602863e-10,-2.58231964e-07) ( 1.68584712e-10, 1.99100558e-11) ( 6.08242966e+00, 0.00000000e+00)
Head k matrix (iomega=0): route=full_bz ik=21 k=( 0.250000000000, 0.250000000000, 0.250000000000)
( 0.00000000e+00, 0.00000000e+00) ( 0.00000000e+00, 0.00000000e+00) ( 0.00000000e+00, 0.00000000e+00)
( 0.00000000e+00, 0.00000000e+00) ( 0.00000000e+00, 0.00000000e+00) ( 0.00000000e+00, 0.00000000e+00)
( 0.00000000e+00, 0.00000000e+00) ( 0.00000000e+00, 0.00000000e+00) ( 0.00000000e+00, 0.00000000e+00)
Head k matrix (iomega=0): route=full_bz ik=22 k=( 0.500000000000, 0.250000000000, 0.250000000000)
( 0.00000000e+00, 0.00000000e+00) ( 0.00000000e+00, 0.00000000e+00) ( 0.00000000e+00, 0.00000000e+00)
( 0.00000000e+00, 0.00000000e+00) ( 0.00000000e+00, 0.00000000e+00) ( 0.00000000e+00, 0.00000000e+00)
( 0.00000000e+00, 0.00000000e+00) ( 0.00000000e+00, 0.00000000e+00) ( 0.00000000e+00, 0.00000000e+00)
Head k matrix (iomega=0): route=full_bz ik=23 k=( 0.750000000000, 0.250000000000, 0.250000000000)
( 0.00000000e+00, 0.00000000e+00) ( 0.00000000e+00, 0.00000000e+00) ( 0.00000000e+00, 0.00000000e+00)
( 0.00000000e+00, 0.00000000e+00) ( 0.00000000e+00, 0.00000000e+00) ( 0.00000000e+00, 0.00000000e+00)
( 0.00000000e+00, 0.00000000e+00) ( 0.00000000e+00, 0.00000000e+00) ( 0.00000000e+00, 0.00000000e+00)
Head k matrix (iomega=0): route=full_bz ik=24 k=( 0.000000000000, 0.500000000000, 0.250000000000)
( 2.15979167e-01, 0.00000000e+00) ( 2.58753546e-02, 4.32654211e-07) (-2.58740568e-02,-1.92940801e-07)
( 2.58753546e-02,-4.32654211e-07) ( 2.58236655e+00, 0.00000000e+00) ( 2.44162295e+00,-2.05320712e-08)
(-2.58740568e-02, 1.92940801e-07) ( 2.44162295e+00, 2.05320712e-08) ( 2.58236813e+00, 0.00000000e+00)
Head k matrix (iomega=0): route=full_bz ik=25 k=( 0.250000000000, 0.500000000000, 0.250000000000)
( 0.00000000e+00, 0.00000000e+00) ( 0.00000000e+00, 0.00000000e+00) ( 0.00000000e+00, 0.00000000e+00)
( 0.00000000e+00, 0.00000000e+00) ( 0.00000000e+00, 0.00000000e+00) ( 0.00000000e+00, 0.00000000e+00)
( 0.00000000e+00, 0.00000000e+00) ( 0.00000000e+00, 0.00000000e+00) ( 0.00000000e+00, 0.00000000e+00)
Head k matrix (iomega=0): route=full_bz ik=26 k=( 0.500000000000, 0.500000000000, 0.250000000000)
( 0.00000000e+00, 0.00000000e+00) ( 0.00000000e+00, 0.00000000e+00) ( 0.00000000e+00, 0.00000000e+00)
( 0.00000000e+00, 0.00000000e+00) ( 0.00000000e+00, 0.00000000e+00) ( 0.00000000e+00, 0.00000000e+00)
( 0.00000000e+00, 0.00000000e+00) ( 0.00000000e+00, 0.00000000e+00) ( 0.00000000e+00, 0.00000000e+00)
Head k matrix (iomega=0): route=full_bz ik=27 k=( 0.750000000000, 0.500000000000, 0.250000000000)
( 0.00000000e+00, 0.00000000e+00) ( 0.00000000e+00, 0.00000000e+00) ( 0.00000000e+00, 0.00000000e+00)
( 0.00000000e+00, 0.00000000e+00) ( 0.00000000e+00, 0.00000000e+00) ( 0.00000000e+00, 0.00000000e+00)
( 0.00000000e+00, 0.00000000e+00) ( 0.00000000e+00, 0.00000000e+00) ( 0.00000000e+00, 0.00000000e+00)
Head k matrix (iomega=0): route=full_bz ik=28 k=( 0.000000000000, 0.750000000000, 0.250000000000)
( 2.99067602e-01, 0.00000000e+00) (-5.32041483e-08, 1.79278042e-07) (-5.32041479e-08,-1.79273171e-07)
(-5.32041483e-08,-1.79278042e-07) ( 2.48706162e+00, 0.00000000e+00) ( 2.32324070e+00,-3.64661358e-08)
(-5.32041479e-08, 1.79273171e-07) ( 2.32324070e+00, 3.64661358e-08) ( 2.48706174e+00, 0.00000000e+00)
Head k matrix (iomega=0): route=full_bz ik=29 k=( 0.250000000000, 0.750000000000, 0.250000000000)
( 0.00000000e+00, 0.00000000e+00) ( 0.00000000e+00, 0.00000000e+00) ( 0.00000000e+00, 0.00000000e+00)
( 0.00000000e+00, 0.00000000e+00) ( 0.00000000e+00, 0.00000000e+00) ( 0.00000000e+00, 0.00000000e+00)
( 0.00000000e+00, 0.00000000e+00) ( 0.00000000e+00, 0.00000000e+00) ( 0.00000000e+00, 0.00000000e+00)
Head k matrix (iomega=0): route=full_bz ik=30 k=( 0.500000000000, 0.750000000000, 0.250000000000)
( 0.00000000e+00, 0.00000000e+00) ( 0.00000000e+00, 0.00000000e+00) ( 0.00000000e+00, 0.00000000e+00)
( 0.00000000e+00, 0.00000000e+00) ( 0.00000000e+00, 0.00000000e+00) ( 0.00000000e+00, 0.00000000e+00)
( 0.00000000e+00, 0.00000000e+00) ( 0.00000000e+00, 0.00000000e+00) ( 0.00000000e+00, 0.00000000e+00)
Head k matrix (iomega=0): route=full_bz ik=31 k=( 0.750000000000, 0.750000000000, 0.250000000000)
( 0.00000000e+00, 0.00000000e+00) ( 0.00000000e+00, 0.00000000e+00) ( 0.00000000e+00, 0.00000000e+00)
( 0.00000000e+00, 0.00000000e+00) ( 0.00000000e+00, 0.00000000e+00) ( 0.00000000e+00, 0.00000000e+00)
( 0.00000000e+00, 0.00000000e+00) ( 0.00000000e+00, 0.00000000e+00) ( 0.00000000e+00, 0.00000000e+00)
Head k matrix (iomega=0): route=full_bz ik=32 k=( 0.000000000000, 0.000000000000, 0.500000000000)
( 8.20546815e+00, 0.00000000e+00) (-4.02221128e+00,-4.66459774e-28) ( 4.02221218e+00, 8.46571731e-25)
(-4.02221128e+00, 4.66459774e-28) ( 8.20546815e+00, 0.00000000e+00) ( 4.02221218e+00, 8.46731465e-25)
( 4.02221218e+00,-8.46571731e-25) ( 4.02221218e+00,-8.46731465e-25) ( 8.20546635e+00, 0.00000000e+00)
Head k matrix (iomega=0): route=full_bz ik=33 k=( 0.250000000000, 0.000000000000, 0.500000000000)
( 0.00000000e+00, 0.00000000e+00) ( 0.00000000e+00, 0.00000000e+00) ( 0.00000000e+00, 0.00000000e+00)
( 0.00000000e+00, 0.00000000e+00) ( 0.00000000e+00, 0.00000000e+00) ( 0.00000000e+00, 0.00000000e+00)
( 0.00000000e+00, 0.00000000e+00) ( 0.00000000e+00, 0.00000000e+00) ( 0.00000000e+00, 0.00000000e+00)
Head k matrix (iomega=0): route=full_bz ik=34 k=( 0.500000000000, 0.000000000000, 0.500000000000)
( 0.00000000e+00, 0.00000000e+00) ( 0.00000000e+00, 0.00000000e+00) ( 0.00000000e+00, 0.00000000e+00)
( 0.00000000e+00, 0.00000000e+00) ( 0.00000000e+00, 0.00000000e+00) ( 0.00000000e+00, 0.00000000e+00)
( 0.00000000e+00, 0.00000000e+00) ( 0.00000000e+00, 0.00000000e+00) ( 0.00000000e+00, 0.00000000e+00)
Head k matrix (iomega=0): route=full_bz ik=35 k=( 0.750000000000, 0.000000000000, 0.500000000000)
( 0.00000000e+00, 0.00000000e+00) ( 0.00000000e+00, 0.00000000e+00) ( 0.00000000e+00, 0.00000000e+00)
( 0.00000000e+00, 0.00000000e+00) ( 0.00000000e+00, 0.00000000e+00) ( 0.00000000e+00, 0.00000000e+00)
( 0.00000000e+00, 0.00000000e+00) ( 0.00000000e+00, 0.00000000e+00) ( 0.00000000e+00, 0.00000000e+00)
Head k matrix (iomega=0): route=full_bz ik=36 k=( 0.000000000000, 0.250000000000, 0.500000000000)
( 2.15979167e-01, 0.00000000e+00) (-2.58744612e-02,-1.92937953e-07) ( 2.58749502e-02, 4.32657053e-07)
(-2.58744612e-02, 1.92937953e-07) ( 2.58236678e+00, 0.00000000e+00) ( 2.44162295e+00, 2.05178901e-08)
( 2.58749502e-02,-4.32657053e-07) ( 2.44162295e+00,-2.05178901e-08) ( 2.58236791e+00, 0.00000000e+00)
Head k matrix (iomega=0): route=full_bz ik=37 k=( 0.250000000000, 0.250000000000, 0.500000000000)
( 0.00000000e+00, 0.00000000e+00) ( 0.00000000e+00, 0.00000000e+00) ( 0.00000000e+00, 0.00000000e+00)
( 0.00000000e+00, 0.00000000e+00) ( 0.00000000e+00, 0.00000000e+00) ( 0.00000000e+00, 0.00000000e+00)
( 0.00000000e+00, 0.00000000e+00) ( 0.00000000e+00, 0.00000000e+00) ( 0.00000000e+00, 0.00000000e+00)
Head k matrix (iomega=0): route=full_bz ik=38 k=( 0.500000000000, 0.250000000000, 0.500000000000)
( 0.00000000e+00, 0.00000000e+00) ( 0.00000000e+00, 0.00000000e+00) ( 0.00000000e+00, 0.00000000e+00)
( 0.00000000e+00, 0.00000000e+00) ( 0.00000000e+00, 0.00000000e+00) ( 0.00000000e+00, 0.00000000e+00)
( 0.00000000e+00, 0.00000000e+00) ( 0.00000000e+00, 0.00000000e+00) ( 0.00000000e+00, 0.00000000e+00)
Head k matrix (iomega=0): route=full_bz ik=39 k=( 0.750000000000, 0.250000000000, 0.500000000000)
( 0.00000000e+00, 0.00000000e+00) ( 0.00000000e+00, 0.00000000e+00) ( 0.00000000e+00, 0.00000000e+00)
( 0.00000000e+00, 0.00000000e+00) ( 0.00000000e+00, 0.00000000e+00) ( 0.00000000e+00, 0.00000000e+00)
( 0.00000000e+00, 0.00000000e+00) ( 0.00000000e+00, 0.00000000e+00) ( 0.00000000e+00, 0.00000000e+00)
Head k matrix (iomega=0): route=full_bz ik=40 k=( 0.000000000000, 0.500000000000, 0.500000000000)
( 1.21151467e-01, 0.00000000e+00) ( 7.30872097e-11,-1.14280700e-17) ( 7.30987593e-11, 3.46519866e-17)
( 7.30872097e-11, 1.14280700e-17) ( 6.24029346e+00, 0.00000000e+00) ( 7.30220794e-11, 6.37532715e-17)
( 7.30987593e-11,-3.46519866e-17) ( 7.30220794e-11,-6.37532715e-17) ( 6.24029346e+00, 0.00000000e+00)
Head k matrix (iomega=0): route=full_bz ik=41 k=( 0.250000000000, 0.500000000000, 0.500000000000)
( 0.00000000e+00, 0.00000000e+00) ( 0.00000000e+00, 0.00000000e+00) ( 0.00000000e+00, 0.00000000e+00)
( 0.00000000e+00, 0.00000000e+00) ( 0.00000000e+00, 0.00000000e+00) ( 0.00000000e+00, 0.00000000e+00)
( 0.00000000e+00, 0.00000000e+00) ( 0.00000000e+00, 0.00000000e+00) ( 0.00000000e+00, 0.00000000e+00)
Head k matrix (iomega=0): route=full_bz ik=42 k=( 0.500000000000, 0.500000000000, 0.500000000000)
( 0.00000000e+00, 0.00000000e+00) ( 0.00000000e+00, 0.00000000e+00) ( 0.00000000e+00, 0.00000000e+00)
( 0.00000000e+00, 0.00000000e+00) ( 0.00000000e+00, 0.00000000e+00) ( 0.00000000e+00, 0.00000000e+00)
( 0.00000000e+00, 0.00000000e+00) ( 0.00000000e+00, 0.00000000e+00) ( 0.00000000e+00, 0.00000000e+00)
Head k matrix (iomega=0): route=full_bz ik=43 k=( 0.750000000000, 0.500000000000, 0.500000000000)
( 0.00000000e+00, 0.00000000e+00) ( 0.00000000e+00, 0.00000000e+00) ( 0.00000000e+00, 0.00000000e+00)
( 0.00000000e+00, 0.00000000e+00) ( 0.00000000e+00, 0.00000000e+00) ( 0.00000000e+00, 0.00000000e+00)
( 0.00000000e+00, 0.00000000e+00) ( 0.00000000e+00, 0.00000000e+00) ( 0.00000000e+00, 0.00000000e+00)
Head k matrix (iomega=0): route=full_bz ik=44 k=( 0.000000000000, 0.750000000000, 0.500000000000)
( 2.15979167e-01, 0.00000000e+00) (-2.58744612e-02, 1.92937951e-07) ( 2.58749502e-02,-4.32657055e-07)
(-2.58744612e-02,-1.92937951e-07) ( 2.58236678e+00, 0.00000000e+00) ( 2.44162295e+00,-2.05178891e-08)
( 2.58749502e-02, 4.32657055e-07) ( 2.44162295e+00, 2.05178891e-08) ( 2.58236791e+00, 0.00000000e+00)
Head k matrix (iomega=0): route=full_bz ik=45 k=( 0.250000000000, 0.750000000000, 0.500000000000)
( 0.00000000e+00, 0.00000000e+00) ( 0.00000000e+00, 0.00000000e+00) ( 0.00000000e+00, 0.00000000e+00)
( 0.00000000e+00, 0.00000000e+00) ( 0.00000000e+00, 0.00000000e+00) ( 0.00000000e+00, 0.00000000e+00)
( 0.00000000e+00, 0.00000000e+00) ( 0.00000000e+00, 0.00000000e+00) ( 0.00000000e+00, 0.00000000e+00)
Head k matrix (iomega=0): route=full_bz ik=46 k=( 0.500000000000, 0.750000000000, 0.500000000000)
( 0.00000000e+00, 0.00000000e+00) ( 0.00000000e+00, 0.00000000e+00) ( 0.00000000e+00, 0.00000000e+00)
( 0.00000000e+00, 0.00000000e+00) ( 0.00000000e+00, 0.00000000e+00) ( 0.00000000e+00, 0.00000000e+00)
( 0.00000000e+00, 0.00000000e+00) ( 0.00000000e+00, 0.00000000e+00) ( 0.00000000e+00, 0.00000000e+00)
Head k matrix (iomega=0): route=full_bz ik=47 k=( 0.750000000000, 0.750000000000, 0.500000000000)
( 0.00000000e+00, 0.00000000e+00) ( 0.00000000e+00, 0.00000000e+00) ( 0.00000000e+00, 0.00000000e+00)
( 0.00000000e+00, 0.00000000e+00) ( 0.00000000e+00, 0.00000000e+00) ( 0.00000000e+00, 0.00000000e+00)
( 0.00000000e+00, 0.00000000e+00) ( 0.00000000e+00, 0.00000000e+00) ( 0.00000000e+00, 0.00000000e+00)
Head k matrix (iomega=0): route=full_bz ik=48 k=( 0.000000000000, 0.000000000000, 0.750000000000)
( 7.25543520e+00, 0.00000000e+00) (-3.52510140e+00, 9.03378483e-12) ( 3.52510123e+00, 5.20710636e-09)
(-3.52510140e+00,-9.03378483e-12) ( 7.25543743e+00, 0.00000000e+00) ( 3.52510136e+00, 5.20663737e-09)
( 3.52510123e+00,-5.20710636e-09) ( 3.52510136e+00,-5.20663737e-09) ( 7.25543276e+00, 0.00000000e+00)
Head k matrix (iomega=0): route=full_bz ik=49 k=( 0.250000000000, 0.000000000000, 0.750000000000)
( 0.00000000e+00, 0.00000000e+00) ( 0.00000000e+00, 0.00000000e+00) ( 0.00000000e+00, 0.00000000e+00)
( 0.00000000e+00, 0.00000000e+00) ( 0.00000000e+00, 0.00000000e+00) ( 0.00000000e+00, 0.00000000e+00)
( 0.00000000e+00, 0.00000000e+00) ( 0.00000000e+00, 0.00000000e+00) ( 0.00000000e+00, 0.00000000e+00)
Head k matrix (iomega=0): route=full_bz ik=50 k=( 0.500000000000, 0.000000000000, 0.750000000000)
( 0.00000000e+00, 0.00000000e+00) ( 0.00000000e+00, 0.00000000e+00) ( 0.00000000e+00, 0.00000000e+00)
( 0.00000000e+00, 0.00000000e+00) ( 0.00000000e+00, 0.00000000e+00) ( 0.00000000e+00, 0.00000000e+00)
( 0.00000000e+00, 0.00000000e+00) ( 0.00000000e+00, 0.00000000e+00) ( 0.00000000e+00, 0.00000000e+00)
Head k matrix (iomega=0): route=full_bz ik=51 k=( 0.750000000000, 0.000000000000, 0.750000000000)
( 0.00000000e+00, 0.00000000e+00) ( 0.00000000e+00, 0.00000000e+00) ( 0.00000000e+00, 0.00000000e+00)
( 0.00000000e+00, 0.00000000e+00) ( 0.00000000e+00, 0.00000000e+00) ( 0.00000000e+00, 0.00000000e+00)
( 0.00000000e+00, 0.00000000e+00) ( 0.00000000e+00, 0.00000000e+00) ( 0.00000000e+00, 0.00000000e+00)
Head k matrix (iomega=0): route=full_bz ik=52 k=( 0.000000000000, 0.250000000000, 0.750000000000)
( 2.99067602e-01, 0.00000000e+00) (-5.32041431e-08,-1.79278043e-07) (-5.32041434e-08, 1.79273171e-07)
(-5.32041431e-08, 1.79278043e-07) ( 2.48706162e+00, 0.00000000e+00) ( 2.32324070e+00, 3.64661352e-08)
(-5.32041434e-08,-1.79273171e-07) ( 2.32324070e+00,-3.64661352e-08) ( 2.48706174e+00, 0.00000000e+00)
Head k matrix (iomega=0): route=full_bz ik=53 k=( 0.250000000000, 0.250000000000, 0.750000000000)
( 0.00000000e+00, 0.00000000e+00) ( 0.00000000e+00, 0.00000000e+00) ( 0.00000000e+00, 0.00000000e+00)
( 0.00000000e+00, 0.00000000e+00) ( 0.00000000e+00, 0.00000000e+00) ( 0.00000000e+00, 0.00000000e+00)
( 0.00000000e+00, 0.00000000e+00) ( 0.00000000e+00, 0.00000000e+00) ( 0.00000000e+00, 0.00000000e+00)
Head k matrix (iomega=0): route=full_bz ik=54 k=( 0.500000000000, 0.250000000000, 0.750000000000)
( 0.00000000e+00, 0.00000000e+00) ( 0.00000000e+00, 0.00000000e+00) ( 0.00000000e+00, 0.00000000e+00)
( 0.00000000e+00, 0.00000000e+00) ( 0.00000000e+00, 0.00000000e+00) ( 0.00000000e+00, 0.00000000e+00)
( 0.00000000e+00, 0.00000000e+00) ( 0.00000000e+00, 0.00000000e+00) ( 0.00000000e+00, 0.00000000e+00)
Head k matrix (iomega=0): route=full_bz ik=55 k=( 0.750000000000, 0.250000000000, 0.750000000000)
( 0.00000000e+00, 0.00000000e+00) ( 0.00000000e+00, 0.00000000e+00) ( 0.00000000e+00, 0.00000000e+00)
( 0.00000000e+00, 0.00000000e+00) ( 0.00000000e+00, 0.00000000e+00) ( 0.00000000e+00, 0.00000000e+00)
( 0.00000000e+00, 0.00000000e+00) ( 0.00000000e+00, 0.00000000e+00) ( 0.00000000e+00, 0.00000000e+00)
Head k matrix (iomega=0): route=full_bz ik=56 k=( 0.000000000000, 0.500000000000, 0.750000000000)
( 2.15979167e-01, 0.00000000e+00) ( 2.58753546e-02,-4.32654210e-07) (-2.58740568e-02, 1.92940801e-07)
( 2.58753546e-02, 4.32654210e-07) ( 2.58236655e+00, 0.00000000e+00) ( 2.44162295e+00, 2.05320718e-08)
(-2.58740568e-02,-1.92940801e-07) ( 2.44162295e+00,-2.05320718e-08) ( 2.58236813e+00, 0.00000000e+00)
Head k matrix (iomega=0): route=full_bz ik=57 k=( 0.250000000000, 0.500000000000, 0.750000000000)
( 0.00000000e+00, 0.00000000e+00) ( 0.00000000e+00, 0.00000000e+00) ( 0.00000000e+00, 0.00000000e+00)
( 0.00000000e+00, 0.00000000e+00) ( 0.00000000e+00, 0.00000000e+00) ( 0.00000000e+00, 0.00000000e+00)
( 0.00000000e+00, 0.00000000e+00) ( 0.00000000e+00, 0.00000000e+00) ( 0.00000000e+00, 0.00000000e+00)
Head k matrix (iomega=0): route=full_bz ik=58 k=( 0.500000000000, 0.500000000000, 0.750000000000)
( 0.00000000e+00, 0.00000000e+00) ( 0.00000000e+00, 0.00000000e+00) ( 0.00000000e+00, 0.00000000e+00)
( 0.00000000e+00, 0.00000000e+00) ( 0.00000000e+00, 0.00000000e+00) ( 0.00000000e+00, 0.00000000e+00)
( 0.00000000e+00, 0.00000000e+00) ( 0.00000000e+00, 0.00000000e+00) ( 0.00000000e+00, 0.00000000e+00)
Head k matrix (iomega=0): route=full_bz ik=59 k=( 0.750000000000, 0.500000000000, 0.750000000000)
( 0.00000000e+00, 0.00000000e+00) ( 0.00000000e+00, 0.00000000e+00) ( 0.00000000e+00, 0.00000000e+00)
( 0.00000000e+00, 0.00000000e+00) ( 0.00000000e+00, 0.00000000e+00) ( 0.00000000e+00, 0.00000000e+00)
( 0.00000000e+00, 0.00000000e+00) ( 0.00000000e+00, 0.00000000e+00) ( 0.00000000e+00, 0.00000000e+00)
Head k matrix (iomega=0): route=full_bz ik=60 k=( 0.000000000000, 0.750000000000, 0.750000000000)
( 2.22368160e-01, 0.00000000e+00) ( 1.68598702e-10,-2.58231969e-07) ( 1.68603071e-10,-2.58231967e-07)
( 1.68598702e-10, 2.58231969e-07) ( 6.08243981e+00, 0.00000000e+00) ( 1.68698953e-10, 1.98587356e-11)
( 1.68603071e-10, 2.58231967e-07) ( 1.68698953e-10,-1.98587356e-11) ( 6.08242966e+00, 0.00000000e+00)
Head k matrix (iomega=0): route=full_bz ik=61 k=( 0.250000000000, 0.750000000000, 0.750000000000)
( 0.00000000e+00, 0.00000000e+00) ( 0.00000000e+00, 0.00000000e+00) ( 0.00000000e+00, 0.00000000e+00)
( 0.00000000e+00, 0.00000000e+00) ( 0.00000000e+00, 0.00000000e+00) ( 0.00000000e+00, 0.00000000e+00)
( 0.00000000e+00, 0.00000000e+00) ( 0.00000000e+00, 0.00000000e+00) ( 0.00000000e+00, 0.00000000e+00)
Head k matrix (iomega=0): route=full_bz ik=62 k=( 0.500000000000, 0.750000000000, 0.750000000000)
( 0.00000000e+00, 0.00000000e+00) ( 0.00000000e+00, 0.00000000e+00) ( 0.00000000e+00, 0.00000000e+00)
( 0.00000000e+00, 0.00000000e+00) ( 0.00000000e+00, 0.00000000e+00) ( 0.00000000e+00, 0.00000000e+00)
( 0.00000000e+00, 0.00000000e+00) ( 0.00000000e+00, 0.00000000e+00) ( 0.00000000e+00, 0.00000000e+00)
Head k matrix (iomega=0): route=full_bz ik=63 k=( 0.750000000000, 0.750000000000, 0.750000000000)
( 0.00000000e+00, 0.00000000e+00) ( 0.00000000e+00, 0.00000000e+00) ( 0.00000000e+00, 0.00000000e+00)
( 0.00000000e+00, 0.00000000e+00) ( 0.00000000e+00, 0.00000000e+00) ( 0.00000000e+00, 0.00000000e+00)
( 0.00000000e+00, 0.00000000e+00) ( 0.00000000e+00, 0.00000000e+00) ( 0.00000000e+00, 0.00000000e+00)
Freqency node & Head of dielectric function(Re, Im): 
 0      0.01540211     20.70964086      0.00000000
 1      0.05765831     17.63752874      0.00000000
 2      0.14830911      9.94562326      0.00000000
 3      0.38957992      3.32706977      0.00000000
 4      1.13961938      1.33078770      0.00000000
 5      4.09984963      1.02738637      0.00000000
The first freqency head tensor: 
( 20.7096,   0.0000)  (  0.0000,  -0.0000)  (  0.0000,  -0.0000)
(  0.0000,   0.0000)  ( 20.7096,   0.0000)  (  0.0000,  -0.0000)
(  0.0000,   0.0000)  (  0.0000,   0.0000)  ( 20.7096,   0.0000)
Head tensor diagnostics (iomega=0): trace_over_3=(    20.70964086,     0.00000000) max_abs_diag_delta= 1.44763092e-06 max_abs_offdiag= 7.37354202e-10 max_abs_imag= 7.27700898e-15
Grid type: Minimax time-frequency grids
Grid size: 6
Frequency node & weight: 
 0      0.0154021074694624      0.0325158783829468
 1      0.0576583078083294      0.0574841863540000
 2      0.1483091124626021      0.1385553523455900
 3      0.3895799247895522      0.3931414315037015
 4      1.1396193777587351      1.3106382214321504
 5      4.0998496292886184      6.0798430908384429
Time node & weight: 
 0      0.0898564139947099      0.2420367383496208
 1      0.5902626692028188      0.8534511499988635
 2      2.1297844404276378      2.4853952864099660
 3      6.3653173137043808      6.5795858181104458
 4     17.1002153780119563     16.2458511803472909
 5     43.5079540277464787     40.8638705314550563
t->f transform: 

 Cosine transform matrix (row: freq, col: time)
nr = 6, nc = 6
 4.87355e-01 1.69184e+00 5.01432e+00 1.29568e+01 3.18693e+01 6.09146e+01
 4.78297e-01 1.73593e+00 4.82713e+00 1.26618e+01 1.61103e+01 -4.74368e+01
 4.92005e-01 1.65998e+00 4.88255e+00 6.91965e+00 -1.93179e+01 6.77529e+00
 4.75963e-01 1.71065e+00 3.05237e+00 -7.02628e+00 2.26828e+00 -7.30302e-01
 4.95724e-01 1.21879e+00 -2.20334e+00 6.20710e-01 -1.99968e-01 1.23138e-01
 4.17740e-01 -5.14206e-01 1.27698e-01 -5.06346e-02 3.58815e-02 -3.34700e-02

 Sine transform matrix (row: freq, col: time)
nr = 6, nc = 6
 -5.49315e-02 2.85835e-01 -6.86776e-01 3.66055e+00 1.80517e+00 7.38070e+01
 6.35801e-02 -2.40085e-01 1.55818e+00 1.98400e+00 3.53634e+01 1.75268e+01
 -6.12941e-02 4.83320e-01 4.40357e-01 1.41644e+01 6.38629e+00 -1.47709e+01
 9.08718e-02 1.14682e-02 5.05345e+00 2.96288e+00 -5.39201e+00 4.67870e+00
 -3.77744e-02 1.54640e+00 1.24982e+00 -1.78598e+00 1.48342e+00 -1.44005e+00
 2.98252e-01 4.56731e-01 -4.70430e-01 3.83874e-01 -3.57778e-01 3.71466e-01
f->t transform: 

 Cosine transform matrix (row: time, col: freq)
nr = 6, nc = 6
 1.04489e-02 1.79131e-02 4.51635e-02 1.21850e-01 4.28220e-01 1.66090e+00
 1.02741e-02 1.85916e-02 4.30054e-02 1.25449e-01 2.99446e-01 -5.82167e-01
 1.04196e-02 1.78357e-02 4.31290e-02 7.70437e-02 -1.85880e-01 4.94192e-02
 1.02080e-02 1.75389e-02 2.33671e-02 -6.70384e-02 2.01432e-02 -7.03175e-03
 1.01444e-02 9.11399e-03 -2.63435e-02 8.91222e-03 -2.84962e-03 1.97806e-03
 7.71098e-03 -1.06262e-02 3.70511e-03 -1.20272e-03 7.61342e-04 -7.20172e-04

Total count of GFs IJR: 256
| Number of GFs IJR on Proc    0: 64
Use LibRI for chi0
| Number of GFs IJR on Proc    1: 64
| Number of GFs IJR on Proc    2: 64
| Number of GFs IJR on Proc    3: 64
Green's Function sums over all states.
chi0s for time point 0.089856, spin 0. CPU time: 51.119283 (tensor), 0.474214 (trans). Wall time 6.212002
Green's Function sums over all states.
chi0s for time point 0.590263, spin 0. CPU time: 54.660817 (tensor), 0.162494 (trans). Wall time 6.095745
Green's Function sums over all states.
chi0s for time point 2.129784, spin 0. CPU time: 51.585032 (tensor), 0.162267 (trans). Wall time 5.833358
Green's Function sums over all states.
chi0s for time point 6.365317, spin 0. CPU time: 52.071705 (tensor), 0.187812 (trans). Wall time 5.927918
Green's Function sums over all states.
chi0s for time point 17.100215, spin 0. CPU time: 50.515545 (tensor), 0.267777 (trans). Wall time 5.903429
Green's Function sums over all states.
chi0s for time point 43.507954, spin 0. CPU time: 51.400675 (tensor), 0.162921 (trans). Wall time 5.824752

Computing EXX orbital energy using LibRI
Task    0: V setup for EXX
Task    3: V setup for EXX
Task    1: V setup for EXX
Task    2: V setup for EXX
Task    2: DM setup for EXX
Task    3: DM setup for EXX
Task    1: DM setup for EXX
Task    0: DM setup for EXX
Task    2: cal_Hs elapsed time: 3.326252
Task    1: cal_Hs elapsed time: 3.326235
Task    3: cal_Hs elapsed time: 3.326253
Task    0: cal_Hs elapsed time: 3.326115
Calculating Wc using ScaLAPACK
Time for Wc initialization (seconds, Wall/CPU): 0.013241 0.158306
Computing Wc(q), 1 / 64, q=(0.000000, 0.000000, 0.000000)
Time to prepare sqrt root of Coulomb for Wc(q) (seconds, Wall/CPU): 0.179262 2.133348
Time to prepare sqrt root of Coulomb for Epsilon(q) (seconds, Wall/CPU): 0.110725 1.324295
Time for Wc(i_q=1, i_omega=1) (seconds, Wall/CPU): 0.142616 1.665737
Time for Wc(i_q=1, i_omega=2) (seconds, Wall/CPU): 0.108915 1.269779
Time for Wc(i_q=1, i_omega=3) (seconds, Wall/CPU): 0.104749 1.218790
Time for Wc(i_q=1, i_omega=4) (seconds, Wall/CPU): 0.104542 1.216502
Time for Wc(i_q=1, i_omega=5) (seconds, Wall/CPU): 0.104991 1.221873
Time for Wc(i_q=1, i_omega=6) (seconds, Wall/CPU): 0.105213 1.224713
Computing Wc(q), 2 / 64, q=(0.250000, 0.000000, 0.000000)
Time to prepare sqrt root of Coulomb for Wc(q) (seconds, Wall/CPU): 0.200224 2.392371
Time to prepare sqrt root of Coulomb for Epsilon(q) (seconds, Wall/CPU): 0.187902 2.247505
Time for Wc(i_q=2, i_omega=1) (seconds, Wall/CPU): 0.090678 1.051844
Time for Wc(i_q=2, i_omega=2) (seconds, Wall/CPU): 0.106101 1.231078
Time for Wc(i_q=2, i_omega=3) (seconds, Wall/CPU): 0.090434 1.047989
Time for Wc(i_q=2, i_omega=4) (seconds, Wall/CPU): 0.088189 1.021369
Time for Wc(i_q=2, i_omega=5) (seconds, Wall/CPU): 0.090489 1.048810
Time for Wc(i_q=2, i_omega=6) (seconds, Wall/CPU): 0.088979 1.030537
Computing Wc(q), 3 / 64, q=(0.500000, 0.000000, 0.000000)
Time to prepare sqrt root of Coulomb for Wc(q) (seconds, Wall/CPU): 0.189003 2.259706
Time to prepare sqrt root of Coulomb for Epsilon(q) (seconds, Wall/CPU): 0.187314 2.239268
Time for Wc(i_q=3, i_omega=1) (seconds, Wall/CPU): 0.090888 1.051399
Time for Wc(i_q=3, i_omega=2) (seconds, Wall/CPU): 0.090081 1.042375
Time for Wc(i_q=3, i_omega=3) (seconds, Wall/CPU): 0.089834 1.039353
Time for Wc(i_q=3, i_omega=4) (seconds, Wall/CPU): 0.137692 1.580360
Time for Wc(i_q=3, i_omega=5) (seconds, Wall/CPU): 0.091395 1.058002
Time for Wc(i_q=3, i_omega=6) (seconds, Wall/CPU): 0.089676 1.037520
Computing Wc(q), 4 / 64, q=(0.750000, 0.000000, 0.000000)
Time to prepare sqrt root of Coulomb for Wc(q) (seconds, Wall/CPU): 0.193128 2.308029
Time to prepare sqrt root of Coulomb for Epsilon(q) (seconds, Wall/CPU): 0.690598 4.885891
Time for Wc(i_q=4, i_omega=1) (seconds, Wall/CPU): 0.090534 1.048811
Time for Wc(i_q=4, i_omega=2) (seconds, Wall/CPU): 0.090132 1.043255
Time for Wc(i_q=4, i_omega=3) (seconds, Wall/CPU): 0.423839 4.857452
Time for Wc(i_q=4, i_omega=4) (seconds, Wall/CPU): 0.089932 1.042118
Time for Wc(i_q=4, i_omega=5) (seconds, Wall/CPU): 0.090976 1.052638
Time for Wc(i_q=4, i_omega=6) (seconds, Wall/CPU): 0.090339 1.047173
Computing Wc(q), 5 / 64, q=(0.000000, 0.250000, 0.000000)
Time to prepare sqrt root of Coulomb for Wc(q) (seconds, Wall/CPU): 0.194067 2.320977
Time to prepare sqrt root of Coulomb for Epsilon(q) (seconds, Wall/CPU): 0.184606 2.206876
Time for Wc(i_q=5, i_omega=1) (seconds, Wall/CPU): 0.094462 1.094588
Time for Wc(i_q=5, i_omega=2) (seconds, Wall/CPU): 0.089726 1.039206
Time for Wc(i_q=5, i_omega=3) (seconds, Wall/CPU): 0.091953 1.059456
Time for Wc(i_q=5, i_omega=4) (seconds, Wall/CPU): 0.090094 1.043084
Time for Wc(i_q=5, i_omega=5) (seconds, Wall/CPU): 0.090336 1.045159
Time for Wc(i_q=5, i_omega=6) (seconds, Wall/CPU): 0.089590 1.037380
Computing Wc(q), 6 / 64, q=(0.250000, 0.250000, 0.000000)
Time to prepare sqrt root of Coulomb for Wc(q) (seconds, Wall/CPU): 0.192593 2.302064
Time to prepare sqrt root of Coulomb for Epsilon(q) (seconds, Wall/CPU): 0.194766 2.328331
Time for Wc(i_q=6, i_omega=1) (seconds, Wall/CPU): 0.091735 1.062825
Time for Wc(i_q=6, i_omega=2) (seconds, Wall/CPU): 0.091332 1.058294
Time for Wc(i_q=6, i_omega=3) (seconds, Wall/CPU): 0.089503 1.036220
Time for Wc(i_q=6, i_omega=4) (seconds, Wall/CPU): 0.090309 1.046027
Time for Wc(i_q=6, i_omega=5) (seconds, Wall/CPU): 0.091782 1.062278
Time for Wc(i_q=6, i_omega=6) (seconds, Wall/CPU): 0.092130 1.068020
Computing Wc(q), 7 / 64, q=(0.500000, 0.250000, 0.000000)
Time to prepare sqrt root of Coulomb for Wc(q) (seconds, Wall/CPU): 0.191444 2.288305
Time to prepare sqrt root of Coulomb for Epsilon(q) (seconds, Wall/CPU): 0.186454 2.229007
Time for Wc(i_q=7, i_omega=1) (seconds, Wall/CPU): 0.090630 1.048689
Time for Wc(i_q=7, i_omega=2) (seconds, Wall/CPU): 0.090019 1.041316
Time for Wc(i_q=7, i_omega=3) (seconds, Wall/CPU): 0.093891 1.088364
Time for Wc(i_q=7, i_omega=4) (seconds, Wall/CPU): 0.090240 1.045471
Time for Wc(i_q=7, i_omega=5) (seconds, Wall/CPU): 0.090781 1.050836
Time for Wc(i_q=7, i_omega=6) (seconds, Wall/CPU): 0.091261 1.056251
Computing Wc(q), 8 / 64, q=(0.750000, 0.250000, 0.000000)
Time to prepare sqrt root of Coulomb for Wc(q) (seconds, Wall/CPU): 0.191677 2.291573
Time to prepare sqrt root of Coulomb for Epsilon(q) (seconds, Wall/CPU): 0.184962 2.211030
Time for Wc(i_q=8, i_omega=1) (seconds, Wall/CPU): 0.090569 1.049657
Time for Wc(i_q=8, i_omega=2) (seconds, Wall/CPU): 1.538808 4.640396
Time for Wc(i_q=8, i_omega=3) (seconds, Wall/CPU): 0.089618 1.006153
Time for Wc(i_q=8, i_omega=4) (seconds, Wall/CPU): 0.090550 1.049691
Time for Wc(i_q=8, i_omega=5) (seconds, Wall/CPU): 0.093489 1.084073
Time for Wc(i_q=8, i_omega=6) (seconds, Wall/CPU): 0.093376 1.082217
Computing Wc(q), 9 / 64, q=(0.000000, 0.500000, 0.000000)
Time to prepare sqrt root of Coulomb for Wc(q) (seconds, Wall/CPU): 0.191869 2.295182
Time to prepare sqrt root of Coulomb for Epsilon(q) (seconds, Wall/CPU): 0.190819 2.281796
Time for Wc(i_q=9, i_omega=1) (seconds, Wall/CPU): 0.090601 1.049286
Time for Wc(i_q=9, i_omega=2) (seconds, Wall/CPU): 0.089911 1.041379
Time for Wc(i_q=9, i_omega=3) (seconds, Wall/CPU): 0.089248 1.033527
Time for Wc(i_q=9, i_omega=4) (seconds, Wall/CPU): 0.090209 1.044895
Time for Wc(i_q=9, i_omega=5) (seconds, Wall/CPU): 0.090718 1.049512
Time for Wc(i_q=9, i_omega=6) (seconds, Wall/CPU): 0.092475 1.071704
Computing Wc(q), 10 / 64, q=(0.250000, 0.500000, 0.000000)
Time to prepare sqrt root of Coulomb for Wc(q) (seconds, Wall/CPU): 0.192179 2.297867
Time to prepare sqrt root of Coulomb for Epsilon(q) (seconds, Wall/CPU): 0.184841 2.209618
Time for Wc(i_q=10, i_omega=1) (seconds, Wall/CPU): 0.090821 1.051427
Time for Wc(i_q=10, i_omega=2) (seconds, Wall/CPU): 0.090349 1.045796
Time for Wc(i_q=10, i_omega=3) (seconds, Wall/CPU): 0.089761 1.039412
Time for Wc(i_q=10, i_omega=4) (seconds, Wall/CPU): 0.090802 1.051448
Time for Wc(i_q=10, i_omega=5) (seconds, Wall/CPU): 0.090750 1.049616
Time for Wc(i_q=10, i_omega=6) (seconds, Wall/CPU): 0.090415 1.046541
Computing Wc(q), 11 / 64, q=(0.500000, 0.500000, 0.000000)
Time to prepare sqrt root of Coulomb for Wc(q) (seconds, Wall/CPU): 0.197854 2.365639
Time to prepare sqrt root of Coulomb for Epsilon(q) (seconds, Wall/CPU): 0.186898 2.234318
Time for Wc(i_q=11, i_omega=1) (seconds, Wall/CPU): 0.094465 1.094220
Time for Wc(i_q=11, i_omega=2) (seconds, Wall/CPU): 0.089501 1.034935
Time for Wc(i_q=11, i_omega=3) (seconds, Wall/CPU): 0.089647 1.037494
Time for Wc(i_q=11, i_omega=4) (seconds, Wall/CPU): 0.090536 1.048111
Time for Wc(i_q=11, i_omega=5) (seconds, Wall/CPU): 0.090434 1.045956
Time for Wc(i_q=11, i_omega=6) (seconds, Wall/CPU): 0.090858 1.051550
Computing Wc(q), 12 / 64, q=(0.750000, 0.500000, 0.000000)
Time to prepare sqrt root of Coulomb for Wc(q) (seconds, Wall/CPU): 0.194828 2.329583
Time to prepare sqrt root of Coulomb for Epsilon(q) (seconds, Wall/CPU): 0.188656 2.255127
Time for Wc(i_q=12, i_omega=1) (seconds, Wall/CPU): 0.089564 1.036710
Time for Wc(i_q=12, i_omega=2) (seconds, Wall/CPU): 0.090162 1.041977
Time for Wc(i_q=12, i_omega=3) (seconds, Wall/CPU): 0.089859 1.040483
Time for Wc(i_q=12, i_omega=4) (seconds, Wall/CPU): 0.089937 1.041372
Time for Wc(i_q=12, i_omega=5) (seconds, Wall/CPU): 0.090244 1.043372
Time for Wc(i_q=12, i_omega=6) (seconds, Wall/CPU): 0.092137 1.067312
Computing Wc(q), 13 / 64, q=(0.000000, 0.750000, 0.000000)
Time to prepare sqrt root of Coulomb for Wc(q) (seconds, Wall/CPU): 0.193399 2.312235
Time to prepare sqrt root of Coulomb for Epsilon(q) (seconds, Wall/CPU): 0.187877 2.246324
Time for Wc(i_q=13, i_omega=1) (seconds, Wall/CPU): 0.089451 1.034554
Time for Wc(i_q=13, i_omega=2) (seconds, Wall/CPU): 0.091549 1.061060
Time for Wc(i_q=13, i_omega=3) (seconds, Wall/CPU): 0.089311 1.034515
Time for Wc(i_q=13, i_omega=4) (seconds, Wall/CPU): 0.089679 1.036848
Time for Wc(i_q=13, i_omega=5) (seconds, Wall/CPU): 0.090791 1.051424
Time for Wc(i_q=13, i_omega=6) (seconds, Wall/CPU): 0.090745 1.050162
Computing Wc(q), 14 / 64, q=(0.250000, 0.750000, 0.000000)
Time to prepare sqrt root of Coulomb for Wc(q) (seconds, Wall/CPU): 0.195944 2.343019
Time to prepare sqrt root of Coulomb for Epsilon(q) (seconds, Wall/CPU): 0.185748 2.220824
Time for Wc(i_q=14, i_omega=1) (seconds, Wall/CPU): 0.089330 1.035120
Time for Wc(i_q=14, i_omega=2) (seconds, Wall/CPU): 0.089301 1.033233
Time for Wc(i_q=14, i_omega=3) (seconds, Wall/CPU): 0.094914 1.100215
Time for Wc(i_q=14, i_omega=4) (seconds, Wall/CPU): 0.089809 1.039356
Time for Wc(i_q=14, i_omega=5) (seconds, Wall/CPU): 0.090935 1.053416
Time for Wc(i_q=14, i_omega=6) (seconds, Wall/CPU): 0.090043 1.041611
Computing Wc(q), 15 / 64, q=(0.500000, 0.750000, 0.000000)
Time to prepare sqrt root of Coulomb for Wc(q) (seconds, Wall/CPU): 0.187532 2.242104
Time to prepare sqrt root of Coulomb for Epsilon(q) (seconds, Wall/CPU): 0.183084 2.189212
Time for Wc(i_q=15, i_omega=1) (seconds, Wall/CPU): 0.089204 1.032847
Time for Wc(i_q=15, i_omega=2) (seconds, Wall/CPU): 0.089761 1.038802
Time for Wc(i_q=15, i_omega=3) (seconds, Wall/CPU): 0.089686 1.038801
Time for Wc(i_q=15, i_omega=4) (seconds, Wall/CPU): 0.091087 1.050368
Time for Wc(i_q=15, i_omega=5) (seconds, Wall/CPU): 0.089045 1.031248
Time for Wc(i_q=15, i_omega=6) (seconds, Wall/CPU): 0.090238 1.044247
Computing Wc(q), 16 / 64, q=(0.750000, 0.750000, 0.000000)
Time to prepare sqrt root of Coulomb for Wc(q) (seconds, Wall/CPU): 0.203341 2.430785
Time to prepare sqrt root of Coulomb for Epsilon(q) (seconds, Wall/CPU): 0.187885 2.246304
Time for Wc(i_q=16, i_omega=1) (seconds, Wall/CPU): 0.089516 1.036912
Time for Wc(i_q=16, i_omega=2) (seconds, Wall/CPU): 0.089852 1.040718
Time for Wc(i_q=16, i_omega=3) (seconds, Wall/CPU): 0.089281 1.033535
Time for Wc(i_q=16, i_omega=4) (seconds, Wall/CPU): 0.089519 1.036668
Time for Wc(i_q=16, i_omega=5) (seconds, Wall/CPU): 0.090702 1.050114
Time for Wc(i_q=16, i_omega=6) (seconds, Wall/CPU): 0.090187 1.044259
Computing Wc(q), 17 / 64, q=(0.000000, 0.000000, 0.250000)
Time to prepare sqrt root of Coulomb for Wc(q) (seconds, Wall/CPU): 0.190573 2.278380
Time to prepare sqrt root of Coulomb for Epsilon(q) (seconds, Wall/CPU): 0.184868 2.210292
Time for Wc(i_q=17, i_omega=1) (seconds, Wall/CPU): 0.089715 1.038524
Time for Wc(i_q=17, i_omega=2) (seconds, Wall/CPU): 0.089654 1.037909
Time for Wc(i_q=17, i_omega=3) (seconds, Wall/CPU): 0.089230 1.032640
Time for Wc(i_q=17, i_omega=4) (seconds, Wall/CPU): 0.090157 1.043004
Time for Wc(i_q=17, i_omega=5) (seconds, Wall/CPU): 0.089404 1.035596
Time for Wc(i_q=17, i_omega=6) (seconds, Wall/CPU): 0.089307 1.033593
Computing Wc(q), 18 / 64, q=(0.250000, 0.000000, 0.250000)
Time to prepare sqrt root of Coulomb for Wc(q) (seconds, Wall/CPU): 0.188906 2.258428
Time to prepare sqrt root of Coulomb for Epsilon(q) (seconds, Wall/CPU): 0.188094 2.248731
Time for Wc(i_q=18, i_omega=1) (seconds, Wall/CPU): 0.088732 1.027526
Time for Wc(i_q=18, i_omega=2) (seconds, Wall/CPU): 0.089608 1.036957
Time for Wc(i_q=18, i_omega=3) (seconds, Wall/CPU): 0.088804 1.027409
Time for Wc(i_q=18, i_omega=4) (seconds, Wall/CPU): 0.088742 1.027494
Time for Wc(i_q=18, i_omega=5) (seconds, Wall/CPU): 0.095022 1.102043
Time for Wc(i_q=18, i_omega=6) (seconds, Wall/CPU): 0.092985 1.077653
Computing Wc(q), 19 / 64, q=(0.500000, 0.000000, 0.250000)
Time to prepare sqrt root of Coulomb for Wc(q) (seconds, Wall/CPU): 0.192804 2.305404
Time to prepare sqrt root of Coulomb for Epsilon(q) (seconds, Wall/CPU): 0.189344 2.263602
Time for Wc(i_q=19, i_omega=1) (seconds, Wall/CPU): 0.089096 1.030866
Time for Wc(i_q=19, i_omega=2) (seconds, Wall/CPU): 0.089004 1.031386
Time for Wc(i_q=19, i_omega=3) (seconds, Wall/CPU): 0.089842 1.039871
Time for Wc(i_q=19, i_omega=4) (seconds, Wall/CPU): 0.089545 1.036615
Time for Wc(i_q=19, i_omega=5) (seconds, Wall/CPU): 0.089797 1.041502
Time for Wc(i_q=19, i_omega=6) (seconds, Wall/CPU): 0.088972 1.030724
Computing Wc(q), 20 / 64, q=(0.750000, 0.000000, 0.250000)
Time to prepare sqrt root of Coulomb for Wc(q) (seconds, Wall/CPU): 0.196607 2.351696
Time to prepare sqrt root of Coulomb for Epsilon(q) (seconds, Wall/CPU): 0.189819 2.270516
Time for Wc(i_q=20, i_omega=1) (seconds, Wall/CPU): 0.089252 1.034409
Time for Wc(i_q=20, i_omega=2) (seconds, Wall/CPU): 0.089387 1.035271
Time for Wc(i_q=20, i_omega=3) (seconds, Wall/CPU): 0.089280 1.033672
Time for Wc(i_q=20, i_omega=4) (seconds, Wall/CPU): 0.089067 1.030919
Time for Wc(i_q=20, i_omega=5) (seconds, Wall/CPU): 0.090062 1.042487
Time for Wc(i_q=20, i_omega=6) (seconds, Wall/CPU): 0.088610 1.025730
Computing Wc(q), 21 / 64, q=(0.000000, 0.250000, 0.250000)
Time to prepare sqrt root of Coulomb for Wc(q) (seconds, Wall/CPU): 0.194991 2.331369
Time to prepare sqrt root of Coulomb for Epsilon(q) (seconds, Wall/CPU): 0.188361 2.252067
Time for Wc(i_q=21, i_omega=1) (seconds, Wall/CPU): 0.089760 1.039747
Time for Wc(i_q=21, i_omega=2) (seconds, Wall/CPU): 0.088527 1.025503
Time for Wc(i_q=21, i_omega=3) (seconds, Wall/CPU): 0.089812 1.039143
Time for Wc(i_q=21, i_omega=4) (seconds, Wall/CPU): 0.089032 1.030671
Time for Wc(i_q=21, i_omega=5) (seconds, Wall/CPU): 0.090094 1.042557
Time for Wc(i_q=21, i_omega=6) (seconds, Wall/CPU): 0.088949 1.028774
Computing Wc(q), 22 / 64, q=(0.250000, 0.250000, 0.250000)
Time to prepare sqrt root of Coulomb for Wc(q) (seconds, Wall/CPU): 0.192491 2.301358
Time to prepare sqrt root of Coulomb for Epsilon(q) (seconds, Wall/CPU): 0.189792 2.269109
Time for Wc(i_q=22, i_omega=1) (seconds, Wall/CPU): 0.089884 1.041263
Time for Wc(i_q=22, i_omega=2) (seconds, Wall/CPU): 0.089106 1.030989
Time for Wc(i_q=22, i_omega=3) (seconds, Wall/CPU): 0.088587 1.025989
Time for Wc(i_q=22, i_omega=4) (seconds, Wall/CPU): 0.089058 1.030847
Time for Wc(i_q=22, i_omega=5) (seconds, Wall/CPU): 0.089382 1.035167
Time for Wc(i_q=22, i_omega=6) (seconds, Wall/CPU): 0.089189 1.032414
Computing Wc(q), 23 / 64, q=(0.500000, 0.250000, 0.250000)
Time to prepare sqrt root of Coulomb for Wc(q) (seconds, Wall/CPU): 0.192435 2.299512
Time to prepare sqrt root of Coulomb for Epsilon(q) (seconds, Wall/CPU): 0.193514 2.313640
Time for Wc(i_q=23, i_omega=1) (seconds, Wall/CPU): 0.089708 1.038327
Time for Wc(i_q=23, i_omega=2) (seconds, Wall/CPU): 0.088539 1.025918
Time for Wc(i_q=23, i_omega=3) (seconds, Wall/CPU): 0.088763 1.027699
Time for Wc(i_q=23, i_omega=4) (seconds, Wall/CPU): 0.089665 1.038307
Time for Wc(i_q=23, i_omega=5) (seconds, Wall/CPU): 0.089699 1.038353
Time for Wc(i_q=23, i_omega=6) (seconds, Wall/CPU): 0.089396 1.035280
Computing Wc(q), 24 / 64, q=(0.750000, 0.250000, 0.250000)
Time to prepare sqrt root of Coulomb for Wc(q) (seconds, Wall/CPU): 0.193654 2.315518
Time to prepare sqrt root of Coulomb for Epsilon(q) (seconds, Wall/CPU): 0.190415 2.276091
Time for Wc(i_q=24, i_omega=1) (seconds, Wall/CPU): 0.089328 1.034158
Time for Wc(i_q=24, i_omega=2) (seconds, Wall/CPU): 0.090080 1.043287
Time for Wc(i_q=24, i_omega=3) (seconds, Wall/CPU): 1.121544 12.644813
Time for Wc(i_q=24, i_omega=4) (seconds, Wall/CPU): 0.092488 1.071809
Time for Wc(i_q=24, i_omega=5) (seconds, Wall/CPU): 0.089139 1.032377
Time for Wc(i_q=24, i_omega=6) (seconds, Wall/CPU): 0.089317 1.035454
Computing Wc(q), 25 / 64, q=(0.000000, 0.500000, 0.250000)
Time to prepare sqrt root of Coulomb for Wc(q) (seconds, Wall/CPU): 0.249195 2.980830
Time to prepare sqrt root of Coulomb for Epsilon(q) (seconds, Wall/CPU): 0.191931 2.295423
Time for Wc(i_q=25, i_omega=1) (seconds, Wall/CPU): 0.136354 1.598193
Time for Wc(i_q=25, i_omega=2) (seconds, Wall/CPU): 0.089216 1.033799
Time for Wc(i_q=25, i_omega=3) (seconds, Wall/CPU): 0.135666 1.590409
Time for Wc(i_q=25, i_omega=4) (seconds, Wall/CPU): 0.092243 1.069299
Time for Wc(i_q=25, i_omega=5) (seconds, Wall/CPU): 0.089392 1.036084
Time for Wc(i_q=25, i_omega=6) (seconds, Wall/CPU): 0.136043 1.595525
Computing Wc(q), 26 / 64, q=(0.250000, 0.500000, 0.250000)
Time to prepare sqrt root of Coulomb for Wc(q) (seconds, Wall/CPU): 0.235987 2.823246
Time to prepare sqrt root of Coulomb for Epsilon(q) (seconds, Wall/CPU): 0.237753 2.844408
Time for Wc(i_q=26, i_omega=1) (seconds, Wall/CPU): 0.089586 1.037926
Time for Wc(i_q=26, i_omega=2) (seconds, Wall/CPU): 0.089691 1.039653
Time for Wc(i_q=26, i_omega=3) (seconds, Wall/CPU): 0.130275 1.525657
Time for Wc(i_q=26, i_omega=4) (seconds, Wall/CPU): 0.089538 1.037910
Time for Wc(i_q=26, i_omega=5) (seconds, Wall/CPU): 0.132670 1.554638
Time for Wc(i_q=26, i_omega=6) (seconds, Wall/CPU): 0.091287 1.047902
Computing Wc(q), 27 / 64, q=(0.500000, 0.500000, 0.250000)
Time to prepare sqrt root of Coulomb for Wc(q) (seconds, Wall/CPU): 0.193487 2.311539
Time to prepare sqrt root of Coulomb for Epsilon(q) (seconds, Wall/CPU): 0.187334 2.239476
Time for Wc(i_q=27, i_omega=1) (seconds, Wall/CPU): 0.089603 1.036826
Time for Wc(i_q=27, i_omega=2) (seconds, Wall/CPU): 0.088687 1.027256
Time for Wc(i_q=27, i_omega=3) (seconds, Wall/CPU): 0.089145 1.032094
Time for Wc(i_q=27, i_omega=4) (seconds, Wall/CPU): 0.089410 1.034695
Time for Wc(i_q=27, i_omega=5) (seconds, Wall/CPU): 0.089366 1.034155
Time for Wc(i_q=27, i_omega=6) (seconds, Wall/CPU): 0.089707 1.037414
Computing Wc(q), 28 / 64, q=(0.750000, 0.500000, 0.250000)
Time to prepare sqrt root of Coulomb for Wc(q) (seconds, Wall/CPU): 0.190661 2.278734
Time to prepare sqrt root of Coulomb for Epsilon(q) (seconds, Wall/CPU): 0.192472 2.301165
Time for Wc(i_q=28, i_omega=1) (seconds, Wall/CPU): 0.089570 1.037185
Time for Wc(i_q=28, i_omega=2) (seconds, Wall/CPU): 0.089522 1.036611
Time for Wc(i_q=28, i_omega=3) (seconds, Wall/CPU): 0.093061 1.077465
Time for Wc(i_q=28, i_omega=4) (seconds, Wall/CPU): 0.090036 1.042990
Time for Wc(i_q=28, i_omega=5) (seconds, Wall/CPU): 0.089872 1.040075
Time for Wc(i_q=28, i_omega=6) (seconds, Wall/CPU): 0.089198 1.033095
Computing Wc(q), 29 / 64, q=(0.000000, 0.750000, 0.250000)
Time to prepare sqrt root of Coulomb for Wc(q) (seconds, Wall/CPU): 0.197977 2.366729
Time to prepare sqrt root of Coulomb for Epsilon(q) (seconds, Wall/CPU): 0.191186 2.285477
Time for Wc(i_q=29, i_omega=1) (seconds, Wall/CPU): 0.091428 1.059512
Time for Wc(i_q=29, i_omega=2) (seconds, Wall/CPU): 0.088785 1.028406
Time for Wc(i_q=29, i_omega=3) (seconds, Wall/CPU): 0.089799 1.039551
Time for Wc(i_q=29, i_omega=4) (seconds, Wall/CPU): 0.089630 1.037461
Time for Wc(i_q=29, i_omega=5) (seconds, Wall/CPU): 0.089540 1.036833
Time for Wc(i_q=29, i_omega=6) (seconds, Wall/CPU): 0.089772 1.039155
Computing Wc(q), 30 / 64, q=(0.250000, 0.750000, 0.250000)
Time to prepare sqrt root of Coulomb for Wc(q) (seconds, Wall/CPU): 0.189495 2.265742
Time to prepare sqrt root of Coulomb for Epsilon(q) (seconds, Wall/CPU): 0.188904 2.258324
Time for Wc(i_q=30, i_omega=1) (seconds, Wall/CPU): 0.091081 1.054476
Time for Wc(i_q=30, i_omega=2) (seconds, Wall/CPU): 0.088798 1.027447
Time for Wc(i_q=30, i_omega=3) (seconds, Wall/CPU): 0.089267 1.033129
Time for Wc(i_q=30, i_omega=4) (seconds, Wall/CPU): 0.089276 1.033355
Time for Wc(i_q=30, i_omega=5) (seconds, Wall/CPU): 0.089551 1.035912
Time for Wc(i_q=30, i_omega=6) (seconds, Wall/CPU): 0.091203 1.056731
Computing Wc(q), 31 / 64, q=(0.500000, 0.750000, 0.250000)
Time to prepare sqrt root of Coulomb for Wc(q) (seconds, Wall/CPU): 0.192318 2.299274
Time to prepare sqrt root of Coulomb for Epsilon(q) (seconds, Wall/CPU): 0.187027 2.236019
Time for Wc(i_q=31, i_omega=1) (seconds, Wall/CPU): 0.089071 1.031563
Time for Wc(i_q=31, i_omega=2) (seconds, Wall/CPU): 0.088485 1.024679
Time for Wc(i_q=31, i_omega=3) (seconds, Wall/CPU): 0.089547 1.037115
Time for Wc(i_q=31, i_omega=4) (seconds, Wall/CPU): 0.089748 1.039787
Time for Wc(i_q=31, i_omega=5) (seconds, Wall/CPU): 0.089954 1.042213
Time for Wc(i_q=31, i_omega=6) (seconds, Wall/CPU): 0.089825 1.039655
Computing Wc(q), 32 / 64, q=(0.750000, 0.750000, 0.250000)
Time to prepare sqrt root of Coulomb for Wc(q) (seconds, Wall/CPU): 0.528523 6.128494
Time to prepare sqrt root of Coulomb for Epsilon(q) (seconds, Wall/CPU): 0.242383 2.874149
Time for Wc(i_q=32, i_omega=1) (seconds, Wall/CPU): 0.129393 1.481530
Time for Wc(i_q=32, i_omega=2) (seconds, Wall/CPU): 0.089068 1.031870
Time for Wc(i_q=32, i_omega=3) (seconds, Wall/CPU): 0.088907 1.028538
Time for Wc(i_q=32, i_omega=4) (seconds, Wall/CPU): 0.091341 1.058003
Time for Wc(i_q=32, i_omega=5) (seconds, Wall/CPU): 0.089320 1.033874
Time for Wc(i_q=32, i_omega=6) (seconds, Wall/CPU): 0.089942 1.040704
Computing Wc(q), 33 / 64, q=(0.000000, 0.000000, 0.500000)
Time to prepare sqrt root of Coulomb for Wc(q) (seconds, Wall/CPU): 0.191910 2.294425
Time to prepare sqrt root of Coulomb for Epsilon(q) (seconds, Wall/CPU): 0.190491 2.278432
Time for Wc(i_q=33, i_omega=1) (seconds, Wall/CPU): 0.089096 1.032215
Time for Wc(i_q=33, i_omega=2) (seconds, Wall/CPU): 0.089066 1.032434
Time for Wc(i_q=33, i_omega=3) (seconds, Wall/CPU): 0.089372 1.035694
Time for Wc(i_q=33, i_omega=4) (seconds, Wall/CPU): 0.089323 1.035026
Time for Wc(i_q=33, i_omega=5) (seconds, Wall/CPU): 0.090243 1.045941
Time for Wc(i_q=33, i_omega=6) (seconds, Wall/CPU): 0.088825 1.029240
Computing Wc(q), 34 / 64, q=(0.250000, 0.000000, 0.500000)
Time to prepare sqrt root of Coulomb for Wc(q) (seconds, Wall/CPU): 0.193401 2.313146
Time to prepare sqrt root of Coulomb for Epsilon(q) (seconds, Wall/CPU): 0.193156 2.310301
Time for Wc(i_q=34, i_omega=1) (seconds, Wall/CPU): 0.089953 1.042367
Time for Wc(i_q=34, i_omega=2) (seconds, Wall/CPU): 0.089262 1.034895
Time for Wc(i_q=34, i_omega=3) (seconds, Wall/CPU): 0.091066 1.055849
Time for Wc(i_q=34, i_omega=4) (seconds, Wall/CPU): 0.089810 1.040595
Time for Wc(i_q=34, i_omega=5) (seconds, Wall/CPU): 0.089821 1.040028
Time for Wc(i_q=34, i_omega=6) (seconds, Wall/CPU): 0.088942 1.030161
Computing Wc(q), 35 / 64, q=(0.500000, 0.000000, 0.500000)
Time to prepare sqrt root of Coulomb for Wc(q) (seconds, Wall/CPU): 0.190169 2.275008
Time to prepare sqrt root of Coulomb for Epsilon(q) (seconds, Wall/CPU): 0.188342 2.252544
Time for Wc(i_q=35, i_omega=1) (seconds, Wall/CPU): 0.090021 1.043105
Time for Wc(i_q=35, i_omega=2) (seconds, Wall/CPU): 0.089034 1.031847
Time for Wc(i_q=35, i_omega=3) (seconds, Wall/CPU): 0.089727 1.040052
Time for Wc(i_q=35, i_omega=4) (seconds, Wall/CPU): 0.089082 1.032565
Time for Wc(i_q=35, i_omega=5) (seconds, Wall/CPU): 0.089971 1.042456
Time for Wc(i_q=35, i_omega=6) (seconds, Wall/CPU): 0.089404 1.035516
Computing Wc(q), 36 / 64, q=(0.750000, 0.000000, 0.500000)
Time to prepare sqrt root of Coulomb for Wc(q) (seconds, Wall/CPU): 0.192065 2.297302
Time to prepare sqrt root of Coulomb for Epsilon(q) (seconds, Wall/CPU): 0.187290 2.239945
Time for Wc(i_q=36, i_omega=1) (seconds, Wall/CPU): 0.095764 1.103613
Time for Wc(i_q=36, i_omega=2) (seconds, Wall/CPU): 0.089538 1.037970
Time for Wc(i_q=36, i_omega=3) (seconds, Wall/CPU): 0.089159 1.033203
Time for Wc(i_q=36, i_omega=4) (seconds, Wall/CPU): 0.089645 1.038678
Time for Wc(i_q=36, i_omega=5) (seconds, Wall/CPU): 0.089848 1.040942
Time for Wc(i_q=36, i_omega=6) (seconds, Wall/CPU): 0.088819 1.030017
Computing Wc(q), 37 / 64, q=(0.000000, 0.250000, 0.500000)
Time to prepare sqrt root of Coulomb for Wc(q) (seconds, Wall/CPU): 0.195657 2.340496
Time to prepare sqrt root of Coulomb for Epsilon(q) (seconds, Wall/CPU): 0.186408 2.227906
Time for Wc(i_q=37, i_omega=1) (seconds, Wall/CPU): 0.199964 2.358904
Time for Wc(i_q=37, i_omega=2) (seconds, Wall/CPU): 0.088498 1.026132
Time for Wc(i_q=37, i_omega=3) (seconds, Wall/CPU): 0.089169 1.033261
Time for Wc(i_q=37, i_omega=4) (seconds, Wall/CPU): 0.089472 1.036757
Time for Wc(i_q=37, i_omega=5) (seconds, Wall/CPU): 0.090011 1.043285
Time for Wc(i_q=37, i_omega=6) (seconds, Wall/CPU): 0.089301 1.034778
Computing Wc(q), 38 / 64, q=(0.250000, 0.250000, 0.500000)
Time to prepare sqrt root of Coulomb for Wc(q) (seconds, Wall/CPU): 0.192612 2.303628
Time to prepare sqrt root of Coulomb for Epsilon(q) (seconds, Wall/CPU): 0.187041 2.236620
Time for Wc(i_q=38, i_omega=1) (seconds, Wall/CPU): 0.094519 1.096659
Time for Wc(i_q=38, i_omega=2) (seconds, Wall/CPU): 0.089175 1.033368
Time for Wc(i_q=38, i_omega=3) (seconds, Wall/CPU): 0.089423 1.036002
Time for Wc(i_q=38, i_omega=4) (seconds, Wall/CPU): 0.089520 1.037567
Time for Wc(i_q=38, i_omega=5) (seconds, Wall/CPU): 0.094110 1.092270
Time for Wc(i_q=38, i_omega=6) (seconds, Wall/CPU): 0.093821 1.079008
Computing Wc(q), 39 / 64, q=(0.500000, 0.250000, 0.500000)
Time to prepare sqrt root of Coulomb for Wc(q) (seconds, Wall/CPU): 0.190548 2.279056
Time to prepare sqrt root of Coulomb for Epsilon(q) (seconds, Wall/CPU): 0.186831 2.234547
Time for Wc(i_q=39, i_omega=1) (seconds, Wall/CPU): 0.089760 1.039642
Time for Wc(i_q=39, i_omega=2) (seconds, Wall/CPU): 0.091601 1.062610
Time for Wc(i_q=39, i_omega=3) (seconds, Wall/CPU): 0.089128 1.032021
Time for Wc(i_q=39, i_omega=4) (seconds, Wall/CPU): 0.089180 1.033849
Time for Wc(i_q=39, i_omega=5) (seconds, Wall/CPU): 0.090184 1.045006
Time for Wc(i_q=39, i_omega=6) (seconds, Wall/CPU): 0.089615 1.038037
Computing Wc(q), 40 / 64, q=(0.750000, 0.250000, 0.500000)
Time to prepare sqrt root of Coulomb for Wc(q) (seconds, Wall/CPU): 0.188975 2.260194
Time to prepare sqrt root of Coulomb for Epsilon(q) (seconds, Wall/CPU): 0.186844 2.234933
Time for Wc(i_q=40, i_omega=1) (seconds, Wall/CPU): 0.089925 1.042289
Time for Wc(i_q=40, i_omega=2) (seconds, Wall/CPU): 0.088741 1.028136
Time for Wc(i_q=40, i_omega=3) (seconds, Wall/CPU): 0.090690 1.052088
Time for Wc(i_q=40, i_omega=4) (seconds, Wall/CPU): 0.089450 1.036714
Time for Wc(i_q=40, i_omega=5) (seconds, Wall/CPU): 0.089489 1.037379
Time for Wc(i_q=40, i_omega=6) (seconds, Wall/CPU): 0.089257 1.034751
Computing Wc(q), 41 / 64, q=(0.000000, 0.500000, 0.500000)
Time to prepare sqrt root of Coulomb for Wc(q) (seconds, Wall/CPU): 0.191798 2.293782
Time to prepare sqrt root of Coulomb for Epsilon(q) (seconds, Wall/CPU): 0.187471 2.242417
Time for Wc(i_q=41, i_omega=1) (seconds, Wall/CPU): 0.090203 1.044705
Time for Wc(i_q=41, i_omega=2) (seconds, Wall/CPU): 0.089341 1.034535
Time for Wc(i_q=41, i_omega=3) (seconds, Wall/CPU): 0.089049 1.031593
Time for Wc(i_q=41, i_omega=4) (seconds, Wall/CPU): 0.098233 1.116028
Time for Wc(i_q=41, i_omega=5) (seconds, Wall/CPU): 0.090252 1.045905
Time for Wc(i_q=41, i_omega=6) (seconds, Wall/CPU): 0.090092 1.044011
Computing Wc(q), 42 / 64, q=(0.250000, 0.500000, 0.500000)
Time to prepare sqrt root of Coulomb for Wc(q) (seconds, Wall/CPU): 0.192376 2.301150
Time to prepare sqrt root of Coulomb for Epsilon(q) (seconds, Wall/CPU): 0.186324 2.228456
Time for Wc(i_q=42, i_omega=1) (seconds, Wall/CPU): 0.090019 1.043034
Time for Wc(i_q=42, i_omega=2) (seconds, Wall/CPU): 0.088782 1.029056
Time for Wc(i_q=42, i_omega=3) (seconds, Wall/CPU): 0.090153 1.042878
Time for Wc(i_q=42, i_omega=4) (seconds, Wall/CPU): 0.089561 1.037552
Time for Wc(i_q=42, i_omega=5) (seconds, Wall/CPU): 0.093756 1.087510
Time for Wc(i_q=42, i_omega=6) (seconds, Wall/CPU): 0.089654 1.038627
Computing Wc(q), 43 / 64, q=(0.500000, 0.500000, 0.500000)
Time to prepare sqrt root of Coulomb for Wc(q) (seconds, Wall/CPU): 0.188283 2.252247
Time to prepare sqrt root of Coulomb for Epsilon(q) (seconds, Wall/CPU): 0.185663 2.220377
Time for Wc(i_q=43, i_omega=1) (seconds, Wall/CPU): 0.090018 1.042735
Time for Wc(i_q=43, i_omega=2) (seconds, Wall/CPU): 0.089018 1.032066
Time for Wc(i_q=43, i_omega=3) (seconds, Wall/CPU): 0.092909 1.077959
Time for Wc(i_q=43, i_omega=4) (seconds, Wall/CPU): 0.091623 1.062049
Time for Wc(i_q=43, i_omega=5) (seconds, Wall/CPU): 0.091106 1.056376
Time for Wc(i_q=43, i_omega=6) (seconds, Wall/CPU): 0.089579 1.038412
Computing Wc(q), 44 / 64, q=(0.750000, 0.500000, 0.500000)
Time to prepare sqrt root of Coulomb for Wc(q) (seconds, Wall/CPU): 0.194090 2.321744
Time to prepare sqrt root of Coulomb for Epsilon(q) (seconds, Wall/CPU): 0.185661 2.220498
Time for Wc(i_q=44, i_omega=1) (seconds, Wall/CPU): 0.091118 1.056132
Time for Wc(i_q=44, i_omega=2) (seconds, Wall/CPU): 0.089693 1.040069
Time for Wc(i_q=44, i_omega=3) (seconds, Wall/CPU): 0.090150 1.044452
Time for Wc(i_q=44, i_omega=4) (seconds, Wall/CPU): 0.090247 1.046037
Time for Wc(i_q=44, i_omega=5) (seconds, Wall/CPU): 0.090525 1.049783
Time for Wc(i_q=44, i_omega=6) (seconds, Wall/CPU): 0.093467 1.084646
Computing Wc(q), 45 / 64, q=(0.000000, 0.750000, 0.500000)
Time to prepare sqrt root of Coulomb for Wc(q) (seconds, Wall/CPU): 0.194124 2.321981
Time to prepare sqrt root of Coulomb for Epsilon(q) (seconds, Wall/CPU): 0.191349 2.288503
Time for Wc(i_q=45, i_omega=1) (seconds, Wall/CPU): 0.092084 1.067800
Time for Wc(i_q=45, i_omega=2) (seconds, Wall/CPU): 0.089466 1.037111
Time for Wc(i_q=45, i_omega=3) (seconds, Wall/CPU): 0.091899 1.064928
Time for Wc(i_q=45, i_omega=4) (seconds, Wall/CPU): 0.090103 1.043941
Time for Wc(i_q=45, i_omega=5) (seconds, Wall/CPU): 0.091063 1.054844
Time for Wc(i_q=45, i_omega=6) (seconds, Wall/CPU): 0.089873 1.041640
Computing Wc(q), 46 / 64, q=(0.250000, 0.750000, 0.500000)
Time to prepare sqrt root of Coulomb for Wc(q) (seconds, Wall/CPU): 0.194550 2.327079
Time to prepare sqrt root of Coulomb for Epsilon(q) (seconds, Wall/CPU): 0.190713 2.280947
Time for Wc(i_q=46, i_omega=1) (seconds, Wall/CPU): 0.089868 1.041451
Time for Wc(i_q=46, i_omega=2) (seconds, Wall/CPU): 0.088819 1.028527
Time for Wc(i_q=46, i_omega=3) (seconds, Wall/CPU): 0.090406 1.047663
Time for Wc(i_q=46, i_omega=4) (seconds, Wall/CPU): 0.089692 1.038674
Time for Wc(i_q=46, i_omega=5) (seconds, Wall/CPU): 0.089963 1.042417
Time for Wc(i_q=46, i_omega=6) (seconds, Wall/CPU): 0.088871 1.030085
Computing Wc(q), 47 / 64, q=(0.500000, 0.750000, 0.500000)
Time to prepare sqrt root of Coulomb for Wc(q) (seconds, Wall/CPU): 0.190212 2.274838
Time to prepare sqrt root of Coulomb for Epsilon(q) (seconds, Wall/CPU): 0.185525 2.218956
Time for Wc(i_q=47, i_omega=1) (seconds, Wall/CPU): 0.095525 1.107335
Time for Wc(i_q=47, i_omega=2) (seconds, Wall/CPU): 0.089420 1.035495
Time for Wc(i_q=47, i_omega=3) (seconds, Wall/CPU): 0.089924 1.041977
Time for Wc(i_q=47, i_omega=4) (seconds, Wall/CPU): 0.089138 1.033435
Time for Wc(i_q=47, i_omega=5) (seconds, Wall/CPU): 0.089956 1.041803
Time for Wc(i_q=47, i_omega=6) (seconds, Wall/CPU): 0.088626 1.027116
Computing Wc(q), 48 / 64, q=(0.750000, 0.750000, 0.500000)
Time to prepare sqrt root of Coulomb for Wc(q) (seconds, Wall/CPU): 0.198978 2.376595
Time to prepare sqrt root of Coulomb for Epsilon(q) (seconds, Wall/CPU): 0.188402 2.253236
Time for Wc(i_q=48, i_omega=1) (seconds, Wall/CPU): 0.090511 1.048669
Time for Wc(i_q=48, i_omega=2) (seconds, Wall/CPU): 0.088764 1.027923
Time for Wc(i_q=48, i_omega=3) (seconds, Wall/CPU): 0.090343 1.046791
Time for Wc(i_q=48, i_omega=4) (seconds, Wall/CPU): 0.089360 1.035273
Time for Wc(i_q=48, i_omega=5) (seconds, Wall/CPU): 0.090074 1.044006
Time for Wc(i_q=48, i_omega=6) (seconds, Wall/CPU): 0.092785 1.072015
Computing Wc(q), 49 / 64, q=(0.000000, 0.000000, 0.750000)
Time to prepare sqrt root of Coulomb for Wc(q) (seconds, Wall/CPU): 0.193955 2.319135
Time to prepare sqrt root of Coulomb for Epsilon(q) (seconds, Wall/CPU): 0.189601 2.267740
Time for Wc(i_q=49, i_omega=1) (seconds, Wall/CPU): 0.090103 1.045007
Time for Wc(i_q=49, i_omega=2) (seconds, Wall/CPU): 0.091398 1.059285
Time for Wc(i_q=49, i_omega=3) (seconds, Wall/CPU): 0.092635 1.073603
Time for Wc(i_q=49, i_omega=4) (seconds, Wall/CPU): 0.089241 1.034297
Time for Wc(i_q=49, i_omega=5) (seconds, Wall/CPU): 0.089915 1.042247
Time for Wc(i_q=49, i_omega=6) (seconds, Wall/CPU): 0.088778 1.028357
Computing Wc(q), 50 / 64, q=(0.250000, 0.000000, 0.750000)
Time to prepare sqrt root of Coulomb for Wc(q) (seconds, Wall/CPU): 0.188603 2.256285
Time to prepare sqrt root of Coulomb for Epsilon(q) (seconds, Wall/CPU): 0.185376 2.216743
Time for Wc(i_q=50, i_omega=1) (seconds, Wall/CPU): 0.089256 1.034776
Time for Wc(i_q=50, i_omega=2) (seconds, Wall/CPU): 0.089459 1.036164
Time for Wc(i_q=50, i_omega=3) (seconds, Wall/CPU): 0.090176 1.045667
Time for Wc(i_q=50, i_omega=4) (seconds, Wall/CPU): 0.089782 1.039979
Time for Wc(i_q=50, i_omega=5) (seconds, Wall/CPU): 0.090055 1.043588
Time for Wc(i_q=50, i_omega=6) (seconds, Wall/CPU): 0.088834 1.029512
Computing Wc(q), 51 / 64, q=(0.500000, 0.000000, 0.750000)
Time to prepare sqrt root of Coulomb for Wc(q) (seconds, Wall/CPU): 0.190391 2.277050
Time to prepare sqrt root of Coulomb for Epsilon(q) (seconds, Wall/CPU): 0.186007 2.224228
Time for Wc(i_q=51, i_omega=1) (seconds, Wall/CPU): 0.090417 1.045890
Time for Wc(i_q=51, i_omega=2) (seconds, Wall/CPU): 0.088826 1.028337
Time for Wc(i_q=51, i_omega=3) (seconds, Wall/CPU): 0.095436 1.108153
Time for Wc(i_q=51, i_omega=4) (seconds, Wall/CPU): 0.089176 1.033213
Time for Wc(i_q=51, i_omega=5) (seconds, Wall/CPU): 0.090129 1.044641
Time for Wc(i_q=51, i_omega=6) (seconds, Wall/CPU): 0.089030 1.031297
Computing Wc(q), 52 / 64, q=(0.750000, 0.000000, 0.750000)
Time to prepare sqrt root of Coulomb for Wc(q) (seconds, Wall/CPU): 0.188750 2.257352
Time to prepare sqrt root of Coulomb for Epsilon(q) (seconds, Wall/CPU): 0.186107 2.225511
Time for Wc(i_q=52, i_omega=1) (seconds, Wall/CPU): 0.090002 1.042161
Time for Wc(i_q=52, i_omega=2) (seconds, Wall/CPU): 0.093155 1.080324
Time for Wc(i_q=52, i_omega=3) (seconds, Wall/CPU): 0.089771 1.040594
Time for Wc(i_q=52, i_omega=4) (seconds, Wall/CPU): 0.089069 1.031528
Time for Wc(i_q=52, i_omega=5) (seconds, Wall/CPU): 0.090448 1.047852
Time for Wc(i_q=52, i_omega=6) (seconds, Wall/CPU): 0.088564 1.026295
Computing Wc(q), 53 / 64, q=(0.000000, 0.250000, 0.750000)
Time to prepare sqrt root of Coulomb for Wc(q) (seconds, Wall/CPU): 0.190619 2.279768
Time to prepare sqrt root of Coulomb for Epsilon(q) (seconds, Wall/CPU): 0.187542 2.242772
Time for Wc(i_q=53, i_omega=1) (seconds, Wall/CPU): 0.089777 1.038449
Time for Wc(i_q=53, i_omega=2) (seconds, Wall/CPU): 0.088704 1.026694
Time for Wc(i_q=53, i_omega=3) (seconds, Wall/CPU): 0.090343 1.047022
Time for Wc(i_q=53, i_omega=4) (seconds, Wall/CPU): 0.088935 1.030991
Time for Wc(i_q=53, i_omega=5) (seconds, Wall/CPU): 0.090442 1.048700
Time for Wc(i_q=53, i_omega=6) (seconds, Wall/CPU): 0.088581 1.026499
Computing Wc(q), 54 / 64, q=(0.250000, 0.250000, 0.750000)
Time to prepare sqrt root of Coulomb for Wc(q) (seconds, Wall/CPU): 0.188639 2.255064
Time to prepare sqrt root of Coulomb for Epsilon(q) (seconds, Wall/CPU): 0.185460 2.216732
Time for Wc(i_q=54, i_omega=1) (seconds, Wall/CPU): 0.090057 1.042615
Time for Wc(i_q=54, i_omega=2) (seconds, Wall/CPU): 0.089195 1.032245
Time for Wc(i_q=54, i_omega=3) (seconds, Wall/CPU): 0.090191 1.044303
Time for Wc(i_q=54, i_omega=4) (seconds, Wall/CPU): 0.088783 1.027628
Time for Wc(i_q=54, i_omega=5) (seconds, Wall/CPU): 0.089528 1.036872
Time for Wc(i_q=54, i_omega=6) (seconds, Wall/CPU): 0.092774 1.075143
Computing Wc(q), 55 / 64, q=(0.500000, 0.250000, 0.750000)
Time to prepare sqrt root of Coulomb for Wc(q) (seconds, Wall/CPU): 0.189433 2.265128
Time to prepare sqrt root of Coulomb for Epsilon(q) (seconds, Wall/CPU): 0.184230 2.202298
Time for Wc(i_q=55, i_omega=1) (seconds, Wall/CPU): 0.089939 1.040995
Time for Wc(i_q=55, i_omega=2) (seconds, Wall/CPU): 0.088298 1.021446
Time for Wc(i_q=55, i_omega=3) (seconds, Wall/CPU): 0.090958 1.053143
Time for Wc(i_q=55, i_omega=4) (seconds, Wall/CPU): 0.089273 1.034018
Time for Wc(i_q=55, i_omega=5) (seconds, Wall/CPU): 0.090177 1.043292
Time for Wc(i_q=55, i_omega=6) (seconds, Wall/CPU): 0.088973 1.029511
Computing Wc(q), 56 / 64, q=(0.750000, 0.250000, 0.750000)
Time to prepare sqrt root of Coulomb for Wc(q) (seconds, Wall/CPU): 0.189776 2.268671
Time to prepare sqrt root of Coulomb for Epsilon(q) (seconds, Wall/CPU): 0.185666 2.219390
Time for Wc(i_q=56, i_omega=1) (seconds, Wall/CPU): 0.143634 1.588577
Time for Wc(i_q=56, i_omega=2) (seconds, Wall/CPU): 0.088930 1.029302
Time for Wc(i_q=56, i_omega=3) (seconds, Wall/CPU): 0.090808 1.050641
Time for Wc(i_q=56, i_omega=4) (seconds, Wall/CPU): 0.135728 1.542138
Time for Wc(i_q=56, i_omega=5) (seconds, Wall/CPU): 0.090240 1.044919
Time for Wc(i_q=56, i_omega=6) (seconds, Wall/CPU): 0.088912 1.029357
Computing Wc(q), 57 / 64, q=(0.000000, 0.500000, 0.750000)
Time to prepare sqrt root of Coulomb for Wc(q) (seconds, Wall/CPU): 0.287504 3.424535
Time to prepare sqrt root of Coulomb for Epsilon(q) (seconds, Wall/CPU): 0.190836 2.279773
Time for Wc(i_q=57, i_omega=1) (seconds, Wall/CPU): 0.170821 2.007729
Time for Wc(i_q=57, i_omega=2) (seconds, Wall/CPU): 0.089022 1.030237
Time for Wc(i_q=57, i_omega=3) (seconds, Wall/CPU): 0.092010 1.065205
Time for Wc(i_q=57, i_omega=4) (seconds, Wall/CPU): 0.137854 1.542109
Time for Wc(i_q=57, i_omega=5) (seconds, Wall/CPU): 0.090265 1.045492
Time for Wc(i_q=57, i_omega=6) (seconds, Wall/CPU): 0.138242 1.579856
Computing Wc(q), 58 / 64, q=(0.250000, 0.500000, 0.750000)
Time to prepare sqrt root of Coulomb for Wc(q) (seconds, Wall/CPU): 0.189876 2.270160
Time to prepare sqrt root of Coulomb for Epsilon(q) (seconds, Wall/CPU): 0.248575 2.957608
Time for Wc(i_q=58, i_omega=1) (seconds, Wall/CPU): 0.580325 3.687018
Time for Wc(i_q=58, i_omega=2) (seconds, Wall/CPU): 0.088789 0.996278
Time for Wc(i_q=58, i_omega=3) (seconds, Wall/CPU): 0.090746 1.050362
Time for Wc(i_q=58, i_omega=4) (seconds, Wall/CPU): 0.089805 1.039093
Time for Wc(i_q=58, i_omega=5) (seconds, Wall/CPU): 0.090326 1.045346
Time for Wc(i_q=58, i_omega=6) (seconds, Wall/CPU): 0.089189 1.032378
Computing Wc(q), 59 / 64, q=(0.500000, 0.500000, 0.750000)
Time to prepare sqrt root of Coulomb for Wc(q) (seconds, Wall/CPU): 0.192598 2.302502
Time to prepare sqrt root of Coulomb for Epsilon(q) (seconds, Wall/CPU): 0.187978 2.247336
Time for Wc(i_q=59, i_omega=1) (seconds, Wall/CPU): 0.089808 1.039162
Time for Wc(i_q=59, i_omega=2) (seconds, Wall/CPU): 0.093429 1.082955
Time for Wc(i_q=59, i_omega=3) (seconds, Wall/CPU): 0.090163 1.044163
Time for Wc(i_q=59, i_omega=4) (seconds, Wall/CPU): 0.089520 1.036873
Time for Wc(i_q=59, i_omega=5) (seconds, Wall/CPU): 0.089657 1.038171
Time for Wc(i_q=59, i_omega=6) (seconds, Wall/CPU): 0.090543 1.048796
Computing Wc(q), 60 / 64, q=(0.750000, 0.500000, 0.750000)
Time to prepare sqrt root of Coulomb for Wc(q) (seconds, Wall/CPU): 0.191878 2.294005
Time to prepare sqrt root of Coulomb for Epsilon(q) (seconds, Wall/CPU): 0.187350 2.239583
Time for Wc(i_q=60, i_omega=1) (seconds, Wall/CPU): 0.091091 1.054615
Time for Wc(i_q=60, i_omega=2) (seconds, Wall/CPU): 0.088966 1.029415
Time for Wc(i_q=60, i_omega=3) (seconds, Wall/CPU): 0.090506 1.047371
Time for Wc(i_q=60, i_omega=4) (seconds, Wall/CPU): 0.089150 1.031400
Time for Wc(i_q=60, i_omega=5) (seconds, Wall/CPU): 0.089722 1.038150
Time for Wc(i_q=60, i_omega=6) (seconds, Wall/CPU): 0.088880 1.028932
Computing Wc(q), 61 / 64, q=(0.000000, 0.750000, 0.750000)
Time to prepare sqrt root of Coulomb for Wc(q) (seconds, Wall/CPU): 0.187708 2.243908
Time to prepare sqrt root of Coulomb for Epsilon(q) (seconds, Wall/CPU): 0.191450 2.288893
Time for Wc(i_q=61, i_omega=1) (seconds, Wall/CPU): 0.089873 1.040644
Time for Wc(i_q=61, i_omega=2) (seconds, Wall/CPU): 0.089058 1.030518
Time for Wc(i_q=61, i_omega=3) (seconds, Wall/CPU): 0.090928 1.052209
Time for Wc(i_q=61, i_omega=4) (seconds, Wall/CPU): 0.108793 1.256380
Time for Wc(i_q=61, i_omega=5) (seconds, Wall/CPU): 0.089735 1.039317
Time for Wc(i_q=61, i_omega=6) (seconds, Wall/CPU): 0.089852 1.039568
Computing Wc(q), 62 / 64, q=(0.250000, 0.750000, 0.750000)
Time to prepare sqrt root of Coulomb for Wc(q) (seconds, Wall/CPU): 0.186487 2.229513
Time to prepare sqrt root of Coulomb for Epsilon(q) (seconds, Wall/CPU): 0.186547 2.230405
Time for Wc(i_q=62, i_omega=1) (seconds, Wall/CPU): 0.090146 1.043079
Time for Wc(i_q=62, i_omega=2) (seconds, Wall/CPU): 0.088929 1.029729
Time for Wc(i_q=62, i_omega=3) (seconds, Wall/CPU): 0.091088 1.055006
Time for Wc(i_q=62, i_omega=4) (seconds, Wall/CPU): 0.089732 1.038272
Time for Wc(i_q=62, i_omega=5) (seconds, Wall/CPU): 0.089722 1.038717
Time for Wc(i_q=62, i_omega=6) (seconds, Wall/CPU): 0.097091 1.117669
Computing Wc(q), 63 / 64, q=(0.500000, 0.750000, 0.750000)
Time to prepare sqrt root of Coulomb for Wc(q) (seconds, Wall/CPU): 0.207787 2.465688
Time to prepare sqrt root of Coulomb for Epsilon(q) (seconds, Wall/CPU): 0.187836 2.244163
Time for Wc(i_q=63, i_omega=1) (seconds, Wall/CPU): 0.090890 1.053494
Time for Wc(i_q=63, i_omega=2) (seconds, Wall/CPU): 0.090489 1.048365
Time for Wc(i_q=63, i_omega=3) (seconds, Wall/CPU): 0.091605 1.061856
Time for Wc(i_q=63, i_omega=4) (seconds, Wall/CPU): 0.090356 1.046977
Time for Wc(i_q=63, i_omega=5) (seconds, Wall/CPU): 0.090730 1.051191
Time for Wc(i_q=63, i_omega=6) (seconds, Wall/CPU): 0.090784 1.051778
Computing Wc(q), 64 / 64, q=(0.750000, 0.750000, 0.750000)
Time to prepare sqrt root of Coulomb for Wc(q) (seconds, Wall/CPU): 0.190533 2.279199
Time to prepare sqrt root of Coulomb for Epsilon(q) (seconds, Wall/CPU): 0.187780 2.245084
Time for Wc(i_q=64, i_omega=1) (seconds, Wall/CPU): 0.095060 1.102952
Time for Wc(i_q=64, i_omega=2) (seconds, Wall/CPU): 0.088991 1.030262
Time for Wc(i_q=64, i_omega=3) (seconds, Wall/CPU): 0.090925 1.053150
Time for Wc(i_q=64, i_omega=4) (seconds, Wall/CPU): 0.090106 1.043187
Time for Wc(i_q=64, i_omega=5) (seconds, Wall/CPU): 0.094838 1.099021
Time for Wc(i_q=64, i_omega=6) (seconds, Wall/CPU): 0.098160 1.140582
Time for Wc computation (seconds, Wall/CPU): 64.605804 737.538859
Calculating correlation self-energy by space-time method
Using real tensor
Converting Wc(q,w) -> W(R,t)
Converting Wc q,w -> R,t
Done converting Wc(q,w) -> Wc(R,w)
Done converting Wc q,w -> R,t
Time for Fourier transform of Wc in GW (seconds, Wall/CPU): 4.786658 35.006800
Time for LibRI G0W0 setup (seconds, Wall/CPU): 0.740623 5.045169
Time for Green's function, i_spin 1 i_tau 1 (seconds, Wall/CPU): 0.015501 0.015437
Task    3. libRI G0W0, spin 0, time grid     0.089856. Wc size 64, GF size 64. Wall time 0.636199
Task    1. libRI G0W0, spin 0, time grid     0.089856. Wc size 64, GF size 64. Wall time 1.741142
Task    2. libRI G0W0, spin 0, time grid     0.089856. Wc size 64, GF size 64. Wall time 2.591717
Task    0. libRI G0W0, spin 0, time grid     0.089856. Wc size 64, GF size 64. Wall time 3.380548
Task    3. libRI G0W0, spin 0, time grid    -0.089856. Wc size 64, GF size 64. Wall time 3.328880
Task    1. libRI G0W0, spin 0, time grid    -0.089856. Wc size 64, GF size 64. Wall time 3.392549
Task    2. libRI G0W0, spin 0, time grid    -0.089856. Wc size 64, GF size 64. Wall time 3.291452
Task    0. libRI G0W0, spin 0, time grid    -0.089856. Wc size 64, GF size 64. Wall time 3.458542
Time for Green's function, i_spin 1 i_tau 2 (seconds, Wall/CPU): 0.015282 0.015231
Task    3. libRI G0W0, spin 0, time grid     0.590263. Wc size 64, GF size 64. Wall time 0.617673
Task    1. libRI G0W0, spin 0, time grid     0.590263. Wc size 64, GF size 64. Wall time 1.769350
Task    2. libRI G0W0, spin 0, time grid     0.590263. Wc size 64, GF size 64. Wall time 2.563412
Task    0. libRI G0W0, spin 0, time grid     0.590263. Wc size 64, GF size 64. Wall time 3.461213
Task    3. libRI G0W0, spin 0, time grid    -0.590263. Wc size 64, GF size 64. Wall time 3.390695
Task    1. libRI G0W0, spin 0, time grid    -0.590263. Wc size 64, GF size 64. Wall time 3.423663
Task    2. libRI G0W0, spin 0, time grid    -0.590263. Wc size 64, GF size 64. Wall time 3.436889
Task    0. libRI G0W0, spin 0, time grid    -0.590263. Wc size 64, GF size 64. Wall time 3.479965
Time for Green's function, i_spin 1 i_tau 3 (seconds, Wall/CPU): 0.015337 0.015286
Task    3. libRI G0W0, spin 0, time grid     2.129784. Wc size 64, GF size 64. Wall time 0.574080
Task    1. libRI G0W0, spin 0, time grid     2.129784. Wc size 64, GF size 64. Wall time 1.631491
Task    2. libRI G0W0, spin 0, time grid     2.129784. Wc size 64, GF size 64. Wall time 2.554630
Task    0. libRI G0W0, spin 0, time grid     2.129784. Wc size 64, GF size 64. Wall time 3.336574
Task    3. libRI G0W0, spin 0, time grid    -2.129784. Wc size 64, GF size 64. Wall time 3.224375
Task    1. libRI G0W0, spin 0, time grid    -2.129784. Wc size 64, GF size 64. Wall time 3.403535
Task    2. libRI G0W0, spin 0, time grid    -2.129784. Wc size 64, GF size 64. Wall time 3.773525
Task    0. libRI G0W0, spin 0, time grid    -2.129784. Wc size 64, GF size 64. Wall time 3.400932
Time for Green's function, i_spin 1 i_tau 4 (seconds, Wall/CPU): 0.015506 0.015488
Task    3. libRI G0W0, spin 0, time grid     6.365317. Wc size 64, GF size 64. Wall time 0.600453
Task    1. libRI G0W0, spin 0, time grid     6.365317. Wc size 64, GF size 64. Wall time 1.722925
Task    2. libRI G0W0, spin 0, time grid     6.365317. Wc size 64, GF size 64. Wall time 2.545616
Task    0. libRI G0W0, spin 0, time grid     6.365317. Wc size 64, GF size 64. Wall time 3.372709
Task    3. libRI G0W0, spin 0, time grid    -6.365317. Wc size 64, GF size 64. Wall time 3.322657
Task    1. libRI G0W0, spin 0, time grid    -6.365317. Wc size 64, GF size 64. Wall time 3.372546
Task    2. libRI G0W0, spin 0, time grid    -6.365317. Wc size 64, GF size 64. Wall time 3.324863
Task    0. libRI G0W0, spin 0, time grid    -6.365317. Wc size 64, GF size 64. Wall time 3.413677
Time for Green's function, i_spin 1 i_tau 5 (seconds, Wall/CPU): 0.015141 0.015093
Task    3. libRI G0W0, spin 0, time grid    17.100215. Wc size 64, GF size 64. Wall time 0.595296
Task    1. libRI G0W0, spin 0, time grid    17.100215. Wc size 64, GF size 64. Wall time 1.767178
Task    2. libRI G0W0, spin 0, time grid    17.100215. Wc size 64, GF size 64. Wall time 2.536000
Task    0. libRI G0W0, spin 0, time grid    17.100215. Wc size 64, GF size 64. Wall time 3.352141
Task    3. libRI G0W0, spin 0, time grid   -17.100215. Wc size 64, GF size 64. Wall time 3.313546
Task    1. libRI G0W0, spin 0, time grid   -17.100215. Wc size 64, GF size 64. Wall time 3.352939
Task    2. libRI G0W0, spin 0, time grid   -17.100215. Wc size 64, GF size 64. Wall time 3.330164
Task    0. libRI G0W0, spin 0, time grid   -17.100215. Wc size 64, GF size 64. Wall time 3.384127
Time for Green's function, i_spin 1 i_tau 6 (seconds, Wall/CPU): 0.015502 0.015460
Task    3. libRI G0W0, spin 0, time grid    43.507954. Wc size 64, GF size 64. Wall time 0.555864
Task    1. libRI G0W0, spin 0, time grid    43.507954. Wc size 64, GF size 64. Wall time 1.721375
Task    2. libRI G0W0, spin 0, time grid    43.507954. Wc size 64, GF size 64. Wall time 2.614274
Task    0. libRI G0W0, spin 0, time grid    43.507954. Wc size 64, GF size 64. Wall time 3.330797
Task    3. libRI G0W0, spin 0, time grid   -43.507954. Wc size 64, GF size 64. Wall time 3.379380
Task    1. libRI G0W0, spin 0, time grid   -43.507954. Wc size 64, GF size 64. Wall time 3.347697
Task    2. libRI G0W0, spin 0, time grid   -43.507954. Wc size 64, GF size 64. Wall time 3.304488
Task    0. libRI G0W0, spin 0, time grid   -43.507954. Wc size 64, GF size 64. Wall time 3.424890
Task    3: tensor communicate elapsed time: 2.905245
Task    0: tensor communicate elapsed time: 0.006448
Task    1: tensor communicate elapsed time: 1.792038
Task    2: tensor communicate elapsed time: 0.868903
QSGW iteration 1: max_delta= 4.06884801e+03 eV gap= 4.55165940 eV mixer=none
QSGW reached qsgw_max_iter=1 without convergence
QSGW completed iterations: 1
Finalizing LibRPA global environment at [2026-07-16 22:17:17.666]
Entry                                             #calls       CPU time (s)       Wall time (s)     
----------------------------------------------------------------------------------------------------
Total for driver                                  1            1741.1617          210.8062          
 Driver Read Input Parameters                     1             0.0002             0.0003           
 Driver Read Task-Common Input Data               1             9.4305             9.4518           
  DFT SCF eigenvalues/occupations                 1              0.0018             0.0019          
   api_set_scf_dimension                          1               0.0004             0.0005         
   api_set_wg_ekb_efermi                          1               0.0000             0.0000         
  Structure                                       1              0.0005             0.0005          
   api_set_latvec_and_G                           1               0.0001             0.0001         
   api_set_atoms                                  1               0.0000             0.0000         
  BZ sampling                                     1              0.0011             0.0012          
   api_set_kgrids_kvec                            1               0.0005             0.0005         
   api_set_kq_mapping                             1               0.0002             0.0002         
  Basis (wave-function and auxiliary)             1              0.0006             0.0007          
   api_set_basis_convention                       1               0.0000             0.0000         
   api_set_ao_basis_wfc                           1               0.0001             0.0001         
   api_set_ao_basis_aux                           1               0.0000             0.0000         
  SCF eigenvectors                                1              0.0373             0.0415          
   api_set_wfc                                    64              0.0013             0.0051         
  driver_read_ri                                  1              9.3890             9.4057          
   driver_read_Cs                                 1               8.1293             8.1437         
    handle_Cs_file_dry                            1                4.0425             4.0495        
    handle_Cs_file                                1                4.0805             4.0877        
     api_set_lri_coeff                            53                0.0246             0.0246       
   driver_read_Vq                                 1               0.6993             0.7007         
    handle_Vq_row_file                            1                0.4770             0.4779        
    set_aux_coulomb_k_atom_pair_out               1                0.2198             0.2204        
     api_set_aux_bare_coulomb_k_atom_pair         64                0.1771             0.1775       
 QSGW fixed-basis self-consistent calculation     1             1731.7135          201.0015         
  handle_Vq_row_file                              1              0.4704             0.4714          
  set_aux_coulomb_k_atom_pair_out                 1              0.1214             0.1217          
   api_set_aux_cut_coulomb_k_atom_pair            64              0.0834             0.0836         
  api_get_imaginary_freq_grids                    1              1.9165             4.8075          
   initialize_ds_tfgrids                          1               1.9159             4.8074         
  cal_head                                        1              0.0255             0.0021          
  api_build_g0w0_sigma                            1              1716.0775          187.2506        
   initialize_ds_tfgrids                          1               0.4327             0.0369         
   initialize_ds_atpairs_local                    1               0.0018             0.0001         
   redistribute_coulomb_blacs2ap                  1               0.0012             0.0001         
   initialize_ds_headwing                         1               0.0005             0.0000         
   initialize_ds_chi0                             1               0.0014             0.0001         
   Build response function chi0                   1               364.5366           43.1216        
    Loop over LibRI                               1                364.5298           43.1208       
     chi0_libri_routing_set_parallel              1                 0.0076             0.0006       
     Set Cs                                       1                 2.6493             0.4570       
     build_gf_Rt_libri_serial                     12                0.5037             0.2006       
     chi0_set_Gs                                  6                 3.3771             0.2828       
     Call cal_chi0s                               6                 282.5474           24.2618      
     chi0_libri_routing_free_gf                   6                 0.0168             0.0016       
     Collect R blocks                             6                 24.8872            10.6360      
     Cosine transform to R-space                  6                 1.4144             0.4063       
     Delayed Fourier transform                    1                 30.0212            2.6244       
   Build exchange self-energy                     1               61.9327            20.8320        
    initialize_ds_exx                             1                0.0000             0.0000        
    Fourier transform truncated Coulomb           1                3.0019             3.0116        
    g0w0_exx_real_work                            1                58.9301            17.8202       
     Prepare C libRI object                       1                 2.5328             0.3592       
     Prepare V libRI object                       1                 4.3501             2.1820       
      build_real_space_exx_2_1                    1                  0.0568             0.0570      
      build_real_space_exx_2_2                    1                  4.2932             2.1249      
     build_real_space_exx_prepare_index           1                 1.3008             1.3038       
      index_scheduler_init_pairs_unordered_map    1                  0.0000             0.0000      
      index_scheduler_ids_rc                      1                  0.0000             0.0000      
      index_scheduler_compute_map                 1                  0.0000             0.0000      
      index_scheduler_flatten                     1                  0.0000             0.0000      
     Prepare DM libRI object                      1                 0.1861             0.0164       
      exx_build_dmat_libri_kserial                1                  0.0727             0.0067      
      build_real_space_exx_libri_set_Ds           1                  0.1126             0.0096      
     Call libRI Hexx calculation                  1                 39.7180            3.3261       
     build_real_space_exx_5                       1                 0.0066             0.0006       
   Build screened interaction                     1               737.7625           64.6245        
    compute_Wc_freq_q_blacs_init                  1                0.1583             0.0132        
    compute_Wc_freq_q_work                        1                737.5389           64.6058       
     Prepare sqrt of truncated Coulomb            64                153.3297           12.8427      
      Setup libRI object                          64                 1.3813             0.1158      
      libRI Communicate                           64                 8.1541             0.6852      
      Collect 2D-block from IJ                    64                 6.5125             0.5461      
      Perform square root                         64                 137.1460           11.4846     
       power_hemat_blacs_real                     1                   1.7653             0.1485     
        power_hemat_blacs_1                       1                    0.0071             0.0006    
        power_hemat_blacs_2                       1                    1.4515             0.1222    
        power_hemat_blacs_3                       1                    0.0003             0.0000    
        power_hemat_blacs_4                       1                    0.1973             0.0165    
       power_hemat_blacs                          63                  135.2875           11.3283    
        power_hemat_blacs_1                       63                   0.2037             0.0170    
        power_hemat_blacs_2                       63                   125.4636           10.5088   
        power_hemat_blacs_3                       63                   0.9532             0.0798    
        power_hemat_blacs_4                       63                   0.0136             0.0011    
        power_hemat_blacs_5                       63                   7.0607             0.5904    
     Prepare sqrt of bare Coulomb                 64                147.5111           12.6222      
      power_hemat_blacs_real                      1                  1.0660             0.0891      
       power_hemat_blacs_1                        1                   0.0019             0.0002     
       power_hemat_blacs_2                        1                   0.8993             0.0752     
       power_hemat_blacs_3                        1                   0.0003             0.0000     
       power_hemat_blacs_4                        1                   0.1128             0.0094     
      power_hemat_blacs                           63                 128.2148           10.7227     
       power_hemat_blacs_1                        63                  0.1277             0.0106     
       power_hemat_blacs_2                        63                  119.0314           9.9573     
       power_hemat_blacs_3                        63                  0.9618             0.0805     
       power_hemat_blacs_4                        63                  0.0132             0.0011     
       power_hemat_blacs_5                        63                  6.5981             0.5517     
     epsilon_wc_work_q_omega                      384               432.6085           38.7963      
      Prepare Chi0 2D block                       384                100.8219           8.4593      
       epsilon_prepare_chi0_2d_comm_map2          384                 48.1519            4.0470     
       epsilon_prepare_chi0_2d_collect_block      384                 39.6587            3.3169     
      Compute dielectric matrix                   384                68.1585            5.7540      
       epsilon_compute_eps_pgemm_1                384                 37.4111            3.2014     
       epsilon_compute_eps_pgemm_2                384                 29.8277            2.5054     
      epsilon_to_wc                               384                243.5514           21.4881     
       epsilon_solver_coulwc                      384                 212.6948           18.9310    
       Multiply truncated Coulomb                 384                 27.8911            2.3219     
   initialize_ds_g0w0                             1               0.0014             0.0001         
   Build real-space correlation self-energy       1               551.1537           58.6067        
    Tranform Wc (q,w) -> (R,t)                    1                35.0068            4.7867        
     Perform transformation                       1                 15.3098            3.1209       
     Compute balance atom-pairs distribution      1                 0.0111             0.0112       
     index_scheduler_init_pairs_unordered_map     1                 0.0000             0.0000       
     index_scheduler_ids_rc                       1                 0.0000             0.0000       
     index_scheduler_compute_map                  1                 0.0073             0.0073       
     index_scheduler_flatten                      1                 0.0000             0.0000       
     Prepare LibRI Wc object                      6                 19.6756            1.6468       
      fill_ap_map_from_blacs_dist_scheduler       384                1.3713             0.1918      
    Setup LibRI G0W0 object and C data            1                5.0452             0.7406        
    Setup LibRI Wc                                6                25.1501            12.1167       
    Compute G(R,t) and G(R,-t)                    6                0.0920             0.0923        
     g0w0_build_gf_libri_kserial                  6                 0.0914             0.0917       
    Call libRI cal_Sigc                           12               482.4748           40.4105       
    g0w0_build_spacetime_5_clean                  12               1.8316             0.1547        
    Transform Sigc (R,t) -> (R,w)                 6                0.1259             0.0105        
    g0w0_build_spacetime_free_Ws                  6                0.5839             0.0488        
  exx_build_KS_blacs_redist                       1              0.0770             0.0064          
   exx_build_KS_blacs_redist_comm_map2            1               0.0738             0.0062         
  Hexx IJ -> 2D block                             64             0.0893             0.0073          
  Rotate Hexx ij -> KS                            64             0.0881             0.0074          
  Collect Eexx to root process                    64             0.1429             0.0121          
  g0w0_build_sigc_KS                              1              1.7786             0.1488          
   g0w0_build_sigc_KS_rspace_redist               1               0.2443             0.0205         
   g0w0_build_sigc_KS_find_bvk                    1               0.0013             0.0001         
   g0w0_build_sigc_KS_rotate_kserial              1               1.5303             0.1280         
libRPA finished successfully
