Initialized LibRPA global environment at [2026-07-16 23:51:06.050]
Total number of tasks    :     4
Total number of nodes    :     1
Maximal number of threads:  12
MPI tasks information:
| Proc    0 of Size    4: c2v100m3-3.hpc2
| Proc    1 of Size    4: c2v100m3-3.hpc2
| Proc    2 of Size    4: c2v100m3-3.hpc2
| Proc    3 of Size    4: c2v100m3-3.hpc2
| Global ID of master process of node     0 :     0

LibRPA CMake build info:
| Build type               : RelWithDebInfo
| Source code directory    : /data/home/df_iopcas_bhj/ai-runs/librpa-qsgw-rebase-gates-20260715T1910-7d69a18c/src-candidate-a25e4e43-v1/librpa-a25e4e43/src
| Source code Git reference: GITDIR-NOTFOUND
| Source code Git hash     : GITDIR-NOTFOUND
| C++ compiler             : /data/app/intel/oneapi-2024.2/mpi/2021.13/bin/mpiicpx
| C++ compiler flags       :   -fiopenmp
| Fortran compiler         : /data/app/intel/oneapi-2024.2/mpi/2021.13/bin/mpiifx
| Fortran compiler flags   : 
| GreenX commit hash       : c90d131
| Use LibRI                : ON
| LibRI include directory  : /data/home/df_iopcas_bhj/ai-runs/librpa-qsgw-rebase-gates-20260715T1910-7d69a18c/src-candidate-a25e4e43-v1/librpa-a25e4e43/thirdparty/LibRI/include
| LibComm include directory: /data/home/df_iopcas_bhj/ai-runs/librpa-qsgw-rebase-gates-20260715T1910-7d69a18c/src-candidate-a25e4e43-v1/librpa-a25e4e43/thirdparty/LibComm/include

===== Begin driver parameters  =====
task = qsgw
constants_choice = internal
input_dir = /data/home/df_iopcas_bhj/ai-runs/librpa-qsgw-rebase-gates-20260715T1910-7d69a18c/inputs/si-k444-headwing-scf-synced-v2-2345960/dataset/
prefix_lri_coeff = Cs_data
prefix_lri_coeff_shrink = Cs_shrinked_data
prefix_shrink_sinvS = shrink_sinvS_
prefix_coul_full = coulomb_mat
prefix_coul_cut = coulomb_cut
prefix_eigvecs_scf = KS_eigenvector
fn_stru = stru_out
fn_bz_sampling = bz_sampling_out
fn_basis = basis_out
fn_basis_wfc = basis_wfc_out
fn_basis_aux = basis_aux_out
fn_basis_aux_shrink = basis_aux_shrink_out
fn_eigocc_scf = band_out
fn_dielfunc = dielecfunc_out
fn_vxc_scf = vxc_out
fn_band_kpath_info = band_kpath_info
output_level = info
use_spinor_wfc = false
output_energy_qp = false
output_gw_spec_func = false
output_hamgnn = false
use_pyatb = false
version_coul_reader = -1
version_lri_reader = -1
cs_R_threshold = 1e-06
i_state_low = 0
i_state_high = 999999
qsgw_input_contract = qsgw_input.head-only.contract
qsgw_mixer = none
qsgw_mixing_beta = 0.2
qsgw_min_iter = 2
qsgw_max_iter = 2
qsgw_convergence_tolerance_ev = 0.0001
qsgw_write_iteration_matrices = true
qsgw_update_hartree = false
qsgw_hartree_coulomb = full
qsgw_hartree_normalization = weighted_occupations
===== End driver parameters    =====

===== Begin control parameters =====
output_dir = ./
restart_from_dir = <output_dir>
tfgrids_type = minimax
anacon_tfgrids_type = unset
parallel_routing = libri
rpa_headwing_mode = qavg
nfreq = 6
n_bands_chi0 = -1
n_bands_sigc = -1
n_params_anacon = -1
n_params_anacon_resample = -1
anacon_nfreq = -1
option_qpe_solver = 0
option_dielect_func = 3
option_bvk_remap = 1
rpa_headwing_body_start = 0
qpe_solver_n_iter_max = 10000
libri_chi0_collect_s0_chunk = 0
istate_ref_hedin_shift = -1
ifreq_output_wc_start = 0
ifreq_output_wc_end = -1
libri_chi0_collect_max_bytes = 0
gf_R_threshold = 0
vq_threshold = 0
minimax_emin = -1
minimax_emax = -1
minimax_regulation = 0
sqrt_coulomb_threshold = 0
libri_chi0_threshold_C = 0
libri_chi0_threshold_G = 0
libri_exx_threshold_C = 0
libri_exx_threshold_D = 0
libri_exx_threshold_V = 0
libri_g0w0_threshold_C = 0
libri_g0w0_threshold_G = 0
libri_g0w0_threshold_Wc = 0
qpe_solver_thres = 1e-06
qpe_solver_damp_factor = 0.1
sf_gf_omega_shift = 0.01
sf_sigc_omega_shift = 0.01
debug = false
replace_w_head = true
use_fullcoul_eps = true
use_fullcoul_exx = false
use_fullcoul_wc = false
use_symmetry_exx = false
use_symmetry_gw = false
use_symmetry_rpa = false
output_abacus_gw_gf = false
use_shrink_abfs = false
use_shrink_chi = false
use_scalapack_ecrpa = true
use_scalapack_gw_wc = true
use_cholesky_gw_wc = false
use_gpu_replace_scalapack = false
use_elpa_sqrt_coulomb = false
use_kpara_scf_eigvec = false
read_sigc_mat_rf = false
output_gw_sigc_ks_kf = false
output_gw_sigc_ks_mat_kf = false
output_gw_sigc_mat_kf = false
output_gw_sigc_mat_rf = false
output_gw_sigc_mat_rt = false
output_wc_rf = false
output_wc_rf_atom_pair = true
use_qpe_adaptive_damp = false
use_qpe_legacy_update = false
override_qpe_solver_nan = false
use_hedin_shift = false
===== End control parameters   =====

Mean-field dimensions set:
| number of spins           : 1
| number of k-points        : 64
| number of bands           : 26
| number of NAOs            : 26
| number of spin components : 1
Internal two-level (SCF k-points/matrix block) parallelization for eigenvectors set:
| processes per k-point      : 1
| processes per matrix block : 4
Mean-field eigenvalues and occupation numbers set:
| Minimal transition energy (Ha):       0.0400521258
| Maximal transition energy (Ha):       5.8659208022
| Fermi level               (Ha):       0.2564169102
Reading structure file: /data/home/df_iopcas_bhj/ai-runs/librpa-qsgw-rebase-gates-20260715T1910-7d69a18c/inputs/si-k444-headwing-scf-synced-v2-2345960/dataset/stru_out
Lattice vectors (Bohr): latt
               0         5.13155         5.13155
         5.13155               0         5.13155
         5.13155         5.13155               0
Reciprocal lattice vectors (2PI Bohr^-1): G
      -0.0974364       0.0974364       0.0974364
       0.0974364      -0.0974364       0.0974364
       0.0974364       0.0974364      -0.0974364
Consistency check: latt * G.T
               1               0               0
               0               1               0
               0               0               1
Atom positions read (Cartesian in Bohr | fractional):
ia    1:    0.0000000    0.0000000    0.0000000 |    0.0000000    0.0000000    0.0000000
ia    2:    2.5657622    2.5657622    2.5657622 |    0.2499986    0.2499986    0.2499986

Reading Brillouin zone sampling file: /data/home/df_iopcas_bhj/ai-runs/librpa-qsgw-rebase-gates-20260715T1910-7d69a18c/inputs/si-k444-headwing-scf-synced-v2-2345960/dataset/bz_sampling_out
kgrids:   4   4   4
k-points read (Cartesian in 2Pi Bohr^-1 | fractional):
ik    1:    0.0000000    0.0000000    0.0000000 |    0.0000000    0.0000000    0.0000000
ik    2:   -0.0243591    0.0243591    0.0243591 |    0.2500000    0.0000000    0.0000000
ik    3:   -0.0487182    0.0487182    0.0487182 |    0.5000000    0.0000000    0.0000000
ik    4:   -0.0730773    0.0730773    0.0730773 |    0.7500000    0.0000000    0.0000000
ik    5:    0.0243591   -0.0243591    0.0243591 |    0.0000000    0.2500000    0.0000000
ik    6:    0.0000000    0.0000000    0.0487182 |    0.2500000    0.2500000    0.0000000
ik    7:   -0.0243591    0.0243591    0.0730773 |    0.5000000    0.2500000    0.0000000
ik    8:   -0.0487182    0.0487182    0.0974364 |    0.7500000    0.2500000    0.0000000
ik    9:    0.0487182   -0.0487182    0.0487182 |    0.0000000    0.5000000    0.0000000
ik   10:    0.0243591   -0.0243591    0.0730773 |    0.2500000    0.5000000    0.0000000
ik   11:    0.0000000    0.0000000    0.0974364 |    0.5000000    0.5000000    0.0000000
ik   12:   -0.0243591    0.0243591    0.1217955 |    0.7500000    0.5000000    0.0000000
ik   13:    0.0730773   -0.0730773    0.0730773 |    0.0000000    0.7500000    0.0000000
ik   14:    0.0487182   -0.0487182    0.0974364 |    0.2500000    0.7500000    0.0000000
ik   15:    0.0243591   -0.0243591    0.1217955 |    0.5000000    0.7500000    0.0000000
ik   16:    0.0000000    0.0000000    0.1461546 |    0.7500000    0.7500000    0.0000000
ik   17:    0.0243591    0.0243591   -0.0243591 |    0.0000000    0.0000000    0.2500000
ik   18:    0.0000000    0.0487182    0.0000000 |    0.2500000    0.0000000    0.2500000
ik   19:   -0.0243591    0.0730773    0.0243591 |    0.5000000    0.0000000    0.2500000
ik   20:   -0.0487182    0.0974364    0.0487182 |    0.7500000    0.0000000    0.2500000
ik   21:    0.0487182    0.0000000    0.0000000 |    0.0000000    0.2500000    0.2500000
ik   22:    0.0243591    0.0243591    0.0243591 |    0.2500000    0.2500000    0.2500000
ik   23:    0.0000000    0.0487182    0.0487182 |    0.5000000    0.2500000    0.2500000
ik   24:   -0.0243591    0.0730773    0.0730773 |    0.7500000    0.2500000    0.2500000
ik   25:    0.0730773   -0.0243591    0.0243591 |    0.0000000    0.5000000    0.2500000
ik   26:    0.0487182    0.0000000    0.0487182 |    0.2500000    0.5000000    0.2500000
ik   27:    0.0243591    0.0243591    0.0730773 |    0.5000000    0.5000000    0.2500000
ik   28:    0.0000000    0.0487182    0.0974364 |    0.7500000    0.5000000    0.2500000
ik   29:    0.0974364   -0.0487182    0.0487182 |    0.0000000    0.7500000    0.2500000
ik   30:    0.0730773   -0.0243591    0.0730773 |    0.2500000    0.7500000    0.2500000
ik   31:    0.0487182    0.0000000    0.0974364 |    0.5000000    0.7500000    0.2500000
ik   32:    0.0243591    0.0243591    0.1217955 |    0.7500000    0.7500000    0.2500000
ik   33:    0.0487182    0.0487182   -0.0487182 |    0.0000000    0.0000000    0.5000000
ik   34:    0.0243591    0.0730773   -0.0243591 |    0.2500000    0.0000000    0.5000000
ik   35:    0.0000000    0.0974364    0.0000000 |    0.5000000    0.0000000    0.5000000
ik   36:   -0.0243591    0.1217955    0.0243591 |    0.7500000    0.0000000    0.5000000
ik   37:    0.0730773    0.0243591   -0.0243591 |    0.0000000    0.2500000    0.5000000
ik   38:    0.0487182    0.0487182    0.0000000 |    0.2500000    0.2500000    0.5000000
ik   39:    0.0243591    0.0730773    0.0243591 |    0.5000000    0.2500000    0.5000000
ik   40:    0.0000000    0.0974364    0.0487182 |    0.7500000    0.2500000    0.5000000
ik   41:    0.0974364    0.0000000    0.0000000 |    0.0000000    0.5000000    0.5000000
ik   42:    0.0730773    0.0243591    0.0243591 |    0.2500000    0.5000000    0.5000000
ik   43:    0.0487182    0.0487182    0.0487182 |    0.5000000    0.5000000    0.5000000
ik   44:    0.0243591    0.0730773    0.0730773 |    0.7500000    0.5000000    0.5000000
ik   45:    0.1217955   -0.0243591    0.0243591 |    0.0000000    0.7500000    0.5000000
ik   46:    0.0974364    0.0000000    0.0487182 |    0.2500000    0.7500000    0.5000000
ik   47:    0.0730773    0.0243591    0.0730773 |    0.5000000    0.7500000    0.5000000
ik   48:    0.0487182    0.0487182    0.0974364 |    0.7500000    0.7500000    0.5000000
ik   49:    0.0730773    0.0730773   -0.0730773 |    0.0000000    0.0000000    0.7500000
ik   50:    0.0487182    0.0974364   -0.0487182 |    0.2500000    0.0000000    0.7500000
ik   51:    0.0243591    0.1217955   -0.0243591 |    0.5000000    0.0000000    0.7500000
ik   52:    0.0000000    0.1461546    0.0000000 |    0.7500000    0.0000000    0.7500000
ik   53:    0.0974364    0.0487182   -0.0487182 |    0.0000000    0.2500000    0.7500000
ik   54:    0.0730773    0.0730773   -0.0243591 |    0.2500000    0.2500000    0.7500000
ik   55:    0.0487182    0.0974364    0.0000000 |    0.5000000    0.2500000    0.7500000
ik   56:    0.0243591    0.1217955    0.0243591 |    0.7500000    0.2500000    0.7500000
ik   57:    0.1217955    0.0243591   -0.0243591 |    0.0000000    0.5000000    0.7500000
ik   58:    0.0974364    0.0487182    0.0000000 |    0.2500000    0.5000000    0.7500000
ik   59:    0.0730773    0.0730773    0.0243591 |    0.5000000    0.5000000    0.7500000
ik   60:    0.0487182    0.0974364    0.0487182 |    0.7500000    0.5000000    0.7500000
ik   61:    0.1461546    0.0000000    0.0000000 |    0.0000000    0.7500000    0.7500000
ik   62:    0.1217955    0.0243591    0.0243591 |    0.2500000    0.7500000    0.7500000
ik   63:    0.0974364    0.0487182    0.0487182 |    0.5000000    0.7500000    0.7500000
ik   64:    0.0730773    0.0730773    0.0730773 |    0.7500000    0.7500000    0.7500000
Hint: full k-point list is copied from parsed k-points.
R-points to compute: 64
    1 -     5 : ( -2,  -2,  -2) ( -2,  -2,  -1) ( -2,  -2,   0) ( -2,  -2,   1) ( -2,  -1,  -2)
    6 -    10 : ( -2,  -1,  -1) ( -2,  -1,   0) ( -2,  -1,   1) ( -2,   0,  -2) ( -2,   0,  -1)
   11 -    15 : ( -2,   0,   0) ( -2,   0,   1) ( -2,   1,  -2) ( -2,   1,  -1) ( -2,   1,   0)
   16 -    20 : ( -2,   1,   1) ( -1,  -2,  -2) ( -1,  -2,  -1) ( -1,  -2,   0) ( -1,  -2,   1)
   21 -    25 : ( -1,  -1,  -2) ( -1,  -1,  -1) ( -1,  -1,   0) ( -1,  -1,   1) ( -1,   0,  -2)
   26 -    30 : ( -1,   0,  -1) ( -1,   0,   0) ( -1,   0,   1) ( -1,   1,  -2) ( -1,   1,  -1)
   31 -    35 : ( -1,   1,   0) ( -1,   1,   1) (  0,  -2,  -2) (  0,  -2,  -1) (  0,  -2,   0)
   36 -    40 : (  0,  -2,   1) (  0,  -1,  -2) (  0,  -1,  -1) (  0,  -1,   0) (  0,  -1,   1)
   41 -    45 : (  0,   0,  -2) (  0,   0,  -1) (  0,   0,   0) (  0,   0,   1) (  0,   1,  -2)
   46 -    50 : (  0,   1,  -1) (  0,   1,   0) (  0,   1,   1) (  1,  -2,  -2) (  1,  -2,  -1)
   51 -    55 : (  1,  -2,   0) (  1,  -2,   1) (  1,  -1,  -2) (  1,  -1,  -1) (  1,  -1,   0)
   56 -    60 : (  1,  -1,   1) (  1,   0,  -2) (  1,   0,  -1) (  1,   0,   0) (  1,   0,   1)
   61 -    64 : (  1,   1,  -2) (  1,   1,  -1) (  1,   1,   0) (  1,   1,   1)

SCF k-point to Coulomb q-point mapping:
  ik:          k_1          k_2          k_3      iq
   1:    0.0000000    0.0000000    0.0000000
   2:    0.2500000    0.0000000    0.0000000
   3:    0.5000000    0.0000000    0.0000000
   4:    0.7500000    0.0000000    0.0000000
   5:    0.0000000    0.2500000    0.0000000
   6:    0.2500000    0.2500000    0.0000000
   7:    0.5000000    0.2500000    0.0000000
   8:    0.7500000    0.2500000    0.0000000
   9:    0.0000000    0.5000000    0.0000000
  10:    0.2500000    0.5000000    0.0000000
  11:    0.5000000    0.5000000    0.0000000
  12:    0.7500000    0.5000000    0.0000000
  13:    0.0000000    0.7500000    0.0000000
  14:    0.2500000    0.7500000    0.0000000
  15:    0.5000000    0.7500000    0.0000000
  16:    0.7500000    0.7500000    0.0000000
  17:    0.0000000    0.0000000    0.2500000
  18:    0.2500000    0.0000000    0.2500000
  19:    0.5000000    0.0000000    0.2500000
  20:    0.7500000    0.0000000    0.2500000
  21:    0.0000000    0.2500000    0.2500000
  22:    0.2500000    0.2500000    0.2500000
  23:    0.5000000    0.2500000    0.2500000
  24:    0.7500000    0.2500000    0.2500000
  25:    0.0000000    0.5000000    0.2500000
  26:    0.2500000    0.5000000    0.2500000
  27:    0.5000000    0.5000000    0.2500000
  28:    0.7500000    0.5000000    0.2500000
  29:    0.0000000    0.7500000    0.2500000
  30:    0.2500000    0.7500000    0.2500000
  31:    0.5000000    0.7500000    0.2500000
  32:    0.7500000    0.7500000    0.2500000
  33:    0.0000000    0.0000000    0.5000000
  34:    0.2500000    0.0000000    0.5000000
  35:    0.5000000    0.0000000    0.5000000
  36:    0.7500000    0.0000000    0.5000000
  37:    0.0000000    0.2500000    0.5000000
  38:    0.2500000    0.2500000    0.5000000
  39:    0.5000000    0.2500000    0.5000000
  40:    0.7500000    0.2500000    0.5000000
  41:    0.0000000    0.5000000    0.5000000
  42:    0.2500000    0.5000000    0.5000000
  43:    0.5000000    0.5000000    0.5000000
  44:    0.7500000    0.5000000    0.5000000
  45:    0.0000000    0.7500000    0.5000000
  46:    0.2500000    0.7500000    0.5000000
  47:    0.5000000    0.7500000    0.5000000
  48:    0.7500000    0.7500000    0.5000000
  49:    0.0000000    0.0000000    0.7500000
  50:    0.2500000    0.0000000    0.7500000
  51:    0.5000000    0.0000000    0.7500000
  52:    0.7500000    0.0000000    0.7500000
  53:    0.0000000    0.2500000    0.7500000
  54:    0.2500000    0.2500000    0.7500000
  55:    0.5000000    0.2500000    0.7500000
  56:    0.7500000    0.2500000    0.7500000
  57:    0.0000000    0.5000000    0.7500000
  58:    0.2500000    0.5000000    0.7500000
  59:    0.5000000    0.5000000    0.7500000
  60:    0.7500000    0.5000000    0.7500000
  61:    0.0000000    0.7500000    0.7500000
  62:    0.2500000    0.7500000    0.7500000
  63:    0.5000000    0.7500000    0.7500000
  64:    0.7500000    0.7500000    0.7500000

Reading wave-function basis information file: /data/home/df_iopcas_bhj/ai-runs/librpa-qsgw-rebase-gates-20260715T1910-7d69a18c/inputs/si-k444-headwing-scf-synced-v2-2345960/dataset/basis_wfc_out
Basis convention set:
| Bloch phase      : -1
| Bloch r_atom     : 0
| angular order    : 1
| RSH coeff m < 0  : 1
| RSH coeff m > 0  : 0
Wave-function basis functions set:
| total number of basis: 26
Reading auxiliary basis information file: /data/home/df_iopcas_bhj/ai-runs/librpa-qsgw-rebase-gates-20260715T1910-7d69a18c/inputs/si-k444-headwing-scf-synced-v2-2345960/dataset/basis_aux_out
Auxiliary basis functions set:
| total number of basis: 794

KS eigenvector reader: legacy text
Successfully read eigenvector files
Loading RI file from directory: /data/home/df_iopcas_bhj/ai-runs/librpa-qsgw-rebase-gates-20260715T1910-7d69a18c/inputs/si-k444-headwing-scf-synced-v2-2345960/dataset/
Evenly distributed Cs and V for LibRI
LRI coefficient reader (Cs_data): legacy
Finished Cs filtering
Finished Cs parsing
Begin READ_Vq_Row
Begin READ_Vq_Row
Begin READ_Vq_Row
Coulomb reader (coulomb_mat): legacy
Begin READ_Vq_Row
ASCII format V files detected
| Process     0: coulomb_mat read. Wall/CPU time [min]:       0.0113       0.0112
| Process     1: coulomb_mat read. Wall/CPU time [min]:       0.0055       0.0055
| Process     2: coulomb_mat read. Wall/CPU time [min]:       0.0114       0.0114
| Process     3: coulomb_mat read. Wall/CPU time [min]:       0.0114       0.0114
| Process     0: Cs with             53 non-zero keys from local atpair size       1. Data memory:      28.45 MB. Wall/CPU time [min]:       0.1378       0.1375
| Process     1: Cs with             53 non-zero keys from local atpair size       0. Data memory:      28.45 MB. Wall/CPU time [min]:       0.1357       0.1354
| Process     2: Cs with             52 non-zero keys from local atpair size       1. Data memory:      27.91 MB. Wall/CPU time [min]:       0.1433       0.1401
| Process     3: Cs with             52 non-zero keys from local atpair size       1. Data memory:      27.91 MB. Wall/CPU time [min]:       0.1403       0.1401
Actual parallel routing used: libri
Initialization finished, Wall/CPU time [min]:       0.0000       0.0000
Free memory on node     0 [GB]:  363.515
Common data parsed, task qsgw will begin
qsgw: QSGW
Coulomb reader (coulomb_cut): legacy
Begin READ_Vq_Row
ASCII format V files detected
Begin READ_Vq_Row
Begin READ_Vq_Row
Begin READ_Vq_Row
Reading head/wing input from /data/home/df_iopcas_bhj/ai-runs/librpa-qsgw-rebase-gates-20260715T1910-7d69a18c/inputs/si-k444-headwing-scf-synced-v2-2345960/dataset/pyatb_librpa_df/
KS eigenvector reader: legacy text
* Success: read velocity from pyatb_librpa_df(ABACUS).
Using PyATB head/wing input on the active LibRPA k-list with 64 k-points
Head k matrix (iomega=0): route=full_bz ik=0 k=( 0.000000000000, 0.000000000000, 0.000000000000)
( 1.87457989e+01, 0.00000000e+00) ( 1.07148030e-10, 0.00000000e+00) ( 1.07348086e-10, 0.00000000e+00)
( 1.07148030e-10, 0.00000000e+00) ( 1.87457989e+01, 0.00000000e+00) ( 1.07072347e-10, 0.00000000e+00)
( 1.07348086e-10, 0.00000000e+00) ( 1.07072347e-10, 0.00000000e+00) ( 1.87457989e+01, 0.00000000e+00)
Head k matrix (iomega=0): route=full_bz ik=1 k=( 0.250000000000, 0.000000000000, 0.000000000000)
( 0.00000000e+00, 0.00000000e+00) ( 0.00000000e+00, 0.00000000e+00) ( 0.00000000e+00, 0.00000000e+00)
( 0.00000000e+00, 0.00000000e+00) ( 0.00000000e+00, 0.00000000e+00) ( 0.00000000e+00, 0.00000000e+00)
( 0.00000000e+00, 0.00000000e+00) ( 0.00000000e+00, 0.00000000e+00) ( 0.00000000e+00, 0.00000000e+00)
Head k matrix (iomega=0): route=full_bz ik=2 k=( 0.500000000000, 0.000000000000, 0.000000000000)
( 0.00000000e+00, 0.00000000e+00) ( 0.00000000e+00, 0.00000000e+00) ( 0.00000000e+00, 0.00000000e+00)
( 0.00000000e+00, 0.00000000e+00) ( 0.00000000e+00, 0.00000000e+00) ( 0.00000000e+00, 0.00000000e+00)
( 0.00000000e+00, 0.00000000e+00) ( 0.00000000e+00, 0.00000000e+00) ( 0.00000000e+00, 0.00000000e+00)
Head k matrix (iomega=0): route=full_bz ik=3 k=( 0.750000000000, 0.000000000000, 0.000000000000)
( 0.00000000e+00, 0.00000000e+00) ( 0.00000000e+00, 0.00000000e+00) ( 0.00000000e+00, 0.00000000e+00)
( 0.00000000e+00, 0.00000000e+00) ( 0.00000000e+00, 0.00000000e+00) ( 0.00000000e+00, 0.00000000e+00)
( 0.00000000e+00, 0.00000000e+00) ( 0.00000000e+00, 0.00000000e+00) ( 0.00000000e+00, 0.00000000e+00)
Head k matrix (iomega=0): route=full_bz ik=4 k=( 0.000000000000, 0.250000000000, 0.000000000000)
( 7.25543520e+00, 0.00000000e+00) ( 3.52510148e+00,-5.18893172e-09) (-3.52510116e+00, 9.11504699e-12)
( 3.52510148e+00, 5.18893172e-09) ( 7.25543729e+00, 0.00000000e+00) ( 3.52510136e+00, 5.18940116e-09)
(-3.52510116e+00,-9.11504699e-12) ( 3.52510136e+00,-5.18940116e-09) ( 7.25543291e+00, 0.00000000e+00)
Head k matrix (iomega=0): route=full_bz ik=5 k=( 0.250000000000, 0.250000000000, 0.000000000000)
( 0.00000000e+00, 0.00000000e+00) ( 0.00000000e+00, 0.00000000e+00) ( 0.00000000e+00, 0.00000000e+00)
( 0.00000000e+00, 0.00000000e+00) ( 0.00000000e+00, 0.00000000e+00) ( 0.00000000e+00, 0.00000000e+00)
( 0.00000000e+00, 0.00000000e+00) ( 0.00000000e+00, 0.00000000e+00) ( 0.00000000e+00, 0.00000000e+00)
Head k matrix (iomega=0): route=full_bz ik=6 k=( 0.500000000000, 0.250000000000, 0.000000000000)
( 0.00000000e+00, 0.00000000e+00) ( 0.00000000e+00, 0.00000000e+00) ( 0.00000000e+00, 0.00000000e+00)
( 0.00000000e+00, 0.00000000e+00) ( 0.00000000e+00, 0.00000000e+00) ( 0.00000000e+00, 0.00000000e+00)
( 0.00000000e+00, 0.00000000e+00) ( 0.00000000e+00, 0.00000000e+00) ( 0.00000000e+00, 0.00000000e+00)
Head k matrix (iomega=0): route=full_bz ik=7 k=( 0.750000000000, 0.250000000000, 0.000000000000)
( 0.00000000e+00, 0.00000000e+00) ( 0.00000000e+00, 0.00000000e+00) ( 0.00000000e+00, 0.00000000e+00)
( 0.00000000e+00, 0.00000000e+00) ( 0.00000000e+00, 0.00000000e+00) ( 0.00000000e+00, 0.00000000e+00)
( 0.00000000e+00, 0.00000000e+00) ( 0.00000000e+00, 0.00000000e+00) ( 0.00000000e+00, 0.00000000e+00)
Head k matrix (iomega=0): route=full_bz ik=8 k=( 0.000000000000, 0.500000000000, 0.000000000000)
( 8.20546815e+00, 0.00000000e+00) ( 4.02221217e+00, 8.47537791e-25) (-4.02221128e+00, 4.82959819e-28)
( 4.02221217e+00,-8.47537791e-25) ( 8.20546635e+00, 0.00000000e+00) ( 4.02221218e+00,-8.47399069e-25)
(-4.02221128e+00,-4.82959819e-28) ( 4.02221218e+00, 8.47399069e-25) ( 8.20546815e+00, 0.00000000e+00)
Head k matrix (iomega=0): route=full_bz ik=9 k=( 0.250000000000, 0.500000000000, 0.000000000000)
( 0.00000000e+00, 0.00000000e+00) ( 0.00000000e+00, 0.00000000e+00) ( 0.00000000e+00, 0.00000000e+00)
( 0.00000000e+00, 0.00000000e+00) ( 0.00000000e+00, 0.00000000e+00) ( 0.00000000e+00, 0.00000000e+00)
( 0.00000000e+00, 0.00000000e+00) ( 0.00000000e+00, 0.00000000e+00) ( 0.00000000e+00, 0.00000000e+00)
Head k matrix (iomega=0): route=full_bz ik=10 k=( 0.500000000000, 0.500000000000, 0.000000000000)
( 0.00000000e+00, 0.00000000e+00) ( 0.00000000e+00, 0.00000000e+00) ( 0.00000000e+00, 0.00000000e+00)
( 0.00000000e+00, 0.00000000e+00) ( 0.00000000e+00, 0.00000000e+00) ( 0.00000000e+00, 0.00000000e+00)
( 0.00000000e+00, 0.00000000e+00) ( 0.00000000e+00, 0.00000000e+00) ( 0.00000000e+00, 0.00000000e+00)
Head k matrix (iomega=0): route=full_bz ik=11 k=( 0.750000000000, 0.500000000000, 0.000000000000)
( 0.00000000e+00, 0.00000000e+00) ( 0.00000000e+00, 0.00000000e+00) ( 0.00000000e+00, 0.00000000e+00)
( 0.00000000e+00, 0.00000000e+00) ( 0.00000000e+00, 0.00000000e+00) ( 0.00000000e+00, 0.00000000e+00)
( 0.00000000e+00, 0.00000000e+00) ( 0.00000000e+00, 0.00000000e+00) ( 0.00000000e+00, 0.00000000e+00)
Head k matrix (iomega=0): route=full_bz ik=12 k=( 0.000000000000, 0.750000000000, 0.000000000000)
( 7.25543520e+00, 0.00000000e+00) ( 3.52510148e+00, 5.18893130e-09) (-3.52510116e+00,-9.11844072e-12)
( 3.52510148e+00,-5.18893130e-09) ( 7.25543729e+00, 0.00000000e+00) ( 3.52510136e+00,-5.18939197e-09)
(-3.52510116e+00, 9.11844072e-12) ( 3.52510136e+00, 5.18939197e-09) ( 7.25543291e+00, 0.00000000e+00)
Head k matrix (iomega=0): route=full_bz ik=13 k=( 0.250000000000, 0.750000000000, 0.000000000000)
( 0.00000000e+00, 0.00000000e+00) ( 0.00000000e+00, 0.00000000e+00) ( 0.00000000e+00, 0.00000000e+00)
( 0.00000000e+00, 0.00000000e+00) ( 0.00000000e+00, 0.00000000e+00) ( 0.00000000e+00, 0.00000000e+00)
( 0.00000000e+00, 0.00000000e+00) ( 0.00000000e+00, 0.00000000e+00) ( 0.00000000e+00, 0.00000000e+00)
Head k matrix (iomega=0): route=full_bz ik=14 k=( 0.500000000000, 0.750000000000, 0.000000000000)
( 0.00000000e+00, 0.00000000e+00) ( 0.00000000e+00, 0.00000000e+00) ( 0.00000000e+00, 0.00000000e+00)
( 0.00000000e+00, 0.00000000e+00) ( 0.00000000e+00, 0.00000000e+00) ( 0.00000000e+00, 0.00000000e+00)
( 0.00000000e+00, 0.00000000e+00) ( 0.00000000e+00, 0.00000000e+00) ( 0.00000000e+00, 0.00000000e+00)
Head k matrix (iomega=0): route=full_bz ik=15 k=( 0.750000000000, 0.750000000000, 0.000000000000)
( 0.00000000e+00, 0.00000000e+00) ( 0.00000000e+00, 0.00000000e+00) ( 0.00000000e+00, 0.00000000e+00)
( 0.00000000e+00, 0.00000000e+00) ( 0.00000000e+00, 0.00000000e+00) ( 0.00000000e+00, 0.00000000e+00)
( 0.00000000e+00, 0.00000000e+00) ( 0.00000000e+00, 0.00000000e+00) ( 0.00000000e+00, 0.00000000e+00)
Head k matrix (iomega=0): route=full_bz ik=16 k=( 0.000000000000, 0.000000000000, 0.250000000000)
( 7.25543520e+00, 0.00000000e+00) (-3.52510140e+00,-9.01984968e-12) ( 3.52510123e+00,-5.20709762e-09)
(-3.52510140e+00, 9.01984968e-12) ( 7.25543743e+00, 0.00000000e+00) ( 3.52510136e+00,-5.20664308e-09)
( 3.52510123e+00, 5.20709762e-09) ( 3.52510136e+00, 5.20664308e-09) ( 7.25543276e+00, 0.00000000e+00)
Head k matrix (iomega=0): route=full_bz ik=17 k=( 0.250000000000, 0.000000000000, 0.250000000000)
( 0.00000000e+00, 0.00000000e+00) ( 0.00000000e+00, 0.00000000e+00) ( 0.00000000e+00, 0.00000000e+00)
( 0.00000000e+00, 0.00000000e+00) ( 0.00000000e+00, 0.00000000e+00) ( 0.00000000e+00, 0.00000000e+00)
( 0.00000000e+00, 0.00000000e+00) ( 0.00000000e+00, 0.00000000e+00) ( 0.00000000e+00, 0.00000000e+00)
Head k matrix (iomega=0): route=full_bz ik=18 k=( 0.500000000000, 0.000000000000, 0.250000000000)
( 0.00000000e+00, 0.00000000e+00) ( 0.00000000e+00, 0.00000000e+00) ( 0.00000000e+00, 0.00000000e+00)
( 0.00000000e+00, 0.00000000e+00) ( 0.00000000e+00, 0.00000000e+00) ( 0.00000000e+00, 0.00000000e+00)
( 0.00000000e+00, 0.00000000e+00) ( 0.00000000e+00, 0.00000000e+00) ( 0.00000000e+00, 0.00000000e+00)
Head k matrix (iomega=0): route=full_bz ik=19 k=( 0.750000000000, 0.000000000000, 0.250000000000)
( 0.00000000e+00, 0.00000000e+00) ( 0.00000000e+00, 0.00000000e+00) ( 0.00000000e+00, 0.00000000e+00)
( 0.00000000e+00, 0.00000000e+00) ( 0.00000000e+00, 0.00000000e+00) ( 0.00000000e+00, 0.00000000e+00)
( 0.00000000e+00, 0.00000000e+00) ( 0.00000000e+00, 0.00000000e+00) ( 0.00000000e+00, 0.00000000e+00)
Head k matrix (iomega=0): route=full_bz ik=20 k=( 0.000000000000, 0.250000000000, 0.250000000000)
( 2.22368160e-01, 0.00000000e+00) ( 1.68598627e-10, 2.58231971e-07) ( 1.68602863e-10, 2.58231964e-07)
( 1.68598627e-10,-2.58231971e-07) ( 6.08243981e+00, 0.00000000e+00) ( 1.68584712e-10,-1.99100558e-11)
( 1.68602863e-10,-2.58231964e-07) ( 1.68584712e-10, 1.99100558e-11) ( 6.08242966e+00, 0.00000000e+00)
Head k matrix (iomega=0): route=full_bz ik=21 k=( 0.250000000000, 0.250000000000, 0.250000000000)
( 0.00000000e+00, 0.00000000e+00) ( 0.00000000e+00, 0.00000000e+00) ( 0.00000000e+00, 0.00000000e+00)
( 0.00000000e+00, 0.00000000e+00) ( 0.00000000e+00, 0.00000000e+00) ( 0.00000000e+00, 0.00000000e+00)
( 0.00000000e+00, 0.00000000e+00) ( 0.00000000e+00, 0.00000000e+00) ( 0.00000000e+00, 0.00000000e+00)
Head k matrix (iomega=0): route=full_bz ik=22 k=( 0.500000000000, 0.250000000000, 0.250000000000)
( 0.00000000e+00, 0.00000000e+00) ( 0.00000000e+00, 0.00000000e+00) ( 0.00000000e+00, 0.00000000e+00)
( 0.00000000e+00, 0.00000000e+00) ( 0.00000000e+00, 0.00000000e+00) ( 0.00000000e+00, 0.00000000e+00)
( 0.00000000e+00, 0.00000000e+00) ( 0.00000000e+00, 0.00000000e+00) ( 0.00000000e+00, 0.00000000e+00)
Head k matrix (iomega=0): route=full_bz ik=23 k=( 0.750000000000, 0.250000000000, 0.250000000000)
( 0.00000000e+00, 0.00000000e+00) ( 0.00000000e+00, 0.00000000e+00) ( 0.00000000e+00, 0.00000000e+00)
( 0.00000000e+00, 0.00000000e+00) ( 0.00000000e+00, 0.00000000e+00) ( 0.00000000e+00, 0.00000000e+00)
( 0.00000000e+00, 0.00000000e+00) ( 0.00000000e+00, 0.00000000e+00) ( 0.00000000e+00, 0.00000000e+00)
Head k matrix (iomega=0): route=full_bz ik=24 k=( 0.000000000000, 0.500000000000, 0.250000000000)
( 2.15979167e-01, 0.00000000e+00) ( 2.58753546e-02, 4.32654211e-07) (-2.58740568e-02,-1.92940801e-07)
( 2.58753546e-02,-4.32654211e-07) ( 2.58236655e+00, 0.00000000e+00) ( 2.44162295e+00,-2.05320712e-08)
(-2.58740568e-02, 1.92940801e-07) ( 2.44162295e+00, 2.05320712e-08) ( 2.58236813e+00, 0.00000000e+00)
Head k matrix (iomega=0): route=full_bz ik=25 k=( 0.250000000000, 0.500000000000, 0.250000000000)
( 0.00000000e+00, 0.00000000e+00) ( 0.00000000e+00, 0.00000000e+00) ( 0.00000000e+00, 0.00000000e+00)
( 0.00000000e+00, 0.00000000e+00) ( 0.00000000e+00, 0.00000000e+00) ( 0.00000000e+00, 0.00000000e+00)
( 0.00000000e+00, 0.00000000e+00) ( 0.00000000e+00, 0.00000000e+00) ( 0.00000000e+00, 0.00000000e+00)
Head k matrix (iomega=0): route=full_bz ik=26 k=( 0.500000000000, 0.500000000000, 0.250000000000)
( 0.00000000e+00, 0.00000000e+00) ( 0.00000000e+00, 0.00000000e+00) ( 0.00000000e+00, 0.00000000e+00)
( 0.00000000e+00, 0.00000000e+00) ( 0.00000000e+00, 0.00000000e+00) ( 0.00000000e+00, 0.00000000e+00)
( 0.00000000e+00, 0.00000000e+00) ( 0.00000000e+00, 0.00000000e+00) ( 0.00000000e+00, 0.00000000e+00)
Head k matrix (iomega=0): route=full_bz ik=27 k=( 0.750000000000, 0.500000000000, 0.250000000000)
( 0.00000000e+00, 0.00000000e+00) ( 0.00000000e+00, 0.00000000e+00) ( 0.00000000e+00, 0.00000000e+00)
( 0.00000000e+00, 0.00000000e+00) ( 0.00000000e+00, 0.00000000e+00) ( 0.00000000e+00, 0.00000000e+00)
( 0.00000000e+00, 0.00000000e+00) ( 0.00000000e+00, 0.00000000e+00) ( 0.00000000e+00, 0.00000000e+00)
Head k matrix (iomega=0): route=full_bz ik=28 k=( 0.000000000000, 0.750000000000, 0.250000000000)
( 2.99067602e-01, 0.00000000e+00) (-5.32041483e-08, 1.79278042e-07) (-5.32041479e-08,-1.79273171e-07)
(-5.32041483e-08,-1.79278042e-07) ( 2.48706162e+00, 0.00000000e+00) ( 2.32324070e+00,-3.64661358e-08)
(-5.32041479e-08, 1.79273171e-07) ( 2.32324070e+00, 3.64661358e-08) ( 2.48706174e+00, 0.00000000e+00)
Head k matrix (iomega=0): route=full_bz ik=29 k=( 0.250000000000, 0.750000000000, 0.250000000000)
( 0.00000000e+00, 0.00000000e+00) ( 0.00000000e+00, 0.00000000e+00) ( 0.00000000e+00, 0.00000000e+00)
( 0.00000000e+00, 0.00000000e+00) ( 0.00000000e+00, 0.00000000e+00) ( 0.00000000e+00, 0.00000000e+00)
( 0.00000000e+00, 0.00000000e+00) ( 0.00000000e+00, 0.00000000e+00) ( 0.00000000e+00, 0.00000000e+00)
Head k matrix (iomega=0): route=full_bz ik=30 k=( 0.500000000000, 0.750000000000, 0.250000000000)
( 0.00000000e+00, 0.00000000e+00) ( 0.00000000e+00, 0.00000000e+00) ( 0.00000000e+00, 0.00000000e+00)
( 0.00000000e+00, 0.00000000e+00) ( 0.00000000e+00, 0.00000000e+00) ( 0.00000000e+00, 0.00000000e+00)
( 0.00000000e+00, 0.00000000e+00) ( 0.00000000e+00, 0.00000000e+00) ( 0.00000000e+00, 0.00000000e+00)
Head k matrix (iomega=0): route=full_bz ik=31 k=( 0.750000000000, 0.750000000000, 0.250000000000)
( 0.00000000e+00, 0.00000000e+00) ( 0.00000000e+00, 0.00000000e+00) ( 0.00000000e+00, 0.00000000e+00)
( 0.00000000e+00, 0.00000000e+00) ( 0.00000000e+00, 0.00000000e+00) ( 0.00000000e+00, 0.00000000e+00)
( 0.00000000e+00, 0.00000000e+00) ( 0.00000000e+00, 0.00000000e+00) ( 0.00000000e+00, 0.00000000e+00)
Head k matrix (iomega=0): route=full_bz ik=32 k=( 0.000000000000, 0.000000000000, 0.500000000000)
( 8.20546815e+00, 0.00000000e+00) (-4.02221128e+00,-4.66459774e-28) ( 4.02221218e+00, 8.46571731e-25)
(-4.02221128e+00, 4.66459774e-28) ( 8.20546815e+00, 0.00000000e+00) ( 4.02221218e+00, 8.46731465e-25)
( 4.02221218e+00,-8.46571731e-25) ( 4.02221218e+00,-8.46731465e-25) ( 8.20546635e+00, 0.00000000e+00)
Head k matrix (iomega=0): route=full_bz ik=33 k=( 0.250000000000, 0.000000000000, 0.500000000000)
( 0.00000000e+00, 0.00000000e+00) ( 0.00000000e+00, 0.00000000e+00) ( 0.00000000e+00, 0.00000000e+00)
( 0.00000000e+00, 0.00000000e+00) ( 0.00000000e+00, 0.00000000e+00) ( 0.00000000e+00, 0.00000000e+00)
( 0.00000000e+00, 0.00000000e+00) ( 0.00000000e+00, 0.00000000e+00) ( 0.00000000e+00, 0.00000000e+00)
Head k matrix (iomega=0): route=full_bz ik=34 k=( 0.500000000000, 0.000000000000, 0.500000000000)
( 0.00000000e+00, 0.00000000e+00) ( 0.00000000e+00, 0.00000000e+00) ( 0.00000000e+00, 0.00000000e+00)
( 0.00000000e+00, 0.00000000e+00) ( 0.00000000e+00, 0.00000000e+00) ( 0.00000000e+00, 0.00000000e+00)
( 0.00000000e+00, 0.00000000e+00) ( 0.00000000e+00, 0.00000000e+00) ( 0.00000000e+00, 0.00000000e+00)
Head k matrix (iomega=0): route=full_bz ik=35 k=( 0.750000000000, 0.000000000000, 0.500000000000)
( 0.00000000e+00, 0.00000000e+00) ( 0.00000000e+00, 0.00000000e+00) ( 0.00000000e+00, 0.00000000e+00)
( 0.00000000e+00, 0.00000000e+00) ( 0.00000000e+00, 0.00000000e+00) ( 0.00000000e+00, 0.00000000e+00)
( 0.00000000e+00, 0.00000000e+00) ( 0.00000000e+00, 0.00000000e+00) ( 0.00000000e+00, 0.00000000e+00)
Head k matrix (iomega=0): route=full_bz ik=36 k=( 0.000000000000, 0.250000000000, 0.500000000000)
( 2.15979167e-01, 0.00000000e+00) (-2.58744612e-02,-1.92937953e-07) ( 2.58749502e-02, 4.32657053e-07)
(-2.58744612e-02, 1.92937953e-07) ( 2.58236678e+00, 0.00000000e+00) ( 2.44162295e+00, 2.05178901e-08)
( 2.58749502e-02,-4.32657053e-07) ( 2.44162295e+00,-2.05178901e-08) ( 2.58236791e+00, 0.00000000e+00)
Head k matrix (iomega=0): route=full_bz ik=37 k=( 0.250000000000, 0.250000000000, 0.500000000000)
( 0.00000000e+00, 0.00000000e+00) ( 0.00000000e+00, 0.00000000e+00) ( 0.00000000e+00, 0.00000000e+00)
( 0.00000000e+00, 0.00000000e+00) ( 0.00000000e+00, 0.00000000e+00) ( 0.00000000e+00, 0.00000000e+00)
( 0.00000000e+00, 0.00000000e+00) ( 0.00000000e+00, 0.00000000e+00) ( 0.00000000e+00, 0.00000000e+00)
Head k matrix (iomega=0): route=full_bz ik=38 k=( 0.500000000000, 0.250000000000, 0.500000000000)
( 0.00000000e+00, 0.00000000e+00) ( 0.00000000e+00, 0.00000000e+00) ( 0.00000000e+00, 0.00000000e+00)
( 0.00000000e+00, 0.00000000e+00) ( 0.00000000e+00, 0.00000000e+00) ( 0.00000000e+00, 0.00000000e+00)
( 0.00000000e+00, 0.00000000e+00) ( 0.00000000e+00, 0.00000000e+00) ( 0.00000000e+00, 0.00000000e+00)
Head k matrix (iomega=0): route=full_bz ik=39 k=( 0.750000000000, 0.250000000000, 0.500000000000)
( 0.00000000e+00, 0.00000000e+00) ( 0.00000000e+00, 0.00000000e+00) ( 0.00000000e+00, 0.00000000e+00)
( 0.00000000e+00, 0.00000000e+00) ( 0.00000000e+00, 0.00000000e+00) ( 0.00000000e+00, 0.00000000e+00)
( 0.00000000e+00, 0.00000000e+00) ( 0.00000000e+00, 0.00000000e+00) ( 0.00000000e+00, 0.00000000e+00)
Head k matrix (iomega=0): route=full_bz ik=40 k=( 0.000000000000, 0.500000000000, 0.500000000000)
( 1.21151467e-01, 0.00000000e+00) ( 7.30872097e-11,-1.14280700e-17) ( 7.30987593e-11, 3.46519866e-17)
( 7.30872097e-11, 1.14280700e-17) ( 6.24029346e+00, 0.00000000e+00) ( 7.30220794e-11, 6.37532715e-17)
( 7.30987593e-11,-3.46519866e-17) ( 7.30220794e-11,-6.37532715e-17) ( 6.24029346e+00, 0.00000000e+00)
Head k matrix (iomega=0): route=full_bz ik=41 k=( 0.250000000000, 0.500000000000, 0.500000000000)
( 0.00000000e+00, 0.00000000e+00) ( 0.00000000e+00, 0.00000000e+00) ( 0.00000000e+00, 0.00000000e+00)
( 0.00000000e+00, 0.00000000e+00) ( 0.00000000e+00, 0.00000000e+00) ( 0.00000000e+00, 0.00000000e+00)
( 0.00000000e+00, 0.00000000e+00) ( 0.00000000e+00, 0.00000000e+00) ( 0.00000000e+00, 0.00000000e+00)
Head k matrix (iomega=0): route=full_bz ik=42 k=( 0.500000000000, 0.500000000000, 0.500000000000)
( 0.00000000e+00, 0.00000000e+00) ( 0.00000000e+00, 0.00000000e+00) ( 0.00000000e+00, 0.00000000e+00)
( 0.00000000e+00, 0.00000000e+00) ( 0.00000000e+00, 0.00000000e+00) ( 0.00000000e+00, 0.00000000e+00)
( 0.00000000e+00, 0.00000000e+00) ( 0.00000000e+00, 0.00000000e+00) ( 0.00000000e+00, 0.00000000e+00)
Head k matrix (iomega=0): route=full_bz ik=43 k=( 0.750000000000, 0.500000000000, 0.500000000000)
( 0.00000000e+00, 0.00000000e+00) ( 0.00000000e+00, 0.00000000e+00) ( 0.00000000e+00, 0.00000000e+00)
( 0.00000000e+00, 0.00000000e+00) ( 0.00000000e+00, 0.00000000e+00) ( 0.00000000e+00, 0.00000000e+00)
( 0.00000000e+00, 0.00000000e+00) ( 0.00000000e+00, 0.00000000e+00) ( 0.00000000e+00, 0.00000000e+00)
Head k matrix (iomega=0): route=full_bz ik=44 k=( 0.000000000000, 0.750000000000, 0.500000000000)
( 2.15979167e-01, 0.00000000e+00) (-2.58744612e-02, 1.92937951e-07) ( 2.58749502e-02,-4.32657055e-07)
(-2.58744612e-02,-1.92937951e-07) ( 2.58236678e+00, 0.00000000e+00) ( 2.44162295e+00,-2.05178891e-08)
( 2.58749502e-02, 4.32657055e-07) ( 2.44162295e+00, 2.05178891e-08) ( 2.58236791e+00, 0.00000000e+00)
Head k matrix (iomega=0): route=full_bz ik=45 k=( 0.250000000000, 0.750000000000, 0.500000000000)
( 0.00000000e+00, 0.00000000e+00) ( 0.00000000e+00, 0.00000000e+00) ( 0.00000000e+00, 0.00000000e+00)
( 0.00000000e+00, 0.00000000e+00) ( 0.00000000e+00, 0.00000000e+00) ( 0.00000000e+00, 0.00000000e+00)
( 0.00000000e+00, 0.00000000e+00) ( 0.00000000e+00, 0.00000000e+00) ( 0.00000000e+00, 0.00000000e+00)
Head k matrix (iomega=0): route=full_bz ik=46 k=( 0.500000000000, 0.750000000000, 0.500000000000)
( 0.00000000e+00, 0.00000000e+00) ( 0.00000000e+00, 0.00000000e+00) ( 0.00000000e+00, 0.00000000e+00)
( 0.00000000e+00, 0.00000000e+00) ( 0.00000000e+00, 0.00000000e+00) ( 0.00000000e+00, 0.00000000e+00)
( 0.00000000e+00, 0.00000000e+00) ( 0.00000000e+00, 0.00000000e+00) ( 0.00000000e+00, 0.00000000e+00)
Head k matrix (iomega=0): route=full_bz ik=47 k=( 0.750000000000, 0.750000000000, 0.500000000000)
( 0.00000000e+00, 0.00000000e+00) ( 0.00000000e+00, 0.00000000e+00) ( 0.00000000e+00, 0.00000000e+00)
( 0.00000000e+00, 0.00000000e+00) ( 0.00000000e+00, 0.00000000e+00) ( 0.00000000e+00, 0.00000000e+00)
( 0.00000000e+00, 0.00000000e+00) ( 0.00000000e+00, 0.00000000e+00) ( 0.00000000e+00, 0.00000000e+00)
Head k matrix (iomega=0): route=full_bz ik=48 k=( 0.000000000000, 0.000000000000, 0.750000000000)
( 7.25543520e+00, 0.00000000e+00) (-3.52510140e+00, 9.03378483e-12) ( 3.52510123e+00, 5.20710636e-09)
(-3.52510140e+00,-9.03378483e-12) ( 7.25543743e+00, 0.00000000e+00) ( 3.52510136e+00, 5.20663737e-09)
( 3.52510123e+00,-5.20710636e-09) ( 3.52510136e+00,-5.20663737e-09) ( 7.25543276e+00, 0.00000000e+00)
Head k matrix (iomega=0): route=full_bz ik=49 k=( 0.250000000000, 0.000000000000, 0.750000000000)
( 0.00000000e+00, 0.00000000e+00) ( 0.00000000e+00, 0.00000000e+00) ( 0.00000000e+00, 0.00000000e+00)
( 0.00000000e+00, 0.00000000e+00) ( 0.00000000e+00, 0.00000000e+00) ( 0.00000000e+00, 0.00000000e+00)
( 0.00000000e+00, 0.00000000e+00) ( 0.00000000e+00, 0.00000000e+00) ( 0.00000000e+00, 0.00000000e+00)
Head k matrix (iomega=0): route=full_bz ik=50 k=( 0.500000000000, 0.000000000000, 0.750000000000)
( 0.00000000e+00, 0.00000000e+00) ( 0.00000000e+00, 0.00000000e+00) ( 0.00000000e+00, 0.00000000e+00)
( 0.00000000e+00, 0.00000000e+00) ( 0.00000000e+00, 0.00000000e+00) ( 0.00000000e+00, 0.00000000e+00)
( 0.00000000e+00, 0.00000000e+00) ( 0.00000000e+00, 0.00000000e+00) ( 0.00000000e+00, 0.00000000e+00)
Head k matrix (iomega=0): route=full_bz ik=51 k=( 0.750000000000, 0.000000000000, 0.750000000000)
( 0.00000000e+00, 0.00000000e+00) ( 0.00000000e+00, 0.00000000e+00) ( 0.00000000e+00, 0.00000000e+00)
( 0.00000000e+00, 0.00000000e+00) ( 0.00000000e+00, 0.00000000e+00) ( 0.00000000e+00, 0.00000000e+00)
( 0.00000000e+00, 0.00000000e+00) ( 0.00000000e+00, 0.00000000e+00) ( 0.00000000e+00, 0.00000000e+00)
Head k matrix (iomega=0): route=full_bz ik=52 k=( 0.000000000000, 0.250000000000, 0.750000000000)
( 2.99067602e-01, 0.00000000e+00) (-5.32041431e-08,-1.79278043e-07) (-5.32041434e-08, 1.79273171e-07)
(-5.32041431e-08, 1.79278043e-07) ( 2.48706162e+00, 0.00000000e+00) ( 2.32324070e+00, 3.64661352e-08)
(-5.32041434e-08,-1.79273171e-07) ( 2.32324070e+00,-3.64661352e-08) ( 2.48706174e+00, 0.00000000e+00)
Head k matrix (iomega=0): route=full_bz ik=53 k=( 0.250000000000, 0.250000000000, 0.750000000000)
( 0.00000000e+00, 0.00000000e+00) ( 0.00000000e+00, 0.00000000e+00) ( 0.00000000e+00, 0.00000000e+00)
( 0.00000000e+00, 0.00000000e+00) ( 0.00000000e+00, 0.00000000e+00) ( 0.00000000e+00, 0.00000000e+00)
( 0.00000000e+00, 0.00000000e+00) ( 0.00000000e+00, 0.00000000e+00) ( 0.00000000e+00, 0.00000000e+00)
Head k matrix (iomega=0): route=full_bz ik=54 k=( 0.500000000000, 0.250000000000, 0.750000000000)
( 0.00000000e+00, 0.00000000e+00) ( 0.00000000e+00, 0.00000000e+00) ( 0.00000000e+00, 0.00000000e+00)
( 0.00000000e+00, 0.00000000e+00) ( 0.00000000e+00, 0.00000000e+00) ( 0.00000000e+00, 0.00000000e+00)
( 0.00000000e+00, 0.00000000e+00) ( 0.00000000e+00, 0.00000000e+00) ( 0.00000000e+00, 0.00000000e+00)
Head k matrix (iomega=0): route=full_bz ik=55 k=( 0.750000000000, 0.250000000000, 0.750000000000)
( 0.00000000e+00, 0.00000000e+00) ( 0.00000000e+00, 0.00000000e+00) ( 0.00000000e+00, 0.00000000e+00)
( 0.00000000e+00, 0.00000000e+00) ( 0.00000000e+00, 0.00000000e+00) ( 0.00000000e+00, 0.00000000e+00)
( 0.00000000e+00, 0.00000000e+00) ( 0.00000000e+00, 0.00000000e+00) ( 0.00000000e+00, 0.00000000e+00)
Head k matrix (iomega=0): route=full_bz ik=56 k=( 0.000000000000, 0.500000000000, 0.750000000000)
( 2.15979167e-01, 0.00000000e+00) ( 2.58753546e-02,-4.32654210e-07) (-2.58740568e-02, 1.92940801e-07)
( 2.58753546e-02, 4.32654210e-07) ( 2.58236655e+00, 0.00000000e+00) ( 2.44162295e+00, 2.05320718e-08)
(-2.58740568e-02,-1.92940801e-07) ( 2.44162295e+00,-2.05320718e-08) ( 2.58236813e+00, 0.00000000e+00)
Head k matrix (iomega=0): route=full_bz ik=57 k=( 0.250000000000, 0.500000000000, 0.750000000000)
( 0.00000000e+00, 0.00000000e+00) ( 0.00000000e+00, 0.00000000e+00) ( 0.00000000e+00, 0.00000000e+00)
( 0.00000000e+00, 0.00000000e+00) ( 0.00000000e+00, 0.00000000e+00) ( 0.00000000e+00, 0.00000000e+00)
( 0.00000000e+00, 0.00000000e+00) ( 0.00000000e+00, 0.00000000e+00) ( 0.00000000e+00, 0.00000000e+00)
Head k matrix (iomega=0): route=full_bz ik=58 k=( 0.500000000000, 0.500000000000, 0.750000000000)
( 0.00000000e+00, 0.00000000e+00) ( 0.00000000e+00, 0.00000000e+00) ( 0.00000000e+00, 0.00000000e+00)
( 0.00000000e+00, 0.00000000e+00) ( 0.00000000e+00, 0.00000000e+00) ( 0.00000000e+00, 0.00000000e+00)
( 0.00000000e+00, 0.00000000e+00) ( 0.00000000e+00, 0.00000000e+00) ( 0.00000000e+00, 0.00000000e+00)
Head k matrix (iomega=0): route=full_bz ik=59 k=( 0.750000000000, 0.500000000000, 0.750000000000)
( 0.00000000e+00, 0.00000000e+00) ( 0.00000000e+00, 0.00000000e+00) ( 0.00000000e+00, 0.00000000e+00)
( 0.00000000e+00, 0.00000000e+00) ( 0.00000000e+00, 0.00000000e+00) ( 0.00000000e+00, 0.00000000e+00)
( 0.00000000e+00, 0.00000000e+00) ( 0.00000000e+00, 0.00000000e+00) ( 0.00000000e+00, 0.00000000e+00)
Head k matrix (iomega=0): route=full_bz ik=60 k=( 0.000000000000, 0.750000000000, 0.750000000000)
( 2.22368160e-01, 0.00000000e+00) ( 1.68598702e-10,-2.58231969e-07) ( 1.68603071e-10,-2.58231967e-07)
( 1.68598702e-10, 2.58231969e-07) ( 6.08243981e+00, 0.00000000e+00) ( 1.68698953e-10, 1.98587356e-11)
( 1.68603071e-10, 2.58231967e-07) ( 1.68698953e-10,-1.98587356e-11) ( 6.08242966e+00, 0.00000000e+00)
Head k matrix (iomega=0): route=full_bz ik=61 k=( 0.250000000000, 0.750000000000, 0.750000000000)
( 0.00000000e+00, 0.00000000e+00) ( 0.00000000e+00, 0.00000000e+00) ( 0.00000000e+00, 0.00000000e+00)
( 0.00000000e+00, 0.00000000e+00) ( 0.00000000e+00, 0.00000000e+00) ( 0.00000000e+00, 0.00000000e+00)
( 0.00000000e+00, 0.00000000e+00) ( 0.00000000e+00, 0.00000000e+00) ( 0.00000000e+00, 0.00000000e+00)
Head k matrix (iomega=0): route=full_bz ik=62 k=( 0.500000000000, 0.750000000000, 0.750000000000)
( 0.00000000e+00, 0.00000000e+00) ( 0.00000000e+00, 0.00000000e+00) ( 0.00000000e+00, 0.00000000e+00)
( 0.00000000e+00, 0.00000000e+00) ( 0.00000000e+00, 0.00000000e+00) ( 0.00000000e+00, 0.00000000e+00)
( 0.00000000e+00, 0.00000000e+00) ( 0.00000000e+00, 0.00000000e+00) ( 0.00000000e+00, 0.00000000e+00)
Head k matrix (iomega=0): route=full_bz ik=63 k=( 0.750000000000, 0.750000000000, 0.750000000000)
( 0.00000000e+00, 0.00000000e+00) ( 0.00000000e+00, 0.00000000e+00) ( 0.00000000e+00, 0.00000000e+00)
( 0.00000000e+00, 0.00000000e+00) ( 0.00000000e+00, 0.00000000e+00) ( 0.00000000e+00, 0.00000000e+00)
( 0.00000000e+00, 0.00000000e+00) ( 0.00000000e+00, 0.00000000e+00) ( 0.00000000e+00, 0.00000000e+00)
Freqency node & Head of dielectric function(Re, Im): 
 0      0.01540211     20.70964086      0.00000000
 1      0.05765831     17.63752874      0.00000000
 2      0.14830911      9.94562326      0.00000000
 3      0.38957992      3.32706977      0.00000000
 4      1.13961938      1.33078770      0.00000000
 5      4.09984963      1.02738637      0.00000000
The first freqency head tensor: 
( 20.7096,   0.0000)  (  0.0000,  -0.0000)  (  0.0000,  -0.0000)
(  0.0000,   0.0000)  ( 20.7096,   0.0000)  (  0.0000,  -0.0000)
(  0.0000,   0.0000)  (  0.0000,   0.0000)  ( 20.7096,   0.0000)
Head tensor diagnostics (iomega=0): trace_over_3=(    20.70964086,     0.00000000) max_abs_diag_delta= 1.44763092e-06 max_abs_offdiag= 7.37354202e-10 max_abs_imag= 7.27700898e-15
* Success: initalize and calculate lebdev points and q_gamma.
Wing_mu k Gram (iomega=0): route=full_bz ik=0 k=( 0.000000000000, 0.000000000000, 0.000000000000)
( 9.40777856e-03, 0.00000000e+00) ( 1.80972152e-14, 0.00000000e+00) ( 1.83787720e-14, 0.00000000e+00)
( 1.80972152e-14, 0.00000000e+00) ( 9.40777856e-03, 0.00000000e+00) ( 1.81105062e-14, 0.00000000e+00)
( 1.83787720e-14, 0.00000000e+00) ( 1.81105062e-14, 0.00000000e+00) ( 9.40777855e-03, 0.00000000e+00)
Wing_mu k Gram (iomega=0): route=full_bz ik=1 k=( 0.250000000000, 0.000000000000, 0.000000000000)
( 2.48360120e-03, 0.00000000e+00) ( 1.22968821e-03, 4.04861389e-11) ( 1.22811171e-03, 3.05538144e-11)
( 1.22968821e-03,-4.04861389e-11) ( 2.48360137e-03, 0.00000000e+00) (-1.22811187e-03,-2.71545243e-11)
( 1.22811171e-03,-3.05538144e-11) (-1.22811187e-03, 2.71545243e-11) ( 2.48601682e-03, 0.00000000e+00)
Wing_mu k Gram (iomega=0): route=full_bz ik=2 k=( 0.500000000000, 0.000000000000, 0.000000000000)
( 2.33807833e-03, 0.00000000e+00) ( 1.15329800e-03,-1.83279495e-24) ( 1.15329800e-03,-1.83276289e-24)
( 1.15329800e-03, 1.83279495e-24) ( 2.33807918e-03, 0.00000000e+00) (-1.15329758e-03,-2.88167095e-29)
( 1.15329800e-03, 1.83276289e-24) (-1.15329758e-03, 2.88167095e-29) ( 2.33807918e-03, 0.00000000e+00)
Wing_mu k Gram (iomega=0): route=full_bz ik=3 k=( 0.750000000000, 0.000000000000, 0.000000000000)
( 2.48360120e-03, 0.00000000e+00) ( 1.22968821e-03,-4.04013147e-11) ( 1.22811171e-03,-3.06389670e-11)
( 1.22968821e-03, 4.04013147e-11) ( 2.48360137e-03, 0.00000000e+00) (-1.22811188e-03, 2.70693657e-11)
( 1.22811171e-03, 3.06389670e-11) (-1.22811188e-03,-2.70693657e-11) ( 2.48601682e-03, 0.00000000e+00)
Wing_mu k Gram (iomega=0): route=full_bz ik=4 k=( 0.000000000000, 0.250000000000, 0.000000000000)
( 2.48360120e-03, 0.00000000e+00) ( 1.22968821e-03,-3.98287953e-11) (-1.22811182e-03,-2.64969773e-11)
( 1.22968821e-03, 3.98287953e-11) ( 2.48360137e-03, 0.00000000e+00) ( 1.22811177e-03, 3.12113576e-11)
(-1.22811182e-03, 2.64969773e-11) ( 1.22811177e-03,-3.12113576e-11) ( 2.48601682e-03, 0.00000000e+00)
Wing_mu k Gram (iomega=0): route=full_bz ik=5 k=( 0.250000000000, 0.250000000000, 0.000000000000)
( 1.13280383e-03, 0.00000000e+00) ( 9.50314660e-15, 5.29211901e-18) ( 9.55178748e-15,-8.21085624e-11)
( 9.50314660e-15,-5.29211901e-18) ( 1.13280383e-03, 0.00000000e+00) ( 9.55028343e-15,-8.21085610e-11)
( 9.55178748e-15, 8.21085624e-11) ( 9.55028343e-15, 8.21085610e-11) ( 4.46609591e-05, 0.00000000e+00)
Wing_mu k Gram (iomega=0): route=full_bz ik=6 k=( 0.500000000000, 0.250000000000, 0.000000000000)
( 4.13768213e-04, 0.00000000e+00) ( 3.97470743e-04,-8.79310783e-12) ( 3.57778875e-06,-4.28435033e-11)
( 3.97470743e-04, 8.79310783e-12) ( 4.13768125e-04, 0.00000000e+00) (-3.57758733e-06,-6.59094425e-12)
( 3.57778875e-06, 4.28435033e-11) (-3.57758733e-06, 6.59094425e-12) ( 3.07322719e-05, 0.00000000e+00)
Wing_mu k Gram (iomega=0): route=full_bz ik=7 k=( 0.750000000000, 0.250000000000, 0.000000000000)
( 5.10892020e-04, 0.00000000e+00) ( 4.92415420e-04, 5.13330117e-12) (-1.56626231e-10,-2.33567713e-11)
( 4.92415420e-04,-5.13330117e-12) ( 5.10892034e-04, 0.00000000e+00) (-1.56626231e-10, 2.33567672e-11)
(-1.56626231e-10, 2.33567713e-11) (-1.56626231e-10,-2.33567672e-11) ( 5.40644659e-05, 0.00000000e+00)
Wing_mu k Gram (iomega=0): route=full_bz ik=8 k=( 0.000000000000, 0.500000000000, 0.000000000000)
( 2.33807918e-03, 0.00000000e+00) ( 1.15329800e-03, 1.83278581e-24) (-1.15329758e-03,-3.67542762e-29)
( 1.15329800e-03,-1.83278581e-24) ( 2.33807833e-03, 0.00000000e+00) ( 1.15329800e-03,-1.83277120e-24)
(-1.15329758e-03, 3.67542762e-29) ( 1.15329800e-03, 1.83277120e-24) ( 2.33807918e-03, 0.00000000e+00)
Wing_mu k Gram (iomega=0): route=full_bz ik=9 k=( 0.250000000000, 0.500000000000, 0.000000000000)
( 4.13768239e-04, 0.00000000e+00) ( 3.97470743e-04, 8.79290232e-12) (-3.57758802e-06,-6.59094324e-12)
( 3.97470743e-04,-8.79290232e-12) ( 4.13768099e-04, 0.00000000e+00) ( 3.57778806e-06,-4.28435025e-11)
(-3.57758802e-06, 6.59094324e-12) ( 3.57778806e-06, 4.28435025e-11) ( 3.07322719e-05, 0.00000000e+00)
Wing_mu k Gram (iomega=0): route=full_bz ik=10 k=( 0.500000000000, 0.500000000000, 0.000000000000)
( 9.88230030e-04, 0.00000000e+00) ( 1.48215366e-13,-2.32577776e-21) ( 5.82494881e-15, 1.72036467e-21)
( 1.48215366e-13, 2.32577776e-21) ( 9.88230030e-04, 0.00000000e+00) ( 5.82763871e-15, 3.93874352e-21)
( 5.82494881e-15,-1.72036467e-21) ( 5.82763871e-15,-3.93874352e-21) ( 2.08765076e-05, 0.00000000e+00)
Wing_mu k Gram (iomega=0): route=full_bz ik=11 k=( 0.750000000000, 0.500000000000, 0.000000000000)
( 4.13768239e-04, 0.00000000e+00) ( 3.97470743e-04,-8.79290242e-12) (-3.57758802e-06, 6.59094304e-12)
( 3.97470743e-04, 8.79290242e-12) ( 4.13768099e-04, 0.00000000e+00) ( 3.57778806e-06, 4.28435021e-11)
(-3.57758802e-06,-6.59094304e-12) ( 3.57778806e-06,-4.28435021e-11) ( 3.07322719e-05, 0.00000000e+00)
Wing_mu k Gram (iomega=0): route=full_bz ik=12 k=( 0.000000000000, 0.750000000000, 0.000000000000)
( 2.48360120e-03, 0.00000000e+00) ( 1.22968821e-03, 4.03426906e-11) (-1.22811182e-03, 2.70132388e-11)
( 1.22968821e-03,-4.03426906e-11) ( 2.48360137e-03, 0.00000000e+00) ( 1.22811177e-03,-3.06951008e-11)
(-1.22811182e-03,-2.70132388e-11) ( 1.22811177e-03, 3.06951008e-11) ( 2.48601682e-03, 0.00000000e+00)
Wing_mu k Gram (iomega=0): route=full_bz ik=13 k=( 0.250000000000, 0.750000000000, 0.000000000000)
( 5.10892020e-04, 0.00000000e+00) ( 4.92415420e-04,-5.13330114e-12) (-1.56626230e-10, 2.33567711e-11)
( 4.92415420e-04, 5.13330114e-12) ( 5.10892034e-04, 0.00000000e+00) (-1.56626231e-10,-2.33567673e-11)
(-1.56626230e-10,-2.33567711e-11) (-1.56626231e-10, 2.33567673e-11) ( 5.40644659e-05, 0.00000000e+00)
Wing_mu k Gram (iomega=0): route=full_bz ik=14 k=( 0.500000000000, 0.750000000000, 0.000000000000)
( 4.13768213e-04, 0.00000000e+00) ( 3.97470743e-04, 8.79310764e-12) ( 3.57778875e-06, 4.28435036e-11)
( 3.97470743e-04,-8.79310764e-12) ( 4.13768125e-04, 0.00000000e+00) (-3.57758733e-06, 6.59094456e-12)
( 3.57778875e-06,-4.28435036e-11) (-3.57758733e-06,-6.59094456e-12) ( 3.07322719e-05, 0.00000000e+00)
Wing_mu k Gram (iomega=0): route=full_bz ik=15 k=( 0.750000000000, 0.750000000000, 0.000000000000)
( 1.13280383e-03, 0.00000000e+00) ( 9.51099604e-15,-3.45053137e-17) ( 9.55095747e-15, 8.21085624e-11)
( 9.51099604e-15, 3.45053137e-17) ( 1.13280383e-03, 0.00000000e+00) ( 9.54957942e-15, 8.21085614e-11)
( 9.55095747e-15,-8.21085624e-11) ( 9.54957942e-15,-8.21085614e-11) ( 4.46609591e-05, 0.00000000e+00)
Wing_mu k Gram (iomega=0): route=full_bz ik=16 k=( 0.000000000000, 0.000000000000, 0.250000000000)
( 2.48360121e-03, 0.00000000e+00) (-1.22968820e-03, 1.58895789e-12) ( 1.22811182e-03,-1.17336100e-11)
(-1.22968820e-03,-1.58895789e-12) ( 2.48360138e-03, 0.00000000e+00) ( 1.22811188e-03,-1.49292747e-11)
( 1.22811182e-03, 1.17336100e-11) ( 1.22811188e-03, 1.49292747e-11) ( 2.48601701e-03, 0.00000000e+00)
Wing_mu k Gram (iomega=0): route=full_bz ik=17 k=( 0.250000000000, 0.000000000000, 0.250000000000)
( 1.13280236e-03, 0.00000000e+00) ( 9.53606197e-15,-8.21085642e-11) ( 9.53813365e-15, 2.29568428e-17)
( 9.53606197e-15, 8.21085642e-11) ( 4.46609586e-05, 0.00000000e+00) ( 9.54946706e-15, 8.21085633e-11)
( 9.53813365e-15,-2.29568428e-17) ( 9.54946706e-15,-8.21085633e-11) ( 1.13280234e-03, 0.00000000e+00)
Wing_mu k Gram (iomega=0): route=full_bz ik=18 k=( 0.500000000000, 0.000000000000, 0.250000000000)
( 4.13768115e-04, 0.00000000e+00) ( 3.57776562e-06,-4.28434227e-11) ( 3.97470734e-04,-8.79302774e-12)
( 3.57776562e-06, 4.28434227e-11) ( 3.07321146e-05, 0.00000000e+00) (-3.57756180e-06, 6.59074353e-12)
( 3.97470734e-04, 8.79302774e-12) (-3.57756180e-06,-6.59074353e-12) ( 4.13768252e-04, 0.00000000e+00)
Wing_mu k Gram (iomega=0): route=full_bz ik=19 k=( 0.750000000000, 0.000000000000, 0.250000000000)
( 5.10892034e-04, 0.00000000e+00) (-1.56627283e-10,-2.33567495e-11) ( 4.92415418e-04, 5.13330749e-12)
(-1.56627283e-10, 2.33567495e-11) ( 5.40642244e-05, 0.00000000e+00) (-1.56627282e-10,-2.33567802e-11)
( 4.92415418e-04,-5.13330749e-12) (-1.56627282e-10, 2.33567802e-11) ( 5.10892016e-04, 0.00000000e+00)
Wing_mu k Gram (iomega=0): route=full_bz ik=20 k=( 0.000000000000, 0.250000000000, 0.250000000000)
( 4.46609586e-05, 0.00000000e+00) ( 9.52992201e-15, 8.21085669e-11) ( 9.54732917e-15, 8.21085645e-11)
( 9.52992201e-15,-8.21085669e-11) ( 1.13280383e-03, 0.00000000e+00) ( 9.53847062e-15,-3.63665822e-15)
( 9.54732917e-15,-8.21085645e-11) ( 9.53847062e-15, 3.63665822e-15) ( 1.13280234e-03, 0.00000000e+00)
Wing_mu k Gram (iomega=0): route=full_bz ik=21 k=( 0.250000000000, 0.250000000000, 0.250000000000)
( 2.48360120e-03, 0.00000000e+00) (-1.22968822e-03, 1.51964657e-12) (-1.22811172e-03,-1.09834683e-11)
(-1.22968822e-03,-1.51964657e-12) ( 2.48360135e-03, 0.00000000e+00) (-1.22811179e-03,-7.93467430e-12)
(-1.22811172e-03, 1.09834683e-11) (-1.22811179e-03, 7.93467430e-12) ( 2.48601701e-03, 0.00000000e+00)
Wing_mu k Gram (iomega=0): route=full_bz ik=22 k=( 0.500000000000, 0.250000000000, 0.250000000000)
( 5.40649776e-05, 0.00000000e+00) ( 1.56638678e-10,-2.84897341e-11) ( 1.56638686e-10,-2.84904193e-11)
( 1.56638678e-10, 2.84897341e-11) ( 5.10892034e-04, 0.00000000e+00) (-4.92415418e-04, 1.08653364e-20)
( 1.56638686e-10, 2.84904193e-11) (-4.92415418e-04,-1.08653364e-20) ( 5.10892016e-04, 0.00000000e+00)
Wing_mu k Gram (iomega=0): route=full_bz ik=23 k=( 0.750000000000, 0.250000000000, 0.250000000000)
( 3.07317919e-05, 0.00000000e+00) ( 3.57760723e-06, 1.53840609e-11) ( 3.57756957e-06, 1.53837473e-11)
( 3.57760723e-06,-1.53840609e-11) ( 4.13768125e-04, 0.00000000e+00) (-3.97470725e-04, 1.67079110e-17)
( 3.57756957e-06,-1.53837473e-11) (-3.97470725e-04,-1.67079110e-17) ( 4.13768252e-04, 0.00000000e+00)
Wing_mu k Gram (iomega=0): route=full_bz ik=24 k=( 0.000000000000, 0.500000000000, 0.250000000000)
( 3.07321934e-05, 0.00000000e+00) ( 3.57779495e-06, 4.28432320e-11) (-3.57755655e-06, 6.59061405e-12)
( 3.57779495e-06,-4.28432320e-11) ( 4.13768099e-04, 0.00000000e+00) ( 3.97470738e-04,-8.79312673e-12)
(-3.57755655e-06,-6.59061405e-12) ( 3.97470738e-04, 8.79312673e-12) ( 4.13768252e-04, 0.00000000e+00)
Wing_mu k Gram (iomega=0): route=full_bz ik=25 k=( 0.250000000000, 0.500000000000, 0.250000000000)
( 5.10892034e-04, 0.00000000e+00) ( 1.56639181e-10, 2.84900600e-11) (-4.92415418e-04, 6.26528767e-19)
( 1.56639181e-10,-2.84900600e-11) ( 5.40648509e-05, 0.00000000e+00) ( 1.56639178e-10,-2.84900809e-11)
(-4.92415418e-04,-6.26528767e-19) ( 1.56639178e-10, 2.84900809e-11) ( 5.10892016e-04, 0.00000000e+00)
Wing_mu k Gram (iomega=0): route=full_bz ik=26 k=( 0.500000000000, 0.500000000000, 0.250000000000)
( 4.13768213e-04, 0.00000000e+00) (-3.97470756e-04,-1.01911455e-16) (-3.57780175e-06,-3.40505110e-11)
(-3.97470756e-04, 1.01911455e-16) ( 4.13768099e-04, 0.00000000e+00) (-3.57780106e-06,-3.40505100e-11)
(-3.57780175e-06, 3.40505110e-11) (-3.57780106e-06, 3.40505100e-11) ( 3.07318705e-05, 0.00000000e+00)
Wing_mu k Gram (iomega=0): route=full_bz ik=27 k=( 0.750000000000, 0.500000000000, 0.250000000000)
( 1.37366333e-05, 0.00000000e+00) ( 4.86279710e-15, 6.77108612e-18) ( 4.20743403e-15, 1.44509921e-07)
( 4.86279710e-15,-6.77108612e-18) ( 1.61877821e-05, 0.00000000e+00) ( 4.39791183e-15, 1.43801672e-17)
( 4.20743403e-15,-1.44509921e-07) ( 4.39791183e-15,-1.43801672e-17) ( 1.37366326e-05, 0.00000000e+00)
Wing_mu k Gram (iomega=0): route=full_bz ik=28 k=( 0.000000000000, 0.750000000000, 0.250000000000)
( 5.40643511e-05, 0.00000000e+00) (-1.56626790e-10, 2.33564278e-11) (-1.56626790e-10,-2.33571145e-11)
(-1.56626790e-10,-2.33564278e-11) ( 5.10892034e-04, 0.00000000e+00) ( 4.92415418e-04, 5.13330802e-12)
(-1.56626790e-10, 2.33571145e-11) ( 4.92415418e-04,-5.13330802e-12) ( 5.10892016e-04, 0.00000000e+00)
Wing_mu k Gram (iomega=0): route=full_bz ik=29 k=( 0.250000000000, 0.750000000000, 0.250000000000)
( 4.13768141e-04, 0.00000000e+00) ( 3.57757791e-06,-1.53838615e-11) (-3.97470721e-04, 1.12460409e-16)
( 3.57757791e-06, 1.53838615e-11) ( 3.07317132e-05, 0.00000000e+00) ( 3.57757481e-06, 1.53838743e-11)
(-3.97470721e-04,-1.12460409e-16) ( 3.57757481e-06,-1.53838743e-11) ( 4.13768252e-04, 0.00000000e+00)
Wing_mu k Gram (iomega=0): route=full_bz ik=30 k=( 0.500000000000, 0.750000000000, 0.250000000000)
( 1.61877821e-05, 0.00000000e+00) ( 4.30938997e-15,-6.09882054e-19) ( 4.15243845e-15, 7.42701469e-19)
( 4.30938997e-15, 6.09882054e-19) ( 1.37365451e-05, 0.00000000e+00) ( 4.20748346e-15, 1.44510811e-07)
( 4.15243845e-15,-7.42701469e-19) ( 4.20748346e-15,-1.44510811e-07) ( 1.37366326e-05, 0.00000000e+00)
Wing_mu k Gram (iomega=0): route=full_bz ik=31 k=( 0.750000000000, 0.750000000000, 0.250000000000)
( 4.13768239e-04, 0.00000000e+00) (-3.97470730e-04, 1.03940154e-16) ( 3.57760103e-06, 1.53839382e-11)
(-3.97470730e-04,-1.03940154e-16) ( 4.13768125e-04, 0.00000000e+00) ( 3.57760034e-06, 1.53839366e-11)
( 3.57760103e-06,-1.53839382e-11) ( 3.57760034e-06,-1.53839366e-11) ( 3.07318705e-05, 0.00000000e+00)
Wing_mu k Gram (iomega=0): route=full_bz ik=32 k=( 0.000000000000, 0.000000000000, 0.500000000000)
( 2.33807918e-03, 0.00000000e+00) (-1.15329758e-03, 6.62487384e-31) ( 1.15329800e-03, 1.83282551e-24)
(-1.15329758e-03,-6.62487384e-31) ( 2.33807918e-03, 0.00000000e+00) ( 1.15329800e-03, 1.83282375e-24)
( 1.15329800e-03,-1.83282551e-24) ( 1.15329800e-03,-1.83282375e-24) ( 2.33807833e-03, 0.00000000e+00)
Wing_mu k Gram (iomega=0): route=full_bz ik=33 k=( 0.250000000000, 0.000000000000, 0.500000000000)
( 4.13768141e-04, 0.00000000e+00) (-3.57756489e-06,-6.59072981e-12) ( 3.97470734e-04, 8.79325372e-12)
(-3.57756489e-06, 6.59072981e-12) ( 3.07321146e-05, 0.00000000e+00) ( 3.57776253e-06, 4.28434084e-11)
( 3.97470734e-04,-8.79325372e-12) ( 3.57776253e-06,-4.28434084e-11) ( 4.13768226e-04, 0.00000000e+00)
Wing_mu k Gram (iomega=0): route=full_bz ik=34 k=( 0.500000000000, 0.000000000000, 0.500000000000)
( 9.88230033e-04, 0.00000000e+00) ( 5.83547358e-15, 4.56565037e-21) (-1.36897262e-13, 1.04902586e-21)
( 5.83547358e-15,-4.56565037e-21) ( 2.08765076e-05, 0.00000000e+00) ( 5.82691661e-15,-5.98637373e-21)
(-1.36897262e-13,-1.04902586e-21) ( 5.82691661e-15, 5.98637373e-21) ( 9.88230032e-04, 0.00000000e+00)
Wing_mu k Gram (iomega=0): route=full_bz ik=35 k=( 0.750000000000, 0.000000000000, 0.500000000000)
( 4.13768141e-04, 0.00000000e+00) (-3.57756489e-06, 6.59072940e-12) ( 3.97470734e-04,-8.79325393e-12)
(-3.57756489e-06,-6.59072940e-12) ( 3.07321146e-05, 0.00000000e+00) ( 3.57776253e-06,-4.28434082e-11)
( 3.97470734e-04, 8.79325393e-12) ( 3.57776253e-06, 4.28434082e-11) ( 4.13768226e-04, 0.00000000e+00)
Wing_mu k Gram (iomega=0): route=full_bz ik=36 k=( 0.000000000000, 0.250000000000, 0.500000000000)
( 3.07321934e-05, 0.00000000e+00) (-3.57759422e-06, 6.59106906e-12) ( 3.57775729e-06, 4.28436868e-11)
(-3.57759422e-06,-6.59106906e-12) ( 4.13768125e-04, 0.00000000e+00) ( 3.97470738e-04, 8.79301821e-12)
( 3.57775729e-06,-4.28436868e-11) ( 3.97470738e-04,-8.79301821e-12) ( 4.13768226e-04, 0.00000000e+00)
Wing_mu k Gram (iomega=0): route=full_bz ik=37 k=( 0.250000000000, 0.250000000000, 0.500000000000)
( 5.10892020e-04, 0.00000000e+00) (-4.92415420e-04,-3.73831364e-18) ( 1.56638127e-10, 2.84900729e-11)
(-4.92415420e-04, 3.73831364e-18) ( 5.10892034e-04, 0.00000000e+00) ( 1.56638129e-10, 2.84900754e-11)
( 1.56638127e-10,-2.84900729e-11) ( 1.56638129e-10,-2.84900754e-11) ( 5.40650924e-05, 0.00000000e+00)
Wing_mu k Gram (iomega=0): route=full_bz ik=38 k=( 0.500000000000, 0.250000000000, 0.500000000000)
( 4.13768115e-04, 0.00000000e+00) (-3.57777862e-06,-3.40502893e-11) (-3.97470747e-04, 1.17324335e-16)
(-3.57777862e-06, 3.40502893e-11) ( 3.07317132e-05, 0.00000000e+00) (-3.57777553e-06, 3.40502774e-11)
(-3.97470747e-04,-1.17324335e-16) (-3.57777553e-06,-3.40502774e-11) ( 4.13768226e-04, 0.00000000e+00)
Wing_mu k Gram (iomega=0): route=full_bz ik=39 k=( 0.750000000000, 0.250000000000, 0.500000000000)
( 1.37365438e-05, 0.00000000e+00) ( 4.20695885e-15, 1.44511905e-07) ( 3.39056133e-15,-1.00872545e-17)
( 4.20695885e-15,-1.44511905e-07) ( 1.37365438e-05, 0.00000000e+00) ( 3.79036649e-15, 2.00529039e-17)
( 3.39056133e-15, 1.00872545e-17) ( 3.79036649e-15,-2.00529039e-17) ( 1.61877817e-05, 0.00000000e+00)
Wing_mu k Gram (iomega=0): route=full_bz ik=40 k=( 0.000000000000, 0.500000000000, 0.500000000000)
( 2.08765076e-05, 0.00000000e+00) ( 5.82639372e-15,-8.56928375e-22) ( 5.82697570e-15, 7.92825131e-21)
( 5.82639372e-15, 8.56928375e-22) ( 9.88230033e-04, 0.00000000e+00) ( 9.92680445e-16, 1.31999405e-20)
( 5.82697570e-15,-7.92825131e-21) ( 9.92680445e-16,-1.31999405e-20) ( 9.88230032e-04, 0.00000000e+00)
Wing_mu k Gram (iomega=0): route=full_bz ik=41 k=( 0.250000000000, 0.500000000000, 0.500000000000)
( 3.07317919e-05, 0.00000000e+00) (-3.57780795e-06, 3.40502400e-11) (-3.57777028e-06, 3.40505528e-11)
(-3.57780795e-06,-3.40502400e-11) ( 4.13768099e-04, 0.00000000e+00) (-3.97470751e-04,-1.24717842e-16)
(-3.57777028e-06,-3.40505528e-11) (-3.97470751e-04, 1.24717842e-16) ( 4.13768226e-04, 0.00000000e+00)
Wing_mu k Gram (iomega=0): route=full_bz ik=42 k=( 0.500000000000, 0.500000000000, 0.500000000000)
( 2.33807833e-03, 0.00000000e+00) (-1.15329843e-03,-2.71096029e-30) (-1.15329843e-03, 6.62036195e-28)
(-1.15329843e-03, 2.71096029e-30) ( 2.33807833e-03, 0.00000000e+00) (-1.15329843e-03, 6.57110171e-28)
(-1.15329843e-03,-6.62036195e-28) (-1.15329843e-03,-6.57110171e-28) ( 2.33807833e-03, 0.00000000e+00)
Wing_mu k Gram (iomega=0): route=full_bz ik=43 k=( 0.750000000000, 0.500000000000, 0.500000000000)
( 3.07317919e-05, 0.00000000e+00) (-3.57780795e-06,-3.40502401e-11) (-3.57777028e-06,-3.40505529e-11)
(-3.57780795e-06, 3.40502401e-11) ( 4.13768099e-04, 0.00000000e+00) (-3.97470751e-04, 1.25014896e-16)
(-3.57777028e-06, 3.40505529e-11) (-3.97470751e-04,-1.25014896e-16) ( 4.13768226e-04, 0.00000000e+00)
Wing_mu k Gram (iomega=0): route=full_bz ik=44 k=( 0.000000000000, 0.750000000000, 0.500000000000)
( 3.07321934e-05, 0.00000000e+00) (-3.57759422e-06,-6.59106927e-12) ( 3.57775729e-06,-4.28436868e-11)
(-3.57759422e-06, 6.59106927e-12) ( 4.13768125e-04, 0.00000000e+00) ( 3.97470738e-04,-8.79301805e-12)
( 3.57775729e-06, 4.28436868e-11) ( 3.97470738e-04, 8.79301805e-12) ( 4.13768226e-04, 0.00000000e+00)
Wing_mu k Gram (iomega=0): route=full_bz ik=45 k=( 0.250000000000, 0.750000000000, 0.500000000000)
( 1.37365438e-05, 0.00000000e+00) ( 4.20695957e-15,-1.44511905e-07) ( 3.43505219e-15, 1.61522753e-17)
( 4.20695957e-15, 1.44511905e-07) ( 1.37365438e-05, 0.00000000e+00) ( 3.54588368e-15,-1.89441030e-17)
( 3.43505219e-15,-1.61522753e-17) ( 3.54588368e-15, 1.89441030e-17) ( 1.61877817e-05, 0.00000000e+00)
Wing_mu k Gram (iomega=0): route=full_bz ik=46 k=( 0.500000000000, 0.750000000000, 0.500000000000)
( 4.13768115e-04, 0.00000000e+00) (-3.57777862e-06, 3.40502892e-11) (-3.97470747e-04,-1.17109542e-16)
(-3.57777862e-06,-3.40502892e-11) ( 3.07317132e-05, 0.00000000e+00) (-3.57777553e-06,-3.40502778e-11)
(-3.97470747e-04, 1.17109542e-16) (-3.57777553e-06, 3.40502778e-11) ( 4.13768226e-04, 0.00000000e+00)
Wing_mu k Gram (iomega=0): route=full_bz ik=47 k=( 0.750000000000, 0.750000000000, 0.500000000000)
( 5.10892020e-04, 0.00000000e+00) (-4.92415420e-04, 3.19227489e-18) ( 1.56638130e-10,-2.84900727e-11)
(-4.92415420e-04,-3.19227489e-18) ( 5.10892034e-04, 0.00000000e+00) ( 1.56638130e-10,-2.84900756e-11)
( 1.56638130e-10, 2.84900727e-11) ( 1.56638130e-10, 2.84900756e-11) ( 5.40650924e-05, 0.00000000e+00)
Wing_mu k Gram (iomega=0): route=full_bz ik=48 k=( 0.000000000000, 0.000000000000, 0.750000000000)
( 2.48360121e-03, 0.00000000e+00) (-1.22968820e-03,-1.99865474e-12) ( 1.22811182e-03, 1.13220127e-11)
(-1.22968820e-03, 1.99865474e-12) ( 2.48360138e-03, 0.00000000e+00) ( 1.22811188e-03, 1.53408659e-11)
( 1.22811182e-03,-1.13220127e-11) ( 1.22811188e-03,-1.53408659e-11) ( 2.48601701e-03, 0.00000000e+00)
Wing_mu k Gram (iomega=0): route=full_bz ik=49 k=( 0.250000000000, 0.000000000000, 0.750000000000)
( 5.10892034e-04, 0.00000000e+00) (-1.56627283e-10, 2.33567498e-11) ( 4.92415418e-04,-5.13330727e-12)
(-1.56627283e-10,-2.33567498e-11) ( 5.40642244e-05, 0.00000000e+00) (-1.56627282e-10, 2.33567801e-11)
( 4.92415418e-04, 5.13330727e-12) (-1.56627282e-10,-2.33567801e-11) ( 5.10892016e-04, 0.00000000e+00)
Wing_mu k Gram (iomega=0): route=full_bz ik=50 k=( 0.500000000000, 0.000000000000, 0.750000000000)
( 4.13768115e-04, 0.00000000e+00) ( 3.57776562e-06, 4.28434213e-11) ( 3.97470734e-04, 8.79302763e-12)
( 3.57776562e-06,-4.28434213e-11) ( 3.07321146e-05, 0.00000000e+00) (-3.57756180e-06,-6.59074226e-12)
( 3.97470734e-04,-8.79302763e-12) (-3.57756180e-06, 6.59074226e-12) ( 4.13768252e-04, 0.00000000e+00)
Wing_mu k Gram (iomega=0): route=full_bz ik=51 k=( 0.750000000000, 0.000000000000, 0.750000000000)
( 1.13280236e-03, 0.00000000e+00) ( 9.53626954e-15, 8.21085639e-11) ( 9.57261659e-15,-3.31728965e-17)
( 9.53626954e-15,-8.21085639e-11) ( 4.46609586e-05, 0.00000000e+00) ( 9.54877056e-15,-8.21085639e-11)
( 9.57261659e-15, 3.31728965e-17) ( 9.54877056e-15, 8.21085639e-11) ( 1.13280234e-03, 0.00000000e+00)
Wing_mu k Gram (iomega=0): route=full_bz ik=52 k=( 0.000000000000, 0.250000000000, 0.750000000000)
( 5.40643511e-05, 0.00000000e+00) (-1.56626789e-10,-2.33564279e-11) (-1.56626789e-10, 2.33571145e-11)
(-1.56626789e-10, 2.33564279e-11) ( 5.10892034e-04, 0.00000000e+00) ( 4.92415418e-04,-5.13330840e-12)
(-1.56626789e-10,-2.33571145e-11) ( 4.92415418e-04, 5.13330840e-12) ( 5.10892016e-04, 0.00000000e+00)
Wing_mu k Gram (iomega=0): route=full_bz ik=53 k=( 0.250000000000, 0.250000000000, 0.750000000000)
( 4.13768239e-04, 0.00000000e+00) (-3.97470730e-04,-1.02131939e-16) ( 3.57760103e-06,-1.53839369e-11)
(-3.97470730e-04, 1.02131939e-16) ( 4.13768125e-04, 0.00000000e+00) ( 3.57760034e-06,-1.53839378e-11)
( 3.57760103e-06, 1.53839369e-11) ( 3.57760034e-06, 1.53839378e-11) ( 3.07318705e-05, 0.00000000e+00)
Wing_mu k Gram (iomega=0): route=full_bz ik=54 k=( 0.500000000000, 0.250000000000, 0.750000000000)
( 1.61877821e-05, 0.00000000e+00) ( 4.53208276e-15, 4.28368183e-18) ( 4.30027832e-15,-6.23424550e-18)
( 4.53208276e-15,-4.28368183e-18) ( 1.37365451e-05, 0.00000000e+00) ( 4.20746878e-15,-1.44510811e-07)
( 4.30027832e-15, 6.23424550e-18) ( 4.20746878e-15, 1.44510811e-07) ( 1.37366326e-05, 0.00000000e+00)
Wing_mu k Gram (iomega=0): route=full_bz ik=55 k=( 0.750000000000, 0.250000000000, 0.750000000000)
( 4.13768141e-04, 0.00000000e+00) ( 3.57757791e-06, 1.53838612e-11) (-3.97470721e-04,-1.12548561e-16)
( 3.57757791e-06,-1.53838612e-11) ( 3.07317132e-05, 0.00000000e+00) ( 3.57757481e-06,-1.53838746e-11)
(-3.97470721e-04, 1.12548561e-16) ( 3.57757481e-06, 1.53838746e-11) ( 4.13768252e-04, 0.00000000e+00)
Wing_mu k Gram (iomega=0): route=full_bz ik=56 k=( 0.000000000000, 0.500000000000, 0.750000000000)
( 3.07321934e-05, 0.00000000e+00) ( 3.57779495e-06,-4.28432319e-11) (-3.57755655e-06,-6.59061409e-12)
( 3.57779495e-06, 4.28432319e-11) ( 4.13768099e-04, 0.00000000e+00) ( 3.97470738e-04, 8.79312683e-12)
(-3.57755655e-06, 6.59061409e-12) ( 3.97470738e-04,-8.79312683e-12) ( 4.13768252e-04, 0.00000000e+00)
Wing_mu k Gram (iomega=0): route=full_bz ik=57 k=( 0.250000000000, 0.500000000000, 0.750000000000)
( 1.37366333e-05, 0.00000000e+00) ( 4.84514173e-15,-8.21676973e-18) ( 4.20743639e-15,-1.44509921e-07)
( 4.84514173e-15, 8.21676973e-18) ( 1.61877821e-05, 0.00000000e+00) ( 4.45579232e-15,-1.39287086e-17)
( 4.20743639e-15, 1.44509921e-07) ( 4.45579232e-15, 1.39287086e-17) ( 1.37366326e-05, 0.00000000e+00)
Wing_mu k Gram (iomega=0): route=full_bz ik=58 k=( 0.500000000000, 0.500000000000, 0.750000000000)
( 4.13768213e-04, 0.00000000e+00) (-3.97470756e-04, 1.01915693e-16) (-3.57780175e-06, 3.40505110e-11)
(-3.97470756e-04,-1.01915693e-16) ( 4.13768099e-04, 0.00000000e+00) (-3.57780106e-06, 3.40505100e-11)
(-3.57780175e-06,-3.40505110e-11) (-3.57780106e-06,-3.40505100e-11) ( 3.07318705e-05, 0.00000000e+00)
Wing_mu k Gram (iomega=0): route=full_bz ik=59 k=( 0.750000000000, 0.500000000000, 0.750000000000)
( 5.10892034e-04, 0.00000000e+00) ( 1.56639183e-10,-2.84900594e-11) (-4.92415418e-04, 9.98006374e-21)
( 1.56639183e-10, 2.84900594e-11) ( 5.40648509e-05, 0.00000000e+00) ( 1.56639178e-10, 2.84900816e-11)
(-4.92415418e-04,-9.98006374e-21) ( 1.56639178e-10,-2.84900816e-11) ( 5.10892016e-04, 0.00000000e+00)
Wing_mu k Gram (iomega=0): route=full_bz ik=60 k=( 0.000000000000, 0.750000000000, 0.750000000000)
( 4.46609586e-05, 0.00000000e+00) ( 9.52998617e-15,-8.21085665e-11) ( 9.54733250e-15,-8.21085651e-11)
( 9.52998617e-15, 8.21085665e-11) ( 1.13280383e-03, 0.00000000e+00) ( 9.56210412e-15, 3.62332439e-15)
( 9.54733250e-15, 8.21085651e-11) ( 9.56210412e-15,-3.62332439e-15) ( 1.13280234e-03, 0.00000000e+00)
Wing_mu k Gram (iomega=0): route=full_bz ik=61 k=( 0.250000000000, 0.750000000000, 0.750000000000)
( 3.07317919e-05, 0.00000000e+00) ( 3.57760723e-06,-1.53840608e-11) ( 3.57756957e-06,-1.53837474e-11)
( 3.57760723e-06, 1.53840608e-11) ( 4.13768125e-04, 0.00000000e+00) (-3.97470725e-04,-1.72765046e-17)
( 3.57756957e-06, 1.53837474e-11) (-3.97470725e-04, 1.72765046e-17) ( 4.13768252e-04, 0.00000000e+00)
Wing_mu k Gram (iomega=0): route=full_bz ik=62 k=( 0.500000000000, 0.750000000000, 0.750000000000)
( 5.40649776e-05, 0.00000000e+00) ( 1.56638681e-10, 2.84897339e-11) ( 1.56638688e-10, 2.84904193e-11)
( 1.56638681e-10,-2.84897339e-11) ( 5.10892034e-04, 0.00000000e+00) (-4.92415418e-04,-8.64215085e-19)
( 1.56638688e-10,-2.84904193e-11) (-4.92415418e-04, 8.64215085e-19) ( 5.10892016e-04, 0.00000000e+00)
Wing_mu k Gram (iomega=0): route=full_bz ik=63 k=( 0.750000000000, 0.750000000000, 0.750000000000)
( 2.48360120e-03, 0.00000000e+00) (-1.22968822e-03,-1.25736721e-12) (-1.22811173e-03, 1.07199835e-11)
(-1.22968822e-03, 1.25736721e-12) ( 2.48360135e-03, 0.00000000e+00) (-1.22811179e-03, 8.19814901e-12)
(-1.22811173e-03,-1.07199835e-11) (-1.22811179e-03,-8.19814901e-12) ( 2.48601701e-03, 0.00000000e+00)
* Success: calculate wing term.
Wing_mu diagnostics (iomega=0): max_abs_real= 8.04235707e-15 max_abs_imag= 4.28285259e-01 max_abs_value= 4.28285259e-01 real_over_abs= 1.87780385e-14
Wing_mu Gram (iomega=0, rows alpha, columns beta):
( 7.54551001e-01, 0.00000000e+00) ( 2.96149158e-10,-9.40664485e-17) ( 2.96130360e-10, 4.80637236e-18)
( 2.96149158e-10, 9.40664485e-17) ( 7.54551081e-01, 0.00000000e+00) ( 2.96114827e-10,-2.10150348e-16)
( 2.96130360e-10,-4.80637236e-18) ( 2.96114827e-10, 2.10150348e-16) ( 7.54550925e-01, 0.00000000e+00)
Grid type: Minimax time-frequency grids
Grid size: 6
Frequency node & weight: 
 0      0.0154021074694624      0.0325158783829468
 1      0.0576583078083294      0.0574841863540000
 2      0.1483091124626021      0.1385553523455900
 3      0.3895799247895522      0.3931414315037015
 4      1.1396193777587351      1.3106382214321504
 5      4.0998496292886184      6.0798430908384429
Time node & weight: 
 0      0.0898564139947099      0.2420367383496208
 1      0.5902626692028188      0.8534511499988635
 2      2.1297844404276378      2.4853952864099660
 3      6.3653173137043808      6.5795858181104458
 4     17.1002153780119563     16.2458511803472909
 5     43.5079540277464787     40.8638705314550563
t->f transform: 

 Cosine transform matrix (row: freq, col: time)
nr = 6, nc = 6
 4.87355e-01 1.69184e+00 5.01432e+00 1.29568e+01 3.18693e+01 6.09146e+01
 4.78297e-01 1.73593e+00 4.82713e+00 1.26618e+01 1.61103e+01 -4.74368e+01
 4.92005e-01 1.65998e+00 4.88255e+00 6.91965e+00 -1.93179e+01 6.77529e+00
 4.75963e-01 1.71065e+00 3.05237e+00 -7.02628e+00 2.26828e+00 -7.30302e-01
 4.95724e-01 1.21879e+00 -2.20334e+00 6.20710e-01 -1.99968e-01 1.23138e-01
 4.17740e-01 -5.14206e-01 1.27698e-01 -5.06346e-02 3.58815e-02 -3.34700e-02

 Sine transform matrix (row: freq, col: time)
nr = 6, nc = 6
 -5.49315e-02 2.85835e-01 -6.86776e-01 3.66055e+00 1.80517e+00 7.38070e+01
 6.35801e-02 -2.40085e-01 1.55818e+00 1.98400e+00 3.53634e+01 1.75268e+01
 -6.12941e-02 4.83320e-01 4.40357e-01 1.41644e+01 6.38629e+00 -1.47709e+01
 9.08718e-02 1.14682e-02 5.05345e+00 2.96288e+00 -5.39201e+00 4.67870e+00
 -3.77744e-02 1.54640e+00 1.24982e+00 -1.78598e+00 1.48342e+00 -1.44005e+00
 2.98252e-01 4.56731e-01 -4.70430e-01 3.83874e-01 -3.57778e-01 3.71466e-01
f->t transform: 

 Cosine transform matrix (row: time, col: freq)
nr = 6, nc = 6
 1.04489e-02 1.79131e-02 4.51635e-02 1.21850e-01 4.28220e-01 1.66090e+00
 1.02741e-02 1.85916e-02 4.30054e-02 1.25449e-01 2.99446e-01 -5.82167e-01
 1.04196e-02 1.78357e-02 4.31290e-02 7.70437e-02 -1.85880e-01 4.94192e-02
 1.02080e-02 1.75389e-02 2.33671e-02 -6.70384e-02 2.01432e-02 -7.03175e-03
 1.01444e-02 9.11399e-03 -2.63435e-02 8.91222e-03 -2.84962e-03 1.97806e-03
 7.71098e-03 -1.06262e-02 3.70511e-03 -1.20272e-03 7.61342e-04 -7.20172e-04

Total count of GFs IJR: 256
| Number of GFs IJR on Proc    0: 64
Use LibRI for chi0
| Number of GFs IJR on Proc    3: 64
| Number of GFs IJR on Proc    1: 64
| Number of GFs IJR on Proc    2: 64
Green's Function sums over all states.
chi0s for time point 0.089856, spin 0. CPU time: 49.858678 (tensor), 0.452215 (trans). Wall time 5.933360
Green's Function sums over all states.
chi0s for time point 0.590263, spin 0. CPU time: 52.346164 (tensor), 0.162848 (trans). Wall time 5.907855
Green's Function sums over all states.
chi0s for time point 2.129784, spin 0. CPU time: 52.531263 (tensor), 0.161750 (trans). Wall time 6.341455
Green's Function sums over all states.
chi0s for time point 6.365317, spin 0. CPU time: 50.520215 (tensor), 0.161417 (trans). Wall time 5.945665
Green's Function sums over all states.
chi0s for time point 17.100215, spin 0. CPU time: 53.106272 (tensor), 0.161211 (trans). Wall time 6.094011
Green's Function sums over all states.
chi0s for time point 43.507954, spin 0. CPU time: 51.807406 (tensor), 0.161107 (trans). Wall time 5.904896

Computing EXX orbital energy using LibRI
Task    3: V setup for EXX
Task    0: V setup for EXX
Task    1: V setup for EXX
Task    2: V setup for EXX
Task    2: DM setup for EXX
Task    3: DM setup for EXX
Task    1: DM setup for EXX
Task    0: DM setup for EXX
Task    2: cal_Hs elapsed time: 3.265921
Task    3: cal_Hs elapsed time: 3.265929
Task    0: cal_Hs elapsed time: 3.265777
Task    1: cal_Hs elapsed time: 3.265917
Calculating Wc using ScaLAPACK
Time for Wc initialization (seconds, Wall/CPU): 0.012144 0.145180
Computing Wc(q), 1 / 64, q=(0.000000, 0.000000, 0.000000)
Time to prepare sqrt root of Coulomb for Wc(q) (seconds, Wall/CPU): 0.177849 2.125153
Wing_lambda diagnostics (iomega=0): max_abs_real= 1.38618541e-14 max_abs_imag= 7.17598461e-01 max_abs_value= 7.17598461e-01 real_over_abs= 1.93170065e-14
Wing_lambda Gram (iomega=0, rows alpha, columns beta):
( 9.15134886e-01, 0.00000000e+00) (-4.12781159e-02, 1.11360598e-14) ( 2.60206667e-02,-1.41898172e-14)
(-4.12781159e-02,-1.11360598e-14) ( 1.37511855e+00, 0.00000000e+00) (-9.43967326e-02,-6.79841732e-16)
( 2.60206667e-02, 1.41898172e-14) (-9.43967326e-02, 6.79841732e-16) ( 1.97772283e+00, 0.00000000e+00)
Time to prepare sqrt root of Coulomb for Epsilon(q) (seconds, Wall/CPU): 0.114485 1.368684
Number of angular grids for average inverse dielectric matrix: 5810
vol_gamma_numeric/vol_gamma: 5.78296e-05, 5.78154e-05
Angular quadrature accuracy for volume: 1.00025 (should be close to 1)
* Success: calculate average inverse dielectric matrix no.1.
Time for Wc(i_q=1, i_omega=1) (seconds, Wall/CPU): 0.423860 5.068378
* Success: calculate average inverse dielectric matrix no.2.
Time for Wc(i_q=1, i_omega=2) (seconds, Wall/CPU): 0.375565 4.490956
* Success: calculate average inverse dielectric matrix no.3.
Time for Wc(i_q=1, i_omega=3) (seconds, Wall/CPU): 0.382738 4.576601
* Success: calculate average inverse dielectric matrix no.4.
Time for Wc(i_q=1, i_omega=4) (seconds, Wall/CPU): 0.376423 4.501377
* Success: calculate average inverse dielectric matrix no.5.
Time for Wc(i_q=1, i_omega=5) (seconds, Wall/CPU): 0.378506 4.525698
* Success: calculate average inverse dielectric matrix no.6.
Time for Wc(i_q=1, i_omega=6) (seconds, Wall/CPU): 0.372727 4.456926
Computing Wc(q), 2 / 64, q=(0.250000, 0.000000, 0.000000)
Time to prepare sqrt root of Coulomb for Wc(q) (seconds, Wall/CPU): 0.178731 2.136730
Time to prepare sqrt root of Coulomb for Epsilon(q) (seconds, Wall/CPU): 0.176964 2.115276
Time for Wc(i_q=2, i_omega=1) (seconds, Wall/CPU): 0.092048 1.063622
Time for Wc(i_q=2, i_omega=2) (seconds, Wall/CPU): 0.089290 1.034226
Time for Wc(i_q=2, i_omega=3) (seconds, Wall/CPU): 0.090146 1.044140
Time for Wc(i_q=2, i_omega=4) (seconds, Wall/CPU): 0.090018 1.041990
Time for Wc(i_q=2, i_omega=5) (seconds, Wall/CPU): 0.090136 1.044658
Time for Wc(i_q=2, i_omega=6) (seconds, Wall/CPU): 0.089810 1.040511
Computing Wc(q), 3 / 64, q=(0.500000, 0.000000, 0.000000)
Time to prepare sqrt root of Coulomb for Wc(q) (seconds, Wall/CPU): 0.184856 2.210381
Time to prepare sqrt root of Coulomb for Epsilon(q) (seconds, Wall/CPU): 0.180896 2.162562
Time for Wc(i_q=3, i_omega=1) (seconds, Wall/CPU): 0.089673 1.039089
Time for Wc(i_q=3, i_omega=2) (seconds, Wall/CPU): 0.089934 1.041589
Time for Wc(i_q=3, i_omega=3) (seconds, Wall/CPU): 0.090099 1.043659
Time for Wc(i_q=3, i_omega=4) (seconds, Wall/CPU): 0.092159 1.068609
Time for Wc(i_q=3, i_omega=5) (seconds, Wall/CPU): 0.090104 1.044582
Time for Wc(i_q=3, i_omega=6) (seconds, Wall/CPU): 0.090596 1.049932
Computing Wc(q), 4 / 64, q=(0.750000, 0.000000, 0.000000)
Time to prepare sqrt root of Coulomb for Wc(q) (seconds, Wall/CPU): 0.179647 2.148220
Time to prepare sqrt root of Coulomb for Epsilon(q) (seconds, Wall/CPU): 0.178685 2.135942
Time for Wc(i_q=4, i_omega=1) (seconds, Wall/CPU): 0.089984 1.042767
Time for Wc(i_q=4, i_omega=2) (seconds, Wall/CPU): 0.089664 1.039033
Time for Wc(i_q=4, i_omega=3) (seconds, Wall/CPU): 0.090050 1.043577
Time for Wc(i_q=4, i_omega=4) (seconds, Wall/CPU): 0.090648 1.050942
Time for Wc(i_q=4, i_omega=5) (seconds, Wall/CPU): 0.091037 1.052570
Time for Wc(i_q=4, i_omega=6) (seconds, Wall/CPU): 0.090953 1.053117
Computing Wc(q), 5 / 64, q=(0.000000, 0.250000, 0.000000)
Time to prepare sqrt root of Coulomb for Wc(q) (seconds, Wall/CPU): 0.184355 2.204208
Time to prepare sqrt root of Coulomb for Epsilon(q) (seconds, Wall/CPU): 0.179247 2.143046
Time for Wc(i_q=5, i_omega=1) (seconds, Wall/CPU): 0.090231 1.044288
Time for Wc(i_q=5, i_omega=2) (seconds, Wall/CPU): 0.090989 1.054986
Time for Wc(i_q=5, i_omega=3) (seconds, Wall/CPU): 0.090895 1.053179
Time for Wc(i_q=5, i_omega=4) (seconds, Wall/CPU): 0.090986 1.054453
Time for Wc(i_q=5, i_omega=5) (seconds, Wall/CPU): 0.091090 1.055723
Time for Wc(i_q=5, i_omega=6) (seconds, Wall/CPU): 0.093864 1.087361
Computing Wc(q), 6 / 64, q=(0.250000, 0.250000, 0.000000)
Time to prepare sqrt root of Coulomb for Wc(q) (seconds, Wall/CPU): 0.188436 2.252622
Time to prepare sqrt root of Coulomb for Epsilon(q) (seconds, Wall/CPU): 0.181210 2.166660
Time for Wc(i_q=6, i_omega=1) (seconds, Wall/CPU): 0.091782 1.063812
Time for Wc(i_q=6, i_omega=2) (seconds, Wall/CPU): 0.091706 1.062642
Time for Wc(i_q=6, i_omega=3) (seconds, Wall/CPU): 0.091292 1.058540
Time for Wc(i_q=6, i_omega=4) (seconds, Wall/CPU): 0.092182 1.068210
Time for Wc(i_q=6, i_omega=5) (seconds, Wall/CPU): 0.090650 1.050642
Time for Wc(i_q=6, i_omega=6) (seconds, Wall/CPU): 0.093214 1.078985
Computing Wc(q), 7 / 64, q=(0.500000, 0.250000, 0.000000)
Time to prepare sqrt root of Coulomb for Wc(q) (seconds, Wall/CPU): 0.190843 2.280792
Time to prepare sqrt root of Coulomb for Epsilon(q) (seconds, Wall/CPU): 0.180222 2.154789
Time for Wc(i_q=7, i_omega=1) (seconds, Wall/CPU): 0.090907 1.053898
Time for Wc(i_q=7, i_omega=2) (seconds, Wall/CPU): 0.090562 1.049561
Time for Wc(i_q=7, i_omega=3) (seconds, Wall/CPU): 0.089710 1.038922
Time for Wc(i_q=7, i_omega=4) (seconds, Wall/CPU): 0.091218 1.057800
Time for Wc(i_q=7, i_omega=5) (seconds, Wall/CPU): 0.090830 1.052133
Time for Wc(i_q=7, i_omega=6) (seconds, Wall/CPU): 0.092360 1.068014
Computing Wc(q), 8 / 64, q=(0.750000, 0.250000, 0.000000)
Time to prepare sqrt root of Coulomb for Wc(q) (seconds, Wall/CPU): 0.193076 2.308305
Time to prepare sqrt root of Coulomb for Epsilon(q) (seconds, Wall/CPU): 1.890768 5.992640
Time for Wc(i_q=8, i_omega=1) (seconds, Wall/CPU): 0.093452 1.083206
Time for Wc(i_q=8, i_omega=2) (seconds, Wall/CPU): 0.090734 1.049496
Time for Wc(i_q=8, i_omega=3) (seconds, Wall/CPU): 0.089622 1.036754
Time for Wc(i_q=8, i_omega=4) (seconds, Wall/CPU): 0.091489 1.058489
Time for Wc(i_q=8, i_omega=5) (seconds, Wall/CPU): 0.091311 1.056811
Time for Wc(i_q=8, i_omega=6) (seconds, Wall/CPU): 0.091688 1.060327
Computing Wc(q), 9 / 64, q=(0.000000, 0.500000, 0.000000)
Time to prepare sqrt root of Coulomb for Wc(q) (seconds, Wall/CPU): 0.190689 2.278421
Time to prepare sqrt root of Coulomb for Epsilon(q) (seconds, Wall/CPU): 0.182866 2.184442
Time for Wc(i_q=9, i_omega=1) (seconds, Wall/CPU): 0.094544 1.095063
Time for Wc(i_q=9, i_omega=2) (seconds, Wall/CPU): 0.090373 1.046049
Time for Wc(i_q=9, i_omega=3) (seconds, Wall/CPU): 0.090736 1.050212
Time for Wc(i_q=9, i_omega=4) (seconds, Wall/CPU): 0.091210 1.056599
Time for Wc(i_q=9, i_omega=5) (seconds, Wall/CPU): 0.090473 1.047307
Time for Wc(i_q=9, i_omega=6) (seconds, Wall/CPU): 0.091887 1.062224
Computing Wc(q), 10 / 64, q=(0.250000, 0.500000, 0.000000)
Time to prepare sqrt root of Coulomb for Wc(q) (seconds, Wall/CPU): 0.190336 2.274507
Time to prepare sqrt root of Coulomb for Epsilon(q) (seconds, Wall/CPU): 0.184874 2.209097
Time for Wc(i_q=10, i_omega=1) (seconds, Wall/CPU): 0.090475 1.047153
Time for Wc(i_q=10, i_omega=2) (seconds, Wall/CPU): 0.551510 3.645297
Time for Wc(i_q=10, i_omega=3) (seconds, Wall/CPU): 0.089819 1.008943
Time for Wc(i_q=10, i_omega=4) (seconds, Wall/CPU): 0.091337 1.057397
Time for Wc(i_q=10, i_omega=5) (seconds, Wall/CPU): 0.090320 1.045473
Time for Wc(i_q=10, i_omega=6) (seconds, Wall/CPU): 0.092231 1.065910
Computing Wc(q), 11 / 64, q=(0.500000, 0.500000, 0.000000)
Time to prepare sqrt root of Coulomb for Wc(q) (seconds, Wall/CPU): 0.188171 2.247165
Time to prepare sqrt root of Coulomb for Epsilon(q) (seconds, Wall/CPU): 0.185563 2.217106
Time for Wc(i_q=11, i_omega=1) (seconds, Wall/CPU): 0.090385 1.045912
Time for Wc(i_q=11, i_omega=2) (seconds, Wall/CPU): 0.089820 1.038933
Time for Wc(i_q=11, i_omega=3) (seconds, Wall/CPU): 0.090168 1.043443
Time for Wc(i_q=11, i_omega=4) (seconds, Wall/CPU): 0.090344 1.045789
Time for Wc(i_q=11, i_omega=5) (seconds, Wall/CPU): 0.090306 1.045225
Time for Wc(i_q=11, i_omega=6) (seconds, Wall/CPU): 0.090905 1.051781
Computing Wc(q), 12 / 64, q=(0.750000, 0.500000, 0.000000)
Time to prepare sqrt root of Coulomb for Wc(q) (seconds, Wall/CPU): 0.189318 2.262319
Time to prepare sqrt root of Coulomb for Epsilon(q) (seconds, Wall/CPU): 0.183627 2.193667
Time for Wc(i_q=12, i_omega=1) (seconds, Wall/CPU): 0.089808 1.039480
Time for Wc(i_q=12, i_omega=2) (seconds, Wall/CPU): 0.090199 1.043252
Time for Wc(i_q=12, i_omega=3) (seconds, Wall/CPU): 0.089687 1.037050
Time for Wc(i_q=12, i_omega=4) (seconds, Wall/CPU): 0.090060 1.043232
Time for Wc(i_q=12, i_omega=5) (seconds, Wall/CPU): 0.090144 1.043497
Time for Wc(i_q=12, i_omega=6) (seconds, Wall/CPU): 0.090179 1.043750
Computing Wc(q), 13 / 64, q=(0.000000, 0.750000, 0.000000)
Time to prepare sqrt root of Coulomb for Wc(q) (seconds, Wall/CPU): 0.187917 2.245508
Time to prepare sqrt root of Coulomb for Epsilon(q) (seconds, Wall/CPU): 0.182219 2.176619
Time for Wc(i_q=13, i_omega=1) (seconds, Wall/CPU): 0.089935 1.041187
Time for Wc(i_q=13, i_omega=2) (seconds, Wall/CPU): 0.089967 1.040413
Time for Wc(i_q=13, i_omega=3) (seconds, Wall/CPU): 0.090949 1.053316
Time for Wc(i_q=13, i_omega=4) (seconds, Wall/CPU): 0.091476 1.058666
Time for Wc(i_q=13, i_omega=5) (seconds, Wall/CPU): 0.089824 1.040138
Time for Wc(i_q=13, i_omega=6) (seconds, Wall/CPU): 0.090370 1.046034
Computing Wc(q), 14 / 64, q=(0.250000, 0.750000, 0.000000)
Time to prepare sqrt root of Coulomb for Wc(q) (seconds, Wall/CPU): 0.185412 2.215128
Time to prepare sqrt root of Coulomb for Epsilon(q) (seconds, Wall/CPU): 0.182667 2.182688
Time for Wc(i_q=14, i_omega=1) (seconds, Wall/CPU): 0.090220 1.043544
Time for Wc(i_q=14, i_omega=2) (seconds, Wall/CPU): 0.089459 1.034815
Time for Wc(i_q=14, i_omega=3) (seconds, Wall/CPU): 0.090507 1.047527
Time for Wc(i_q=14, i_omega=4) (seconds, Wall/CPU): 0.089928 1.040901
Time for Wc(i_q=14, i_omega=5) (seconds, Wall/CPU): 0.089995 1.042796
Time for Wc(i_q=14, i_omega=6) (seconds, Wall/CPU): 0.089624 1.037500
Computing Wc(q), 15 / 64, q=(0.500000, 0.750000, 0.000000)
Time to prepare sqrt root of Coulomb for Wc(q) (seconds, Wall/CPU): 0.184211 2.201076
Time to prepare sqrt root of Coulomb for Epsilon(q) (seconds, Wall/CPU): 0.180132 2.151867
Time for Wc(i_q=15, i_omega=1) (seconds, Wall/CPU): 0.090288 1.044919
Time for Wc(i_q=15, i_omega=2) (seconds, Wall/CPU): 0.091095 1.053648
Time for Wc(i_q=15, i_omega=3) (seconds, Wall/CPU): 0.593638 6.492188
Time for Wc(i_q=15, i_omega=4) (seconds, Wall/CPU): 0.136550 1.599272
Time for Wc(i_q=15, i_omega=5) (seconds, Wall/CPU): 0.090478 1.047937
Time for Wc(i_q=15, i_omega=6) (seconds, Wall/CPU): 0.104208 1.212482
Computing Wc(q), 16 / 64, q=(0.750000, 0.750000, 0.000000)
Time to prepare sqrt root of Coulomb for Wc(q) (seconds, Wall/CPU): 0.183207 2.190104
Time to prepare sqrt root of Coulomb for Epsilon(q) (seconds, Wall/CPU): 0.180735 2.160459
Time for Wc(i_q=16, i_omega=1) (seconds, Wall/CPU): 0.090115 1.044192
Time for Wc(i_q=16, i_omega=2) (seconds, Wall/CPU): 0.089838 1.040730
Time for Wc(i_q=16, i_omega=3) (seconds, Wall/CPU): 0.089128 1.033174
Time for Wc(i_q=16, i_omega=4) (seconds, Wall/CPU): 0.089603 1.039186
Time for Wc(i_q=16, i_omega=5) (seconds, Wall/CPU): 0.089562 1.037691
Time for Wc(i_q=16, i_omega=6) (seconds, Wall/CPU): 0.090129 1.044853
Computing Wc(q), 17 / 64, q=(0.000000, 0.000000, 0.250000)
Time to prepare sqrt root of Coulomb for Wc(q) (seconds, Wall/CPU): 0.186495 2.228919
Time to prepare sqrt root of Coulomb for Epsilon(q) (seconds, Wall/CPU): 0.182404 2.180417
Time for Wc(i_q=17, i_omega=1) (seconds, Wall/CPU): 0.090964 1.054060
Time for Wc(i_q=17, i_omega=2) (seconds, Wall/CPU): 0.089989 1.043316
Time for Wc(i_q=17, i_omega=3) (seconds, Wall/CPU): 0.090636 1.050046
Time for Wc(i_q=17, i_omega=4) (seconds, Wall/CPU): 0.090767 1.051514
Time for Wc(i_q=17, i_omega=5) (seconds, Wall/CPU): 0.091416 1.059147
Time for Wc(i_q=17, i_omega=6) (seconds, Wall/CPU): 0.090604 1.049645
Computing Wc(q), 18 / 64, q=(0.250000, 0.000000, 0.250000)
Time to prepare sqrt root of Coulomb for Wc(q) (seconds, Wall/CPU): 0.182695 2.183993
Time to prepare sqrt root of Coulomb for Epsilon(q) (seconds, Wall/CPU): 0.181375 2.167875
Time for Wc(i_q=18, i_omega=1) (seconds, Wall/CPU): 0.091189 1.056786
Time for Wc(i_q=18, i_omega=2) (seconds, Wall/CPU): 0.089973 1.043203
Time for Wc(i_q=18, i_omega=3) (seconds, Wall/CPU): 0.090759 1.051221
Time for Wc(i_q=18, i_omega=4) (seconds, Wall/CPU): 0.090722 1.051749
Time for Wc(i_q=18, i_omega=5) (seconds, Wall/CPU): 0.091858 1.064206
Time for Wc(i_q=18, i_omega=6) (seconds, Wall/CPU): 0.091518 1.061239
Computing Wc(q), 19 / 64, q=(0.500000, 0.000000, 0.250000)
Time to prepare sqrt root of Coulomb for Wc(q) (seconds, Wall/CPU): 0.179664 2.147852
Time to prepare sqrt root of Coulomb for Epsilon(q) (seconds, Wall/CPU): 0.190682 2.278127
Time for Wc(i_q=19, i_omega=1) (seconds, Wall/CPU): 0.090980 1.054733
Time for Wc(i_q=19, i_omega=2) (seconds, Wall/CPU): 0.090139 1.044894
Time for Wc(i_q=19, i_omega=3) (seconds, Wall/CPU): 0.090805 1.052701
Time for Wc(i_q=19, i_omega=4) (seconds, Wall/CPU): 0.090600 1.049977
Time for Wc(i_q=19, i_omega=5) (seconds, Wall/CPU): 0.090924 1.054547
Time for Wc(i_q=19, i_omega=6) (seconds, Wall/CPU): 0.091696 1.063307
Computing Wc(q), 20 / 64, q=(0.750000, 0.000000, 0.250000)
Time to prepare sqrt root of Coulomb for Wc(q) (seconds, Wall/CPU): 0.181962 2.175407
Time to prepare sqrt root of Coulomb for Epsilon(q) (seconds, Wall/CPU): 0.187066 2.235605
Time for Wc(i_q=20, i_omega=1) (seconds, Wall/CPU): 0.502136 3.565894
Time for Wc(i_q=20, i_omega=2) (seconds, Wall/CPU): 0.089307 1.034771
Time for Wc(i_q=20, i_omega=3) (seconds, Wall/CPU): 0.089430 1.037270
Time for Wc(i_q=20, i_omega=4) (seconds, Wall/CPU): 0.089413 1.036510
Time for Wc(i_q=20, i_omega=5) (seconds, Wall/CPU): 0.089927 1.042292
Time for Wc(i_q=20, i_omega=6) (seconds, Wall/CPU): 0.091317 1.058916
Computing Wc(q), 21 / 64, q=(0.000000, 0.250000, 0.250000)
Time to prepare sqrt root of Coulomb for Wc(q) (seconds, Wall/CPU): 0.179379 2.144172
Time to prepare sqrt root of Coulomb for Epsilon(q) (seconds, Wall/CPU): 0.182521 2.181527
Time for Wc(i_q=21, i_omega=1) (seconds, Wall/CPU): 0.089604 1.038664
Time for Wc(i_q=21, i_omega=2) (seconds, Wall/CPU): 0.089347 1.034396
Time for Wc(i_q=21, i_omega=3) (seconds, Wall/CPU): 0.089477 1.036458
Time for Wc(i_q=21, i_omega=4) (seconds, Wall/CPU): 0.089165 1.033599
Time for Wc(i_q=21, i_omega=5) (seconds, Wall/CPU): 0.090204 1.045063
Time for Wc(i_q=21, i_omega=6) (seconds, Wall/CPU): 0.089288 1.034795
Computing Wc(q), 22 / 64, q=(0.250000, 0.250000, 0.250000)
Time to prepare sqrt root of Coulomb for Wc(q) (seconds, Wall/CPU): 0.182305 2.179370
Time to prepare sqrt root of Coulomb for Epsilon(q) (seconds, Wall/CPU): 0.181353 2.167738
Time for Wc(i_q=22, i_omega=1) (seconds, Wall/CPU): 0.089495 1.037515
Time for Wc(i_q=22, i_omega=2) (seconds, Wall/CPU): 0.089273 1.034537
Time for Wc(i_q=22, i_omega=3) (seconds, Wall/CPU): 0.089994 1.043001
Time for Wc(i_q=22, i_omega=4) (seconds, Wall/CPU): 0.089543 1.037174
Time for Wc(i_q=22, i_omega=5) (seconds, Wall/CPU): 0.090345 1.046763
Time for Wc(i_q=22, i_omega=6) (seconds, Wall/CPU): 0.089924 1.041328
Computing Wc(q), 23 / 64, q=(0.500000, 0.250000, 0.250000)
Time to prepare sqrt root of Coulomb for Wc(q) (seconds, Wall/CPU): 0.184305 2.203418
Time to prepare sqrt root of Coulomb for Epsilon(q) (seconds, Wall/CPU): 0.178293 2.131131
Time for Wc(i_q=23, i_omega=1) (seconds, Wall/CPU): 0.089507 1.036495
Time for Wc(i_q=23, i_omega=2) (seconds, Wall/CPU): 0.089927 1.040927
Time for Wc(i_q=23, i_omega=3) (seconds, Wall/CPU): 0.090363 1.047272
Time for Wc(i_q=23, i_omega=4) (seconds, Wall/CPU): 0.090456 1.049230
Time for Wc(i_q=23, i_omega=5) (seconds, Wall/CPU): 0.090081 1.044379
Time for Wc(i_q=23, i_omega=6) (seconds, Wall/CPU): 0.090021 1.042936
Computing Wc(q), 24 / 64, q=(0.750000, 0.250000, 0.250000)
Time to prepare sqrt root of Coulomb for Wc(q) (seconds, Wall/CPU): 0.181836 2.174134
Time to prepare sqrt root of Coulomb for Epsilon(q) (seconds, Wall/CPU): 0.188930 2.257967
Time for Wc(i_q=24, i_omega=1) (seconds, Wall/CPU): 0.090048 1.042776
Time for Wc(i_q=24, i_omega=2) (seconds, Wall/CPU): 0.089803 1.040398
Time for Wc(i_q=24, i_omega=3) (seconds, Wall/CPU): 0.090248 1.046165
Time for Wc(i_q=24, i_omega=4) (seconds, Wall/CPU): 0.090376 1.047126
Time for Wc(i_q=24, i_omega=5) (seconds, Wall/CPU): 0.089842 1.040467
Time for Wc(i_q=24, i_omega=6) (seconds, Wall/CPU): 0.090642 1.049638
Computing Wc(q), 25 / 64, q=(0.000000, 0.500000, 0.250000)
Time to prepare sqrt root of Coulomb for Wc(q) (seconds, Wall/CPU): 0.184933 2.210788
Time to prepare sqrt root of Coulomb for Epsilon(q) (seconds, Wall/CPU): 0.189774 2.268577
Time for Wc(i_q=25, i_omega=1) (seconds, Wall/CPU): 0.093361 1.083347
Time for Wc(i_q=25, i_omega=2) (seconds, Wall/CPU): 0.089569 1.037546
Time for Wc(i_q=25, i_omega=3) (seconds, Wall/CPU): 0.090335 1.047236
Time for Wc(i_q=25, i_omega=4) (seconds, Wall/CPU): 0.089564 1.037421
Time for Wc(i_q=25, i_omega=5) (seconds, Wall/CPU): 0.089917 1.042407
Time for Wc(i_q=25, i_omega=6) (seconds, Wall/CPU): 0.089704 1.038969
Computing Wc(q), 26 / 64, q=(0.250000, 0.500000, 0.250000)
Time to prepare sqrt root of Coulomb for Wc(q) (seconds, Wall/CPU): 0.184307 2.203525
Time to prepare sqrt root of Coulomb for Epsilon(q) (seconds, Wall/CPU): 0.183072 2.188479
Time for Wc(i_q=26, i_omega=1) (seconds, Wall/CPU): 0.092233 1.069064
Time for Wc(i_q=26, i_omega=2) (seconds, Wall/CPU): 0.686366 4.009216
Time for Wc(i_q=26, i_omega=3) (seconds, Wall/CPU): 0.089972 1.042118
Time for Wc(i_q=26, i_omega=4) (seconds, Wall/CPU): 0.089904 1.041322
Time for Wc(i_q=26, i_omega=5) (seconds, Wall/CPU): 0.089784 1.040336
Time for Wc(i_q=26, i_omega=6) (seconds, Wall/CPU): 0.172756 2.021928
Computing Wc(q), 27 / 64, q=(0.500000, 0.500000, 0.250000)
Time to prepare sqrt root of Coulomb for Wc(q) (seconds, Wall/CPU): 0.182431 2.180887
Time to prepare sqrt root of Coulomb for Epsilon(q) (seconds, Wall/CPU): 0.233203 2.782588
Time for Wc(i_q=27, i_omega=1) (seconds, Wall/CPU): 0.136624 1.548723
Time for Wc(i_q=27, i_omega=2) (seconds, Wall/CPU): 0.089794 1.040406
Time for Wc(i_q=27, i_omega=3) (seconds, Wall/CPU): 0.090982 1.054512
Time for Wc(i_q=27, i_omega=4) (seconds, Wall/CPU): 0.125363 1.407015
Time for Wc(i_q=27, i_omega=5) (seconds, Wall/CPU): 0.091006 1.051899
Time for Wc(i_q=27, i_omega=6) (seconds, Wall/CPU): 0.091321 1.057728
Computing Wc(q), 28 / 64, q=(0.750000, 0.500000, 0.250000)
Time to prepare sqrt root of Coulomb for Wc(q) (seconds, Wall/CPU): 0.218909 2.566918
Time to prepare sqrt root of Coulomb for Epsilon(q) (seconds, Wall/CPU): 0.237765 2.788636
Time for Wc(i_q=28, i_omega=1) (seconds, Wall/CPU): 0.090521 1.050353
Time for Wc(i_q=28, i_omega=2) (seconds, Wall/CPU): 0.090374 1.047556
Time for Wc(i_q=28, i_omega=3) (seconds, Wall/CPU): 0.099564 1.155612
Time for Wc(i_q=28, i_omega=4) (seconds, Wall/CPU): 0.680158 3.786765
Time for Wc(i_q=28, i_omega=5) (seconds, Wall/CPU): 0.090619 1.019539
Time for Wc(i_q=28, i_omega=6) (seconds, Wall/CPU): 0.090786 1.052729
Computing Wc(q), 29 / 64, q=(0.000000, 0.750000, 0.250000)
Time to prepare sqrt root of Coulomb for Wc(q) (seconds, Wall/CPU): 0.193090 2.307090
Time to prepare sqrt root of Coulomb for Epsilon(q) (seconds, Wall/CPU): 0.183731 2.195524
Time for Wc(i_q=29, i_omega=1) (seconds, Wall/CPU): 0.448073 3.537649
Time for Wc(i_q=29, i_omega=2) (seconds, Wall/CPU): 0.088995 1.030345
Time for Wc(i_q=29, i_omega=3) (seconds, Wall/CPU): 0.094726 1.099235
Time for Wc(i_q=29, i_omega=4) (seconds, Wall/CPU): 0.091078 1.054056
Time for Wc(i_q=29, i_omega=5) (seconds, Wall/CPU): 0.109682 1.270338
Time for Wc(i_q=29, i_omega=6) (seconds, Wall/CPU): 0.108387 1.260899
Computing Wc(q), 30 / 64, q=(0.250000, 0.750000, 0.250000)
Time to prepare sqrt root of Coulomb for Wc(q) (seconds, Wall/CPU): 0.185785 2.220959
Time to prepare sqrt root of Coulomb for Epsilon(q) (seconds, Wall/CPU): 0.187189 2.237050
Time for Wc(i_q=30, i_omega=1) (seconds, Wall/CPU): 0.090154 1.044877
Time for Wc(i_q=30, i_omega=2) (seconds, Wall/CPU): 0.089120 1.033025
Time for Wc(i_q=30, i_omega=3) (seconds, Wall/CPU): 0.089555 1.037853
Time for Wc(i_q=30, i_omega=4) (seconds, Wall/CPU): 0.089510 1.037001
Time for Wc(i_q=30, i_omega=5) (seconds, Wall/CPU): 0.089766 1.040024
Time for Wc(i_q=30, i_omega=6) (seconds, Wall/CPU): 0.091194 1.053105
Computing Wc(q), 31 / 64, q=(0.500000, 0.750000, 0.250000)
Time to prepare sqrt root of Coulomb for Wc(q) (seconds, Wall/CPU): 0.179590 2.146935
Time to prepare sqrt root of Coulomb for Epsilon(q) (seconds, Wall/CPU): 0.183282 2.190760
Time for Wc(i_q=31, i_omega=1) (seconds, Wall/CPU): 0.089219 1.033921
Time for Wc(i_q=31, i_omega=2) (seconds, Wall/CPU): 0.089209 1.033674
Time for Wc(i_q=31, i_omega=3) (seconds, Wall/CPU): 0.089916 1.041424
Time for Wc(i_q=31, i_omega=4) (seconds, Wall/CPU): 0.089138 1.033257
Time for Wc(i_q=31, i_omega=5) (seconds, Wall/CPU): 0.089856 1.040501
Time for Wc(i_q=31, i_omega=6) (seconds, Wall/CPU): 0.090335 1.046092
Computing Wc(q), 32 / 64, q=(0.750000, 0.750000, 0.250000)
Time to prepare sqrt root of Coulomb for Wc(q) (seconds, Wall/CPU): 0.184340 2.203767
Time to prepare sqrt root of Coulomb for Epsilon(q) (seconds, Wall/CPU): 0.181144 2.165306
Time for Wc(i_q=32, i_omega=1) (seconds, Wall/CPU): 0.089943 1.041601
Time for Wc(i_q=32, i_omega=2) (seconds, Wall/CPU): 0.089848 1.040379
Time for Wc(i_q=32, i_omega=3) (seconds, Wall/CPU): 0.089707 1.040079
Time for Wc(i_q=32, i_omega=4) (seconds, Wall/CPU): 0.090190 1.045048
Time for Wc(i_q=32, i_omega=5) (seconds, Wall/CPU): 0.090498 1.048403
Time for Wc(i_q=32, i_omega=6) (seconds, Wall/CPU): 0.090071 1.043614
Computing Wc(q), 33 / 64, q=(0.000000, 0.000000, 0.500000)
Time to prepare sqrt root of Coulomb for Wc(q) (seconds, Wall/CPU): 0.184314 2.202165
Time to prepare sqrt root of Coulomb for Epsilon(q) (seconds, Wall/CPU): 0.182763 2.185011
Time for Wc(i_q=33, i_omega=1) (seconds, Wall/CPU): 0.089623 1.038783
Time for Wc(i_q=33, i_omega=2) (seconds, Wall/CPU): 0.089944 1.043158
Time for Wc(i_q=33, i_omega=3) (seconds, Wall/CPU): 0.090007 1.041857
Time for Wc(i_q=33, i_omega=4) (seconds, Wall/CPU): 0.089721 1.040022
Time for Wc(i_q=33, i_omega=5) (seconds, Wall/CPU): 0.090014 1.043300
Time for Wc(i_q=33, i_omega=6) (seconds, Wall/CPU): 0.090952 1.053799
Computing Wc(q), 34 / 64, q=(0.250000, 0.000000, 0.500000)
Time to prepare sqrt root of Coulomb for Wc(q) (seconds, Wall/CPU): 0.179658 2.147541
Time to prepare sqrt root of Coulomb for Epsilon(q) (seconds, Wall/CPU): 0.189661 2.266132
Time for Wc(i_q=34, i_omega=1) (seconds, Wall/CPU): 0.121867 1.423551
Time for Wc(i_q=34, i_omega=2) (seconds, Wall/CPU): 0.091520 1.060331
Time for Wc(i_q=34, i_omega=3) (seconds, Wall/CPU): 0.090296 1.046776
Time for Wc(i_q=34, i_omega=4) (seconds, Wall/CPU): 0.091070 1.055794
Time for Wc(i_q=34, i_omega=5) (seconds, Wall/CPU): 0.093282 1.082776
Time for Wc(i_q=34, i_omega=6) (seconds, Wall/CPU): 0.090789 1.052097
Computing Wc(q), 35 / 64, q=(0.500000, 0.000000, 0.500000)
Time to prepare sqrt root of Coulomb for Wc(q) (seconds, Wall/CPU): 0.183325 2.191624
Time to prepare sqrt root of Coulomb for Epsilon(q) (seconds, Wall/CPU): 0.183584 2.193867
Time for Wc(i_q=35, i_omega=1) (seconds, Wall/CPU): 0.090246 1.045911
Time for Wc(i_q=35, i_omega=2) (seconds, Wall/CPU): 0.090569 1.049452
Time for Wc(i_q=35, i_omega=3) (seconds, Wall/CPU): 0.090429 1.048595
Time for Wc(i_q=35, i_omega=4) (seconds, Wall/CPU): 0.090788 1.051968
Time for Wc(i_q=35, i_omega=5) (seconds, Wall/CPU): 0.090970 1.053496
Time for Wc(i_q=35, i_omega=6) (seconds, Wall/CPU): 0.091848 1.064708
Computing Wc(q), 36 / 64, q=(0.750000, 0.000000, 0.500000)
Time to prepare sqrt root of Coulomb for Wc(q) (seconds, Wall/CPU): 0.181976 2.175479
Time to prepare sqrt root of Coulomb for Epsilon(q) (seconds, Wall/CPU): 0.182532 2.181691
Time for Wc(i_q=36, i_omega=1) (seconds, Wall/CPU): 0.092021 1.066634
Time for Wc(i_q=36, i_omega=2) (seconds, Wall/CPU): 0.091217 1.057736
Time for Wc(i_q=36, i_omega=3) (seconds, Wall/CPU): 0.090582 1.049649
Time for Wc(i_q=36, i_omega=4) (seconds, Wall/CPU): 0.091500 1.060355
Time for Wc(i_q=36, i_omega=5) (seconds, Wall/CPU): 0.090842 1.053276
Time for Wc(i_q=36, i_omega=6) (seconds, Wall/CPU): 0.091503 1.061617
Computing Wc(q), 37 / 64, q=(0.000000, 0.250000, 0.500000)
Time to prepare sqrt root of Coulomb for Wc(q) (seconds, Wall/CPU): 0.183167 2.189640
Time to prepare sqrt root of Coulomb for Epsilon(q) (seconds, Wall/CPU): 0.182083 2.176683
Time for Wc(i_q=37, i_omega=1) (seconds, Wall/CPU): 0.090576 1.050178
Time for Wc(i_q=37, i_omega=2) (seconds, Wall/CPU): 0.090645 1.051073
Time for Wc(i_q=37, i_omega=3) (seconds, Wall/CPU): 0.091416 1.059291
Time for Wc(i_q=37, i_omega=4) (seconds, Wall/CPU): 0.090645 1.050647
Time for Wc(i_q=37, i_omega=5) (seconds, Wall/CPU): 0.090996 1.054474
Time for Wc(i_q=37, i_omega=6) (seconds, Wall/CPU): 0.091918 1.065602
Computing Wc(q), 38 / 64, q=(0.250000, 0.250000, 0.500000)
Time to prepare sqrt root of Coulomb for Wc(q) (seconds, Wall/CPU): 0.183567 2.194512
Time to prepare sqrt root of Coulomb for Epsilon(q) (seconds, Wall/CPU): 0.180304 2.155838
Time for Wc(i_q=38, i_omega=1) (seconds, Wall/CPU): 0.091389 1.058727
Time for Wc(i_q=38, i_omega=2) (seconds, Wall/CPU): 0.093429 1.083929
Time for Wc(i_q=38, i_omega=3) (seconds, Wall/CPU): 0.124103 1.451362
Time for Wc(i_q=38, i_omega=4) (seconds, Wall/CPU): 0.091245 1.057700
Time for Wc(i_q=38, i_omega=5) (seconds, Wall/CPU): 0.091199 1.056895
Time for Wc(i_q=38, i_omega=6) (seconds, Wall/CPU): 0.091176 1.057074
Computing Wc(q), 39 / 64, q=(0.500000, 0.250000, 0.500000)
Time to prepare sqrt root of Coulomb for Wc(q) (seconds, Wall/CPU): 0.182320 2.179268
Time to prepare sqrt root of Coulomb for Epsilon(q) (seconds, Wall/CPU): 0.181330 2.168189
Time for Wc(i_q=39, i_omega=1) (seconds, Wall/CPU): 0.091096 1.055397
Time for Wc(i_q=39, i_omega=2) (seconds, Wall/CPU): 0.092671 1.068433
Time for Wc(i_q=39, i_omega=3) (seconds, Wall/CPU): 0.090846 1.051507
Time for Wc(i_q=39, i_omega=4) (seconds, Wall/CPU): 0.092471 1.067855
Time for Wc(i_q=39, i_omega=5) (seconds, Wall/CPU): 0.090777 1.051691
Time for Wc(i_q=39, i_omega=6) (seconds, Wall/CPU): 0.091598 1.062373
Computing Wc(q), 40 / 64, q=(0.750000, 0.250000, 0.500000)
Time to prepare sqrt root of Coulomb for Wc(q) (seconds, Wall/CPU): 0.185333 2.215614
Time to prepare sqrt root of Coulomb for Epsilon(q) (seconds, Wall/CPU): 0.181832 2.174153
Time for Wc(i_q=40, i_omega=1) (seconds, Wall/CPU): 0.090932 1.054166
Time for Wc(i_q=40, i_omega=2) (seconds, Wall/CPU): 0.090707 1.051959
Time for Wc(i_q=40, i_omega=3) (seconds, Wall/CPU): 0.092674 1.074904
Time for Wc(i_q=40, i_omega=4) (seconds, Wall/CPU): 0.090679 1.050897
Time for Wc(i_q=40, i_omega=5) (seconds, Wall/CPU): 0.090948 1.054208
Time for Wc(i_q=40, i_omega=6) (seconds, Wall/CPU): 0.091552 1.061666
Computing Wc(q), 41 / 64, q=(0.000000, 0.500000, 0.500000)
Time to prepare sqrt root of Coulomb for Wc(q) (seconds, Wall/CPU): 0.181338 2.168291
Time to prepare sqrt root of Coulomb for Epsilon(q) (seconds, Wall/CPU): 0.180696 2.160247
Time for Wc(i_q=41, i_omega=1) (seconds, Wall/CPU): 0.090722 1.052054
Time for Wc(i_q=41, i_omega=2) (seconds, Wall/CPU): 0.090643 1.051441
Time for Wc(i_q=41, i_omega=3) (seconds, Wall/CPU): 0.090998 1.054497
Time for Wc(i_q=41, i_omega=4) (seconds, Wall/CPU): 0.092998 1.078244
Time for Wc(i_q=41, i_omega=5) (seconds, Wall/CPU): 0.092179 1.068281
Time for Wc(i_q=41, i_omega=6) (seconds, Wall/CPU): 0.090782 1.052039
Computing Wc(q), 42 / 64, q=(0.250000, 0.500000, 0.500000)
Time to prepare sqrt root of Coulomb for Wc(q) (seconds, Wall/CPU): 0.183186 2.190235
Time to prepare sqrt root of Coulomb for Epsilon(q) (seconds, Wall/CPU): 0.178042 2.128734
Time for Wc(i_q=42, i_omega=1) (seconds, Wall/CPU): 0.090044 1.043091
Time for Wc(i_q=42, i_omega=2) (seconds, Wall/CPU): 0.089925 1.042873
Time for Wc(i_q=42, i_omega=3) (seconds, Wall/CPU): 0.091967 1.065218
Time for Wc(i_q=42, i_omega=4) (seconds, Wall/CPU): 0.091684 1.063273
Time for Wc(i_q=42, i_omega=5) (seconds, Wall/CPU): 0.092334 1.069903
Time for Wc(i_q=42, i_omega=6) (seconds, Wall/CPU): 0.090591 1.050535
Computing Wc(q), 43 / 64, q=(0.500000, 0.500000, 0.500000)
Time to prepare sqrt root of Coulomb for Wc(q) (seconds, Wall/CPU): 0.183086 2.189224
Time to prepare sqrt root of Coulomb for Epsilon(q) (seconds, Wall/CPU): 0.181236 2.167190
Time for Wc(i_q=43, i_omega=1) (seconds, Wall/CPU): 0.090368 1.046567
Time for Wc(i_q=43, i_omega=2) (seconds, Wall/CPU): 0.089980 1.041942
Time for Wc(i_q=43, i_omega=3) (seconds, Wall/CPU): 0.089479 1.036622
Time for Wc(i_q=43, i_omega=4) (seconds, Wall/CPU): 0.089296 1.034682
Time for Wc(i_q=43, i_omega=5) (seconds, Wall/CPU): 0.089647 1.039320
Time for Wc(i_q=43, i_omega=6) (seconds, Wall/CPU): 0.091384 1.058997
Computing Wc(q), 44 / 64, q=(0.750000, 0.500000, 0.500000)
Time to prepare sqrt root of Coulomb for Wc(q) (seconds, Wall/CPU): 0.182436 2.181126
Time to prepare sqrt root of Coulomb for Epsilon(q) (seconds, Wall/CPU): 0.180860 2.162615
Time for Wc(i_q=44, i_omega=1) (seconds, Wall/CPU): 0.090504 1.048485
Time for Wc(i_q=44, i_omega=2) (seconds, Wall/CPU): 0.090402 1.048162
Time for Wc(i_q=44, i_omega=3) (seconds, Wall/CPU): 0.089701 1.039281
Time for Wc(i_q=44, i_omega=4) (seconds, Wall/CPU): 0.089763 1.039564
Time for Wc(i_q=44, i_omega=5) (seconds, Wall/CPU): 0.090053 1.044716
Time for Wc(i_q=44, i_omega=6) (seconds, Wall/CPU): 0.093351 1.082831
Computing Wc(q), 45 / 64, q=(0.000000, 0.750000, 0.500000)
Time to prepare sqrt root of Coulomb for Wc(q) (seconds, Wall/CPU): 0.228694 2.685726
Time to prepare sqrt root of Coulomb for Epsilon(q) (seconds, Wall/CPU): 0.624936 4.541974
Time for Wc(i_q=45, i_omega=1) (seconds, Wall/CPU): 0.090286 1.045812
Time for Wc(i_q=45, i_omega=2) (seconds, Wall/CPU): 0.089715 1.039456
Time for Wc(i_q=45, i_omega=3) (seconds, Wall/CPU): 1.006711 4.058807
Time for Wc(i_q=45, i_omega=4) (seconds, Wall/CPU): 0.089751 1.039369
Time for Wc(i_q=45, i_omega=5) (seconds, Wall/CPU): 0.090595 1.050482
Time for Wc(i_q=45, i_omega=6) (seconds, Wall/CPU): 0.089935 1.042986
Computing Wc(q), 46 / 64, q=(0.250000, 0.750000, 0.500000)
Time to prepare sqrt root of Coulomb for Wc(q) (seconds, Wall/CPU): 0.181714 2.173599
Time to prepare sqrt root of Coulomb for Epsilon(q) (seconds, Wall/CPU): 0.181846 2.174529
Time for Wc(i_q=46, i_omega=1) (seconds, Wall/CPU): 0.089600 1.038635
Time for Wc(i_q=46, i_omega=2) (seconds, Wall/CPU): 0.089736 1.040719
Time for Wc(i_q=46, i_omega=3) (seconds, Wall/CPU): 0.093924 1.089320
Time for Wc(i_q=46, i_omega=4) (seconds, Wall/CPU): 0.091546 1.061651
Time for Wc(i_q=46, i_omega=5) (seconds, Wall/CPU): 0.090814 1.052838
Time for Wc(i_q=46, i_omega=6) (seconds, Wall/CPU): 0.090553 1.049887
Computing Wc(q), 47 / 64, q=(0.500000, 0.750000, 0.500000)
Time to prepare sqrt root of Coulomb for Wc(q) (seconds, Wall/CPU): 0.182255 2.180246
Time to prepare sqrt root of Coulomb for Epsilon(q) (seconds, Wall/CPU): 0.179444 2.146408
Time for Wc(i_q=47, i_omega=1) (seconds, Wall/CPU): 0.089966 1.043214
Time for Wc(i_q=47, i_omega=2) (seconds, Wall/CPU): 0.090779 1.052624
Time for Wc(i_q=47, i_omega=3) (seconds, Wall/CPU): 0.089845 1.041158
Time for Wc(i_q=47, i_omega=4) (seconds, Wall/CPU): 0.090071 1.044155
Time for Wc(i_q=47, i_omega=5) (seconds, Wall/CPU): 0.090795 1.053026
Time for Wc(i_q=47, i_omega=6) (seconds, Wall/CPU): 0.090640 1.049266
Computing Wc(q), 48 / 64, q=(0.750000, 0.750000, 0.500000)
Time to prepare sqrt root of Coulomb for Wc(q) (seconds, Wall/CPU): 0.183242 2.191639
Time to prepare sqrt root of Coulomb for Epsilon(q) (seconds, Wall/CPU): 0.180182 2.155351
Time for Wc(i_q=48, i_omega=1) (seconds, Wall/CPU): 0.090377 1.047461
Time for Wc(i_q=48, i_omega=2) (seconds, Wall/CPU): 0.090144 1.045502
Time for Wc(i_q=48, i_omega=3) (seconds, Wall/CPU): 0.089171 1.033712
Time for Wc(i_q=48, i_omega=4) (seconds, Wall/CPU): 0.089554 1.038931
Time for Wc(i_q=48, i_omega=5) (seconds, Wall/CPU): 0.091057 1.055519
Time for Wc(i_q=48, i_omega=6) (seconds, Wall/CPU): 0.094214 1.094190
Computing Wc(q), 49 / 64, q=(0.000000, 0.000000, 0.750000)
Time to prepare sqrt root of Coulomb for Wc(q) (seconds, Wall/CPU): 0.249923 2.989248
Time to prepare sqrt root of Coulomb for Epsilon(q) (seconds, Wall/CPU): 0.179072 2.141715
Time for Wc(i_q=49, i_omega=1) (seconds, Wall/CPU): 0.090926 1.053612
Time for Wc(i_q=49, i_omega=2) (seconds, Wall/CPU): 0.090353 1.047218
Time for Wc(i_q=49, i_omega=3) (seconds, Wall/CPU): 0.090620 1.051595
Time for Wc(i_q=49, i_omega=4) (seconds, Wall/CPU): 0.090566 1.050562
Time for Wc(i_q=49, i_omega=5) (seconds, Wall/CPU): 0.090927 1.053231
Time for Wc(i_q=49, i_omega=6) (seconds, Wall/CPU): 0.091959 1.067098
Computing Wc(q), 50 / 64, q=(0.250000, 0.000000, 0.750000)
Time to prepare sqrt root of Coulomb for Wc(q) (seconds, Wall/CPU): 0.182699 2.184876
Time to prepare sqrt root of Coulomb for Epsilon(q) (seconds, Wall/CPU): 0.178661 2.136744
Time for Wc(i_q=50, i_omega=1) (seconds, Wall/CPU): 0.097145 1.128056
Time for Wc(i_q=50, i_omega=2) (seconds, Wall/CPU): 0.090930 1.054246
Time for Wc(i_q=50, i_omega=3) (seconds, Wall/CPU): 0.090788 1.053071
Time for Wc(i_q=50, i_omega=4) (seconds, Wall/CPU): 0.090513 1.049378
Time for Wc(i_q=50, i_omega=5) (seconds, Wall/CPU): 0.090236 1.046829
Time for Wc(i_q=50, i_omega=6) (seconds, Wall/CPU): 0.091175 1.056510
Computing Wc(q), 51 / 64, q=(0.500000, 0.000000, 0.750000)
Time to prepare sqrt root of Coulomb for Wc(q) (seconds, Wall/CPU): 0.185393 2.217348
Time to prepare sqrt root of Coulomb for Epsilon(q) (seconds, Wall/CPU): 0.179476 2.146723
Time for Wc(i_q=51, i_omega=1) (seconds, Wall/CPU): 0.091217 1.057476
Time for Wc(i_q=51, i_omega=2) (seconds, Wall/CPU): 0.090663 1.050993
Time for Wc(i_q=51, i_omega=3) (seconds, Wall/CPU): 0.090778 1.052619
Time for Wc(i_q=51, i_omega=4) (seconds, Wall/CPU): 0.090938 1.053722
Time for Wc(i_q=51, i_omega=5) (seconds, Wall/CPU): 0.090563 1.050526
Time for Wc(i_q=51, i_omega=6) (seconds, Wall/CPU): 0.091310 1.058932
Computing Wc(q), 52 / 64, q=(0.750000, 0.000000, 0.750000)
Time to prepare sqrt root of Coulomb for Wc(q) (seconds, Wall/CPU): 0.182101 2.177961
Time to prepare sqrt root of Coulomb for Epsilon(q) (seconds, Wall/CPU): 0.180118 2.153874
Time for Wc(i_q=52, i_omega=1) (seconds, Wall/CPU): 0.090264 1.046890
Time for Wc(i_q=52, i_omega=2) (seconds, Wall/CPU): 0.090131 1.046282
Time for Wc(i_q=52, i_omega=3) (seconds, Wall/CPU): 0.090742 1.052146
Time for Wc(i_q=52, i_omega=4) (seconds, Wall/CPU): 0.090740 1.052334
Time for Wc(i_q=52, i_omega=5) (seconds, Wall/CPU): 0.090630 1.051125
Time for Wc(i_q=52, i_omega=6) (seconds, Wall/CPU): 0.091507 1.062150
Computing Wc(q), 53 / 64, q=(0.000000, 0.250000, 0.750000)
Time to prepare sqrt root of Coulomb for Wc(q) (seconds, Wall/CPU): 0.180792 2.162877
Time to prepare sqrt root of Coulomb for Epsilon(q) (seconds, Wall/CPU): 0.198875 2.359686
Time for Wc(i_q=53, i_omega=1) (seconds, Wall/CPU): 0.090989 1.055071
Time for Wc(i_q=53, i_omega=2) (seconds, Wall/CPU): 0.090599 1.050593
Time for Wc(i_q=53, i_omega=3) (seconds, Wall/CPU): 0.091049 1.054974
Time for Wc(i_q=53, i_omega=4) (seconds, Wall/CPU): 0.091249 1.058510
Time for Wc(i_q=53, i_omega=5) (seconds, Wall/CPU): 0.090600 1.050897
Time for Wc(i_q=53, i_omega=6) (seconds, Wall/CPU): 0.090992 1.055144
Computing Wc(q), 54 / 64, q=(0.250000, 0.250000, 0.750000)
Time to prepare sqrt root of Coulomb for Wc(q) (seconds, Wall/CPU): 0.184041 2.201348
Time to prepare sqrt root of Coulomb for Epsilon(q) (seconds, Wall/CPU): 0.188286 2.252273
Time for Wc(i_q=54, i_omega=1) (seconds, Wall/CPU): 0.094162 1.091602
Time for Wc(i_q=54, i_omega=2) (seconds, Wall/CPU): 0.091056 1.055286
Time for Wc(i_q=54, i_omega=3) (seconds, Wall/CPU): 0.089663 1.038592
Time for Wc(i_q=54, i_omega=4) (seconds, Wall/CPU): 0.089693 1.038485
Time for Wc(i_q=54, i_omega=5) (seconds, Wall/CPU): 0.090522 1.048402
Time for Wc(i_q=54, i_omega=6) (seconds, Wall/CPU): 0.089873 1.041461
Computing Wc(q), 55 / 64, q=(0.500000, 0.250000, 0.750000)
Time to prepare sqrt root of Coulomb for Wc(q) (seconds, Wall/CPU): 0.179079 2.141289
Time to prepare sqrt root of Coulomb for Epsilon(q) (seconds, Wall/CPU): 0.177998 2.128111
Time for Wc(i_q=55, i_omega=1) (seconds, Wall/CPU): 0.979785 4.107445
Time for Wc(i_q=55, i_omega=2) (seconds, Wall/CPU): 0.091889 1.033678
Time for Wc(i_q=55, i_omega=3) (seconds, Wall/CPU): 0.136916 1.605081
Time for Wc(i_q=55, i_omega=4) (seconds, Wall/CPU): 0.090706 1.051218
Time for Wc(i_q=55, i_omega=5) (seconds, Wall/CPU): 0.090206 1.046353
Time for Wc(i_q=55, i_omega=6) (seconds, Wall/CPU): 0.180202 2.123542
Computing Wc(q), 56 / 64, q=(0.750000, 0.250000, 0.750000)
Time to prepare sqrt root of Coulomb for Wc(q) (seconds, Wall/CPU): 0.184416 2.205718
Time to prepare sqrt root of Coulomb for Epsilon(q) (seconds, Wall/CPU): 0.225408 2.695766
Time for Wc(i_q=56, i_omega=1) (seconds, Wall/CPU): 0.089378 1.035117
Time for Wc(i_q=56, i_omega=2) (seconds, Wall/CPU): 0.193908 2.284811
Time for Wc(i_q=56, i_omega=3) (seconds, Wall/CPU): 0.089737 1.039397
Time for Wc(i_q=56, i_omega=4) (seconds, Wall/CPU): 0.090200 1.044796
Time for Wc(i_q=56, i_omega=5) (seconds, Wall/CPU): 0.094192 1.092180
Time for Wc(i_q=56, i_omega=6) (seconds, Wall/CPU): 0.091649 1.062240
Computing Wc(q), 57 / 64, q=(0.000000, 0.500000, 0.750000)
Time to prepare sqrt root of Coulomb for Wc(q) (seconds, Wall/CPU): 0.182346 2.179677
Time to prepare sqrt root of Coulomb for Epsilon(q) (seconds, Wall/CPU): 0.179758 2.149237
Time for Wc(i_q=57, i_omega=1) (seconds, Wall/CPU): 0.418249 3.226564
Time for Wc(i_q=57, i_omega=2) (seconds, Wall/CPU): 0.090042 1.009916
Time for Wc(i_q=57, i_omega=3) (seconds, Wall/CPU): 0.089531 1.036597
Time for Wc(i_q=57, i_omega=4) (seconds, Wall/CPU): 0.199663 2.354480
Time for Wc(i_q=57, i_omega=5) (seconds, Wall/CPU): 0.090483 1.049420
Time for Wc(i_q=57, i_omega=6) (seconds, Wall/CPU): 0.091121 1.055302
Computing Wc(q), 58 / 64, q=(0.250000, 0.500000, 0.750000)
Time to prepare sqrt root of Coulomb for Wc(q) (seconds, Wall/CPU): 0.184330 2.203435
Time to prepare sqrt root of Coulomb for Epsilon(q) (seconds, Wall/CPU): 0.183098 2.190037
Time for Wc(i_q=58, i_omega=1) (seconds, Wall/CPU): 0.090318 1.046191
Time for Wc(i_q=58, i_omega=2) (seconds, Wall/CPU): 0.090289 1.046854
Time for Wc(i_q=58, i_omega=3) (seconds, Wall/CPU): 0.089766 1.040677
Time for Wc(i_q=58, i_omega=4) (seconds, Wall/CPU): 0.090405 1.047777
Time for Wc(i_q=58, i_omega=5) (seconds, Wall/CPU): 0.090062 1.044366
Time for Wc(i_q=58, i_omega=6) (seconds, Wall/CPU): 0.090059 1.044266
Computing Wc(q), 59 / 64, q=(0.500000, 0.500000, 0.750000)
Time to prepare sqrt root of Coulomb for Wc(q) (seconds, Wall/CPU): 0.179353 2.144816
Time to prepare sqrt root of Coulomb for Epsilon(q) (seconds, Wall/CPU): 0.694734 4.767551
Time for Wc(i_q=59, i_omega=1) (seconds, Wall/CPU): 0.090282 1.045539
Time for Wc(i_q=59, i_omega=2) (seconds, Wall/CPU): 0.089706 1.039630
Time for Wc(i_q=59, i_omega=3) (seconds, Wall/CPU): 0.091100 1.055910
Time for Wc(i_q=59, i_omega=4) (seconds, Wall/CPU): 0.089988 1.042408
Time for Wc(i_q=59, i_omega=5) (seconds, Wall/CPU): 0.090193 1.045751
Time for Wc(i_q=59, i_omega=6) (seconds, Wall/CPU): 0.090247 1.046325
Computing Wc(q), 60 / 64, q=(0.750000, 0.500000, 0.750000)
Time to prepare sqrt root of Coulomb for Wc(q) (seconds, Wall/CPU): 0.187122 2.238517
Time to prepare sqrt root of Coulomb for Epsilon(q) (seconds, Wall/CPU): 0.180664 2.161090
Time for Wc(i_q=60, i_omega=1) (seconds, Wall/CPU): 0.089369 1.035895
Time for Wc(i_q=60, i_omega=2) (seconds, Wall/CPU): 0.089342 1.036243
Time for Wc(i_q=60, i_omega=3) (seconds, Wall/CPU): 0.089656 1.039588
Time for Wc(i_q=60, i_omega=4) (seconds, Wall/CPU): 0.092101 1.068906
Time for Wc(i_q=60, i_omega=5) (seconds, Wall/CPU): 0.090350 1.046037
Time for Wc(i_q=60, i_omega=6) (seconds, Wall/CPU): 0.090555 1.049500
Computing Wc(q), 61 / 64, q=(0.000000, 0.750000, 0.750000)
Time to prepare sqrt root of Coulomb for Wc(q) (seconds, Wall/CPU): 0.180690 2.161256
Time to prepare sqrt root of Coulomb for Epsilon(q) (seconds, Wall/CPU): 0.178218 2.131322
Time for Wc(i_q=61, i_omega=1) (seconds, Wall/CPU): 0.089894 1.042449
Time for Wc(i_q=61, i_omega=2) (seconds, Wall/CPU): 0.090001 1.043917
Time for Wc(i_q=61, i_omega=3) (seconds, Wall/CPU): 0.089185 1.034032
Time for Wc(i_q=61, i_omega=4) (seconds, Wall/CPU): 0.090019 1.042984
Time for Wc(i_q=61, i_omega=5) (seconds, Wall/CPU): 0.091060 1.055839
Time for Wc(i_q=61, i_omega=6) (seconds, Wall/CPU): 0.090623 1.049938
Computing Wc(q), 62 / 64, q=(0.250000, 0.750000, 0.750000)
Time to prepare sqrt root of Coulomb for Wc(q) (seconds, Wall/CPU): 0.183180 2.190528
Time to prepare sqrt root of Coulomb for Epsilon(q) (seconds, Wall/CPU): 1.199033 5.269926
Time for Wc(i_q=62, i_omega=1) (seconds, Wall/CPU): 0.455741 3.541930
Time for Wc(i_q=62, i_omega=2) (seconds, Wall/CPU): 0.092481 1.071960
Time for Wc(i_q=62, i_omega=3) (seconds, Wall/CPU): 0.091173 1.057098
Time for Wc(i_q=62, i_omega=4) (seconds, Wall/CPU): 0.091254 1.057361
Time for Wc(i_q=62, i_omega=5) (seconds, Wall/CPU): 0.090914 1.053455
Time for Wc(i_q=62, i_omega=6) (seconds, Wall/CPU): 0.090632 1.050363
Computing Wc(q), 63 / 64, q=(0.500000, 0.750000, 0.750000)
Time to prepare sqrt root of Coulomb for Wc(q) (seconds, Wall/CPU): 0.182121 2.176806
Time to prepare sqrt root of Coulomb for Epsilon(q) (seconds, Wall/CPU): 0.181221 2.166599
Time for Wc(i_q=63, i_omega=1) (seconds, Wall/CPU): 0.089856 1.041207
Time for Wc(i_q=63, i_omega=2) (seconds, Wall/CPU): 0.089551 1.036811
Time for Wc(i_q=63, i_omega=3) (seconds, Wall/CPU): 0.092528 1.072893
Time for Wc(i_q=63, i_omega=4) (seconds, Wall/CPU): 0.089740 1.039615
Time for Wc(i_q=63, i_omega=5) (seconds, Wall/CPU): 0.090885 1.053387
Time for Wc(i_q=63, i_omega=6) (seconds, Wall/CPU): 0.089989 1.043743
Computing Wc(q), 64 / 64, q=(0.750000, 0.750000, 0.750000)
Time to prepare sqrt root of Coulomb for Wc(q) (seconds, Wall/CPU): 0.183566 2.193797
Time to prepare sqrt root of Coulomb for Epsilon(q) (seconds, Wall/CPU): 0.180203 2.153756
Time for Wc(i_q=64, i_omega=1) (seconds, Wall/CPU): 0.090516 1.048556
Time for Wc(i_q=64, i_omega=2) (seconds, Wall/CPU): 0.089615 1.038481
Time for Wc(i_q=64, i_omega=3) (seconds, Wall/CPU): 0.089991 1.042339
Time for Wc(i_q=64, i_omega=4) (seconds, Wall/CPU): 0.092275 1.069108
Time for Wc(i_q=64, i_omega=5) (seconds, Wall/CPU): 0.090747 1.051084
Time for Wc(i_q=64, i_omega=6) (seconds, Wall/CPU): 0.099251 1.153982
Time for Wc computation (seconds, Wall/CPU): 70.419546 761.304244
Calculating correlation self-energy by space-time method
Using real tensor
Converting Wc(q,w) -> W(R,t)
Converting Wc q,w -> R,t
Done converting Wc(q,w) -> Wc(R,w)
Done converting Wc q,w -> R,t
Time for Fourier transform of Wc in GW (seconds, Wall/CPU): 4.831691 35.872220
Time for LibRI G0W0 setup (seconds, Wall/CPU): 0.440073 3.214413
Time for Green's function, i_spin 1 i_tau 1 (seconds, Wall/CPU): 0.016228 0.016175
Task    3. libRI G0W0, spin 0, time grid     0.089856. Wc size 64, GF size 64. Wall time 0.716156
Task    1. libRI G0W0, spin 0, time grid     0.089856. Wc size 64, GF size 64. Wall time 1.748251
Task    2. libRI G0W0, spin 0, time grid     0.089856. Wc size 64, GF size 64. Wall time 2.778239
Task    0. libRI G0W0, spin 0, time grid     0.089856. Wc size 64, GF size 64. Wall time 3.365731
Task    3. libRI G0W0, spin 0, time grid    -0.089856. Wc size 64, GF size 64. Wall time 3.616116
Task    1. libRI G0W0, spin 0, time grid    -0.089856. Wc size 64, GF size 64. Wall time 3.385997
Task    2. libRI G0W0, spin 0, time grid    -0.089856. Wc size 64, GF size 64. Wall time 3.313537
Task    0. libRI G0W0, spin 0, time grid    -0.089856. Wc size 64, GF size 64. Wall time 3.390521
Time for Green's function, i_spin 1 i_tau 2 (seconds, Wall/CPU): 0.016311 0.016258
Task    3. libRI G0W0, spin 0, time grid     0.590263. Wc size 64, GF size 64. Wall time 0.474609
Task    1. libRI G0W0, spin 0, time grid     0.590263. Wc size 64, GF size 64. Wall time 1.730524
Task    2. libRI G0W0, spin 0, time grid     0.590263. Wc size 64, GF size 64. Wall time 2.644613
Task    0. libRI G0W0, spin 0, time grid     0.590263. Wc size 64, GF size 64. Wall time 3.446358
Task    3. libRI G0W0, spin 0, time grid    -0.590263. Wc size 64, GF size 64. Wall time 3.333654
Task    1. libRI G0W0, spin 0, time grid    -0.590263. Wc size 64, GF size 64. Wall time 3.413592
Task    2. libRI G0W0, spin 0, time grid    -0.590263. Wc size 64, GF size 64. Wall time 3.317433
Task    0. libRI G0W0, spin 0, time grid    -0.590263. Wc size 64, GF size 64. Wall time 3.405853
Time for Green's function, i_spin 1 i_tau 3 (seconds, Wall/CPU): 0.014637 0.014587
Task    3. libRI G0W0, spin 0, time grid     2.129784. Wc size 64, GF size 64. Wall time 0.478894
Task    1. libRI G0W0, spin 0, time grid     2.129784. Wc size 64, GF size 64. Wall time 1.733376
Task    2. libRI G0W0, spin 0, time grid     2.129784. Wc size 64, GF size 64. Wall time 2.649837
Task    0. libRI G0W0, spin 0, time grid     2.129784. Wc size 64, GF size 64. Wall time 3.303716
Task    3. libRI G0W0, spin 0, time grid    -2.129784. Wc size 64, GF size 64. Wall time 3.304482
Task    1. libRI G0W0, spin 0, time grid    -2.129784. Wc size 64, GF size 64. Wall time 3.343272
Task    2. libRI G0W0, spin 0, time grid    -2.129784. Wc size 64, GF size 64. Wall time 3.326245
Task    0. libRI G0W0, spin 0, time grid    -2.129784. Wc size 64, GF size 64. Wall time 3.754275
Time for Green's function, i_spin 1 i_tau 4 (seconds, Wall/CPU): 0.015441 0.015401
Task    3. libRI G0W0, spin 0, time grid     6.365317. Wc size 64, GF size 64. Wall time 0.487555
Task    1. libRI G0W0, spin 0, time grid     6.365317. Wc size 64, GF size 64. Wall time 1.732463
Task    2. libRI G0W0, spin 0, time grid     6.365317. Wc size 64, GF size 64. Wall time 2.664761
Task    0. libRI G0W0, spin 0, time grid     6.365317. Wc size 64, GF size 64. Wall time 3.291498
Task    1. libRI G0W0, spin 0, time grid    -6.365317. Wc size 64, GF size 64. Wall time 3.326025
Task    3. libRI G0W0, spin 0, time grid    -6.365317. Wc size 64, GF size 64. Wall time 4.999131
Task    2. libRI G0W0, spin 0, time grid    -6.365317. Wc size 64, GF size 64. Wall time 3.290495
Task    0. libRI G0W0, spin 0, time grid    -6.365317. Wc size 64, GF size 64. Wall time 3.368558
Time for Green's function, i_spin 1 i_tau 5 (seconds, Wall/CPU): 0.015403 0.015383
Task    3. libRI G0W0, spin 0, time grid    17.100215. Wc size 64, GF size 64. Wall time 0.486130
Task    1. libRI G0W0, spin 0, time grid    17.100215. Wc size 64, GF size 64. Wall time 1.719709
Task    2. libRI G0W0, spin 0, time grid    17.100215. Wc size 64, GF size 64. Wall time 2.657982
Task    0. libRI G0W0, spin 0, time grid    17.100215. Wc size 64, GF size 64. Wall time 3.317287
Task    3. libRI G0W0, spin 0, time grid   -17.100215. Wc size 64, GF size 64. Wall time 3.295828
Task    1. libRI G0W0, spin 0, time grid   -17.100215. Wc size 64, GF size 64. Wall time 3.360065
Task    2. libRI G0W0, spin 0, time grid   -17.100215. Wc size 64, GF size 64. Wall time 3.310205
Task    0. libRI G0W0, spin 0, time grid   -17.100215. Wc size 64, GF size 64. Wall time 3.398875
Time for Green's function, i_spin 1 i_tau 6 (seconds, Wall/CPU): 0.015280 0.015242
Task    3. libRI G0W0, spin 0, time grid    43.507954. Wc size 64, GF size 64. Wall time 0.493790
Task    1. libRI G0W0, spin 0, time grid    43.507954. Wc size 64, GF size 64. Wall time 1.754178
Task    2. libRI G0W0, spin 0, time grid    43.507954. Wc size 64, GF size 64. Wall time 2.652414
Task    0. libRI G0W0, spin 0, time grid    43.507954. Wc size 64, GF size 64. Wall time 3.314850
Task    3. libRI G0W0, spin 0, time grid   -43.507954. Wc size 64, GF size 64. Wall time 3.318877
Task    1. libRI G0W0, spin 0, time grid   -43.507954. Wc size 64, GF size 64. Wall time 3.323284
Task    2. libRI G0W0, spin 0, time grid   -43.507954. Wc size 64, GF size 64. Wall time 3.475025
Task    0. libRI G0W0, spin 0, time grid   -43.507954. Wc size 64, GF size 64. Wall time 3.370968
Task    3: tensor communicate elapsed time: 2.915021
Task    0: tensor communicate elapsed time: 0.002056
Task    2: tensor communicate elapsed time: 0.647958
Task    1: tensor communicate elapsed time: 1.895586
QSGW iteration 1: max_delta= 4.06976633e+03 eV gap= 4.57729445 eV mixer=none
Head k matrix (iomega=0): route=full_bz ik=0 k=( 0.000000000000, 0.000000000000, 0.000000000000)
( 3.61567592e-01, 6.54518961e-30) (-1.43174092e-03, 1.37207887e-16) (-1.50211720e-02, 1.03066246e-15)
(-1.43174092e-03,-1.37207887e-16) ( 4.19337262e-01,-4.03036029e-30) ( 1.23360342e-01,-5.05373495e-16)
(-1.50211720e-02,-1.03066246e-15) ( 1.23360342e-01, 5.05373495e-16) ( 4.59133540e-01,-1.29851658e-29)
Head k matrix (iomega=0): route=full_bz ik=1 k=( 0.250000000000, 0.000000000000, 0.000000000000)
( 0.00000000e+00, 0.00000000e+00) ( 0.00000000e+00, 0.00000000e+00) ( 0.00000000e+00, 0.00000000e+00)
( 0.00000000e+00, 0.00000000e+00) ( 0.00000000e+00, 0.00000000e+00) ( 0.00000000e+00, 0.00000000e+00)
( 0.00000000e+00, 0.00000000e+00) ( 0.00000000e+00, 0.00000000e+00) ( 0.00000000e+00, 0.00000000e+00)
Head k matrix (iomega=0): route=full_bz ik=2 k=( 0.500000000000, 0.000000000000, 0.000000000000)
( 0.00000000e+00, 0.00000000e+00) ( 0.00000000e+00, 0.00000000e+00) ( 0.00000000e+00, 0.00000000e+00)
( 0.00000000e+00, 0.00000000e+00) ( 0.00000000e+00, 0.00000000e+00) ( 0.00000000e+00, 0.00000000e+00)
( 0.00000000e+00, 0.00000000e+00) ( 0.00000000e+00, 0.00000000e+00) ( 0.00000000e+00, 0.00000000e+00)
Head k matrix (iomega=0): route=full_bz ik=3 k=( 0.750000000000, 0.000000000000, 0.000000000000)
( 0.00000000e+00, 0.00000000e+00) ( 0.00000000e+00, 0.00000000e+00) ( 0.00000000e+00, 0.00000000e+00)
( 0.00000000e+00, 0.00000000e+00) ( 0.00000000e+00, 0.00000000e+00) ( 0.00000000e+00, 0.00000000e+00)
( 0.00000000e+00, 0.00000000e+00) ( 0.00000000e+00, 0.00000000e+00) ( 0.00000000e+00, 0.00000000e+00)
Head k matrix (iomega=0): route=full_bz ik=4 k=( 0.000000000000, 0.250000000000, 0.000000000000)
( 2.52672017e-01, 4.73388774e-17) ( 1.22615634e-01,-5.29870627e-03) (-7.48363941e-02,-6.57637503e-03)
( 1.22615634e-01, 5.29870627e-03) ( 2.82578926e-01,-1.08946937e-16) ( 1.01103938e-01, 4.26892582e-03)
(-7.48363941e-02, 6.57637503e-03) ( 1.01103938e-01,-4.26892582e-03) ( 2.63186448e-01,-4.74448334e-18)
Head k matrix (iomega=0): route=full_bz ik=5 k=( 0.250000000000, 0.250000000000, 0.000000000000)
( 0.00000000e+00, 0.00000000e+00) ( 0.00000000e+00, 0.00000000e+00) ( 0.00000000e+00, 0.00000000e+00)
( 0.00000000e+00, 0.00000000e+00) ( 0.00000000e+00, 0.00000000e+00) ( 0.00000000e+00, 0.00000000e+00)
( 0.00000000e+00, 0.00000000e+00) ( 0.00000000e+00, 0.00000000e+00) ( 0.00000000e+00, 0.00000000e+00)
Head k matrix (iomega=0): route=full_bz ik=6 k=( 0.500000000000, 0.250000000000, 0.000000000000)
( 0.00000000e+00, 0.00000000e+00) ( 0.00000000e+00, 0.00000000e+00) ( 0.00000000e+00, 0.00000000e+00)
( 0.00000000e+00, 0.00000000e+00) ( 0.00000000e+00, 0.00000000e+00) ( 0.00000000e+00, 0.00000000e+00)
( 0.00000000e+00, 0.00000000e+00) ( 0.00000000e+00, 0.00000000e+00) ( 0.00000000e+00, 0.00000000e+00)
Head k matrix (iomega=0): route=full_bz ik=7 k=( 0.750000000000, 0.250000000000, 0.000000000000)
( 0.00000000e+00, 0.00000000e+00) ( 0.00000000e+00, 0.00000000e+00) ( 0.00000000e+00, 0.00000000e+00)
( 0.00000000e+00, 0.00000000e+00) ( 0.00000000e+00, 0.00000000e+00) ( 0.00000000e+00, 0.00000000e+00)
( 0.00000000e+00, 0.00000000e+00) ( 0.00000000e+00, 0.00000000e+00) ( 0.00000000e+00, 0.00000000e+00)
Head k matrix (iomega=0): route=full_bz ik=8 k=( 0.000000000000, 0.500000000000, 0.000000000000)
( 4.70291639e-01,-1.42843647e-30) ( 2.67179443e-01, 1.53717335e-15) (-1.62750079e-01, 1.12714009e-14)
( 2.67179443e-01,-1.53717335e-15) ( 5.21054241e-01,-1.19584877e-28) ( 1.93008882e-01, 6.05267591e-15)
(-1.62750079e-01,-1.12714009e-14) ( 1.93008882e-01,-6.05267591e-15) ( 3.56080716e-01,-7.58236132e-29)
Head k matrix (iomega=0): route=full_bz ik=9 k=( 0.250000000000, 0.500000000000, 0.000000000000)
( 0.00000000e+00, 0.00000000e+00) ( 0.00000000e+00, 0.00000000e+00) ( 0.00000000e+00, 0.00000000e+00)
( 0.00000000e+00, 0.00000000e+00) ( 0.00000000e+00, 0.00000000e+00) ( 0.00000000e+00, 0.00000000e+00)
( 0.00000000e+00, 0.00000000e+00) ( 0.00000000e+00, 0.00000000e+00) ( 0.00000000e+00, 0.00000000e+00)
Head k matrix (iomega=0): route=full_bz ik=10 k=( 0.500000000000, 0.500000000000, 0.000000000000)
( 0.00000000e+00, 0.00000000e+00) ( 0.00000000e+00, 0.00000000e+00) ( 0.00000000e+00, 0.00000000e+00)
( 0.00000000e+00, 0.00000000e+00) ( 0.00000000e+00, 0.00000000e+00) ( 0.00000000e+00, 0.00000000e+00)
( 0.00000000e+00, 0.00000000e+00) ( 0.00000000e+00, 0.00000000e+00) ( 0.00000000e+00, 0.00000000e+00)
Head k matrix (iomega=0): route=full_bz ik=11 k=( 0.750000000000, 0.500000000000, 0.000000000000)
( 0.00000000e+00, 0.00000000e+00) ( 0.00000000e+00, 0.00000000e+00) ( 0.00000000e+00, 0.00000000e+00)
( 0.00000000e+00, 0.00000000e+00) ( 0.00000000e+00, 0.00000000e+00) ( 0.00000000e+00, 0.00000000e+00)
( 0.00000000e+00, 0.00000000e+00) ( 0.00000000e+00, 0.00000000e+00) ( 0.00000000e+00, 0.00000000e+00)
Head k matrix (iomega=0): route=full_bz ik=12 k=( 0.000000000000, 0.750000000000, 0.000000000000)
( 2.82228088e-01, 2.29210859e-17) ( 1.35001730e-01, 8.30858991e-03) (-7.12832468e-02,-3.77805848e-03)
( 1.35001730e-01,-8.30858991e-03) ( 3.85865041e-01, 1.41921961e-16) ( 2.00141836e-01,-1.57617043e-02)
(-7.12832468e-02, 3.77805848e-03) ( 2.00141836e-01, 1.57617043e-02) ( 3.43227225e-01, 4.55569870e-17)
Head k matrix (iomega=0): route=full_bz ik=13 k=( 0.250000000000, 0.750000000000, 0.000000000000)
( 0.00000000e+00, 0.00000000e+00) ( 0.00000000e+00, 0.00000000e+00) ( 0.00000000e+00, 0.00000000e+00)
( 0.00000000e+00, 0.00000000e+00) ( 0.00000000e+00, 0.00000000e+00) ( 0.00000000e+00, 0.00000000e+00)
( 0.00000000e+00, 0.00000000e+00) ( 0.00000000e+00, 0.00000000e+00) ( 0.00000000e+00, 0.00000000e+00)
Head k matrix (iomega=0): route=full_bz ik=14 k=( 0.500000000000, 0.750000000000, 0.000000000000)
( 0.00000000e+00, 0.00000000e+00) ( 0.00000000e+00, 0.00000000e+00) ( 0.00000000e+00, 0.00000000e+00)
( 0.00000000e+00, 0.00000000e+00) ( 0.00000000e+00, 0.00000000e+00) ( 0.00000000e+00, 0.00000000e+00)
( 0.00000000e+00, 0.00000000e+00) ( 0.00000000e+00, 0.00000000e+00) ( 0.00000000e+00, 0.00000000e+00)
Head k matrix (iomega=0): route=full_bz ik=15 k=( 0.750000000000, 0.750000000000, 0.000000000000)
( 0.00000000e+00, 0.00000000e+00) ( 0.00000000e+00, 0.00000000e+00) ( 0.00000000e+00, 0.00000000e+00)
( 0.00000000e+00, 0.00000000e+00) ( 0.00000000e+00, 0.00000000e+00) ( 0.00000000e+00, 0.00000000e+00)
( 0.00000000e+00, 0.00000000e+00) ( 0.00000000e+00, 0.00000000e+00) ( 0.00000000e+00, 0.00000000e+00)
Head k matrix (iomega=0): route=full_bz ik=16 k=( 0.000000000000, 0.000000000000, 0.250000000000)
( 2.43293042e-01,-2.69002415e-17) (-1.36707893e-01,-1.16355790e-02) ( 4.95447082e-02,-4.10369520e-03)
(-1.36707893e-01, 1.16355790e-02) ( 3.61228626e-01, 6.39480501e-17) ( 1.59284187e-01, 1.66050889e-03)
( 4.95447082e-02, 4.10369520e-03) ( 1.59284187e-01,-1.66050889e-03) ( 2.86638804e-01, 4.11542343e-17)
Head k matrix (iomega=0): route=full_bz ik=17 k=( 0.250000000000, 0.000000000000, 0.250000000000)
( 0.00000000e+00, 0.00000000e+00) ( 0.00000000e+00, 0.00000000e+00) ( 0.00000000e+00, 0.00000000e+00)
( 0.00000000e+00, 0.00000000e+00) ( 0.00000000e+00, 0.00000000e+00) ( 0.00000000e+00, 0.00000000e+00)
( 0.00000000e+00, 0.00000000e+00) ( 0.00000000e+00, 0.00000000e+00) ( 0.00000000e+00, 0.00000000e+00)
Head k matrix (iomega=0): route=full_bz ik=18 k=( 0.500000000000, 0.000000000000, 0.250000000000)
( 0.00000000e+00, 0.00000000e+00) ( 0.00000000e+00, 0.00000000e+00) ( 0.00000000e+00, 0.00000000e+00)
( 0.00000000e+00, 0.00000000e+00) ( 0.00000000e+00, 0.00000000e+00) ( 0.00000000e+00, 0.00000000e+00)
( 0.00000000e+00, 0.00000000e+00) ( 0.00000000e+00, 0.00000000e+00) ( 0.00000000e+00, 0.00000000e+00)
Head k matrix (iomega=0): route=full_bz ik=19 k=( 0.750000000000, 0.000000000000, 0.250000000000)
( 0.00000000e+00, 0.00000000e+00) ( 0.00000000e+00, 0.00000000e+00) ( 0.00000000e+00, 0.00000000e+00)
( 0.00000000e+00, 0.00000000e+00) ( 0.00000000e+00, 0.00000000e+00) ( 0.00000000e+00, 0.00000000e+00)
( 0.00000000e+00, 0.00000000e+00) ( 0.00000000e+00, 0.00000000e+00) ( 0.00000000e+00, 0.00000000e+00)
Head k matrix (iomega=0): route=full_bz ik=20 k=( 0.000000000000, 0.250000000000, 0.250000000000)
( 4.48056050e-02,-5.26230085e-18) (-8.57390124e-03,-1.05119978e-03) (-6.46076195e-03, 1.02624442e-04)
(-8.57390124e-03, 1.05119978e-03) ( 3.05889613e-01,-3.47031597e-17) ( 1.38593986e-01, 2.28073585e-02)
(-6.46076195e-03,-1.02624442e-04) ( 1.38593986e-01,-2.28073585e-02) ( 3.02298011e-01,-5.97517311e-17)
Head k matrix (iomega=0): route=full_bz ik=21 k=( 0.250000000000, 0.250000000000, 0.250000000000)
( 0.00000000e+00, 0.00000000e+00) ( 0.00000000e+00, 0.00000000e+00) ( 0.00000000e+00, 0.00000000e+00)
( 0.00000000e+00, 0.00000000e+00) ( 0.00000000e+00, 0.00000000e+00) ( 0.00000000e+00, 0.00000000e+00)
( 0.00000000e+00, 0.00000000e+00) ( 0.00000000e+00, 0.00000000e+00) ( 0.00000000e+00, 0.00000000e+00)
Head k matrix (iomega=0): route=full_bz ik=22 k=( 0.500000000000, 0.250000000000, 0.250000000000)
( 0.00000000e+00, 0.00000000e+00) ( 0.00000000e+00, 0.00000000e+00) ( 0.00000000e+00, 0.00000000e+00)
( 0.00000000e+00, 0.00000000e+00) ( 0.00000000e+00, 0.00000000e+00) ( 0.00000000e+00, 0.00000000e+00)
( 0.00000000e+00, 0.00000000e+00) ( 0.00000000e+00, 0.00000000e+00) ( 0.00000000e+00, 0.00000000e+00)
Head k matrix (iomega=0): route=full_bz ik=23 k=( 0.750000000000, 0.250000000000, 0.250000000000)
( 0.00000000e+00, 0.00000000e+00) ( 0.00000000e+00, 0.00000000e+00) ( 0.00000000e+00, 0.00000000e+00)
( 0.00000000e+00, 0.00000000e+00) ( 0.00000000e+00, 0.00000000e+00) ( 0.00000000e+00, 0.00000000e+00)
( 0.00000000e+00, 0.00000000e+00) ( 0.00000000e+00, 0.00000000e+00) ( 0.00000000e+00, 0.00000000e+00)
Head k matrix (iomega=0): route=full_bz ik=24 k=( 0.000000000000, 0.500000000000, 0.250000000000)
( 4.11874281e-02,-2.71786800e-18) ( 2.96838856e-03, 2.78673064e-03) (-1.61262151e-03,-1.45187154e-03)
( 2.96838856e-03,-2.78673064e-03) ( 1.79921983e-01, 1.77838588e-17) ( 1.29033152e-01, 3.40620290e-03)
(-1.61262151e-03, 1.45187154e-03) ( 1.29033152e-01,-3.40620290e-03) ( 1.56711426e-01, 6.51283744e-17)
Head k matrix (iomega=0): route=full_bz ik=25 k=( 0.250000000000, 0.500000000000, 0.250000000000)
( 0.00000000e+00, 0.00000000e+00) ( 0.00000000e+00, 0.00000000e+00) ( 0.00000000e+00, 0.00000000e+00)
( 0.00000000e+00, 0.00000000e+00) ( 0.00000000e+00, 0.00000000e+00) ( 0.00000000e+00, 0.00000000e+00)
( 0.00000000e+00, 0.00000000e+00) ( 0.00000000e+00, 0.00000000e+00) ( 0.00000000e+00, 0.00000000e+00)
Head k matrix (iomega=0): route=full_bz ik=26 k=( 0.500000000000, 0.500000000000, 0.250000000000)
( 0.00000000e+00, 0.00000000e+00) ( 0.00000000e+00, 0.00000000e+00) ( 0.00000000e+00, 0.00000000e+00)
( 0.00000000e+00, 0.00000000e+00) ( 0.00000000e+00, 0.00000000e+00) ( 0.00000000e+00, 0.00000000e+00)
( 0.00000000e+00, 0.00000000e+00) ( 0.00000000e+00, 0.00000000e+00) ( 0.00000000e+00, 0.00000000e+00)
Head k matrix (iomega=0): route=full_bz ik=27 k=( 0.750000000000, 0.500000000000, 0.250000000000)
( 0.00000000e+00, 0.00000000e+00) ( 0.00000000e+00, 0.00000000e+00) ( 0.00000000e+00, 0.00000000e+00)
( 0.00000000e+00, 0.00000000e+00) ( 0.00000000e+00, 0.00000000e+00) ( 0.00000000e+00, 0.00000000e+00)
( 0.00000000e+00, 0.00000000e+00) ( 0.00000000e+00, 0.00000000e+00) ( 0.00000000e+00, 0.00000000e+00)
Head k matrix (iomega=0): route=full_bz ik=28 k=( 0.000000000000, 0.750000000000, 0.250000000000)
( 5.96507312e-02,-1.68954283e-18) ( 1.82778324e-03, 5.76630244e-04) (-3.53530528e-03,-5.28791927e-03)
( 1.82778324e-03,-5.76630244e-04) ( 1.14755023e-01, 4.40233988e-17) ( 7.25386709e-02, 1.66608650e-03)
(-3.53530528e-03, 5.28791927e-03) ( 7.25386709e-02,-1.66608650e-03) ( 1.28291371e-01, 2.43379469e-18)
Head k matrix (iomega=0): route=full_bz ik=29 k=( 0.250000000000, 0.750000000000, 0.250000000000)
( 0.00000000e+00, 0.00000000e+00) ( 0.00000000e+00, 0.00000000e+00) ( 0.00000000e+00, 0.00000000e+00)
( 0.00000000e+00, 0.00000000e+00) ( 0.00000000e+00, 0.00000000e+00) ( 0.00000000e+00, 0.00000000e+00)
( 0.00000000e+00, 0.00000000e+00) ( 0.00000000e+00, 0.00000000e+00) ( 0.00000000e+00, 0.00000000e+00)
Head k matrix (iomega=0): route=full_bz ik=30 k=( 0.500000000000, 0.750000000000, 0.250000000000)
( 0.00000000e+00, 0.00000000e+00) ( 0.00000000e+00, 0.00000000e+00) ( 0.00000000e+00, 0.00000000e+00)
( 0.00000000e+00, 0.00000000e+00) ( 0.00000000e+00, 0.00000000e+00) ( 0.00000000e+00, 0.00000000e+00)
( 0.00000000e+00, 0.00000000e+00) ( 0.00000000e+00, 0.00000000e+00) ( 0.00000000e+00, 0.00000000e+00)
Head k matrix (iomega=0): route=full_bz ik=31 k=( 0.750000000000, 0.750000000000, 0.250000000000)
( 0.00000000e+00, 0.00000000e+00) ( 0.00000000e+00, 0.00000000e+00) ( 0.00000000e+00, 0.00000000e+00)
( 0.00000000e+00, 0.00000000e+00) ( 0.00000000e+00, 0.00000000e+00) ( 0.00000000e+00, 0.00000000e+00)
( 0.00000000e+00, 0.00000000e+00) ( 0.00000000e+00, 0.00000000e+00) ( 0.00000000e+00, 0.00000000e+00)
Head k matrix (iomega=0): route=full_bz ik=32 k=( 0.000000000000, 0.000000000000, 0.500000000000)
( 4.39798253e-01, 8.10660434e-29) (-2.96048348e-01, 2.33722420e-14) ( 1.17175698e-01, 5.68747543e-17)
(-2.96048348e-01,-2.33722420e-14) ( 4.98897963e-01, 2.60709673e-29) ( 1.31913444e-01, 4.28385372e-16)
( 1.17175698e-01,-5.68747543e-17) ( 1.31913444e-01,-4.28385372e-16) ( 2.47271687e-01, 4.04877086e-29)
Head k matrix (iomega=0): route=full_bz ik=33 k=( 0.250000000000, 0.000000000000, 0.500000000000)
( 0.00000000e+00, 0.00000000e+00) ( 0.00000000e+00, 0.00000000e+00) ( 0.00000000e+00, 0.00000000e+00)
( 0.00000000e+00, 0.00000000e+00) ( 0.00000000e+00, 0.00000000e+00) ( 0.00000000e+00, 0.00000000e+00)
( 0.00000000e+00, 0.00000000e+00) ( 0.00000000e+00, 0.00000000e+00) ( 0.00000000e+00, 0.00000000e+00)
Head k matrix (iomega=0): route=full_bz ik=34 k=( 0.500000000000, 0.000000000000, 0.500000000000)
( 0.00000000e+00, 0.00000000e+00) ( 0.00000000e+00, 0.00000000e+00) ( 0.00000000e+00, 0.00000000e+00)
( 0.00000000e+00, 0.00000000e+00) ( 0.00000000e+00, 0.00000000e+00) ( 0.00000000e+00, 0.00000000e+00)
( 0.00000000e+00, 0.00000000e+00) ( 0.00000000e+00, 0.00000000e+00) ( 0.00000000e+00, 0.00000000e+00)
Head k matrix (iomega=0): route=full_bz ik=35 k=( 0.750000000000, 0.000000000000, 0.500000000000)
( 0.00000000e+00, 0.00000000e+00) ( 0.00000000e+00, 0.00000000e+00) ( 0.00000000e+00, 0.00000000e+00)
( 0.00000000e+00, 0.00000000e+00) ( 0.00000000e+00, 0.00000000e+00) ( 0.00000000e+00, 0.00000000e+00)
( 0.00000000e+00, 0.00000000e+00) ( 0.00000000e+00, 0.00000000e+00) ( 0.00000000e+00, 0.00000000e+00)
Head k matrix (iomega=0): route=full_bz ik=36 k=( 0.000000000000, 0.250000000000, 0.500000000000)
( 4.28678776e-02, 2.35718553e-17) (-2.12584523e-03,-2.07122580e-03) ( 1.97173467e-03,-9.34406743e-04)
(-2.12584523e-03, 2.07122580e-03) ( 1.60086233e-01,-2.60141575e-18) ( 1.19912049e-01, 4.49447440e-04)
( 1.97173467e-03, 9.34406743e-04) ( 1.19912049e-01,-4.49447440e-04) ( 1.61074303e-01, 5.24200126e-19)
Head k matrix (iomega=0): route=full_bz ik=37 k=( 0.250000000000, 0.250000000000, 0.500000000000)
( 0.00000000e+00, 0.00000000e+00) ( 0.00000000e+00, 0.00000000e+00) ( 0.00000000e+00, 0.00000000e+00)
( 0.00000000e+00, 0.00000000e+00) ( 0.00000000e+00, 0.00000000e+00) ( 0.00000000e+00, 0.00000000e+00)
( 0.00000000e+00, 0.00000000e+00) ( 0.00000000e+00, 0.00000000e+00) ( 0.00000000e+00, 0.00000000e+00)
Head k matrix (iomega=0): route=full_bz ik=38 k=( 0.500000000000, 0.250000000000, 0.500000000000)
( 0.00000000e+00, 0.00000000e+00) ( 0.00000000e+00, 0.00000000e+00) ( 0.00000000e+00, 0.00000000e+00)
( 0.00000000e+00, 0.00000000e+00) ( 0.00000000e+00, 0.00000000e+00) ( 0.00000000e+00, 0.00000000e+00)
( 0.00000000e+00, 0.00000000e+00) ( 0.00000000e+00, 0.00000000e+00) ( 0.00000000e+00, 0.00000000e+00)
Head k matrix (iomega=0): route=full_bz ik=39 k=( 0.750000000000, 0.250000000000, 0.500000000000)
( 0.00000000e+00, 0.00000000e+00) ( 0.00000000e+00, 0.00000000e+00) ( 0.00000000e+00, 0.00000000e+00)
( 0.00000000e+00, 0.00000000e+00) ( 0.00000000e+00, 0.00000000e+00) ( 0.00000000e+00, 0.00000000e+00)
( 0.00000000e+00, 0.00000000e+00) ( 0.00000000e+00, 0.00000000e+00) ( 0.00000000e+00, 0.00000000e+00)
Head k matrix (iomega=0): route=full_bz ik=40 k=( 0.000000000000, 0.500000000000, 0.500000000000)
( 2.46845898e-02, 2.71765174e-19) (-4.43638081e-03, 1.42436570e-05) (-5.78044202e-03, 2.76544076e-05)
(-4.43638081e-03,-1.42436570e-05) ( 2.43645656e-01, 9.44462737e-19) ( 1.07377429e-01,-3.57058419e-05)
(-5.78044202e-03,-2.76544076e-05) ( 1.07377429e-01, 3.57058419e-05) ( 2.30562482e-01, 2.84790612e-18)
Head k matrix (iomega=0): route=full_bz ik=41 k=( 0.250000000000, 0.500000000000, 0.500000000000)
( 0.00000000e+00, 0.00000000e+00) ( 0.00000000e+00, 0.00000000e+00) ( 0.00000000e+00, 0.00000000e+00)
( 0.00000000e+00, 0.00000000e+00) ( 0.00000000e+00, 0.00000000e+00) ( 0.00000000e+00, 0.00000000e+00)
( 0.00000000e+00, 0.00000000e+00) ( 0.00000000e+00, 0.00000000e+00) ( 0.00000000e+00, 0.00000000e+00)
Head k matrix (iomega=0): route=full_bz ik=42 k=( 0.500000000000, 0.500000000000, 0.500000000000)
( 0.00000000e+00, 0.00000000e+00) ( 0.00000000e+00, 0.00000000e+00) ( 0.00000000e+00, 0.00000000e+00)
( 0.00000000e+00, 0.00000000e+00) ( 0.00000000e+00, 0.00000000e+00) ( 0.00000000e+00, 0.00000000e+00)
( 0.00000000e+00, 0.00000000e+00) ( 0.00000000e+00, 0.00000000e+00) ( 0.00000000e+00, 0.00000000e+00)
Head k matrix (iomega=0): route=full_bz ik=43 k=( 0.750000000000, 0.500000000000, 0.500000000000)
( 0.00000000e+00, 0.00000000e+00) ( 0.00000000e+00, 0.00000000e+00) ( 0.00000000e+00, 0.00000000e+00)
( 0.00000000e+00, 0.00000000e+00) ( 0.00000000e+00, 0.00000000e+00) ( 0.00000000e+00, 0.00000000e+00)
( 0.00000000e+00, 0.00000000e+00) ( 0.00000000e+00, 0.00000000e+00) ( 0.00000000e+00, 0.00000000e+00)
Head k matrix (iomega=0): route=full_bz ik=44 k=( 0.000000000000, 0.750000000000, 0.500000000000)
( 4.24682112e-02, 6.23481337e-18) (-2.69818818e-03, 2.33893220e-03) ( 1.80015424e-03, 2.06582312e-03)
(-2.69818818e-03,-2.33893220e-03) ( 1.59948733e-01, 3.47781686e-17) ( 1.20205638e-01,-1.00891745e-03)
( 1.80015424e-03,-2.06582312e-03) ( 1.20205638e-01, 1.00891745e-03) ( 1.61148738e-01, 7.62004184e-17)
Head k matrix (iomega=0): route=full_bz ik=45 k=( 0.250000000000, 0.750000000000, 0.500000000000)
( 0.00000000e+00, 0.00000000e+00) ( 0.00000000e+00, 0.00000000e+00) ( 0.00000000e+00, 0.00000000e+00)
( 0.00000000e+00, 0.00000000e+00) ( 0.00000000e+00, 0.00000000e+00) ( 0.00000000e+00, 0.00000000e+00)
( 0.00000000e+00, 0.00000000e+00) ( 0.00000000e+00, 0.00000000e+00) ( 0.00000000e+00, 0.00000000e+00)
Head k matrix (iomega=0): route=full_bz ik=46 k=( 0.500000000000, 0.750000000000, 0.500000000000)
( 0.00000000e+00, 0.00000000e+00) ( 0.00000000e+00, 0.00000000e+00) ( 0.00000000e+00, 0.00000000e+00)
( 0.00000000e+00, 0.00000000e+00) ( 0.00000000e+00, 0.00000000e+00) ( 0.00000000e+00, 0.00000000e+00)
( 0.00000000e+00, 0.00000000e+00) ( 0.00000000e+00, 0.00000000e+00) ( 0.00000000e+00, 0.00000000e+00)
Head k matrix (iomega=0): route=full_bz ik=47 k=( 0.750000000000, 0.750000000000, 0.500000000000)
( 0.00000000e+00, 0.00000000e+00) ( 0.00000000e+00, 0.00000000e+00) ( 0.00000000e+00, 0.00000000e+00)
( 0.00000000e+00, 0.00000000e+00) ( 0.00000000e+00, 0.00000000e+00) ( 0.00000000e+00, 0.00000000e+00)
( 0.00000000e+00, 0.00000000e+00) ( 0.00000000e+00, 0.00000000e+00) ( 0.00000000e+00, 0.00000000e+00)
Head k matrix (iomega=0): route=full_bz ik=48 k=( 0.000000000000, 0.000000000000, 0.750000000000)
( 2.49377553e-01, 1.11445180e-16) (-1.31264035e-01, 1.11392742e-02) ( 7.63788183e-02,-1.48700449e-03)
(-1.31264035e-01,-1.11392742e-02) ( 3.15567127e-01,-1.03426776e-16) ( 9.35094593e-02,-3.88065377e-03)
( 7.63788183e-02, 1.48700449e-03) ( 9.35094593e-02, 3.88065377e-03) ( 2.39163903e-01,-6.76394487e-17)
Head k matrix (iomega=0): route=full_bz ik=49 k=( 0.250000000000, 0.000000000000, 0.750000000000)
( 0.00000000e+00, 0.00000000e+00) ( 0.00000000e+00, 0.00000000e+00) ( 0.00000000e+00, 0.00000000e+00)
( 0.00000000e+00, 0.00000000e+00) ( 0.00000000e+00, 0.00000000e+00) ( 0.00000000e+00, 0.00000000e+00)
( 0.00000000e+00, 0.00000000e+00) ( 0.00000000e+00, 0.00000000e+00) ( 0.00000000e+00, 0.00000000e+00)
Head k matrix (iomega=0): route=full_bz ik=50 k=( 0.500000000000, 0.000000000000, 0.750000000000)
( 0.00000000e+00, 0.00000000e+00) ( 0.00000000e+00, 0.00000000e+00) ( 0.00000000e+00, 0.00000000e+00)
( 0.00000000e+00, 0.00000000e+00) ( 0.00000000e+00, 0.00000000e+00) ( 0.00000000e+00, 0.00000000e+00)
( 0.00000000e+00, 0.00000000e+00) ( 0.00000000e+00, 0.00000000e+00) ( 0.00000000e+00, 0.00000000e+00)
Head k matrix (iomega=0): route=full_bz ik=51 k=( 0.750000000000, 0.000000000000, 0.750000000000)
( 0.00000000e+00, 0.00000000e+00) ( 0.00000000e+00, 0.00000000e+00) ( 0.00000000e+00, 0.00000000e+00)
( 0.00000000e+00, 0.00000000e+00) ( 0.00000000e+00, 0.00000000e+00) ( 0.00000000e+00, 0.00000000e+00)
( 0.00000000e+00, 0.00000000e+00) ( 0.00000000e+00, 0.00000000e+00) ( 0.00000000e+00, 0.00000000e+00)
Head k matrix (iomega=0): route=full_bz ik=52 k=( 0.000000000000, 0.250000000000, 0.750000000000)
( 5.87414820e-02, 4.23546063e-19) ( 1.54360655e-03,-4.61327842e-04) (-3.37555581e-03, 4.63466696e-03)
( 1.54360655e-03, 4.61327842e-04) ( 1.13059077e-01,-5.27585265e-18) ( 7.06590801e-02,-1.77516756e-03)
(-3.37555581e-03,-4.63466696e-03) ( 7.06590801e-02, 1.77516756e-03) ( 1.24468065e-01, 2.46914452e-18)
Head k matrix (iomega=0): route=full_bz ik=53 k=( 0.250000000000, 0.250000000000, 0.750000000000)
( 0.00000000e+00, 0.00000000e+00) ( 0.00000000e+00, 0.00000000e+00) ( 0.00000000e+00, 0.00000000e+00)
( 0.00000000e+00, 0.00000000e+00) ( 0.00000000e+00, 0.00000000e+00) ( 0.00000000e+00, 0.00000000e+00)
( 0.00000000e+00, 0.00000000e+00) ( 0.00000000e+00, 0.00000000e+00) ( 0.00000000e+00, 0.00000000e+00)
Head k matrix (iomega=0): route=full_bz ik=54 k=( 0.500000000000, 0.250000000000, 0.750000000000)
( 0.00000000e+00, 0.00000000e+00) ( 0.00000000e+00, 0.00000000e+00) ( 0.00000000e+00, 0.00000000e+00)
( 0.00000000e+00, 0.00000000e+00) ( 0.00000000e+00, 0.00000000e+00) ( 0.00000000e+00, 0.00000000e+00)
( 0.00000000e+00, 0.00000000e+00) ( 0.00000000e+00, 0.00000000e+00) ( 0.00000000e+00, 0.00000000e+00)
Head k matrix (iomega=0): route=full_bz ik=55 k=( 0.750000000000, 0.250000000000, 0.750000000000)
( 0.00000000e+00, 0.00000000e+00) ( 0.00000000e+00, 0.00000000e+00) ( 0.00000000e+00, 0.00000000e+00)
( 0.00000000e+00, 0.00000000e+00) ( 0.00000000e+00, 0.00000000e+00) ( 0.00000000e+00, 0.00000000e+00)
( 0.00000000e+00, 0.00000000e+00) ( 0.00000000e+00, 0.00000000e+00) ( 0.00000000e+00, 0.00000000e+00)
Head k matrix (iomega=0): route=full_bz ik=56 k=( 0.000000000000, 0.500000000000, 0.750000000000)
( 4.09475385e-02, 2.93366500e-19) ( 2.21359655e-03,-3.01091263e-03) (-2.07827383e-03, 9.80902398e-04)
( 2.21359655e-03, 3.01091263e-03) ( 1.73096137e-01,-8.68288355e-17) ( 1.23409725e-01,-3.28434905e-03)
(-2.07827383e-03,-9.80902398e-04) ( 1.23409725e-01, 3.28434905e-03) ( 1.52125335e-01, 2.73720198e-17)
Head k matrix (iomega=0): route=full_bz ik=57 k=( 0.250000000000, 0.500000000000, 0.750000000000)
( 0.00000000e+00, 0.00000000e+00) ( 0.00000000e+00, 0.00000000e+00) ( 0.00000000e+00, 0.00000000e+00)
( 0.00000000e+00, 0.00000000e+00) ( 0.00000000e+00, 0.00000000e+00) ( 0.00000000e+00, 0.00000000e+00)
( 0.00000000e+00, 0.00000000e+00) ( 0.00000000e+00, 0.00000000e+00) ( 0.00000000e+00, 0.00000000e+00)
Head k matrix (iomega=0): route=full_bz ik=58 k=( 0.500000000000, 0.500000000000, 0.750000000000)
( 0.00000000e+00, 0.00000000e+00) ( 0.00000000e+00, 0.00000000e+00) ( 0.00000000e+00, 0.00000000e+00)
( 0.00000000e+00, 0.00000000e+00) ( 0.00000000e+00, 0.00000000e+00) ( 0.00000000e+00, 0.00000000e+00)
( 0.00000000e+00, 0.00000000e+00) ( 0.00000000e+00, 0.00000000e+00) ( 0.00000000e+00, 0.00000000e+00)
Head k matrix (iomega=0): route=full_bz ik=59 k=( 0.750000000000, 0.500000000000, 0.750000000000)
( 0.00000000e+00, 0.00000000e+00) ( 0.00000000e+00, 0.00000000e+00) ( 0.00000000e+00, 0.00000000e+00)
( 0.00000000e+00, 0.00000000e+00) ( 0.00000000e+00, 0.00000000e+00) ( 0.00000000e+00, 0.00000000e+00)
( 0.00000000e+00, 0.00000000e+00) ( 0.00000000e+00, 0.00000000e+00) ( 0.00000000e+00, 0.00000000e+00)
Head k matrix (iomega=0): route=full_bz ik=60 k=( 0.000000000000, 0.750000000000, 0.750000000000)
( 4.14973801e-02, 2.37613854e-17) (-7.46961910e-03, 3.77727967e-03) (-6.27934904e-03, 1.59944097e-03)
(-7.46961910e-03,-3.77727967e-03) ( 2.86156919e-01,-4.82303974e-17) ( 1.46018474e-01,-5.30482854e-03)
(-6.27934904e-03,-1.59944097e-03) ( 1.46018474e-01, 5.30482854e-03) ( 2.93819662e-01,-1.09469688e-16)
Head k matrix (iomega=0): route=full_bz ik=61 k=( 0.250000000000, 0.750000000000, 0.750000000000)
( 0.00000000e+00, 0.00000000e+00) ( 0.00000000e+00, 0.00000000e+00) ( 0.00000000e+00, 0.00000000e+00)
( 0.00000000e+00, 0.00000000e+00) ( 0.00000000e+00, 0.00000000e+00) ( 0.00000000e+00, 0.00000000e+00)
( 0.00000000e+00, 0.00000000e+00) ( 0.00000000e+00, 0.00000000e+00) ( 0.00000000e+00, 0.00000000e+00)
Head k matrix (iomega=0): route=full_bz ik=62 k=( 0.500000000000, 0.750000000000, 0.750000000000)
( 0.00000000e+00, 0.00000000e+00) ( 0.00000000e+00, 0.00000000e+00) ( 0.00000000e+00, 0.00000000e+00)
( 0.00000000e+00, 0.00000000e+00) ( 0.00000000e+00, 0.00000000e+00) ( 0.00000000e+00, 0.00000000e+00)
( 0.00000000e+00, 0.00000000e+00) ( 0.00000000e+00, 0.00000000e+00) ( 0.00000000e+00, 0.00000000e+00)
Head k matrix (iomega=0): route=full_bz ik=63 k=( 0.750000000000, 0.750000000000, 0.750000000000)
( 0.00000000e+00, 0.00000000e+00) ( 0.00000000e+00, 0.00000000e+00) ( 0.00000000e+00, 0.00000000e+00)
( 0.00000000e+00, 0.00000000e+00) ( 0.00000000e+00, 0.00000000e+00) ( 0.00000000e+00, 0.00000000e+00)
( 0.00000000e+00, 0.00000000e+00) ( 0.00000000e+00, 0.00000000e+00) ( 0.00000000e+00, 0.00000000e+00)
* Success: initalize and calculate lebdev points and q_gamma.
Wing_mu k Gram (iomega=0): route=full_bz ik=0 k=( 0.000000000000, 0.000000000000, 0.000000000000)
( 2.56774823e-05, 0.00000000e+00) (-1.02712556e-06, 4.52904892e-20) (-1.17648625e-06, 1.60497084e-19)
(-1.02712556e-06,-4.52904892e-20) ( 3.16064896e-05, 0.00000000e+00) ( 8.58815253e-06,-4.65911493e-20)
(-1.17648625e-06,-1.60497084e-19) ( 8.58815253e-06, 4.65911493e-20) ( 3.94061869e-05, 0.00000000e+00)
Wing_mu k Gram (iomega=0): route=full_bz ik=1 k=( 0.250000000000, 0.000000000000, 0.000000000000)
( 1.73896563e-05, 0.00000000e+00) ( 6.64143154e-06,-1.23376823e-06) ( 3.98642326e-06, 2.99553955e-07)
( 6.64143154e-06, 1.23376823e-06) ( 1.54878648e-05, 0.00000000e+00) (-3.38183279e-06, 2.44412152e-07)
( 3.98642326e-06,-2.99553955e-07) (-3.38183279e-06,-2.44412152e-07) ( 1.12469707e-05, 0.00000000e+00)
Wing_mu k Gram (iomega=0): route=full_bz ik=2 k=( 0.500000000000, 0.000000000000, 0.000000000000)
( 3.06171277e-05, 0.00000000e+00) ( 1.76245852e-05,-6.00919180e-19) ( 7.94113174e-06,-8.61179795e-19)
( 1.76245852e-05, 6.00919180e-19) ( 2.69545514e-05, 0.00000000e+00) (-6.88529917e-06,-9.81048486e-19)
( 7.94113174e-06, 8.61179795e-19) (-6.88529917e-06, 9.81048486e-19) ( 1.39074634e-05, 0.00000000e+00)
Wing_mu k Gram (iomega=0): route=full_bz ik=3 k=( 0.750000000000, 0.000000000000, 0.000000000000)
( 1.80856888e-05, 0.00000000e+00) ( 7.88676574e-06, 1.13643854e-06) ( 4.44207293e-06,-1.76481364e-09)
( 7.88676574e-06,-1.13643854e-06) ( 1.77947989e-05, 0.00000000e+00) (-3.71584711e-06,-9.29258132e-07)
( 4.44207293e-06, 1.76481364e-09) (-3.71584711e-06, 9.29258132e-07) ( 1.32658475e-05, 0.00000000e+00)
Wing_mu k Gram (iomega=0): route=full_bz ik=4 k=( 0.000000000000, 0.250000000000, 0.000000000000)
( 1.97209372e-05, 0.00000000e+00) ( 8.67392872e-06,-1.66615002e-07) (-4.93732147e-06,-4.41145015e-07)
( 8.67392872e-06, 1.66615002e-07) ( 2.06789211e-05, 0.00000000e+00) ( 7.14557207e-06, 8.92998086e-07)
(-4.93732147e-06, 4.41145015e-07) ( 7.14557207e-06,-8.92998086e-07) ( 1.99037522e-05, 0.00000000e+00)
Wing_mu k Gram (iomega=0): route=full_bz ik=5 k=( 0.250000000000, 0.250000000000, 0.000000000000)
( 4.06544336e-05, 0.00000000e+00) ( 3.03759129e-06,-4.84258757e-07) ( 4.70033262e-07,-3.75930598e-07)
( 3.03759129e-06, 4.84258757e-07) ( 4.31137519e-05, 0.00000000e+00) (-7.50234664e-07, 9.11022408e-07)
( 4.70033262e-07, 3.75930598e-07) (-7.50234664e-07,-9.11022408e-07) ( 5.37767221e-06, 0.00000000e+00)
Wing_mu k Gram (iomega=0): route=full_bz ik=6 k=( 0.500000000000, 0.250000000000, 0.000000000000)
( 1.71196171e-05, 0.00000000e+00) ( 1.40755401e-05,-6.12966821e-07) ( 2.86804678e-07,-1.94519203e-07)
( 1.40755401e-05, 6.12966821e-07) ( 1.56442267e-05, 0.00000000e+00) (-2.17071147e-07,-8.91349640e-08)
( 2.86804678e-07, 1.94519203e-07) (-2.17071147e-07, 8.91349640e-08) ( 2.48732652e-06, 0.00000000e+00)
Wing_mu k Gram (iomega=0): route=full_bz ik=7 k=( 0.750000000000, 0.250000000000, 0.000000000000)
( 1.49478379e-05, 0.00000000e+00) ( 1.07095627e-05,-2.92204243e-07) (-9.20366945e-07,-5.45216843e-08)
( 1.07095627e-05, 2.92204243e-07) ( 1.52066206e-05, 0.00000000e+00) (-8.28941961e-07, 4.50223793e-08)
(-9.20366945e-07, 5.45216843e-08) (-8.28941961e-07,-4.50223793e-08) ( 4.77866001e-06, 0.00000000e+00)
Wing_mu k Gram (iomega=0): route=full_bz ik=8 k=( 0.000000000000, 0.500000000000, 0.000000000000)
( 3.18577782e-05, 0.00000000e+00) ( 1.85029714e-05, 1.54458291e-20) (-1.00251156e-05, 3.64440487e-19)
( 1.85029714e-05,-1.54458291e-20) ( 3.45654722e-05, 0.00000000e+00) ( 1.16497007e-05, 4.32579993e-19)
(-1.00251156e-05,-3.64440487e-19) ( 1.16497007e-05,-4.32579993e-19) ( 2.20311442e-05, 0.00000000e+00)
Wing_mu k Gram (iomega=0): route=full_bz ik=9 k=( 0.250000000000, 0.500000000000, 0.000000000000)
( 1.77813810e-05, 0.00000000e+00) ( 1.57941446e-05, 5.82026935e-08) ( 3.17063601e-07,-9.20920422e-08)
( 1.57941446e-05,-5.82026935e-08) ( 1.81602672e-05, 0.00000000e+00) ( 8.31596871e-07,-3.73260935e-07)
( 3.17063601e-07, 9.20920422e-08) ( 8.31596871e-07, 3.73260935e-07) ( 2.72857126e-06, 0.00000000e+00)
Wing_mu k Gram (iomega=0): route=full_bz ik=10 k=( 0.500000000000, 0.500000000000, 0.000000000000)
( 6.29411643e-05, 0.00000000e+00) ( 9.04430323e-06,-1.47558412e-08) (-3.22674991e-07, 1.95682255e-08)
( 9.04430323e-06, 1.47558412e-08) ( 6.16795928e-05, 0.00000000e+00) ( 1.04849318e-06, 2.60228662e-08)
(-3.22674991e-07,-1.95682255e-08) ( 1.04849318e-06,-2.60228662e-08) ( 1.44574548e-06, 0.00000000e+00)
Wing_mu k Gram (iomega=0): route=full_bz ik=11 k=( 0.750000000000, 0.500000000000, 0.000000000000)
( 1.78780036e-05, 0.00000000e+00) ( 1.59062758e-05,-6.58841704e-08) ( 3.27679930e-07, 1.04565010e-07)
( 1.59062758e-05, 6.58841704e-08) ( 1.83029472e-05, 0.00000000e+00) ( 8.54701846e-07, 3.89502911e-07)
( 3.27679930e-07,-1.04565010e-07) ( 8.54701846e-07,-3.89502911e-07) ( 2.75262078e-06, 0.00000000e+00)
Wing_mu k Gram (iomega=0): route=full_bz ik=12 k=( 0.000000000000, 0.750000000000, 0.000000000000)
( 2.17156862e-05, 0.00000000e+00) ( 1.05133053e-05, 7.12569488e-07) (-3.34760971e-06,-8.63472033e-07)
( 1.05133053e-05,-7.12569488e-07) ( 3.23765486e-05, 0.00000000e+00) ( 1.73460884e-05,-2.31626902e-06)
(-3.34760971e-06, 8.63472033e-07) ( 1.73460884e-05, 2.31626902e-06) ( 2.73075407e-05, 0.00000000e+00)
Wing_mu k Gram (iomega=0): route=full_bz ik=13 k=( 0.250000000000, 0.750000000000, 0.000000000000)
( 1.47199084e-05, 0.00000000e+00) ( 1.04833247e-05, 4.38714084e-07) (-9.76038183e-07, 2.23541942e-08)
( 1.04833247e-05,-4.38714084e-07) ( 1.48579964e-05, 0.00000000e+00) (-8.33936273e-07,-8.97845136e-08)
(-9.76038183e-07,-2.23541942e-08) (-8.33936273e-07, 8.97845136e-08) ( 4.71901940e-06, 0.00000000e+00)
Wing_mu k Gram (iomega=0): route=full_bz ik=14 k=( 0.500000000000, 0.750000000000, 0.000000000000)
( 1.71752004e-05, 0.00000000e+00) ( 1.41036464e-05, 6.02917174e-07) ( 3.05729883e-07, 1.94118663e-07)
( 1.41036464e-05,-6.02917174e-07) ( 1.56456775e-05, 0.00000000e+00) (-1.94874519e-07, 8.86869555e-08)
( 3.05729883e-07,-1.94118663e-07) (-1.94874519e-07,-8.86869555e-08) ( 2.49724580e-06, 0.00000000e+00)
Wing_mu k Gram (iomega=0): route=full_bz ik=15 k=( 0.750000000000, 0.750000000000, 0.000000000000)
( 4.05267889e-05, 0.00000000e+00) ( 2.71397442e-06, 1.47760430e-06) ( 5.30070548e-07, 5.53098286e-07)
( 2.71397442e-06,-1.47760430e-06) ( 4.20547420e-05, 0.00000000e+00) (-7.47431127e-07,-9.02464693e-07)
( 5.30070548e-07,-5.53098286e-07) (-7.47431127e-07, 9.02464693e-07) ( 5.62462055e-06, 0.00000000e+00)
Wing_mu k Gram (iomega=0): route=full_bz ik=16 k=( 0.000000000000, 0.000000000000, 0.250000000000)
( 1.76973133e-05, 0.00000000e+00) (-1.04617904e-05,-1.22829865e-06) ( 1.87327423e-06,-4.90641068e-07)
(-1.04617904e-05, 1.22829865e-06) ( 2.88012508e-05, 0.00000000e+00) ( 1.29719587e-05,-1.21921153e-07)
( 1.87327423e-06, 4.90641068e-07) ( 1.29719587e-05, 1.21921153e-07) ( 2.19283454e-05, 0.00000000e+00)
Wing_mu k Gram (iomega=0): route=full_bz ik=17 k=( 0.250000000000, 0.000000000000, 0.250000000000)
( 2.09789378e-05, 0.00000000e+00) (-3.30600241e-07, 1.72416733e-07) (-9.61904033e-06, 2.64586026e-06)
(-3.30600241e-07,-1.72416733e-07) ( 4.33773058e-06, 0.00000000e+00) (-1.05606751e-07, 1.08710224e-07)
(-9.61904033e-06,-2.64586026e-06) (-1.05606751e-07,-1.08710224e-07) ( 2.19942776e-05, 0.00000000e+00)
Wing_mu k Gram (iomega=0): route=full_bz ik=18 k=( 0.500000000000, 0.000000000000, 0.250000000000)
( 8.96468076e-06, 0.00000000e+00) (-3.78531541e-07,-6.95670174e-07) ( 6.44719050e-06, 5.43899597e-08)
(-3.78531541e-07, 6.95670174e-07) ( 2.78825994e-06, 0.00000000e+00) (-4.03192735e-07, 7.84227087e-08)
( 6.44719050e-06,-5.43899597e-08) (-4.03192735e-07,-7.84227087e-08) ( 8.43129354e-06, 0.00000000e+00)
Wing_mu k Gram (iomega=0): route=full_bz ik=19 k=( 0.750000000000, 0.000000000000, 0.250000000000)
( 7.28884265e-06, 0.00000000e+00) (-6.60978347e-07,-3.39431881e-07) ( 3.86863998e-06, 1.07514103e-07)
(-6.60978347e-07, 3.39431881e-07) ( 3.76647335e-06, 0.00000000e+00) (-6.16527157e-07, 2.50101860e-07)
( 3.86863998e-06,-1.07514103e-07) (-6.16527157e-07,-2.50101860e-07) ( 7.25464132e-06, 0.00000000e+00)
Wing_mu k Gram (iomega=0): route=full_bz ik=20 k=( 0.000000000000, 0.250000000000, 0.250000000000)
( 4.26246296e-06, 0.00000000e+00) (-1.39400235e-06,-2.05274446e-07) (-7.65821577e-07,-1.62767112e-07)
(-1.39400235e-06, 2.05274446e-07) ( 2.83012330e-05, 0.00000000e+00) ( 1.59674224e-05, 2.83833687e-06)
(-7.65821577e-07, 1.62767112e-07) ( 1.59674224e-05,-2.83833687e-06) ( 2.67424702e-05, 0.00000000e+00)
Wing_mu k Gram (iomega=0): route=full_bz ik=21 k=( 0.250000000000, 0.250000000000, 0.250000000000)
( 1.89189942e-05, 0.00000000e+00) (-8.54265247e-06, 3.18730594e-07) (-3.16716491e-06, 7.52089558e-07)
(-8.54265247e-06,-3.18730594e-07) ( 1.64317259e-05, 0.00000000e+00) (-4.75768548e-06,-5.50430630e-07)
(-3.16716491e-06,-7.52089558e-07) (-4.75768548e-06, 5.50430630e-07) ( 1.35373128e-05, 0.00000000e+00)
Wing_mu k Gram (iomega=0): route=full_bz ik=22 k=( 0.500000000000, 0.250000000000, 0.250000000000)
( 4.04274479e-06, 0.00000000e+00) (-1.95758490e-07,-2.78313433e-07) ( 1.77727407e-07, 1.32215144e-08)
(-1.95758490e-07, 2.78313433e-07) ( 5.65848888e-06, 0.00000000e+00) (-2.33526276e-06, 2.53384080e-07)
( 1.77727407e-07,-1.32215144e-08) (-2.33526276e-06,-2.53384080e-07) ( 5.46854256e-06, 0.00000000e+00)
Wing_mu k Gram (iomega=0): route=full_bz ik=23 k=( 0.750000000000, 0.250000000000, 0.250000000000)
( 2.82009076e-06, 0.00000000e+00) ( 1.23133168e-07,-6.39819668e-07) ( 4.24257491e-10, 3.21037850e-07)
( 1.23133168e-07, 6.39819668e-07) ( 6.83278464e-06, 0.00000000e+00) (-4.43624676e-06, 5.10420395e-07)
( 4.24257491e-10,-3.21037850e-07) (-4.43624676e-06,-5.10420395e-07) ( 6.62753170e-06, 0.00000000e+00)
Wing_mu k Gram (iomega=0): route=full_bz ik=24 k=( 0.000000000000, 0.500000000000, 0.250000000000)
( 3.01683402e-06, 0.00000000e+00) ( 2.42282051e-07, 2.78992519e-07) (-1.16286384e-08,-7.91763576e-08)
( 2.42282051e-07,-2.78992519e-07) ( 1.27174954e-05, 0.00000000e+00) ( 9.14583017e-06, 4.79976005e-08)
(-1.16286384e-08, 7.91763576e-08) ( 9.14583017e-06,-4.79976005e-08) ( 1.07524278e-05, 0.00000000e+00)
Wing_mu k Gram (iomega=0): route=full_bz ik=25 k=( 0.250000000000, 0.500000000000, 0.250000000000)
( 8.02211933e-06, 0.00000000e+00) ( 7.69119626e-07, 3.61671621e-08) (-4.50187784e-06, 1.09344596e-07)
( 7.69119626e-07,-3.61671621e-08) ( 4.72700105e-06, 0.00000000e+00) (-4.69967900e-07,-1.81794903e-07)
(-4.50187784e-06,-1.09344596e-07) (-4.69967900e-07, 1.81794903e-07) ( 8.57604776e-06, 0.00000000e+00)
Wing_mu k Gram (iomega=0): route=full_bz ik=26 k=( 0.500000000000, 0.500000000000, 0.250000000000)
( 1.49552551e-05, 0.00000000e+00) (-1.27495754e-05, 2.58401604e-07) ( 5.41142980e-07,-3.32189150e-07)
(-1.27495754e-05,-2.58401604e-07) ( 1.55464207e-05, 0.00000000e+00) (-9.09289732e-07,-2.23834961e-07)
( 5.41142980e-07, 3.32189150e-07) (-9.09289732e-07, 2.23834961e-07) ( 2.76842661e-06, 0.00000000e+00)
Wing_mu k Gram (iomega=0): route=full_bz ik=27 k=( 0.750000000000, 0.500000000000, 0.250000000000)
( 2.25091645e-06, 0.00000000e+00) ( 1.12559112e-07,-5.25215539e-08) ( 4.26869900e-08,-1.75373290e-07)
( 1.12559112e-07, 5.25215539e-08) ( 1.46321701e-06, 0.00000000e+00) (-1.37509859e-07,-7.65806687e-08)
( 4.26869900e-08, 1.75373290e-07) (-1.37509859e-07, 7.65806687e-08) ( 2.05573147e-06, 0.00000000e+00)
Wing_mu k Gram (iomega=0): route=full_bz ik=28 k=( 0.000000000000, 0.750000000000, 0.250000000000)
( 4.65548779e-06, 0.00000000e+00) ( 1.08113212e-07,-1.65942477e-07) (-3.14665440e-07,-2.76872065e-07)
( 1.08113212e-07, 1.65942477e-07) ( 8.52476256e-06, 0.00000000e+00) ( 4.31716725e-06, 2.84300307e-07)
(-3.14665440e-07, 2.76872065e-07) ( 4.31716725e-06,-2.84300307e-07) ( 9.23739220e-06, 0.00000000e+00)
Wing_mu k Gram (iomega=0): route=full_bz ik=29 k=( 0.250000000000, 0.750000000000, 0.250000000000)
( 1.63108983e-05, 0.00000000e+00) ( 3.15961883e-07, 1.27110954e-07) (-1.32985322e-05,-1.88922608e-07)
( 3.15961883e-07,-1.27110954e-07) ( 2.92740275e-06, 0.00000000e+00) ( 3.47419893e-07,-2.37019778e-07)
(-1.32985322e-05, 1.88922608e-07) ( 3.47419893e-07, 2.37019778e-07) ( 1.50393885e-05, 0.00000000e+00)
Wing_mu k Gram (iomega=0): route=full_bz ik=30 k=( 0.500000000000, 0.750000000000, 0.250000000000)
( 1.06968724e-06, 0.00000000e+00) (-1.10503483e-08,-7.31713968e-08) (-1.11701674e-07,-1.59704526e-07)
(-1.10503483e-08, 7.31713968e-08) ( 1.82173840e-06, 0.00000000e+00) ( 8.56758125e-08,-1.82053596e-07)
(-1.11701674e-07, 1.59704526e-07) ( 8.56758125e-08, 1.82053596e-07) ( 1.93058454e-06, 0.00000000e+00)
Wing_mu k Gram (iomega=0): route=full_bz ik=31 k=( 0.750000000000, 0.750000000000, 0.250000000000)
( 2.00600785e-05, 0.00000000e+00) (-1.68057551e-05, 7.53170165e-08) ( 3.57471179e-07,-8.33178224e-07)
(-1.68057551e-05,-7.53170165e-08) ( 1.83410248e-05, 0.00000000e+00) ( 2.58775331e-07, 4.50521452e-07)
( 3.57471179e-07, 8.33178224e-07) ( 2.58775331e-07,-4.50521452e-07) ( 2.63598249e-06, 0.00000000e+00)
Wing_mu k Gram (iomega=0): route=full_bz ik=32 k=( 0.000000000000, 0.000000000000, 0.500000000000)
( 2.97828171e-05, 0.00000000e+00) (-2.11346446e-05, 1.59617204e-18) ( 6.75434596e-06, 2.40156070e-19)
(-2.11346446e-05,-1.59617204e-18) ( 3.36379134e-05, 0.00000000e+00) ( 7.17503748e-06, 3.64522743e-20)
( 6.75434596e-06,-2.40156070e-19) ( 7.17503748e-06,-3.64522743e-20) ( 1.40194306e-05, 0.00000000e+00)
Wing_mu k Gram (iomega=0): route=full_bz ik=33 k=( 0.250000000000, 0.000000000000, 0.500000000000)
( 8.60435841e-06, 0.00000000e+00) ( 2.03866699e-07, 1.70040292e-07) ( 6.25843269e-06, 1.04839007e-07)
( 2.03866699e-07,-1.70040292e-07) ( 2.81279522e-06, 0.00000000e+00) ( 3.07441531e-07, 2.89069251e-07)
( 6.25843269e-06,-1.04839007e-07) ( 3.07441531e-07,-2.89069251e-07) ( 8.39821827e-06, 0.00000000e+00)
Wing_mu k Gram (iomega=0): route=full_bz ik=34 k=( 0.500000000000, 0.000000000000, 0.500000000000)
( 3.26221991e-05, 0.00000000e+00) ( 4.50788747e-07,-6.71951039e-08) (-1.28446704e-05, 2.08445822e-07)
( 4.50788747e-07, 6.71951039e-08) ( 1.18322497e-06, 0.00000000e+00) ( 5.90355306e-08, 3.10287797e-08)
(-1.28446704e-05,-2.08445822e-07) ( 5.90355306e-08,-3.10287797e-08) ( 2.41549962e-05, 0.00000000e+00)
Wing_mu k Gram (iomega=0): route=full_bz ik=35 k=( 0.750000000000, 0.000000000000, 0.500000000000)
( 8.65556063e-06, 0.00000000e+00) ( 2.14509663e-07,-1.54867974e-07) ( 6.30393839e-06,-7.64976850e-08)
( 2.14509663e-07, 1.54867974e-07) ( 2.82152629e-06, 0.00000000e+00) ( 3.23432325e-07,-3.03425431e-07)
( 6.30393839e-06, 7.64976850e-08) ( 3.23432325e-07, 3.03425431e-07) ( 8.48956191e-06, 0.00000000e+00)
Wing_mu k Gram (iomega=0): route=full_bz ik=36 k=( 0.000000000000, 0.250000000000, 0.500000000000)
( 3.12281098e-06, 0.00000000e+00) (-2.53763408e-07,-3.57758203e-07) ( 1.50547668e-07,-4.85005389e-08)
(-2.53763408e-07, 3.57758203e-07) ( 1.08551161e-05, 0.00000000e+00) ( 8.17368700e-06, 1.65627748e-07)
( 1.50547668e-07, 4.85005389e-08) ( 8.17368700e-06,-1.65627748e-07) ( 1.08021221e-05, 0.00000000e+00)
Wing_mu k Gram (iomega=0): route=full_bz ik=37 k=( 0.250000000000, 0.250000000000, 0.500000000000)
( 1.89773176e-05, 0.00000000e+00) (-1.45426119e-05,-3.66105191e-07) ( 1.57108421e-06, 1.29344365e-06)
(-1.45426119e-05, 3.66105191e-07) ( 1.85497190e-05, 0.00000000e+00) (-1.64464890e-06,-1.16081937e-06)
( 1.57108421e-06,-1.29344365e-06) (-1.64464890e-06, 1.16081937e-06) ( 4.83444578e-06, 0.00000000e+00)
Wing_mu k Gram (iomega=0): route=full_bz ik=38 k=( 0.500000000000, 0.250000000000, 0.500000000000)
( 1.19950343e-05, 0.00000000e+00) ( 1.51254793e-07,-1.29641143e-07) (-9.98946960e-06, 1.35938338e-07)
( 1.51254793e-07, 1.29641143e-07) ( 2.67488742e-06, 0.00000000e+00) (-7.41488933e-07, 9.85025562e-08)
(-9.98946960e-06,-1.35938338e-07) (-7.41488933e-07,-9.85025562e-08) ( 1.26367221e-05, 0.00000000e+00)
Wing_mu k Gram (iomega=0): route=full_bz ik=39 k=( 0.750000000000, 0.250000000000, 0.500000000000)
( 2.49209952e-06, 0.00000000e+00) (-2.91666032e-08,-2.76532209e-07) (-3.06327684e-07,-2.71952940e-08)
(-2.91666032e-08, 2.76532209e-07) ( 2.26020493e-06, 0.00000000e+00) (-5.76595133e-08, 2.54133356e-09)
(-3.06327684e-07, 2.71952940e-08) (-5.76595133e-08,-2.54133356e-09) ( 1.57422820e-06, 0.00000000e+00)
Wing_mu k Gram (iomega=0): route=full_bz ik=40 k=( 0.000000000000, 0.500000000000, 0.500000000000)
( 1.25341059e-06, 0.00000000e+00) (-4.27273867e-07,-4.61418849e-10) (-4.02008545e-07,-1.26180730e-10)
(-4.27273867e-07, 4.61418849e-10) ( 1.52433916e-05, 0.00000000e+00) ( 7.36150521e-06,-1.46409297e-09)
(-4.02008545e-07, 1.26180730e-10) ( 7.36150521e-06, 1.46409297e-09) ( 1.26661645e-05, 0.00000000e+00)
Wing_mu k Gram (iomega=0): route=full_bz ik=41 k=( 0.250000000000, 0.500000000000, 0.500000000000)
( 2.43715673e-06, 0.00000000e+00) (-1.26458175e-07, 8.18144772e-09) ( 3.22557361e-08, 4.32218338e-07)
(-1.26458175e-07,-8.18144772e-09) ( 5.44209859e-06, 0.00000000e+00) (-3.64375329e-06,-2.30583997e-07)
( 3.22557361e-08,-4.32218338e-07) (-3.64375329e-06, 2.30583997e-07) ( 5.25628247e-06, 0.00000000e+00)
Wing_mu k Gram (iomega=0): route=full_bz ik=42 k=( 0.500000000000, 0.500000000000, 0.500000000000)
( 2.28301483e-05, 0.00000000e+00) (-1.25713814e-05, 4.27294583e-20) (-7.95240533e-06,-7.54160514e-20)
(-1.25713814e-05,-4.27294583e-20) ( 2.01410898e-05, 0.00000000e+00) (-5.14010081e-06, 9.26434555e-20)
(-7.95240533e-06, 7.54160514e-20) (-5.14010081e-06,-9.26434555e-20) ( 1.47792226e-05, 0.00000000e+00)
Wing_mu k Gram (iomega=0): route=full_bz ik=43 k=( 0.750000000000, 0.500000000000, 0.500000000000)
( 2.43671724e-06, 0.00000000e+00) (-1.31551657e-07,-1.65129822e-08) ( 2.39755093e-08,-4.43111155e-07)
(-1.31551657e-07, 1.65129822e-08) ( 5.43596022e-06, 0.00000000e+00) (-3.63168373e-06, 2.27254272e-07)
( 2.39755093e-08, 4.43111155e-07) (-3.63168373e-06,-2.27254272e-07) ( 5.27392205e-06, 0.00000000e+00)
Wing_mu k Gram (iomega=0): route=full_bz ik=44 k=( 0.000000000000, 0.750000000000, 0.500000000000)
( 3.07828059e-06, 0.00000000e+00) (-2.47316035e-07, 4.00850802e-07) ( 1.69623442e-07, 1.64594485e-07)
(-2.47316035e-07,-4.00850802e-07) ( 1.08653945e-05, 0.00000000e+00) ( 8.20588658e-06,-1.89727065e-07)
( 1.69623442e-07,-1.64594485e-07) ( 8.20588658e-06, 1.89727065e-07) ( 1.07900281e-05, 0.00000000e+00)
Wing_mu k Gram (iomega=0): route=full_bz ik=45 k=( 0.250000000000, 0.750000000000, 0.500000000000)
( 2.48351945e-06, 0.00000000e+00) (-4.84344602e-08, 2.10461985e-07) (-3.04509254e-07,-1.13567654e-09)
(-4.84344602e-08,-2.10461985e-07) ( 2.22863605e-06, 0.00000000e+00) (-8.10712806e-08,-5.52594517e-09)
(-3.04509254e-07, 1.13567654e-09) (-8.10712806e-08, 5.52594517e-09) ( 1.55768719e-06, 0.00000000e+00)
Wing_mu k Gram (iomega=0): route=full_bz ik=46 k=( 0.500000000000, 0.750000000000, 0.500000000000)
( 1.18815695e-05, 0.00000000e+00) ( 1.51093317e-07, 1.73464025e-07) (-9.87298591e-06,-1.70655775e-07)
( 1.51093317e-07,-1.73464025e-07) ( 2.65306643e-06, 0.00000000e+00) (-7.09804364e-07,-6.74243022e-08)
(-9.87298591e-06, 1.70655775e-07) (-7.09804364e-07, 6.74243022e-08) ( 1.24926488e-05, 0.00000000e+00)
Wing_mu k Gram (iomega=0): route=full_bz ik=47 k=( 0.750000000000, 0.750000000000, 0.500000000000)
( 1.86643260e-05, 0.00000000e+00) (-1.43444074e-05, 3.33843167e-07) ( 1.35541592e-06,-1.23996247e-06)
(-1.43444074e-05,-3.33843167e-07) ( 1.85198060e-05, 0.00000000e+00) (-1.46486899e-06, 1.11923302e-06)
( 1.35541592e-06, 1.23996247e-06) (-1.46486899e-06,-1.11923302e-06) ( 4.78066857e-06, 0.00000000e+00)
Wing_mu k Gram (iomega=0): route=full_bz ik=48 k=( 0.000000000000, 0.000000000000, 0.750000000000)
( 1.92930019e-05, 0.00000000e+00) (-9.84867803e-06, 1.26152003e-06) ( 5.09969765e-06,-3.51407793e-07)
(-9.84867803e-06,-1.26152003e-06) ( 2.38595376e-05, 0.00000000e+00) ( 6.49293031e-06, 6.48219913e-08)
( 5.09969765e-06, 3.51407793e-07) ( 6.49293031e-06,-6.48219913e-08) ( 1.80267615e-05, 0.00000000e+00)
Wing_mu k Gram (iomega=0): route=full_bz ik=49 k=( 0.250000000000, 0.000000000000, 0.750000000000)
( 7.27142144e-06, 0.00000000e+00) (-6.61467433e-07, 3.59690296e-07) ( 3.88866135e-06,-1.47083425e-07)
(-6.61467433e-07,-3.59690296e-07) ( 3.75781214e-06, 0.00000000e+00) (-6.04530016e-07,-2.04275477e-07)
( 3.88866135e-06, 1.47083425e-07) (-6.04530016e-07, 2.04275477e-07) ( 7.40220390e-06, 0.00000000e+00)
Wing_mu k Gram (iomega=0): route=full_bz ik=50 k=( 0.500000000000, 0.000000000000, 0.750000000000)
( 8.95420441e-06, 0.00000000e+00) (-3.89194681e-07, 6.95939545e-07) ( 6.44293193e-06,-3.55257283e-08)
(-3.89194681e-07,-6.95939545e-07) ( 2.80289167e-06, 0.00000000e+00) (-4.06919723e-07,-8.19546195e-08)
( 6.44293193e-06, 3.55257283e-08) (-4.06919723e-07, 8.19546195e-08) ( 8.37751355e-06, 0.00000000e+00)
Wing_mu k Gram (iomega=0): route=full_bz ik=51 k=( 0.750000000000, 0.000000000000, 0.750000000000)
( 2.14598074e-05, 0.00000000e+00) (-1.65323738e-07,-7.02586210e-08) (-8.86873705e-06,-3.21687665e-06)
(-1.65323738e-07, 7.02586210e-08) ( 4.49941664e-06, 0.00000000e+00) (-1.60839553e-07,-6.62879764e-07)
(-8.86873705e-06, 3.21687665e-06) (-1.60839553e-07, 6.62879764e-07) ( 2.38840379e-05, 0.00000000e+00)
Wing_mu k Gram (iomega=0): route=full_bz ik=52 k=( 0.000000000000, 0.250000000000, 0.750000000000)
( 4.58011150e-06, 0.00000000e+00) ( 8.38656803e-08, 1.88104681e-07) (-2.88148027e-07, 2.26633577e-07)
( 8.38656803e-08,-1.88104681e-07) ( 8.35967736e-06, 0.00000000e+00) ( 4.15512590e-06,-2.86392367e-07)
(-2.88148027e-07,-2.26633577e-07) ( 4.15512590e-06, 2.86392367e-07) ( 8.85393188e-06, 0.00000000e+00)
Wing_mu k Gram (iomega=0): route=full_bz ik=53 k=( 0.250000000000, 0.250000000000, 0.750000000000)
( 2.00350964e-05, 0.00000000e+00) (-1.67869252e-05,-9.14755297e-08) ( 3.68467252e-07, 8.10379696e-07)
(-1.67869252e-05, 9.14755297e-08) ( 1.83069644e-05, 0.00000000e+00) ( 2.33119583e-07,-4.22229681e-07)
( 3.68467252e-07,-8.10379696e-07) ( 2.33119583e-07, 4.22229681e-07) ( 2.61578122e-06, 0.00000000e+00)
Wing_mu k Gram (iomega=0): route=full_bz ik=54 k=( 0.500000000000, 0.250000000000, 0.750000000000)
( 1.10027390e-06, 0.00000000e+00) (-1.81368077e-08, 5.98144339e-08) (-1.20473086e-07, 1.65284634e-07)
(-1.81368077e-08,-5.98144339e-08) ( 1.80730783e-06, 0.00000000e+00) ( 9.58556923e-08, 1.70431110e-07)
(-1.20473086e-07,-1.65284634e-07) ( 9.58556923e-08,-1.70431110e-07) ( 1.93540271e-06, 0.00000000e+00)
Wing_mu k Gram (iomega=0): route=full_bz ik=55 k=( 0.750000000000, 0.250000000000, 0.750000000000)
( 1.61119710e-05, 0.00000000e+00) ( 2.62789271e-07,-1.09842521e-07) (-1.30683725e-05, 1.73311734e-07)
( 2.62789271e-07, 1.09842521e-07) ( 2.94718057e-06, 0.00000000e+00) ( 4.10798790e-07, 2.20070544e-07)
(-1.30683725e-05,-1.73311734e-07) ( 4.10798790e-07,-2.20070544e-07) ( 1.47642044e-05, 0.00000000e+00)
Wing_mu k Gram (iomega=0): route=full_bz ik=56 k=( 0.000000000000, 0.500000000000, 0.750000000000)
( 2.98814995e-06, 0.00000000e+00) ( 1.88023157e-07,-2.78457763e-07) (-3.17041011e-08, 4.48671807e-08)
( 1.88023157e-07, 2.78457763e-07) ( 1.21503873e-05, 0.00000000e+00) ( 8.69016147e-06,-4.41312781e-08)
(-3.17041011e-08,-4.48671807e-08) ( 8.69016147e-06, 4.41312781e-08) ( 1.03981050e-05, 0.00000000e+00)
Wing_mu k Gram (iomega=0): route=full_bz ik=57 k=( 0.250000000000, 0.500000000000, 0.750000000000)
( 2.15136973e-06, 0.00000000e+00) ( 1.47466382e-07, 5.10069984e-08) ( 5.45730073e-08, 1.69861713e-07)
( 1.47466382e-07,-5.10069984e-08) ( 1.43314075e-06, 0.00000000e+00) (-1.08118246e-07, 1.07075594e-07)
( 5.45730073e-08,-1.69861713e-07) (-1.08118246e-07,-1.07075594e-07) ( 1.99203616e-06, 0.00000000e+00)
Wing_mu k Gram (iomega=0): route=full_bz ik=58 k=( 0.500000000000, 0.500000000000, 0.750000000000)
( 1.52187853e-05, 0.00000000e+00) (-1.29970220e-05,-2.41673780e-07) ( 5.59959056e-07, 3.49072811e-07)
(-1.29970220e-05, 2.41673780e-07) ( 1.57639933e-05, 0.00000000e+00) (-9.21341157e-07, 2.03038513e-07)
( 5.59959056e-07,-3.49072811e-07) (-9.21341157e-07,-2.03038513e-07) ( 2.77551748e-06, 0.00000000e+00)
Wing_mu k Gram (iomega=0): route=full_bz ik=59 k=( 0.750000000000, 0.500000000000, 0.750000000000)
( 7.87259317e-06, 0.00000000e+00) ( 7.43692756e-07, 8.01389951e-08) (-4.40853367e-06,-1.13015424e-07)
( 7.43692756e-07,-8.01389951e-08) ( 4.75197960e-06, 0.00000000e+00) (-4.67247729e-07, 3.13839652e-07)
(-4.40853367e-06, 1.13015424e-07) (-4.67247729e-07,-3.13839652e-07) ( 8.73476884e-06, 0.00000000e+00)
Wing_mu k Gram (iomega=0): route=full_bz ik=60 k=( 0.000000000000, 0.750000000000, 0.750000000000)
( 3.90068364e-06, 0.00000000e+00) (-1.11634301e-06, 4.24435532e-07) (-7.70870391e-07, 3.10379831e-07)
(-1.11634301e-06,-4.24435532e-07) ( 2.49338662e-05, 0.00000000e+00) ( 1.55929034e-05,-7.39516906e-07)
(-7.70870391e-07,-3.10379831e-07) ( 1.55929034e-05, 7.39516906e-07) ( 2.55094968e-05, 0.00000000e+00)
Wing_mu k Gram (iomega=0): route=full_bz ik=61 k=( 0.250000000000, 0.750000000000, 0.750000000000)
( 2.75116994e-06, 0.00000000e+00) (-1.49758559e-08, 6.76481757e-07) ( 2.16181410e-08,-4.41600448e-07)
(-1.49758559e-08,-6.76481757e-07) ( 7.04851607e-06, 0.00000000e+00) (-4.72526874e-06,-5.16014324e-07)
( 2.16181410e-08, 4.41600448e-07) (-4.72526874e-06, 5.16014324e-07) ( 6.80690897e-06, 0.00000000e+00)
Wing_mu k Gram (iomega=0): route=full_bz ik=62 k=( 0.500000000000, 0.750000000000, 0.750000000000)
( 4.11562625e-06, 0.00000000e+00) (-3.93101095e-08, 2.76808969e-07) ( 2.75425030e-07,-7.41670442e-08)
(-3.93101095e-08,-2.76808969e-07) ( 5.61265370e-06, 0.00000000e+00) (-2.35390470e-06,-4.44874007e-07)
( 2.75425030e-07, 7.41670442e-08) (-2.35390470e-06, 4.44874007e-07) ( 5.46333568e-06, 0.00000000e+00)
Wing_mu k Gram (iomega=0): route=full_bz ik=63 k=( 0.750000000000, 0.750000000000, 0.750000000000)
( 2.27766201e-05, 0.00000000e+00) (-1.00513772e-05,-5.38258223e-07) (-4.26989648e-06,-7.33644565e-07)
(-1.00513772e-05, 5.38258223e-07) ( 1.90254473e-05, 0.00000000e+00) (-5.97932957e-06, 3.30132624e-07)
(-4.26989648e-06, 7.33644565e-07) (-5.97932957e-06,-3.30132624e-07) ( 1.60419354e-05, 0.00000000e+00)
* Success: calculate wing term.
Grid type: Minimax time-frequency grids
Grid size: 6
Frequency node & weight: 
 0      0.0692636544073365      0.1474063360453989
 1      0.2684190771226742      0.2816543000621982
 2      0.7406891067572172      0.7576121936171285
 3      2.1718295069523474      2.4837693364086184
 4      7.5359125383278940     10.2988006257681448
 5     36.2013162243910998     67.1140451250993237
Time node & weight: 
 0      0.0081325641993467      0.0234106700462383
 1      0.0678451514037621      0.1153972741250469
 2      0.3073689538657612      0.4185716762677240
 3      1.0832427573248018      1.2696918761772229
 4      3.2763326948647653      3.4438455619841393
 5      9.0976899959273982      9.2323420873499042
t->f transform: 

 Cosine transform matrix (row: freq, col: time)
nr = 6, nc = 6
 4.69713e-02 2.29386e-01 8.43259e-01 2.50908e+00 6.80658e+00 1.42308e+01
 4.61823e-02 2.34298e-01 8.20258e-01 2.49126e+00 4.04550e+00 -9.76875e+00
 4.70714e-02 2.28146e-01 8.30319e-01 1.64797e+00 -3.58991e+00 1.00691e+00
 4.65121e-02 2.30908e-01 6.24339e-01 -1.12292e+00 2.58249e-01 -4.32754e-02
 4.69686e-02 1.92321e-01 -2.84141e-01 5.11210e-02 -6.34123e-03 -1.73640e-03
 4.17375e-02 -4.80819e-02 7.70128e-03 -1.86089e-03 7.79535e-04 -4.87108e-04

 Sine transform matrix (row: freq, col: time)
nr = 6, nc = 6
 -6.46388e-03 4.07051e-02 -1.31279e-01 6.59740e-01 1.21638e-01 1.61174e+01
 7.31871e-03 -4.00040e-02 2.37298e-01 1.80265e-01 7.11513e+00 4.65211e+00
 -7.68132e-03 6.09543e-02 -6.42322e-03 2.53369e+00 1.76788e+00 -3.02049e+00
 9.42282e-03 -2.13514e-02 7.64293e-01 7.24297e-01 -9.87990e-01 8.47588e-01
 -6.56821e-03 1.81745e-01 2.47394e-01 -2.78542e-01 2.32746e-01 -2.30167e-01
 2.59192e-02 6.21821e-02 -5.97600e-02 5.19757e-02 -5.01054e-02 5.26189e-02
f->t transform: 

 Cosine transform matrix (row: time, col: freq)
nr = 6, nc = 6
 4.70997e-02 8.89163e-02 2.43479e-01 7.81269e-01 3.33672e+00 1.88951e+01
 4.69609e-02 8.95282e-02 2.40661e-01 7.88391e-01 2.71167e+00 -4.34911e+00
 4.67634e-02 8.98062e-02 2.35082e-01 5.96835e-01 -1.11617e+00 1.73132e-01
 4.67947e-02 8.62945e-02 1.60096e-01 -3.55929e-01 7.27931e-02 -1.39358e-02
 4.60855e-02 5.37599e-02 -1.28115e-01 3.38122e-02 -7.99100e-03 4.52066e-03
 3.62945e-02 -4.79899e-02 1.44463e-02 -4.08856e-03 2.43401e-03 -2.27272e-03

Total count of GFs IJR: 256
| Number of GFs IJR on Proc    0: 64
Use LibRI for chi0
| Number of GFs IJR on Proc    1: 64
| Number of GFs IJR on Proc    2: 64
| Number of GFs IJR on Proc    3: 64
Green's Function sums over all states.
chi0s for time point 0.008133, spin 0. CPU time: 50.165862 (tensor), 0.232355 (trans). Wall time 5.607454
Green's Function sums over all states.
chi0s for time point 0.067845, spin 0. CPU time: 52.670743 (tensor), 0.162590 (trans). Wall time 6.847364
Green's Function sums over all states.
chi0s for time point 0.307369, spin 0. CPU time: 52.572508 (tensor), 0.162647 (trans). Wall time 5.692407
Green's Function sums over all states.
chi0s for time point 1.083243, spin 0. CPU time: 52.745265 (tensor), 0.188976 (trans). Wall time 5.731361
Green's Function sums over all states.
chi0s for time point 3.276333, spin 0. CPU time: 52.464554 (tensor), 0.260724 (trans). Wall time 5.729200
Green's Function sums over all states.
chi0s for time point 9.097690, spin 0. CPU time: 52.579619 (tensor), 0.193924 (trans). Wall time 5.726667

Computing EXX orbital energy using LibRI
Task    0: V setup for EXX
Task    3: V setup for EXX
Task    1: V setup for EXX
Task    2: V setup for EXX
Task    3: DM setup for EXX
Task    1: DM setup for EXX
Task    2: DM setup for EXX
Task    0: DM setup for EXX
Task    2: cal_Hs elapsed time: 3.249488
Task    3: cal_Hs elapsed time: 3.249578
Task    0: cal_Hs elapsed time: 3.249424
Task    1: cal_Hs elapsed time: 3.249534
Calculating Wc using ScaLAPACK
Time for Wc initialization (seconds, Wall/CPU): 0.012126 0.145009
Computing Wc(q), 1 / 64, q=(0.000000, 0.000000, 0.000000)
Time to prepare sqrt root of Coulomb for Wc(q) (seconds, Wall/CPU): 0.125908 1.505172
Wing_lambda diagnostics (iomega=0): max_abs_real= 1.38874547e-03 max_abs_imag= 7.63553317e-02 max_abs_value= 7.63576934e-02 real_over_abs= 1.81873680e-02
Wing_lambda Gram (iomega=0, rows alpha, columns beta):
( 2.99801640e-02, 0.00000000e+00) (-5.13198593e-05, 3.08182879e-05) ( 5.34817774e-03,-1.93461288e-04)
(-5.13198593e-05,-3.08182879e-05) ( 3.15247941e-02, 0.00000000e+00) ( 1.27642336e-03, 6.25469576e-05)
( 5.34817774e-03, 1.93461288e-04) ( 1.27642336e-03,-6.25469576e-05) ( 2.65010603e-02, 0.00000000e+00)
Time to prepare sqrt root of Coulomb for Epsilon(q) (seconds, Wall/CPU): 0.106596 1.274208
Number of angular grids for average inverse dielectric matrix: 5810
vol_gamma_numeric/vol_gamma: 5.78296e-05, 5.78154e-05
Angular quadrature accuracy for volume: 1.00025 (should be close to 1)
* Success: calculate average inverse dielectric matrix no.1.
Time for Wc(i_q=1, i_omega=1) (seconds, Wall/CPU): 0.381619 4.563352
* Success: calculate average inverse dielectric matrix no.2.
Time for Wc(i_q=1, i_omega=2) (seconds, Wall/CPU): 0.374411 4.476626
* Success: calculate average inverse dielectric matrix no.3.
Time for Wc(i_q=1, i_omega=3) (seconds, Wall/CPU): 0.373090 4.460067
* Success: calculate average inverse dielectric matrix no.4.
Time for Wc(i_q=1, i_omega=4) (seconds, Wall/CPU): 0.370261 4.426675
* Success: calculate average inverse dielectric matrix no.5.
Time for Wc(i_q=1, i_omega=5) (seconds, Wall/CPU): 0.373640 4.467031
* Success: calculate average inverse dielectric matrix no.6.
Time for Wc(i_q=1, i_omega=6) (seconds, Wall/CPU): 0.376489 4.502400
Computing Wc(q), 2 / 64, q=(0.250000, 0.000000, 0.000000)
Time to prepare sqrt root of Coulomb for Wc(q) (seconds, Wall/CPU): 0.185764 2.221140
Time to prepare sqrt root of Coulomb for Epsilon(q) (seconds, Wall/CPU): 0.181919 2.174694
Time for Wc(i_q=2, i_omega=1) (seconds, Wall/CPU): 0.090144 1.043556
Time for Wc(i_q=2, i_omega=2) (seconds, Wall/CPU): 0.090336 1.046341
Time for Wc(i_q=2, i_omega=3) (seconds, Wall/CPU): 0.090251 1.046513
Time for Wc(i_q=2, i_omega=4) (seconds, Wall/CPU): 0.090506 1.048628
Time for Wc(i_q=2, i_omega=5) (seconds, Wall/CPU): 0.089526 1.036473
Time for Wc(i_q=2, i_omega=6) (seconds, Wall/CPU): 0.088712 1.028218
Computing Wc(q), 3 / 64, q=(0.500000, 0.000000, 0.000000)
Time to prepare sqrt root of Coulomb for Wc(q) (seconds, Wall/CPU): 0.184169 2.202119
Time to prepare sqrt root of Coulomb for Epsilon(q) (seconds, Wall/CPU): 0.186037 2.224321
Time for Wc(i_q=3, i_omega=1) (seconds, Wall/CPU): 0.344579 3.374758
Time for Wc(i_q=3, i_omega=2) (seconds, Wall/CPU): 0.089610 1.037757
Time for Wc(i_q=3, i_omega=3) (seconds, Wall/CPU): 0.088827 1.029435
Time for Wc(i_q=3, i_omega=4) (seconds, Wall/CPU): 0.089494 1.036980
Time for Wc(i_q=3, i_omega=5) (seconds, Wall/CPU): 0.088554 1.026598
Time for Wc(i_q=3, i_omega=6) (seconds, Wall/CPU): 0.089390 1.035647
Computing Wc(q), 4 / 64, q=(0.750000, 0.000000, 0.000000)
Time to prepare sqrt root of Coulomb for Wc(q) (seconds, Wall/CPU): 0.183940 2.200302
Time to prepare sqrt root of Coulomb for Epsilon(q) (seconds, Wall/CPU): 0.243049 2.892142
Time for Wc(i_q=4, i_omega=1) (seconds, Wall/CPU): 0.089339 1.032513
Time for Wc(i_q=4, i_omega=2) (seconds, Wall/CPU): 0.089915 1.040642
Time for Wc(i_q=4, i_omega=3) (seconds, Wall/CPU): 0.089952 1.042041
Time for Wc(i_q=4, i_omega=4) (seconds, Wall/CPU): 0.089047 1.031661
Time for Wc(i_q=4, i_omega=5) (seconds, Wall/CPU): 0.134058 1.570416
Time for Wc(i_q=4, i_omega=6) (seconds, Wall/CPU): 0.136157 1.595615
Computing Wc(q), 5 / 64, q=(0.000000, 0.250000, 0.000000)
Time to prepare sqrt root of Coulomb for Wc(q) (seconds, Wall/CPU): 0.189676 2.268821
Time to prepare sqrt root of Coulomb for Epsilon(q) (seconds, Wall/CPU): 0.221765 2.652587
Time for Wc(i_q=5, i_omega=1) (seconds, Wall/CPU): 0.089283 1.033922
Time for Wc(i_q=5, i_omega=2) (seconds, Wall/CPU): 0.088923 1.031165
Time for Wc(i_q=5, i_omega=3) (seconds, Wall/CPU): 0.133286 1.561888
Time for Wc(i_q=5, i_omega=4) (seconds, Wall/CPU): 0.089556 1.038055
Time for Wc(i_q=5, i_omega=5) (seconds, Wall/CPU): 0.088481 1.024266
Time for Wc(i_q=5, i_omega=6) (seconds, Wall/CPU): 0.137096 1.604945
Computing Wc(q), 6 / 64, q=(0.250000, 0.250000, 0.000000)
Time to prepare sqrt root of Coulomb for Wc(q) (seconds, Wall/CPU): 0.224820 2.689999
Time to prepare sqrt root of Coulomb for Epsilon(q) (seconds, Wall/CPU): 0.232377 2.780111
Time for Wc(i_q=6, i_omega=1) (seconds, Wall/CPU): 0.090212 1.046322
Time for Wc(i_q=6, i_omega=2) (seconds, Wall/CPU): 0.145877 1.707965
Time for Wc(i_q=6, i_omega=3) (seconds, Wall/CPU): 0.089552 1.035094
Time for Wc(i_q=6, i_omega=4) (seconds, Wall/CPU): 0.092290 1.068444
Time for Wc(i_q=6, i_omega=5) (seconds, Wall/CPU): 0.088163 1.020177
Time for Wc(i_q=6, i_omega=6) (seconds, Wall/CPU): 0.091159 1.053414
Computing Wc(q), 7 / 64, q=(0.500000, 0.250000, 0.000000)
Time to prepare sqrt root of Coulomb for Wc(q) (seconds, Wall/CPU): 0.190784 2.280575
Time to prepare sqrt root of Coulomb for Epsilon(q) (seconds, Wall/CPU): 0.184630 2.207216
Time for Wc(i_q=7, i_omega=1) (seconds, Wall/CPU): 0.090037 1.041680
Time for Wc(i_q=7, i_omega=2) (seconds, Wall/CPU): 0.088906 1.029706
Time for Wc(i_q=7, i_omega=3) (seconds, Wall/CPU): 0.088364 1.022652
Time for Wc(i_q=7, i_omega=4) (seconds, Wall/CPU): 0.093113 1.079581
Time for Wc(i_q=7, i_omega=5) (seconds, Wall/CPU): 0.090559 1.049250
Time for Wc(i_q=7, i_omega=6) (seconds, Wall/CPU): 0.092649 1.070752
Computing Wc(q), 8 / 64, q=(0.750000, 0.250000, 0.000000)
Time to prepare sqrt root of Coulomb for Wc(q) (seconds, Wall/CPU): 0.187773 2.244378
Time to prepare sqrt root of Coulomb for Epsilon(q) (seconds, Wall/CPU): 1.139631 5.242430
Time for Wc(i_q=8, i_omega=1) (seconds, Wall/CPU): 0.089708 1.039224
Time for Wc(i_q=8, i_omega=2) (seconds, Wall/CPU): 0.091950 1.065661
Time for Wc(i_q=8, i_omega=3) (seconds, Wall/CPU): 0.088437 1.024463
Time for Wc(i_q=8, i_omega=4) (seconds, Wall/CPU): 0.090226 1.045609
Time for Wc(i_q=8, i_omega=5) (seconds, Wall/CPU): 0.088712 1.028010
Time for Wc(i_q=8, i_omega=6) (seconds, Wall/CPU): 0.090106 1.043158
Computing Wc(q), 9 / 64, q=(0.000000, 0.500000, 0.000000)
Time to prepare sqrt root of Coulomb for Wc(q) (seconds, Wall/CPU): 0.185225 2.215727
Time to prepare sqrt root of Coulomb for Epsilon(q) (seconds, Wall/CPU): 0.181420 2.170034
Time for Wc(i_q=9, i_omega=1) (seconds, Wall/CPU): 0.089729 1.038733
Time for Wc(i_q=9, i_omega=2) (seconds, Wall/CPU): 0.088595 1.026003
Time for Wc(i_q=9, i_omega=3) (seconds, Wall/CPU): 0.088368 1.024112
Time for Wc(i_q=9, i_omega=4) (seconds, Wall/CPU): 0.090165 1.044814
Time for Wc(i_q=9, i_omega=5) (seconds, Wall/CPU): 0.088616 1.026541
Time for Wc(i_q=9, i_omega=6) (seconds, Wall/CPU): 0.092552 1.071819
Computing Wc(q), 10 / 64, q=(0.250000, 0.500000, 0.000000)
Time to prepare sqrt root of Coulomb for Wc(q) (seconds, Wall/CPU): 0.189059 2.261192
Time to prepare sqrt root of Coulomb for Epsilon(q) (seconds, Wall/CPU): 0.180067 2.153790
Time for Wc(i_q=10, i_omega=1) (seconds, Wall/CPU): 0.089849 1.040686
Time for Wc(i_q=10, i_omega=2) (seconds, Wall/CPU): 0.089104 1.031883
Time for Wc(i_q=10, i_omega=3) (seconds, Wall/CPU): 0.093644 1.086478
Time for Wc(i_q=10, i_omega=4) (seconds, Wall/CPU): 0.092547 1.073043
Time for Wc(i_q=10, i_omega=5) (seconds, Wall/CPU): 0.088870 1.030283
Time for Wc(i_q=10, i_omega=6) (seconds, Wall/CPU): 0.090485 1.047157
Computing Wc(q), 11 / 64, q=(0.500000, 0.500000, 0.000000)
Time to prepare sqrt root of Coulomb for Wc(q) (seconds, Wall/CPU): 0.190164 2.274974
Time to prepare sqrt root of Coulomb for Epsilon(q) (seconds, Wall/CPU): 0.182340 2.181369
Time for Wc(i_q=11, i_omega=1) (seconds, Wall/CPU): 0.089630 1.038327
Time for Wc(i_q=11, i_omega=2) (seconds, Wall/CPU): 0.089661 1.038309
Time for Wc(i_q=11, i_omega=3) (seconds, Wall/CPU): 0.089464 1.036626
Time for Wc(i_q=11, i_omega=4) (seconds, Wall/CPU): 0.090690 1.051018
Time for Wc(i_q=11, i_omega=5) (seconds, Wall/CPU): 0.090184 1.043984
Time for Wc(i_q=11, i_omega=6) (seconds, Wall/CPU): 0.089356 1.036425
Computing Wc(q), 12 / 64, q=(0.750000, 0.500000, 0.000000)
Time to prepare sqrt root of Coulomb for Wc(q) (seconds, Wall/CPU): 0.186715 2.233089
Time to prepare sqrt root of Coulomb for Epsilon(q) (seconds, Wall/CPU): 0.183827 2.198868
Time for Wc(i_q=12, i_omega=1) (seconds, Wall/CPU): 0.089540 1.038136
Time for Wc(i_q=12, i_omega=2) (seconds, Wall/CPU): 0.349972 3.231059
Time for Wc(i_q=12, i_omega=3) (seconds, Wall/CPU): 0.242053 1.162336
Time for Wc(i_q=12, i_omega=4) (seconds, Wall/CPU): 0.089497 1.036323
Time for Wc(i_q=12, i_omega=5) (seconds, Wall/CPU): 0.089538 1.037319
Time for Wc(i_q=12, i_omega=6) (seconds, Wall/CPU): 0.089406 1.036383
Computing Wc(q), 13 / 64, q=(0.000000, 0.750000, 0.000000)
Time to prepare sqrt root of Coulomb for Wc(q) (seconds, Wall/CPU): 0.184653 2.208570
Time to prepare sqrt root of Coulomb for Epsilon(q) (seconds, Wall/CPU): 0.184921 2.211998
Time for Wc(i_q=13, i_omega=1) (seconds, Wall/CPU): 0.089544 1.037047
Time for Wc(i_q=13, i_omega=2) (seconds, Wall/CPU): 0.089291 1.034654
Time for Wc(i_q=13, i_omega=3) (seconds, Wall/CPU): 0.089544 1.037864
Time for Wc(i_q=13, i_omega=4) (seconds, Wall/CPU): 0.089420 1.036034
Time for Wc(i_q=13, i_omega=5) (seconds, Wall/CPU): 0.089709 1.039536
Time for Wc(i_q=13, i_omega=6) (seconds, Wall/CPU): 0.090090 1.043533
Computing Wc(q), 14 / 64, q=(0.250000, 0.750000, 0.000000)
Time to prepare sqrt root of Coulomb for Wc(q) (seconds, Wall/CPU): 0.192217 2.299467
Time to prepare sqrt root of Coulomb for Epsilon(q) (seconds, Wall/CPU): 0.182324 2.180597
Time for Wc(i_q=14, i_omega=1) (seconds, Wall/CPU): 0.088986 1.031280
Time for Wc(i_q=14, i_omega=2) (seconds, Wall/CPU): 0.089880 1.040862
Time for Wc(i_q=14, i_omega=3) (seconds, Wall/CPU): 0.089126 1.033677
Time for Wc(i_q=14, i_omega=4) (seconds, Wall/CPU): 0.089583 1.037906
Time for Wc(i_q=14, i_omega=5) (seconds, Wall/CPU): 0.090163 1.044503
Time for Wc(i_q=14, i_omega=6) (seconds, Wall/CPU): 0.090715 1.052277
Computing Wc(q), 15 / 64, q=(0.500000, 0.750000, 0.000000)
Time to prepare sqrt root of Coulomb for Wc(q) (seconds, Wall/CPU): 0.185183 2.215363
Time to prepare sqrt root of Coulomb for Epsilon(q) (seconds, Wall/CPU): 0.184664 2.208809
Time for Wc(i_q=15, i_omega=1) (seconds, Wall/CPU): 0.089219 1.034559
Time for Wc(i_q=15, i_omega=2) (seconds, Wall/CPU): 0.089713 1.040101
Time for Wc(i_q=15, i_omega=3) (seconds, Wall/CPU): 0.089032 1.031911
Time for Wc(i_q=15, i_omega=4) (seconds, Wall/CPU): 0.089064 1.032828
Time for Wc(i_q=15, i_omega=5) (seconds, Wall/CPU): 0.089433 1.036493
Time for Wc(i_q=15, i_omega=6) (seconds, Wall/CPU): 0.089781 1.040082
Computing Wc(q), 16 / 64, q=(0.750000, 0.750000, 0.000000)
Time to prepare sqrt root of Coulomb for Wc(q) (seconds, Wall/CPU): 0.191121 2.286486
Time to prepare sqrt root of Coulomb for Epsilon(q) (seconds, Wall/CPU): 0.188292 2.252297
Time for Wc(i_q=16, i_omega=1) (seconds, Wall/CPU): 0.493801 3.614569
Time for Wc(i_q=16, i_omega=2) (seconds, Wall/CPU): 0.090122 1.011567
Time for Wc(i_q=16, i_omega=3) (seconds, Wall/CPU): 0.090288 1.047179
Time for Wc(i_q=16, i_omega=4) (seconds, Wall/CPU): 0.093951 1.089536
Time for Wc(i_q=16, i_omega=5) (seconds, Wall/CPU): 0.092769 1.077066
Time for Wc(i_q=16, i_omega=6) (seconds, Wall/CPU): 0.090171 1.046020
Computing Wc(q), 17 / 64, q=(0.000000, 0.000000, 0.250000)
Time to prepare sqrt root of Coulomb for Wc(q) (seconds, Wall/CPU): 1.288831 4.383985
Time to prepare sqrt root of Coulomb for Epsilon(q) (seconds, Wall/CPU): 0.182431 2.160979
Time for Wc(i_q=17, i_omega=1) (seconds, Wall/CPU): 0.089837 1.040444
Time for Wc(i_q=17, i_omega=2) (seconds, Wall/CPU): 0.089510 1.037383
Time for Wc(i_q=17, i_omega=3) (seconds, Wall/CPU): 0.088765 1.027918
Time for Wc(i_q=17, i_omega=4) (seconds, Wall/CPU): 0.088947 1.030402
Time for Wc(i_q=17, i_omega=5) (seconds, Wall/CPU): 0.089557 1.039023
Time for Wc(i_q=17, i_omega=6) (seconds, Wall/CPU): 0.088977 1.031971
Computing Wc(q), 18 / 64, q=(0.250000, 0.000000, 0.250000)
Time to prepare sqrt root of Coulomb for Wc(q) (seconds, Wall/CPU): 0.192597 2.303574
Time to prepare sqrt root of Coulomb for Epsilon(q) (seconds, Wall/CPU): 0.181046 2.165006
Time for Wc(i_q=18, i_omega=1) (seconds, Wall/CPU): 0.090665 1.049938
Time for Wc(i_q=18, i_omega=2) (seconds, Wall/CPU): 0.088752 1.029103
Time for Wc(i_q=18, i_omega=3) (seconds, Wall/CPU): 0.089617 1.038744
Time for Wc(i_q=18, i_omega=4) (seconds, Wall/CPU): 0.089032 1.031643
Time for Wc(i_q=18, i_omega=5) (seconds, Wall/CPU): 0.089843 1.040941
Time for Wc(i_q=18, i_omega=6) (seconds, Wall/CPU): 0.089231 1.034185
Computing Wc(q), 19 / 64, q=(0.500000, 0.000000, 0.250000)
Time to prepare sqrt root of Coulomb for Wc(q) (seconds, Wall/CPU): 0.184787 2.209971
Time to prepare sqrt root of Coulomb for Epsilon(q) (seconds, Wall/CPU): 0.180889 2.163568
Time for Wc(i_q=19, i_omega=1) (seconds, Wall/CPU): 0.089243 1.034043
Time for Wc(i_q=19, i_omega=2) (seconds, Wall/CPU): 0.088659 1.027693
Time for Wc(i_q=19, i_omega=3) (seconds, Wall/CPU): 0.089023 1.031052
Time for Wc(i_q=19, i_omega=4) (seconds, Wall/CPU): 0.088353 1.023913
Time for Wc(i_q=19, i_omega=5) (seconds, Wall/CPU): 0.089438 1.036096
Time for Wc(i_q=19, i_omega=6) (seconds, Wall/CPU): 0.089160 1.033122
Computing Wc(q), 20 / 64, q=(0.750000, 0.000000, 0.250000)
Time to prepare sqrt root of Coulomb for Wc(q) (seconds, Wall/CPU): 0.183387 2.193500
Time to prepare sqrt root of Coulomb for Epsilon(q) (seconds, Wall/CPU): 0.184810 2.208618
Time for Wc(i_q=20, i_omega=1) (seconds, Wall/CPU): 0.089004 1.030928
Time for Wc(i_q=20, i_omega=2) (seconds, Wall/CPU): 0.089192 1.033687
Time for Wc(i_q=20, i_omega=3) (seconds, Wall/CPU): 0.089299 1.034256
Time for Wc(i_q=20, i_omega=4) (seconds, Wall/CPU): 0.088874 1.029929
Time for Wc(i_q=20, i_omega=5) (seconds, Wall/CPU): 0.089376 1.035404
Time for Wc(i_q=20, i_omega=6) (seconds, Wall/CPU): 0.089152 1.033326
Computing Wc(q), 21 / 64, q=(0.000000, 0.250000, 0.250000)
Time to prepare sqrt root of Coulomb for Wc(q) (seconds, Wall/CPU): 0.187201 2.239285
Time to prepare sqrt root of Coulomb for Epsilon(q) (seconds, Wall/CPU): 0.182451 2.181517
Time for Wc(i_q=21, i_omega=1) (seconds, Wall/CPU): 0.138380 1.589863
Time for Wc(i_q=21, i_omega=2) (seconds, Wall/CPU): 0.136605 1.570989
Time for Wc(i_q=21, i_omega=3) (seconds, Wall/CPU): 0.089246 1.032984
Time for Wc(i_q=21, i_omega=4) (seconds, Wall/CPU): 0.119371 1.352833
Time for Wc(i_q=21, i_omega=5) (seconds, Wall/CPU): 0.089672 1.039093
Time for Wc(i_q=21, i_omega=6) (seconds, Wall/CPU): 0.090642 1.047360
Computing Wc(q), 22 / 64, q=(0.250000, 0.250000, 0.250000)
Time to prepare sqrt root of Coulomb for Wc(q) (seconds, Wall/CPU): 0.186248 2.227703
Time to prepare sqrt root of Coulomb for Epsilon(q) (seconds, Wall/CPU): 0.180496 2.158455
Time for Wc(i_q=22, i_omega=1) (seconds, Wall/CPU): 0.088777 1.028505
Time for Wc(i_q=22, i_omega=2) (seconds, Wall/CPU): 0.089627 1.038578
Time for Wc(i_q=22, i_omega=3) (seconds, Wall/CPU): 0.089428 1.035712
Time for Wc(i_q=22, i_omega=4) (seconds, Wall/CPU): 0.089710 1.040411
Time for Wc(i_q=22, i_omega=5) (seconds, Wall/CPU): 0.089697 1.039350
Time for Wc(i_q=22, i_omega=6) (seconds, Wall/CPU): 0.089410 1.035772
Computing Wc(q), 23 / 64, q=(0.500000, 0.250000, 0.250000)
Time to prepare sqrt root of Coulomb for Wc(q) (seconds, Wall/CPU): 0.184790 2.210210
Time to prepare sqrt root of Coulomb for Epsilon(q) (seconds, Wall/CPU): 0.180380 2.157645
Time for Wc(i_q=23, i_omega=1) (seconds, Wall/CPU): 0.089399 1.035720
Time for Wc(i_q=23, i_omega=2) (seconds, Wall/CPU): 0.089420 1.035763
Time for Wc(i_q=23, i_omega=3) (seconds, Wall/CPU): 0.089143 1.033547
Time for Wc(i_q=23, i_omega=4) (seconds, Wall/CPU): 0.089204 1.033734
Time for Wc(i_q=23, i_omega=5) (seconds, Wall/CPU): 0.089536 1.038396
Time for Wc(i_q=23, i_omega=6) (seconds, Wall/CPU): 0.090086 1.045162
Computing Wc(q), 24 / 64, q=(0.750000, 0.250000, 0.250000)
Time to prepare sqrt root of Coulomb for Wc(q) (seconds, Wall/CPU): 0.184335 2.205202
Time to prepare sqrt root of Coulomb for Epsilon(q) (seconds, Wall/CPU): 0.183802 2.198139
Time for Wc(i_q=24, i_omega=1) (seconds, Wall/CPU): 0.089735 1.039659
Time for Wc(i_q=24, i_omega=2) (seconds, Wall/CPU): 0.088924 1.030024
Time for Wc(i_q=24, i_omega=3) (seconds, Wall/CPU): 0.089386 1.035991
Time for Wc(i_q=24, i_omega=4) (seconds, Wall/CPU): 0.089376 1.035905
Time for Wc(i_q=24, i_omega=5) (seconds, Wall/CPU): 0.089950 1.042049
Time for Wc(i_q=24, i_omega=6) (seconds, Wall/CPU): 0.089752 1.040424
Computing Wc(q), 25 / 64, q=(0.000000, 0.500000, 0.250000)
Time to prepare sqrt root of Coulomb for Wc(q) (seconds, Wall/CPU): 0.186263 2.227997
Time to prepare sqrt root of Coulomb for Epsilon(q) (seconds, Wall/CPU): 0.181516 2.171058
Time for Wc(i_q=25, i_omega=1) (seconds, Wall/CPU): 0.089390 1.035890
Time for Wc(i_q=25, i_omega=2) (seconds, Wall/CPU): 0.094435 1.096968
Time for Wc(i_q=25, i_omega=3) (seconds, Wall/CPU): 0.090734 1.048423
Time for Wc(i_q=25, i_omega=4) (seconds, Wall/CPU): 0.089588 1.037331
Time for Wc(i_q=25, i_omega=5) (seconds, Wall/CPU): 0.089480 1.036520
Time for Wc(i_q=25, i_omega=6) (seconds, Wall/CPU): 0.089552 1.037847
Computing Wc(q), 26 / 64, q=(0.250000, 0.500000, 0.250000)
Time to prepare sqrt root of Coulomb for Wc(q) (seconds, Wall/CPU): 0.184043 2.201739
Time to prepare sqrt root of Coulomb for Epsilon(q) (seconds, Wall/CPU): 0.179197 2.143659
Time for Wc(i_q=26, i_omega=1) (seconds, Wall/CPU): 0.089733 1.039637
Time for Wc(i_q=26, i_omega=2) (seconds, Wall/CPU): 0.089654 1.038696
Time for Wc(i_q=26, i_omega=3) (seconds, Wall/CPU): 0.090866 1.053161
Time for Wc(i_q=26, i_omega=4) (seconds, Wall/CPU): 1.141403 4.243779
Time for Wc(i_q=26, i_omega=5) (seconds, Wall/CPU): 0.089216 1.002850
Time for Wc(i_q=26, i_omega=6) (seconds, Wall/CPU): 0.089200 1.033688
Computing Wc(q), 27 / 64, q=(0.500000, 0.500000, 0.250000)
Time to prepare sqrt root of Coulomb for Wc(q) (seconds, Wall/CPU): 0.182033 2.177368
Time to prepare sqrt root of Coulomb for Epsilon(q) (seconds, Wall/CPU): 0.180877 2.163064
Time for Wc(i_q=27, i_omega=1) (seconds, Wall/CPU): 0.089454 1.036458
Time for Wc(i_q=27, i_omega=2) (seconds, Wall/CPU): 0.090553 1.048795
Time for Wc(i_q=27, i_omega=3) (seconds, Wall/CPU): 0.090852 1.053304
Time for Wc(i_q=27, i_omega=4) (seconds, Wall/CPU): 0.090045 1.044646
Time for Wc(i_q=27, i_omega=5) (seconds, Wall/CPU): 0.090504 1.048934
Time for Wc(i_q=27, i_omega=6) (seconds, Wall/CPU): 0.090310 1.047116
Computing Wc(q), 28 / 64, q=(0.750000, 0.500000, 0.250000)
Time to prepare sqrt root of Coulomb for Wc(q) (seconds, Wall/CPU): 0.185897 2.223400
Time to prepare sqrt root of Coulomb for Epsilon(q) (seconds, Wall/CPU): 0.180723 2.161852
Time for Wc(i_q=28, i_omega=1) (seconds, Wall/CPU): 0.089850 1.041885
Time for Wc(i_q=28, i_omega=2) (seconds, Wall/CPU): 0.090001 1.043139
Time for Wc(i_q=28, i_omega=3) (seconds, Wall/CPU): 0.090755 1.051520
Time for Wc(i_q=28, i_omega=4) (seconds, Wall/CPU): 0.090094 1.043846
Time for Wc(i_q=28, i_omega=5) (seconds, Wall/CPU): 0.090587 1.050365
Time for Wc(i_q=28, i_omega=6) (seconds, Wall/CPU): 0.090133 1.045191
Computing Wc(q), 29 / 64, q=(0.000000, 0.750000, 0.250000)
Time to prepare sqrt root of Coulomb for Wc(q) (seconds, Wall/CPU): 0.185841 2.223131
Time to prepare sqrt root of Coulomb for Epsilon(q) (seconds, Wall/CPU): 0.183431 2.194343
Time for Wc(i_q=29, i_omega=1) (seconds, Wall/CPU): 0.090483 1.048302
Time for Wc(i_q=29, i_omega=2) (seconds, Wall/CPU): 0.090613 1.050199
Time for Wc(i_q=29, i_omega=3) (seconds, Wall/CPU): 0.090196 1.045669
Time for Wc(i_q=29, i_omega=4) (seconds, Wall/CPU): 0.089924 1.042570
Time for Wc(i_q=29, i_omega=5) (seconds, Wall/CPU): 0.090610 1.050169
Time for Wc(i_q=29, i_omega=6) (seconds, Wall/CPU): 0.090553 1.047509
Computing Wc(q), 30 / 64, q=(0.250000, 0.750000, 0.250000)
Time to prepare sqrt root of Coulomb for Wc(q) (seconds, Wall/CPU): 0.186551 2.231486
Time to prepare sqrt root of Coulomb for Epsilon(q) (seconds, Wall/CPU): 0.181473 2.170962
Time for Wc(i_q=30, i_omega=1) (seconds, Wall/CPU): 0.090039 1.043442
Time for Wc(i_q=30, i_omega=2) (seconds, Wall/CPU): 0.089540 1.038064
Time for Wc(i_q=30, i_omega=3) (seconds, Wall/CPU): 0.089423 1.035815
Time for Wc(i_q=30, i_omega=4) (seconds, Wall/CPU): 0.091565 1.062125
Time for Wc(i_q=30, i_omega=5) (seconds, Wall/CPU): 0.089319 1.035405
Time for Wc(i_q=30, i_omega=6) (seconds, Wall/CPU): 0.089822 1.040770
Computing Wc(q), 31 / 64, q=(0.500000, 0.750000, 0.250000)
Time to prepare sqrt root of Coulomb for Wc(q) (seconds, Wall/CPU): 0.184972 2.212195
Time to prepare sqrt root of Coulomb for Epsilon(q) (seconds, Wall/CPU): 0.786297 4.918615
Time for Wc(i_q=31, i_omega=1) (seconds, Wall/CPU): 0.089584 1.036540
Time for Wc(i_q=31, i_omega=2) (seconds, Wall/CPU): 0.089424 1.036077
Time for Wc(i_q=31, i_omega=3) (seconds, Wall/CPU): 0.102953 1.195945
Time for Wc(i_q=31, i_omega=4) (seconds, Wall/CPU): 0.088920 1.030550
Time for Wc(i_q=31, i_omega=5) (seconds, Wall/CPU): 0.134410 1.575213
Time for Wc(i_q=31, i_omega=6) (seconds, Wall/CPU): 0.134915 1.580194
Computing Wc(q), 32 / 64, q=(0.750000, 0.750000, 0.250000)
Time to prepare sqrt root of Coulomb for Wc(q) (seconds, Wall/CPU): 0.186890 2.235584
Time to prepare sqrt root of Coulomb for Epsilon(q) (seconds, Wall/CPU): 0.228613 2.734390
Time for Wc(i_q=32, i_omega=1) (seconds, Wall/CPU): 0.089315 1.034168
Time for Wc(i_q=32, i_omega=2) (seconds, Wall/CPU): 0.134097 1.569555
Time for Wc(i_q=32, i_omega=3) (seconds, Wall/CPU): 0.089712 1.038182
Time for Wc(i_q=32, i_omega=4) (seconds, Wall/CPU): 0.089362 1.034775
Time for Wc(i_q=32, i_omega=5) (seconds, Wall/CPU): 0.089602 1.037183
Time for Wc(i_q=32, i_omega=6) (seconds, Wall/CPU): 0.121356 1.417306
Computing Wc(q), 33 / 64, q=(0.000000, 0.000000, 0.500000)
Time to prepare sqrt root of Coulomb for Wc(q) (seconds, Wall/CPU): 0.223436 2.671800
Time to prepare sqrt root of Coulomb for Epsilon(q) (seconds, Wall/CPU): 0.179187 2.141858
Time for Wc(i_q=33, i_omega=1) (seconds, Wall/CPU): 0.089809 1.040602
Time for Wc(i_q=33, i_omega=2) (seconds, Wall/CPU): 0.139764 1.639074
Time for Wc(i_q=33, i_omega=3) (seconds, Wall/CPU): 0.089587 1.037917
Time for Wc(i_q=33, i_omega=4) (seconds, Wall/CPU): 0.089250 1.034011
Time for Wc(i_q=33, i_omega=5) (seconds, Wall/CPU): 0.089374 1.035643
Time for Wc(i_q=33, i_omega=6) (seconds, Wall/CPU): 0.134787 1.576881
Computing Wc(q), 34 / 64, q=(0.250000, 0.000000, 0.500000)
Time to prepare sqrt root of Coulomb for Wc(q) (seconds, Wall/CPU): 0.182328 2.179209
Time to prepare sqrt root of Coulomb for Epsilon(q) (seconds, Wall/CPU): 0.185075 2.213805
Time for Wc(i_q=34, i_omega=1) (seconds, Wall/CPU): 0.553091 3.674668
Time for Wc(i_q=34, i_omega=2) (seconds, Wall/CPU): 0.089332 1.035240
Time for Wc(i_q=34, i_omega=3) (seconds, Wall/CPU): 0.089498 1.036756
Time for Wc(i_q=34, i_omega=4) (seconds, Wall/CPU): 0.090215 1.046379
Time for Wc(i_q=34, i_omega=5) (seconds, Wall/CPU): 0.091047 1.053099
Time for Wc(i_q=34, i_omega=6) (seconds, Wall/CPU): 0.089317 1.034682
Computing Wc(q), 35 / 64, q=(0.500000, 0.000000, 0.500000)
Time to prepare sqrt root of Coulomb for Wc(q) (seconds, Wall/CPU): 0.182860 2.185814
Time to prepare sqrt root of Coulomb for Epsilon(q) (seconds, Wall/CPU): 0.183469 2.193582
Time for Wc(i_q=35, i_omega=1) (seconds, Wall/CPU): 0.089261 1.033572
Time for Wc(i_q=35, i_omega=2) (seconds, Wall/CPU): 0.089280 1.033978
Time for Wc(i_q=35, i_omega=3) (seconds, Wall/CPU): 0.089474 1.035445
Time for Wc(i_q=35, i_omega=4) (seconds, Wall/CPU): 0.089150 1.032753
Time for Wc(i_q=35, i_omega=5) (seconds, Wall/CPU): 0.091527 1.060561
Time for Wc(i_q=35, i_omega=6) (seconds, Wall/CPU): 0.089947 1.041592
Computing Wc(q), 36 / 64, q=(0.750000, 0.000000, 0.500000)
Time to prepare sqrt root of Coulomb for Wc(q) (seconds, Wall/CPU): 0.181994 2.176068
Time to prepare sqrt root of Coulomb for Epsilon(q) (seconds, Wall/CPU): 0.179862 2.150715
Time for Wc(i_q=36, i_omega=1) (seconds, Wall/CPU): 0.089361 1.033524
Time for Wc(i_q=36, i_omega=2) (seconds, Wall/CPU): 0.090215 1.046204
Time for Wc(i_q=36, i_omega=3) (seconds, Wall/CPU): 0.089739 1.040551
Time for Wc(i_q=36, i_omega=4) (seconds, Wall/CPU): 0.090465 1.048275
Time for Wc(i_q=36, i_omega=5) (seconds, Wall/CPU): 0.090713 1.051665
Time for Wc(i_q=36, i_omega=6) (seconds, Wall/CPU): 0.090988 1.055886
Computing Wc(q), 37 / 64, q=(0.000000, 0.250000, 0.500000)
Time to prepare sqrt root of Coulomb for Wc(q) (seconds, Wall/CPU): 0.183861 2.199049
Time to prepare sqrt root of Coulomb for Epsilon(q) (seconds, Wall/CPU): 0.181022 2.164992
Time for Wc(i_q=37, i_omega=1) (seconds, Wall/CPU): 0.090288 1.046831
Time for Wc(i_q=37, i_omega=2) (seconds, Wall/CPU): 0.090376 1.048390
Time for Wc(i_q=37, i_omega=3) (seconds, Wall/CPU): 0.090226 1.046093
Time for Wc(i_q=37, i_omega=4) (seconds, Wall/CPU): 0.090310 1.046828
Time for Wc(i_q=37, i_omega=5) (seconds, Wall/CPU): 0.091385 1.059473
Time for Wc(i_q=37, i_omega=6) (seconds, Wall/CPU): 0.090729 1.051661
Computing Wc(q), 38 / 64, q=(0.250000, 0.250000, 0.500000)
Time to prepare sqrt root of Coulomb for Wc(q) (seconds, Wall/CPU): 0.183444 2.194325
Time to prepare sqrt root of Coulomb for Epsilon(q) (seconds, Wall/CPU): 0.181242 2.167636
Time for Wc(i_q=38, i_omega=1) (seconds, Wall/CPU): 0.089732 1.039515
Time for Wc(i_q=38, i_omega=2) (seconds, Wall/CPU): 0.089657 1.038828
Time for Wc(i_q=38, i_omega=3) (seconds, Wall/CPU): 0.089264 1.034543
Time for Wc(i_q=38, i_omega=4) (seconds, Wall/CPU): 0.089665 1.039287
Time for Wc(i_q=38, i_omega=5) (seconds, Wall/CPU): 0.089336 1.035595
Time for Wc(i_q=38, i_omega=6) (seconds, Wall/CPU): 0.089525 1.038370
Computing Wc(q), 39 / 64, q=(0.500000, 0.250000, 0.500000)
Time to prepare sqrt root of Coulomb for Wc(q) (seconds, Wall/CPU): 0.182249 2.180439
Time to prepare sqrt root of Coulomb for Epsilon(q) (seconds, Wall/CPU): 0.183788 2.198017
Time for Wc(i_q=39, i_omega=1) (seconds, Wall/CPU): 0.088880 1.027816
Time for Wc(i_q=39, i_omega=2) (seconds, Wall/CPU): 0.089690 1.039161
Time for Wc(i_q=39, i_omega=3) (seconds, Wall/CPU): 0.089215 1.033655
Time for Wc(i_q=39, i_omega=4) (seconds, Wall/CPU): 0.089627 1.038245
Time for Wc(i_q=39, i_omega=5) (seconds, Wall/CPU): 0.089650 1.039270
Time for Wc(i_q=39, i_omega=6) (seconds, Wall/CPU): 0.089704 1.039957
Computing Wc(q), 40 / 64, q=(0.750000, 0.250000, 0.500000)
Time to prepare sqrt root of Coulomb for Wc(q) (seconds, Wall/CPU): 0.181637 2.172986
Time to prepare sqrt root of Coulomb for Epsilon(q) (seconds, Wall/CPU): 0.182854 2.187421
Time for Wc(i_q=40, i_omega=1) (seconds, Wall/CPU): 0.088809 1.029707
Time for Wc(i_q=40, i_omega=2) (seconds, Wall/CPU): 0.089201 1.033954
Time for Wc(i_q=40, i_omega=3) (seconds, Wall/CPU): 0.089055 1.032566
Time for Wc(i_q=40, i_omega=4) (seconds, Wall/CPU): 0.089326 1.035821
Time for Wc(i_q=40, i_omega=5) (seconds, Wall/CPU): 0.089958 1.042760
Time for Wc(i_q=40, i_omega=6) (seconds, Wall/CPU): 0.089628 1.038190
Computing Wc(q), 41 / 64, q=(0.000000, 0.500000, 0.500000)
Time to prepare sqrt root of Coulomb for Wc(q) (seconds, Wall/CPU): 0.183471 2.194477
Time to prepare sqrt root of Coulomb for Epsilon(q) (seconds, Wall/CPU): 0.182385 2.181949
Time for Wc(i_q=41, i_omega=1) (seconds, Wall/CPU): 0.089182 1.033074
Time for Wc(i_q=41, i_omega=2) (seconds, Wall/CPU): 0.089164 1.033876
Time for Wc(i_q=41, i_omega=3) (seconds, Wall/CPU): 0.088900 1.030393
Time for Wc(i_q=41, i_omega=4) (seconds, Wall/CPU): 0.089220 1.033750
Time for Wc(i_q=41, i_omega=5) (seconds, Wall/CPU): 0.089503 1.037330
Time for Wc(i_q=41, i_omega=6) (seconds, Wall/CPU): 0.089305 1.035126
Computing Wc(q), 42 / 64, q=(0.250000, 0.500000, 0.500000)
Time to prepare sqrt root of Coulomb for Wc(q) (seconds, Wall/CPU): 0.185153 2.214789
Time to prepare sqrt root of Coulomb for Epsilon(q) (seconds, Wall/CPU): 0.178243 2.132369
Time for Wc(i_q=42, i_omega=1) (seconds, Wall/CPU): 0.091434 1.060723
Time for Wc(i_q=42, i_omega=2) (seconds, Wall/CPU): 0.089635 1.039388
Time for Wc(i_q=42, i_omega=3) (seconds, Wall/CPU): 0.088880 1.030713
Time for Wc(i_q=42, i_omega=4) (seconds, Wall/CPU): 0.089568 1.038271
Time for Wc(i_q=42, i_omega=5) (seconds, Wall/CPU): 0.089595 1.038379
Time for Wc(i_q=42, i_omega=6) (seconds, Wall/CPU): 0.089701 1.039723
Computing Wc(q), 43 / 64, q=(0.500000, 0.500000, 0.500000)
Time to prepare sqrt root of Coulomb for Wc(q) (seconds, Wall/CPU): 0.182483 2.183146
Time to prepare sqrt root of Coulomb for Epsilon(q) (seconds, Wall/CPU): 0.186004 2.224423
Time for Wc(i_q=43, i_omega=1) (seconds, Wall/CPU): 0.089575 1.036624
Time for Wc(i_q=43, i_omega=2) (seconds, Wall/CPU): 0.091564 1.061426
Time for Wc(i_q=43, i_omega=3) (seconds, Wall/CPU): 0.089687 1.039277
Time for Wc(i_q=43, i_omega=4) (seconds, Wall/CPU): 0.089765 1.039619
Time for Wc(i_q=43, i_omega=5) (seconds, Wall/CPU): 0.089998 1.043071
Time for Wc(i_q=43, i_omega=6) (seconds, Wall/CPU): 0.089098 1.033193
Computing Wc(q), 44 / 64, q=(0.750000, 0.500000, 0.500000)
Time to prepare sqrt root of Coulomb for Wc(q) (seconds, Wall/CPU): 0.179921 2.152044
Time to prepare sqrt root of Coulomb for Epsilon(q) (seconds, Wall/CPU): 0.183568 2.195574
Time for Wc(i_q=44, i_omega=1) (seconds, Wall/CPU): 0.089542 1.037336
Time for Wc(i_q=44, i_omega=2) (seconds, Wall/CPU): 0.089396 1.035646
Time for Wc(i_q=44, i_omega=3) (seconds, Wall/CPU): 0.090696 1.051808
Time for Wc(i_q=44, i_omega=4) (seconds, Wall/CPU): 0.089929 1.042860
Time for Wc(i_q=44, i_omega=5) (seconds, Wall/CPU): 0.089635 1.038556
Time for Wc(i_q=44, i_omega=6) (seconds, Wall/CPU): 0.091020 1.052999
Computing Wc(q), 45 / 64, q=(0.000000, 0.750000, 0.500000)
Time to prepare sqrt root of Coulomb for Wc(q) (seconds, Wall/CPU): 0.184637 2.208671
Time to prepare sqrt root of Coulomb for Epsilon(q) (seconds, Wall/CPU): 0.183748 2.198003
Time for Wc(i_q=45, i_omega=1) (seconds, Wall/CPU): 0.089360 1.034823
Time for Wc(i_q=45, i_omega=2) (seconds, Wall/CPU): 0.089817 1.041560
Time for Wc(i_q=45, i_omega=3) (seconds, Wall/CPU): 0.088833 1.029266
Time for Wc(i_q=45, i_omega=4) (seconds, Wall/CPU): 0.091784 1.065649
Time for Wc(i_q=45, i_omega=5) (seconds, Wall/CPU): 0.090094 1.044419
Time for Wc(i_q=45, i_omega=6) (seconds, Wall/CPU): 0.089105 1.033888
Computing Wc(q), 46 / 64, q=(0.250000, 0.750000, 0.500000)
Time to prepare sqrt root of Coulomb for Wc(q) (seconds, Wall/CPU): 0.180294 2.155449
Time to prepare sqrt root of Coulomb for Epsilon(q) (seconds, Wall/CPU): 1.125051 5.326854
Time for Wc(i_q=46, i_omega=1) (seconds, Wall/CPU): 0.088915 1.028859
Time for Wc(i_q=46, i_omega=2) (seconds, Wall/CPU): 0.089233 1.035794
Time for Wc(i_q=46, i_omega=3) (seconds, Wall/CPU): 0.088753 1.028394
Time for Wc(i_q=46, i_omega=4) (seconds, Wall/CPU): 0.089345 1.035559
Time for Wc(i_q=46, i_omega=5) (seconds, Wall/CPU): 0.092230 1.070392
Time for Wc(i_q=46, i_omega=6) (seconds, Wall/CPU): 0.089737 1.041399
Computing Wc(q), 47 / 64, q=(0.500000, 0.750000, 0.500000)
Time to prepare sqrt root of Coulomb for Wc(q) (seconds, Wall/CPU): 0.183325 2.192758
Time to prepare sqrt root of Coulomb for Epsilon(q) (seconds, Wall/CPU): 0.183212 2.191269
Time for Wc(i_q=47, i_omega=1) (seconds, Wall/CPU): 0.089304 1.034996
Time for Wc(i_q=47, i_omega=2) (seconds, Wall/CPU): 0.089286 1.034519
Time for Wc(i_q=47, i_omega=3) (seconds, Wall/CPU): 0.089291 1.034984
Time for Wc(i_q=47, i_omega=4) (seconds, Wall/CPU): 0.089332 1.035492
Time for Wc(i_q=47, i_omega=5) (seconds, Wall/CPU): 0.089506 1.037590
Time for Wc(i_q=47, i_omega=6) (seconds, Wall/CPU): 0.091509 1.062416
Computing Wc(q), 48 / 64, q=(0.750000, 0.750000, 0.500000)
Time to prepare sqrt root of Coulomb for Wc(q) (seconds, Wall/CPU): 0.186033 2.225331
Time to prepare sqrt root of Coulomb for Epsilon(q) (seconds, Wall/CPU): 0.183906 2.199736
Time for Wc(i_q=48, i_omega=1) (seconds, Wall/CPU): 0.089473 1.036841
Time for Wc(i_q=48, i_omega=2) (seconds, Wall/CPU): 0.089323 1.035613
Time for Wc(i_q=48, i_omega=3) (seconds, Wall/CPU): 0.088857 1.030038
Time for Wc(i_q=48, i_omega=4) (seconds, Wall/CPU): 0.089508 1.037386
Time for Wc(i_q=48, i_omega=5) (seconds, Wall/CPU): 0.089740 1.039943
Time for Wc(i_q=48, i_omega=6) (seconds, Wall/CPU): 0.089269 1.034691
Computing Wc(q), 49 / 64, q=(0.000000, 0.000000, 0.750000)
Time to prepare sqrt root of Coulomb for Wc(q) (seconds, Wall/CPU): 0.183507 2.194918
Time to prepare sqrt root of Coulomb for Epsilon(q) (seconds, Wall/CPU): 0.184147 2.200057
Time for Wc(i_q=49, i_omega=1) (seconds, Wall/CPU): 0.089290 1.034447
Time for Wc(i_q=49, i_omega=2) (seconds, Wall/CPU): 0.089517 1.037367
Time for Wc(i_q=49, i_omega=3) (seconds, Wall/CPU): 0.089497 1.036542
Time for Wc(i_q=49, i_omega=4) (seconds, Wall/CPU): 0.089159 1.032848
Time for Wc(i_q=49, i_omega=5) (seconds, Wall/CPU): 0.089016 1.032369
Time for Wc(i_q=49, i_omega=6) (seconds, Wall/CPU): 0.089465 1.036879
Computing Wc(q), 50 / 64, q=(0.250000, 0.000000, 0.750000)
Time to prepare sqrt root of Coulomb for Wc(q) (seconds, Wall/CPU): 0.182666 2.184840
Time to prepare sqrt root of Coulomb for Epsilon(q) (seconds, Wall/CPU): 0.185017 2.211513
Time for Wc(i_q=50, i_omega=1) (seconds, Wall/CPU): 0.089265 1.034038
Time for Wc(i_q=50, i_omega=2) (seconds, Wall/CPU): 0.657609 7.249632
Time for Wc(i_q=50, i_omega=3) (seconds, Wall/CPU): 0.091403 1.059090
Time for Wc(i_q=50, i_omega=4) (seconds, Wall/CPU): 0.089309 1.033844
Time for Wc(i_q=50, i_omega=5) (seconds, Wall/CPU): 0.089355 1.035921
Time for Wc(i_q=50, i_omega=6) (seconds, Wall/CPU): 0.089316 1.035374
Computing Wc(q), 51 / 64, q=(0.500000, 0.000000, 0.750000)
Time to prepare sqrt root of Coulomb for Wc(q) (seconds, Wall/CPU): 0.184901 2.211335
Time to prepare sqrt root of Coulomb for Epsilon(q) (seconds, Wall/CPU): 0.182631 2.183906
Time for Wc(i_q=51, i_omega=1) (seconds, Wall/CPU): 0.089112 1.032422
Time for Wc(i_q=51, i_omega=2) (seconds, Wall/CPU): 0.088975 1.031235
Time for Wc(i_q=51, i_omega=3) (seconds, Wall/CPU): 0.089338 1.034946
Time for Wc(i_q=51, i_omega=4) (seconds, Wall/CPU): 0.091603 1.062344
Time for Wc(i_q=51, i_omega=5) (seconds, Wall/CPU): 0.089981 1.042460
Time for Wc(i_q=51, i_omega=6) (seconds, Wall/CPU): 0.095909 1.114466
Computing Wc(q), 52 / 64, q=(0.750000, 0.000000, 0.750000)
Time to prepare sqrt root of Coulomb for Wc(q) (seconds, Wall/CPU): 0.186121 2.225946
Time to prepare sqrt root of Coulomb for Epsilon(q) (seconds, Wall/CPU): 0.183519 2.194837
Time for Wc(i_q=52, i_omega=1) (seconds, Wall/CPU): 0.089384 1.035319
Time for Wc(i_q=52, i_omega=2) (seconds, Wall/CPU): 0.089408 1.036264
Time for Wc(i_q=52, i_omega=3) (seconds, Wall/CPU): 0.089491 1.036642
Time for Wc(i_q=52, i_omega=4) (seconds, Wall/CPU): 0.089770 1.039875
Time for Wc(i_q=52, i_omega=5) (seconds, Wall/CPU): 0.092255 1.062359
Time for Wc(i_q=52, i_omega=6) (seconds, Wall/CPU): 0.090056 1.042639
Computing Wc(q), 53 / 64, q=(0.000000, 0.250000, 0.750000)
Time to prepare sqrt root of Coulomb for Wc(q) (seconds, Wall/CPU): 0.180424 2.158117
Time to prepare sqrt root of Coulomb for Epsilon(q) (seconds, Wall/CPU): 0.185954 2.223993
Time for Wc(i_q=53, i_omega=1) (seconds, Wall/CPU): 0.089630 1.038397
Time for Wc(i_q=53, i_omega=2) (seconds, Wall/CPU): 0.089988 1.041697
Time for Wc(i_q=53, i_omega=3) (seconds, Wall/CPU): 0.089462 1.036395
Time for Wc(i_q=53, i_omega=4) (seconds, Wall/CPU): 0.089270 1.034533
Time for Wc(i_q=53, i_omega=5) (seconds, Wall/CPU): 0.090306 1.046368
Time for Wc(i_q=53, i_omega=6) (seconds, Wall/CPU): 0.093696 1.076115
Computing Wc(q), 54 / 64, q=(0.250000, 0.250000, 0.750000)
Time to prepare sqrt root of Coulomb for Wc(q) (seconds, Wall/CPU): 0.183020 2.189099
Time to prepare sqrt root of Coulomb for Epsilon(q) (seconds, Wall/CPU): 0.184758 2.208005
Time for Wc(i_q=54, i_omega=1) (seconds, Wall/CPU): 0.089358 1.035163
Time for Wc(i_q=54, i_omega=2) (seconds, Wall/CPU): 0.089530 1.037486
Time for Wc(i_q=54, i_omega=3) (seconds, Wall/CPU): 0.089523 1.037690
Time for Wc(i_q=54, i_omega=4) (seconds, Wall/CPU): 0.089457 1.036958
Time for Wc(i_q=54, i_omega=5) (seconds, Wall/CPU): 0.090119 1.044460
Time for Wc(i_q=54, i_omega=6) (seconds, Wall/CPU): 0.093089 1.080561
Computing Wc(q), 55 / 64, q=(0.500000, 0.250000, 0.750000)
Time to prepare sqrt root of Coulomb for Wc(q) (seconds, Wall/CPU): 0.185945 2.224574
Time to prepare sqrt root of Coulomb for Epsilon(q) (seconds, Wall/CPU): 0.185689 2.221096
Time for Wc(i_q=55, i_omega=1) (seconds, Wall/CPU): 0.089577 1.037872
Time for Wc(i_q=55, i_omega=2) (seconds, Wall/CPU): 0.089514 1.037358
Time for Wc(i_q=55, i_omega=3) (seconds, Wall/CPU): 0.088953 1.031230
Time for Wc(i_q=55, i_omega=4) (seconds, Wall/CPU): 0.089859 1.041040
Time for Wc(i_q=55, i_omega=5) (seconds, Wall/CPU): 0.089968 1.043379
Time for Wc(i_q=55, i_omega=6) (seconds, Wall/CPU): 0.089604 1.039159
Computing Wc(q), 56 / 64, q=(0.750000, 0.250000, 0.750000)
Time to prepare sqrt root of Coulomb for Wc(q) (seconds, Wall/CPU): 0.182440 2.182444
Time to prepare sqrt root of Coulomb for Epsilon(q) (seconds, Wall/CPU): 0.184379 2.205264
Time for Wc(i_q=56, i_omega=1) (seconds, Wall/CPU): 0.088839 1.029403
Time for Wc(i_q=56, i_omega=2) (seconds, Wall/CPU): 0.089799 1.040100
Time for Wc(i_q=56, i_omega=3) (seconds, Wall/CPU): 0.089168 1.033022
Time for Wc(i_q=56, i_omega=4) (seconds, Wall/CPU): 0.089426 1.035843
Time for Wc(i_q=56, i_omega=5) (seconds, Wall/CPU): 0.089245 1.034874
Time for Wc(i_q=56, i_omega=6) (seconds, Wall/CPU): 0.089637 1.039438
Computing Wc(q), 57 / 64, q=(0.000000, 0.500000, 0.750000)
Time to prepare sqrt root of Coulomb for Wc(q) (seconds, Wall/CPU): 0.184402 2.205938
Time to prepare sqrt root of Coulomb for Epsilon(q) (seconds, Wall/CPU): 0.185131 2.214049
Time for Wc(i_q=57, i_omega=1) (seconds, Wall/CPU): 0.090090 1.043917
Time for Wc(i_q=57, i_omega=2) (seconds, Wall/CPU): 0.090400 1.047941
Time for Wc(i_q=57, i_omega=3) (seconds, Wall/CPU): 0.089969 1.043116
Time for Wc(i_q=57, i_omega=4) (seconds, Wall/CPU): 0.090633 1.050039
Time for Wc(i_q=57, i_omega=5) (seconds, Wall/CPU): 0.090926 1.053726
Time for Wc(i_q=57, i_omega=6) (seconds, Wall/CPU): 0.090180 1.045575
Computing Wc(q), 58 / 64, q=(0.250000, 0.500000, 0.750000)
Time to prepare sqrt root of Coulomb for Wc(q) (seconds, Wall/CPU): 0.184501 2.206600
Time to prepare sqrt root of Coulomb for Epsilon(q) (seconds, Wall/CPU): 0.182739 2.185527
Time for Wc(i_q=58, i_omega=1) (seconds, Wall/CPU): 0.090232 1.045773
Time for Wc(i_q=58, i_omega=2) (seconds, Wall/CPU): 0.090185 1.045249
Time for Wc(i_q=58, i_omega=3) (seconds, Wall/CPU): 0.089934 1.042405
Time for Wc(i_q=58, i_omega=4) (seconds, Wall/CPU): 0.090639 1.050199
Time for Wc(i_q=58, i_omega=5) (seconds, Wall/CPU): 0.090240 1.046391
Time for Wc(i_q=58, i_omega=6) (seconds, Wall/CPU): 0.090408 1.047377
Computing Wc(q), 59 / 64, q=(0.500000, 0.500000, 0.750000)
Time to prepare sqrt root of Coulomb for Wc(q) (seconds, Wall/CPU): 0.184357 2.204903
Time to prepare sqrt root of Coulomb for Epsilon(q) (seconds, Wall/CPU): 0.187416 2.241599
Time for Wc(i_q=59, i_omega=1) (seconds, Wall/CPU): 0.090339 1.046301
Time for Wc(i_q=59, i_omega=2) (seconds, Wall/CPU): 0.090268 1.045764
Time for Wc(i_q=59, i_omega=3) (seconds, Wall/CPU): 0.090429 1.047654
Time for Wc(i_q=59, i_omega=4) (seconds, Wall/CPU): 0.991035 4.550140
Time for Wc(i_q=59, i_omega=5) (seconds, Wall/CPU): 0.089714 1.037905
Time for Wc(i_q=59, i_omega=6) (seconds, Wall/CPU): 0.089627 1.037186
Computing Wc(q), 60 / 64, q=(0.750000, 0.500000, 0.750000)
Time to prepare sqrt root of Coulomb for Wc(q) (seconds, Wall/CPU): 0.181418 2.167770
Time to prepare sqrt root of Coulomb for Epsilon(q) (seconds, Wall/CPU): 0.183071 2.187607
Time for Wc(i_q=60, i_omega=1) (seconds, Wall/CPU): 0.089454 1.034746
Time for Wc(i_q=60, i_omega=2) (seconds, Wall/CPU): 0.089347 1.033986
Time for Wc(i_q=60, i_omega=3) (seconds, Wall/CPU): 0.089961 1.042212
Time for Wc(i_q=60, i_omega=4) (seconds, Wall/CPU): 0.089867 1.039540
Time for Wc(i_q=60, i_omega=5) (seconds, Wall/CPU): 0.089674 1.037970
Time for Wc(i_q=60, i_omega=6) (seconds, Wall/CPU): 0.089783 1.038981
Computing Wc(q), 61 / 64, q=(0.000000, 0.750000, 0.750000)
Time to prepare sqrt root of Coulomb for Wc(q) (seconds, Wall/CPU): 0.248540 2.963394
Time to prepare sqrt root of Coulomb for Epsilon(q) (seconds, Wall/CPU): 0.186221 2.225408
Time for Wc(i_q=61, i_omega=1) (seconds, Wall/CPU): 0.136457 1.596385
Time for Wc(i_q=61, i_omega=2) (seconds, Wall/CPU): 0.091898 1.064461
Time for Wc(i_q=61, i_omega=3) (seconds, Wall/CPU): 0.089470 1.035625
Time for Wc(i_q=61, i_omega=4) (seconds, Wall/CPU): 0.130320 1.523795
Time for Wc(i_q=61, i_omega=5) (seconds, Wall/CPU): 0.137072 1.606036
Time for Wc(i_q=61, i_omega=6) (seconds, Wall/CPU): 0.088925 1.028282
Computing Wc(q), 62 / 64, q=(0.250000, 0.750000, 0.750000)
Time to prepare sqrt root of Coulomb for Wc(q) (seconds, Wall/CPU): 0.215869 2.579980
Time to prepare sqrt root of Coulomb for Epsilon(q) (seconds, Wall/CPU): 0.224092 2.678255
Time for Wc(i_q=62, i_omega=1) (seconds, Wall/CPU): 0.133940 1.568101
Time for Wc(i_q=62, i_omega=2) (seconds, Wall/CPU): 0.089528 1.036238
Time for Wc(i_q=62, i_omega=3) (seconds, Wall/CPU): 0.089031 1.030813
Time for Wc(i_q=62, i_omega=4) (seconds, Wall/CPU): 0.088771 1.027321
Time for Wc(i_q=62, i_omega=5) (seconds, Wall/CPU): 0.193554 2.278754
Time for Wc(i_q=62, i_omega=6) (seconds, Wall/CPU): 0.089260 1.033047
Computing Wc(q), 63 / 64, q=(0.500000, 0.750000, 0.750000)
Time to prepare sqrt root of Coulomb for Wc(q) (seconds, Wall/CPU): 0.185167 2.213032
Time to prepare sqrt root of Coulomb for Epsilon(q) (seconds, Wall/CPU): 0.183430 2.191813
Time for Wc(i_q=63, i_omega=1) (seconds, Wall/CPU): 0.091999 1.057528
Time for Wc(i_q=63, i_omega=2) (seconds, Wall/CPU): 0.089622 1.036915
Time for Wc(i_q=63, i_omega=3) (seconds, Wall/CPU): 0.089491 1.035943
Time for Wc(i_q=63, i_omega=4) (seconds, Wall/CPU): 0.089019 1.028941
Time for Wc(i_q=63, i_omega=5) (seconds, Wall/CPU): 0.090387 1.046268
Time for Wc(i_q=63, i_omega=6) (seconds, Wall/CPU): 0.089249 1.033184
Computing Wc(q), 64 / 64, q=(0.750000, 0.750000, 0.750000)
Time to prepare sqrt root of Coulomb for Wc(q) (seconds, Wall/CPU): 0.183260 2.190061
Time to prepare sqrt root of Coulomb for Epsilon(q) (seconds, Wall/CPU): 0.181944 2.173982
Time for Wc(i_q=64, i_omega=1) (seconds, Wall/CPU): 0.092218 1.068533
Time for Wc(i_q=64, i_omega=2) (seconds, Wall/CPU): 0.089654 1.037740
Time for Wc(i_q=64, i_omega=3) (seconds, Wall/CPU): 0.090608 1.046285
Time for Wc(i_q=64, i_omega=4) (seconds, Wall/CPU): 0.090376 1.042336
Time for Wc(i_q=64, i_omega=5) (seconds, Wall/CPU): 0.090061 1.039502
Time for Wc(i_q=64, i_omega=6) (seconds, Wall/CPU): 0.090135 1.038837
Time for Wc computation (seconds, Wall/CPU): 68.945517 753.839715
Calculating correlation self-energy by space-time method
Using real tensor
Converting Wc(q,w) -> W(R,t)
Converting Wc q,w -> R,t
Done converting Wc(q,w) -> Wc(R,w)
Done converting Wc q,w -> R,t
Time for Fourier transform of Wc in GW (seconds, Wall/CPU): 4.795810 35.013690
Time for LibRI G0W0 setup (seconds, Wall/CPU): 0.466337 3.077062
Time for Green's function, i_spin 1 i_tau 1 (seconds, Wall/CPU): 0.015899 0.015861
Task    3. libRI G0W0, spin 0, time grid     0.008133. Wc size 64, GF size 64. Wall time 0.463371
Task    1. libRI G0W0, spin 0, time grid     0.008133. Wc size 64, GF size 64. Wall time 1.645848
Task    2. libRI G0W0, spin 0, time grid     0.008133. Wc size 64, GF size 64. Wall time 2.573400
Task    0. libRI G0W0, spin 0, time grid     0.008133. Wc size 64, GF size 64. Wall time 3.399976
Task    3. libRI G0W0, spin 0, time grid    -0.008133. Wc size 64, GF size 64. Wall time 3.332679
Task    1. libRI G0W0, spin 0, time grid    -0.008133. Wc size 64, GF size 64. Wall time 3.361431
Task    2. libRI G0W0, spin 0, time grid    -0.008133. Wc size 64, GF size 64. Wall time 3.336182
Task    0. libRI G0W0, spin 0, time grid    -0.008133. Wc size 64, GF size 64. Wall time 3.336720
Time for Green's function, i_spin 1 i_tau 2 (seconds, Wall/CPU): 0.014944 0.014924
Task    3. libRI G0W0, spin 0, time grid     0.067845. Wc size 64, GF size 64. Wall time 0.508048
Task    1. libRI G0W0, spin 0, time grid     0.067845. Wc size 64, GF size 64. Wall time 1.586164
Task    2. libRI G0W0, spin 0, time grid     0.067845. Wc size 64, GF size 64. Wall time 2.597311
Task    0. libRI G0W0, spin 0, time grid     0.067845. Wc size 64, GF size 64. Wall time 3.314807
Task    3. libRI G0W0, spin 0, time grid    -0.067845. Wc size 64, GF size 64. Wall time 3.287797
Task    1. libRI G0W0, spin 0, time grid    -0.067845. Wc size 64, GF size 64. Wall time 3.344803
Task    2. libRI G0W0, spin 0, time grid    -0.067845. Wc size 64, GF size 64. Wall time 3.307703
Task    0. libRI G0W0, spin 0, time grid    -0.067845. Wc size 64, GF size 64. Wall time 3.335256
Time for Green's function, i_spin 1 i_tau 3 (seconds, Wall/CPU): 0.015699 0.015630
Task    3. libRI G0W0, spin 0, time grid     0.307369. Wc size 64, GF size 64. Wall time 0.592925
Task    1. libRI G0W0, spin 0, time grid     0.307369. Wc size 64, GF size 64. Wall time 1.623765
Task    2. libRI G0W0, spin 0, time grid     0.307369. Wc size 64, GF size 64. Wall time 2.601811
Task    0. libRI G0W0, spin 0, time grid     0.307369. Wc size 64, GF size 64. Wall time 3.344848
Task    3. libRI G0W0, spin 0, time grid    -0.307369. Wc size 64, GF size 64. Wall time 3.261240
Task    1. libRI G0W0, spin 0, time grid    -0.307369. Wc size 64, GF size 64. Wall time 3.305785
Task    2. libRI G0W0, spin 0, time grid    -0.307369. Wc size 64, GF size 64. Wall time 3.250077
Task    0. libRI G0W0, spin 0, time grid    -0.307369. Wc size 64, GF size 64. Wall time 3.331249
Time for Green's function, i_spin 1 i_tau 4 (seconds, Wall/CPU): 0.015157 0.015114
Task    3. libRI G0W0, spin 0, time grid     1.083243. Wc size 64, GF size 64. Wall time 0.468306
Task    1. libRI G0W0, spin 0, time grid     1.083243. Wc size 64, GF size 64. Wall time 1.637616
Task    2. libRI G0W0, spin 0, time grid     1.083243. Wc size 64, GF size 64. Wall time 2.652026
Task    0. libRI G0W0, spin 0, time grid     1.083243. Wc size 64, GF size 64. Wall time 3.398603
Task    3. libRI G0W0, spin 0, time grid    -1.083243. Wc size 64, GF size 64. Wall time 3.310018
Task    1. libRI G0W0, spin 0, time grid    -1.083243. Wc size 64, GF size 64. Wall time 3.354281
Task    2. libRI G0W0, spin 0, time grid    -1.083243. Wc size 64, GF size 64. Wall time 3.845369
Task    0. libRI G0W0, spin 0, time grid    -1.083243. Wc size 64, GF size 64. Wall time 4.438317
Time for Green's function, i_spin 1 i_tau 5 (seconds, Wall/CPU): 0.015410 0.015363
Task    3. libRI G0W0, spin 0, time grid     3.276333. Wc size 64, GF size 64. Wall time 0.621005
Task    1. libRI G0W0, spin 0, time grid     3.276333. Wc size 64, GF size 64. Wall time 1.651683
Task    2. libRI G0W0, spin 0, time grid     3.276333. Wc size 64, GF size 64. Wall time 2.585439
Task    0. libRI G0W0, spin 0, time grid     3.276333. Wc size 64, GF size 64. Wall time 3.380449
Task    3. libRI G0W0, spin 0, time grid    -3.276333. Wc size 64, GF size 64. Wall time 3.263907
Task    1. libRI G0W0, spin 0, time grid    -3.276333. Wc size 64, GF size 64. Wall time 3.321506
Task    2. libRI G0W0, spin 0, time grid    -3.276333. Wc size 64, GF size 64. Wall time 3.301779
Task    0. libRI G0W0, spin 0, time grid    -3.276333. Wc size 64, GF size 64. Wall time 3.326737
Time for Green's function, i_spin 1 i_tau 6 (seconds, Wall/CPU): 0.015102 0.015070
Task    3. libRI G0W0, spin 0, time grid     9.097690. Wc size 64, GF size 64. Wall time 0.471586
Task    1. libRI G0W0, spin 0, time grid     9.097690. Wc size 64, GF size 64. Wall time 1.632898
Task    2. libRI G0W0, spin 0, time grid     9.097690. Wc size 64, GF size 64. Wall time 2.659949
Task    0. libRI G0W0, spin 0, time grid     9.097690. Wc size 64, GF size 64. Wall time 3.525970
Task    3. libRI G0W0, spin 0, time grid    -9.097690. Wc size 64, GF size 64. Wall time 3.403861
Task    1. libRI G0W0, spin 0, time grid    -9.097690. Wc size 64, GF size 64. Wall time 3.415612
Task    2. libRI G0W0, spin 0, time grid    -9.097690. Wc size 64, GF size 64. Wall time 3.433734
Task    0. libRI G0W0, spin 0, time grid    -9.097690. Wc size 64, GF size 64. Wall time 3.324188
Task    1: tensor communicate elapsed time: 1.735659
Task    2: tensor communicate elapsed time: 0.730092
Task    3: tensor communicate elapsed time: 2.856099
Task    0: tensor communicate elapsed time: 0.008287
QSGW iteration 2: max_delta= 1.47134811e+02 eV gap= 2.97739187 eV mixer=none
QSGW reached qsgw_max_iter=2 without convergence
QSGW completed iterations: 2
Finalizing LibRPA global environment at [2026-07-16 23:58:06.922]
Entry                                             #calls       CPU time (s)       Wall time (s)     
----------------------------------------------------------------------------------------------------
Total for driver                                  1            3688.4372          420.8714          
 Driver Read Input Parameters                     1             0.0002             0.0002           
 Driver Read Task-Common Input Data               1             9.3063             9.3284           
  DFT SCF eigenvalues/occupations                 1              0.0016             0.0017          
   api_set_scf_dimension                          1               0.0003             0.0003         
   api_set_wg_ekb_efermi                          1               0.0000             0.0000         
  Structure                                       1              0.0003             0.0004          
   api_set_latvec_and_G                           1               0.0001             0.0001         
   api_set_atoms                                  1               0.0000             0.0000         
  BZ sampling                                     1              0.0010             0.0010          
   api_set_kgrids_kvec                            1               0.0004             0.0004         
   api_set_kq_mapping                             1               0.0002             0.0002         
  Basis (wave-function and auxiliary)             1              0.0005             0.0005          
   api_set_basis_convention                       1               0.0000             0.0000         
   api_set_ao_basis_wfc                           1               0.0000             0.0000         
   api_set_ao_basis_aux                           1               0.0000             0.0000         
  SCF eigenvectors                                1              0.0368             0.0397          
   api_set_wfc                                    64              0.0012             0.0038         
  driver_read_ri                                  1              9.2658             9.2848          
   driver_read_Cs                                 1               8.2516             8.2669         
    handle_Cs_file_dry                            1                4.1747             4.1826        
    handle_Cs_file                                1                4.0706             4.0780        
     api_set_lri_coeff                            53                0.0244             0.0244       
   driver_read_Vq                                 1               0.6746             0.6775         
    handle_Vq_row_file                            1                0.4710             0.4719        
    set_aux_coulomb_k_atom_pair_out               1                0.2008             0.2015        
     api_set_aux_bare_coulomb_k_atom_pair         64                0.1587             0.1592       
 QSGW fixed-basis self-consistent calculation     1             3679.1208          411.5320         
  handle_Vq_row_file                              1              0.4587             0.4596          
  set_aux_coulomb_k_atom_pair_out                 1              0.1135             0.1139          
   api_set_aux_cut_coulomb_k_atom_pair            64              0.0827             0.0829         
  api_get_imaginary_freq_grids                    1              0.4399             0.0557          
   initialize_ds_tfgrids                          1               0.4393             0.0556         
  cal_head                                        2              0.0279             0.0042          
  cal_wing_mu                                     2              194.6817           16.3673         
   Comm_wing                                      2               0.0070             0.0006         
  api_build_g0w0_sigma                            2              3460.3391          384.2144        
   initialize_ds_tfgrids                          2               0.8853             0.0760         
   initialize_ds_atpairs_local                    2               2.4680             0.2886         
   redistribute_coulomb_blacs2ap                  2               0.0007             0.0001         
   initialize_ds_headwing                         2               0.0003             0.0001         
   initialize_ds_chi0                             2               0.0013             0.0002         
   Build response function chi0                   2               728.6308           85.2468        
    Loop over LibRI                               2                728.6101           85.2295       
     chi0_libri_routing_set_parallel              2                 0.0038             0.0008       
     Set Cs                                       2                 5.1710             0.8190       
     build_gf_Rt_libri_serial                     24                1.0221             0.0922       
     chi0_set_Gs                                  12                17.0543            1.6873       
     Call cal_chi0s                               12                549.1383           46.7791      
     chi0_libri_routing_free_gf                   12                0.0301             0.0026       
     Collect R blocks                             12                56.0870            21.2138      
     Cosine transform to R-space                  12                2.4552             0.5368       
     Delayed Fourier transform                    2                 60.2841            5.2695       
   Build exchange self-energy                     2               122.7037           42.2369        
    initialize_ds_exx                             2                0.0001             0.0001        
    Fourier transform truncated Coulomb           2                6.0292             6.0500        
    g0w0_exx_real_work                            2                116.6734           36.1866       
     Prepare C libRI object                       2                 5.1413             0.7932       
     Prepare V libRI object                       2                 9.0410             4.7036       
      build_real_space_exx_2_1                    2                  0.0858             0.0861      
      build_real_space_exx_2_2                    2                  8.9550             4.6174      
     build_real_space_exx_prepare_index           2                 2.6515             2.6564       
      index_scheduler_init_pairs_unordered_map    2                  0.0000             0.0000      
      index_scheduler_ids_rc                      2                  0.0000             0.0000      
      index_scheduler_compute_map                 2                  0.0000             0.0000      
      index_scheduler_flatten                     2                  0.0000             0.0000      
     Prepare DM libRI object                      2                 0.2562             0.0229       
      exx_build_dmat_libri_kserial                2                  0.1393             0.0130      
      build_real_space_exx_libri_set_Ds           2                  0.1150             0.0097      
     Call libRI Hexx calculation                  2                 77.7844            6.5152       
     build_real_space_exx_5                       2                 0.0125             0.0010       
   Build screened interaction                     2               1515.5183          139.3964       
    compute_Wc_freq_q_blacs_init                  2                0.2902             0.0243        
    compute_Wc_freq_q_work                        2                1515.1440          139.3651      
     Prepare sqrt of truncated Coulomb            128               287.3872           24.9653      
      Setup libRI object                          128                2.0789             0.1744      
      libRI Communicate                           128                16.8352            1.4111      
      Collect 2D-block from IJ                    128                14.3203            1.2017      
      Perform square root                         128                253.8830           22.1561     
       power_hemat_blacs_real                     2                   2.9787             0.2492     
        power_hemat_blacs_1                       2                    0.0075             0.0006    
        power_hemat_blacs_2                       2                    2.4821             0.2077    
        power_hemat_blacs_3                       2                    0.0005             0.0000    
        power_hemat_blacs_4                       2                    0.3547             0.0297    
       power_hemat_blacs                          126                 248.5330           20.7863    
        power_hemat_blacs_1                       126                  2.4550             0.2054    
        power_hemat_blacs_2                       126                  227.2600           19.0076   
        power_hemat_blacs_3                       126                  1.8978             0.1590    
        power_hemat_blacs_4                       126                  0.0287             0.0024    
        power_hemat_blacs_5                       126                  13.8844            1.1653    
     Prepare sqrt of bare Coulomb                 128               303.1483           29.8081      
      power_hemat_blacs_real                      2                  2.0924             0.1750      
       power_hemat_blacs_1                        2                   0.0040             0.0003     
       power_hemat_blacs_2                        2                   1.7624             0.1474     
       power_hemat_blacs_3                        2                   0.0004             0.0000     
       power_hemat_blacs_4                        2                   0.2216             0.0185     
      cal_wing                                    2                  0.0480             0.0040      
      power_hemat_blacs                           126                248.1187           20.7545     
       power_hemat_blacs_1                        126                 0.2488             0.0207     
       power_hemat_blacs_2                        126                 230.1116           19.2525    
       power_hemat_blacs_3                        126                 1.8766             0.1573     
       power_hemat_blacs_4                        126                 0.0288             0.0024     
       power_hemat_blacs_5                        126                 12.9212            1.0811     
     epsilon_wc_work_q_omega                      768               915.9821           83.8575      
      Prepare Chi0 2D block                       768                212.2384           18.7931     
       epsilon_prepare_chi0_2d_comm_map2          768                 108.5765           10.0967    
       epsilon_prepare_chi0_2d_collect_block      768                 81.8562            6.8523     
      Compute dielectric matrix                   768                177.8151           16.2318     
       epsilon_compute_eps_pgemm_1                768                 118.0254           11.2716    
        get_inverse_body_of_chi0                  12                   5.8130             0.4863    
        cal_inverse_dielectric_matrix             12                   39.3271            3.2880    
         cal_L                                    12                    0.9768             0.0817   
         precompute_q_data                        12                    0.0101             0.0011   
         cal_inverse_dielectric_matrix_ij         12                    38.2569            3.1984   
        assign_chi0                               12                   0.3039             0.0255    
       epsilon_compute_eps_pgemm_2                768                 58.0317            4.8663     
      epsilon_to_wc                               768                487.0235           43.3682     
       Multiply truncated Coulomb                 12                  1.8067             0.1521     
       epsilon_solver_coulwc                      756                 422.4271           37.8247    
       Multiply truncated Coulomb                 756                 56.4849            4.7001     
   initialize_ds_g0w0                             2               0.0027             0.0002         
   Build real-space correlation self-energy       2               1089.6194          116.9263       
    Tranform Wc (q,w) -> (R,t)                    2                70.8859            9.6275        
     Perform transformation                       2                 31.1456            6.2565       
     Compute balance atom-pairs distribution      2                 0.0325             0.0326       
     index_scheduler_init_pairs_unordered_map     2                 0.0000             0.0000       
     index_scheduler_ids_rc                       2                 0.0000             0.0000       
     index_scheduler_compute_map                  2                 0.0143             0.0143       
     index_scheduler_flatten                      2                 0.0000             0.0000       
     Prepare LibRI Wc object                      12                39.6875            3.3233       
      fill_ap_map_from_blacs_dist_scheduler       768                2.7408             0.3895      
    Setup LibRI G0W0 object and C data            2                6.2915             0.9064        
    Setup LibRI Wc                                12               49.8125            23.8624       
    Compute G(R,t) and G(R,-t)                    12               0.1850             0.1855        
     g0w0_build_gf_libri_kserial                  12                0.1838             0.1844       
    Call libRI cal_Sigc                           24               955.7727           81.2478       
    g0w0_build_spacetime_5_clean                  24               3.2920             0.3004        
    Transform Sigc (R,t) -> (R,w)                 12               0.2184             0.0207        
    g0w0_build_spacetime_free_Ws                  12               0.7923             0.0791        
  exx_build_KS_blacs_redist                       2              0.1233             0.0103          
   exx_build_KS_blacs_redist_comm_map2            2               0.1176             0.0099         
  Hexx IJ -> 2D block                             128            0.1824             0.0147          
  Rotate Hexx ij -> KS                            128            0.1760             0.0148          
  Collect Eexx to root process                    128            0.2954             0.0249          
  g0w0_build_sigc_KS                              2              3.5393             0.2961          
   g0w0_build_sigc_KS_rspace_redist               2               0.4844             0.0406         
   g0w0_build_sigc_KS_find_bvk                    2               0.0024             0.0002         
   g0w0_build_sigc_KS_rotate_kserial              2               3.0467             0.2548         
libRPA finished successfully
