# qsgw_contract_version 5
# fixed_basis immutable_mf0
# live_update eigenvalues_wfc
# velocity fixed_basis_rotation
# headwing scf_grid_analytic_live
# symmetry unsupported_full_bz_only
# hartree disabled_stage1
# band disabled_stage1
# qsgw_input_contract /data/home/df_iopcas_bhj/ai-runs/librpa-qsgw-rebase-gates-20260715T1910-7d69a18c/inputs/si-k444-headwing-scf-synced-v2-2345960/dataset/qsgw_input.head-only.contract
# qsgw_input_contract_sha256 dd255667efae3e27a435f48684b801b30b3f2a68bfa6c7e792fa4a1de848921d
# qsgw_mixer none
# qsgw_mixing_beta 0.20000000000000001
# iter channel spin kpoint kx ky kz band energy_eV
0 0 0 0 0.00000000000000000e+00 0.00000000000000000e+00 0.00000000000000000e+00 0 -5.57227943475782528e+00
0 0 0 0 0.00000000000000000e+00 0.00000000000000000e+00 0.00000000000000000e+00 1 6.43252264937479090e+00
0 0 0 0 0.00000000000000000e+00 0.00000000000000000e+00 0.00000000000000000e+00 2 6.43252264937479090e+00
0 0 0 0 0.00000000000000000e+00 0.00000000000000000e+00 0.00000000000000000e+00 3 6.43252264937479090e+00
0 0 0 0 0.00000000000000000e+00 0.00000000000000000e+00 0.00000000000000000e+00 4 9.14776566093089549e+00
0 0 0 0 0.00000000000000000e+00 0.00000000000000000e+00 0.00000000000000000e+00 5 9.14776566093097721e+00
0 0 0 0 0.00000000000000000e+00 0.00000000000000000e+00 0.00000000000000000e+00 6 9.14776566093100563e+00
0 0 0 0 0.00000000000000000e+00 0.00000000000000000e+00 0.00000000000000000e+00 7 1.00312562513752166e+01
0 0 0 0 0.00000000000000000e+00 0.00000000000000000e+00 0.00000000000000000e+00 8 1.48676520693320189e+01
0 0 0 0 0.00000000000000000e+00 0.00000000000000000e+00 0.00000000000000000e+00 9 1.48676520693320189e+01
0 0 0 0 0.00000000000000000e+00 0.00000000000000000e+00 0.00000000000000000e+00 10 1.86719908000537984e+01
0 0 0 0 0.00000000000000000e+00 0.00000000000000000e+00 0.00000000000000000e+00 11 2.24344258456428136e+01
0 0 0 0 0.00000000000000000e+00 0.00000000000000000e+00 0.00000000000000000e+00 12 2.24344258456428953e+01
0 0 0 0 0.00000000000000000e+00 0.00000000000000000e+00 0.00000000000000000e+00 13 2.24344258456429522e+01
0 0 0 0 0.00000000000000000e+00 0.00000000000000000e+00 0.00000000000000000e+00 14 3.14462444259747720e+01
0 0 0 0 0.00000000000000000e+00 0.00000000000000000e+00 0.00000000000000000e+00 15 3.14462444259747720e+01
0 0 0 0 0.00000000000000000e+00 0.00000000000000000e+00 0.00000000000000000e+00 16 3.38492849346076952e+01
0 0 0 0 0.00000000000000000e+00 0.00000000000000000e+00 0.00000000000000000e+00 17 3.38492849346078017e+01
0 0 0 0 0.00000000000000000e+00 0.00000000000000000e+00 0.00000000000000000e+00 18 3.38492849346078017e+01
0 0 0 0 0.00000000000000000e+00 0.00000000000000000e+00 0.00000000000000000e+00 19 6.64978765643551952e+01
0 0 0 0 0.00000000000000000e+00 0.00000000000000000e+00 0.00000000000000000e+00 20 6.64978765643642618e+01
0 0 0 0 0.00000000000000000e+00 0.00000000000000000e+00 0.00000000000000000e+00 21 6.64978765643647165e+01
0 0 0 0 0.00000000000000000e+00 0.00000000000000000e+00 0.00000000000000000e+00 22 1.02504175331043825e+02
0 0 0 0 0.00000000000000000e+00 0.00000000000000000e+00 0.00000000000000000e+00 23 1.19026731585534804e+02
0 0 0 0 0.00000000000000000e+00 0.00000000000000000e+00 0.00000000000000000e+00 24 1.19026731585546216e+02
0 0 0 0 0.00000000000000000e+00 0.00000000000000000e+00 0.00000000000000000e+00 25 1.19026731585549285e+02
0 0 0 1 2.50000000000035305e-01 0.00000000000000000e+00 0.00000000000000000e+00 0 -4.77928439869769139e+00
0 0 0 1 2.50000000000035305e-01 0.00000000000000000e+00 0.00000000000000000e+00 1 2.46680605279678922e+00
0 0 0 1 2.50000000000035305e-01 0.00000000000000000e+00 0.00000000000000000e+00 2 5.67615955045470599e+00
0 0 0 1 2.50000000000035305e-01 0.00000000000000000e+00 0.00000000000000000e+00 3 5.67615955045473264e+00
0 0 0 1 2.50000000000035305e-01 0.00000000000000000e+00 0.00000000000000000e+00 4 8.63478008904076688e+00
0 0 0 1 2.50000000000035305e-01 0.00000000000000000e+00 0.00000000000000000e+00 5 1.01791067980607934e+01
0 0 0 1 2.50000000000035305e-01 0.00000000000000000e+00 0.00000000000000000e+00 6 1.01791067980607934e+01
0 0 0 1 2.50000000000035305e-01 0.00000000000000000e+00 0.00000000000000000e+00 7 1.38167819259346150e+01
0 0 0 1 2.50000000000035305e-01 0.00000000000000000e+00 0.00000000000000000e+00 8 1.47511644089769707e+01
0 0 0 1 2.50000000000035305e-01 0.00000000000000000e+00 0.00000000000000000e+00 9 1.47511644089769973e+01
0 0 0 1 2.50000000000035305e-01 0.00000000000000000e+00 0.00000000000000000e+00 10 1.98647145492865889e+01
0 0 0 1 2.50000000000035305e-01 0.00000000000000000e+00 0.00000000000000000e+00 11 2.28825557074830357e+01
0 0 0 1 2.50000000000035305e-01 0.00000000000000000e+00 0.00000000000000000e+00 12 2.32685984980902631e+01
0 0 0 1 2.50000000000035305e-01 0.00000000000000000e+00 0.00000000000000000e+00 13 2.32685984980903449e+01
0 0 0 1 2.50000000000035305e-01 0.00000000000000000e+00 0.00000000000000000e+00 14 2.95249480917060865e+01
0 0 0 1 2.50000000000035305e-01 0.00000000000000000e+00 0.00000000000000000e+00 15 2.95249480917061149e+01
0 0 0 1 2.50000000000035305e-01 0.00000000000000000e+00 0.00000000000000000e+00 16 3.14747523700926948e+01
0 0 0 1 2.50000000000035305e-01 0.00000000000000000e+00 0.00000000000000000e+00 17 3.39472997493824877e+01
0 0 0 1 2.50000000000035305e-01 0.00000000000000000e+00 0.00000000000000000e+00 18 3.39472997493825446e+01
0 0 0 1 2.50000000000035305e-01 0.00000000000000000e+00 0.00000000000000000e+00 19 4.32507293026725606e+01
0 0 0 1 2.50000000000035305e-01 0.00000000000000000e+00 0.00000000000000000e+00 20 6.13761034511607875e+01
0 0 0 1 2.50000000000035305e-01 0.00000000000000000e+00 0.00000000000000000e+00 21 6.13761034511635657e+01
0 0 0 1 2.50000000000035305e-01 0.00000000000000000e+00 0.00000000000000000e+00 22 9.84576719779490475e+01
0 0 0 1 2.50000000000035305e-01 0.00000000000000000e+00 0.00000000000000000e+00 23 9.84576719779550302e+01
0 0 0 1 2.50000000000035305e-01 0.00000000000000000e+00 0.00000000000000000e+00 24 1.04798743835712870e+02
0 0 0 1 2.50000000000035305e-01 0.00000000000000000e+00 0.00000000000000000e+00 25 1.54047557201724032e+02
0 0 0 2 5.00000000000070610e-01 0.00000000000000000e+00 0.00000000000000000e+00 0 -3.24596580198790896e+00
0 0 0 2 5.00000000000070610e-01 0.00000000000000000e+00 0.00000000000000000e+00 1 -6.04418885752118218e-01
0 0 0 2 5.00000000000070610e-01 0.00000000000000000e+00 0.00000000000000000e+00 2 5.24067752011174104e+00
0 0 0 2 5.00000000000070610e-01 0.00000000000000000e+00 0.00000000000000000e+00 3 5.24067752011174104e+00
0 0 0 2 5.00000000000070610e-01 0.00000000000000000e+00 0.00000000000000000e+00 4 8.10635145303600169e+00
0 0 0 2 5.00000000000070610e-01 0.00000000000000000e+00 0.00000000000000000e+00 5 1.01723325320599116e+01
0 0 0 2 5.00000000000070610e-01 0.00000000000000000e+00 0.00000000000000000e+00 6 1.01723325320599116e+01
0 0 0 2 5.00000000000070610e-01 0.00000000000000000e+00 0.00000000000000000e+00 7 1.75471393083260523e+01
0 0 0 2 5.00000000000070610e-01 0.00000000000000000e+00 0.00000000000000000e+00 8 1.80041084701005758e+01
0 0 0 2 5.00000000000070610e-01 0.00000000000000000e+00 0.00000000000000000e+00 9 1.80041084701005758e+01
0 0 0 2 5.00000000000070610e-01 0.00000000000000000e+00 0.00000000000000000e+00 10 1.83579416029927813e+01
0 0 0 2 5.00000000000070610e-01 0.00000000000000000e+00 0.00000000000000000e+00 11 1.97306204018278777e+01
0 0 0 2 5.00000000000070610e-01 0.00000000000000000e+00 0.00000000000000000e+00 12 1.97306204018279061e+01
0 0 0 2 5.00000000000070610e-01 0.00000000000000000e+00 0.00000000000000000e+00 13 2.65327225509091242e+01
0 0 0 2 5.00000000000070610e-01 0.00000000000000000e+00 0.00000000000000000e+00 14 2.84591910703909576e+01
0 0 0 2 5.00000000000070610e-01 0.00000000000000000e+00 0.00000000000000000e+00 15 2.96489496347264847e+01
0 0 0 2 5.00000000000070610e-01 0.00000000000000000e+00 0.00000000000000000e+00 16 2.96489496347264847e+01
0 0 0 2 5.00000000000070610e-01 0.00000000000000000e+00 0.00000000000000000e+00 17 3.36128535729160802e+01
0 0 0 2 5.00000000000070610e-01 0.00000000000000000e+00 0.00000000000000000e+00 18 3.36128535729161086e+01
0 0 0 2 5.00000000000070610e-01 0.00000000000000000e+00 0.00000000000000000e+00 19 3.64309474830753359e+01
0 0 0 2 5.00000000000070610e-01 0.00000000000000000e+00 0.00000000000000000e+00 20 6.21815263312237008e+01
0 0 0 2 5.00000000000070610e-01 0.00000000000000000e+00 0.00000000000000000e+00 21 6.21815263312258750e+01
0 0 0 2 5.00000000000070610e-01 0.00000000000000000e+00 0.00000000000000000e+00 22 7.32589956292646463e+01
0 0 0 2 5.00000000000070610e-01 0.00000000000000000e+00 0.00000000000000000e+00 23 7.32589956292651010e+01
0 0 0 2 5.00000000000070610e-01 0.00000000000000000e+00 0.00000000000000000e+00 24 1.06593772898434523e+02
0 0 0 2 5.00000000000070610e-01 0.00000000000000000e+00 0.00000000000000000e+00 25 1.45626421941820723e+02
0 0 0 3 7.49999999999942601e-01 0.00000000000000000e+00 0.00000000000000000e+00 0 -4.77928439869771804e+00
0 0 0 3 7.49999999999942601e-01 0.00000000000000000e+00 0.00000000000000000e+00 1 2.46680605279678922e+00
0 0 0 3 7.49999999999942601e-01 0.00000000000000000e+00 0.00000000000000000e+00 2 5.67615955045467846e+00
0 0 0 3 7.49999999999942601e-01 0.00000000000000000e+00 0.00000000000000000e+00 3 5.67615955045473264e+00
0 0 0 3 7.49999999999942601e-01 0.00000000000000000e+00 0.00000000000000000e+00 4 8.63478008904073846e+00
0 0 0 3 7.49999999999942601e-01 0.00000000000000000e+00 0.00000000000000000e+00 5 1.01791067980607668e+01
0 0 0 3 7.49999999999942601e-01 0.00000000000000000e+00 0.00000000000000000e+00 6 1.01791067980608219e+01
0 0 0 3 7.49999999999942601e-01 0.00000000000000000e+00 0.00000000000000000e+00 7 1.38167819259345883e+01
0 0 0 3 7.49999999999942601e-01 0.00000000000000000e+00 0.00000000000000000e+00 8 1.47511644089769707e+01
0 0 0 3 7.49999999999942601e-01 0.00000000000000000e+00 0.00000000000000000e+00 9 1.47511644089769973e+01
0 0 0 3 7.49999999999942601e-01 0.00000000000000000e+00 0.00000000000000000e+00 10 1.98647145492865604e+01
0 0 0 3 7.49999999999942601e-01 0.00000000000000000e+00 0.00000000000000000e+00 11 2.28825557074830108e+01
0 0 0 3 7.49999999999942601e-01 0.00000000000000000e+00 0.00000000000000000e+00 12 2.32685984980902916e+01
0 0 0 3 7.49999999999942601e-01 0.00000000000000000e+00 0.00000000000000000e+00 13 2.32685984980903449e+01
0 0 0 3 7.49999999999942601e-01 0.00000000000000000e+00 0.00000000000000000e+00 14 2.95249480917060865e+01
0 0 0 3 7.49999999999942601e-01 0.00000000000000000e+00 0.00000000000000000e+00 15 2.95249480917060865e+01
0 0 0 3 7.49999999999942601e-01 0.00000000000000000e+00 0.00000000000000000e+00 16 3.14747523700926699e+01
0 0 0 3 7.49999999999942601e-01 0.00000000000000000e+00 0.00000000000000000e+00 17 3.39472997493824593e+01
0 0 0 3 7.49999999999942601e-01 0.00000000000000000e+00 0.00000000000000000e+00 18 3.39472997493826014e+01
0 0 0 3 7.49999999999942601e-01 0.00000000000000000e+00 0.00000000000000000e+00 19 4.32507293026725108e+01
0 0 0 3 7.49999999999942601e-01 0.00000000000000000e+00 0.00000000000000000e+00 20 6.13761034511609793e+01
0 0 0 3 7.49999999999942601e-01 0.00000000000000000e+00 0.00000000000000000e+00 21 6.13761034511637575e+01
0 0 0 3 7.49999999999942601e-01 0.00000000000000000e+00 0.00000000000000000e+00 22 9.84576719779503264e+01
0 0 0 3 7.49999999999942601e-01 0.00000000000000000e+00 0.00000000000000000e+00 23 9.84576719779560392e+01
0 0 0 3 7.49999999999942601e-01 0.00000000000000000e+00 0.00000000000000000e+00 24 1.04798743835713978e+02
0 0 0 3 7.49999999999942601e-01 0.00000000000000000e+00 0.00000000000000000e+00 25 1.54047557201729660e+02
0 0 0 4 0.00000000000000000e+00 2.50000000000035305e-01 0.00000000000000000e+00 0 -4.77928439869769139e+00
0 0 0 4 0.00000000000000000e+00 2.50000000000035305e-01 0.00000000000000000e+00 1 2.46680605279678922e+00
0 0 0 4 0.00000000000000000e+00 2.50000000000035305e-01 0.00000000000000000e+00 2 5.67615955045470599e+00
0 0 0 4 0.00000000000000000e+00 2.50000000000035305e-01 0.00000000000000000e+00 3 5.67615955045470599e+00
0 0 0 4 0.00000000000000000e+00 2.50000000000035305e-01 0.00000000000000000e+00 4 8.63478008904076688e+00
0 0 0 4 0.00000000000000000e+00 2.50000000000035305e-01 0.00000000000000000e+00 5 1.01791067980607401e+01
0 0 0 4 0.00000000000000000e+00 2.50000000000035305e-01 0.00000000000000000e+00 6 1.01791067980608751e+01
0 0 0 4 0.00000000000000000e+00 2.50000000000035305e-01 0.00000000000000000e+00 7 1.38167819259345066e+01
0 0 0 4 0.00000000000000000e+00 2.50000000000035305e-01 0.00000000000000000e+00 8 1.47511644089769973e+01
0 0 0 4 0.00000000000000000e+00 2.50000000000035305e-01 0.00000000000000000e+00 9 1.47511644089769973e+01
0 0 0 4 0.00000000000000000e+00 2.50000000000035305e-01 0.00000000000000000e+00 10 1.98647145492865604e+01
0 0 0 4 0.00000000000000000e+00 2.50000000000035305e-01 0.00000000000000000e+00 11 2.28825557074830641e+01
0 0 0 4 0.00000000000000000e+00 2.50000000000035305e-01 0.00000000000000000e+00 12 2.32685984980903164e+01
0 0 0 4 0.00000000000000000e+00 2.50000000000035305e-01 0.00000000000000000e+00 13 2.32685984980903449e+01
0 0 0 4 0.00000000000000000e+00 2.50000000000035305e-01 0.00000000000000000e+00 14 2.95249480917060865e+01
0 0 0 4 0.00000000000000000e+00 2.50000000000035305e-01 0.00000000000000000e+00 15 2.95249480917061398e+01
0 0 0 4 0.00000000000000000e+00 2.50000000000035305e-01 0.00000000000000000e+00 16 3.14747523700926415e+01
0 0 0 4 0.00000000000000000e+00 2.50000000000035305e-01 0.00000000000000000e+00 17 3.39472997493825162e+01
0 0 0 4 0.00000000000000000e+00 2.50000000000035305e-01 0.00000000000000000e+00 18 3.39472997493825659e+01
0 0 0 4 0.00000000000000000e+00 2.50000000000035305e-01 0.00000000000000000e+00 19 4.32507293026726174e+01
0 0 0 4 0.00000000000000000e+00 2.50000000000035305e-01 0.00000000000000000e+00 20 6.13761034511606525e+01
0 0 0 4 0.00000000000000000e+00 2.50000000000035305e-01 0.00000000000000000e+00 21 6.13761034511638073e+01
0 0 0 4 0.00000000000000000e+00 2.50000000000035305e-01 0.00000000000000000e+00 22 9.84576719779493459e+01
0 0 0 4 0.00000000000000000e+00 2.50000000000035305e-01 0.00000000000000000e+00 23 9.84576719779561387e+01
0 0 0 4 0.00000000000000000e+00 2.50000000000035305e-01 0.00000000000000000e+00 24 1.04798743835718128e+02
0 0 0 4 0.00000000000000000e+00 2.50000000000035305e-01 0.00000000000000000e+00 25 1.54047557201726306e+02
0 0 0 5 2.50000000000035305e-01 2.50000000000035305e-01 0.00000000000000000e+00 0 -4.49597478733595679e+00
0 0 0 5 2.50000000000035305e-01 2.50000000000035305e-01 0.00000000000000000e+00 1 2.87514926603858667e+00
0 0 0 5 2.50000000000035305e-01 2.50000000000035305e-01 0.00000000000000000e+00 2 4.54671193862821088e+00
0 0 0 5 2.50000000000035305e-01 2.50000000000035305e-01 0.00000000000000000e+00 3 4.54671193862821088e+00
0 0 0 5 2.50000000000035305e-01 2.50000000000035305e-01 0.00000000000000000e+00 4 7.79317461735666761e+00
0 0 0 5 2.50000000000035305e-01 2.50000000000035305e-01 0.00000000000000000e+00 5 1.04990338686111073e+01
0 0 0 5 2.50000000000035305e-01 2.50000000000035305e-01 0.00000000000000000e+00 6 1.23759252518943050e+01
0 0 0 5 2.50000000000035305e-01 2.50000000000035305e-01 0.00000000000000000e+00 7 1.23759252518943335e+01
0 0 0 5 2.50000000000035305e-01 2.50000000000035305e-01 0.00000000000000000e+00 8 1.53167335444534540e+01
0 0 0 5 2.50000000000035305e-01 2.50000000000035305e-01 0.00000000000000000e+00 9 1.63769258183246542e+01
0 0 0 5 2.50000000000035305e-01 2.50000000000035305e-01 0.00000000000000000e+00 10 2.11487617275333797e+01
0 0 0 5 2.50000000000035305e-01 2.50000000000035305e-01 0.00000000000000000e+00 11 2.19283964050910569e+01
0 0 0 5 2.50000000000035305e-01 2.50000000000035305e-01 0.00000000000000000e+00 12 2.19283964050912203e+01
0 0 0 5 2.50000000000035305e-01 2.50000000000035305e-01 0.00000000000000000e+00 13 2.58696378526805475e+01
0 0 0 5 2.50000000000035305e-01 2.50000000000035305e-01 0.00000000000000000e+00 14 2.78495385330309659e+01
0 0 0 5 2.50000000000035305e-01 2.50000000000035305e-01 0.00000000000000000e+00 15 2.93335133569815198e+01
0 0 0 5 2.50000000000035305e-01 2.50000000000035305e-01 0.00000000000000000e+00 16 3.17429024718693213e+01
0 0 0 5 2.50000000000035305e-01 2.50000000000035305e-01 0.00000000000000000e+00 17 3.17429024718695167e+01
0 0 0 5 2.50000000000035305e-01 2.50000000000035305e-01 0.00000000000000000e+00 18 3.44916883167834953e+01
0 0 0 5 2.50000000000035305e-01 2.50000000000035305e-01 0.00000000000000000e+00 19 4.50678226240389463e+01
0 0 0 5 2.50000000000035305e-01 2.50000000000035305e-01 0.00000000000000000e+00 20 4.50678226240392945e+01
0 0 0 5 2.50000000000035305e-01 2.50000000000035305e-01 0.00000000000000000e+00 21 5.88951776016287596e+01
0 0 0 5 2.50000000000035305e-01 2.50000000000035305e-01 0.00000000000000000e+00 22 7.89218830742331079e+01
0 0 0 5 2.50000000000035305e-01 2.50000000000035305e-01 0.00000000000000000e+00 23 1.12218916471532822e+02
0 0 0 5 2.50000000000035305e-01 2.50000000000035305e-01 0.00000000000000000e+00 24 1.36814293399770975e+02
0 0 0 5 2.50000000000035305e-01 2.50000000000035305e-01 0.00000000000000000e+00 25 1.36814293399779530e+02
0 0 0 6 4.99999999999988953e-01 2.49999999999953648e-01 0.00000000000000000e+00 0 -2.86108298751099399e+00
0 0 0 6 4.99999999999988953e-01 2.49999999999953648e-01 0.00000000000000000e+00 1 -2.79955835262059001e-03
0 0 0 6 4.99999999999988953e-01 2.49999999999953648e-01 0.00000000000000000e+00 2 2.85933300988994787e+00
0 0 0 6 4.99999999999988953e-01 2.49999999999953648e-01 0.00000000000000000e+00 3 4.23356880700233074e+00
0 0 0 6 4.99999999999988953e-01 2.49999999999953648e-01 0.00000000000000000e+00 4 8.36364216523242376e+00
0 0 0 6 4.99999999999988953e-01 2.49999999999953648e-01 0.00000000000000000e+00 5 1.14632162321868911e+01
0 0 0 6 4.99999999999988953e-01 2.49999999999953648e-01 0.00000000000000000e+00 6 1.25468587478207247e+01
0 0 0 6 4.99999999999988953e-01 2.49999999999953648e-01 0.00000000000000000e+00 7 1.28108031340239279e+01
0 0 0 6 4.99999999999988953e-01 2.49999999999953648e-01 0.00000000000000000e+00 8 1.75445330210377257e+01
0 0 0 6 4.99999999999988953e-01 2.49999999999953648e-01 0.00000000000000000e+00 9 1.80492900217465291e+01
0 0 0 6 4.99999999999988953e-01 2.49999999999953648e-01 0.00000000000000000e+00 10 2.01047047207393739e+01
0 0 0 6 4.99999999999988953e-01 2.49999999999953648e-01 0.00000000000000000e+00 11 2.01288468711111896e+01
0 0 0 6 4.99999999999988953e-01 2.49999999999953648e-01 0.00000000000000000e+00 12 2.55320667436287678e+01
0 0 0 6 4.99999999999988953e-01 2.49999999999953648e-01 0.00000000000000000e+00 13 2.59329681914183823e+01
0 0 0 6 4.99999999999988953e-01 2.49999999999953648e-01 0.00000000000000000e+00 14 2.65085959070952342e+01
0 0 0 6 4.99999999999988953e-01 2.49999999999953648e-01 0.00000000000000000e+00 15 2.74187853669978310e+01
0 0 0 6 4.99999999999988953e-01 2.49999999999953648e-01 0.00000000000000000e+00 16 2.92604216723641564e+01
0 0 0 6 4.99999999999988953e-01 2.49999999999953648e-01 0.00000000000000000e+00 17 3.15710443818281163e+01
0 0 0 6 4.99999999999988953e-01 2.49999999999953648e-01 0.00000000000000000e+00 18 3.27736118146601569e+01
0 0 0 6 4.99999999999988953e-01 2.49999999999953648e-01 0.00000000000000000e+00 19 3.76441425110639685e+01
0 0 0 6 4.99999999999988953e-01 2.49999999999953648e-01 0.00000000000000000e+00 20 4.33774346543053255e+01
0 0 0 6 4.99999999999988953e-01 2.49999999999953648e-01 0.00000000000000000e+00 21 4.68552906732924868e+01
0 0 0 6 4.99999999999988953e-01 2.49999999999953648e-01 0.00000000000000000e+00 22 9.32336033724399584e+01
0 0 0 6 4.99999999999988953e-01 2.49999999999953648e-01 0.00000000000000000e+00 23 1.05504226539983890e+02
0 0 0 6 4.99999999999988953e-01 2.49999999999953648e-01 0.00000000000000000e+00 24 1.16121464812230158e+02
0 0 0 6 4.99999999999988953e-01 2.49999999999953648e-01 0.00000000000000000e+00 25 1.36199531300412474e+02
0 0 0 7 7.50000000000024203e-01 2.49999999999953593e-01 0.00000000000000000e+00 0 -3.53849822179903395e+00
0 0 0 7 7.50000000000024203e-01 2.49999999999953593e-01 0.00000000000000000e+00 1 9.06912416253483622e-01
0 0 0 7 7.50000000000024203e-01 2.49999999999953593e-01 0.00000000000000000e+00 2 2.63481016961339964e+00
0 0 0 7 7.50000000000024203e-01 2.49999999999953593e-01 0.00000000000000000e+00 3 5.10631189803310725e+00
0 0 0 7 7.50000000000024203e-01 2.49999999999953593e-01 0.00000000000000000e+00 4 9.31446521881755274e+00
0 0 0 7 7.50000000000024203e-01 2.49999999999953593e-01 0.00000000000000000e+00 5 1.15339182333741466e+01
0 0 0 7 7.50000000000024203e-01 2.49999999999953593e-01 0.00000000000000000e+00 6 1.17936320762269755e+01
0 0 0 7 7.50000000000024203e-01 2.49999999999953593e-01 0.00000000000000000e+00 7 1.34999812379510544e+01
0 0 0 7 7.50000000000024203e-01 2.49999999999953593e-01 0.00000000000000000e+00 8 1.38959001860464486e+01
0 0 0 7 7.50000000000024203e-01 2.49999999999953593e-01 0.00000000000000000e+00 9 1.68432294336173527e+01
0 0 0 7 7.50000000000024203e-01 2.49999999999953593e-01 0.00000000000000000e+00 10 2.06946810568215369e+01
0 0 0 7 7.50000000000024203e-01 2.49999999999953593e-01 0.00000000000000000e+00 11 2.38403022107182814e+01
0 0 0 7 7.50000000000024203e-01 2.49999999999953593e-01 0.00000000000000000e+00 12 2.44987015119193146e+01
0 0 0 7 7.50000000000024203e-01 2.49999999999953593e-01 0.00000000000000000e+00 13 2.46800115643747056e+01
0 0 0 7 7.50000000000024203e-01 2.49999999999953593e-01 0.00000000000000000e+00 14 2.70695029269523850e+01
0 0 0 7 7.50000000000024203e-01 2.49999999999953593e-01 0.00000000000000000e+00 15 2.78549641062830098e+01
0 0 0 7 7.50000000000024203e-01 2.49999999999953593e-01 0.00000000000000000e+00 16 2.88872227542143776e+01
0 0 0 7 7.50000000000024203e-01 2.49999999999953593e-01 0.00000000000000000e+00 17 3.04843827400971072e+01
0 0 0 7 7.50000000000024203e-01 2.49999999999953593e-01 0.00000000000000000e+00 18 3.43518934060827732e+01
0 0 0 7 7.50000000000024203e-01 2.49999999999953593e-01 0.00000000000000000e+00 19 3.94879822757698165e+01
0 0 0 7 7.50000000000024203e-01 2.49999999999953593e-01 0.00000000000000000e+00 20 4.71775968599763473e+01
0 0 0 7 7.50000000000024203e-01 2.49999999999953593e-01 0.00000000000000000e+00 21 5.52283881451045531e+01
0 0 0 7 7.50000000000024203e-01 2.49999999999953593e-01 0.00000000000000000e+00 22 8.56233368278700055e+01
0 0 0 7 7.50000000000024203e-01 2.49999999999953593e-01 0.00000000000000000e+00 23 9.58635499918079859e+01
0 0 0 7 7.50000000000024203e-01 2.49999999999953593e-01 0.00000000000000000e+00 24 1.14131336134513404e+02
0 0 0 7 7.50000000000024203e-01 2.49999999999953593e-01 0.00000000000000000e+00 25 1.39318863909777491e+02
0 0 0 8 0.00000000000000000e+00 5.00000000000070610e-01 0.00000000000000000e+00 0 -3.24596580198793605e+00
0 0 0 8 0.00000000000000000e+00 5.00000000000070610e-01 0.00000000000000000e+00 1 -6.04418885752091017e-01
0 0 0 8 0.00000000000000000e+00 5.00000000000070610e-01 0.00000000000000000e+00 2 5.24067752011174104e+00
0 0 0 8 0.00000000000000000e+00 5.00000000000070610e-01 0.00000000000000000e+00 3 5.24067752011176768e+00
0 0 0 8 0.00000000000000000e+00 5.00000000000070610e-01 0.00000000000000000e+00 4 8.10635145303603011e+00
0 0 0 8 0.00000000000000000e+00 5.00000000000070610e-01 0.00000000000000000e+00 5 1.01723325320598832e+01
0 0 0 8 0.00000000000000000e+00 5.00000000000070610e-01 0.00000000000000000e+00 6 1.01723325320599649e+01
0 0 0 8 0.00000000000000000e+00 5.00000000000070610e-01 0.00000000000000000e+00 7 1.75471393083261056e+01
0 0 0 8 0.00000000000000000e+00 5.00000000000070610e-01 0.00000000000000000e+00 8 1.80041084701005758e+01
0 0 0 8 0.00000000000000000e+00 5.00000000000070610e-01 0.00000000000000000e+00 9 1.80041084701006042e+01
0 0 0 8 0.00000000000000000e+00 5.00000000000070610e-01 0.00000000000000000e+00 10 1.83579416029927032e+01
0 0 0 8 0.00000000000000000e+00 5.00000000000070610e-01 0.00000000000000000e+00 11 1.97306204018278493e+01
0 0 0 8 0.00000000000000000e+00 5.00000000000070610e-01 0.00000000000000000e+00 12 1.97306204018279061e+01
0 0 0 8 0.00000000000000000e+00 5.00000000000070610e-01 0.00000000000000000e+00 13 2.65327225509090709e+01
0 0 0 8 0.00000000000000000e+00 5.00000000000070610e-01 0.00000000000000000e+00 14 2.84591910703912276e+01
0 0 0 8 0.00000000000000000e+00 5.00000000000070610e-01 0.00000000000000000e+00 15 2.96489496347264598e+01
0 0 0 8 0.00000000000000000e+00 5.00000000000070610e-01 0.00000000000000000e+00 16 2.96489496347264847e+01
0 0 0 8 0.00000000000000000e+00 5.00000000000070610e-01 0.00000000000000000e+00 17 3.36128535729161086e+01
0 0 0 8 0.00000000000000000e+00 5.00000000000070610e-01 0.00000000000000000e+00 18 3.36128535729161300e+01
0 0 0 8 0.00000000000000000e+00 5.00000000000070610e-01 0.00000000000000000e+00 19 3.64309474830754212e+01
0 0 0 8 0.00000000000000000e+00 5.00000000000070610e-01 0.00000000000000000e+00 20 6.21815263312234592e+01
0 0 0 8 0.00000000000000000e+00 5.00000000000070610e-01 0.00000000000000000e+00 21 6.21815263312258537e+01
0 0 0 8 0.00000000000000000e+00 5.00000000000070610e-01 0.00000000000000000e+00 22 7.32589956292644899e+01
0 0 0 8 0.00000000000000000e+00 5.00000000000070610e-01 0.00000000000000000e+00 23 7.32589956292664937e+01
0 0 0 8 0.00000000000000000e+00 5.00000000000070610e-01 0.00000000000000000e+00 24 1.06593772898444811e+02
0 0 0 8 0.00000000000000000e+00 5.00000000000070610e-01 0.00000000000000000e+00 25 1.45626421941844910e+02
0 0 0 9 2.49999999999953648e-01 4.99999999999988953e-01 0.00000000000000000e+00 0 -2.86108298751099399e+00
0 0 0 9 2.49999999999953648e-01 4.99999999999988953e-01 0.00000000000000000e+00 1 -2.79955835253895566e-03
0 0 0 9 2.49999999999953648e-01 4.99999999999988953e-01 0.00000000000000000e+00 2 2.85933300988994787e+00
0 0 0 9 2.49999999999953648e-01 4.99999999999988953e-01 0.00000000000000000e+00 3 4.23356880700233074e+00
0 0 0 9 2.49999999999953648e-01 4.99999999999988953e-01 0.00000000000000000e+00 4 8.36364216523247705e+00
0 0 0 9 2.49999999999953648e-01 4.99999999999988953e-01 0.00000000000000000e+00 5 1.14632162321868645e+01
0 0 0 9 2.49999999999953648e-01 4.99999999999988953e-01 0.00000000000000000e+00 6 1.25468587478207247e+01
0 0 0 9 2.49999999999953648e-01 4.99999999999988953e-01 0.00000000000000000e+00 7 1.28108031340239279e+01
0 0 0 9 2.49999999999953648e-01 4.99999999999988953e-01 0.00000000000000000e+00 8 1.75445330210377826e+01
0 0 0 9 2.49999999999953648e-01 4.99999999999988953e-01 0.00000000000000000e+00 9 1.80492900217465824e+01
0 0 0 9 2.49999999999953648e-01 4.99999999999988953e-01 0.00000000000000000e+00 10 2.01047047207393170e+01
0 0 0 9 2.49999999999953648e-01 4.99999999999988953e-01 0.00000000000000000e+00 11 2.01288468711111896e+01
0 0 0 9 2.49999999999953648e-01 4.99999999999988953e-01 0.00000000000000000e+00 12 2.55320667436288211e+01
0 0 0 9 2.49999999999953648e-01 4.99999999999988953e-01 0.00000000000000000e+00 13 2.59329681914184071e+01
0 0 0 9 2.49999999999953648e-01 4.99999999999988953e-01 0.00000000000000000e+00 14 2.65085959070952590e+01
0 0 0 9 2.49999999999953648e-01 4.99999999999988953e-01 0.00000000000000000e+00 15 2.74187853669978310e+01
0 0 0 9 2.49999999999953648e-01 4.99999999999988953e-01 0.00000000000000000e+00 16 2.92604216723641564e+01
0 0 0 9 2.49999999999953648e-01 4.99999999999988953e-01 0.00000000000000000e+00 17 3.15710443818281483e+01
0 0 0 9 2.49999999999953648e-01 4.99999999999988953e-01 0.00000000000000000e+00 18 3.27736118146601854e+01
0 0 0 9 2.49999999999953648e-01 4.99999999999988953e-01 0.00000000000000000e+00 19 3.76441425110640040e+01
0 0 0 9 2.49999999999953648e-01 4.99999999999988953e-01 0.00000000000000000e+00 20 4.33774346543053539e+01
0 0 0 9 2.49999999999953648e-01 4.99999999999988953e-01 0.00000000000000000e+00 21 4.68552906732927852e+01
0 0 0 9 2.49999999999953648e-01 4.99999999999988953e-01 0.00000000000000000e+00 22 9.32336033724403990e+01
0 0 0 9 2.49999999999953648e-01 4.99999999999988953e-01 0.00000000000000000e+00 23 1.05504226539981772e+02
0 0 0 9 2.49999999999953648e-01 4.99999999999988953e-01 0.00000000000000000e+00 24 1.16121464812234137e+02
0 0 0 9 2.49999999999953648e-01 4.99999999999988953e-01 0.00000000000000000e+00 25 1.36199531300415288e+02
0 0 0 10 4.99999999999988898e-01 4.99999999999988898e-01 0.00000000000000000e+00 0 -1.43299158792956427e+00
0 0 0 10 4.99999999999988898e-01 4.99999999999988898e-01 0.00000000000000000e+00 1 -1.43298966071488909e+00
0 0 0 10 4.99999999999988898e-01 4.99999999999988898e-01 0.00000000000000000e+00 2 3.58371742379165914e+00
0 0 0 10 4.99999999999988898e-01 4.99999999999988898e-01 0.00000000000000000e+00 3 3.58371742379165914e+00
0 0 0 10 4.99999999999988898e-01 4.99999999999988898e-01 0.00000000000000000e+00 4 7.52239651532347953e+00
0 0 0 10 4.99999999999988898e-01 4.99999999999988898e-01 0.00000000000000000e+00 5 7.52240190897765615e+00
0 0 0 10 4.99999999999988898e-01 4.99999999999988898e-01 0.00000000000000000e+00 6 1.68540934583405466e+01
0 0 0 10 4.99999999999988898e-01 4.99999999999988898e-01 0.00000000000000000e+00 7 1.68540934583405750e+01
0 0 0 10 4.99999999999988898e-01 4.99999999999988898e-01 0.00000000000000000e+00 8 1.81121424486640805e+01
0 0 0 10 4.99999999999988898e-01 4.99999999999988898e-01 0.00000000000000000e+00 9 1.81121424486641622e+01
0 0 0 10 4.99999999999988898e-01 4.99999999999988898e-01 0.00000000000000000e+00 10 2.05878224250362827e+01
0 0 0 10 4.99999999999988898e-01 4.99999999999988898e-01 0.00000000000000000e+00 11 2.05878227300969030e+01
0 0 0 10 4.99999999999988898e-01 4.99999999999988898e-01 0.00000000000000000e+00 12 2.10420979604160436e+01
0 0 0 10 4.99999999999988898e-01 4.99999999999988898e-01 0.00000000000000000e+00 13 2.10420989386425497e+01
0 0 0 10 4.99999999999988898e-01 4.99999999999988898e-01 0.00000000000000000e+00 14 2.93787460125578264e+01
0 0 0 10 4.99999999999988898e-01 4.99999999999988898e-01 0.00000000000000000e+00 15 2.93787679773719006e+01
0 0 0 10 4.99999999999988898e-01 4.99999999999988898e-01 0.00000000000000000e+00 16 3.24440847209759866e+01
0 0 0 10 4.99999999999988898e-01 4.99999999999988898e-01 0.00000000000000000e+00 17 3.24440847209760932e+01
0 0 0 10 4.99999999999988898e-01 4.99999999999988898e-01 0.00000000000000000e+00 18 3.42725379543572188e+01
0 0 0 10 4.99999999999988898e-01 4.99999999999988898e-01 0.00000000000000000e+00 19 3.42725593944825917e+01
0 0 0 10 4.99999999999988898e-01 4.99999999999988898e-01 0.00000000000000000e+00 20 3.75019907734039037e+01
0 0 0 10 4.99999999999988898e-01 4.99999999999988898e-01 0.00000000000000000e+00 21 3.75019907734039890e+01
0 0 0 10 4.99999999999988898e-01 4.99999999999988898e-01 0.00000000000000000e+00 22 1.12297266016079121e+02
0 0 0 10 4.99999999999988898e-01 4.99999999999988898e-01 0.00000000000000000e+00 23 1.12297266016080599e+02
0 0 0 10 4.99999999999988898e-01 4.99999999999988898e-01 0.00000000000000000e+00 24 1.27998191864275199e+02
0 0 0 10 4.99999999999988898e-01 4.99999999999988898e-01 0.00000000000000000e+00 25 1.27998308398692487e+02
0 0 0 11 7.50000000000024314e-01 4.99999999999989009e-01 0.00000000000000000e+00 0 -2.86108298751099399e+00
0 0 0 11 7.50000000000024314e-01 4.99999999999989009e-01 0.00000000000000000e+00 1 -2.79955835253895566e-03
0 0 0 11 7.50000000000024314e-01 4.99999999999989009e-01 0.00000000000000000e+00 2 2.85933300988994787e+00
0 0 0 11 7.50000000000024314e-01 4.99999999999989009e-01 0.00000000000000000e+00 3 4.23356880700230320e+00
0 0 0 11 7.50000000000024314e-01 4.99999999999989009e-01 0.00000000000000000e+00 4 8.36364216523250548e+00
0 0 0 11 7.50000000000024314e-01 4.99999999999989009e-01 0.00000000000000000e+00 5 1.14632162321868911e+01
0 0 0 11 7.50000000000024314e-01 4.99999999999989009e-01 0.00000000000000000e+00 6 1.25468587478207532e+01
0 0 0 11 7.50000000000024314e-01 4.99999999999989009e-01 0.00000000000000000e+00 7 1.28108031340239013e+01
0 0 0 11 7.50000000000024314e-01 4.99999999999989009e-01 0.00000000000000000e+00 8 1.75445330210377826e+01
0 0 0 11 7.50000000000024314e-01 4.99999999999989009e-01 0.00000000000000000e+00 9 1.80492900217465291e+01
0 0 0 11 7.50000000000024314e-01 4.99999999999989009e-01 0.00000000000000000e+00 10 2.01047047207393454e+01
0 0 0 11 7.50000000000024314e-01 4.99999999999989009e-01 0.00000000000000000e+00 11 2.01288468711111896e+01
0 0 0 11 7.50000000000024314e-01 4.99999999999989009e-01 0.00000000000000000e+00 12 2.55320667436288211e+01
0 0 0 11 7.50000000000024314e-01 4.99999999999989009e-01 0.00000000000000000e+00 13 2.59329681914183823e+01
0 0 0 11 7.50000000000024314e-01 4.99999999999989009e-01 0.00000000000000000e+00 14 2.65085959070952057e+01
0 0 0 11 7.50000000000024314e-01 4.99999999999989009e-01 0.00000000000000000e+00 15 2.74187853669978310e+01
0 0 0 11 7.50000000000024314e-01 4.99999999999989009e-01 0.00000000000000000e+00 16 2.92604216723641564e+01
0 0 0 11 7.50000000000024314e-01 4.99999999999989009e-01 0.00000000000000000e+00 17 3.15710443818281163e+01
0 0 0 11 7.50000000000024314e-01 4.99999999999989009e-01 0.00000000000000000e+00 18 3.27736118146601356e+01
0 0 0 11 7.50000000000024314e-01 4.99999999999989009e-01 0.00000000000000000e+00 19 3.76441425110640253e+01
0 0 0 11 7.50000000000024314e-01 4.99999999999989009e-01 0.00000000000000000e+00 20 4.33774346543053255e+01
0 0 0 11 7.50000000000024314e-01 4.99999999999989009e-01 0.00000000000000000e+00 21 4.68552906732928065e+01
0 0 0 11 7.50000000000024314e-01 4.99999999999989009e-01 0.00000000000000000e+00 22 9.32336033724397453e+01
0 0 0 11 7.50000000000024314e-01 4.99999999999989009e-01 0.00000000000000000e+00 23 1.05504226539982497e+02
0 0 0 11 7.50000000000024314e-01 4.99999999999989009e-01 0.00000000000000000e+00 24 1.16121464812233967e+02
0 0 0 11 7.50000000000024314e-01 4.99999999999989009e-01 0.00000000000000000e+00 25 1.36199531300412275e+02
0 0 0 12 0.00000000000000000e+00 7.49999999999942601e-01 0.00000000000000000e+00 0 -4.77928439869774557e+00
0 0 0 12 0.00000000000000000e+00 7.49999999999942601e-01 0.00000000000000000e+00 1 2.46680605279676168e+00
0 0 0 12 0.00000000000000000e+00 7.49999999999942601e-01 0.00000000000000000e+00 2 5.67615955045470599e+00
0 0 0 12 0.00000000000000000e+00 7.49999999999942601e-01 0.00000000000000000e+00 3 5.67615955045470599e+00
0 0 0 12 0.00000000000000000e+00 7.49999999999942601e-01 0.00000000000000000e+00 4 8.63478008904073846e+00
0 0 0 12 0.00000000000000000e+00 7.49999999999942601e-01 0.00000000000000000e+00 5 1.01791067980607668e+01
0 0 0 12 0.00000000000000000e+00 7.49999999999942601e-01 0.00000000000000000e+00 6 1.01791067980608485e+01
0 0 0 12 0.00000000000000000e+00 7.49999999999942601e-01 0.00000000000000000e+00 7 1.38167819259345066e+01
0 0 0 12 0.00000000000000000e+00 7.49999999999942601e-01 0.00000000000000000e+00 8 1.47511644089769973e+01
0 0 0 12 0.00000000000000000e+00 7.49999999999942601e-01 0.00000000000000000e+00 9 1.47511644089769973e+01
0 0 0 12 0.00000000000000000e+00 7.49999999999942601e-01 0.00000000000000000e+00 10 1.98647145492865604e+01
0 0 0 12 0.00000000000000000e+00 7.49999999999942601e-01 0.00000000000000000e+00 11 2.28825557074830641e+01
0 0 0 12 0.00000000000000000e+00 7.49999999999942601e-01 0.00000000000000000e+00 12 2.32685984980903164e+01
0 0 0 12 0.00000000000000000e+00 7.49999999999942601e-01 0.00000000000000000e+00 13 2.32685984980903449e+01
0 0 0 12 0.00000000000000000e+00 7.49999999999942601e-01 0.00000000000000000e+00 14 2.95249480917060865e+01
0 0 0 12 0.00000000000000000e+00 7.49999999999942601e-01 0.00000000000000000e+00 15 2.95249480917061149e+01
0 0 0 12 0.00000000000000000e+00 7.49999999999942601e-01 0.00000000000000000e+00 16 3.14747523700926415e+01
0 0 0 12 0.00000000000000000e+00 7.49999999999942601e-01 0.00000000000000000e+00 17 3.39472997493825446e+01
0 0 0 12 0.00000000000000000e+00 7.49999999999942601e-01 0.00000000000000000e+00 18 3.39472997493825659e+01
0 0 0 12 0.00000000000000000e+00 7.49999999999942601e-01 0.00000000000000000e+00 19 4.32507293026726174e+01
0 0 0 12 0.00000000000000000e+00 7.49999999999942601e-01 0.00000000000000000e+00 20 6.13761034511607875e+01
0 0 0 12 0.00000000000000000e+00 7.49999999999942601e-01 0.00000000000000000e+00 21 6.13761034511638641e+01
0 0 0 12 0.00000000000000000e+00 7.49999999999942601e-01 0.00000000000000000e+00 22 9.84576719779496017e+01
0 0 0 12 0.00000000000000000e+00 7.49999999999942601e-01 0.00000000000000000e+00 23 9.84576719779561245e+01
0 0 0 12 0.00000000000000000e+00 7.49999999999942601e-01 0.00000000000000000e+00 24 1.04798743835715044e+02
0 0 0 12 0.00000000000000000e+00 7.49999999999942601e-01 0.00000000000000000e+00 25 1.54047557201720991e+02
0 0 0 13 2.49999999999953593e-01 7.50000000000024203e-01 0.00000000000000000e+00 0 -3.53849822179903395e+00
0 0 0 13 2.49999999999953593e-01 7.50000000000024203e-01 0.00000000000000000e+00 1 9.06912416253483622e-01
0 0 0 13 2.49999999999953593e-01 7.50000000000024203e-01 0.00000000000000000e+00 2 2.63481016961337255e+00
0 0 0 13 2.49999999999953593e-01 7.50000000000024203e-01 0.00000000000000000e+00 3 5.10631189803310725e+00
0 0 0 13 2.49999999999953593e-01 7.50000000000024203e-01 0.00000000000000000e+00 4 9.31446521881757938e+00
0 0 0 13 2.49999999999953593e-01 7.50000000000024203e-01 0.00000000000000000e+00 5 1.15339182333741750e+01
0 0 0 13 2.49999999999953593e-01 7.50000000000024203e-01 0.00000000000000000e+00 6 1.17936320762269755e+01
0 0 0 13 2.49999999999953593e-01 7.50000000000024203e-01 0.00000000000000000e+00 7 1.34999812379510544e+01
0 0 0 13 2.49999999999953593e-01 7.50000000000024203e-01 0.00000000000000000e+00 8 1.38959001860464486e+01
0 0 0 13 2.49999999999953593e-01 7.50000000000024203e-01 0.00000000000000000e+00 9 1.68432294336173527e+01
0 0 0 13 2.49999999999953593e-01 7.50000000000024203e-01 0.00000000000000000e+00 10 2.06946810568215369e+01
0 0 0 13 2.49999999999953593e-01 7.50000000000024203e-01 0.00000000000000000e+00 11 2.38403022107182814e+01
0 0 0 13 2.49999999999953593e-01 7.50000000000024203e-01 0.00000000000000000e+00 12 2.44987015119193146e+01
0 0 0 13 2.49999999999953593e-01 7.50000000000024203e-01 0.00000000000000000e+00 13 2.46800115643747056e+01
0 0 0 13 2.49999999999953593e-01 7.50000000000024203e-01 0.00000000000000000e+00 14 2.70695029269524134e+01
0 0 0 13 2.49999999999953593e-01 7.50000000000024203e-01 0.00000000000000000e+00 15 2.78549641062830098e+01
0 0 0 13 2.49999999999953593e-01 7.50000000000024203e-01 0.00000000000000000e+00 16 2.88872227542143776e+01
0 0 0 13 2.49999999999953593e-01 7.50000000000024203e-01 0.00000000000000000e+00 17 3.04843827400971072e+01
0 0 0 13 2.49999999999953593e-01 7.50000000000024203e-01 0.00000000000000000e+00 18 3.43518934060828229e+01
0 0 0 13 2.49999999999953593e-01 7.50000000000024203e-01 0.00000000000000000e+00 19 3.94879822757698449e+01
0 0 0 13 2.49999999999953593e-01 7.50000000000024203e-01 0.00000000000000000e+00 20 4.71775968599763189e+01
0 0 0 13 2.49999999999953593e-01 7.50000000000024203e-01 0.00000000000000000e+00 21 5.52283881451045033e+01
0 0 0 13 2.49999999999953593e-01 7.50000000000024203e-01 0.00000000000000000e+00 22 8.56233368278700340e+01
0 0 0 13 2.49999999999953593e-01 7.50000000000024203e-01 0.00000000000000000e+00 23 9.58635499918086111e+01
0 0 0 13 2.49999999999953593e-01 7.50000000000024203e-01 0.00000000000000000e+00 24 1.14131336134512509e+02
0 0 0 13 2.49999999999953593e-01 7.50000000000024203e-01 0.00000000000000000e+00 25 1.39318863909778031e+02
0 0 0 14 4.99999999999989009e-01 7.50000000000024314e-01 0.00000000000000000e+00 0 -2.86108298751099399e+00
0 0 0 14 4.99999999999989009e-01 7.50000000000024314e-01 0.00000000000000000e+00 1 -2.79955835259337827e-03
0 0 0 14 4.99999999999989009e-01 7.50000000000024314e-01 0.00000000000000000e+00 2 2.85933300988997496e+00
0 0 0 14 4.99999999999989009e-01 7.50000000000024314e-01 0.00000000000000000e+00 3 4.23356880700233074e+00
0 0 0 14 4.99999999999989009e-01 7.50000000000024314e-01 0.00000000000000000e+00 4 8.36364216523242376e+00
0 0 0 14 4.99999999999989009e-01 7.50000000000024314e-01 0.00000000000000000e+00 5 1.14632162321868911e+01
0 0 0 14 4.99999999999989009e-01 7.50000000000024314e-01 0.00000000000000000e+00 6 1.25468587478207247e+01
0 0 0 14 4.99999999999989009e-01 7.50000000000024314e-01 0.00000000000000000e+00 7 1.28108031340239279e+01
0 0 0 14 4.99999999999989009e-01 7.50000000000024314e-01 0.00000000000000000e+00 8 1.75445330210377257e+01
0 0 0 14 4.99999999999989009e-01 7.50000000000024314e-01 0.00000000000000000e+00 9 1.80492900217465291e+01
0 0 0 14 4.99999999999989009e-01 7.50000000000024314e-01 0.00000000000000000e+00 10 2.01047047207393987e+01
0 0 0 14 4.99999999999989009e-01 7.50000000000024314e-01 0.00000000000000000e+00 11 2.01288468711111896e+01
0 0 0 14 4.99999999999989009e-01 7.50000000000024314e-01 0.00000000000000000e+00 12 2.55320667436287678e+01
0 0 0 14 4.99999999999989009e-01 7.50000000000024314e-01 0.00000000000000000e+00 13 2.59329681914183823e+01
0 0 0 14 4.99999999999989009e-01 7.50000000000024314e-01 0.00000000000000000e+00 14 2.65085959070952057e+01
0 0 0 14 4.99999999999989009e-01 7.50000000000024314e-01 0.00000000000000000e+00 15 2.74187853669978026e+01
0 0 0 14 4.99999999999989009e-01 7.50000000000024314e-01 0.00000000000000000e+00 16 2.92604216723641564e+01
0 0 0 14 4.99999999999989009e-01 7.50000000000024314e-01 0.00000000000000000e+00 17 3.15710443818281483e+01
0 0 0 14 4.99999999999989009e-01 7.50000000000024314e-01 0.00000000000000000e+00 18 3.27736118146601569e+01
0 0 0 14 4.99999999999989009e-01 7.50000000000024314e-01 0.00000000000000000e+00 19 3.76441425110640040e+01
0 0 0 14 4.99999999999989009e-01 7.50000000000024314e-01 0.00000000000000000e+00 20 4.33774346543053539e+01
0 0 0 14 4.99999999999989009e-01 7.50000000000024314e-01 0.00000000000000000e+00 21 4.68552906732925933e+01
0 0 0 14 4.99999999999989009e-01 7.50000000000024314e-01 0.00000000000000000e+00 22 9.32336033724420474e+01
0 0 0 14 4.99999999999989009e-01 7.50000000000024314e-01 0.00000000000000000e+00 23 1.05504226539984359e+02
0 0 0 14 4.99999999999989009e-01 7.50000000000024314e-01 0.00000000000000000e+00 24 1.16121464812228723e+02
0 0 0 14 4.99999999999989009e-01 7.50000000000024314e-01 0.00000000000000000e+00 25 1.36199531300411451e+02
0 0 0 15 7.50000000000024203e-01 7.50000000000024203e-01 0.00000000000000000e+00 0 -4.49597478733595679e+00
0 0 0 15 7.50000000000024203e-01 7.50000000000024203e-01 0.00000000000000000e+00 1 2.87514926603858667e+00
0 0 0 15 7.50000000000024203e-01 7.50000000000024203e-01 0.00000000000000000e+00 2 4.54671193862818335e+00
0 0 0 15 7.50000000000024203e-01 7.50000000000024203e-01 0.00000000000000000e+00 3 4.54671193862823753e+00
0 0 0 15 7.50000000000024203e-01 7.50000000000024203e-01 0.00000000000000000e+00 4 7.79317461735666761e+00
0 0 0 15 7.50000000000024203e-01 7.50000000000024203e-01 0.00000000000000000e+00 5 1.04990338686111624e+01
0 0 0 15 7.50000000000024203e-01 7.50000000000024203e-01 0.00000000000000000e+00 6 1.23759252518943335e+01
0 0 0 15 7.50000000000024203e-01 7.50000000000024203e-01 0.00000000000000000e+00 7 1.23759252518943335e+01
0 0 0 15 7.50000000000024203e-01 7.50000000000024203e-01 0.00000000000000000e+00 8 1.53167335444534807e+01
0 0 0 15 7.50000000000024203e-01 7.50000000000024203e-01 0.00000000000000000e+00 9 1.63769258183246258e+01
0 0 0 15 7.50000000000024203e-01 7.50000000000024203e-01 0.00000000000000000e+00 10 2.11487617275334081e+01
0 0 0 15 7.50000000000024203e-01 7.50000000000024203e-01 0.00000000000000000e+00 11 2.19283964050910569e+01
0 0 0 15 7.50000000000024203e-01 7.50000000000024203e-01 0.00000000000000000e+00 12 2.19283964050911919e+01
0 0 0 15 7.50000000000024203e-01 7.50000000000024203e-01 0.00000000000000000e+00 13 2.58696378526805724e+01
0 0 0 15 7.50000000000024203e-01 7.50000000000024203e-01 0.00000000000000000e+00 14 2.78495385330309659e+01
0 0 0 15 7.50000000000024203e-01 7.50000000000024203e-01 0.00000000000000000e+00 15 2.93335133569815198e+01
0 0 0 15 7.50000000000024203e-01 7.50000000000024203e-01 0.00000000000000000e+00 16 3.17429024718693782e+01
0 0 0 15 7.50000000000024203e-01 7.50000000000024203e-01 0.00000000000000000e+00 17 3.17429024718695700e+01
0 0 0 15 7.50000000000024203e-01 7.50000000000024203e-01 0.00000000000000000e+00 18 3.44916883167835806e+01
0 0 0 15 7.50000000000024203e-01 7.50000000000024203e-01 0.00000000000000000e+00 19 4.50678226240389677e+01
0 0 0 15 7.50000000000024203e-01 7.50000000000024203e-01 0.00000000000000000e+00 20 4.50678226240392377e+01
0 0 0 15 7.50000000000024203e-01 7.50000000000024203e-01 0.00000000000000000e+00 21 5.88951776016285962e+01
0 0 0 15 7.50000000000024203e-01 7.50000000000024203e-01 0.00000000000000000e+00 22 7.89218830742336479e+01
0 0 0 15 7.50000000000024203e-01 7.50000000000024203e-01 0.00000000000000000e+00 23 1.12218916471531486e+02
0 0 0 15 7.50000000000024203e-01 7.50000000000024203e-01 0.00000000000000000e+00 24 1.36814293399770463e+02
0 0 0 15 7.50000000000024203e-01 7.50000000000024203e-01 0.00000000000000000e+00 25 1.36814293399779359e+02
0 0 0 16 0.00000000000000000e+00 0.00000000000000000e+00 2.50000000000035305e-01 0 -4.77928439869771804e+00
0 0 0 16 0.00000000000000000e+00 0.00000000000000000e+00 2.50000000000035305e-01 1 2.46680605279681631e+00
0 0 0 16 0.00000000000000000e+00 0.00000000000000000e+00 2.50000000000035305e-01 2 5.67615955045465181e+00
0 0 0 16 0.00000000000000000e+00 0.00000000000000000e+00 2.50000000000035305e-01 3 5.67615955045473264e+00
0 0 0 16 0.00000000000000000e+00 0.00000000000000000e+00 2.50000000000035305e-01 4 8.63478008904084859e+00
0 0 0 16 0.00000000000000000e+00 0.00000000000000000e+00 2.50000000000035305e-01 5 1.01791067980607934e+01
0 0 0 16 0.00000000000000000e+00 0.00000000000000000e+00 2.50000000000035305e-01 6 1.01791067980608219e+01
0 0 0 16 0.00000000000000000e+00 0.00000000000000000e+00 2.50000000000035305e-01 7 1.38167819259346150e+01
0 0 0 16 0.00000000000000000e+00 0.00000000000000000e+00 2.50000000000035305e-01 8 1.47511644089769973e+01
0 0 0 16 0.00000000000000000e+00 0.00000000000000000e+00 2.50000000000035305e-01 9 1.47511644089769973e+01
0 0 0 16 0.00000000000000000e+00 0.00000000000000000e+00 2.50000000000035305e-01 10 1.98647145492865889e+01
0 0 0 16 0.00000000000000000e+00 0.00000000000000000e+00 2.50000000000035305e-01 11 2.28825557074830108e+01
0 0 0 16 0.00000000000000000e+00 0.00000000000000000e+00 2.50000000000035305e-01 12 2.32685984980903164e+01
0 0 0 16 0.00000000000000000e+00 0.00000000000000000e+00 2.50000000000035305e-01 13 2.32685984980903449e+01
0 0 0 16 0.00000000000000000e+00 0.00000000000000000e+00 2.50000000000035305e-01 14 2.95249480917060865e+01
0 0 0 16 0.00000000000000000e+00 0.00000000000000000e+00 2.50000000000035305e-01 15 2.95249480917060865e+01
0 0 0 16 0.00000000000000000e+00 0.00000000000000000e+00 2.50000000000035305e-01 16 3.14747523700925846e+01
0 0 0 16 0.00000000000000000e+00 0.00000000000000000e+00 2.50000000000035305e-01 17 3.39472997493825446e+01
0 0 0 16 0.00000000000000000e+00 0.00000000000000000e+00 2.50000000000035305e-01 18 3.39472997493825446e+01
0 0 0 16 0.00000000000000000e+00 0.00000000000000000e+00 2.50000000000035305e-01 19 4.32507293026725108e+01
0 0 0 16 0.00000000000000000e+00 0.00000000000000000e+00 2.50000000000035305e-01 20 6.13761034511613914e+01
0 0 0 16 0.00000000000000000e+00 0.00000000000000000e+00 2.50000000000035305e-01 21 6.13761034511639423e+01
0 0 0 16 0.00000000000000000e+00 0.00000000000000000e+00 2.50000000000035305e-01 22 9.84576719779509801e+01
0 0 0 16 0.00000000000000000e+00 0.00000000000000000e+00 2.50000000000035305e-01 23 9.84576719779557408e+01
0 0 0 16 0.00000000000000000e+00 0.00000000000000000e+00 2.50000000000035305e-01 24 1.04798743835719677e+02
0 0 0 16 0.00000000000000000e+00 0.00000000000000000e+00 2.50000000000035305e-01 25 1.54047557201721986e+02
0 0 0 17 2.50000000000035305e-01 0.00000000000000000e+00 2.50000000000035305e-01 0 -4.49597478733595679e+00
0 0 0 17 2.50000000000035305e-01 0.00000000000000000e+00 2.50000000000035305e-01 1 2.87514926603853205e+00
0 0 0 17 2.50000000000035305e-01 0.00000000000000000e+00 2.50000000000035305e-01 2 4.54671193862826506e+00
0 0 0 17 2.50000000000035305e-01 0.00000000000000000e+00 2.50000000000035305e-01 3 4.54671193862829170e+00
0 0 0 17 2.50000000000035305e-01 0.00000000000000000e+00 2.50000000000035305e-01 4 7.79317461735664097e+00
0 0 0 17 2.50000000000035305e-01 0.00000000000000000e+00 2.50000000000035305e-01 5 1.04990338686111340e+01
0 0 0 17 2.50000000000035305e-01 0.00000000000000000e+00 2.50000000000035305e-01 6 1.23759252518943335e+01
0 0 0 17 2.50000000000035305e-01 0.00000000000000000e+00 2.50000000000035305e-01 7 1.23759252518943601e+01
0 0 0 17 2.50000000000035305e-01 0.00000000000000000e+00 2.50000000000035305e-01 8 1.53167335444535091e+01
0 0 0 17 2.50000000000035305e-01 0.00000000000000000e+00 2.50000000000035305e-01 9 1.63769258183246542e+01
0 0 0 17 2.50000000000035305e-01 0.00000000000000000e+00 2.50000000000035305e-01 10 2.11487617275332695e+01
0 0 0 17 2.50000000000035305e-01 0.00000000000000000e+00 2.50000000000035305e-01 11 2.19283964050911386e+01
0 0 0 17 2.50000000000035305e-01 0.00000000000000000e+00 2.50000000000035305e-01 12 2.19283964050912203e+01
0 0 0 17 2.50000000000035305e-01 0.00000000000000000e+00 2.50000000000035305e-01 13 2.58696378526804907e+01
0 0 0 17 2.50000000000035305e-01 0.00000000000000000e+00 2.50000000000035305e-01 14 2.78495385330309908e+01
0 0 0 17 2.50000000000035305e-01 0.00000000000000000e+00 2.50000000000035305e-01 15 2.93335133569814666e+01
0 0 0 17 2.50000000000035305e-01 0.00000000000000000e+00 2.50000000000035305e-01 16 3.17429024718695416e+01
0 0 0 17 2.50000000000035305e-01 0.00000000000000000e+00 2.50000000000035305e-01 17 3.17429024718695416e+01
0 0 0 17 2.50000000000035305e-01 0.00000000000000000e+00 2.50000000000035305e-01 18 3.44916883167834385e+01
0 0 0 17 2.50000000000035305e-01 0.00000000000000000e+00 2.50000000000035305e-01 19 4.50678226240394011e+01
0 0 0 17 2.50000000000035305e-01 0.00000000000000000e+00 2.50000000000035305e-01 20 4.50678226240399979e+01
0 0 0 17 2.50000000000035305e-01 0.00000000000000000e+00 2.50000000000035305e-01 21 5.88951776016262372e+01
0 0 0 17 2.50000000000035305e-01 0.00000000000000000e+00 2.50000000000035305e-01 22 7.89218830742312036e+01
0 0 0 17 2.50000000000035305e-01 0.00000000000000000e+00 2.50000000000035305e-01 23 1.12218916471532069e+02
0 0 0 17 2.50000000000035305e-01 0.00000000000000000e+00 2.50000000000035305e-01 24 1.36814293399773646e+02
0 0 0 17 2.50000000000035305e-01 0.00000000000000000e+00 2.50000000000035305e-01 25 1.36814293399783423e+02
0 0 0 18 4.99999999999988953e-01 0.00000000000000000e+00 2.49999999999953648e-01 0 -2.86108298751099399e+00
0 0 0 18 4.99999999999988953e-01 0.00000000000000000e+00 2.49999999999953648e-01 1 -2.79955835256616697e-03
0 0 0 18 4.99999999999988953e-01 0.00000000000000000e+00 2.49999999999953648e-01 2 2.85933300988994787e+00
0 0 0 18 4.99999999999988953e-01 0.00000000000000000e+00 2.49999999999953648e-01 3 4.23356880700235738e+00
0 0 0 18 4.99999999999988953e-01 0.00000000000000000e+00 2.49999999999953648e-01 4 8.36364216523247705e+00
0 0 0 18 4.99999999999988953e-01 0.00000000000000000e+00 2.49999999999953648e-01 5 1.14632162321868911e+01
0 0 0 18 4.99999999999988953e-01 0.00000000000000000e+00 2.49999999999953648e-01 6 1.25468587478207247e+01
0 0 0 18 4.99999999999988953e-01 0.00000000000000000e+00 2.49999999999953648e-01 7 1.28108031340239545e+01
0 0 0 18 4.99999999999988953e-01 0.00000000000000000e+00 2.49999999999953648e-01 8 1.75445330210377826e+01
0 0 0 18 4.99999999999988953e-01 0.00000000000000000e+00 2.49999999999953648e-01 9 1.80492900217465539e+01
0 0 0 18 4.99999999999988953e-01 0.00000000000000000e+00 2.49999999999953648e-01 10 2.01047047207393739e+01
0 0 0 18 4.99999999999988953e-01 0.00000000000000000e+00 2.49999999999953648e-01 11 2.01288468711112145e+01
0 0 0 18 4.99999999999988953e-01 0.00000000000000000e+00 2.49999999999953648e-01 12 2.55320667436287394e+01
0 0 0 18 4.99999999999988953e-01 0.00000000000000000e+00 2.49999999999953648e-01 13 2.59329681914183823e+01
0 0 0 18 4.99999999999988953e-01 0.00000000000000000e+00 2.49999999999953648e-01 14 2.65085959070952590e+01
0 0 0 18 4.99999999999988953e-01 0.00000000000000000e+00 2.49999999999953648e-01 15 2.74187853669978026e+01
0 0 0 18 4.99999999999988953e-01 0.00000000000000000e+00 2.49999999999953648e-01 16 2.92604216723641279e+01
0 0 0 18 4.99999999999988953e-01 0.00000000000000000e+00 2.49999999999953648e-01 17 3.15710443818281483e+01
0 0 0 18 4.99999999999988953e-01 0.00000000000000000e+00 2.49999999999953648e-01 18 3.27736118146602635e+01
0 0 0 18 4.99999999999988953e-01 0.00000000000000000e+00 2.49999999999953648e-01 19 3.76441425110639685e+01
0 0 0 18 4.99999999999988953e-01 0.00000000000000000e+00 2.49999999999953648e-01 20 4.33774346543056737e+01
0 0 0 18 4.99999999999988953e-01 0.00000000000000000e+00 2.49999999999953648e-01 21 4.68552906732921031e+01
0 0 0 18 4.99999999999988953e-01 0.00000000000000000e+00 2.49999999999953648e-01 22 9.32336033724402853e+01
0 0 0 18 4.99999999999988953e-01 0.00000000000000000e+00 2.49999999999953648e-01 23 1.05504226539984089e+02
0 0 0 18 4.99999999999988953e-01 0.00000000000000000e+00 2.49999999999953648e-01 24 1.16121464812231068e+02
0 0 0 18 4.99999999999988953e-01 0.00000000000000000e+00 2.49999999999953648e-01 25 1.36199531300423700e+02
0 0 0 19 7.50000000000024203e-01 0.00000000000000000e+00 2.49999999999953593e-01 0 -3.53849822179903395e+00
0 0 0 19 7.50000000000024203e-01 0.00000000000000000e+00 2.49999999999953593e-01 1 9.06912416253456422e-01
0 0 0 19 7.50000000000024203e-01 0.00000000000000000e+00 2.49999999999953593e-01 2 2.63481016961339964e+00
0 0 0 19 7.50000000000024203e-01 0.00000000000000000e+00 2.49999999999953593e-01 3 5.10631189803313479e+00
0 0 0 19 7.50000000000024203e-01 0.00000000000000000e+00 2.49999999999953593e-01 4 9.31446521881757938e+00
0 0 0 19 7.50000000000024203e-01 0.00000000000000000e+00 2.49999999999953593e-01 5 1.15339182333741750e+01
0 0 0 19 7.50000000000024203e-01 0.00000000000000000e+00 2.49999999999953593e-01 6 1.17936320762269471e+01
0 0 0 19 7.50000000000024203e-01 0.00000000000000000e+00 2.49999999999953593e-01 7 1.34999812379511344e+01
0 0 0 19 7.50000000000024203e-01 0.00000000000000000e+00 2.49999999999953593e-01 8 1.38959001860464753e+01
0 0 0 19 7.50000000000024203e-01 0.00000000000000000e+00 2.49999999999953593e-01 9 1.68432294336173527e+01
0 0 0 19 7.50000000000024203e-01 0.00000000000000000e+00 2.49999999999953593e-01 10 2.06946810568215369e+01
0 0 0 19 7.50000000000024203e-01 0.00000000000000000e+00 2.49999999999953593e-01 11 2.38403022107183062e+01
0 0 0 19 7.50000000000024203e-01 0.00000000000000000e+00 2.49999999999953593e-01 12 2.44987015119193430e+01
0 0 0 19 7.50000000000024203e-01 0.00000000000000000e+00 2.49999999999953593e-01 13 2.46800115643747588e+01
0 0 0 19 7.50000000000024203e-01 0.00000000000000000e+00 2.49999999999953593e-01 14 2.70695029269523850e+01
0 0 0 19 7.50000000000024203e-01 0.00000000000000000e+00 2.49999999999953593e-01 15 2.78549641062827895e+01
0 0 0 19 7.50000000000024203e-01 0.00000000000000000e+00 2.49999999999953593e-01 16 2.88872227542143243e+01
0 0 0 19 7.50000000000024203e-01 0.00000000000000000e+00 2.49999999999953593e-01 17 3.04843827400970859e+01
0 0 0 19 7.50000000000024203e-01 0.00000000000000000e+00 2.49999999999953593e-01 18 3.43518934060828229e+01
0 0 0 19 7.50000000000024203e-01 0.00000000000000000e+00 2.49999999999953593e-01 19 3.94879822757695180e+01
0 0 0 19 7.50000000000024203e-01 0.00000000000000000e+00 2.49999999999953593e-01 20 4.71775968599757718e+01
0 0 0 19 7.50000000000024203e-01 0.00000000000000000e+00 2.49999999999953593e-01 21 5.52283881451061589e+01
0 0 0 19 7.50000000000024203e-01 0.00000000000000000e+00 2.49999999999953593e-01 22 8.56233368278733735e+01
0 0 0 19 7.50000000000024203e-01 0.00000000000000000e+00 2.49999999999953593e-01 23 9.58635499918123912e+01
0 0 0 19 7.50000000000024203e-01 0.00000000000000000e+00 2.49999999999953593e-01 24 1.14131336134511002e+02
0 0 0 19 7.50000000000024203e-01 0.00000000000000000e+00 2.49999999999953593e-01 25 1.39318863909782550e+02
0 0 0 20 0.00000000000000000e+00 2.50000000000035305e-01 2.50000000000035305e-01 0 -4.49597478733595679e+00
0 0 0 20 0.00000000000000000e+00 2.50000000000035305e-01 2.50000000000035305e-01 1 2.87514926603858667e+00
0 0 0 20 0.00000000000000000e+00 2.50000000000035305e-01 2.50000000000035305e-01 2 4.54671193862821088e+00
0 0 0 20 0.00000000000000000e+00 2.50000000000035305e-01 2.50000000000035305e-01 3 4.54671193862821088e+00
0 0 0 20 0.00000000000000000e+00 2.50000000000035305e-01 2.50000000000035305e-01 4 7.79317461735664097e+00
0 0 0 20 0.00000000000000000e+00 2.50000000000035305e-01 2.50000000000035305e-01 5 1.04990338686110807e+01
0 0 0 20 0.00000000000000000e+00 2.50000000000035305e-01 2.50000000000035305e-01 6 1.23759252518942784e+01
0 0 0 20 0.00000000000000000e+00 2.50000000000035305e-01 2.50000000000035305e-01 7 1.23759252518943335e+01
0 0 0 20 0.00000000000000000e+00 2.50000000000035305e-01 2.50000000000035305e-01 8 1.53167335444535091e+01
0 0 0 20 0.00000000000000000e+00 2.50000000000035305e-01 2.50000000000035305e-01 9 1.63769258183246542e+01
0 0 0 20 0.00000000000000000e+00 2.50000000000035305e-01 2.50000000000035305e-01 10 2.11487617275333797e+01
0 0 0 20 0.00000000000000000e+00 2.50000000000035305e-01 2.50000000000035305e-01 11 2.19283964050910853e+01
0 0 0 20 0.00000000000000000e+00 2.50000000000035305e-01 2.50000000000035305e-01 12 2.19283964050911386e+01
0 0 0 20 0.00000000000000000e+00 2.50000000000035305e-01 2.50000000000035305e-01 13 2.58696378526806257e+01
0 0 0 20 0.00000000000000000e+00 2.50000000000035305e-01 2.50000000000035305e-01 14 2.78495385330309908e+01
0 0 0 20 0.00000000000000000e+00 2.50000000000035305e-01 2.50000000000035305e-01 15 2.93335133569814985e+01
0 0 0 20 0.00000000000000000e+00 2.50000000000035305e-01 2.50000000000035305e-01 16 3.17429024718693533e+01
0 0 0 20 0.00000000000000000e+00 2.50000000000035305e-01 2.50000000000035305e-01 17 3.17429024718695167e+01
0 0 0 20 0.00000000000000000e+00 2.50000000000035305e-01 2.50000000000035305e-01 18 3.44916883167836374e+01
0 0 0 20 0.00000000000000000e+00 2.50000000000035305e-01 2.50000000000035305e-01 19 4.50678226240390529e+01
0 0 0 20 0.00000000000000000e+00 2.50000000000035305e-01 2.50000000000035305e-01 20 4.50678226240397279e+01
0 0 0 20 0.00000000000000000e+00 2.50000000000035305e-01 2.50000000000035305e-01 21 5.88951776016272177e+01
0 0 0 20 0.00000000000000000e+00 2.50000000000035305e-01 2.50000000000035305e-01 22 7.89218830742327526e+01
0 0 0 20 0.00000000000000000e+00 2.50000000000035305e-01 2.50000000000035305e-01 23 1.12218916471531585e+02
0 0 0 20 0.00000000000000000e+00 2.50000000000035305e-01 2.50000000000035305e-01 24 1.36814293399771060e+02
0 0 0 20 0.00000000000000000e+00 2.50000000000035305e-01 2.50000000000035305e-01 25 1.36814293399777739e+02
0 0 0 21 2.50000000000035305e-01 2.50000000000035305e-01 2.50000000000035305e-01 0 -4.77928439869771804e+00
0 0 0 21 2.50000000000035305e-01 2.50000000000035305e-01 2.50000000000035305e-01 1 2.46680605279676168e+00
0 0 0 21 2.50000000000035305e-01 2.50000000000035305e-01 2.50000000000035305e-01 2 5.67615955045470599e+00
0 0 0 21 2.50000000000035305e-01 2.50000000000035305e-01 2.50000000000035305e-01 3 5.67615955045470599e+00
0 0 0 21 2.50000000000035305e-01 2.50000000000035305e-01 2.50000000000035305e-01 4 8.63478008904084859e+00
0 0 0 21 2.50000000000035305e-01 2.50000000000035305e-01 2.50000000000035305e-01 5 1.01791067980607668e+01
0 0 0 21 2.50000000000035305e-01 2.50000000000035305e-01 2.50000000000035305e-01 6 1.01791067980607934e+01
0 0 0 21 2.50000000000035305e-01 2.50000000000035305e-01 2.50000000000035305e-01 7 1.38167819259345066e+01
0 0 0 21 2.50000000000035305e-01 2.50000000000035305e-01 2.50000000000035305e-01 8 1.47511644089769973e+01
0 0 0 21 2.50000000000035305e-01 2.50000000000035305e-01 2.50000000000035305e-01 9 1.47511644089770257e+01
0 0 0 21 2.50000000000035305e-01 2.50000000000035305e-01 2.50000000000035305e-01 10 1.98647145492866173e+01
0 0 0 21 2.50000000000035305e-01 2.50000000000035305e-01 2.50000000000035305e-01 11 2.28825557074829824e+01
0 0 0 21 2.50000000000035305e-01 2.50000000000035305e-01 2.50000000000035305e-01 12 2.32685984980903164e+01
0 0 0 21 2.50000000000035305e-01 2.50000000000035305e-01 2.50000000000035305e-01 13 2.32685984980903449e+01
0 0 0 21 2.50000000000035305e-01 2.50000000000035305e-01 2.50000000000035305e-01 14 2.95249480917061149e+01
0 0 0 21 2.50000000000035305e-01 2.50000000000035305e-01 2.50000000000035305e-01 15 2.95249480917061398e+01
0 0 0 21 2.50000000000035305e-01 2.50000000000035305e-01 2.50000000000035305e-01 16 3.14747523700925314e+01
0 0 0 21 2.50000000000035305e-01 2.50000000000035305e-01 2.50000000000035305e-01 17 3.39472997493824877e+01
0 0 0 21 2.50000000000035305e-01 2.50000000000035305e-01 2.50000000000035305e-01 18 3.39472997493826014e+01
0 0 0 21 2.50000000000035305e-01 2.50000000000035305e-01 2.50000000000035305e-01 19 4.32507293026725961e+01
0 0 0 21 2.50000000000035305e-01 2.50000000000035305e-01 2.50000000000035305e-01 20 6.13761034511610859e+01
0 0 0 21 2.50000000000035305e-01 2.50000000000035305e-01 2.50000000000035305e-01 21 6.13761034511637007e+01
0 0 0 21 2.50000000000035305e-01 2.50000000000035305e-01 2.50000000000035305e-01 22 9.84576719779497012e+01
0 0 0 21 2.50000000000035305e-01 2.50000000000035305e-01 2.50000000000035305e-01 23 9.84576719779546039e+01
0 0 0 21 2.50000000000035305e-01 2.50000000000035305e-01 2.50000000000035305e-01 24 1.04798743835718099e+02
0 0 0 21 2.50000000000035305e-01 2.50000000000035305e-01 2.50000000000035305e-01 25 1.54047557201720451e+02
0 0 0 22 5.00000000000070610e-01 2.50000000000035305e-01 2.50000000000035305e-01 0 -3.53849822179903395e+00
0 0 0 22 5.00000000000070610e-01 2.50000000000035305e-01 2.50000000000035305e-01 1 9.06912416253483622e-01
0 0 0 22 5.00000000000070610e-01 2.50000000000035305e-01 2.50000000000035305e-01 2 2.63481016961339964e+00
0 0 0 22 5.00000000000070610e-01 2.50000000000035305e-01 2.50000000000035305e-01 3 5.10631189803310725e+00
0 0 0 22 5.00000000000070610e-01 2.50000000000035305e-01 2.50000000000035305e-01 4 9.31446521881763445e+00
0 0 0 22 5.00000000000070610e-01 2.50000000000035305e-01 2.50000000000035305e-01 5 1.15339182333741750e+01
0 0 0 22 5.00000000000070610e-01 2.50000000000035305e-01 2.50000000000035305e-01 6 1.17936320762269204e+01
0 0 0 22 5.00000000000070610e-01 2.50000000000035305e-01 2.50000000000035305e-01 7 1.34999812379511077e+01
0 0 0 22 5.00000000000070610e-01 2.50000000000035305e-01 2.50000000000035305e-01 8 1.38959001860464753e+01
0 0 0 22 5.00000000000070610e-01 2.50000000000035305e-01 2.50000000000035305e-01 9 1.68432294336173776e+01
0 0 0 22 5.00000000000070610e-01 2.50000000000035305e-01 2.50000000000035305e-01 10 2.06946810568215653e+01
0 0 0 22 5.00000000000070610e-01 2.50000000000035305e-01 2.50000000000035305e-01 11 2.38403022107183062e+01
0 0 0 22 5.00000000000070610e-01 2.50000000000035305e-01 2.50000000000035305e-01 12 2.44987015119193714e+01
0 0 0 22 5.00000000000070610e-01 2.50000000000035305e-01 2.50000000000035305e-01 13 2.46800115643746523e+01
0 0 0 22 5.00000000000070610e-01 2.50000000000035305e-01 2.50000000000035305e-01 14 2.70695029269523566e+01
0 0 0 22 5.00000000000070610e-01 2.50000000000035305e-01 2.50000000000035305e-01 15 2.78549641062829529e+01
0 0 0 22 5.00000000000070610e-01 2.50000000000035305e-01 2.50000000000035305e-01 16 2.88872227542144095e+01
0 0 0 22 5.00000000000070610e-01 2.50000000000035305e-01 2.50000000000035305e-01 17 3.04843827400970540e+01
0 0 0 22 5.00000000000070610e-01 2.50000000000035305e-01 2.50000000000035305e-01 18 3.43518934060827377e+01
0 0 0 22 5.00000000000070610e-01 2.50000000000035305e-01 2.50000000000035305e-01 19 3.94879822757697880e+01
0 0 0 22 5.00000000000070610e-01 2.50000000000035305e-01 2.50000000000035305e-01 20 4.71775968599757221e+01
0 0 0 22 5.00000000000070610e-01 2.50000000000035305e-01 2.50000000000035305e-01 21 5.52283881451054839e+01
0 0 0 22 5.00000000000070610e-01 2.50000000000035305e-01 2.50000000000035305e-01 22 8.56233368278701761e+01
0 0 0 22 5.00000000000070610e-01 2.50000000000035305e-01 2.50000000000035305e-01 23 9.58635499918093359e+01
0 0 0 22 5.00000000000070610e-01 2.50000000000035305e-01 2.50000000000035305e-01 24 1.14131336134501410e+02
0 0 0 22 5.00000000000070610e-01 2.50000000000035305e-01 2.50000000000035305e-01 25 1.39318863909792782e+02
0 0 0 23 7.49999999999942601e-01 2.49999999999953648e-01 2.49999999999953648e-01 0 -2.86108298751099399e+00
0 0 0 23 7.49999999999942601e-01 2.49999999999953648e-01 2.49999999999953648e-01 1 -2.79955835259337827e-03
0 0 0 23 7.49999999999942601e-01 2.49999999999953648e-01 2.49999999999953648e-01 2 2.85933300988992078e+00
0 0 0 23 7.49999999999942601e-01 2.49999999999953648e-01 2.49999999999953648e-01 3 4.23356880700230320e+00
0 0 0 23 7.49999999999942601e-01 2.49999999999953648e-01 2.49999999999953648e-01 4 8.36364216523255877e+00
0 0 0 23 7.49999999999942601e-01 2.49999999999953648e-01 2.49999999999953648e-01 5 1.14632162321868361e+01
0 0 0 23 7.49999999999942601e-01 2.49999999999953648e-01 2.49999999999953648e-01 6 1.25468587478206430e+01
0 0 0 23 7.49999999999942601e-01 2.49999999999953648e-01 2.49999999999953648e-01 7 1.28108031340239279e+01
0 0 0 23 7.49999999999942601e-01 2.49999999999953648e-01 2.49999999999953648e-01 8 1.75445330210378074e+01
0 0 0 23 7.49999999999942601e-01 2.49999999999953648e-01 2.49999999999953648e-01 9 1.80492900217465007e+01
0 0 0 23 7.49999999999942601e-01 2.49999999999953648e-01 2.49999999999953648e-01 10 2.01047047207394272e+01
0 0 0 23 7.49999999999942601e-01 2.49999999999953648e-01 2.49999999999953648e-01 11 2.01288468711111328e+01
0 0 0 23 7.49999999999942601e-01 2.49999999999953648e-01 2.49999999999953648e-01 12 2.55320667436287394e+01
0 0 0 23 7.49999999999942601e-01 2.49999999999953648e-01 2.49999999999953648e-01 13 2.59329681914184640e+01
0 0 0 23 7.49999999999942601e-01 2.49999999999953648e-01 2.49999999999953648e-01 14 2.65085959070952057e+01
0 0 0 23 7.49999999999942601e-01 2.49999999999953648e-01 2.49999999999953648e-01 15 2.74187853669978310e+01
0 0 0 23 7.49999999999942601e-01 2.49999999999953648e-01 2.49999999999953648e-01 16 2.92604216723641812e+01
0 0 0 23 7.49999999999942601e-01 2.49999999999953648e-01 2.49999999999953648e-01 17 3.15710443818282265e+01
0 0 0 23 7.49999999999942601e-01 2.49999999999953648e-01 2.49999999999953648e-01 18 3.27736118146600504e+01
0 0 0 23 7.49999999999942601e-01 2.49999999999953648e-01 2.49999999999953648e-01 19 3.76441425110640822e+01
0 0 0 23 7.49999999999942601e-01 2.49999999999953648e-01 2.49999999999953648e-01 20 4.33774346543056737e+01
0 0 0 23 7.49999999999942601e-01 2.49999999999953648e-01 2.49999999999953648e-01 21 4.68552906732916128e+01
0 0 0 23 7.49999999999942601e-01 2.49999999999953648e-01 2.49999999999953648e-01 22 9.32336033724388500e+01
0 0 0 23 7.49999999999942601e-01 2.49999999999953648e-01 2.49999999999953648e-01 23 1.05504226539984600e+02
0 0 0 23 7.49999999999942601e-01 2.49999999999953648e-01 2.49999999999953648e-01 24 1.16121464812232489e+02
0 0 0 23 7.49999999999942601e-01 2.49999999999953648e-01 2.49999999999953648e-01 25 1.36199531300409575e+02
0 0 0 24 0.00000000000000000e+00 4.99999999999988953e-01 2.49999999999953648e-01 0 -2.86108298751099399e+00
0 0 0 24 0.00000000000000000e+00 4.99999999999988953e-01 2.49999999999953648e-01 1 -2.79955835256616697e-03
0 0 0 24 0.00000000000000000e+00 4.99999999999988953e-01 2.49999999999953648e-01 2 2.85933300988994787e+00
0 0 0 24 0.00000000000000000e+00 4.99999999999988953e-01 2.49999999999953648e-01 3 4.23356880700235738e+00
0 0 0 24 0.00000000000000000e+00 4.99999999999988953e-01 2.49999999999953648e-01 4 8.36364216523245041e+00
0 0 0 24 0.00000000000000000e+00 4.99999999999988953e-01 2.49999999999953648e-01 5 1.14632162321868645e+01
0 0 0 24 0.00000000000000000e+00 4.99999999999988953e-01 2.49999999999953648e-01 6 1.25468587478207247e+01
0 0 0 24 0.00000000000000000e+00 4.99999999999988953e-01 2.49999999999953648e-01 7 1.28108031340239545e+01
0 0 0 24 0.00000000000000000e+00 4.99999999999988953e-01 2.49999999999953648e-01 8 1.75445330210377257e+01
0 0 0 24 0.00000000000000000e+00 4.99999999999988953e-01 2.49999999999953648e-01 9 1.80492900217465539e+01
0 0 0 24 0.00000000000000000e+00 4.99999999999988953e-01 2.49999999999953648e-01 10 2.01047047207393739e+01
0 0 0 24 0.00000000000000000e+00 4.99999999999988953e-01 2.49999999999953648e-01 11 2.01288468711111896e+01
0 0 0 24 0.00000000000000000e+00 4.99999999999988953e-01 2.49999999999953648e-01 12 2.55320667436287394e+01
0 0 0 24 0.00000000000000000e+00 4.99999999999988953e-01 2.49999999999953648e-01 13 2.59329681914184071e+01
0 0 0 24 0.00000000000000000e+00 4.99999999999988953e-01 2.49999999999953648e-01 14 2.65085959070952342e+01
0 0 0 24 0.00000000000000000e+00 4.99999999999988953e-01 2.49999999999953648e-01 15 2.74187853669978878e+01
0 0 0 24 0.00000000000000000e+00 4.99999999999988953e-01 2.49999999999953648e-01 16 2.92604216723641031e+01
0 0 0 24 0.00000000000000000e+00 4.99999999999988953e-01 2.49999999999953648e-01 17 3.15710443818282549e+01
0 0 0 24 0.00000000000000000e+00 4.99999999999988953e-01 2.49999999999953648e-01 18 3.27736118146601569e+01
0 0 0 24 0.00000000000000000e+00 4.99999999999988953e-01 2.49999999999953648e-01 19 3.76441425110639685e+01
0 0 0 24 0.00000000000000000e+00 4.99999999999988953e-01 2.49999999999953648e-01 20 4.33774346543056524e+01
0 0 0 24 0.00000000000000000e+00 4.99999999999988953e-01 2.49999999999953648e-01 21 4.68552906732921315e+01
0 0 0 24 0.00000000000000000e+00 4.99999999999988953e-01 2.49999999999953648e-01 22 9.32336033724395321e+01
0 0 0 24 0.00000000000000000e+00 4.99999999999988953e-01 2.49999999999953648e-01 23 1.05504226539982753e+02
0 0 0 24 0.00000000000000000e+00 4.99999999999988953e-01 2.49999999999953648e-01 24 1.16121464812231935e+02
0 0 0 24 0.00000000000000000e+00 4.99999999999988953e-01 2.49999999999953648e-01 25 1.36199531300412474e+02
0 0 0 25 2.50000000000035305e-01 5.00000000000070610e-01 2.50000000000035305e-01 0 -3.53849822179903395e+00
0 0 0 25 2.50000000000035305e-01 5.00000000000070610e-01 2.50000000000035305e-01 1 9.06912416253483622e-01
0 0 0 25 2.50000000000035305e-01 5.00000000000070610e-01 2.50000000000035305e-01 2 2.63481016961334502e+00
0 0 0 25 2.50000000000035305e-01 5.00000000000070610e-01 2.50000000000035305e-01 3 5.10631189803310725e+00
0 0 0 25 2.50000000000035305e-01 5.00000000000070610e-01 2.50000000000035305e-01 4 9.31446521881763445e+00
0 0 0 25 2.50000000000035305e-01 5.00000000000070610e-01 2.50000000000035305e-01 5 1.15339182333741750e+01
0 0 0 25 2.50000000000035305e-01 5.00000000000070610e-01 2.50000000000035305e-01 6 1.17936320762269204e+01
0 0 0 25 2.50000000000035305e-01 5.00000000000070610e-01 2.50000000000035305e-01 7 1.34999812379510544e+01
0 0 0 25 2.50000000000035305e-01 5.00000000000070610e-01 2.50000000000035305e-01 8 1.38959001860464753e+01
0 0 0 25 2.50000000000035305e-01 5.00000000000070610e-01 2.50000000000035305e-01 9 1.68432294336173776e+01
0 0 0 25 2.50000000000035305e-01 5.00000000000070610e-01 2.50000000000035305e-01 10 2.06946810568215369e+01
0 0 0 25 2.50000000000035305e-01 5.00000000000070610e-01 2.50000000000035305e-01 11 2.38403022107183631e+01
0 0 0 25 2.50000000000035305e-01 5.00000000000070610e-01 2.50000000000035305e-01 12 2.44987015119193430e+01
0 0 0 25 2.50000000000035305e-01 5.00000000000070610e-01 2.50000000000035305e-01 13 2.46800115643747588e+01
0 0 0 25 2.50000000000035305e-01 5.00000000000070610e-01 2.50000000000035305e-01 14 2.70695029269523850e+01
0 0 0 25 2.50000000000035305e-01 5.00000000000070610e-01 2.50000000000035305e-01 15 2.78549641062828996e+01
0 0 0 25 2.50000000000035305e-01 5.00000000000070610e-01 2.50000000000035305e-01 16 2.88872227542143243e+01
0 0 0 25 2.50000000000035305e-01 5.00000000000070610e-01 2.50000000000035305e-01 17 3.04843827400970540e+01
0 0 0 25 2.50000000000035305e-01 5.00000000000070610e-01 2.50000000000035305e-01 18 3.43518934060828514e+01
0 0 0 25 2.50000000000035305e-01 5.00000000000070610e-01 2.50000000000035305e-01 19 3.94879822757698165e+01
0 0 0 25 2.50000000000035305e-01 5.00000000000070610e-01 2.50000000000035305e-01 20 4.71775968599755799e+01
0 0 0 25 2.50000000000035305e-01 5.00000000000070610e-01 2.50000000000035305e-01 21 5.52283881451061021e+01
0 0 0 25 2.50000000000035305e-01 5.00000000000070610e-01 2.50000000000035305e-01 22 8.56233368278742830e+01
0 0 0 25 2.50000000000035305e-01 5.00000000000070610e-01 2.50000000000035305e-01 23 9.58635499918103022e+01
0 0 0 25 2.50000000000035305e-01 5.00000000000070610e-01 2.50000000000035305e-01 24 1.14131336134511415e+02
0 0 0 25 2.50000000000035305e-01 5.00000000000070610e-01 2.50000000000035305e-01 25 1.39318863909789144e+02
0 0 0 26 4.99999999999988953e-01 4.99999999999988953e-01 2.50000000000035305e-01 0 -2.86108298751099399e+00
0 0 0 26 4.99999999999988953e-01 4.99999999999988953e-01 2.50000000000035305e-01 1 -2.79955835256616697e-03
0 0 0 26 4.99999999999988953e-01 4.99999999999988953e-01 2.50000000000035305e-01 2 2.85933300989000250e+00
0 0 0 26 4.99999999999988953e-01 4.99999999999988953e-01 2.50000000000035305e-01 3 4.23356880700233074e+00
0 0 0 26 4.99999999999988953e-01 4.99999999999988953e-01 2.50000000000035305e-01 4 8.36364216523255877e+00
0 0 0 26 4.99999999999988953e-01 4.99999999999988953e-01 2.50000000000035305e-01 5 1.14632162321868361e+01
0 0 0 26 4.99999999999988953e-01 4.99999999999988953e-01 2.50000000000035305e-01 6 1.25468587478207532e+01
0 0 0 26 4.99999999999988953e-01 4.99999999999988953e-01 2.50000000000035305e-01 7 1.28108031340239279e+01
0 0 0 26 4.99999999999988953e-01 4.99999999999988953e-01 2.50000000000035305e-01 8 1.75445330210377541e+01
0 0 0 26 4.99999999999988953e-01 4.99999999999988953e-01 2.50000000000035305e-01 9 1.80492900217465539e+01
0 0 0 26 4.99999999999988953e-01 4.99999999999988953e-01 2.50000000000035305e-01 10 2.01047047207394556e+01
0 0 0 26 4.99999999999988953e-01 4.99999999999988953e-01 2.50000000000035305e-01 11 2.01288468711112145e+01
0 0 0 26 4.99999999999988953e-01 4.99999999999988953e-01 2.50000000000035305e-01 12 2.55320667436287145e+01
0 0 0 26 4.99999999999988953e-01 4.99999999999988953e-01 2.50000000000035305e-01 13 2.59329681914184889e+01
0 0 0 26 4.99999999999988953e-01 4.99999999999988953e-01 2.50000000000035305e-01 14 2.65085959070952342e+01
0 0 0 26 4.99999999999988953e-01 4.99999999999988953e-01 2.50000000000035305e-01 15 2.74187853669978026e+01
0 0 0 26 4.99999999999988953e-01 4.99999999999988953e-01 2.50000000000035305e-01 16 2.92604216723642097e+01
0 0 0 26 4.99999999999988953e-01 4.99999999999988953e-01 2.50000000000035305e-01 17 3.15710443818281732e+01
0 0 0 26 4.99999999999988953e-01 4.99999999999988953e-01 2.50000000000035305e-01 18 3.27736118146602138e+01
0 0 0 26 4.99999999999988953e-01 4.99999999999988953e-01 2.50000000000035305e-01 19 3.76441425110640822e+01
0 0 0 26 4.99999999999988953e-01 4.99999999999988953e-01 2.50000000000035305e-01 20 4.33774346543052687e+01
0 0 0 26 4.99999999999988953e-01 4.99999999999988953e-01 2.50000000000035305e-01 21 4.68552906732921883e+01
0 0 0 26 4.99999999999988953e-01 4.99999999999988953e-01 2.50000000000035305e-01 22 9.32336033724419195e+01
0 0 0 26 4.99999999999988953e-01 4.99999999999988953e-01 2.50000000000035305e-01 23 1.05504226539982156e+02
0 0 0 26 4.99999999999988953e-01 4.99999999999988953e-01 2.50000000000035305e-01 24 1.16121464812224232e+02
0 0 0 26 4.99999999999988953e-01 4.99999999999988953e-01 2.50000000000035305e-01 25 1.36199531300415629e+02
0 0 0 27 7.50000000000024203e-01 4.99999999999988898e-01 2.50000000000035305e-01 0 -1.26812156012930299e+00
0 0 0 27 7.50000000000024203e-01 4.99999999999988898e-01 2.50000000000035305e-01 1 -1.26812014093801162e+00
0 0 0 27 7.50000000000024203e-01 4.99999999999988898e-01 2.50000000000035305e-01 2 2.53792612796411898e+00
0 0 0 27 7.50000000000024203e-01 4.99999999999988898e-01 2.50000000000035305e-01 3 2.53792615976633806e+00
0 0 0 27 7.50000000000024203e-01 4.99999999999988898e-01 2.50000000000035305e-01 4 1.11095175194422584e+01
0 0 0 27 7.50000000000024203e-01 4.99999999999988898e-01 2.50000000000035305e-01 5 1.11095203008824832e+01
0 0 0 27 7.50000000000024203e-01 4.99999999999988898e-01 2.50000000000035305e-01 6 1.20219765188463015e+01
0 0 0 27 7.50000000000024203e-01 4.99999999999988898e-01 2.50000000000035305e-01 7 1.20219771588670312e+01
0 0 0 27 7.50000000000024203e-01 4.99999999999988898e-01 2.50000000000035305e-01 8 1.74329907323669033e+01
0 0 0 27 7.50000000000024203e-01 4.99999999999988898e-01 2.50000000000035305e-01 9 1.74329909751490959e+01
0 0 0 27 7.50000000000024203e-01 4.99999999999988898e-01 2.50000000000035305e-01 10 2.12236709967333077e+01
0 0 0 27 7.50000000000024203e-01 4.99999999999988898e-01 2.50000000000035305e-01 11 2.12236717860890103e+01
0 0 0 27 7.50000000000024203e-01 4.99999999999988898e-01 2.50000000000035305e-01 12 2.63449709131003118e+01
0 0 0 27 7.50000000000024203e-01 4.99999999999988898e-01 2.50000000000035305e-01 13 2.63449739569915558e+01
0 0 0 27 7.50000000000024203e-01 4.99999999999988898e-01 2.50000000000035305e-01 14 2.73527362429683834e+01
0 0 0 27 7.50000000000024203e-01 4.99999999999988898e-01 2.50000000000035305e-01 15 2.73527515475288681e+01
0 0 0 27 7.50000000000024203e-01 4.99999999999988898e-01 2.50000000000035305e-01 16 2.74414776340299689e+01
0 0 0 27 7.50000000000024203e-01 4.99999999999988898e-01 2.50000000000035305e-01 17 2.74414815584046359e+01
0 0 0 27 7.50000000000024203e-01 4.99999999999988898e-01 2.50000000000035305e-01 18 3.42114854151755239e+01
0 0 0 27 7.50000000000024203e-01 4.99999999999988898e-01 2.50000000000035305e-01 19 3.42114873024099992e+01
0 0 0 27 7.50000000000024203e-01 4.99999999999988898e-01 2.50000000000035305e-01 20 4.57617919785977207e+01
0 0 0 27 7.50000000000024203e-01 4.99999999999988898e-01 2.50000000000035305e-01 21 4.57618275999324169e+01
0 0 0 27 7.50000000000024203e-01 4.99999999999988898e-01 2.50000000000035305e-01 22 1.18714092293158572e+02
0 0 0 27 7.50000000000024203e-01 4.99999999999988898e-01 2.50000000000035305e-01 23 1.18714332331638857e+02
0 0 0 27 7.50000000000024203e-01 4.99999999999988898e-01 2.50000000000035305e-01 24 1.25069972555095362e+02
0 0 0 27 7.50000000000024203e-01 4.99999999999988898e-01 2.50000000000035305e-01 25 1.25070116979697616e+02
0 0 0 28 0.00000000000000000e+00 7.50000000000024203e-01 2.49999999999953593e-01 0 -3.53849822179903395e+00
0 0 0 28 0.00000000000000000e+00 7.50000000000024203e-01 2.49999999999953593e-01 1 9.06912416253483622e-01
0 0 0 28 0.00000000000000000e+00 7.50000000000024203e-01 2.49999999999953593e-01 2 2.63481016961337255e+00
0 0 0 28 0.00000000000000000e+00 7.50000000000024203e-01 2.49999999999953593e-01 3 5.10631189803307972e+00
0 0 0 28 0.00000000000000000e+00 7.50000000000024203e-01 2.49999999999953593e-01 4 9.31446521881755274e+00
0 0 0 28 0.00000000000000000e+00 7.50000000000024203e-01 2.49999999999953593e-01 5 1.15339182333741750e+01
0 0 0 28 0.00000000000000000e+00 7.50000000000024203e-01 2.49999999999953593e-01 6 1.17936320762269755e+01
0 0 0 28 0.00000000000000000e+00 7.50000000000024203e-01 2.49999999999953593e-01 7 1.34999812379511077e+01
0 0 0 28 0.00000000000000000e+00 7.50000000000024203e-01 2.49999999999953593e-01 8 1.38959001860464486e+01
0 0 0 28 0.00000000000000000e+00 7.50000000000024203e-01 2.49999999999953593e-01 9 1.68432294336173776e+01
0 0 0 28 0.00000000000000000e+00 7.50000000000024203e-01 2.49999999999953593e-01 10 2.06946810568215653e+01
0 0 0 28 0.00000000000000000e+00 7.50000000000024203e-01 2.49999999999953593e-01 11 2.38403022107182814e+01
0 0 0 28 0.00000000000000000e+00 7.50000000000024203e-01 2.49999999999953593e-01 12 2.44987015119193714e+01
0 0 0 28 0.00000000000000000e+00 7.50000000000024203e-01 2.49999999999953593e-01 13 2.46800115643747056e+01
0 0 0 28 0.00000000000000000e+00 7.50000000000024203e-01 2.49999999999953593e-01 14 2.70695029269523850e+01
0 0 0 28 0.00000000000000000e+00 7.50000000000024203e-01 2.49999999999953593e-01 15 2.78549641062829529e+01
0 0 0 28 0.00000000000000000e+00 7.50000000000024203e-01 2.49999999999953593e-01 16 2.88872227542143776e+01
0 0 0 28 0.00000000000000000e+00 7.50000000000024203e-01 2.49999999999953593e-01 17 3.04843827400970291e+01
0 0 0 28 0.00000000000000000e+00 7.50000000000024203e-01 2.49999999999953593e-01 18 3.43518934060827732e+01
0 0 0 28 0.00000000000000000e+00 7.50000000000024203e-01 2.49999999999953593e-01 19 3.94879822757697099e+01
0 0 0 28 0.00000000000000000e+00 7.50000000000024203e-01 2.49999999999953593e-01 20 4.71775968599758286e+01
0 0 0 28 0.00000000000000000e+00 7.50000000000024203e-01 2.49999999999953593e-01 21 5.52283881451052068e+01
0 0 0 28 0.00000000000000000e+00 7.50000000000024203e-01 2.49999999999953593e-01 22 8.56233368278719382e+01
0 0 0 28 0.00000000000000000e+00 7.50000000000024203e-01 2.49999999999953593e-01 23 9.58635499918176635e+01
0 0 0 28 0.00000000000000000e+00 7.50000000000024203e-01 2.49999999999953593e-01 24 1.14131336134516403e+02
0 0 0 28 0.00000000000000000e+00 7.50000000000024203e-01 2.49999999999953593e-01 25 1.39318863909781015e+02
0 0 0 29 2.49999999999953648e-01 7.49999999999942601e-01 2.49999999999953648e-01 0 -2.86108298751102108e+00
0 0 0 29 2.49999999999953648e-01 7.49999999999942601e-01 2.49999999999953648e-01 1 -2.79955835259337827e-03
0 0 0 29 2.49999999999953648e-01 7.49999999999942601e-01 2.49999999999953648e-01 2 2.85933300988994787e+00
0 0 0 29 2.49999999999953648e-01 7.49999999999942601e-01 2.49999999999953648e-01 3 4.23356880700235738e+00
0 0 0 29 2.49999999999953648e-01 7.49999999999942601e-01 2.49999999999953648e-01 4 8.36364216523253212e+00
0 0 0 29 2.49999999999953648e-01 7.49999999999942601e-01 2.49999999999953648e-01 5 1.14632162321868645e+01
0 0 0 29 2.49999999999953648e-01 7.49999999999942601e-01 2.49999999999953648e-01 6 1.25468587478206430e+01
0 0 0 29 2.49999999999953648e-01 7.49999999999942601e-01 2.49999999999953648e-01 7 1.28108031340239545e+01
0 0 0 29 2.49999999999953648e-01 7.49999999999942601e-01 2.49999999999953648e-01 8 1.75445330210377541e+01
0 0 0 29 2.49999999999953648e-01 7.49999999999942601e-01 2.49999999999953648e-01 9 1.80492900217465291e+01
0 0 0 29 2.49999999999953648e-01 7.49999999999942601e-01 2.49999999999953648e-01 10 2.01047047207393739e+01
0 0 0 29 2.49999999999953648e-01 7.49999999999942601e-01 2.49999999999953648e-01 11 2.01288468711111612e+01
0 0 0 29 2.49999999999953648e-01 7.49999999999942601e-01 2.49999999999953648e-01 12 2.55320667436287394e+01
0 0 0 29 2.49999999999953648e-01 7.49999999999942601e-01 2.49999999999953648e-01 13 2.59329681914184071e+01
0 0 0 29 2.49999999999953648e-01 7.49999999999942601e-01 2.49999999999953648e-01 14 2.65085959070952590e+01
0 0 0 29 2.49999999999953648e-01 7.49999999999942601e-01 2.49999999999953648e-01 15 2.74187853669977777e+01
0 0 0 29 2.49999999999953648e-01 7.49999999999942601e-01 2.49999999999953648e-01 16 2.92604216723642097e+01
0 0 0 29 2.49999999999953648e-01 7.49999999999942601e-01 2.49999999999953648e-01 17 3.15710443818280915e+01
0 0 0 29 2.49999999999953648e-01 7.49999999999942601e-01 2.49999999999953648e-01 18 3.27736118146602138e+01
0 0 0 29 2.49999999999953648e-01 7.49999999999942601e-01 2.49999999999953648e-01 19 3.76441425110639472e+01
0 0 0 29 2.49999999999953648e-01 7.49999999999942601e-01 2.49999999999953648e-01 20 4.33774346543059792e+01
0 0 0 29 2.49999999999953648e-01 7.49999999999942601e-01 2.49999999999953648e-01 21 4.68552906732918615e+01
0 0 0 29 2.49999999999953648e-01 7.49999999999942601e-01 2.49999999999953648e-01 22 9.32336033724406832e+01
0 0 0 29 2.49999999999953648e-01 7.49999999999942601e-01 2.49999999999953648e-01 23 1.05504226539982312e+02
0 0 0 29 2.49999999999953648e-01 7.49999999999942601e-01 2.49999999999953648e-01 24 1.16121464812237761e+02
0 0 0 29 2.49999999999953648e-01 7.49999999999942601e-01 2.49999999999953648e-01 25 1.36199531300413099e+02
0 0 0 30 4.99999999999988898e-01 7.50000000000024203e-01 2.50000000000035305e-01 0 -1.26812156012933008e+00
0 0 0 30 4.99999999999988898e-01 7.50000000000024203e-01 2.50000000000035305e-01 1 -1.26812014093803871e+00
0 0 0 30 4.99999999999988898e-01 7.50000000000024203e-01 2.50000000000035305e-01 2 2.53792612796411898e+00
0 0 0 30 4.99999999999988898e-01 7.50000000000024203e-01 2.50000000000035305e-01 3 2.53792615976633806e+00
0 0 0 30 4.99999999999988898e-01 7.50000000000024203e-01 2.50000000000035305e-01 4 1.11095175194422318e+01
0 0 0 30 4.99999999999988898e-01 7.50000000000024203e-01 2.50000000000035305e-01 5 1.11095203008825116e+01
0 0 0 30 4.99999999999988898e-01 7.50000000000024203e-01 2.50000000000035305e-01 6 1.20219765188462748e+01
0 0 0 30 4.99999999999988898e-01 7.50000000000024203e-01 2.50000000000035305e-01 7 1.20219771588670312e+01
0 0 0 30 4.99999999999988898e-01 7.50000000000024203e-01 2.50000000000035305e-01 8 1.74329907323670135e+01
0 0 0 30 4.99999999999988898e-01 7.50000000000024203e-01 2.50000000000035305e-01 9 1.74329909751490391e+01
0 0 0 30 4.99999999999988898e-01 7.50000000000024203e-01 2.50000000000035305e-01 10 2.12236709967332793e+01
0 0 0 30 4.99999999999988898e-01 7.50000000000024203e-01 2.50000000000035305e-01 11 2.12236717860890103e+01
0 0 0 30 4.99999999999988898e-01 7.50000000000024203e-01 2.50000000000035305e-01 12 2.63449709131002834e+01
0 0 0 30 4.99999999999988898e-01 7.50000000000024203e-01 2.50000000000035305e-01 13 2.63449739569915842e+01
0 0 0 30 4.99999999999988898e-01 7.50000000000024203e-01 2.50000000000035305e-01 14 2.73527362429684402e+01
0 0 0 30 4.99999999999988898e-01 7.50000000000024203e-01 2.50000000000035305e-01 15 2.73527515475288112e+01
0 0 0 30 4.99999999999988898e-01 7.50000000000024203e-01 2.50000000000035305e-01 16 2.74414776340299973e+01
0 0 0 30 4.99999999999988898e-01 7.50000000000024203e-01 2.50000000000035305e-01 17 2.74414815584045044e+01
0 0 0 30 4.99999999999988898e-01 7.50000000000024203e-01 2.50000000000035305e-01 18 3.42114854151753605e+01
0 0 0 30 4.99999999999988898e-01 7.50000000000024203e-01 2.50000000000035305e-01 19 3.42114873024101627e+01
0 0 0 30 4.99999999999988898e-01 7.50000000000024203e-01 2.50000000000035305e-01 20 4.57617919785978557e+01
0 0 0 30 4.99999999999988898e-01 7.50000000000024203e-01 2.50000000000035305e-01 21 4.57618275999321966e+01
0 0 0 30 4.99999999999988898e-01 7.50000000000024203e-01 2.50000000000035305e-01 22 1.18714092293165876e+02
0 0 0 30 4.99999999999988898e-01 7.50000000000024203e-01 2.50000000000035305e-01 23 1.18714332331637678e+02
0 0 0 30 4.99999999999988898e-01 7.50000000000024203e-01 2.50000000000035305e-01 24 1.25069972555094907e+02
0 0 0 30 4.99999999999988898e-01 7.50000000000024203e-01 2.50000000000035305e-01 25 1.25070116979698241e+02
0 0 0 31 7.50000000000024314e-01 7.50000000000024314e-01 2.50000000000035305e-01 0 -2.86108298751102108e+00
0 0 0 31 7.50000000000024314e-01 7.50000000000024314e-01 2.50000000000035305e-01 1 -2.79955835259337827e-03
0 0 0 31 7.50000000000024314e-01 7.50000000000024314e-01 2.50000000000035305e-01 2 2.85933300989000250e+00
0 0 0 31 7.50000000000024314e-01 7.50000000000024314e-01 2.50000000000035305e-01 3 4.23356880700233074e+00
0 0 0 31 7.50000000000024314e-01 7.50000000000024314e-01 2.50000000000035305e-01 4 8.36364216523261383e+00
0 0 0 31 7.50000000000024314e-01 7.50000000000024314e-01 2.50000000000035305e-01 5 1.14632162321868361e+01
0 0 0 31 7.50000000000024314e-01 7.50000000000024314e-01 2.50000000000035305e-01 6 1.25468587478206697e+01
0 0 0 31 7.50000000000024314e-01 7.50000000000024314e-01 2.50000000000035305e-01 7 1.28108031340239545e+01
0 0 0 31 7.50000000000024314e-01 7.50000000000024314e-01 2.50000000000035305e-01 8 1.75445330210377826e+01
0 0 0 31 7.50000000000024314e-01 7.50000000000024314e-01 2.50000000000035305e-01 9 1.80492900217465291e+01
0 0 0 31 7.50000000000024314e-01 7.50000000000024314e-01 2.50000000000035305e-01 10 2.01047047207394272e+01
0 0 0 31 7.50000000000024314e-01 7.50000000000024314e-01 2.50000000000035305e-01 11 2.01288468711112145e+01
0 0 0 31 7.50000000000024314e-01 7.50000000000024314e-01 2.50000000000035305e-01 12 2.55320667436287394e+01
0 0 0 31 7.50000000000024314e-01 7.50000000000024314e-01 2.50000000000035305e-01 13 2.59329681914184889e+01
0 0 0 31 7.50000000000024314e-01 7.50000000000024314e-01 2.50000000000035305e-01 14 2.65085959070952342e+01
0 0 0 31 7.50000000000024314e-01 7.50000000000024314e-01 2.50000000000035305e-01 15 2.74187853669978310e+01
0 0 0 31 7.50000000000024314e-01 7.50000000000024314e-01 2.50000000000035305e-01 16 2.92604216723642097e+01
0 0 0 31 7.50000000000024314e-01 7.50000000000024314e-01 2.50000000000035305e-01 17 3.15710443818281163e+01
0 0 0 31 7.50000000000024314e-01 7.50000000000024314e-01 2.50000000000035305e-01 18 3.27736118146601569e+01
0 0 0 31 7.50000000000024314e-01 7.50000000000024314e-01 2.50000000000035305e-01 19 3.76441425110641106e+01
0 0 0 31 7.50000000000024314e-01 7.50000000000024314e-01 2.50000000000035305e-01 20 4.33774346543054889e+01
0 0 0 31 7.50000000000024314e-01 7.50000000000024314e-01 2.50000000000035305e-01 21 4.68552906732920817e+01
0 0 0 31 7.50000000000024314e-01 7.50000000000024314e-01 2.50000000000035305e-01 22 9.32336033724413795e+01
0 0 0 31 7.50000000000024314e-01 7.50000000000024314e-01 2.50000000000035305e-01 23 1.05504226539982881e+02
0 0 0 31 7.50000000000024314e-01 7.50000000000024314e-01 2.50000000000035305e-01 24 1.16121464812234919e+02
0 0 0 31 7.50000000000024314e-01 7.50000000000024314e-01 2.50000000000035305e-01 25 1.36199531300412133e+02
0 0 0 32 0.00000000000000000e+00 0.00000000000000000e+00 5.00000000000070610e-01 0 -3.24596580198793605e+00
0 0 0 32 0.00000000000000000e+00 0.00000000000000000e+00 5.00000000000070610e-01 1 -6.04418885752091017e-01
0 0 0 32 0.00000000000000000e+00 0.00000000000000000e+00 5.00000000000070610e-01 2 5.24067752011168597e+00
0 0 0 32 0.00000000000000000e+00 0.00000000000000000e+00 5.00000000000070610e-01 3 5.24067752011174104e+00
0 0 0 32 0.00000000000000000e+00 0.00000000000000000e+00 5.00000000000070610e-01 4 8.10635145303611182e+00
0 0 0 32 0.00000000000000000e+00 0.00000000000000000e+00 5.00000000000070610e-01 5 1.01723325320599116e+01
0 0 0 32 0.00000000000000000e+00 0.00000000000000000e+00 5.00000000000070610e-01 6 1.01723325320599383e+01
0 0 0 32 0.00000000000000000e+00 0.00000000000000000e+00 5.00000000000070610e-01 7 1.75471393083260772e+01
0 0 0 32 0.00000000000000000e+00 0.00000000000000000e+00 5.00000000000070610e-01 8 1.80041084701005509e+01
0 0 0 32 0.00000000000000000e+00 0.00000000000000000e+00 5.00000000000070610e-01 9 1.80041084701005509e+01
0 0 0 32 0.00000000000000000e+00 0.00000000000000000e+00 5.00000000000070610e-01 10 1.83579416029928097e+01
0 0 0 32 0.00000000000000000e+00 0.00000000000000000e+00 5.00000000000070610e-01 11 1.97306204018279310e+01
0 0 0 32 0.00000000000000000e+00 0.00000000000000000e+00 5.00000000000070610e-01 12 1.97306204018279310e+01
0 0 0 32 0.00000000000000000e+00 0.00000000000000000e+00 5.00000000000070610e-01 13 2.65327225509090709e+01
0 0 0 32 0.00000000000000000e+00 0.00000000000000000e+00 5.00000000000070610e-01 14 2.84591910703910109e+01
0 0 0 32 0.00000000000000000e+00 0.00000000000000000e+00 5.00000000000070610e-01 15 2.96489496347264314e+01
0 0 0 32 0.00000000000000000e+00 0.00000000000000000e+00 5.00000000000070610e-01 16 2.96489496347264598e+01
0 0 0 32 0.00000000000000000e+00 0.00000000000000000e+00 5.00000000000070610e-01 17 3.36128535729160802e+01
0 0 0 32 0.00000000000000000e+00 0.00000000000000000e+00 5.00000000000070610e-01 18 3.36128535729161300e+01
0 0 0 32 0.00000000000000000e+00 0.00000000000000000e+00 5.00000000000070610e-01 19 3.64309474830753359e+01
0 0 0 32 0.00000000000000000e+00 0.00000000000000000e+00 5.00000000000070610e-01 20 6.21815263312240489e+01
0 0 0 32 0.00000000000000000e+00 0.00000000000000000e+00 5.00000000000070610e-01 21 6.21815263312258253e+01
0 0 0 32 0.00000000000000000e+00 0.00000000000000000e+00 5.00000000000070610e-01 22 7.32589956292651436e+01
0 0 0 32 0.00000000000000000e+00 0.00000000000000000e+00 5.00000000000070610e-01 23 7.32589956292674884e+01
0 0 0 32 0.00000000000000000e+00 0.00000000000000000e+00 5.00000000000070610e-01 24 1.06593772898447924e+02
0 0 0 32 0.00000000000000000e+00 0.00000000000000000e+00 5.00000000000070610e-01 25 1.45626421941864209e+02
0 0 0 33 2.49999999999953648e-01 0.00000000000000000e+00 4.99999999999988953e-01 0 -2.86108298751102108e+00
0 0 0 33 2.49999999999953648e-01 0.00000000000000000e+00 4.99999999999988953e-01 1 -2.79955835262059001e-03
0 0 0 33 2.49999999999953648e-01 0.00000000000000000e+00 4.99999999999988953e-01 2 2.85933300988994787e+00
0 0 0 33 2.49999999999953648e-01 0.00000000000000000e+00 4.99999999999988953e-01 3 4.23356880700238491e+00
0 0 0 33 2.49999999999953648e-01 0.00000000000000000e+00 4.99999999999988953e-01 4 8.36364216523247705e+00
0 0 0 33 2.49999999999953648e-01 0.00000000000000000e+00 4.99999999999988953e-01 5 1.14632162321868911e+01
0 0 0 33 2.49999999999953648e-01 0.00000000000000000e+00 4.99999999999988953e-01 6 1.25468587478207798e+01
0 0 0 33 2.49999999999953648e-01 0.00000000000000000e+00 4.99999999999988953e-01 7 1.28108031340239812e+01
0 0 0 33 2.49999999999953648e-01 0.00000000000000000e+00 4.99999999999988953e-01 8 1.75445330210377257e+01
0 0 0 33 2.49999999999953648e-01 0.00000000000000000e+00 4.99999999999988953e-01 9 1.80492900217466108e+01
0 0 0 33 2.49999999999953648e-01 0.00000000000000000e+00 4.99999999999988953e-01 10 2.01047047207393454e+01
0 0 0 33 2.49999999999953648e-01 0.00000000000000000e+00 4.99999999999988953e-01 11 2.01288468711112429e+01
0 0 0 33 2.49999999999953648e-01 0.00000000000000000e+00 4.99999999999988953e-01 12 2.55320667436287394e+01
0 0 0 33 2.49999999999953648e-01 0.00000000000000000e+00 4.99999999999988953e-01 13 2.59329681914184071e+01
0 0 0 33 2.49999999999953648e-01 0.00000000000000000e+00 4.99999999999988953e-01 14 2.65085959070952342e+01
0 0 0 33 2.49999999999953648e-01 0.00000000000000000e+00 4.99999999999988953e-01 15 2.74187853669977777e+01
0 0 0 33 2.49999999999953648e-01 0.00000000000000000e+00 4.99999999999988953e-01 16 2.92604216723640498e+01
0 0 0 33 2.49999999999953648e-01 0.00000000000000000e+00 4.99999999999988953e-01 17 3.15710443818281163e+01
0 0 0 33 2.49999999999953648e-01 0.00000000000000000e+00 4.99999999999988953e-01 18 3.27736118146602138e+01
0 0 0 33 2.49999999999953648e-01 0.00000000000000000e+00 4.99999999999988953e-01 19 3.76441425110638903e+01
0 0 0 33 2.49999999999953648e-01 0.00000000000000000e+00 4.99999999999988953e-01 20 4.33774346543058726e+01
0 0 0 33 2.49999999999953648e-01 0.00000000000000000e+00 4.99999999999988953e-01 21 4.68552906732919965e+01
0 0 0 33 2.49999999999953648e-01 0.00000000000000000e+00 4.99999999999988953e-01 22 9.32336033724413227e+01
0 0 0 33 2.49999999999953648e-01 0.00000000000000000e+00 4.99999999999988953e-01 23 1.05504226539985467e+02
0 0 0 33 2.49999999999953648e-01 0.00000000000000000e+00 4.99999999999988953e-01 24 1.16121464812232759e+02
0 0 0 33 2.49999999999953648e-01 0.00000000000000000e+00 4.99999999999988953e-01 25 1.36199531300424184e+02
0 0 0 34 4.99999999999988898e-01 0.00000000000000000e+00 4.99999999999988898e-01 0 -1.43299158792959158e+00
0 0 0 34 4.99999999999988898e-01 0.00000000000000000e+00 4.99999999999988898e-01 1 -1.43298966071499811e+00
0 0 0 34 4.99999999999988898e-01 0.00000000000000000e+00 4.99999999999988898e-01 2 3.58371742379168623e+00
0 0 0 34 4.99999999999988898e-01 0.00000000000000000e+00 4.99999999999988898e-01 3 3.58371742379171332e+00
0 0 0 34 4.99999999999988898e-01 0.00000000000000000e+00 4.99999999999988898e-01 4 7.52239651532342535e+00
0 0 0 34 4.99999999999988898e-01 0.00000000000000000e+00 4.99999999999988898e-01 5 7.52240190897768279e+00
0 0 0 34 4.99999999999988898e-01 0.00000000000000000e+00 4.99999999999988898e-01 6 1.68540934583405182e+01
0 0 0 34 4.99999999999988898e-01 0.00000000000000000e+00 4.99999999999988898e-01 7 1.68540934583406816e+01
0 0 0 34 4.99999999999988898e-01 0.00000000000000000e+00 4.99999999999988898e-01 8 1.81121424486641622e+01
0 0 0 34 4.99999999999988898e-01 0.00000000000000000e+00 4.99999999999988898e-01 9 1.81121424486641907e+01
0 0 0 34 4.99999999999988898e-01 0.00000000000000000e+00 4.99999999999988898e-01 10 2.05878224250361477e+01
0 0 0 34 4.99999999999988898e-01 0.00000000000000000e+00 4.99999999999988898e-01 11 2.05878227300968213e+01
0 0 0 34 4.99999999999988898e-01 0.00000000000000000e+00 4.99999999999988898e-01 12 2.10420979604160436e+01
0 0 0 34 4.99999999999988898e-01 0.00000000000000000e+00 4.99999999999988898e-01 13 2.10420989386425781e+01
0 0 0 34 4.99999999999988898e-01 0.00000000000000000e+00 4.99999999999988898e-01 14 2.93787460125577695e+01
0 0 0 34 4.99999999999988898e-01 0.00000000000000000e+00 4.99999999999988898e-01 15 2.93787679773718473e+01
0 0 0 34 4.99999999999988898e-01 0.00000000000000000e+00 4.99999999999988898e-01 16 3.24440847209760648e+01
0 0 0 34 4.99999999999988898e-01 0.00000000000000000e+00 4.99999999999988898e-01 17 3.24440847209761500e+01
0 0 0 34 4.99999999999988898e-01 0.00000000000000000e+00 4.99999999999988898e-01 18 3.42725379543568920e+01
0 0 0 34 4.99999999999988898e-01 0.00000000000000000e+00 4.99999999999988898e-01 19 3.42725593944827267e+01
0 0 0 34 4.99999999999988898e-01 0.00000000000000000e+00 4.99999999999988898e-01 20 3.75019907734040387e+01
0 0 0 34 4.99999999999988898e-01 0.00000000000000000e+00 4.99999999999988898e-01 21 3.75019907734043940e+01
0 0 0 34 4.99999999999988898e-01 0.00000000000000000e+00 4.99999999999988898e-01 22 1.12297266016078694e+02
0 0 0 34 4.99999999999988898e-01 0.00000000000000000e+00 4.99999999999988898e-01 23 1.12297266016084762e+02
0 0 0 34 4.99999999999988898e-01 0.00000000000000000e+00 4.99999999999988898e-01 24 1.27998191864274915e+02
0 0 0 34 4.99999999999988898e-01 0.00000000000000000e+00 4.99999999999988898e-01 25 1.27998308398697347e+02
0 0 0 35 7.50000000000024314e-01 0.00000000000000000e+00 4.99999999999989009e-01 0 -2.86108298751102108e+00
0 0 0 35 7.50000000000024314e-01 0.00000000000000000e+00 4.99999999999989009e-01 1 -2.79955835262059001e-03
0 0 0 35 7.50000000000024314e-01 0.00000000000000000e+00 4.99999999999989009e-01 2 2.85933300988994787e+00
0 0 0 35 7.50000000000024314e-01 0.00000000000000000e+00 4.99999999999989009e-01 3 4.23356880700238491e+00
0 0 0 35 7.50000000000024314e-01 0.00000000000000000e+00 4.99999999999989009e-01 4 8.36364216523247705e+00
0 0 0 35 7.50000000000024314e-01 0.00000000000000000e+00 4.99999999999989009e-01 5 1.14632162321868911e+01
0 0 0 35 7.50000000000024314e-01 0.00000000000000000e+00 4.99999999999989009e-01 6 1.25468587478207532e+01
0 0 0 35 7.50000000000024314e-01 0.00000000000000000e+00 4.99999999999989009e-01 7 1.28108031340239545e+01
0 0 0 35 7.50000000000024314e-01 0.00000000000000000e+00 4.99999999999989009e-01 8 1.75445330210377541e+01
0 0 0 35 7.50000000000024314e-01 0.00000000000000000e+00 4.99999999999989009e-01 9 1.80492900217465824e+01
0 0 0 35 7.50000000000024314e-01 0.00000000000000000e+00 4.99999999999989009e-01 10 2.01047047207393739e+01
0 0 0 35 7.50000000000024314e-01 0.00000000000000000e+00 4.99999999999989009e-01 11 2.01288468711112429e+01
0 0 0 35 7.50000000000024314e-01 0.00000000000000000e+00 4.99999999999989009e-01 12 2.55320667436287145e+01
0 0 0 35 7.50000000000024314e-01 0.00000000000000000e+00 4.99999999999989009e-01 13 2.59329681914184071e+01
0 0 0 35 7.50000000000024314e-01 0.00000000000000000e+00 4.99999999999989009e-01 14 2.65085959070952057e+01
0 0 0 35 7.50000000000024314e-01 0.00000000000000000e+00 4.99999999999989009e-01 15 2.74187853669977777e+01
0 0 0 35 7.50000000000024314e-01 0.00000000000000000e+00 4.99999999999989009e-01 16 2.92604216723640498e+01
0 0 0 35 7.50000000000024314e-01 0.00000000000000000e+00 4.99999999999989009e-01 17 3.15710443818281163e+01
0 0 0 35 7.50000000000024314e-01 0.00000000000000000e+00 4.99999999999989009e-01 18 3.27736118146602422e+01
0 0 0 35 7.50000000000024314e-01 0.00000000000000000e+00 4.99999999999989009e-01 19 3.76441425110639472e+01
0 0 0 35 7.50000000000024314e-01 0.00000000000000000e+00 4.99999999999989009e-01 20 4.33774346543058371e+01
0 0 0 35 7.50000000000024314e-01 0.00000000000000000e+00 4.99999999999989009e-01 21 4.68552906732920249e+01
0 0 0 35 7.50000000000024314e-01 0.00000000000000000e+00 4.99999999999989009e-01 22 9.32336033724409248e+01
0 0 0 35 7.50000000000024314e-01 0.00000000000000000e+00 4.99999999999989009e-01 23 1.05504226539985467e+02
0 0 0 35 7.50000000000024314e-01 0.00000000000000000e+00 4.99999999999989009e-01 24 1.16121464812234521e+02
0 0 0 35 7.50000000000024314e-01 0.00000000000000000e+00 4.99999999999989009e-01 25 1.36199531300421199e+02
0 0 0 36 0.00000000000000000e+00 2.49999999999953648e-01 4.99999999999988953e-01 0 -2.86108298751099399e+00
0 0 0 36 0.00000000000000000e+00 2.49999999999953648e-01 4.99999999999988953e-01 1 -2.79955835256616697e-03
0 0 0 36 0.00000000000000000e+00 2.49999999999953648e-01 4.99999999999988953e-01 2 2.85933300989000250e+00
0 0 0 36 0.00000000000000000e+00 2.49999999999953648e-01 4.99999999999988953e-01 3 4.23356880700235738e+00
0 0 0 36 0.00000000000000000e+00 2.49999999999953648e-01 4.99999999999988953e-01 4 8.36364216523250548e+00
0 0 0 36 0.00000000000000000e+00 2.49999999999953648e-01 4.99999999999988953e-01 5 1.14632162321868911e+01
0 0 0 36 0.00000000000000000e+00 2.49999999999953648e-01 4.99999999999988953e-01 6 1.25468587478207532e+01
0 0 0 36 0.00000000000000000e+00 2.49999999999953648e-01 4.99999999999988953e-01 7 1.28108031340239545e+01
0 0 0 36 0.00000000000000000e+00 2.49999999999953648e-01 4.99999999999988953e-01 8 1.75445330210377541e+01
0 0 0 36 0.00000000000000000e+00 2.49999999999953648e-01 4.99999999999988953e-01 9 1.80492900217465539e+01
0 0 0 36 0.00000000000000000e+00 2.49999999999953648e-01 4.99999999999988953e-01 10 2.01047047207393739e+01
0 0 0 36 0.00000000000000000e+00 2.49999999999953648e-01 4.99999999999988953e-01 11 2.01288468711112714e+01
0 0 0 36 0.00000000000000000e+00 2.49999999999953648e-01 4.99999999999988953e-01 12 2.55320667436287145e+01
0 0 0 36 0.00000000000000000e+00 2.49999999999953648e-01 4.99999999999988953e-01 13 2.59329681914184640e+01
0 0 0 36 0.00000000000000000e+00 2.49999999999953648e-01 4.99999999999988953e-01 14 2.65085959070952057e+01
0 0 0 36 0.00000000000000000e+00 2.49999999999953648e-01 4.99999999999988953e-01 15 2.74187853669978310e+01
0 0 0 36 0.00000000000000000e+00 2.49999999999953648e-01 4.99999999999988953e-01 16 2.92604216723640711e+01
0 0 0 36 0.00000000000000000e+00 2.49999999999953648e-01 4.99999999999988953e-01 17 3.15710443818282549e+01
0 0 0 36 0.00000000000000000e+00 2.49999999999953648e-01 4.99999999999988953e-01 18 3.27736118146601569e+01
0 0 0 36 0.00000000000000000e+00 2.49999999999953648e-01 4.99999999999988953e-01 19 3.76441425110641106e+01
0 0 0 36 0.00000000000000000e+00 2.49999999999953648e-01 4.99999999999988953e-01 20 4.33774346543056240e+01
0 0 0 36 0.00000000000000000e+00 2.49999999999953648e-01 4.99999999999988953e-01 21 4.68552906732922665e+01
0 0 0 36 0.00000000000000000e+00 2.49999999999953648e-01 4.99999999999988953e-01 22 9.32336033724398305e+01
0 0 0 36 0.00000000000000000e+00 2.49999999999953648e-01 4.99999999999988953e-01 23 1.05504226539983378e+02
0 0 0 36 0.00000000000000000e+00 2.49999999999953648e-01 4.99999999999988953e-01 24 1.16121464812233583e+02
0 0 0 36 0.00000000000000000e+00 2.49999999999953648e-01 4.99999999999988953e-01 25 1.36199531300420489e+02
0 0 0 37 2.50000000000035305e-01 2.50000000000035305e-01 5.00000000000070610e-01 0 -3.53849822179906148e+00
0 0 0 37 2.50000000000035305e-01 2.50000000000035305e-01 5.00000000000070610e-01 1 9.06912416253456422e-01
0 0 0 37 2.50000000000035305e-01 2.50000000000035305e-01 5.00000000000070610e-01 2 2.63481016961345382e+00
0 0 0 37 2.50000000000035305e-01 2.50000000000035305e-01 5.00000000000070610e-01 3 5.10631189803305219e+00
0 0 0 37 2.50000000000035305e-01 2.50000000000035305e-01 5.00000000000070610e-01 4 9.31446521881768952e+00
0 0 0 37 2.50000000000035305e-01 2.50000000000035305e-01 5.00000000000070610e-01 5 1.15339182333742016e+01
0 0 0 37 2.50000000000035305e-01 2.50000000000035305e-01 5.00000000000070610e-01 6 1.17936320762268938e+01
0 0 0 37 2.50000000000035305e-01 2.50000000000035305e-01 5.00000000000070610e-01 7 1.34999812379512445e+01
0 0 0 37 2.50000000000035305e-01 2.50000000000035305e-01 5.00000000000070610e-01 8 1.38959001860464486e+01
0 0 0 37 2.50000000000035305e-01 2.50000000000035305e-01 5.00000000000070610e-01 9 1.68432294336173243e+01
0 0 0 37 2.50000000000035305e-01 2.50000000000035305e-01 5.00000000000070610e-01 10 2.06946810568215938e+01
0 0 0 37 2.50000000000035305e-01 2.50000000000035305e-01 5.00000000000070610e-01 11 2.38403022107183631e+01
0 0 0 37 2.50000000000035305e-01 2.50000000000035305e-01 5.00000000000070610e-01 12 2.44987015119192897e+01
0 0 0 37 2.50000000000035305e-01 2.50000000000035305e-01 5.00000000000070610e-01 13 2.46800115643747056e+01
0 0 0 37 2.50000000000035305e-01 2.50000000000035305e-01 5.00000000000070610e-01 14 2.70695029269523850e+01
0 0 0 37 2.50000000000035305e-01 2.50000000000035305e-01 5.00000000000070610e-01 15 2.78549641062830631e+01
0 0 0 37 2.50000000000035305e-01 2.50000000000035305e-01 5.00000000000070610e-01 16 2.88872227542143776e+01
0 0 0 37 2.50000000000035305e-01 2.50000000000035305e-01 5.00000000000070610e-01 17 3.04843827400969758e+01
0 0 0 37 2.50000000000035305e-01 2.50000000000035305e-01 5.00000000000070610e-01 18 3.43518934060827945e+01
0 0 0 37 2.50000000000035305e-01 2.50000000000035305e-01 5.00000000000070610e-01 19 3.94879822757698449e+01
0 0 0 37 2.50000000000035305e-01 2.50000000000035305e-01 5.00000000000070610e-01 20 4.71775968599758286e+01
0 0 0 37 2.50000000000035305e-01 2.50000000000035305e-01 5.00000000000070610e-01 21 5.52283881451044465e+01
0 0 0 37 2.50000000000035305e-01 2.50000000000035305e-01 5.00000000000070610e-01 22 8.56233368278740272e+01
0 0 0 37 2.50000000000035305e-01 2.50000000000035305e-01 5.00000000000070610e-01 23 9.58635499918154750e+01
0 0 0 37 2.50000000000035305e-01 2.50000000000035305e-01 5.00000000000070610e-01 24 1.14131336134506995e+02
0 0 0 37 2.50000000000035305e-01 2.50000000000035305e-01 5.00000000000070610e-01 25 1.39318863909794459e+02
0 0 0 38 4.99999999999988953e-01 2.50000000000035305e-01 4.99999999999988953e-01 0 -2.86108298751102108e+00
0 0 0 38 4.99999999999988953e-01 2.50000000000035305e-01 4.99999999999988953e-01 1 -2.79955835262059001e-03
0 0 0 38 4.99999999999988953e-01 2.50000000000035305e-01 4.99999999999988953e-01 2 2.85933300989000250e+00
0 0 0 38 4.99999999999988953e-01 2.50000000000035305e-01 4.99999999999988953e-01 3 4.23356880700238491e+00
0 0 0 38 4.99999999999988953e-01 2.50000000000035305e-01 4.99999999999988953e-01 4 8.36364216523253212e+00
0 0 0 38 4.99999999999988953e-01 2.50000000000035305e-01 4.99999999999988953e-01 5 1.14632162321868645e+01
0 0 0 38 4.99999999999988953e-01 2.50000000000035305e-01 4.99999999999988953e-01 6 1.25468587478207532e+01
0 0 0 38 4.99999999999988953e-01 2.50000000000035305e-01 4.99999999999988953e-01 7 1.28108031340239545e+01
0 0 0 38 4.99999999999988953e-01 2.50000000000035305e-01 4.99999999999988953e-01 8 1.75445330210377008e+01
0 0 0 38 4.99999999999988953e-01 2.50000000000035305e-01 4.99999999999988953e-01 9 1.80492900217466108e+01
0 0 0 38 4.99999999999988953e-01 2.50000000000035305e-01 4.99999999999988953e-01 10 2.01047047207393987e+01
0 0 0 38 4.99999999999988953e-01 2.50000000000035305e-01 4.99999999999988953e-01 11 2.01288468711112714e+01
0 0 0 38 4.99999999999988953e-01 2.50000000000035305e-01 4.99999999999988953e-01 12 2.55320667436287145e+01
0 0 0 38 4.99999999999988953e-01 2.50000000000035305e-01 4.99999999999988953e-01 13 2.59329681914184071e+01
0 0 0 38 4.99999999999988953e-01 2.50000000000035305e-01 4.99999999999988953e-01 14 2.65085959070952342e+01
0 0 0 38 4.99999999999988953e-01 2.50000000000035305e-01 4.99999999999988953e-01 15 2.74187853669978310e+01
0 0 0 38 4.99999999999988953e-01 2.50000000000035305e-01 4.99999999999988953e-01 16 2.92604216723641279e+01
0 0 0 38 4.99999999999988953e-01 2.50000000000035305e-01 4.99999999999988953e-01 17 3.15710443818281483e+01
0 0 0 38 4.99999999999988953e-01 2.50000000000035305e-01 4.99999999999988953e-01 18 3.27736118146602635e+01
0 0 0 38 4.99999999999988953e-01 2.50000000000035305e-01 4.99999999999988953e-01 19 3.76441425110640040e+01
0 0 0 38 4.99999999999988953e-01 2.50000000000035305e-01 4.99999999999988953e-01 20 4.33774346543058726e+01
0 0 0 38 4.99999999999988953e-01 2.50000000000035305e-01 4.99999999999988953e-01 21 4.68552906732915346e+01
0 0 0 38 4.99999999999988953e-01 2.50000000000035305e-01 4.99999999999988953e-01 22 9.32336033724427438e+01
0 0 0 38 4.99999999999988953e-01 2.50000000000035305e-01 4.99999999999988953e-01 23 1.05504226539981190e+02
0 0 0 38 4.99999999999988953e-01 2.50000000000035305e-01 4.99999999999988953e-01 24 1.16121464812229917e+02
0 0 0 38 4.99999999999988953e-01 2.50000000000035305e-01 4.99999999999988953e-01 25 1.36199531300418585e+02
0 0 0 39 7.50000000000024203e-01 2.50000000000035305e-01 4.99999999999988898e-01 0 -1.26812156012933008e+00
0 0 0 39 7.50000000000024203e-01 2.50000000000035305e-01 4.99999999999988898e-01 1 -1.26812014093798431e+00
0 0 0 39 7.50000000000024203e-01 2.50000000000035305e-01 4.99999999999988898e-01 2 2.53792612796417316e+00
0 0 0 39 7.50000000000024203e-01 2.50000000000035305e-01 4.99999999999988898e-01 3 2.53792615976636515e+00
0 0 0 39 7.50000000000024203e-01 2.50000000000035305e-01 4.99999999999988898e-01 4 1.11095175194422584e+01
0 0 0 39 7.50000000000024203e-01 2.50000000000035305e-01 4.99999999999988898e-01 5 1.11095203008824832e+01
0 0 0 39 7.50000000000024203e-01 2.50000000000035305e-01 4.99999999999988898e-01 6 1.20219765188462748e+01
0 0 0 39 7.50000000000024203e-01 2.50000000000035305e-01 4.99999999999988898e-01 7 1.20219771588670312e+01
0 0 0 39 7.50000000000024203e-01 2.50000000000035305e-01 4.99999999999988898e-01 8 1.74329907323669318e+01
0 0 0 39 7.50000000000024203e-01 2.50000000000035305e-01 4.99999999999988898e-01 9 1.74329909751491208e+01
0 0 0 39 7.50000000000024203e-01 2.50000000000035305e-01 4.99999999999988898e-01 10 2.12236709967332793e+01
0 0 0 39 7.50000000000024203e-01 2.50000000000035305e-01 4.99999999999988898e-01 11 2.12236717860890103e+01
0 0 0 39 7.50000000000024203e-01 2.50000000000035305e-01 4.99999999999988898e-01 12 2.63449709131003118e+01
0 0 0 39 7.50000000000024203e-01 2.50000000000035305e-01 4.99999999999988898e-01 13 2.63449739569915558e+01
0 0 0 39 7.50000000000024203e-01 2.50000000000035305e-01 4.99999999999988898e-01 14 2.73527362429683549e+01
0 0 0 39 7.50000000000024203e-01 2.50000000000035305e-01 4.99999999999988898e-01 15 2.73527515475288681e+01
0 0 0 39 7.50000000000024203e-01 2.50000000000035305e-01 4.99999999999988898e-01 16 2.74414776340299973e+01
0 0 0 39 7.50000000000024203e-01 2.50000000000035305e-01 4.99999999999988898e-01 17 2.74414815584045577e+01
0 0 0 39 7.50000000000024203e-01 2.50000000000035305e-01 4.99999999999988898e-01 18 3.42114854151754670e+01
0 0 0 39 7.50000000000024203e-01 2.50000000000035305e-01 4.99999999999988898e-01 19 3.42114873024101058e+01
0 0 0 39 7.50000000000024203e-01 2.50000000000035305e-01 4.99999999999988898e-01 20 4.57617919785976355e+01
0 0 0 39 7.50000000000024203e-01 2.50000000000035305e-01 4.99999999999988898e-01 21 4.57618275999321753e+01
0 0 0 39 7.50000000000024203e-01 2.50000000000035305e-01 4.99999999999988898e-01 22 1.18714092293159894e+02
0 0 0 39 7.50000000000024203e-01 2.50000000000035305e-01 4.99999999999988898e-01 23 1.18714332331641728e+02
0 0 0 39 7.50000000000024203e-01 2.50000000000035305e-01 4.99999999999988898e-01 24 1.25069972555092946e+02
0 0 0 39 7.50000000000024203e-01 2.50000000000035305e-01 4.99999999999988898e-01 25 1.25070116979704792e+02
0 0 0 40 0.00000000000000000e+00 4.99999999999988898e-01 4.99999999999988898e-01 0 -1.43299158792956427e+00
0 0 0 40 0.00000000000000000e+00 4.99999999999988898e-01 4.99999999999988898e-01 1 -1.43298966071494349e+00
0 0 0 40 0.00000000000000000e+00 4.99999999999988898e-01 4.99999999999988898e-01 2 3.58371742379163205e+00
0 0 0 40 0.00000000000000000e+00 4.99999999999988898e-01 4.99999999999988898e-01 3 3.58371742379168623e+00
0 0 0 40 0.00000000000000000e+00 4.99999999999988898e-01 4.99999999999988898e-01 4 7.52239651532337117e+00
0 0 0 40 0.00000000000000000e+00 4.99999999999988898e-01 4.99999999999988898e-01 5 7.52240190897773697e+00
0 0 0 40 0.00000000000000000e+00 4.99999999999988898e-01 4.99999999999988898e-01 6 1.68540934583404933e+01
0 0 0 40 0.00000000000000000e+00 4.99999999999988898e-01 4.99999999999988898e-01 7 1.68540934583405999e+01
0 0 0 40 0.00000000000000000e+00 4.99999999999988898e-01 4.99999999999988898e-01 8 1.81121424486641374e+01
0 0 0 40 0.00000000000000000e+00 4.99999999999988898e-01 4.99999999999988898e-01 9 1.81121424486641374e+01
0 0 0 40 0.00000000000000000e+00 4.99999999999988898e-01 4.99999999999988898e-01 10 2.05878224250362294e+01
0 0 0 40 0.00000000000000000e+00 4.99999999999988898e-01 4.99999999999988898e-01 11 2.05878227300969279e+01
0 0 0 40 0.00000000000000000e+00 4.99999999999988898e-01 4.99999999999988898e-01 12 2.10420979604160436e+01
0 0 0 40 0.00000000000000000e+00 4.99999999999988898e-01 4.99999999999988898e-01 13 2.10420989386425212e+01
0 0 0 40 0.00000000000000000e+00 4.99999999999988898e-01 4.99999999999988898e-01 14 2.93787460125577482e+01
0 0 0 40 0.00000000000000000e+00 4.99999999999988898e-01 4.99999999999988898e-01 15 2.93787679773719006e+01
0 0 0 40 0.00000000000000000e+00 4.99999999999988898e-01 4.99999999999988898e-01 16 3.24440847209759298e+01
0 0 0 40 0.00000000000000000e+00 4.99999999999988898e-01 4.99999999999988898e-01 17 3.24440847209760932e+01
0 0 0 40 0.00000000000000000e+00 4.99999999999988898e-01 4.99999999999988898e-01 18 3.42725379543569701e+01
0 0 0 40 0.00000000000000000e+00 4.99999999999988898e-01 4.99999999999988898e-01 19 3.42725593944827551e+01
0 0 0 40 0.00000000000000000e+00 4.99999999999988898e-01 4.99999999999988898e-01 20 3.75019907734039890e+01
0 0 0 40 0.00000000000000000e+00 4.99999999999988898e-01 4.99999999999988898e-01 21 3.75019907734043443e+01
0 0 0 40 0.00000000000000000e+00 4.99999999999988898e-01 4.99999999999988898e-01 22 1.12297266016077842e+02
0 0 0 40 0.00000000000000000e+00 4.99999999999988898e-01 4.99999999999988898e-01 23 1.12297266016083839e+02
0 0 0 40 0.00000000000000000e+00 4.99999999999988898e-01 4.99999999999988898e-01 24 1.27998191864268378e+02
0 0 0 40 0.00000000000000000e+00 4.99999999999988898e-01 4.99999999999988898e-01 25 1.27998308398695528e+02
0 0 0 41 2.50000000000035305e-01 4.99999999999988953e-01 4.99999999999988953e-01 0 -2.86108298751102108e+00
0 0 0 41 2.50000000000035305e-01 4.99999999999988953e-01 4.99999999999988953e-01 1 -2.79955835259337827e-03
0 0 0 41 2.50000000000035305e-01 4.99999999999988953e-01 4.99999999999988953e-01 2 2.85933300989000250e+00
0 0 0 41 2.50000000000035305e-01 4.99999999999988953e-01 4.99999999999988953e-01 3 4.23356880700230320e+00
0 0 0 41 2.50000000000035305e-01 4.99999999999988953e-01 4.99999999999988953e-01 4 8.36364216523250548e+00
0 0 0 41 2.50000000000035305e-01 4.99999999999988953e-01 4.99999999999988953e-01 5 1.14632162321868645e+01
0 0 0 41 2.50000000000035305e-01 4.99999999999988953e-01 4.99999999999988953e-01 6 1.25468587478207798e+01
0 0 0 41 2.50000000000035305e-01 4.99999999999988953e-01 4.99999999999988953e-01 7 1.28108031340239013e+01
0 0 0 41 2.50000000000035305e-01 4.99999999999988953e-01 4.99999999999988953e-01 8 1.75445330210377008e+01
0 0 0 41 2.50000000000035305e-01 4.99999999999988953e-01 4.99999999999988953e-01 9 1.80492900217465291e+01
0 0 0 41 2.50000000000035305e-01 4.99999999999988953e-01 4.99999999999988953e-01 10 2.01047047207393987e+01
0 0 0 41 2.50000000000035305e-01 4.99999999999988953e-01 4.99999999999988953e-01 11 2.01288468711112145e+01
0 0 0 41 2.50000000000035305e-01 4.99999999999988953e-01 4.99999999999988953e-01 12 2.55320667436287145e+01
0 0 0 41 2.50000000000035305e-01 4.99999999999988953e-01 4.99999999999988953e-01 13 2.59329681914185173e+01
0 0 0 41 2.50000000000035305e-01 4.99999999999988953e-01 4.99999999999988953e-01 14 2.65085959070951525e+01
0 0 0 41 2.50000000000035305e-01 4.99999999999988953e-01 4.99999999999988953e-01 15 2.74187853669978310e+01
0 0 0 41 2.50000000000035305e-01 4.99999999999988953e-01 4.99999999999988953e-01 16 2.92604216723640711e+01
0 0 0 41 2.50000000000035305e-01 4.99999999999988953e-01 4.99999999999988953e-01 17 3.15710443818282798e+01
0 0 0 41 2.50000000000035305e-01 4.99999999999988953e-01 4.99999999999988953e-01 18 3.27736118146601356e+01
0 0 0 41 2.50000000000035305e-01 4.99999999999988953e-01 4.99999999999988953e-01 19 3.76441425110640537e+01
0 0 0 41 2.50000000000035305e-01 4.99999999999988953e-01 4.99999999999988953e-01 20 4.33774346543055671e+01
0 0 0 41 2.50000000000035305e-01 4.99999999999988953e-01 4.99999999999988953e-01 21 4.68552906732918046e+01
0 0 0 41 2.50000000000035305e-01 4.99999999999988953e-01 4.99999999999988953e-01 22 9.32336033724399869e+01
0 0 0 41 2.50000000000035305e-01 4.99999999999988953e-01 4.99999999999988953e-01 23 1.05504226539982042e+02
0 0 0 41 2.50000000000035305e-01 4.99999999999988953e-01 4.99999999999988953e-01 24 1.16121464812228453e+02
0 0 0 41 2.50000000000035305e-01 4.99999999999988953e-01 4.99999999999988953e-01 25 1.36199531300418670e+02
0 0 0 42 5.00000000000070610e-01 5.00000000000070610e-01 5.00000000000070610e-01 0 -3.24596580198793605e+00
0 0 0 42 5.00000000000070610e-01 5.00000000000070610e-01 5.00000000000070610e-01 1 -6.04418885752145529e-01
0 0 0 42 5.00000000000070610e-01 5.00000000000070610e-01 5.00000000000070610e-01 2 5.24067752011174104e+00
0 0 0 42 5.00000000000070610e-01 5.00000000000070610e-01 5.00000000000070610e-01 3 5.24067752011176768e+00
0 0 0 42 5.00000000000070610e-01 5.00000000000070610e-01 5.00000000000070610e-01 4 8.10635145303613847e+00
0 0 0 42 5.00000000000070610e-01 5.00000000000070610e-01 5.00000000000070610e-01 5 1.01723325320598832e+01
0 0 0 42 5.00000000000070610e-01 5.00000000000070610e-01 5.00000000000070610e-01 6 1.01723325320598832e+01
0 0 0 42 5.00000000000070610e-01 5.00000000000070610e-01 5.00000000000070610e-01 7 1.75471393083259706e+01
0 0 0 42 5.00000000000070610e-01 5.00000000000070610e-01 5.00000000000070610e-01 8 1.80041084701005758e+01
0 0 0 42 5.00000000000070610e-01 5.00000000000070610e-01 5.00000000000070610e-01 9 1.80041084701005758e+01
0 0 0 42 5.00000000000070610e-01 5.00000000000070610e-01 5.00000000000070610e-01 10 1.83579416029928915e+01
0 0 0 42 5.00000000000070610e-01 5.00000000000070610e-01 5.00000000000070610e-01 11 1.97306204018279310e+01
0 0 0 42 5.00000000000070610e-01 5.00000000000070610e-01 5.00000000000070610e-01 12 1.97306204018279878e+01
0 0 0 42 5.00000000000070610e-01 5.00000000000070610e-01 5.00000000000070610e-01 13 2.65327225509090425e+01
0 0 0 42 5.00000000000070610e-01 5.00000000000070610e-01 5.00000000000070610e-01 14 2.84591910703909861e+01
0 0 0 42 5.00000000000070610e-01 5.00000000000070610e-01 5.00000000000070610e-01 15 2.96489496347264598e+01
0 0 0 42 5.00000000000070610e-01 5.00000000000070610e-01 5.00000000000070610e-01 16 2.96489496347264847e+01
0 0 0 42 5.00000000000070610e-01 5.00000000000070610e-01 5.00000000000070610e-01 17 3.36128535729160234e+01
0 0 0 42 5.00000000000070610e-01 5.00000000000070610e-01 5.00000000000070610e-01 18 3.36128535729161584e+01
0 0 0 42 5.00000000000070610e-01 5.00000000000070610e-01 5.00000000000070610e-01 19 3.64309474830752862e+01
0 0 0 42 5.00000000000070610e-01 5.00000000000070610e-01 5.00000000000070610e-01 20 6.21815263312237860e+01
0 0 0 42 5.00000000000070610e-01 5.00000000000070610e-01 5.00000000000070610e-01 21 6.21815263312264790e+01
0 0 0 42 5.00000000000070610e-01 5.00000000000070610e-01 5.00000000000070610e-01 22 7.32589956292644899e+01
0 0 0 42 5.00000000000070610e-01 5.00000000000070610e-01 5.00000000000070610e-01 23 7.32589956292654279e+01
0 0 0 42 5.00000000000070610e-01 5.00000000000070610e-01 5.00000000000070610e-01 24 1.06593772898442879e+02
0 0 0 42 5.00000000000070610e-01 5.00000000000070610e-01 5.00000000000070610e-01 25 1.45626421941854204e+02
0 0 0 43 7.49999999999942601e-01 4.99999999999988953e-01 4.99999999999988953e-01 0 -2.86108298751099399e+00
0 0 0 43 7.49999999999942601e-01 4.99999999999988953e-01 4.99999999999988953e-01 1 -2.79955835256616697e-03
0 0 0 43 7.49999999999942601e-01 4.99999999999988953e-01 4.99999999999988953e-01 2 2.85933300988997496e+00
0 0 0 43 7.49999999999942601e-01 4.99999999999988953e-01 4.99999999999988953e-01 3 4.23356880700235738e+00
0 0 0 43 7.49999999999942601e-01 4.99999999999988953e-01 4.99999999999988953e-01 4 8.36364216523250548e+00
0 0 0 43 7.49999999999942601e-01 4.99999999999988953e-01 4.99999999999988953e-01 5 1.14632162321868645e+01
0 0 0 43 7.49999999999942601e-01 4.99999999999988953e-01 4.99999999999988953e-01 6 1.25468587478207798e+01
0 0 0 43 7.49999999999942601e-01 4.99999999999988953e-01 4.99999999999988953e-01 7 1.28108031340239013e+01
0 0 0 43 7.49999999999942601e-01 4.99999999999988953e-01 4.99999999999988953e-01 8 1.75445330210377008e+01
0 0 0 43 7.49999999999942601e-01 4.99999999999988953e-01 4.99999999999988953e-01 9 1.80492900217465291e+01
0 0 0 43 7.49999999999942601e-01 4.99999999999988953e-01 4.99999999999988953e-01 10 2.01047047207393739e+01
0 0 0 43 7.49999999999942601e-01 4.99999999999988953e-01 4.99999999999988953e-01 11 2.01288468711112429e+01
0 0 0 43 7.49999999999942601e-01 4.99999999999988953e-01 4.99999999999988953e-01 12 2.55320667436287145e+01
0 0 0 43 7.49999999999942601e-01 4.99999999999988953e-01 4.99999999999988953e-01 13 2.59329681914184889e+01
0 0 0 43 7.49999999999942601e-01 4.99999999999988953e-01 4.99999999999988953e-01 14 2.65085959070951525e+01
0 0 0 43 7.49999999999942601e-01 4.99999999999988953e-01 4.99999999999988953e-01 15 2.74187853669978558e+01
0 0 0 43 7.49999999999942601e-01 4.99999999999988953e-01 4.99999999999988953e-01 16 2.92604216723641031e+01
0 0 0 43 7.49999999999942601e-01 4.99999999999988953e-01 4.99999999999988953e-01 17 3.15710443818282549e+01
0 0 0 43 7.49999999999942601e-01 4.99999999999988953e-01 4.99999999999988953e-01 18 3.27736118146601072e+01
0 0 0 43 7.49999999999942601e-01 4.99999999999988953e-01 4.99999999999988953e-01 19 3.76441425110639685e+01
0 0 0 43 7.49999999999942601e-01 4.99999999999988953e-01 4.99999999999988953e-01 20 4.33774346543055955e+01
0 0 0 43 7.49999999999942601e-01 4.99999999999988953e-01 4.99999999999988953e-01 21 4.68552906732918331e+01
0 0 0 43 7.49999999999942601e-01 4.99999999999988953e-01 4.99999999999988953e-01 22 9.32336033724402711e+01
0 0 0 43 7.49999999999942601e-01 4.99999999999988953e-01 4.99999999999988953e-01 23 1.05504226539981829e+02
0 0 0 43 7.49999999999942601e-01 4.99999999999988953e-01 4.99999999999988953e-01 24 1.16121464812227586e+02
0 0 0 43 7.49999999999942601e-01 4.99999999999988953e-01 4.99999999999988953e-01 25 1.36199531300420347e+02
0 0 0 44 0.00000000000000000e+00 7.50000000000024314e-01 4.99999999999989009e-01 0 -2.86108298751102108e+00
0 0 0 44 0.00000000000000000e+00 7.50000000000024314e-01 4.99999999999989009e-01 1 -2.79955835259337827e-03
0 0 0 44 0.00000000000000000e+00 7.50000000000024314e-01 4.99999999999989009e-01 2 2.85933300988997496e+00
0 0 0 44 0.00000000000000000e+00 7.50000000000024314e-01 4.99999999999989009e-01 3 4.23356880700238491e+00
0 0 0 44 0.00000000000000000e+00 7.50000000000024314e-01 4.99999999999989009e-01 4 8.36364216523250548e+00
0 0 0 44 0.00000000000000000e+00 7.50000000000024314e-01 4.99999999999989009e-01 5 1.14632162321868911e+01
0 0 0 44 0.00000000000000000e+00 7.50000000000024314e-01 4.99999999999989009e-01 6 1.25468587478207798e+01
0 0 0 44 0.00000000000000000e+00 7.50000000000024314e-01 4.99999999999989009e-01 7 1.28108031340239279e+01
0 0 0 44 0.00000000000000000e+00 7.50000000000024314e-01 4.99999999999989009e-01 8 1.75445330210377541e+01
0 0 0 44 0.00000000000000000e+00 7.50000000000024314e-01 4.99999999999989009e-01 9 1.80492900217465824e+01
0 0 0 44 0.00000000000000000e+00 7.50000000000024314e-01 4.99999999999989009e-01 10 2.01047047207393987e+01
0 0 0 44 0.00000000000000000e+00 7.50000000000024314e-01 4.99999999999989009e-01 11 2.01288468711112429e+01
0 0 0 44 0.00000000000000000e+00 7.50000000000024314e-01 4.99999999999989009e-01 12 2.55320667436287145e+01
0 0 0 44 0.00000000000000000e+00 7.50000000000024314e-01 4.99999999999989009e-01 13 2.59329681914184640e+01
0 0 0 44 0.00000000000000000e+00 7.50000000000024314e-01 4.99999999999989009e-01 14 2.65085959070951773e+01
0 0 0 44 0.00000000000000000e+00 7.50000000000024314e-01 4.99999999999989009e-01 15 2.74187853669978310e+01
0 0 0 44 0.00000000000000000e+00 7.50000000000024314e-01 4.99999999999989009e-01 16 2.92604216723641031e+01
0 0 0 44 0.00000000000000000e+00 7.50000000000024314e-01 4.99999999999989009e-01 17 3.15710443818282265e+01
0 0 0 44 0.00000000000000000e+00 7.50000000000024314e-01 4.99999999999989009e-01 18 3.27736118146601569e+01
0 0 0 44 0.00000000000000000e+00 7.50000000000024314e-01 4.99999999999989009e-01 19 3.76441425110641319e+01
0 0 0 44 0.00000000000000000e+00 7.50000000000024314e-01 4.99999999999989009e-01 20 4.33774346543056240e+01
0 0 0 44 0.00000000000000000e+00 7.50000000000024314e-01 4.99999999999989009e-01 21 4.68552906732922665e+01
0 0 0 44 0.00000000000000000e+00 7.50000000000024314e-01 4.99999999999989009e-01 22 9.32336033724404558e+01
0 0 0 44 0.00000000000000000e+00 7.50000000000024314e-01 4.99999999999989009e-01 23 1.05504226539984089e+02
0 0 0 44 0.00000000000000000e+00 7.50000000000024314e-01 4.99999999999989009e-01 24 1.16121464812232546e+02
0 0 0 44 0.00000000000000000e+00 7.50000000000024314e-01 4.99999999999989009e-01 25 1.36199531300424582e+02
0 0 0 45 2.50000000000035305e-01 7.50000000000024203e-01 4.99999999999988898e-01 0 -1.26812156012933008e+00
0 0 0 45 2.50000000000035305e-01 7.50000000000024203e-01 4.99999999999988898e-01 1 -1.26812014093809311e+00
0 0 0 45 2.50000000000035305e-01 7.50000000000024203e-01 4.99999999999988898e-01 2 2.53792612796414607e+00
0 0 0 45 2.50000000000035305e-01 7.50000000000024203e-01 4.99999999999988898e-01 3 2.53792615976636515e+00
0 0 0 45 2.50000000000035305e-01 7.50000000000024203e-01 4.99999999999988898e-01 4 1.11095175194422584e+01
0 0 0 45 2.50000000000035305e-01 7.50000000000024203e-01 4.99999999999988898e-01 5 1.11095203008824832e+01
0 0 0 45 2.50000000000035305e-01 7.50000000000024203e-01 4.99999999999988898e-01 6 1.20219765188463015e+01
0 0 0 45 2.50000000000035305e-01 7.50000000000024203e-01 4.99999999999988898e-01 7 1.20219771588670596e+01
0 0 0 45 2.50000000000035305e-01 7.50000000000024203e-01 4.99999999999988898e-01 8 1.74329907323669318e+01
0 0 0 45 2.50000000000035305e-01 7.50000000000024203e-01 4.99999999999988898e-01 9 1.74329909751491208e+01
0 0 0 45 2.50000000000035305e-01 7.50000000000024203e-01 4.99999999999988898e-01 10 2.12236709967333077e+01
0 0 0 45 2.50000000000035305e-01 7.50000000000024203e-01 4.99999999999988898e-01 11 2.12236717860890387e+01
0 0 0 45 2.50000000000035305e-01 7.50000000000024203e-01 4.99999999999988898e-01 12 2.63449709131003367e+01
0 0 0 45 2.50000000000035305e-01 7.50000000000024203e-01 4.99999999999988898e-01 13 2.63449739569915558e+01
0 0 0 45 2.50000000000035305e-01 7.50000000000024203e-01 4.99999999999988898e-01 14 2.73527362429683549e+01
0 0 0 45 2.50000000000035305e-01 7.50000000000024203e-01 4.99999999999988898e-01 15 2.73527515475288965e+01
0 0 0 45 2.50000000000035305e-01 7.50000000000024203e-01 4.99999999999988898e-01 16 2.74414776340299973e+01
0 0 0 45 2.50000000000035305e-01 7.50000000000024203e-01 4.99999999999988898e-01 17 2.74414815584045826e+01
0 0 0 45 2.50000000000035305e-01 7.50000000000024203e-01 4.99999999999988898e-01 18 3.42114854151754670e+01
0 0 0 45 2.50000000000035305e-01 7.50000000000024203e-01 4.99999999999988898e-01 19 3.42114873024101342e+01
0 0 0 45 2.50000000000035305e-01 7.50000000000024203e-01 4.99999999999988898e-01 20 4.57617919785976142e+01
0 0 0 45 2.50000000000035305e-01 7.50000000000024203e-01 4.99999999999988898e-01 21 4.57618275999321185e+01
0 0 0 45 2.50000000000035305e-01 7.50000000000024203e-01 4.99999999999988898e-01 22 1.18714092293161443e+02
0 0 0 45 2.50000000000035305e-01 7.50000000000024203e-01 4.99999999999988898e-01 23 1.18714332331641643e+02
0 0 0 45 2.50000000000035305e-01 7.50000000000024203e-01 4.99999999999988898e-01 24 1.25069972555092590e+02
0 0 0 45 2.50000000000035305e-01 7.50000000000024203e-01 4.99999999999988898e-01 25 1.25070116979704451e+02
0 0 0 46 4.99999999999988953e-01 7.49999999999942601e-01 4.99999999999988953e-01 0 -2.86108298751102108e+00
0 0 0 46 4.99999999999988953e-01 7.49999999999942601e-01 4.99999999999988953e-01 1 -2.79955835262059001e-03
0 0 0 46 4.99999999999988953e-01 7.49999999999942601e-01 4.99999999999988953e-01 2 2.85933300988997496e+00
0 0 0 46 4.99999999999988953e-01 7.49999999999942601e-01 4.99999999999988953e-01 3 4.23356880700235738e+00
0 0 0 46 4.99999999999988953e-01 7.49999999999942601e-01 4.99999999999988953e-01 4 8.36364216523253212e+00
0 0 0 46 4.99999999999988953e-01 7.49999999999942601e-01 4.99999999999988953e-01 5 1.14632162321868645e+01
0 0 0 46 4.99999999999988953e-01 7.49999999999942601e-01 4.99999999999988953e-01 6 1.25468587478207532e+01
0 0 0 46 4.99999999999988953e-01 7.49999999999942601e-01 4.99999999999988953e-01 7 1.28108031340239545e+01
0 0 0 46 4.99999999999988953e-01 7.49999999999942601e-01 4.99999999999988953e-01 8 1.75445330210376724e+01
0 0 0 46 4.99999999999988953e-01 7.49999999999942601e-01 4.99999999999988953e-01 9 1.80492900217466108e+01
0 0 0 46 4.99999999999988953e-01 7.49999999999942601e-01 4.99999999999988953e-01 10 2.01047047207393987e+01
0 0 0 46 4.99999999999988953e-01 7.49999999999942601e-01 4.99999999999988953e-01 11 2.01288468711112429e+01
0 0 0 46 4.99999999999988953e-01 7.49999999999942601e-01 4.99999999999988953e-01 12 2.55320667436287145e+01
0 0 0 46 4.99999999999988953e-01 7.49999999999942601e-01 4.99999999999988953e-01 13 2.59329681914183823e+01
0 0 0 46 4.99999999999988953e-01 7.49999999999942601e-01 4.99999999999988953e-01 14 2.65085959070952057e+01
0 0 0 46 4.99999999999988953e-01 7.49999999999942601e-01 4.99999999999988953e-01 15 2.74187853669978310e+01
0 0 0 46 4.99999999999988953e-01 7.49999999999942601e-01 4.99999999999988953e-01 16 2.92604216723641564e+01
0 0 0 46 4.99999999999988953e-01 7.49999999999942601e-01 4.99999999999988953e-01 17 3.15710443818281732e+01
0 0 0 46 4.99999999999988953e-01 7.49999999999942601e-01 4.99999999999988953e-01 18 3.27736118146602138e+01
0 0 0 46 4.99999999999988953e-01 7.49999999999942601e-01 4.99999999999988953e-01 19 3.76441425110640253e+01
0 0 0 46 4.99999999999988953e-01 7.49999999999942601e-01 4.99999999999988953e-01 20 4.33774346543058726e+01
0 0 0 46 4.99999999999988953e-01 7.49999999999942601e-01 4.99999999999988953e-01 21 4.68552906732915559e+01
0 0 0 46 4.99999999999988953e-01 7.49999999999942601e-01 4.99999999999988953e-01 22 9.32336033724434827e+01
0 0 0 46 4.99999999999988953e-01 7.49999999999942601e-01 4.99999999999988953e-01 23 1.05504226539981516e+02
0 0 0 46 4.99999999999988953e-01 7.49999999999942601e-01 4.99999999999988953e-01 24 1.16121464812231068e+02
0 0 0 46 4.99999999999988953e-01 7.49999999999942601e-01 4.99999999999988953e-01 25 1.36199531300417192e+02
0 0 0 47 7.50000000000024203e-01 7.50000000000024203e-01 5.00000000000070610e-01 0 -3.53849822179903395e+00
0 0 0 47 7.50000000000024203e-01 7.50000000000024203e-01 5.00000000000070610e-01 1 9.06912416253456422e-01
0 0 0 47 7.50000000000024203e-01 7.50000000000024203e-01 5.00000000000070610e-01 2 2.63481016961342673e+00
0 0 0 47 7.50000000000024203e-01 7.50000000000024203e-01 5.00000000000070610e-01 3 5.10631189803305219e+00
0 0 0 47 7.50000000000024203e-01 7.50000000000024203e-01 5.00000000000070610e-01 4 9.31446521881768952e+00
0 0 0 47 7.50000000000024203e-01 7.50000000000024203e-01 5.00000000000070610e-01 5 1.15339182333741750e+01
0 0 0 47 7.50000000000024203e-01 7.50000000000024203e-01 5.00000000000070610e-01 6 1.17936320762268938e+01
0 0 0 47 7.50000000000024203e-01 7.50000000000024203e-01 5.00000000000070610e-01 7 1.34999812379512445e+01
0 0 0 47 7.50000000000024203e-01 7.50000000000024203e-01 5.00000000000070610e-01 8 1.38959001860464486e+01
0 0 0 47 7.50000000000024203e-01 7.50000000000024203e-01 5.00000000000070610e-01 9 1.68432294336173527e+01
0 0 0 47 7.50000000000024203e-01 7.50000000000024203e-01 5.00000000000070610e-01 10 2.06946810568216186e+01
0 0 0 47 7.50000000000024203e-01 7.50000000000024203e-01 5.00000000000070610e-01 11 2.38403022107183631e+01
0 0 0 47 7.50000000000024203e-01 7.50000000000024203e-01 5.00000000000070610e-01 12 2.44987015119192897e+01
0 0 0 47 7.50000000000024203e-01 7.50000000000024203e-01 5.00000000000070610e-01 13 2.46800115643746771e+01
0 0 0 47 7.50000000000024203e-01 7.50000000000024203e-01 5.00000000000070610e-01 14 2.70695029269523566e+01
0 0 0 47 7.50000000000024203e-01 7.50000000000024203e-01 5.00000000000070610e-01 15 2.78549641062830382e+01
0 0 0 47 7.50000000000024203e-01 7.50000000000024203e-01 5.00000000000070610e-01 16 2.88872227542143527e+01
0 0 0 47 7.50000000000024203e-01 7.50000000000024203e-01 5.00000000000070610e-01 17 3.04843827400970007e+01
0 0 0 47 7.50000000000024203e-01 7.50000000000024203e-01 5.00000000000070610e-01 18 3.43518934060827732e+01
0 0 0 47 7.50000000000024203e-01 7.50000000000024203e-01 5.00000000000070610e-01 19 3.94879822757698733e+01
0 0 0 47 7.50000000000024203e-01 7.50000000000024203e-01 5.00000000000070610e-01 20 4.71775968599758002e+01
0 0 0 47 7.50000000000024203e-01 7.50000000000024203e-01 5.00000000000070610e-01 21 5.52283881451045531e+01
0 0 0 47 7.50000000000024203e-01 7.50000000000024203e-01 5.00000000000070610e-01 22 8.56233368278736720e+01
0 0 0 47 7.50000000000024203e-01 7.50000000000024203e-01 5.00000000000070610e-01 23 9.58635499918132297e+01
0 0 0 47 7.50000000000024203e-01 7.50000000000024203e-01 5.00000000000070610e-01 24 1.14131336134510747e+02
0 0 0 47 7.50000000000024203e-01 7.50000000000024203e-01 5.00000000000070610e-01 25 1.39318863909795112e+02
0 0 0 48 0.00000000000000000e+00 0.00000000000000000e+00 7.49999999999942601e-01 0 -4.77928439869774557e+00
0 0 0 48 0.00000000000000000e+00 0.00000000000000000e+00 7.49999999999942601e-01 1 2.46680605279676168e+00
0 0 0 48 0.00000000000000000e+00 0.00000000000000000e+00 7.49999999999942601e-01 2 5.67615955045465181e+00
0 0 0 48 0.00000000000000000e+00 0.00000000000000000e+00 7.49999999999942601e-01 3 5.67615955045473264e+00
0 0 0 48 0.00000000000000000e+00 0.00000000000000000e+00 7.49999999999942601e-01 4 8.63478008904079353e+00
0 0 0 48 0.00000000000000000e+00 0.00000000000000000e+00 7.49999999999942601e-01 5 1.01791067980607934e+01
0 0 0 48 0.00000000000000000e+00 0.00000000000000000e+00 7.49999999999942601e-01 6 1.01791067980608219e+01
0 0 0 48 0.00000000000000000e+00 0.00000000000000000e+00 7.49999999999942601e-01 7 1.38167819259345883e+01
0 0 0 48 0.00000000000000000e+00 0.00000000000000000e+00 7.49999999999942601e-01 8 1.47511644089769707e+01
0 0 0 48 0.00000000000000000e+00 0.00000000000000000e+00 7.49999999999942601e-01 9 1.47511644089769973e+01
0 0 0 48 0.00000000000000000e+00 0.00000000000000000e+00 7.49999999999942601e-01 10 1.98647145492865889e+01
0 0 0 48 0.00000000000000000e+00 0.00000000000000000e+00 7.49999999999942601e-01 11 2.28825557074830108e+01
0 0 0 48 0.00000000000000000e+00 0.00000000000000000e+00 7.49999999999942601e-01 12 2.32685984980903449e+01
0 0 0 48 0.00000000000000000e+00 0.00000000000000000e+00 7.49999999999942601e-01 13 2.32685984980903449e+01
0 0 0 48 0.00000000000000000e+00 0.00000000000000000e+00 7.49999999999942601e-01 14 2.95249480917060865e+01
0 0 0 48 0.00000000000000000e+00 0.00000000000000000e+00 7.49999999999942601e-01 15 2.95249480917061149e+01
0 0 0 48 0.00000000000000000e+00 0.00000000000000000e+00 7.49999999999942601e-01 16 3.14747523700925314e+01
0 0 0 48 0.00000000000000000e+00 0.00000000000000000e+00 7.49999999999942601e-01 17 3.39472997493825446e+01
0 0 0 48 0.00000000000000000e+00 0.00000000000000000e+00 7.49999999999942601e-01 18 3.39472997493825446e+01
0 0 0 48 0.00000000000000000e+00 0.00000000000000000e+00 7.49999999999942601e-01 19 4.32507293026723971e+01
0 0 0 48 0.00000000000000000e+00 0.00000000000000000e+00 7.49999999999942601e-01 20 6.13761034511613062e+01
0 0 0 48 0.00000000000000000e+00 0.00000000000000000e+00 7.49999999999942601e-01 21 6.13761034511639139e+01
0 0 0 48 0.00000000000000000e+00 0.00000000000000000e+00 7.49999999999942601e-01 22 9.84576719779510086e+01
0 0 0 48 0.00000000000000000e+00 0.00000000000000000e+00 7.49999999999942601e-01 23 9.84576719779563376e+01
0 0 0 48 0.00000000000000000e+00 0.00000000000000000e+00 7.49999999999942601e-01 24 1.04798743835718724e+02
0 0 0 48 0.00000000000000000e+00 0.00000000000000000e+00 7.49999999999942601e-01 25 1.54047557201720537e+02
0 0 0 49 2.49999999999953593e-01 0.00000000000000000e+00 7.50000000000024203e-01 0 -3.53849822179903395e+00
0 0 0 49 2.49999999999953593e-01 0.00000000000000000e+00 7.50000000000024203e-01 1 9.06912416253456422e-01
0 0 0 49 2.49999999999953593e-01 0.00000000000000000e+00 7.50000000000024203e-01 2 2.63481016961334502e+00
0 0 0 49 2.49999999999953593e-01 0.00000000000000000e+00 7.50000000000024203e-01 3 5.10631189803310725e+00
0 0 0 49 2.49999999999953593e-01 0.00000000000000000e+00 7.50000000000024203e-01 4 9.31446521881757938e+00
0 0 0 49 2.49999999999953593e-01 0.00000000000000000e+00 7.50000000000024203e-01 5 1.15339182333742016e+01
0 0 0 49 2.49999999999953593e-01 0.00000000000000000e+00 7.50000000000024203e-01 6 1.17936320762269471e+01
0 0 0 49 2.49999999999953593e-01 0.00000000000000000e+00 7.50000000000024203e-01 7 1.34999812379511344e+01
0 0 0 49 2.49999999999953593e-01 0.00000000000000000e+00 7.50000000000024203e-01 8 1.38959001860464486e+01
0 0 0 49 2.49999999999953593e-01 0.00000000000000000e+00 7.50000000000024203e-01 9 1.68432294336173776e+01
0 0 0 49 2.49999999999953593e-01 0.00000000000000000e+00 7.50000000000024203e-01 10 2.06946810568215653e+01
0 0 0 49 2.49999999999953593e-01 0.00000000000000000e+00 7.50000000000024203e-01 11 2.38403022107183062e+01
0 0 0 49 2.49999999999953593e-01 0.00000000000000000e+00 7.50000000000024203e-01 12 2.44987015119193430e+01
0 0 0 49 2.49999999999953593e-01 0.00000000000000000e+00 7.50000000000024203e-01 13 2.46800115643747340e+01
0 0 0 49 2.49999999999953593e-01 0.00000000000000000e+00 7.50000000000024203e-01 14 2.70695029269523850e+01
0 0 0 49 2.49999999999953593e-01 0.00000000000000000e+00 7.50000000000024203e-01 15 2.78549641062827895e+01
0 0 0 49 2.49999999999953593e-01 0.00000000000000000e+00 7.50000000000024203e-01 16 2.88872227542143243e+01
0 0 0 49 2.49999999999953593e-01 0.00000000000000000e+00 7.50000000000024203e-01 17 3.04843827400970540e+01
0 0 0 49 2.49999999999953593e-01 0.00000000000000000e+00 7.50000000000024203e-01 18 3.43518934060828514e+01
0 0 0 49 2.49999999999953593e-01 0.00000000000000000e+00 7.50000000000024203e-01 19 3.94879822757694612e+01
0 0 0 49 2.49999999999953593e-01 0.00000000000000000e+00 7.50000000000024203e-01 20 4.71775968599758286e+01
0 0 0 49 2.49999999999953593e-01 0.00000000000000000e+00 7.50000000000024203e-01 21 5.52283881451061589e+01
0 0 0 49 2.49999999999953593e-01 0.00000000000000000e+00 7.50000000000024203e-01 22 8.56233368278737430e+01
0 0 0 49 2.49999999999953593e-01 0.00000000000000000e+00 7.50000000000024203e-01 23 9.58635499918124907e+01
0 0 0 49 2.49999999999953593e-01 0.00000000000000000e+00 7.50000000000024203e-01 24 1.14131336134510789e+02
0 0 0 49 2.49999999999953593e-01 0.00000000000000000e+00 7.50000000000024203e-01 25 1.39318863909783630e+02
0 0 0 50 4.99999999999989009e-01 0.00000000000000000e+00 7.50000000000024314e-01 0 -2.86108298751102108e+00
0 0 0 50 4.99999999999989009e-01 0.00000000000000000e+00 7.50000000000024314e-01 1 -2.79955835262059001e-03
0 0 0 50 4.99999999999989009e-01 0.00000000000000000e+00 7.50000000000024314e-01 2 2.85933300988997496e+00
0 0 0 50 4.99999999999989009e-01 0.00000000000000000e+00 7.50000000000024314e-01 3 4.23356880700238491e+00
0 0 0 50 4.99999999999989009e-01 0.00000000000000000e+00 7.50000000000024314e-01 4 8.36364216523247705e+00
0 0 0 50 4.99999999999989009e-01 0.00000000000000000e+00 7.50000000000024314e-01 5 1.14632162321868911e+01
0 0 0 50 4.99999999999989009e-01 0.00000000000000000e+00 7.50000000000024314e-01 6 1.25468587478207247e+01
0 0 0 50 4.99999999999989009e-01 0.00000000000000000e+00 7.50000000000024314e-01 7 1.28108031340239812e+01
0 0 0 50 4.99999999999989009e-01 0.00000000000000000e+00 7.50000000000024314e-01 8 1.75445330210377826e+01
0 0 0 50 4.99999999999989009e-01 0.00000000000000000e+00 7.50000000000024314e-01 9 1.80492900217465291e+01
0 0 0 50 4.99999999999989009e-01 0.00000000000000000e+00 7.50000000000024314e-01 10 2.01047047207393739e+01
0 0 0 50 4.99999999999989009e-01 0.00000000000000000e+00 7.50000000000024314e-01 11 2.01288468711112145e+01
0 0 0 50 4.99999999999989009e-01 0.00000000000000000e+00 7.50000000000024314e-01 12 2.55320667436287394e+01
0 0 0 50 4.99999999999989009e-01 0.00000000000000000e+00 7.50000000000024314e-01 13 2.59329681914183823e+01
0 0 0 50 4.99999999999989009e-01 0.00000000000000000e+00 7.50000000000024314e-01 14 2.65085959070952590e+01
0 0 0 50 4.99999999999989009e-01 0.00000000000000000e+00 7.50000000000024314e-01 15 2.74187853669978026e+01
0 0 0 50 4.99999999999989009e-01 0.00000000000000000e+00 7.50000000000024314e-01 16 2.92604216723641031e+01
0 0 0 50 4.99999999999989009e-01 0.00000000000000000e+00 7.50000000000024314e-01 17 3.15710443818281163e+01
0 0 0 50 4.99999999999989009e-01 0.00000000000000000e+00 7.50000000000024314e-01 18 3.27736118146602635e+01
0 0 0 50 4.99999999999989009e-01 0.00000000000000000e+00 7.50000000000024314e-01 19 3.76441425110639187e+01
0 0 0 50 4.99999999999989009e-01 0.00000000000000000e+00 7.50000000000024314e-01 20 4.33774346543057092e+01
0 0 0 50 4.99999999999989009e-01 0.00000000000000000e+00 7.50000000000024314e-01 21 4.68552906732919965e+01
0 0 0 50 4.99999999999989009e-01 0.00000000000000000e+00 7.50000000000024314e-01 22 9.32336033724415927e+01
0 0 0 50 4.99999999999989009e-01 0.00000000000000000e+00 7.50000000000024314e-01 23 1.05504226539983762e+02
0 0 0 50 4.99999999999989009e-01 0.00000000000000000e+00 7.50000000000024314e-01 24 1.16121464812231139e+02
0 0 0 50 4.99999999999989009e-01 0.00000000000000000e+00 7.50000000000024314e-01 25 1.36199531300421228e+02
0 0 0 51 7.50000000000024203e-01 0.00000000000000000e+00 7.50000000000024203e-01 0 -4.49597478733595679e+00
0 0 0 51 7.50000000000024203e-01 0.00000000000000000e+00 7.50000000000024203e-01 1 2.87514926603853205e+00
0 0 0 51 7.50000000000024203e-01 0.00000000000000000e+00 7.50000000000024203e-01 2 4.54671193862823753e+00
0 0 0 51 7.50000000000024203e-01 0.00000000000000000e+00 7.50000000000024203e-01 3 4.54671193862826506e+00
0 0 0 51 7.50000000000024203e-01 0.00000000000000000e+00 7.50000000000024203e-01 4 7.79317461735664097e+00
0 0 0 51 7.50000000000024203e-01 0.00000000000000000e+00 7.50000000000024203e-01 5 1.04990338686111340e+01
0 0 0 51 7.50000000000024203e-01 0.00000000000000000e+00 7.50000000000024203e-01 6 1.23759252518943335e+01
0 0 0 51 7.50000000000024203e-01 0.00000000000000000e+00 7.50000000000024203e-01 7 1.23759252518943335e+01
0 0 0 51 7.50000000000024203e-01 0.00000000000000000e+00 7.50000000000024203e-01 8 1.53167335444534807e+01
0 0 0 51 7.50000000000024203e-01 0.00000000000000000e+00 7.50000000000024203e-01 9 1.63769258183246791e+01
0 0 0 51 7.50000000000024203e-01 0.00000000000000000e+00 7.50000000000024203e-01 10 2.11487617275332980e+01
0 0 0 51 7.50000000000024203e-01 0.00000000000000000e+00 7.50000000000024203e-01 11 2.19283964050911386e+01
0 0 0 51 7.50000000000024203e-01 0.00000000000000000e+00 7.50000000000024203e-01 12 2.19283964050911919e+01
0 0 0 51 7.50000000000024203e-01 0.00000000000000000e+00 7.50000000000024203e-01 13 2.58696378526804907e+01
0 0 0 51 7.50000000000024203e-01 0.00000000000000000e+00 7.50000000000024203e-01 14 2.78495385330310192e+01
0 0 0 51 7.50000000000024203e-01 0.00000000000000000e+00 7.50000000000024203e-01 15 2.93335133569814985e+01
0 0 0 51 7.50000000000024203e-01 0.00000000000000000e+00 7.50000000000024203e-01 16 3.17429024718695167e+01
0 0 0 51 7.50000000000024203e-01 0.00000000000000000e+00 7.50000000000024203e-01 17 3.17429024718695416e+01
0 0 0 51 7.50000000000024203e-01 0.00000000000000000e+00 7.50000000000024203e-01 18 3.44916883167834385e+01
0 0 0 51 7.50000000000024203e-01 0.00000000000000000e+00 7.50000000000024203e-01 19 4.50678226240395148e+01
0 0 0 51 7.50000000000024203e-01 0.00000000000000000e+00 7.50000000000024203e-01 20 4.50678226240400335e+01
0 0 0 51 7.50000000000024203e-01 0.00000000000000000e+00 7.50000000000024203e-01 21 5.88951776016263935e+01
0 0 0 51 7.50000000000024203e-01 0.00000000000000000e+00 7.50000000000024203e-01 22 7.89218830742308484e+01
0 0 0 51 7.50000000000024203e-01 0.00000000000000000e+00 7.50000000000024203e-01 23 1.12218916471532367e+02
0 0 0 51 7.50000000000024203e-01 0.00000000000000000e+00 7.50000000000024203e-01 24 1.36814293399775210e+02
0 0 0 51 7.50000000000024203e-01 0.00000000000000000e+00 7.50000000000024203e-01 25 1.36814293399784418e+02
0 0 0 52 0.00000000000000000e+00 2.49999999999953593e-01 7.50000000000024203e-01 0 -3.53849822179903395e+00
0 0 0 52 0.00000000000000000e+00 2.49999999999953593e-01 7.50000000000024203e-01 1 9.06912416253456422e-01
0 0 0 52 0.00000000000000000e+00 2.49999999999953593e-01 7.50000000000024203e-01 2 2.63481016961337255e+00
0 0 0 52 0.00000000000000000e+00 2.49999999999953593e-01 7.50000000000024203e-01 3 5.10631189803310725e+00
0 0 0 52 0.00000000000000000e+00 2.49999999999953593e-01 7.50000000000024203e-01 4 9.31446521881757938e+00
0 0 0 52 0.00000000000000000e+00 2.49999999999953593e-01 7.50000000000024203e-01 5 1.15339182333741750e+01
0 0 0 52 0.00000000000000000e+00 2.49999999999953593e-01 7.50000000000024203e-01 6 1.17936320762269755e+01
0 0 0 52 0.00000000000000000e+00 2.49999999999953593e-01 7.50000000000024203e-01 7 1.34999812379511077e+01
0 0 0 52 0.00000000000000000e+00 2.49999999999953593e-01 7.50000000000024203e-01 8 1.38959001860464486e+01
0 0 0 52 0.00000000000000000e+00 2.49999999999953593e-01 7.50000000000024203e-01 9 1.68432294336173776e+01
0 0 0 52 0.00000000000000000e+00 2.49999999999953593e-01 7.50000000000024203e-01 10 2.06946810568215369e+01
0 0 0 52 0.00000000000000000e+00 2.49999999999953593e-01 7.50000000000024203e-01 11 2.38403022107182530e+01
0 0 0 52 0.00000000000000000e+00 2.49999999999953593e-01 7.50000000000024203e-01 12 2.44987015119193430e+01
0 0 0 52 0.00000000000000000e+00 2.49999999999953593e-01 7.50000000000024203e-01 13 2.46800115643746771e+01
0 0 0 52 0.00000000000000000e+00 2.49999999999953593e-01 7.50000000000024203e-01 14 2.70695029269523566e+01
0 0 0 52 0.00000000000000000e+00 2.49999999999953593e-01 7.50000000000024203e-01 15 2.78549641062829529e+01
0 0 0 52 0.00000000000000000e+00 2.49999999999953593e-01 7.50000000000024203e-01 16 2.88872227542143527e+01
0 0 0 52 0.00000000000000000e+00 2.49999999999953593e-01 7.50000000000024203e-01 17 3.04843827400970291e+01
0 0 0 52 0.00000000000000000e+00 2.49999999999953593e-01 7.50000000000024203e-01 18 3.43518934060827377e+01
0 0 0 52 0.00000000000000000e+00 2.49999999999953593e-01 7.50000000000024203e-01 19 3.94879822757697383e+01
0 0 0 52 0.00000000000000000e+00 2.49999999999953593e-01 7.50000000000024203e-01 20 4.71775968599758286e+01
0 0 0 52 0.00000000000000000e+00 2.49999999999953593e-01 7.50000000000024203e-01 21 5.52283881451051784e+01
0 0 0 52 0.00000000000000000e+00 2.49999999999953593e-01 7.50000000000024203e-01 22 8.56233368278724640e+01
0 0 0 52 0.00000000000000000e+00 2.49999999999953593e-01 7.50000000000024203e-01 23 9.58635499918174219e+01
0 0 0 52 0.00000000000000000e+00 2.49999999999953593e-01 7.50000000000024203e-01 24 1.14131336134516886e+02
0 0 0 52 0.00000000000000000e+00 2.49999999999953593e-01 7.50000000000024203e-01 25 1.39318863909780816e+02
0 0 0 53 2.49999999999953648e-01 2.49999999999953648e-01 7.49999999999942601e-01 0 -2.86108298751102108e+00
0 0 0 53 2.49999999999953648e-01 2.49999999999953648e-01 7.49999999999942601e-01 1 -2.79955835262059001e-03
0 0 0 53 2.49999999999953648e-01 2.49999999999953648e-01 7.49999999999942601e-01 2 2.85933300989000250e+00
0 0 0 53 2.49999999999953648e-01 2.49999999999953648e-01 7.49999999999942601e-01 3 4.23356880700233074e+00
0 0 0 53 2.49999999999953648e-01 2.49999999999953648e-01 7.49999999999942601e-01 4 8.36364216523255877e+00
0 0 0 53 2.49999999999953648e-01 2.49999999999953648e-01 7.49999999999942601e-01 5 1.14632162321868361e+01
0 0 0 53 2.49999999999953648e-01 2.49999999999953648e-01 7.49999999999942601e-01 6 1.25468587478206430e+01
0 0 0 53 2.49999999999953648e-01 2.49999999999953648e-01 7.49999999999942601e-01 7 1.28108031340239545e+01
0 0 0 53 2.49999999999953648e-01 2.49999999999953648e-01 7.49999999999942601e-01 8 1.75445330210377826e+01
0 0 0 53 2.49999999999953648e-01 2.49999999999953648e-01 7.49999999999942601e-01 9 1.80492900217465539e+01
0 0 0 53 2.49999999999953648e-01 2.49999999999953648e-01 7.49999999999942601e-01 10 2.01047047207394556e+01
0 0 0 53 2.49999999999953648e-01 2.49999999999953648e-01 7.49999999999942601e-01 11 2.01288468711112145e+01
0 0 0 53 2.49999999999953648e-01 2.49999999999953648e-01 7.49999999999942601e-01 12 2.55320667436287394e+01
0 0 0 53 2.49999999999953648e-01 2.49999999999953648e-01 7.49999999999942601e-01 13 2.59329681914184889e+01
0 0 0 53 2.49999999999953648e-01 2.49999999999953648e-01 7.49999999999942601e-01 14 2.65085959070952057e+01
0 0 0 53 2.49999999999953648e-01 2.49999999999953648e-01 7.49999999999942601e-01 15 2.74187853669978310e+01
0 0 0 53 2.49999999999953648e-01 2.49999999999953648e-01 7.49999999999942601e-01 16 2.92604216723642097e+01
0 0 0 53 2.49999999999953648e-01 2.49999999999953648e-01 7.49999999999942601e-01 17 3.15710443818281163e+01
0 0 0 53 2.49999999999953648e-01 2.49999999999953648e-01 7.49999999999942601e-01 18 3.27736118146601356e+01
0 0 0 53 2.49999999999953648e-01 2.49999999999953648e-01 7.49999999999942601e-01 19 3.76441425110640822e+01
0 0 0 53 2.49999999999953648e-01 2.49999999999953648e-01 7.49999999999942601e-01 20 4.33774346543055671e+01
0 0 0 53 2.49999999999953648e-01 2.49999999999953648e-01 7.49999999999942601e-01 21 4.68552906732921031e+01
0 0 0 53 2.49999999999953648e-01 2.49999999999953648e-01 7.49999999999942601e-01 22 9.32336033724415501e+01
0 0 0 53 2.49999999999953648e-01 2.49999999999953648e-01 7.49999999999942601e-01 23 1.05504226539983122e+02
0 0 0 53 2.49999999999953648e-01 2.49999999999953648e-01 7.49999999999942601e-01 24 1.16121464812236653e+02
0 0 0 53 2.49999999999953648e-01 2.49999999999953648e-01 7.49999999999942601e-01 25 1.36199531300413298e+02
0 0 0 54 4.99999999999988898e-01 2.50000000000035305e-01 7.50000000000024203e-01 0 -1.26812156012933008e+00
0 0 0 54 4.99999999999988898e-01 2.50000000000035305e-01 7.50000000000024203e-01 1 -1.26812014093801162e+00
0 0 0 54 4.99999999999988898e-01 2.50000000000035305e-01 7.50000000000024203e-01 2 2.53792612796414607e+00
0 0 0 54 4.99999999999988898e-01 2.50000000000035305e-01 7.50000000000024203e-01 3 2.53792615976636515e+00
0 0 0 54 4.99999999999988898e-01 2.50000000000035305e-01 7.50000000000024203e-01 4 1.11095175194422318e+01
0 0 0 54 4.99999999999988898e-01 2.50000000000035305e-01 7.50000000000024203e-01 5 1.11095203008825383e+01
0 0 0 54 4.99999999999988898e-01 2.50000000000035305e-01 7.50000000000024203e-01 6 1.20219765188462748e+01
0 0 0 54 4.99999999999988898e-01 2.50000000000035305e-01 7.50000000000024203e-01 7 1.20219771588670312e+01
0 0 0 54 4.99999999999988898e-01 2.50000000000035305e-01 7.50000000000024203e-01 8 1.74329907323669850e+01
0 0 0 54 4.99999999999988898e-01 2.50000000000035305e-01 7.50000000000024203e-01 9 1.74329909751490675e+01
0 0 0 54 4.99999999999988898e-01 2.50000000000035305e-01 7.50000000000024203e-01 10 2.12236709967332793e+01
0 0 0 54 4.99999999999988898e-01 2.50000000000035305e-01 7.50000000000024203e-01 11 2.12236717860890103e+01
0 0 0 54 4.99999999999988898e-01 2.50000000000035305e-01 7.50000000000024203e-01 12 2.63449709131002834e+01
0 0 0 54 4.99999999999988898e-01 2.50000000000035305e-01 7.50000000000024203e-01 13 2.63449739569916090e+01
0 0 0 54 4.99999999999988898e-01 2.50000000000035305e-01 7.50000000000024203e-01 14 2.73527362429684651e+01
0 0 0 54 4.99999999999988898e-01 2.50000000000035305e-01 7.50000000000024203e-01 15 2.73527515475288112e+01
0 0 0 54 4.99999999999988898e-01 2.50000000000035305e-01 7.50000000000024203e-01 16 2.74414776340300222e+01
0 0 0 54 4.99999999999988898e-01 2.50000000000035305e-01 7.50000000000024203e-01 17 2.74414815584045044e+01
0 0 0 54 4.99999999999988898e-01 2.50000000000035305e-01 7.50000000000024203e-01 18 3.42114854151753818e+01
0 0 0 54 4.99999999999988898e-01 2.50000000000035305e-01 7.50000000000024203e-01 19 3.42114873024102195e+01
0 0 0 54 4.99999999999988898e-01 2.50000000000035305e-01 7.50000000000024203e-01 20 4.57617919785978842e+01
0 0 0 54 4.99999999999988898e-01 2.50000000000035305e-01 7.50000000000024203e-01 21 4.57618275999322819e+01
0 0 0 54 4.99999999999988898e-01 2.50000000000035305e-01 7.50000000000024203e-01 22 1.18714092293167511e+02
0 0 0 54 4.99999999999988898e-01 2.50000000000035305e-01 7.50000000000024203e-01 23 1.18714332331639682e+02
0 0 0 54 4.99999999999988898e-01 2.50000000000035305e-01 7.50000000000024203e-01 24 1.25069972555096015e+02
0 0 0 54 4.99999999999988898e-01 2.50000000000035305e-01 7.50000000000024203e-01 25 1.25070116979697829e+02
0 0 0 55 7.50000000000024314e-01 2.50000000000035305e-01 7.50000000000024314e-01 0 -2.86108298751102108e+00
0 0 0 55 7.50000000000024314e-01 2.50000000000035305e-01 7.50000000000024314e-01 1 -2.79955835259337827e-03
0 0 0 55 7.50000000000024314e-01 2.50000000000035305e-01 7.50000000000024314e-01 2 2.85933300988994787e+00
0 0 0 55 7.50000000000024314e-01 2.50000000000035305e-01 7.50000000000024314e-01 3 4.23356880700235738e+00
0 0 0 55 7.50000000000024314e-01 2.50000000000035305e-01 7.50000000000024314e-01 4 8.36364216523253212e+00
0 0 0 55 7.50000000000024314e-01 2.50000000000035305e-01 7.50000000000024314e-01 5 1.14632162321868645e+01
0 0 0 55 7.50000000000024314e-01 2.50000000000035305e-01 7.50000000000024314e-01 6 1.25468587478206430e+01
0 0 0 55 7.50000000000024314e-01 2.50000000000035305e-01 7.50000000000024314e-01 7 1.28108031340239545e+01
0 0 0 55 7.50000000000024314e-01 2.50000000000035305e-01 7.50000000000024314e-01 8 1.75445330210377541e+01
0 0 0 55 7.50000000000024314e-01 2.50000000000035305e-01 7.50000000000024314e-01 9 1.80492900217465007e+01
0 0 0 55 7.50000000000024314e-01 2.50000000000035305e-01 7.50000000000024314e-01 10 2.01047047207393739e+01
0 0 0 55 7.50000000000024314e-01 2.50000000000035305e-01 7.50000000000024314e-01 11 2.01288468711111612e+01
0 0 0 55 7.50000000000024314e-01 2.50000000000035305e-01 7.50000000000024314e-01 12 2.55320667436287394e+01
0 0 0 55 7.50000000000024314e-01 2.50000000000035305e-01 7.50000000000024314e-01 13 2.59329681914184356e+01
0 0 0 55 7.50000000000024314e-01 2.50000000000035305e-01 7.50000000000024314e-01 14 2.65085959070952590e+01
0 0 0 55 7.50000000000024314e-01 2.50000000000035305e-01 7.50000000000024314e-01 15 2.74187853669977777e+01
0 0 0 55 7.50000000000024314e-01 2.50000000000035305e-01 7.50000000000024314e-01 16 2.92604216723642097e+01
0 0 0 55 7.50000000000024314e-01 2.50000000000035305e-01 7.50000000000024314e-01 17 3.15710443818281163e+01
0 0 0 55 7.50000000000024314e-01 2.50000000000035305e-01 7.50000000000024314e-01 18 3.27736118146602422e+01
0 0 0 55 7.50000000000024314e-01 2.50000000000035305e-01 7.50000000000024314e-01 19 3.76441425110639685e+01
0 0 0 55 7.50000000000024314e-01 2.50000000000035305e-01 7.50000000000024314e-01 20 4.33774346543059508e+01
0 0 0 55 7.50000000000024314e-01 2.50000000000035305e-01 7.50000000000024314e-01 21 4.68552906732918331e+01
0 0 0 55 7.50000000000024314e-01 2.50000000000035305e-01 7.50000000000024314e-01 22 9.32336033724408111e+01
0 0 0 55 7.50000000000024314e-01 2.50000000000035305e-01 7.50000000000024314e-01 23 1.05504226539983406e+02
0 0 0 55 7.50000000000024314e-01 2.50000000000035305e-01 7.50000000000024314e-01 24 1.16121464812236027e+02
0 0 0 55 7.50000000000024314e-01 2.50000000000035305e-01 7.50000000000024314e-01 25 1.36199531300412389e+02
0 0 0 56 0.00000000000000000e+00 4.99999999999989009e-01 7.50000000000024314e-01 0 -2.86108298751099399e+00
0 0 0 56 0.00000000000000000e+00 4.99999999999989009e-01 7.50000000000024314e-01 1 -2.79955835256616697e-03
0 0 0 56 0.00000000000000000e+00 4.99999999999989009e-01 7.50000000000024314e-01 2 2.85933300988997496e+00
0 0 0 56 0.00000000000000000e+00 4.99999999999989009e-01 7.50000000000024314e-01 3 4.23356880700235738e+00
0 0 0 56 0.00000000000000000e+00 4.99999999999989009e-01 7.50000000000024314e-01 4 8.36364216523247705e+00
0 0 0 56 0.00000000000000000e+00 4.99999999999989009e-01 7.50000000000024314e-01 5 1.14632162321868645e+01
0 0 0 56 0.00000000000000000e+00 4.99999999999989009e-01 7.50000000000024314e-01 6 1.25468587478207247e+01
0 0 0 56 0.00000000000000000e+00 4.99999999999989009e-01 7.50000000000024314e-01 7 1.28108031340239545e+01
0 0 0 56 0.00000000000000000e+00 4.99999999999989009e-01 7.50000000000024314e-01 8 1.75445330210377257e+01
0 0 0 56 0.00000000000000000e+00 4.99999999999989009e-01 7.50000000000024314e-01 9 1.80492900217465539e+01
0 0 0 56 0.00000000000000000e+00 4.99999999999989009e-01 7.50000000000024314e-01 10 2.01047047207393454e+01
0 0 0 56 0.00000000000000000e+00 4.99999999999989009e-01 7.50000000000024314e-01 11 2.01288468711111896e+01
0 0 0 56 0.00000000000000000e+00 4.99999999999989009e-01 7.50000000000024314e-01 12 2.55320667436287145e+01
0 0 0 56 0.00000000000000000e+00 4.99999999999989009e-01 7.50000000000024314e-01 13 2.59329681914184071e+01
0 0 0 56 0.00000000000000000e+00 4.99999999999989009e-01 7.50000000000024314e-01 14 2.65085959070952342e+01
0 0 0 56 0.00000000000000000e+00 4.99999999999989009e-01 7.50000000000024314e-01 15 2.74187853669978878e+01
0 0 0 56 0.00000000000000000e+00 4.99999999999989009e-01 7.50000000000024314e-01 16 2.92604216723641031e+01
0 0 0 56 0.00000000000000000e+00 4.99999999999989009e-01 7.50000000000024314e-01 17 3.15710443818282549e+01
0 0 0 56 0.00000000000000000e+00 4.99999999999989009e-01 7.50000000000024314e-01 18 3.27736118146601569e+01
0 0 0 56 0.00000000000000000e+00 4.99999999999989009e-01 7.50000000000024314e-01 19 3.76441425110639472e+01
0 0 0 56 0.00000000000000000e+00 4.99999999999989009e-01 7.50000000000024314e-01 20 4.33774346543056737e+01
0 0 0 56 0.00000000000000000e+00 4.99999999999989009e-01 7.50000000000024314e-01 21 4.68552906732922096e+01
0 0 0 56 0.00000000000000000e+00 4.99999999999989009e-01 7.50000000000024314e-01 22 9.32336033724402000e+01
0 0 0 56 0.00000000000000000e+00 4.99999999999989009e-01 7.50000000000024314e-01 23 1.05504226539982838e+02
0 0 0 56 0.00000000000000000e+00 4.99999999999989009e-01 7.50000000000024314e-01 24 1.16121464812232162e+02
0 0 0 56 0.00000000000000000e+00 4.99999999999989009e-01 7.50000000000024314e-01 25 1.36199531300411138e+02
0 0 0 57 2.50000000000035305e-01 4.99999999999988898e-01 7.50000000000024203e-01 0 -1.26812156012930299e+00
0 0 0 57 2.50000000000035305e-01 4.99999999999988898e-01 7.50000000000024203e-01 1 -1.26812014093801162e+00
0 0 0 57 2.50000000000035305e-01 4.99999999999988898e-01 7.50000000000024203e-01 2 2.53792612796411898e+00
0 0 0 57 2.50000000000035305e-01 4.99999999999988898e-01 7.50000000000024203e-01 3 2.53792615976636515e+00
0 0 0 57 2.50000000000035305e-01 4.99999999999988898e-01 7.50000000000024203e-01 4 1.11095175194422318e+01
0 0 0 57 2.50000000000035305e-01 4.99999999999988898e-01 7.50000000000024203e-01 5 1.11095203008824832e+01
0 0 0 57 2.50000000000035305e-01 4.99999999999988898e-01 7.50000000000024203e-01 6 1.20219765188462748e+01
0 0 0 57 2.50000000000035305e-01 4.99999999999988898e-01 7.50000000000024203e-01 7 1.20219771588670046e+01
0 0 0 57 2.50000000000035305e-01 4.99999999999988898e-01 7.50000000000024203e-01 8 1.74329907323669318e+01
0 0 0 57 2.50000000000035305e-01 4.99999999999988898e-01 7.50000000000024203e-01 9 1.74329909751490959e+01
0 0 0 57 2.50000000000035305e-01 4.99999999999988898e-01 7.50000000000024203e-01 10 2.12236709967332793e+01
0 0 0 57 2.50000000000035305e-01 4.99999999999988898e-01 7.50000000000024203e-01 11 2.12236717860890103e+01
0 0 0 57 2.50000000000035305e-01 4.99999999999988898e-01 7.50000000000024203e-01 12 2.63449709131003367e+01
0 0 0 57 2.50000000000035305e-01 4.99999999999988898e-01 7.50000000000024203e-01 13 2.63449739569915558e+01
0 0 0 57 2.50000000000035305e-01 4.99999999999988898e-01 7.50000000000024203e-01 14 2.73527362429683834e+01
0 0 0 57 2.50000000000035305e-01 4.99999999999988898e-01 7.50000000000024203e-01 15 2.73527515475288681e+01
0 0 0 57 2.50000000000035305e-01 4.99999999999988898e-01 7.50000000000024203e-01 16 2.74414776340299689e+01
0 0 0 57 2.50000000000035305e-01 4.99999999999988898e-01 7.50000000000024203e-01 17 2.74414815584046643e+01
0 0 0 57 2.50000000000035305e-01 4.99999999999988898e-01 7.50000000000024203e-01 18 3.42114854151755239e+01
0 0 0 57 2.50000000000035305e-01 4.99999999999988898e-01 7.50000000000024203e-01 19 3.42114873024100277e+01
0 0 0 57 2.50000000000035305e-01 4.99999999999988898e-01 7.50000000000024203e-01 20 4.57617919785977207e+01
0 0 0 57 2.50000000000035305e-01 4.99999999999988898e-01 7.50000000000024203e-01 21 4.57618275999323885e+01
0 0 0 57 2.50000000000035305e-01 4.99999999999988898e-01 7.50000000000024203e-01 22 1.18714092293157847e+02
0 0 0 57 2.50000000000035305e-01 4.99999999999988898e-01 7.50000000000024203e-01 23 1.18714332331638232e+02
0 0 0 57 2.50000000000035305e-01 4.99999999999988898e-01 7.50000000000024203e-01 24 1.25069972555094324e+02
0 0 0 57 2.50000000000035305e-01 4.99999999999988898e-01 7.50000000000024203e-01 25 1.25070116979698355e+02
0 0 0 58 4.99999999999988953e-01 4.99999999999988953e-01 7.49999999999942601e-01 0 -2.86108298751099399e+00
0 0 0 58 4.99999999999988953e-01 4.99999999999988953e-01 7.49999999999942601e-01 1 -2.79955835259337827e-03
0 0 0 58 4.99999999999988953e-01 4.99999999999988953e-01 7.49999999999942601e-01 2 2.85933300988994787e+00
0 0 0 58 4.99999999999988953e-01 4.99999999999988953e-01 7.49999999999942601e-01 3 4.23356880700235738e+00
0 0 0 58 4.99999999999988953e-01 4.99999999999988953e-01 7.49999999999942601e-01 4 8.36364216523255877e+00
0 0 0 58 4.99999999999988953e-01 4.99999999999988953e-01 7.49999999999942601e-01 5 1.14632162321868361e+01
0 0 0 58 4.99999999999988953e-01 4.99999999999988953e-01 7.49999999999942601e-01 6 1.25468587478207532e+01
0 0 0 58 4.99999999999988953e-01 4.99999999999988953e-01 7.49999999999942601e-01 7 1.28108031340239013e+01
0 0 0 58 4.99999999999988953e-01 4.99999999999988953e-01 7.49999999999942601e-01 8 1.75445330210377257e+01
0 0 0 58 4.99999999999988953e-01 4.99999999999988953e-01 7.49999999999942601e-01 9 1.80492900217465539e+01
0 0 0 58 4.99999999999988953e-01 4.99999999999988953e-01 7.49999999999942601e-01 10 2.01047047207394556e+01
0 0 0 58 4.99999999999988953e-01 4.99999999999988953e-01 7.49999999999942601e-01 11 2.01288468711112145e+01
0 0 0 58 4.99999999999988953e-01 4.99999999999988953e-01 7.49999999999942601e-01 12 2.55320667436287145e+01
0 0 0 58 4.99999999999988953e-01 4.99999999999988953e-01 7.49999999999942601e-01 13 2.59329681914184889e+01
0 0 0 58 4.99999999999988953e-01 4.99999999999988953e-01 7.49999999999942601e-01 14 2.65085959070952057e+01
0 0 0 58 4.99999999999988953e-01 4.99999999999988953e-01 7.49999999999942601e-01 15 2.74187853669978026e+01
0 0 0 58 4.99999999999988953e-01 4.99999999999988953e-01 7.49999999999942601e-01 16 2.92604216723642097e+01
0 0 0 58 4.99999999999988953e-01 4.99999999999988953e-01 7.49999999999942601e-01 17 3.15710443818282016e+01
0 0 0 58 4.99999999999988953e-01 4.99999999999988953e-01 7.49999999999942601e-01 18 3.27736118146602138e+01
0 0 0 58 4.99999999999988953e-01 4.99999999999988953e-01 7.49999999999942601e-01 19 3.76441425110640822e+01
0 0 0 58 4.99999999999988953e-01 4.99999999999988953e-01 7.49999999999942601e-01 20 4.33774346543053824e+01
0 0 0 58 4.99999999999988953e-01 4.99999999999988953e-01 7.49999999999942601e-01 21 4.68552906732921883e+01
0 0 0 58 4.99999999999988953e-01 4.99999999999988953e-01 7.49999999999942601e-01 22 9.32336033724439659e+01
0 0 0 58 4.99999999999988953e-01 4.99999999999988953e-01 7.49999999999942601e-01 23 1.05504226539983080e+02
0 0 0 58 4.99999999999988953e-01 4.99999999999988953e-01 7.49999999999942601e-01 24 1.16121464812227686e+02
0 0 0 58 4.99999999999988953e-01 4.99999999999988953e-01 7.49999999999942601e-01 25 1.36199531300420631e+02
0 0 0 59 7.50000000000024203e-01 5.00000000000070610e-01 7.50000000000024203e-01 0 -3.53849822179903395e+00
0 0 0 59 7.50000000000024203e-01 5.00000000000070610e-01 7.50000000000024203e-01 1 9.06912416253456422e-01
0 0 0 59 7.50000000000024203e-01 5.00000000000070610e-01 7.50000000000024203e-01 2 2.63481016961337255e+00
0 0 0 59 7.50000000000024203e-01 5.00000000000070610e-01 7.50000000000024203e-01 3 5.10631189803313479e+00
0 0 0 59 7.50000000000024203e-01 5.00000000000070610e-01 7.50000000000024203e-01 4 9.31446521881763445e+00
0 0 0 59 7.50000000000024203e-01 5.00000000000070610e-01 7.50000000000024203e-01 5 1.15339182333742016e+01
0 0 0 59 7.50000000000024203e-01 5.00000000000070610e-01 7.50000000000024203e-01 6 1.17936320762269204e+01
0 0 0 59 7.50000000000024203e-01 5.00000000000070610e-01 7.50000000000024203e-01 7 1.34999812379510811e+01
0 0 0 59 7.50000000000024203e-01 5.00000000000070610e-01 7.50000000000024203e-01 8 1.38959001860464753e+01
0 0 0 59 7.50000000000024203e-01 5.00000000000070610e-01 7.50000000000024203e-01 9 1.68432294336173776e+01
0 0 0 59 7.50000000000024203e-01 5.00000000000070610e-01 7.50000000000024203e-01 10 2.06946810568215369e+01
0 0 0 59 7.50000000000024203e-01 5.00000000000070610e-01 7.50000000000024203e-01 11 2.38403022107183631e+01
0 0 0 59 7.50000000000024203e-01 5.00000000000070610e-01 7.50000000000024203e-01 12 2.44987015119193430e+01
0 0 0 59 7.50000000000024203e-01 5.00000000000070610e-01 7.50000000000024203e-01 13 2.46800115643747588e+01
0 0 0 59 7.50000000000024203e-01 5.00000000000070610e-01 7.50000000000024203e-01 14 2.70695029269524134e+01
0 0 0 59 7.50000000000024203e-01 5.00000000000070610e-01 7.50000000000024203e-01 15 2.78549641062828996e+01
0 0 0 59 7.50000000000024203e-01 5.00000000000070610e-01 7.50000000000024203e-01 16 2.88872227542143527e+01
0 0 0 59 7.50000000000024203e-01 5.00000000000070610e-01 7.50000000000024203e-01 17 3.04843827400970540e+01
0 0 0 59 7.50000000000024203e-01 5.00000000000070610e-01 7.50000000000024203e-01 18 3.43518934060828798e+01
0 0 0 59 7.50000000000024203e-01 5.00000000000070610e-01 7.50000000000024203e-01 19 3.94879822757697099e+01
0 0 0 59 7.50000000000024203e-01 5.00000000000070610e-01 7.50000000000024203e-01 20 4.71775968599756368e+01
0 0 0 59 7.50000000000024203e-01 5.00000000000070610e-01 7.50000000000024203e-01 21 5.52283881451062655e+01
0 0 0 59 7.50000000000024203e-01 5.00000000000070610e-01 7.50000000000024203e-01 22 8.56233368278732740e+01
0 0 0 59 7.50000000000024203e-01 5.00000000000070610e-01 7.50000000000024203e-01 23 9.58635499918105580e+01
0 0 0 59 7.50000000000024203e-01 5.00000000000070610e-01 7.50000000000024203e-01 24 1.14131336134509311e+02
0 0 0 59 7.50000000000024203e-01 5.00000000000070610e-01 7.50000000000024203e-01 25 1.39318863909792867e+02
0 0 0 60 0.00000000000000000e+00 7.50000000000024203e-01 7.50000000000024203e-01 0 -4.49597478733595679e+00
0 0 0 60 0.00000000000000000e+00 7.50000000000024203e-01 7.50000000000024203e-01 1 2.87514926603858667e+00
0 0 0 60 0.00000000000000000e+00 7.50000000000024203e-01 7.50000000000024203e-01 2 4.54671193862818335e+00
0 0 0 60 0.00000000000000000e+00 7.50000000000024203e-01 7.50000000000024203e-01 3 4.54671193862823753e+00
0 0 0 60 0.00000000000000000e+00 7.50000000000024203e-01 7.50000000000024203e-01 4 7.79317461735661343e+00
0 0 0 60 0.00000000000000000e+00 7.50000000000024203e-01 7.50000000000024203e-01 5 1.04990338686111073e+01
0 0 0 60 0.00000000000000000e+00 7.50000000000024203e-01 7.50000000000024203e-01 6 1.23759252518943050e+01
0 0 0 60 0.00000000000000000e+00 7.50000000000024203e-01 7.50000000000024203e-01 7 1.23759252518943335e+01
0 0 0 60 0.00000000000000000e+00 7.50000000000024203e-01 7.50000000000024203e-01 8 1.53167335444535091e+01
0 0 0 60 0.00000000000000000e+00 7.50000000000024203e-01 7.50000000000024203e-01 9 1.63769258183246542e+01
0 0 0 60 0.00000000000000000e+00 7.50000000000024203e-01 7.50000000000024203e-01 10 2.11487617275333513e+01
0 0 0 60 0.00000000000000000e+00 7.50000000000024203e-01 7.50000000000024203e-01 11 2.19283964050911102e+01
0 0 0 60 0.00000000000000000e+00 7.50000000000024203e-01 7.50000000000024203e-01 12 2.19283964050911386e+01
0 0 0 60 0.00000000000000000e+00 7.50000000000024203e-01 7.50000000000024203e-01 13 2.58696378526806257e+01
0 0 0 60 0.00000000000000000e+00 7.50000000000024203e-01 7.50000000000024203e-01 14 2.78495385330309908e+01
0 0 0 60 0.00000000000000000e+00 7.50000000000024203e-01 7.50000000000024203e-01 15 2.93335133569815198e+01
0 0 0 60 0.00000000000000000e+00 7.50000000000024203e-01 7.50000000000024203e-01 16 3.17429024718693782e+01
0 0 0 60 0.00000000000000000e+00 7.50000000000024203e-01 7.50000000000024203e-01 17 3.17429024718695416e+01
0 0 0 60 0.00000000000000000e+00 7.50000000000024203e-01 7.50000000000024203e-01 18 3.44916883167836374e+01
0 0 0 60 0.00000000000000000e+00 7.50000000000024203e-01 7.50000000000024203e-01 19 4.50678226240390742e+01
0 0 0 60 0.00000000000000000e+00 7.50000000000024203e-01 7.50000000000024203e-01 20 4.50678226240397564e+01
0 0 0 60 0.00000000000000000e+00 7.50000000000024203e-01 7.50000000000024203e-01 21 5.88951776016273456e+01
0 0 0 60 0.00000000000000000e+00 7.50000000000024203e-01 7.50000000000024203e-01 22 7.89218830742328663e+01
0 0 0 60 0.00000000000000000e+00 7.50000000000024203e-01 7.50000000000024203e-01 23 1.12218916471526896e+02
0 0 0 60 0.00000000000000000e+00 7.50000000000024203e-01 7.50000000000024203e-01 24 1.36814293399771088e+02
0 0 0 60 0.00000000000000000e+00 7.50000000000024203e-01 7.50000000000024203e-01 25 1.36814293399777824e+02
0 0 0 61 2.50000000000035305e-01 7.50000000000024314e-01 7.50000000000024314e-01 0 -2.86108298751099399e+00
0 0 0 61 2.50000000000035305e-01 7.50000000000024314e-01 7.50000000000024314e-01 1 -2.79955835259337827e-03
0 0 0 61 2.50000000000035305e-01 7.50000000000024314e-01 7.50000000000024314e-01 2 2.85933300988994787e+00
0 0 0 61 2.50000000000035305e-01 7.50000000000024314e-01 7.50000000000024314e-01 3 4.23356880700233074e+00
0 0 0 61 2.50000000000035305e-01 7.50000000000024314e-01 7.50000000000024314e-01 4 8.36364216523250548e+00
0 0 0 61 2.50000000000035305e-01 7.50000000000024314e-01 7.50000000000024314e-01 5 1.14632162321868361e+01
0 0 0 61 2.50000000000035305e-01 7.50000000000024314e-01 7.50000000000024314e-01 6 1.25468587478206164e+01
0 0 0 61 2.50000000000035305e-01 7.50000000000024314e-01 7.50000000000024314e-01 7 1.28108031340239279e+01
0 0 0 61 2.50000000000035305e-01 7.50000000000024314e-01 7.50000000000024314e-01 8 1.75445330210377826e+01
0 0 0 61 2.50000000000035305e-01 7.50000000000024314e-01 7.50000000000024314e-01 9 1.80492900217465007e+01
0 0 0 61 2.50000000000035305e-01 7.50000000000024314e-01 7.50000000000024314e-01 10 2.01047047207394272e+01
0 0 0 61 2.50000000000035305e-01 7.50000000000024314e-01 7.50000000000024314e-01 11 2.01288468711111612e+01
0 0 0 61 2.50000000000035305e-01 7.50000000000024314e-01 7.50000000000024314e-01 12 2.55320667436287145e+01
0 0 0 61 2.50000000000035305e-01 7.50000000000024314e-01 7.50000000000024314e-01 13 2.59329681914184640e+01
0 0 0 61 2.50000000000035305e-01 7.50000000000024314e-01 7.50000000000024314e-01 14 2.65085959070952057e+01
0 0 0 61 2.50000000000035305e-01 7.50000000000024314e-01 7.50000000000024314e-01 15 2.74187853669978310e+01
0 0 0 61 2.50000000000035305e-01 7.50000000000024314e-01 7.50000000000024314e-01 16 2.92604216723641812e+01
0 0 0 61 2.50000000000035305e-01 7.50000000000024314e-01 7.50000000000024314e-01 17 3.15710443818282016e+01
0 0 0 61 2.50000000000035305e-01 7.50000000000024314e-01 7.50000000000024314e-01 18 3.27736118146600788e+01
0 0 0 61 2.50000000000035305e-01 7.50000000000024314e-01 7.50000000000024314e-01 19 3.76441425110641603e+01
0 0 0 61 2.50000000000035305e-01 7.50000000000024314e-01 7.50000000000024314e-01 20 4.33774346543057092e+01
0 0 0 61 2.50000000000035305e-01 7.50000000000024314e-01 7.50000000000024314e-01 21 4.68552906732918331e+01
0 0 0 61 2.50000000000035305e-01 7.50000000000024314e-01 7.50000000000024314e-01 22 9.32336033724396316e+01
0 0 0 61 2.50000000000035305e-01 7.50000000000024314e-01 7.50000000000024314e-01 23 1.05504226539983108e+02
0 0 0 61 2.50000000000035305e-01 7.50000000000024314e-01 7.50000000000024314e-01 24 1.16121464812230855e+02
0 0 0 61 2.50000000000035305e-01 7.50000000000024314e-01 7.50000000000024314e-01 25 1.36199531300411223e+02
0 0 0 62 5.00000000000070610e-01 7.50000000000024203e-01 7.50000000000024203e-01 0 -3.53849822179903395e+00
0 0 0 62 5.00000000000070610e-01 7.50000000000024203e-01 7.50000000000024203e-01 1 9.06912416253456422e-01
0 0 0 62 5.00000000000070610e-01 7.50000000000024203e-01 7.50000000000024203e-01 2 2.63481016961339964e+00
0 0 0 62 5.00000000000070610e-01 7.50000000000024203e-01 7.50000000000024203e-01 3 5.10631189803305219e+00
0 0 0 62 5.00000000000070610e-01 7.50000000000024203e-01 7.50000000000024203e-01 4 9.31446521881763445e+00
0 0 0 62 5.00000000000070610e-01 7.50000000000024203e-01 7.50000000000024203e-01 5 1.15339182333741750e+01
0 0 0 62 5.00000000000070610e-01 7.50000000000024203e-01 7.50000000000024203e-01 6 1.17936320762269471e+01
0 0 0 62 5.00000000000070610e-01 7.50000000000024203e-01 7.50000000000024203e-01 7 1.34999812379511077e+01
0 0 0 62 5.00000000000070610e-01 7.50000000000024203e-01 7.50000000000024203e-01 8 1.38959001860464486e+01
0 0 0 62 5.00000000000070610e-01 7.50000000000024203e-01 7.50000000000024203e-01 9 1.68432294336173527e+01
0 0 0 62 5.00000000000070610e-01 7.50000000000024203e-01 7.50000000000024203e-01 10 2.06946810568215938e+01
0 0 0 62 5.00000000000070610e-01 7.50000000000024203e-01 7.50000000000024203e-01 11 2.38403022107183347e+01
0 0 0 62 5.00000000000070610e-01 7.50000000000024203e-01 7.50000000000024203e-01 12 2.44987015119193430e+01
0 0 0 62 5.00000000000070610e-01 7.50000000000024203e-01 7.50000000000024203e-01 13 2.46800115643747056e+01
0 0 0 62 5.00000000000070610e-01 7.50000000000024203e-01 7.50000000000024203e-01 14 2.70695029269523850e+01
0 0 0 62 5.00000000000070610e-01 7.50000000000024203e-01 7.50000000000024203e-01 15 2.78549641062829529e+01
0 0 0 62 5.00000000000070610e-01 7.50000000000024203e-01 7.50000000000024203e-01 16 2.88872227542144095e+01
0 0 0 62 5.00000000000070610e-01 7.50000000000024203e-01 7.50000000000024203e-01 17 3.04843827400970859e+01
0 0 0 62 5.00000000000070610e-01 7.50000000000024203e-01 7.50000000000024203e-01 18 3.43518934060827164e+01
0 0 0 62 5.00000000000070610e-01 7.50000000000024203e-01 7.50000000000024203e-01 19 3.94879822757698733e+01
0 0 0 62 5.00000000000070610e-01 7.50000000000024203e-01 7.50000000000024203e-01 20 4.71775968599757221e+01
0 0 0 62 5.00000000000070610e-01 7.50000000000024203e-01 7.50000000000024203e-01 21 5.52283881451053702e+01
0 0 0 62 5.00000000000070610e-01 7.50000000000024203e-01 7.50000000000024203e-01 22 8.56233368278706166e+01
0 0 0 62 5.00000000000070610e-01 7.50000000000024203e-01 7.50000000000024203e-01 23 9.58635499918095633e+01
0 0 0 62 5.00000000000070610e-01 7.50000000000024203e-01 7.50000000000024203e-01 24 1.14131336134500714e+02
0 0 0 62 5.00000000000070610e-01 7.50000000000024203e-01 7.50000000000024203e-01 25 1.39318863909795368e+02
0 0 0 63 7.49999999999942601e-01 7.49999999999942601e-01 7.49999999999942601e-01 0 -4.77928439869771804e+00
0 0 0 63 7.49999999999942601e-01 7.49999999999942601e-01 7.49999999999942601e-01 1 2.46680605279678922e+00
0 0 0 63 7.49999999999942601e-01 7.49999999999942601e-01 7.49999999999942601e-01 2 5.67615955045470599e+00
0 0 0 63 7.49999999999942601e-01 7.49999999999942601e-01 7.49999999999942601e-01 3 5.67615955045473264e+00
0 0 0 63 7.49999999999942601e-01 7.49999999999942601e-01 7.49999999999942601e-01 4 8.63478008904084859e+00
0 0 0 63 7.49999999999942601e-01 7.49999999999942601e-01 7.49999999999942601e-01 5 1.01791067980607668e+01
0 0 0 63 7.49999999999942601e-01 7.49999999999942601e-01 7.49999999999942601e-01 6 1.01791067980607934e+01
0 0 0 63 7.49999999999942601e-01 7.49999999999942601e-01 7.49999999999942601e-01 7 1.38167819259345066e+01
0 0 0 63 7.49999999999942601e-01 7.49999999999942601e-01 7.49999999999942601e-01 8 1.47511644089769973e+01
0 0 0 63 7.49999999999942601e-01 7.49999999999942601e-01 7.49999999999942601e-01 9 1.47511644089769973e+01
0 0 0 63 7.49999999999942601e-01 7.49999999999942601e-01 7.49999999999942601e-01 10 1.98647145492866173e+01
0 0 0 63 7.49999999999942601e-01 7.49999999999942601e-01 7.49999999999942601e-01 11 2.28825557074829824e+01
0 0 0 63 7.49999999999942601e-01 7.49999999999942601e-01 7.49999999999942601e-01 12 2.32685984980903164e+01
0 0 0 63 7.49999999999942601e-01 7.49999999999942601e-01 7.49999999999942601e-01 13 2.32685984980903449e+01
0 0 0 63 7.49999999999942601e-01 7.49999999999942601e-01 7.49999999999942601e-01 14 2.95249480917060865e+01
0 0 0 63 7.49999999999942601e-01 7.49999999999942601e-01 7.49999999999942601e-01 15 2.95249480917061398e+01
0 0 0 63 7.49999999999942601e-01 7.49999999999942601e-01 7.49999999999942601e-01 16 3.14747523700925314e+01
0 0 0 63 7.49999999999942601e-01 7.49999999999942601e-01 7.49999999999942601e-01 17 3.39472997493824593e+01
0 0 0 63 7.49999999999942601e-01 7.49999999999942601e-01 7.49999999999942601e-01 18 3.39472997493825659e+01
0 0 0 63 7.49999999999942601e-01 7.49999999999942601e-01 7.49999999999942601e-01 19 4.32507293026726742e+01
0 0 0 63 7.49999999999942601e-01 7.49999999999942601e-01 7.49999999999942601e-01 20 6.13761034511612777e+01
0 0 0 63 7.49999999999942601e-01 7.49999999999942601e-01 7.49999999999942601e-01 21 6.13761034511636154e+01
0 0 0 63 7.49999999999942601e-01 7.49999999999942601e-01 7.49999999999942601e-01 22 9.84576719779499712e+01
0 0 0 63 7.49999999999942601e-01 7.49999999999942601e-01 7.49999999999942601e-01 23 9.84576719779548171e+01
0 0 0 63 7.49999999999942601e-01 7.49999999999942601e-01 7.49999999999942601e-01 24 1.04798743835715754e+02
0 0 0 63 7.49999999999942601e-01 7.49999999999942601e-01 7.49999999999942601e-01 25 1.54047557201716444e+02
1 0 0 0 0.00000000000000000e+00 0.00000000000000000e+00 0.00000000000000000e+00 0 -4.00202199695408112e+01
1 0 0 0 0.00000000000000000e+00 0.00000000000000000e+00 0.00000000000000000e+00 1 3.82139125772721577e-01
1 0 0 0 0.00000000000000000e+00 0.00000000000000000e+00 0.00000000000000000e+00 2 3.62284861383500445e+00
1 0 0 0 0.00000000000000000e+00 0.00000000000000000e+00 0.00000000000000000e+00 3 4.40273037081158236e+00
1 0 0 0 0.00000000000000000e+00 0.00000000000000000e+00 0.00000000000000000e+00 4 1.20979319751194403e+01
1 0 0 0 0.00000000000000000e+00 0.00000000000000000e+00 0.00000000000000000e+00 5 1.28055797939542373e+01
1 0 0 0 0.00000000000000000e+00 0.00000000000000000e+00 0.00000000000000000e+00 6 1.30050545203261638e+01
1 0 0 0 0.00000000000000000e+00 0.00000000000000000e+00 0.00000000000000000e+00 7 1.75588066832974867e+01
1 0 0 0 0.00000000000000000e+00 0.00000000000000000e+00 0.00000000000000000e+00 8 1.79634194782343748e+01
1 0 0 0 0.00000000000000000e+00 0.00000000000000000e+00 0.00000000000000000e+00 9 1.88133307689200464e+01
1 0 0 0 0.00000000000000000e+00 0.00000000000000000e+00 0.00000000000000000e+00 10 3.02290126682576208e+01
1 0 0 0 0.00000000000000000e+00 0.00000000000000000e+00 0.00000000000000000e+00 11 3.15593555448327976e+01
1 0 0 0 0.00000000000000000e+00 0.00000000000000000e+00 0.00000000000000000e+00 12 3.22912926120936064e+01
1 0 0 0 0.00000000000000000e+00 0.00000000000000000e+00 0.00000000000000000e+00 13 3.28468844726163596e+01
1 0 0 0 0.00000000000000000e+00 0.00000000000000000e+00 0.00000000000000000e+00 14 4.56629277950236769e+01
1 0 0 0 0.00000000000000000e+00 0.00000000000000000e+00 0.00000000000000000e+00 15 4.80381622558640018e+01
1 0 0 0 0.00000000000000000e+00 0.00000000000000000e+00 0.00000000000000000e+00 16 4.92795275357458138e+01
1 0 0 0 0.00000000000000000e+00 0.00000000000000000e+00 0.00000000000000000e+00 17 5.05063695663785666e+01
1 0 0 0 0.00000000000000000e+00 0.00000000000000000e+00 0.00000000000000000e+00 18 5.14987928713724017e+01
1 0 0 0 0.00000000000000000e+00 0.00000000000000000e+00 0.00000000000000000e+00 19 4.10411116289181450e+02
1 0 0 0 0.00000000000000000e+00 0.00000000000000000e+00 0.00000000000000000e+00 20 4.38357664450338802e+02
1 0 0 0 0.00000000000000000e+00 0.00000000000000000e+00 0.00000000000000000e+00 21 4.79786485505685732e+02
1 0 0 0 0.00000000000000000e+00 0.00000000000000000e+00 0.00000000000000000e+00 22 1.03841563287648864e+03
1 0 0 0 0.00000000000000000e+00 0.00000000000000000e+00 0.00000000000000000e+00 23 1.09780635653929176e+03
1 0 0 0 0.00000000000000000e+00 0.00000000000000000e+00 0.00000000000000000e+00 24 1.17592079307669133e+03
1 0 0 0 0.00000000000000000e+00 0.00000000000000000e+00 0.00000000000000000e+00 25 1.18196274173661686e+03
1 0 0 1 2.50000000000035305e-01 0.00000000000000000e+00 0.00000000000000000e+00 0 -3.90484567532655902e+01
1 0 0 1 2.50000000000035305e-01 0.00000000000000000e+00 0.00000000000000000e+00 1 -9.22043775078126182e-01
1 0 0 1 2.50000000000035305e-01 0.00000000000000000e+00 0.00000000000000000e+00 2 4.97442216322031894e-01
1 0 0 1 2.50000000000035305e-01 0.00000000000000000e+00 0.00000000000000000e+00 3 2.90866391277413650e+00
1 0 0 1 2.50000000000035305e-01 0.00000000000000000e+00 0.00000000000000000e+00 4 1.14341628336018690e+01
1 0 0 1 2.50000000000035305e-01 0.00000000000000000e+00 0.00000000000000000e+00 5 1.37590329430261100e+01
1 0 0 1 2.50000000000035305e-01 0.00000000000000000e+00 0.00000000000000000e+00 6 1.39968821490445308e+01
1 0 0 1 2.50000000000035305e-01 0.00000000000000000e+00 0.00000000000000000e+00 7 1.78462378356174831e+01
1 0 0 1 2.50000000000035305e-01 0.00000000000000000e+00 0.00000000000000000e+00 8 1.83714574830565631e+01
1 0 0 1 2.50000000000035305e-01 0.00000000000000000e+00 0.00000000000000000e+00 9 2.13751519543735569e+01
1 0 0 1 2.50000000000035305e-01 0.00000000000000000e+00 0.00000000000000000e+00 10 2.92137791559414808e+01
1 0 0 1 2.50000000000035305e-01 0.00000000000000000e+00 0.00000000000000000e+00 11 3.24203962625094846e+01
1 0 0 1 2.50000000000035305e-01 0.00000000000000000e+00 0.00000000000000000e+00 12 3.39938427085969792e+01
1 0 0 1 2.50000000000035305e-01 0.00000000000000000e+00 0.00000000000000000e+00 13 3.47042275807269931e+01
1 0 0 1 2.50000000000035305e-01 0.00000000000000000e+00 0.00000000000000000e+00 14 4.23701546807473619e+01
1 0 0 1 2.50000000000035305e-01 0.00000000000000000e+00 0.00000000000000000e+00 15 4.38786160955498090e+01
1 0 0 1 2.50000000000035305e-01 0.00000000000000000e+00 0.00000000000000000e+00 16 4.87167516826268567e+01
1 0 0 1 2.50000000000035305e-01 0.00000000000000000e+00 0.00000000000000000e+00 17 5.07634510522188123e+01
1 0 0 1 2.50000000000035305e-01 0.00000000000000000e+00 0.00000000000000000e+00 18 5.19942484336771784e+01
1 0 0 1 2.50000000000035305e-01 0.00000000000000000e+00 0.00000000000000000e+00 19 1.19839535060389863e+02
1 0 0 1 2.50000000000035305e-01 0.00000000000000000e+00 0.00000000000000000e+00 20 3.37062947166342781e+02
1 0 0 1 2.50000000000035305e-01 0.00000000000000000e+00 0.00000000000000000e+00 21 3.63279133021359655e+02
1 0 0 1 2.50000000000035305e-01 0.00000000000000000e+00 0.00000000000000000e+00 22 8.42828859588425303e+02
1 0 0 1 2.50000000000035305e-01 0.00000000000000000e+00 0.00000000000000000e+00 23 8.79576080912306679e+02
1 0 0 1 2.50000000000035305e-01 0.00000000000000000e+00 0.00000000000000000e+00 24 1.34398470995333423e+03
1 0 0 1 2.50000000000035305e-01 0.00000000000000000e+00 0.00000000000000000e+00 25 2.79148688924726139e+03
1 0 0 2 5.00000000000070610e-01 0.00000000000000000e+00 0.00000000000000000e+00 0 -2.88356656787856913e+01
1 0 0 2 5.00000000000070610e-01 0.00000000000000000e+00 0.00000000000000000e+00 1 -8.78459603715035797e+00
1 0 0 2 5.00000000000070610e-01 0.00000000000000000e+00 0.00000000000000000e+00 2 4.39392181471212229e-01
1 0 0 2 5.00000000000070610e-01 0.00000000000000000e+00 0.00000000000000000e+00 3 2.73891085049267646e+00
1 0 0 2 5.00000000000070610e-01 0.00000000000000000e+00 0.00000000000000000e+00 4 8.98002482521009782e+00
1 0 0 2 5.00000000000070610e-01 0.00000000000000000e+00 0.00000000000000000e+00 5 1.35478782855149937e+01
1 0 0 2 5.00000000000070610e-01 0.00000000000000000e+00 0.00000000000000000e+00 6 1.36498865351756500e+01
1 0 0 2 5.00000000000070610e-01 0.00000000000000000e+00 0.00000000000000000e+00 7 2.30574230810376655e+01
1 0 0 2 5.00000000000070610e-01 0.00000000000000000e+00 0.00000000000000000e+00 8 2.33074567491186322e+01
1 0 0 2 5.00000000000070610e-01 0.00000000000000000e+00 0.00000000000000000e+00 9 2.41384348225138901e+01
1 0 0 2 5.00000000000070610e-01 0.00000000000000000e+00 0.00000000000000000e+00 10 2.80464838057484585e+01
1 0 0 2 5.00000000000070610e-01 0.00000000000000000e+00 0.00000000000000000e+00 11 2.84134316833347391e+01
1 0 0 2 5.00000000000070610e-01 0.00000000000000000e+00 0.00000000000000000e+00 12 2.96500787608624776e+01
1 0 0 2 5.00000000000070610e-01 0.00000000000000000e+00 0.00000000000000000e+00 13 4.01476443348506749e+01
1 0 0 2 5.00000000000070610e-01 0.00000000000000000e+00 0.00000000000000000e+00 14 4.30855498950150562e+01
1 0 0 2 5.00000000000070610e-01 0.00000000000000000e+00 0.00000000000000000e+00 15 4.33055152899258999e+01
1 0 0 2 5.00000000000070610e-01 0.00000000000000000e+00 0.00000000000000000e+00 16 4.49759458595871635e+01
1 0 0 2 5.00000000000070610e-01 0.00000000000000000e+00 0.00000000000000000e+00 17 5.19031620222535679e+01
1 0 0 2 5.00000000000070610e-01 0.00000000000000000e+00 0.00000000000000000e+00 18 5.25440755319975352e+01
1 0 0 2 5.00000000000070610e-01 0.00000000000000000e+00 0.00000000000000000e+00 19 6.66504509338283810e+01
1 0 0 2 5.00000000000070610e-01 0.00000000000000000e+00 0.00000000000000000e+00 20 2.97431228814980670e+02
1 0 0 2 5.00000000000070610e-01 0.00000000000000000e+00 0.00000000000000000e+00 21 3.15746757561822278e+02
1 0 0 2 5.00000000000070610e-01 0.00000000000000000e+00 0.00000000000000000e+00 22 5.61173108500566286e+02
1 0 0 2 5.00000000000070610e-01 0.00000000000000000e+00 0.00000000000000000e+00 23 5.81268660014133616e+02
1 0 0 2 5.00000000000070610e-01 0.00000000000000000e+00 0.00000000000000000e+00 24 1.68025073602141583e+03
1 0 0 2 5.00000000000070610e-01 0.00000000000000000e+00 0.00000000000000000e+00 25 4.07374788765289986e+03
1 0 0 3 7.49999999999942601e-01 0.00000000000000000e+00 0.00000000000000000e+00 0 -3.91153807716870645e+01
1 0 0 3 7.49999999999942601e-01 0.00000000000000000e+00 0.00000000000000000e+00 1 -7.96983932034006526e-01
1 0 0 3 7.49999999999942601e-01 0.00000000000000000e+00 0.00000000000000000e+00 2 5.97177079074463935e-01
1 0 0 3 7.49999999999942601e-01 0.00000000000000000e+00 0.00000000000000000e+00 3 3.11618297689963564e+00
1 0 0 3 7.49999999999942601e-01 0.00000000000000000e+00 0.00000000000000000e+00 4 1.15190935352617494e+01
1 0 0 3 7.49999999999942601e-01 0.00000000000000000e+00 0.00000000000000000e+00 5 1.32641026685661618e+01
1 0 0 3 7.49999999999942601e-01 0.00000000000000000e+00 0.00000000000000000e+00 6 1.37186379679114392e+01
1 0 0 3 7.49999999999942601e-01 0.00000000000000000e+00 0.00000000000000000e+00 7 1.80521975714431733e+01
1 0 0 3 7.49999999999942601e-01 0.00000000000000000e+00 0.00000000000000000e+00 8 1.84895905748561233e+01
1 0 0 3 7.49999999999942601e-01 0.00000000000000000e+00 0.00000000000000000e+00 9 2.10966453594638921e+01
1 0 0 3 7.49999999999942601e-01 0.00000000000000000e+00 0.00000000000000000e+00 10 3.12068086255314725e+01
1 0 0 3 7.49999999999942601e-01 0.00000000000000000e+00 0.00000000000000000e+00 11 3.27456499946108366e+01
1 0 0 3 7.49999999999942601e-01 0.00000000000000000e+00 0.00000000000000000e+00 12 3.34260220104170003e+01
1 0 0 3 7.49999999999942601e-01 0.00000000000000000e+00 0.00000000000000000e+00 13 3.37851719864830784e+01
1 0 0 3 7.49999999999942601e-01 0.00000000000000000e+00 0.00000000000000000e+00 14 4.24561855340773562e+01
1 0 0 3 7.49999999999942601e-01 0.00000000000000000e+00 0.00000000000000000e+00 15 4.37564391148142136e+01
1 0 0 3 7.49999999999942601e-01 0.00000000000000000e+00 0.00000000000000000e+00 16 5.03316669616342622e+01
1 0 0 3 7.49999999999942601e-01 0.00000000000000000e+00 0.00000000000000000e+00 17 5.13529578046076622e+01
1 0 0 3 7.49999999999942601e-01 0.00000000000000000e+00 0.00000000000000000e+00 18 5.28064773617983647e+01
1 0 0 3 7.49999999999942601e-01 0.00000000000000000e+00 0.00000000000000000e+00 19 1.16760126746038353e+02
1 0 0 3 7.49999999999942601e-01 0.00000000000000000e+00 0.00000000000000000e+00 20 3.28932954575629708e+02
1 0 0 3 7.49999999999942601e-01 0.00000000000000000e+00 0.00000000000000000e+00 21 3.49725110494091552e+02
1 0 0 3 7.49999999999942601e-01 0.00000000000000000e+00 0.00000000000000000e+00 22 8.48874807444845601e+02
1 0 0 3 7.49999999999942601e-01 0.00000000000000000e+00 0.00000000000000000e+00 23 8.67697668585438919e+02
1 0 0 3 7.49999999999942601e-01 0.00000000000000000e+00 0.00000000000000000e+00 24 1.34283039361156398e+03
1 0 0 3 7.49999999999942601e-01 0.00000000000000000e+00 0.00000000000000000e+00 25 2.81412341848544656e+03
1 0 0 4 0.00000000000000000e+00 2.50000000000035305e-01 0.00000000000000000e+00 0 -4.04099369714108718e+01
1 0 0 4 0.00000000000000000e+00 2.50000000000035305e-01 0.00000000000000000e+00 1 -2.48917819141444285e+00
1 0 0 4 0.00000000000000000e+00 2.50000000000035305e-01 0.00000000000000000e+00 2 2.94534364954859695e+00
1 0 0 4 0.00000000000000000e+00 2.50000000000035305e-01 0.00000000000000000e+00 3 3.39683306822669095e+00
1 0 0 4 0.00000000000000000e+00 2.50000000000035305e-01 0.00000000000000000e+00 4 1.20586568352189349e+01
1 0 0 4 0.00000000000000000e+00 2.50000000000035305e-01 0.00000000000000000e+00 5 1.36878128657697520e+01
1 0 0 4 0.00000000000000000e+00 2.50000000000035305e-01 0.00000000000000000e+00 6 1.39459076658145040e+01
1 0 0 4 0.00000000000000000e+00 2.50000000000035305e-01 0.00000000000000000e+00 7 1.78442206891551152e+01
1 0 0 4 0.00000000000000000e+00 2.50000000000035305e-01 0.00000000000000000e+00 8 1.83301503139112185e+01
1 0 0 4 0.00000000000000000e+00 2.50000000000035305e-01 0.00000000000000000e+00 9 2.05463388209684297e+01
1 0 0 4 0.00000000000000000e+00 2.50000000000035305e-01 0.00000000000000000e+00 10 3.17847464499040626e+01
1 0 0 4 0.00000000000000000e+00 2.50000000000035305e-01 0.00000000000000000e+00 11 3.26732309465139892e+01
1 0 0 4 0.00000000000000000e+00 2.50000000000035305e-01 0.00000000000000000e+00 12 3.31773577111486020e+01
1 0 0 4 0.00000000000000000e+00 2.50000000000035305e-01 0.00000000000000000e+00 13 3.41846512621885239e+01
1 0 0 4 0.00000000000000000e+00 2.50000000000035305e-01 0.00000000000000000e+00 14 4.31640218575934469e+01
1 0 0 4 0.00000000000000000e+00 2.50000000000035305e-01 0.00000000000000000e+00 15 4.36702550888065559e+01
1 0 0 4 0.00000000000000000e+00 2.50000000000035305e-01 0.00000000000000000e+00 16 4.99117565790118860e+01
1 0 0 4 0.00000000000000000e+00 2.50000000000035305e-01 0.00000000000000000e+00 17 5.12467298394235584e+01
1 0 0 4 0.00000000000000000e+00 2.50000000000035305e-01 0.00000000000000000e+00 18 5.22509622749973772e+01
1 0 0 4 0.00000000000000000e+00 2.50000000000035305e-01 0.00000000000000000e+00 19 1.08563697718733934e+02
1 0 0 4 0.00000000000000000e+00 2.50000000000035305e-01 0.00000000000000000e+00 20 3.20054702816033625e+02
1 0 0 4 0.00000000000000000e+00 2.50000000000035305e-01 0.00000000000000000e+00 21 3.44935983418275384e+02
1 0 0 4 0.00000000000000000e+00 2.50000000000035305e-01 0.00000000000000000e+00 22 8.51209312392333231e+02
1 0 0 4 0.00000000000000000e+00 2.50000000000035305e-01 0.00000000000000000e+00 23 8.79377996939166678e+02
1 0 0 4 0.00000000000000000e+00 2.50000000000035305e-01 0.00000000000000000e+00 24 1.35400831712987701e+03
1 0 0 4 0.00000000000000000e+00 2.50000000000035305e-01 0.00000000000000000e+00 25 2.87060695548810463e+03
1 0 0 5 2.50000000000035305e-01 2.50000000000035305e-01 0.00000000000000000e+00 0 -4.28981672094833257e+01
1 0 0 5 2.50000000000035305e-01 2.50000000000035305e-01 0.00000000000000000e+00 1 -2.12209707785139345e+00
1 0 0 5 2.50000000000035305e-01 2.50000000000035305e-01 0.00000000000000000e+00 2 2.84681731405562832e+00
1 0 0 5 2.50000000000035305e-01 2.50000000000035305e-01 0.00000000000000000e+00 3 3.15068309095300636e+00
1 0 0 5 2.50000000000035305e-01 2.50000000000035305e-01 0.00000000000000000e+00 4 1.03017477390122778e+01
1 0 0 5 2.50000000000035305e-01 2.50000000000035305e-01 0.00000000000000000e+00 5 1.32250582649565445e+01
1 0 0 5 2.50000000000035305e-01 2.50000000000035305e-01 0.00000000000000000e+00 6 1.64366177324762859e+01
1 0 0 5 2.50000000000035305e-01 2.50000000000035305e-01 0.00000000000000000e+00 7 1.67825955047754540e+01
1 0 0 5 2.50000000000035305e-01 2.50000000000035305e-01 0.00000000000000000e+00 8 2.10389134537552636e+01
1 0 0 5 2.50000000000035305e-01 2.50000000000035305e-01 0.00000000000000000e+00 9 2.17517941802329950e+01
1 0 0 5 2.50000000000035305e-01 2.50000000000035305e-01 0.00000000000000000e+00 10 3.01783886046874485e+01
1 0 0 5 2.50000000000035305e-01 2.50000000000035305e-01 0.00000000000000000e+00 11 3.02371372130297651e+01
1 0 0 5 2.50000000000035305e-01 2.50000000000035305e-01 0.00000000000000000e+00 12 3.39434793240154136e+01
1 0 0 5 2.50000000000035305e-01 2.50000000000035305e-01 0.00000000000000000e+00 13 3.86026192706749782e+01
1 0 0 5 2.50000000000035305e-01 2.50000000000035305e-01 0.00000000000000000e+00 14 4.14830350949463025e+01
1 0 0 5 2.50000000000035305e-01 2.50000000000035305e-01 0.00000000000000000e+00 15 4.44017414505537928e+01
1 0 0 5 2.50000000000035305e-01 2.50000000000035305e-01 0.00000000000000000e+00 16 4.70415855419620499e+01
1 0 0 5 2.50000000000035305e-01 2.50000000000035305e-01 0.00000000000000000e+00 17 4.86156079495819426e+01
1 0 0 5 2.50000000000035305e-01 2.50000000000035305e-01 0.00000000000000000e+00 18 5.65152533356006757e+01
1 0 0 5 2.50000000000035305e-01 2.50000000000035305e-01 0.00000000000000000e+00 19 1.32621314121058532e+02
1 0 0 5 2.50000000000035305e-01 2.50000000000035305e-01 0.00000000000000000e+00 20 1.45740122042412821e+02
1 0 0 5 2.50000000000035305e-01 2.50000000000035305e-01 0.00000000000000000e+00 21 2.58798220857175068e+02
1 0 0 5 2.50000000000035305e-01 2.50000000000035305e-01 0.00000000000000000e+00 22 6.70447347531695527e+02
1 0 0 5 2.50000000000035305e-01 2.50000000000035305e-01 0.00000000000000000e+00 23 1.45001012239722741e+03
1 0 0 5 2.50000000000035305e-01 2.50000000000035305e-01 0.00000000000000000e+00 24 1.74578200120080714e+03
1 0 0 5 2.50000000000035305e-01 2.50000000000035305e-01 0.00000000000000000e+00 25 1.98286491062773734e+03
1 0 0 6 4.99999999999988953e-01 2.49999999999953648e-01 0.00000000000000000e+00 0 -3.42089183714023832e+01
1 0 0 6 4.99999999999988953e-01 2.49999999999953648e-01 0.00000000000000000e+00 1 -5.32706273396295060e+00
1 0 0 6 4.99999999999988953e-01 2.49999999999953648e-01 0.00000000000000000e+00 2 -7.74568643023774706e-01
1 0 0 6 4.99999999999988953e-01 2.49999999999953648e-01 0.00000000000000000e+00 3 2.05911127724177323e+00
1 0 0 6 4.99999999999988953e-01 2.49999999999953648e-01 0.00000000000000000e+00 4 1.05099564426818706e+01
1 0 0 6 4.99999999999988953e-01 2.49999999999953648e-01 0.00000000000000000e+00 5 1.38426045021145274e+01
1 0 0 6 4.99999999999988953e-01 2.49999999999953648e-01 0.00000000000000000e+00 6 1.69919076109138345e+01
1 0 0 6 4.99999999999988953e-01 2.49999999999953648e-01 0.00000000000000000e+00 7 1.76834012851306390e+01
1 0 0 6 4.99999999999988953e-01 2.49999999999953648e-01 0.00000000000000000e+00 8 2.37069956803953303e+01
1 0 0 6 4.99999999999988953e-01 2.49999999999953648e-01 0.00000000000000000e+00 9 2.65008223442074495e+01
1 0 0 6 4.99999999999988953e-01 2.49999999999953648e-01 0.00000000000000000e+00 10 2.75366337174299005e+01
1 0 0 6 4.99999999999988953e-01 2.49999999999953648e-01 0.00000000000000000e+00 11 2.92609931307363595e+01
1 0 0 6 4.99999999999988953e-01 2.49999999999953648e-01 0.00000000000000000e+00 12 3.64228894772130189e+01
1 0 0 6 4.99999999999988953e-01 2.49999999999953648e-01 0.00000000000000000e+00 13 3.76448246549983168e+01
1 0 0 6 4.99999999999988953e-01 2.49999999999953648e-01 0.00000000000000000e+00 14 3.86401573033331758e+01
1 0 0 6 4.99999999999988953e-01 2.49999999999953648e-01 0.00000000000000000e+00 15 4.23090920272953781e+01
1 0 0 6 4.99999999999988953e-01 2.49999999999953648e-01 0.00000000000000000e+00 16 4.78065861336297289e+01
1 0 0 6 4.99999999999988953e-01 2.49999999999953648e-01 0.00000000000000000e+00 17 4.87849340862860288e+01
1 0 0 6 4.99999999999988953e-01 2.49999999999953648e-01 0.00000000000000000e+00 18 5.15136953290566808e+01
1 0 0 6 4.99999999999988953e-01 2.49999999999953648e-01 0.00000000000000000e+00 19 7.26470015131002356e+01
1 0 0 6 4.99999999999988953e-01 2.49999999999953648e-01 0.00000000000000000e+00 20 1.23267631886074483e+02
1 0 0 6 4.99999999999988953e-01 2.49999999999953648e-01 0.00000000000000000e+00 21 1.31948648725151315e+02
1 0 0 6 4.99999999999988953e-01 2.49999999999953648e-01 0.00000000000000000e+00 22 9.17697395152112676e+02
1 0 0 6 4.99999999999988953e-01 2.49999999999953648e-01 0.00000000000000000e+00 23 1.10242176870998901e+03
1 0 0 6 4.99999999999988953e-01 2.49999999999953648e-01 0.00000000000000000e+00 24 1.81195586803864489e+03
1 0 0 6 4.99999999999988953e-01 2.49999999999953648e-01 0.00000000000000000e+00 25 3.20858743670169770e+03
1 0 0 7 7.50000000000024203e-01 2.49999999999953593e-01 0.00000000000000000e+00 0 -3.23912506068032613e+01
1 0 0 7 7.50000000000024203e-01 2.49999999999953593e-01 0.00000000000000000e+00 1 -6.53229771784207980e+00
1 0 0 7 7.50000000000024203e-01 2.49999999999953593e-01 0.00000000000000000e+00 2 -3.33727136909263422e-01
1 0 0 7 7.50000000000024203e-01 2.49999999999953593e-01 0.00000000000000000e+00 3 3.06892097198066116e+00
1 0 0 7 7.50000000000024203e-01 2.49999999999953593e-01 0.00000000000000000e+00 4 1.24235407470610664e+01
1 0 0 7 7.50000000000024203e-01 2.49999999999953593e-01 0.00000000000000000e+00 5 1.38894300728715994e+01
1 0 0 7 7.50000000000024203e-01 2.49999999999953593e-01 0.00000000000000000e+00 6 1.60057117528835313e+01
1 0 0 7 7.50000000000024203e-01 2.49999999999953593e-01 0.00000000000000000e+00 7 1.74525722208170286e+01
1 0 0 7 7.50000000000024203e-01 2.49999999999953593e-01 0.00000000000000000e+00 8 1.84778346460064959e+01
1 0 0 7 7.50000000000024203e-01 2.49999999999953593e-01 0.00000000000000000e+00 9 2.49043996684888747e+01
1 0 0 7 7.50000000000024203e-01 2.49999999999953593e-01 0.00000000000000000e+00 10 2.86976993192124219e+01
1 0 0 7 7.50000000000024203e-01 2.49999999999953593e-01 0.00000000000000000e+00 11 3.26372977743363748e+01
1 0 0 7 7.50000000000024203e-01 2.49999999999953593e-01 0.00000000000000000e+00 12 3.50870308659653389e+01
1 0 0 7 7.50000000000024203e-01 2.49999999999953593e-01 0.00000000000000000e+00 13 3.62971245570326175e+01
1 0 0 7 7.50000000000024203e-01 2.49999999999953593e-01 0.00000000000000000e+00 14 3.97218896943363546e+01
1 0 0 7 7.50000000000024203e-01 2.49999999999953593e-01 0.00000000000000000e+00 15 4.11955266872934658e+01
1 0 0 7 7.50000000000024203e-01 2.49999999999953593e-01 0.00000000000000000e+00 16 4.51037803167084377e+01
1 0 0 7 7.50000000000024203e-01 2.49999999999953593e-01 0.00000000000000000e+00 17 4.88947628956054459e+01
1 0 0 7 7.50000000000024203e-01 2.49999999999953593e-01 0.00000000000000000e+00 18 5.37848960702634074e+01
1 0 0 7 7.50000000000024203e-01 2.49999999999953593e-01 0.00000000000000000e+00 19 8.99254920861567371e+01
1 0 0 7 7.50000000000024203e-01 2.49999999999953593e-01 0.00000000000000000e+00 20 1.08927472924912649e+02
1 0 0 7 7.50000000000024203e-01 2.49999999999953593e-01 0.00000000000000000e+00 21 2.32001318640637606e+02
1 0 0 7 7.50000000000024203e-01 2.49999999999953593e-01 0.00000000000000000e+00 22 7.65064831647407686e+02
1 0 0 7 7.50000000000024203e-01 2.49999999999953593e-01 0.00000000000000000e+00 23 1.07019859663942952e+03
1 0 0 7 7.50000000000024203e-01 2.49999999999953593e-01 0.00000000000000000e+00 24 1.67509681453664712e+03
1 0 0 7 7.50000000000024203e-01 2.49999999999953593e-01 0.00000000000000000e+00 25 3.24029342829590223e+03
1 0 0 8 0.00000000000000000e+00 5.00000000000070610e-01 0.00000000000000000e+00 0 -2.95709690430902761e+01
1 0 0 8 0.00000000000000000e+00 5.00000000000070610e-01 0.00000000000000000e+00 1 -8.75830715336185683e+00
1 0 0 8 0.00000000000000000e+00 5.00000000000070610e-01 0.00000000000000000e+00 2 2.68812357921392930e+00
1 0 0 8 0.00000000000000000e+00 5.00000000000070610e-01 0.00000000000000000e+00 3 3.22019197940508084e+00
1 0 0 8 0.00000000000000000e+00 5.00000000000070610e-01 0.00000000000000000e+00 4 9.86553380147140402e+00
1 0 0 8 0.00000000000000000e+00 5.00000000000070610e-01 0.00000000000000000e+00 5 1.34584722912588894e+01
1 0 0 8 0.00000000000000000e+00 5.00000000000070610e-01 0.00000000000000000e+00 6 1.37930961058201422e+01
1 0 0 8 0.00000000000000000e+00 5.00000000000070610e-01 0.00000000000000000e+00 7 2.22260285809399036e+01
1 0 0 8 0.00000000000000000e+00 5.00000000000070610e-01 0.00000000000000000e+00 8 2.29393884634500012e+01
1 0 0 8 0.00000000000000000e+00 5.00000000000070610e-01 0.00000000000000000e+00 9 2.44168136617145244e+01
1 0 0 8 0.00000000000000000e+00 5.00000000000070610e-01 0.00000000000000000e+00 10 2.69915012285805425e+01
1 0 0 8 0.00000000000000000e+00 5.00000000000070610e-01 0.00000000000000000e+00 11 2.82929139626123707e+01
1 0 0 8 0.00000000000000000e+00 5.00000000000070610e-01 0.00000000000000000e+00 12 2.93089815534290992e+01
1 0 0 8 0.00000000000000000e+00 5.00000000000070610e-01 0.00000000000000000e+00 13 3.95579862991418452e+01
1 0 0 8 0.00000000000000000e+00 5.00000000000070610e-01 0.00000000000000000e+00 14 4.15819262028448549e+01
1 0 0 8 0.00000000000000000e+00 5.00000000000070610e-01 0.00000000000000000e+00 15 4.40163324794235891e+01
1 0 0 8 0.00000000000000000e+00 5.00000000000070610e-01 0.00000000000000000e+00 16 4.46157918327000687e+01
1 0 0 8 0.00000000000000000e+00 5.00000000000070610e-01 0.00000000000000000e+00 17 5.12145027067440637e+01
1 0 0 8 0.00000000000000000e+00 5.00000000000070610e-01 0.00000000000000000e+00 18 5.34245174348250202e+01
1 0 0 8 0.00000000000000000e+00 5.00000000000070610e-01 0.00000000000000000e+00 19 6.61456310799122207e+01
1 0 0 8 0.00000000000000000e+00 5.00000000000070610e-01 0.00000000000000000e+00 20 2.89413215929459341e+02
1 0 0 8 0.00000000000000000e+00 5.00000000000070610e-01 0.00000000000000000e+00 21 3.01545030046289014e+02
1 0 0 8 0.00000000000000000e+00 5.00000000000070610e-01 0.00000000000000000e+00 22 5.71888975202670508e+02
1 0 0 8 0.00000000000000000e+00 5.00000000000070610e-01 0.00000000000000000e+00 23 5.82492772945440151e+02
1 0 0 8 0.00000000000000000e+00 5.00000000000070610e-01 0.00000000000000000e+00 24 1.80112311881493360e+03
1 0 0 8 0.00000000000000000e+00 5.00000000000070610e-01 0.00000000000000000e+00 25 4.17458375996172617e+03
1 0 0 9 2.49999999999953648e-01 4.99999999999988953e-01 0.00000000000000000e+00 0 -3.32047420012753634e+01
1 0 0 9 2.49999999999953648e-01 4.99999999999988953e-01 0.00000000000000000e+00 1 -5.28059934126327590e+00
1 0 0 9 2.49999999999953648e-01 4.99999999999988953e-01 0.00000000000000000e+00 2 -4.16998310294626084e-01
1 0 0 9 2.49999999999953648e-01 4.99999999999988953e-01 0.00000000000000000e+00 3 2.36875773779301513e+00
1 0 0 9 2.49999999999953648e-01 4.99999999999988953e-01 0.00000000000000000e+00 4 1.06073534371147176e+01
1 0 0 9 2.49999999999953648e-01 4.99999999999988953e-01 0.00000000000000000e+00 5 1.39272301915387615e+01
1 0 0 9 2.49999999999953648e-01 4.99999999999988953e-01 0.00000000000000000e+00 6 1.73077129482500673e+01
1 0 0 9 2.49999999999953648e-01 4.99999999999988953e-01 0.00000000000000000e+00 7 1.79652787977052313e+01
1 0 0 9 2.49999999999953648e-01 4.99999999999988953e-01 0.00000000000000000e+00 8 2.37164473077153239e+01
1 0 0 9 2.49999999999953648e-01 4.99999999999988953e-01 0.00000000000000000e+00 9 2.53760875353859348e+01
1 0 0 9 2.49999999999953648e-01 4.99999999999988953e-01 0.00000000000000000e+00 10 2.76208059159434427e+01
1 0 0 9 2.49999999999953648e-01 4.99999999999988953e-01 0.00000000000000000e+00 11 2.90659605902952265e+01
1 0 0 9 2.49999999999953648e-01 4.99999999999988953e-01 0.00000000000000000e+00 12 3.55852234666228640e+01
1 0 0 9 2.49999999999953648e-01 4.99999999999988953e-01 0.00000000000000000e+00 13 3.75311278146584115e+01
1 0 0 9 2.49999999999953648e-01 4.99999999999988953e-01 0.00000000000000000e+00 14 3.86276247507732720e+01
1 0 0 9 2.49999999999953648e-01 4.99999999999988953e-01 0.00000000000000000e+00 15 4.30296666351030126e+01
1 0 0 9 2.49999999999953648e-01 4.99999999999988953e-01 0.00000000000000000e+00 16 4.79878197118601335e+01
1 0 0 9 2.49999999999953648e-01 4.99999999999988953e-01 0.00000000000000000e+00 17 4.97977274937863896e+01
1 0 0 9 2.49999999999953648e-01 4.99999999999988953e-01 0.00000000000000000e+00 18 5.07961265696811353e+01
1 0 0 9 2.49999999999953648e-01 4.99999999999988953e-01 0.00000000000000000e+00 19 7.33823120760234247e+01
1 0 0 9 2.49999999999953648e-01 4.99999999999988953e-01 0.00000000000000000e+00 20 1.23760694200883449e+02
1 0 0 9 2.49999999999953648e-01 4.99999999999988953e-01 0.00000000000000000e+00 21 1.31152704838753039e+02
1 0 0 9 2.49999999999953648e-01 4.99999999999988953e-01 0.00000000000000000e+00 22 7.93456241024529504e+02
1 0 0 9 2.49999999999953648e-01 4.99999999999988953e-01 0.00000000000000000e+00 23 1.10677028577948568e+03
1 0 0 9 2.49999999999953648e-01 4.99999999999988953e-01 0.00000000000000000e+00 24 1.95875296714802107e+03
1 0 0 9 2.49999999999953648e-01 4.99999999999988953e-01 0.00000000000000000e+00 25 3.30097018740368867e+03
1 0 0 10 4.99999999999988898e-01 4.99999999999988898e-01 0.00000000000000000e+00 0 -3.28550401146249840e+01
1 0 0 10 4.99999999999988898e-01 4.99999999999988898e-01 0.00000000000000000e+00 1 -6.80099366634541624e+00
1 0 0 10 4.99999999999988898e-01 4.99999999999988898e-01 0.00000000000000000e+00 2 2.17227216186757488e+00
1 0 0 10 4.99999999999988898e-01 4.99999999999988898e-01 0.00000000000000000e+00 3 2.41801413828000911e+00
1 0 0 10 4.99999999999988898e-01 4.99999999999988898e-01 0.00000000000000000e+00 4 9.13321949500506491e+00
1 0 0 10 4.99999999999988898e-01 4.99999999999988898e-01 0.00000000000000000e+00 5 9.68115364310544457e+00
1 0 0 10 4.99999999999988898e-01 4.99999999999988898e-01 0.00000000000000000e+00 6 2.23683321840026288e+01
1 0 0 10 4.99999999999988898e-01 4.99999999999988898e-01 0.00000000000000000e+00 7 2.34917403097429442e+01
1 0 0 10 4.99999999999988898e-01 4.99999999999988898e-01 0.00000000000000000e+00 8 2.55159248774480041e+01
1 0 0 10 4.99999999999988898e-01 4.99999999999988898e-01 0.00000000000000000e+00 9 2.58031106084331476e+01
1 0 0 10 4.99999999999988898e-01 4.99999999999988898e-01 0.00000000000000000e+00 10 2.62928700026525028e+01
1 0 0 10 4.99999999999988898e-01 4.99999999999988898e-01 0.00000000000000000e+00 11 2.72661084775686575e+01
1 0 0 10 4.99999999999988898e-01 4.99999999999988898e-01 0.00000000000000000e+00 12 3.02209376725379713e+01
1 0 0 10 4.99999999999988898e-01 4.99999999999988898e-01 0.00000000000000000e+00 13 3.18061883555770955e+01
1 0 0 10 4.99999999999988898e-01 4.99999999999988898e-01 0.00000000000000000e+00 14 4.43752380200296912e+01
1 0 0 10 4.99999999999988898e-01 4.99999999999988898e-01 0.00000000000000000e+00 15 4.54505166320894247e+01
1 0 0 10 4.99999999999988898e-01 4.99999999999988898e-01 0.00000000000000000e+00 16 5.05744432077363868e+01
1 0 0 10 4.99999999999988898e-01 4.99999999999988898e-01 0.00000000000000000e+00 17 5.20994535809577215e+01
1 0 0 10 4.99999999999988898e-01 4.99999999999988898e-01 0.00000000000000000e+00 18 6.43319668797141730e+01
1 0 0 10 4.99999999999988898e-01 4.99999999999988898e-01 0.00000000000000000e+00 19 7.01479831092208173e+01
1 0 0 10 4.99999999999988898e-01 4.99999999999988898e-01 0.00000000000000000e+00 20 8.05047744850219118e+01
1 0 0 10 4.99999999999988898e-01 4.99999999999988898e-01 0.00000000000000000e+00 21 8.53216095962453380e+01
1 0 0 10 4.99999999999988898e-01 4.99999999999988898e-01 0.00000000000000000e+00 22 1.20921753255428666e+03
1 0 0 10 4.99999999999988898e-01 4.99999999999988898e-01 0.00000000000000000e+00 23 1.31683219805710291e+03
1 0 0 10 4.99999999999988898e-01 4.99999999999988898e-01 0.00000000000000000e+00 24 2.36541185237851732e+03
1 0 0 10 4.99999999999988898e-01 4.99999999999988898e-01 0.00000000000000000e+00 25 2.49376615692219775e+03
1 0 0 11 7.50000000000024314e-01 4.99999999999989009e-01 0.00000000000000000e+00 0 -3.32056571333535331e+01
1 0 0 11 7.50000000000024314e-01 4.99999999999989009e-01 0.00000000000000000e+00 1 -5.28371210564136984e+00
1 0 0 11 7.50000000000024314e-01 4.99999999999989009e-01 0.00000000000000000e+00 2 -4.09207217796428324e-01
1 0 0 11 7.50000000000024314e-01 4.99999999999989009e-01 0.00000000000000000e+00 3 2.38237944619285980e+00
1 0 0 11 7.50000000000024314e-01 4.99999999999989009e-01 0.00000000000000000e+00 4 1.06073605450140906e+01
1 0 0 11 7.50000000000024314e-01 4.99999999999989009e-01 0.00000000000000000e+00 5 1.39111636335629516e+01
1 0 0 11 7.50000000000024314e-01 4.99999999999989009e-01 0.00000000000000000e+00 6 1.73108982248413525e+01
1 0 0 11 7.50000000000024314e-01 4.99999999999989009e-01 0.00000000000000000e+00 7 1.79774227261630877e+01
1 0 0 11 7.50000000000024314e-01 4.99999999999989009e-01 0.00000000000000000e+00 8 2.36890741462601895e+01
1 0 0 11 7.50000000000024314e-01 4.99999999999989009e-01 0.00000000000000000e+00 9 2.53818178980407936e+01
1 0 0 11 7.50000000000024314e-01 4.99999999999989009e-01 0.00000000000000000e+00 10 2.75696465293766515e+01
1 0 0 11 7.50000000000024314e-01 4.99999999999989009e-01 0.00000000000000000e+00 11 2.90729885545588971e+01
1 0 0 11 7.50000000000024314e-01 4.99999999999989009e-01 0.00000000000000000e+00 12 3.55742480051454777e+01
1 0 0 11 7.50000000000024314e-01 4.99999999999989009e-01 0.00000000000000000e+00 13 3.75565081427185490e+01
1 0 0 11 7.50000000000024314e-01 4.99999999999989009e-01 0.00000000000000000e+00 14 3.85785195988529352e+01
1 0 0 11 7.50000000000024314e-01 4.99999999999989009e-01 0.00000000000000000e+00 15 4.30390417034075767e+01
1 0 0 11 7.50000000000024314e-01 4.99999999999989009e-01 0.00000000000000000e+00 16 4.80185079370713410e+01
1 0 0 11 7.50000000000024314e-01 4.99999999999989009e-01 0.00000000000000000e+00 17 4.98322582686533977e+01
1 0 0 11 7.50000000000024314e-01 4.99999999999989009e-01 0.00000000000000000e+00 18 5.07851823205972508e+01
1 0 0 11 7.50000000000024314e-01 4.99999999999989009e-01 0.00000000000000000e+00 19 7.33980491637086061e+01
1 0 0 11 7.50000000000024314e-01 4.99999999999989009e-01 0.00000000000000000e+00 20 1.23688078990598626e+02
1 0 0 11 7.50000000000024314e-01 4.99999999999989009e-01 0.00000000000000000e+00 21 1.31150760393628559e+02
1 0 0 11 7.50000000000024314e-01 4.99999999999989009e-01 0.00000000000000000e+00 22 7.96405241582352460e+02
1 0 0 11 7.50000000000024314e-01 4.99999999999989009e-01 0.00000000000000000e+00 23 1.10662301191592951e+03
1 0 0 11 7.50000000000024314e-01 4.99999999999989009e-01 0.00000000000000000e+00 24 1.95724796302801883e+03
1 0 0 11 7.50000000000024314e-01 4.99999999999989009e-01 0.00000000000000000e+00 25 3.30082334421395444e+03
1 0 0 12 0.00000000000000000e+00 7.49999999999942601e-01 0.00000000000000000e+00 0 -4.04887381239936559e+01
1 0 0 12 0.00000000000000000e+00 7.49999999999942601e-01 0.00000000000000000e+00 1 -2.53981384242096864e+00
1 0 0 12 0.00000000000000000e+00 7.49999999999942601e-01 0.00000000000000000e+00 2 2.85824378839419468e+00
1 0 0 12 0.00000000000000000e+00 7.49999999999942601e-01 0.00000000000000000e+00 3 3.67488193212661240e+00
1 0 0 12 0.00000000000000000e+00 7.49999999999942601e-01 0.00000000000000000e+00 4 1.12015145519776649e+01
1 0 0 12 0.00000000000000000e+00 7.49999999999942601e-01 0.00000000000000000e+00 5 1.33822405632528572e+01
1 0 0 12 0.00000000000000000e+00 7.49999999999942601e-01 0.00000000000000000e+00 6 1.40487394506253587e+01
1 0 0 12 0.00000000000000000e+00 7.49999999999942601e-01 0.00000000000000000e+00 7 1.78428231885435196e+01
1 0 0 12 0.00000000000000000e+00 7.49999999999942601e-01 0.00000000000000000e+00 8 1.81780490382308066e+01
1 0 0 12 0.00000000000000000e+00 7.49999999999942601e-01 0.00000000000000000e+00 9 2.11035508904691227e+01
1 0 0 12 0.00000000000000000e+00 7.49999999999942601e-01 0.00000000000000000e+00 10 3.11803265828330503e+01
1 0 0 12 0.00000000000000000e+00 7.49999999999942601e-01 0.00000000000000000e+00 11 3.29138326495448013e+01
1 0 0 12 0.00000000000000000e+00 7.49999999999942601e-01 0.00000000000000000e+00 12 3.34857122202954685e+01
1 0 0 12 0.00000000000000000e+00 7.49999999999942601e-01 0.00000000000000000e+00 13 3.43152697806980669e+01
1 0 0 12 0.00000000000000000e+00 7.49999999999942601e-01 0.00000000000000000e+00 14 4.30182459336672807e+01
1 0 0 12 0.00000000000000000e+00 7.49999999999942601e-01 0.00000000000000000e+00 15 4.38323140037902874e+01
1 0 0 12 0.00000000000000000e+00 7.49999999999942601e-01 0.00000000000000000e+00 16 4.94759724487010644e+01
1 0 0 12 0.00000000000000000e+00 7.49999999999942601e-01 0.00000000000000000e+00 17 5.12540618263542811e+01
1 0 0 12 0.00000000000000000e+00 7.49999999999942601e-01 0.00000000000000000e+00 18 5.20828564762267945e+01
1 0 0 12 0.00000000000000000e+00 7.49999999999942601e-01 0.00000000000000000e+00 19 1.11013852871757663e+02
1 0 0 12 0.00000000000000000e+00 7.49999999999942601e-01 0.00000000000000000e+00 20 3.33060988378572119e+02
1 0 0 12 0.00000000000000000e+00 7.49999999999942601e-01 0.00000000000000000e+00 21 3.52040380037623322e+02
1 0 0 12 0.00000000000000000e+00 7.49999999999942601e-01 0.00000000000000000e+00 22 8.44817419501231711e+02
1 0 0 12 0.00000000000000000e+00 7.49999999999942601e-01 0.00000000000000000e+00 23 9.05461414913402677e+02
1 0 0 12 0.00000000000000000e+00 7.49999999999942601e-01 0.00000000000000000e+00 24 1.35791104001760300e+03
1 0 0 12 0.00000000000000000e+00 7.49999999999942601e-01 0.00000000000000000e+00 25 2.86312376877698352e+03
1 0 0 13 2.49999999999953593e-01 7.50000000000024203e-01 0.00000000000000000e+00 0 -3.23960575035676825e+01
1 0 0 13 2.49999999999953593e-01 7.50000000000024203e-01 0.00000000000000000e+00 1 -6.59436641025944681e+00
1 0 0 13 2.49999999999953593e-01 7.50000000000024203e-01 0.00000000000000000e+00 2 -3.20280111015817270e-01
1 0 0 13 2.49999999999953593e-01 7.50000000000024203e-01 0.00000000000000000e+00 3 3.05965642327974674e+00
1 0 0 13 2.49999999999953593e-01 7.50000000000024203e-01 0.00000000000000000e+00 4 1.24638699277679610e+01
1 0 0 13 2.49999999999953593e-01 7.50000000000024203e-01 0.00000000000000000e+00 5 1.38876470387980806e+01
1 0 0 13 2.49999999999953593e-01 7.50000000000024203e-01 0.00000000000000000e+00 6 1.60193405991440230e+01
1 0 0 13 2.49999999999953593e-01 7.50000000000024203e-01 0.00000000000000000e+00 7 1.74623009418966575e+01
1 0 0 13 2.49999999999953593e-01 7.50000000000024203e-01 0.00000000000000000e+00 8 1.86485679213323188e+01
1 0 0 13 2.49999999999953593e-01 7.50000000000024203e-01 0.00000000000000000e+00 9 2.49401081848105513e+01
1 0 0 13 2.49999999999953593e-01 7.50000000000024203e-01 0.00000000000000000e+00 10 2.87680421681379528e+01
1 0 0 13 2.49999999999953593e-01 7.50000000000024203e-01 0.00000000000000000e+00 11 3.26057686472991364e+01
1 0 0 13 2.49999999999953593e-01 7.50000000000024203e-01 0.00000000000000000e+00 12 3.51045506849387792e+01
1 0 0 13 2.49999999999953593e-01 7.50000000000024203e-01 0.00000000000000000e+00 13 3.60368440710220739e+01
1 0 0 13 2.49999999999953593e-01 7.50000000000024203e-01 0.00000000000000000e+00 14 3.97453462577208825e+01
1 0 0 13 2.49999999999953593e-01 7.50000000000024203e-01 0.00000000000000000e+00 15 4.06176243377049460e+01
1 0 0 13 2.49999999999953593e-01 7.50000000000024203e-01 0.00000000000000000e+00 16 4.47377108768458882e+01
1 0 0 13 2.49999999999953593e-01 7.50000000000024203e-01 0.00000000000000000e+00 17 4.90643394675255635e+01
1 0 0 13 2.49999999999953593e-01 7.50000000000024203e-01 0.00000000000000000e+00 18 5.37363678297827079e+01
1 0 0 13 2.49999999999953593e-01 7.50000000000024203e-01 0.00000000000000000e+00 19 8.94133431757825576e+01
1 0 0 13 2.49999999999953593e-01 7.50000000000024203e-01 0.00000000000000000e+00 20 1.10393666550025685e+02
1 0 0 13 2.49999999999953593e-01 7.50000000000024203e-01 0.00000000000000000e+00 21 2.31848654027489204e+02
1 0 0 13 2.49999999999953593e-01 7.50000000000024203e-01 0.00000000000000000e+00 22 7.65877474260416648e+02
1 0 0 13 2.49999999999953593e-01 7.50000000000024203e-01 0.00000000000000000e+00 23 1.07348067427166302e+03
1 0 0 13 2.49999999999953593e-01 7.50000000000024203e-01 0.00000000000000000e+00 24 1.68905450248330749e+03
1 0 0 13 2.49999999999953593e-01 7.50000000000024203e-01 0.00000000000000000e+00 25 3.25299340387372331e+03
1 0 0 14 4.99999999999989009e-01 7.50000000000024314e-01 0.00000000000000000e+00 0 -3.42096931903656341e+01
1 0 0 14 4.99999999999989009e-01 7.50000000000024314e-01 0.00000000000000000e+00 1 -5.32737314125811867e+00
1 0 0 14 4.99999999999989009e-01 7.50000000000024314e-01 0.00000000000000000e+00 2 -7.72988796338722417e-01
1 0 0 14 4.99999999999989009e-01 7.50000000000024314e-01 0.00000000000000000e+00 3 2.06201989629410365e+00
1 0 0 14 4.99999999999989009e-01 7.50000000000024314e-01 0.00000000000000000e+00 4 1.05088527682290369e+01
1 0 0 14 4.99999999999989009e-01 7.50000000000024314e-01 0.00000000000000000e+00 5 1.38348654073147497e+01
1 0 0 14 4.99999999999989009e-01 7.50000000000024314e-01 0.00000000000000000e+00 6 1.70289441938421575e+01
1 0 0 14 4.99999999999989009e-01 7.50000000000024314e-01 0.00000000000000000e+00 7 1.76853581401392184e+01
1 0 0 14 4.99999999999989009e-01 7.50000000000024314e-01 0.00000000000000000e+00 8 2.36981590891919751e+01
1 0 0 14 4.99999999999989009e-01 7.50000000000024314e-01 0.00000000000000000e+00 9 2.64895441047165896e+01
1 0 0 14 4.99999999999989009e-01 7.50000000000024314e-01 0.00000000000000000e+00 10 2.75029673822006693e+01
1 0 0 14 4.99999999999989009e-01 7.50000000000024314e-01 0.00000000000000000e+00 11 2.92577436679923828e+01
1 0 0 14 4.99999999999989009e-01 7.50000000000024314e-01 0.00000000000000000e+00 12 3.64401182411048197e+01
1 0 0 14 4.99999999999989009e-01 7.50000000000024314e-01 0.00000000000000000e+00 13 3.76244990514043707e+01
1 0 0 14 4.99999999999989009e-01 7.50000000000024314e-01 0.00000000000000000e+00 14 3.85997599895119663e+01
1 0 0 14 4.99999999999989009e-01 7.50000000000024314e-01 0.00000000000000000e+00 15 4.23148327968141373e+01
1 0 0 14 4.99999999999989009e-01 7.50000000000024314e-01 0.00000000000000000e+00 16 4.78427934255415366e+01
1 0 0 14 4.99999999999989009e-01 7.50000000000024314e-01 0.00000000000000000e+00 17 4.88232800943307126e+01
1 0 0 14 4.99999999999989009e-01 7.50000000000024314e-01 0.00000000000000000e+00 18 5.14451816276065799e+01
1 0 0 14 4.99999999999989009e-01 7.50000000000024314e-01 0.00000000000000000e+00 19 7.27256735080165555e+01
1 0 0 14 4.99999999999989009e-01 7.50000000000024314e-01 0.00000000000000000e+00 20 1.23204429804861675e+02
1 0 0 14 4.99999999999989009e-01 7.50000000000024314e-01 0.00000000000000000e+00 21 1.32031384031048276e+02
1 0 0 14 4.99999999999989009e-01 7.50000000000024314e-01 0.00000000000000000e+00 22 9.16311171410209226e+02
1 0 0 14 4.99999999999989009e-01 7.50000000000024314e-01 0.00000000000000000e+00 23 1.10315410906494753e+03
1 0 0 14 4.99999999999989009e-01 7.50000000000024314e-01 0.00000000000000000e+00 24 1.81260458931419930e+03
1 0 0 14 4.99999999999989009e-01 7.50000000000024314e-01 0.00000000000000000e+00 25 3.20831752911706008e+03
1 0 0 15 7.50000000000024203e-01 7.50000000000024203e-01 0.00000000000000000e+00 0 -4.28949329000266815e+01
1 0 0 15 7.50000000000024203e-01 7.50000000000024203e-01 0.00000000000000000e+00 1 -2.10655748026197376e+00
1 0 0 15 7.50000000000024203e-01 7.50000000000024203e-01 0.00000000000000000e+00 2 2.84327444911761651e+00
1 0 0 15 7.50000000000024203e-01 7.50000000000024203e-01 0.00000000000000000e+00 3 3.08334154794170523e+00
1 0 0 15 7.50000000000024203e-01 7.50000000000024203e-01 0.00000000000000000e+00 4 1.03000107174903182e+01
1 0 0 15 7.50000000000024203e-01 7.50000000000024203e-01 0.00000000000000000e+00 5 1.32207861148797061e+01
1 0 0 15 7.50000000000024203e-01 7.50000000000024203e-01 0.00000000000000000e+00 6 1.62016218000249097e+01
1 0 0 15 7.50000000000024203e-01 7.50000000000024203e-01 0.00000000000000000e+00 7 1.67580585117987617e+01
1 0 0 15 7.50000000000024203e-01 7.50000000000024203e-01 0.00000000000000000e+00 8 2.10069013787762806e+01
1 0 0 15 7.50000000000024203e-01 7.50000000000024203e-01 0.00000000000000000e+00 9 2.17674354476756058e+01
1 0 0 15 7.50000000000024203e-01 7.50000000000024203e-01 0.00000000000000000e+00 10 3.00654938066827881e+01
1 0 0 15 7.50000000000024203e-01 7.50000000000024203e-01 0.00000000000000000e+00 11 3.01956768094972077e+01
1 0 0 15 7.50000000000024203e-01 7.50000000000024203e-01 0.00000000000000000e+00 12 3.39304507367775798e+01
1 0 0 15 7.50000000000024203e-01 7.50000000000024203e-01 0.00000000000000000e+00 13 3.85822053241674539e+01
1 0 0 15 7.50000000000024203e-01 7.50000000000024203e-01 0.00000000000000000e+00 14 4.15225495264521314e+01
1 0 0 15 7.50000000000024203e-01 7.50000000000024203e-01 0.00000000000000000e+00 15 4.43974435516645585e+01
1 0 0 15 7.50000000000024203e-01 7.50000000000024203e-01 0.00000000000000000e+00 16 4.69379517389607557e+01
1 0 0 15 7.50000000000024203e-01 7.50000000000024203e-01 0.00000000000000000e+00 17 4.84136709230298337e+01
1 0 0 15 7.50000000000024203e-01 7.50000000000024203e-01 0.00000000000000000e+00 18 5.65224030310496417e+01
1 0 0 15 7.50000000000024203e-01 7.50000000000024203e-01 0.00000000000000000e+00 19 1.37834901838012797e+02
1 0 0 15 7.50000000000024203e-01 7.50000000000024203e-01 0.00000000000000000e+00 20 1.47534667978438392e+02
1 0 0 15 7.50000000000024203e-01 7.50000000000024203e-01 0.00000000000000000e+00 21 2.58500236585711889e+02
1 0 0 15 7.50000000000024203e-01 7.50000000000024203e-01 0.00000000000000000e+00 22 6.70646989253063907e+02
1 0 0 15 7.50000000000024203e-01 7.50000000000024203e-01 0.00000000000000000e+00 23 1.44000287845343860e+03
1 0 0 15 7.50000000000024203e-01 7.50000000000024203e-01 0.00000000000000000e+00 24 1.74690012639208089e+03
1 0 0 15 7.50000000000024203e-01 7.50000000000024203e-01 0.00000000000000000e+00 25 1.98357779981690896e+03
1 0 0 16 0.00000000000000000e+00 0.00000000000000000e+00 2.50000000000035305e-01 0 -4.08395374035332210e+01
1 0 0 16 0.00000000000000000e+00 0.00000000000000000e+00 2.50000000000035305e-01 1 -1.45642627344177322e+00
1 0 0 16 0.00000000000000000e+00 0.00000000000000000e+00 2.50000000000035305e-01 2 1.77605323422781902e+00
1 0 0 16 0.00000000000000000e+00 0.00000000000000000e+00 2.50000000000035305e-01 3 3.53993457418410973e+00
1 0 0 16 0.00000000000000000e+00 0.00000000000000000e+00 2.50000000000035305e-01 4 1.09735270716621702e+01
1 0 0 16 0.00000000000000000e+00 0.00000000000000000e+00 2.50000000000035305e-01 5 1.35752534053396374e+01
1 0 0 16 0.00000000000000000e+00 0.00000000000000000e+00 2.50000000000035305e-01 6 1.39443083736344722e+01
1 0 0 16 0.00000000000000000e+00 0.00000000000000000e+00 2.50000000000035305e-01 7 1.83928002930637078e+01
1 0 0 16 0.00000000000000000e+00 0.00000000000000000e+00 2.50000000000035305e-01 8 1.86375959501513186e+01
1 0 0 16 0.00000000000000000e+00 0.00000000000000000e+00 2.50000000000035305e-01 9 2.05887903216138355e+01
1 0 0 16 0.00000000000000000e+00 0.00000000000000000e+00 2.50000000000035305e-01 10 3.07944602113531083e+01
1 0 0 16 0.00000000000000000e+00 0.00000000000000000e+00 2.50000000000035305e-01 11 3.18616193994030503e+01
1 0 0 16 0.00000000000000000e+00 0.00000000000000000e+00 2.50000000000035305e-01 12 3.37313054471721543e+01
1 0 0 16 0.00000000000000000e+00 0.00000000000000000e+00 2.50000000000035305e-01 13 3.45854550472256150e+01
1 0 0 16 0.00000000000000000e+00 0.00000000000000000e+00 2.50000000000035305e-01 14 4.19783409551968134e+01
1 0 0 16 0.00000000000000000e+00 0.00000000000000000e+00 2.50000000000035305e-01 15 4.32960149878356049e+01
1 0 0 16 0.00000000000000000e+00 0.00000000000000000e+00 2.50000000000035305e-01 16 4.92729140634523475e+01
1 0 0 16 0.00000000000000000e+00 0.00000000000000000e+00 2.50000000000035305e-01 17 5.07770249118886028e+01
1 0 0 16 0.00000000000000000e+00 0.00000000000000000e+00 2.50000000000035305e-01 18 5.23251677999629763e+01
1 0 0 16 0.00000000000000000e+00 0.00000000000000000e+00 2.50000000000035305e-01 19 1.14535967612503967e+02
1 0 0 16 0.00000000000000000e+00 0.00000000000000000e+00 2.50000000000035305e-01 20 3.23779247644217492e+02
1 0 0 16 0.00000000000000000e+00 0.00000000000000000e+00 2.50000000000035305e-01 21 3.54800124153308388e+02
1 0 0 16 0.00000000000000000e+00 0.00000000000000000e+00 2.50000000000035305e-01 22 8.69606161675317594e+02
1 0 0 16 0.00000000000000000e+00 0.00000000000000000e+00 2.50000000000035305e-01 23 9.11515970242322510e+02
1 0 0 16 0.00000000000000000e+00 0.00000000000000000e+00 2.50000000000035305e-01 24 1.35968358989048693e+03
1 0 0 16 0.00000000000000000e+00 0.00000000000000000e+00 2.50000000000035305e-01 25 2.86209132764995502e+03
1 0 0 17 2.50000000000035305e-01 0.00000000000000000e+00 2.50000000000035305e-01 0 -4.00988829392977095e+01
1 0 0 17 2.50000000000035305e-01 0.00000000000000000e+00 2.50000000000035305e-01 1 -1.57625607658690114e+00
1 0 0 17 2.50000000000035305e-01 0.00000000000000000e+00 2.50000000000035305e-01 2 3.58224199920366915e-01
1 0 0 17 2.50000000000035305e-01 0.00000000000000000e+00 2.50000000000035305e-01 3 2.98773182452696950e+00
1 0 0 17 2.50000000000035305e-01 0.00000000000000000e+00 2.50000000000035305e-01 4 1.07972028564555877e+01
1 0 0 17 2.50000000000035305e-01 0.00000000000000000e+00 2.50000000000035305e-01 5 1.40436514734945419e+01
1 0 0 17 2.50000000000035305e-01 0.00000000000000000e+00 2.50000000000035305e-01 6 1.61893542492094085e+01
1 0 0 17 2.50000000000035305e-01 0.00000000000000000e+00 2.50000000000035305e-01 7 1.75068896133116461e+01
1 0 0 17 2.50000000000035305e-01 0.00000000000000000e+00 2.50000000000035305e-01 8 2.03561579538830628e+01
1 0 0 17 2.50000000000035305e-01 0.00000000000000000e+00 2.50000000000035305e-01 9 2.28916784662927881e+01
1 0 0 17 2.50000000000035305e-01 0.00000000000000000e+00 2.50000000000035305e-01 10 2.94134247914970572e+01
1 0 0 17 2.50000000000035305e-01 0.00000000000000000e+00 2.50000000000035305e-01 11 3.17592720027433941e+01
1 0 0 17 2.50000000000035305e-01 0.00000000000000000e+00 2.50000000000035305e-01 12 3.34379504133727963e+01
1 0 0 17 2.50000000000035305e-01 0.00000000000000000e+00 2.50000000000035305e-01 13 3.76961081414794492e+01
1 0 0 17 2.50000000000035305e-01 0.00000000000000000e+00 2.50000000000035305e-01 14 4.10324371823435001e+01
1 0 0 17 2.50000000000035305e-01 0.00000000000000000e+00 2.50000000000035305e-01 15 4.42485106491926317e+01
1 0 0 17 2.50000000000035305e-01 0.00000000000000000e+00 2.50000000000035305e-01 16 4.78107211146666629e+01
1 0 0 17 2.50000000000035305e-01 0.00000000000000000e+00 2.50000000000035305e-01 17 4.93367355980411162e+01
1 0 0 17 2.50000000000035305e-01 0.00000000000000000e+00 2.50000000000035305e-01 18 5.58864205383367931e+01
1 0 0 17 2.50000000000035305e-01 0.00000000000000000e+00 2.50000000000035305e-01 19 1.32552740098673581e+02
1 0 0 17 2.50000000000035305e-01 0.00000000000000000e+00 2.50000000000035305e-01 20 1.54578966350759174e+02
1 0 0 17 2.50000000000035305e-01 0.00000000000000000e+00 2.50000000000035305e-01 21 2.73402582440332935e+02
1 0 0 17 2.50000000000035305e-01 0.00000000000000000e+00 2.50000000000035305e-01 22 6.64877412495980252e+02
1 0 0 17 2.50000000000035305e-01 0.00000000000000000e+00 2.50000000000035305e-01 23 1.66133042133530148e+03
1 0 0 17 2.50000000000035305e-01 0.00000000000000000e+00 2.50000000000035305e-01 24 1.69847913064360341e+03
1 0 0 17 2.50000000000035305e-01 0.00000000000000000e+00 2.50000000000035305e-01 25 1.97839057652657198e+03
1 0 0 18 4.99999999999988953e-01 0.00000000000000000e+00 2.49999999999953648e-01 0 -3.03385625273673654e+01
1 0 0 18 4.99999999999988953e-01 0.00000000000000000e+00 2.49999999999953648e-01 1 -6.07628869584473286e+00
1 0 0 18 4.99999999999988953e-01 0.00000000000000000e+00 2.49999999999953648e-01 2 3.50042139596362045e-01
1 0 0 18 4.99999999999988953e-01 0.00000000000000000e+00 2.49999999999953648e-01 3 8.19631788938714911e-01
1 0 0 18 4.99999999999988953e-01 0.00000000000000000e+00 2.49999999999953648e-01 4 1.09766021845756523e+01
1 0 0 18 4.99999999999988953e-01 0.00000000000000000e+00 2.49999999999953648e-01 5 1.39099141969726379e+01
1 0 0 18 4.99999999999988953e-01 0.00000000000000000e+00 2.49999999999953648e-01 6 1.69920556884502076e+01
1 0 0 18 4.99999999999988953e-01 0.00000000000000000e+00 2.49999999999953648e-01 7 1.81303543844344794e+01
1 0 0 18 4.99999999999988953e-01 0.00000000000000000e+00 2.49999999999953648e-01 8 2.34581315540328852e+01
1 0 0 18 4.99999999999988953e-01 0.00000000000000000e+00 2.49999999999953648e-01 9 2.59346230527001609e+01
1 0 0 18 4.99999999999988953e-01 0.00000000000000000e+00 2.49999999999953648e-01 10 2.82751664845766868e+01
1 0 0 18 4.99999999999988953e-01 0.00000000000000000e+00 2.49999999999953648e-01 11 2.87834833658676530e+01
1 0 0 18 4.99999999999988953e-01 0.00000000000000000e+00 2.49999999999953648e-01 12 3.67091318153497070e+01
1 0 0 18 4.99999999999988953e-01 0.00000000000000000e+00 2.49999999999953648e-01 13 3.73186954070956176e+01
1 0 0 18 4.99999999999988953e-01 0.00000000000000000e+00 2.49999999999953648e-01 14 3.82866443013919806e+01
1 0 0 18 4.99999999999988953e-01 0.00000000000000000e+00 2.49999999999953648e-01 15 4.27866553578702096e+01
1 0 0 18 4.99999999999988953e-01 0.00000000000000000e+00 2.49999999999953648e-01 16 4.67621049825150976e+01
1 0 0 18 4.99999999999988953e-01 0.00000000000000000e+00 2.49999999999953648e-01 17 4.87646821618862134e+01
1 0 0 18 4.99999999999988953e-01 0.00000000000000000e+00 2.49999999999953648e-01 18 5.15521759828304624e+01
1 0 0 18 4.99999999999988953e-01 0.00000000000000000e+00 2.49999999999953648e-01 19 7.36367015893738710e+01
1 0 0 18 4.99999999999988953e-01 0.00000000000000000e+00 2.49999999999953648e-01 20 1.18157289651764373e+02
1 0 0 18 4.99999999999988953e-01 0.00000000000000000e+00 2.49999999999953648e-01 21 1.31646617048247236e+02
1 0 0 18 4.99999999999988953e-01 0.00000000000000000e+00 2.49999999999953648e-01 22 8.91845249877409060e+02
1 0 0 18 4.99999999999988953e-01 0.00000000000000000e+00 2.49999999999953648e-01 23 1.10146957687580516e+03
1 0 0 18 4.99999999999988953e-01 0.00000000000000000e+00 2.49999999999953648e-01 24 1.91546633351101582e+03
1 0 0 18 4.99999999999988953e-01 0.00000000000000000e+00 2.49999999999953648e-01 25 3.16343274732649934e+03
1 0 0 19 7.50000000000024203e-01 0.00000000000000000e+00 2.49999999999953593e-01 0 -3.53397426124481271e+01
1 0 0 19 7.50000000000024203e-01 0.00000000000000000e+00 2.49999999999953593e-01 1 -3.88167596546462823e+00
1 0 0 19 7.50000000000024203e-01 0.00000000000000000e+00 2.49999999999953593e-01 2 -4.79775830780610035e-01
1 0 0 19 7.50000000000024203e-01 0.00000000000000000e+00 2.49999999999953593e-01 3 1.76043452622394714e+00
1 0 0 19 7.50000000000024203e-01 0.00000000000000000e+00 2.49999999999953593e-01 4 1.32211084549453837e+01
1 0 0 19 7.50000000000024203e-01 0.00000000000000000e+00 2.49999999999953593e-01 5 1.37837908909291471e+01
1 0 0 19 7.50000000000024203e-01 0.00000000000000000e+00 2.49999999999953593e-01 6 1.55450300693401591e+01
1 0 0 19 7.50000000000024203e-01 0.00000000000000000e+00 2.49999999999953593e-01 7 1.71521160932532162e+01
1 0 0 19 7.50000000000024203e-01 0.00000000000000000e+00 2.49999999999953593e-01 8 1.83379023216373582e+01
1 0 0 19 7.50000000000024203e-01 0.00000000000000000e+00 2.49999999999953593e-01 9 2.56238003818564835e+01
1 0 0 19 7.50000000000024203e-01 0.00000000000000000e+00 2.49999999999953593e-01 10 2.88495335282676386e+01
1 0 0 19 7.50000000000024203e-01 0.00000000000000000e+00 2.49999999999953593e-01 11 3.38189822325703560e+01
1 0 0 19 7.50000000000024203e-01 0.00000000000000000e+00 2.49999999999953593e-01 12 3.52463638128142165e+01
1 0 0 19 7.50000000000024203e-01 0.00000000000000000e+00 2.49999999999953593e-01 13 3.78559249180947930e+01
1 0 0 19 7.50000000000024203e-01 0.00000000000000000e+00 2.49999999999953593e-01 14 3.90557964716330162e+01
1 0 0 19 7.50000000000024203e-01 0.00000000000000000e+00 2.49999999999953593e-01 15 4.05847303410443345e+01
1 0 0 19 7.50000000000024203e-01 0.00000000000000000e+00 2.49999999999953593e-01 16 4.30563182743907618e+01
1 0 0 19 7.50000000000024203e-01 0.00000000000000000e+00 2.49999999999953593e-01 17 4.88474066790062409e+01
1 0 0 19 7.50000000000024203e-01 0.00000000000000000e+00 2.49999999999953593e-01 18 5.21177100147759873e+01
1 0 0 19 7.50000000000024203e-01 0.00000000000000000e+00 2.49999999999953593e-01 19 8.72422717930733853e+01
1 0 0 19 7.50000000000024203e-01 0.00000000000000000e+00 2.49999999999953593e-01 20 1.03408936262422273e+02
1 0 0 19 7.50000000000024203e-01 0.00000000000000000e+00 2.49999999999953593e-01 21 2.33729708539194689e+02
1 0 0 19 7.50000000000024203e-01 0.00000000000000000e+00 2.49999999999953593e-01 22 7.66055238679215904e+02
1 0 0 19 7.50000000000024203e-01 0.00000000000000000e+00 2.49999999999953593e-01 23 1.05850329988842509e+03
1 0 0 19 7.50000000000024203e-01 0.00000000000000000e+00 2.49999999999953593e-01 24 1.74722758411642303e+03
1 0 0 19 7.50000000000024203e-01 0.00000000000000000e+00 2.49999999999953593e-01 25 3.23368742235955369e+03
1 0 0 20 0.00000000000000000e+00 2.50000000000035305e-01 2.50000000000035305e-01 0 -3.99417717716179865e+01
1 0 0 20 0.00000000000000000e+00 2.50000000000035305e-01 2.50000000000035305e-01 1 -1.53525941081383088e+00
1 0 0 20 0.00000000000000000e+00 2.50000000000035305e-01 2.50000000000035305e-01 2 -3.36792652576459850e-01
1 0 0 20 0.00000000000000000e+00 2.50000000000035305e-01 2.50000000000035305e-01 3 2.85881433268840723e+00
1 0 0 20 0.00000000000000000e+00 2.50000000000035305e-01 2.50000000000035305e-01 4 1.01286027475392579e+01
1 0 0 20 0.00000000000000000e+00 2.50000000000035305e-01 2.50000000000035305e-01 5 1.41007802359791388e+01
1 0 0 20 0.00000000000000000e+00 2.50000000000035305e-01 2.50000000000035305e-01 6 1.63598141442886593e+01
1 0 0 20 0.00000000000000000e+00 2.50000000000035305e-01 2.50000000000035305e-01 7 1.72793603075071367e+01
1 0 0 20 0.00000000000000000e+00 2.50000000000035305e-01 2.50000000000035305e-01 8 2.05137793728431710e+01
1 0 0 20 0.00000000000000000e+00 2.50000000000035305e-01 2.50000000000035305e-01 9 2.31305852180530316e+01
1 0 0 20 0.00000000000000000e+00 2.50000000000035305e-01 2.50000000000035305e-01 10 2.94471080229256117e+01
1 0 0 20 0.00000000000000000e+00 2.50000000000035305e-01 2.50000000000035305e-01 11 3.18452942712600624e+01
1 0 0 20 0.00000000000000000e+00 2.50000000000035305e-01 2.50000000000035305e-01 12 3.28949378965264572e+01
1 0 0 20 0.00000000000000000e+00 2.50000000000035305e-01 2.50000000000035305e-01 13 3.79528968503309656e+01
1 0 0 20 0.00000000000000000e+00 2.50000000000035305e-01 2.50000000000035305e-01 14 4.09204091318697749e+01
1 0 0 20 0.00000000000000000e+00 2.50000000000035305e-01 2.50000000000035305e-01 15 4.43064024944630290e+01
1 0 0 20 0.00000000000000000e+00 2.50000000000035305e-01 2.50000000000035305e-01 16 4.75766199011723145e+01
1 0 0 20 0.00000000000000000e+00 2.50000000000035305e-01 2.50000000000035305e-01 17 4.95158636923806910e+01
1 0 0 20 0.00000000000000000e+00 2.50000000000035305e-01 2.50000000000035305e-01 18 5.51065199260982652e+01
1 0 0 20 0.00000000000000000e+00 2.50000000000035305e-01 2.50000000000035305e-01 19 1.42151905071964933e+02
1 0 0 20 0.00000000000000000e+00 2.50000000000035305e-01 2.50000000000035305e-01 20 1.48242663375034567e+02
1 0 0 20 0.00000000000000000e+00 2.50000000000035305e-01 2.50000000000035305e-01 21 2.79835192217576150e+02
1 0 0 20 0.00000000000000000e+00 2.50000000000035305e-01 2.50000000000035305e-01 22 6.57364121947314743e+02
1 0 0 20 0.00000000000000000e+00 2.50000000000035305e-01 2.50000000000035305e-01 23 1.57610003188871565e+03
1 0 0 20 0.00000000000000000e+00 2.50000000000035305e-01 2.50000000000035305e-01 24 1.69959798204903700e+03
1 0 0 20 0.00000000000000000e+00 2.50000000000035305e-01 2.50000000000035305e-01 25 1.97715373700842611e+03
1 0 0 21 2.50000000000035305e-01 2.50000000000035305e-01 2.50000000000035305e-01 0 -4.10646211341399123e+01
1 0 0 21 2.50000000000035305e-01 2.50000000000035305e-01 2.50000000000035305e-01 1 -1.59819366811323982e+00
1 0 0 21 2.50000000000035305e-01 2.50000000000035305e-01 2.50000000000035305e-01 2 8.30476913157410679e-01
1 0 0 21 2.50000000000035305e-01 2.50000000000035305e-01 2.50000000000035305e-01 3 3.44693938626848251e+00
1 0 0 21 2.50000000000035305e-01 2.50000000000035305e-01 2.50000000000035305e-01 4 1.16449380767793134e+01
1 0 0 21 2.50000000000035305e-01 2.50000000000035305e-01 2.50000000000035305e-01 5 1.36633158463149940e+01
1 0 0 21 2.50000000000035305e-01 2.50000000000035305e-01 2.50000000000035305e-01 6 1.40489555844161629e+01
1 0 0 21 2.50000000000035305e-01 2.50000000000035305e-01 2.50000000000035305e-01 7 1.81861115484761626e+01
1 0 0 21 2.50000000000035305e-01 2.50000000000035305e-01 2.50000000000035305e-01 8 1.84760806661183707e+01
1 0 0 21 2.50000000000035305e-01 2.50000000000035305e-01 2.50000000000035305e-01 9 2.04380823760364230e+01
1 0 0 21 2.50000000000035305e-01 2.50000000000035305e-01 2.50000000000035305e-01 10 3.06813786411905589e+01
1 0 0 21 2.50000000000035305e-01 2.50000000000035305e-01 2.50000000000035305e-01 11 3.25730731886717919e+01
1 0 0 21 2.50000000000035305e-01 2.50000000000035305e-01 2.50000000000035305e-01 12 3.36069815212917788e+01
1 0 0 21 2.50000000000035305e-01 2.50000000000035305e-01 2.50000000000035305e-01 13 3.50574487261271912e+01
1 0 0 21 2.50000000000035305e-01 2.50000000000035305e-01 2.50000000000035305e-01 14 4.29843043409209429e+01
1 0 0 21 2.50000000000035305e-01 2.50000000000035305e-01 2.50000000000035305e-01 15 4.36427174482026672e+01
1 0 0 21 2.50000000000035305e-01 2.50000000000035305e-01 2.50000000000035305e-01 16 5.05414080063317783e+01
1 0 0 21 2.50000000000035305e-01 2.50000000000035305e-01 2.50000000000035305e-01 17 5.16055999529802989e+01
1 0 0 21 2.50000000000035305e-01 2.50000000000035305e-01 2.50000000000035305e-01 18 5.22758843646746953e+01
1 0 0 21 2.50000000000035305e-01 2.50000000000035305e-01 2.50000000000035305e-01 19 1.16875755021146446e+02
1 0 0 21 2.50000000000035305e-01 2.50000000000035305e-01 2.50000000000035305e-01 20 3.29084544323406988e+02
1 0 0 21 2.50000000000035305e-01 2.50000000000035305e-01 2.50000000000035305e-01 21 3.47639675142474516e+02
1 0 0 21 2.50000000000035305e-01 2.50000000000035305e-01 2.50000000000035305e-01 22 8.12209269033002329e+02
1 0 0 21 2.50000000000035305e-01 2.50000000000035305e-01 2.50000000000035305e-01 23 8.64737141183645008e+02
1 0 0 21 2.50000000000035305e-01 2.50000000000035305e-01 2.50000000000035305e-01 24 1.33388619409652301e+03
1 0 0 21 2.50000000000035305e-01 2.50000000000035305e-01 2.50000000000035305e-01 25 2.81495569644935449e+03
1 0 0 22 5.00000000000070610e-01 2.50000000000035305e-01 2.50000000000035305e-01 0 -3.51875628215467415e+01
1 0 0 22 5.00000000000070610e-01 2.50000000000035305e-01 2.50000000000035305e-01 1 -3.47757441202650108e+00
1 0 0 22 5.00000000000070610e-01 2.50000000000035305e-01 2.50000000000035305e-01 2 -3.25599660621275711e-01
1 0 0 22 5.00000000000070610e-01 2.50000000000035305e-01 2.50000000000035305e-01 3 1.00104161850563145e+00
1 0 0 22 5.00000000000070610e-01 2.50000000000035305e-01 2.50000000000035305e-01 4 1.30872814272267384e+01
1 0 0 22 5.00000000000070610e-01 2.50000000000035305e-01 2.50000000000035305e-01 5 1.38602084904835170e+01
1 0 0 22 5.00000000000070610e-01 2.50000000000035305e-01 2.50000000000035305e-01 6 1.51571232067675492e+01
1 0 0 22 5.00000000000070610e-01 2.50000000000035305e-01 2.50000000000035305e-01 7 1.68417610792640389e+01
1 0 0 22 5.00000000000070610e-01 2.50000000000035305e-01 2.50000000000035305e-01 8 1.92395551026569009e+01
1 0 0 22 5.00000000000070610e-01 2.50000000000035305e-01 2.50000000000035305e-01 9 2.55694358626989775e+01
1 0 0 22 5.00000000000070610e-01 2.50000000000035305e-01 2.50000000000035305e-01 10 2.81985591471523485e+01
1 0 0 22 5.00000000000070610e-01 2.50000000000035305e-01 2.50000000000035305e-01 11 3.35842430211809884e+01
1 0 0 22 5.00000000000070610e-01 2.50000000000035305e-01 2.50000000000035305e-01 12 3.40196165143627880e+01
1 0 0 22 5.00000000000070610e-01 2.50000000000035305e-01 2.50000000000035305e-01 13 3.63134398211542759e+01
1 0 0 22 5.00000000000070610e-01 2.50000000000035305e-01 2.50000000000035305e-01 14 3.95827839909281636e+01
1 0 0 22 5.00000000000070610e-01 2.50000000000035305e-01 2.50000000000035305e-01 15 4.19055851076182222e+01
1 0 0 22 5.00000000000070610e-01 2.50000000000035305e-01 2.50000000000035305e-01 16 4.42611782123262429e+01
1 0 0 22 5.00000000000070610e-01 2.50000000000035305e-01 2.50000000000035305e-01 17 4.86104966019313665e+01
1 0 0 22 5.00000000000070610e-01 2.50000000000035305e-01 2.50000000000035305e-01 18 5.26288857040671800e+01
1 0 0 22 5.00000000000070610e-01 2.50000000000035305e-01 2.50000000000035305e-01 19 8.94383061901902465e+01
1 0 0 22 5.00000000000070610e-01 2.50000000000035305e-01 2.50000000000035305e-01 20 1.07782066705358702e+02
1 0 0 22 5.00000000000070610e-01 2.50000000000035305e-01 2.50000000000035305e-01 21 2.22057468922732141e+02
1 0 0 22 5.00000000000070610e-01 2.50000000000035305e-01 2.50000000000035305e-01 22 7.60646249786677458e+02
1 0 0 22 5.00000000000070610e-01 2.50000000000035305e-01 2.50000000000035305e-01 23 1.02904368963874822e+03
1 0 0 22 5.00000000000070610e-01 2.50000000000035305e-01 2.50000000000035305e-01 24 1.76460060657257259e+03
1 0 0 22 5.00000000000070610e-01 2.50000000000035305e-01 2.50000000000035305e-01 25 3.24071472630464905e+03
1 0 0 23 7.49999999999942601e-01 2.49999999999953648e-01 2.49999999999953648e-01 0 -2.94494028576388338e+01
1 0 0 23 7.49999999999942601e-01 2.49999999999953648e-01 2.49999999999953648e-01 1 -6.01737084563070379e+00
1 0 0 23 7.49999999999942601e-01 2.49999999999953648e-01 2.49999999999953648e-01 2 -7.61122241945211497e-01
1 0 0 23 7.49999999999942601e-01 2.49999999999953648e-01 2.49999999999953648e-01 3 9.17114167379329603e-01
1 0 0 23 7.49999999999942601e-01 2.49999999999953648e-01 2.49999999999953648e-01 4 1.09607454735681049e+01
1 0 0 23 7.49999999999942601e-01 2.49999999999953648e-01 2.49999999999953648e-01 5 1.40054520658498927e+01
1 0 0 23 7.49999999999942601e-01 2.49999999999953648e-01 2.49999999999953648e-01 6 1.65964921088044406e+01
1 0 0 23 7.49999999999942601e-01 2.49999999999953648e-01 2.49999999999953648e-01 7 1.68547802187787390e+01
1 0 0 23 7.49999999999942601e-01 2.49999999999953648e-01 2.49999999999953648e-01 8 2.35606687210907069e+01
1 0 0 23 7.49999999999942601e-01 2.49999999999953648e-01 2.49999999999953648e-01 9 2.66892304285050486e+01
1 0 0 23 7.49999999999942601e-01 2.49999999999953648e-01 2.49999999999953648e-01 10 2.83232718837771493e+01
1 0 0 23 7.49999999999942601e-01 2.49999999999953648e-01 2.49999999999953648e-01 11 2.92387399668945633e+01
1 0 0 23 7.49999999999942601e-01 2.49999999999953648e-01 2.49999999999953648e-01 12 3.56421756867592947e+01
1 0 0 23 7.49999999999942601e-01 2.49999999999953648e-01 2.49999999999953648e-01 13 3.73512493115937616e+01
1 0 0 23 7.49999999999942601e-01 2.49999999999953648e-01 2.49999999999953648e-01 14 3.84702482026603292e+01
1 0 0 23 7.49999999999942601e-01 2.49999999999953648e-01 2.49999999999953648e-01 15 4.23470801289569820e+01
1 0 0 23 7.49999999999942601e-01 2.49999999999953648e-01 2.49999999999953648e-01 16 4.76803284647645356e+01
1 0 0 23 7.49999999999942601e-01 2.49999999999953648e-01 2.49999999999953648e-01 17 4.83582398211343332e+01
1 0 0 23 7.49999999999942601e-01 2.49999999999953648e-01 2.49999999999953648e-01 18 5.23235223981484197e+01
1 0 0 23 7.49999999999942601e-01 2.49999999999953648e-01 2.49999999999953648e-01 19 7.37511185699836176e+01
1 0 0 23 7.49999999999942601e-01 2.49999999999953648e-01 2.49999999999953648e-01 20 1.22697493367542620e+02
1 0 0 23 7.49999999999942601e-01 2.49999999999953648e-01 2.49999999999953648e-01 21 1.31712816896478841e+02
1 0 0 23 7.49999999999942601e-01 2.49999999999953648e-01 2.49999999999953648e-01 22 8.72161893091166462e+02
1 0 0 23 7.49999999999942601e-01 2.49999999999953648e-01 2.49999999999953648e-01 23 1.08596458061127623e+03
1 0 0 23 7.49999999999942601e-01 2.49999999999953648e-01 2.49999999999953648e-01 24 1.83809979417200884e+03
1 0 0 23 7.49999999999942601e-01 2.49999999999953648e-01 2.49999999999953648e-01 25 3.37062255142713047e+03
1 0 0 24 0.00000000000000000e+00 4.99999999999988953e-01 2.49999999999953648e-01 0 -2.95788694726028112e+01
1 0 0 24 0.00000000000000000e+00 4.99999999999988953e-01 2.49999999999953648e-01 1 -6.64585048847874571e+00
1 0 0 24 0.00000000000000000e+00 4.99999999999988953e-01 2.49999999999953648e-01 2 -3.26440365381623299e-01
1 0 0 24 0.00000000000000000e+00 4.99999999999988953e-01 2.49999999999953648e-01 3 1.99828458484800153e+00
1 0 0 24 0.00000000000000000e+00 4.99999999999988953e-01 2.49999999999953648e-01 4 1.13938928825949670e+01
1 0 0 24 0.00000000000000000e+00 4.99999999999988953e-01 2.49999999999953648e-01 5 1.37159764463069429e+01
1 0 0 24 0.00000000000000000e+00 4.99999999999988953e-01 2.49999999999953648e-01 6 1.68751087937911670e+01
1 0 0 24 0.00000000000000000e+00 4.99999999999988953e-01 2.49999999999953648e-01 7 1.80108882326585658e+01
1 0 0 24 0.00000000000000000e+00 4.99999999999988953e-01 2.49999999999953648e-01 8 2.32282616681854641e+01
1 0 0 24 0.00000000000000000e+00 4.99999999999988953e-01 2.49999999999953648e-01 9 2.51258959174106735e+01
1 0 0 24 0.00000000000000000e+00 4.99999999999988953e-01 2.49999999999953648e-01 10 2.82309319707752309e+01
1 0 0 24 0.00000000000000000e+00 4.99999999999988953e-01 2.49999999999953648e-01 11 2.91277269240854153e+01
1 0 0 24 0.00000000000000000e+00 4.99999999999988953e-01 2.49999999999953648e-01 12 3.59064808962972677e+01
1 0 0 24 0.00000000000000000e+00 4.99999999999988953e-01 2.49999999999953648e-01 13 3.78791103826906479e+01
1 0 0 24 0.00000000000000000e+00 4.99999999999988953e-01 2.49999999999953648e-01 14 3.89226433559837375e+01
1 0 0 24 0.00000000000000000e+00 4.99999999999988953e-01 2.49999999999953648e-01 15 4.25685175678435286e+01
1 0 0 24 0.00000000000000000e+00 4.99999999999988953e-01 2.49999999999953648e-01 16 4.74495784270251661e+01
1 0 0 24 0.00000000000000000e+00 4.99999999999988953e-01 2.49999999999953648e-01 17 4.93035505517891508e+01
1 0 0 24 0.00000000000000000e+00 4.99999999999988953e-01 2.49999999999953648e-01 18 5.11750317755948601e+01
1 0 0 24 0.00000000000000000e+00 4.99999999999988953e-01 2.49999999999953648e-01 19 7.19206081844492076e+01
1 0 0 24 0.00000000000000000e+00 4.99999999999988953e-01 2.49999999999953648e-01 20 1.17391021989595302e+02
1 0 0 24 0.00000000000000000e+00 4.99999999999988953e-01 2.49999999999953648e-01 21 1.28391261454533918e+02
1 0 0 24 0.00000000000000000e+00 4.99999999999988953e-01 2.49999999999953648e-01 22 8.72688458856804345e+02
1 0 0 24 0.00000000000000000e+00 4.99999999999988953e-01 2.49999999999953648e-01 23 1.05971312990032584e+03
1 0 0 24 0.00000000000000000e+00 4.99999999999988953e-01 2.49999999999953648e-01 24 1.95204064034504336e+03
1 0 0 24 0.00000000000000000e+00 4.99999999999988953e-01 2.49999999999953648e-01 25 3.26712020578804822e+03
1 0 0 25 2.50000000000035305e-01 5.00000000000070610e-01 2.50000000000035305e-01 0 -3.50660519977381639e+01
1 0 0 25 2.50000000000035305e-01 5.00000000000070610e-01 2.50000000000035305e-01 1 -4.70920689627502753e+00
1 0 0 25 2.50000000000035305e-01 5.00000000000070610e-01 2.50000000000035305e-01 2 4.12341247778790276e-01
1 0 0 25 2.50000000000035305e-01 5.00000000000070610e-01 2.50000000000035305e-01 3 2.15965828571525575e+00
1 0 0 25 2.50000000000035305e-01 5.00000000000070610e-01 2.50000000000035305e-01 4 1.33156870268134391e+01
1 0 0 25 2.50000000000035305e-01 5.00000000000070610e-01 2.50000000000035305e-01 5 1.38703076984539990e+01
1 0 0 25 2.50000000000035305e-01 5.00000000000070610e-01 2.50000000000035305e-01 6 1.56670622314090284e+01
1 0 0 25 2.50000000000035305e-01 5.00000000000070610e-01 2.50000000000035305e-01 7 1.73909746843767437e+01
1 0 0 25 2.50000000000035305e-01 5.00000000000070610e-01 2.50000000000035305e-01 8 1.89798029303431051e+01
1 0 0 25 2.50000000000035305e-01 5.00000000000070610e-01 2.50000000000035305e-01 9 2.48714109347169767e+01
1 0 0 25 2.50000000000035305e-01 5.00000000000070610e-01 2.50000000000035305e-01 10 2.83296276833635048e+01
1 0 0 25 2.50000000000035305e-01 5.00000000000070610e-01 2.50000000000035305e-01 11 3.30278095758442518e+01
1 0 0 25 2.50000000000035305e-01 5.00000000000070610e-01 2.50000000000035305e-01 12 3.47650956095460231e+01
1 0 0 25 2.50000000000035305e-01 5.00000000000070610e-01 2.50000000000035305e-01 13 3.55539623508885754e+01
1 0 0 25 2.50000000000035305e-01 5.00000000000070610e-01 2.50000000000035305e-01 14 3.83565056664359147e+01
1 0 0 25 2.50000000000035305e-01 5.00000000000070610e-01 2.50000000000035305e-01 15 4.22988724386662938e+01
1 0 0 25 2.50000000000035305e-01 5.00000000000070610e-01 2.50000000000035305e-01 16 4.45342047072101721e+01
1 0 0 25 2.50000000000035305e-01 5.00000000000070610e-01 2.50000000000035305e-01 17 4.85060103681092158e+01
1 0 0 25 2.50000000000035305e-01 5.00000000000070610e-01 2.50000000000035305e-01 18 5.34146911224060403e+01
1 0 0 25 2.50000000000035305e-01 5.00000000000070610e-01 2.50000000000035305e-01 19 8.47336130322372867e+01
1 0 0 25 2.50000000000035305e-01 5.00000000000070610e-01 2.50000000000035305e-01 20 1.08118418399109785e+02
1 0 0 25 2.50000000000035305e-01 5.00000000000070610e-01 2.50000000000035305e-01 21 2.34124956479456671e+02
1 0 0 25 2.50000000000035305e-01 5.00000000000070610e-01 2.50000000000035305e-01 22 7.64888633982645160e+02
1 0 0 25 2.50000000000035305e-01 5.00000000000070610e-01 2.50000000000035305e-01 23 1.00312438248423700e+03
1 0 0 25 2.50000000000035305e-01 5.00000000000070610e-01 2.50000000000035305e-01 24 1.69067392534764144e+03
1 0 0 25 2.50000000000035305e-01 5.00000000000070610e-01 2.50000000000035305e-01 25 3.30338997417568771e+03
1 0 0 26 4.99999999999988953e-01 4.99999999999988953e-01 2.50000000000035305e-01 0 -3.47611591784961149e+01
1 0 0 26 4.99999999999988953e-01 4.99999999999988953e-01 2.50000000000035305e-01 1 -5.58369756479898527e+00
1 0 0 26 4.99999999999988953e-01 4.99999999999988953e-01 2.50000000000035305e-01 2 -4.13703811878083305e-01
1 0 0 26 4.99999999999988953e-01 4.99999999999988953e-01 2.50000000000035305e-01 3 1.98378209004814821e+00
1 0 0 26 4.99999999999988953e-01 4.99999999999988953e-01 2.50000000000035305e-01 4 1.07191691778453428e+01
1 0 0 26 4.99999999999988953e-01 4.99999999999988953e-01 2.50000000000035305e-01 5 1.34310816163111841e+01
1 0 0 26 4.99999999999988953e-01 4.99999999999988953e-01 2.50000000000035305e-01 6 1.68630375352920652e+01
1 0 0 26 4.99999999999988953e-01 4.99999999999988953e-01 2.50000000000035305e-01 7 1.76759851951520126e+01
1 0 0 26 4.99999999999988953e-01 4.99999999999988953e-01 2.50000000000035305e-01 8 2.38631397549185955e+01
1 0 0 26 4.99999999999988953e-01 4.99999999999988953e-01 2.50000000000035305e-01 9 2.52522531751046770e+01
1 0 0 26 4.99999999999988953e-01 4.99999999999988953e-01 2.50000000000035305e-01 10 2.74033399373280098e+01
1 0 0 26 4.99999999999988953e-01 4.99999999999988953e-01 2.50000000000035305e-01 11 2.88697738074064283e+01
1 0 0 26 4.99999999999988953e-01 4.99999999999988953e-01 2.50000000000035305e-01 12 3.62912776162278021e+01
1 0 0 26 4.99999999999988953e-01 4.99999999999988953e-01 2.50000000000035305e-01 13 3.83007218837152479e+01
1 0 0 26 4.99999999999988953e-01 4.99999999999988953e-01 2.50000000000035305e-01 14 3.93228182640559396e+01
1 0 0 26 4.99999999999988953e-01 4.99999999999988953e-01 2.50000000000035305e-01 15 4.20431930446029369e+01
1 0 0 26 4.99999999999988953e-01 4.99999999999988953e-01 2.50000000000035305e-01 16 4.68735677476195747e+01
1 0 0 26 4.99999999999988953e-01 4.99999999999988953e-01 2.50000000000035305e-01 17 4.93415134767106522e+01
1 0 0 26 4.99999999999988953e-01 4.99999999999988953e-01 2.50000000000035305e-01 18 5.20459425367344011e+01
1 0 0 26 4.99999999999988953e-01 4.99999999999988953e-01 2.50000000000035305e-01 19 7.40085453720488005e+01
1 0 0 26 4.99999999999988953e-01 4.99999999999988953e-01 2.50000000000035305e-01 20 1.19325872097597923e+02
1 0 0 26 4.99999999999988953e-01 4.99999999999988953e-01 2.50000000000035305e-01 21 1.30901442174569979e+02
1 0 0 26 4.99999999999988953e-01 4.99999999999988953e-01 2.50000000000035305e-01 22 9.15946631049475627e+02
1 0 0 26 4.99999999999988953e-01 4.99999999999988953e-01 2.50000000000035305e-01 23 1.09583269578560135e+03
1 0 0 26 4.99999999999988953e-01 4.99999999999988953e-01 2.50000000000035305e-01 24 1.85054327126112958e+03
1 0 0 26 4.99999999999988953e-01 4.99999999999988953e-01 2.50000000000035305e-01 25 3.42193242247837816e+03
1 0 0 27 7.50000000000024203e-01 4.99999999999988898e-01 2.50000000000035305e-01 0 -2.84380264939212211e+01
1 0 0 27 7.50000000000024203e-01 4.99999999999988898e-01 2.50000000000035305e-01 1 -5.70625513245245486e+00
1 0 0 27 7.50000000000024203e-01 4.99999999999988898e-01 2.50000000000035305e-01 2 -1.29032008280596422e+00
1 0 0 27 7.50000000000024203e-01 4.99999999999988898e-01 2.50000000000035305e-01 3 3.78477176864578158e-01
1 0 0 27 7.50000000000024203e-01 4.99999999999988898e-01 2.50000000000035305e-01 4 1.22913033834098151e+01
1 0 0 27 7.50000000000024203e-01 4.99999999999988898e-01 2.50000000000035305e-01 5 1.35014455519896668e+01
1 0 0 27 7.50000000000024203e-01 4.99999999999988898e-01 2.50000000000035305e-01 6 1.58511446034592538e+01
1 0 0 27 7.50000000000024203e-01 4.99999999999988898e-01 2.50000000000035305e-01 7 1.79128667332954699e+01
1 0 0 27 7.50000000000024203e-01 4.99999999999988898e-01 2.50000000000035305e-01 8 2.32347322015804281e+01
1 0 0 27 7.50000000000024203e-01 4.99999999999988898e-01 2.50000000000035305e-01 9 2.48854517595749272e+01
1 0 0 27 7.50000000000024203e-01 4.99999999999988898e-01 2.50000000000035305e-01 10 2.91679258217488275e+01
1 0 0 27 7.50000000000024203e-01 4.99999999999988898e-01 2.50000000000035305e-01 11 3.11228490480471898e+01
1 0 0 27 7.50000000000024203e-01 4.99999999999988898e-01 2.50000000000035305e-01 12 3.62116816568276150e+01
1 0 0 27 7.50000000000024203e-01 4.99999999999988898e-01 2.50000000000035305e-01 13 3.77233612570547763e+01
1 0 0 27 7.50000000000024203e-01 4.99999999999988898e-01 2.50000000000035305e-01 14 3.98726406560676665e+01
1 0 0 27 7.50000000000024203e-01 4.99999999999988898e-01 2.50000000000035305e-01 15 4.16875908019055927e+01
1 0 0 27 7.50000000000024203e-01 4.99999999999988898e-01 2.50000000000035305e-01 16 4.33647793834436186e+01
1 0 0 27 7.50000000000024203e-01 4.99999999999988898e-01 2.50000000000035305e-01 17 4.47335662251958084e+01
1 0 0 27 7.50000000000024203e-01 4.99999999999988898e-01 2.50000000000035305e-01 18 5.39436262405146678e+01
1 0 0 27 7.50000000000024203e-01 4.99999999999988898e-01 2.50000000000035305e-01 19 5.72744793144242834e+01
1 0 0 27 7.50000000000024203e-01 4.99999999999988898e-01 2.50000000000035305e-01 20 9.30639149922483000e+01
1 0 0 27 7.50000000000024203e-01 4.99999999999988898e-01 2.50000000000035305e-01 21 9.93833107647746345e+01
1 0 0 27 7.50000000000024203e-01 4.99999999999988898e-01 2.50000000000035305e-01 22 1.32421714114002270e+03
1 0 0 27 7.50000000000024203e-01 4.99999999999988898e-01 2.50000000000035305e-01 23 1.46053852066965624e+03
1 0 0 27 7.50000000000024203e-01 4.99999999999988898e-01 2.50000000000035305e-01 24 2.45519674243164673e+03
1 0 0 27 7.50000000000024203e-01 4.99999999999988898e-01 2.50000000000035305e-01 25 2.54510382286362892e+03
1 0 0 28 0.00000000000000000e+00 7.50000000000024203e-01 2.49999999999953593e-01 0 -3.56921094497785489e+01
1 0 0 28 0.00000000000000000e+00 7.50000000000024203e-01 2.49999999999953593e-01 1 -3.41349205492363339e+00
1 0 0 28 0.00000000000000000e+00 7.50000000000024203e-01 2.49999999999953593e-01 2 -2.14729214038024523e-02
1 0 0 28 0.00000000000000000e+00 7.50000000000024203e-01 2.49999999999953593e-01 3 2.40191592500945683e+00
1 0 0 28 0.00000000000000000e+00 7.50000000000024203e-01 2.49999999999953593e-01 4 1.31908338454150620e+01
1 0 0 28 0.00000000000000000e+00 7.50000000000024203e-01 2.49999999999953593e-01 5 1.39046084751122709e+01
1 0 0 28 0.00000000000000000e+00 7.50000000000024203e-01 2.49999999999953593e-01 6 1.59277314945377100e+01
1 0 0 28 0.00000000000000000e+00 7.50000000000024203e-01 2.49999999999953593e-01 7 1.69174375607510932e+01
1 0 0 28 0.00000000000000000e+00 7.50000000000024203e-01 2.49999999999953593e-01 8 1.83894745000216737e+01
1 0 0 28 0.00000000000000000e+00 7.50000000000024203e-01 2.49999999999953593e-01 9 2.56022155501416329e+01
1 0 0 28 0.00000000000000000e+00 7.50000000000024203e-01 2.49999999999953593e-01 10 2.84034626264731642e+01
1 0 0 28 0.00000000000000000e+00 7.50000000000024203e-01 2.49999999999953593e-01 11 3.29413505059563221e+01
1 0 0 28 0.00000000000000000e+00 7.50000000000024203e-01 2.49999999999953593e-01 12 3.45503038106125473e+01
1 0 0 28 0.00000000000000000e+00 7.50000000000024203e-01 2.49999999999953593e-01 13 3.61151483174689716e+01
1 0 0 28 0.00000000000000000e+00 7.50000000000024203e-01 2.49999999999953593e-01 14 3.98236740858831482e+01
1 0 0 28 0.00000000000000000e+00 7.50000000000024203e-01 2.49999999999953593e-01 15 4.16412285770571131e+01
1 0 0 28 0.00000000000000000e+00 7.50000000000024203e-01 2.49999999999953593e-01 16 4.48007618511356966e+01
1 0 0 28 0.00000000000000000e+00 7.50000000000024203e-01 2.49999999999953593e-01 17 4.88395852427603430e+01
1 0 0 28 0.00000000000000000e+00 7.50000000000024203e-01 2.49999999999953593e-01 18 5.26343212915566241e+01
1 0 0 28 0.00000000000000000e+00 7.50000000000024203e-01 2.49999999999953593e-01 19 8.41052039939879847e+01
1 0 0 28 0.00000000000000000e+00 7.50000000000024203e-01 2.49999999999953593e-01 20 1.05543505331415858e+02
1 0 0 28 0.00000000000000000e+00 7.50000000000024203e-01 2.49999999999953593e-01 21 2.40594653373269352e+02
1 0 0 28 0.00000000000000000e+00 7.50000000000024203e-01 2.49999999999953593e-01 22 6.86505842447738928e+02
1 0 0 28 0.00000000000000000e+00 7.50000000000024203e-01 2.49999999999953593e-01 23 9.72078810946557610e+02
1 0 0 28 0.00000000000000000e+00 7.50000000000024203e-01 2.49999999999953593e-01 24 1.78880317668548059e+03
1 0 0 28 0.00000000000000000e+00 7.50000000000024203e-01 2.49999999999953593e-01 25 3.31786955240404814e+03
1 0 0 29 2.49999999999953648e-01 7.49999999999942601e-01 2.49999999999953648e-01 0 -3.08240765897961424e+01
1 0 0 29 2.49999999999953648e-01 7.49999999999942601e-01 2.49999999999953648e-01 1 -5.72395222395646464e+00
1 0 0 29 2.49999999999953648e-01 7.49999999999942601e-01 2.49999999999953648e-01 2 -4.24196748295138537e-01
1 0 0 29 2.49999999999953648e-01 7.49999999999942601e-01 2.49999999999953648e-01 3 2.63799015659954428e+00
1 0 0 29 2.49999999999953648e-01 7.49999999999942601e-01 2.49999999999953648e-01 4 1.12398247294528701e+01
1 0 0 29 2.49999999999953648e-01 7.49999999999942601e-01 2.49999999999953648e-01 5 1.40395192876147732e+01
1 0 0 29 2.49999999999953648e-01 7.49999999999942601e-01 2.49999999999953648e-01 6 1.66354411821200330e+01
1 0 0 29 2.49999999999953648e-01 7.49999999999942601e-01 2.49999999999953648e-01 7 1.79913297154587042e+01
1 0 0 29 2.49999999999953648e-01 7.49999999999942601e-01 2.49999999999953648e-01 8 2.36573364624494431e+01
1 0 0 29 2.49999999999953648e-01 7.49999999999942601e-01 2.49999999999953648e-01 9 2.58019357894877075e+01
1 0 0 29 2.49999999999953648e-01 7.49999999999942601e-01 2.49999999999953648e-01 10 2.76204629840676468e+01
1 0 0 29 2.49999999999953648e-01 7.49999999999942601e-01 2.49999999999953648e-01 11 2.92800121238569169e+01
1 0 0 29 2.49999999999953648e-01 7.49999999999942601e-01 2.49999999999953648e-01 12 3.58477306058859853e+01
1 0 0 29 2.49999999999953648e-01 7.49999999999942601e-01 2.49999999999953648e-01 13 3.70176943141440091e+01
1 0 0 29 2.49999999999953648e-01 7.49999999999942601e-01 2.49999999999953648e-01 14 3.80218489953611467e+01
1 0 0 29 2.49999999999953648e-01 7.49999999999942601e-01 2.49999999999953648e-01 15 4.23917951056127151e+01
1 0 0 29 2.49999999999953648e-01 7.49999999999942601e-01 2.49999999999953648e-01 16 4.73447407280639752e+01
1 0 0 29 2.49999999999953648e-01 7.49999999999942601e-01 2.49999999999953648e-01 17 4.87346097780914462e+01
1 0 0 29 2.49999999999953648e-01 7.49999999999942601e-01 2.49999999999953648e-01 18 5.30871842080759961e+01
1 0 0 29 2.49999999999953648e-01 7.49999999999942601e-01 2.49999999999953648e-01 19 7.14839658791206887e+01
1 0 0 29 2.49999999999953648e-01 7.49999999999942601e-01 2.49999999999953648e-01 20 1.19171857991254399e+02
1 0 0 29 2.49999999999953648e-01 7.49999999999942601e-01 2.49999999999953648e-01 21 1.27399532944791574e+02
1 0 0 29 2.49999999999953648e-01 7.49999999999942601e-01 2.49999999999953648e-01 22 9.03675989576876873e+02
1 0 0 29 2.49999999999953648e-01 7.49999999999942601e-01 2.49999999999953648e-01 23 1.13432801146415386e+03
1 0 0 29 2.49999999999953648e-01 7.49999999999942601e-01 2.49999999999953648e-01 24 1.82031156997658286e+03
1 0 0 29 2.49999999999953648e-01 7.49999999999942601e-01 2.49999999999953648e-01 25 3.37483700183328028e+03
1 0 0 30 4.99999999999988898e-01 7.50000000000024203e-01 2.50000000000035305e-01 0 -3.01852109462617868e+01
1 0 0 30 4.99999999999988898e-01 7.50000000000024203e-01 2.50000000000035305e-01 1 -4.97915184664771271e+00
1 0 0 30 4.99999999999988898e-01 7.50000000000024203e-01 2.50000000000035305e-01 2 -1.26469187693326579e+00
1 0 0 30 4.99999999999988898e-01 7.50000000000024203e-01 2.50000000000035305e-01 3 -2.55973651395529966e-01
1 0 0 30 4.99999999999988898e-01 7.50000000000024203e-01 2.50000000000035305e-01 4 1.25765875291065026e+01
1 0 0 30 4.99999999999988898e-01 7.50000000000024203e-01 2.50000000000035305e-01 5 1.36446025715284094e+01
1 0 0 30 4.99999999999988898e-01 7.50000000000024203e-01 2.50000000000035305e-01 6 1.67964590849167443e+01
1 0 0 30 4.99999999999988898e-01 7.50000000000024203e-01 2.50000000000035305e-01 7 1.81135091746794323e+01
1 0 0 30 4.99999999999988898e-01 7.50000000000024203e-01 2.50000000000035305e-01 8 2.38196995583850004e+01
1 0 0 30 4.99999999999988898e-01 7.50000000000024203e-01 2.50000000000035305e-01 9 2.56394589115365754e+01
1 0 0 30 4.99999999999988898e-01 7.50000000000024203e-01 2.50000000000035305e-01 10 2.89135357071473038e+01
1 0 0 30 4.99999999999988898e-01 7.50000000000024203e-01 2.50000000000035305e-01 11 3.09005258435687615e+01
1 0 0 30 4.99999999999988898e-01 7.50000000000024203e-01 2.50000000000035305e-01 12 3.62048671324544102e+01
1 0 0 30 4.99999999999988898e-01 7.50000000000024203e-01 2.50000000000035305e-01 13 3.77475537773867629e+01
1 0 0 30 4.99999999999988898e-01 7.50000000000024203e-01 2.50000000000035305e-01 14 3.98275460540312523e+01
1 0 0 30 4.99999999999988898e-01 7.50000000000024203e-01 2.50000000000035305e-01 15 4.15667942586257055e+01
1 0 0 30 4.99999999999988898e-01 7.50000000000024203e-01 2.50000000000035305e-01 16 4.30336798630925728e+01
1 0 0 30 4.99999999999988898e-01 7.50000000000024203e-01 2.50000000000035305e-01 17 4.45177381767543210e+01
1 0 0 30 4.99999999999988898e-01 7.50000000000024203e-01 2.50000000000035305e-01 18 5.43116759437310463e+01
1 0 0 30 4.99999999999988898e-01 7.50000000000024203e-01 2.50000000000035305e-01 19 5.82253818680377435e+01
1 0 0 30 4.99999999999988898e-01 7.50000000000024203e-01 2.50000000000035305e-01 20 9.32495775134783429e+01
1 0 0 30 4.99999999999988898e-01 7.50000000000024203e-01 2.50000000000035305e-01 21 9.78457942053790930e+01
1 0 0 30 4.99999999999988898e-01 7.50000000000024203e-01 2.50000000000035305e-01 22 1.35126176363230707e+03
1 0 0 30 4.99999999999988898e-01 7.50000000000024203e-01 2.50000000000035305e-01 23 1.53257626596075238e+03
1 0 0 30 4.99999999999988898e-01 7.50000000000024203e-01 2.50000000000035305e-01 24 2.31025441385458180e+03
1 0 0 30 4.99999999999988898e-01 7.50000000000024203e-01 2.50000000000035305e-01 25 2.52033215726888602e+03
1 0 0 31 7.50000000000024314e-01 7.50000000000024314e-01 2.50000000000035305e-01 0 -3.54807656833810512e+01
1 0 0 31 7.50000000000024314e-01 7.50000000000024314e-01 2.50000000000035305e-01 1 -4.80507161169920316e+00
1 0 0 31 7.50000000000024314e-01 7.50000000000024314e-01 2.50000000000035305e-01 2 -5.99221604237233474e-01
1 0 0 31 7.50000000000024314e-01 7.50000000000024314e-01 2.50000000000035305e-01 3 2.20901126128469771e+00
1 0 0 31 7.50000000000024314e-01 7.50000000000024314e-01 2.50000000000035305e-01 4 1.04371730919060628e+01
1 0 0 31 7.50000000000024314e-01 7.50000000000024314e-01 2.50000000000035305e-01 5 1.39179655124441926e+01
1 0 0 31 7.50000000000024314e-01 7.50000000000024314e-01 2.50000000000035305e-01 6 1.68225464949087957e+01
1 0 0 31 7.50000000000024314e-01 7.50000000000024314e-01 2.50000000000035305e-01 7 1.74503988568946049e+01
1 0 0 31 7.50000000000024314e-01 7.50000000000024314e-01 2.50000000000035305e-01 8 2.41567471800403553e+01
1 0 0 31 7.50000000000024314e-01 7.50000000000024314e-01 2.50000000000035305e-01 9 2.62723157240491041e+01
1 0 0 31 7.50000000000024314e-01 7.50000000000024314e-01 2.50000000000035305e-01 10 2.80547710829477630e+01
1 0 0 31 7.50000000000024314e-01 7.50000000000024314e-01 2.50000000000035305e-01 11 2.92861603492440885e+01
1 0 0 31 7.50000000000024314e-01 7.50000000000024314e-01 2.50000000000035305e-01 12 3.67553517429650611e+01
1 0 0 31 7.50000000000024314e-01 7.50000000000024314e-01 2.50000000000035305e-01 13 3.75318811257475247e+01
1 0 0 31 7.50000000000024314e-01 7.50000000000024314e-01 2.50000000000035305e-01 14 3.85523845098628541e+01
1 0 0 31 7.50000000000024314e-01 7.50000000000024314e-01 2.50000000000035305e-01 15 4.20588259181653186e+01
1 0 0 31 7.50000000000024314e-01 7.50000000000024314e-01 2.50000000000035305e-01 16 4.63006120410517212e+01
1 0 0 31 7.50000000000024314e-01 7.50000000000024314e-01 2.50000000000035305e-01 17 4.79724849637987703e+01
1 0 0 31 7.50000000000024314e-01 7.50000000000024314e-01 2.50000000000035305e-01 18 5.28973049240218742e+01
1 0 0 31 7.50000000000024314e-01 7.50000000000024314e-01 2.50000000000035305e-01 19 7.22267730090798352e+01
1 0 0 31 7.50000000000024314e-01 7.50000000000024314e-01 2.50000000000035305e-01 20 1.24246776731872856e+02
1 0 0 31 7.50000000000024314e-01 7.50000000000024314e-01 2.50000000000035305e-01 21 1.29442667555100314e+02
1 0 0 31 7.50000000000024314e-01 7.50000000000024314e-01 2.50000000000035305e-01 22 8.85314907069999322e+02
1 0 0 31 7.50000000000024314e-01 7.50000000000024314e-01 2.50000000000035305e-01 23 1.06622668197105395e+03
1 0 0 31 7.50000000000024314e-01 7.50000000000024314e-01 2.50000000000035305e-01 24 1.75438970648769509e+03
1 0 0 31 7.50000000000024314e-01 7.50000000000024314e-01 2.50000000000035305e-01 25 3.40701175730321802e+03
1 0 0 32 0.00000000000000000e+00 0.00000000000000000e+00 5.00000000000070610e-01 0 -3.47662691633794623e+01
1 0 0 32 0.00000000000000000e+00 0.00000000000000000e+00 5.00000000000070610e-01 1 -7.20920446398811077e+00
1 0 0 32 0.00000000000000000e+00 0.00000000000000000e+00 5.00000000000070610e-01 2 1.55180480929785869e+00
1 0 0 32 0.00000000000000000e+00 0.00000000000000000e+00 5.00000000000070610e-01 3 3.47312018087759444e+00
1 0 0 32 0.00000000000000000e+00 0.00000000000000000e+00 5.00000000000070610e-01 4 1.00566097811566717e+01
1 0 0 32 0.00000000000000000e+00 0.00000000000000000e+00 5.00000000000070610e-01 5 1.35860408342257415e+01
1 0 0 32 0.00000000000000000e+00 0.00000000000000000e+00 5.00000000000070610e-01 6 1.39493831531440833e+01
1 0 0 32 0.00000000000000000e+00 0.00000000000000000e+00 5.00000000000070610e-01 7 2.31789104303370230e+01
1 0 0 32 0.00000000000000000e+00 0.00000000000000000e+00 5.00000000000070610e-01 8 2.35916144758386714e+01
1 0 0 32 0.00000000000000000e+00 0.00000000000000000e+00 5.00000000000070610e-01 9 2.46031403673540794e+01
1 0 0 32 0.00000000000000000e+00 0.00000000000000000e+00 5.00000000000070610e-01 10 2.77070192413358249e+01
1 0 0 32 0.00000000000000000e+00 0.00000000000000000e+00 5.00000000000070610e-01 11 2.83877897822114065e+01
1 0 0 32 0.00000000000000000e+00 0.00000000000000000e+00 5.00000000000070610e-01 12 2.86987102951245454e+01
1 0 0 32 0.00000000000000000e+00 0.00000000000000000e+00 5.00000000000070610e-01 13 3.96398435856465738e+01
1 0 0 32 0.00000000000000000e+00 0.00000000000000000e+00 5.00000000000070610e-01 14 4.11353037976220790e+01
1 0 0 32 0.00000000000000000e+00 0.00000000000000000e+00 5.00000000000070610e-01 15 4.27469664690183961e+01
1 0 0 32 0.00000000000000000e+00 0.00000000000000000e+00 5.00000000000070610e-01 16 4.44383370237391873e+01
1 0 0 32 0.00000000000000000e+00 0.00000000000000000e+00 5.00000000000070610e-01 17 4.96078338549495754e+01
1 0 0 32 0.00000000000000000e+00 0.00000000000000000e+00 5.00000000000070610e-01 18 5.20546262387659624e+01
1 0 0 32 0.00000000000000000e+00 0.00000000000000000e+00 5.00000000000070610e-01 19 6.74110998260957928e+01
1 0 0 32 0.00000000000000000e+00 0.00000000000000000e+00 5.00000000000070610e-01 20 3.03566696187680066e+02
1 0 0 32 0.00000000000000000e+00 0.00000000000000000e+00 5.00000000000070610e-01 21 3.14047118049902451e+02
1 0 0 32 0.00000000000000000e+00 0.00000000000000000e+00 5.00000000000070610e-01 22 5.50851716346501007e+02
1 0 0 32 0.00000000000000000e+00 0.00000000000000000e+00 5.00000000000070610e-01 23 5.93246041262809968e+02
1 0 0 32 0.00000000000000000e+00 0.00000000000000000e+00 5.00000000000070610e-01 24 1.82222584504843917e+03
1 0 0 32 0.00000000000000000e+00 0.00000000000000000e+00 5.00000000000070610e-01 25 4.12785156098248353e+03
1 0 0 33 2.49999999999953648e-01 0.00000000000000000e+00 4.99999999999988953e-01 0 -3.30132610953800736e+01
1 0 0 33 2.49999999999953648e-01 0.00000000000000000e+00 4.99999999999988953e-01 1 -4.54179395937471142e+00
1 0 0 33 2.49999999999953648e-01 0.00000000000000000e+00 4.99999999999988953e-01 2 3.62309498866680291e-01
1 0 0 33 2.49999999999953648e-01 0.00000000000000000e+00 4.99999999999988953e-01 3 1.00189873728682710e+00
1 0 0 33 2.49999999999953648e-01 0.00000000000000000e+00 4.99999999999988953e-01 4 1.11520117897686237e+01
1 0 0 33 2.49999999999953648e-01 0.00000000000000000e+00 4.99999999999988953e-01 5 1.40906228949218004e+01
1 0 0 33 2.49999999999953648e-01 0.00000000000000000e+00 4.99999999999988953e-01 6 1.66898881677092739e+01
1 0 0 33 2.49999999999953648e-01 0.00000000000000000e+00 4.99999999999988953e-01 7 1.79387445534741623e+01
1 0 0 33 2.49999999999953648e-01 0.00000000000000000e+00 4.99999999999988953e-01 8 2.40662588468203680e+01
1 0 0 33 2.49999999999953648e-01 0.00000000000000000e+00 4.99999999999988953e-01 9 2.54142390014450470e+01
1 0 0 33 2.49999999999953648e-01 0.00000000000000000e+00 4.99999999999988953e-01 10 2.80681580911248503e+01
1 0 0 33 2.49999999999953648e-01 0.00000000000000000e+00 4.99999999999988953e-01 11 2.89491755175855126e+01
1 0 0 33 2.49999999999953648e-01 0.00000000000000000e+00 4.99999999999988953e-01 12 3.61757391383466427e+01
1 0 0 33 2.49999999999953648e-01 0.00000000000000000e+00 4.99999999999988953e-01 13 3.72300384593154732e+01
1 0 0 33 2.49999999999953648e-01 0.00000000000000000e+00 4.99999999999988953e-01 14 3.82247058440388940e+01
1 0 0 33 2.49999999999953648e-01 0.00000000000000000e+00 4.99999999999988953e-01 15 4.23554629589529981e+01
1 0 0 33 2.49999999999953648e-01 0.00000000000000000e+00 4.99999999999988953e-01 16 4.58903308523682512e+01
1 0 0 33 2.49999999999953648e-01 0.00000000000000000e+00 4.99999999999988953e-01 17 4.85322270534435631e+01
1 0 0 33 2.49999999999953648e-01 0.00000000000000000e+00 4.99999999999988953e-01 18 5.20673044466257551e+01
1 0 0 33 2.49999999999953648e-01 0.00000000000000000e+00 4.99999999999988953e-01 19 7.34948730294608907e+01
1 0 0 33 2.49999999999953648e-01 0.00000000000000000e+00 4.99999999999988953e-01 20 1.21761130224204109e+02
1 0 0 33 2.49999999999953648e-01 0.00000000000000000e+00 4.99999999999988953e-01 21 1.32664994324007381e+02
1 0 0 33 2.49999999999953648e-01 0.00000000000000000e+00 4.99999999999988953e-01 22 8.58105232958534430e+02
1 0 0 33 2.49999999999953648e-01 0.00000000000000000e+00 4.99999999999988953e-01 23 1.08388887868645998e+03
1 0 0 33 2.49999999999953648e-01 0.00000000000000000e+00 4.99999999999988953e-01 24 1.90647307430371234e+03
1 0 0 33 2.49999999999953648e-01 0.00000000000000000e+00 4.99999999999988953e-01 25 3.27785801525064562e+03
1 0 0 34 4.99999999999988898e-01 0.00000000000000000e+00 4.99999999999988898e-01 0 -2.92181342255759979e+01
1 0 0 34 4.99999999999988898e-01 0.00000000000000000e+00 4.99999999999988898e-01 1 -6.41271978051581737e+00
1 0 0 34 4.99999999999988898e-01 0.00000000000000000e+00 4.99999999999988898e-01 2 -2.25226216153181669e-01
1 0 0 34 4.99999999999988898e-01 0.00000000000000000e+00 4.99999999999988898e-01 3 2.51537933966865390e+00
1 0 0 34 4.99999999999988898e-01 0.00000000000000000e+00 4.99999999999988898e-01 4 9.94434038964145728e+00
1 0 0 34 4.99999999999988898e-01 0.00000000000000000e+00 4.99999999999988898e-01 5 1.05540763899259762e+01
1 0 0 34 4.99999999999988898e-01 0.00000000000000000e+00 4.99999999999988898e-01 6 2.30321089519877695e+01
1 0 0 34 4.99999999999988898e-01 0.00000000000000000e+00 4.99999999999988898e-01 7 2.42766806985654142e+01
1 0 0 34 4.99999999999988898e-01 0.00000000000000000e+00 4.99999999999988898e-01 8 2.55976801617493521e+01
1 0 0 34 4.99999999999988898e-01 0.00000000000000000e+00 4.99999999999988898e-01 9 2.64038501843129936e+01
1 0 0 34 4.99999999999988898e-01 0.00000000000000000e+00 4.99999999999988898e-01 10 2.71073927118214151e+01
1 0 0 34 4.99999999999988898e-01 0.00000000000000000e+00 4.99999999999988898e-01 11 2.78324408646735826e+01
1 0 0 34 4.99999999999988898e-01 0.00000000000000000e+00 4.99999999999988898e-01 12 3.03986785387451768e+01
1 0 0 34 4.99999999999988898e-01 0.00000000000000000e+00 4.99999999999988898e-01 13 3.25461841008900379e+01
1 0 0 34 4.99999999999988898e-01 0.00000000000000000e+00 4.99999999999988898e-01 14 4.31474782808444601e+01
1 0 0 34 4.99999999999988898e-01 0.00000000000000000e+00 4.99999999999988898e-01 15 4.47200670700973077e+01
1 0 0 34 4.99999999999988898e-01 0.00000000000000000e+00 4.99999999999988898e-01 16 4.95220027074813629e+01
1 0 0 34 4.99999999999988898e-01 0.00000000000000000e+00 4.99999999999988898e-01 17 5.15525267955537529e+01
1 0 0 34 4.99999999999988898e-01 0.00000000000000000e+00 4.99999999999988898e-01 18 6.43696911040183579e+01
1 0 0 34 4.99999999999988898e-01 0.00000000000000000e+00 4.99999999999988898e-01 19 6.85897565458258072e+01
1 0 0 34 4.99999999999988898e-01 0.00000000000000000e+00 4.99999999999988898e-01 20 8.12020056518061324e+01
1 0 0 34 4.99999999999988898e-01 0.00000000000000000e+00 4.99999999999988898e-01 21 8.66163664514713219e+01
1 0 0 34 4.99999999999988898e-01 0.00000000000000000e+00 4.99999999999988898e-01 22 1.15091287740857547e+03
1 0 0 34 4.99999999999988898e-01 0.00000000000000000e+00 4.99999999999988898e-01 23 1.20802274500039425e+03
1 0 0 34 4.99999999999988898e-01 0.00000000000000000e+00 4.99999999999988898e-01 24 2.40308098815783433e+03
1 0 0 34 4.99999999999988898e-01 0.00000000000000000e+00 4.99999999999988898e-01 25 2.48025548889076072e+03
1 0 0 35 7.50000000000024314e-01 0.00000000000000000e+00 4.99999999999989009e-01 0 -3.30122998723156869e+01
1 0 0 35 7.50000000000024314e-01 0.00000000000000000e+00 4.99999999999989009e-01 1 -4.54167112512837434e+00
1 0 0 35 7.50000000000024314e-01 0.00000000000000000e+00 4.99999999999989009e-01 2 3.71962545921771137e-01
1 0 0 35 7.50000000000024314e-01 0.00000000000000000e+00 4.99999999999989009e-01 3 1.02624960916979857e+00
1 0 0 35 7.50000000000024314e-01 0.00000000000000000e+00 4.99999999999989009e-01 4 1.11235830518572225e+01
1 0 0 35 7.50000000000024314e-01 0.00000000000000000e+00 4.99999999999989009e-01 5 1.40826253019973588e+01
1 0 0 35 7.50000000000024314e-01 0.00000000000000000e+00 4.99999999999989009e-01 6 1.66898545814808585e+01
1 0 0 35 7.50000000000024314e-01 0.00000000000000000e+00 4.99999999999989009e-01 7 1.79292505924552898e+01
1 0 0 35 7.50000000000024314e-01 0.00000000000000000e+00 4.99999999999989009e-01 8 2.40661730646993171e+01
1 0 0 35 7.50000000000024314e-01 0.00000000000000000e+00 4.99999999999989009e-01 9 2.54192902723958021e+01
1 0 0 35 7.50000000000024314e-01 0.00000000000000000e+00 4.99999999999989009e-01 10 2.80823501034518976e+01
1 0 0 35 7.50000000000024314e-01 0.00000000000000000e+00 4.99999999999989009e-01 11 2.89720292383399851e+01
1 0 0 35 7.50000000000024314e-01 0.00000000000000000e+00 4.99999999999989009e-01 12 3.61420517123864471e+01
1 0 0 35 7.50000000000024314e-01 0.00000000000000000e+00 4.99999999999989009e-01 13 3.72697207236639727e+01
1 0 0 35 7.50000000000024314e-01 0.00000000000000000e+00 4.99999999999989009e-01 14 3.82027350350591206e+01
1 0 0 35 7.50000000000024314e-01 0.00000000000000000e+00 4.99999999999989009e-01 15 4.23254696291627894e+01
1 0 0 35 7.50000000000024314e-01 0.00000000000000000e+00 4.99999999999989009e-01 16 4.58869647485499215e+01
1 0 0 35 7.50000000000024314e-01 0.00000000000000000e+00 4.99999999999989009e-01 17 4.86368660487889386e+01
1 0 0 35 7.50000000000024314e-01 0.00000000000000000e+00 4.99999999999989009e-01 18 5.20606709322815178e+01
1 0 0 35 7.50000000000024314e-01 0.00000000000000000e+00 4.99999999999989009e-01 19 7.34968007553567304e+01
1 0 0 35 7.50000000000024314e-01 0.00000000000000000e+00 4.99999999999989009e-01 20 1.21512913292743434e+02
1 0 0 35 7.50000000000024314e-01 0.00000000000000000e+00 4.99999999999989009e-01 21 1.32638707249493052e+02
1 0 0 35 7.50000000000024314e-01 0.00000000000000000e+00 4.99999999999989009e-01 22 8.57018393059568325e+02
1 0 0 35 7.50000000000024314e-01 0.00000000000000000e+00 4.99999999999989009e-01 23 1.08508769890690292e+03
1 0 0 35 7.50000000000024314e-01 0.00000000000000000e+00 4.99999999999989009e-01 24 1.90402543104594429e+03
1 0 0 35 7.50000000000024314e-01 0.00000000000000000e+00 4.99999999999989009e-01 25 3.28694916831442151e+03
1 0 0 36 0.00000000000000000e+00 2.49999999999953648e-01 4.99999999999988953e-01 0 -3.19405904037390336e+01
1 0 0 36 0.00000000000000000e+00 2.49999999999953648e-01 4.99999999999988953e-01 1 -5.75526627135331559e+00
1 0 0 36 0.00000000000000000e+00 2.49999999999953648e-01 4.99999999999988953e-01 2 -1.77736601724436394e-01
1 0 0 36 0.00000000000000000e+00 2.49999999999953648e-01 4.99999999999988953e-01 3 1.83996303241628167e+00
1 0 0 36 0.00000000000000000e+00 2.49999999999953648e-01 4.99999999999988953e-01 4 1.12981853197640500e+01
1 0 0 36 0.00000000000000000e+00 2.49999999999953648e-01 4.99999999999988953e-01 5 1.38314167489488646e+01
1 0 0 36 0.00000000000000000e+00 2.49999999999953648e-01 4.99999999999988953e-01 6 1.63107270881124116e+01
1 0 0 36 0.00000000000000000e+00 2.49999999999953648e-01 4.99999999999988953e-01 7 1.74736397085990873e+01
1 0 0 36 0.00000000000000000e+00 2.49999999999953648e-01 4.99999999999988953e-01 8 2.41249910184101140e+01
1 0 0 36 0.00000000000000000e+00 2.49999999999953648e-01 4.99999999999988953e-01 9 2.59352034922248933e+01
1 0 0 36 0.00000000000000000e+00 2.49999999999953648e-01 4.99999999999988953e-01 10 2.83086453775366955e+01
1 0 0 36 0.00000000000000000e+00 2.49999999999953648e-01 4.99999999999988953e-01 11 2.90899168379750463e+01
1 0 0 36 0.00000000000000000e+00 2.49999999999953648e-01 4.99999999999988953e-01 12 3.62587876265946818e+01
1 0 0 36 0.00000000000000000e+00 2.49999999999953648e-01 4.99999999999988953e-01 13 3.74273355071289942e+01
1 0 0 36 0.00000000000000000e+00 2.49999999999953648e-01 4.99999999999988953e-01 14 3.76560672912827101e+01
1 0 0 36 0.00000000000000000e+00 2.49999999999953648e-01 4.99999999999988953e-01 15 4.26117404657072356e+01
1 0 0 36 0.00000000000000000e+00 2.49999999999953648e-01 4.99999999999988953e-01 16 4.64823321537707415e+01
1 0 0 36 0.00000000000000000e+00 2.49999999999953648e-01 4.99999999999988953e-01 17 4.97328602251205822e+01
1 0 0 36 0.00000000000000000e+00 2.49999999999953648e-01 4.99999999999988953e-01 18 5.13719557381449619e+01
1 0 0 36 0.00000000000000000e+00 2.49999999999953648e-01 4.99999999999988953e-01 19 7.39896510766889719e+01
1 0 0 36 0.00000000000000000e+00 2.49999999999953648e-01 4.99999999999988953e-01 20 1.19448838131286379e+02
1 0 0 36 0.00000000000000000e+00 2.49999999999953648e-01 4.99999999999988953e-01 21 1.29877865481735881e+02
1 0 0 36 0.00000000000000000e+00 2.49999999999953648e-01 4.99999999999988953e-01 22 9.19208424733375182e+02
1 0 0 36 0.00000000000000000e+00 2.49999999999953648e-01 4.99999999999988953e-01 23 1.04365221523178616e+03
1 0 0 36 0.00000000000000000e+00 2.49999999999953648e-01 4.99999999999988953e-01 24 1.88111378920025140e+03
1 0 0 36 0.00000000000000000e+00 2.49999999999953648e-01 4.99999999999988953e-01 25 3.30077183340154761e+03
1 0 0 37 2.50000000000035305e-01 2.50000000000035305e-01 5.00000000000070610e-01 0 -3.58026610686654010e+01
1 0 0 37 2.50000000000035305e-01 2.50000000000035305e-01 5.00000000000070610e-01 1 -4.63279028791310932e+00
1 0 0 37 2.50000000000035305e-01 2.50000000000035305e-01 5.00000000000070610e-01 2 -1.25473188400530589e+00
1 0 0 37 2.50000000000035305e-01 2.50000000000035305e-01 5.00000000000070610e-01 3 3.25374060465045689e+00
1 0 0 37 2.50000000000035305e-01 2.50000000000035305e-01 5.00000000000070610e-01 4 1.19429939445384647e+01
1 0 0 37 2.50000000000035305e-01 2.50000000000035305e-01 5.00000000000070610e-01 5 1.37353536094795476e+01
1 0 0 37 2.50000000000035305e-01 2.50000000000035305e-01 5.00000000000070610e-01 6 1.62548297894360729e+01
1 0 0 37 2.50000000000035305e-01 2.50000000000035305e-01 5.00000000000070610e-01 7 1.76498401345736973e+01
1 0 0 37 2.50000000000035305e-01 2.50000000000035305e-01 5.00000000000070610e-01 8 1.80310718848071261e+01
1 0 0 37 2.50000000000035305e-01 2.50000000000035305e-01 5.00000000000070610e-01 9 2.53771860488235532e+01
1 0 0 37 2.50000000000035305e-01 2.50000000000035305e-01 5.00000000000070610e-01 10 2.88736572926515684e+01
1 0 0 37 2.50000000000035305e-01 2.50000000000035305e-01 5.00000000000070610e-01 11 3.35295508482688973e+01
1 0 0 37 2.50000000000035305e-01 2.50000000000035305e-01 5.00000000000070610e-01 12 3.50667853805046121e+01
1 0 0 37 2.50000000000035305e-01 2.50000000000035305e-01 5.00000000000070610e-01 13 3.64073493739159133e+01
1 0 0 37 2.50000000000035305e-01 2.50000000000035305e-01 5.00000000000070610e-01 14 3.95263660030779320e+01
1 0 0 37 2.50000000000035305e-01 2.50000000000035305e-01 5.00000000000070610e-01 15 4.08765936364584235e+01
1 0 0 37 2.50000000000035305e-01 2.50000000000035305e-01 5.00000000000070610e-01 16 4.46768164167306097e+01
1 0 0 37 2.50000000000035305e-01 2.50000000000035305e-01 5.00000000000070610e-01 17 4.88620831449496933e+01
1 0 0 37 2.50000000000035305e-01 2.50000000000035305e-01 5.00000000000070610e-01 18 5.25488024978812476e+01
1 0 0 37 2.50000000000035305e-01 2.50000000000035305e-01 5.00000000000070610e-01 19 9.14631755210543531e+01
1 0 0 37 2.50000000000035305e-01 2.50000000000035305e-01 5.00000000000070610e-01 20 1.08477482762847885e+02
1 0 0 37 2.50000000000035305e-01 2.50000000000035305e-01 5.00000000000070610e-01 21 2.34115807909725362e+02
1 0 0 37 2.50000000000035305e-01 2.50000000000035305e-01 5.00000000000070610e-01 22 7.80232965046454183e+02
1 0 0 37 2.50000000000035305e-01 2.50000000000035305e-01 5.00000000000070610e-01 23 9.95828153935364753e+02
1 0 0 37 2.50000000000035305e-01 2.50000000000035305e-01 5.00000000000070610e-01 24 1.72021898773960379e+03
1 0 0 37 2.50000000000035305e-01 2.50000000000035305e-01 5.00000000000070610e-01 25 3.26834690825390271e+03
1 0 0 38 4.99999999999988953e-01 2.50000000000035305e-01 4.99999999999988953e-01 0 -3.28090855252320495e+01
1 0 0 38 4.99999999999988953e-01 2.50000000000035305e-01 4.99999999999988953e-01 1 -5.63160373800908065e+00
1 0 0 38 4.99999999999988953e-01 2.50000000000035305e-01 4.99999999999988953e-01 2 -5.00117744782983320e-01
1 0 0 38 4.99999999999988953e-01 2.50000000000035305e-01 4.99999999999988953e-01 3 2.18789508615926653e+00
1 0 0 38 4.99999999999988953e-01 2.50000000000035305e-01 4.99999999999988953e-01 4 1.13616807779044962e+01
1 0 0 38 4.99999999999988953e-01 2.50000000000035305e-01 4.99999999999988953e-01 5 1.39899311525752807e+01
1 0 0 38 4.99999999999988953e-01 2.50000000000035305e-01 4.99999999999988953e-01 6 1.65686329202132967e+01
1 0 0 38 4.99999999999988953e-01 2.50000000000035305e-01 4.99999999999988953e-01 7 1.76903711434163213e+01
1 0 0 38 4.99999999999988953e-01 2.50000000000035305e-01 4.99999999999988953e-01 8 2.41858058334011119e+01
1 0 0 38 4.99999999999988953e-01 2.50000000000035305e-01 4.99999999999988953e-01 9 2.57642137393363484e+01
1 0 0 38 4.99999999999988953e-01 2.50000000000035305e-01 4.99999999999988953e-01 10 2.79512243674557119e+01
1 0 0 38 4.99999999999988953e-01 2.50000000000035305e-01 4.99999999999988953e-01 11 2.92968990279385864e+01
1 0 0 38 4.99999999999988953e-01 2.50000000000035305e-01 4.99999999999988953e-01 12 3.61320325675010992e+01
1 0 0 38 4.99999999999988953e-01 2.50000000000035305e-01 4.99999999999988953e-01 13 3.70882760872099411e+01
1 0 0 38 4.99999999999988953e-01 2.50000000000035305e-01 4.99999999999988953e-01 14 3.86391724518096353e+01
1 0 0 38 4.99999999999988953e-01 2.50000000000035305e-01 4.99999999999988953e-01 15 4.28539106012728084e+01
1 0 0 38 4.99999999999988953e-01 2.50000000000035305e-01 4.99999999999988953e-01 16 4.73032205165453590e+01
1 0 0 38 4.99999999999988953e-01 2.50000000000035305e-01 4.99999999999988953e-01 17 4.93353823689868634e+01
1 0 0 38 4.99999999999988953e-01 2.50000000000035305e-01 4.99999999999988953e-01 18 5.16070039936564910e+01
1 0 0 38 4.99999999999988953e-01 2.50000000000035305e-01 4.99999999999988953e-01 19 7.50849562532468155e+01
1 0 0 38 4.99999999999988953e-01 2.50000000000035305e-01 4.99999999999988953e-01 20 1.22299252120117345e+02
1 0 0 38 4.99999999999988953e-01 2.50000000000035305e-01 4.99999999999988953e-01 21 1.26853463138655655e+02
1 0 0 38 4.99999999999988953e-01 2.50000000000035305e-01 4.99999999999988953e-01 22 8.32080435056703664e+02
1 0 0 38 4.99999999999988953e-01 2.50000000000035305e-01 4.99999999999988953e-01 23 1.11264218421694045e+03
1 0 0 38 4.99999999999988953e-01 2.50000000000035305e-01 4.99999999999988953e-01 24 1.85378013416857539e+03
1 0 0 38 4.99999999999988953e-01 2.50000000000035305e-01 4.99999999999988953e-01 25 3.45182985159884856e+03
1 0 0 39 7.50000000000024203e-01 2.50000000000035305e-01 4.99999999999988898e-01 0 -2.71550880227236853e+01
1 0 0 39 7.50000000000024203e-01 2.50000000000035305e-01 4.99999999999988898e-01 1 -5.30907764885097144e+00
1 0 0 39 7.50000000000024203e-01 2.50000000000035305e-01 4.99999999999988898e-01 2 -1.29131750290736291e+00
1 0 0 39 7.50000000000024203e-01 2.50000000000035305e-01 4.99999999999988898e-01 3 4.01944750398293249e-01
1 0 0 39 7.50000000000024203e-01 2.50000000000035305e-01 4.99999999999988898e-01 4 1.22165462674190923e+01
1 0 0 39 7.50000000000024203e-01 2.50000000000035305e-01 4.99999999999988898e-01 5 1.36777415742971904e+01
1 0 0 39 7.50000000000024203e-01 2.50000000000035305e-01 4.99999999999988898e-01 6 1.57436693165848176e+01
1 0 0 39 7.50000000000024203e-01 2.50000000000035305e-01 4.99999999999988898e-01 7 1.80392114700242097e+01
1 0 0 39 7.50000000000024203e-01 2.50000000000035305e-01 4.99999999999988898e-01 8 2.42176415526462456e+01
1 0 0 39 7.50000000000024203e-01 2.50000000000035305e-01 4.99999999999988898e-01 9 2.56217824407981674e+01
1 0 0 39 7.50000000000024203e-01 2.50000000000035305e-01 4.99999999999988898e-01 10 2.90005839692119842e+01
1 0 0 39 7.50000000000024203e-01 2.50000000000035305e-01 4.99999999999988898e-01 11 3.13092028095263295e+01
1 0 0 39 7.50000000000024203e-01 2.50000000000035305e-01 4.99999999999988898e-01 12 3.62607176176959882e+01
1 0 0 39 7.50000000000024203e-01 2.50000000000035305e-01 4.99999999999988898e-01 13 3.71474947581389188e+01
1 0 0 39 7.50000000000024203e-01 2.50000000000035305e-01 4.99999999999988898e-01 14 3.89221671263451867e+01
1 0 0 39 7.50000000000024203e-01 2.50000000000035305e-01 4.99999999999988898e-01 15 4.20521969621979963e+01
1 0 0 39 7.50000000000024203e-01 2.50000000000035305e-01 4.99999999999988898e-01 16 4.38975367781656800e+01
1 0 0 39 7.50000000000024203e-01 2.50000000000035305e-01 4.99999999999988898e-01 17 4.46203421998605094e+01
1 0 0 39 7.50000000000024203e-01 2.50000000000035305e-01 4.99999999999988898e-01 18 5.56772416556666627e+01
1 0 0 39 7.50000000000024203e-01 2.50000000000035305e-01 4.99999999999988898e-01 19 5.68083447859699007e+01
1 0 0 39 7.50000000000024203e-01 2.50000000000035305e-01 4.99999999999988898e-01 20 9.43219670599930566e+01
1 0 0 39 7.50000000000024203e-01 2.50000000000035305e-01 4.99999999999988898e-01 21 9.81052871884328823e+01
1 0 0 39 7.50000000000024203e-01 2.50000000000035305e-01 4.99999999999988898e-01 22 1.19441198028200165e+03
1 0 0 39 7.50000000000024203e-01 2.50000000000035305e-01 4.99999999999988898e-01 23 1.58931023542213143e+03
1 0 0 39 7.50000000000024203e-01 2.50000000000035305e-01 4.99999999999988898e-01 24 2.41039810627857469e+03
1 0 0 39 7.50000000000024203e-01 2.50000000000035305e-01 4.99999999999988898e-01 25 2.53892747088426358e+03
1 0 0 40 0.00000000000000000e+00 4.99999999999988898e-01 4.99999999999988898e-01 0 -2.76028487177938580e+01
1 0 0 40 0.00000000000000000e+00 4.99999999999988898e-01 4.99999999999988898e-01 1 -6.61222937533968480e+00
1 0 0 40 0.00000000000000000e+00 4.99999999999988898e-01 4.99999999999988898e-01 2 -2.62824836303342524e+00
1 0 0 40 0.00000000000000000e+00 4.99999999999988898e-01 4.99999999999988898e-01 3 1.23821964419806685e+00
1 0 0 40 0.00000000000000000e+00 4.99999999999988898e-01 4.99999999999988898e-01 4 9.94621022610342465e+00
1 0 0 40 0.00000000000000000e+00 4.99999999999988898e-01 4.99999999999988898e-01 5 1.05031693780079021e+01
1 0 0 40 0.00000000000000000e+00 4.99999999999988898e-01 4.99999999999988898e-01 6 2.30074520638412778e+01
1 0 0 40 0.00000000000000000e+00 4.99999999999988898e-01 4.99999999999988898e-01 7 2.43237316255058715e+01
1 0 0 40 0.00000000000000000e+00 4.99999999999988898e-01 4.99999999999988898e-01 8 2.57274677847723794e+01
1 0 0 40 0.00000000000000000e+00 4.99999999999988898e-01 4.99999999999988898e-01 9 2.62102818868963645e+01
1 0 0 40 0.00000000000000000e+00 4.99999999999988898e-01 4.99999999999988898e-01 10 2.67173508632871055e+01
1 0 0 40 0.00000000000000000e+00 4.99999999999988898e-01 4.99999999999988898e-01 11 2.86866428860998326e+01
1 0 0 40 0.00000000000000000e+00 4.99999999999988898e-01 4.99999999999988898e-01 12 3.06156229653459881e+01
1 0 0 40 0.00000000000000000e+00 4.99999999999988898e-01 4.99999999999988898e-01 13 3.25067280040259732e+01
1 0 0 40 0.00000000000000000e+00 4.99999999999988898e-01 4.99999999999988898e-01 14 4.35452244384267431e+01
1 0 0 40 0.00000000000000000e+00 4.99999999999988898e-01 4.99999999999988898e-01 15 4.47834671255595680e+01
1 0 0 40 0.00000000000000000e+00 4.99999999999988898e-01 4.99999999999988898e-01 16 5.01990014153808772e+01
1 0 0 40 0.00000000000000000e+00 4.99999999999988898e-01 4.99999999999988898e-01 17 5.16775682382125154e+01
1 0 0 40 0.00000000000000000e+00 4.99999999999988898e-01 4.99999999999988898e-01 18 6.69138569004978621e+01
1 0 0 40 0.00000000000000000e+00 4.99999999999988898e-01 4.99999999999988898e-01 19 6.76321303520202264e+01
1 0 0 40 0.00000000000000000e+00 4.99999999999988898e-01 4.99999999999988898e-01 20 8.21959943013068681e+01
1 0 0 40 0.00000000000000000e+00 4.99999999999988898e-01 4.99999999999988898e-01 21 8.70044389224005243e+01
1 0 0 40 0.00000000000000000e+00 4.99999999999988898e-01 4.99999999999988898e-01 22 1.13943442080168961e+03
1 0 0 40 0.00000000000000000e+00 4.99999999999988898e-01 4.99999999999988898e-01 23 1.23739484685421598e+03
1 0 0 40 0.00000000000000000e+00 4.99999999999988898e-01 4.99999999999988898e-01 24 2.36577975346306221e+03
1 0 0 40 0.00000000000000000e+00 4.99999999999988898e-01 4.99999999999988898e-01 25 2.52541505790126439e+03
1 0 0 41 2.50000000000035305e-01 4.99999999999988953e-01 4.99999999999988953e-01 0 -3.18085678763565696e+01
1 0 0 41 2.50000000000035305e-01 4.99999999999988953e-01 4.99999999999988953e-01 1 -5.42229165285967429e+00
1 0 0 41 2.50000000000035305e-01 4.99999999999988953e-01 4.99999999999988953e-01 2 -5.44391233641653427e-01
1 0 0 41 2.50000000000035305e-01 4.99999999999988953e-01 4.99999999999988953e-01 3 -2.38392291099148196e-01
1 0 0 41 2.50000000000035305e-01 4.99999999999988953e-01 4.99999999999988953e-01 4 1.12633272442776651e+01
1 0 0 41 2.50000000000035305e-01 4.99999999999988953e-01 4.99999999999988953e-01 5 1.37427334116537008e+01
1 0 0 41 2.50000000000035305e-01 4.99999999999988953e-01 4.99999999999988953e-01 6 1.68941463828902165e+01
1 0 0 41 2.50000000000035305e-01 4.99999999999988953e-01 4.99999999999988953e-01 7 1.81996834122792279e+01
1 0 0 41 2.50000000000035305e-01 4.99999999999988953e-01 4.99999999999988953e-01 8 2.38077092420501408e+01
1 0 0 41 2.50000000000035305e-01 4.99999999999988953e-01 4.99999999999988953e-01 9 2.55058802491886674e+01
1 0 0 41 2.50000000000035305e-01 4.99999999999988953e-01 4.99999999999988953e-01 10 2.82550631652957094e+01
1 0 0 41 2.50000000000035305e-01 4.99999999999988953e-01 4.99999999999988953e-01 11 2.90772070525719464e+01
1 0 0 41 2.50000000000035305e-01 4.99999999999988953e-01 4.99999999999988953e-01 12 3.64627453057097668e+01
1 0 0 41 2.50000000000035305e-01 4.99999999999988953e-01 4.99999999999988953e-01 13 3.75274665048766636e+01
1 0 0 41 2.50000000000035305e-01 4.99999999999988953e-01 4.99999999999988953e-01 14 3.82418644627603541e+01
1 0 0 41 2.50000000000035305e-01 4.99999999999988953e-01 4.99999999999988953e-01 15 4.29688653365631197e+01
1 0 0 41 2.50000000000035305e-01 4.99999999999988953e-01 4.99999999999988953e-01 16 4.70147105324664309e+01
1 0 0 41 2.50000000000035305e-01 4.99999999999988953e-01 4.99999999999988953e-01 17 4.88562754972655284e+01
1 0 0 41 2.50000000000035305e-01 4.99999999999988953e-01 4.99999999999988953e-01 18 5.17274052002438012e+01
1 0 0 41 2.50000000000035305e-01 4.99999999999988953e-01 4.99999999999988953e-01 19 7.53708210057258015e+01
1 0 0 41 2.50000000000035305e-01 4.99999999999988953e-01 4.99999999999988953e-01 20 1.17324716916906141e+02
1 0 0 41 2.50000000000035305e-01 4.99999999999988953e-01 4.99999999999988953e-01 21 1.25904714086540920e+02
1 0 0 41 2.50000000000035305e-01 4.99999999999988953e-01 4.99999999999988953e-01 22 9.32103833460121336e+02
1 0 0 41 2.50000000000035305e-01 4.99999999999988953e-01 4.99999999999988953e-01 23 1.12018605922177085e+03
1 0 0 41 2.50000000000035305e-01 4.99999999999988953e-01 4.99999999999988953e-01 24 1.79527736568672731e+03
1 0 0 41 2.50000000000035305e-01 4.99999999999988953e-01 4.99999999999988953e-01 25 3.40872919164205405e+03
1 0 0 42 5.00000000000070610e-01 5.00000000000070610e-01 5.00000000000070610e-01 0 -3.48152095844252969e+01
1 0 0 42 5.00000000000070610e-01 5.00000000000070610e-01 5.00000000000070610e-01 1 -8.26332365351320597e+00
1 0 0 42 5.00000000000070610e-01 5.00000000000070610e-01 5.00000000000070610e-01 2 8.28862875864839865e-01
1 0 0 42 5.00000000000070610e-01 5.00000000000070610e-01 5.00000000000070610e-01 3 2.88902897515261659e+00
1 0 0 42 5.00000000000070610e-01 5.00000000000070610e-01 5.00000000000070610e-01 4 1.00751890564545246e+01
1 0 0 42 5.00000000000070610e-01 5.00000000000070610e-01 5.00000000000070610e-01 5 1.32665885774865746e+01
1 0 0 42 5.00000000000070610e-01 5.00000000000070610e-01 5.00000000000070610e-01 6 1.39957783009866326e+01
1 0 0 42 5.00000000000070610e-01 5.00000000000070610e-01 5.00000000000070610e-01 7 2.28184575724380601e+01
1 0 0 42 5.00000000000070610e-01 5.00000000000070610e-01 5.00000000000070610e-01 8 2.34925524195088435e+01
1 0 0 42 5.00000000000070610e-01 5.00000000000070610e-01 5.00000000000070610e-01 9 2.40408789945503045e+01
1 0 0 42 5.00000000000070610e-01 5.00000000000070610e-01 5.00000000000070610e-01 10 2.77057983995673212e+01
1 0 0 42 5.00000000000070610e-01 5.00000000000070610e-01 5.00000000000070610e-01 11 2.83995792528396791e+01
1 0 0 42 5.00000000000070610e-01 5.00000000000070610e-01 5.00000000000070610e-01 12 2.92044629777977107e+01
1 0 0 42 5.00000000000070610e-01 5.00000000000070610e-01 5.00000000000070610e-01 13 3.76838618749236218e+01
1 0 0 42 5.00000000000070610e-01 5.00000000000070610e-01 5.00000000000070610e-01 14 4.34661120371415777e+01
1 0 0 42 5.00000000000070610e-01 5.00000000000070610e-01 5.00000000000070610e-01 15 4.40657483610500194e+01
1 0 0 42 5.00000000000070610e-01 5.00000000000070610e-01 5.00000000000070610e-01 16 4.60206878146903193e+01
1 0 0 42 5.00000000000070610e-01 5.00000000000070610e-01 5.00000000000070610e-01 17 5.01508970607737012e+01
1 0 0 42 5.00000000000070610e-01 5.00000000000070610e-01 5.00000000000070610e-01 18 5.14713023069204780e+01
1 0 0 42 5.00000000000070610e-01 5.00000000000070610e-01 5.00000000000070610e-01 19 6.46259753221484914e+01
1 0 0 42 5.00000000000070610e-01 5.00000000000070610e-01 5.00000000000070610e-01 20 2.96012957219803354e+02
1 0 0 42 5.00000000000070610e-01 5.00000000000070610e-01 5.00000000000070610e-01 21 3.19605624007693336e+02
1 0 0 42 5.00000000000070610e-01 5.00000000000070610e-01 5.00000000000070610e-01 22 5.55192853734920732e+02
1 0 0 42 5.00000000000070610e-01 5.00000000000070610e-01 5.00000000000070610e-01 23 5.73917978154535149e+02
1 0 0 42 5.00000000000070610e-01 5.00000000000070610e-01 5.00000000000070610e-01 24 1.70527121630378815e+03
1 0 0 42 5.00000000000070610e-01 5.00000000000070610e-01 5.00000000000070610e-01 25 4.21539275080317930e+03
1 0 0 43 7.49999999999942601e-01 4.99999999999988953e-01 4.99999999999988953e-01 0 -3.18176646952187170e+01
1 0 0 43 7.49999999999942601e-01 4.99999999999988953e-01 4.99999999999988953e-01 1 -5.43829282336378572e+00
1 0 0 43 7.49999999999942601e-01 4.99999999999988953e-01 4.99999999999988953e-01 2 -5.76590673958052857e-01
1 0 0 43 7.49999999999942601e-01 4.99999999999988953e-01 4.99999999999988953e-01 3 -1.95231178047951898e-01
1 0 0 43 7.49999999999942601e-01 4.99999999999988953e-01 4.99999999999988953e-01 4 1.12672205481509540e+01
1 0 0 43 7.49999999999942601e-01 4.99999999999988953e-01 4.99999999999988953e-01 5 1.37348735988465176e+01
1 0 0 43 7.49999999999942601e-01 4.99999999999988953e-01 4.99999999999988953e-01 6 1.68863787210494678e+01
1 0 0 43 7.49999999999942601e-01 4.99999999999988953e-01 4.99999999999988953e-01 7 1.81509561875975614e+01
1 0 0 43 7.49999999999942601e-01 4.99999999999988953e-01 4.99999999999988953e-01 8 2.38229378629195132e+01
1 0 0 43 7.49999999999942601e-01 4.99999999999988953e-01 4.99999999999988953e-01 9 2.55693606862606124e+01
1 0 0 43 7.49999999999942601e-01 4.99999999999988953e-01 4.99999999999988953e-01 10 2.82779500457790149e+01
1 0 0 43 7.49999999999942601e-01 4.99999999999988953e-01 4.99999999999988953e-01 11 2.90337872739567722e+01
1 0 0 43 7.49999999999942601e-01 4.99999999999988953e-01 4.99999999999988953e-01 12 3.64884275219996823e+01
1 0 0 43 7.49999999999942601e-01 4.99999999999988953e-01 4.99999999999988953e-01 13 3.75810981325011397e+01
1 0 0 43 7.49999999999942601e-01 4.99999999999988953e-01 4.99999999999988953e-01 14 3.82302572691426477e+01
1 0 0 43 7.49999999999942601e-01 4.99999999999988953e-01 4.99999999999988953e-01 15 4.28967219244294711e+01
1 0 0 43 7.49999999999942601e-01 4.99999999999988953e-01 4.99999999999988953e-01 16 4.69864763571564481e+01
1 0 0 43 7.49999999999942601e-01 4.99999999999988953e-01 4.99999999999988953e-01 17 4.88168713456743504e+01
1 0 0 43 7.49999999999942601e-01 4.99999999999988953e-01 4.99999999999988953e-01 18 5.18220270732879982e+01
1 0 0 43 7.49999999999942601e-01 4.99999999999988953e-01 4.99999999999988953e-01 19 7.51874861362223896e+01
1 0 0 43 7.49999999999942601e-01 4.99999999999988953e-01 4.99999999999988953e-01 20 1.16554043242380402e+02
1 0 0 43 7.49999999999942601e-01 4.99999999999988953e-01 4.99999999999988953e-01 21 1.26466241402460753e+02
1 0 0 43 7.49999999999942601e-01 4.99999999999988953e-01 4.99999999999988953e-01 22 9.39681528560533479e+02
1 0 0 43 7.49999999999942601e-01 4.99999999999988953e-01 4.99999999999988953e-01 23 1.11898519417470538e+03
1 0 0 43 7.49999999999942601e-01 4.99999999999988953e-01 4.99999999999988953e-01 24 1.79372343106214089e+03
1 0 0 43 7.49999999999942601e-01 4.99999999999988953e-01 4.99999999999988953e-01 25 3.40837449098529760e+03
1 0 0 44 0.00000000000000000e+00 7.50000000000024314e-01 4.99999999999989009e-01 0 -3.19360233471278399e+01
1 0 0 44 0.00000000000000000e+00 7.50000000000024314e-01 4.99999999999989009e-01 1 -5.74727374075236863e+00
1 0 0 44 0.00000000000000000e+00 7.50000000000024314e-01 4.99999999999989009e-01 2 -2.23696860194786185e-01
1 0 0 44 0.00000000000000000e+00 7.50000000000024314e-01 4.99999999999989009e-01 3 1.82221929974719643e+00
1 0 0 44 0.00000000000000000e+00 7.50000000000024314e-01 4.99999999999989009e-01 4 1.12870629870123462e+01
1 0 0 44 0.00000000000000000e+00 7.50000000000024314e-01 4.99999999999989009e-01 5 1.39241372021355279e+01
1 0 0 44 0.00000000000000000e+00 7.50000000000024314e-01 4.99999999999989009e-01 6 1.61650673325705192e+01
1 0 0 44 0.00000000000000000e+00 7.50000000000024314e-01 4.99999999999989009e-01 7 1.75976204917666337e+01
1 0 0 44 0.00000000000000000e+00 7.50000000000024314e-01 4.99999999999989009e-01 8 2.41484990608654613e+01
1 0 0 44 0.00000000000000000e+00 7.50000000000024314e-01 4.99999999999989009e-01 9 2.60438437608972144e+01
1 0 0 44 0.00000000000000000e+00 7.50000000000024314e-01 4.99999999999989009e-01 10 2.84142112395226292e+01
1 0 0 44 0.00000000000000000e+00 7.50000000000024314e-01 4.99999999999989009e-01 11 2.90335279896765641e+01
1 0 0 44 0.00000000000000000e+00 7.50000000000024314e-01 4.99999999999989009e-01 12 3.61535096703453434e+01
1 0 0 44 0.00000000000000000e+00 7.50000000000024314e-01 4.99999999999989009e-01 13 3.73599961476418372e+01
1 0 0 44 0.00000000000000000e+00 7.50000000000024314e-01 4.99999999999989009e-01 14 3.77684830556844133e+01
1 0 0 44 0.00000000000000000e+00 7.50000000000024314e-01 4.99999999999989009e-01 15 4.25813635290978070e+01
1 0 0 44 0.00000000000000000e+00 7.50000000000024314e-01 4.99999999999989009e-01 16 4.64685207732703276e+01
1 0 0 44 0.00000000000000000e+00 7.50000000000024314e-01 4.99999999999989009e-01 17 4.97607464170036451e+01
1 0 0 44 0.00000000000000000e+00 7.50000000000024314e-01 4.99999999999989009e-01 18 5.16019978284458176e+01
1 0 0 44 0.00000000000000000e+00 7.50000000000024314e-01 4.99999999999989009e-01 19 7.37523769619163829e+01
1 0 0 44 0.00000000000000000e+00 7.50000000000024314e-01 4.99999999999989009e-01 20 1.19256266909956253e+02
1 0 0 44 0.00000000000000000e+00 7.50000000000024314e-01 4.99999999999989009e-01 21 1.30142596588629033e+02
1 0 0 44 0.00000000000000000e+00 7.50000000000024314e-01 4.99999999999989009e-01 22 9.13818174458925455e+02
1 0 0 44 0.00000000000000000e+00 7.50000000000024314e-01 4.99999999999989009e-01 23 1.04189487888184749e+03
1 0 0 44 0.00000000000000000e+00 7.50000000000024314e-01 4.99999999999989009e-01 24 1.88171746087059887e+03
1 0 0 44 0.00000000000000000e+00 7.50000000000024314e-01 4.99999999999989009e-01 25 3.29953660438307088e+03
1 0 0 45 2.50000000000035305e-01 7.50000000000024203e-01 4.99999999999988898e-01 0 -2.71542007093095847e+01
1 0 0 45 2.50000000000035305e-01 7.50000000000024203e-01 4.99999999999988898e-01 1 -5.28705563642654308e+00
1 0 0 45 2.50000000000035305e-01 7.50000000000024203e-01 4.99999999999988898e-01 2 -1.22741463545224905e+00
1 0 0 45 2.50000000000035305e-01 7.50000000000024203e-01 4.99999999999988898e-01 3 4.55273389552351138e-01
1 0 0 45 2.50000000000035305e-01 7.50000000000024203e-01 4.99999999999988898e-01 4 1.22243097846309041e+01
1 0 0 45 2.50000000000035305e-01 7.50000000000024203e-01 4.99999999999988898e-01 5 1.37723215923037952e+01
1 0 0 45 2.50000000000035305e-01 7.50000000000024203e-01 4.99999999999988898e-01 6 1.57366747843340526e+01
1 0 0 45 2.50000000000035305e-01 7.50000000000024203e-01 4.99999999999988898e-01 7 1.80560789813544034e+01
1 0 0 45 2.50000000000035305e-01 7.50000000000024203e-01 4.99999999999988898e-01 8 2.41144295862400568e+01
1 0 0 45 2.50000000000035305e-01 7.50000000000024203e-01 4.99999999999988898e-01 9 2.55186415066351948e+01
1 0 0 45 2.50000000000035305e-01 7.50000000000024203e-01 4.99999999999988898e-01 10 2.90588502461332716e+01
1 0 0 45 2.50000000000035305e-01 7.50000000000024203e-01 4.99999999999988898e-01 11 3.12789246778819567e+01
1 0 0 45 2.50000000000035305e-01 7.50000000000024203e-01 4.99999999999988898e-01 12 3.61543744533983542e+01
1 0 0 45 2.50000000000035305e-01 7.50000000000024203e-01 4.99999999999988898e-01 13 3.71831963144589608e+01
1 0 0 45 2.50000000000035305e-01 7.50000000000024203e-01 4.99999999999988898e-01 14 3.88932702587954822e+01
1 0 0 45 2.50000000000035305e-01 7.50000000000024203e-01 4.99999999999988898e-01 15 4.20243036636750915e+01
1 0 0 45 2.50000000000035305e-01 7.50000000000024203e-01 4.99999999999988898e-01 16 4.39461759776864298e+01
1 0 0 45 2.50000000000035305e-01 7.50000000000024203e-01 4.99999999999988898e-01 17 4.46164311982905843e+01
1 0 0 45 2.50000000000035305e-01 7.50000000000024203e-01 4.99999999999988898e-01 18 5.56361161215076905e+01
1 0 0 45 2.50000000000035305e-01 7.50000000000024203e-01 4.99999999999988898e-01 19 5.73771240535877283e+01
1 0 0 45 2.50000000000035305e-01 7.50000000000024203e-01 4.99999999999988898e-01 20 9.43004964901168989e+01
1 0 0 45 2.50000000000035305e-01 7.50000000000024203e-01 4.99999999999988898e-01 21 9.80975933261254767e+01
1 0 0 45 2.50000000000035305e-01 7.50000000000024203e-01 4.99999999999988898e-01 22 1.14392356943053778e+03
1 0 0 45 2.50000000000035305e-01 7.50000000000024203e-01 4.99999999999988898e-01 23 1.58653119172476909e+03
1 0 0 45 2.50000000000035305e-01 7.50000000000024203e-01 4.99999999999988898e-01 24 2.41085044364883015e+03
1 0 0 45 2.50000000000035305e-01 7.50000000000024203e-01 4.99999999999988898e-01 25 2.53931823130310113e+03
1 0 0 46 4.99999999999988953e-01 7.49999999999942601e-01 4.99999999999988953e-01 0 -3.28134853444718217e+01
1 0 0 46 4.99999999999988953e-01 7.49999999999942601e-01 4.99999999999988953e-01 1 -5.63610023254317483e+00
1 0 0 46 4.99999999999988953e-01 7.49999999999942601e-01 4.99999999999988953e-01 2 -5.31096983467630679e-01
1 0 0 46 4.99999999999988953e-01 7.49999999999942601e-01 4.99999999999988953e-01 3 2.20920334856576694e+00
1 0 0 46 4.99999999999988953e-01 7.49999999999942601e-01 4.99999999999988953e-01 4 1.14184251296995463e+01
1 0 0 46 4.99999999999988953e-01 7.49999999999942601e-01 4.99999999999988953e-01 5 1.39589230187041498e+01
1 0 0 46 4.99999999999988953e-01 7.49999999999942601e-01 4.99999999999988953e-01 6 1.66066763749177220e+01
1 0 0 46 4.99999999999988953e-01 7.49999999999942601e-01 4.99999999999988953e-01 7 1.77244118381067075e+01
1 0 0 46 4.99999999999988953e-01 7.49999999999942601e-01 4.99999999999988953e-01 8 2.41737935984827601e+01
1 0 0 46 4.99999999999988953e-01 7.49999999999942601e-01 4.99999999999988953e-01 9 2.57185114796610286e+01
1 0 0 46 4.99999999999988953e-01 7.49999999999942601e-01 4.99999999999988953e-01 10 2.79420917894971730e+01
1 0 0 46 4.99999999999988953e-01 7.49999999999942601e-01 4.99999999999988953e-01 11 2.92288612342349303e+01
1 0 0 46 4.99999999999988953e-01 7.49999999999942601e-01 4.99999999999988953e-01 12 3.62375509368092636e+01
1 0 0 46 4.99999999999988953e-01 7.49999999999942601e-01 4.99999999999988953e-01 13 3.71150164100341016e+01
1 0 0 46 4.99999999999988953e-01 7.49999999999942601e-01 4.99999999999988953e-01 14 3.86013083821482823e+01
1 0 0 46 4.99999999999988953e-01 7.49999999999942601e-01 4.99999999999988953e-01 15 4.29229804726424646e+01
1 0 0 46 4.99999999999988953e-01 7.49999999999942601e-01 4.99999999999988953e-01 16 4.71261172978331260e+01
1 0 0 46 4.99999999999988953e-01 7.49999999999942601e-01 4.99999999999988953e-01 17 4.91612162655652867e+01
1 0 0 46 4.99999999999988953e-01 7.49999999999942601e-01 4.99999999999988953e-01 18 5.16645835425312185e+01
1 0 0 46 4.99999999999988953e-01 7.49999999999942601e-01 4.99999999999988953e-01 19 7.53316319204894995e+01
1 0 0 46 4.99999999999988953e-01 7.49999999999942601e-01 4.99999999999988953e-01 20 1.22274854496095926e+02
1 0 0 46 4.99999999999988953e-01 7.49999999999942601e-01 4.99999999999988953e-01 21 1.26530332659049776e+02
1 0 0 46 4.99999999999988953e-01 7.49999999999942601e-01 4.99999999999988953e-01 22 8.31144998496381049e+02
1 0 0 46 4.99999999999988953e-01 7.49999999999942601e-01 4.99999999999988953e-01 23 1.11500568604456885e+03
1 0 0 46 4.99999999999988953e-01 7.49999999999942601e-01 4.99999999999988953e-01 24 1.86252682126899663e+03
1 0 0 46 4.99999999999988953e-01 7.49999999999942601e-01 4.99999999999988953e-01 25 3.44077609043121083e+03
1 0 0 47 7.50000000000024203e-01 7.50000000000024203e-01 5.00000000000070610e-01 0 -3.58039739452878152e+01
1 0 0 47 7.50000000000024203e-01 7.50000000000024203e-01 5.00000000000070610e-01 1 -4.59438043912989436e+00
1 0 0 47 7.50000000000024203e-01 7.50000000000024203e-01 5.00000000000070610e-01 2 -1.28349191260955875e+00
1 0 0 47 7.50000000000024203e-01 7.50000000000024203e-01 5.00000000000070610e-01 3 3.26988173694071227e+00
1 0 0 47 7.50000000000024203e-01 7.50000000000024203e-01 5.00000000000070610e-01 4 1.19840418907909623e+01
1 0 0 47 7.50000000000024203e-01 7.50000000000024203e-01 5.00000000000070610e-01 5 1.36726129753750403e+01
1 0 0 47 7.50000000000024203e-01 7.50000000000024203e-01 5.00000000000070610e-01 6 1.62497422863146141e+01
1 0 0 47 7.50000000000024203e-01 7.50000000000024203e-01 5.00000000000070610e-01 7 1.76728847648753593e+01
1 0 0 47 7.50000000000024203e-01 7.50000000000024203e-01 5.00000000000070610e-01 8 1.80479292526790474e+01
1 0 0 47 7.50000000000024203e-01 7.50000000000024203e-01 5.00000000000070610e-01 9 2.53548475935134121e+01
1 0 0 47 7.50000000000024203e-01 7.50000000000024203e-01 5.00000000000070610e-01 10 2.88049524094976590e+01
1 0 0 47 7.50000000000024203e-01 7.50000000000024203e-01 5.00000000000070610e-01 11 3.34136556881312856e+01
1 0 0 47 7.50000000000024203e-01 7.50000000000024203e-01 5.00000000000070610e-01 12 3.50128581819846474e+01
1 0 0 47 7.50000000000024203e-01 7.50000000000024203e-01 5.00000000000070610e-01 13 3.64511524582862947e+01
1 0 0 47 7.50000000000024203e-01 7.50000000000024203e-01 5.00000000000070610e-01 14 3.95803451094712102e+01
1 0 0 47 7.50000000000024203e-01 7.50000000000024203e-01 5.00000000000070610e-01 15 4.12752478318356140e+01
1 0 0 47 7.50000000000024203e-01 7.50000000000024203e-01 5.00000000000070610e-01 16 4.49006272321789979e+01
1 0 0 47 7.50000000000024203e-01 7.50000000000024203e-01 5.00000000000070610e-01 17 4.85756277625361648e+01
1 0 0 47 7.50000000000024203e-01 7.50000000000024203e-01 5.00000000000070610e-01 18 5.25844946623051968e+01
1 0 0 47 7.50000000000024203e-01 7.50000000000024203e-01 5.00000000000070610e-01 19 9.08438082116544479e+01
1 0 0 47 7.50000000000024203e-01 7.50000000000024203e-01 5.00000000000070610e-01 20 1.08468806243427665e+02
1 0 0 47 7.50000000000024203e-01 7.50000000000024203e-01 5.00000000000070610e-01 21 2.34198836685424396e+02
1 0 0 47 7.50000000000024203e-01 7.50000000000024203e-01 5.00000000000070610e-01 22 7.81913427932836271e+02
1 0 0 47 7.50000000000024203e-01 7.50000000000024203e-01 5.00000000000070610e-01 23 9.93671727886808640e+02
1 0 0 47 7.50000000000024203e-01 7.50000000000024203e-01 5.00000000000070610e-01 24 1.70446477548959592e+03
1 0 0 47 7.50000000000024203e-01 7.50000000000024203e-01 5.00000000000070610e-01 25 3.27330516787689612e+03
1 0 0 48 0.00000000000000000e+00 0.00000000000000000e+00 7.49999999999942601e-01 0 -4.11473280615552142e+01
1 0 0 48 0.00000000000000000e+00 0.00000000000000000e+00 7.49999999999942601e-01 1 -1.64517118678575103e+00
1 0 0 48 0.00000000000000000e+00 0.00000000000000000e+00 7.49999999999942601e-01 2 1.83641495449111325e+00
1 0 0 48 0.00000000000000000e+00 0.00000000000000000e+00 7.49999999999942601e-01 3 3.69270782251198515e+00
1 0 0 48 0.00000000000000000e+00 0.00000000000000000e+00 7.49999999999942601e-01 4 1.14856664505966570e+01
1 0 0 48 0.00000000000000000e+00 0.00000000000000000e+00 7.49999999999942601e-01 5 1.38585209781230336e+01
1 0 0 48 0.00000000000000000e+00 0.00000000000000000e+00 7.49999999999942601e-01 6 1.40914852452528550e+01
1 0 0 48 0.00000000000000000e+00 0.00000000000000000e+00 7.49999999999942601e-01 7 1.82247848601845597e+01
1 0 0 48 0.00000000000000000e+00 0.00000000000000000e+00 7.49999999999942601e-01 8 1.89035573165851574e+01
1 0 0 48 0.00000000000000000e+00 0.00000000000000000e+00 7.49999999999942601e-01 9 2.06965559496489071e+01
1 0 0 48 0.00000000000000000e+00 0.00000000000000000e+00 7.49999999999942601e-01 10 3.09236641395371237e+01
1 0 0 48 0.00000000000000000e+00 0.00000000000000000e+00 7.49999999999942601e-01 11 3.24143635504007932e+01
1 0 0 48 0.00000000000000000e+00 0.00000000000000000e+00 7.49999999999942601e-01 12 3.40041358908926057e+01
1 0 0 48 0.00000000000000000e+00 0.00000000000000000e+00 7.49999999999942601e-01 13 3.47479614358252178e+01
1 0 0 48 0.00000000000000000e+00 0.00000000000000000e+00 7.49999999999942601e-01 14 4.16025996631736845e+01
1 0 0 48 0.00000000000000000e+00 0.00000000000000000e+00 7.49999999999942601e-01 15 4.27056765102281730e+01
1 0 0 48 0.00000000000000000e+00 0.00000000000000000e+00 7.49999999999942601e-01 16 4.93231420662862519e+01
1 0 0 48 0.00000000000000000e+00 0.00000000000000000e+00 7.49999999999942601e-01 17 5.09916560373691468e+01
1 0 0 48 0.00000000000000000e+00 0.00000000000000000e+00 7.49999999999942601e-01 18 5.20264561791411779e+01
1 0 0 48 0.00000000000000000e+00 0.00000000000000000e+00 7.49999999999942601e-01 19 1.11452669914740156e+02
1 0 0 48 0.00000000000000000e+00 0.00000000000000000e+00 7.49999999999942601e-01 20 3.12512795843221284e+02
1 0 0 48 0.00000000000000000e+00 0.00000000000000000e+00 7.49999999999942601e-01 21 3.52860580977469795e+02
1 0 0 48 0.00000000000000000e+00 0.00000000000000000e+00 7.49999999999942601e-01 22 8.20069727853396671e+02
1 0 0 48 0.00000000000000000e+00 0.00000000000000000e+00 7.49999999999942601e-01 23 8.75160650871815619e+02
1 0 0 48 0.00000000000000000e+00 0.00000000000000000e+00 7.49999999999942601e-01 24 1.33973403386103087e+03
1 0 0 48 0.00000000000000000e+00 0.00000000000000000e+00 7.49999999999942601e-01 25 2.84680768949796357e+03
1 0 0 49 2.49999999999953593e-01 0.00000000000000000e+00 7.50000000000024203e-01 0 -3.53363236454221408e+01
1 0 0 49 2.49999999999953593e-01 0.00000000000000000e+00 7.50000000000024203e-01 1 -3.88463236438757242e+00
1 0 0 49 2.49999999999953593e-01 0.00000000000000000e+00 7.50000000000024203e-01 2 -4.68166662772278031e-01
1 0 0 49 2.49999999999953593e-01 0.00000000000000000e+00 7.50000000000024203e-01 3 1.75024535475923582e+00
1 0 0 49 2.49999999999953593e-01 0.00000000000000000e+00 7.50000000000024203e-01 4 1.31557048174889015e+01
1 0 0 49 2.49999999999953593e-01 0.00000000000000000e+00 7.50000000000024203e-01 5 1.37608379070767981e+01
1 0 0 49 2.49999999999953593e-01 0.00000000000000000e+00 7.50000000000024203e-01 6 1.55387978622973719e+01
1 0 0 49 2.49999999999953593e-01 0.00000000000000000e+00 7.50000000000024203e-01 7 1.71007403085531458e+01
1 0 0 49 2.49999999999953593e-01 0.00000000000000000e+00 7.50000000000024203e-01 8 1.83668170526197052e+01
1 0 0 49 2.49999999999953593e-01 0.00000000000000000e+00 7.50000000000024203e-01 9 2.56017280882543119e+01
1 0 0 49 2.49999999999953593e-01 0.00000000000000000e+00 7.50000000000024203e-01 10 2.88201995259832664e+01
1 0 0 49 2.49999999999953593e-01 0.00000000000000000e+00 7.50000000000024203e-01 11 3.38842832186792435e+01
1 0 0 49 2.49999999999953593e-01 0.00000000000000000e+00 7.50000000000024203e-01 12 3.52356169082283657e+01
1 0 0 49 2.49999999999953593e-01 0.00000000000000000e+00 7.50000000000024203e-01 13 3.80346384816339480e+01
1 0 0 49 2.49999999999953593e-01 0.00000000000000000e+00 7.50000000000024203e-01 14 3.93543064552419040e+01
1 0 0 49 2.49999999999953593e-01 0.00000000000000000e+00 7.50000000000024203e-01 15 4.05651793086986885e+01
1 0 0 49 2.49999999999953593e-01 0.00000000000000000e+00 7.50000000000024203e-01 16 4.30268271518205694e+01
1 0 0 49 2.49999999999953593e-01 0.00000000000000000e+00 7.50000000000024203e-01 17 4.86960419038014507e+01
1 0 0 49 2.49999999999953593e-01 0.00000000000000000e+00 7.50000000000024203e-01 18 5.21345059762433110e+01
1 0 0 49 2.49999999999953593e-01 0.00000000000000000e+00 7.50000000000024203e-01 19 8.71833703094751797e+01
1 0 0 49 2.49999999999953593e-01 0.00000000000000000e+00 7.50000000000024203e-01 20 1.03844813410926605e+02
1 0 0 49 2.49999999999953593e-01 0.00000000000000000e+00 7.50000000000024203e-01 21 2.34048148072563066e+02
1 0 0 49 2.49999999999953593e-01 0.00000000000000000e+00 7.50000000000024203e-01 22 7.66142331171914975e+02
1 0 0 49 2.49999999999953593e-01 0.00000000000000000e+00 7.50000000000024203e-01 23 1.05611308342140637e+03
1 0 0 49 2.49999999999953593e-01 0.00000000000000000e+00 7.50000000000024203e-01 24 1.74786100837175377e+03
1 0 0 49 2.49999999999953593e-01 0.00000000000000000e+00 7.50000000000024203e-01 25 3.23122938916361363e+03
1 0 0 50 4.99999999999989009e-01 0.00000000000000000e+00 7.50000000000024314e-01 0 -3.03331108460570178e+01
1 0 0 50 4.99999999999989009e-01 0.00000000000000000e+00 7.50000000000024314e-01 1 -6.07596395328797634e+00
1 0 0 50 4.99999999999989009e-01 0.00000000000000000e+00 7.50000000000024314e-01 2 3.46797014506363022e-01
1 0 0 50 4.99999999999989009e-01 0.00000000000000000e+00 7.50000000000024314e-01 3 8.13651559792715640e-01
1 0 0 50 4.99999999999989009e-01 0.00000000000000000e+00 7.50000000000024314e-01 4 1.09865573855255096e+01
1 0 0 50 4.99999999999989009e-01 0.00000000000000000e+00 7.50000000000024314e-01 5 1.39017867667287387e+01
1 0 0 50 4.99999999999989009e-01 0.00000000000000000e+00 7.50000000000024314e-01 6 1.69968911152699889e+01
1 0 0 50 4.99999999999989009e-01 0.00000000000000000e+00 7.50000000000024314e-01 7 1.81188740458227571e+01
1 0 0 50 4.99999999999989009e-01 0.00000000000000000e+00 7.50000000000024314e-01 8 2.34683197764720646e+01
1 0 0 50 4.99999999999989009e-01 0.00000000000000000e+00 7.50000000000024314e-01 9 2.59449475408077888e+01
1 0 0 50 4.99999999999989009e-01 0.00000000000000000e+00 7.50000000000024314e-01 10 2.82408374403905924e+01
1 0 0 50 4.99999999999989009e-01 0.00000000000000000e+00 7.50000000000024314e-01 11 2.87909522080058444e+01
1 0 0 50 4.99999999999989009e-01 0.00000000000000000e+00 7.50000000000024314e-01 12 3.66951561280712113e+01
1 0 0 50 4.99999999999989009e-01 0.00000000000000000e+00 7.50000000000024314e-01 13 3.73446765330870605e+01
1 0 0 50 4.99999999999989009e-01 0.00000000000000000e+00 7.50000000000024314e-01 14 3.83114247450237784e+01
1 0 0 50 4.99999999999989009e-01 0.00000000000000000e+00 7.50000000000024314e-01 15 4.28191554997544301e+01
1 0 0 50 4.99999999999989009e-01 0.00000000000000000e+00 7.50000000000024314e-01 16 4.68324444713484525e+01
1 0 0 50 4.99999999999989009e-01 0.00000000000000000e+00 7.50000000000024314e-01 17 4.86761529075569470e+01
1 0 0 50 4.99999999999989009e-01 0.00000000000000000e+00 7.50000000000024314e-01 18 5.16275664939929584e+01
1 0 0 50 4.99999999999989009e-01 0.00000000000000000e+00 7.50000000000024314e-01 19 7.35737896643452416e+01
1 0 0 50 4.99999999999989009e-01 0.00000000000000000e+00 7.50000000000024314e-01 20 1.18089461126346237e+02
1 0 0 50 4.99999999999989009e-01 0.00000000000000000e+00 7.50000000000024314e-01 21 1.31622470403045895e+02
1 0 0 50 4.99999999999989009e-01 0.00000000000000000e+00 7.50000000000024314e-01 22 8.91756173429795012e+02
1 0 0 50 4.99999999999989009e-01 0.00000000000000000e+00 7.50000000000024314e-01 23 1.10085545840318559e+03
1 0 0 50 4.99999999999989009e-01 0.00000000000000000e+00 7.50000000000024314e-01 24 1.91491753050467196e+03
1 0 0 50 4.99999999999989009e-01 0.00000000000000000e+00 7.50000000000024314e-01 25 3.16342152240469886e+03
1 0 0 51 7.50000000000024203e-01 0.00000000000000000e+00 7.50000000000024203e-01 0 -4.01939022357280109e+01
1 0 0 51 7.50000000000024203e-01 0.00000000000000000e+00 7.50000000000024203e-01 1 -1.72253593875401001e+00
1 0 0 51 7.50000000000024203e-01 0.00000000000000000e+00 7.50000000000024203e-01 2 8.39443921406580751e-01
1 0 0 51 7.50000000000024203e-01 0.00000000000000000e+00 7.50000000000024203e-01 3 3.03016877282607888e+00
1 0 0 51 7.50000000000024203e-01 0.00000000000000000e+00 7.50000000000024203e-01 4 1.08177252343163595e+01
1 0 0 51 7.50000000000024203e-01 0.00000000000000000e+00 7.50000000000024203e-01 5 1.40034783603882005e+01
1 0 0 51 7.50000000000024203e-01 0.00000000000000000e+00 7.50000000000024203e-01 6 1.61544397465506506e+01
1 0 0 51 7.50000000000024203e-01 0.00000000000000000e+00 7.50000000000024203e-01 7 1.73814199622424930e+01
1 0 0 51 7.50000000000024203e-01 0.00000000000000000e+00 7.50000000000024203e-01 8 2.03161658727593668e+01
1 0 0 51 7.50000000000024203e-01 0.00000000000000000e+00 7.50000000000024203e-01 9 2.28925275439396998e+01
1 0 0 51 7.50000000000024203e-01 0.00000000000000000e+00 7.50000000000024203e-01 10 2.98353929328031384e+01
1 0 0 51 7.50000000000024203e-01 0.00000000000000000e+00 7.50000000000024203e-01 11 3.17424925396837345e+01
1 0 0 51 7.50000000000024203e-01 0.00000000000000000e+00 7.50000000000024203e-01 12 3.33701243664152258e+01
1 0 0 51 7.50000000000024203e-01 0.00000000000000000e+00 7.50000000000024203e-01 13 3.76197906357422411e+01
1 0 0 51 7.50000000000024203e-01 0.00000000000000000e+00 7.50000000000024203e-01 14 4.11117989089916023e+01
1 0 0 51 7.50000000000024203e-01 0.00000000000000000e+00 7.50000000000024203e-01 15 4.45264207882880640e+01
1 0 0 51 7.50000000000024203e-01 0.00000000000000000e+00 7.50000000000024203e-01 16 4.66891750686973097e+01
1 0 0 51 7.50000000000024203e-01 0.00000000000000000e+00 7.50000000000024203e-01 17 4.94420508918968906e+01
1 0 0 51 7.50000000000024203e-01 0.00000000000000000e+00 7.50000000000024203e-01 18 5.59214910567728651e+01
1 0 0 51 7.50000000000024203e-01 0.00000000000000000e+00 7.50000000000024203e-01 19 1.38786794243986378e+02
1 0 0 51 7.50000000000024203e-01 0.00000000000000000e+00 7.50000000000024203e-01 20 1.52665087985747363e+02
1 0 0 51 7.50000000000024203e-01 0.00000000000000000e+00 7.50000000000024203e-01 21 2.72713569649362626e+02
1 0 0 51 7.50000000000024203e-01 0.00000000000000000e+00 7.50000000000024203e-01 22 6.58253491386307019e+02
1 0 0 51 7.50000000000024203e-01 0.00000000000000000e+00 7.50000000000024203e-01 23 1.54508411225196869e+03
1 0 0 51 7.50000000000024203e-01 0.00000000000000000e+00 7.50000000000024203e-01 24 1.69769373492953605e+03
1 0 0 51 7.50000000000024203e-01 0.00000000000000000e+00 7.50000000000024203e-01 25 1.97792983752043119e+03
1 0 0 52 0.00000000000000000e+00 2.49999999999953593e-01 7.50000000000024203e-01 0 -3.56572487543602108e+01
1 0 0 52 0.00000000000000000e+00 2.49999999999953593e-01 7.50000000000024203e-01 1 -3.45822583087148683e+00
1 0 0 52 0.00000000000000000e+00 2.49999999999953593e-01 7.50000000000024203e-01 2 -1.53416398056898051e-01
1 0 0 52 0.00000000000000000e+00 2.49999999999953593e-01 7.50000000000024203e-01 3 2.39780619367655801e+00
1 0 0 52 0.00000000000000000e+00 2.49999999999953593e-01 7.50000000000024203e-01 4 1.32815391929625566e+01
1 0 0 52 0.00000000000000000e+00 2.49999999999953593e-01 7.50000000000024203e-01 5 1.39169991385321303e+01
1 0 0 52 0.00000000000000000e+00 2.49999999999953593e-01 7.50000000000024203e-01 6 1.59267379823800184e+01
1 0 0 52 0.00000000000000000e+00 2.49999999999953593e-01 7.50000000000024203e-01 7 1.69069204962370847e+01
1 0 0 52 0.00000000000000000e+00 2.49999999999953593e-01 7.50000000000024203e-01 8 1.84127883810580393e+01
1 0 0 52 0.00000000000000000e+00 2.49999999999953593e-01 7.50000000000024203e-01 9 2.55833444807338637e+01
1 0 0 52 0.00000000000000000e+00 2.49999999999953593e-01 7.50000000000024203e-01 10 2.83607330347174944e+01
1 0 0 52 0.00000000000000000e+00 2.49999999999953593e-01 7.50000000000024203e-01 11 3.29973630096339150e+01
1 0 0 52 0.00000000000000000e+00 2.49999999999953593e-01 7.50000000000024203e-01 12 3.45442604807874574e+01
1 0 0 52 0.00000000000000000e+00 2.49999999999953593e-01 7.50000000000024203e-01 13 3.61109204456420301e+01
1 0 0 52 0.00000000000000000e+00 2.49999999999953593e-01 7.50000000000024203e-01 14 3.98320641554095545e+01
1 0 0 52 0.00000000000000000e+00 2.49999999999953593e-01 7.50000000000024203e-01 15 4.16167312772871298e+01
1 0 0 52 0.00000000000000000e+00 2.49999999999953593e-01 7.50000000000024203e-01 16 4.47850853401618494e+01
1 0 0 52 0.00000000000000000e+00 2.49999999999953593e-01 7.50000000000024203e-01 17 4.87489425559499665e+01
1 0 0 52 0.00000000000000000e+00 2.49999999999953593e-01 7.50000000000024203e-01 18 5.27289012207405392e+01
1 0 0 52 0.00000000000000000e+00 2.49999999999953593e-01 7.50000000000024203e-01 19 8.41098549027298645e+01
1 0 0 52 0.00000000000000000e+00 2.49999999999953593e-01 7.50000000000024203e-01 20 1.05812130396586170e+02
1 0 0 52 0.00000000000000000e+00 2.49999999999953593e-01 7.50000000000024203e-01 21 2.39923409502722052e+02
1 0 0 52 0.00000000000000000e+00 2.49999999999953593e-01 7.50000000000024203e-01 22 6.87346759200337374e+02
1 0 0 52 0.00000000000000000e+00 2.49999999999953593e-01 7.50000000000024203e-01 23 9.65237065428887831e+02
1 0 0 52 0.00000000000000000e+00 2.49999999999953593e-01 7.50000000000024203e-01 24 1.82033215420140982e+03
1 0 0 52 0.00000000000000000e+00 2.49999999999953593e-01 7.50000000000024203e-01 25 3.35725416415551172e+03
1 0 0 53 2.49999999999953648e-01 2.49999999999953648e-01 7.49999999999942601e-01 0 -3.54816763770803831e+01
1 0 0 53 2.49999999999953648e-01 2.49999999999953648e-01 7.49999999999942601e-01 1 -4.80503735545928201e+00
1 0 0 53 2.49999999999953648e-01 2.49999999999953648e-01 7.49999999999942601e-01 2 -6.08055823569433773e-01
1 0 0 53 2.49999999999953648e-01 2.49999999999953648e-01 7.49999999999942601e-01 3 2.21027308518213816e+00
1 0 0 53 2.49999999999953648e-01 2.49999999999953648e-01 7.49999999999942601e-01 4 1.04390421928760730e+01
1 0 0 53 2.49999999999953648e-01 2.49999999999953648e-01 7.49999999999942601e-01 5 1.39210918376036155e+01
1 0 0 53 2.49999999999953648e-01 2.49999999999953648e-01 7.49999999999942601e-01 6 1.68350771823863141e+01
1 0 0 53 2.49999999999953648e-01 2.49999999999953648e-01 7.49999999999942601e-01 7 1.74618256936315710e+01
1 0 0 53 2.49999999999953648e-01 2.49999999999953648e-01 7.49999999999942601e-01 8 2.41503531168501944e+01
1 0 0 53 2.49999999999953648e-01 2.49999999999953648e-01 7.49999999999942601e-01 9 2.62851188876449129e+01
1 0 0 53 2.49999999999953648e-01 2.49999999999953648e-01 7.49999999999942601e-01 10 2.80687714956576251e+01
1 0 0 53 2.49999999999953648e-01 2.49999999999953648e-01 7.49999999999942601e-01 11 2.93038360345048439e+01
1 0 0 53 2.49999999999953648e-01 2.49999999999953648e-01 7.49999999999942601e-01 12 3.67510628284889762e+01
1 0 0 53 2.49999999999953648e-01 2.49999999999953648e-01 7.49999999999942601e-01 13 3.75474698010715926e+01
1 0 0 53 2.49999999999953648e-01 2.49999999999953648e-01 7.49999999999942601e-01 14 3.85245305776246383e+01
1 0 0 53 2.49999999999953648e-01 2.49999999999953648e-01 7.49999999999942601e-01 15 4.20373740912578029e+01
1 0 0 53 2.49999999999953648e-01 2.49999999999953648e-01 7.49999999999942601e-01 16 4.62682109050419328e+01
1 0 0 53 2.49999999999953648e-01 2.49999999999953648e-01 7.49999999999942601e-01 17 4.80033023846067692e+01
1 0 0 53 2.49999999999953648e-01 2.49999999999953648e-01 7.49999999999942601e-01 18 5.28379714778644001e+01
1 0 0 53 2.49999999999953648e-01 2.49999999999953648e-01 7.49999999999942601e-01 19 7.22341077102800710e+01
1 0 0 53 2.49999999999953648e-01 2.49999999999953648e-01 7.49999999999942601e-01 20 1.24302255816130653e+02
1 0 0 53 2.49999999999953648e-01 2.49999999999953648e-01 7.49999999999942601e-01 21 1.29376851820628616e+02
1 0 0 53 2.49999999999953648e-01 2.49999999999953648e-01 7.49999999999942601e-01 22 8.83374032541200222e+02
1 0 0 53 2.49999999999953648e-01 2.49999999999953648e-01 7.49999999999942601e-01 23 1.06677637239956698e+03
1 0 0 53 2.49999999999953648e-01 2.49999999999953648e-01 7.49999999999942601e-01 24 1.75389018863644856e+03
1 0 0 53 2.49999999999953648e-01 2.49999999999953648e-01 7.49999999999942601e-01 25 3.40638582185760879e+03
1 0 0 54 4.99999999999988898e-01 2.50000000000035305e-01 7.50000000000024203e-01 0 -3.02779436308577417e+01
1 0 0 54 4.99999999999988898e-01 2.50000000000035305e-01 7.50000000000024203e-01 1 -4.98171351808007845e+00
1 0 0 54 4.99999999999988898e-01 2.50000000000035305e-01 7.50000000000024203e-01 2 -1.20855443570287324e+00
1 0 0 54 4.99999999999988898e-01 2.50000000000035305e-01 7.50000000000024203e-01 3 -2.87763568885312626e-01
1 0 0 54 4.99999999999988898e-01 2.50000000000035305e-01 7.50000000000024203e-01 4 1.25465466756946995e+01
1 0 0 54 4.99999999999988898e-01 2.50000000000035305e-01 7.50000000000024203e-01 5 1.36272134183266100e+01
1 0 0 54 4.99999999999988898e-01 2.50000000000035305e-01 7.50000000000024203e-01 6 1.67846470924458906e+01
1 0 0 54 4.99999999999988898e-01 2.50000000000035305e-01 7.50000000000024203e-01 7 1.79609031378064188e+01
1 0 0 54 4.99999999999988898e-01 2.50000000000035305e-01 7.50000000000024203e-01 8 2.36399898912200328e+01
1 0 0 54 4.99999999999988898e-01 2.50000000000035305e-01 7.50000000000024203e-01 9 2.55867420431316788e+01
1 0 0 54 4.99999999999988898e-01 2.50000000000035305e-01 7.50000000000024203e-01 10 2.89104625143870528e+01
1 0 0 54 4.99999999999988898e-01 2.50000000000035305e-01 7.50000000000024203e-01 11 3.07732691529654048e+01
1 0 0 54 4.99999999999988898e-01 2.50000000000035305e-01 7.50000000000024203e-01 12 3.61910196837352558e+01
1 0 0 54 4.99999999999988898e-01 2.50000000000035305e-01 7.50000000000024203e-01 13 3.76502062832627615e+01
1 0 0 54 4.99999999999988898e-01 2.50000000000035305e-01 7.50000000000024203e-01 14 3.97925653820452396e+01
1 0 0 54 4.99999999999988898e-01 2.50000000000035305e-01 7.50000000000024203e-01 15 4.16327609473538800e+01
1 0 0 54 4.99999999999988898e-01 2.50000000000035305e-01 7.50000000000024203e-01 16 4.30680146145434932e+01
1 0 0 54 4.99999999999988898e-01 2.50000000000035305e-01 7.50000000000024203e-01 17 4.44480491699052820e+01
1 0 0 54 4.99999999999988898e-01 2.50000000000035305e-01 7.50000000000024203e-01 18 5.40768021543893980e+01
1 0 0 54 4.99999999999988898e-01 2.50000000000035305e-01 7.50000000000024203e-01 19 5.82219883232119599e+01
1 0 0 54 4.99999999999988898e-01 2.50000000000035305e-01 7.50000000000024203e-01 20 9.44916119764797457e+01
1 0 0 54 4.99999999999988898e-01 2.50000000000035305e-01 7.50000000000024203e-01 21 9.79387102990765612e+01
1 0 0 54 4.99999999999988898e-01 2.50000000000035305e-01 7.50000000000024203e-01 22 1.37440586506448767e+03
1 0 0 54 4.99999999999988898e-01 2.50000000000035305e-01 7.50000000000024203e-01 23 1.55449281632475072e+03
1 0 0 54 4.99999999999988898e-01 2.50000000000035305e-01 7.50000000000024203e-01 24 2.37251274130118236e+03
1 0 0 54 4.99999999999988898e-01 2.50000000000035305e-01 7.50000000000024203e-01 25 2.52140146017173083e+03
1 0 0 55 7.50000000000024314e-01 2.50000000000035305e-01 7.50000000000024314e-01 0 -3.08767311469201680e+01
1 0 0 55 7.50000000000024314e-01 2.50000000000035305e-01 7.50000000000024314e-01 1 -5.74507717209456814e+00
1 0 0 55 7.50000000000024314e-01 2.50000000000035305e-01 7.50000000000024314e-01 2 -3.58977422327024398e-01
1 0 0 55 7.50000000000024314e-01 2.50000000000035305e-01 7.50000000000024314e-01 3 2.59001471143794726e+00
1 0 0 55 7.50000000000024314e-01 2.50000000000035305e-01 7.50000000000024314e-01 4 1.12319341664978172e+01
1 0 0 55 7.50000000000024314e-01 2.50000000000035305e-01 7.50000000000024314e-01 5 1.40520056898186638e+01
1 0 0 55 7.50000000000024314e-01 2.50000000000035305e-01 7.50000000000024314e-01 6 1.66584546280870853e+01
1 0 0 55 7.50000000000024314e-01 2.50000000000035305e-01 7.50000000000024314e-01 7 1.80300443428679174e+01
1 0 0 55 7.50000000000024314e-01 2.50000000000035305e-01 7.50000000000024314e-01 8 2.37216388542137224e+01
1 0 0 55 7.50000000000024314e-01 2.50000000000035305e-01 7.50000000000024314e-01 9 2.56131610021757048e+01
1 0 0 55 7.50000000000024314e-01 2.50000000000035305e-01 7.50000000000024314e-01 10 2.75836693246169204e+01
1 0 0 55 7.50000000000024314e-01 2.50000000000035305e-01 7.50000000000024314e-01 11 2.93731371404471062e+01
1 0 0 55 7.50000000000024314e-01 2.50000000000035305e-01 7.50000000000024314e-01 12 3.60415821385866764e+01
1 0 0 55 7.50000000000024314e-01 2.50000000000035305e-01 7.50000000000024314e-01 13 3.66432806448390807e+01
1 0 0 55 7.50000000000024314e-01 2.50000000000035305e-01 7.50000000000024314e-01 14 3.80934125902249008e+01
1 0 0 55 7.50000000000024314e-01 2.50000000000035305e-01 7.50000000000024314e-01 15 4.24383415027012276e+01
1 0 0 55 7.50000000000024314e-01 2.50000000000035305e-01 7.50000000000024314e-01 16 4.72942995830280353e+01
1 0 0 55 7.50000000000024314e-01 2.50000000000035305e-01 7.50000000000024314e-01 17 4.89235335244891161e+01
1 0 0 55 7.50000000000024314e-01 2.50000000000035305e-01 7.50000000000024314e-01 18 5.29493548063383415e+01
1 0 0 55 7.50000000000024314e-01 2.50000000000035305e-01 7.50000000000024314e-01 19 7.16662530317383641e+01
1 0 0 55 7.50000000000024314e-01 2.50000000000035305e-01 7.50000000000024314e-01 20 1.20382525288155406e+02
1 0 0 55 7.50000000000024314e-01 2.50000000000035305e-01 7.50000000000024314e-01 21 1.27570165099775124e+02
1 0 0 55 7.50000000000024314e-01 2.50000000000035305e-01 7.50000000000024314e-01 22 9.14576475555958268e+02
1 0 0 55 7.50000000000024314e-01 2.50000000000035305e-01 7.50000000000024314e-01 23 1.13301926011920636e+03
1 0 0 55 7.50000000000024314e-01 2.50000000000035305e-01 7.50000000000024314e-01 24 1.79191267411975400e+03
1 0 0 55 7.50000000000024314e-01 2.50000000000035305e-01 7.50000000000024314e-01 25 3.37998757847770503e+03
1 0 0 56 0.00000000000000000e+00 4.99999999999989009e-01 7.50000000000024314e-01 0 -2.95910353334074010e+01
1 0 0 56 0.00000000000000000e+00 4.99999999999989009e-01 7.50000000000024314e-01 1 -6.64267954429941732e+00
1 0 0 56 0.00000000000000000e+00 4.99999999999989009e-01 7.50000000000024314e-01 2 -3.55791678356593033e-01
1 0 0 56 0.00000000000000000e+00 4.99999999999989009e-01 7.50000000000024314e-01 3 1.97444220300223994e+00
1 0 0 56 0.00000000000000000e+00 4.99999999999989009e-01 7.50000000000024314e-01 4 1.14716143235816315e+01
1 0 0 56 0.00000000000000000e+00 4.99999999999989009e-01 7.50000000000024314e-01 5 1.36747215425134900e+01
1 0 0 56 0.00000000000000000e+00 4.99999999999989009e-01 7.50000000000024314e-01 6 1.69228338742503119e+01
1 0 0 56 0.00000000000000000e+00 4.99999999999989009e-01 7.50000000000024314e-01 7 1.79992077134494082e+01
1 0 0 56 0.00000000000000000e+00 4.99999999999989009e-01 7.50000000000024314e-01 8 2.32041725875229581e+01
1 0 0 56 0.00000000000000000e+00 4.99999999999989009e-01 7.50000000000024314e-01 9 2.50241379342972579e+01
1 0 0 56 0.00000000000000000e+00 4.99999999999989009e-01 7.50000000000024314e-01 10 2.82858301442913067e+01
1 0 0 56 0.00000000000000000e+00 4.99999999999989009e-01 7.50000000000024314e-01 11 2.90625097567571942e+01
1 0 0 56 0.00000000000000000e+00 4.99999999999989009e-01 7.50000000000024314e-01 12 3.59911269241344201e+01
1 0 0 56 0.00000000000000000e+00 4.99999999999989009e-01 7.50000000000024314e-01 13 3.78682822121830114e+01
1 0 0 56 0.00000000000000000e+00 4.99999999999989009e-01 7.50000000000024314e-01 14 3.90399547230641772e+01
1 0 0 56 0.00000000000000000e+00 4.99999999999989009e-01 7.50000000000024314e-01 15 4.27022331376550639e+01
1 0 0 56 0.00000000000000000e+00 4.99999999999989009e-01 7.50000000000024314e-01 16 4.75313041202586959e+01
1 0 0 56 0.00000000000000000e+00 4.99999999999989009e-01 7.50000000000024314e-01 17 4.94169223675302973e+01
1 0 0 56 0.00000000000000000e+00 4.99999999999989009e-01 7.50000000000024314e-01 18 5.11064710431858984e+01
1 0 0 56 0.00000000000000000e+00 4.99999999999989009e-01 7.50000000000024314e-01 19 7.20181738502244144e+01
1 0 0 56 0.00000000000000000e+00 4.99999999999989009e-01 7.50000000000024314e-01 20 1.15438247091521944e+02
1 0 0 56 0.00000000000000000e+00 4.99999999999989009e-01 7.50000000000024314e-01 21 1.28445276477573941e+02
1 0 0 56 0.00000000000000000e+00 4.99999999999989009e-01 7.50000000000024314e-01 22 8.72643775505546500e+02
1 0 0 56 0.00000000000000000e+00 4.99999999999989009e-01 7.50000000000024314e-01 23 1.06269119797765666e+03
1 0 0 56 0.00000000000000000e+00 4.99999999999989009e-01 7.50000000000024314e-01 24 1.95896525684402900e+03
1 0 0 56 0.00000000000000000e+00 4.99999999999989009e-01 7.50000000000024314e-01 25 3.26253193427379574e+03
1 0 0 57 2.50000000000035305e-01 4.99999999999988898e-01 7.50000000000024203e-01 0 -2.84456533029099354e+01
1 0 0 57 2.50000000000035305e-01 4.99999999999988898e-01 7.50000000000024203e-01 1 -5.68054450250307674e+00
1 0 0 57 2.50000000000035305e-01 4.99999999999988898e-01 7.50000000000024203e-01 2 -1.33442531138853693e+00
1 0 0 57 2.50000000000035305e-01 4.99999999999988898e-01 7.50000000000024203e-01 3 3.10648004847035364e-01
1 0 0 57 2.50000000000035305e-01 4.99999999999988898e-01 7.50000000000024203e-01 4 1.23995590599820744e+01
1 0 0 57 2.50000000000035305e-01 4.99999999999988898e-01 7.50000000000024203e-01 5 1.34911379242797942e+01
1 0 0 57 2.50000000000035305e-01 4.99999999999988898e-01 7.50000000000024203e-01 6 1.58475848244354065e+01
1 0 0 57 2.50000000000035305e-01 4.99999999999988898e-01 7.50000000000024203e-01 7 1.79948293976271181e+01
1 0 0 57 2.50000000000035305e-01 4.99999999999988898e-01 7.50000000000024203e-01 8 2.30567981450140884e+01
1 0 0 57 2.50000000000035305e-01 4.99999999999988898e-01 7.50000000000024203e-01 9 2.48009575621173930e+01
1 0 0 57 2.50000000000035305e-01 4.99999999999988898e-01 7.50000000000024203e-01 10 2.93718850439434185e+01
1 0 0 57 2.50000000000035305e-01 4.99999999999988898e-01 7.50000000000024203e-01 11 3.07336316192590608e+01
1 0 0 57 2.50000000000035305e-01 4.99999999999988898e-01 7.50000000000024203e-01 12 3.61536150674080261e+01
1 0 0 57 2.50000000000035305e-01 4.99999999999988898e-01 7.50000000000024203e-01 13 3.78414672579541218e+01
1 0 0 57 2.50000000000035305e-01 4.99999999999988898e-01 7.50000000000024203e-01 14 3.99114055372961474e+01
1 0 0 57 2.50000000000035305e-01 4.99999999999988898e-01 7.50000000000024203e-01 15 4.19721736846514233e+01
1 0 0 57 2.50000000000035305e-01 4.99999999999988898e-01 7.50000000000024203e-01 16 4.33500792356838431e+01
1 0 0 57 2.50000000000035305e-01 4.99999999999988898e-01 7.50000000000024203e-01 17 4.47357276345261141e+01
1 0 0 57 2.50000000000035305e-01 4.99999999999988898e-01 7.50000000000024203e-01 18 5.38395440989519898e+01
1 0 0 57 2.50000000000035305e-01 4.99999999999988898e-01 7.50000000000024203e-01 19 5.72304398478092153e+01
1 0 0 57 2.50000000000035305e-01 4.99999999999988898e-01 7.50000000000024203e-01 20 9.32986274869387131e+01
1 0 0 57 2.50000000000035305e-01 4.99999999999988898e-01 7.50000000000024203e-01 21 9.95505966853494328e+01
1 0 0 57 2.50000000000035305e-01 4.99999999999988898e-01 7.50000000000024203e-01 22 1.34343310577340662e+03
1 0 0 57 2.50000000000035305e-01 4.99999999999988898e-01 7.50000000000024203e-01 23 1.46974271162712580e+03
1 0 0 57 2.50000000000035305e-01 4.99999999999988898e-01 7.50000000000024203e-01 24 2.45325504027239913e+03
1 0 0 57 2.50000000000035305e-01 4.99999999999988898e-01 7.50000000000024203e-01 25 2.54061546076204968e+03
1 0 0 58 4.99999999999988953e-01 4.99999999999988953e-01 7.49999999999942601e-01 0 -3.47626498681084968e+01
1 0 0 58 4.99999999999988953e-01 4.99999999999988953e-01 7.49999999999942601e-01 1 -5.57742102268003759e+00
1 0 0 58 4.99999999999988953e-01 4.99999999999988953e-01 7.49999999999942601e-01 2 -4.24231685808084069e-01
1 0 0 58 4.99999999999988953e-01 4.99999999999988953e-01 7.49999999999942601e-01 3 2.02382842699734411e+00
1 0 0 58 4.99999999999988953e-01 4.99999999999988953e-01 7.49999999999942601e-01 4 1.07176679249716198e+01
1 0 0 58 4.99999999999988953e-01 4.99999999999988953e-01 7.49999999999942601e-01 5 1.34298784708589309e+01
1 0 0 58 4.99999999999988953e-01 4.99999999999988953e-01 7.49999999999942601e-01 6 1.68602681639702148e+01
1 0 0 58 4.99999999999988953e-01 4.99999999999988953e-01 7.49999999999942601e-01 7 1.76787085926608576e+01
1 0 0 58 4.99999999999988953e-01 4.99999999999988953e-01 7.49999999999942601e-01 8 2.38707724221380033e+01
1 0 0 58 4.99999999999988953e-01 4.99999999999988953e-01 7.49999999999942601e-01 9 2.52075156219345509e+01
1 0 0 58 4.99999999999988953e-01 4.99999999999988953e-01 7.49999999999942601e-01 10 2.73668203250168993e+01
1 0 0 58 4.99999999999988953e-01 4.99999999999988953e-01 7.49999999999942601e-01 11 2.88709542466277220e+01
1 0 0 58 4.99999999999988953e-01 4.99999999999988953e-01 7.49999999999942601e-01 12 3.63269343571705861e+01
1 0 0 58 4.99999999999988953e-01 4.99999999999988953e-01 7.49999999999942601e-01 13 3.82905193775012123e+01
1 0 0 58 4.99999999999988953e-01 4.99999999999988953e-01 7.49999999999942601e-01 14 3.92946833349786644e+01
1 0 0 58 4.99999999999988953e-01 4.99999999999988953e-01 7.49999999999942601e-01 15 4.20460636032936677e+01
1 0 0 58 4.99999999999988953e-01 4.99999999999988953e-01 7.49999999999942601e-01 16 4.68804154217305609e+01
1 0 0 58 4.99999999999988953e-01 4.99999999999988953e-01 7.49999999999942601e-01 17 4.93107559086858203e+01
1 0 0 58 4.99999999999988953e-01 4.99999999999988953e-01 7.49999999999942601e-01 18 5.20952027165913023e+01
1 0 0 58 4.99999999999988953e-01 4.99999999999988953e-01 7.49999999999942601e-01 19 7.40022087747746014e+01
1 0 0 58 4.99999999999988953e-01 4.99999999999988953e-01 7.49999999999942601e-01 20 1.19164557429224232e+02
1 0 0 58 4.99999999999988953e-01 4.99999999999988953e-01 7.49999999999942601e-01 21 1.30709460540901830e+02
1 0 0 58 4.99999999999988953e-01 4.99999999999988953e-01 7.49999999999942601e-01 22 9.20129032833433257e+02
1 0 0 58 4.99999999999988953e-01 4.99999999999988953e-01 7.49999999999942601e-01 23 1.09530984352174278e+03
1 0 0 58 4.99999999999988953e-01 4.99999999999988953e-01 7.49999999999942601e-01 24 1.85408433271304489e+03
1 0 0 58 4.99999999999988953e-01 4.99999999999988953e-01 7.49999999999942601e-01 25 3.42316991023822811e+03
1 0 0 59 7.50000000000024203e-01 5.00000000000070610e-01 7.50000000000024203e-01 0 -3.50218716497657709e+01
1 0 0 59 7.50000000000024203e-01 5.00000000000070610e-01 7.50000000000024203e-01 1 -4.69596557004590576e+00
1 0 0 59 7.50000000000024203e-01 5.00000000000070610e-01 7.50000000000024203e-01 2 3.93286507075171821e-01
1 0 0 59 7.50000000000024203e-01 5.00000000000070610e-01 7.50000000000024203e-01 3 2.12327115513108566e+00
1 0 0 59 7.50000000000024203e-01 5.00000000000070610e-01 7.50000000000024203e-01 4 1.32545099101158161e+01
1 0 0 59 7.50000000000024203e-01 5.00000000000070610e-01 7.50000000000024203e-01 5 1.38338678038483955e+01
1 0 0 59 7.50000000000024203e-01 5.00000000000070610e-01 7.50000000000024203e-01 6 1.56918150155355729e+01
1 0 0 59 7.50000000000024203e-01 5.00000000000070610e-01 7.50000000000024203e-01 7 1.73221360218117866e+01
1 0 0 59 7.50000000000024203e-01 5.00000000000070610e-01 7.50000000000024203e-01 8 1.89298915463279620e+01
1 0 0 59 7.50000000000024203e-01 5.00000000000070610e-01 7.50000000000024203e-01 9 2.48412902447863111e+01
1 0 0 59 7.50000000000024203e-01 5.00000000000070610e-01 7.50000000000024203e-01 10 2.79363274321261983e+01
1 0 0 59 7.50000000000024203e-01 5.00000000000070610e-01 7.50000000000024203e-01 11 3.30236915065489427e+01
1 0 0 59 7.50000000000024203e-01 5.00000000000070610e-01 7.50000000000024203e-01 12 3.49542906258461343e+01
1 0 0 59 7.50000000000024203e-01 5.00000000000070610e-01 7.50000000000024203e-01 13 3.59660099410634047e+01
1 0 0 59 7.50000000000024203e-01 5.00000000000070610e-01 7.50000000000024203e-01 14 3.87468883663410750e+01
1 0 0 59 7.50000000000024203e-01 5.00000000000070610e-01 7.50000000000024203e-01 15 4.21767123434367335e+01
1 0 0 59 7.50000000000024203e-01 5.00000000000070610e-01 7.50000000000024203e-01 16 4.47218921253530368e+01
1 0 0 59 7.50000000000024203e-01 5.00000000000070610e-01 7.50000000000024203e-01 17 4.87435103130716954e+01
1 0 0 59 7.50000000000024203e-01 5.00000000000070610e-01 7.50000000000024203e-01 18 5.38973525247080616e+01
1 0 0 59 7.50000000000024203e-01 5.00000000000070610e-01 7.50000000000024203e-01 19 8.56861770667482006e+01
1 0 0 59 7.50000000000024203e-01 5.00000000000070610e-01 7.50000000000024203e-01 20 1.08070682003719170e+02
1 0 0 59 7.50000000000024203e-01 5.00000000000070610e-01 7.50000000000024203e-01 21 2.29437477896024319e+02
1 0 0 59 7.50000000000024203e-01 5.00000000000070610e-01 7.50000000000024203e-01 22 7.72113888165156141e+02
1 0 0 59 7.50000000000024203e-01 5.00000000000070610e-01 7.50000000000024203e-01 23 9.89358303588040712e+02
1 0 0 59 7.50000000000024203e-01 5.00000000000070610e-01 7.50000000000024203e-01 24 1.68676940345990488e+03
1 0 0 59 7.50000000000024203e-01 5.00000000000070610e-01 7.50000000000024203e-01 25 3.30263937767154266e+03
1 0 0 60 0.00000000000000000e+00 7.50000000000024203e-01 7.50000000000024203e-01 0 -4.00909292319137123e+01
1 0 0 60 0.00000000000000000e+00 7.50000000000024203e-01 7.50000000000024203e-01 1 -1.76695575045028686e+00
1 0 0 60 0.00000000000000000e+00 7.50000000000024203e-01 7.50000000000024203e-01 2 -4.52865896820323632e-01
1 0 0 60 0.00000000000000000e+00 7.50000000000024203e-01 7.50000000000024203e-01 3 2.80661507129926058e+00
1 0 0 60 0.00000000000000000e+00 7.50000000000024203e-01 7.50000000000024203e-01 4 1.02577732080770172e+01
1 0 0 60 0.00000000000000000e+00 7.50000000000024203e-01 7.50000000000024203e-01 5 1.40485666532044302e+01
1 0 0 60 0.00000000000000000e+00 7.50000000000024203e-01 7.50000000000024203e-01 6 1.64239178337537979e+01
1 0 0 60 0.00000000000000000e+00 7.50000000000024203e-01 7.50000000000024203e-01 7 1.73524549448698799e+01
1 0 0 60 0.00000000000000000e+00 7.50000000000024203e-01 7.50000000000024203e-01 8 2.05049270989816215e+01
1 0 0 60 0.00000000000000000e+00 7.50000000000024203e-01 7.50000000000024203e-01 9 2.31036724823000448e+01
1 0 0 60 0.00000000000000000e+00 7.50000000000024203e-01 7.50000000000024203e-01 10 2.96306651607851208e+01
1 0 0 60 0.00000000000000000e+00 7.50000000000024203e-01 7.50000000000024203e-01 11 3.17739551172183532e+01
1 0 0 60 0.00000000000000000e+00 7.50000000000024203e-01 7.50000000000024203e-01 12 3.41772598905423308e+01
1 0 0 60 0.00000000000000000e+00 7.50000000000024203e-01 7.50000000000024203e-01 13 3.78537071719299973e+01
1 0 0 60 0.00000000000000000e+00 7.50000000000024203e-01 7.50000000000024203e-01 14 4.09525783025892096e+01
1 0 0 60 0.00000000000000000e+00 7.50000000000024203e-01 7.50000000000024203e-01 15 4.43329896224290678e+01
1 0 0 60 0.00000000000000000e+00 7.50000000000024203e-01 7.50000000000024203e-01 16 4.76121183754191861e+01
1 0 0 60 0.00000000000000000e+00 7.50000000000024203e-01 7.50000000000024203e-01 17 4.94881069157830353e+01
1 0 0 60 0.00000000000000000e+00 7.50000000000024203e-01 7.50000000000024203e-01 18 5.51390189403169018e+01
1 0 0 60 0.00000000000000000e+00 7.50000000000024203e-01 7.50000000000024203e-01 19 1.43330219175098279e+02
1 0 0 60 0.00000000000000000e+00 7.50000000000024203e-01 7.50000000000024203e-01 20 1.48712850545061684e+02
1 0 0 60 0.00000000000000000e+00 7.50000000000024203e-01 7.50000000000024203e-01 21 2.72826345479038537e+02
1 0 0 60 0.00000000000000000e+00 7.50000000000024203e-01 7.50000000000024203e-01 22 6.48745347018711755e+02
1 0 0 60 0.00000000000000000e+00 7.50000000000024203e-01 7.50000000000024203e-01 23 1.58112198200633429e+03
1 0 0 60 0.00000000000000000e+00 7.50000000000024203e-01 7.50000000000024203e-01 24 1.69654828977041325e+03
1 0 0 60 0.00000000000000000e+00 7.50000000000024203e-01 7.50000000000024203e-01 25 1.97584616903559731e+03
1 0 0 61 2.50000000000035305e-01 7.50000000000024314e-01 7.50000000000024314e-01 0 -2.94240317076894797e+01
1 0 0 61 2.50000000000035305e-01 7.50000000000024314e-01 7.50000000000024314e-01 1 -6.05015383974305454e+00
1 0 0 61 2.50000000000035305e-01 7.50000000000024314e-01 7.50000000000024314e-01 2 -6.38336766925316046e-01
1 0 0 61 2.50000000000035305e-01 7.50000000000024314e-01 7.50000000000024314e-01 3 8.76002161538345203e-01
1 0 0 61 2.50000000000035305e-01 7.50000000000024314e-01 7.50000000000024314e-01 4 1.08222631119641672e+01
1 0 0 61 2.50000000000035305e-01 7.50000000000024314e-01 7.50000000000024314e-01 5 1.41542933722029201e+01
1 0 0 61 2.50000000000035305e-01 7.50000000000024314e-01 7.50000000000024314e-01 6 1.65610902888946470e+01
1 0 0 61 2.50000000000035305e-01 7.50000000000024314e-01 7.50000000000024314e-01 7 1.73998193927826996e+01
1 0 0 61 2.50000000000035305e-01 7.50000000000024314e-01 7.50000000000024314e-01 8 2.36150432734172071e+01
1 0 0 61 2.50000000000035305e-01 7.50000000000024314e-01 7.50000000000024314e-01 9 2.60452982045245989e+01
1 0 0 61 2.50000000000035305e-01 7.50000000000024314e-01 7.50000000000024314e-01 10 2.84283127102228548e+01
1 0 0 61 2.50000000000035305e-01 7.50000000000024314e-01 7.50000000000024314e-01 11 2.94835620769061606e+01
1 0 0 61 2.50000000000035305e-01 7.50000000000024314e-01 7.50000000000024314e-01 12 3.55614395976893363e+01
1 0 0 61 2.50000000000035305e-01 7.50000000000024314e-01 7.50000000000024314e-01 13 3.68894110016751071e+01
1 0 0 61 2.50000000000035305e-01 7.50000000000024314e-01 7.50000000000024314e-01 14 3.84523360572108075e+01
1 0 0 61 2.50000000000035305e-01 7.50000000000024314e-01 7.50000000000024314e-01 15 4.25108194546175326e+01
1 0 0 61 2.50000000000035305e-01 7.50000000000024314e-01 7.50000000000024314e-01 16 4.75907699669052207e+01
1 0 0 61 2.50000000000035305e-01 7.50000000000024314e-01 7.50000000000024314e-01 17 4.86599159194508672e+01
1 0 0 61 2.50000000000035305e-01 7.50000000000024314e-01 7.50000000000024314e-01 18 5.23053457399629806e+01
1 0 0 61 2.50000000000035305e-01 7.50000000000024314e-01 7.50000000000024314e-01 19 7.40102305720680533e+01
1 0 0 61 2.50000000000035305e-01 7.50000000000024314e-01 7.50000000000024314e-01 20 1.19125721815937553e+02
1 0 0 61 2.50000000000035305e-01 7.50000000000024314e-01 7.50000000000024314e-01 21 1.33095100438157885e+02
1 0 0 61 2.50000000000035305e-01 7.50000000000024314e-01 7.50000000000024314e-01 22 8.50201828787848399e+02
1 0 0 61 2.50000000000035305e-01 7.50000000000024314e-01 7.50000000000024314e-01 23 1.09355656278344259e+03
1 0 0 61 2.50000000000035305e-01 7.50000000000024314e-01 7.50000000000024314e-01 24 1.87056026869182665e+03
1 0 0 61 2.50000000000035305e-01 7.50000000000024314e-01 7.50000000000024314e-01 25 3.36263308005064710e+03
1 0 0 62 5.00000000000070610e-01 7.50000000000024203e-01 7.50000000000024203e-01 0 -3.52306214891052250e+01
1 0 0 62 5.00000000000070610e-01 7.50000000000024203e-01 7.50000000000024203e-01 1 -3.46462269245949850e+00
1 0 0 62 5.00000000000070610e-01 7.50000000000024203e-01 7.50000000000024203e-01 2 -2.98257469148663523e-01
1 0 0 62 5.00000000000070610e-01 7.50000000000024203e-01 7.50000000000024203e-01 3 9.88314858928052598e-01
1 0 0 62 5.00000000000070610e-01 7.50000000000024203e-01 7.50000000000024203e-01 4 1.30592356566189629e+01
1 0 0 62 5.00000000000070610e-01 7.50000000000024203e-01 7.50000000000024203e-01 5 1.37732347992187272e+01
1 0 0 62 5.00000000000070610e-01 7.50000000000024203e-01 7.50000000000024203e-01 6 1.51956147762682061e+01
1 0 0 62 5.00000000000070610e-01 7.50000000000024203e-01 7.50000000000024203e-01 7 1.70772274549563114e+01
1 0 0 62 5.00000000000070610e-01 7.50000000000024203e-01 7.50000000000024203e-01 8 1.91548699142844328e+01
1 0 0 62 5.00000000000070610e-01 7.50000000000024203e-01 7.50000000000024203e-01 9 2.55920460142081367e+01
1 0 0 62 5.00000000000070610e-01 7.50000000000024203e-01 7.50000000000024203e-01 10 2.84134999139148583e+01
1 0 0 62 5.00000000000070610e-01 7.50000000000024203e-01 7.50000000000024203e-01 11 3.38470332624094894e+01
1 0 0 62 5.00000000000070610e-01 7.50000000000024203e-01 7.50000000000024203e-01 12 3.42235367932269696e+01
1 0 0 62 5.00000000000070610e-01 7.50000000000024203e-01 7.50000000000024203e-01 13 3.62763686589948335e+01
1 0 0 62 5.00000000000070610e-01 7.50000000000024203e-01 7.50000000000024203e-01 14 3.85292392042997847e+01
1 0 0 62 5.00000000000070610e-01 7.50000000000024203e-01 7.50000000000024203e-01 15 4.16452883584565186e+01
1 0 0 62 5.00000000000070610e-01 7.50000000000024203e-01 7.50000000000024203e-01 16 4.41234973528528300e+01
1 0 0 62 5.00000000000070610e-01 7.50000000000024203e-01 7.50000000000024203e-01 17 4.84453235570053238e+01
1 0 0 62 5.00000000000070610e-01 7.50000000000024203e-01 7.50000000000024203e-01 18 5.29998005194424593e+01
1 0 0 62 5.00000000000070610e-01 7.50000000000024203e-01 7.50000000000024203e-01 19 8.99805625276844836e+01
1 0 0 62 5.00000000000070610e-01 7.50000000000024203e-01 7.50000000000024203e-01 20 1.07368612837943616e+02
1 0 0 62 5.00000000000070610e-01 7.50000000000024203e-01 7.50000000000024203e-01 21 2.25461136817734285e+02
1 0 0 62 5.00000000000070610e-01 7.50000000000024203e-01 7.50000000000024203e-01 22 7.54276513433670743e+02
1 0 0 62 5.00000000000070610e-01 7.50000000000024203e-01 7.50000000000024203e-01 23 1.03259666835483790e+03
1 0 0 62 5.00000000000070610e-01 7.50000000000024203e-01 7.50000000000024203e-01 24 1.76011702769871590e+03
1 0 0 62 5.00000000000070610e-01 7.50000000000024203e-01 7.50000000000024203e-01 25 3.23540756050939217e+03
1 0 0 63 7.49999999999942601e-01 7.49999999999942601e-01 7.49999999999942601e-01 0 -4.10703496378099615e+01
1 0 0 63 7.49999999999942601e-01 7.49999999999942601e-01 7.49999999999942601e-01 1 -1.65708457658902075e+00
1 0 0 63 7.49999999999942601e-01 7.49999999999942601e-01 7.49999999999942601e-01 2 1.29010366957380063e+00
1 0 0 63 7.49999999999942601e-01 7.49999999999942601e-01 7.49999999999942601e-01 3 3.96670817767121653e+00
1 0 0 63 7.49999999999942601e-01 7.49999999999942601e-01 7.49999999999942601e-01 4 1.16449260112891135e+01
1 0 0 63 7.49999999999942601e-01 7.49999999999942601e-01 7.49999999999942601e-01 5 1.37538822561981728e+01
1 0 0 63 7.49999999999942601e-01 7.49999999999942601e-01 7.49999999999942601e-01 6 1.41257307228653346e+01
1 0 0 63 7.49999999999942601e-01 7.49999999999942601e-01 7.49999999999942601e-01 7 1.81237470736782704e+01
1 0 0 63 7.49999999999942601e-01 7.49999999999942601e-01 7.49999999999942601e-01 8 1.85627305775680931e+01
1 0 0 63 7.49999999999942601e-01 7.49999999999942601e-01 7.49999999999942601e-01 9 2.10522242922766445e+01
1 0 0 63 7.49999999999942601e-01 7.49999999999942601e-01 7.49999999999942601e-01 10 3.03731338095839156e+01
1 0 0 63 7.49999999999942601e-01 7.49999999999942601e-01 7.49999999999942601e-01 11 3.27702691060698967e+01
1 0 0 63 7.49999999999942601e-01 7.49999999999942601e-01 7.49999999999942601e-01 12 3.35804614848723233e+01
1 0 0 63 7.49999999999942601e-01 7.49999999999942601e-01 7.49999999999942601e-01 13 3.48554186894707314e+01
1 0 0 63 7.49999999999942601e-01 7.49999999999942601e-01 7.49999999999942601e-01 14 4.25204433201216503e+01
1 0 0 63 7.49999999999942601e-01 7.49999999999942601e-01 7.49999999999942601e-01 15 4.33496787220130670e+01
1 0 0 63 7.49999999999942601e-01 7.49999999999942601e-01 7.49999999999942601e-01 16 5.01746330855900666e+01
1 0 0 63 7.49999999999942601e-01 7.49999999999942601e-01 7.49999999999942601e-01 17 5.17902567969241616e+01
1 0 0 63 7.49999999999942601e-01 7.49999999999942601e-01 7.49999999999942601e-01 18 5.20878196754340834e+01
1 0 0 63 7.49999999999942601e-01 7.49999999999942601e-01 7.49999999999942601e-01 19 1.15456920127237296e+02
1 0 0 63 7.49999999999942601e-01 7.49999999999942601e-01 7.49999999999942601e-01 20 3.21441882393101253e+02
1 0 0 63 7.49999999999942601e-01 7.49999999999942601e-01 7.49999999999942601e-01 21 3.41735057417899213e+02
1 0 0 63 7.49999999999942601e-01 7.49999999999942601e-01 7.49999999999942601e-01 22 7.97561384106095147e+02
1 0 0 63 7.49999999999942601e-01 7.49999999999942601e-01 7.49999999999942601e-01 23 8.42782914258663368e+02
1 0 0 63 7.49999999999942601e-01 7.49999999999942601e-01 7.49999999999942601e-01 24 1.38066643462202637e+03
1 0 0 63 7.49999999999942601e-01 7.49999999999942601e-01 7.49999999999942601e-01 25 2.66644402719620166e+03
2 0 0 0 0.00000000000000000e+00 0.00000000000000000e+00 0.00000000000000000e+00 0 -1.26928855067749105e+01
2 0 0 0 0.00000000000000000e+00 0.00000000000000000e+00 0.00000000000000000e+00 1 7.21405382942492501e+00
2 0 0 0 0.00000000000000000e+00 0.00000000000000000e+00 0.00000000000000000e+00 2 7.83223565255062848e+00
2 0 0 0 0.00000000000000000e+00 0.00000000000000000e+00 0.00000000000000000e+00 3 8.37314525616431915e+00
2 0 0 0 0.00000000000000000e+00 0.00000000000000000e+00 0.00000000000000000e+00 4 1.37904516463190490e+01
2 0 0 0 0.00000000000000000e+00 0.00000000000000000e+00 0.00000000000000000e+00 5 1.43026337586538475e+01
2 0 0 0 0.00000000000000000e+00 0.00000000000000000e+00 0.00000000000000000e+00 6 1.47655804502327843e+01
2 0 0 0 0.00000000000000000e+00 0.00000000000000000e+00 0.00000000000000000e+00 7 1.96722922129443916e+01
2 0 0 0 0.00000000000000000e+00 0.00000000000000000e+00 0.00000000000000000e+00 8 2.00377594547102582e+01
2 0 0 0 0.00000000000000000e+00 0.00000000000000000e+00 0.00000000000000000e+00 9 2.14648783961373475e+01
2 0 0 0 0.00000000000000000e+00 0.00000000000000000e+00 0.00000000000000000e+00 10 3.22702082835283903e+01
2 0 0 0 0.00000000000000000e+00 0.00000000000000000e+00 0.00000000000000000e+00 11 3.34844760417994820e+01
2 0 0 0 0.00000000000000000e+00 0.00000000000000000e+00 0.00000000000000000e+00 12 3.41217401431422758e+01
2 0 0 0 0.00000000000000000e+00 0.00000000000000000e+00 0.00000000000000000e+00 13 3.49469753841715161e+01
2 0 0 0 0.00000000000000000e+00 0.00000000000000000e+00 0.00000000000000000e+00 14 4.81295141796818911e+01
2 0 0 0 0.00000000000000000e+00 0.00000000000000000e+00 0.00000000000000000e+00 15 4.94966794045336798e+01
2 0 0 0 0.00000000000000000e+00 0.00000000000000000e+00 0.00000000000000000e+00 16 5.24379282726614875e+01
2 0 0 0 0.00000000000000000e+00 0.00000000000000000e+00 0.00000000000000000e+00 17 5.36581819478983846e+01
2 0 0 0 0.00000000000000000e+00 0.00000000000000000e+00 0.00000000000000000e+00 18 5.52212020742521332e+01
2 0 0 0 0.00000000000000000e+00 0.00000000000000000e+00 0.00000000000000000e+00 19 4.31024203241138423e+02
2 0 0 0 0.00000000000000000e+00 0.00000000000000000e+00 0.00000000000000000e+00 20 4.76058763193066397e+02
2 0 0 0 0.00000000000000000e+00 0.00000000000000000e+00 0.00000000000000000e+00 21 4.91991165922314110e+02
2 0 0 0 0.00000000000000000e+00 0.00000000000000000e+00 0.00000000000000000e+00 22 1.06819140623821681e+03
2 0 0 0 0.00000000000000000e+00 0.00000000000000000e+00 0.00000000000000000e+00 23 1.14132156120458876e+03
2 0 0 0 0.00000000000000000e+00 0.00000000000000000e+00 0.00000000000000000e+00 24 1.19024063023354142e+03
2 0 0 0 0.00000000000000000e+00 0.00000000000000000e+00 0.00000000000000000e+00 25 1.28643893080951739e+03
2 0 0 1 2.50000000000035305e-01 0.00000000000000000e+00 0.00000000000000000e+00 0 -1.16529447154745007e+01
2 0 0 1 2.50000000000035305e-01 0.00000000000000000e+00 0.00000000000000000e+00 1 4.08132855544437589e+00
2 0 0 1 2.50000000000035305e-01 0.00000000000000000e+00 0.00000000000000000e+00 2 6.59641991445438070e+00
2 0 0 1 2.50000000000035305e-01 0.00000000000000000e+00 0.00000000000000000e+00 3 7.11931233618625203e+00
2 0 0 1 2.50000000000035305e-01 0.00000000000000000e+00 0.00000000000000000e+00 4 1.38522492512491358e+01
2 0 0 1 2.50000000000035305e-01 0.00000000000000000e+00 0.00000000000000000e+00 5 1.52487027424604058e+01
2 0 0 1 2.50000000000035305e-01 0.00000000000000000e+00 0.00000000000000000e+00 6 1.55446488743564259e+01
2 0 0 1 2.50000000000035305e-01 0.00000000000000000e+00 0.00000000000000000e+00 7 1.95315702878177113e+01
2 0 0 1 2.50000000000035305e-01 0.00000000000000000e+00 0.00000000000000000e+00 8 1.99185037434996381e+01
2 0 0 1 2.50000000000035305e-01 0.00000000000000000e+00 0.00000000000000000e+00 9 2.42045751323506657e+01
2 0 0 1 2.50000000000035305e-01 0.00000000000000000e+00 0.00000000000000000e+00 10 3.12119935763322935e+01
2 0 0 1 2.50000000000035305e-01 0.00000000000000000e+00 0.00000000000000000e+00 11 3.42360413635177920e+01
2 0 0 1 2.50000000000035305e-01 0.00000000000000000e+00 0.00000000000000000e+00 12 3.56360066252616221e+01
2 0 0 1 2.50000000000035305e-01 0.00000000000000000e+00 0.00000000000000000e+00 13 3.72141855007062858e+01
2 0 0 1 2.50000000000035305e-01 0.00000000000000000e+00 0.00000000000000000e+00 14 4.43053604675924575e+01
2 0 0 1 2.50000000000035305e-01 0.00000000000000000e+00 0.00000000000000000e+00 15 4.59417246305844387e+01
2 0 0 1 2.50000000000035305e-01 0.00000000000000000e+00 0.00000000000000000e+00 16 5.16840495732859324e+01
2 0 0 1 2.50000000000035305e-01 0.00000000000000000e+00 0.00000000000000000e+00 17 5.40373276469507715e+01
2 0 0 1 2.50000000000035305e-01 0.00000000000000000e+00 0.00000000000000000e+00 18 5.48223110140327847e+01
2 0 0 1 2.50000000000035305e-01 0.00000000000000000e+00 0.00000000000000000e+00 19 1.26301793847174238e+02
2 0 0 1 2.50000000000035305e-01 0.00000000000000000e+00 0.00000000000000000e+00 20 3.55875438570416122e+02
2 0 0 1 2.50000000000035305e-01 0.00000000000000000e+00 0.00000000000000000e+00 21 3.70288109159485771e+02
2 0 0 1 2.50000000000035305e-01 0.00000000000000000e+00 0.00000000000000000e+00 22 8.64542608562342139e+02
2 0 0 1 2.50000000000035305e-01 0.00000000000000000e+00 0.00000000000000000e+00 23 9.13975780672219912e+02
2 0 0 1 2.50000000000035305e-01 0.00000000000000000e+00 0.00000000000000000e+00 24 1.42767620057926933e+03
2 0 0 1 2.50000000000035305e-01 0.00000000000000000e+00 0.00000000000000000e+00 25 2.78744879829892852e+03
2 0 0 2 5.00000000000070610e-01 0.00000000000000000e+00 0.00000000000000000e+00 0 -7.31360916099662006e+00
2 0 0 2 5.00000000000070610e-01 0.00000000000000000e+00 0.00000000000000000e+00 1 -2.12186153643291764e+00
2 0 0 2 5.00000000000070610e-01 0.00000000000000000e+00 0.00000000000000000e+00 2 6.25060653030343971e+00
2 0 0 2 5.00000000000070610e-01 0.00000000000000000e+00 0.00000000000000000e+00 3 7.00210023558587213e+00
2 0 0 2 5.00000000000070610e-01 0.00000000000000000e+00 0.00000000000000000e+00 4 1.16263339380256152e+01
2 0 0 2 5.00000000000070610e-01 0.00000000000000000e+00 0.00000000000000000e+00 5 1.49358397488660177e+01
2 0 0 2 5.00000000000070610e-01 0.00000000000000000e+00 0.00000000000000000e+00 6 1.50393948121757912e+01
2 0 0 2 5.00000000000070610e-01 0.00000000000000000e+00 0.00000000000000000e+00 7 2.48686702643992952e+01
2 0 0 2 5.00000000000070610e-01 0.00000000000000000e+00 0.00000000000000000e+00 8 2.55384956974956765e+01
2 0 0 2 5.00000000000070610e-01 0.00000000000000000e+00 0.00000000000000000e+00 9 2.62953463521846480e+01
2 0 0 2 5.00000000000070610e-01 0.00000000000000000e+00 0.00000000000000000e+00 10 2.90142000685442909e+01
2 0 0 2 5.00000000000070610e-01 0.00000000000000000e+00 0.00000000000000000e+00 11 2.97729197736245297e+01
2 0 0 2 5.00000000000070610e-01 0.00000000000000000e+00 0.00000000000000000e+00 12 3.10329201844538645e+01
2 0 0 2 5.00000000000070610e-01 0.00000000000000000e+00 0.00000000000000000e+00 13 4.27932082273640759e+01
2 0 0 2 5.00000000000070610e-01 0.00000000000000000e+00 0.00000000000000000e+00 14 4.51927559335272448e+01
2 0 0 2 5.00000000000070610e-01 0.00000000000000000e+00 0.00000000000000000e+00 15 4.56066781165883981e+01
2 0 0 2 5.00000000000070610e-01 0.00000000000000000e+00 0.00000000000000000e+00 16 4.74393904634112076e+01
2 0 0 2 5.00000000000070610e-01 0.00000000000000000e+00 0.00000000000000000e+00 17 5.49605780969729594e+01
2 0 0 2 5.00000000000070610e-01 0.00000000000000000e+00 0.00000000000000000e+00 18 5.54247877080555327e+01
2 0 0 2 5.00000000000070610e-01 0.00000000000000000e+00 0.00000000000000000e+00 19 6.88272308740160099e+01
2 0 0 2 5.00000000000070610e-01 0.00000000000000000e+00 0.00000000000000000e+00 20 3.10627835358141738e+02
2 0 0 2 5.00000000000070610e-01 0.00000000000000000e+00 0.00000000000000000e+00 21 3.27178679457621001e+02
2 0 0 2 5.00000000000070610e-01 0.00000000000000000e+00 0.00000000000000000e+00 22 5.75730575255601025e+02
2 0 0 2 5.00000000000070610e-01 0.00000000000000000e+00 0.00000000000000000e+00 23 5.89344197351655680e+02
2 0 0 2 5.00000000000070610e-01 0.00000000000000000e+00 0.00000000000000000e+00 24 1.78441195130177061e+03
2 0 0 2 5.00000000000070610e-01 0.00000000000000000e+00 0.00000000000000000e+00 25 4.04377848406827525e+03
2 0 0 3 7.49999999999942601e-01 0.00000000000000000e+00 0.00000000000000000e+00 0 -1.16955057110628182e+01
2 0 0 3 7.49999999999942601e-01 0.00000000000000000e+00 0.00000000000000000e+00 1 4.16308269719389745e+00
2 0 0 3 7.49999999999942601e-01 0.00000000000000000e+00 0.00000000000000000e+00 2 6.76342287257712815e+00
2 0 0 3 7.49999999999942601e-01 0.00000000000000000e+00 0.00000000000000000e+00 3 7.25028368362825848e+00
2 0 0 3 7.49999999999942601e-01 0.00000000000000000e+00 0.00000000000000000e+00 4 1.37303655167443530e+01
2 0 0 3 7.49999999999942601e-01 0.00000000000000000e+00 0.00000000000000000e+00 5 1.48178114039326534e+01
2 0 0 3 7.49999999999942601e-01 0.00000000000000000e+00 0.00000000000000000e+00 6 1.53641935989710348e+01
2 0 0 3 7.49999999999942601e-01 0.00000000000000000e+00 0.00000000000000000e+00 7 1.96747821547684794e+01
2 0 0 3 7.49999999999942601e-01 0.00000000000000000e+00 0.00000000000000000e+00 8 1.99565278874119407e+01
2 0 0 3 7.49999999999942601e-01 0.00000000000000000e+00 0.00000000000000000e+00 9 2.41887498455401975e+01
2 0 0 3 7.49999999999942601e-01 0.00000000000000000e+00 0.00000000000000000e+00 10 3.31692795921940515e+01
2 0 0 3 7.49999999999942601e-01 0.00000000000000000e+00 0.00000000000000000e+00 11 3.43766967368565872e+01
2 0 0 3 7.49999999999942601e-01 0.00000000000000000e+00 0.00000000000000000e+00 12 3.50923708543766608e+01
2 0 0 3 7.49999999999942601e-01 0.00000000000000000e+00 0.00000000000000000e+00 13 3.64360727930374537e+01
2 0 0 3 7.49999999999942601e-01 0.00000000000000000e+00 0.00000000000000000e+00 14 4.44406137684514206e+01
2 0 0 3 7.49999999999942601e-01 0.00000000000000000e+00 0.00000000000000000e+00 15 4.57828942846631435e+01
2 0 0 3 7.49999999999942601e-01 0.00000000000000000e+00 0.00000000000000000e+00 16 5.35547727037123735e+01
2 0 0 3 7.49999999999942601e-01 0.00000000000000000e+00 0.00000000000000000e+00 17 5.42614713389387475e+01
2 0 0 3 7.49999999999942601e-01 0.00000000000000000e+00 0.00000000000000000e+00 18 5.58656194758672768e+01
2 0 0 3 7.49999999999942601e-01 0.00000000000000000e+00 0.00000000000000000e+00 19 1.23316228470302306e+02
2 0 0 3 7.49999999999942601e-01 0.00000000000000000e+00 0.00000000000000000e+00 20 3.45899133589619680e+02
2 0 0 3 7.49999999999942601e-01 0.00000000000000000e+00 0.00000000000000000e+00 21 3.59732374963951827e+02
2 0 0 3 7.49999999999942601e-01 0.00000000000000000e+00 0.00000000000000000e+00 22 8.63232081389475184e+02
2 0 0 3 7.49999999999942601e-01 0.00000000000000000e+00 0.00000000000000000e+00 23 9.09995382836943350e+02
2 0 0 3 7.49999999999942601e-01 0.00000000000000000e+00 0.00000000000000000e+00 24 1.42611116453824206e+03
2 0 0 3 7.49999999999942601e-01 0.00000000000000000e+00 0.00000000000000000e+00 25 2.80830489784708425e+03
2 0 0 4 0.00000000000000000e+00 2.50000000000035305e-01 0.00000000000000000e+00 0 -1.19265592810830690e+01
2 0 0 4 0.00000000000000000e+00 2.50000000000035305e-01 0.00000000000000000e+00 1 3.82753416284414394e+00
2 0 0 4 0.00000000000000000e+00 2.50000000000035305e-01 0.00000000000000000e+00 2 7.19850725731150209e+00
2 0 0 4 0.00000000000000000e+00 2.50000000000035305e-01 0.00000000000000000e+00 3 7.39190577786760983e+00
2 0 0 4 0.00000000000000000e+00 2.50000000000035305e-01 0.00000000000000000e+00 4 1.40556801764461117e+01
2 0 0 4 0.00000000000000000e+00 2.50000000000035305e-01 0.00000000000000000e+00 5 1.51779282745911939e+01
2 0 0 4 0.00000000000000000e+00 2.50000000000035305e-01 0.00000000000000000e+00 6 1.54842623449162762e+01
2 0 0 4 0.00000000000000000e+00 2.50000000000035305e-01 0.00000000000000000e+00 7 1.95627842033651334e+01
2 0 0 4 0.00000000000000000e+00 2.50000000000035305e-01 0.00000000000000000e+00 8 2.00331940754693996e+01
2 0 0 4 0.00000000000000000e+00 2.50000000000035305e-01 0.00000000000000000e+00 9 2.38653166231143139e+01
2 0 0 4 0.00000000000000000e+00 2.50000000000035305e-01 0.00000000000000000e+00 10 3.38197873765198054e+01
2 0 0 4 0.00000000000000000e+00 2.50000000000035305e-01 0.00000000000000000e+00 11 3.47451231068986672e+01
2 0 0 4 0.00000000000000000e+00 2.50000000000035305e-01 0.00000000000000000e+00 12 3.50884142995565966e+01
2 0 0 4 0.00000000000000000e+00 2.50000000000035305e-01 0.00000000000000000e+00 13 3.61171572018565996e+01
2 0 0 4 0.00000000000000000e+00 2.50000000000035305e-01 0.00000000000000000e+00 14 4.50191893937511622e+01
2 0 0 4 0.00000000000000000e+00 2.50000000000035305e-01 0.00000000000000000e+00 15 4.54987812303413932e+01
2 0 0 4 0.00000000000000000e+00 2.50000000000035305e-01 0.00000000000000000e+00 16 5.27944519892697386e+01
2 0 0 4 0.00000000000000000e+00 2.50000000000035305e-01 0.00000000000000000e+00 17 5.42059730607592982e+01
2 0 0 4 0.00000000000000000e+00 2.50000000000035305e-01 0.00000000000000000e+00 18 5.50240977324122440e+01
2 0 0 4 0.00000000000000000e+00 2.50000000000035305e-01 0.00000000000000000e+00 19 1.16538809280773648e+02
2 0 0 4 0.00000000000000000e+00 2.50000000000035305e-01 0.00000000000000000e+00 20 3.30852591853816818e+02
2 0 0 4 0.00000000000000000e+00 2.50000000000035305e-01 0.00000000000000000e+00 21 3.57940894875832498e+02
2 0 0 4 0.00000000000000000e+00 2.50000000000035305e-01 0.00000000000000000e+00 22 8.75894631435149563e+02
2 0 0 4 0.00000000000000000e+00 2.50000000000035305e-01 0.00000000000000000e+00 23 9.09864113423346112e+02
2 0 0 4 0.00000000000000000e+00 2.50000000000035305e-01 0.00000000000000000e+00 24 1.44397954339106877e+03
2 0 0 4 0.00000000000000000e+00 2.50000000000035305e-01 0.00000000000000000e+00 25 2.84387382564403651e+03
2 0 0 5 2.50000000000035305e-01 2.50000000000035305e-01 0.00000000000000000e+00 0 -1.24860912636301347e+01
2 0 0 5 2.50000000000035305e-01 2.50000000000035305e-01 0.00000000000000000e+00 1 3.59987140644637504e+00
2 0 0 5 2.50000000000035305e-01 2.50000000000035305e-01 0.00000000000000000e+00 2 6.82119321996205574e+00
2 0 0 5 2.50000000000035305e-01 2.50000000000035305e-01 0.00000000000000000e+00 3 7.35037148195996970e+00
2 0 0 5 2.50000000000035305e-01 2.50000000000035305e-01 0.00000000000000000e+00 4 1.24982037500536673e+01
2 0 0 5 2.50000000000035305e-01 2.50000000000035305e-01 0.00000000000000000e+00 5 1.54654431486841162e+01
2 0 0 5 2.50000000000035305e-01 2.50000000000035305e-01 0.00000000000000000e+00 6 1.80459994504466437e+01
2 0 0 5 2.50000000000035305e-01 2.50000000000035305e-01 0.00000000000000000e+00 7 1.83506479071453192e+01
2 0 0 5 2.50000000000035305e-01 2.50000000000035305e-01 0.00000000000000000e+00 8 2.23610312000435165e+01
2 0 0 5 2.50000000000035305e-01 2.50000000000035305e-01 0.00000000000000000e+00 9 2.55533338603254627e+01
2 0 0 5 2.50000000000035305e-01 2.50000000000035305e-01 0.00000000000000000e+00 10 3.17194899445953880e+01
2 0 0 5 2.50000000000035305e-01 2.50000000000035305e-01 0.00000000000000000e+00 11 3.20232708223418285e+01
2 0 0 5 2.50000000000035305e-01 2.50000000000035305e-01 0.00000000000000000e+00 12 3.64489635752808212e+01
2 0 0 5 2.50000000000035305e-01 2.50000000000035305e-01 0.00000000000000000e+00 13 4.04793139503845083e+01
2 0 0 5 2.50000000000035305e-01 2.50000000000035305e-01 0.00000000000000000e+00 14 4.28128221290468858e+01
2 0 0 5 2.50000000000035305e-01 2.50000000000035305e-01 0.00000000000000000e+00 15 4.67361763305388394e+01
2 0 0 5 2.50000000000035305e-01 2.50000000000035305e-01 0.00000000000000000e+00 16 4.96841932913624262e+01
2 0 0 5 2.50000000000035305e-01 2.50000000000035305e-01 0.00000000000000000e+00 17 5.11958888160675585e+01
2 0 0 5 2.50000000000035305e-01 2.50000000000035305e-01 0.00000000000000000e+00 18 6.04393571465401465e+01
2 0 0 5 2.50000000000035305e-01 2.50000000000035305e-01 0.00000000000000000e+00 19 1.37617989906806343e+02
2 0 0 5 2.50000000000035305e-01 2.50000000000035305e-01 0.00000000000000000e+00 20 1.49672739790502249e+02
2 0 0 5 2.50000000000035305e-01 2.50000000000035305e-01 0.00000000000000000e+00 21 2.96994604007950159e+02
2 0 0 5 2.50000000000035305e-01 2.50000000000035305e-01 0.00000000000000000e+00 22 7.24991125716333499e+02
2 0 0 5 2.50000000000035305e-01 2.50000000000035305e-01 0.00000000000000000e+00 23 1.44908990184471395e+03
2 0 0 5 2.50000000000035305e-01 2.50000000000035305e-01 0.00000000000000000e+00 24 1.75125871732086239e+03
2 0 0 5 2.50000000000035305e-01 2.50000000000035305e-01 0.00000000000000000e+00 25 2.04103430291566428e+03
2 0 0 6 4.99999999999988953e-01 2.49999999999953648e-01 0.00000000000000000e+00 0 -8.94057348420602516e+00
2 0 0 6 4.99999999999988953e-01 2.49999999999953648e-01 0.00000000000000000e+00 1 4.99189331475743819e-02
2 0 0 6 4.99999999999988953e-01 2.49999999999953648e-01 0.00000000000000000e+00 2 4.33160325288416992e+00
2 0 0 6 4.99999999999988953e-01 2.49999999999953648e-01 0.00000000000000000e+00 3 5.96134242148104043e+00
2 0 0 6 4.99999999999988953e-01 2.49999999999953648e-01 0.00000000000000000e+00 4 1.27001507392715212e+01
2 0 0 6 4.99999999999988953e-01 2.49999999999953648e-01 0.00000000000000000e+00 5 1.58162100570486217e+01
2 0 0 6 4.99999999999988953e-01 2.49999999999953648e-01 0.00000000000000000e+00 6 1.88104758448328759e+01
2 0 0 6 4.99999999999988953e-01 2.49999999999953648e-01 0.00000000000000000e+00 7 1.96002194216185153e+01
2 0 0 6 4.99999999999988953e-01 2.49999999999953648e-01 0.00000000000000000e+00 8 2.55563251039979882e+01
2 0 0 6 4.99999999999988953e-01 2.49999999999953648e-01 0.00000000000000000e+00 9 2.79950827933530384e+01
2 0 0 6 4.99999999999988953e-01 2.49999999999953648e-01 0.00000000000000000e+00 10 2.97802087215238238e+01
2 0 0 6 4.99999999999988953e-01 2.49999999999953648e-01 0.00000000000000000e+00 11 3.12341293623174145e+01
2 0 0 6 4.99999999999988953e-01 2.49999999999953648e-01 0.00000000000000000e+00 12 3.88001845113657069e+01
2 0 0 6 4.99999999999988953e-01 2.49999999999953648e-01 0.00000000000000000e+00 13 3.96819203218708907e+01
2 0 0 6 4.99999999999988953e-01 2.49999999999953648e-01 0.00000000000000000e+00 14 4.08654657026413659e+01
2 0 0 6 4.99999999999988953e-01 2.49999999999953648e-01 0.00000000000000000e+00 15 4.45316641809981419e+01
2 0 0 6 4.99999999999988953e-01 2.49999999999953648e-01 0.00000000000000000e+00 16 5.02154712403142653e+01
2 0 0 6 4.99999999999988953e-01 2.49999999999953648e-01 0.00000000000000000e+00 17 5.10085804770483406e+01
2 0 0 6 4.99999999999988953e-01 2.49999999999953648e-01 0.00000000000000000e+00 18 5.42352738175518212e+01
2 0 0 6 4.99999999999988953e-01 2.49999999999953648e-01 0.00000000000000000e+00 19 7.54033078369368326e+01
2 0 0 6 4.99999999999988953e-01 2.49999999999953648e-01 0.00000000000000000e+00 20 1.28145238319623246e+02
2 0 0 6 4.99999999999988953e-01 2.49999999999953648e-01 0.00000000000000000e+00 21 1.35725837854444052e+02
2 0 0 6 4.99999999999988953e-01 2.49999999999953648e-01 0.00000000000000000e+00 22 9.40033859509165836e+02
2 0 0 6 4.99999999999988953e-01 2.49999999999953648e-01 0.00000000000000000e+00 23 1.11400863124460875e+03
2 0 0 6 4.99999999999988953e-01 2.49999999999953648e-01 0.00000000000000000e+00 24 1.85800440549969221e+03
2 0 0 6 4.99999999999988953e-01 2.49999999999953648e-01 0.00000000000000000e+00 25 3.20269566063791353e+03
2 0 0 7 7.50000000000024203e-01 2.49999999999953593e-01 0.00000000000000000e+00 0 -9.00384644971266113e+00
2 0 0 7 7.50000000000024203e-01 2.49999999999953593e-01 0.00000000000000000e+00 1 6.61449582779050305e-01
2 0 0 7 7.50000000000024203e-01 2.49999999999953593e-01 0.00000000000000000e+00 2 4.10934861206065349e+00
2 0 0 7 7.50000000000024203e-01 2.49999999999953593e-01 0.00000000000000000e+00 3 7.12250858900874295e+00
2 0 0 7 7.50000000000024203e-01 2.49999999999953593e-01 0.00000000000000000e+00 4 1.42687741555525740e+01
2 0 0 7 7.50000000000024203e-01 2.49999999999953593e-01 0.00000000000000000e+00 5 1.62878339807689265e+01
2 0 0 7 7.50000000000024203e-01 2.49999999999953593e-01 0.00000000000000000e+00 6 1.73715636277602492e+01
2 0 0 7 7.50000000000024203e-01 2.49999999999953593e-01 0.00000000000000000e+00 7 1.88876629431850738e+01
2 0 0 7 7.50000000000024203e-01 2.49999999999953593e-01 0.00000000000000000e+00 8 2.09994026678700187e+01
2 0 0 7 7.50000000000024203e-01 2.49999999999953593e-01 0.00000000000000000e+00 9 2.65889587652699824e+01
2 0 0 7 7.50000000000024203e-01 2.49999999999953593e-01 0.00000000000000000e+00 10 3.07137432337756415e+01
2 0 0 7 7.50000000000024203e-01 2.49999999999953593e-01 0.00000000000000000e+00 11 3.56942762968343388e+01
2 0 0 7 7.50000000000024203e-01 2.49999999999953593e-01 0.00000000000000000e+00 12 3.71610268531035643e+01
2 0 0 7 7.50000000000024203e-01 2.49999999999953593e-01 0.00000000000000000e+00 13 3.82407340807167415e+01
2 0 0 7 7.50000000000024203e-01 2.49999999999953593e-01 0.00000000000000000e+00 14 4.15360793728184845e+01
2 0 0 7 7.50000000000024203e-01 2.49999999999953593e-01 0.00000000000000000e+00 15 4.32729882227246847e+01
2 0 0 7 7.50000000000024203e-01 2.49999999999953593e-01 0.00000000000000000e+00 16 4.74125749711479259e+01
2 0 0 7 7.50000000000024203e-01 2.49999999999953593e-01 0.00000000000000000e+00 17 5.17496451474104262e+01
2 0 0 7 7.50000000000024203e-01 2.49999999999953593e-01 0.00000000000000000e+00 18 5.65020859532551114e+01
2 0 0 7 7.50000000000024203e-01 2.49999999999953593e-01 0.00000000000000000e+00 19 9.25530064147224749e+01
2 0 0 7 7.50000000000024203e-01 2.49999999999953593e-01 0.00000000000000000e+00 20 1.13408418327619302e+02
2 0 0 7 7.50000000000024203e-01 2.49999999999953593e-01 0.00000000000000000e+00 21 2.38439269328031344e+02
2 0 0 7 7.50000000000024203e-01 2.49999999999953593e-01 0.00000000000000000e+00 22 7.73148168980666128e+02
2 0 0 7 7.50000000000024203e-01 2.49999999999953593e-01 0.00000000000000000e+00 23 1.10095958990951067e+03
2 0 0 7 7.50000000000024203e-01 2.49999999999953593e-01 0.00000000000000000e+00 24 1.74654795417780315e+03
2 0 0 7 7.50000000000024203e-01 2.49999999999953593e-01 0.00000000000000000e+00 25 3.26067437038654316e+03
2 0 0 8 0.00000000000000000e+00 5.00000000000070610e-01 0.00000000000000000e+00 0 -7.76656271647973551e+00
2 0 0 8 0.00000000000000000e+00 5.00000000000070610e-01 0.00000000000000000e+00 1 -2.01559120378131507e+00
2 0 0 8 0.00000000000000000e+00 5.00000000000070610e-01 0.00000000000000000e+00 2 6.91808319511243042e+00
2 0 0 8 0.00000000000000000e+00 5.00000000000070610e-01 0.00000000000000000e+00 3 7.12835229421405270e+00
2 0 0 8 0.00000000000000000e+00 5.00000000000070610e-01 0.00000000000000000e+00 4 1.24690313884142547e+01
2 0 0 8 0.00000000000000000e+00 5.00000000000070610e-01 0.00000000000000000e+00 5 1.46390948140211048e+01
2 0 0 8 0.00000000000000000e+00 5.00000000000070610e-01 0.00000000000000000e+00 6 1.51987696878742824e+01
2 0 0 8 0.00000000000000000e+00 5.00000000000070610e-01 0.00000000000000000e+00 7 2.46094303928761668e+01
2 0 0 8 0.00000000000000000e+00 5.00000000000070610e-01 0.00000000000000000e+00 8 2.50459048011889358e+01
2 0 0 8 0.00000000000000000e+00 5.00000000000070610e-01 0.00000000000000000e+00 9 2.69493028207558183e+01
2 0 0 8 0.00000000000000000e+00 5.00000000000070610e-01 0.00000000000000000e+00 10 2.85965863773263749e+01
2 0 0 8 0.00000000000000000e+00 5.00000000000070610e-01 0.00000000000000000e+00 11 2.94539244368179958e+01
2 0 0 8 0.00000000000000000e+00 5.00000000000070610e-01 0.00000000000000000e+00 12 3.12269661995053092e+01
2 0 0 8 0.00000000000000000e+00 5.00000000000070610e-01 0.00000000000000000e+00 13 4.26760981047314019e+01
2 0 0 8 0.00000000000000000e+00 5.00000000000070610e-01 0.00000000000000000e+00 14 4.36130904532849897e+01
2 0 0 8 0.00000000000000000e+00 5.00000000000070610e-01 0.00000000000000000e+00 15 4.58628573684848888e+01
2 0 0 8 0.00000000000000000e+00 5.00000000000070610e-01 0.00000000000000000e+00 16 4.62332071202852148e+01
2 0 0 8 0.00000000000000000e+00 5.00000000000070610e-01 0.00000000000000000e+00 17 5.41235146108471312e+01
2 0 0 8 0.00000000000000000e+00 5.00000000000070610e-01 0.00000000000000000e+00 18 5.59352105248287543e+01
2 0 0 8 0.00000000000000000e+00 5.00000000000070610e-01 0.00000000000000000e+00 19 6.88371430555862531e+01
2 0 0 8 0.00000000000000000e+00 5.00000000000070610e-01 0.00000000000000000e+00 20 3.01066444637404061e+02
2 0 0 8 0.00000000000000000e+00 5.00000000000070610e-01 0.00000000000000000e+00 21 3.19016036813742232e+02
2 0 0 8 0.00000000000000000e+00 5.00000000000070610e-01 0.00000000000000000e+00 22 5.91855115601298507e+02
2 0 0 8 0.00000000000000000e+00 5.00000000000070610e-01 0.00000000000000000e+00 23 5.96812992571092877e+02
2 0 0 8 0.00000000000000000e+00 5.00000000000070610e-01 0.00000000000000000e+00 24 1.89895258435747564e+03
2 0 0 8 0.00000000000000000e+00 5.00000000000070610e-01 0.00000000000000000e+00 25 4.13320878101449216e+03
2 0 0 9 2.49999999999953648e-01 4.99999999999988953e-01 0.00000000000000000e+00 0 -8.94809715491378022e+00
2 0 0 9 2.49999999999953648e-01 4.99999999999988953e-01 0.00000000000000000e+00 1 4.03140934373615589e-02
2 0 0 9 2.49999999999953648e-01 4.99999999999988953e-01 0.00000000000000000e+00 2 4.24967074816429236e+00
2 0 0 9 2.49999999999953648e-01 4.99999999999988953e-01 0.00000000000000000e+00 3 6.12765871107095617e+00
2 0 0 9 2.49999999999953648e-01 4.99999999999988953e-01 0.00000000000000000e+00 4 1.28680567777402466e+01
2 0 0 9 2.49999999999953648e-01 4.99999999999988953e-01 0.00000000000000000e+00 5 1.58565765771584424e+01
2 0 0 9 2.49999999999953648e-01 4.99999999999988953e-01 0.00000000000000000e+00 6 1.85826638968265883e+01
2 0 0 9 2.49999999999953648e-01 4.99999999999988953e-01 0.00000000000000000e+00 7 1.97679763220632303e+01
2 0 0 9 2.49999999999953648e-01 4.99999999999988953e-01 0.00000000000000000e+00 8 2.57780750283478497e+01
2 0 0 9 2.49999999999953648e-01 4.99999999999988953e-01 0.00000000000000000e+00 9 2.75298918377808306e+01
2 0 0 9 2.49999999999953648e-01 4.99999999999988953e-01 0.00000000000000000e+00 10 3.02225242913033085e+01
2 0 0 9 2.49999999999953648e-01 4.99999999999988953e-01 0.00000000000000000e+00 11 3.11784419423900978e+01
2 0 0 9 2.49999999999953648e-01 4.99999999999988953e-01 0.00000000000000000e+00 12 3.77221319375388546e+01
2 0 0 9 2.49999999999953648e-01 4.99999999999988953e-01 0.00000000000000000e+00 13 3.99156062453776315e+01
2 0 0 9 2.49999999999953648e-01 4.99999999999988953e-01 0.00000000000000000e+00 14 4.04607530816855245e+01
2 0 0 9 2.49999999999953648e-01 4.99999999999988953e-01 0.00000000000000000e+00 15 4.50460093200695368e+01
2 0 0 9 2.49999999999953648e-01 4.99999999999988953e-01 0.00000000000000000e+00 16 5.00711297742370363e+01
2 0 0 9 2.49999999999953648e-01 4.99999999999988953e-01 0.00000000000000000e+00 17 5.20211914340194426e+01
2 0 0 9 2.49999999999953648e-01 4.99999999999988953e-01 0.00000000000000000e+00 18 5.33599782910614167e+01
2 0 0 9 2.49999999999953648e-01 4.99999999999988953e-01 0.00000000000000000e+00 19 7.61767822738567588e+01
2 0 0 9 2.49999999999953648e-01 4.99999999999988953e-01 0.00000000000000000e+00 20 1.28419113812935962e+02
2 0 0 9 2.49999999999953648e-01 4.99999999999988953e-01 0.00000000000000000e+00 21 1.34407306103871520e+02
2 0 0 9 2.49999999999953648e-01 4.99999999999988953e-01 0.00000000000000000e+00 22 8.13402064893263741e+02
2 0 0 9 2.49999999999953648e-01 4.99999999999988953e-01 0.00000000000000000e+00 23 1.12040828957834560e+03
2 0 0 9 2.49999999999953648e-01 4.99999999999988953e-01 0.00000000000000000e+00 24 1.99309492664456502e+03
2 0 0 9 2.49999999999953648e-01 4.99999999999988953e-01 0.00000000000000000e+00 25 3.29300422161407960e+03
2 0 0 10 4.99999999999988898e-01 4.99999999999988898e-01 0.00000000000000000e+00 0 -8.24238808825356450e+00
2 0 0 10 4.99999999999988898e-01 4.99999999999988898e-01 0.00000000000000000e+00 1 -9.68919516984810048e-01
2 0 0 10 4.99999999999988898e-01 4.99999999999988898e-01 0.00000000000000000e+00 2 5.89565338202128508e+00
2 0 0 10 4.99999999999988898e-01 4.99999999999988898e-01 0.00000000000000000e+00 3 6.63610664965769104e+00
2 0 0 10 4.99999999999988898e-01 4.99999999999988898e-01 0.00000000000000000e+00 4 1.13505371250550482e+01
2 0 0 10 4.99999999999988898e-01 4.99999999999988898e-01 0.00000000000000000e+00 5 1.14946372907698802e+01
2 0 0 10 4.99999999999988898e-01 4.99999999999988898e-01 0.00000000000000000e+00 6 2.46653507314800855e+01
2 0 0 10 4.99999999999988898e-01 4.99999999999988898e-01 0.00000000000000000e+00 7 2.59639553944224737e+01
2 0 0 10 4.99999999999988898e-01 4.99999999999988898e-01 0.00000000000000000e+00 8 2.69896151798332582e+01
2 0 0 10 4.99999999999988898e-01 4.99999999999988898e-01 0.00000000000000000e+00 9 2.75713805476346678e+01
2 0 0 10 4.99999999999988898e-01 4.99999999999988898e-01 0.00000000000000000e+00 10 2.88571851520913789e+01
2 0 0 10 4.99999999999988898e-01 4.99999999999988898e-01 0.00000000000000000e+00 11 2.93648483998631349e+01
2 0 0 10 4.99999999999988898e-01 4.99999999999988898e-01 0.00000000000000000e+00 12 3.06537580519791639e+01
2 0 0 10 4.99999999999988898e-01 4.99999999999988898e-01 0.00000000000000000e+00 13 3.38339178356529189e+01
2 0 0 10 4.99999999999988898e-01 4.99999999999988898e-01 0.00000000000000000e+00 14 4.66586123824309382e+01
2 0 0 10 4.99999999999988898e-01 4.99999999999988898e-01 0.00000000000000000e+00 15 4.75285045299454225e+01
2 0 0 10 4.99999999999988898e-01 4.99999999999988898e-01 0.00000000000000000e+00 16 5.29705941738206860e+01
2 0 0 10 4.99999999999988898e-01 4.99999999999988898e-01 0.00000000000000000e+00 17 5.45412732325754490e+01
2 0 0 10 4.99999999999988898e-01 4.99999999999988898e-01 0.00000000000000000e+00 18 6.47472885755625072e+01
2 0 0 10 4.99999999999988898e-01 4.99999999999988898e-01 0.00000000000000000e+00 19 7.19139811968778702e+01
2 0 0 10 4.99999999999988898e-01 4.99999999999988898e-01 0.00000000000000000e+00 20 8.32640511303613806e+01
2 0 0 10 4.99999999999988898e-01 4.99999999999988898e-01 0.00000000000000000e+00 21 8.78522308233547733e+01
2 0 0 10 4.99999999999988898e-01 4.99999999999988898e-01 0.00000000000000000e+00 22 1.22107411463400217e+03
2 0 0 10 4.99999999999988898e-01 4.99999999999988898e-01 0.00000000000000000e+00 23 1.33097006807531534e+03
2 0 0 10 4.99999999999988898e-01 4.99999999999988898e-01 0.00000000000000000e+00 24 2.37566457864589893e+03
2 0 0 10 4.99999999999988898e-01 4.99999999999988898e-01 0.00000000000000000e+00 25 2.51261906376106572e+03
2 0 0 11 7.50000000000024314e-01 4.99999999999989009e-01 0.00000000000000000e+00 0 -8.94936698817858378e+00
2 0 0 11 7.50000000000024314e-01 4.99999999999989009e-01 0.00000000000000000e+00 1 3.82238053666860561e-02
2 0 0 11 7.50000000000024314e-01 4.99999999999989009e-01 0.00000000000000000e+00 2 4.25624004440592518e+00
2 0 0 11 7.50000000000024314e-01 4.99999999999989009e-01 0.00000000000000000e+00 3 6.14348904003774532e+00
2 0 0 11 7.50000000000024314e-01 4.99999999999989009e-01 0.00000000000000000e+00 4 1.28682498647360148e+01
2 0 0 11 7.50000000000024314e-01 4.99999999999989009e-01 0.00000000000000000e+00 5 1.58429538436290098e+01
2 0 0 11 7.50000000000024314e-01 4.99999999999989009e-01 0.00000000000000000e+00 6 1.85856912574809670e+01
2 0 0 11 7.50000000000024314e-01 4.99999999999989009e-01 0.00000000000000000e+00 7 1.97758322011071357e+01
2 0 0 11 7.50000000000024314e-01 4.99999999999989009e-01 0.00000000000000000e+00 8 2.57589967907228079e+01
2 0 0 11 7.50000000000024314e-01 4.99999999999989009e-01 0.00000000000000000e+00 9 2.75356746852394032e+01
2 0 0 11 7.50000000000024314e-01 4.99999999999989009e-01 0.00000000000000000e+00 10 3.02013970160023675e+01
2 0 0 11 7.50000000000024314e-01 4.99999999999989009e-01 0.00000000000000000e+00 11 3.11487792259498519e+01
2 0 0 11 7.50000000000024314e-01 4.99999999999989009e-01 0.00000000000000000e+00 12 3.77121038159862820e+01
2 0 0 11 7.50000000000024314e-01 4.99999999999989009e-01 0.00000000000000000e+00 13 3.99275387076495676e+01
2 0 0 11 7.50000000000024314e-01 4.99999999999989009e-01 0.00000000000000000e+00 14 4.04145005947316491e+01
2 0 0 11 7.50000000000024314e-01 4.99999999999989009e-01 0.00000000000000000e+00 15 4.50574969688603133e+01
2 0 0 11 7.50000000000024314e-01 4.99999999999989009e-01 0.00000000000000000e+00 16 5.01038131162392943e+01
2 0 0 11 7.50000000000024314e-01 4.99999999999989009e-01 0.00000000000000000e+00 17 5.20570519371764604e+01
2 0 0 11 7.50000000000024314e-01 4.99999999999989009e-01 0.00000000000000000e+00 18 5.33522238776970070e+01
2 0 0 11 7.50000000000024314e-01 4.99999999999989009e-01 0.00000000000000000e+00 19 7.61937283168535657e+01
2 0 0 11 7.50000000000024314e-01 4.99999999999989009e-01 0.00000000000000000e+00 20 1.28354187345801506e+02
2 0 0 11 7.50000000000024314e-01 4.99999999999989009e-01 0.00000000000000000e+00 21 1.34402865269315640e+02
2 0 0 11 7.50000000000024314e-01 4.99999999999989009e-01 0.00000000000000000e+00 22 8.16380975502315550e+02
2 0 0 11 7.50000000000024314e-01 4.99999999999989009e-01 0.00000000000000000e+00 23 1.12025487382056281e+03
2 0 0 11 7.50000000000024314e-01 4.99999999999989009e-01 0.00000000000000000e+00 24 1.99157923778718714e+03
2 0 0 11 7.50000000000024314e-01 4.99999999999989009e-01 0.00000000000000000e+00 25 3.29287171736025584e+03
2 0 0 12 0.00000000000000000e+00 7.49999999999942601e-01 0.00000000000000000e+00 0 -1.19446444359353041e+01
2 0 0 12 0.00000000000000000e+00 7.49999999999942601e-01 0.00000000000000000e+00 1 3.82794847757225076e+00
2 0 0 12 0.00000000000000000e+00 7.49999999999942601e-01 0.00000000000000000e+00 2 7.04118173673729508e+00
2 0 0 12 0.00000000000000000e+00 7.49999999999942601e-01 0.00000000000000000e+00 3 7.61825028127249659e+00
2 0 0 12 0.00000000000000000e+00 7.49999999999942601e-01 0.00000000000000000e+00 4 1.33750207778986265e+01
2 0 0 12 0.00000000000000000e+00 7.49999999999942601e-01 0.00000000000000000e+00 5 1.49385778096849346e+01
2 0 0 12 0.00000000000000000e+00 7.49999999999942601e-01 0.00000000000000000e+00 6 1.55620182200109713e+01
2 0 0 12 0.00000000000000000e+00 7.49999999999942601e-01 0.00000000000000000e+00 7 1.93837764545366760e+01
2 0 0 12 0.00000000000000000e+00 7.49999999999942601e-01 0.00000000000000000e+00 8 1.99541955679112597e+01
2 0 0 12 0.00000000000000000e+00 7.49999999999942601e-01 0.00000000000000000e+00 9 2.41546587812669564e+01
2 0 0 12 0.00000000000000000e+00 7.49999999999942601e-01 0.00000000000000000e+00 10 3.30794172764547483e+01
2 0 0 12 0.00000000000000000e+00 7.49999999999942601e-01 0.00000000000000000e+00 11 3.46698492606619340e+01
2 0 0 12 0.00000000000000000e+00 7.49999999999942601e-01 0.00000000000000000e+00 12 3.54940889480641886e+01
2 0 0 12 0.00000000000000000e+00 7.49999999999942601e-01 0.00000000000000000e+00 13 3.68240682415037242e+01
2 0 0 12 0.00000000000000000e+00 7.49999999999942601e-01 0.00000000000000000e+00 14 4.49373847145147778e+01
2 0 0 12 0.00000000000000000e+00 7.49999999999942601e-01 0.00000000000000000e+00 15 4.55897153760930749e+01
2 0 0 12 0.00000000000000000e+00 7.49999999999942601e-01 0.00000000000000000e+00 16 5.21550453732715766e+01
2 0 0 12 0.00000000000000000e+00 7.49999999999942601e-01 0.00000000000000000e+00 17 5.41615254020507635e+01
2 0 0 12 0.00000000000000000e+00 7.49999999999942601e-01 0.00000000000000000e+00 18 5.51941553345411293e+01
2 0 0 12 0.00000000000000000e+00 7.49999999999942601e-01 0.00000000000000000e+00 19 1.19038912216462506e+02
2 0 0 12 0.00000000000000000e+00 7.49999999999942601e-01 0.00000000000000000e+00 20 3.47856307500250125e+02
2 0 0 12 0.00000000000000000e+00 7.49999999999942601e-01 0.00000000000000000e+00 21 3.62039122852371179e+02
2 0 0 12 0.00000000000000000e+00 7.49999999999942601e-01 0.00000000000000000e+00 22 8.70664563029156739e+02
2 0 0 12 0.00000000000000000e+00 7.49999999999942601e-01 0.00000000000000000e+00 23 9.34675534192936084e+02
2 0 0 12 0.00000000000000000e+00 7.49999999999942601e-01 0.00000000000000000e+00 24 1.44777965827668891e+03
2 0 0 12 0.00000000000000000e+00 7.49999999999942601e-01 0.00000000000000000e+00 25 2.83622078339917516e+03
2 0 0 13 2.49999999999953593e-01 7.50000000000024203e-01 0.00000000000000000e+00 0 -9.02330685139819444e+00
2 0 0 13 2.49999999999953593e-01 7.50000000000024203e-01 0.00000000000000000e+00 1 6.04594934126793770e-01
2 0 0 13 2.49999999999953593e-01 7.50000000000024203e-01 0.00000000000000000e+00 2 4.13324021185240031e+00
2 0 0 13 2.49999999999953593e-01 7.50000000000024203e-01 0.00000000000000000e+00 3 7.11027032811169946e+00
2 0 0 13 2.49999999999953593e-01 7.50000000000024203e-01 0.00000000000000000e+00 4 1.42975245592167184e+01
2 0 0 13 2.49999999999953593e-01 7.50000000000024203e-01 0.00000000000000000e+00 5 1.63043571847442124e+01
2 0 0 13 2.49999999999953593e-01 7.50000000000024203e-01 0.00000000000000000e+00 6 1.74004459148559114e+01
2 0 0 13 2.49999999999953593e-01 7.50000000000024203e-01 0.00000000000000000e+00 7 1.89094640862179766e+01
2 0 0 13 2.49999999999953593e-01 7.50000000000024203e-01 0.00000000000000000e+00 8 2.11708019396361919e+01
2 0 0 13 2.49999999999953593e-01 7.50000000000024203e-01 0.00000000000000000e+00 9 2.66038670490681639e+01
2 0 0 13 2.49999999999953593e-01 7.50000000000024203e-01 0.00000000000000000e+00 10 3.08534781988733222e+01
2 0 0 13 2.49999999999953593e-01 7.50000000000024203e-01 0.00000000000000000e+00 11 3.54452096874490792e+01
2 0 0 13 2.49999999999953593e-01 7.50000000000024203e-01 0.00000000000000000e+00 12 3.73685654785520214e+01
2 0 0 13 2.49999999999953593e-01 7.50000000000024203e-01 0.00000000000000000e+00 13 3.79296543340987142e+01
2 0 0 13 2.49999999999953593e-01 7.50000000000024203e-01 0.00000000000000000e+00 14 4.15465490351907007e+01
2 0 0 13 2.49999999999953593e-01 7.50000000000024203e-01 0.00000000000000000e+00 15 4.27275288807644671e+01
2 0 0 13 2.49999999999953593e-01 7.50000000000024203e-01 0.00000000000000000e+00 16 4.69733248366068707e+01
2 0 0 13 2.49999999999953593e-01 7.50000000000024203e-01 0.00000000000000000e+00 17 5.19442335847616476e+01
2 0 0 13 2.49999999999953593e-01 7.50000000000024203e-01 0.00000000000000000e+00 18 5.64549429715654085e+01
2 0 0 13 2.49999999999953593e-01 7.50000000000024203e-01 0.00000000000000000e+00 19 9.20979520560880900e+01
2 0 0 13 2.49999999999953593e-01 7.50000000000024203e-01 0.00000000000000000e+00 20 1.14797393141858564e+02
2 0 0 13 2.49999999999953593e-01 7.50000000000024203e-01 0.00000000000000000e+00 21 2.38291384969810792e+02
2 0 0 13 2.49999999999953593e-01 7.50000000000024203e-01 0.00000000000000000e+00 22 7.73886295136392050e+02
2 0 0 13 2.49999999999953593e-01 7.50000000000024203e-01 0.00000000000000000e+00 23 1.10339727962487564e+03
2 0 0 13 2.49999999999953593e-01 7.50000000000024203e-01 0.00000000000000000e+00 24 1.76042922560623151e+03
2 0 0 13 2.49999999999953593e-01 7.50000000000024203e-01 0.00000000000000000e+00 25 3.27470675573485369e+03
2 0 0 14 4.99999999999989009e-01 7.50000000000024314e-01 0.00000000000000000e+00 0 -8.94021987821538566e+00
2 0 0 14 4.99999999999989009e-01 7.50000000000024314e-01 0.00000000000000000e+00 1 4.95162830178675697e-02
2 0 0 14 4.99999999999989009e-01 7.50000000000024314e-01 0.00000000000000000e+00 2 4.33383934616205924e+00
2 0 0 14 4.99999999999989009e-01 7.50000000000024314e-01 0.00000000000000000e+00 3 5.96656943502426174e+00
2 0 0 14 4.99999999999989009e-01 7.50000000000024314e-01 0.00000000000000000e+00 4 1.26994601478161702e+01
2 0 0 14 4.99999999999989009e-01 7.50000000000024314e-01 0.00000000000000000e+00 5 1.58090703110671544e+01
2 0 0 14 4.99999999999989009e-01 7.50000000000024314e-01 0.00000000000000000e+00 6 1.88194326073680251e+01
2 0 0 14 4.99999999999989009e-01 7.50000000000024314e-01 0.00000000000000000e+00 7 1.96289890435771142e+01
2 0 0 14 4.99999999999989009e-01 7.50000000000024314e-01 0.00000000000000000e+00 8 2.55482295053385364e+01
2 0 0 14 4.99999999999989009e-01 7.50000000000024314e-01 0.00000000000000000e+00 9 2.79791647513458557e+01
2 0 0 14 4.99999999999989009e-01 7.50000000000024314e-01 0.00000000000000000e+00 10 2.97782841585550813e+01
2 0 0 14 4.99999999999989009e-01 7.50000000000024314e-01 0.00000000000000000e+00 11 3.12068404202799421e+01
2 0 0 14 4.99999999999989009e-01 7.50000000000024314e-01 0.00000000000000000e+00 12 3.88214594269764532e+01
2 0 0 14 4.99999999999989009e-01 7.50000000000024314e-01 0.00000000000000000e+00 13 3.96760432947915902e+01
2 0 0 14 4.99999999999989009e-01 7.50000000000024314e-01 0.00000000000000000e+00 14 4.07991763192657686e+01
2 0 0 14 4.99999999999989009e-01 7.50000000000024314e-01 0.00000000000000000e+00 15 4.45356283433509859e+01
2 0 0 14 4.99999999999989009e-01 7.50000000000024314e-01 0.00000000000000000e+00 16 5.02197239631656700e+01
2 0 0 14 4.99999999999989009e-01 7.50000000000024314e-01 0.00000000000000000e+00 17 5.10755563191387836e+01
2 0 0 14 4.99999999999989009e-01 7.50000000000024314e-01 0.00000000000000000e+00 18 5.41687299500613335e+01
2 0 0 14 4.99999999999989009e-01 7.50000000000024314e-01 0.00000000000000000e+00 19 7.54785275833387317e+01
2 0 0 14 4.99999999999989009e-01 7.50000000000024314e-01 0.00000000000000000e+00 20 1.28090019464838434e+02
2 0 0 14 4.99999999999989009e-01 7.50000000000024314e-01 0.00000000000000000e+00 21 1.35805723459034141e+02
2 0 0 14 4.99999999999989009e-01 7.50000000000024314e-01 0.00000000000000000e+00 22 9.38621338237244345e+02
2 0 0 14 4.99999999999989009e-01 7.50000000000024314e-01 0.00000000000000000e+00 23 1.11473777911286220e+03
2 0 0 14 4.99999999999989009e-01 7.50000000000024314e-01 0.00000000000000000e+00 24 1.85867521267977327e+03
2 0 0 14 4.99999999999989009e-01 7.50000000000024314e-01 0.00000000000000000e+00 25 3.20241927794307730e+03
2 0 0 15 7.50000000000024203e-01 7.50000000000024203e-01 0.00000000000000000e+00 0 -1.24858223903942704e+01
2 0 0 15 7.50000000000024203e-01 7.50000000000024203e-01 0.00000000000000000e+00 1 3.60782004256717093e+00
2 0 0 15 7.50000000000024203e-01 7.50000000000024203e-01 0.00000000000000000e+00 2 6.77361937368124067e+00
2 0 0 15 7.50000000000024203e-01 7.50000000000024203e-01 0.00000000000000000e+00 3 7.36682915485890266e+00
2 0 0 15 7.50000000000024203e-01 7.50000000000024203e-01 0.00000000000000000e+00 4 1.24956008529356950e+01
2 0 0 15 7.50000000000024203e-01 7.50000000000024203e-01 0.00000000000000000e+00 5 1.54610270695716334e+01
2 0 0 15 7.50000000000024203e-01 7.50000000000024203e-01 0.00000000000000000e+00 6 1.77665244387792995e+01
2 0 0 15 7.50000000000024203e-01 7.50000000000024203e-01 0.00000000000000000e+00 7 1.83495097859147585e+01
2 0 0 15 7.50000000000024203e-01 7.50000000000024203e-01 0.00000000000000000e+00 8 2.23264256041096338e+01
2 0 0 15 7.50000000000024203e-01 7.50000000000024203e-01 0.00000000000000000e+00 9 2.55637367500795776e+01
2 0 0 15 7.50000000000024203e-01 7.50000000000024203e-01 0.00000000000000000e+00 10 3.17095324779277838e+01
2 0 0 15 7.50000000000024203e-01 7.50000000000024203e-01 0.00000000000000000e+00 11 3.18875554415392166e+01
2 0 0 15 7.50000000000024203e-01 7.50000000000024203e-01 0.00000000000000000e+00 12 3.64309261397661146e+01
2 0 0 15 7.50000000000024203e-01 7.50000000000024203e-01 0.00000000000000000e+00 13 4.04562633271500829e+01
2 0 0 15 7.50000000000024203e-01 7.50000000000024203e-01 0.00000000000000000e+00 14 4.28545685086347916e+01
2 0 0 15 7.50000000000024203e-01 7.50000000000024203e-01 0.00000000000000000e+00 15 4.67337724826258665e+01
2 0 0 15 7.50000000000024203e-01 7.50000000000024203e-01 0.00000000000000000e+00 16 4.96287122206074969e+01
2 0 0 15 7.50000000000024203e-01 7.50000000000024203e-01 0.00000000000000000e+00 17 5.10046487859229529e+01
2 0 0 15 7.50000000000024203e-01 7.50000000000024203e-01 0.00000000000000000e+00 18 6.04460078391889368e+01
2 0 0 15 7.50000000000024203e-01 7.50000000000024203e-01 0.00000000000000000e+00 19 1.42702968079390644e+02
2 0 0 15 7.50000000000024203e-01 7.50000000000024203e-01 0.00000000000000000e+00 20 1.51447373983223542e+02
2 0 0 15 7.50000000000024203e-01 7.50000000000024203e-01 0.00000000000000000e+00 21 2.96880184780277716e+02
2 0 0 15 7.50000000000024203e-01 7.50000000000024203e-01 0.00000000000000000e+00 22 7.25360908000221116e+02
2 0 0 15 7.50000000000024203e-01 7.50000000000024203e-01 0.00000000000000000e+00 23 1.44068867113473084e+03
2 0 0 15 7.50000000000024203e-01 7.50000000000024203e-01 0.00000000000000000e+00 24 1.75055105569763600e+03
2 0 0 15 7.50000000000024203e-01 7.50000000000024203e-01 0.00000000000000000e+00 25 2.04143765057723726e+03
2 0 0 16 0.00000000000000000e+00 0.00000000000000000e+00 2.50000000000035305e-01 0 -1.19284243636896701e+01
2 0 0 16 0.00000000000000000e+00 0.00000000000000000e+00 2.50000000000035305e-01 1 3.89062842209495674e+00
2 0 0 16 0.00000000000000000e+00 0.00000000000000000e+00 2.50000000000035305e-01 2 7.06079758833833360e+00
2 0 0 16 0.00000000000000000e+00 0.00000000000000000e+00 2.50000000000035305e-01 3 7.50506518407223666e+00
2 0 0 16 0.00000000000000000e+00 0.00000000000000000e+00 2.50000000000035305e-01 4 1.32521067788636540e+01
2 0 0 16 0.00000000000000000e+00 0.00000000000000000e+00 2.50000000000035305e-01 5 1.50781052876893913e+01
2 0 0 16 0.00000000000000000e+00 0.00000000000000000e+00 2.50000000000035305e-01 6 1.55008731003713276e+01
2 0 0 16 0.00000000000000000e+00 0.00000000000000000e+00 2.50000000000035305e-01 7 2.00123916407572970e+01
2 0 0 16 0.00000000000000000e+00 0.00000000000000000e+00 2.50000000000035305e-01 8 2.01725865153245927e+01
2 0 0 16 0.00000000000000000e+00 0.00000000000000000e+00 2.50000000000035305e-01 9 2.34576203659209348e+01
2 0 0 16 0.00000000000000000e+00 0.00000000000000000e+00 2.50000000000035305e-01 10 3.25882683132704827e+01
2 0 0 16 0.00000000000000000e+00 0.00000000000000000e+00 2.50000000000035305e-01 11 3.36492177182093926e+01
2 0 0 16 0.00000000000000000e+00 0.00000000000000000e+00 2.50000000000035305e-01 12 3.52620950196206522e+01
2 0 0 16 0.00000000000000000e+00 0.00000000000000000e+00 2.50000000000035305e-01 13 3.72397498879736943e+01
2 0 0 16 0.00000000000000000e+00 0.00000000000000000e+00 2.50000000000035305e-01 14 4.40585295231171656e+01
2 0 0 16 0.00000000000000000e+00 0.00000000000000000e+00 2.50000000000035305e-01 15 4.52844900252423415e+01
2 0 0 16 0.00000000000000000e+00 0.00000000000000000e+00 2.50000000000035305e-01 16 5.20613473591135261e+01
2 0 0 16 0.00000000000000000e+00 0.00000000000000000e+00 2.50000000000035305e-01 17 5.40100119800433376e+01
2 0 0 16 0.00000000000000000e+00 0.00000000000000000e+00 2.50000000000035305e-01 18 5.54442686432486482e+01
2 0 0 16 0.00000000000000000e+00 0.00000000000000000e+00 2.50000000000035305e-01 19 1.20796163575993816e+02
2 0 0 16 0.00000000000000000e+00 0.00000000000000000e+00 2.50000000000035305e-01 20 3.40540784287617555e+02
2 0 0 16 0.00000000000000000e+00 0.00000000000000000e+00 2.50000000000035305e-01 21 3.65537270247216384e+02
2 0 0 16 0.00000000000000000e+00 0.00000000000000000e+00 2.50000000000035305e-01 22 9.04977479602208291e+02
2 0 0 16 0.00000000000000000e+00 0.00000000000000000e+00 2.50000000000035305e-01 23 9.34030177801920217e+02
2 0 0 16 0.00000000000000000e+00 0.00000000000000000e+00 2.50000000000035305e-01 24 1.46558110108083042e+03
2 0 0 16 0.00000000000000000e+00 0.00000000000000000e+00 2.50000000000035305e-01 25 2.83659556975752412e+03
2 0 0 17 2.50000000000035305e-01 0.00000000000000000e+00 2.50000000000035305e-01 0 -1.15756723682860745e+01
2 0 0 17 2.50000000000035305e-01 0.00000000000000000e+00 2.50000000000035305e-01 1 3.73694706012584277e+00
2 0 0 17 2.50000000000035305e-01 0.00000000000000000e+00 2.50000000000035305e-01 2 6.09566184263413113e+00
2 0 0 17 2.50000000000035305e-01 0.00000000000000000e+00 2.50000000000035305e-01 3 6.99024338916587595e+00
2 0 0 17 2.50000000000035305e-01 0.00000000000000000e+00 2.50000000000035305e-01 4 1.24221687335500288e+01
2 0 0 17 2.50000000000035305e-01 0.00000000000000000e+00 2.50000000000035305e-01 5 1.57786445225138401e+01
2 0 0 17 2.50000000000035305e-01 0.00000000000000000e+00 2.50000000000035305e-01 6 1.78087474849708123e+01
2 0 0 17 2.50000000000035305e-01 0.00000000000000000e+00 2.50000000000035305e-01 7 1.90449168804995779e+01
2 0 0 17 2.50000000000035305e-01 0.00000000000000000e+00 2.50000000000035305e-01 8 2.20973892399563638e+01
2 0 0 17 2.50000000000035305e-01 0.00000000000000000e+00 2.50000000000035305e-01 9 2.54089630600673324e+01
2 0 0 17 2.50000000000035305e-01 0.00000000000000000e+00 2.50000000000035305e-01 10 3.11745549497763648e+01
2 0 0 17 2.50000000000035305e-01 0.00000000000000000e+00 2.50000000000035305e-01 11 3.30725827645276311e+01
2 0 0 17 2.50000000000035305e-01 0.00000000000000000e+00 2.50000000000035305e-01 12 3.57273718018243258e+01
2 0 0 17 2.50000000000035305e-01 0.00000000000000000e+00 2.50000000000035305e-01 13 3.99896895122543796e+01
2 0 0 17 2.50000000000035305e-01 0.00000000000000000e+00 2.50000000000035305e-01 14 4.27547725304009063e+01
2 0 0 17 2.50000000000035305e-01 0.00000000000000000e+00 2.50000000000035305e-01 15 4.65436008758437509e+01
2 0 0 17 2.50000000000035305e-01 0.00000000000000000e+00 2.50000000000035305e-01 16 5.03005588010178073e+01
2 0 0 17 2.50000000000035305e-01 0.00000000000000000e+00 2.50000000000035305e-01 17 5.19344705687610073e+01
2 0 0 17 2.50000000000035305e-01 0.00000000000000000e+00 2.50000000000035305e-01 18 5.94470787786195558e+01
2 0 0 17 2.50000000000035305e-01 0.00000000000000000e+00 2.50000000000035305e-01 19 1.38934919660602674e+02
2 0 0 17 2.50000000000035305e-01 0.00000000000000000e+00 2.50000000000035305e-01 20 1.59813074429208569e+02
2 0 0 17 2.50000000000035305e-01 0.00000000000000000e+00 2.50000000000035305e-01 21 2.90807308140038060e+02
2 0 0 17 2.50000000000035305e-01 0.00000000000000000e+00 2.50000000000035305e-01 22 7.09912932072568537e+02
2 0 0 17 2.50000000000035305e-01 0.00000000000000000e+00 2.50000000000035305e-01 23 1.67063367475965742e+03
2 0 0 17 2.50000000000035305e-01 0.00000000000000000e+00 2.50000000000035305e-01 24 1.71451877336807365e+03
2 0 0 17 2.50000000000035305e-01 0.00000000000000000e+00 2.50000000000035305e-01 25 2.04526802120921275e+03
2 0 0 18 4.99999999999988953e-01 0.00000000000000000e+00 2.49999999999953648e-01 0 -7.76187773651013657e+00
2 0 0 18 4.99999999999988953e-01 0.00000000000000000e+00 2.49999999999953648e-01 1 -3.12316325355291136e-01
2 0 0 18 4.99999999999988953e-01 0.00000000000000000e+00 2.49999999999953648e-01 2 4.43367699725490372e+00
2 0 0 18 4.99999999999988953e-01 0.00000000000000000e+00 2.49999999999953648e-01 3 6.12862452032130456e+00
2 0 0 18 4.99999999999988953e-01 0.00000000000000000e+00 2.49999999999953648e-01 4 1.28247415995762974e+01
2 0 0 18 4.99999999999988953e-01 0.00000000000000000e+00 2.49999999999953648e-01 5 1.57945421149863048e+01
2 0 0 18 4.99999999999988953e-01 0.00000000000000000e+00 2.49999999999953648e-01 6 1.84801486863463218e+01
2 0 0 18 4.99999999999988953e-01 0.00000000000000000e+00 2.49999999999953648e-01 7 1.99128082767157117e+01
2 0 0 18 4.99999999999988953e-01 0.00000000000000000e+00 2.49999999999953648e-01 8 2.54381218996653722e+01
2 0 0 18 4.99999999999988953e-01 0.00000000000000000e+00 2.49999999999953648e-01 9 2.74504414330133564e+01
2 0 0 18 4.99999999999988953e-01 0.00000000000000000e+00 2.49999999999953648e-01 10 2.98950153202346129e+01
2 0 0 18 4.99999999999988953e-01 0.00000000000000000e+00 2.49999999999953648e-01 11 3.06807795130148300e+01
2 0 0 18 4.99999999999988953e-01 0.00000000000000000e+00 2.49999999999953648e-01 12 3.89778287691732359e+01
2 0 0 18 4.99999999999988953e-01 0.00000000000000000e+00 2.49999999999953648e-01 13 3.95070706293254048e+01
2 0 0 18 4.99999999999988953e-01 0.00000000000000000e+00 2.49999999999953648e-01 14 3.99989473350581264e+01
2 0 0 18 4.99999999999988953e-01 0.00000000000000000e+00 2.49999999999953648e-01 15 4.47493049479823100e+01
2 0 0 18 4.99999999999988953e-01 0.00000000000000000e+00 2.49999999999953648e-01 16 4.94378814168582608e+01
2 0 0 18 4.99999999999988953e-01 0.00000000000000000e+00 2.49999999999953648e-01 17 5.15755084994536190e+01
2 0 0 18 4.99999999999988953e-01 0.00000000000000000e+00 2.49999999999953648e-01 18 5.43261556809825805e+01
2 0 0 18 4.99999999999988953e-01 0.00000000000000000e+00 2.49999999999953648e-01 19 7.58291217180417902e+01
2 0 0 18 4.99999999999988953e-01 0.00000000000000000e+00 2.49999999999953648e-01 20 1.22394057901998664e+02
2 0 0 18 4.99999999999988953e-01 0.00000000000000000e+00 2.49999999999953648e-01 21 1.36719041387109115e+02
2 0 0 18 4.99999999999988953e-01 0.00000000000000000e+00 2.49999999999953648e-01 22 9.09337464500553779e+02
2 0 0 18 4.99999999999988953e-01 0.00000000000000000e+00 2.49999999999953648e-01 23 1.11476647853889426e+03
2 0 0 18 4.99999999999988953e-01 0.00000000000000000e+00 2.49999999999953648e-01 24 1.95914212690263071e+03
2 0 0 18 4.99999999999988953e-01 0.00000000000000000e+00 2.49999999999953648e-01 25 3.15582213155696991e+03
2 0 0 19 7.50000000000024203e-01 0.00000000000000000e+00 2.49999999999953593e-01 0 -9.41702035192750841e+00
2 0 0 19 7.50000000000024203e-01 0.00000000000000000e+00 2.49999999999953593e-01 1 1.35471077996018319e+00
2 0 0 19 7.50000000000024203e-01 0.00000000000000000e+00 2.49999999999953593e-01 2 4.09028956891841666e+00
2 0 0 19 7.50000000000024203e-01 0.00000000000000000e+00 2.49999999999953593e-01 3 6.83823270645169945e+00
2 0 0 19 7.50000000000024203e-01 0.00000000000000000e+00 2.49999999999953593e-01 4 1.48228096251905530e+01
2 0 0 19 7.50000000000024203e-01 0.00000000000000000e+00 2.49999999999953593e-01 5 1.59639296069329149e+01
2 0 0 19 7.50000000000024203e-01 0.00000000000000000e+00 2.49999999999953593e-01 6 1.70351314189543679e+01
2 0 0 19 7.50000000000024203e-01 0.00000000000000000e+00 2.49999999999953593e-01 7 1.89140531958952351e+01
2 0 0 19 7.50000000000024203e-01 0.00000000000000000e+00 2.49999999999953593e-01 8 2.05234283434670282e+01
2 0 0 19 7.50000000000024203e-01 0.00000000000000000e+00 2.49999999999953593e-01 9 2.69113619223631346e+01
2 0 0 19 7.50000000000024203e-01 0.00000000000000000e+00 2.49999999999953593e-01 10 3.14348976801515825e+01
2 0 0 19 7.50000000000024203e-01 0.00000000000000000e+00 2.49999999999953593e-01 11 3.59249866527611346e+01
2 0 0 19 7.50000000000024203e-01 0.00000000000000000e+00 2.49999999999953593e-01 12 3.72149581596735501e+01
2 0 0 19 7.50000000000024203e-01 0.00000000000000000e+00 2.49999999999953593e-01 13 3.98768191478430793e+01
2 0 0 19 7.50000000000024203e-01 0.00000000000000000e+00 2.49999999999953593e-01 14 4.09025103796964657e+01
2 0 0 19 7.50000000000024203e-01 0.00000000000000000e+00 2.49999999999953593e-01 15 4.29654221454901588e+01
2 0 0 19 7.50000000000024203e-01 0.00000000000000000e+00 2.49999999999953593e-01 16 4.52192751531009662e+01
2 0 0 19 7.50000000000024203e-01 0.00000000000000000e+00 2.49999999999953593e-01 17 5.17069286348384978e+01
2 0 0 19 7.50000000000024203e-01 0.00000000000000000e+00 2.49999999999953593e-01 18 5.52284699524004452e+01
2 0 0 19 7.50000000000024203e-01 0.00000000000000000e+00 2.49999999999953593e-01 19 9.02016903708111073e+01
2 0 0 19 7.50000000000024203e-01 0.00000000000000000e+00 2.49999999999953593e-01 20 1.08056115143533646e+02
2 0 0 19 7.50000000000024203e-01 0.00000000000000000e+00 2.49999999999953593e-01 21 2.48690853882110531e+02
2 0 0 19 7.50000000000024203e-01 0.00000000000000000e+00 2.49999999999953593e-01 22 7.83142452760844208e+02
2 0 0 19 7.50000000000024203e-01 0.00000000000000000e+00 2.49999999999953593e-01 23 1.08888187882163675e+03
2 0 0 19 7.50000000000024203e-01 0.00000000000000000e+00 2.49999999999953593e-01 24 1.80107165840381958e+03
2 0 0 19 7.50000000000024203e-01 0.00000000000000000e+00 2.49999999999953593e-01 25 3.24978237666270525e+03
2 0 0 20 0.00000000000000000e+00 2.50000000000035305e-01 2.50000000000035305e-01 0 -1.15055688677650512e+01
2 0 0 20 0.00000000000000000e+00 2.50000000000035305e-01 2.50000000000035305e-01 1 4.07664380379365721e+00
2 0 0 20 0.00000000000000000e+00 2.50000000000035305e-01 2.50000000000035305e-01 2 5.93074012621425428e+00
2 0 0 20 0.00000000000000000e+00 2.50000000000035305e-01 2.50000000000035305e-01 3 6.90485061824695912e+00
2 0 0 20 0.00000000000000000e+00 2.50000000000035305e-01 2.50000000000035305e-01 4 1.17988467025863901e+01
2 0 0 20 0.00000000000000000e+00 2.50000000000035305e-01 2.50000000000035305e-01 5 1.57847914940629153e+01
2 0 0 20 0.00000000000000000e+00 2.50000000000035305e-01 2.50000000000035305e-01 6 1.80080041087800886e+01
2 0 0 20 0.00000000000000000e+00 2.50000000000035305e-01 2.50000000000035305e-01 7 1.89716908960027908e+01
2 0 0 20 0.00000000000000000e+00 2.50000000000035305e-01 2.50000000000035305e-01 8 2.20964418114281358e+01
2 0 0 20 0.00000000000000000e+00 2.50000000000035305e-01 2.50000000000035305e-01 9 2.59045060459024441e+01
2 0 0 20 0.00000000000000000e+00 2.50000000000035305e-01 2.50000000000035305e-01 10 3.14512117118478152e+01
2 0 0 20 0.00000000000000000e+00 2.50000000000035305e-01 2.50000000000035305e-01 11 3.32881390704535747e+01
2 0 0 20 0.00000000000000000e+00 2.50000000000035305e-01 2.50000000000035305e-01 12 3.51941454161114464e+01
2 0 0 20 0.00000000000000000e+00 2.50000000000035305e-01 2.50000000000035305e-01 13 3.99247340910738018e+01
2 0 0 20 0.00000000000000000e+00 2.50000000000035305e-01 2.50000000000035305e-01 14 4.27487394910111647e+01
2 0 0 20 0.00000000000000000e+00 2.50000000000035305e-01 2.50000000000035305e-01 15 4.67467718514659367e+01
2 0 0 20 0.00000000000000000e+00 2.50000000000035305e-01 2.50000000000035305e-01 16 5.01232960601374415e+01
2 0 0 20 0.00000000000000000e+00 2.50000000000035305e-01 2.50000000000035305e-01 17 5.22325364480248879e+01
2 0 0 20 0.00000000000000000e+00 2.50000000000035305e-01 2.50000000000035305e-01 18 5.84361895877910413e+01
2 0 0 20 0.00000000000000000e+00 2.50000000000035305e-01 2.50000000000035305e-01 19 1.48288933156251346e+02
2 0 0 20 0.00000000000000000e+00 2.50000000000035305e-01 2.50000000000035305e-01 20 1.53458583517101403e+02
2 0 0 20 0.00000000000000000e+00 2.50000000000035305e-01 2.50000000000035305e-01 21 2.97296700987319639e+02
2 0 0 20 0.00000000000000000e+00 2.50000000000035305e-01 2.50000000000035305e-01 22 7.08471600864050060e+02
2 0 0 20 0.00000000000000000e+00 2.50000000000035305e-01 2.50000000000035305e-01 23 1.57951192657161619e+03
2 0 0 20 0.00000000000000000e+00 2.50000000000035305e-01 2.50000000000035305e-01 24 1.72018299915727130e+03
2 0 0 20 0.00000000000000000e+00 2.50000000000035305e-01 2.50000000000035305e-01 25 2.05083175663512429e+03
2 0 0 21 2.50000000000035305e-01 2.50000000000035305e-01 2.50000000000035305e-01 0 -1.21029763054099302e+01
2 0 0 21 2.50000000000035305e-01 2.50000000000035305e-01 2.50000000000035305e-01 1 3.90129788868380700e+00
2 0 0 21 2.50000000000035305e-01 2.50000000000035305e-01 2.50000000000035305e-01 2 6.54338412591796548e+00
2 0 0 21 2.50000000000035305e-01 2.50000000000035305e-01 2.50000000000035305e-01 3 7.61420172925771066e+00
2 0 0 21 2.50000000000035305e-01 2.50000000000035305e-01 2.50000000000035305e-01 4 1.36011202028670226e+01
2 0 0 21 2.50000000000035305e-01 2.50000000000035305e-01 2.50000000000035305e-01 5 1.51780880584271998e+01
2 0 0 21 2.50000000000035305e-01 2.50000000000035305e-01 2.50000000000035305e-01 6 1.55448795003174460e+01
2 0 0 21 2.50000000000035305e-01 2.50000000000035305e-01 2.50000000000035305e-01 7 1.98316336809373013e+01
2 0 0 21 2.50000000000035305e-01 2.50000000000035305e-01 2.50000000000035305e-01 8 2.00805624633004918e+01
2 0 0 21 2.50000000000035305e-01 2.50000000000035305e-01 2.50000000000035305e-01 9 2.37039437203274304e+01
2 0 0 21 2.50000000000035305e-01 2.50000000000035305e-01 2.50000000000035305e-01 10 3.24068134934547203e+01
2 0 0 21 2.50000000000035305e-01 2.50000000000035305e-01 2.50000000000035305e-01 11 3.42801695377100870e+01
2 0 0 21 2.50000000000035305e-01 2.50000000000035305e-01 2.50000000000035305e-01 12 3.50801197527877449e+01
2 0 0 21 2.50000000000035305e-01 2.50000000000035305e-01 2.50000000000035305e-01 13 3.78603730996366394e+01
2 0 0 21 2.50000000000035305e-01 2.50000000000035305e-01 2.50000000000035305e-01 14 4.50544315685625207e+01
2 0 0 21 2.50000000000035305e-01 2.50000000000035305e-01 2.50000000000035305e-01 15 4.55003313732252650e+01
2 0 0 21 2.50000000000035305e-01 2.50000000000035305e-01 2.50000000000035305e-01 16 5.30879053805383521e+01
2 0 0 21 2.50000000000035305e-01 2.50000000000035305e-01 2.50000000000035305e-01 17 5.43815616239148483e+01
2 0 0 21 2.50000000000035305e-01 2.50000000000035305e-01 2.50000000000035305e-01 18 5.51005196975342031e+01
2 0 0 21 2.50000000000035305e-01 2.50000000000035305e-01 2.50000000000035305e-01 19 1.23581025235583695e+02
2 0 0 21 2.50000000000035305e-01 2.50000000000035305e-01 2.50000000000035305e-01 20 3.36735849037651519e+02
2 0 0 21 2.50000000000035305e-01 2.50000000000035305e-01 2.50000000000035305e-01 21 3.60614422870654550e+02
2 0 0 21 2.50000000000035305e-01 2.50000000000035305e-01 2.50000000000035305e-01 22 8.38963476034843438e+02
2 0 0 21 2.50000000000035305e-01 2.50000000000035305e-01 2.50000000000035305e-01 23 8.98073388143327520e+02
2 0 0 21 2.50000000000035305e-01 2.50000000000035305e-01 2.50000000000035305e-01 24 1.42960525786318431e+03
2 0 0 21 2.50000000000035305e-01 2.50000000000035305e-01 2.50000000000035305e-01 25 2.79345348056242619e+03
2 0 0 22 5.00000000000070610e-01 2.50000000000035305e-01 2.50000000000035305e-01 0 -9.58586212869005116e+00
2 0 0 22 5.00000000000070610e-01 2.50000000000035305e-01 2.50000000000035305e-01 1 1.59778114329265009e+00
2 0 0 22 5.00000000000070610e-01 2.50000000000035305e-01 2.50000000000035305e-01 2 4.60586486347723678e+00
2 0 0 22 5.00000000000070610e-01 2.50000000000035305e-01 2.50000000000035305e-01 3 6.34370949393026695e+00
2 0 0 22 5.00000000000070610e-01 2.50000000000035305e-01 2.50000000000035305e-01 4 1.46007631702818976e+01
2 0 0 22 5.00000000000070610e-01 2.50000000000035305e-01 2.50000000000035305e-01 5 1.59340658902503662e+01
2 0 0 22 5.00000000000070610e-01 2.50000000000035305e-01 2.50000000000035305e-01 6 1.69259696374826980e+01
2 0 0 22 5.00000000000070610e-01 2.50000000000035305e-01 2.50000000000035305e-01 7 1.85375572451054929e+01
2 0 0 22 5.00000000000070610e-01 2.50000000000035305e-01 2.50000000000035305e-01 8 2.15477207155328401e+01
2 0 0 22 5.00000000000070610e-01 2.50000000000035305e-01 2.50000000000035305e-01 9 2.68606048234087282e+01
2 0 0 22 5.00000000000070610e-01 2.50000000000035305e-01 2.50000000000035305e-01 10 3.08880697341473365e+01
2 0 0 22 5.00000000000070610e-01 2.50000000000035305e-01 2.50000000000035305e-01 11 3.53437677998569910e+01
2 0 0 22 5.00000000000070610e-01 2.50000000000035305e-01 2.50000000000035305e-01 12 3.61923703024738117e+01
2 0 0 22 5.00000000000070610e-01 2.50000000000035305e-01 2.50000000000035305e-01 13 3.84500963620546088e+01
2 0 0 22 5.00000000000070610e-01 2.50000000000035305e-01 2.50000000000035305e-01 14 4.16344924490335515e+01
2 0 0 22 5.00000000000070610e-01 2.50000000000035305e-01 2.50000000000035305e-01 15 4.39202164036545852e+01
2 0 0 22 5.00000000000070610e-01 2.50000000000035305e-01 2.50000000000035305e-01 16 4.68839907652051977e+01
2 0 0 22 5.00000000000070610e-01 2.50000000000035305e-01 2.50000000000035305e-01 17 5.14269134958654135e+01
2 0 0 22 5.00000000000070610e-01 2.50000000000035305e-01 2.50000000000035305e-01 18 5.53983161663966683e+01
2 0 0 22 5.00000000000070610e-01 2.50000000000035305e-01 2.50000000000035305e-01 19 9.15467004021632391e+01
2 0 0 22 5.00000000000070610e-01 2.50000000000035305e-01 2.50000000000035305e-01 20 1.11844930162992497e+02
2 0 0 22 5.00000000000070610e-01 2.50000000000035305e-01 2.50000000000035305e-01 21 2.35651703052177481e+02
2 0 0 22 5.00000000000070610e-01 2.50000000000035305e-01 2.50000000000035305e-01 22 7.77552319826412145e+02
2 0 0 22 5.00000000000070610e-01 2.50000000000035305e-01 2.50000000000035305e-01 23 1.06828152487521652e+03
2 0 0 22 5.00000000000070610e-01 2.50000000000035305e-01 2.50000000000035305e-01 24 1.80963886454537601e+03
2 0 0 22 5.00000000000070610e-01 2.50000000000035305e-01 2.50000000000035305e-01 25 3.25296671757512968e+03
2 0 0 23 7.49999999999942601e-01 2.49999999999953648e-01 2.49999999999953648e-01 0 -7.65674714596738770e+00
2 0 0 23 7.49999999999942601e-01 2.49999999999953648e-01 2.49999999999953648e-01 1 -4.73914792198005114e-02
2 0 0 23 7.49999999999942601e-01 2.49999999999953648e-01 2.49999999999953648e-01 2 4.36740216269698944e+00
2 0 0 23 7.49999999999942601e-01 2.49999999999953648e-01 2.49999999999953648e-01 3 5.83426773900428142e+00
2 0 0 23 7.49999999999942601e-01 2.49999999999953648e-01 2.49999999999953648e-01 4 1.27830341494161264e+01
2 0 0 23 7.49999999999942601e-01 2.49999999999953648e-01 2.49999999999953648e-01 5 1.58648282058310794e+01
2 0 0 23 7.49999999999942601e-01 2.49999999999953648e-01 2.49999999999953648e-01 6 1.82410899483582121e+01
2 0 0 23 7.49999999999942601e-01 2.49999999999953648e-01 2.49999999999953648e-01 7 1.89154186254521370e+01
2 0 0 23 7.49999999999942601e-01 2.49999999999953648e-01 2.49999999999953648e-01 8 2.56484338009739901e+01
2 0 0 23 7.49999999999942601e-01 2.49999999999953648e-01 2.49999999999953648e-01 9 2.81450628352852306e+01
2 0 0 23 7.49999999999942601e-01 2.49999999999953648e-01 2.49999999999953648e-01 10 2.95100340129131453e+01
2 0 0 23 7.49999999999942601e-01 2.49999999999953648e-01 2.49999999999953648e-01 11 3.13306070638325131e+01
2 0 0 23 7.49999999999942601e-01 2.49999999999953648e-01 2.49999999999953648e-01 12 3.84057296187388602e+01
2 0 0 23 7.49999999999942601e-01 2.49999999999953648e-01 2.49999999999953648e-01 13 3.93999096738095034e+01
2 0 0 23 7.49999999999942601e-01 2.49999999999953648e-01 2.49999999999953648e-01 14 4.04326564808829261e+01
2 0 0 23 7.49999999999942601e-01 2.49999999999953648e-01 2.49999999999953648e-01 15 4.47019234140065223e+01
2 0 0 23 7.49999999999942601e-01 2.49999999999953648e-01 2.49999999999953648e-01 16 4.99673508385678318e+01
2 0 0 23 7.49999999999942601e-01 2.49999999999953648e-01 2.49999999999953648e-01 17 5.09768775536481229e+01
2 0 0 23 7.49999999999942601e-01 2.49999999999953648e-01 2.49999999999953648e-01 18 5.47197569122311336e+01
2 0 0 23 7.49999999999942601e-01 2.49999999999953648e-01 2.49999999999953648e-01 19 7.63622525406378969e+01
2 0 0 23 7.49999999999942601e-01 2.49999999999953648e-01 2.49999999999953648e-01 20 1.26171841895186589e+02
2 0 0 23 7.49999999999942601e-01 2.49999999999953648e-01 2.49999999999953648e-01 21 1.35499110707535067e+02
2 0 0 23 7.49999999999942601e-01 2.49999999999953648e-01 2.49999999999953648e-01 22 8.89644396027598759e+02
2 0 0 23 7.49999999999942601e-01 2.49999999999953648e-01 2.49999999999953648e-01 23 1.10166693636012155e+03
2 0 0 23 7.49999999999942601e-01 2.49999999999953648e-01 2.49999999999953648e-01 24 1.88963678523551266e+03
2 0 0 23 7.49999999999942601e-01 2.49999999999953648e-01 2.49999999999953648e-01 25 3.36533269991559973e+03
2 0 0 24 0.00000000000000000e+00 4.99999999999988953e-01 2.49999999999953648e-01 0 -7.59323025058404344e+00
2 0 0 24 0.00000000000000000e+00 4.99999999999988953e-01 2.49999999999953648e-01 1 -3.90471449745096733e-01
2 0 0 24 0.00000000000000000e+00 4.99999999999988953e-01 2.49999999999953648e-01 2 4.29648764362329949e+00
2 0 0 24 0.00000000000000000e+00 4.99999999999988953e-01 2.49999999999953648e-01 3 6.12944842653190314e+00
2 0 0 24 0.00000000000000000e+00 4.99999999999988953e-01 2.49999999999953648e-01 4 1.31392956651028445e+01
2 0 0 24 0.00000000000000000e+00 4.99999999999988953e-01 2.49999999999953648e-01 5 1.56079093038474586e+01
2 0 0 24 0.00000000000000000e+00 4.99999999999988953e-01 2.49999999999953648e-01 6 1.83639465032702098e+01
2 0 0 24 0.00000000000000000e+00 4.99999999999988953e-01 2.49999999999953648e-01 7 2.00320430702831658e+01
2 0 0 24 0.00000000000000000e+00 4.99999999999988953e-01 2.49999999999953648e-01 8 2.53248080791618619e+01
2 0 0 24 0.00000000000000000e+00 4.99999999999988953e-01 2.49999999999953648e-01 9 2.71154999810485329e+01
2 0 0 24 0.00000000000000000e+00 4.99999999999988953e-01 2.49999999999953648e-01 10 2.97658970789124346e+01
2 0 0 24 0.00000000000000000e+00 4.99999999999988953e-01 2.49999999999953648e-01 11 3.14466095871589850e+01
2 0 0 24 0.00000000000000000e+00 4.99999999999988953e-01 2.49999999999953648e-01 12 3.83364103775784031e+01
2 0 0 24 0.00000000000000000e+00 4.99999999999988953e-01 2.49999999999953648e-01 13 3.99930301695912149e+01
2 0 0 24 0.00000000000000000e+00 4.99999999999988953e-01 2.49999999999953648e-01 14 4.07717077375480130e+01
2 0 0 24 0.00000000000000000e+00 4.99999999999988953e-01 2.49999999999953648e-01 15 4.43966186173172446e+01
2 0 0 24 0.00000000000000000e+00 4.99999999999988953e-01 2.49999999999953648e-01 16 5.00431623704243975e+01
2 0 0 24 0.00000000000000000e+00 4.99999999999988953e-01 2.49999999999953648e-01 17 5.16749369515640709e+01
2 0 0 24 0.00000000000000000e+00 4.99999999999988953e-01 2.49999999999953648e-01 18 5.38087544843283467e+01
2 0 0 24 0.00000000000000000e+00 4.99999999999988953e-01 2.49999999999953648e-01 19 7.44997277183288560e+01
2 0 0 24 0.00000000000000000e+00 4.99999999999988953e-01 2.49999999999953648e-01 20 1.22286486116831369e+02
2 0 0 24 0.00000000000000000e+00 4.99999999999988953e-01 2.49999999999953648e-01 21 1.32698933121933123e+02
2 0 0 24 0.00000000000000000e+00 4.99999999999988953e-01 2.49999999999953648e-01 22 8.94489295582732666e+02
2 0 0 24 0.00000000000000000e+00 4.99999999999988953e-01 2.49999999999953648e-01 23 1.08370747818910354e+03
2 0 0 24 0.00000000000000000e+00 4.99999999999988953e-01 2.49999999999953648e-01 24 1.99741300301129559e+03
2 0 0 24 0.00000000000000000e+00 4.99999999999988953e-01 2.49999999999953648e-01 25 3.25582390906770070e+03
2 0 0 25 2.50000000000035305e-01 5.00000000000070610e-01 2.50000000000035305e-01 0 -9.77145815662237638e+00
2 0 0 25 2.50000000000035305e-01 5.00000000000070610e-01 2.50000000000035305e-01 1 1.56652517395275237e+00
2 0 0 25 2.50000000000035305e-01 5.00000000000070610e-01 2.50000000000035305e-01 2 4.47307181687875222e+00
2 0 0 25 2.50000000000035305e-01 5.00000000000070610e-01 2.50000000000035305e-01 3 6.68917750895070640e+00
2 0 0 25 2.50000000000035305e-01 5.00000000000070610e-01 2.50000000000035305e-01 4 1.47646232429514424e+01
2 0 0 25 2.50000000000035305e-01 5.00000000000070610e-01 2.50000000000035305e-01 5 1.59437869338845193e+01
2 0 0 25 2.50000000000035305e-01 5.00000000000070610e-01 2.50000000000035305e-01 6 1.70964046286294611e+01
2 0 0 25 2.50000000000035305e-01 5.00000000000070610e-01 2.50000000000035305e-01 7 1.90408555556017767e+01
2 0 0 25 2.50000000000035305e-01 5.00000000000070610e-01 2.50000000000035305e-01 8 2.11897740659712426e+01
2 0 0 25 2.50000000000035305e-01 5.00000000000070610e-01 2.50000000000035305e-01 9 2.66925807340213801e+01
2 0 0 25 2.50000000000035305e-01 5.00000000000070610e-01 2.50000000000035305e-01 10 3.14187849618553123e+01
2 0 0 25 2.50000000000035305e-01 5.00000000000070610e-01 2.50000000000035305e-01 11 3.50829670036453436e+01
2 0 0 25 2.50000000000035305e-01 5.00000000000070610e-01 2.50000000000035305e-01 12 3.66932223708183898e+01
2 0 0 25 2.50000000000035305e-01 5.00000000000070610e-01 2.50000000000035305e-01 13 3.76385176614822612e+01
2 0 0 25 2.50000000000035305e-01 5.00000000000070610e-01 2.50000000000035305e-01 14 4.03641613105801511e+01
2 0 0 25 2.50000000000035305e-01 5.00000000000070610e-01 2.50000000000035305e-01 15 4.40849035556995545e+01
2 0 0 25 2.50000000000035305e-01 5.00000000000070610e-01 2.50000000000035305e-01 16 4.65927254339630750e+01
2 0 0 25 2.50000000000035305e-01 5.00000000000070610e-01 2.50000000000035305e-01 17 5.16924771080543763e+01
2 0 0 25 2.50000000000035305e-01 5.00000000000070610e-01 2.50000000000035305e-01 18 5.61305792987209529e+01
2 0 0 25 2.50000000000035305e-01 5.00000000000070610e-01 2.50000000000035305e-01 19 8.72195854197618701e+01
2 0 0 25 2.50000000000035305e-01 5.00000000000070610e-01 2.50000000000035305e-01 20 1.12426099479271230e+02
2 0 0 25 2.50000000000035305e-01 5.00000000000070610e-01 2.50000000000035305e-01 21 2.46780693738323208e+02
2 0 0 25 2.50000000000035305e-01 5.00000000000070610e-01 2.50000000000035305e-01 22 7.82422464053619819e+02
2 0 0 25 2.50000000000035305e-01 5.00000000000070610e-01 2.50000000000035305e-01 23 1.04718322327448573e+03
2 0 0 25 2.50000000000035305e-01 5.00000000000070610e-01 2.50000000000035305e-01 24 1.74268456844858883e+03
2 0 0 25 2.50000000000035305e-01 5.00000000000070610e-01 2.50000000000035305e-01 25 3.30167059835901364e+03
2 0 0 26 4.99999999999988953e-01 4.99999999999988953e-01 2.50000000000035305e-01 0 -9.08075131248307166e+00
2 0 0 26 4.99999999999988953e-01 4.99999999999988953e-01 2.50000000000035305e-01 1 -1.33060971053264893e-01
2 0 0 26 4.99999999999988953e-01 4.99999999999988953e-01 2.50000000000035305e-01 2 3.99570130841862969e+00
2 0 0 26 4.99999999999988953e-01 4.99999999999988953e-01 2.50000000000035305e-01 3 6.33631974761007033e+00
2 0 0 26 4.99999999999988953e-01 4.99999999999988953e-01 2.50000000000035305e-01 4 1.28725317462278728e+01
2 0 0 26 4.99999999999988953e-01 4.99999999999988953e-01 2.50000000000035305e-01 5 1.54563495840975875e+01
2 0 0 26 4.99999999999988953e-01 4.99999999999988953e-01 2.50000000000035305e-01 6 1.84872709604962289e+01
2 0 0 26 4.99999999999988953e-01 4.99999999999988953e-01 2.50000000000035305e-01 7 1.94481438184662885e+01
2 0 0 26 4.99999999999988953e-01 4.99999999999988953e-01 2.50000000000035305e-01 8 2.59727625612294020e+01
2 0 0 26 4.99999999999988953e-01 4.99999999999988953e-01 2.50000000000035305e-01 9 2.73625566140211056e+01
2 0 0 26 4.99999999999988953e-01 4.99999999999988953e-01 2.50000000000035305e-01 10 2.94162723525300933e+01
2 0 0 26 4.99999999999988953e-01 4.99999999999988953e-01 2.50000000000035305e-01 11 3.11263704580729907e+01
2 0 0 26 4.99999999999988953e-01 4.99999999999988953e-01 2.50000000000035305e-01 12 3.86921467595189554e+01
2 0 0 26 4.99999999999988953e-01 4.99999999999988953e-01 2.50000000000035305e-01 13 4.01595284368184693e+01
2 0 0 26 4.99999999999988953e-01 4.99999999999988953e-01 2.50000000000035305e-01 14 4.12266349465658237e+01
2 0 0 26 4.99999999999988953e-01 4.99999999999988953e-01 2.50000000000035305e-01 15 4.41275397291620521e+01
2 0 0 26 4.99999999999988953e-01 4.99999999999988953e-01 2.50000000000035305e-01 16 4.92225460072302639e+01
2 0 0 26 4.99999999999988953e-01 4.99999999999988953e-01 2.50000000000035305e-01 17 5.14912884606159551e+01
2 0 0 26 4.99999999999988953e-01 4.99999999999988953e-01 2.50000000000035305e-01 18 5.45275659582399896e+01
2 0 0 26 4.99999999999988953e-01 4.99999999999988953e-01 2.50000000000035305e-01 19 7.61457172510014573e+01
2 0 0 26 4.99999999999988953e-01 4.99999999999988953e-01 2.50000000000035305e-01 20 1.24132951797450104e+02
2 0 0 26 4.99999999999988953e-01 4.99999999999988953e-01 2.50000000000035305e-01 21 1.34609294758982770e+02
2 0 0 26 4.99999999999988953e-01 4.99999999999988953e-01 2.50000000000035305e-01 22 9.36588980736105100e+02
2 0 0 26 4.99999999999988953e-01 4.99999999999988953e-01 2.50000000000035305e-01 23 1.11189723242016112e+03
2 0 0 26 4.99999999999988953e-01 4.99999999999988953e-01 2.50000000000035305e-01 24 1.90459987322243433e+03
2 0 0 26 4.99999999999988953e-01 4.99999999999988953e-01 2.50000000000035305e-01 25 3.41766199023022818e+03
2 0 0 27 7.50000000000024203e-01 4.99999999999988898e-01 2.50000000000035305e-01 0 -6.59564222084914320e+00
2 0 0 27 7.50000000000024203e-01 4.99999999999988898e-01 2.50000000000035305e-01 1 -9.12218109590574866e-02
2 0 0 27 7.50000000000024203e-01 4.99999999999988898e-01 2.50000000000035305e-01 2 3.54632939258383439e+00
2 0 0 27 7.50000000000024203e-01 4.99999999999988898e-01 2.50000000000035305e-01 3 4.69172981227504593e+00
2 0 0 27 7.50000000000024203e-01 4.99999999999988898e-01 2.50000000000035305e-01 4 1.42488702249981873e+01
2 0 0 27 7.50000000000024203e-01 4.99999999999988898e-01 2.50000000000035305e-01 5 1.54323861679369418e+01
2 0 0 27 7.50000000000024203e-01 4.99999999999988898e-01 2.50000000000035305e-01 6 1.76618389433629979e+01
2 0 0 27 7.50000000000024203e-01 4.99999999999988898e-01 2.50000000000035305e-01 7 1.94975548467908872e+01
2 0 0 27 7.50000000000024203e-01 4.99999999999988898e-01 2.50000000000035305e-01 8 2.57706509399713433e+01
2 0 0 27 7.50000000000024203e-01 4.99999999999988898e-01 2.50000000000035305e-01 9 2.61969186194936690e+01
2 0 0 27 7.50000000000024203e-01 4.99999999999988898e-01 2.50000000000035305e-01 10 3.11296740896875335e+01
2 0 0 27 7.50000000000024203e-01 4.99999999999988898e-01 2.50000000000035305e-01 11 3.35667093392643707e+01
2 0 0 27 7.50000000000024203e-01 4.99999999999988898e-01 2.50000000000035305e-01 12 3.81702370516774607e+01
2 0 0 27 7.50000000000024203e-01 4.99999999999988898e-01 2.50000000000035305e-01 13 4.04622926682398969e+01
2 0 0 27 7.50000000000024203e-01 4.99999999999988898e-01 2.50000000000035305e-01 14 4.24922353874378160e+01
2 0 0 27 7.50000000000024203e-01 4.99999999999988898e-01 2.50000000000035305e-01 15 4.37176461859755250e+01
2 0 0 27 7.50000000000024203e-01 4.99999999999988898e-01 2.50000000000035305e-01 16 4.46956477061719468e+01
2 0 0 27 7.50000000000024203e-01 4.99999999999988898e-01 2.50000000000035305e-01 17 4.62025968508515490e+01
2 0 0 27 7.50000000000024203e-01 4.99999999999988898e-01 2.50000000000035305e-01 18 5.65454588168654837e+01
2 0 0 27 7.50000000000024203e-01 4.99999999999988898e-01 2.50000000000035305e-01 19 5.97187511454965829e+01
2 0 0 27 7.50000000000024203e-01 4.99999999999988898e-01 2.50000000000035305e-01 20 9.53898717076746863e+01
2 0 0 27 7.50000000000024203e-01 4.99999999999988898e-01 2.50000000000035305e-01 21 1.03111975823231177e+02
2 0 0 27 7.50000000000024203e-01 4.99999999999988898e-01 2.50000000000035305e-01 22 1.33385156209407592e+03
2 0 0 27 7.50000000000024203e-01 4.99999999999988898e-01 2.50000000000035305e-01 23 1.46851240062230340e+03
2 0 0 27 7.50000000000024203e-01 4.99999999999988898e-01 2.50000000000035305e-01 24 2.46436311547470495e+03
2 0 0 27 7.50000000000024203e-01 4.99999999999988898e-01 2.50000000000035305e-01 25 2.59210651228232200e+03
2 0 0 28 0.00000000000000000e+00 7.50000000000024203e-01 2.49999999999953593e-01 0 -9.70531182069086817e+00
2 0 0 28 0.00000000000000000e+00 7.50000000000024203e-01 2.49999999999953593e-01 1 1.61687438634670810e+00
2 0 0 28 0.00000000000000000e+00 7.50000000000024203e-01 2.49999999999953593e-01 2 4.55848697688935722e+00
2 0 0 28 0.00000000000000000e+00 7.50000000000024203e-01 2.49999999999953593e-01 3 6.71741530665324138e+00
2 0 0 28 0.00000000000000000e+00 7.50000000000024203e-01 2.49999999999953593e-01 4 1.46041262189886076e+01
2 0 0 28 0.00000000000000000e+00 7.50000000000024203e-01 2.49999999999953593e-01 5 1.59904076127911150e+01
2 0 0 28 0.00000000000000000e+00 7.50000000000024203e-01 2.49999999999953593e-01 6 1.75107912516862108e+01
2 0 0 28 0.00000000000000000e+00 7.50000000000024203e-01 2.49999999999953593e-01 7 1.84666054184778226e+01
2 0 0 28 0.00000000000000000e+00 7.50000000000024203e-01 2.49999999999953593e-01 8 2.09014882646363773e+01
2 0 0 28 0.00000000000000000e+00 7.50000000000024203e-01 2.49999999999953593e-01 9 2.70109754831066411e+01
2 0 0 28 0.00000000000000000e+00 7.50000000000024203e-01 2.49999999999953593e-01 10 3.10678828565257845e+01
2 0 0 28 0.00000000000000000e+00 7.50000000000024203e-01 2.49999999999953593e-01 11 3.53424769962418139e+01
2 0 0 28 0.00000000000000000e+00 7.50000000000024203e-01 2.49999999999953593e-01 12 3.65972788079970996e+01
2 0 0 28 0.00000000000000000e+00 7.50000000000024203e-01 2.49999999999953593e-01 13 3.84867473076360014e+01
2 0 0 28 0.00000000000000000e+00 7.50000000000024203e-01 2.49999999999953593e-01 14 4.18879224206042267e+01
2 0 0 28 0.00000000000000000e+00 7.50000000000024203e-01 2.49999999999953593e-01 15 4.35904746132616481e+01
2 0 0 28 0.00000000000000000e+00 7.50000000000024203e-01 2.49999999999953593e-01 16 4.70128314376523804e+01
2 0 0 28 0.00000000000000000e+00 7.50000000000024203e-01 2.49999999999953593e-01 17 5.18240835972432308e+01
2 0 0 28 0.00000000000000000e+00 7.50000000000024203e-01 2.49999999999953593e-01 18 5.56801090984741478e+01
2 0 0 28 0.00000000000000000e+00 7.50000000000024203e-01 2.49999999999953593e-01 19 8.72698518214395875e+01
2 0 0 28 0.00000000000000000e+00 7.50000000000024203e-01 2.49999999999953593e-01 20 1.10276795247538217e+02
2 0 0 28 0.00000000000000000e+00 7.50000000000024203e-01 2.49999999999953593e-01 21 2.53775897669233842e+02
2 0 0 28 0.00000000000000000e+00 7.50000000000024203e-01 2.49999999999953593e-01 22 7.01739794166812317e+02
2 0 0 28 0.00000000000000000e+00 7.50000000000024203e-01 2.49999999999953593e-01 23 1.01564012253912495e+03
2 0 0 28 0.00000000000000000e+00 7.50000000000024203e-01 2.49999999999953593e-01 24 1.84010177682974972e+03
2 0 0 28 0.00000000000000000e+00 7.50000000000024203e-01 2.49999999999953593e-01 25 3.32113475718202017e+03
2 0 0 29 2.49999999999953648e-01 7.49999999999942601e-01 2.49999999999953648e-01 0 -7.98847488557951113e+00
2 0 0 29 2.49999999999953648e-01 7.49999999999942601e-01 2.49999999999953648e-01 1 -1.07213011858880089e-01
2 0 0 29 2.49999999999953648e-01 7.49999999999942601e-01 2.49999999999953648e-01 2 4.17347333445604640e+00
2 0 0 29 2.49999999999953648e-01 7.49999999999942601e-01 2.49999999999953648e-01 3 6.65511791548258280e+00
2 0 0 29 2.49999999999953648e-01 7.49999999999942601e-01 2.49999999999953648e-01 4 1.28608901921942209e+01
2 0 0 29 2.49999999999953648e-01 7.49999999999942601e-01 2.49999999999953648e-01 5 1.58441783729644303e+01
2 0 0 29 2.49999999999953648e-01 7.49999999999942601e-01 2.49999999999953648e-01 6 1.82631360142024555e+01
2 0 0 29 2.49999999999953648e-01 7.49999999999942601e-01 2.49999999999953648e-01 7 1.98368231454295589e+01
2 0 0 29 2.49999999999953648e-01 7.49999999999942601e-01 2.49999999999953648e-01 8 2.57961405937853137e+01
2 0 0 29 2.49999999999953648e-01 7.49999999999942601e-01 2.49999999999953648e-01 9 2.74003334270326171e+01
2 0 0 29 2.49999999999953648e-01 7.49999999999942601e-01 2.49999999999953648e-01 10 2.90507376928276422e+01
2 0 0 29 2.49999999999953648e-01 7.49999999999942601e-01 2.49999999999953648e-01 11 3.15674691309455184e+01
2 0 0 29 2.49999999999953648e-01 7.49999999999942601e-01 2.49999999999953648e-01 12 3.86467287173174299e+01
2 0 0 29 2.49999999999953648e-01 7.49999999999942601e-01 2.49999999999953648e-01 13 3.92285216323824528e+01
2 0 0 29 2.49999999999953648e-01 7.49999999999942601e-01 2.49999999999953648e-01 14 3.99811573498208404e+01
2 0 0 29 2.49999999999953648e-01 7.49999999999942601e-01 2.49999999999953648e-01 15 4.44320979089904071e+01
2 0 0 29 2.49999999999953648e-01 7.49999999999942601e-01 2.49999999999953648e-01 16 4.99073659067779474e+01
2 0 0 29 2.49999999999953648e-01 7.49999999999942601e-01 2.49999999999953648e-01 17 5.10841831766012859e+01
2 0 0 29 2.49999999999953648e-01 7.49999999999942601e-01 2.49999999999953648e-01 18 5.52906635996622171e+01
2 0 0 29 2.49999999999953648e-01 7.49999999999942601e-01 2.49999999999953648e-01 19 7.47775606329408191e+01
2 0 0 29 2.49999999999953648e-01 7.49999999999942601e-01 2.49999999999953648e-01 20 1.23694926312303608e+02
2 0 0 29 2.49999999999953648e-01 7.49999999999942601e-01 2.49999999999953648e-01 21 1.30270906331737962e+02
2 0 0 29 2.49999999999953648e-01 7.49999999999942601e-01 2.49999999999953648e-01 22 9.30332198809082911e+02
2 0 0 29 2.49999999999953648e-01 7.49999999999942601e-01 2.49999999999953648e-01 23 1.15923527715586420e+03
2 0 0 29 2.49999999999953648e-01 7.49999999999942601e-01 2.49999999999953648e-01 24 1.85682627359378102e+03
2 0 0 29 2.49999999999953648e-01 7.49999999999942601e-01 2.49999999999953648e-01 25 3.36575910755509267e+03
2 0 0 30 4.99999999999988898e-01 7.50000000000024203e-01 2.50000000000035305e-01 0 -6.95861205873002842e+00
2 0 0 30 4.99999999999988898e-01 7.50000000000024203e-01 2.50000000000035305e-01 1 1.85592103670361469e-01
2 0 0 30 4.99999999999988898e-01 7.50000000000024203e-01 2.50000000000035305e-01 2 3.08037610443548315e+00
2 0 0 30 4.99999999999988898e-01 7.50000000000024203e-01 2.50000000000035305e-01 3 4.33559966866583490e+00
2 0 0 30 4.99999999999988898e-01 7.50000000000024203e-01 2.50000000000035305e-01 4 1.43129995399936689e+01
2 0 0 30 4.99999999999988898e-01 7.50000000000024203e-01 2.50000000000035305e-01 5 1.57164324218729661e+01
2 0 0 30 4.99999999999988898e-01 7.50000000000024203e-01 2.50000000000035305e-01 6 1.85935428148905615e+01
2 0 0 30 4.99999999999988898e-01 7.50000000000024203e-01 2.50000000000035305e-01 7 1.98573490521679794e+01
2 0 0 30 4.99999999999988898e-01 7.50000000000024203e-01 2.50000000000035305e-01 8 2.57979326541257805e+01
2 0 0 30 4.99999999999988898e-01 7.50000000000024203e-01 2.50000000000035305e-01 9 2.69115357414120524e+01
2 0 0 30 4.99999999999988898e-01 7.50000000000024203e-01 2.50000000000035305e-01 10 3.08829779107642644e+01
2 0 0 30 4.99999999999988898e-01 7.50000000000024203e-01 2.50000000000035305e-01 11 3.32951219435471515e+01
2 0 0 30 4.99999999999988898e-01 7.50000000000024203e-01 2.50000000000035305e-01 12 3.83037490638566211e+01
2 0 0 30 4.99999999999988898e-01 7.50000000000024203e-01 2.50000000000035305e-01 13 4.02632665764577311e+01
2 0 0 30 4.99999999999988898e-01 7.50000000000024203e-01 2.50000000000035305e-01 14 4.22240911774817391e+01
2 0 0 30 4.99999999999988898e-01 7.50000000000024203e-01 2.50000000000035305e-01 15 4.35912580435099244e+01
2 0 0 30 4.99999999999988898e-01 7.50000000000024203e-01 2.50000000000035305e-01 16 4.45848849936167042e+01
2 0 0 30 4.99999999999988898e-01 7.50000000000024203e-01 2.50000000000035305e-01 17 4.60596495470327980e+01
2 0 0 30 4.99999999999988898e-01 7.50000000000024203e-01 2.50000000000035305e-01 18 5.71807570509683742e+01
2 0 0 30 4.99999999999988898e-01 7.50000000000024203e-01 2.50000000000035305e-01 19 6.07294850541045221e+01
2 0 0 30 4.99999999999988898e-01 7.50000000000024203e-01 2.50000000000035305e-01 20 9.75600552403463581e+01
2 0 0 30 4.99999999999988898e-01 7.50000000000024203e-01 2.50000000000035305e-01 21 1.00167303561284669e+02
2 0 0 30 4.99999999999988898e-01 7.50000000000024203e-01 2.50000000000035305e-01 22 1.36549030917025289e+03
2 0 0 30 4.99999999999988898e-01 7.50000000000024203e-01 2.50000000000035305e-01 23 1.53496131012727847e+03
2 0 0 30 4.99999999999988898e-01 7.50000000000024203e-01 2.50000000000035305e-01 24 2.31413803428399933e+03
2 0 0 30 4.99999999999988898e-01 7.50000000000024203e-01 2.50000000000035305e-01 25 2.56985892746136460e+03
2 0 0 31 7.50000000000024314e-01 7.50000000000024314e-01 2.50000000000035305e-01 0 -9.20332397598358121e+00
2 0 0 31 7.50000000000024314e-01 7.50000000000024314e-01 2.50000000000035305e-01 1 1.92789590978419939e-01
2 0 0 31 7.50000000000024314e-01 7.50000000000024314e-01 2.50000000000035305e-01 2 4.02326486485272294e+00
2 0 0 31 7.50000000000024314e-01 7.50000000000024314e-01 2.50000000000035305e-01 3 6.35201359006223942e+00
2 0 0 31 7.50000000000024314e-01 7.50000000000024314e-01 2.50000000000035305e-01 4 1.24243596002032568e+01
2 0 0 31 7.50000000000024314e-01 7.50000000000024314e-01 2.50000000000035305e-01 5 1.58757486605452183e+01
2 0 0 31 7.50000000000024314e-01 7.50000000000024314e-01 2.50000000000035305e-01 6 1.85622010028056614e+01
2 0 0 31 7.50000000000024314e-01 7.50000000000024314e-01 2.50000000000035305e-01 7 1.93812445742805011e+01
2 0 0 31 7.50000000000024314e-01 7.50000000000024314e-01 2.50000000000035305e-01 8 2.59557773624781838e+01
2 0 0 31 7.50000000000024314e-01 7.50000000000024314e-01 2.50000000000035305e-01 9 2.79892661774658791e+01
2 0 0 31 7.50000000000024314e-01 7.50000000000024314e-01 2.50000000000035305e-01 10 3.02673898978750415e+01
2 0 0 31 7.50000000000024314e-01 7.50000000000024314e-01 2.50000000000035305e-01 11 3.13748432986888766e+01
2 0 0 31 7.50000000000024314e-01 7.50000000000024314e-01 2.50000000000035305e-01 12 3.91640757307365348e+01
2 0 0 31 7.50000000000024314e-01 7.50000000000024314e-01 2.50000000000035305e-01 13 3.96058766580988504e+01
2 0 0 31 7.50000000000024314e-01 7.50000000000024314e-01 2.50000000000035305e-01 14 4.03104395647894052e+01
2 0 0 31 7.50000000000024314e-01 7.50000000000024314e-01 2.50000000000035305e-01 15 4.45060262518193070e+01
2 0 0 31 7.50000000000024314e-01 7.50000000000024314e-01 2.50000000000035305e-01 16 4.88648039762229445e+01
2 0 0 31 7.50000000000024314e-01 7.50000000000024314e-01 2.50000000000035305e-01 17 5.04297095012051244e+01
2 0 0 31 7.50000000000024314e-01 7.50000000000024314e-01 2.50000000000035305e-01 18 5.54535039701819699e+01
2 0 0 31 7.50000000000024314e-01 7.50000000000024314e-01 2.50000000000035305e-01 19 7.53548773452415901e+01
2 0 0 31 7.50000000000024314e-01 7.50000000000024314e-01 2.50000000000035305e-01 20 1.28902807955313790e+02
2 0 0 31 7.50000000000024314e-01 7.50000000000024314e-01 2.50000000000035305e-01 21 1.33307684608916503e+02
2 0 0 31 7.50000000000024314e-01 7.50000000000024314e-01 2.50000000000035305e-01 22 9.09438072138539269e+02
2 0 0 31 7.50000000000024314e-01 7.50000000000024314e-01 2.50000000000035305e-01 23 1.07869358369954602e+03
2 0 0 31 7.50000000000024314e-01 7.50000000000024314e-01 2.50000000000035305e-01 24 1.80757630294976161e+03
2 0 0 31 7.50000000000024314e-01 7.50000000000024314e-01 2.50000000000035305e-01 25 3.40363713834503415e+03
2 0 0 32 0.00000000000000000e+00 0.00000000000000000e+00 5.00000000000070610e-01 0 -8.71456578820180816e+00
2 0 0 32 0.00000000000000000e+00 0.00000000000000000e+00 5.00000000000070610e-01 1 -1.66197198533829527e+00
2 0 0 32 0.00000000000000000e+00 0.00000000000000000e+00 5.00000000000070610e-01 2 6.72070686311522003e+00
2 0 0 32 0.00000000000000000e+00 0.00000000000000000e+00 5.00000000000070610e-01 3 7.26217511837105789e+00
2 0 0 32 0.00000000000000000e+00 0.00000000000000000e+00 5.00000000000070610e-01 4 1.23608584675568824e+01
2 0 0 32 0.00000000000000000e+00 0.00000000000000000e+00 5.00000000000070610e-01 5 1.48456502906974190e+01
2 0 0 32 0.00000000000000000e+00 0.00000000000000000e+00 5.00000000000070610e-01 6 1.53322266399027853e+01
2 0 0 32 0.00000000000000000e+00 0.00000000000000000e+00 5.00000000000070610e-01 7 2.52540586595454002e+01
2 0 0 32 0.00000000000000000e+00 0.00000000000000000e+00 5.00000000000070610e-01 8 2.54858073524952928e+01
2 0 0 32 0.00000000000000000e+00 0.00000000000000000e+00 5.00000000000070610e-01 9 2.67462466531854481e+01
2 0 0 32 0.00000000000000000e+00 0.00000000000000000e+00 5.00000000000070610e-01 10 2.92276685520176400e+01
2 0 0 32 0.00000000000000000e+00 0.00000000000000000e+00 5.00000000000070610e-01 11 2.96374552056351348e+01
2 0 0 32 0.00000000000000000e+00 0.00000000000000000e+00 5.00000000000070610e-01 12 3.03688642859130837e+01
2 0 0 32 0.00000000000000000e+00 0.00000000000000000e+00 5.00000000000070610e-01 13 4.25301098969980131e+01
2 0 0 32 0.00000000000000000e+00 0.00000000000000000e+00 5.00000000000070610e-01 14 4.36095183055866826e+01
2 0 0 32 0.00000000000000000e+00 0.00000000000000000e+00 5.00000000000070610e-01 15 4.49071993877842459e+01
2 0 0 32 0.00000000000000000e+00 0.00000000000000000e+00 5.00000000000070610e-01 16 4.63275221728879387e+01
2 0 0 32 0.00000000000000000e+00 0.00000000000000000e+00 5.00000000000070610e-01 17 5.27923745483916917e+01
2 0 0 32 0.00000000000000000e+00 0.00000000000000000e+00 5.00000000000070610e-01 18 5.47504372129754984e+01
2 0 0 32 0.00000000000000000e+00 0.00000000000000000e+00 5.00000000000070610e-01 19 7.00114885148870485e+01
2 0 0 32 0.00000000000000000e+00 0.00000000000000000e+00 5.00000000000070610e-01 20 3.18726218496645799e+02
2 0 0 32 0.00000000000000000e+00 0.00000000000000000e+00 5.00000000000070610e-01 21 3.24396173319462889e+02
2 0 0 32 0.00000000000000000e+00 0.00000000000000000e+00 5.00000000000070610e-01 22 5.62431483063251790e+02
2 0 0 32 0.00000000000000000e+00 0.00000000000000000e+00 5.00000000000070610e-01 23 6.10079413175320155e+02
2 0 0 32 0.00000000000000000e+00 0.00000000000000000e+00 5.00000000000070610e-01 24 1.95715195658218704e+03
2 0 0 32 0.00000000000000000e+00 0.00000000000000000e+00 5.00000000000070610e-01 25 4.09990986109253026e+03
2 0 0 33 2.49999999999953648e-01 0.00000000000000000e+00 4.99999999999988953e-01 0 -8.33307139142104347e+00
2 0 0 33 2.49999999999953648e-01 0.00000000000000000e+00 4.99999999999988953e-01 1 1.21473864803170489e-01
2 0 0 33 2.49999999999953648e-01 0.00000000000000000e+00 4.99999999999988953e-01 2 4.56052147977113265e+00
2 0 0 33 2.49999999999953648e-01 0.00000000000000000e+00 4.99999999999988953e-01 3 6.21080864800588994e+00
2 0 0 33 2.49999999999953648e-01 0.00000000000000000e+00 4.99999999999988953e-01 4 1.28859898253578553e+01
2 0 0 33 2.49999999999953648e-01 0.00000000000000000e+00 4.99999999999988953e-01 5 1.59649428760987941e+01
2 0 0 33 2.49999999999953648e-01 0.00000000000000000e+00 4.99999999999988953e-01 6 1.82907704098202792e+01
2 0 0 33 2.49999999999953648e-01 0.00000000000000000e+00 4.99999999999988953e-01 7 1.97028692916397148e+01
2 0 0 33 2.49999999999953648e-01 0.00000000000000000e+00 4.99999999999988953e-01 8 2.59084089537221409e+01
2 0 0 33 2.49999999999953648e-01 0.00000000000000000e+00 4.99999999999988953e-01 9 2.69052803089869954e+01
2 0 0 33 2.49999999999953648e-01 0.00000000000000000e+00 4.99999999999988953e-01 10 2.97030554974127696e+01
2 0 0 33 2.49999999999953648e-01 0.00000000000000000e+00 4.99999999999988953e-01 11 3.09654021934454526e+01
2 0 0 33 2.49999999999953648e-01 0.00000000000000000e+00 4.99999999999988953e-01 12 3.83340525560620833e+01
2 0 0 33 2.49999999999953648e-01 0.00000000000000000e+00 4.99999999999988953e-01 13 3.90223254732745488e+01
2 0 0 33 2.49999999999953648e-01 0.00000000000000000e+00 4.99999999999988953e-01 14 4.04549011785623023e+01
2 0 0 33 2.49999999999953648e-01 0.00000000000000000e+00 4.99999999999988953e-01 15 4.45445366612021658e+01
2 0 0 33 2.49999999999953648e-01 0.00000000000000000e+00 4.99999999999988953e-01 16 4.82972687354976529e+01
2 0 0 33 2.49999999999953648e-01 0.00000000000000000e+00 4.99999999999988953e-01 17 5.09291910171473461e+01
2 0 0 33 2.49999999999953648e-01 0.00000000000000000e+00 4.99999999999988953e-01 18 5.48734306178106479e+01
2 0 0 33 2.49999999999953648e-01 0.00000000000000000e+00 4.99999999999988953e-01 19 7.65750563585080499e+01
2 0 0 33 2.49999999999953648e-01 0.00000000000000000e+00 4.99999999999988953e-01 20 1.25937953877749479e+02
2 0 0 33 2.49999999999953648e-01 0.00000000000000000e+00 4.99999999999988953e-01 21 1.37203345362441553e+02
2 0 0 33 2.49999999999953648e-01 0.00000000000000000e+00 4.99999999999988953e-01 22 8.74770949905073508e+02
2 0 0 33 2.49999999999953648e-01 0.00000000000000000e+00 4.99999999999988953e-01 23 1.10103957666561314e+03
2 0 0 33 2.49999999999953648e-01 0.00000000000000000e+00 4.99999999999988953e-01 24 1.96606113664800819e+03
2 0 0 33 2.49999999999953648e-01 0.00000000000000000e+00 4.99999999999988953e-01 25 3.27112214443706716e+03
2 0 0 34 4.99999999999988898e-01 0.00000000000000000e+00 4.99999999999988898e-01 0 -6.90156606077045343e+00
2 0 0 34 4.99999999999988898e-01 0.00000000000000000e+00 4.99999999999988898e-01 1 -1.04412225862470542e+00
2 0 0 34 4.99999999999988898e-01 0.00000000000000000e+00 4.99999999999988898e-01 2 5.57329836449339133e+00
2 0 0 34 4.99999999999988898e-01 0.00000000000000000e+00 4.99999999999988898e-01 3 6.28657182663804104e+00
2 0 0 34 4.99999999999988898e-01 0.00000000000000000e+00 4.99999999999988898e-01 4 1.16310810093063886e+01
2 0 0 34 4.99999999999988898e-01 0.00000000000000000e+00 4.99999999999988898e-01 5 1.19402942707724282e+01
2 0 0 34 4.99999999999988898e-01 0.00000000000000000e+00 4.99999999999988898e-01 6 2.47288104554850214e+01
2 0 0 34 4.99999999999988898e-01 0.00000000000000000e+00 4.99999999999988898e-01 7 2.63142461666695340e+01
2 0 0 34 4.99999999999988898e-01 0.00000000000000000e+00 4.99999999999988898e-01 8 2.68858863120680134e+01
2 0 0 34 4.99999999999988898e-01 0.00000000000000000e+00 4.99999999999988898e-01 9 2.74298451275090400e+01
2 0 0 34 4.99999999999988898e-01 0.00000000000000000e+00 4.99999999999988898e-01 10 2.94378160249473169e+01
2 0 0 34 4.99999999999988898e-01 0.00000000000000000e+00 4.99999999999988898e-01 11 3.01197884884719116e+01
2 0 0 34 4.99999999999988898e-01 0.00000000000000000e+00 4.99999999999988898e-01 12 3.09687845151485028e+01
2 0 0 34 4.99999999999988898e-01 0.00000000000000000e+00 4.99999999999988898e-01 13 3.46183213878215668e+01
2 0 0 34 4.99999999999988898e-01 0.00000000000000000e+00 4.99999999999988898e-01 14 4.58634854802647709e+01
2 0 0 34 4.99999999999988898e-01 0.00000000000000000e+00 4.99999999999988898e-01 15 4.72018193385032916e+01
2 0 0 34 4.99999999999988898e-01 0.00000000000000000e+00 4.99999999999988898e-01 16 5.17005422861971056e+01
2 0 0 34 4.99999999999988898e-01 0.00000000000000000e+00 4.99999999999988898e-01 17 5.43138861136940321e+01
2 0 0 34 4.99999999999988898e-01 0.00000000000000000e+00 4.99999999999988898e-01 18 6.53493227610387777e+01
2 0 0 34 4.99999999999988898e-01 0.00000000000000000e+00 4.99999999999988898e-01 19 7.03671280658748657e+01
2 0 0 34 4.99999999999988898e-01 0.00000000000000000e+00 4.99999999999988898e-01 20 8.51375063882808547e+01
2 0 0 34 4.99999999999988898e-01 0.00000000000000000e+00 4.99999999999988898e-01 21 9.00148958432854585e+01
2 0 0 34 4.99999999999988898e-01 0.00000000000000000e+00 4.99999999999988898e-01 22 1.16325772182113815e+03
2 0 0 34 4.99999999999988898e-01 0.00000000000000000e+00 4.99999999999988898e-01 23 1.21968827798787265e+03
2 0 0 34 4.99999999999988898e-01 0.00000000000000000e+00 4.99999999999988898e-01 24 2.40070524954505072e+03
2 0 0 34 4.99999999999988898e-01 0.00000000000000000e+00 4.99999999999988898e-01 25 2.50231735099269463e+03
2 0 0 35 7.50000000000024314e-01 0.00000000000000000e+00 4.99999999999989009e-01 0 -8.33442464610941869e+00
2 0 0 35 7.50000000000024314e-01 0.00000000000000000e+00 4.99999999999989009e-01 1 1.26063269811701156e-01
2 0 0 35 7.50000000000024314e-01 0.00000000000000000e+00 4.99999999999989009e-01 2 4.57886276154566474e+00
2 0 0 35 7.50000000000024314e-01 0.00000000000000000e+00 4.99999999999989009e-01 3 6.21705864403565389e+00
2 0 0 35 7.50000000000024314e-01 0.00000000000000000e+00 4.99999999999989009e-01 4 1.28616216526666030e+01
2 0 0 35 7.50000000000024314e-01 0.00000000000000000e+00 4.99999999999989009e-01 5 1.59498446413064237e+01
2 0 0 35 7.50000000000024314e-01 0.00000000000000000e+00 4.99999999999989009e-01 6 1.82899270932365603e+01
2 0 0 35 7.50000000000024314e-01 0.00000000000000000e+00 4.99999999999989009e-01 7 1.96908147449402726e+01
2 0 0 35 7.50000000000024314e-01 0.00000000000000000e+00 4.99999999999989009e-01 8 2.59074787046493888e+01
2 0 0 35 7.50000000000024314e-01 0.00000000000000000e+00 4.99999999999989009e-01 9 2.69040940704502702e+01
2 0 0 35 7.50000000000024314e-01 0.00000000000000000e+00 4.99999999999989009e-01 10 2.97140395106668365e+01
2 0 0 35 7.50000000000024314e-01 0.00000000000000000e+00 4.99999999999989009e-01 11 3.09986261771570888e+01
2 0 0 35 7.50000000000024314e-01 0.00000000000000000e+00 4.99999999999989009e-01 12 3.83051044540762859e+01
2 0 0 35 7.50000000000024314e-01 0.00000000000000000e+00 4.99999999999989009e-01 13 3.90623928424348676e+01
2 0 0 35 7.50000000000024314e-01 0.00000000000000000e+00 4.99999999999989009e-01 14 4.04322597972266422e+01
2 0 0 35 7.50000000000024314e-01 0.00000000000000000e+00 4.99999999999989009e-01 15 4.45215890721075809e+01
2 0 0 35 7.50000000000024314e-01 0.00000000000000000e+00 4.99999999999989009e-01 16 4.83313998767124886e+01
2 0 0 35 7.50000000000024314e-01 0.00000000000000000e+00 4.99999999999989009e-01 17 5.10184368022937633e+01
2 0 0 35 7.50000000000024314e-01 0.00000000000000000e+00 4.99999999999989009e-01 18 5.48648073631518045e+01
2 0 0 35 7.50000000000024314e-01 0.00000000000000000e+00 4.99999999999989009e-01 19 7.65572440459337287e+01
2 0 0 35 7.50000000000024314e-01 0.00000000000000000e+00 4.99999999999989009e-01 20 1.25652615410163165e+02
2 0 0 35 7.50000000000024314e-01 0.00000000000000000e+00 4.99999999999989009e-01 21 1.37208408013781991e+02
2 0 0 35 7.50000000000024314e-01 0.00000000000000000e+00 4.99999999999989009e-01 22 8.73429476242685496e+02
2 0 0 35 7.50000000000024314e-01 0.00000000000000000e+00 4.99999999999989009e-01 23 1.10245247856146352e+03
2 0 0 35 7.50000000000024314e-01 0.00000000000000000e+00 4.99999999999989009e-01 24 1.96372904327447191e+03
2 0 0 35 7.50000000000024314e-01 0.00000000000000000e+00 4.99999999999989009e-01 25 3.28013934490265001e+03
2 0 0 36 0.00000000000000000e+00 2.49999999999953648e-01 4.99999999999988953e-01 0 -7.80124543191029485e+00
2 0 0 36 0.00000000000000000e+00 2.49999999999953648e-01 4.99999999999988953e-01 1 -1.53903481647027607e-01
2 0 0 36 0.00000000000000000e+00 2.49999999999953648e-01 4.99999999999988953e-01 2 4.53848019967086547e+00
2 0 0 36 0.00000000000000000e+00 2.49999999999953648e-01 4.99999999999988953e-01 3 6.04486846330384076e+00
2 0 0 36 0.00000000000000000e+00 2.49999999999953648e-01 4.99999999999988953e-01 4 1.30702834073795184e+01
2 0 0 36 0.00000000000000000e+00 2.49999999999953648e-01 4.99999999999988953e-01 5 1.57758399701306509e+01
2 0 0 36 0.00000000000000000e+00 2.49999999999953648e-01 4.99999999999988953e-01 6 1.79054043107696010e+01
2 0 0 36 0.00000000000000000e+00 2.49999999999953648e-01 4.99999999999988953e-01 7 1.96567629348025186e+01
2 0 0 36 0.00000000000000000e+00 2.49999999999953648e-01 4.99999999999988953e-01 8 2.59434175817030379e+01
2 0 0 36 0.00000000000000000e+00 2.49999999999953648e-01 4.99999999999988953e-01 9 2.75415745008102775e+01
2 0 0 36 0.00000000000000000e+00 2.49999999999953648e-01 4.99999999999988953e-01 10 2.96646724709075187e+01
2 0 0 36 0.00000000000000000e+00 2.49999999999953648e-01 4.99999999999988953e-01 11 3.12862295432098136e+01
2 0 0 36 0.00000000000000000e+00 2.49999999999953648e-01 4.99999999999988953e-01 12 3.89716160677390633e+01
2 0 0 36 0.00000000000000000e+00 2.49999999999953648e-01 4.99999999999988953e-01 13 3.94614432353077476e+01
2 0 0 36 0.00000000000000000e+00 2.49999999999953648e-01 4.99999999999988953e-01 14 3.99949089929412054e+01
2 0 0 36 0.00000000000000000e+00 2.49999999999953648e-01 4.99999999999988953e-01 15 4.44971304867769675e+01
2 0 0 36 0.00000000000000000e+00 2.49999999999953648e-01 4.99999999999988953e-01 16 4.87826068894103884e+01
2 0 0 36 0.00000000000000000e+00 2.49999999999953648e-01 4.99999999999988953e-01 17 5.22067733437462920e+01
2 0 0 36 0.00000000000000000e+00 2.49999999999953648e-01 4.99999999999988953e-01 18 5.40324927672919557e+01
2 0 0 36 0.00000000000000000e+00 2.49999999999953648e-01 4.99999999999988953e-01 19 7.67160405288574623e+01
2 0 0 36 0.00000000000000000e+00 2.49999999999953648e-01 4.99999999999988953e-01 20 1.23932973417174509e+02
2 0 0 36 0.00000000000000000e+00 2.49999999999953648e-01 4.99999999999988953e-01 21 1.33400256470973602e+02
2 0 0 36 0.00000000000000000e+00 2.49999999999953648e-01 4.99999999999988953e-01 22 9.39749914954811402e+02
2 0 0 36 0.00000000000000000e+00 2.49999999999953648e-01 4.99999999999988953e-01 23 1.05878556516002936e+03
2 0 0 36 0.00000000000000000e+00 2.49999999999953648e-01 4.99999999999988953e-01 24 1.93580343802716175e+03
2 0 0 36 0.00000000000000000e+00 2.49999999999953648e-01 4.99999999999988953e-01 25 3.29694412430764669e+03
2 0 0 37 2.50000000000035305e-01 2.50000000000035305e-01 5.00000000000070610e-01 0 -9.56798776818024876e+00
2 0 0 37 2.50000000000035305e-01 2.50000000000035305e-01 5.00000000000070610e-01 1 1.23154489789913546e+00
2 0 0 37 2.50000000000035305e-01 2.50000000000035305e-01 5.00000000000070610e-01 2 3.93373670661128649e+00
2 0 0 37 2.50000000000035305e-01 2.50000000000035305e-01 5.00000000000070610e-01 3 7.34927250116746755e+00
2 0 0 37 2.50000000000035305e-01 2.50000000000035305e-01 5.00000000000070610e-01 4 1.36823131432395346e+01
2 0 0 37 2.50000000000035305e-01 2.50000000000035305e-01 5.00000000000070610e-01 5 1.61173815058694920e+01
2 0 0 37 2.50000000000035305e-01 2.50000000000035305e-01 5.00000000000070610e-01 6 1.75968295764896432e+01
2 0 0 37 2.50000000000035305e-01 2.50000000000035305e-01 5.00000000000070610e-01 7 1.91818648615900678e+01
2 0 0 37 2.50000000000035305e-01 2.50000000000035305e-01 5.00000000000070610e-01 8 2.03228265282799079e+01
2 0 0 37 2.50000000000035305e-01 2.50000000000035305e-01 5.00000000000070610e-01 9 2.66453814616654263e+01
2 0 0 37 2.50000000000035305e-01 2.50000000000035305e-01 5.00000000000070610e-01 10 3.09347802613634180e+01
2 0 0 37 2.50000000000035305e-01 2.50000000000035305e-01 5.00000000000070610e-01 11 3.62945492277509985e+01
2 0 0 37 2.50000000000035305e-01 2.50000000000035305e-01 5.00000000000070610e-01 12 3.69100180980972183e+01
2 0 0 37 2.50000000000035305e-01 2.50000000000035305e-01 5.00000000000070610e-01 13 3.85223174651496052e+01
2 0 0 37 2.50000000000035305e-01 2.50000000000035305e-01 5.00000000000070610e-01 14 4.13817586657252789e+01
2 0 0 37 2.50000000000035305e-01 2.50000000000035305e-01 5.00000000000070610e-01 15 4.34549629443588614e+01
2 0 0 37 2.50000000000035305e-01 2.50000000000035305e-01 5.00000000000070610e-01 16 4.69745880444801998e+01
2 0 0 37 2.50000000000035305e-01 2.50000000000035305e-01 5.00000000000070610e-01 17 5.15621958676359142e+01
2 0 0 37 2.50000000000035305e-01 2.50000000000035305e-01 5.00000000000070610e-01 18 5.52540808031771178e+01
2 0 0 37 2.50000000000035305e-01 2.50000000000035305e-01 5.00000000000070610e-01 19 9.37051460339978064e+01
2 0 0 37 2.50000000000035305e-01 2.50000000000035305e-01 5.00000000000070610e-01 20 1.13139949929253333e+02
2 0 0 37 2.50000000000035305e-01 2.50000000000035305e-01 5.00000000000070610e-01 21 2.41407712442895502e+02
2 0 0 37 2.50000000000035305e-01 2.50000000000035305e-01 5.00000000000070610e-01 22 7.90547201840066805e+02
2 0 0 37 2.50000000000035305e-01 2.50000000000035305e-01 5.00000000000070610e-01 23 1.02353009369037363e+03
2 0 0 37 2.50000000000035305e-01 2.50000000000035305e-01 5.00000000000070610e-01 24 1.78765479228316144e+03
2 0 0 37 2.50000000000035305e-01 2.50000000000035305e-01 5.00000000000070610e-01 25 3.28582794745959700e+03
2 0 0 38 4.99999999999988953e-01 2.50000000000035305e-01 4.99999999999988953e-01 0 -8.10186601560269004e+00
2 0 0 38 4.99999999999988953e-01 2.50000000000035305e-01 4.99999999999988953e-01 1 -2.33046091889991258e-01
2 0 0 38 4.99999999999988953e-01 2.50000000000035305e-01 4.99999999999988953e-01 2 4.37146181618606544e+00
2 0 0 38 4.99999999999988953e-01 2.50000000000035305e-01 4.99999999999988953e-01 3 6.37616540366186069e+00
2 0 0 38 4.99999999999988953e-01 2.50000000000035305e-01 4.99999999999988953e-01 4 1.29908564376787616e+01
2 0 0 38 4.99999999999988953e-01 2.50000000000035305e-01 4.99999999999988953e-01 5 1.58151858502160110e+01
2 0 0 38 4.99999999999988953e-01 2.50000000000035305e-01 4.99999999999988953e-01 6 1.82539498445372281e+01
2 0 0 38 4.99999999999988953e-01 2.50000000000035305e-01 4.99999999999988953e-01 7 1.94529559726881978e+01
2 0 0 38 4.99999999999988953e-01 2.50000000000035305e-01 4.99999999999988953e-01 8 2.62189408820409078e+01
2 0 0 38 4.99999999999988953e-01 2.50000000000035305e-01 4.99999999999988953e-01 9 2.73083260902496967e+01
2 0 0 38 4.99999999999988953e-01 2.50000000000035305e-01 4.99999999999988953e-01 10 2.92213311491984804e+01
2 0 0 38 4.99999999999988953e-01 2.50000000000035305e-01 4.99999999999988953e-01 11 3.11721237690793878e+01
2 0 0 38 4.99999999999988953e-01 2.50000000000035305e-01 4.99999999999988953e-01 12 3.88150569771161571e+01
2 0 0 38 4.99999999999988953e-01 2.50000000000035305e-01 4.99999999999988953e-01 13 3.93693416577459061e+01
2 0 0 38 4.99999999999988953e-01 2.50000000000035305e-01 4.99999999999988953e-01 14 4.08297851990409626e+01
2 0 0 38 4.99999999999988953e-01 2.50000000000035305e-01 4.99999999999988953e-01 15 4.49951582672061789e+01
2 0 0 38 4.99999999999988953e-01 2.50000000000035305e-01 4.99999999999988953e-01 16 4.96136867511195163e+01
2 0 0 38 4.99999999999988953e-01 2.50000000000035305e-01 4.99999999999988953e-01 17 5.15384315615116648e+01
2 0 0 38 4.99999999999988953e-01 2.50000000000035305e-01 4.99999999999988953e-01 18 5.42122293917224809e+01
2 0 0 38 4.99999999999988953e-01 2.50000000000035305e-01 4.99999999999988953e-01 19 7.75481537926409175e+01
2 0 0 38 4.99999999999988953e-01 2.50000000000035305e-01 4.99999999999988953e-01 20 1.25999299419787164e+02
2 0 0 38 4.99999999999988953e-01 2.50000000000035305e-01 4.99999999999988953e-01 21 1.31104572514166136e+02
2 0 0 38 4.99999999999988953e-01 2.50000000000035305e-01 4.99999999999988953e-01 22 8.60854308984863906e+02
2 0 0 38 4.99999999999988953e-01 2.50000000000035305e-01 4.99999999999988953e-01 23 1.13221036441848696e+03
2 0 0 38 4.99999999999988953e-01 2.50000000000035305e-01 4.99999999999988953e-01 24 1.89134475064673893e+03
2 0 0 38 4.99999999999988953e-01 2.50000000000035305e-01 4.99999999999988953e-01 25 3.44280413021144341e+03
2 0 0 39 7.50000000000024203e-01 2.50000000000035305e-01 4.99999999999988898e-01 0 -6.05832194735645402e+00
2 0 0 39 7.50000000000024203e-01 2.50000000000035305e-01 4.99999999999988898e-01 1 -2.87095214511738847e-02
2 0 0 39 7.50000000000024203e-01 2.50000000000035305e-01 4.99999999999988898e-01 2 3.51805841279233755e+00
2 0 0 39 7.50000000000024203e-01 2.50000000000035305e-01 4.99999999999988898e-01 3 4.43916896840828912e+00
2 0 0 39 7.50000000000024203e-01 2.50000000000035305e-01 4.99999999999988898e-01 4 1.40225350159841060e+01
2 0 0 39 7.50000000000024203e-01 2.50000000000035305e-01 4.99999999999988898e-01 5 1.56321073103524650e+01
2 0 0 39 7.50000000000024203e-01 2.50000000000035305e-01 4.99999999999988898e-01 6 1.75722069734178348e+01
2 0 0 39 7.50000000000024203e-01 2.50000000000035305e-01 4.99999999999988898e-01 7 1.98462125042297757e+01
2 0 0 39 7.50000000000024203e-01 2.50000000000035305e-01 4.99999999999988898e-01 8 2.58289344270491021e+01
2 0 0 39 7.50000000000024203e-01 2.50000000000035305e-01 4.99999999999988898e-01 9 2.65303949278020283e+01
2 0 0 39 7.50000000000024203e-01 2.50000000000035305e-01 4.99999999999988898e-01 10 3.08085547484266797e+01
2 0 0 39 7.50000000000024203e-01 2.50000000000035305e-01 4.99999999999988898e-01 11 3.37006674755000049e+01
2 0 0 39 7.50000000000024203e-01 2.50000000000035305e-01 4.99999999999988898e-01 12 3.86368454819015810e+01
2 0 0 39 7.50000000000024203e-01 2.50000000000035305e-01 4.99999999999988898e-01 13 4.01563769522769789e+01
2 0 0 39 7.50000000000024203e-01 2.50000000000035305e-01 4.99999999999988898e-01 14 4.24675098272360572e+01
2 0 0 39 7.50000000000024203e-01 2.50000000000035305e-01 4.99999999999988898e-01 15 4.38727314763332785e+01
2 0 0 39 7.50000000000024203e-01 2.50000000000035305e-01 4.99999999999988898e-01 16 4.53232791070962833e+01
2 0 0 39 7.50000000000024203e-01 2.50000000000035305e-01 4.99999999999988898e-01 17 4.60959743550695080e+01
2 0 0 39 7.50000000000024203e-01 2.50000000000035305e-01 4.99999999999988898e-01 18 5.78100307165258940e+01
2 0 0 39 7.50000000000024203e-01 2.50000000000035305e-01 4.99999999999988898e-01 19 5.95407763303690345e+01
2 0 0 39 7.50000000000024203e-01 2.50000000000035305e-01 4.99999999999988898e-01 20 9.80989393063972557e+01
2 0 0 39 7.50000000000024203e-01 2.50000000000035305e-01 4.99999999999988898e-01 21 1.01414423277489746e+02
2 0 0 39 7.50000000000024203e-01 2.50000000000035305e-01 4.99999999999988898e-01 22 1.20739459085310023e+03
2 0 0 39 7.50000000000024203e-01 2.50000000000035305e-01 4.99999999999988898e-01 23 1.59340370131531404e+03
2 0 0 39 7.50000000000024203e-01 2.50000000000035305e-01 4.99999999999988898e-01 24 2.40723103153625743e+03
2 0 0 39 7.50000000000024203e-01 2.50000000000035305e-01 4.99999999999988898e-01 25 2.59888870911476124e+03
2 0 0 40 0.00000000000000000e+00 4.99999999999988898e-01 4.99999999999988898e-01 0 -6.54309432052022455e+00
2 0 0 40 0.00000000000000000e+00 4.99999999999988898e-01 4.99999999999988898e-01 1 -7.33189609874906001e-01
2 0 0 40 0.00000000000000000e+00 4.99999999999988898e-01 4.99999999999988898e-01 2 3.75070621174513619e+00
2 0 0 40 0.00000000000000000e+00 4.99999999999988898e-01 4.99999999999988898e-01 3 5.41602680355277322e+00
2 0 0 40 0.00000000000000000e+00 4.99999999999988898e-01 4.99999999999988898e-01 4 1.17473352772525388e+01
2 0 0 40 0.00000000000000000e+00 4.99999999999988898e-01 4.99999999999988898e-01 5 1.20334341538675584e+01
2 0 0 40 0.00000000000000000e+00 4.99999999999988898e-01 4.99999999999988898e-01 6 2.56977034632708374e+01
2 0 0 40 0.00000000000000000e+00 4.99999999999988898e-01 4.99999999999988898e-01 7 2.62687805260394427e+01
2 0 0 40 0.00000000000000000e+00 4.99999999999988898e-01 4.99999999999988898e-01 8 2.69830333752409324e+01
2 0 0 40 0.00000000000000000e+00 4.99999999999988898e-01 4.99999999999988898e-01 9 2.73224332130429062e+01
2 0 0 40 0.00000000000000000e+00 4.99999999999988898e-01 4.99999999999988898e-01 10 2.86908908206647268e+01
2 0 0 40 0.00000000000000000e+00 4.99999999999988898e-01 4.99999999999988898e-01 11 3.10006277551051355e+01
2 0 0 40 0.00000000000000000e+00 4.99999999999988898e-01 4.99999999999988898e-01 12 3.15754640218118077e+01
2 0 0 40 0.00000000000000000e+00 4.99999999999988898e-01 4.99999999999988898e-01 13 3.46001206666931296e+01
2 0 0 40 0.00000000000000000e+00 4.99999999999988898e-01 4.99999999999988898e-01 14 4.58146025080454322e+01
2 0 0 40 0.00000000000000000e+00 4.99999999999988898e-01 4.99999999999988898e-01 15 4.72536312921003372e+01
2 0 0 40 0.00000000000000000e+00 4.99999999999988898e-01 4.99999999999988898e-01 16 5.25043515038513959e+01
2 0 0 40 0.00000000000000000e+00 4.99999999999988898e-01 4.99999999999988898e-01 17 5.39975827173543266e+01
2 0 0 40 0.00000000000000000e+00 4.99999999999988898e-01 4.99999999999988898e-01 18 6.81995022708540262e+01
2 0 0 40 0.00000000000000000e+00 4.99999999999988898e-01 4.99999999999988898e-01 19 6.89391554768361203e+01
2 0 0 40 0.00000000000000000e+00 4.99999999999988898e-01 4.99999999999988898e-01 20 8.51334252598673373e+01
2 0 0 40 0.00000000000000000e+00 4.99999999999988898e-01 4.99999999999988898e-01 21 9.02833362479186974e+01
2 0 0 40 0.00000000000000000e+00 4.99999999999988898e-01 4.99999999999988898e-01 22 1.15818876370091311e+03
2 0 0 40 0.00000000000000000e+00 4.99999999999988898e-01 4.99999999999988898e-01 23 1.24720174196853509e+03
2 0 0 40 0.00000000000000000e+00 4.99999999999988898e-01 4.99999999999988898e-01 24 2.37087894878748693e+03
2 0 0 40 0.00000000000000000e+00 4.99999999999988898e-01 4.99999999999988898e-01 25 2.53536136616530302e+03
2 0 0 41 2.50000000000035305e-01 4.99999999999988953e-01 4.99999999999988953e-01 0 -8.11701824203775857e+00
2 0 0 41 2.50000000000035305e-01 4.99999999999988953e-01 4.99999999999988953e-01 1 -4.31802198162748729e-02
2 0 0 41 2.50000000000035305e-01 4.99999999999988953e-01 4.99999999999988953e-01 2 4.03845649802584195e+00
2 0 0 41 2.50000000000035305e-01 4.99999999999988953e-01 4.99999999999988953e-01 3 5.43851803930659106e+00
2 0 0 41 2.50000000000035305e-01 4.99999999999988953e-01 4.99999999999988953e-01 4 1.29269586651163202e+01
2 0 0 41 2.50000000000035305e-01 4.99999999999988953e-01 4.99999999999988953e-01 5 1.56669228422764260e+01
2 0 0 41 2.50000000000035305e-01 4.99999999999988953e-01 4.99999999999988953e-01 6 1.85030401101554958e+01
2 0 0 41 2.50000000000035305e-01 4.99999999999988953e-01 4.99999999999988953e-01 7 1.99812607127662751e+01
2 0 0 41 2.50000000000035305e-01 4.99999999999988953e-01 4.99999999999988953e-01 8 2.60061210935031291e+01
2 0 0 41 2.50000000000035305e-01 4.99999999999988953e-01 4.99999999999988953e-01 9 2.74127901687739559e+01
2 0 0 41 2.50000000000035305e-01 4.99999999999988953e-01 4.99999999999988953e-01 10 2.96124561159675359e+01
2 0 0 41 2.50000000000035305e-01 4.99999999999988953e-01 4.99999999999988953e-01 11 3.11466012592196542e+01
2 0 0 41 2.50000000000035305e-01 4.99999999999988953e-01 4.99999999999988953e-01 12 3.85905437085186946e+01
2 0 0 41 2.50000000000035305e-01 4.99999999999988953e-01 4.99999999999988953e-01 13 3.94803766165295613e+01
2 0 0 41 2.50000000000035305e-01 4.99999999999988953e-01 4.99999999999988953e-01 14 4.04652828671441824e+01
2 0 0 41 2.50000000000035305e-01 4.99999999999988953e-01 4.99999999999988953e-01 15 4.49123089892236180e+01
2 0 0 41 2.50000000000035305e-01 4.99999999999988953e-01 4.99999999999988953e-01 16 4.95404350135877820e+01
2 0 0 41 2.50000000000035305e-01 4.99999999999988953e-01 4.99999999999988953e-01 17 5.14340973400923858e+01
2 0 0 41 2.50000000000035305e-01 4.99999999999988953e-01 4.99999999999988953e-01 18 5.42741325915982742e+01
2 0 0 41 2.50000000000035305e-01 4.99999999999988953e-01 4.99999999999988953e-01 19 7.79738463739839034e+01
2 0 0 41 2.50000000000035305e-01 4.99999999999988953e-01 4.99999999999988953e-01 20 1.22201730782284230e+02
2 0 0 41 2.50000000000035305e-01 4.99999999999988953e-01 4.99999999999988953e-01 21 1.29823854715257994e+02
2 0 0 41 2.50000000000035305e-01 4.99999999999988953e-01 4.99999999999988953e-01 22 9.52390249491091595e+02
2 0 0 41 2.50000000000035305e-01 4.99999999999988953e-01 4.99999999999988953e-01 23 1.14419531118207260e+03
2 0 0 41 2.50000000000035305e-01 4.99999999999988953e-01 4.99999999999988953e-01 24 1.86469600806237804e+03
2 0 0 41 2.50000000000035305e-01 4.99999999999988953e-01 4.99999999999988953e-01 25 3.39988550961874898e+03
2 0 0 42 5.00000000000070610e-01 5.00000000000070610e-01 5.00000000000070610e-01 0 -8.41061613423164189e+00
2 0 0 42 5.00000000000070610e-01 5.00000000000070610e-01 5.00000000000070610e-01 1 -1.80443455683292986e+00
2 0 0 42 5.00000000000070610e-01 5.00000000000070610e-01 5.00000000000070610e-01 2 6.46165326771428994e+00
2 0 0 42 5.00000000000070610e-01 5.00000000000070610e-01 5.00000000000070610e-01 3 7.15959796949412475e+00
2 0 0 42 5.00000000000070610e-01 5.00000000000070610e-01 5.00000000000070610e-01 4 1.23515765155374631e+01
2 0 0 42 5.00000000000070610e-01 5.00000000000070610e-01 5.00000000000070610e-01 5 1.47147960567446248e+01
2 0 0 42 5.00000000000070610e-01 5.00000000000070610e-01 5.00000000000070610e-01 6 1.52884515381891450e+01
2 0 0 42 5.00000000000070610e-01 5.00000000000070610e-01 5.00000000000070610e-01 7 2.50667830828769489e+01
2 0 0 42 5.00000000000070610e-01 5.00000000000070610e-01 5.00000000000070610e-01 8 2.54447592526809174e+01
2 0 0 42 5.00000000000070610e-01 5.00000000000070610e-01 5.00000000000070610e-01 9 2.66201633266453044e+01
2 0 0 42 5.00000000000070610e-01 5.00000000000070610e-01 5.00000000000070610e-01 10 2.89717820097958061e+01
2 0 0 42 5.00000000000070610e-01 5.00000000000070610e-01 5.00000000000070610e-01 11 2.97840947316956779e+01
2 0 0 42 5.00000000000070610e-01 5.00000000000070610e-01 5.00000000000070610e-01 12 3.07447265684307567e+01
2 0 0 42 5.00000000000070610e-01 5.00000000000070610e-01 5.00000000000070610e-01 13 4.11844380278994109e+01
2 0 0 42 5.00000000000070610e-01 5.00000000000070610e-01 5.00000000000070610e-01 14 4.51419406748650687e+01
2 0 0 42 5.00000000000070610e-01 5.00000000000070610e-01 5.00000000000070610e-01 15 4.63268662323433276e+01
2 0 0 42 5.00000000000070610e-01 5.00000000000070610e-01 5.00000000000070610e-01 16 4.77053415153225799e+01
2 0 0 42 5.00000000000070610e-01 5.00000000000070610e-01 5.00000000000070610e-01 17 5.28679288988056015e+01
2 0 0 42 5.00000000000070610e-01 5.00000000000070610e-01 5.00000000000070610e-01 18 5.40576452135833989e+01
2 0 0 42 5.00000000000070610e-01 5.00000000000070610e-01 5.00000000000070610e-01 19 6.68910637627942037e+01
2 0 0 42 5.00000000000070610e-01 5.00000000000070610e-01 5.00000000000070610e-01 20 3.05371233033028318e+02
2 0 0 42 5.00000000000070610e-01 5.00000000000070610e-01 5.00000000000070610e-01 21 3.37261114447819807e+02
2 0 0 42 5.00000000000070610e-01 5.00000000000070610e-01 5.00000000000070610e-01 22 5.73602299250083774e+02
2 0 0 42 5.00000000000070610e-01 5.00000000000070610e-01 5.00000000000070610e-01 23 5.86485590312464410e+02
2 0 0 42 5.00000000000070610e-01 5.00000000000070610e-01 5.00000000000070610e-01 24 1.85240602730301816e+03
2 0 0 42 5.00000000000070610e-01 5.00000000000070610e-01 5.00000000000070610e-01 25 4.18168436878773991e+03
2 0 0 43 7.49999999999942601e-01 4.99999999999988953e-01 4.99999999999988953e-01 0 -8.12173578418819986e+00
2 0 0 43 7.49999999999942601e-01 4.99999999999988953e-01 4.99999999999988953e-01 1 -5.10275930439486602e-02
2 0 0 43 7.49999999999942601e-01 4.99999999999988953e-01 4.99999999999988953e-01 2 4.04443847895328901e+00
2 0 0 43 7.49999999999942601e-01 4.99999999999988953e-01 4.99999999999988953e-01 3 5.44294505973804021e+00
2 0 0 43 7.49999999999942601e-01 4.99999999999988953e-01 4.99999999999988953e-01 4 1.29285585449080145e+01
2 0 0 43 7.49999999999942601e-01 4.99999999999988953e-01 4.99999999999988953e-01 5 1.56668756251310857e+01
2 0 0 43 7.49999999999942601e-01 4.99999999999988953e-01 4.99999999999988953e-01 6 1.85019137748893421e+01
2 0 0 43 7.49999999999942601e-01 4.99999999999988953e-01 4.99999999999988953e-01 7 1.99266620858711079e+01
2 0 0 43 7.49999999999942601e-01 4.99999999999988953e-01 4.99999999999988953e-01 8 2.60145703278453553e+01
2 0 0 43 7.49999999999942601e-01 4.99999999999988953e-01 4.99999999999988953e-01 9 2.74931115586028731e+01
2 0 0 43 7.49999999999942601e-01 4.99999999999988953e-01 4.99999999999988953e-01 10 2.96414351073687179e+01
2 0 0 43 7.49999999999942601e-01 4.99999999999988953e-01 4.99999999999988953e-01 11 3.10814964972162926e+01
2 0 0 43 7.49999999999942601e-01 4.99999999999988953e-01 4.99999999999988953e-01 12 3.86213941695421852e+01
2 0 0 43 7.49999999999942601e-01 4.99999999999988953e-01 4.99999999999988953e-01 13 3.95061325344653014e+01
2 0 0 43 7.49999999999942601e-01 4.99999999999988953e-01 4.99999999999988953e-01 14 4.04710561065886125e+01
2 0 0 43 7.49999999999942601e-01 4.99999999999988953e-01 4.99999999999988953e-01 15 4.48388926194205837e+01
2 0 0 43 7.49999999999942601e-01 4.99999999999988953e-01 4.99999999999988953e-01 16 4.95148163383101050e+01
2 0 0 43 7.49999999999942601e-01 4.99999999999988953e-01 4.99999999999988953e-01 17 5.14010317854805905e+01
2 0 0 43 7.49999999999942601e-01 4.99999999999988953e-01 4.99999999999988953e-01 18 5.43680614734489964e+01
2 0 0 43 7.49999999999942601e-01 4.99999999999988953e-01 4.99999999999988953e-01 19 7.78095857229280767e+01
2 0 0 43 7.49999999999942601e-01 4.99999999999988953e-01 4.99999999999988953e-01 20 1.21378958100637263e+02
2 0 0 43 7.49999999999942601e-01 4.99999999999988953e-01 4.99999999999988953e-01 21 1.30424041494883539e+02
2 0 0 43 7.49999999999942601e-01 4.99999999999988953e-01 4.99999999999988953e-01 22 9.59941549021282526e+02
2 0 0 43 7.49999999999942601e-01 4.99999999999988953e-01 4.99999999999988953e-01 23 1.14328291034301469e+03
2 0 0 43 7.49999999999942601e-01 4.99999999999988953e-01 4.99999999999988953e-01 24 1.86303506305935252e+03
2 0 0 43 7.49999999999942601e-01 4.99999999999988953e-01 4.99999999999988953e-01 25 3.39944594197568358e+03
2 0 0 44 0.00000000000000000e+00 7.50000000000024314e-01 4.99999999999989009e-01 0 -7.79712392270453147e+00
2 0 0 44 0.00000000000000000e+00 7.50000000000024314e-01 4.99999999999989009e-01 1 -1.48314757057009056e-01
2 0 0 44 0.00000000000000000e+00 7.50000000000024314e-01 4.99999999999989009e-01 2 4.48280584271752858e+00
2 0 0 44 0.00000000000000000e+00 7.50000000000024314e-01 4.99999999999989009e-01 3 6.03150248180639359e+00
2 0 0 44 0.00000000000000000e+00 7.50000000000024314e-01 4.99999999999989009e-01 4 1.30493918159587263e+01
2 0 0 44 0.00000000000000000e+00 7.50000000000024314e-01 4.99999999999989009e-01 5 1.58511832770472640e+01
2 0 0 44 0.00000000000000000e+00 7.50000000000024314e-01 4.99999999999989009e-01 6 1.77815299913428895e+01
2 0 0 44 0.00000000000000000e+00 7.50000000000024314e-01 4.99999999999989009e-01 7 1.97702327467626446e+01
2 0 0 44 0.00000000000000000e+00 7.50000000000024314e-01 4.99999999999989009e-01 8 2.59659831164753143e+01
2 0 0 44 0.00000000000000000e+00 7.50000000000024314e-01 4.99999999999989009e-01 9 2.76163053908023777e+01
2 0 0 44 0.00000000000000000e+00 7.50000000000024314e-01 4.99999999999989009e-01 10 2.96427282170630697e+01
2 0 0 44 0.00000000000000000e+00 7.50000000000024314e-01 4.99999999999989009e-01 11 3.14027958757851522e+01
2 0 0 44 0.00000000000000000e+00 7.50000000000024314e-01 4.99999999999989009e-01 12 3.89619457466335675e+01
2 0 0 44 0.00000000000000000e+00 7.50000000000024314e-01 4.99999999999989009e-01 13 3.93551406522659235e+01
2 0 0 44 0.00000000000000000e+00 7.50000000000024314e-01 4.99999999999989009e-01 14 4.00548804328645573e+01
2 0 0 44 0.00000000000000000e+00 7.50000000000024314e-01 4.99999999999989009e-01 15 4.44730359549666048e+01
2 0 0 44 0.00000000000000000e+00 7.50000000000024314e-01 4.99999999999989009e-01 16 4.87226887260610866e+01
2 0 0 44 0.00000000000000000e+00 7.50000000000024314e-01 4.99999999999989009e-01 17 5.22347602120416781e+01
2 0 0 44 0.00000000000000000e+00 7.50000000000024314e-01 4.99999999999989009e-01 18 5.43358715644783601e+01
2 0 0 44 0.00000000000000000e+00 7.50000000000024314e-01 4.99999999999989009e-01 19 7.64775029658435272e+01
2 0 0 44 0.00000000000000000e+00 7.50000000000024314e-01 4.99999999999989009e-01 20 1.23724867781710429e+02
2 0 0 44 0.00000000000000000e+00 7.50000000000024314e-01 4.99999999999989009e-01 21 1.33677975348726989e+02
2 0 0 44 0.00000000000000000e+00 7.50000000000024314e-01 4.99999999999989009e-01 22 9.34156250450473749e+02
2 0 0 44 0.00000000000000000e+00 7.50000000000024314e-01 4.99999999999989009e-01 23 1.05707690469055319e+03
2 0 0 44 0.00000000000000000e+00 7.50000000000024314e-01 4.99999999999989009e-01 24 1.93643308925438987e+03
2 0 0 44 0.00000000000000000e+00 7.50000000000024314e-01 4.99999999999989009e-01 25 3.29568909899598248e+03
2 0 0 45 2.50000000000035305e-01 7.50000000000024203e-01 4.99999999999988898e-01 0 -6.05575301936825916e+00
2 0 0 45 2.50000000000035305e-01 7.50000000000024203e-01 4.99999999999988898e-01 1 -1.52592112056105372e-02
2 0 0 45 2.50000000000035305e-01 7.50000000000024203e-01 4.99999999999988898e-01 2 3.69757461618039995e+00
2 0 0 45 2.50000000000035305e-01 7.50000000000024203e-01 4.99999999999988898e-01 3 4.39003675906887647e+00
2 0 0 45 2.50000000000035305e-01 7.50000000000024203e-01 4.99999999999988898e-01 4 1.40274038070641360e+01
2 0 0 45 2.50000000000035305e-01 7.50000000000024203e-01 4.99999999999988898e-01 5 1.57540703824748327e+01
2 0 0 45 2.50000000000035305e-01 7.50000000000024203e-01 4.99999999999988898e-01 6 1.75622661002548135e+01
2 0 0 45 2.50000000000035305e-01 7.50000000000024203e-01 4.99999999999988898e-01 7 1.98631296500267318e+01
2 0 0 45 2.50000000000035305e-01 7.50000000000024203e-01 4.99999999999988898e-01 8 2.56502855206314386e+01
2 0 0 45 2.50000000000035305e-01 7.50000000000024203e-01 4.99999999999988898e-01 9 2.64922140242924904e+01
2 0 0 45 2.50000000000035305e-01 7.50000000000024203e-01 4.99999999999988898e-01 10 3.08652445711324077e+01
2 0 0 45 2.50000000000035305e-01 7.50000000000024203e-01 4.99999999999988898e-01 11 3.36730656048682064e+01
2 0 0 45 2.50000000000035305e-01 7.50000000000024203e-01 4.99999999999988898e-01 12 3.85703865954750356e+01
2 0 0 45 2.50000000000035305e-01 7.50000000000024203e-01 4.99999999999988898e-01 13 4.01684596610531983e+01
2 0 0 45 2.50000000000035305e-01 7.50000000000024203e-01 4.99999999999988898e-01 14 4.24316939205275503e+01
2 0 0 45 2.50000000000035305e-01 7.50000000000024203e-01 4.99999999999988898e-01 15 4.38408579421852309e+01
2 0 0 45 2.50000000000035305e-01 7.50000000000024203e-01 4.99999999999988898e-01 16 4.53784252767339709e+01
2 0 0 45 2.50000000000035305e-01 7.50000000000024203e-01 4.99999999999988898e-01 17 4.60824360717517152e+01
2 0 0 45 2.50000000000035305e-01 7.50000000000024203e-01 4.99999999999988898e-01 18 5.77789004075818653e+01
2 0 0 45 2.50000000000035305e-01 7.50000000000024203e-01 4.99999999999988898e-01 19 6.01000833712656188e+01
2 0 0 45 2.50000000000035305e-01 7.50000000000024203e-01 4.99999999999988898e-01 20 9.81254155836717956e+01
2 0 0 45 2.50000000000035305e-01 7.50000000000024203e-01 4.99999999999988898e-01 21 1.01350175049354718e+02
2 0 0 45 2.50000000000035305e-01 7.50000000000024203e-01 4.99999999999988898e-01 22 1.15596659486147769e+03
2 0 0 45 2.50000000000035305e-01 7.50000000000024203e-01 4.99999999999988898e-01 23 1.59159083494299580e+03
2 0 0 45 2.50000000000035305e-01 7.50000000000024203e-01 4.99999999999988898e-01 24 2.40731981069433505e+03
2 0 0 45 2.50000000000035305e-01 7.50000000000024203e-01 4.99999999999988898e-01 25 2.59921083878044783e+03
2 0 0 46 4.99999999999988953e-01 7.49999999999942601e-01 4.99999999999988953e-01 0 -8.10070523647606677e+00
2 0 0 46 4.99999999999988953e-01 7.49999999999942601e-01 4.99999999999988953e-01 1 -2.34146973405964687e-01
2 0 0 46 4.99999999999988953e-01 7.49999999999942601e-01 4.99999999999988953e-01 2 4.33590538991157448e+00
2 0 0 46 4.99999999999988953e-01 7.49999999999942601e-01 4.99999999999988953e-01 3 6.39048707199388932e+00
2 0 0 46 4.99999999999988953e-01 7.49999999999942601e-01 4.99999999999988953e-01 4 1.30479064236242692e+01
2 0 0 46 4.99999999999988953e-01 7.49999999999942601e-01 4.99999999999988953e-01 5 1.58054906818644643e+01
2 0 0 46 4.99999999999988953e-01 7.49999999999942601e-01 4.99999999999988953e-01 6 1.82784879355154288e+01
2 0 0 46 4.99999999999988953e-01 7.49999999999942601e-01 4.99999999999988953e-01 7 1.94955488604530096e+01
2 0 0 46 4.99999999999988953e-01 7.49999999999942601e-01 4.99999999999988953e-01 8 2.62109591030965134e+01
2 0 0 46 4.99999999999988953e-01 7.49999999999942601e-01 4.99999999999988953e-01 9 2.72654536377070009e+01
2 0 0 46 4.99999999999988953e-01 7.49999999999942601e-01 4.99999999999988953e-01 10 2.92315999572477843e+01
2 0 0 46 4.99999999999988953e-01 7.49999999999942601e-01 4.99999999999988953e-01 11 3.10754712173315752e+01
2 0 0 46 4.99999999999988953e-01 7.49999999999942601e-01 4.99999999999988953e-01 12 3.88446525977047514e+01
2 0 0 46 4.99999999999988953e-01 7.49999999999942601e-01 4.99999999999988953e-01 13 3.94496735168085806e+01
2 0 0 46 4.99999999999988953e-01 7.49999999999942601e-01 4.99999999999988953e-01 14 4.08218021008195038e+01
2 0 0 46 4.99999999999988953e-01 7.49999999999942601e-01 4.99999999999988953e-01 15 4.50583761392669828e+01
2 0 0 46 4.99999999999988953e-01 7.49999999999942601e-01 4.99999999999988953e-01 16 4.94446800994757751e+01
2 0 0 46 4.99999999999988953e-01 7.49999999999942601e-01 4.99999999999988953e-01 17 5.13703436547542722e+01
2 0 0 46 4.99999999999988953e-01 7.49999999999942601e-01 4.99999999999988953e-01 18 5.42685279044559010e+01
2 0 0 46 4.99999999999988953e-01 7.49999999999942601e-01 4.99999999999988953e-01 19 7.77761882646653078e+01
2 0 0 46 4.99999999999988953e-01 7.49999999999942601e-01 4.99999999999988953e-01 20 1.26029126169815882e+02
2 0 0 46 4.99999999999988953e-01 7.49999999999942601e-01 4.99999999999988953e-01 21 1.30756822316126375e+02
2 0 0 46 4.99999999999988953e-01 7.49999999999942601e-01 4.99999999999988953e-01 22 8.59920306080607247e+02
2 0 0 46 4.99999999999988953e-01 7.49999999999942601e-01 4.99999999999988953e-01 23 1.13442418543507961e+03
2 0 0 46 4.99999999999988953e-01 7.49999999999942601e-01 4.99999999999988953e-01 24 1.90014390940179760e+03
2 0 0 46 4.99999999999988953e-01 7.49999999999942601e-01 4.99999999999988953e-01 25 3.43189881761043353e+03
2 0 0 47 7.50000000000024203e-01 7.50000000000024203e-01 5.00000000000070610e-01 0 -9.56144099803498548e+00
2 0 0 47 7.50000000000024203e-01 7.50000000000024203e-01 5.00000000000070610e-01 1 1.26673654969992633e+00
2 0 0 47 7.50000000000024203e-01 7.50000000000024203e-01 5.00000000000070610e-01 2 3.91687123145559424e+00
2 0 0 47 7.50000000000024203e-01 7.50000000000024203e-01 5.00000000000070610e-01 3 7.35022757391777759e+00
2 0 0 47 7.50000000000024203e-01 7.50000000000024203e-01 5.00000000000070610e-01 4 1.37247117930639426e+01
2 0 0 47 7.50000000000024203e-01 7.50000000000024203e-01 5.00000000000070610e-01 5 1.60439970529237392e+01
2 0 0 47 7.50000000000024203e-01 7.50000000000024203e-01 5.00000000000070610e-01 6 1.75860484278623517e+01
2 0 0 47 7.50000000000024203e-01 7.50000000000024203e-01 5.00000000000070610e-01 7 1.91839063116592889e+01
2 0 0 47 7.50000000000024203e-01 7.50000000000024203e-01 5.00000000000070610e-01 8 2.03833827226098059e+01
2 0 0 47 7.50000000000024203e-01 7.50000000000024203e-01 5.00000000000070610e-01 9 2.66124747245995650e+01
2 0 0 47 7.50000000000024203e-01 7.50000000000024203e-01 5.00000000000070610e-01 10 3.08730441803475131e+01
2 0 0 47 7.50000000000024203e-01 7.50000000000024203e-01 5.00000000000070610e-01 11 3.62654625160452824e+01
2 0 0 47 7.50000000000024203e-01 7.50000000000024203e-01 5.00000000000070610e-01 12 3.68305167126089543e+01
2 0 0 47 7.50000000000024203e-01 7.50000000000024203e-01 5.00000000000070610e-01 13 3.85623121640027762e+01
2 0 0 47 7.50000000000024203e-01 7.50000000000024203e-01 5.00000000000070610e-01 14 4.13864439364606724e+01
2 0 0 47 7.50000000000024203e-01 7.50000000000024203e-01 5.00000000000070610e-01 15 4.37697245959405024e+01
2 0 0 47 7.50000000000024203e-01 7.50000000000024203e-01 5.00000000000070610e-01 16 4.72418540876433468e+01
2 0 0 47 7.50000000000024203e-01 7.50000000000024203e-01 5.00000000000070610e-01 17 5.13095471186138496e+01
2 0 0 47 7.50000000000024203e-01 7.50000000000024203e-01 5.00000000000070610e-01 18 5.52784061613831099e+01
2 0 0 47 7.50000000000024203e-01 7.50000000000024203e-01 5.00000000000070610e-01 19 9.30611554943623673e+01
2 0 0 47 7.50000000000024203e-01 7.50000000000024203e-01 5.00000000000070610e-01 20 1.13168406609179968e+02
2 0 0 47 7.50000000000024203e-01 7.50000000000024203e-01 5.00000000000070610e-01 21 2.41491124484911126e+02
2 0 0 47 7.50000000000024203e-01 7.50000000000024203e-01 5.00000000000070610e-01 22 7.92175809706379027e+02
2 0 0 47 7.50000000000024203e-01 7.50000000000024203e-01 5.00000000000070610e-01 23 1.02181776402784271e+03
2 0 0 47 7.50000000000024203e-01 7.50000000000024203e-01 5.00000000000070610e-01 24 1.77203106167201827e+03
2 0 0 47 7.50000000000024203e-01 7.50000000000024203e-01 5.00000000000070610e-01 25 3.29000668041765584e+03
2 0 0 48 0.00000000000000000e+00 0.00000000000000000e+00 7.49999999999942601e-01 0 -1.20896702508976794e+01
2 0 0 48 0.00000000000000000e+00 0.00000000000000000e+00 7.49999999999942601e-01 1 3.80704565138100959e+00
2 0 0 48 0.00000000000000000e+00 0.00000000000000000e+00 7.49999999999942601e-01 2 7.12730941166556597e+00
2 0 0 48 0.00000000000000000e+00 0.00000000000000000e+00 7.49999999999942601e-01 3 7.79511527019213091e+00
2 0 0 48 0.00000000000000000e+00 0.00000000000000000e+00 7.49999999999942601e-01 4 1.35993314277021042e+01
2 0 0 48 0.00000000000000000e+00 0.00000000000000000e+00 7.49999999999942601e-01 5 1.54020533309396175e+01
2 0 0 48 0.00000000000000000e+00 0.00000000000000000e+00 7.49999999999942601e-01 6 1.55232984194332815e+01
2 0 0 48 0.00000000000000000e+00 0.00000000000000000e+00 7.49999999999942601e-01 7 1.99304483183225400e+01
2 0 0 48 0.00000000000000000e+00 0.00000000000000000e+00 7.49999999999942601e-01 8 2.03275700031050732e+01
2 0 0 48 0.00000000000000000e+00 0.00000000000000000e+00 7.49999999999942601e-01 9 2.35943967036208484e+01
2 0 0 48 0.00000000000000000e+00 0.00000000000000000e+00 7.49999999999942601e-01 10 3.30012951944231503e+01
2 0 0 48 0.00000000000000000e+00 0.00000000000000000e+00 7.49999999999942601e-01 11 3.39108562934172468e+01
2 0 0 48 0.00000000000000000e+00 0.00000000000000000e+00 7.49999999999942601e-01 12 3.54761422090783825e+01
2 0 0 48 0.00000000000000000e+00 0.00000000000000000e+00 7.49999999999942601e-01 13 3.74741910765482800e+01
2 0 0 48 0.00000000000000000e+00 0.00000000000000000e+00 7.49999999999942601e-01 14 4.33543574762226100e+01
2 0 0 48 0.00000000000000000e+00 0.00000000000000000e+00 7.49999999999942601e-01 15 4.49850953663807758e+01
2 0 0 48 0.00000000000000000e+00 0.00000000000000000e+00 7.49999999999942601e-01 16 5.20045360250847750e+01
2 0 0 48 0.00000000000000000e+00 0.00000000000000000e+00 7.49999999999942601e-01 17 5.43150243781416293e+01
2 0 0 48 0.00000000000000000e+00 0.00000000000000000e+00 7.49999999999942601e-01 18 5.51440030342270191e+01
2 0 0 48 0.00000000000000000e+00 0.00000000000000000e+00 7.49999999999942601e-01 19 1.17593251617671200e+02
2 0 0 48 0.00000000000000000e+00 0.00000000000000000e+00 7.49999999999942601e-01 20 3.26948407523375010e+02
2 0 0 48 0.00000000000000000e+00 0.00000000000000000e+00 7.49999999999942601e-01 21 3.63677307471488177e+02
2 0 0 48 0.00000000000000000e+00 0.00000000000000000e+00 7.49999999999942601e-01 22 8.55432403076676451e+02
2 0 0 48 0.00000000000000000e+00 0.00000000000000000e+00 7.49999999999942601e-01 23 9.00463937797692552e+02
2 0 0 48 0.00000000000000000e+00 0.00000000000000000e+00 7.49999999999942601e-01 24 1.44091244096745277e+03
2 0 0 48 0.00000000000000000e+00 0.00000000000000000e+00 7.49999999999942601e-01 25 2.82317347067929040e+03
2 0 0 49 2.49999999999953593e-01 0.00000000000000000e+00 7.50000000000024203e-01 0 -9.41389587140453443e+00
2 0 0 49 2.49999999999953593e-01 0.00000000000000000e+00 7.50000000000024203e-01 1 1.35013356548919883e+00
2 0 0 49 2.49999999999953593e-01 0.00000000000000000e+00 7.50000000000024203e-01 2 4.10721657509030802e+00
2 0 0 49 2.49999999999953593e-01 0.00000000000000000e+00 7.50000000000024203e-01 3 6.81803552247563793e+00
2 0 0 49 2.49999999999953593e-01 0.00000000000000000e+00 7.50000000000024203e-01 4 1.47300410289202741e+01
2 0 0 49 2.49999999999953593e-01 0.00000000000000000e+00 7.50000000000024203e-01 5 1.59587858870275259e+01
2 0 0 49 2.49999999999953593e-01 0.00000000000000000e+00 7.50000000000024203e-01 6 1.70264099022419195e+01
2 0 0 49 2.49999999999953593e-01 0.00000000000000000e+00 7.50000000000024203e-01 7 1.88447457786182113e+01
2 0 0 49 2.49999999999953593e-01 0.00000000000000000e+00 7.50000000000024203e-01 8 2.05814165020051369e+01
2 0 0 49 2.49999999999953593e-01 0.00000000000000000e+00 7.50000000000024203e-01 9 2.68933732672476964e+01
2 0 0 49 2.49999999999953593e-01 0.00000000000000000e+00 7.50000000000024203e-01 10 3.14193430333412884e+01
2 0 0 49 2.49999999999953593e-01 0.00000000000000000e+00 7.50000000000024203e-01 11 3.59936278545506028e+01
2 0 0 49 2.49999999999953593e-01 0.00000000000000000e+00 7.50000000000024203e-01 12 3.72267126778168347e+01
2 0 0 49 2.49999999999953593e-01 0.00000000000000000e+00 7.50000000000024203e-01 13 4.00960145314951575e+01
2 0 0 49 2.49999999999953593e-01 0.00000000000000000e+00 7.50000000000024203e-01 14 4.11410409035049582e+01
2 0 0 49 2.49999999999953593e-01 0.00000000000000000e+00 7.50000000000024203e-01 15 4.29529797985331214e+01
2 0 0 49 2.49999999999953593e-01 0.00000000000000000e+00 7.50000000000024203e-01 16 4.51811312143562560e+01
2 0 0 49 2.49999999999953593e-01 0.00000000000000000e+00 7.50000000000024203e-01 17 5.15641839190037743e+01
2 0 0 49 2.49999999999953593e-01 0.00000000000000000e+00 7.50000000000024203e-01 18 5.52383993573336483e+01
2 0 0 49 2.49999999999953593e-01 0.00000000000000000e+00 7.50000000000024203e-01 19 9.01688057511470333e+01
2 0 0 49 2.49999999999953593e-01 0.00000000000000000e+00 7.50000000000024203e-01 20 1.08390498024675409e+02
2 0 0 49 2.49999999999953593e-01 0.00000000000000000e+00 7.50000000000024203e-01 21 2.49054371576518065e+02
2 0 0 49 2.49999999999953593e-01 0.00000000000000000e+00 7.50000000000024203e-01 22 7.83299810312096952e+02
2 0 0 49 2.49999999999953593e-01 0.00000000000000000e+00 7.50000000000024203e-01 23 1.08614744542131984e+03
2 0 0 49 2.49999999999953593e-01 0.00000000000000000e+00 7.50000000000024203e-01 24 1.80149124901177288e+03
2 0 0 49 2.49999999999953593e-01 0.00000000000000000e+00 7.50000000000024203e-01 25 3.24775900183052636e+03
2 0 0 50 4.99999999999989009e-01 0.00000000000000000e+00 7.50000000000024314e-01 0 -7.75885023528676765e+00
2 0 0 50 4.99999999999989009e-01 0.00000000000000000e+00 7.50000000000024314e-01 1 -3.11930602106274768e-01
2 0 0 50 4.99999999999989009e-01 0.00000000000000000e+00 7.50000000000024314e-01 2 4.42616254677481447e+00
2 0 0 50 4.99999999999989009e-01 0.00000000000000000e+00 7.50000000000024314e-01 3 6.12793451985945925e+00
2 0 0 50 4.99999999999989009e-01 0.00000000000000000e+00 7.50000000000024314e-01 4 1.28317202434415094e+01
2 0 0 50 4.99999999999989009e-01 0.00000000000000000e+00 7.50000000000024314e-01 5 1.57886805965242658e+01
2 0 0 50 4.99999999999989009e-01 0.00000000000000000e+00 7.50000000000024314e-01 6 1.84833035860887698e+01
2 0 0 50 4.99999999999989009e-01 0.00000000000000000e+00 7.50000000000024314e-01 7 1.98965443251572225e+01
2 0 0 50 4.99999999999989009e-01 0.00000000000000000e+00 7.50000000000024314e-01 8 2.54459232834911546e+01
2 0 0 50 4.99999999999989009e-01 0.00000000000000000e+00 7.50000000000024314e-01 9 2.74753198021941749e+01
2 0 0 50 4.99999999999989009e-01 0.00000000000000000e+00 7.50000000000024314e-01 10 2.98652965919352908e+01
2 0 0 50 4.99999999999989009e-01 0.00000000000000000e+00 7.50000000000024314e-01 11 3.06808696551749556e+01
2 0 0 50 4.99999999999989009e-01 0.00000000000000000e+00 7.50000000000024314e-01 12 3.90380489058461748e+01
2 0 0 50 4.99999999999989009e-01 0.00000000000000000e+00 7.50000000000024314e-01 13 3.94500634501582965e+01
2 0 0 50 4.99999999999989009e-01 0.00000000000000000e+00 7.50000000000024314e-01 14 4.00313909967873442e+01
2 0 0 50 4.99999999999989009e-01 0.00000000000000000e+00 7.50000000000024314e-01 15 4.47884226292925121e+01
2 0 0 50 4.99999999999989009e-01 0.00000000000000000e+00 7.50000000000024314e-01 16 4.95311384406982498e+01
2 0 0 50 4.99999999999989009e-01 0.00000000000000000e+00 7.50000000000024314e-01 17 5.14639985066175996e+01
2 0 0 50 4.99999999999989009e-01 0.00000000000000000e+00 7.50000000000024314e-01 18 5.43981520154079661e+01
2 0 0 50 4.99999999999989009e-01 0.00000000000000000e+00 7.50000000000024314e-01 19 7.57608043967261011e+01
2 0 0 50 4.99999999999989009e-01 0.00000000000000000e+00 7.50000000000024314e-01 20 1.22337006776027181e+02
2 0 0 50 4.99999999999989009e-01 0.00000000000000000e+00 7.50000000000024314e-01 21 1.36692707483720255e+02
2 0 0 50 4.99999999999989009e-01 0.00000000000000000e+00 7.50000000000024314e-01 22 9.09243224598050801e+02
2 0 0 50 4.99999999999989009e-01 0.00000000000000000e+00 7.50000000000024314e-01 23 1.11414421986162438e+03
2 0 0 50 4.99999999999989009e-01 0.00000000000000000e+00 7.50000000000024314e-01 24 1.95859717434928598e+03
2 0 0 50 4.99999999999989009e-01 0.00000000000000000e+00 7.50000000000024314e-01 25 3.15580192231555111e+03
2 0 0 51 7.50000000000024203e-01 0.00000000000000000e+00 7.50000000000024203e-01 0 -1.16099135913778326e+01
2 0 0 51 7.50000000000024203e-01 0.00000000000000000e+00 7.50000000000024203e-01 1 3.72658564676551674e+00
2 0 0 51 7.50000000000024203e-01 0.00000000000000000e+00 7.50000000000024203e-01 2 6.48596070495717836e+00
2 0 0 51 7.50000000000024203e-01 0.00000000000000000e+00 7.50000000000024203e-01 3 7.03682901870026445e+00
2 0 0 51 7.50000000000024203e-01 0.00000000000000000e+00 7.50000000000024203e-01 4 1.24512697852752954e+01
2 0 0 51 7.50000000000024203e-01 0.00000000000000000e+00 7.50000000000024203e-01 5 1.57370128542384133e+01
2 0 0 51 7.50000000000024203e-01 0.00000000000000000e+00 7.50000000000024203e-01 6 1.78171166211372309e+01
2 0 0 51 7.50000000000024203e-01 0.00000000000000000e+00 7.50000000000024203e-01 7 1.89249158996260611e+01
2 0 0 51 7.50000000000024203e-01 0.00000000000000000e+00 7.50000000000024203e-01 8 2.20520638144431835e+01
2 0 0 51 7.50000000000024203e-01 0.00000000000000000e+00 7.50000000000024203e-01 9 2.53857405435684349e+01
2 0 0 51 7.50000000000024203e-01 0.00000000000000000e+00 7.50000000000024203e-01 10 3.15588881476960346e+01
2 0 0 51 7.50000000000024203e-01 0.00000000000000000e+00 7.50000000000024203e-01 11 3.31553999988758363e+01
2 0 0 51 7.50000000000024203e-01 0.00000000000000000e+00 7.50000000000024203e-01 12 3.56491899398876910e+01
2 0 0 51 7.50000000000024203e-01 0.00000000000000000e+00 7.50000000000024203e-01 13 3.98939558247103747e+01
2 0 0 51 7.50000000000024203e-01 0.00000000000000000e+00 7.50000000000024203e-01 14 4.28878134950257532e+01
2 0 0 51 7.50000000000024203e-01 0.00000000000000000e+00 7.50000000000024203e-01 15 4.67801942892969862e+01
2 0 0 51 7.50000000000024203e-01 0.00000000000000000e+00 7.50000000000024203e-01 16 4.92000573057661654e+01
2 0 0 51 7.50000000000024203e-01 0.00000000000000000e+00 7.50000000000024203e-01 17 5.20170458775718032e+01
2 0 0 51 7.50000000000024203e-01 0.00000000000000000e+00 7.50000000000024203e-01 18 5.94756391601011813e+01
2 0 0 51 7.50000000000024203e-01 0.00000000000000000e+00 7.50000000000024203e-01 19 1.44669775128177804e+02
2 0 0 51 7.50000000000024203e-01 0.00000000000000000e+00 7.50000000000024203e-01 20 1.58262663407008603e+02
2 0 0 51 7.50000000000024203e-01 0.00000000000000000e+00 7.50000000000024203e-01 21 2.90106722192007851e+02
2 0 0 51 7.50000000000024203e-01 0.00000000000000000e+00 7.50000000000024203e-01 22 7.03280207554827939e+02
2 0 0 51 7.50000000000024203e-01 0.00000000000000000e+00 7.50000000000024203e-01 23 1.56369978931451715e+03
2 0 0 51 7.50000000000024203e-01 0.00000000000000000e+00 7.50000000000024203e-01 24 1.70385163562023695e+03
2 0 0 51 7.50000000000024203e-01 0.00000000000000000e+00 7.50000000000024203e-01 25 2.04343018830929304e+03
2 0 0 52 0.00000000000000000e+00 2.49999999999953593e-01 7.50000000000024203e-01 0 -9.71149286197593220e+00
2 0 0 52 0.00000000000000000e+00 2.49999999999953593e-01 7.50000000000024203e-01 1 1.56140691689043010e+00
2 0 0 52 0.00000000000000000e+00 2.49999999999953593e-01 7.50000000000024203e-01 2 4.42031960122346579e+00
2 0 0 52 0.00000000000000000e+00 2.49999999999953593e-01 7.50000000000024203e-01 3 6.70991873291484087e+00
2 0 0 52 0.00000000000000000e+00 2.49999999999953593e-01 7.50000000000024203e-01 4 1.46956884458660753e+01
2 0 0 52 0.00000000000000000e+00 2.49999999999953593e-01 7.50000000000024203e-01 5 1.60024687581367679e+01
2 0 0 52 0.00000000000000000e+00 2.49999999999953593e-01 7.50000000000024203e-01 6 1.75100211895762783e+01
2 0 0 52 0.00000000000000000e+00 2.49999999999953593e-01 7.50000000000024203e-01 7 1.84623396620334184e+01
2 0 0 52 0.00000000000000000e+00 2.49999999999953593e-01 7.50000000000024203e-01 8 2.09234644107100749e+01
2 0 0 52 0.00000000000000000e+00 2.49999999999953593e-01 7.50000000000024203e-01 9 2.70059241936617944e+01
2 0 0 52 0.00000000000000000e+00 2.49999999999953593e-01 7.50000000000024203e-01 10 3.09836917901906901e+01
2 0 0 52 0.00000000000000000e+00 2.49999999999953593e-01 7.50000000000024203e-01 11 3.53857327682190217e+01
2 0 0 52 0.00000000000000000e+00 2.49999999999953593e-01 7.50000000000024203e-01 12 3.65990237843784101e+01
2 0 0 52 0.00000000000000000e+00 2.49999999999953593e-01 7.50000000000024203e-01 13 3.84997927517865079e+01
2 0 0 52 0.00000000000000000e+00 2.49999999999953593e-01 7.50000000000024203e-01 14 4.19000187531412109e+01
2 0 0 52 0.00000000000000000e+00 2.49999999999953593e-01 7.50000000000024203e-01 15 4.35735161796235957e+01
2 0 0 52 0.00000000000000000e+00 2.49999999999953593e-01 7.50000000000024203e-01 16 4.69976954171182868e+01
2 0 0 52 0.00000000000000000e+00 2.49999999999953593e-01 7.50000000000024203e-01 17 5.17352138247055322e+01
2 0 0 52 0.00000000000000000e+00 2.49999999999953593e-01 7.50000000000024203e-01 18 5.57728005271577487e+01
2 0 0 52 0.00000000000000000e+00 2.49999999999953593e-01 7.50000000000024203e-01 19 8.72632352402437164e+01
2 0 0 52 0.00000000000000000e+00 2.49999999999953593e-01 7.50000000000024203e-01 20 1.10503986046661936e+02
2 0 0 52 0.00000000000000000e+00 2.49999999999953593e-01 7.50000000000024203e-01 21 2.53125471945725963e+02
2 0 0 52 0.00000000000000000e+00 2.49999999999953593e-01 7.50000000000024203e-01 22 7.02581338703089159e+02
2 0 0 52 0.00000000000000000e+00 2.49999999999953593e-01 7.50000000000024203e-01 23 1.00876333531282341e+03
2 0 0 52 0.00000000000000000e+00 2.49999999999953593e-01 7.50000000000024203e-01 24 1.87142458033083744e+03
2 0 0 52 0.00000000000000000e+00 2.49999999999953593e-01 7.50000000000024203e-01 25 3.36082355341785706e+03
2 0 0 53 2.49999999999953648e-01 2.49999999999953648e-01 7.49999999999942601e-01 0 -9.20408560503370943e+00
2 0 0 53 2.49999999999953648e-01 2.49999999999953648e-01 7.49999999999942601e-01 1 1.92483739131293130e-01
2 0 0 53 2.49999999999953648e-01 2.49999999999953648e-01 7.49999999999942601e-01 2 4.01719118069652747e+00
2 0 0 53 2.49999999999953648e-01 2.49999999999953648e-01 7.49999999999942601e-01 3 6.35111260735055971e+00
2 0 0 53 2.49999999999953648e-01 2.49999999999953648e-01 7.49999999999942601e-01 4 1.24268715187660348e+01
2 0 0 53 2.49999999999953648e-01 2.49999999999953648e-01 7.49999999999942601e-01 5 1.58789008580310806e+01
2 0 0 53 2.49999999999953648e-01 2.49999999999953648e-01 7.49999999999942601e-01 6 1.85855615818836277e+01
2 0 0 53 2.49999999999953648e-01 2.49999999999953648e-01 7.49999999999942601e-01 7 1.93862529571607460e+01
2 0 0 53 2.49999999999953648e-01 2.49999999999953648e-01 7.49999999999942601e-01 8 2.59538749907495152e+01
2 0 0 53 2.49999999999953648e-01 2.49999999999953648e-01 7.49999999999942601e-01 9 2.80020172438353541e+01
2 0 0 53 2.49999999999953648e-01 2.49999999999953648e-01 7.49999999999942601e-01 10 3.02839027462111012e+01
2 0 0 53 2.49999999999953648e-01 2.49999999999953648e-01 7.49999999999942601e-01 11 3.13698165555722213e+01
2 0 0 53 2.49999999999953648e-01 2.49999999999953648e-01 7.49999999999942601e-01 12 3.91842359791195420e+01
2 0 0 53 2.49999999999953648e-01 2.49999999999953648e-01 7.49999999999942601e-01 13 3.96090037824491006e+01
2 0 0 53 2.49999999999953648e-01 2.49999999999953648e-01 7.49999999999942601e-01 14 4.02811166963094323e+01
2 0 0 53 2.49999999999953648e-01 2.49999999999953648e-01 7.49999999999942601e-01 15 4.44885129504338721e+01
2 0 0 53 2.49999999999953648e-01 2.49999999999953648e-01 7.49999999999942601e-01 16 4.88455065194204039e+01
2 0 0 53 2.49999999999953648e-01 2.49999999999953648e-01 7.49999999999942601e-01 17 5.04466706625462535e+01
2 0 0 53 2.49999999999953648e-01 2.49999999999953648e-01 7.49999999999942601e-01 18 5.54007321208649302e+01
2 0 0 53 2.49999999999953648e-01 2.49999999999953648e-01 7.49999999999942601e-01 19 7.53510574509701030e+01
2 0 0 53 2.49999999999953648e-01 2.49999999999953648e-01 7.49999999999942601e-01 20 1.28959456629494497e+02
2 0 0 53 2.49999999999953648e-01 2.49999999999953648e-01 7.49999999999942601e-01 21 1.33242164613098794e+02
2 0 0 53 2.49999999999953648e-01 2.49999999999953648e-01 7.49999999999942601e-01 22 9.07531217369532555e+02
2 0 0 53 2.49999999999953648e-01 2.49999999999953648e-01 7.49999999999942601e-01 23 1.07923410023421070e+03
2 0 0 53 2.49999999999953648e-01 2.49999999999953648e-01 7.49999999999942601e-01 24 1.80702202357100759e+03
2 0 0 53 2.49999999999953648e-01 2.49999999999953648e-01 7.49999999999942601e-01 25 3.40300516658087417e+03
2 0 0 54 4.99999999999988898e-01 2.50000000000035305e-01 7.50000000000024203e-01 0 -7.08056275257765666e+00
2 0 0 54 4.99999999999988898e-01 2.50000000000035305e-01 7.50000000000024203e-01 1 1.93361938670767119e-01
2 0 0 54 4.99999999999988898e-01 2.50000000000035305e-01 7.50000000000024203e-01 2 3.07927904467377811e+00
2 0 0 54 4.99999999999988898e-01 2.50000000000035305e-01 7.50000000000024203e-01 3 4.35541542677363758e+00
2 0 0 54 4.99999999999988898e-01 2.50000000000035305e-01 7.50000000000024203e-01 4 1.42952057219164050e+01
2 0 0 54 4.99999999999988898e-01 2.50000000000035305e-01 7.50000000000024203e-01 5 1.57014355078011665e+01
2 0 0 54 4.99999999999988898e-01 2.50000000000035305e-01 7.50000000000024203e-01 6 1.85884906831407406e+01
2 0 0 54 4.99999999999988898e-01 2.50000000000035305e-01 7.50000000000024203e-01 7 1.97194311957456527e+01
2 0 0 54 4.99999999999988898e-01 2.50000000000035305e-01 7.50000000000024203e-01 8 2.56083611107840561e+01
2 0 0 54 4.99999999999988898e-01 2.50000000000035305e-01 7.50000000000024203e-01 9 2.68500591371949753e+01
2 0 0 54 4.99999999999988898e-01 2.50000000000035305e-01 7.50000000000024203e-01 10 3.08940292855183820e+01
2 0 0 54 4.99999999999988898e-01 2.50000000000035305e-01 7.50000000000024203e-01 11 3.31509041374473057e+01
2 0 0 54 4.99999999999988898e-01 2.50000000000035305e-01 7.50000000000024203e-01 12 3.83322808365263157e+01
2 0 0 54 4.99999999999988898e-01 2.50000000000035305e-01 7.50000000000024203e-01 13 4.01035415817052225e+01
2 0 0 54 4.99999999999988898e-01 2.50000000000035305e-01 7.50000000000024203e-01 14 4.21949333475174342e+01
2 0 0 54 4.99999999999988898e-01 2.50000000000035305e-01 7.50000000000024203e-01 15 4.36684903175104324e+01
2 0 0 54 4.99999999999988898e-01 2.50000000000035305e-01 7.50000000000024203e-01 16 4.46186313836311754e+01
2 0 0 54 4.99999999999988898e-01 2.50000000000035305e-01 7.50000000000024203e-01 17 4.60344657171635632e+01
2 0 0 54 4.99999999999988898e-01 2.50000000000035305e-01 7.50000000000024203e-01 18 5.69116468582578889e+01
2 0 0 54 4.99999999999988898e-01 2.50000000000035305e-01 7.50000000000024203e-01 19 6.07246878790493199e+01
2 0 0 54 4.99999999999988898e-01 2.50000000000035305e-01 7.50000000000024203e-01 20 9.86472514696792047e+01
2 0 0 54 4.99999999999988898e-01 2.50000000000035305e-01 7.50000000000024203e-01 21 1.00372054726246432e+02
2 0 0 54 4.99999999999988898e-01 2.50000000000035305e-01 7.50000000000024203e-01 22 1.38795905173028564e+03
2 0 0 54 4.99999999999988898e-01 2.50000000000035305e-01 7.50000000000024203e-01 23 1.55872460952418305e+03
2 0 0 54 4.99999999999988898e-01 2.50000000000035305e-01 7.50000000000024203e-01 24 2.37670004383745982e+03
2 0 0 54 4.99999999999988898e-01 2.50000000000035305e-01 7.50000000000024203e-01 25 2.57030034218369019e+03
2 0 0 55 7.50000000000024314e-01 2.50000000000035305e-01 7.50000000000024314e-01 0 -8.01405472733559243e+00
2 0 0 55 7.50000000000024314e-01 2.50000000000035305e-01 7.50000000000024314e-01 1 -1.17980814932780773e-01
2 0 0 55 7.50000000000024314e-01 2.50000000000035305e-01 7.50000000000024314e-01 2 4.22987806433761193e+00
2 0 0 55 7.50000000000024314e-01 2.50000000000035305e-01 7.50000000000024314e-01 3 6.61524856076053425e+00
2 0 0 55 7.50000000000024314e-01 2.50000000000035305e-01 7.50000000000024314e-01 4 1.28435088355868903e+01
2 0 0 55 7.50000000000024314e-01 2.50000000000035305e-01 7.50000000000024314e-01 5 1.58629028410418176e+01
2 0 0 55 7.50000000000024314e-01 2.50000000000035305e-01 7.50000000000024314e-01 6 1.82768067356250015e+01
2 0 0 55 7.50000000000024314e-01 2.50000000000035305e-01 7.50000000000024314e-01 7 1.98978171781190767e+01
2 0 0 55 7.50000000000024314e-01 2.50000000000035305e-01 7.50000000000024314e-01 8 2.58522420425606185e+01
2 0 0 55 7.50000000000024314e-01 2.50000000000035305e-01 7.50000000000024314e-01 9 2.72073720285134755e+01
2 0 0 55 7.50000000000024314e-01 2.50000000000035305e-01 7.50000000000024314e-01 10 2.90719797567661473e+01
2 0 0 55 7.50000000000024314e-01 2.50000000000035305e-01 7.50000000000024314e-01 11 3.15533026929849179e+01
2 0 0 55 7.50000000000024314e-01 2.50000000000035305e-01 7.50000000000024314e-01 12 3.83066354889302545e+01
2 0 0 55 7.50000000000024314e-01 2.50000000000035305e-01 7.50000000000024314e-01 13 3.92833175209127603e+01
2 0 0 55 7.50000000000024314e-01 2.50000000000035305e-01 7.50000000000024314e-01 14 4.01979374932564824e+01
2 0 0 55 7.50000000000024314e-01 2.50000000000035305e-01 7.50000000000024314e-01 15 4.44912263670071866e+01
2 0 0 55 7.50000000000024314e-01 2.50000000000035305e-01 7.50000000000024314e-01 16 4.98499064138235113e+01
2 0 0 55 7.50000000000024314e-01 2.50000000000035305e-01 7.50000000000024314e-01 17 5.12478157130969620e+01
2 0 0 55 7.50000000000024314e-01 2.50000000000035305e-01 7.50000000000024314e-01 18 5.51667395082585585e+01
2 0 0 55 7.50000000000024314e-01 2.50000000000035305e-01 7.50000000000024314e-01 19 7.49352658273860186e+01
2 0 0 55 7.50000000000024314e-01 2.50000000000035305e-01 7.50000000000024314e-01 20 1.24639137578946944e+02
2 0 0 55 7.50000000000024314e-01 2.50000000000035305e-01 7.50000000000024314e-01 21 1.30702259248877681e+02
2 0 0 55 7.50000000000024314e-01 2.50000000000035305e-01 7.50000000000024314e-01 22 9.41855929511717704e+02
2 0 0 55 7.50000000000024314e-01 2.50000000000035305e-01 7.50000000000024314e-01 23 1.15783167107353779e+03
2 0 0 55 7.50000000000024314e-01 2.50000000000035305e-01 7.50000000000024314e-01 24 1.82810633790866063e+03
2 0 0 55 7.50000000000024314e-01 2.50000000000035305e-01 7.50000000000024314e-01 25 3.37073622401488728e+03
2 0 0 56 0.00000000000000000e+00 4.99999999999989009e-01 7.50000000000024314e-01 0 -7.59850238282232926e+00
2 0 0 56 0.00000000000000000e+00 4.99999999999989009e-01 7.50000000000024314e-01 1 -3.86889650685418807e-01
2 0 0 56 0.00000000000000000e+00 4.99999999999989009e-01 7.50000000000024314e-01 2 4.27893022237354526e+00
2 0 0 56 0.00000000000000000e+00 4.99999999999989009e-01 7.50000000000024314e-01 3 6.10031277720615961e+00
2 0 0 56 0.00000000000000000e+00 4.99999999999989009e-01 7.50000000000024314e-01 4 1.32299763571995008e+01
2 0 0 56 0.00000000000000000e+00 4.99999999999989009e-01 7.50000000000024314e-01 5 1.55608338807399669e+01
2 0 0 56 0.00000000000000000e+00 4.99999999999989009e-01 7.50000000000024314e-01 6 1.84115022193230438e+01
2 0 0 56 0.00000000000000000e+00 4.99999999999989009e-01 7.50000000000024314e-01 7 2.00275824647566338e+01
2 0 0 56 0.00000000000000000e+00 4.99999999999989009e-01 7.50000000000024314e-01 8 2.53110574647201538e+01
2 0 0 56 0.00000000000000000e+00 4.99999999999989009e-01 7.50000000000024314e-01 9 2.70457864186515842e+01
2 0 0 56 0.00000000000000000e+00 4.99999999999989009e-01 7.50000000000024314e-01 10 2.98509499847635347e+01
2 0 0 56 0.00000000000000000e+00 4.99999999999989009e-01 7.50000000000024314e-01 11 3.13179611009331715e+01
2 0 0 56 0.00000000000000000e+00 4.99999999999989009e-01 7.50000000000024314e-01 12 3.83877334339957414e+01
2 0 0 56 0.00000000000000000e+00 4.99999999999989009e-01 7.50000000000024314e-01 13 4.00072735092750520e+01
2 0 0 56 0.00000000000000000e+00 4.99999999999989009e-01 7.50000000000024314e-01 14 4.09510646549941981e+01
2 0 0 56 0.00000000000000000e+00 4.99999999999989009e-01 7.50000000000024314e-01 15 4.44924461679740091e+01
2 0 0 56 0.00000000000000000e+00 4.99999999999989009e-01 7.50000000000024314e-01 16 5.01314546807348549e+01
2 0 0 56 0.00000000000000000e+00 4.99999999999989009e-01 7.50000000000024314e-01 17 5.17716798405285559e+01
2 0 0 56 0.00000000000000000e+00 4.99999999999989009e-01 7.50000000000024314e-01 18 5.37248791224904068e+01
2 0 0 56 0.00000000000000000e+00 4.99999999999989009e-01 7.50000000000024314e-01 19 7.45967666452247329e+01
2 0 0 56 0.00000000000000000e+00 4.99999999999989009e-01 7.50000000000024314e-01 20 1.20333739585105391e+02
2 0 0 56 0.00000000000000000e+00 4.99999999999989009e-01 7.50000000000024314e-01 21 1.32758348709490178e+02
2 0 0 56 0.00000000000000000e+00 4.99999999999989009e-01 7.50000000000024314e-01 22 8.94496296225716605e+02
2 0 0 56 0.00000000000000000e+00 4.99999999999989009e-01 7.50000000000024314e-01 23 1.08678622619813336e+03
2 0 0 56 0.00000000000000000e+00 4.99999999999989009e-01 7.50000000000024314e-01 24 2.00418379148346321e+03
2 0 0 56 0.00000000000000000e+00 4.99999999999989009e-01 7.50000000000024314e-01 25 3.25130516710432858e+03
2 0 0 57 2.50000000000035305e-01 4.99999999999988898e-01 7.50000000000024203e-01 0 -6.60863894030056098e+00
2 0 0 57 2.50000000000035305e-01 4.99999999999988898e-01 7.50000000000024203e-01 1 -8.23781279457913157e-02
2 0 0 57 2.50000000000035305e-01 4.99999999999988898e-01 7.50000000000024203e-01 2 3.52014333432552551e+00
2 0 0 57 2.50000000000035305e-01 4.99999999999988898e-01 7.50000000000024203e-01 3 4.60804576447654224e+00
2 0 0 57 2.50000000000035305e-01 4.99999999999988898e-01 7.50000000000024203e-01 4 1.43585245817429268e+01
2 0 0 57 2.50000000000035305e-01 4.99999999999988898e-01 7.50000000000024203e-01 5 1.54209112818223470e+01
2 0 0 57 2.50000000000035305e-01 4.99999999999988898e-01 7.50000000000024203e-01 6 1.76438117107332353e+01
2 0 0 57 2.50000000000035305e-01 4.99999999999988898e-01 7.50000000000024203e-01 7 1.95941639576972584e+01
2 0 0 57 2.50000000000035305e-01 4.99999999999988898e-01 7.50000000000024203e-01 8 2.55725418867395895e+01
2 0 0 57 2.50000000000035305e-01 4.99999999999988898e-01 7.50000000000024203e-01 9 2.61755621485351249e+01
2 0 0 57 2.50000000000035305e-01 4.99999999999988898e-01 7.50000000000024203e-01 10 3.13196901012951976e+01
2 0 0 57 2.50000000000035305e-01 4.99999999999988898e-01 7.50000000000024203e-01 11 3.31721460005973512e+01
2 0 0 57 2.50000000000035305e-01 4.99999999999988898e-01 7.50000000000024203e-01 12 3.81717762370321694e+01
2 0 0 57 2.50000000000035305e-01 4.99999999999988898e-01 7.50000000000024203e-01 13 4.05741439075366372e+01
2 0 0 57 2.50000000000035305e-01 4.99999999999988898e-01 7.50000000000024203e-01 14 4.25263628021870659e+01
2 0 0 57 2.50000000000035305e-01 4.99999999999988898e-01 7.50000000000024203e-01 15 4.39691034688449349e+01
2 0 0 57 2.50000000000035305e-01 4.99999999999988898e-01 7.50000000000024203e-01 16 4.46847087212861709e+01
2 0 0 57 2.50000000000035305e-01 4.99999999999988898e-01 7.50000000000024203e-01 17 4.61864233777841662e+01
2 0 0 57 2.50000000000035305e-01 4.99999999999988898e-01 7.50000000000024203e-01 18 5.64579259117343142e+01
2 0 0 57 2.50000000000035305e-01 4.99999999999988898e-01 7.50000000000024203e-01 19 5.96791971007001649e+01
2 0 0 57 2.50000000000035305e-01 4.99999999999988898e-01 7.50000000000024203e-01 20 9.56475157908958380e+01
2 0 0 57 2.50000000000035305e-01 4.99999999999988898e-01 7.50000000000024203e-01 21 1.03261920994516544e+02
2 0 0 57 2.50000000000035305e-01 4.99999999999988898e-01 7.50000000000024203e-01 22 1.35165893312637195e+03
2 0 0 57 2.50000000000035305e-01 4.99999999999988898e-01 7.50000000000024203e-01 23 1.47923346913021442e+03
2 0 0 57 2.50000000000035305e-01 4.99999999999988898e-01 7.50000000000024203e-01 24 2.46307390061310844e+03
2 0 0 57 2.50000000000035305e-01 4.99999999999988898e-01 7.50000000000024203e-01 25 2.58735073561491436e+03
2 0 0 58 4.99999999999988953e-01 4.99999999999988953e-01 7.49999999999942601e-01 0 -9.08177457022737933e+00
2 0 0 58 4.99999999999988953e-01 4.99999999999988953e-01 7.49999999999942601e-01 1 -1.28663595726763558e-01
2 0 0 58 4.99999999999988953e-01 4.99999999999988953e-01 7.49999999999942601e-01 2 3.98742756734191950e+00
2 0 0 58 4.99999999999988953e-01 4.99999999999988953e-01 7.49999999999942601e-01 3 6.36895843671553674e+00
2 0 0 58 4.99999999999988953e-01 4.99999999999988953e-01 7.49999999999942601e-01 4 1.28714982285917099e+01
2 0 0 58 4.99999999999988953e-01 4.99999999999988953e-01 7.49999999999942601e-01 5 1.54539916194757190e+01
2 0 0 58 4.99999999999988953e-01 4.99999999999988953e-01 7.49999999999942601e-01 6 1.84880586561884712e+01
2 0 0 58 4.99999999999988953e-01 4.99999999999988953e-01 7.49999999999942601e-01 7 1.94498919544464570e+01
2 0 0 58 4.99999999999988953e-01 4.99999999999988953e-01 7.49999999999942601e-01 8 2.59672533543629243e+01
2 0 0 58 4.99999999999988953e-01 4.99999999999988953e-01 7.49999999999942601e-01 9 2.73030828417309870e+01
2 0 0 58 4.99999999999988953e-01 4.99999999999988953e-01 7.49999999999942601e-01 10 2.94275096996292049e+01
2 0 0 58 4.99999999999988953e-01 4.99999999999988953e-01 7.49999999999942601e-01 11 3.11058530608275525e+01
2 0 0 58 4.99999999999988953e-01 4.99999999999988953e-01 7.49999999999942601e-01 12 3.87387177780231156e+01
2 0 0 58 4.99999999999988953e-01 4.99999999999988953e-01 7.49999999999942601e-01 13 4.01591548283910740e+01
2 0 0 58 4.99999999999988953e-01 4.99999999999988953e-01 7.49999999999942601e-01 14 4.11728689662775480e+01
2 0 0 58 4.99999999999988953e-01 4.99999999999988953e-01 7.49999999999942601e-01 15 4.41260278793006790e+01
2 0 0 58 4.99999999999988953e-01 4.99999999999988953e-01 7.49999999999942601e-01 16 4.92376055778022206e+01
2 0 0 58 4.99999999999988953e-01 4.99999999999988953e-01 7.49999999999942601e-01 17 5.14645574277168052e+01
2 0 0 58 4.99999999999988953e-01 4.99999999999988953e-01 7.49999999999942601e-01 18 5.45720475664810323e+01
2 0 0 58 4.99999999999988953e-01 4.99999999999988953e-01 7.49999999999942601e-01 19 7.61375179993349462e+01
2 0 0 58 4.99999999999988953e-01 4.99999999999988953e-01 7.49999999999942601e-01 20 1.23947946413893433e+02
2 0 0 58 4.99999999999988953e-01 4.99999999999988953e-01 7.49999999999942601e-01 21 1.34479653918841166e+02
2 0 0 58 4.99999999999988953e-01 4.99999999999988953e-01 7.49999999999942601e-01 22 9.41024990274520746e+02
2 0 0 58 4.99999999999988953e-01 4.99999999999988953e-01 7.49999999999942601e-01 23 1.11126103058480453e+03
2 0 0 58 4.99999999999988953e-01 4.99999999999988953e-01 7.49999999999942601e-01 24 1.90803900229427200e+03
2 0 0 58 4.99999999999988953e-01 4.99999999999988953e-01 7.49999999999942601e-01 25 3.41893432317685483e+03
2 0 0 59 7.50000000000024203e-01 5.00000000000070610e-01 7.50000000000024203e-01 0 -9.76239972355668328e+00
2 0 0 59 7.50000000000024203e-01 5.00000000000070610e-01 7.50000000000024203e-01 1 1.57925976753814723e+00
2 0 0 59 7.50000000000024203e-01 5.00000000000070610e-01 7.50000000000024203e-01 2 4.44721822571338254e+00
2 0 0 59 7.50000000000024203e-01 5.00000000000070610e-01 7.50000000000024203e-01 3 6.64935059852312715e+00
2 0 0 59 7.50000000000024203e-01 5.00000000000070610e-01 7.50000000000024203e-01 4 1.46724900946469869e+01
2 0 0 59 7.50000000000024203e-01 5.00000000000070610e-01 7.50000000000024203e-01 5 1.59265646474302880e+01
2 0 0 59 7.50000000000024203e-01 5.00000000000070610e-01 7.50000000000024203e-01 6 1.71258209987088712e+01
2 0 0 59 7.50000000000024203e-01 5.00000000000070610e-01 7.50000000000024203e-01 7 1.89667207610355710e+01
2 0 0 59 7.50000000000024203e-01 5.00000000000070610e-01 7.50000000000024203e-01 8 2.11406628593769703e+01
2 0 0 59 7.50000000000024203e-01 5.00000000000070610e-01 7.50000000000024203e-01 9 2.65204333186079353e+01
2 0 0 59 7.50000000000024203e-01 5.00000000000070610e-01 7.50000000000024203e-01 10 3.09836950912440514e+01
2 0 0 59 7.50000000000024203e-01 5.00000000000070610e-01 7.50000000000024203e-01 11 3.50823900392553725e+01
2 0 0 59 7.50000000000024203e-01 5.00000000000070610e-01 7.50000000000024203e-01 12 3.66102222091283167e+01
2 0 0 59 7.50000000000024203e-01 5.00000000000070610e-01 7.50000000000024203e-01 13 3.84829830864269198e+01
2 0 0 59 7.50000000000024203e-01 5.00000000000070610e-01 7.50000000000024203e-01 14 4.07804495502233522e+01
2 0 0 59 7.50000000000024203e-01 5.00000000000070610e-01 7.50000000000024203e-01 15 4.40086101039546094e+01
2 0 0 59 7.50000000000024203e-01 5.00000000000070610e-01 7.50000000000024203e-01 16 4.67964711383999301e+01
2 0 0 59 7.50000000000024203e-01 5.00000000000070610e-01 7.50000000000024203e-01 17 5.19135469970214416e+01
2 0 0 59 7.50000000000024203e-01 5.00000000000070610e-01 7.50000000000024203e-01 18 5.65414559860240331e+01
2 0 0 59 7.50000000000024203e-01 5.00000000000070610e-01 7.50000000000024203e-01 19 8.81728059911056050e+01
2 0 0 59 7.50000000000024203e-01 5.00000000000070610e-01 7.50000000000024203e-01 20 1.12398249061246688e+02
2 0 0 59 7.50000000000024203e-01 5.00000000000070610e-01 7.50000000000024203e-01 21 2.42343078179504715e+02
2 0 0 59 7.50000000000024203e-01 5.00000000000070610e-01 7.50000000000024203e-01 22 7.89928414485912072e+02
2 0 0 59 7.50000000000024203e-01 5.00000000000070610e-01 7.50000000000024203e-01 23 1.03265412998218630e+03
2 0 0 59 7.50000000000024203e-01 5.00000000000070610e-01 7.50000000000024203e-01 24 1.73911910266431642e+03
2 0 0 59 7.50000000000024203e-01 5.00000000000070610e-01 7.50000000000024203e-01 25 3.30035268344554379e+03
2 0 0 60 0.00000000000000000e+00 7.50000000000024203e-01 7.50000000000024203e-01 0 -1.15469657610960148e+01
2 0 0 60 0.00000000000000000e+00 7.50000000000024203e-01 7.50000000000024203e-01 1 3.95374660737551675e+00
2 0 0 60 0.00000000000000000e+00 7.50000000000024203e-01 7.50000000000024203e-01 2 5.71336332737615038e+00
2 0 0 60 0.00000000000000000e+00 7.50000000000024203e-01 7.50000000000024203e-01 3 6.81498071758958979e+00
2 0 0 60 0.00000000000000000e+00 7.50000000000024203e-01 7.50000000000024203e-01 4 1.19765442020163153e+01
2 0 0 60 0.00000000000000000e+00 7.50000000000024203e-01 7.50000000000024203e-01 5 1.57343115402454661e+01
2 0 0 60 0.00000000000000000e+00 7.50000000000024203e-01 7.50000000000024203e-01 6 1.81605201967419312e+01
2 0 0 60 0.00000000000000000e+00 7.50000000000024203e-01 7.50000000000024203e-01 7 1.90293667897556524e+01
2 0 0 60 0.00000000000000000e+00 7.50000000000024203e-01 7.50000000000024203e-01 8 2.20896180430736742e+01
2 0 0 60 0.00000000000000000e+00 7.50000000000024203e-01 7.50000000000024203e-01 9 2.58920549698969218e+01
2 0 0 60 0.00000000000000000e+00 7.50000000000024203e-01 7.50000000000024203e-01 10 3.16211873483912456e+01
2 0 0 60 0.00000000000000000e+00 7.50000000000024203e-01 7.50000000000024203e-01 11 3.31395603688295779e+01
2 0 0 60 0.00000000000000000e+00 7.50000000000024203e-01 7.50000000000024203e-01 12 3.65618401822744232e+01
2 0 0 60 0.00000000000000000e+00 7.50000000000024203e-01 7.50000000000024203e-01 13 3.98189537138702647e+01
2 0 0 60 0.00000000000000000e+00 7.50000000000024203e-01 7.50000000000024203e-01 14 4.27731701084141278e+01
2 0 0 60 0.00000000000000000e+00 7.50000000000024203e-01 7.50000000000024203e-01 15 4.67723005316444684e+01
2 0 0 60 0.00000000000000000e+00 7.50000000000024203e-01 7.50000000000024203e-01 16 5.01574117398107333e+01
2 0 0 60 0.00000000000000000e+00 7.50000000000024203e-01 7.50000000000024203e-01 17 5.21904680394060279e+01
2 0 0 60 0.00000000000000000e+00 7.50000000000024203e-01 7.50000000000024203e-01 18 5.85139716421318283e+01
2 0 0 60 0.00000000000000000e+00 7.50000000000024203e-01 7.50000000000024203e-01 19 1.49274499853124183e+02
2 0 0 60 0.00000000000000000e+00 7.50000000000024203e-01 7.50000000000024203e-01 20 1.53984961903610298e+02
2 0 0 60 0.00000000000000000e+00 7.50000000000024203e-01 7.50000000000024203e-01 21 2.90082446310079149e+02
2 0 0 60 0.00000000000000000e+00 7.50000000000024203e-01 7.50000000000024203e-01 22 6.99555310106336265e+02
2 0 0 60 0.00000000000000000e+00 7.50000000000024203e-01 7.50000000000024203e-01 23 1.58265009993038598e+03
2 0 0 60 0.00000000000000000e+00 7.50000000000024203e-01 7.50000000000024203e-01 24 1.71932524161063793e+03
2 0 0 60 0.00000000000000000e+00 7.50000000000024203e-01 7.50000000000024203e-01 25 2.04952635513844052e+03
2 0 0 61 2.50000000000035305e-01 7.50000000000024314e-01 7.50000000000024314e-01 0 -7.63401015930583071e+00
2 0 0 61 2.50000000000035305e-01 7.50000000000024314e-01 7.50000000000024314e-01 1 -5.13915015851919565e-02
2 0 0 61 2.50000000000035305e-01 7.50000000000024314e-01 7.50000000000024314e-01 2 4.44065150302038969e+00
2 0 0 61 2.50000000000035305e-01 7.50000000000024314e-01 7.50000000000024314e-01 3 5.79892909041878823e+00
2 0 0 61 2.50000000000035305e-01 7.50000000000024314e-01 7.50000000000024314e-01 4 1.26562690279523267e+01
2 0 0 61 2.50000000000035305e-01 7.50000000000024314e-01 7.50000000000024314e-01 5 1.59926883673304623e+01
2 0 0 61 2.50000000000035305e-01 7.50000000000024314e-01 7.50000000000024314e-01 6 1.82168033797228297e+01
2 0 0 61 2.50000000000035305e-01 7.50000000000024314e-01 7.50000000000024314e-01 7 1.94456250451805630e+01
2 0 0 61 2.50000000000035305e-01 7.50000000000024314e-01 7.50000000000024314e-01 8 2.56927780567332462e+01
2 0 0 61 2.50000000000035305e-01 7.50000000000024314e-01 7.50000000000024314e-01 9 2.75341704222708259e+01
2 0 0 61 2.50000000000035305e-01 7.50000000000024314e-01 7.50000000000024314e-01 10 2.95132390861435674e+01
2 0 0 61 2.50000000000035305e-01 7.50000000000024314e-01 7.50000000000024314e-01 11 3.16748877598873975e+01
2 0 0 61 2.50000000000035305e-01 7.50000000000024314e-01 7.50000000000024314e-01 12 3.81333222662086229e+01
2 0 0 61 2.50000000000035305e-01 7.50000000000024314e-01 7.50000000000024314e-01 13 3.91352004105297837e+01
2 0 0 61 2.50000000000035305e-01 7.50000000000024314e-01 7.50000000000024314e-01 14 4.04232848031019643e+01
2 0 0 61 2.50000000000035305e-01 7.50000000000024314e-01 7.50000000000024314e-01 15 4.49111069962852980e+01
2 0 0 61 2.50000000000035305e-01 7.50000000000024314e-01 7.50000000000024314e-01 16 4.98045651797948850e+01
2 0 0 61 2.50000000000035305e-01 7.50000000000024314e-01 7.50000000000024314e-01 17 5.12524342995360271e+01
2 0 0 61 2.50000000000035305e-01 7.50000000000024314e-01 7.50000000000024314e-01 18 5.47088117516594181e+01
2 0 0 61 2.50000000000035305e-01 7.50000000000024314e-01 7.50000000000024314e-01 19 7.65708003172845082e+01
2 0 0 61 2.50000000000035305e-01 7.50000000000024314e-01 7.50000000000024314e-01 20 1.22548385133578009e+02
2 0 0 61 2.50000000000035305e-01 7.50000000000024314e-01 7.50000000000024314e-01 21 1.37060845757810370e+02
2 0 0 61 2.50000000000035305e-01 7.50000000000024314e-01 7.50000000000024314e-01 22 8.67956561568752704e+02
2 0 0 61 2.50000000000035305e-01 7.50000000000024314e-01 7.50000000000024314e-01 23 1.10895876208204163e+03
2 0 0 61 2.50000000000035305e-01 7.50000000000024314e-01 7.50000000000024314e-01 24 1.92209379542119245e+03
2 0 0 61 2.50000000000035305e-01 7.50000000000024314e-01 7.50000000000024314e-01 25 3.35728648246457124e+03
2 0 0 62 5.00000000000070610e-01 7.50000000000024203e-01 7.50000000000024203e-01 0 -9.59157991699975376e+00
2 0 0 62 5.00000000000070610e-01 7.50000000000024203e-01 7.50000000000024203e-01 1 1.61734579486322150e+00
2 0 0 62 5.00000000000070610e-01 7.50000000000024203e-01 7.50000000000024203e-01 2 4.63579549281450820e+00
2 0 0 62 5.00000000000070610e-01 7.50000000000024203e-01 7.50000000000024203e-01 3 6.33394694513841561e+00
2 0 0 62 5.00000000000070610e-01 7.50000000000024203e-01 7.50000000000024203e-01 4 1.45827853415218218e+01
2 0 0 62 5.00000000000070610e-01 7.50000000000024203e-01 7.50000000000024203e-01 5 1.57977796052457773e+01
2 0 0 62 5.00000000000070610e-01 7.50000000000024203e-01 7.50000000000024203e-01 6 1.69856724261952685e+01
2 0 0 62 5.00000000000070610e-01 7.50000000000024203e-01 7.50000000000024203e-01 7 1.87378292557590171e+01
2 0 0 62 5.00000000000070610e-01 7.50000000000024203e-01 7.50000000000024203e-01 8 2.15041594783870060e+01
2 0 0 62 5.00000000000070610e-01 7.50000000000024203e-01 7.50000000000024203e-01 9 2.68920462193281438e+01
2 0 0 62 5.00000000000070610e-01 7.50000000000024203e-01 7.50000000000024203e-01 10 3.10540596811984884e+01
2 0 0 62 5.00000000000070610e-01 7.50000000000024203e-01 7.50000000000024203e-01 11 3.57519830278146102e+01
2 0 0 62 5.00000000000070610e-01 7.50000000000024203e-01 7.50000000000024203e-01 12 3.63730226556952800e+01
2 0 0 62 5.00000000000070610e-01 7.50000000000024203e-01 7.50000000000024203e-01 13 3.82805896002803010e+01
2 0 0 62 5.00000000000070610e-01 7.50000000000024203e-01 7.50000000000024203e-01 14 4.06910988692384024e+01
2 0 0 62 5.00000000000070610e-01 7.50000000000024203e-01 7.50000000000024203e-01 15 4.37080024389424864e+01
2 0 0 62 5.00000000000070610e-01 7.50000000000024203e-01 7.50000000000024203e-01 16 4.67322308011192007e+01
2 0 0 62 5.00000000000070610e-01 7.50000000000024203e-01 7.50000000000024203e-01 17 5.12248127755291449e+01
2 0 0 62 5.00000000000070610e-01 7.50000000000024203e-01 7.50000000000024203e-01 18 5.57057630242278705e+01
2 0 0 62 5.00000000000070610e-01 7.50000000000024203e-01 7.50000000000024203e-01 19 9.21186597854832172e+01
2 0 0 62 5.00000000000070610e-01 7.50000000000024203e-01 7.50000000000024203e-01 20 1.11421739324283237e+02
2 0 0 62 5.00000000000070610e-01 7.50000000000024203e-01 7.50000000000024203e-01 21 2.38976933948994684e+02
2 0 0 62 5.00000000000070610e-01 7.50000000000024203e-01 7.50000000000024203e-01 22 7.71429978125398065e+02
2 0 0 62 5.00000000000070610e-01 7.50000000000024203e-01 7.50000000000024203e-01 23 1.07209083878805382e+03
2 0 0 62 5.00000000000070610e-01 7.50000000000024203e-01 7.50000000000024203e-01 24 1.80510580554386320e+03
2 0 0 62 5.00000000000070610e-01 7.50000000000024203e-01 7.50000000000024203e-01 25 3.24728240573718494e+03
2 0 0 63 7.49999999999942601e-01 7.49999999999942601e-01 7.49999999999942601e-01 0 -1.20943812203044985e+01
2 0 0 63 7.49999999999942601e-01 7.49999999999942601e-01 7.49999999999942601e-01 1 3.81648411933560849e+00
2 0 0 63 7.49999999999942601e-01 7.49999999999942601e-01 7.49999999999942601e-01 2 7.03929876994453085e+00
2 0 0 63 7.49999999999942601e-01 7.49999999999942601e-01 7.49999999999942601e-01 3 8.11539774710894335e+00
2 0 0 63 7.49999999999942601e-01 7.49999999999942601e-01 7.49999999999942601e-01 4 1.36063274584072378e+01
2 0 0 63 7.49999999999942601e-01 7.49999999999942601e-01 7.49999999999942601e-01 5 1.53142364445529608e+01
2 0 0 63 7.49999999999942601e-01 7.49999999999942601e-01 7.49999999999942601e-01 6 1.55934276686388795e+01
2 0 0 63 7.49999999999942601e-01 7.49999999999942601e-01 7.49999999999942601e-01 7 1.98871248055423777e+01
2 0 0 63 7.49999999999942601e-01 7.49999999999942601e-01 7.49999999999942601e-01 8 2.00202327261328996e+01
2 0 0 63 7.49999999999942601e-01 7.49999999999942601e-01 7.49999999999942601e-01 9 2.42921359701709498e+01
2 0 0 63 7.49999999999942601e-01 7.49999999999942601e-01 7.49999999999942601e-01 10 3.21550696605078059e+01
2 0 0 63 7.49999999999942601e-01 7.49999999999942601e-01 7.49999999999942601e-01 11 3.43757969317986394e+01
2 0 0 63 7.49999999999942601e-01 7.49999999999942601e-01 7.49999999999942601e-01 12 3.52278822531761762e+01
2 0 0 63 7.49999999999942601e-01 7.49999999999942601e-01 7.49999999999942601e-01 13 3.76443446012281413e+01
2 0 0 63 7.49999999999942601e-01 7.49999999999942601e-01 7.49999999999942601e-01 14 4.46693401324250630e+01
2 0 0 63 7.49999999999942601e-01 7.49999999999942601e-01 7.49999999999942601e-01 15 4.50635206266504724e+01
2 0 0 63 7.49999999999942601e-01 7.49999999999942601e-01 7.49999999999942601e-01 16 5.26568780670505205e+01
2 0 0 63 7.49999999999942601e-01 7.49999999999942601e-01 7.49999999999942601e-01 17 5.45315394209286453e+01
2 0 0 63 7.49999999999942601e-01 7.49999999999942601e-01 7.49999999999942601e-01 18 5.49658360333702305e+01
2 0 0 63 7.49999999999942601e-01 7.49999999999942601e-01 7.49999999999942601e-01 19 1.22074797865615722e+02
2 0 0 63 7.49999999999942601e-01 7.49999999999942601e-01 7.49999999999942601e-01 20 3.29404433837863564e+02
2 0 0 63 7.49999999999942601e-01 7.49999999999942601e-01 7.49999999999942601e-01 21 3.56956011083212900e+02
2 0 0 63 7.49999999999942601e-01 7.49999999999942601e-01 7.49999999999942601e-01 22 8.18419918342364895e+02
2 0 0 63 7.49999999999942601e-01 7.49999999999942601e-01 7.49999999999942601e-01 23 8.80501652106080087e+02
2 0 0 63 7.49999999999942601e-01 7.49999999999942601e-01 7.49999999999942601e-01 24 1.47420495762955579e+03
2 0 0 63 7.49999999999942601e-01 7.49999999999942601e-01 7.49999999999942601e-01 25 2.64808792252046123e+03
