Initialized LibRPA global environment at [2026-07-23 01:45:19.692]
Total number of tasks    :     1
Total number of nodes    :     1
Maximal number of threads:  32
MPI tasks information:
| Proc    0 of Size    1: Fisherd-Server
| Global ID of master process of node     0 :     0

LibRPA CMake build info:
| Build type               : RelWithDebInfo
| Source code directory    : /tmp/librpa-qsgw-gate0-20260723-4f9ab0cf-v1/candidate/src
| Source code Git reference: 
| Source code Git hash     : 4f9ab0cfc90f54910158ab01a877581b080f136e
| C++ compiler             : /opt/intel/oneapi/mpi/2021.16/bin/mpiicpx
| C++ compiler flags       :   -fiopenmp
| Fortran compiler         : /opt/intel/oneapi/mpi/2021.16/bin/mpiifx
| Fortran compiler flags   : 
| GreenX commit hash       : c90d131
| Use LibRI                : ON
| LibRI include directory  : /tmp/librpa-qsgw-gate0-20260723-4f9ab0cf-v1/candidate/thirdparty/LibRI/include
| LibComm include directory: /tmp/librpa-qsgw-gate0-20260723-4f9ab0cf-v1/candidate/thirdparty/LibComm/include

===== Begin driver parameters  =====
task = g0w0
constants_choice = internal
input_dir = /home/bhj/ai-runs/librpa-qsgw-gate1-current-20260723-4f9ab0cf-g0w0-v2/input-overlay/
prefix_lri_coeff = Cs_data
prefix_lri_coeff_shrink = Cs_shrinked_data
prefix_shrink_sinvS = shrink_sinvS_
prefix_coul_full = coulomb_mat
prefix_coul_cut = coulomb_cut
prefix_eigvecs_scf = KS_eigenvector
fn_stru = stru_out
fn_bz_sampling = bz_sampling_out
fn_basis = basis_out
fn_basis_wfc = basis_wfc_out
fn_basis_aux = basis_aux_out
fn_basis_aux_shrink = basis_aux_shrink_out
fn_eigocc_scf = band_out
fn_dielfunc = dielecfunc_out
fn_vxc_scf = vxc_out
fn_band_kpath_info = disabled_for_grid_only_sigc_comparison
output_level = info
use_spinor_wfc = false
output_energy_qp = true
output_gw_spec_func = false
output_hamgnn = false
use_pyatb = false
version_coul_reader = -1
version_lri_reader = -1
cs_R_threshold = 1e-06
i_state_low = 0
i_state_high = 999999
===== End driver parameters    =====

===== Begin control parameters =====
output_dir = ./
restart_from_dir = <output_dir>
tfgrids_type = minimax
anacon_tfgrids_type = unset
parallel_routing = libri
rpa_headwing_mode = qavg
nfreq = 6
n_bands_chi0 = -1
n_bands_sigc = -1
n_params_anacon = -1
n_params_anacon_resample = -1
anacon_nfreq = -1
option_qpe_solver = 0
option_dielect_func = 0
option_bvk_remap = 1
rpa_headwing_body_start = 0
qpe_solver_n_iter_max = 10000
libri_chi0_collect_s0_chunk = 0
istate_ref_hedin_shift = -1
ifreq_output_wc_start = 0
ifreq_output_wc_end = -1
libri_chi0_collect_max_bytes = 0
gf_R_threshold = 0
vq_threshold = 0
minimax_emin = -1
minimax_emax = -1
minimax_regulation = 0
sqrt_coulomb_threshold = 0
libri_chi0_threshold_C = 0
libri_chi0_threshold_G = 0
libri_exx_threshold_C = 0
libri_exx_threshold_D = 0
libri_exx_threshold_V = 0
libri_g0w0_threshold_C = 0
libri_g0w0_threshold_G = 0
libri_g0w0_threshold_Wc = 0
qpe_solver_thres = 1e-06
qpe_solver_damp_factor = 0.1
sf_gf_omega_shift = 0.01
sf_sigc_omega_shift = 0.01
debug = false
replace_w_head = false
use_fullcoul_eps = true
use_fullcoul_exx = false
use_fullcoul_wc = false
use_symmetry_exx = true
use_symmetry_gw = true
use_symmetry_rpa = true
output_abacus_gw_gf = false
use_shrink_abfs = true
use_shrink_chi = false
use_scalapack_ecrpa = true
use_scalapack_gw_wc = true
use_cholesky_gw_wc = false
use_gpu_replace_scalapack = false
use_elpa_sqrt_coulomb = false
use_kpara_scf_eigvec = false
read_sigc_mat_rf = false
output_gw_sigc_ks_kf = false
output_gw_sigc_ks_mat_kf = true
output_gw_sigc_mat_kf = false
output_gw_sigc_mat_rf = false
output_gw_sigc_mat_rt = false
output_wc_rf = false
output_wc_rf_atom_pair = true
use_qpe_adaptive_damp = false
use_qpe_legacy_update = false
override_qpe_solver_nan = false
use_hedin_shift = false
===== End control parameters   =====

Mean-field dimensions set:
| number of spins           : 1
| number of k-points        : 8
| number of bands           : 44
| number of NAOs            : 44
| number of spin components : 1
Internal two-level (SCF k-points/matrix block) parallelization for eigenvectors set:
| processes per k-point      : 1
| processes per matrix block : 1
Mean-field eigenvalues and occupation numbers set:
| Minimal transition energy (Ha):       0.0253976770
| Maximal transition energy (Ha):       7.1614749155
| Fermi level               (Ha):       0.2383960000
Reading structure file: /home/bhj/ai-runs/librpa-qsgw-gate1-current-20260723-4f9ab0cf-g0w0-v2/input-overlay/stru_out
Lattice vectors (Bohr): latt
               0         5.13155         5.13155
         5.13155               0         5.13155
         5.13155         5.13155               0
Reciprocal lattice vectors (2PI Bohr^-1): G
      -0.0974364       0.0974364       0.0974364
       0.0974364      -0.0974364       0.0974364
       0.0974364       0.0974364      -0.0974364
Consistency check: latt * G.T
               1               0               0
               0               1               0
               0               0               1
Atom positions read (Cartesian in Bohr | fractional):
ia    1:    0.0000000    0.0000000    0.0000000 |    0.0000000    0.0000000    0.0000000
ia    2:    2.5657622    2.5657622    2.5657622 |    0.2499986    0.2499986    0.2499986

Reading Brillouin zone sampling file: /home/bhj/ai-runs/librpa-qsgw-gate1-current-20260723-4f9ab0cf-g0w0-v2/input-overlay/bz_sampling_out
kgrids:   4   4   4
k-points read (Cartesian in 2Pi Bohr^-1 | fractional):
ik    1:    0.0000000    0.0000000    0.0000000 |    0.0000000    0.0000000    0.0000000
ik    2:    0.0243591    0.0243591    0.0243591 |    0.2500000    0.2500000    0.2500000
ik    3:    0.0487182    0.0487182    0.0487182 |    0.5000000    0.5000000    0.5000000
ik    4:    0.0000000    0.0000000    0.0487182 |    0.2500000    0.2500000    0.0000000
ik    5:    0.0243591    0.0243591    0.0730773 |    0.5000000    0.5000000    0.2500000
ik    6:    0.0000000    0.0487182    0.0487182 |    0.5000000    0.2500000    0.2500000
ik    7:    0.0000000    0.0000000    0.0974364 |    0.5000000    0.5000000    0.0000000
ik    8:    0.0487182    0.0974364   -0.0000000 |    0.5000000    0.2500000    0.7500000
Hint: full k-point list is generated from k-grid; parsed k-points are symmetry-reduced.
R-points to compute: 64
    1 -     5 : ( -2,  -2,  -2) ( -2,  -2,  -1) ( -2,  -2,   0) ( -2,  -2,   1) ( -2,  -1,  -2)
    6 -    10 : ( -2,  -1,  -1) ( -2,  -1,   0) ( -2,  -1,   1) ( -2,   0,  -2) ( -2,   0,  -1)
   11 -    15 : ( -2,   0,   0) ( -2,   0,   1) ( -2,   1,  -2) ( -2,   1,  -1) ( -2,   1,   0)
   16 -    20 : ( -2,   1,   1) ( -1,  -2,  -2) ( -1,  -2,  -1) ( -1,  -2,   0) ( -1,  -2,   1)
   21 -    25 : ( -1,  -1,  -2) ( -1,  -1,  -1) ( -1,  -1,   0) ( -1,  -1,   1) ( -1,   0,  -2)
   26 -    30 : ( -1,   0,  -1) ( -1,   0,   0) ( -1,   0,   1) ( -1,   1,  -2) ( -1,   1,  -1)
   31 -    35 : ( -1,   1,   0) ( -1,   1,   1) (  0,  -2,  -2) (  0,  -2,  -1) (  0,  -2,   0)
   36 -    40 : (  0,  -2,   1) (  0,  -1,  -2) (  0,  -1,  -1) (  0,  -1,   0) (  0,  -1,   1)
   41 -    45 : (  0,   0,  -2) (  0,   0,  -1) (  0,   0,   0) (  0,   0,   1) (  0,   1,  -2)
   46 -    50 : (  0,   1,  -1) (  0,   1,   0) (  0,   1,   1) (  1,  -2,  -2) (  1,  -2,  -1)
   51 -    55 : (  1,  -2,   0) (  1,  -2,   1) (  1,  -1,  -2) (  1,  -1,  -1) (  1,  -1,   0)
   56 -    60 : (  1,  -1,   1) (  1,   0,  -2) (  1,   0,  -1) (  1,   0,   0) (  1,   0,   1)
   61 -    64 : (  1,   1,  -2) (  1,   1,  -1) (  1,   1,   0) (  1,   1,   1)

SCF k-point to Coulomb q-point mapping:
  ik:          k_1          k_2          k_3      iq
   1:    0.0000000    0.0000000    0.0000000
   2:    0.2500000    0.2500000    0.2500000
   3:    0.5000000    0.5000000    0.5000000
   4:    0.2500000    0.2500000    0.0000000
   5:    0.5000000    0.5000000    0.2500000
   6:    0.5000000    0.2500000    0.2500000
   7:    0.5000000    0.5000000    0.0000000
   8:    0.5000000    0.2500000    0.7500000

Reading wave-function basis information file: /home/bhj/ai-runs/librpa-qsgw-gate1-current-20260723-4f9ab0cf-g0w0-v2/input-overlay/basis_wfc_out
Basis convention set:
| Bloch phase      : -1
| Bloch r_atom     : 0
| angular order    : 1
| RSH coeff m < 0  : 1
| RSH coeff m > 0  : 0
Wave-function basis functions set:
| total number of basis: 44
Reading auxiliary basis information file: /home/bhj/ai-runs/librpa-qsgw-gate1-current-20260723-4f9ab0cf-g0w0-v2/input-overlay/basis_aux_out
Auxiliary basis functions set:
| total number of basis: 794

KS eigenvector reader: legacy text
Successfully read eigenvector files
Loading RI file from directory: /home/bhj/ai-runs/librpa-qsgw-gate1-current-20260723-4f9ab0cf-g0w0-v2/input-overlay/
Evenly distributed Cs and V for LibRI
LRI coefficient reader (Cs_data): legacy
Finished Cs filtering
Finished Cs parsing
Reading shrink auxiliary basis information file: /home/bhj/ai-runs/librpa-qsgw-gate1-current-20260723-4f9ab0cf-g0w0-v2/input-overlay/basis_aux_shrink_out
Shrink auxiliary basis functions set:
| total number of basis: 244
LRI coefficient reader (Cs_shrinked_data): legacy
Finished Cs filtering
Finished Cs parsing
sinvS: ASCII legacy files detected
sinvS: ASCII legacy files detected
sinvS: ASCII legacy files detected
sinvS: ASCII legacy files detected
Auxiliary basis compression summary:
+------+----------------+----------------+
| type | large ABF/atom | small ABF/atom |
+------+----------------+----------------+
|    1 |            397 |            122 |
+------+----------------+----------------+
Coulomb reader (coulomb_mat): legacy
Begin READ_Vq_Row
ASCII format V files detected
| Process     0: coulomb_mat read. Wall/CPU time [min]:       0.0025       0.0025
| Process     0: Cs with            210 non-zero keys from local atpair size       3. Data memory:     322.81 MB. Wall/CPU time [min]:       0.3294       0.3291
Actual parallel routing used: libri
Initialization finished, Wall/CPU time [min]:       0.0000       0.0000
Free memory on node     0 [GB]:  338.361
Common data parsed, task g0w0 will begin
g0w0: One-shot GW for quasi-paricle energies
Coulomb reader (coulomb_cut): legacy
Begin READ_Vq_Row
ASCII format V files detected
* Success: Read DFT xc potential, solve quasi-particle equation
Grid type: Minimax time-frequency grids
Grid size: 6
Frequency node & weight: 
 0      0.0102841457443394      0.0218412961217313
 1      0.0394985087495062      0.0409088256591574
 2      0.1070107992824129      0.1069621962330216
 3      0.3047137916712587      0.3373953365116363
 4      1.0081108835940904      1.3145378050003627
 5      4.4169269784671865      7.6035060499580300
Time node & weight: 
 0      0.0733293855788032      0.2051164186673538
 1      0.5570332592424637      0.8975548548930734
 2      2.3436079797874161      3.0525196903167822
 3      7.8676615936381857      8.9092885185514454
 4     23.0119381825865510     23.5396613793451230
 5     62.3740500285829285     62.0080563001919955
t->f transform: 

 Cosine transform matrix (row: freq, col: time)
nr = 6, nc = 6
 4.15984e-01 1.77295e+00 6.16514e+00 1.75737e+01 4.64671e+01 9.46275e+01
 4.05805e-01 1.82246e+00 5.96522e+00 1.74219e+01 2.64216e+01 -6.73189e+01
 4.19148e-01 1.75177e+00 6.07301e+00 1.09096e+01 -2.54449e+01 7.75578e+00
 4.06932e-01 1.80074e+00 4.31239e+00 -8.32606e+00 2.20702e+00 -5.64479e-01
 4.21102e-01 1.41098e+00 -2.23534e+00 4.87048e-01 -1.13921e-01 4.66398e-02
 3.61971e-01 -4.33201e-01 9.59606e-02 -4.12379e-02 3.10546e-02 -2.98115e-02

 Sine transform matrix (row: freq, col: time)
nr = 6, nc = 6
 -7.20957e-02 3.57801e-01 -9.81909e-01 4.76180e+00 1.27074e+00 1.09335e+02
 8.14297e-02 -3.47028e-01 1.83518e+00 1.58407e+00 4.94483e+01 2.97660e+01
 -8.56128e-02 5.38794e-01 4.12567e-02 1.82655e+01 1.11500e+01 -2.06665e+01
 1.04788e-01 -1.77926e-01 5.84020e+00 4.66311e+00 -6.90165e+00 5.93902e+00
 -7.77248e-02 1.55267e+00 1.62355e+00 -1.97012e+00 1.63257e+00 -1.60258e+00
 2.67074e-01 4.03666e-01 -3.82460e-01 3.12296e-01 -2.93437e-01 3.05569e-01
f->t transform: 

 Cosine transform matrix (row: time, col: freq)
nr = 6, nc = 6
 7.07197e-03 1.25439e-02 3.54297e-02 1.02936e-01 4.36711e-01 2.07565e+00
 6.92005e-03 1.31548e-02 3.35183e-02 1.08131e-01 3.29459e-01 -5.66176e-01
 6.96532e-03 1.28842e-02 3.34505e-02 7.62824e-02 -1.54258e-01 3.25100e-02
 6.90085e-03 1.25803e-02 2.12045e-02 -5.06850e-02 1.22541e-02 -3.87853e-03
 6.83470e-03 7.41079e-03 -1.86450e-02 5.40466e-03 -1.55742e-03 1.17009e-03
 5.31548e-03 -7.11669e-03 2.25519e-03 -6.90585e-04 4.47822e-04 -4.87462e-04

Total count of GFs IJR: 256
| Number of GFs IJR on Proc    0: 256
Use LibRI for chi0
Reducing chi0 real-space blocks with symmetry irreducible sectors
Green's Function sums over all states.
chi0s for time point 0.073329, spin 0. CPU time: 36.032863 (tensor), 0.108846 (trans). Wall time 1.139648
Green's Function sums over all states.
chi0s for time point 0.557033, spin 0. CPU time: 36.256080 (tensor), 0.022765 (trans). Wall time 1.133879
Green's Function sums over all states.
chi0s for time point 2.343608, spin 0. CPU time: 35.830497 (tensor), 0.022389 (trans). Wall time 1.120703
Green's Function sums over all states.
chi0s for time point 7.867662, spin 0. CPU time: 36.141263 (tensor), 0.022673 (trans). Wall time 1.130290
Green's Function sums over all states.
chi0s for time point 23.011938, spin 0. CPU time: 35.834120 (tensor), 0.099193 (trans). Wall time 1.123141
Green's Function sums over all states.
chi0s for time point 62.374050, spin 0. CPU time: 35.750532 (tensor), 0.022266 (trans). Wall time 1.118060

EXX symmetry accumulates irreducible-sector `V(R)` directly from IBZ q-stars
Computing EXX orbital energy using LibRI
Reducing EXX real-space contractions with irreducible sectors
Restoring EXX auxiliary Coulomb blocks from the irreducible sector to the full real-space sector before LibRI contraction
Task    0: V setup for EXX
Task    0: DM setup for EXX
Task    0: cal_Hs elapsed time: 4.167426
Restoring the symmetry-filtered LibRI EXX blocks to the full AO real-space sector
Calculating Wc using ScaLAPACK
Time for Wc initialization (seconds, Wall/CPU): 0.003665 0.117253
Computing Wc(q), 1 / 8, q=(0.000000, 0.000000, 0.000000)
Time to prepare sqrt root of Coulomb for Wc(q) (seconds, Wall/CPU): 0.052412 1.537786
Time to prepare sqrt root of Coulomb for Epsilon(q) (seconds, Wall/CPU): 0.040792 1.196654
Time for Wc(i_q=1, i_omega=1) (seconds, Wall/CPU): 0.016917 0.509984
Time for Wc(i_q=1, i_omega=2) (seconds, Wall/CPU): 0.012648 0.374948
Time for Wc(i_q=1, i_omega=3) (seconds, Wall/CPU): 0.012803 0.389869
Time for Wc(i_q=1, i_omega=4) (seconds, Wall/CPU): 0.014090 0.419341
Time for Wc(i_q=1, i_omega=5) (seconds, Wall/CPU): 0.012321 0.373161
Time for Wc(i_q=1, i_omega=6) (seconds, Wall/CPU): 0.012913 0.387298
Computing Wc(q), 2 / 8, q=(0.250000, 0.250000, 0.250000)
Time to prepare sqrt root of Coulomb for Wc(q) (seconds, Wall/CPU): 0.061732 1.721385
Time to prepare sqrt root of Coulomb for Epsilon(q) (seconds, Wall/CPU): 0.060413 1.680464
Time for Wc(i_q=2, i_omega=1) (seconds, Wall/CPU): 0.013205 0.392191
Time for Wc(i_q=2, i_omega=2) (seconds, Wall/CPU): 0.014236 0.419557
Time for Wc(i_q=2, i_omega=3) (seconds, Wall/CPU): 0.012720 0.381304
Time for Wc(i_q=2, i_omega=4) (seconds, Wall/CPU): 0.012704 0.374872
Time for Wc(i_q=2, i_omega=5) (seconds, Wall/CPU): 0.013757 0.395232
Time for Wc(i_q=2, i_omega=6) (seconds, Wall/CPU): 0.012503 0.373067
Computing Wc(q), 3 / 8, q=(0.500000, 0.500000, 0.500000)
Time to prepare sqrt root of Coulomb for Wc(q) (seconds, Wall/CPU): 0.059484 1.651777
Time to prepare sqrt root of Coulomb for Epsilon(q) (seconds, Wall/CPU): 0.058827 1.638790
Time for Wc(i_q=3, i_omega=1) (seconds, Wall/CPU): 0.012373 0.370136
Time for Wc(i_q=3, i_omega=2) (seconds, Wall/CPU): 0.012119 0.354564
Time for Wc(i_q=3, i_omega=3) (seconds, Wall/CPU): 0.012261 0.370532
Time for Wc(i_q=3, i_omega=4) (seconds, Wall/CPU): 0.012798 0.387864
Time for Wc(i_q=3, i_omega=5) (seconds, Wall/CPU): 0.012793 0.384496
Time for Wc(i_q=3, i_omega=6) (seconds, Wall/CPU): 0.012561 0.376363
Computing Wc(q), 4 / 8, q=(0.250000, 0.250000, 0.000000)
Time to prepare sqrt root of Coulomb for Wc(q) (seconds, Wall/CPU): 0.058979 1.636043
Time to prepare sqrt root of Coulomb for Epsilon(q) (seconds, Wall/CPU): 0.054451 1.527044
Time for Wc(i_q=4, i_omega=1) (seconds, Wall/CPU): 0.012244 0.368522
Time for Wc(i_q=4, i_omega=2) (seconds, Wall/CPU): 0.013901 0.414476
Time for Wc(i_q=4, i_omega=3) (seconds, Wall/CPU): 0.012425 0.371185
Time for Wc(i_q=4, i_omega=4) (seconds, Wall/CPU): 0.012834 0.387035
Time for Wc(i_q=4, i_omega=5) (seconds, Wall/CPU): 0.014285 0.426945
Time for Wc(i_q=4, i_omega=6) (seconds, Wall/CPU): 0.013306 0.395554
Computing Wc(q), 5 / 8, q=(0.500000, 0.500000, 0.250000)
Time to prepare sqrt root of Coulomb for Wc(q) (seconds, Wall/CPU): 0.062978 1.773124
Time to prepare sqrt root of Coulomb for Epsilon(q) (seconds, Wall/CPU): 0.056726 1.601073
Time for Wc(i_q=5, i_omega=1) (seconds, Wall/CPU): 0.011973 0.359024
Time for Wc(i_q=5, i_omega=2) (seconds, Wall/CPU): 0.015386 0.455566
Time for Wc(i_q=5, i_omega=3) (seconds, Wall/CPU): 0.013414 0.392478
Time for Wc(i_q=5, i_omega=4) (seconds, Wall/CPU): 0.012769 0.375947
Time for Wc(i_q=5, i_omega=5) (seconds, Wall/CPU): 0.012397 0.372282
Time for Wc(i_q=5, i_omega=6) (seconds, Wall/CPU): 0.012656 0.377413
Computing Wc(q), 6 / 8, q=(0.500000, 0.250000, 0.250000)
Time to prepare sqrt root of Coulomb for Wc(q) (seconds, Wall/CPU): 0.061695 1.706123
Time to prepare sqrt root of Coulomb for Epsilon(q) (seconds, Wall/CPU): 0.060000 1.668365
Time for Wc(i_q=6, i_omega=1) (seconds, Wall/CPU): 0.012899 0.388917
Time for Wc(i_q=6, i_omega=2) (seconds, Wall/CPU): 0.012738 0.379539
Time for Wc(i_q=6, i_omega=3) (seconds, Wall/CPU): 0.013876 0.408134
Time for Wc(i_q=6, i_omega=4) (seconds, Wall/CPU): 0.012663 0.378805
Time for Wc(i_q=6, i_omega=5) (seconds, Wall/CPU): 0.012744 0.380368
Time for Wc(i_q=6, i_omega=6) (seconds, Wall/CPU): 0.013018 0.382104
Computing Wc(q), 7 / 8, q=(0.500000, 0.500000, 0.000000)
Time to prepare sqrt root of Coulomb for Wc(q) (seconds, Wall/CPU): 0.057727 1.606390
Time to prepare sqrt root of Coulomb for Epsilon(q) (seconds, Wall/CPU): 0.059007 1.639606
Time for Wc(i_q=7, i_omega=1) (seconds, Wall/CPU): 0.012559 0.375660
Time for Wc(i_q=7, i_omega=2) (seconds, Wall/CPU): 0.011832 0.359452
Time for Wc(i_q=7, i_omega=3) (seconds, Wall/CPU): 0.012734 0.381748
Time for Wc(i_q=7, i_omega=4) (seconds, Wall/CPU): 0.014050 0.412931
Time for Wc(i_q=7, i_omega=5) (seconds, Wall/CPU): 0.012434 0.377436
Time for Wc(i_q=7, i_omega=6) (seconds, Wall/CPU): 0.012912 0.376965
Computing Wc(q), 8 / 8, q=(0.500000, 0.250000, 0.750000)
Time to prepare sqrt root of Coulomb for Wc(q) (seconds, Wall/CPU): 0.057129 1.579298
Time to prepare sqrt root of Coulomb for Epsilon(q) (seconds, Wall/CPU): 0.058245 1.620697
Time for Wc(i_q=8, i_omega=1) (seconds, Wall/CPU): 0.012449 0.368750
Time for Wc(i_q=8, i_omega=2) (seconds, Wall/CPU): 0.012295 0.356316
Time for Wc(i_q=8, i_omega=3) (seconds, Wall/CPU): 0.012934 0.380130
Time for Wc(i_q=8, i_omega=4) (seconds, Wall/CPU): 0.012471 0.374835
Time for Wc(i_q=8, i_omega=5) (seconds, Wall/CPU): 0.012700 0.379819
Time for Wc(i_q=8, i_omega=6) (seconds, Wall/CPU): 0.013865 0.407938
Time for Wc computation (seconds, Wall/CPU): 1.558118 44.772876
Calculating correlation self-energy by space-time method
Using real tensor
Converting Wc(q,w) -> W(q,t)
Task    0: distributing 18 {I, J, R, tau} on 32 threads
Done converting Wc q,w -> q,t
Time for Fourier transform of Wc in GW (seconds, Wall/CPU): 0.030007 0.754050
Converting Wc(q) -> W(R)
GW symmetry accumulates full `W(R)` directly from IBZ q-stars
Done converting Wc q -> R
Converting Wc(q) -> W(R)
GW symmetry accumulates full `W(R)` directly from IBZ q-stars
Done converting Wc q -> R
Converting Wc(q) -> W(R)
GW symmetry accumulates full `W(R)` directly from IBZ q-stars
Done converting Wc q -> R
Converting Wc(q) -> W(R)
GW symmetry accumulates full `W(R)` directly from IBZ q-stars
Done converting Wc q -> R
Converting Wc(q) -> W(R)
GW symmetry accumulates full `W(R)` directly from IBZ q-stars
Done converting Wc q -> R
Converting Wc(q) -> W(R)
GW symmetry accumulates full `W(R)` directly from IBZ q-stars
Done converting Wc q -> R
Time for Fourier transform of Wc in GW (seconds, Wall/CPU): 65.744216 1752.055752
Reducing GW real-space self-energy outputs with symmetry irreducible sectors
Time for LibRI G0W0 setup (seconds, Wall/CPU): 0.057541 0.057481
Time for Green's function, i_spin 1 i_tau 1 (seconds, Wall/CPU): 0.100387 3.204613
Task    0. libRI G0W0, spin 0, time grid     0.073329. Wc size 256, GF size 256. Wall time 37.347767
Task    0. libRI G0W0, spin 0, time grid    -0.073329. Wc size 256, GF size 256. Wall time 56.867995
Time for Green's function, i_spin 1 i_tau 2 (seconds, Wall/CPU): 0.100407 3.208994
Task    0. libRI G0W0, spin 0, time grid     0.557033. Wc size 256, GF size 256. Wall time 63.835958
Task    0. libRI G0W0, spin 0, time grid    -0.557033. Wc size 256, GF size 256. Wall time 64.696397
Time for Green's function, i_spin 1 i_tau 3 (seconds, Wall/CPU): 0.098756 3.156447
Task    0. libRI G0W0, spin 0, time grid     2.343608. Wc size 256, GF size 256. Wall time 68.697870
Task    0. libRI G0W0, spin 0, time grid    -2.343608. Wc size 256, GF size 256. Wall time 66.544961
Time for Green's function, i_spin 1 i_tau 4 (seconds, Wall/CPU): 0.099408 3.176433
Task    0. libRI G0W0, spin 0, time grid     7.867662. Wc size 256, GF size 256. Wall time 65.481958
Task    0. libRI G0W0, spin 0, time grid    -7.867662. Wc size 256, GF size 256. Wall time 64.424389
Time for Green's function, i_spin 1 i_tau 5 (seconds, Wall/CPU): 0.098871 3.156774
Task    0. libRI G0W0, spin 0, time grid    23.011938. Wc size 256, GF size 256. Wall time 67.012754
Task    0. libRI G0W0, spin 0, time grid   -23.011938. Wc size 256, GF size 256. Wall time 64.676990
Time for Green's function, i_spin 1 i_tau 6 (seconds, Wall/CPU): 0.098373 3.141103
Task    0. libRI G0W0, spin 0, time grid    62.374050. Wc size 256, GF size 256. Wall time 66.880973
Task    0. libRI G0W0, spin 0, time grid   -62.374050. Wc size 256, GF size 256. Wall time 66.957526
Task    0: tensor communicate elapsed time: 0.004158
Printing quasi-particle energy [unit: eV]

spin  1, k-point    1: (0.00000, 0.00000, 0.00000) 
----------------------------------------------------------------------------------------------------------------------------
State              occ             e_mf             v_xc            v_exx           ReSigc           ImSigc             e_qp
----------------------------------------------------------------------------------------------------------------------------
    1          2.00000         -5.69012        -10.44971        -17.67180          6.05109         -1.20637         -6.86113
    2          2.00000          6.28506        -11.34572        -13.03799          0.63241         -0.00543          5.22520
    3          2.00000          6.28506        -11.34572        -13.03799          0.63241         -0.00543          5.22520
    4          2.00000          6.28506        -11.34572        -13.03799          0.63241         -0.00543          5.22520
    5          0.00000          8.86227        -10.01494         -5.68679         -3.01309         -0.12657         10.17734
    6          0.00000          8.86227        -10.01494         -5.68679         -3.01309         -0.12657         10.17734
    7          0.00000          8.86227        -10.01494         -5.68679         -3.01309         -0.12657         10.17734
    8          0.00000          9.74723        -11.19742         -6.01471         -3.72993         -0.21710         11.20001
    9          0.00000         13.94508        -10.08220         -4.22498         -3.85105         -0.42989         15.95124
   10          0.00000         13.94508        -10.08220         -4.22498         -3.85105         -0.42989         15.95124
   11          0.00000         14.58093         -7.62395         -2.48640         -3.99122         -0.31632         15.72726
   12          0.00000         18.14334         -8.48322         -2.28482         -4.60783         -0.69356         19.73392
   13          0.00000         18.14334         -8.48322         -2.28482         -4.60783         -0.69356         19.73392
   14          0.00000         18.14334         -8.48322         -2.28482         -4.60783         -0.69356         19.73392
   15          0.00000         30.54283        -10.89117         -2.25495         -5.40033         -0.54229         33.77872
   16          0.00000         30.54283        -10.89117         -2.25495         -5.40033         -0.54229         33.77872
   17          0.00000         31.55455         -9.90215         -2.10114         -5.74583         -0.41594         33.60973
   18          0.00000         31.55455         -9.90215         -2.10114         -5.74583         -0.41594         33.60973
   19          0.00000         31.55455         -9.90215         -2.10114         -5.74583         -0.41594         33.60973
   20          0.00000         32.39192        -10.81331         -2.44546         -5.13967         -0.42766         35.62009
   21          0.00000         32.39192        -10.81331         -2.44546         -5.13967         -0.42766         35.62009
   22          0.00000         32.39192        -10.81331         -2.44546         -5.13967         -0.42766         35.62009
   23          0.00000         42.31696         -9.34707         -1.27953         -5.06576         -1.76179         45.31874
   24          0.00000         42.31696         -9.34707         -1.27953         -5.06576         -1.76179         45.31874
   25          0.00000         42.31696         -9.34707         -1.27953         -5.06576         -1.76179         45.31874
   26          0.00000         46.39990         -9.26804         -1.10493         -5.20972         -2.41590         49.35330
   27          0.00000         46.39990         -9.26804         -1.10493         -5.20972         -2.41590         49.35330
   28          0.00000         51.15435         -9.52291         -1.29642         -5.47644         -2.27398         53.90440
   29          0.00000         51.15435         -9.52291         -1.29642         -5.47644         -2.27398         53.90440
   30          0.00000         51.15435         -9.52291         -1.29642         -5.47644         -2.27398         53.90440
   31          0.00000         56.17169         -9.20949         -1.14985         -4.60198         -1.35591         59.62934
   32          0.00000         56.17169         -9.20949         -1.14985         -4.60198         -1.35590         59.62934
   33          0.00000         58.01062         -8.63753         -1.33266         -2.89034         -1.08874         62.42515
   34          0.00000         58.01062         -8.63753         -1.33266         -2.89035         -1.08872         62.42515
   35          0.00000         58.01062         -8.63753         -1.33266         -2.89035         -1.08874         62.42515
   36          0.00000         86.71728         -7.43202         -0.81310         -6.15926          0.46972         87.17695
   37          0.00000         88.43361         -7.58818         -0.85553         -6.03906         -0.41336         89.12720
   38          0.00000         93.46459         -7.98891         -1.83650        -17.62324          6.69479         81.99375
   39          0.00000         93.46459         -7.98891         -1.83650        -17.62327          6.69475         81.99372
   40          0.00000         93.46459         -7.98891         -1.83650        -17.62326          6.69471         81.99374
   41          0.00000        149.37713         -7.76239         -3.02201         19.86254         14.46206        173.98006
   42          0.00000        189.18353         -8.43657         -5.79747         18.75178          9.05528        210.57440
   43          0.00000        189.18353         -8.43657         -5.79747         18.75233          9.05479        210.57495
   44          0.00000        189.18354         -8.43656         -5.79747         18.75229          9.05510        210.57492

spin  1, k-point    2: (0.00000, 0.00000, 0.25000) 
----------------------------------------------------------------------------------------------------------------------------
State              occ             e_mf             v_xc            v_exx           ReSigc           ImSigc             e_qp
----------------------------------------------------------------------------------------------------------------------------
    1         16.00000         -4.89232        -10.53022        -17.25721          5.59276         -1.03695         -6.02655
    2         16.00000          2.34527        -10.66782        -13.84039          2.09670         -0.17961          1.26940
    3         16.00000          5.53197        -11.10224        -13.03575          0.84508         -0.00299          4.44354
    4         16.00000          5.53197        -11.10224        -13.03575          0.84508         -0.00299          4.44354
    5          0.00000          8.31391        -10.10127         -5.75265         -3.05101         -0.10978          9.61151
    6          0.00000          9.80126        -10.06516         -5.42399         -3.26145         -0.19563         11.18098
    7          0.00000          9.80126        -10.06516         -5.42399         -3.26145         -0.19563         11.18098
    8          0.00000         13.40542        -10.79312         -5.12807         -4.17446         -0.35121         14.89601
    9          0.00000         13.57179         -9.81557         -4.19321         -3.79220         -0.42620         15.40196
   10          0.00000         13.57179         -9.81557         -4.19321         -3.79220         -0.42620         15.40196
   11          0.00000         16.10111         -8.06996         -2.44077         -4.23760         -0.42696         17.49270
   12          0.00000         18.67045         -8.54358         -2.51486         -4.35359         -0.43049         20.34558
   13          0.00000         21.47112         -9.89065         -2.65844         -5.15323         -0.57789         23.55011
   14          0.00000         21.47112         -9.89065         -2.65844         -5.15323         -0.57789         23.55011
   15          0.00000         25.06997        -10.22045         -2.70735         -5.11942         -0.25362         27.46365
   16          0.00000         26.28310         -9.74473         -2.39955         -4.94365         -0.31696         28.68463
   17          0.00000         26.28310         -9.74473         -2.39955         -4.94365         -0.31696         28.68463
   18          0.00000         31.29209        -10.42310         -2.14824         -5.18178         -0.47080         34.38516
   19          0.00000         31.29209        -10.42310         -2.14824         -5.18178         -0.47080         34.38516
   20          0.00000         34.59041        -10.74484         -2.13738         -5.17232         -0.61526         38.02555
   21          0.00000         35.33208        -10.72202         -2.17074         -5.20800         -0.47970         38.67537
   22          0.00000         35.33208        -10.72202         -2.17074         -5.20800         -0.47970         38.67537
   23          0.00000         39.89837         -9.09759         -1.42497         -5.05990         -1.19876         42.51110
   24          0.00000         42.77690         -9.27999         -1.27640         -5.22522         -1.74549         45.55527
   25          0.00000         42.77690         -9.27999         -1.27640         -5.22522         -1.74549         45.55527
   26          0.00000         45.06204         -9.25500         -1.22841         -5.00236         -1.62328         48.08626
   27          0.00000         45.06204         -9.25500         -1.22841         -5.00236         -1.62328         48.08626
   28          0.00000         49.27328         -9.21889         -1.25181         -4.86611         -1.59651         52.37425
   29          0.00000         49.27328         -9.21889         -1.25181         -4.86610         -1.59652         52.37425
   30          0.00000         52.03330         -9.05718         -1.13672         -5.08777         -2.08206         54.86599
   31          0.00000         53.69564         -9.42710         -1.19652         -5.14334         -2.29359         56.78288
   32          0.00000         53.69564         -9.42710         -1.19652         -5.14334         -2.29358         56.78288
   33          0.00000         54.35743         -9.58561         -1.32455         -5.32610         -1.61564         57.29239
   34          0.00000         60.11895         -8.74813         -1.23035         -2.92104         -2.01034         64.71569
   35          0.00000         60.11895         -8.74813         -1.23035         -2.92104         -2.01036         64.71569
   36          0.00000         66.75996         -9.16407         -1.30375         -4.73533         -0.60423         69.88496
   37          0.00000         78.27030         -8.73862         -1.74986        -10.78884          2.84904         74.47022
   38          0.00000         78.27030         -8.73862         -1.74986        -10.78887          2.84901         74.47019
   39          0.00000         87.72210         -7.43910         -1.02571         -7.18787          1.64034         86.94762
   40          0.00000         90.55595         -7.34561         -0.79524         -6.23965          1.03602         90.86667
   41          0.00000        103.57606         -7.50404         -1.83790        -14.70262          7.48617         94.53958
   42          0.00000        137.75038         -8.20089         -3.70257         24.91039         21.00687        167.15909
   43          0.00000        137.75038         -8.20089         -3.70257         24.91021         21.00711        167.15892
   44          0.00000        162.48693         -8.29325         -3.14037         22.82195         13.21688        190.46176

spin  1, k-point    3: (0.00000, 0.00000, 0.75000) 
----------------------------------------------------------------------------------------------------------------------------
State              occ             e_mf             v_xc            v_exx           ReSigc           ImSigc             e_qp
----------------------------------------------------------------------------------------------------------------------------
    1         16.00000         -4.89232        -10.53022        -17.25721          5.59276         -1.03695         -6.02655
    2         16.00000          2.34527        -10.66782        -13.84039          2.09670         -0.17961          1.26940
    3         16.00000          5.53197        -11.10224        -13.03575          0.84508         -0.00299          4.44354
    4         16.00000          5.53197        -11.10224        -13.03575          0.84508         -0.00299          4.44354
    5          0.00000          8.31391        -10.10127         -5.75265         -3.05101         -0.10978          9.61151
    6          0.00000          9.80126        -10.06516         -5.42399         -3.26145         -0.19563         11.18098
    7          0.00000          9.80126        -10.06516         -5.42399         -3.26145         -0.19563         11.18098
    8          0.00000         13.40542        -10.79312         -5.12807         -4.17446         -0.35121         14.89601
    9          0.00000         13.57179         -9.81557         -4.19321         -3.79220         -0.42620         15.40196
   10          0.00000         13.57179         -9.81557         -4.19321         -3.79220         -0.42620         15.40196
   11          0.00000         16.10111         -8.06996         -2.44077         -4.23760         -0.42696         17.49270
   12          0.00000         18.67045         -8.54358         -2.51486         -4.35359         -0.43049         20.34558
   13          0.00000         21.47112         -9.89065         -2.65844         -5.15323         -0.57789         23.55011
   14          0.00000         21.47112         -9.89065         -2.65844         -5.15323         -0.57789         23.55011
   15          0.00000         25.06997        -10.22045         -2.70735         -5.11942         -0.25362         27.46365
   16          0.00000         26.28310         -9.74473         -2.39955         -4.94365         -0.31696         28.68463
   17          0.00000         26.28310         -9.74473         -2.39955         -4.94365         -0.31696         28.68463
   18          0.00000         31.29209        -10.42310         -2.14824         -5.18178         -0.47080         34.38516
   19          0.00000         31.29209        -10.42310         -2.14824         -5.18178         -0.47080         34.38516
   20          0.00000         34.59041        -10.74484         -2.13738         -5.17232         -0.61526         38.02555
   21          0.00000         35.33208        -10.72202         -2.17074         -5.20800         -0.47970         38.67537
   22          0.00000         35.33208        -10.72202         -2.17074         -5.20800         -0.47970         38.67537
   23          0.00000         39.89837         -9.09759         -1.42497         -5.05990         -1.19876         42.51110
   24          0.00000         42.77690         -9.27999         -1.27640         -5.22522         -1.74549         45.55527
   25          0.00000         42.77690         -9.27999         -1.27640         -5.22522         -1.74549         45.55527
   26          0.00000         45.06204         -9.25500         -1.22841         -5.00236         -1.62328         48.08626
   27          0.00000         45.06204         -9.25500         -1.22841         -5.00236         -1.62328         48.08626
   28          0.00000         49.27328         -9.21889         -1.25181         -4.86611         -1.59651         52.37425
   29          0.00000         49.27328         -9.21889         -1.25181         -4.86610         -1.59652         52.37425
   30          0.00000         52.03330         -9.05718         -1.13672         -5.08777         -2.08206         54.86599
   31          0.00000         53.69564         -9.42710         -1.19652         -5.14334         -2.29359         56.78288
   32          0.00000         53.69564         -9.42710         -1.19652         -5.14334         -2.29358         56.78288
   33          0.00000         54.35743         -9.58561         -1.32455         -5.32610         -1.61564         57.29239
   34          0.00000         60.11895         -8.74813         -1.23035         -2.92104         -2.01034         64.71569
   35          0.00000         60.11895         -8.74813         -1.23035         -2.92104         -2.01036         64.71569
   36          0.00000         66.75996         -9.16407         -1.30375         -4.73533         -0.60423         69.88496
   37          0.00000         78.27030         -8.73862         -1.74986        -10.78884          2.84904         74.47022
   38          0.00000         78.27030         -8.73862         -1.74986        -10.78887          2.84901         74.47019
   39          0.00000         87.72210         -7.43910         -1.02571         -7.18787          1.64034         86.94762
   40          0.00000         90.55595         -7.34561         -0.79524         -6.23965          1.03602         90.86667
   41          0.00000        103.57606         -7.50404         -1.83790        -14.70262          7.48617         94.53958
   42          0.00000        137.75038         -8.20089         -3.70257         24.91039         21.00687        167.15909
   43          0.00000        137.75038         -8.20089         -3.70257         24.91021         21.00711        167.15892
   44          0.00000        162.48693         -8.29325         -3.14037         22.82195         13.21688        190.46176

spin  1, k-point    4: (0.00000, 0.25000, 0.00000) 
----------------------------------------------------------------------------------------------------------------------------
State              occ             e_mf             v_xc            v_exx           ReSigc           ImSigc             e_qp
----------------------------------------------------------------------------------------------------------------------------
    1         16.00000         -4.89232        -10.53022        -17.25721          5.59276         -1.03695         -6.02655
    2         16.00000          2.34527        -10.66782        -13.84039          2.09670         -0.17961          1.26940
    3         16.00000          5.53197        -11.10224        -13.03575          0.84508         -0.00299          4.44354
    4         16.00000          5.53197        -11.10224        -13.03575          0.84508         -0.00299          4.44354
    5          0.00000          8.31391        -10.10127         -5.75265         -3.05101         -0.10978          9.61151
    6          0.00000          9.80126        -10.06516         -5.42399         -3.26145         -0.19563         11.18098
    7          0.00000          9.80126        -10.06516         -5.42399         -3.26145         -0.19563         11.18098
    8          0.00000         13.40542        -10.79312         -5.12807         -4.17446         -0.35121         14.89601
    9          0.00000         13.57179         -9.81557         -4.19321         -3.79220         -0.42620         15.40196
   10          0.00000         13.57179         -9.81557         -4.19321         -3.79220         -0.42620         15.40196
   11          0.00000         16.10111         -8.06996         -2.44077         -4.23760         -0.42696         17.49270
   12          0.00000         18.67045         -8.54358         -2.51486         -4.35359         -0.43049         20.34558
   13          0.00000         21.47112         -9.89065         -2.65844         -5.15323         -0.57789         23.55011
   14          0.00000         21.47112         -9.89065         -2.65844         -5.15323         -0.57789         23.55011
   15          0.00000         25.06997        -10.22045         -2.70735         -5.11942         -0.25362         27.46365
   16          0.00000         26.28310         -9.74473         -2.39955         -4.94365         -0.31696         28.68463
   17          0.00000         26.28310         -9.74473         -2.39955         -4.94365         -0.31696         28.68463
   18          0.00000         31.29209        -10.42310         -2.14824         -5.18178         -0.47080         34.38516
   19          0.00000         31.29209        -10.42310         -2.14824         -5.18178         -0.47080         34.38516
   20          0.00000         34.59041        -10.74484         -2.13738         -5.17232         -0.61526         38.02555
   21          0.00000         35.33208        -10.72202         -2.17074         -5.20800         -0.47970         38.67537
   22          0.00000         35.33208        -10.72202         -2.17074         -5.20800         -0.47970         38.67537
   23          0.00000         39.89837         -9.09759         -1.42497         -5.05990         -1.19876         42.51110
   24          0.00000         42.77690         -9.27999         -1.27640         -5.22522         -1.74549         45.55527
   25          0.00000         42.77690         -9.27999         -1.27640         -5.22522         -1.74549         45.55527
   26          0.00000         45.06204         -9.25500         -1.22841         -5.00236         -1.62328         48.08626
   27          0.00000         45.06204         -9.25500         -1.22841         -5.00236         -1.62328         48.08626
   28          0.00000         49.27328         -9.21889         -1.25181         -4.86611         -1.59651         52.37425
   29          0.00000         49.27328         -9.21889         -1.25181         -4.86610         -1.59652         52.37425
   30          0.00000         52.03330         -9.05718         -1.13672         -5.08777         -2.08206         54.86599
   31          0.00000         53.69564         -9.42710         -1.19652         -5.14334         -2.29359         56.78288
   32          0.00000         53.69564         -9.42710         -1.19652         -5.14334         -2.29358         56.78288
   33          0.00000         54.35743         -9.58561         -1.32455         -5.32610         -1.61564         57.29239
   34          0.00000         60.11895         -8.74813         -1.23035         -2.92104         -2.01034         64.71569
   35          0.00000         60.11895         -8.74813         -1.23035         -2.92104         -2.01036         64.71569
   36          0.00000         66.75996         -9.16407         -1.30375         -4.73533         -0.60423         69.88496
   37          0.00000         78.27030         -8.73862         -1.74986        -10.78884          2.84904         74.47022
   38          0.00000         78.27030         -8.73862         -1.74986        -10.78887          2.84901         74.47019
   39          0.00000         87.72210         -7.43910         -1.02571         -7.18787          1.64034         86.94762
   40          0.00000         90.55595         -7.34561         -0.79524         -6.23965          1.03602         90.86667
   41          0.00000        103.57606         -7.50404         -1.83790        -14.70262          7.48617         94.53958
   42          0.00000        137.75038         -8.20089         -3.70257         24.91039         21.00687        167.15909
   43          0.00000        137.75038         -8.20089         -3.70257         24.91021         21.00711        167.15892
   44          0.00000        162.48693         -8.29325         -3.14037         22.82195         13.21688        190.46176

spin  1, k-point    5: (0.00000, 0.75000, 0.00000) 
----------------------------------------------------------------------------------------------------------------------------
State              occ             e_mf             v_xc            v_exx           ReSigc           ImSigc             e_qp
----------------------------------------------------------------------------------------------------------------------------
    1         16.00000         -4.89232        -10.53022        -17.25721          5.59276         -1.03695         -6.02655
    2         16.00000          2.34527        -10.66782        -13.84039          2.09670         -0.17961          1.26940
    3         16.00000          5.53197        -11.10224        -13.03575          0.84508         -0.00299          4.44354
    4         16.00000          5.53197        -11.10224        -13.03575          0.84508         -0.00299          4.44354
    5          0.00000          8.31391        -10.10127         -5.75265         -3.05101         -0.10978          9.61151
    6          0.00000          9.80126        -10.06516         -5.42399         -3.26145         -0.19563         11.18098
    7          0.00000          9.80126        -10.06516         -5.42399         -3.26145         -0.19563         11.18098
    8          0.00000         13.40542        -10.79312         -5.12807         -4.17446         -0.35121         14.89601
    9          0.00000         13.57179         -9.81557         -4.19321         -3.79220         -0.42620         15.40196
   10          0.00000         13.57179         -9.81557         -4.19321         -3.79220         -0.42620         15.40196
   11          0.00000         16.10111         -8.06996         -2.44077         -4.23760         -0.42696         17.49270
   12          0.00000         18.67045         -8.54358         -2.51486         -4.35359         -0.43049         20.34558
   13          0.00000         21.47112         -9.89065         -2.65844         -5.15323         -0.57789         23.55011
   14          0.00000         21.47112         -9.89065         -2.65844         -5.15323         -0.57789         23.55011
   15          0.00000         25.06997        -10.22045         -2.70735         -5.11942         -0.25362         27.46365
   16          0.00000         26.28310         -9.74473         -2.39955         -4.94365         -0.31696         28.68463
   17          0.00000         26.28310         -9.74473         -2.39955         -4.94365         -0.31696         28.68463
   18          0.00000         31.29209        -10.42310         -2.14824         -5.18178         -0.47080         34.38516
   19          0.00000         31.29209        -10.42310         -2.14824         -5.18178         -0.47080         34.38516
   20          0.00000         34.59041        -10.74484         -2.13738         -5.17232         -0.61526         38.02555
   21          0.00000         35.33208        -10.72202         -2.17074         -5.20800         -0.47970         38.67537
   22          0.00000         35.33208        -10.72202         -2.17074         -5.20800         -0.47970         38.67537
   23          0.00000         39.89837         -9.09759         -1.42497         -5.05990         -1.19876         42.51110
   24          0.00000         42.77690         -9.27999         -1.27640         -5.22522         -1.74549         45.55527
   25          0.00000         42.77690         -9.27999         -1.27640         -5.22522         -1.74549         45.55527
   26          0.00000         45.06204         -9.25500         -1.22841         -5.00236         -1.62328         48.08626
   27          0.00000         45.06204         -9.25500         -1.22841         -5.00236         -1.62328         48.08626
   28          0.00000         49.27328         -9.21889         -1.25181         -4.86611         -1.59651         52.37425
   29          0.00000         49.27328         -9.21889         -1.25181         -4.86610         -1.59652         52.37425
   30          0.00000         52.03330         -9.05718         -1.13672         -5.08777         -2.08206         54.86599
   31          0.00000         53.69564         -9.42710         -1.19652         -5.14334         -2.29359         56.78288
   32          0.00000         53.69564         -9.42710         -1.19652         -5.14334         -2.29358         56.78288
   33          0.00000         54.35743         -9.58561         -1.32455         -5.32610         -1.61564         57.29239
   34          0.00000         60.11895         -8.74813         -1.23035         -2.92104         -2.01034         64.71569
   35          0.00000         60.11895         -8.74813         -1.23035         -2.92104         -2.01036         64.71569
   36          0.00000         66.75996         -9.16407         -1.30375         -4.73533         -0.60423         69.88496
   37          0.00000         78.27030         -8.73862         -1.74986        -10.78884          2.84904         74.47022
   38          0.00000         78.27030         -8.73862         -1.74986        -10.78887          2.84901         74.47019
   39          0.00000         87.72210         -7.43910         -1.02571         -7.18787          1.64034         86.94762
   40          0.00000         90.55595         -7.34561         -0.79524         -6.23965          1.03602         90.86667
   41          0.00000        103.57606         -7.50404         -1.83790        -14.70262          7.48617         94.53958
   42          0.00000        137.75038         -8.20089         -3.70257         24.91039         21.00687        167.15909
   43          0.00000        137.75038         -8.20089         -3.70257         24.91021         21.00711        167.15892
   44          0.00000        162.48693         -8.29325         -3.14037         22.82195         13.21688        190.46176

spin  1, k-point    6: (0.25000, 0.00000, 0.00000) 
----------------------------------------------------------------------------------------------------------------------------
State              occ             e_mf             v_xc            v_exx           ReSigc           ImSigc             e_qp
----------------------------------------------------------------------------------------------------------------------------
    1         16.00000         -4.89232        -10.53022        -17.25721          5.59276         -1.03695         -6.02655
    2         16.00000          2.34527        -10.66782        -13.84039          2.09670         -0.17961          1.26940
    3         16.00000          5.53197        -11.10224        -13.03575          0.84508         -0.00299          4.44354
    4         16.00000          5.53197        -11.10224        -13.03575          0.84508         -0.00299          4.44354
    5          0.00000          8.31391        -10.10127         -5.75265         -3.05101         -0.10978          9.61151
    6          0.00000          9.80126        -10.06516         -5.42399         -3.26145         -0.19563         11.18098
    7          0.00000          9.80126        -10.06516         -5.42399         -3.26145         -0.19563         11.18098
    8          0.00000         13.40542        -10.79312         -5.12807         -4.17446         -0.35121         14.89601
    9          0.00000         13.57179         -9.81557         -4.19321         -3.79220         -0.42620         15.40196
   10          0.00000         13.57179         -9.81557         -4.19321         -3.79220         -0.42620         15.40196
   11          0.00000         16.10111         -8.06996         -2.44077         -4.23760         -0.42696         17.49270
   12          0.00000         18.67045         -8.54358         -2.51486         -4.35359         -0.43049         20.34558
   13          0.00000         21.47112         -9.89065         -2.65844         -5.15323         -0.57789         23.55011
   14          0.00000         21.47112         -9.89065         -2.65844         -5.15323         -0.57789         23.55011
   15          0.00000         25.06997        -10.22045         -2.70735         -5.11942         -0.25362         27.46365
   16          0.00000         26.28310         -9.74473         -2.39955         -4.94365         -0.31696         28.68463
   17          0.00000         26.28310         -9.74473         -2.39955         -4.94365         -0.31696         28.68463
   18          0.00000         31.29209        -10.42310         -2.14824         -5.18178         -0.47080         34.38516
   19          0.00000         31.29209        -10.42310         -2.14824         -5.18178         -0.47080         34.38516
   20          0.00000         34.59041        -10.74484         -2.13738         -5.17232         -0.61526         38.02555
   21          0.00000         35.33208        -10.72202         -2.17074         -5.20800         -0.47970         38.67537
   22          0.00000         35.33208        -10.72202         -2.17074         -5.20800         -0.47970         38.67537
   23          0.00000         39.89837         -9.09759         -1.42497         -5.05990         -1.19876         42.51110
   24          0.00000         42.77690         -9.27999         -1.27640         -5.22522         -1.74549         45.55527
   25          0.00000         42.77690         -9.27999         -1.27640         -5.22522         -1.74549         45.55527
   26          0.00000         45.06204         -9.25500         -1.22841         -5.00236         -1.62328         48.08626
   27          0.00000         45.06204         -9.25500         -1.22841         -5.00236         -1.62328         48.08626
   28          0.00000         49.27328         -9.21889         -1.25181         -4.86611         -1.59651         52.37425
   29          0.00000         49.27328         -9.21889         -1.25181         -4.86610         -1.59652         52.37425
   30          0.00000         52.03330         -9.05718         -1.13672         -5.08777         -2.08206         54.86599
   31          0.00000         53.69564         -9.42710         -1.19652         -5.14334         -2.29359         56.78288
   32          0.00000         53.69564         -9.42710         -1.19652         -5.14334         -2.29358         56.78288
   33          0.00000         54.35743         -9.58561         -1.32455         -5.32610         -1.61564         57.29239
   34          0.00000         60.11895         -8.74813         -1.23035         -2.92104         -2.01034         64.71569
   35          0.00000         60.11895         -8.74813         -1.23035         -2.92104         -2.01036         64.71569
   36          0.00000         66.75996         -9.16407         -1.30375         -4.73533         -0.60423         69.88496
   37          0.00000         78.27030         -8.73862         -1.74986        -10.78884          2.84904         74.47022
   38          0.00000         78.27030         -8.73862         -1.74986        -10.78887          2.84901         74.47019
   39          0.00000         87.72210         -7.43910         -1.02571         -7.18787          1.64034         86.94762
   40          0.00000         90.55595         -7.34561         -0.79524         -6.23965          1.03602         90.86667
   41          0.00000        103.57606         -7.50404         -1.83790        -14.70262          7.48617         94.53958
   42          0.00000        137.75038         -8.20089         -3.70257         24.91039         21.00687        167.15909
   43          0.00000        137.75038         -8.20089         -3.70257         24.91021         21.00711        167.15892
   44          0.00000        162.48693         -8.29325         -3.14037         22.82195         13.21688        190.46176

spin  1, k-point    7: (0.25000, 0.25000, 0.25000) 
----------------------------------------------------------------------------------------------------------------------------
State              occ             e_mf             v_xc            v_exx           ReSigc           ImSigc             e_qp
----------------------------------------------------------------------------------------------------------------------------
    1         16.00000         -4.89232        -10.53022        -17.25721          5.59276         -1.03695         -6.02655
    2         16.00000          2.34527        -10.66782        -13.84039          2.09670         -0.17961          1.26940
    3         16.00000          5.53197        -11.10224        -13.03575          0.84508         -0.00299          4.44354
    4         16.00000          5.53197        -11.10224        -13.03575          0.84508         -0.00299          4.44354
    5          0.00000          8.31391        -10.10127         -5.75265         -3.05101         -0.10978          9.61151
    6          0.00000          9.80126        -10.06516         -5.42399         -3.26145         -0.19563         11.18098
    7          0.00000          9.80126        -10.06516         -5.42399         -3.26145         -0.19563         11.18098
    8          0.00000         13.40542        -10.79312         -5.12807         -4.17446         -0.35121         14.89601
    9          0.00000         13.57179         -9.81557         -4.19321         -3.79220         -0.42620         15.40196
   10          0.00000         13.57179         -9.81557         -4.19321         -3.79220         -0.42620         15.40196
   11          0.00000         16.10111         -8.06996         -2.44077         -4.23760         -0.42696         17.49270
   12          0.00000         18.67045         -8.54358         -2.51486         -4.35359         -0.43049         20.34558
   13          0.00000         21.47112         -9.89065         -2.65844         -5.15323         -0.57789         23.55011
   14          0.00000         21.47112         -9.89065         -2.65844         -5.15323         -0.57789         23.55011
   15          0.00000         25.06997        -10.22045         -2.70735         -5.11942         -0.25362         27.46365
   16          0.00000         26.28310         -9.74473         -2.39955         -4.94365         -0.31696         28.68463
   17          0.00000         26.28310         -9.74473         -2.39955         -4.94365         -0.31696         28.68463
   18          0.00000         31.29209        -10.42310         -2.14824         -5.18178         -0.47080         34.38516
   19          0.00000         31.29209        -10.42310         -2.14824         -5.18178         -0.47080         34.38516
   20          0.00000         34.59041        -10.74484         -2.13738         -5.17232         -0.61526         38.02555
   21          0.00000         35.33208        -10.72202         -2.17074         -5.20800         -0.47970         38.67537
   22          0.00000         35.33208        -10.72202         -2.17074         -5.20800         -0.47970         38.67537
   23          0.00000         39.89837         -9.09759         -1.42497         -5.05990         -1.19876         42.51110
   24          0.00000         42.77690         -9.27999         -1.27640         -5.22522         -1.74549         45.55527
   25          0.00000         42.77690         -9.27999         -1.27640         -5.22522         -1.74549         45.55527
   26          0.00000         45.06204         -9.25500         -1.22841         -5.00236         -1.62328         48.08626
   27          0.00000         45.06204         -9.25500         -1.22841         -5.00236         -1.62328         48.08626
   28          0.00000         49.27328         -9.21889         -1.25181         -4.86611         -1.59651         52.37425
   29          0.00000         49.27328         -9.21889         -1.25181         -4.86610         -1.59652         52.37425
   30          0.00000         52.03330         -9.05718         -1.13672         -5.08777         -2.08206         54.86599
   31          0.00000         53.69564         -9.42710         -1.19652         -5.14334         -2.29359         56.78288
   32          0.00000         53.69564         -9.42710         -1.19652         -5.14334         -2.29358         56.78288
   33          0.00000         54.35743         -9.58561         -1.32455         -5.32610         -1.61564         57.29239
   34          0.00000         60.11895         -8.74813         -1.23035         -2.92104         -2.01034         64.71569
   35          0.00000         60.11895         -8.74813         -1.23035         -2.92104         -2.01036         64.71569
   36          0.00000         66.75996         -9.16407         -1.30375         -4.73533         -0.60423         69.88496
   37          0.00000         78.27030         -8.73862         -1.74986        -10.78884          2.84904         74.47022
   38          0.00000         78.27030         -8.73862         -1.74986        -10.78887          2.84901         74.47019
   39          0.00000         87.72210         -7.43910         -1.02571         -7.18787          1.64034         86.94762
   40          0.00000         90.55595         -7.34561         -0.79524         -6.23965          1.03602         90.86667
   41          0.00000        103.57606         -7.50404         -1.83790        -14.70262          7.48617         94.53958
   42          0.00000        137.75038         -8.20089         -3.70257         24.91039         21.00687        167.15909
   43          0.00000        137.75038         -8.20089         -3.70257         24.91021         21.00711        167.15892
   44          0.00000        162.48693         -8.29325         -3.14037         22.82195         13.21688        190.46176

spin  1, k-point    8: (0.75000, 0.00000, 0.00000) 
----------------------------------------------------------------------------------------------------------------------------
State              occ             e_mf             v_xc            v_exx           ReSigc           ImSigc             e_qp
----------------------------------------------------------------------------------------------------------------------------
    1         16.00000         -4.89232        -10.53022        -17.25721          5.59276         -1.03695         -6.02655
    2         16.00000          2.34527        -10.66782        -13.84039          2.09670         -0.17961          1.26940
    3         16.00000          5.53197        -11.10224        -13.03575          0.84508         -0.00299          4.44354
    4         16.00000          5.53197        -11.10224        -13.03575          0.84508         -0.00299          4.44354
    5          0.00000          8.31391        -10.10127         -5.75265         -3.05101         -0.10978          9.61151
    6          0.00000          9.80126        -10.06516         -5.42399         -3.26145         -0.19563         11.18098
    7          0.00000          9.80126        -10.06516         -5.42399         -3.26145         -0.19563         11.18098
    8          0.00000         13.40542        -10.79312         -5.12807         -4.17446         -0.35121         14.89601
    9          0.00000         13.57179         -9.81557         -4.19321         -3.79220         -0.42620         15.40196
   10          0.00000         13.57179         -9.81557         -4.19321         -3.79220         -0.42620         15.40196
   11          0.00000         16.10111         -8.06996         -2.44077         -4.23760         -0.42696         17.49270
   12          0.00000         18.67045         -8.54358         -2.51486         -4.35359         -0.43049         20.34558
   13          0.00000         21.47112         -9.89065         -2.65844         -5.15323         -0.57789         23.55011
   14          0.00000         21.47112         -9.89065         -2.65844         -5.15323         -0.57789         23.55011
   15          0.00000         25.06997        -10.22045         -2.70735         -5.11942         -0.25362         27.46365
   16          0.00000         26.28310         -9.74473         -2.39955         -4.94365         -0.31696         28.68463
   17          0.00000         26.28310         -9.74473         -2.39955         -4.94365         -0.31696         28.68463
   18          0.00000         31.29209        -10.42310         -2.14824         -5.18178         -0.47080         34.38516
   19          0.00000         31.29209        -10.42310         -2.14824         -5.18178         -0.47080         34.38516
   20          0.00000         34.59041        -10.74484         -2.13738         -5.17232         -0.61526         38.02555
   21          0.00000         35.33208        -10.72202         -2.17074         -5.20800         -0.47970         38.67537
   22          0.00000         35.33208        -10.72202         -2.17074         -5.20800         -0.47970         38.67537
   23          0.00000         39.89837         -9.09759         -1.42497         -5.05990         -1.19876         42.51110
   24          0.00000         42.77690         -9.27999         -1.27640         -5.22522         -1.74549         45.55527
   25          0.00000         42.77690         -9.27999         -1.27640         -5.22522         -1.74549         45.55527
   26          0.00000         45.06204         -9.25500         -1.22841         -5.00236         -1.62328         48.08626
   27          0.00000         45.06204         -9.25500         -1.22841         -5.00236         -1.62328         48.08626
   28          0.00000         49.27328         -9.21889         -1.25181         -4.86611         -1.59651         52.37425
   29          0.00000         49.27328         -9.21889         -1.25181         -4.86610         -1.59652         52.37425
   30          0.00000         52.03330         -9.05718         -1.13672         -5.08777         -2.08206         54.86599
   31          0.00000         53.69564         -9.42710         -1.19652         -5.14334         -2.29359         56.78288
   32          0.00000         53.69564         -9.42710         -1.19652         -5.14334         -2.29358         56.78288
   33          0.00000         54.35743         -9.58561         -1.32455         -5.32610         -1.61564         57.29239
   34          0.00000         60.11895         -8.74813         -1.23035         -2.92104         -2.01034         64.71569
   35          0.00000         60.11895         -8.74813         -1.23035         -2.92104         -2.01036         64.71569
   36          0.00000         66.75996         -9.16407         -1.30375         -4.73533         -0.60423         69.88496
   37          0.00000         78.27030         -8.73862         -1.74986        -10.78884          2.84904         74.47022
   38          0.00000         78.27030         -8.73862         -1.74986        -10.78887          2.84901         74.47019
   39          0.00000         87.72210         -7.43910         -1.02571         -7.18787          1.64034         86.94762
   40          0.00000         90.55595         -7.34561         -0.79524         -6.23965          1.03602         90.86667
   41          0.00000        103.57606         -7.50404         -1.83790        -14.70262          7.48617         94.53958
   42          0.00000        137.75038         -8.20089         -3.70257         24.91039         21.00687        167.15909
   43          0.00000        137.75038         -8.20089         -3.70257         24.91021         21.00711        167.15892
   44          0.00000        162.48693         -8.29325         -3.14037         22.82195         13.21688        190.46176

spin  1, k-point    9: (0.75000, 0.75000, 0.75000) 
----------------------------------------------------------------------------------------------------------------------------
State              occ             e_mf             v_xc            v_exx           ReSigc           ImSigc             e_qp
----------------------------------------------------------------------------------------------------------------------------
    1         16.00000         -4.89232        -10.53022        -17.25721          5.59276         -1.03695         -6.02655
    2         16.00000          2.34527        -10.66782        -13.84039          2.09670         -0.17961          1.26940
    3         16.00000          5.53197        -11.10224        -13.03575          0.84508         -0.00299          4.44354
    4         16.00000          5.53197        -11.10224        -13.03575          0.84508         -0.00299          4.44354
    5          0.00000          8.31391        -10.10127         -5.75265         -3.05101         -0.10978          9.61151
    6          0.00000          9.80126        -10.06516         -5.42399         -3.26145         -0.19563         11.18098
    7          0.00000          9.80126        -10.06516         -5.42399         -3.26145         -0.19563         11.18098
    8          0.00000         13.40542        -10.79312         -5.12807         -4.17446         -0.35121         14.89601
    9          0.00000         13.57179         -9.81557         -4.19321         -3.79220         -0.42620         15.40196
   10          0.00000         13.57179         -9.81557         -4.19321         -3.79220         -0.42620         15.40196
   11          0.00000         16.10111         -8.06996         -2.44077         -4.23760         -0.42696         17.49270
   12          0.00000         18.67045         -8.54358         -2.51486         -4.35359         -0.43049         20.34558
   13          0.00000         21.47112         -9.89065         -2.65844         -5.15323         -0.57789         23.55011
   14          0.00000         21.47112         -9.89065         -2.65844         -5.15323         -0.57789         23.55011
   15          0.00000         25.06997        -10.22045         -2.70735         -5.11942         -0.25362         27.46365
   16          0.00000         26.28310         -9.74473         -2.39955         -4.94365         -0.31696         28.68463
   17          0.00000         26.28310         -9.74473         -2.39955         -4.94365         -0.31696         28.68463
   18          0.00000         31.29209        -10.42310         -2.14824         -5.18178         -0.47080         34.38516
   19          0.00000         31.29209        -10.42310         -2.14824         -5.18178         -0.47080         34.38516
   20          0.00000         34.59041        -10.74484         -2.13738         -5.17232         -0.61526         38.02555
   21          0.00000         35.33208        -10.72202         -2.17074         -5.20800         -0.47970         38.67537
   22          0.00000         35.33208        -10.72202         -2.17074         -5.20800         -0.47970         38.67537
   23          0.00000         39.89837         -9.09759         -1.42497         -5.05990         -1.19876         42.51110
   24          0.00000         42.77690         -9.27999         -1.27640         -5.22522         -1.74549         45.55527
   25          0.00000         42.77690         -9.27999         -1.27640         -5.22522         -1.74549         45.55527
   26          0.00000         45.06204         -9.25500         -1.22841         -5.00236         -1.62328         48.08626
   27          0.00000         45.06204         -9.25500         -1.22841         -5.00236         -1.62328         48.08626
   28          0.00000         49.27328         -9.21889         -1.25181         -4.86611         -1.59651         52.37425
   29          0.00000         49.27328         -9.21889         -1.25181         -4.86610         -1.59652         52.37425
   30          0.00000         52.03330         -9.05718         -1.13672         -5.08777         -2.08206         54.86599
   31          0.00000         53.69564         -9.42710         -1.19652         -5.14334         -2.29359         56.78288
   32          0.00000         53.69564         -9.42710         -1.19652         -5.14334         -2.29358         56.78288
   33          0.00000         54.35743         -9.58561         -1.32455         -5.32610         -1.61564         57.29239
   34          0.00000         60.11895         -8.74813         -1.23035         -2.92104         -2.01034         64.71569
   35          0.00000         60.11895         -8.74813         -1.23035         -2.92104         -2.01036         64.71569
   36          0.00000         66.75996         -9.16407         -1.30375         -4.73533         -0.60423         69.88496
   37          0.00000         78.27030         -8.73862         -1.74986        -10.78884          2.84904         74.47022
   38          0.00000         78.27030         -8.73862         -1.74986        -10.78887          2.84901         74.47019
   39          0.00000         87.72210         -7.43910         -1.02571         -7.18787          1.64034         86.94762
   40          0.00000         90.55595         -7.34561         -0.79524         -6.23965          1.03602         90.86667
   41          0.00000        103.57606         -7.50404         -1.83790        -14.70262          7.48617         94.53958
   42          0.00000        137.75038         -8.20089         -3.70257         24.91039         21.00687        167.15909
   43          0.00000        137.75038         -8.20089         -3.70257         24.91021         21.00711        167.15892
   44          0.00000        162.48693         -8.29325         -3.14037         22.82195         13.21688        190.46176

spin  1, k-point   10: (0.00000, 0.00000, 0.50000) 
----------------------------------------------------------------------------------------------------------------------------
State              occ             e_mf             v_xc            v_exx           ReSigc           ImSigc             e_qp
----------------------------------------------------------------------------------------------------------------------------
    1          8.00000         -3.36119        -10.84764        -17.00307          5.03288         -0.88953         -4.48375
    2          8.00000         -0.70330        -10.19371        -14.98364          3.70778         -0.56227         -1.78545
    3          8.00000          5.09457        -11.07444        -13.29941          1.10586         -0.01595          3.97545
    4          8.00000          5.09457        -11.07444        -13.29941          1.10586         -0.01595          3.97545
    5          0.00000          7.80154        -10.07480         -5.87882         -2.90856         -0.08455          9.08896
    6          0.00000          9.63521         -9.69693         -5.00102         -3.26464         -0.17958         11.06649
    7          0.00000          9.63521         -9.69693         -5.00102         -3.26464         -0.17958         11.06649
    8          0.00000         14.78521         -8.05580         -2.46843         -4.26870         -0.45000         16.10388
    9          0.00000         16.87716        -10.28209         -3.72781         -4.50001         -0.62140         18.93143
   10          0.00000         16.87716        -10.28209         -3.72781         -4.50001         -0.62140         18.93143
   11          0.00000         17.77561         -9.83797         -3.63277         -4.49530         -0.37051         19.48551
   12          0.00000         18.12970        -10.17805         -3.46100         -4.80691         -0.52302         20.03984
   13          0.00000         18.12970        -10.17805         -3.46100         -4.80691         -0.52302         20.03984
   14          0.00000         19.61460        -10.33460         -3.35425         -5.16075         -0.37672         21.43421
   15          0.00000         25.80771         -9.77165         -2.36532         -4.92771         -0.26400         28.28633
   16          0.00000         27.21529         -9.42108         -2.35377         -4.66975         -0.28176         29.61285
   17          0.00000         28.73241        -10.71184         -2.31342         -5.50224         -0.44758         31.62859
   18          0.00000         28.73241        -10.71184         -2.31342         -5.50224         -0.44758         31.62859
   19          0.00000         30.33080         -9.82082         -2.10238         -4.82407         -0.31519         33.22518
   20          0.00000         30.33080         -9.82082         -2.10238         -4.82407         -0.31519         33.22518
   21          0.00000         36.89883        -10.28752         -1.89095         -4.88829         -0.73999         40.40712
   22          0.00000         36.89883        -10.28752         -1.89095         -4.88829         -0.73999         40.40712
   23          0.00000         38.55701         -9.80808         -1.60935         -5.19974         -1.00339         41.55601
   24          0.00000         40.65109         -8.97421         -1.50231         -5.05612         -0.47424         43.06687
   25          0.00000         40.65109         -8.97421         -1.50231         -5.05612         -0.47425         43.06688
   26          0.00000         45.60076         -9.38254         -1.30150         -5.19430         -1.91245         48.48750
   27          0.00000         45.60076         -9.38254         -1.30150         -5.19430         -1.91245         48.48750
   28          0.00000         48.29492         -8.94505         -1.16586         -4.88968         -1.09738         51.18442
   29          0.00000         48.29492         -8.94505         -1.16586         -4.88968         -1.09739         51.18443
   30          0.00000         52.42550         -9.17206         -1.23978         -5.07209         -1.86458         55.28569
   31          0.00000         55.29526         -9.15353         -1.14554         -4.90877         -2.03299         58.39449
   32          0.00000         55.29526         -9.15353         -1.14554         -4.90877         -2.03299         58.39449
   33          0.00000         55.78207         -9.50479         -1.15566         -5.39657         -2.37201         58.73463
   34          0.00000         56.10165         -9.48832         -1.15090         -5.11338         -2.44919         59.32569
   35          0.00000         56.10165         -9.48832         -1.15090         -5.11337         -2.44921         59.32570
   36          0.00000         59.55344         -9.55246         -1.26856         -5.88987         -1.67842         61.94747
   37          0.00000         70.72293         -8.67424         -1.33092         -6.07987          0.98855         71.98639
   38          0.00000         70.72293         -8.67424         -1.33092         -6.07989          0.98854         71.98637
   39          0.00000         89.71835         -7.63035         -0.77571         -6.15690          0.09496         90.41610
   40          0.00000         93.17287         -7.57926         -0.66750         -6.38684          0.53697         93.69781
   41          0.00000         94.38895         -7.02243         -1.42021        -14.97346          5.97614         85.01772
   42          0.00000        126.01303         -7.96377         -3.14248        -21.82860         21.14441        109.00573
   43          0.00000        126.01303         -7.96377         -3.14248        -21.82880         21.14424        109.00552
   44          0.00000        144.12316         -8.41446         -3.32154         28.67658         19.39221        177.89267

spin  1, k-point   11: (0.00000, 0.50000, 0.00000) 
----------------------------------------------------------------------------------------------------------------------------
State              occ             e_mf             v_xc            v_exx           ReSigc           ImSigc             e_qp
----------------------------------------------------------------------------------------------------------------------------
    1          8.00000         -3.36119        -10.84764        -17.00307          5.03288         -0.88953         -4.48375
    2          8.00000         -0.70330        -10.19371        -14.98364          3.70778         -0.56227         -1.78545
    3          8.00000          5.09457        -11.07444        -13.29941          1.10586         -0.01595          3.97545
    4          8.00000          5.09457        -11.07444        -13.29941          1.10586         -0.01595          3.97545
    5          0.00000          7.80154        -10.07480         -5.87882         -2.90856         -0.08455          9.08896
    6          0.00000          9.63521         -9.69693         -5.00102         -3.26464         -0.17958         11.06649
    7          0.00000          9.63521         -9.69693         -5.00102         -3.26464         -0.17958         11.06649
    8          0.00000         14.78521         -8.05580         -2.46843         -4.26870         -0.45000         16.10388
    9          0.00000         16.87716        -10.28209         -3.72781         -4.50001         -0.62140         18.93143
   10          0.00000         16.87716        -10.28209         -3.72781         -4.50001         -0.62140         18.93143
   11          0.00000         17.77561         -9.83797         -3.63277         -4.49530         -0.37051         19.48551
   12          0.00000         18.12970        -10.17805         -3.46100         -4.80691         -0.52302         20.03984
   13          0.00000         18.12970        -10.17805         -3.46100         -4.80691         -0.52302         20.03984
   14          0.00000         19.61460        -10.33460         -3.35425         -5.16075         -0.37672         21.43421
   15          0.00000         25.80771         -9.77165         -2.36532         -4.92771         -0.26400         28.28633
   16          0.00000         27.21529         -9.42108         -2.35377         -4.66975         -0.28176         29.61285
   17          0.00000         28.73241        -10.71184         -2.31342         -5.50224         -0.44758         31.62859
   18          0.00000         28.73241        -10.71184         -2.31342         -5.50224         -0.44758         31.62859
   19          0.00000         30.33080         -9.82082         -2.10238         -4.82407         -0.31519         33.22518
   20          0.00000         30.33080         -9.82082         -2.10238         -4.82407         -0.31519         33.22518
   21          0.00000         36.89883        -10.28752         -1.89095         -4.88829         -0.73999         40.40712
   22          0.00000         36.89883        -10.28752         -1.89095         -4.88829         -0.73999         40.40712
   23          0.00000         38.55701         -9.80808         -1.60935         -5.19974         -1.00339         41.55601
   24          0.00000         40.65109         -8.97421         -1.50231         -5.05612         -0.47424         43.06687
   25          0.00000         40.65109         -8.97421         -1.50231         -5.05612         -0.47425         43.06688
   26          0.00000         45.60076         -9.38254         -1.30150         -5.19430         -1.91245         48.48750
   27          0.00000         45.60076         -9.38254         -1.30150         -5.19430         -1.91245         48.48750
   28          0.00000         48.29492         -8.94505         -1.16586         -4.88968         -1.09738         51.18442
   29          0.00000         48.29492         -8.94505         -1.16586         -4.88968         -1.09739         51.18443
   30          0.00000         52.42550         -9.17206         -1.23978         -5.07209         -1.86458         55.28569
   31          0.00000         55.29526         -9.15353         -1.14554         -4.90877         -2.03299         58.39449
   32          0.00000         55.29526         -9.15353         -1.14554         -4.90877         -2.03299         58.39449
   33          0.00000         55.78207         -9.50479         -1.15566         -5.39657         -2.37201         58.73463
   34          0.00000         56.10165         -9.48832         -1.15090         -5.11338         -2.44919         59.32569
   35          0.00000         56.10165         -9.48832         -1.15090         -5.11337         -2.44921         59.32570
   36          0.00000         59.55344         -9.55246         -1.26856         -5.88987         -1.67842         61.94747
   37          0.00000         70.72293         -8.67424         -1.33092         -6.07987          0.98855         71.98639
   38          0.00000         70.72293         -8.67424         -1.33092         -6.07989          0.98854         71.98637
   39          0.00000         89.71835         -7.63035         -0.77571         -6.15690          0.09496         90.41610
   40          0.00000         93.17287         -7.57926         -0.66750         -6.38684          0.53697         93.69781
   41          0.00000         94.38895         -7.02243         -1.42021        -14.97346          5.97614         85.01772
   42          0.00000        126.01303         -7.96377         -3.14248        -21.82860         21.14441        109.00573
   43          0.00000        126.01303         -7.96377         -3.14248        -21.82880         21.14424        109.00552
   44          0.00000        144.12316         -8.41446         -3.32154         28.67658         19.39221        177.89267

spin  1, k-point   12: (0.50000, 0.00000, 0.00000) 
----------------------------------------------------------------------------------------------------------------------------
State              occ             e_mf             v_xc            v_exx           ReSigc           ImSigc             e_qp
----------------------------------------------------------------------------------------------------------------------------
    1          8.00000         -3.36119        -10.84764        -17.00307          5.03288         -0.88953         -4.48375
    2          8.00000         -0.70330        -10.19371        -14.98364          3.70778         -0.56227         -1.78545
    3          8.00000          5.09457        -11.07444        -13.29941          1.10586         -0.01595          3.97545
    4          8.00000          5.09457        -11.07444        -13.29941          1.10586         -0.01595          3.97545
    5          0.00000          7.80154        -10.07480         -5.87882         -2.90856         -0.08455          9.08896
    6          0.00000          9.63521         -9.69693         -5.00102         -3.26464         -0.17958         11.06649
    7          0.00000          9.63521         -9.69693         -5.00102         -3.26464         -0.17958         11.06649
    8          0.00000         14.78521         -8.05580         -2.46843         -4.26870         -0.45000         16.10388
    9          0.00000         16.87716        -10.28209         -3.72781         -4.50001         -0.62140         18.93143
   10          0.00000         16.87716        -10.28209         -3.72781         -4.50001         -0.62140         18.93143
   11          0.00000         17.77561         -9.83797         -3.63277         -4.49530         -0.37051         19.48551
   12          0.00000         18.12970        -10.17805         -3.46100         -4.80691         -0.52302         20.03984
   13          0.00000         18.12970        -10.17805         -3.46100         -4.80691         -0.52302         20.03984
   14          0.00000         19.61460        -10.33460         -3.35425         -5.16075         -0.37672         21.43421
   15          0.00000         25.80771         -9.77165         -2.36532         -4.92771         -0.26400         28.28633
   16          0.00000         27.21529         -9.42108         -2.35377         -4.66975         -0.28176         29.61285
   17          0.00000         28.73241        -10.71184         -2.31342         -5.50224         -0.44758         31.62859
   18          0.00000         28.73241        -10.71184         -2.31342         -5.50224         -0.44758         31.62859
   19          0.00000         30.33080         -9.82082         -2.10238         -4.82407         -0.31519         33.22518
   20          0.00000         30.33080         -9.82082         -2.10238         -4.82407         -0.31519         33.22518
   21          0.00000         36.89883        -10.28752         -1.89095         -4.88829         -0.73999         40.40712
   22          0.00000         36.89883        -10.28752         -1.89095         -4.88829         -0.73999         40.40712
   23          0.00000         38.55701         -9.80808         -1.60935         -5.19974         -1.00339         41.55601
   24          0.00000         40.65109         -8.97421         -1.50231         -5.05612         -0.47424         43.06687
   25          0.00000         40.65109         -8.97421         -1.50231         -5.05612         -0.47425         43.06688
   26          0.00000         45.60076         -9.38254         -1.30150         -5.19430         -1.91245         48.48750
   27          0.00000         45.60076         -9.38254         -1.30150         -5.19430         -1.91245         48.48750
   28          0.00000         48.29492         -8.94505         -1.16586         -4.88968         -1.09738         51.18442
   29          0.00000         48.29492         -8.94505         -1.16586         -4.88968         -1.09739         51.18443
   30          0.00000         52.42550         -9.17206         -1.23978         -5.07209         -1.86458         55.28569
   31          0.00000         55.29526         -9.15353         -1.14554         -4.90877         -2.03299         58.39449
   32          0.00000         55.29526         -9.15353         -1.14554         -4.90877         -2.03299         58.39449
   33          0.00000         55.78207         -9.50479         -1.15566         -5.39657         -2.37201         58.73463
   34          0.00000         56.10165         -9.48832         -1.15090         -5.11338         -2.44919         59.32569
   35          0.00000         56.10165         -9.48832         -1.15090         -5.11337         -2.44921         59.32570
   36          0.00000         59.55344         -9.55246         -1.26856         -5.88987         -1.67842         61.94747
   37          0.00000         70.72293         -8.67424         -1.33092         -6.07987          0.98855         71.98639
   38          0.00000         70.72293         -8.67424         -1.33092         -6.07989          0.98854         71.98637
   39          0.00000         89.71835         -7.63035         -0.77571         -6.15690          0.09496         90.41610
   40          0.00000         93.17287         -7.57926         -0.66750         -6.38684          0.53697         93.69781
   41          0.00000         94.38895         -7.02243         -1.42021        -14.97346          5.97614         85.01772
   42          0.00000        126.01303         -7.96377         -3.14248        -21.82860         21.14441        109.00573
   43          0.00000        126.01303         -7.96377         -3.14248        -21.82880         21.14424        109.00552
   44          0.00000        144.12316         -8.41446         -3.32154         28.67658         19.39221        177.89267

spin  1, k-point   13: (0.50000, 0.50000, 0.50000) 
----------------------------------------------------------------------------------------------------------------------------
State              occ             e_mf             v_xc            v_exx           ReSigc           ImSigc             e_qp
----------------------------------------------------------------------------------------------------------------------------
    1          8.00000         -3.36119        -10.84764        -17.00307          5.03288         -0.88953         -4.48375
    2          8.00000         -0.70330        -10.19371        -14.98364          3.70778         -0.56227         -1.78545
    3          8.00000          5.09457        -11.07444        -13.29941          1.10586         -0.01595          3.97545
    4          8.00000          5.09457        -11.07444        -13.29941          1.10586         -0.01595          3.97545
    5          0.00000          7.80154        -10.07480         -5.87882         -2.90856         -0.08455          9.08896
    6          0.00000          9.63521         -9.69693         -5.00102         -3.26464         -0.17958         11.06649
    7          0.00000          9.63521         -9.69693         -5.00102         -3.26464         -0.17958         11.06649
    8          0.00000         14.78521         -8.05580         -2.46843         -4.26870         -0.45000         16.10388
    9          0.00000         16.87716        -10.28209         -3.72781         -4.50001         -0.62140         18.93143
   10          0.00000         16.87716        -10.28209         -3.72781         -4.50001         -0.62140         18.93143
   11          0.00000         17.77561         -9.83797         -3.63277         -4.49530         -0.37051         19.48551
   12          0.00000         18.12970        -10.17805         -3.46100         -4.80691         -0.52302         20.03984
   13          0.00000         18.12970        -10.17805         -3.46100         -4.80691         -0.52302         20.03984
   14          0.00000         19.61460        -10.33460         -3.35425         -5.16075         -0.37672         21.43421
   15          0.00000         25.80771         -9.77165         -2.36532         -4.92771         -0.26400         28.28633
   16          0.00000         27.21529         -9.42108         -2.35377         -4.66975         -0.28176         29.61285
   17          0.00000         28.73241        -10.71184         -2.31342         -5.50224         -0.44758         31.62859
   18          0.00000         28.73241        -10.71184         -2.31342         -5.50224         -0.44758         31.62859
   19          0.00000         30.33080         -9.82082         -2.10238         -4.82407         -0.31519         33.22518
   20          0.00000         30.33080         -9.82082         -2.10238         -4.82407         -0.31519         33.22518
   21          0.00000         36.89883        -10.28752         -1.89095         -4.88829         -0.73999         40.40712
   22          0.00000         36.89883        -10.28752         -1.89095         -4.88829         -0.73999         40.40712
   23          0.00000         38.55701         -9.80808         -1.60935         -5.19974         -1.00339         41.55601
   24          0.00000         40.65109         -8.97421         -1.50231         -5.05612         -0.47424         43.06687
   25          0.00000         40.65109         -8.97421         -1.50231         -5.05612         -0.47425         43.06688
   26          0.00000         45.60076         -9.38254         -1.30150         -5.19430         -1.91245         48.48750
   27          0.00000         45.60076         -9.38254         -1.30150         -5.19430         -1.91245         48.48750
   28          0.00000         48.29492         -8.94505         -1.16586         -4.88968         -1.09738         51.18442
   29          0.00000         48.29492         -8.94505         -1.16586         -4.88968         -1.09739         51.18443
   30          0.00000         52.42550         -9.17206         -1.23978         -5.07209         -1.86458         55.28569
   31          0.00000         55.29526         -9.15353         -1.14554         -4.90877         -2.03299         58.39449
   32          0.00000         55.29526         -9.15353         -1.14554         -4.90877         -2.03299         58.39449
   33          0.00000         55.78207         -9.50479         -1.15566         -5.39657         -2.37201         58.73463
   34          0.00000         56.10165         -9.48832         -1.15090         -5.11338         -2.44919         59.32569
   35          0.00000         56.10165         -9.48832         -1.15090         -5.11337         -2.44921         59.32570
   36          0.00000         59.55344         -9.55246         -1.26856         -5.88987         -1.67842         61.94747
   37          0.00000         70.72293         -8.67424         -1.33092         -6.07987          0.98855         71.98639
   38          0.00000         70.72293         -8.67424         -1.33092         -6.07989          0.98854         71.98637
   39          0.00000         89.71835         -7.63035         -0.77571         -6.15690          0.09496         90.41610
   40          0.00000         93.17287         -7.57926         -0.66750         -6.38684          0.53697         93.69781
   41          0.00000         94.38895         -7.02243         -1.42021        -14.97346          5.97614         85.01772
   42          0.00000        126.01303         -7.96377         -3.14248        -21.82860         21.14441        109.00573
   43          0.00000        126.01303         -7.96377         -3.14248        -21.82880         21.14424        109.00552
   44          0.00000        144.12316         -8.41446         -3.32154         28.67658         19.39221        177.89267

spin  1, k-point   14: (0.00000, 0.25000, 0.25000) 
----------------------------------------------------------------------------------------------------------------------------
State              occ             e_mf             v_xc            v_exx           ReSigc           ImSigc             e_qp
----------------------------------------------------------------------------------------------------------------------------
    1         12.00000         -4.61004        -10.54589        -17.12083          5.44859         -0.99056         -5.73638
    2         12.00000          2.75029        -11.20300        -14.14415          1.87422         -0.16462          1.68337
    3         12.00000          4.40391        -10.72060        -13.10015          1.27331         -0.02178          3.29767
    4         12.00000          4.40391        -10.72060        -13.10015          1.27331         -0.02178          3.29767
    5          0.00000          7.40296         -9.34426         -5.46149         -2.68559         -0.00621          8.60013
    6          0.00000          9.56354         -9.37693         -4.70386         -3.27982         -0.16574         10.95680
    7          0.00000         12.06721        -10.55435         -5.28509         -3.78925         -0.34721         13.54722
    8          0.00000         12.06721        -10.55435         -5.28509         -3.78925         -0.34721         13.54722
    9          0.00000         14.44268        -10.89027         -4.95506         -4.21390         -0.37300         16.16399
   10          0.00000         15.21029        -10.10886         -4.02317         -4.03673         -0.49346         17.25926
   11          0.00000         18.02737         -8.26899         -2.52636         -4.31300         -0.34356         19.45701
   12          0.00000         19.77805         -9.32723         -2.53963         -4.84813         -0.62350         21.71753
   13          0.00000         19.77805         -9.32723         -2.53963         -4.84813         -0.62350         21.71753
   14          0.00000         22.47044         -9.39302         -2.42070         -4.94154         -0.55395         24.50123
   15          0.00000         25.02914         -9.17332         -2.35954         -4.53236         -0.24614         27.31056
   16          0.00000         25.02914         -9.17332         -2.35954         -4.53236         -0.24614         27.31056
   17          0.00000         25.40920        -10.45065         -2.66122         -5.17842         -0.33361         28.02021
   18          0.00000         27.13461        -10.81374         -2.72324         -5.28200         -0.22217         29.94311
   19          0.00000         32.19003         -9.79646         -1.83661         -5.17795         -0.61858         34.97194
   20          0.00000         32.94882        -11.08776         -2.21601         -5.47961         -0.74558         36.34096
   21          0.00000         35.31321        -10.76183         -2.14320         -5.11632         -0.67148         38.81552
   22          0.00000         35.31321        -10.76183         -2.14320         -5.11633         -0.67148         38.81552
   23          0.00000         41.81213         -9.27760         -1.57462         -4.91107         -0.75498         44.60405
   24          0.00000         41.98366         -9.46682         -1.38377         -4.94285         -1.38938         45.12387
   25          0.00000         42.23543         -9.31978         -1.37039         -5.20740         -1.63674         44.97742
   26          0.00000         42.23543         -9.31978         -1.37039         -5.20740         -1.63674         44.97742
   27          0.00000         46.77722         -9.38443         -1.12170         -5.23277         -2.40910         49.80718
   28          0.00000         47.42331         -9.72972         -1.34400         -4.94761         -1.76076         50.86141
   29          0.00000         50.80894         -9.33730         -1.28376         -4.97737         -1.71006         53.88512
   30          0.00000         51.39683         -9.11395         -1.13342         -5.12399         -2.23704         54.25338
   31          0.00000         51.39683         -9.11395         -1.13342         -5.12399         -2.23704         54.25338
   32          0.00000         51.40577         -9.11355         -1.18644         -5.12615         -1.78598         54.20672
   33          0.00000         58.77553         -9.10917         -1.11301         -5.40121         -0.92947         61.37048
   34          0.00000         58.77553         -9.10917         -1.11301         -5.40121         -0.92947         61.37048
   35          0.00000         64.39892         -8.70439         -1.01661          5.10776         -4.00048         77.19445
   36          0.00000         65.02531         -8.93599         -1.31046         -4.16893         -0.67622         68.48191
   37          0.00000         65.02531         -8.93599         -1.31046         -4.16893         -0.67619         68.48190
   38          0.00000         69.60446         -8.86878         -1.29806         -5.34442          0.07747         71.83075
   39          0.00000         89.67982         -7.48318         -0.75642         -5.92704          0.22890         90.47953
   40          0.00000         93.33925         -7.40416         -0.77465         -7.11619          2.15177         92.85258
   41          0.00000         96.26697         -7.85383         -2.30729        -20.35184          7.22486         81.46167
   42          0.00000        118.41309         -7.92436         -2.53752        -21.99977         16.33199        101.80016
   43          0.00000        149.50338         -9.06847         -3.64005         19.18922         15.23836        174.12103
   44          0.00000        149.50338         -9.06847         -3.64005         19.19043         15.23784        174.12224

spin  1, k-point   15: (0.00000, 0.75000, 0.75000) 
----------------------------------------------------------------------------------------------------------------------------
State              occ             e_mf             v_xc            v_exx           ReSigc           ImSigc             e_qp
----------------------------------------------------------------------------------------------------------------------------
    1         12.00000         -4.61004        -10.54589        -17.12083          5.44859         -0.99056         -5.73638
    2         12.00000          2.75029        -11.20300        -14.14415          1.87422         -0.16462          1.68337
    3         12.00000          4.40391        -10.72060        -13.10015          1.27331         -0.02178          3.29767
    4         12.00000          4.40391        -10.72060        -13.10015          1.27331         -0.02178          3.29767
    5          0.00000          7.40296         -9.34426         -5.46149         -2.68559         -0.00621          8.60013
    6          0.00000          9.56354         -9.37693         -4.70386         -3.27982         -0.16574         10.95680
    7          0.00000         12.06721        -10.55435         -5.28509         -3.78925         -0.34721         13.54722
    8          0.00000         12.06721        -10.55435         -5.28509         -3.78925         -0.34721         13.54722
    9          0.00000         14.44268        -10.89027         -4.95506         -4.21390         -0.37300         16.16399
   10          0.00000         15.21029        -10.10886         -4.02317         -4.03673         -0.49346         17.25926
   11          0.00000         18.02737         -8.26899         -2.52636         -4.31300         -0.34356         19.45701
   12          0.00000         19.77805         -9.32723         -2.53963         -4.84813         -0.62350         21.71753
   13          0.00000         19.77805         -9.32723         -2.53963         -4.84813         -0.62350         21.71753
   14          0.00000         22.47044         -9.39302         -2.42070         -4.94154         -0.55395         24.50123
   15          0.00000         25.02914         -9.17332         -2.35954         -4.53236         -0.24614         27.31056
   16          0.00000         25.02914         -9.17332         -2.35954         -4.53236         -0.24614         27.31056
   17          0.00000         25.40920        -10.45065         -2.66122         -5.17842         -0.33361         28.02021
   18          0.00000         27.13461        -10.81374         -2.72324         -5.28200         -0.22217         29.94311
   19          0.00000         32.19003         -9.79646         -1.83661         -5.17795         -0.61858         34.97194
   20          0.00000         32.94882        -11.08776         -2.21601         -5.47961         -0.74558         36.34096
   21          0.00000         35.31321        -10.76183         -2.14320         -5.11632         -0.67148         38.81552
   22          0.00000         35.31321        -10.76183         -2.14320         -5.11633         -0.67148         38.81552
   23          0.00000         41.81213         -9.27760         -1.57462         -4.91107         -0.75498         44.60405
   24          0.00000         41.98366         -9.46682         -1.38377         -4.94285         -1.38938         45.12387
   25          0.00000         42.23543         -9.31978         -1.37039         -5.20740         -1.63674         44.97742
   26          0.00000         42.23543         -9.31978         -1.37039         -5.20740         -1.63674         44.97742
   27          0.00000         46.77722         -9.38443         -1.12170         -5.23277         -2.40910         49.80718
   28          0.00000         47.42331         -9.72972         -1.34400         -4.94761         -1.76076         50.86141
   29          0.00000         50.80894         -9.33730         -1.28376         -4.97737         -1.71006         53.88512
   30          0.00000         51.39683         -9.11395         -1.13342         -5.12399         -2.23704         54.25338
   31          0.00000         51.39683         -9.11395         -1.13342         -5.12399         -2.23704         54.25338
   32          0.00000         51.40577         -9.11355         -1.18644         -5.12615         -1.78598         54.20672
   33          0.00000         58.77553         -9.10917         -1.11301         -5.40121         -0.92947         61.37048
   34          0.00000         58.77553         -9.10917         -1.11301         -5.40121         -0.92947         61.37048
   35          0.00000         64.39892         -8.70439         -1.01661          5.10776         -4.00048         77.19445
   36          0.00000         65.02531         -8.93599         -1.31046         -4.16893         -0.67622         68.48191
   37          0.00000         65.02531         -8.93599         -1.31046         -4.16893         -0.67619         68.48190
   38          0.00000         69.60446         -8.86878         -1.29806         -5.34442          0.07747         71.83075
   39          0.00000         89.67982         -7.48318         -0.75642         -5.92704          0.22890         90.47953
   40          0.00000         93.33925         -7.40416         -0.77465         -7.11619          2.15177         92.85258
   41          0.00000         96.26697         -7.85383         -2.30729        -20.35184          7.22486         81.46167
   42          0.00000        118.41309         -7.92436         -2.53752        -21.99977         16.33199        101.80016
   43          0.00000        149.50338         -9.06847         -3.64005         19.18922         15.23836        174.12103
   44          0.00000        149.50338         -9.06847         -3.64005         19.19043         15.23784        174.12224

spin  1, k-point   16: (0.25000, 0.00000, 0.25000) 
----------------------------------------------------------------------------------------------------------------------------
State              occ             e_mf             v_xc            v_exx           ReSigc           ImSigc             e_qp
----------------------------------------------------------------------------------------------------------------------------
    1         12.00000         -4.61004        -10.54589        -17.12083          5.44859         -0.99056         -5.73638
    2         12.00000          2.75029        -11.20300        -14.14415          1.87422         -0.16462          1.68337
    3         12.00000          4.40391        -10.72060        -13.10015          1.27331         -0.02178          3.29767
    4         12.00000          4.40391        -10.72060        -13.10015          1.27331         -0.02178          3.29767
    5          0.00000          7.40296         -9.34426         -5.46149         -2.68559         -0.00621          8.60013
    6          0.00000          9.56354         -9.37693         -4.70386         -3.27982         -0.16574         10.95680
    7          0.00000         12.06721        -10.55435         -5.28509         -3.78925         -0.34721         13.54722
    8          0.00000         12.06721        -10.55435         -5.28509         -3.78925         -0.34721         13.54722
    9          0.00000         14.44268        -10.89027         -4.95506         -4.21390         -0.37300         16.16399
   10          0.00000         15.21029        -10.10886         -4.02317         -4.03673         -0.49346         17.25926
   11          0.00000         18.02737         -8.26899         -2.52636         -4.31300         -0.34356         19.45701
   12          0.00000         19.77805         -9.32723         -2.53963         -4.84813         -0.62350         21.71753
   13          0.00000         19.77805         -9.32723         -2.53963         -4.84813         -0.62350         21.71753
   14          0.00000         22.47044         -9.39302         -2.42070         -4.94154         -0.55395         24.50123
   15          0.00000         25.02914         -9.17332         -2.35954         -4.53236         -0.24614         27.31056
   16          0.00000         25.02914         -9.17332         -2.35954         -4.53236         -0.24614         27.31056
   17          0.00000         25.40920        -10.45065         -2.66122         -5.17842         -0.33361         28.02021
   18          0.00000         27.13461        -10.81374         -2.72324         -5.28200         -0.22217         29.94311
   19          0.00000         32.19003         -9.79646         -1.83661         -5.17795         -0.61858         34.97194
   20          0.00000         32.94882        -11.08776         -2.21601         -5.47961         -0.74558         36.34096
   21          0.00000         35.31321        -10.76183         -2.14320         -5.11632         -0.67148         38.81552
   22          0.00000         35.31321        -10.76183         -2.14320         -5.11633         -0.67148         38.81552
   23          0.00000         41.81213         -9.27760         -1.57462         -4.91107         -0.75498         44.60405
   24          0.00000         41.98366         -9.46682         -1.38377         -4.94285         -1.38938         45.12387
   25          0.00000         42.23543         -9.31978         -1.37039         -5.20740         -1.63674         44.97742
   26          0.00000         42.23543         -9.31978         -1.37039         -5.20740         -1.63674         44.97742
   27          0.00000         46.77722         -9.38443         -1.12170         -5.23277         -2.40910         49.80718
   28          0.00000         47.42331         -9.72972         -1.34400         -4.94761         -1.76076         50.86141
   29          0.00000         50.80894         -9.33730         -1.28376         -4.97737         -1.71006         53.88512
   30          0.00000         51.39683         -9.11395         -1.13342         -5.12399         -2.23704         54.25338
   31          0.00000         51.39683         -9.11395         -1.13342         -5.12399         -2.23704         54.25338
   32          0.00000         51.40577         -9.11355         -1.18644         -5.12615         -1.78598         54.20672
   33          0.00000         58.77553         -9.10917         -1.11301         -5.40121         -0.92947         61.37048
   34          0.00000         58.77553         -9.10917         -1.11301         -5.40121         -0.92947         61.37048
   35          0.00000         64.39892         -8.70439         -1.01661          5.10776         -4.00048         77.19445
   36          0.00000         65.02531         -8.93599         -1.31046         -4.16893         -0.67622         68.48191
   37          0.00000         65.02531         -8.93599         -1.31046         -4.16893         -0.67619         68.48190
   38          0.00000         69.60446         -8.86878         -1.29806         -5.34442          0.07747         71.83075
   39          0.00000         89.67982         -7.48318         -0.75642         -5.92704          0.22890         90.47953
   40          0.00000         93.33925         -7.40416         -0.77465         -7.11619          2.15177         92.85258
   41          0.00000         96.26697         -7.85383         -2.30729        -20.35184          7.22486         81.46167
   42          0.00000        118.41309         -7.92436         -2.53752        -21.99977         16.33199        101.80016
   43          0.00000        149.50338         -9.06847         -3.64005         19.18922         15.23836        174.12103
   44          0.00000        149.50338         -9.06847         -3.64005         19.19043         15.23784        174.12224

spin  1, k-point   17: (0.25000, 0.25000, 0.00000) 
----------------------------------------------------------------------------------------------------------------------------
State              occ             e_mf             v_xc            v_exx           ReSigc           ImSigc             e_qp
----------------------------------------------------------------------------------------------------------------------------
    1         12.00000         -4.61004        -10.54589        -17.12083          5.44859         -0.99056         -5.73638
    2         12.00000          2.75029        -11.20300        -14.14415          1.87422         -0.16462          1.68337
    3         12.00000          4.40391        -10.72060        -13.10015          1.27331         -0.02178          3.29767
    4         12.00000          4.40391        -10.72060        -13.10015          1.27331         -0.02178          3.29767
    5          0.00000          7.40296         -9.34426         -5.46149         -2.68559         -0.00621          8.60013
    6          0.00000          9.56354         -9.37693         -4.70386         -3.27982         -0.16574         10.95680
    7          0.00000         12.06721        -10.55435         -5.28509         -3.78925         -0.34721         13.54722
    8          0.00000         12.06721        -10.55435         -5.28509         -3.78925         -0.34721         13.54722
    9          0.00000         14.44268        -10.89027         -4.95506         -4.21390         -0.37300         16.16399
   10          0.00000         15.21029        -10.10886         -4.02317         -4.03673         -0.49346         17.25926
   11          0.00000         18.02737         -8.26899         -2.52636         -4.31300         -0.34356         19.45701
   12          0.00000         19.77805         -9.32723         -2.53963         -4.84813         -0.62350         21.71753
   13          0.00000         19.77805         -9.32723         -2.53963         -4.84813         -0.62350         21.71753
   14          0.00000         22.47044         -9.39302         -2.42070         -4.94154         -0.55395         24.50123
   15          0.00000         25.02914         -9.17332         -2.35954         -4.53236         -0.24614         27.31056
   16          0.00000         25.02914         -9.17332         -2.35954         -4.53236         -0.24614         27.31056
   17          0.00000         25.40920        -10.45065         -2.66122         -5.17842         -0.33361         28.02021
   18          0.00000         27.13461        -10.81374         -2.72324         -5.28200         -0.22217         29.94311
   19          0.00000         32.19003         -9.79646         -1.83661         -5.17795         -0.61858         34.97194
   20          0.00000         32.94882        -11.08776         -2.21601         -5.47961         -0.74558         36.34096
   21          0.00000         35.31321        -10.76183         -2.14320         -5.11632         -0.67148         38.81552
   22          0.00000         35.31321        -10.76183         -2.14320         -5.11633         -0.67148         38.81552
   23          0.00000         41.81213         -9.27760         -1.57462         -4.91107         -0.75498         44.60405
   24          0.00000         41.98366         -9.46682         -1.38377         -4.94285         -1.38938         45.12387
   25          0.00000         42.23543         -9.31978         -1.37039         -5.20740         -1.63674         44.97742
   26          0.00000         42.23543         -9.31978         -1.37039         -5.20740         -1.63674         44.97742
   27          0.00000         46.77722         -9.38443         -1.12170         -5.23277         -2.40910         49.80718
   28          0.00000         47.42331         -9.72972         -1.34400         -4.94761         -1.76076         50.86141
   29          0.00000         50.80894         -9.33730         -1.28376         -4.97737         -1.71006         53.88512
   30          0.00000         51.39683         -9.11395         -1.13342         -5.12399         -2.23704         54.25338
   31          0.00000         51.39683         -9.11395         -1.13342         -5.12399         -2.23704         54.25338
   32          0.00000         51.40577         -9.11355         -1.18644         -5.12615         -1.78598         54.20672
   33          0.00000         58.77553         -9.10917         -1.11301         -5.40121         -0.92947         61.37048
   34          0.00000         58.77553         -9.10917         -1.11301         -5.40121         -0.92947         61.37048
   35          0.00000         64.39892         -8.70439         -1.01661          5.10776         -4.00048         77.19445
   36          0.00000         65.02531         -8.93599         -1.31046         -4.16893         -0.67622         68.48191
   37          0.00000         65.02531         -8.93599         -1.31046         -4.16893         -0.67619         68.48190
   38          0.00000         69.60446         -8.86878         -1.29806         -5.34442          0.07747         71.83075
   39          0.00000         89.67982         -7.48318         -0.75642         -5.92704          0.22890         90.47953
   40          0.00000         93.33925         -7.40416         -0.77465         -7.11619          2.15177         92.85258
   41          0.00000         96.26697         -7.85383         -2.30729        -20.35184          7.22486         81.46167
   42          0.00000        118.41309         -7.92436         -2.53752        -21.99977         16.33199        101.80016
   43          0.00000        149.50338         -9.06847         -3.64005         19.18922         15.23836        174.12103
   44          0.00000        149.50338         -9.06847         -3.64005         19.19043         15.23784        174.12224

spin  1, k-point   18: (0.75000, 0.00000, 0.75000) 
----------------------------------------------------------------------------------------------------------------------------
State              occ             e_mf             v_xc            v_exx           ReSigc           ImSigc             e_qp
----------------------------------------------------------------------------------------------------------------------------
    1         12.00000         -4.61004        -10.54589        -17.12083          5.44859         -0.99056         -5.73638
    2         12.00000          2.75029        -11.20300        -14.14415          1.87422         -0.16462          1.68337
    3         12.00000          4.40391        -10.72060        -13.10015          1.27331         -0.02178          3.29767
    4         12.00000          4.40391        -10.72060        -13.10015          1.27331         -0.02178          3.29767
    5          0.00000          7.40296         -9.34426         -5.46149         -2.68559         -0.00621          8.60013
    6          0.00000          9.56354         -9.37693         -4.70386         -3.27982         -0.16574         10.95680
    7          0.00000         12.06721        -10.55435         -5.28509         -3.78925         -0.34721         13.54722
    8          0.00000         12.06721        -10.55435         -5.28509         -3.78925         -0.34721         13.54722
    9          0.00000         14.44268        -10.89027         -4.95506         -4.21390         -0.37300         16.16399
   10          0.00000         15.21029        -10.10886         -4.02317         -4.03673         -0.49346         17.25926
   11          0.00000         18.02737         -8.26899         -2.52636         -4.31300         -0.34356         19.45701
   12          0.00000         19.77805         -9.32723         -2.53963         -4.84813         -0.62350         21.71753
   13          0.00000         19.77805         -9.32723         -2.53963         -4.84813         -0.62350         21.71753
   14          0.00000         22.47044         -9.39302         -2.42070         -4.94154         -0.55395         24.50123
   15          0.00000         25.02914         -9.17332         -2.35954         -4.53236         -0.24614         27.31056
   16          0.00000         25.02914         -9.17332         -2.35954         -4.53236         -0.24614         27.31056
   17          0.00000         25.40920        -10.45065         -2.66122         -5.17842         -0.33361         28.02021
   18          0.00000         27.13461        -10.81374         -2.72324         -5.28200         -0.22217         29.94311
   19          0.00000         32.19003         -9.79646         -1.83661         -5.17795         -0.61858         34.97194
   20          0.00000         32.94882        -11.08776         -2.21601         -5.47961         -0.74558         36.34096
   21          0.00000         35.31321        -10.76183         -2.14320         -5.11632         -0.67148         38.81552
   22          0.00000         35.31321        -10.76183         -2.14320         -5.11633         -0.67148         38.81552
   23          0.00000         41.81213         -9.27760         -1.57462         -4.91107         -0.75498         44.60405
   24          0.00000         41.98366         -9.46682         -1.38377         -4.94285         -1.38938         45.12387
   25          0.00000         42.23543         -9.31978         -1.37039         -5.20740         -1.63674         44.97742
   26          0.00000         42.23543         -9.31978         -1.37039         -5.20740         -1.63674         44.97742
   27          0.00000         46.77722         -9.38443         -1.12170         -5.23277         -2.40910         49.80718
   28          0.00000         47.42331         -9.72972         -1.34400         -4.94761         -1.76076         50.86141
   29          0.00000         50.80894         -9.33730         -1.28376         -4.97737         -1.71006         53.88512
   30          0.00000         51.39683         -9.11395         -1.13342         -5.12399         -2.23704         54.25338
   31          0.00000         51.39683         -9.11395         -1.13342         -5.12399         -2.23704         54.25338
   32          0.00000         51.40577         -9.11355         -1.18644         -5.12615         -1.78598         54.20672
   33          0.00000         58.77553         -9.10917         -1.11301         -5.40121         -0.92947         61.37048
   34          0.00000         58.77553         -9.10917         -1.11301         -5.40121         -0.92947         61.37048
   35          0.00000         64.39892         -8.70439         -1.01661          5.10776         -4.00048         77.19445
   36          0.00000         65.02531         -8.93599         -1.31046         -4.16893         -0.67622         68.48191
   37          0.00000         65.02531         -8.93599         -1.31046         -4.16893         -0.67619         68.48190
   38          0.00000         69.60446         -8.86878         -1.29806         -5.34442          0.07747         71.83075
   39          0.00000         89.67982         -7.48318         -0.75642         -5.92704          0.22890         90.47953
   40          0.00000         93.33925         -7.40416         -0.77465         -7.11619          2.15177         92.85258
   41          0.00000         96.26697         -7.85383         -2.30729        -20.35184          7.22486         81.46167
   42          0.00000        118.41309         -7.92436         -2.53752        -21.99977         16.33199        101.80016
   43          0.00000        149.50338         -9.06847         -3.64005         19.18922         15.23836        174.12103
   44          0.00000        149.50338         -9.06847         -3.64005         19.19043         15.23784        174.12224

spin  1, k-point   19: (0.75000, 0.75000, 0.00000) 
----------------------------------------------------------------------------------------------------------------------------
State              occ             e_mf             v_xc            v_exx           ReSigc           ImSigc             e_qp
----------------------------------------------------------------------------------------------------------------------------
    1         12.00000         -4.61004        -10.54589        -17.12083          5.44859         -0.99056         -5.73638
    2         12.00000          2.75029        -11.20300        -14.14415          1.87422         -0.16462          1.68337
    3         12.00000          4.40391        -10.72060        -13.10015          1.27331         -0.02178          3.29767
    4         12.00000          4.40391        -10.72060        -13.10015          1.27331         -0.02178          3.29767
    5          0.00000          7.40296         -9.34426         -5.46149         -2.68559         -0.00621          8.60013
    6          0.00000          9.56354         -9.37693         -4.70386         -3.27982         -0.16574         10.95680
    7          0.00000         12.06721        -10.55435         -5.28509         -3.78925         -0.34721         13.54722
    8          0.00000         12.06721        -10.55435         -5.28509         -3.78925         -0.34721         13.54722
    9          0.00000         14.44268        -10.89027         -4.95506         -4.21390         -0.37300         16.16399
   10          0.00000         15.21029        -10.10886         -4.02317         -4.03673         -0.49346         17.25926
   11          0.00000         18.02737         -8.26899         -2.52636         -4.31300         -0.34356         19.45701
   12          0.00000         19.77805         -9.32723         -2.53963         -4.84813         -0.62350         21.71753
   13          0.00000         19.77805         -9.32723         -2.53963         -4.84813         -0.62350         21.71753
   14          0.00000         22.47044         -9.39302         -2.42070         -4.94154         -0.55395         24.50123
   15          0.00000         25.02914         -9.17332         -2.35954         -4.53236         -0.24614         27.31056
   16          0.00000         25.02914         -9.17332         -2.35954         -4.53236         -0.24614         27.31056
   17          0.00000         25.40920        -10.45065         -2.66122         -5.17842         -0.33361         28.02021
   18          0.00000         27.13461        -10.81374         -2.72324         -5.28200         -0.22217         29.94311
   19          0.00000         32.19003         -9.79646         -1.83661         -5.17795         -0.61858         34.97194
   20          0.00000         32.94882        -11.08776         -2.21601         -5.47961         -0.74558         36.34096
   21          0.00000         35.31321        -10.76183         -2.14320         -5.11632         -0.67148         38.81552
   22          0.00000         35.31321        -10.76183         -2.14320         -5.11633         -0.67148         38.81552
   23          0.00000         41.81213         -9.27760         -1.57462         -4.91107         -0.75498         44.60405
   24          0.00000         41.98366         -9.46682         -1.38377         -4.94285         -1.38938         45.12387
   25          0.00000         42.23543         -9.31978         -1.37039         -5.20740         -1.63674         44.97742
   26          0.00000         42.23543         -9.31978         -1.37039         -5.20740         -1.63674         44.97742
   27          0.00000         46.77722         -9.38443         -1.12170         -5.23277         -2.40910         49.80718
   28          0.00000         47.42331         -9.72972         -1.34400         -4.94761         -1.76076         50.86141
   29          0.00000         50.80894         -9.33730         -1.28376         -4.97737         -1.71006         53.88512
   30          0.00000         51.39683         -9.11395         -1.13342         -5.12399         -2.23704         54.25338
   31          0.00000         51.39683         -9.11395         -1.13342         -5.12399         -2.23704         54.25338
   32          0.00000         51.40577         -9.11355         -1.18644         -5.12615         -1.78598         54.20672
   33          0.00000         58.77553         -9.10917         -1.11301         -5.40121         -0.92947         61.37048
   34          0.00000         58.77553         -9.10917         -1.11301         -5.40121         -0.92947         61.37048
   35          0.00000         64.39892         -8.70439         -1.01661          5.10776         -4.00048         77.19445
   36          0.00000         65.02531         -8.93599         -1.31046         -4.16893         -0.67622         68.48191
   37          0.00000         65.02531         -8.93599         -1.31046         -4.16893         -0.67619         68.48190
   38          0.00000         69.60446         -8.86878         -1.29806         -5.34442          0.07747         71.83075
   39          0.00000         89.67982         -7.48318         -0.75642         -5.92704          0.22890         90.47953
   40          0.00000         93.33925         -7.40416         -0.77465         -7.11619          2.15177         92.85258
   41          0.00000         96.26697         -7.85383         -2.30729        -20.35184          7.22486         81.46167
   42          0.00000        118.41309         -7.92436         -2.53752        -21.99977         16.33199        101.80016
   43          0.00000        149.50338         -9.06847         -3.64005         19.18922         15.23836        174.12103
   44          0.00000        149.50338         -9.06847         -3.64005         19.19043         15.23784        174.12224

spin  1, k-point   20: (0.00000, 0.25000, 0.50000) 
----------------------------------------------------------------------------------------------------------------------------
State              occ             e_mf             v_xc            v_exx           ReSigc           ImSigc             e_qp
----------------------------------------------------------------------------------------------------------------------------
    1         48.00000         -2.97435        -10.78286        -16.69620          4.80180         -0.81497         -4.08590
    2         48.00000         -0.11319        -10.75862        -15.26044          3.41420         -0.46269         -1.20080
    3         48.00000          2.74018        -10.20217        -13.00660          1.73902         -0.10102          1.67477
    4         48.00000          4.09230        -10.71547        -13.29955          1.45812         -0.04015          2.96633
    5          0.00000          7.79491         -9.23311         -5.14843         -2.83491         -0.03661          9.04469
    6          0.00000         10.80480         -9.70230         -4.89931         -3.39866         -0.24868         12.20914
    7          0.00000         12.07366        -10.42696         -5.09412         -3.85987         -0.33024         13.54664
    8          0.00000         12.22203        -10.10495         -4.71226         -3.82488         -0.36015         13.78984
    9          0.00000         16.62803         -9.88834         -3.48883         -4.73116         -0.50399         18.29639
   10          0.00000         16.93489        -10.23800         -3.70899         -4.55168         -0.58107         18.91221
   11          0.00000         18.69745        -10.38554         -3.48921         -4.82486         -0.55257         20.76892
   12          0.00000         19.20729        -10.67409         -3.72329         -5.01903         -0.41276         21.13906
   13          0.00000         20.16649         -8.71576         -2.47730         -4.30832         -0.39793         22.09663
   14          0.00000         23.52916         -9.42698         -2.50020         -4.76497         -0.29901         25.69096
   15          0.00000         24.62465        -10.32080         -2.62976         -5.25714         -0.37950         27.05855
   16          0.00000         25.14351        -10.64522         -2.82047         -5.34017         -0.24013         27.62808
   17          0.00000         26.52451        -10.60537         -2.62328         -5.28490         -0.25482         29.22169
   18          0.00000         27.41065         -9.09568         -2.07639         -4.52112         -0.28229         29.90882
   19          0.00000         28.44336         -8.91966         -1.94395         -4.58487         -0.34327         30.83419
   20          0.00000         30.44391        -10.60718         -2.22756         -5.34123         -0.50562         33.48230
   21          0.00000         33.52064         -9.57002         -1.82539         -4.85737         -0.61268         36.40790
   22          0.00000         33.66438         -9.86523         -1.94254         -4.84367         -0.54772         36.74340
   23          0.00000         39.92940         -9.90116         -1.66565         -5.11950         -0.86912         43.04541
   24          0.00000         42.54854         -9.57132         -1.55555         -4.89867         -1.16587         45.66565
   25          0.00000         43.52044         -9.37025         -1.31188         -5.09133         -1.70471         46.48747
   26          0.00000         45.16827         -9.40523         -1.39278         -4.91996         -1.33281         48.26076
   27          0.00000         46.17905         -9.53152         -1.23606         -5.23440         -2.16183         49.24011
   28          0.00000         47.97505         -9.59756         -1.24611         -5.14092         -2.10335         51.18558
   29          0.00000         49.83508         -9.04433         -1.22023         -4.95625         -1.47727         52.70294
   30          0.00000         51.76527         -9.23494         -1.26003         -5.04990         -1.39542         54.69028
   31          0.00000         51.87940         -9.16036         -1.17219         -4.95901         -2.04995         54.90856
   32          0.00000         55.12188         -9.21556         -1.13095         -5.00931         -1.52041         58.19718
   33          0.00000         55.40097         -8.79858         -1.11019         -7.23503         -0.87078         55.85433
   34          0.00000         55.43729         -8.91956         -1.09634         -4.95172         -1.77806         58.30879
   35          0.00000         59.13796         -9.48646         -1.15754         -5.29939         -2.25355         62.16749
   36          0.00000         59.98073         -9.51169         -1.10986         -5.35034         -2.57456         63.03223
   37          0.00000         61.40686         -8.77856         -1.02163         -5.70126         -0.93364         63.46253
   38          0.00000         64.35120         -8.98650         -1.00723         -3.70152         -2.46389         68.62895
   39          0.00000         90.13423         -7.56707         -0.83103         -6.43507          0.98304         90.43521
   40          0.00000         91.77260         -7.67478         -0.76651         -6.44169          0.98862         92.23917
   41          0.00000         92.41069         -7.56258         -1.84663        -14.44220          5.15866         83.68444
   42          0.00000        120.69335         -8.32666         -2.68918        -27.92400         17.06196         98.40683
   43          0.00000        126.97406         -8.66247         -3.03012        -28.03922         22.82871        104.56719
   44          0.00000        128.73761         -9.11138         -3.43585        -29.87038         24.12259        104.54277

spin  1, k-point   21: (0.00000, 0.50000, 0.25000) 
----------------------------------------------------------------------------------------------------------------------------
State              occ             e_mf             v_xc            v_exx           ReSigc           ImSigc             e_qp
----------------------------------------------------------------------------------------------------------------------------
    1         48.00000         -2.97435        -10.78286        -16.69620          4.80180         -0.81497         -4.08590
    2         48.00000         -0.11319        -10.75862        -15.26044          3.41420         -0.46269         -1.20080
    3         48.00000          2.74018        -10.20217        -13.00660          1.73902         -0.10102          1.67477
    4         48.00000          4.09230        -10.71547        -13.29955          1.45812         -0.04015          2.96633
    5          0.00000          7.79491         -9.23311         -5.14843         -2.83491         -0.03661          9.04469
    6          0.00000         10.80480         -9.70230         -4.89931         -3.39866         -0.24868         12.20914
    7          0.00000         12.07366        -10.42696         -5.09412         -3.85987         -0.33024         13.54664
    8          0.00000         12.22203        -10.10495         -4.71226         -3.82488         -0.36015         13.78984
    9          0.00000         16.62803         -9.88834         -3.48883         -4.73116         -0.50399         18.29639
   10          0.00000         16.93489        -10.23800         -3.70899         -4.55168         -0.58107         18.91221
   11          0.00000         18.69745        -10.38554         -3.48921         -4.82486         -0.55257         20.76892
   12          0.00000         19.20729        -10.67409         -3.72329         -5.01903         -0.41276         21.13906
   13          0.00000         20.16649         -8.71576         -2.47730         -4.30832         -0.39793         22.09663
   14          0.00000         23.52916         -9.42698         -2.50020         -4.76497         -0.29901         25.69096
   15          0.00000         24.62465        -10.32080         -2.62976         -5.25714         -0.37950         27.05855
   16          0.00000         25.14351        -10.64522         -2.82047         -5.34017         -0.24013         27.62808
   17          0.00000         26.52451        -10.60537         -2.62328         -5.28490         -0.25482         29.22169
   18          0.00000         27.41065         -9.09568         -2.07639         -4.52112         -0.28229         29.90882
   19          0.00000         28.44336         -8.91966         -1.94395         -4.58487         -0.34327         30.83419
   20          0.00000         30.44391        -10.60718         -2.22756         -5.34123         -0.50562         33.48230
   21          0.00000         33.52064         -9.57002         -1.82539         -4.85737         -0.61268         36.40790
   22          0.00000         33.66438         -9.86523         -1.94254         -4.84367         -0.54772         36.74340
   23          0.00000         39.92940         -9.90116         -1.66565         -5.11950         -0.86912         43.04541
   24          0.00000         42.54854         -9.57132         -1.55555         -4.89867         -1.16587         45.66565
   25          0.00000         43.52044         -9.37025         -1.31188         -5.09133         -1.70471         46.48747
   26          0.00000         45.16827         -9.40523         -1.39278         -4.91996         -1.33281         48.26076
   27          0.00000         46.17905         -9.53152         -1.23606         -5.23440         -2.16183         49.24011
   28          0.00000         47.97505         -9.59756         -1.24611         -5.14092         -2.10335         51.18558
   29          0.00000         49.83508         -9.04433         -1.22023         -4.95625         -1.47727         52.70294
   30          0.00000         51.76527         -9.23494         -1.26003         -5.04990         -1.39542         54.69028
   31          0.00000         51.87940         -9.16036         -1.17219         -4.95901         -2.04995         54.90856
   32          0.00000         55.12188         -9.21556         -1.13095         -5.00931         -1.52041         58.19718
   33          0.00000         55.40097         -8.79858         -1.11019         -7.23503         -0.87078         55.85433
   34          0.00000         55.43729         -8.91956         -1.09634         -4.95172         -1.77806         58.30879
   35          0.00000         59.13796         -9.48646         -1.15754         -5.29939         -2.25355         62.16749
   36          0.00000         59.98073         -9.51169         -1.10986         -5.35034         -2.57456         63.03223
   37          0.00000         61.40686         -8.77856         -1.02163         -5.70126         -0.93364         63.46253
   38          0.00000         64.35120         -8.98650         -1.00723         -3.70152         -2.46389         68.62895
   39          0.00000         90.13423         -7.56707         -0.83103         -6.43507          0.98304         90.43521
   40          0.00000         91.77260         -7.67478         -0.76651         -6.44169          0.98862         92.23917
   41          0.00000         92.41069         -7.56258         -1.84663        -14.44220          5.15866         83.68444
   42          0.00000        120.69335         -8.32666         -2.68918        -27.92400         17.06196         98.40683
   43          0.00000        126.97406         -8.66247         -3.03012        -28.03922         22.82871        104.56719
   44          0.00000        128.73761         -9.11138         -3.43585        -29.87038         24.12259        104.54277

spin  1, k-point   22: (0.00000, 0.50000, 0.75000) 
----------------------------------------------------------------------------------------------------------------------------
State              occ             e_mf             v_xc            v_exx           ReSigc           ImSigc             e_qp
----------------------------------------------------------------------------------------------------------------------------
    1         48.00000         -2.97435        -10.78286        -16.69620          4.80180         -0.81497         -4.08590
    2         48.00000         -0.11319        -10.75862        -15.26044          3.41420         -0.46269         -1.20080
    3         48.00000          2.74018        -10.20217        -13.00660          1.73902         -0.10102          1.67477
    4         48.00000          4.09230        -10.71547        -13.29955          1.45812         -0.04015          2.96633
    5          0.00000          7.79491         -9.23311         -5.14843         -2.83491         -0.03661          9.04469
    6          0.00000         10.80480         -9.70230         -4.89931         -3.39866         -0.24868         12.20914
    7          0.00000         12.07366        -10.42696         -5.09412         -3.85987         -0.33024         13.54664
    8          0.00000         12.22203        -10.10495         -4.71226         -3.82488         -0.36015         13.78984
    9          0.00000         16.62803         -9.88834         -3.48883         -4.73116         -0.50399         18.29639
   10          0.00000         16.93489        -10.23800         -3.70899         -4.55168         -0.58107         18.91221
   11          0.00000         18.69745        -10.38554         -3.48921         -4.82486         -0.55257         20.76892
   12          0.00000         19.20729        -10.67409         -3.72329         -5.01903         -0.41276         21.13906
   13          0.00000         20.16649         -8.71576         -2.47730         -4.30832         -0.39793         22.09663
   14          0.00000         23.52916         -9.42698         -2.50020         -4.76497         -0.29901         25.69096
   15          0.00000         24.62465        -10.32080         -2.62976         -5.25714         -0.37950         27.05855
   16          0.00000         25.14351        -10.64522         -2.82047         -5.34017         -0.24013         27.62808
   17          0.00000         26.52451        -10.60537         -2.62328         -5.28490         -0.25482         29.22169
   18          0.00000         27.41065         -9.09568         -2.07639         -4.52112         -0.28229         29.90882
   19          0.00000         28.44336         -8.91966         -1.94395         -4.58487         -0.34327         30.83419
   20          0.00000         30.44391        -10.60718         -2.22756         -5.34123         -0.50562         33.48230
   21          0.00000         33.52064         -9.57002         -1.82539         -4.85737         -0.61268         36.40790
   22          0.00000         33.66438         -9.86523         -1.94254         -4.84367         -0.54772         36.74340
   23          0.00000         39.92940         -9.90116         -1.66565         -5.11950         -0.86912         43.04541
   24          0.00000         42.54854         -9.57132         -1.55555         -4.89867         -1.16587         45.66565
   25          0.00000         43.52044         -9.37025         -1.31188         -5.09133         -1.70471         46.48747
   26          0.00000         45.16827         -9.40523         -1.39278         -4.91996         -1.33281         48.26076
   27          0.00000         46.17905         -9.53152         -1.23606         -5.23440         -2.16183         49.24011
   28          0.00000         47.97505         -9.59756         -1.24611         -5.14092         -2.10335         51.18558
   29          0.00000         49.83508         -9.04433         -1.22023         -4.95625         -1.47727         52.70294
   30          0.00000         51.76527         -9.23494         -1.26003         -5.04990         -1.39542         54.69028
   31          0.00000         51.87940         -9.16036         -1.17219         -4.95901         -2.04995         54.90856
   32          0.00000         55.12188         -9.21556         -1.13095         -5.00931         -1.52041         58.19718
   33          0.00000         55.40097         -8.79858         -1.11019         -7.23503         -0.87078         55.85433
   34          0.00000         55.43729         -8.91956         -1.09634         -4.95172         -1.77806         58.30879
   35          0.00000         59.13796         -9.48646         -1.15754         -5.29939         -2.25355         62.16749
   36          0.00000         59.98073         -9.51169         -1.10986         -5.35034         -2.57456         63.03223
   37          0.00000         61.40686         -8.77856         -1.02163         -5.70126         -0.93364         63.46253
   38          0.00000         64.35120         -8.98650         -1.00723         -3.70152         -2.46389         68.62895
   39          0.00000         90.13423         -7.56707         -0.83103         -6.43507          0.98304         90.43521
   40          0.00000         91.77260         -7.67478         -0.76651         -6.44169          0.98862         92.23917
   41          0.00000         92.41069         -7.56258         -1.84663        -14.44220          5.15866         83.68444
   42          0.00000        120.69335         -8.32666         -2.68918        -27.92400         17.06196         98.40683
   43          0.00000        126.97406         -8.66247         -3.03012        -28.03922         22.82871        104.56719
   44          0.00000        128.73761         -9.11138         -3.43585        -29.87038         24.12259        104.54277

spin  1, k-point   23: (0.00000, 0.75000, 0.50000) 
----------------------------------------------------------------------------------------------------------------------------
State              occ             e_mf             v_xc            v_exx           ReSigc           ImSigc             e_qp
----------------------------------------------------------------------------------------------------------------------------
    1         48.00000         -2.97435        -10.78286        -16.69620          4.80180         -0.81497         -4.08590
    2         48.00000         -0.11319        -10.75862        -15.26044          3.41420         -0.46269         -1.20080
    3         48.00000          2.74018        -10.20217        -13.00660          1.73902         -0.10102          1.67477
    4         48.00000          4.09230        -10.71547        -13.29955          1.45812         -0.04015          2.96633
    5          0.00000          7.79491         -9.23311         -5.14843         -2.83491         -0.03661          9.04469
    6          0.00000         10.80480         -9.70230         -4.89931         -3.39866         -0.24868         12.20914
    7          0.00000         12.07366        -10.42696         -5.09412         -3.85987         -0.33024         13.54664
    8          0.00000         12.22203        -10.10495         -4.71226         -3.82488         -0.36015         13.78984
    9          0.00000         16.62803         -9.88834         -3.48883         -4.73116         -0.50399         18.29639
   10          0.00000         16.93489        -10.23800         -3.70899         -4.55168         -0.58107         18.91221
   11          0.00000         18.69745        -10.38554         -3.48921         -4.82486         -0.55257         20.76892
   12          0.00000         19.20729        -10.67409         -3.72329         -5.01903         -0.41276         21.13906
   13          0.00000         20.16649         -8.71576         -2.47730         -4.30832         -0.39793         22.09663
   14          0.00000         23.52916         -9.42698         -2.50020         -4.76497         -0.29901         25.69096
   15          0.00000         24.62465        -10.32080         -2.62976         -5.25714         -0.37950         27.05855
   16          0.00000         25.14351        -10.64522         -2.82047         -5.34017         -0.24013         27.62808
   17          0.00000         26.52451        -10.60537         -2.62328         -5.28490         -0.25482         29.22169
   18          0.00000         27.41065         -9.09568         -2.07639         -4.52112         -0.28229         29.90882
   19          0.00000         28.44336         -8.91966         -1.94395         -4.58487         -0.34327         30.83419
   20          0.00000         30.44391        -10.60718         -2.22756         -5.34123         -0.50562         33.48230
   21          0.00000         33.52064         -9.57002         -1.82539         -4.85737         -0.61268         36.40790
   22          0.00000         33.66438         -9.86523         -1.94254         -4.84367         -0.54772         36.74340
   23          0.00000         39.92940         -9.90116         -1.66565         -5.11950         -0.86912         43.04541
   24          0.00000         42.54854         -9.57132         -1.55555         -4.89867         -1.16587         45.66565
   25          0.00000         43.52044         -9.37025         -1.31188         -5.09133         -1.70471         46.48747
   26          0.00000         45.16827         -9.40523         -1.39278         -4.91996         -1.33281         48.26076
   27          0.00000         46.17905         -9.53152         -1.23606         -5.23440         -2.16183         49.24011
   28          0.00000         47.97505         -9.59756         -1.24611         -5.14092         -2.10335         51.18558
   29          0.00000         49.83508         -9.04433         -1.22023         -4.95625         -1.47727         52.70294
   30          0.00000         51.76527         -9.23494         -1.26003         -5.04990         -1.39542         54.69028
   31          0.00000         51.87940         -9.16036         -1.17219         -4.95901         -2.04995         54.90856
   32          0.00000         55.12188         -9.21556         -1.13095         -5.00931         -1.52041         58.19718
   33          0.00000         55.40097         -8.79858         -1.11019         -7.23503         -0.87078         55.85433
   34          0.00000         55.43729         -8.91956         -1.09634         -4.95172         -1.77806         58.30879
   35          0.00000         59.13796         -9.48646         -1.15754         -5.29939         -2.25355         62.16749
   36          0.00000         59.98073         -9.51169         -1.10986         -5.35034         -2.57456         63.03223
   37          0.00000         61.40686         -8.77856         -1.02163         -5.70126         -0.93364         63.46253
   38          0.00000         64.35120         -8.98650         -1.00723         -3.70152         -2.46389         68.62895
   39          0.00000         90.13423         -7.56707         -0.83103         -6.43507          0.98304         90.43521
   40          0.00000         91.77260         -7.67478         -0.76651         -6.44169          0.98862         92.23917
   41          0.00000         92.41069         -7.56258         -1.84663        -14.44220          5.15866         83.68444
   42          0.00000        120.69335         -8.32666         -2.68918        -27.92400         17.06196         98.40683
   43          0.00000        126.97406         -8.66247         -3.03012        -28.03922         22.82871        104.56719
   44          0.00000        128.73761         -9.11138         -3.43585        -29.87038         24.12259        104.54277

spin  1, k-point   24: (0.25000, 0.00000, 0.50000) 
----------------------------------------------------------------------------------------------------------------------------
State              occ             e_mf             v_xc            v_exx           ReSigc           ImSigc             e_qp
----------------------------------------------------------------------------------------------------------------------------
    1         48.00000         -2.97435        -10.78286        -16.69620          4.80180         -0.81497         -4.08590
    2         48.00000         -0.11319        -10.75862        -15.26044          3.41420         -0.46269         -1.20080
    3         48.00000          2.74018        -10.20217        -13.00660          1.73902         -0.10102          1.67477
    4         48.00000          4.09230        -10.71547        -13.29955          1.45812         -0.04015          2.96633
    5          0.00000          7.79491         -9.23311         -5.14843         -2.83491         -0.03661          9.04469
    6          0.00000         10.80480         -9.70230         -4.89931         -3.39866         -0.24868         12.20914
    7          0.00000         12.07366        -10.42696         -5.09412         -3.85987         -0.33024         13.54664
    8          0.00000         12.22203        -10.10495         -4.71226         -3.82488         -0.36015         13.78984
    9          0.00000         16.62803         -9.88834         -3.48883         -4.73116         -0.50399         18.29639
   10          0.00000         16.93489        -10.23800         -3.70899         -4.55168         -0.58107         18.91221
   11          0.00000         18.69745        -10.38554         -3.48921         -4.82486         -0.55257         20.76892
   12          0.00000         19.20729        -10.67409         -3.72329         -5.01903         -0.41276         21.13906
   13          0.00000         20.16649         -8.71576         -2.47730         -4.30832         -0.39793         22.09663
   14          0.00000         23.52916         -9.42698         -2.50020         -4.76497         -0.29901         25.69096
   15          0.00000         24.62465        -10.32080         -2.62976         -5.25714         -0.37950         27.05855
   16          0.00000         25.14351        -10.64522         -2.82047         -5.34017         -0.24013         27.62808
   17          0.00000         26.52451        -10.60537         -2.62328         -5.28490         -0.25482         29.22169
   18          0.00000         27.41065         -9.09568         -2.07639         -4.52112         -0.28229         29.90882
   19          0.00000         28.44336         -8.91966         -1.94395         -4.58487         -0.34327         30.83419
   20          0.00000         30.44391        -10.60718         -2.22756         -5.34123         -0.50562         33.48230
   21          0.00000         33.52064         -9.57002         -1.82539         -4.85737         -0.61268         36.40790
   22          0.00000         33.66438         -9.86523         -1.94254         -4.84367         -0.54772         36.74340
   23          0.00000         39.92940         -9.90116         -1.66565         -5.11950         -0.86912         43.04541
   24          0.00000         42.54854         -9.57132         -1.55555         -4.89867         -1.16587         45.66565
   25          0.00000         43.52044         -9.37025         -1.31188         -5.09133         -1.70471         46.48747
   26          0.00000         45.16827         -9.40523         -1.39278         -4.91996         -1.33281         48.26076
   27          0.00000         46.17905         -9.53152         -1.23606         -5.23440         -2.16183         49.24011
   28          0.00000         47.97505         -9.59756         -1.24611         -5.14092         -2.10335         51.18558
   29          0.00000         49.83508         -9.04433         -1.22023         -4.95625         -1.47727         52.70294
   30          0.00000         51.76527         -9.23494         -1.26003         -5.04990         -1.39542         54.69028
   31          0.00000         51.87940         -9.16036         -1.17219         -4.95901         -2.04995         54.90856
   32          0.00000         55.12188         -9.21556         -1.13095         -5.00931         -1.52041         58.19718
   33          0.00000         55.40097         -8.79858         -1.11019         -7.23503         -0.87078         55.85433
   34          0.00000         55.43729         -8.91956         -1.09634         -4.95172         -1.77806         58.30879
   35          0.00000         59.13796         -9.48646         -1.15754         -5.29939         -2.25355         62.16749
   36          0.00000         59.98073         -9.51169         -1.10986         -5.35034         -2.57456         63.03223
   37          0.00000         61.40686         -8.77856         -1.02163         -5.70126         -0.93364         63.46253
   38          0.00000         64.35120         -8.98650         -1.00723         -3.70152         -2.46389         68.62895
   39          0.00000         90.13423         -7.56707         -0.83103         -6.43507          0.98304         90.43521
   40          0.00000         91.77260         -7.67478         -0.76651         -6.44169          0.98862         92.23917
   41          0.00000         92.41069         -7.56258         -1.84663        -14.44220          5.15866         83.68444
   42          0.00000        120.69335         -8.32666         -2.68918        -27.92400         17.06196         98.40683
   43          0.00000        126.97406         -8.66247         -3.03012        -28.03922         22.82871        104.56719
   44          0.00000        128.73761         -9.11138         -3.43585        -29.87038         24.12259        104.54277

spin  1, k-point   25: (0.25000, 0.25000, 0.75000) 
----------------------------------------------------------------------------------------------------------------------------
State              occ             e_mf             v_xc            v_exx           ReSigc           ImSigc             e_qp
----------------------------------------------------------------------------------------------------------------------------
    1         48.00000         -2.97435        -10.78286        -16.69620          4.80180         -0.81497         -4.08590
    2         48.00000         -0.11319        -10.75862        -15.26044          3.41420         -0.46269         -1.20080
    3         48.00000          2.74018        -10.20217        -13.00660          1.73902         -0.10102          1.67477
    4         48.00000          4.09230        -10.71547        -13.29955          1.45812         -0.04015          2.96633
    5          0.00000          7.79491         -9.23311         -5.14843         -2.83491         -0.03661          9.04469
    6          0.00000         10.80480         -9.70230         -4.89931         -3.39866         -0.24868         12.20914
    7          0.00000         12.07366        -10.42696         -5.09412         -3.85987         -0.33024         13.54664
    8          0.00000         12.22203        -10.10495         -4.71226         -3.82488         -0.36015         13.78984
    9          0.00000         16.62803         -9.88834         -3.48883         -4.73116         -0.50399         18.29639
   10          0.00000         16.93489        -10.23800         -3.70899         -4.55168         -0.58107         18.91221
   11          0.00000         18.69745        -10.38554         -3.48921         -4.82486         -0.55257         20.76892
   12          0.00000         19.20729        -10.67409         -3.72329         -5.01903         -0.41276         21.13906
   13          0.00000         20.16649         -8.71576         -2.47730         -4.30832         -0.39793         22.09663
   14          0.00000         23.52916         -9.42698         -2.50020         -4.76497         -0.29901         25.69096
   15          0.00000         24.62465        -10.32080         -2.62976         -5.25714         -0.37950         27.05855
   16          0.00000         25.14351        -10.64522         -2.82047         -5.34017         -0.24013         27.62808
   17          0.00000         26.52451        -10.60537         -2.62328         -5.28490         -0.25482         29.22169
   18          0.00000         27.41065         -9.09568         -2.07639         -4.52112         -0.28229         29.90882
   19          0.00000         28.44336         -8.91966         -1.94395         -4.58487         -0.34327         30.83419
   20          0.00000         30.44391        -10.60718         -2.22756         -5.34123         -0.50562         33.48230
   21          0.00000         33.52064         -9.57002         -1.82539         -4.85737         -0.61268         36.40790
   22          0.00000         33.66438         -9.86523         -1.94254         -4.84367         -0.54772         36.74340
   23          0.00000         39.92940         -9.90116         -1.66565         -5.11950         -0.86912         43.04541
   24          0.00000         42.54854         -9.57132         -1.55555         -4.89867         -1.16587         45.66565
   25          0.00000         43.52044         -9.37025         -1.31188         -5.09133         -1.70471         46.48747
   26          0.00000         45.16827         -9.40523         -1.39278         -4.91996         -1.33281         48.26076
   27          0.00000         46.17905         -9.53152         -1.23606         -5.23440         -2.16183         49.24011
   28          0.00000         47.97505         -9.59756         -1.24611         -5.14092         -2.10335         51.18558
   29          0.00000         49.83508         -9.04433         -1.22023         -4.95625         -1.47727         52.70294
   30          0.00000         51.76527         -9.23494         -1.26003         -5.04990         -1.39542         54.69028
   31          0.00000         51.87940         -9.16036         -1.17219         -4.95901         -2.04995         54.90856
   32          0.00000         55.12188         -9.21556         -1.13095         -5.00931         -1.52041         58.19718
   33          0.00000         55.40097         -8.79858         -1.11019         -7.23503         -0.87078         55.85433
   34          0.00000         55.43729         -8.91956         -1.09634         -4.95172         -1.77806         58.30879
   35          0.00000         59.13796         -9.48646         -1.15754         -5.29939         -2.25355         62.16749
   36          0.00000         59.98073         -9.51169         -1.10986         -5.35034         -2.57456         63.03223
   37          0.00000         61.40686         -8.77856         -1.02163         -5.70126         -0.93364         63.46253
   38          0.00000         64.35120         -8.98650         -1.00723         -3.70152         -2.46389         68.62895
   39          0.00000         90.13423         -7.56707         -0.83103         -6.43507          0.98304         90.43521
   40          0.00000         91.77260         -7.67478         -0.76651         -6.44169          0.98862         92.23917
   41          0.00000         92.41069         -7.56258         -1.84663        -14.44220          5.15866         83.68444
   42          0.00000        120.69335         -8.32666         -2.68918        -27.92400         17.06196         98.40683
   43          0.00000        126.97406         -8.66247         -3.03012        -28.03922         22.82871        104.56719
   44          0.00000        128.73761         -9.11138         -3.43585        -29.87038         24.12259        104.54277

spin  1, k-point   26: (0.25000, 0.50000, 0.00000) 
----------------------------------------------------------------------------------------------------------------------------
State              occ             e_mf             v_xc            v_exx           ReSigc           ImSigc             e_qp
----------------------------------------------------------------------------------------------------------------------------
    1         48.00000         -2.97435        -10.78286        -16.69620          4.80180         -0.81497         -4.08590
    2         48.00000         -0.11319        -10.75862        -15.26044          3.41420         -0.46269         -1.20080
    3         48.00000          2.74018        -10.20217        -13.00660          1.73902         -0.10102          1.67477
    4         48.00000          4.09230        -10.71547        -13.29955          1.45812         -0.04015          2.96633
    5          0.00000          7.79491         -9.23311         -5.14843         -2.83491         -0.03661          9.04469
    6          0.00000         10.80480         -9.70230         -4.89931         -3.39866         -0.24868         12.20914
    7          0.00000         12.07366        -10.42696         -5.09412         -3.85987         -0.33024         13.54664
    8          0.00000         12.22203        -10.10495         -4.71226         -3.82488         -0.36015         13.78984
    9          0.00000         16.62803         -9.88834         -3.48883         -4.73116         -0.50399         18.29639
   10          0.00000         16.93489        -10.23800         -3.70899         -4.55168         -0.58107         18.91221
   11          0.00000         18.69745        -10.38554         -3.48921         -4.82486         -0.55257         20.76892
   12          0.00000         19.20729        -10.67409         -3.72329         -5.01903         -0.41276         21.13906
   13          0.00000         20.16649         -8.71576         -2.47730         -4.30832         -0.39793         22.09663
   14          0.00000         23.52916         -9.42698         -2.50020         -4.76497         -0.29901         25.69096
   15          0.00000         24.62465        -10.32080         -2.62976         -5.25714         -0.37950         27.05855
   16          0.00000         25.14351        -10.64522         -2.82047         -5.34017         -0.24013         27.62808
   17          0.00000         26.52451        -10.60537         -2.62328         -5.28490         -0.25482         29.22169
   18          0.00000         27.41065         -9.09568         -2.07639         -4.52112         -0.28229         29.90882
   19          0.00000         28.44336         -8.91966         -1.94395         -4.58487         -0.34327         30.83419
   20          0.00000         30.44391        -10.60718         -2.22756         -5.34123         -0.50562         33.48230
   21          0.00000         33.52064         -9.57002         -1.82539         -4.85737         -0.61268         36.40790
   22          0.00000         33.66438         -9.86523         -1.94254         -4.84367         -0.54772         36.74340
   23          0.00000         39.92940         -9.90116         -1.66565         -5.11950         -0.86912         43.04541
   24          0.00000         42.54854         -9.57132         -1.55555         -4.89867         -1.16587         45.66565
   25          0.00000         43.52044         -9.37025         -1.31188         -5.09133         -1.70471         46.48747
   26          0.00000         45.16827         -9.40523         -1.39278         -4.91996         -1.33281         48.26076
   27          0.00000         46.17905         -9.53152         -1.23606         -5.23440         -2.16183         49.24011
   28          0.00000         47.97505         -9.59756         -1.24611         -5.14092         -2.10335         51.18558
   29          0.00000         49.83508         -9.04433         -1.22023         -4.95625         -1.47727         52.70294
   30          0.00000         51.76527         -9.23494         -1.26003         -5.04990         -1.39542         54.69028
   31          0.00000         51.87940         -9.16036         -1.17219         -4.95901         -2.04995         54.90856
   32          0.00000         55.12188         -9.21556         -1.13095         -5.00931         -1.52041         58.19718
   33          0.00000         55.40097         -8.79858         -1.11019         -7.23503         -0.87078         55.85433
   34          0.00000         55.43729         -8.91956         -1.09634         -4.95172         -1.77806         58.30879
   35          0.00000         59.13796         -9.48646         -1.15754         -5.29939         -2.25355         62.16749
   36          0.00000         59.98073         -9.51169         -1.10986         -5.35034         -2.57456         63.03223
   37          0.00000         61.40686         -8.77856         -1.02163         -5.70126         -0.93364         63.46253
   38          0.00000         64.35120         -8.98650         -1.00723         -3.70152         -2.46389         68.62895
   39          0.00000         90.13423         -7.56707         -0.83103         -6.43507          0.98304         90.43521
   40          0.00000         91.77260         -7.67478         -0.76651         -6.44169          0.98862         92.23917
   41          0.00000         92.41069         -7.56258         -1.84663        -14.44220          5.15866         83.68444
   42          0.00000        120.69335         -8.32666         -2.68918        -27.92400         17.06196         98.40683
   43          0.00000        126.97406         -8.66247         -3.03012        -28.03922         22.82871        104.56719
   44          0.00000        128.73761         -9.11138         -3.43585        -29.87038         24.12259        104.54277

spin  1, k-point   27: (0.25000, 0.50000, 0.50000) 
----------------------------------------------------------------------------------------------------------------------------
State              occ             e_mf             v_xc            v_exx           ReSigc           ImSigc             e_qp
----------------------------------------------------------------------------------------------------------------------------
    1         48.00000         -2.97435        -10.78286        -16.69620          4.80180         -0.81497         -4.08590
    2         48.00000         -0.11319        -10.75862        -15.26044          3.41420         -0.46269         -1.20080
    3         48.00000          2.74018        -10.20217        -13.00660          1.73902         -0.10102          1.67477
    4         48.00000          4.09230        -10.71547        -13.29955          1.45812         -0.04015          2.96633
    5          0.00000          7.79491         -9.23311         -5.14843         -2.83491         -0.03661          9.04469
    6          0.00000         10.80480         -9.70230         -4.89931         -3.39866         -0.24868         12.20914
    7          0.00000         12.07366        -10.42696         -5.09412         -3.85987         -0.33024         13.54664
    8          0.00000         12.22203        -10.10495         -4.71226         -3.82488         -0.36015         13.78984
    9          0.00000         16.62803         -9.88834         -3.48883         -4.73116         -0.50399         18.29639
   10          0.00000         16.93489        -10.23800         -3.70899         -4.55168         -0.58107         18.91221
   11          0.00000         18.69745        -10.38554         -3.48921         -4.82486         -0.55257         20.76892
   12          0.00000         19.20729        -10.67409         -3.72329         -5.01903         -0.41276         21.13906
   13          0.00000         20.16649         -8.71576         -2.47730         -4.30832         -0.39793         22.09663
   14          0.00000         23.52916         -9.42698         -2.50020         -4.76497         -0.29901         25.69096
   15          0.00000         24.62465        -10.32080         -2.62976         -5.25714         -0.37950         27.05855
   16          0.00000         25.14351        -10.64522         -2.82047         -5.34017         -0.24013         27.62808
   17          0.00000         26.52451        -10.60537         -2.62328         -5.28490         -0.25482         29.22169
   18          0.00000         27.41065         -9.09568         -2.07639         -4.52112         -0.28229         29.90882
   19          0.00000         28.44336         -8.91966         -1.94395         -4.58487         -0.34327         30.83419
   20          0.00000         30.44391        -10.60718         -2.22756         -5.34123         -0.50562         33.48230
   21          0.00000         33.52064         -9.57002         -1.82539         -4.85737         -0.61268         36.40790
   22          0.00000         33.66438         -9.86523         -1.94254         -4.84367         -0.54772         36.74340
   23          0.00000         39.92940         -9.90116         -1.66565         -5.11950         -0.86912         43.04541
   24          0.00000         42.54854         -9.57132         -1.55555         -4.89867         -1.16587         45.66565
   25          0.00000         43.52044         -9.37025         -1.31188         -5.09133         -1.70471         46.48747
   26          0.00000         45.16827         -9.40523         -1.39278         -4.91996         -1.33281         48.26076
   27          0.00000         46.17905         -9.53152         -1.23606         -5.23440         -2.16183         49.24011
   28          0.00000         47.97505         -9.59756         -1.24611         -5.14092         -2.10335         51.18558
   29          0.00000         49.83508         -9.04433         -1.22023         -4.95625         -1.47727         52.70294
   30          0.00000         51.76527         -9.23494         -1.26003         -5.04990         -1.39542         54.69028
   31          0.00000         51.87940         -9.16036         -1.17219         -4.95901         -2.04995         54.90856
   32          0.00000         55.12188         -9.21556         -1.13095         -5.00931         -1.52041         58.19718
   33          0.00000         55.40097         -8.79858         -1.11019         -7.23503         -0.87078         55.85433
   34          0.00000         55.43729         -8.91956         -1.09634         -4.95172         -1.77806         58.30879
   35          0.00000         59.13796         -9.48646         -1.15754         -5.29939         -2.25355         62.16749
   36          0.00000         59.98073         -9.51169         -1.10986         -5.35034         -2.57456         63.03223
   37          0.00000         61.40686         -8.77856         -1.02163         -5.70126         -0.93364         63.46253
   38          0.00000         64.35120         -8.98650         -1.00723         -3.70152         -2.46389         68.62895
   39          0.00000         90.13423         -7.56707         -0.83103         -6.43507          0.98304         90.43521
   40          0.00000         91.77260         -7.67478         -0.76651         -6.44169          0.98862         92.23917
   41          0.00000         92.41069         -7.56258         -1.84663        -14.44220          5.15866         83.68444
   42          0.00000        120.69335         -8.32666         -2.68918        -27.92400         17.06196         98.40683
   43          0.00000        126.97406         -8.66247         -3.03012        -28.03922         22.82871        104.56719
   44          0.00000        128.73761         -9.11138         -3.43585        -29.87038         24.12259        104.54277

spin  1, k-point   28: (0.25000, 0.75000, 0.25000) 
----------------------------------------------------------------------------------------------------------------------------
State              occ             e_mf             v_xc            v_exx           ReSigc           ImSigc             e_qp
----------------------------------------------------------------------------------------------------------------------------
    1         48.00000         -2.97435        -10.78286        -16.69620          4.80180         -0.81497         -4.08590
    2         48.00000         -0.11319        -10.75862        -15.26044          3.41420         -0.46269         -1.20080
    3         48.00000          2.74018        -10.20217        -13.00660          1.73902         -0.10102          1.67477
    4         48.00000          4.09230        -10.71547        -13.29955          1.45812         -0.04015          2.96633
    5          0.00000          7.79491         -9.23311         -5.14843         -2.83491         -0.03661          9.04469
    6          0.00000         10.80480         -9.70230         -4.89931         -3.39866         -0.24868         12.20914
    7          0.00000         12.07366        -10.42696         -5.09412         -3.85987         -0.33024         13.54664
    8          0.00000         12.22203        -10.10495         -4.71226         -3.82488         -0.36015         13.78984
    9          0.00000         16.62803         -9.88834         -3.48883         -4.73116         -0.50399         18.29639
   10          0.00000         16.93489        -10.23800         -3.70899         -4.55168         -0.58107         18.91221
   11          0.00000         18.69745        -10.38554         -3.48921         -4.82486         -0.55257         20.76892
   12          0.00000         19.20729        -10.67409         -3.72329         -5.01903         -0.41276         21.13906
   13          0.00000         20.16649         -8.71576         -2.47730         -4.30832         -0.39793         22.09663
   14          0.00000         23.52916         -9.42698         -2.50020         -4.76497         -0.29901         25.69096
   15          0.00000         24.62465        -10.32080         -2.62976         -5.25714         -0.37950         27.05855
   16          0.00000         25.14351        -10.64522         -2.82047         -5.34017         -0.24013         27.62808
   17          0.00000         26.52451        -10.60537         -2.62328         -5.28490         -0.25482         29.22169
   18          0.00000         27.41065         -9.09568         -2.07639         -4.52112         -0.28229         29.90882
   19          0.00000         28.44336         -8.91966         -1.94395         -4.58487         -0.34327         30.83419
   20          0.00000         30.44391        -10.60718         -2.22756         -5.34123         -0.50562         33.48230
   21          0.00000         33.52064         -9.57002         -1.82539         -4.85737         -0.61268         36.40790
   22          0.00000         33.66438         -9.86523         -1.94254         -4.84367         -0.54772         36.74340
   23          0.00000         39.92940         -9.90116         -1.66565         -5.11950         -0.86912         43.04541
   24          0.00000         42.54854         -9.57132         -1.55555         -4.89867         -1.16587         45.66565
   25          0.00000         43.52044         -9.37025         -1.31188         -5.09133         -1.70471         46.48747
   26          0.00000         45.16827         -9.40523         -1.39278         -4.91996         -1.33281         48.26076
   27          0.00000         46.17905         -9.53152         -1.23606         -5.23440         -2.16183         49.24011
   28          0.00000         47.97505         -9.59756         -1.24611         -5.14092         -2.10335         51.18558
   29          0.00000         49.83508         -9.04433         -1.22023         -4.95625         -1.47727         52.70294
   30          0.00000         51.76527         -9.23494         -1.26003         -5.04990         -1.39542         54.69028
   31          0.00000         51.87940         -9.16036         -1.17219         -4.95901         -2.04995         54.90856
   32          0.00000         55.12188         -9.21556         -1.13095         -5.00931         -1.52041         58.19718
   33          0.00000         55.40097         -8.79858         -1.11019         -7.23503         -0.87078         55.85433
   34          0.00000         55.43729         -8.91956         -1.09634         -4.95172         -1.77806         58.30879
   35          0.00000         59.13796         -9.48646         -1.15754         -5.29939         -2.25355         62.16749
   36          0.00000         59.98073         -9.51169         -1.10986         -5.35034         -2.57456         63.03223
   37          0.00000         61.40686         -8.77856         -1.02163         -5.70126         -0.93364         63.46253
   38          0.00000         64.35120         -8.98650         -1.00723         -3.70152         -2.46389         68.62895
   39          0.00000         90.13423         -7.56707         -0.83103         -6.43507          0.98304         90.43521
   40          0.00000         91.77260         -7.67478         -0.76651         -6.44169          0.98862         92.23917
   41          0.00000         92.41069         -7.56258         -1.84663        -14.44220          5.15866         83.68444
   42          0.00000        120.69335         -8.32666         -2.68918        -27.92400         17.06196         98.40683
   43          0.00000        126.97406         -8.66247         -3.03012        -28.03922         22.82871        104.56719
   44          0.00000        128.73761         -9.11138         -3.43585        -29.87038         24.12259        104.54277

spin  1, k-point   29: (0.25000, 0.75000, 0.75000) 
----------------------------------------------------------------------------------------------------------------------------
State              occ             e_mf             v_xc            v_exx           ReSigc           ImSigc             e_qp
----------------------------------------------------------------------------------------------------------------------------
    1         48.00000         -2.97435        -10.78286        -16.69620          4.80180         -0.81497         -4.08590
    2         48.00000         -0.11319        -10.75862        -15.26044          3.41420         -0.46269         -1.20080
    3         48.00000          2.74018        -10.20217        -13.00660          1.73902         -0.10102          1.67477
    4         48.00000          4.09230        -10.71547        -13.29955          1.45812         -0.04015          2.96633
    5          0.00000          7.79491         -9.23311         -5.14843         -2.83491         -0.03661          9.04469
    6          0.00000         10.80480         -9.70230         -4.89931         -3.39866         -0.24868         12.20914
    7          0.00000         12.07366        -10.42696         -5.09412         -3.85987         -0.33024         13.54664
    8          0.00000         12.22203        -10.10495         -4.71226         -3.82488         -0.36015         13.78984
    9          0.00000         16.62803         -9.88834         -3.48883         -4.73116         -0.50399         18.29639
   10          0.00000         16.93489        -10.23800         -3.70899         -4.55168         -0.58107         18.91221
   11          0.00000         18.69745        -10.38554         -3.48921         -4.82486         -0.55257         20.76892
   12          0.00000         19.20729        -10.67409         -3.72329         -5.01903         -0.41276         21.13906
   13          0.00000         20.16649         -8.71576         -2.47730         -4.30832         -0.39793         22.09663
   14          0.00000         23.52916         -9.42698         -2.50020         -4.76497         -0.29901         25.69096
   15          0.00000         24.62465        -10.32080         -2.62976         -5.25714         -0.37950         27.05855
   16          0.00000         25.14351        -10.64522         -2.82047         -5.34017         -0.24013         27.62808
   17          0.00000         26.52451        -10.60537         -2.62328         -5.28490         -0.25482         29.22169
   18          0.00000         27.41065         -9.09568         -2.07639         -4.52112         -0.28229         29.90882
   19          0.00000         28.44336         -8.91966         -1.94395         -4.58487         -0.34327         30.83419
   20          0.00000         30.44391        -10.60718         -2.22756         -5.34123         -0.50562         33.48230
   21          0.00000         33.52064         -9.57002         -1.82539         -4.85737         -0.61268         36.40790
   22          0.00000         33.66438         -9.86523         -1.94254         -4.84367         -0.54772         36.74340
   23          0.00000         39.92940         -9.90116         -1.66565         -5.11950         -0.86912         43.04541
   24          0.00000         42.54854         -9.57132         -1.55555         -4.89867         -1.16587         45.66565
   25          0.00000         43.52044         -9.37025         -1.31188         -5.09133         -1.70471         46.48747
   26          0.00000         45.16827         -9.40523         -1.39278         -4.91996         -1.33281         48.26076
   27          0.00000         46.17905         -9.53152         -1.23606         -5.23440         -2.16183         49.24011
   28          0.00000         47.97505         -9.59756         -1.24611         -5.14092         -2.10335         51.18558
   29          0.00000         49.83508         -9.04433         -1.22023         -4.95625         -1.47727         52.70294
   30          0.00000         51.76527         -9.23494         -1.26003         -5.04990         -1.39542         54.69028
   31          0.00000         51.87940         -9.16036         -1.17219         -4.95901         -2.04995         54.90856
   32          0.00000         55.12188         -9.21556         -1.13095         -5.00931         -1.52041         58.19718
   33          0.00000         55.40097         -8.79858         -1.11019         -7.23503         -0.87078         55.85433
   34          0.00000         55.43729         -8.91956         -1.09634         -4.95172         -1.77806         58.30879
   35          0.00000         59.13796         -9.48646         -1.15754         -5.29939         -2.25355         62.16749
   36          0.00000         59.98073         -9.51169         -1.10986         -5.35034         -2.57456         63.03223
   37          0.00000         61.40686         -8.77856         -1.02163         -5.70126         -0.93364         63.46253
   38          0.00000         64.35120         -8.98650         -1.00723         -3.70152         -2.46389         68.62895
   39          0.00000         90.13423         -7.56707         -0.83103         -6.43507          0.98304         90.43521
   40          0.00000         91.77260         -7.67478         -0.76651         -6.44169          0.98862         92.23917
   41          0.00000         92.41069         -7.56258         -1.84663        -14.44220          5.15866         83.68444
   42          0.00000        120.69335         -8.32666         -2.68918        -27.92400         17.06196         98.40683
   43          0.00000        126.97406         -8.66247         -3.03012        -28.03922         22.82871        104.56719
   44          0.00000        128.73761         -9.11138         -3.43585        -29.87038         24.12259        104.54277

spin  1, k-point   30: (0.50000, 0.00000, 0.25000) 
----------------------------------------------------------------------------------------------------------------------------
State              occ             e_mf             v_xc            v_exx           ReSigc           ImSigc             e_qp
----------------------------------------------------------------------------------------------------------------------------
    1         48.00000         -2.97435        -10.78286        -16.69620          4.80180         -0.81497         -4.08590
    2         48.00000         -0.11319        -10.75862        -15.26044          3.41420         -0.46269         -1.20080
    3         48.00000          2.74018        -10.20217        -13.00660          1.73902         -0.10102          1.67477
    4         48.00000          4.09230        -10.71547        -13.29955          1.45812         -0.04015          2.96633
    5          0.00000          7.79491         -9.23311         -5.14843         -2.83491         -0.03661          9.04469
    6          0.00000         10.80480         -9.70230         -4.89931         -3.39866         -0.24868         12.20914
    7          0.00000         12.07366        -10.42696         -5.09412         -3.85987         -0.33024         13.54664
    8          0.00000         12.22203        -10.10495         -4.71226         -3.82488         -0.36015         13.78984
    9          0.00000         16.62803         -9.88834         -3.48883         -4.73116         -0.50399         18.29639
   10          0.00000         16.93489        -10.23800         -3.70899         -4.55168         -0.58107         18.91221
   11          0.00000         18.69745        -10.38554         -3.48921         -4.82486         -0.55257         20.76892
   12          0.00000         19.20729        -10.67409         -3.72329         -5.01903         -0.41276         21.13906
   13          0.00000         20.16649         -8.71576         -2.47730         -4.30832         -0.39793         22.09663
   14          0.00000         23.52916         -9.42698         -2.50020         -4.76497         -0.29901         25.69096
   15          0.00000         24.62465        -10.32080         -2.62976         -5.25714         -0.37950         27.05855
   16          0.00000         25.14351        -10.64522         -2.82047         -5.34017         -0.24013         27.62808
   17          0.00000         26.52451        -10.60537         -2.62328         -5.28490         -0.25482         29.22169
   18          0.00000         27.41065         -9.09568         -2.07639         -4.52112         -0.28229         29.90882
   19          0.00000         28.44336         -8.91966         -1.94395         -4.58487         -0.34327         30.83419
   20          0.00000         30.44391        -10.60718         -2.22756         -5.34123         -0.50562         33.48230
   21          0.00000         33.52064         -9.57002         -1.82539         -4.85737         -0.61268         36.40790
   22          0.00000         33.66438         -9.86523         -1.94254         -4.84367         -0.54772         36.74340
   23          0.00000         39.92940         -9.90116         -1.66565         -5.11950         -0.86912         43.04541
   24          0.00000         42.54854         -9.57132         -1.55555         -4.89867         -1.16587         45.66565
   25          0.00000         43.52044         -9.37025         -1.31188         -5.09133         -1.70471         46.48747
   26          0.00000         45.16827         -9.40523         -1.39278         -4.91996         -1.33281         48.26076
   27          0.00000         46.17905         -9.53152         -1.23606         -5.23440         -2.16183         49.24011
   28          0.00000         47.97505         -9.59756         -1.24611         -5.14092         -2.10335         51.18558
   29          0.00000         49.83508         -9.04433         -1.22023         -4.95625         -1.47727         52.70294
   30          0.00000         51.76527         -9.23494         -1.26003         -5.04990         -1.39542         54.69028
   31          0.00000         51.87940         -9.16036         -1.17219         -4.95901         -2.04995         54.90856
   32          0.00000         55.12188         -9.21556         -1.13095         -5.00931         -1.52041         58.19718
   33          0.00000         55.40097         -8.79858         -1.11019         -7.23503         -0.87078         55.85433
   34          0.00000         55.43729         -8.91956         -1.09634         -4.95172         -1.77806         58.30879
   35          0.00000         59.13796         -9.48646         -1.15754         -5.29939         -2.25355         62.16749
   36          0.00000         59.98073         -9.51169         -1.10986         -5.35034         -2.57456         63.03223
   37          0.00000         61.40686         -8.77856         -1.02163         -5.70126         -0.93364         63.46253
   38          0.00000         64.35120         -8.98650         -1.00723         -3.70152         -2.46389         68.62895
   39          0.00000         90.13423         -7.56707         -0.83103         -6.43507          0.98304         90.43521
   40          0.00000         91.77260         -7.67478         -0.76651         -6.44169          0.98862         92.23917
   41          0.00000         92.41069         -7.56258         -1.84663        -14.44220          5.15866         83.68444
   42          0.00000        120.69335         -8.32666         -2.68918        -27.92400         17.06196         98.40683
   43          0.00000        126.97406         -8.66247         -3.03012        -28.03922         22.82871        104.56719
   44          0.00000        128.73761         -9.11138         -3.43585        -29.87038         24.12259        104.54277

spin  1, k-point   31: (0.50000, 0.00000, 0.75000) 
----------------------------------------------------------------------------------------------------------------------------
State              occ             e_mf             v_xc            v_exx           ReSigc           ImSigc             e_qp
----------------------------------------------------------------------------------------------------------------------------
    1         48.00000         -2.97435        -10.78286        -16.69620          4.80180         -0.81497         -4.08590
    2         48.00000         -0.11319        -10.75862        -15.26044          3.41420         -0.46269         -1.20080
    3         48.00000          2.74018        -10.20217        -13.00660          1.73902         -0.10102          1.67477
    4         48.00000          4.09230        -10.71547        -13.29955          1.45812         -0.04015          2.96633
    5          0.00000          7.79491         -9.23311         -5.14843         -2.83491         -0.03661          9.04469
    6          0.00000         10.80480         -9.70230         -4.89931         -3.39866         -0.24868         12.20914
    7          0.00000         12.07366        -10.42696         -5.09412         -3.85987         -0.33024         13.54664
    8          0.00000         12.22203        -10.10495         -4.71226         -3.82488         -0.36015         13.78984
    9          0.00000         16.62803         -9.88834         -3.48883         -4.73116         -0.50399         18.29639
   10          0.00000         16.93489        -10.23800         -3.70899         -4.55168         -0.58107         18.91221
   11          0.00000         18.69745        -10.38554         -3.48921         -4.82486         -0.55257         20.76892
   12          0.00000         19.20729        -10.67409         -3.72329         -5.01903         -0.41276         21.13906
   13          0.00000         20.16649         -8.71576         -2.47730         -4.30832         -0.39793         22.09663
   14          0.00000         23.52916         -9.42698         -2.50020         -4.76497         -0.29901         25.69096
   15          0.00000         24.62465        -10.32080         -2.62976         -5.25714         -0.37950         27.05855
   16          0.00000         25.14351        -10.64522         -2.82047         -5.34017         -0.24013         27.62808
   17          0.00000         26.52451        -10.60537         -2.62328         -5.28490         -0.25482         29.22169
   18          0.00000         27.41065         -9.09568         -2.07639         -4.52112         -0.28229         29.90882
   19          0.00000         28.44336         -8.91966         -1.94395         -4.58487         -0.34327         30.83419
   20          0.00000         30.44391        -10.60718         -2.22756         -5.34123         -0.50562         33.48230
   21          0.00000         33.52064         -9.57002         -1.82539         -4.85737         -0.61268         36.40790
   22          0.00000         33.66438         -9.86523         -1.94254         -4.84367         -0.54772         36.74340
   23          0.00000         39.92940         -9.90116         -1.66565         -5.11950         -0.86912         43.04541
   24          0.00000         42.54854         -9.57132         -1.55555         -4.89867         -1.16587         45.66565
   25          0.00000         43.52044         -9.37025         -1.31188         -5.09133         -1.70471         46.48747
   26          0.00000         45.16827         -9.40523         -1.39278         -4.91996         -1.33281         48.26076
   27          0.00000         46.17905         -9.53152         -1.23606         -5.23440         -2.16183         49.24011
   28          0.00000         47.97505         -9.59756         -1.24611         -5.14092         -2.10335         51.18558
   29          0.00000         49.83508         -9.04433         -1.22023         -4.95625         -1.47727         52.70294
   30          0.00000         51.76527         -9.23494         -1.26003         -5.04990         -1.39542         54.69028
   31          0.00000         51.87940         -9.16036         -1.17219         -4.95901         -2.04995         54.90856
   32          0.00000         55.12188         -9.21556         -1.13095         -5.00931         -1.52041         58.19718
   33          0.00000         55.40097         -8.79858         -1.11019         -7.23503         -0.87078         55.85433
   34          0.00000         55.43729         -8.91956         -1.09634         -4.95172         -1.77806         58.30879
   35          0.00000         59.13796         -9.48646         -1.15754         -5.29939         -2.25355         62.16749
   36          0.00000         59.98073         -9.51169         -1.10986         -5.35034         -2.57456         63.03223
   37          0.00000         61.40686         -8.77856         -1.02163         -5.70126         -0.93364         63.46253
   38          0.00000         64.35120         -8.98650         -1.00723         -3.70152         -2.46389         68.62895
   39          0.00000         90.13423         -7.56707         -0.83103         -6.43507          0.98304         90.43521
   40          0.00000         91.77260         -7.67478         -0.76651         -6.44169          0.98862         92.23917
   41          0.00000         92.41069         -7.56258         -1.84663        -14.44220          5.15866         83.68444
   42          0.00000        120.69335         -8.32666         -2.68918        -27.92400         17.06196         98.40683
   43          0.00000        126.97406         -8.66247         -3.03012        -28.03922         22.82871        104.56719
   44          0.00000        128.73761         -9.11138         -3.43585        -29.87038         24.12259        104.54277

spin  1, k-point   32: (0.50000, 0.25000, 0.00000) 
----------------------------------------------------------------------------------------------------------------------------
State              occ             e_mf             v_xc            v_exx           ReSigc           ImSigc             e_qp
----------------------------------------------------------------------------------------------------------------------------
    1         48.00000         -2.97435        -10.78286        -16.69620          4.80180         -0.81497         -4.08590
    2         48.00000         -0.11319        -10.75862        -15.26044          3.41420         -0.46269         -1.20080
    3         48.00000          2.74018        -10.20217        -13.00660          1.73902         -0.10102          1.67477
    4         48.00000          4.09230        -10.71547        -13.29955          1.45812         -0.04015          2.96633
    5          0.00000          7.79491         -9.23311         -5.14843         -2.83491         -0.03661          9.04469
    6          0.00000         10.80480         -9.70230         -4.89931         -3.39866         -0.24868         12.20914
    7          0.00000         12.07366        -10.42696         -5.09412         -3.85987         -0.33024         13.54664
    8          0.00000         12.22203        -10.10495         -4.71226         -3.82488         -0.36015         13.78984
    9          0.00000         16.62803         -9.88834         -3.48883         -4.73116         -0.50399         18.29639
   10          0.00000         16.93489        -10.23800         -3.70899         -4.55168         -0.58107         18.91221
   11          0.00000         18.69745        -10.38554         -3.48921         -4.82486         -0.55257         20.76892
   12          0.00000         19.20729        -10.67409         -3.72329         -5.01903         -0.41276         21.13906
   13          0.00000         20.16649         -8.71576         -2.47730         -4.30832         -0.39793         22.09663
   14          0.00000         23.52916         -9.42698         -2.50020         -4.76497         -0.29901         25.69096
   15          0.00000         24.62465        -10.32080         -2.62976         -5.25714         -0.37950         27.05855
   16          0.00000         25.14351        -10.64522         -2.82047         -5.34017         -0.24013         27.62808
   17          0.00000         26.52451        -10.60537         -2.62328         -5.28490         -0.25482         29.22169
   18          0.00000         27.41065         -9.09568         -2.07639         -4.52112         -0.28229         29.90882
   19          0.00000         28.44336         -8.91966         -1.94395         -4.58487         -0.34327         30.83419
   20          0.00000         30.44391        -10.60718         -2.22756         -5.34123         -0.50562         33.48230
   21          0.00000         33.52064         -9.57002         -1.82539         -4.85737         -0.61268         36.40790
   22          0.00000         33.66438         -9.86523         -1.94254         -4.84367         -0.54772         36.74340
   23          0.00000         39.92940         -9.90116         -1.66565         -5.11950         -0.86912         43.04541
   24          0.00000         42.54854         -9.57132         -1.55555         -4.89867         -1.16587         45.66565
   25          0.00000         43.52044         -9.37025         -1.31188         -5.09133         -1.70471         46.48747
   26          0.00000         45.16827         -9.40523         -1.39278         -4.91996         -1.33281         48.26076
   27          0.00000         46.17905         -9.53152         -1.23606         -5.23440         -2.16183         49.24011
   28          0.00000         47.97505         -9.59756         -1.24611         -5.14092         -2.10335         51.18558
   29          0.00000         49.83508         -9.04433         -1.22023         -4.95625         -1.47727         52.70294
   30          0.00000         51.76527         -9.23494         -1.26003         -5.04990         -1.39542         54.69028
   31          0.00000         51.87940         -9.16036         -1.17219         -4.95901         -2.04995         54.90856
   32          0.00000         55.12188         -9.21556         -1.13095         -5.00931         -1.52041         58.19718
   33          0.00000         55.40097         -8.79858         -1.11019         -7.23503         -0.87078         55.85433
   34          0.00000         55.43729         -8.91956         -1.09634         -4.95172         -1.77806         58.30879
   35          0.00000         59.13796         -9.48646         -1.15754         -5.29939         -2.25355         62.16749
   36          0.00000         59.98073         -9.51169         -1.10986         -5.35034         -2.57456         63.03223
   37          0.00000         61.40686         -8.77856         -1.02163         -5.70126         -0.93364         63.46253
   38          0.00000         64.35120         -8.98650         -1.00723         -3.70152         -2.46389         68.62895
   39          0.00000         90.13423         -7.56707         -0.83103         -6.43507          0.98304         90.43521
   40          0.00000         91.77260         -7.67478         -0.76651         -6.44169          0.98862         92.23917
   41          0.00000         92.41069         -7.56258         -1.84663        -14.44220          5.15866         83.68444
   42          0.00000        120.69335         -8.32666         -2.68918        -27.92400         17.06196         98.40683
   43          0.00000        126.97406         -8.66247         -3.03012        -28.03922         22.82871        104.56719
   44          0.00000        128.73761         -9.11138         -3.43585        -29.87038         24.12259        104.54277

spin  1, k-point   33: (0.50000, 0.25000, 0.50000) 
----------------------------------------------------------------------------------------------------------------------------
State              occ             e_mf             v_xc            v_exx           ReSigc           ImSigc             e_qp
----------------------------------------------------------------------------------------------------------------------------
    1         48.00000         -2.97435        -10.78286        -16.69620          4.80180         -0.81497         -4.08590
    2         48.00000         -0.11319        -10.75862        -15.26044          3.41420         -0.46269         -1.20080
    3         48.00000          2.74018        -10.20217        -13.00660          1.73902         -0.10102          1.67477
    4         48.00000          4.09230        -10.71547        -13.29955          1.45812         -0.04015          2.96633
    5          0.00000          7.79491         -9.23311         -5.14843         -2.83491         -0.03661          9.04469
    6          0.00000         10.80480         -9.70230         -4.89931         -3.39866         -0.24868         12.20914
    7          0.00000         12.07366        -10.42696         -5.09412         -3.85987         -0.33024         13.54664
    8          0.00000         12.22203        -10.10495         -4.71226         -3.82488         -0.36015         13.78984
    9          0.00000         16.62803         -9.88834         -3.48883         -4.73116         -0.50399         18.29639
   10          0.00000         16.93489        -10.23800         -3.70899         -4.55168         -0.58107         18.91221
   11          0.00000         18.69745        -10.38554         -3.48921         -4.82486         -0.55257         20.76892
   12          0.00000         19.20729        -10.67409         -3.72329         -5.01903         -0.41276         21.13906
   13          0.00000         20.16649         -8.71576         -2.47730         -4.30832         -0.39793         22.09663
   14          0.00000         23.52916         -9.42698         -2.50020         -4.76497         -0.29901         25.69096
   15          0.00000         24.62465        -10.32080         -2.62976         -5.25714         -0.37950         27.05855
   16          0.00000         25.14351        -10.64522         -2.82047         -5.34017         -0.24013         27.62808
   17          0.00000         26.52451        -10.60537         -2.62328         -5.28490         -0.25482         29.22169
   18          0.00000         27.41065         -9.09568         -2.07639         -4.52112         -0.28229         29.90882
   19          0.00000         28.44336         -8.91966         -1.94395         -4.58487         -0.34327         30.83419
   20          0.00000         30.44391        -10.60718         -2.22756         -5.34123         -0.50562         33.48230
   21          0.00000         33.52064         -9.57002         -1.82539         -4.85737         -0.61268         36.40790
   22          0.00000         33.66438         -9.86523         -1.94254         -4.84367         -0.54772         36.74340
   23          0.00000         39.92940         -9.90116         -1.66565         -5.11950         -0.86912         43.04541
   24          0.00000         42.54854         -9.57132         -1.55555         -4.89867         -1.16587         45.66565
   25          0.00000         43.52044         -9.37025         -1.31188         -5.09133         -1.70471         46.48747
   26          0.00000         45.16827         -9.40523         -1.39278         -4.91996         -1.33281         48.26076
   27          0.00000         46.17905         -9.53152         -1.23606         -5.23440         -2.16183         49.24011
   28          0.00000         47.97505         -9.59756         -1.24611         -5.14092         -2.10335         51.18558
   29          0.00000         49.83508         -9.04433         -1.22023         -4.95625         -1.47727         52.70294
   30          0.00000         51.76527         -9.23494         -1.26003         -5.04990         -1.39542         54.69028
   31          0.00000         51.87940         -9.16036         -1.17219         -4.95901         -2.04995         54.90856
   32          0.00000         55.12188         -9.21556         -1.13095         -5.00931         -1.52041         58.19718
   33          0.00000         55.40097         -8.79858         -1.11019         -7.23503         -0.87078         55.85433
   34          0.00000         55.43729         -8.91956         -1.09634         -4.95172         -1.77806         58.30879
   35          0.00000         59.13796         -9.48646         -1.15754         -5.29939         -2.25355         62.16749
   36          0.00000         59.98073         -9.51169         -1.10986         -5.35034         -2.57456         63.03223
   37          0.00000         61.40686         -8.77856         -1.02163         -5.70126         -0.93364         63.46253
   38          0.00000         64.35120         -8.98650         -1.00723         -3.70152         -2.46389         68.62895
   39          0.00000         90.13423         -7.56707         -0.83103         -6.43507          0.98304         90.43521
   40          0.00000         91.77260         -7.67478         -0.76651         -6.44169          0.98862         92.23917
   41          0.00000         92.41069         -7.56258         -1.84663        -14.44220          5.15866         83.68444
   42          0.00000        120.69335         -8.32666         -2.68918        -27.92400         17.06196         98.40683
   43          0.00000        126.97406         -8.66247         -3.03012        -28.03922         22.82871        104.56719
   44          0.00000        128.73761         -9.11138         -3.43585        -29.87038         24.12259        104.54277

spin  1, k-point   34: (0.50000, 0.50000, 0.25000) 
----------------------------------------------------------------------------------------------------------------------------
State              occ             e_mf             v_xc            v_exx           ReSigc           ImSigc             e_qp
----------------------------------------------------------------------------------------------------------------------------
    1         48.00000         -2.97435        -10.78286        -16.69620          4.80180         -0.81497         -4.08590
    2         48.00000         -0.11319        -10.75862        -15.26044          3.41420         -0.46269         -1.20080
    3         48.00000          2.74018        -10.20217        -13.00660          1.73902         -0.10102          1.67477
    4         48.00000          4.09230        -10.71547        -13.29955          1.45812         -0.04015          2.96633
    5          0.00000          7.79491         -9.23311         -5.14843         -2.83491         -0.03661          9.04469
    6          0.00000         10.80480         -9.70230         -4.89931         -3.39866         -0.24868         12.20914
    7          0.00000         12.07366        -10.42696         -5.09412         -3.85987         -0.33024         13.54664
    8          0.00000         12.22203        -10.10495         -4.71226         -3.82488         -0.36015         13.78984
    9          0.00000         16.62803         -9.88834         -3.48883         -4.73116         -0.50399         18.29639
   10          0.00000         16.93489        -10.23800         -3.70899         -4.55168         -0.58107         18.91221
   11          0.00000         18.69745        -10.38554         -3.48921         -4.82486         -0.55257         20.76892
   12          0.00000         19.20729        -10.67409         -3.72329         -5.01903         -0.41276         21.13906
   13          0.00000         20.16649         -8.71576         -2.47730         -4.30832         -0.39793         22.09663
   14          0.00000         23.52916         -9.42698         -2.50020         -4.76497         -0.29901         25.69096
   15          0.00000         24.62465        -10.32080         -2.62976         -5.25714         -0.37950         27.05855
   16          0.00000         25.14351        -10.64522         -2.82047         -5.34017         -0.24013         27.62808
   17          0.00000         26.52451        -10.60537         -2.62328         -5.28490         -0.25482         29.22169
   18          0.00000         27.41065         -9.09568         -2.07639         -4.52112         -0.28229         29.90882
   19          0.00000         28.44336         -8.91966         -1.94395         -4.58487         -0.34327         30.83419
   20          0.00000         30.44391        -10.60718         -2.22756         -5.34123         -0.50562         33.48230
   21          0.00000         33.52064         -9.57002         -1.82539         -4.85737         -0.61268         36.40790
   22          0.00000         33.66438         -9.86523         -1.94254         -4.84367         -0.54772         36.74340
   23          0.00000         39.92940         -9.90116         -1.66565         -5.11950         -0.86912         43.04541
   24          0.00000         42.54854         -9.57132         -1.55555         -4.89867         -1.16587         45.66565
   25          0.00000         43.52044         -9.37025         -1.31188         -5.09133         -1.70471         46.48747
   26          0.00000         45.16827         -9.40523         -1.39278         -4.91996         -1.33281         48.26076
   27          0.00000         46.17905         -9.53152         -1.23606         -5.23440         -2.16183         49.24011
   28          0.00000         47.97505         -9.59756         -1.24611         -5.14092         -2.10335         51.18558
   29          0.00000         49.83508         -9.04433         -1.22023         -4.95625         -1.47727         52.70294
   30          0.00000         51.76527         -9.23494         -1.26003         -5.04990         -1.39542         54.69028
   31          0.00000         51.87940         -9.16036         -1.17219         -4.95901         -2.04995         54.90856
   32          0.00000         55.12188         -9.21556         -1.13095         -5.00931         -1.52041         58.19718
   33          0.00000         55.40097         -8.79858         -1.11019         -7.23503         -0.87078         55.85433
   34          0.00000         55.43729         -8.91956         -1.09634         -4.95172         -1.77806         58.30879
   35          0.00000         59.13796         -9.48646         -1.15754         -5.29939         -2.25355         62.16749
   36          0.00000         59.98073         -9.51169         -1.10986         -5.35034         -2.57456         63.03223
   37          0.00000         61.40686         -8.77856         -1.02163         -5.70126         -0.93364         63.46253
   38          0.00000         64.35120         -8.98650         -1.00723         -3.70152         -2.46389         68.62895
   39          0.00000         90.13423         -7.56707         -0.83103         -6.43507          0.98304         90.43521
   40          0.00000         91.77260         -7.67478         -0.76651         -6.44169          0.98862         92.23917
   41          0.00000         92.41069         -7.56258         -1.84663        -14.44220          5.15866         83.68444
   42          0.00000        120.69335         -8.32666         -2.68918        -27.92400         17.06196         98.40683
   43          0.00000        126.97406         -8.66247         -3.03012        -28.03922         22.82871        104.56719
   44          0.00000        128.73761         -9.11138         -3.43585        -29.87038         24.12259        104.54277

spin  1, k-point   35: (0.50000, 0.50000, 0.75000) 
----------------------------------------------------------------------------------------------------------------------------
State              occ             e_mf             v_xc            v_exx           ReSigc           ImSigc             e_qp
----------------------------------------------------------------------------------------------------------------------------
    1         48.00000         -2.97435        -10.78286        -16.69620          4.80180         -0.81497         -4.08590
    2         48.00000         -0.11319        -10.75862        -15.26044          3.41420         -0.46269         -1.20080
    3         48.00000          2.74018        -10.20217        -13.00660          1.73902         -0.10102          1.67477
    4         48.00000          4.09230        -10.71547        -13.29955          1.45812         -0.04015          2.96633
    5          0.00000          7.79491         -9.23311         -5.14843         -2.83491         -0.03661          9.04469
    6          0.00000         10.80480         -9.70230         -4.89931         -3.39866         -0.24868         12.20914
    7          0.00000         12.07366        -10.42696         -5.09412         -3.85987         -0.33024         13.54664
    8          0.00000         12.22203        -10.10495         -4.71226         -3.82488         -0.36015         13.78984
    9          0.00000         16.62803         -9.88834         -3.48883         -4.73116         -0.50399         18.29639
   10          0.00000         16.93489        -10.23800         -3.70899         -4.55168         -0.58107         18.91221
   11          0.00000         18.69745        -10.38554         -3.48921         -4.82486         -0.55257         20.76892
   12          0.00000         19.20729        -10.67409         -3.72329         -5.01903         -0.41276         21.13906
   13          0.00000         20.16649         -8.71576         -2.47730         -4.30832         -0.39793         22.09663
   14          0.00000         23.52916         -9.42698         -2.50020         -4.76497         -0.29901         25.69096
   15          0.00000         24.62465        -10.32080         -2.62976         -5.25714         -0.37950         27.05855
   16          0.00000         25.14351        -10.64522         -2.82047         -5.34017         -0.24013         27.62808
   17          0.00000         26.52451        -10.60537         -2.62328         -5.28490         -0.25482         29.22169
   18          0.00000         27.41065         -9.09568         -2.07639         -4.52112         -0.28229         29.90882
   19          0.00000         28.44336         -8.91966         -1.94395         -4.58487         -0.34327         30.83419
   20          0.00000         30.44391        -10.60718         -2.22756         -5.34123         -0.50562         33.48230
   21          0.00000         33.52064         -9.57002         -1.82539         -4.85737         -0.61268         36.40790
   22          0.00000         33.66438         -9.86523         -1.94254         -4.84367         -0.54772         36.74340
   23          0.00000         39.92940         -9.90116         -1.66565         -5.11950         -0.86912         43.04541
   24          0.00000         42.54854         -9.57132         -1.55555         -4.89867         -1.16587         45.66565
   25          0.00000         43.52044         -9.37025         -1.31188         -5.09133         -1.70471         46.48747
   26          0.00000         45.16827         -9.40523         -1.39278         -4.91996         -1.33281         48.26076
   27          0.00000         46.17905         -9.53152         -1.23606         -5.23440         -2.16183         49.24011
   28          0.00000         47.97505         -9.59756         -1.24611         -5.14092         -2.10335         51.18558
   29          0.00000         49.83508         -9.04433         -1.22023         -4.95625         -1.47727         52.70294
   30          0.00000         51.76527         -9.23494         -1.26003         -5.04990         -1.39542         54.69028
   31          0.00000         51.87940         -9.16036         -1.17219         -4.95901         -2.04995         54.90856
   32          0.00000         55.12188         -9.21556         -1.13095         -5.00931         -1.52041         58.19718
   33          0.00000         55.40097         -8.79858         -1.11019         -7.23503         -0.87078         55.85433
   34          0.00000         55.43729         -8.91956         -1.09634         -4.95172         -1.77806         58.30879
   35          0.00000         59.13796         -9.48646         -1.15754         -5.29939         -2.25355         62.16749
   36          0.00000         59.98073         -9.51169         -1.10986         -5.35034         -2.57456         63.03223
   37          0.00000         61.40686         -8.77856         -1.02163         -5.70126         -0.93364         63.46253
   38          0.00000         64.35120         -8.98650         -1.00723         -3.70152         -2.46389         68.62895
   39          0.00000         90.13423         -7.56707         -0.83103         -6.43507          0.98304         90.43521
   40          0.00000         91.77260         -7.67478         -0.76651         -6.44169          0.98862         92.23917
   41          0.00000         92.41069         -7.56258         -1.84663        -14.44220          5.15866         83.68444
   42          0.00000        120.69335         -8.32666         -2.68918        -27.92400         17.06196         98.40683
   43          0.00000        126.97406         -8.66247         -3.03012        -28.03922         22.82871        104.56719
   44          0.00000        128.73761         -9.11138         -3.43585        -29.87038         24.12259        104.54277

spin  1, k-point   36: (0.50000, 0.75000, 0.00000) 
----------------------------------------------------------------------------------------------------------------------------
State              occ             e_mf             v_xc            v_exx           ReSigc           ImSigc             e_qp
----------------------------------------------------------------------------------------------------------------------------
    1         48.00000         -2.97435        -10.78286        -16.69620          4.80180         -0.81497         -4.08590
    2         48.00000         -0.11319        -10.75862        -15.26044          3.41420         -0.46269         -1.20080
    3         48.00000          2.74018        -10.20217        -13.00660          1.73902         -0.10102          1.67477
    4         48.00000          4.09230        -10.71547        -13.29955          1.45812         -0.04015          2.96633
    5          0.00000          7.79491         -9.23311         -5.14843         -2.83491         -0.03661          9.04469
    6          0.00000         10.80480         -9.70230         -4.89931         -3.39866         -0.24868         12.20914
    7          0.00000         12.07366        -10.42696         -5.09412         -3.85987         -0.33024         13.54664
    8          0.00000         12.22203        -10.10495         -4.71226         -3.82488         -0.36015         13.78984
    9          0.00000         16.62803         -9.88834         -3.48883         -4.73116         -0.50399         18.29639
   10          0.00000         16.93489        -10.23800         -3.70899         -4.55168         -0.58107         18.91221
   11          0.00000         18.69745        -10.38554         -3.48921         -4.82486         -0.55257         20.76892
   12          0.00000         19.20729        -10.67409         -3.72329         -5.01903         -0.41276         21.13906
   13          0.00000         20.16649         -8.71576         -2.47730         -4.30832         -0.39793         22.09663
   14          0.00000         23.52916         -9.42698         -2.50020         -4.76497         -0.29901         25.69096
   15          0.00000         24.62465        -10.32080         -2.62976         -5.25714         -0.37950         27.05855
   16          0.00000         25.14351        -10.64522         -2.82047         -5.34017         -0.24013         27.62808
   17          0.00000         26.52451        -10.60537         -2.62328         -5.28490         -0.25482         29.22169
   18          0.00000         27.41065         -9.09568         -2.07639         -4.52112         -0.28229         29.90882
   19          0.00000         28.44336         -8.91966         -1.94395         -4.58487         -0.34327         30.83419
   20          0.00000         30.44391        -10.60718         -2.22756         -5.34123         -0.50562         33.48230
   21          0.00000         33.52064         -9.57002         -1.82539         -4.85737         -0.61268         36.40790
   22          0.00000         33.66438         -9.86523         -1.94254         -4.84367         -0.54772         36.74340
   23          0.00000         39.92940         -9.90116         -1.66565         -5.11950         -0.86912         43.04541
   24          0.00000         42.54854         -9.57132         -1.55555         -4.89867         -1.16587         45.66565
   25          0.00000         43.52044         -9.37025         -1.31188         -5.09133         -1.70471         46.48747
   26          0.00000         45.16827         -9.40523         -1.39278         -4.91996         -1.33281         48.26076
   27          0.00000         46.17905         -9.53152         -1.23606         -5.23440         -2.16183         49.24011
   28          0.00000         47.97505         -9.59756         -1.24611         -5.14092         -2.10335         51.18558
   29          0.00000         49.83508         -9.04433         -1.22023         -4.95625         -1.47727         52.70294
   30          0.00000         51.76527         -9.23494         -1.26003         -5.04990         -1.39542         54.69028
   31          0.00000         51.87940         -9.16036         -1.17219         -4.95901         -2.04995         54.90856
   32          0.00000         55.12188         -9.21556         -1.13095         -5.00931         -1.52041         58.19718
   33          0.00000         55.40097         -8.79858         -1.11019         -7.23503         -0.87078         55.85433
   34          0.00000         55.43729         -8.91956         -1.09634         -4.95172         -1.77806         58.30879
   35          0.00000         59.13796         -9.48646         -1.15754         -5.29939         -2.25355         62.16749
   36          0.00000         59.98073         -9.51169         -1.10986         -5.35034         -2.57456         63.03223
   37          0.00000         61.40686         -8.77856         -1.02163         -5.70126         -0.93364         63.46253
   38          0.00000         64.35120         -8.98650         -1.00723         -3.70152         -2.46389         68.62895
   39          0.00000         90.13423         -7.56707         -0.83103         -6.43507          0.98304         90.43521
   40          0.00000         91.77260         -7.67478         -0.76651         -6.44169          0.98862         92.23917
   41          0.00000         92.41069         -7.56258         -1.84663        -14.44220          5.15866         83.68444
   42          0.00000        120.69335         -8.32666         -2.68918        -27.92400         17.06196         98.40683
   43          0.00000        126.97406         -8.66247         -3.03012        -28.03922         22.82871        104.56719
   44          0.00000        128.73761         -9.11138         -3.43585        -29.87038         24.12259        104.54277

spin  1, k-point   37: (0.50000, 0.75000, 0.50000) 
----------------------------------------------------------------------------------------------------------------------------
State              occ             e_mf             v_xc            v_exx           ReSigc           ImSigc             e_qp
----------------------------------------------------------------------------------------------------------------------------
    1         48.00000         -2.97435        -10.78286        -16.69620          4.80180         -0.81497         -4.08590
    2         48.00000         -0.11319        -10.75862        -15.26044          3.41420         -0.46269         -1.20080
    3         48.00000          2.74018        -10.20217        -13.00660          1.73902         -0.10102          1.67477
    4         48.00000          4.09230        -10.71547        -13.29955          1.45812         -0.04015          2.96633
    5          0.00000          7.79491         -9.23311         -5.14843         -2.83491         -0.03661          9.04469
    6          0.00000         10.80480         -9.70230         -4.89931         -3.39866         -0.24868         12.20914
    7          0.00000         12.07366        -10.42696         -5.09412         -3.85987         -0.33024         13.54664
    8          0.00000         12.22203        -10.10495         -4.71226         -3.82488         -0.36015         13.78984
    9          0.00000         16.62803         -9.88834         -3.48883         -4.73116         -0.50399         18.29639
   10          0.00000         16.93489        -10.23800         -3.70899         -4.55168         -0.58107         18.91221
   11          0.00000         18.69745        -10.38554         -3.48921         -4.82486         -0.55257         20.76892
   12          0.00000         19.20729        -10.67409         -3.72329         -5.01903         -0.41276         21.13906
   13          0.00000         20.16649         -8.71576         -2.47730         -4.30832         -0.39793         22.09663
   14          0.00000         23.52916         -9.42698         -2.50020         -4.76497         -0.29901         25.69096
   15          0.00000         24.62465        -10.32080         -2.62976         -5.25714         -0.37950         27.05855
   16          0.00000         25.14351        -10.64522         -2.82047         -5.34017         -0.24013         27.62808
   17          0.00000         26.52451        -10.60537         -2.62328         -5.28490         -0.25482         29.22169
   18          0.00000         27.41065         -9.09568         -2.07639         -4.52112         -0.28229         29.90882
   19          0.00000         28.44336         -8.91966         -1.94395         -4.58487         -0.34327         30.83419
   20          0.00000         30.44391        -10.60718         -2.22756         -5.34123         -0.50562         33.48230
   21          0.00000         33.52064         -9.57002         -1.82539         -4.85737         -0.61268         36.40790
   22          0.00000         33.66438         -9.86523         -1.94254         -4.84367         -0.54772         36.74340
   23          0.00000         39.92940         -9.90116         -1.66565         -5.11950         -0.86912         43.04541
   24          0.00000         42.54854         -9.57132         -1.55555         -4.89867         -1.16587         45.66565
   25          0.00000         43.52044         -9.37025         -1.31188         -5.09133         -1.70471         46.48747
   26          0.00000         45.16827         -9.40523         -1.39278         -4.91996         -1.33281         48.26076
   27          0.00000         46.17905         -9.53152         -1.23606         -5.23440         -2.16183         49.24011
   28          0.00000         47.97505         -9.59756         -1.24611         -5.14092         -2.10335         51.18558
   29          0.00000         49.83508         -9.04433         -1.22023         -4.95625         -1.47727         52.70294
   30          0.00000         51.76527         -9.23494         -1.26003         -5.04990         -1.39542         54.69028
   31          0.00000         51.87940         -9.16036         -1.17219         -4.95901         -2.04995         54.90856
   32          0.00000         55.12188         -9.21556         -1.13095         -5.00931         -1.52041         58.19718
   33          0.00000         55.40097         -8.79858         -1.11019         -7.23503         -0.87078         55.85433
   34          0.00000         55.43729         -8.91956         -1.09634         -4.95172         -1.77806         58.30879
   35          0.00000         59.13796         -9.48646         -1.15754         -5.29939         -2.25355         62.16749
   36          0.00000         59.98073         -9.51169         -1.10986         -5.35034         -2.57456         63.03223
   37          0.00000         61.40686         -8.77856         -1.02163         -5.70126         -0.93364         63.46253
   38          0.00000         64.35120         -8.98650         -1.00723         -3.70152         -2.46389         68.62895
   39          0.00000         90.13423         -7.56707         -0.83103         -6.43507          0.98304         90.43521
   40          0.00000         91.77260         -7.67478         -0.76651         -6.44169          0.98862         92.23917
   41          0.00000         92.41069         -7.56258         -1.84663        -14.44220          5.15866         83.68444
   42          0.00000        120.69335         -8.32666         -2.68918        -27.92400         17.06196         98.40683
   43          0.00000        126.97406         -8.66247         -3.03012        -28.03922         22.82871        104.56719
   44          0.00000        128.73761         -9.11138         -3.43585        -29.87038         24.12259        104.54277

spin  1, k-point   38: (0.75000, 0.00000, 0.50000) 
----------------------------------------------------------------------------------------------------------------------------
State              occ             e_mf             v_xc            v_exx           ReSigc           ImSigc             e_qp
----------------------------------------------------------------------------------------------------------------------------
    1         48.00000         -2.97435        -10.78286        -16.69620          4.80180         -0.81497         -4.08590
    2         48.00000         -0.11319        -10.75862        -15.26044          3.41420         -0.46269         -1.20080
    3         48.00000          2.74018        -10.20217        -13.00660          1.73902         -0.10102          1.67477
    4         48.00000          4.09230        -10.71547        -13.29955          1.45812         -0.04015          2.96633
    5          0.00000          7.79491         -9.23311         -5.14843         -2.83491         -0.03661          9.04469
    6          0.00000         10.80480         -9.70230         -4.89931         -3.39866         -0.24868         12.20914
    7          0.00000         12.07366        -10.42696         -5.09412         -3.85987         -0.33024         13.54664
    8          0.00000         12.22203        -10.10495         -4.71226         -3.82488         -0.36015         13.78984
    9          0.00000         16.62803         -9.88834         -3.48883         -4.73116         -0.50399         18.29639
   10          0.00000         16.93489        -10.23800         -3.70899         -4.55168         -0.58107         18.91221
   11          0.00000         18.69745        -10.38554         -3.48921         -4.82486         -0.55257         20.76892
   12          0.00000         19.20729        -10.67409         -3.72329         -5.01903         -0.41276         21.13906
   13          0.00000         20.16649         -8.71576         -2.47730         -4.30832         -0.39793         22.09663
   14          0.00000         23.52916         -9.42698         -2.50020         -4.76497         -0.29901         25.69096
   15          0.00000         24.62465        -10.32080         -2.62976         -5.25714         -0.37950         27.05855
   16          0.00000         25.14351        -10.64522         -2.82047         -5.34017         -0.24013         27.62808
   17          0.00000         26.52451        -10.60537         -2.62328         -5.28490         -0.25482         29.22169
   18          0.00000         27.41065         -9.09568         -2.07639         -4.52112         -0.28229         29.90882
   19          0.00000         28.44336         -8.91966         -1.94395         -4.58487         -0.34327         30.83419
   20          0.00000         30.44391        -10.60718         -2.22756         -5.34123         -0.50562         33.48230
   21          0.00000         33.52064         -9.57002         -1.82539         -4.85737         -0.61268         36.40790
   22          0.00000         33.66438         -9.86523         -1.94254         -4.84367         -0.54772         36.74340
   23          0.00000         39.92940         -9.90116         -1.66565         -5.11950         -0.86912         43.04541
   24          0.00000         42.54854         -9.57132         -1.55555         -4.89867         -1.16587         45.66565
   25          0.00000         43.52044         -9.37025         -1.31188         -5.09133         -1.70471         46.48747
   26          0.00000         45.16827         -9.40523         -1.39278         -4.91996         -1.33281         48.26076
   27          0.00000         46.17905         -9.53152         -1.23606         -5.23440         -2.16183         49.24011
   28          0.00000         47.97505         -9.59756         -1.24611         -5.14092         -2.10335         51.18558
   29          0.00000         49.83508         -9.04433         -1.22023         -4.95625         -1.47727         52.70294
   30          0.00000         51.76527         -9.23494         -1.26003         -5.04990         -1.39542         54.69028
   31          0.00000         51.87940         -9.16036         -1.17219         -4.95901         -2.04995         54.90856
   32          0.00000         55.12188         -9.21556         -1.13095         -5.00931         -1.52041         58.19718
   33          0.00000         55.40097         -8.79858         -1.11019         -7.23503         -0.87078         55.85433
   34          0.00000         55.43729         -8.91956         -1.09634         -4.95172         -1.77806         58.30879
   35          0.00000         59.13796         -9.48646         -1.15754         -5.29939         -2.25355         62.16749
   36          0.00000         59.98073         -9.51169         -1.10986         -5.35034         -2.57456         63.03223
   37          0.00000         61.40686         -8.77856         -1.02163         -5.70126         -0.93364         63.46253
   38          0.00000         64.35120         -8.98650         -1.00723         -3.70152         -2.46389         68.62895
   39          0.00000         90.13423         -7.56707         -0.83103         -6.43507          0.98304         90.43521
   40          0.00000         91.77260         -7.67478         -0.76651         -6.44169          0.98862         92.23917
   41          0.00000         92.41069         -7.56258         -1.84663        -14.44220          5.15866         83.68444
   42          0.00000        120.69335         -8.32666         -2.68918        -27.92400         17.06196         98.40683
   43          0.00000        126.97406         -8.66247         -3.03012        -28.03922         22.82871        104.56719
   44          0.00000        128.73761         -9.11138         -3.43585        -29.87038         24.12259        104.54277

spin  1, k-point   39: (0.75000, 0.25000, 0.25000) 
----------------------------------------------------------------------------------------------------------------------------
State              occ             e_mf             v_xc            v_exx           ReSigc           ImSigc             e_qp
----------------------------------------------------------------------------------------------------------------------------
    1         48.00000         -2.97435        -10.78286        -16.69620          4.80180         -0.81497         -4.08590
    2         48.00000         -0.11319        -10.75862        -15.26044          3.41420         -0.46269         -1.20080
    3         48.00000          2.74018        -10.20217        -13.00660          1.73902         -0.10102          1.67477
    4         48.00000          4.09230        -10.71547        -13.29955          1.45812         -0.04015          2.96633
    5          0.00000          7.79491         -9.23311         -5.14843         -2.83491         -0.03661          9.04469
    6          0.00000         10.80480         -9.70230         -4.89931         -3.39866         -0.24868         12.20914
    7          0.00000         12.07366        -10.42696         -5.09412         -3.85987         -0.33024         13.54664
    8          0.00000         12.22203        -10.10495         -4.71226         -3.82488         -0.36015         13.78984
    9          0.00000         16.62803         -9.88834         -3.48883         -4.73116         -0.50399         18.29639
   10          0.00000         16.93489        -10.23800         -3.70899         -4.55168         -0.58107         18.91221
   11          0.00000         18.69745        -10.38554         -3.48921         -4.82486         -0.55257         20.76892
   12          0.00000         19.20729        -10.67409         -3.72329         -5.01903         -0.41276         21.13906
   13          0.00000         20.16649         -8.71576         -2.47730         -4.30832         -0.39793         22.09663
   14          0.00000         23.52916         -9.42698         -2.50020         -4.76497         -0.29901         25.69096
   15          0.00000         24.62465        -10.32080         -2.62976         -5.25714         -0.37950         27.05855
   16          0.00000         25.14351        -10.64522         -2.82047         -5.34017         -0.24013         27.62808
   17          0.00000         26.52451        -10.60537         -2.62328         -5.28490         -0.25482         29.22169
   18          0.00000         27.41065         -9.09568         -2.07639         -4.52112         -0.28229         29.90882
   19          0.00000         28.44336         -8.91966         -1.94395         -4.58487         -0.34327         30.83419
   20          0.00000         30.44391        -10.60718         -2.22756         -5.34123         -0.50562         33.48230
   21          0.00000         33.52064         -9.57002         -1.82539         -4.85737         -0.61268         36.40790
   22          0.00000         33.66438         -9.86523         -1.94254         -4.84367         -0.54772         36.74340
   23          0.00000         39.92940         -9.90116         -1.66565         -5.11950         -0.86912         43.04541
   24          0.00000         42.54854         -9.57132         -1.55555         -4.89867         -1.16587         45.66565
   25          0.00000         43.52044         -9.37025         -1.31188         -5.09133         -1.70471         46.48747
   26          0.00000         45.16827         -9.40523         -1.39278         -4.91996         -1.33281         48.26076
   27          0.00000         46.17905         -9.53152         -1.23606         -5.23440         -2.16183         49.24011
   28          0.00000         47.97505         -9.59756         -1.24611         -5.14092         -2.10335         51.18558
   29          0.00000         49.83508         -9.04433         -1.22023         -4.95625         -1.47727         52.70294
   30          0.00000         51.76527         -9.23494         -1.26003         -5.04990         -1.39542         54.69028
   31          0.00000         51.87940         -9.16036         -1.17219         -4.95901         -2.04995         54.90856
   32          0.00000         55.12188         -9.21556         -1.13095         -5.00931         -1.52041         58.19718
   33          0.00000         55.40097         -8.79858         -1.11019         -7.23503         -0.87078         55.85433
   34          0.00000         55.43729         -8.91956         -1.09634         -4.95172         -1.77806         58.30879
   35          0.00000         59.13796         -9.48646         -1.15754         -5.29939         -2.25355         62.16749
   36          0.00000         59.98073         -9.51169         -1.10986         -5.35034         -2.57456         63.03223
   37          0.00000         61.40686         -8.77856         -1.02163         -5.70126         -0.93364         63.46253
   38          0.00000         64.35120         -8.98650         -1.00723         -3.70152         -2.46389         68.62895
   39          0.00000         90.13423         -7.56707         -0.83103         -6.43507          0.98304         90.43521
   40          0.00000         91.77260         -7.67478         -0.76651         -6.44169          0.98862         92.23917
   41          0.00000         92.41069         -7.56258         -1.84663        -14.44220          5.15866         83.68444
   42          0.00000        120.69335         -8.32666         -2.68918        -27.92400         17.06196         98.40683
   43          0.00000        126.97406         -8.66247         -3.03012        -28.03922         22.82871        104.56719
   44          0.00000        128.73761         -9.11138         -3.43585        -29.87038         24.12259        104.54277

spin  1, k-point   40: (0.75000, 0.25000, 0.75000) 
----------------------------------------------------------------------------------------------------------------------------
State              occ             e_mf             v_xc            v_exx           ReSigc           ImSigc             e_qp
----------------------------------------------------------------------------------------------------------------------------
    1         48.00000         -2.97435        -10.78286        -16.69620          4.80180         -0.81497         -4.08590
    2         48.00000         -0.11319        -10.75862        -15.26044          3.41420         -0.46269         -1.20080
    3         48.00000          2.74018        -10.20217        -13.00660          1.73902         -0.10102          1.67477
    4         48.00000          4.09230        -10.71547        -13.29955          1.45812         -0.04015          2.96633
    5          0.00000          7.79491         -9.23311         -5.14843         -2.83491         -0.03661          9.04469
    6          0.00000         10.80480         -9.70230         -4.89931         -3.39866         -0.24868         12.20914
    7          0.00000         12.07366        -10.42696         -5.09412         -3.85987         -0.33024         13.54664
    8          0.00000         12.22203        -10.10495         -4.71226         -3.82488         -0.36015         13.78984
    9          0.00000         16.62803         -9.88834         -3.48883         -4.73116         -0.50399         18.29639
   10          0.00000         16.93489        -10.23800         -3.70899         -4.55168         -0.58107         18.91221
   11          0.00000         18.69745        -10.38554         -3.48921         -4.82486         -0.55257         20.76892
   12          0.00000         19.20729        -10.67409         -3.72329         -5.01903         -0.41276         21.13906
   13          0.00000         20.16649         -8.71576         -2.47730         -4.30832         -0.39793         22.09663
   14          0.00000         23.52916         -9.42698         -2.50020         -4.76497         -0.29901         25.69096
   15          0.00000         24.62465        -10.32080         -2.62976         -5.25714         -0.37950         27.05855
   16          0.00000         25.14351        -10.64522         -2.82047         -5.34017         -0.24013         27.62808
   17          0.00000         26.52451        -10.60537         -2.62328         -5.28490         -0.25482         29.22169
   18          0.00000         27.41065         -9.09568         -2.07639         -4.52112         -0.28229         29.90882
   19          0.00000         28.44336         -8.91966         -1.94395         -4.58487         -0.34327         30.83419
   20          0.00000         30.44391        -10.60718         -2.22756         -5.34123         -0.50562         33.48230
   21          0.00000         33.52064         -9.57002         -1.82539         -4.85737         -0.61268         36.40790
   22          0.00000         33.66438         -9.86523         -1.94254         -4.84367         -0.54772         36.74340
   23          0.00000         39.92940         -9.90116         -1.66565         -5.11950         -0.86912         43.04541
   24          0.00000         42.54854         -9.57132         -1.55555         -4.89867         -1.16587         45.66565
   25          0.00000         43.52044         -9.37025         -1.31188         -5.09133         -1.70471         46.48747
   26          0.00000         45.16827         -9.40523         -1.39278         -4.91996         -1.33281         48.26076
   27          0.00000         46.17905         -9.53152         -1.23606         -5.23440         -2.16183         49.24011
   28          0.00000         47.97505         -9.59756         -1.24611         -5.14092         -2.10335         51.18558
   29          0.00000         49.83508         -9.04433         -1.22023         -4.95625         -1.47727         52.70294
   30          0.00000         51.76527         -9.23494         -1.26003         -5.04990         -1.39542         54.69028
   31          0.00000         51.87940         -9.16036         -1.17219         -4.95901         -2.04995         54.90856
   32          0.00000         55.12188         -9.21556         -1.13095         -5.00931         -1.52041         58.19718
   33          0.00000         55.40097         -8.79858         -1.11019         -7.23503         -0.87078         55.85433
   34          0.00000         55.43729         -8.91956         -1.09634         -4.95172         -1.77806         58.30879
   35          0.00000         59.13796         -9.48646         -1.15754         -5.29939         -2.25355         62.16749
   36          0.00000         59.98073         -9.51169         -1.10986         -5.35034         -2.57456         63.03223
   37          0.00000         61.40686         -8.77856         -1.02163         -5.70126         -0.93364         63.46253
   38          0.00000         64.35120         -8.98650         -1.00723         -3.70152         -2.46389         68.62895
   39          0.00000         90.13423         -7.56707         -0.83103         -6.43507          0.98304         90.43521
   40          0.00000         91.77260         -7.67478         -0.76651         -6.44169          0.98862         92.23917
   41          0.00000         92.41069         -7.56258         -1.84663        -14.44220          5.15866         83.68444
   42          0.00000        120.69335         -8.32666         -2.68918        -27.92400         17.06196         98.40683
   43          0.00000        126.97406         -8.66247         -3.03012        -28.03922         22.82871        104.56719
   44          0.00000        128.73761         -9.11138         -3.43585        -29.87038         24.12259        104.54277

spin  1, k-point   41: (0.75000, 0.50000, 0.00000) 
----------------------------------------------------------------------------------------------------------------------------
State              occ             e_mf             v_xc            v_exx           ReSigc           ImSigc             e_qp
----------------------------------------------------------------------------------------------------------------------------
    1         48.00000         -2.97435        -10.78286        -16.69620          4.80180         -0.81497         -4.08590
    2         48.00000         -0.11319        -10.75862        -15.26044          3.41420         -0.46269         -1.20080
    3         48.00000          2.74018        -10.20217        -13.00660          1.73902         -0.10102          1.67477
    4         48.00000          4.09230        -10.71547        -13.29955          1.45812         -0.04015          2.96633
    5          0.00000          7.79491         -9.23311         -5.14843         -2.83491         -0.03661          9.04469
    6          0.00000         10.80480         -9.70230         -4.89931         -3.39866         -0.24868         12.20914
    7          0.00000         12.07366        -10.42696         -5.09412         -3.85987         -0.33024         13.54664
    8          0.00000         12.22203        -10.10495         -4.71226         -3.82488         -0.36015         13.78984
    9          0.00000         16.62803         -9.88834         -3.48883         -4.73116         -0.50399         18.29639
   10          0.00000         16.93489        -10.23800         -3.70899         -4.55168         -0.58107         18.91221
   11          0.00000         18.69745        -10.38554         -3.48921         -4.82486         -0.55257         20.76892
   12          0.00000         19.20729        -10.67409         -3.72329         -5.01903         -0.41276         21.13906
   13          0.00000         20.16649         -8.71576         -2.47730         -4.30832         -0.39793         22.09663
   14          0.00000         23.52916         -9.42698         -2.50020         -4.76497         -0.29901         25.69096
   15          0.00000         24.62465        -10.32080         -2.62976         -5.25714         -0.37950         27.05855
   16          0.00000         25.14351        -10.64522         -2.82047         -5.34017         -0.24013         27.62808
   17          0.00000         26.52451        -10.60537         -2.62328         -5.28490         -0.25482         29.22169
   18          0.00000         27.41065         -9.09568         -2.07639         -4.52112         -0.28229         29.90882
   19          0.00000         28.44336         -8.91966         -1.94395         -4.58487         -0.34327         30.83419
   20          0.00000         30.44391        -10.60718         -2.22756         -5.34123         -0.50562         33.48230
   21          0.00000         33.52064         -9.57002         -1.82539         -4.85737         -0.61268         36.40790
   22          0.00000         33.66438         -9.86523         -1.94254         -4.84367         -0.54772         36.74340
   23          0.00000         39.92940         -9.90116         -1.66565         -5.11950         -0.86912         43.04541
   24          0.00000         42.54854         -9.57132         -1.55555         -4.89867         -1.16587         45.66565
   25          0.00000         43.52044         -9.37025         -1.31188         -5.09133         -1.70471         46.48747
   26          0.00000         45.16827         -9.40523         -1.39278         -4.91996         -1.33281         48.26076
   27          0.00000         46.17905         -9.53152         -1.23606         -5.23440         -2.16183         49.24011
   28          0.00000         47.97505         -9.59756         -1.24611         -5.14092         -2.10335         51.18558
   29          0.00000         49.83508         -9.04433         -1.22023         -4.95625         -1.47727         52.70294
   30          0.00000         51.76527         -9.23494         -1.26003         -5.04990         -1.39542         54.69028
   31          0.00000         51.87940         -9.16036         -1.17219         -4.95901         -2.04995         54.90856
   32          0.00000         55.12188         -9.21556         -1.13095         -5.00931         -1.52041         58.19718
   33          0.00000         55.40097         -8.79858         -1.11019         -7.23503         -0.87078         55.85433
   34          0.00000         55.43729         -8.91956         -1.09634         -4.95172         -1.77806         58.30879
   35          0.00000         59.13796         -9.48646         -1.15754         -5.29939         -2.25355         62.16749
   36          0.00000         59.98073         -9.51169         -1.10986         -5.35034         -2.57456         63.03223
   37          0.00000         61.40686         -8.77856         -1.02163         -5.70126         -0.93364         63.46253
   38          0.00000         64.35120         -8.98650         -1.00723         -3.70152         -2.46389         68.62895
   39          0.00000         90.13423         -7.56707         -0.83103         -6.43507          0.98304         90.43521
   40          0.00000         91.77260         -7.67478         -0.76651         -6.44169          0.98862         92.23917
   41          0.00000         92.41069         -7.56258         -1.84663        -14.44220          5.15866         83.68444
   42          0.00000        120.69335         -8.32666         -2.68918        -27.92400         17.06196         98.40683
   43          0.00000        126.97406         -8.66247         -3.03012        -28.03922         22.82871        104.56719
   44          0.00000        128.73761         -9.11138         -3.43585        -29.87038         24.12259        104.54277

spin  1, k-point   42: (0.75000, 0.50000, 0.50000) 
----------------------------------------------------------------------------------------------------------------------------
State              occ             e_mf             v_xc            v_exx           ReSigc           ImSigc             e_qp
----------------------------------------------------------------------------------------------------------------------------
    1         48.00000         -2.97435        -10.78286        -16.69620          4.80180         -0.81497         -4.08590
    2         48.00000         -0.11319        -10.75862        -15.26044          3.41420         -0.46269         -1.20080
    3         48.00000          2.74018        -10.20217        -13.00660          1.73902         -0.10102          1.67477
    4         48.00000          4.09230        -10.71547        -13.29955          1.45812         -0.04015          2.96633
    5          0.00000          7.79491         -9.23311         -5.14843         -2.83491         -0.03661          9.04469
    6          0.00000         10.80480         -9.70230         -4.89931         -3.39866         -0.24868         12.20914
    7          0.00000         12.07366        -10.42696         -5.09412         -3.85987         -0.33024         13.54664
    8          0.00000         12.22203        -10.10495         -4.71226         -3.82488         -0.36015         13.78984
    9          0.00000         16.62803         -9.88834         -3.48883         -4.73116         -0.50399         18.29639
   10          0.00000         16.93489        -10.23800         -3.70899         -4.55168         -0.58107         18.91221
   11          0.00000         18.69745        -10.38554         -3.48921         -4.82486         -0.55257         20.76892
   12          0.00000         19.20729        -10.67409         -3.72329         -5.01903         -0.41276         21.13906
   13          0.00000         20.16649         -8.71576         -2.47730         -4.30832         -0.39793         22.09663
   14          0.00000         23.52916         -9.42698         -2.50020         -4.76497         -0.29901         25.69096
   15          0.00000         24.62465        -10.32080         -2.62976         -5.25714         -0.37950         27.05855
   16          0.00000         25.14351        -10.64522         -2.82047         -5.34017         -0.24013         27.62808
   17          0.00000         26.52451        -10.60537         -2.62328         -5.28490         -0.25482         29.22169
   18          0.00000         27.41065         -9.09568         -2.07639         -4.52112         -0.28229         29.90882
   19          0.00000         28.44336         -8.91966         -1.94395         -4.58487         -0.34327         30.83419
   20          0.00000         30.44391        -10.60718         -2.22756         -5.34123         -0.50562         33.48230
   21          0.00000         33.52064         -9.57002         -1.82539         -4.85737         -0.61268         36.40790
   22          0.00000         33.66438         -9.86523         -1.94254         -4.84367         -0.54772         36.74340
   23          0.00000         39.92940         -9.90116         -1.66565         -5.11950         -0.86912         43.04541
   24          0.00000         42.54854         -9.57132         -1.55555         -4.89867         -1.16587         45.66565
   25          0.00000         43.52044         -9.37025         -1.31188         -5.09133         -1.70471         46.48747
   26          0.00000         45.16827         -9.40523         -1.39278         -4.91996         -1.33281         48.26076
   27          0.00000         46.17905         -9.53152         -1.23606         -5.23440         -2.16183         49.24011
   28          0.00000         47.97505         -9.59756         -1.24611         -5.14092         -2.10335         51.18558
   29          0.00000         49.83508         -9.04433         -1.22023         -4.95625         -1.47727         52.70294
   30          0.00000         51.76527         -9.23494         -1.26003         -5.04990         -1.39542         54.69028
   31          0.00000         51.87940         -9.16036         -1.17219         -4.95901         -2.04995         54.90856
   32          0.00000         55.12188         -9.21556         -1.13095         -5.00931         -1.52041         58.19718
   33          0.00000         55.40097         -8.79858         -1.11019         -7.23503         -0.87078         55.85433
   34          0.00000         55.43729         -8.91956         -1.09634         -4.95172         -1.77806         58.30879
   35          0.00000         59.13796         -9.48646         -1.15754         -5.29939         -2.25355         62.16749
   36          0.00000         59.98073         -9.51169         -1.10986         -5.35034         -2.57456         63.03223
   37          0.00000         61.40686         -8.77856         -1.02163         -5.70126         -0.93364         63.46253
   38          0.00000         64.35120         -8.98650         -1.00723         -3.70152         -2.46389         68.62895
   39          0.00000         90.13423         -7.56707         -0.83103         -6.43507          0.98304         90.43521
   40          0.00000         91.77260         -7.67478         -0.76651         -6.44169          0.98862         92.23917
   41          0.00000         92.41069         -7.56258         -1.84663        -14.44220          5.15866         83.68444
   42          0.00000        120.69335         -8.32666         -2.68918        -27.92400         17.06196         98.40683
   43          0.00000        126.97406         -8.66247         -3.03012        -28.03922         22.82871        104.56719
   44          0.00000        128.73761         -9.11138         -3.43585        -29.87038         24.12259        104.54277

spin  1, k-point   43: (0.75000, 0.75000, 0.25000) 
----------------------------------------------------------------------------------------------------------------------------
State              occ             e_mf             v_xc            v_exx           ReSigc           ImSigc             e_qp
----------------------------------------------------------------------------------------------------------------------------
    1         48.00000         -2.97435        -10.78286        -16.69620          4.80180         -0.81497         -4.08590
    2         48.00000         -0.11319        -10.75862        -15.26044          3.41420         -0.46269         -1.20080
    3         48.00000          2.74018        -10.20217        -13.00660          1.73902         -0.10102          1.67477
    4         48.00000          4.09230        -10.71547        -13.29955          1.45812         -0.04015          2.96633
    5          0.00000          7.79491         -9.23311         -5.14843         -2.83491         -0.03661          9.04469
    6          0.00000         10.80480         -9.70230         -4.89931         -3.39866         -0.24868         12.20914
    7          0.00000         12.07366        -10.42696         -5.09412         -3.85987         -0.33024         13.54664
    8          0.00000         12.22203        -10.10495         -4.71226         -3.82488         -0.36015         13.78984
    9          0.00000         16.62803         -9.88834         -3.48883         -4.73116         -0.50399         18.29639
   10          0.00000         16.93489        -10.23800         -3.70899         -4.55168         -0.58107         18.91221
   11          0.00000         18.69745        -10.38554         -3.48921         -4.82486         -0.55257         20.76892
   12          0.00000         19.20729        -10.67409         -3.72329         -5.01903         -0.41276         21.13906
   13          0.00000         20.16649         -8.71576         -2.47730         -4.30832         -0.39793         22.09663
   14          0.00000         23.52916         -9.42698         -2.50020         -4.76497         -0.29901         25.69096
   15          0.00000         24.62465        -10.32080         -2.62976         -5.25714         -0.37950         27.05855
   16          0.00000         25.14351        -10.64522         -2.82047         -5.34017         -0.24013         27.62808
   17          0.00000         26.52451        -10.60537         -2.62328         -5.28490         -0.25482         29.22169
   18          0.00000         27.41065         -9.09568         -2.07639         -4.52112         -0.28229         29.90882
   19          0.00000         28.44336         -8.91966         -1.94395         -4.58487         -0.34327         30.83419
   20          0.00000         30.44391        -10.60718         -2.22756         -5.34123         -0.50562         33.48230
   21          0.00000         33.52064         -9.57002         -1.82539         -4.85737         -0.61268         36.40790
   22          0.00000         33.66438         -9.86523         -1.94254         -4.84367         -0.54772         36.74340
   23          0.00000         39.92940         -9.90116         -1.66565         -5.11950         -0.86912         43.04541
   24          0.00000         42.54854         -9.57132         -1.55555         -4.89867         -1.16587         45.66565
   25          0.00000         43.52044         -9.37025         -1.31188         -5.09133         -1.70471         46.48747
   26          0.00000         45.16827         -9.40523         -1.39278         -4.91996         -1.33281         48.26076
   27          0.00000         46.17905         -9.53152         -1.23606         -5.23440         -2.16183         49.24011
   28          0.00000         47.97505         -9.59756         -1.24611         -5.14092         -2.10335         51.18558
   29          0.00000         49.83508         -9.04433         -1.22023         -4.95625         -1.47727         52.70294
   30          0.00000         51.76527         -9.23494         -1.26003         -5.04990         -1.39542         54.69028
   31          0.00000         51.87940         -9.16036         -1.17219         -4.95901         -2.04995         54.90856
   32          0.00000         55.12188         -9.21556         -1.13095         -5.00931         -1.52041         58.19718
   33          0.00000         55.40097         -8.79858         -1.11019         -7.23503         -0.87078         55.85433
   34          0.00000         55.43729         -8.91956         -1.09634         -4.95172         -1.77806         58.30879
   35          0.00000         59.13796         -9.48646         -1.15754         -5.29939         -2.25355         62.16749
   36          0.00000         59.98073         -9.51169         -1.10986         -5.35034         -2.57456         63.03223
   37          0.00000         61.40686         -8.77856         -1.02163         -5.70126         -0.93364         63.46253
   38          0.00000         64.35120         -8.98650         -1.00723         -3.70152         -2.46389         68.62895
   39          0.00000         90.13423         -7.56707         -0.83103         -6.43507          0.98304         90.43521
   40          0.00000         91.77260         -7.67478         -0.76651         -6.44169          0.98862         92.23917
   41          0.00000         92.41069         -7.56258         -1.84663        -14.44220          5.15866         83.68444
   42          0.00000        120.69335         -8.32666         -2.68918        -27.92400         17.06196         98.40683
   43          0.00000        126.97406         -8.66247         -3.03012        -28.03922         22.82871        104.56719
   44          0.00000        128.73761         -9.11138         -3.43585        -29.87038         24.12259        104.54277

spin  1, k-point   44: (0.00000, 0.25000, 0.75000) 
----------------------------------------------------------------------------------------------------------------------------
State              occ             e_mf             v_xc            v_exx           ReSigc           ImSigc             e_qp
----------------------------------------------------------------------------------------------------------------------------
    1         24.00000         -3.64890        -10.68545        -16.88878          5.08620         -0.89194         -4.76603
    2         24.00000          0.78995        -10.89702        -14.91982          2.94277         -0.34889         -0.29008
    3         24.00000          2.52219        -10.03606        -12.96076          1.85931         -0.11066          1.45680
    4         24.00000          4.96286        -10.96872        -13.10295          1.02875         -0.01155          3.85738
    5          0.00000          8.73496         -9.57680         -5.15614         -3.09574         -0.11446         10.05987
    6          0.00000         11.09999        -10.11412         -4.93279         -3.74053         -0.30268         12.54079
    7          0.00000         11.43232        -10.21730         -5.43985         -3.37281         -0.26856         12.83696
    8          0.00000         12.55912        -10.03845         -4.49614         -4.06958         -0.35416         14.03184
    9          0.00000         12.88552         -9.77589         -4.44049         -3.56920         -0.38100         14.65172
   10          0.00000         16.07083        -10.01771         -3.64885         -4.71127         -0.51374         17.72842
   11          0.00000         19.29427         -9.66176         -3.10145         -4.57891         -0.44462         21.27567
   12          0.00000         19.80344        -10.08226         -3.15356         -4.83258         -0.50491         21.89955
   13          0.00000         20.80611         -8.58446         -2.38301         -4.35084         -0.36713         22.65671
   14          0.00000         23.60135        -10.57526         -2.80526         -5.44870         -0.45158         25.92264
   15          0.00000         23.93520        -10.40417         -2.90024         -5.23388         -0.26714         26.20524
   16          0.00000         24.34662         -9.02411         -2.15994         -4.69969         -0.37976         26.51110
   17          0.00000         25.54590        -10.68541         -2.76463         -5.33896         -0.25104         28.12771
   18          0.00000         27.95370        -10.88042         -2.61183         -5.39474         -0.26260         30.82755
   19          0.00000         31.27511         -9.88475         -2.07240         -4.83663         -0.37352         34.25083
   20          0.00000         32.69320        -10.74038         -2.25864         -5.18917         -0.51591         35.98577
   21          0.00000         34.61065        -10.02573         -1.96302         -4.98809         -0.63138         37.68527
   22          0.00000         36.48687         -8.80965         -1.40056         -4.75578         -0.69552         39.14018
   23          0.00000         39.52691         -9.84952         -1.63501         -5.20389         -1.11931         42.53754
   24          0.00000         44.64916         -8.90065         -1.29001         -4.92356         -1.22978         47.33623
   25          0.00000         44.89798         -9.40527         -1.20063         -5.14693         -2.04790         47.95569
   26          0.00000         45.37978         -9.38141         -1.20712         -5.09351         -1.97935         48.46056
   27          0.00000         46.41015         -9.46810         -1.46754         -5.18092         -1.17899         49.22978
   28          0.00000         47.23720         -9.31756         -1.53951         -5.00569         -0.64995         50.00956
   29          0.00000         47.70089         -9.41875         -1.33480         -5.09185         -1.79460         50.69299
   30          0.00000         51.42515         -8.97078         -1.15512         -4.84742         -1.29113         54.39338
   31          0.00000         52.42647         -9.20422         -1.17115         -5.09970         -1.64388         55.35984
   32          0.00000         53.57759         -9.14717         -1.22702         -4.90658         -1.40432         56.59117
   33          0.00000         54.14636         -9.32268         -1.17155         -5.00958         -2.02873         57.28792
   34          0.00000         54.96034         -9.39520         -1.21647         -5.29661         -2.12851         57.84246
   35          0.00000         58.94927         -9.13718         -1.25203         -2.50541         -4.42465         64.32902
   36          0.00000         61.14925         -8.96014         -1.00822         -5.02684         -2.28138         64.07433
   37          0.00000         63.73969         -9.37529         -1.11113         -2.38160         -4.67003         69.62225
   38          0.00000         68.26072         -8.65648         -1.17540         -5.91392          0.45665         69.82789
   39          0.00000         89.30785         -7.64142         -1.49864         -9.91256          3.23704         85.53807
   40          0.00000         90.91511         -7.51158         -0.71137         -6.03952          0.20941         91.67580
   41          0.00000         93.58821         -7.46340         -1.02964         -7.88035          2.74833         92.14161
   42          0.00000        122.62303         -8.07530         -3.45048        -29.17611         18.68249         98.07174
   43          0.00000        128.54898         -8.70182         -2.92296        -30.31754         23.93517        104.01030
   44          0.00000        149.24835         -8.69694         -3.12789         22.78026         15.10535        177.59765

spin  1, k-point   45: (0.00000, 0.75000, 0.25000) 
----------------------------------------------------------------------------------------------------------------------------
State              occ             e_mf             v_xc            v_exx           ReSigc           ImSigc             e_qp
----------------------------------------------------------------------------------------------------------------------------
    1         24.00000         -3.64890        -10.68545        -16.88878          5.08620         -0.89194         -4.76603
    2         24.00000          0.78995        -10.89702        -14.91982          2.94277         -0.34889         -0.29008
    3         24.00000          2.52219        -10.03606        -12.96076          1.85931         -0.11066          1.45680
    4         24.00000          4.96286        -10.96872        -13.10295          1.02875         -0.01155          3.85738
    5          0.00000          8.73496         -9.57680         -5.15614         -3.09574         -0.11446         10.05987
    6          0.00000         11.09999        -10.11412         -4.93279         -3.74053         -0.30268         12.54079
    7          0.00000         11.43232        -10.21730         -5.43985         -3.37281         -0.26856         12.83696
    8          0.00000         12.55912        -10.03845         -4.49614         -4.06958         -0.35416         14.03184
    9          0.00000         12.88552         -9.77589         -4.44049         -3.56920         -0.38100         14.65172
   10          0.00000         16.07083        -10.01771         -3.64885         -4.71127         -0.51374         17.72842
   11          0.00000         19.29427         -9.66176         -3.10145         -4.57891         -0.44462         21.27567
   12          0.00000         19.80344        -10.08226         -3.15356         -4.83258         -0.50491         21.89955
   13          0.00000         20.80611         -8.58446         -2.38301         -4.35084         -0.36713         22.65671
   14          0.00000         23.60135        -10.57526         -2.80526         -5.44870         -0.45158         25.92264
   15          0.00000         23.93520        -10.40417         -2.90024         -5.23388         -0.26714         26.20524
   16          0.00000         24.34662         -9.02411         -2.15994         -4.69969         -0.37976         26.51110
   17          0.00000         25.54590        -10.68541         -2.76463         -5.33896         -0.25104         28.12771
   18          0.00000         27.95370        -10.88042         -2.61183         -5.39474         -0.26260         30.82755
   19          0.00000         31.27511         -9.88475         -2.07240         -4.83663         -0.37352         34.25083
   20          0.00000         32.69320        -10.74038         -2.25864         -5.18917         -0.51591         35.98577
   21          0.00000         34.61065        -10.02573         -1.96302         -4.98809         -0.63138         37.68527
   22          0.00000         36.48687         -8.80965         -1.40056         -4.75578         -0.69552         39.14018
   23          0.00000         39.52691         -9.84952         -1.63501         -5.20389         -1.11931         42.53754
   24          0.00000         44.64916         -8.90065         -1.29001         -4.92356         -1.22978         47.33623
   25          0.00000         44.89798         -9.40527         -1.20063         -5.14693         -2.04790         47.95569
   26          0.00000         45.37978         -9.38141         -1.20712         -5.09351         -1.97935         48.46056
   27          0.00000         46.41015         -9.46810         -1.46754         -5.18092         -1.17899         49.22978
   28          0.00000         47.23720         -9.31756         -1.53951         -5.00569         -0.64995         50.00956
   29          0.00000         47.70089         -9.41875         -1.33480         -5.09185         -1.79460         50.69299
   30          0.00000         51.42515         -8.97078         -1.15512         -4.84742         -1.29113         54.39338
   31          0.00000         52.42647         -9.20422         -1.17115         -5.09970         -1.64388         55.35984
   32          0.00000         53.57759         -9.14717         -1.22702         -4.90658         -1.40432         56.59117
   33          0.00000         54.14636         -9.32268         -1.17155         -5.00958         -2.02873         57.28792
   34          0.00000         54.96034         -9.39520         -1.21647         -5.29661         -2.12851         57.84246
   35          0.00000         58.94927         -9.13718         -1.25203         -2.50541         -4.42465         64.32902
   36          0.00000         61.14925         -8.96014         -1.00822         -5.02684         -2.28138         64.07433
   37          0.00000         63.73969         -9.37529         -1.11113         -2.38160         -4.67003         69.62225
   38          0.00000         68.26072         -8.65648         -1.17540         -5.91392          0.45665         69.82789
   39          0.00000         89.30785         -7.64142         -1.49864         -9.91256          3.23704         85.53807
   40          0.00000         90.91511         -7.51158         -0.71137         -6.03952          0.20941         91.67580
   41          0.00000         93.58821         -7.46340         -1.02964         -7.88035          2.74833         92.14161
   42          0.00000        122.62303         -8.07530         -3.45048        -29.17611         18.68249         98.07174
   43          0.00000        128.54898         -8.70182         -2.92296        -30.31754         23.93517        104.01030
   44          0.00000        149.24835         -8.69694         -3.12789         22.78026         15.10535        177.59765

spin  1, k-point   46: (0.25000, 0.00000, 0.75000) 
----------------------------------------------------------------------------------------------------------------------------
State              occ             e_mf             v_xc            v_exx           ReSigc           ImSigc             e_qp
----------------------------------------------------------------------------------------------------------------------------
    1         24.00000         -3.64890        -10.68545        -16.88878          5.08620         -0.89194         -4.76603
    2         24.00000          0.78995        -10.89702        -14.91982          2.94277         -0.34889         -0.29008
    3         24.00000          2.52219        -10.03606        -12.96076          1.85931         -0.11066          1.45680
    4         24.00000          4.96286        -10.96872        -13.10295          1.02875         -0.01155          3.85738
    5          0.00000          8.73496         -9.57680         -5.15614         -3.09574         -0.11446         10.05987
    6          0.00000         11.09999        -10.11412         -4.93279         -3.74053         -0.30268         12.54079
    7          0.00000         11.43232        -10.21730         -5.43985         -3.37281         -0.26856         12.83696
    8          0.00000         12.55912        -10.03845         -4.49614         -4.06958         -0.35416         14.03184
    9          0.00000         12.88552         -9.77589         -4.44049         -3.56920         -0.38100         14.65172
   10          0.00000         16.07083        -10.01771         -3.64885         -4.71127         -0.51374         17.72842
   11          0.00000         19.29427         -9.66176         -3.10145         -4.57891         -0.44462         21.27567
   12          0.00000         19.80344        -10.08226         -3.15356         -4.83258         -0.50491         21.89955
   13          0.00000         20.80611         -8.58446         -2.38301         -4.35084         -0.36713         22.65671
   14          0.00000         23.60135        -10.57526         -2.80526         -5.44870         -0.45158         25.92264
   15          0.00000         23.93520        -10.40417         -2.90024         -5.23388         -0.26714         26.20524
   16          0.00000         24.34662         -9.02411         -2.15994         -4.69969         -0.37976         26.51110
   17          0.00000         25.54590        -10.68541         -2.76463         -5.33896         -0.25104         28.12771
   18          0.00000         27.95370        -10.88042         -2.61183         -5.39474         -0.26260         30.82755
   19          0.00000         31.27511         -9.88475         -2.07240         -4.83663         -0.37352         34.25083
   20          0.00000         32.69320        -10.74038         -2.25864         -5.18917         -0.51591         35.98577
   21          0.00000         34.61065        -10.02573         -1.96302         -4.98809         -0.63138         37.68527
   22          0.00000         36.48687         -8.80965         -1.40056         -4.75578         -0.69552         39.14018
   23          0.00000         39.52691         -9.84952         -1.63501         -5.20389         -1.11931         42.53754
   24          0.00000         44.64916         -8.90065         -1.29001         -4.92356         -1.22978         47.33623
   25          0.00000         44.89798         -9.40527         -1.20063         -5.14693         -2.04790         47.95569
   26          0.00000         45.37978         -9.38141         -1.20712         -5.09351         -1.97935         48.46056
   27          0.00000         46.41015         -9.46810         -1.46754         -5.18092         -1.17899         49.22978
   28          0.00000         47.23720         -9.31756         -1.53951         -5.00569         -0.64995         50.00956
   29          0.00000         47.70089         -9.41875         -1.33480         -5.09185         -1.79460         50.69299
   30          0.00000         51.42515         -8.97078         -1.15512         -4.84742         -1.29113         54.39338
   31          0.00000         52.42647         -9.20422         -1.17115         -5.09970         -1.64388         55.35984
   32          0.00000         53.57759         -9.14717         -1.22702         -4.90658         -1.40432         56.59117
   33          0.00000         54.14636         -9.32268         -1.17155         -5.00958         -2.02873         57.28792
   34          0.00000         54.96034         -9.39520         -1.21647         -5.29661         -2.12851         57.84246
   35          0.00000         58.94927         -9.13718         -1.25203         -2.50541         -4.42465         64.32902
   36          0.00000         61.14925         -8.96014         -1.00822         -5.02684         -2.28138         64.07433
   37          0.00000         63.73969         -9.37529         -1.11113         -2.38160         -4.67003         69.62225
   38          0.00000         68.26072         -8.65648         -1.17540         -5.91392          0.45665         69.82789
   39          0.00000         89.30785         -7.64142         -1.49864         -9.91256          3.23704         85.53807
   40          0.00000         90.91511         -7.51158         -0.71137         -6.03952          0.20941         91.67580
   41          0.00000         93.58821         -7.46340         -1.02964         -7.88035          2.74833         92.14161
   42          0.00000        122.62303         -8.07530         -3.45048        -29.17611         18.68249         98.07174
   43          0.00000        128.54898         -8.70182         -2.92296        -30.31754         23.93517        104.01030
   44          0.00000        149.24835         -8.69694         -3.12789         22.78026         15.10535        177.59765

spin  1, k-point   47: (0.25000, 0.25000, 0.50000) 
----------------------------------------------------------------------------------------------------------------------------
State              occ             e_mf             v_xc            v_exx           ReSigc           ImSigc             e_qp
----------------------------------------------------------------------------------------------------------------------------
    1         24.00000         -3.64890        -10.68545        -16.88878          5.08620         -0.89194         -4.76603
    2         24.00000          0.78995        -10.89702        -14.91982          2.94277         -0.34889         -0.29008
    3         24.00000          2.52219        -10.03606        -12.96076          1.85931         -0.11066          1.45680
    4         24.00000          4.96286        -10.96872        -13.10295          1.02875         -0.01155          3.85738
    5          0.00000          8.73496         -9.57680         -5.15614         -3.09574         -0.11446         10.05987
    6          0.00000         11.09999        -10.11412         -4.93279         -3.74053         -0.30268         12.54079
    7          0.00000         11.43232        -10.21730         -5.43985         -3.37281         -0.26856         12.83696
    8          0.00000         12.55912        -10.03845         -4.49614         -4.06958         -0.35416         14.03184
    9          0.00000         12.88552         -9.77589         -4.44049         -3.56920         -0.38100         14.65172
   10          0.00000         16.07083        -10.01771         -3.64885         -4.71127         -0.51374         17.72842
   11          0.00000         19.29427         -9.66176         -3.10145         -4.57891         -0.44462         21.27567
   12          0.00000         19.80344        -10.08226         -3.15356         -4.83258         -0.50491         21.89955
   13          0.00000         20.80611         -8.58446         -2.38301         -4.35084         -0.36713         22.65671
   14          0.00000         23.60135        -10.57526         -2.80526         -5.44870         -0.45158         25.92264
   15          0.00000         23.93520        -10.40417         -2.90024         -5.23388         -0.26714         26.20524
   16          0.00000         24.34662         -9.02411         -2.15994         -4.69969         -0.37976         26.51110
   17          0.00000         25.54590        -10.68541         -2.76463         -5.33896         -0.25104         28.12771
   18          0.00000         27.95370        -10.88042         -2.61183         -5.39474         -0.26260         30.82755
   19          0.00000         31.27511         -9.88475         -2.07240         -4.83663         -0.37352         34.25083
   20          0.00000         32.69320        -10.74038         -2.25864         -5.18917         -0.51591         35.98577
   21          0.00000         34.61065        -10.02573         -1.96302         -4.98809         -0.63138         37.68527
   22          0.00000         36.48687         -8.80965         -1.40056         -4.75578         -0.69552         39.14018
   23          0.00000         39.52691         -9.84952         -1.63501         -5.20389         -1.11931         42.53754
   24          0.00000         44.64916         -8.90065         -1.29001         -4.92356         -1.22978         47.33623
   25          0.00000         44.89798         -9.40527         -1.20063         -5.14693         -2.04790         47.95569
   26          0.00000         45.37978         -9.38141         -1.20712         -5.09351         -1.97935         48.46056
   27          0.00000         46.41015         -9.46810         -1.46754         -5.18092         -1.17899         49.22978
   28          0.00000         47.23720         -9.31756         -1.53951         -5.00569         -0.64995         50.00956
   29          0.00000         47.70089         -9.41875         -1.33480         -5.09185         -1.79460         50.69299
   30          0.00000         51.42515         -8.97078         -1.15512         -4.84742         -1.29113         54.39338
   31          0.00000         52.42647         -9.20422         -1.17115         -5.09970         -1.64388         55.35984
   32          0.00000         53.57759         -9.14717         -1.22702         -4.90658         -1.40432         56.59117
   33          0.00000         54.14636         -9.32268         -1.17155         -5.00958         -2.02873         57.28792
   34          0.00000         54.96034         -9.39520         -1.21647         -5.29661         -2.12851         57.84246
   35          0.00000         58.94927         -9.13718         -1.25203         -2.50541         -4.42465         64.32902
   36          0.00000         61.14925         -8.96014         -1.00822         -5.02684         -2.28138         64.07433
   37          0.00000         63.73969         -9.37529         -1.11113         -2.38160         -4.67003         69.62225
   38          0.00000         68.26072         -8.65648         -1.17540         -5.91392          0.45665         69.82789
   39          0.00000         89.30785         -7.64142         -1.49864         -9.91256          3.23704         85.53807
   40          0.00000         90.91511         -7.51158         -0.71137         -6.03952          0.20941         91.67580
   41          0.00000         93.58821         -7.46340         -1.02964         -7.88035          2.74833         92.14161
   42          0.00000        122.62303         -8.07530         -3.45048        -29.17611         18.68249         98.07174
   43          0.00000        128.54898         -8.70182         -2.92296        -30.31754         23.93517        104.01030
   44          0.00000        149.24835         -8.69694         -3.12789         22.78026         15.10535        177.59765

spin  1, k-point   48: (0.25000, 0.50000, 0.25000) 
----------------------------------------------------------------------------------------------------------------------------
State              occ             e_mf             v_xc            v_exx           ReSigc           ImSigc             e_qp
----------------------------------------------------------------------------------------------------------------------------
    1         24.00000         -3.64890        -10.68545        -16.88878          5.08620         -0.89194         -4.76603
    2         24.00000          0.78995        -10.89702        -14.91982          2.94277         -0.34889         -0.29008
    3         24.00000          2.52219        -10.03606        -12.96076          1.85931         -0.11066          1.45680
    4         24.00000          4.96286        -10.96872        -13.10295          1.02875         -0.01155          3.85738
    5          0.00000          8.73496         -9.57680         -5.15614         -3.09574         -0.11446         10.05987
    6          0.00000         11.09999        -10.11412         -4.93279         -3.74053         -0.30268         12.54079
    7          0.00000         11.43232        -10.21730         -5.43985         -3.37281         -0.26856         12.83696
    8          0.00000         12.55912        -10.03845         -4.49614         -4.06958         -0.35416         14.03184
    9          0.00000         12.88552         -9.77589         -4.44049         -3.56920         -0.38100         14.65172
   10          0.00000         16.07083        -10.01771         -3.64885         -4.71127         -0.51374         17.72842
   11          0.00000         19.29427         -9.66176         -3.10145         -4.57891         -0.44462         21.27567
   12          0.00000         19.80344        -10.08226         -3.15356         -4.83258         -0.50491         21.89955
   13          0.00000         20.80611         -8.58446         -2.38301         -4.35084         -0.36713         22.65671
   14          0.00000         23.60135        -10.57526         -2.80526         -5.44870         -0.45158         25.92264
   15          0.00000         23.93520        -10.40417         -2.90024         -5.23388         -0.26714         26.20524
   16          0.00000         24.34662         -9.02411         -2.15994         -4.69969         -0.37976         26.51110
   17          0.00000         25.54590        -10.68541         -2.76463         -5.33896         -0.25104         28.12771
   18          0.00000         27.95370        -10.88042         -2.61183         -5.39474         -0.26260         30.82755
   19          0.00000         31.27511         -9.88475         -2.07240         -4.83663         -0.37352         34.25083
   20          0.00000         32.69320        -10.74038         -2.25864         -5.18917         -0.51591         35.98577
   21          0.00000         34.61065        -10.02573         -1.96302         -4.98809         -0.63138         37.68527
   22          0.00000         36.48687         -8.80965         -1.40056         -4.75578         -0.69552         39.14018
   23          0.00000         39.52691         -9.84952         -1.63501         -5.20389         -1.11931         42.53754
   24          0.00000         44.64916         -8.90065         -1.29001         -4.92356         -1.22978         47.33623
   25          0.00000         44.89798         -9.40527         -1.20063         -5.14693         -2.04790         47.95569
   26          0.00000         45.37978         -9.38141         -1.20712         -5.09351         -1.97935         48.46056
   27          0.00000         46.41015         -9.46810         -1.46754         -5.18092         -1.17899         49.22978
   28          0.00000         47.23720         -9.31756         -1.53951         -5.00569         -0.64995         50.00956
   29          0.00000         47.70089         -9.41875         -1.33480         -5.09185         -1.79460         50.69299
   30          0.00000         51.42515         -8.97078         -1.15512         -4.84742         -1.29113         54.39338
   31          0.00000         52.42647         -9.20422         -1.17115         -5.09970         -1.64388         55.35984
   32          0.00000         53.57759         -9.14717         -1.22702         -4.90658         -1.40432         56.59117
   33          0.00000         54.14636         -9.32268         -1.17155         -5.00958         -2.02873         57.28792
   34          0.00000         54.96034         -9.39520         -1.21647         -5.29661         -2.12851         57.84246
   35          0.00000         58.94927         -9.13718         -1.25203         -2.50541         -4.42465         64.32902
   36          0.00000         61.14925         -8.96014         -1.00822         -5.02684         -2.28138         64.07433
   37          0.00000         63.73969         -9.37529         -1.11113         -2.38160         -4.67003         69.62225
   38          0.00000         68.26072         -8.65648         -1.17540         -5.91392          0.45665         69.82789
   39          0.00000         89.30785         -7.64142         -1.49864         -9.91256          3.23704         85.53807
   40          0.00000         90.91511         -7.51158         -0.71137         -6.03952          0.20941         91.67580
   41          0.00000         93.58821         -7.46340         -1.02964         -7.88035          2.74833         92.14161
   42          0.00000        122.62303         -8.07530         -3.45048        -29.17611         18.68249         98.07174
   43          0.00000        128.54898         -8.70182         -2.92296        -30.31754         23.93517        104.01030
   44          0.00000        149.24835         -8.69694         -3.12789         22.78026         15.10535        177.59765

spin  1, k-point   49: (0.25000, 0.75000, 0.00000) 
----------------------------------------------------------------------------------------------------------------------------
State              occ             e_mf             v_xc            v_exx           ReSigc           ImSigc             e_qp
----------------------------------------------------------------------------------------------------------------------------
    1         24.00000         -3.64890        -10.68545        -16.88878          5.08620         -0.89194         -4.76603
    2         24.00000          0.78995        -10.89702        -14.91982          2.94277         -0.34889         -0.29008
    3         24.00000          2.52219        -10.03606        -12.96076          1.85931         -0.11066          1.45680
    4         24.00000          4.96286        -10.96872        -13.10295          1.02875         -0.01155          3.85738
    5          0.00000          8.73496         -9.57680         -5.15614         -3.09574         -0.11446         10.05987
    6          0.00000         11.09999        -10.11412         -4.93279         -3.74053         -0.30268         12.54079
    7          0.00000         11.43232        -10.21730         -5.43985         -3.37281         -0.26856         12.83696
    8          0.00000         12.55912        -10.03845         -4.49614         -4.06958         -0.35416         14.03184
    9          0.00000         12.88552         -9.77589         -4.44049         -3.56920         -0.38100         14.65172
   10          0.00000         16.07083        -10.01771         -3.64885         -4.71127         -0.51374         17.72842
   11          0.00000         19.29427         -9.66176         -3.10145         -4.57891         -0.44462         21.27567
   12          0.00000         19.80344        -10.08226         -3.15356         -4.83258         -0.50491         21.89955
   13          0.00000         20.80611         -8.58446         -2.38301         -4.35084         -0.36713         22.65671
   14          0.00000         23.60135        -10.57526         -2.80526         -5.44870         -0.45158         25.92264
   15          0.00000         23.93520        -10.40417         -2.90024         -5.23388         -0.26714         26.20524
   16          0.00000         24.34662         -9.02411         -2.15994         -4.69969         -0.37976         26.51110
   17          0.00000         25.54590        -10.68541         -2.76463         -5.33896         -0.25104         28.12771
   18          0.00000         27.95370        -10.88042         -2.61183         -5.39474         -0.26260         30.82755
   19          0.00000         31.27511         -9.88475         -2.07240         -4.83663         -0.37352         34.25083
   20          0.00000         32.69320        -10.74038         -2.25864         -5.18917         -0.51591         35.98577
   21          0.00000         34.61065        -10.02573         -1.96302         -4.98809         -0.63138         37.68527
   22          0.00000         36.48687         -8.80965         -1.40056         -4.75578         -0.69552         39.14018
   23          0.00000         39.52691         -9.84952         -1.63501         -5.20389         -1.11931         42.53754
   24          0.00000         44.64916         -8.90065         -1.29001         -4.92356         -1.22978         47.33623
   25          0.00000         44.89798         -9.40527         -1.20063         -5.14693         -2.04790         47.95569
   26          0.00000         45.37978         -9.38141         -1.20712         -5.09351         -1.97935         48.46056
   27          0.00000         46.41015         -9.46810         -1.46754         -5.18092         -1.17899         49.22978
   28          0.00000         47.23720         -9.31756         -1.53951         -5.00569         -0.64995         50.00956
   29          0.00000         47.70089         -9.41875         -1.33480         -5.09185         -1.79460         50.69299
   30          0.00000         51.42515         -8.97078         -1.15512         -4.84742         -1.29113         54.39338
   31          0.00000         52.42647         -9.20422         -1.17115         -5.09970         -1.64388         55.35984
   32          0.00000         53.57759         -9.14717         -1.22702         -4.90658         -1.40432         56.59117
   33          0.00000         54.14636         -9.32268         -1.17155         -5.00958         -2.02873         57.28792
   34          0.00000         54.96034         -9.39520         -1.21647         -5.29661         -2.12851         57.84246
   35          0.00000         58.94927         -9.13718         -1.25203         -2.50541         -4.42465         64.32902
   36          0.00000         61.14925         -8.96014         -1.00822         -5.02684         -2.28138         64.07433
   37          0.00000         63.73969         -9.37529         -1.11113         -2.38160         -4.67003         69.62225
   38          0.00000         68.26072         -8.65648         -1.17540         -5.91392          0.45665         69.82789
   39          0.00000         89.30785         -7.64142         -1.49864         -9.91256          3.23704         85.53807
   40          0.00000         90.91511         -7.51158         -0.71137         -6.03952          0.20941         91.67580
   41          0.00000         93.58821         -7.46340         -1.02964         -7.88035          2.74833         92.14161
   42          0.00000        122.62303         -8.07530         -3.45048        -29.17611         18.68249         98.07174
   43          0.00000        128.54898         -8.70182         -2.92296        -30.31754         23.93517        104.01030
   44          0.00000        149.24835         -8.69694         -3.12789         22.78026         15.10535        177.59765

spin  1, k-point   50: (0.50000, 0.25000, 0.25000) 
----------------------------------------------------------------------------------------------------------------------------
State              occ             e_mf             v_xc            v_exx           ReSigc           ImSigc             e_qp
----------------------------------------------------------------------------------------------------------------------------
    1         24.00000         -3.64890        -10.68545        -16.88878          5.08620         -0.89194         -4.76603
    2         24.00000          0.78995        -10.89702        -14.91982          2.94277         -0.34889         -0.29008
    3         24.00000          2.52219        -10.03606        -12.96076          1.85931         -0.11066          1.45680
    4         24.00000          4.96286        -10.96872        -13.10295          1.02875         -0.01155          3.85738
    5          0.00000          8.73496         -9.57680         -5.15614         -3.09574         -0.11446         10.05987
    6          0.00000         11.09999        -10.11412         -4.93279         -3.74053         -0.30268         12.54079
    7          0.00000         11.43232        -10.21730         -5.43985         -3.37281         -0.26856         12.83696
    8          0.00000         12.55912        -10.03845         -4.49614         -4.06958         -0.35416         14.03184
    9          0.00000         12.88552         -9.77589         -4.44049         -3.56920         -0.38100         14.65172
   10          0.00000         16.07083        -10.01771         -3.64885         -4.71127         -0.51374         17.72842
   11          0.00000         19.29427         -9.66176         -3.10145         -4.57891         -0.44462         21.27567
   12          0.00000         19.80344        -10.08226         -3.15356         -4.83258         -0.50491         21.89955
   13          0.00000         20.80611         -8.58446         -2.38301         -4.35084         -0.36713         22.65671
   14          0.00000         23.60135        -10.57526         -2.80526         -5.44870         -0.45158         25.92264
   15          0.00000         23.93520        -10.40417         -2.90024         -5.23388         -0.26714         26.20524
   16          0.00000         24.34662         -9.02411         -2.15994         -4.69969         -0.37976         26.51110
   17          0.00000         25.54590        -10.68541         -2.76463         -5.33896         -0.25104         28.12771
   18          0.00000         27.95370        -10.88042         -2.61183         -5.39474         -0.26260         30.82755
   19          0.00000         31.27511         -9.88475         -2.07240         -4.83663         -0.37352         34.25083
   20          0.00000         32.69320        -10.74038         -2.25864         -5.18917         -0.51591         35.98577
   21          0.00000         34.61065        -10.02573         -1.96302         -4.98809         -0.63138         37.68527
   22          0.00000         36.48687         -8.80965         -1.40056         -4.75578         -0.69552         39.14018
   23          0.00000         39.52691         -9.84952         -1.63501         -5.20389         -1.11931         42.53754
   24          0.00000         44.64916         -8.90065         -1.29001         -4.92356         -1.22978         47.33623
   25          0.00000         44.89798         -9.40527         -1.20063         -5.14693         -2.04790         47.95569
   26          0.00000         45.37978         -9.38141         -1.20712         -5.09351         -1.97935         48.46056
   27          0.00000         46.41015         -9.46810         -1.46754         -5.18092         -1.17899         49.22978
   28          0.00000         47.23720         -9.31756         -1.53951         -5.00569         -0.64995         50.00956
   29          0.00000         47.70089         -9.41875         -1.33480         -5.09185         -1.79460         50.69299
   30          0.00000         51.42515         -8.97078         -1.15512         -4.84742         -1.29113         54.39338
   31          0.00000         52.42647         -9.20422         -1.17115         -5.09970         -1.64388         55.35984
   32          0.00000         53.57759         -9.14717         -1.22702         -4.90658         -1.40432         56.59117
   33          0.00000         54.14636         -9.32268         -1.17155         -5.00958         -2.02873         57.28792
   34          0.00000         54.96034         -9.39520         -1.21647         -5.29661         -2.12851         57.84246
   35          0.00000         58.94927         -9.13718         -1.25203         -2.50541         -4.42465         64.32902
   36          0.00000         61.14925         -8.96014         -1.00822         -5.02684         -2.28138         64.07433
   37          0.00000         63.73969         -9.37529         -1.11113         -2.38160         -4.67003         69.62225
   38          0.00000         68.26072         -8.65648         -1.17540         -5.91392          0.45665         69.82789
   39          0.00000         89.30785         -7.64142         -1.49864         -9.91256          3.23704         85.53807
   40          0.00000         90.91511         -7.51158         -0.71137         -6.03952          0.20941         91.67580
   41          0.00000         93.58821         -7.46340         -1.02964         -7.88035          2.74833         92.14161
   42          0.00000        122.62303         -8.07530         -3.45048        -29.17611         18.68249         98.07174
   43          0.00000        128.54898         -8.70182         -2.92296        -30.31754         23.93517        104.01030
   44          0.00000        149.24835         -8.69694         -3.12789         22.78026         15.10535        177.59765

spin  1, k-point   51: (0.50000, 0.75000, 0.75000) 
----------------------------------------------------------------------------------------------------------------------------
State              occ             e_mf             v_xc            v_exx           ReSigc           ImSigc             e_qp
----------------------------------------------------------------------------------------------------------------------------
    1         24.00000         -3.64890        -10.68545        -16.88878          5.08620         -0.89194         -4.76603
    2         24.00000          0.78995        -10.89702        -14.91982          2.94277         -0.34889         -0.29008
    3         24.00000          2.52219        -10.03606        -12.96076          1.85931         -0.11066          1.45680
    4         24.00000          4.96286        -10.96872        -13.10295          1.02875         -0.01155          3.85738
    5          0.00000          8.73496         -9.57680         -5.15614         -3.09574         -0.11446         10.05987
    6          0.00000         11.09999        -10.11412         -4.93279         -3.74053         -0.30268         12.54079
    7          0.00000         11.43232        -10.21730         -5.43985         -3.37281         -0.26856         12.83696
    8          0.00000         12.55912        -10.03845         -4.49614         -4.06958         -0.35416         14.03184
    9          0.00000         12.88552         -9.77589         -4.44049         -3.56920         -0.38100         14.65172
   10          0.00000         16.07083        -10.01771         -3.64885         -4.71127         -0.51374         17.72842
   11          0.00000         19.29427         -9.66176         -3.10145         -4.57891         -0.44462         21.27567
   12          0.00000         19.80344        -10.08226         -3.15356         -4.83258         -0.50491         21.89955
   13          0.00000         20.80611         -8.58446         -2.38301         -4.35084         -0.36713         22.65671
   14          0.00000         23.60135        -10.57526         -2.80526         -5.44870         -0.45158         25.92264
   15          0.00000         23.93520        -10.40417         -2.90024         -5.23388         -0.26714         26.20524
   16          0.00000         24.34662         -9.02411         -2.15994         -4.69969         -0.37976         26.51110
   17          0.00000         25.54590        -10.68541         -2.76463         -5.33896         -0.25104         28.12771
   18          0.00000         27.95370        -10.88042         -2.61183         -5.39474         -0.26260         30.82755
   19          0.00000         31.27511         -9.88475         -2.07240         -4.83663         -0.37352         34.25083
   20          0.00000         32.69320        -10.74038         -2.25864         -5.18917         -0.51591         35.98577
   21          0.00000         34.61065        -10.02573         -1.96302         -4.98809         -0.63138         37.68527
   22          0.00000         36.48687         -8.80965         -1.40056         -4.75578         -0.69552         39.14018
   23          0.00000         39.52691         -9.84952         -1.63501         -5.20389         -1.11931         42.53754
   24          0.00000         44.64916         -8.90065         -1.29001         -4.92356         -1.22978         47.33623
   25          0.00000         44.89798         -9.40527         -1.20063         -5.14693         -2.04790         47.95569
   26          0.00000         45.37978         -9.38141         -1.20712         -5.09351         -1.97935         48.46056
   27          0.00000         46.41015         -9.46810         -1.46754         -5.18092         -1.17899         49.22978
   28          0.00000         47.23720         -9.31756         -1.53951         -5.00569         -0.64995         50.00956
   29          0.00000         47.70089         -9.41875         -1.33480         -5.09185         -1.79460         50.69299
   30          0.00000         51.42515         -8.97078         -1.15512         -4.84742         -1.29113         54.39338
   31          0.00000         52.42647         -9.20422         -1.17115         -5.09970         -1.64388         55.35984
   32          0.00000         53.57759         -9.14717         -1.22702         -4.90658         -1.40432         56.59117
   33          0.00000         54.14636         -9.32268         -1.17155         -5.00958         -2.02873         57.28792
   34          0.00000         54.96034         -9.39520         -1.21647         -5.29661         -2.12851         57.84246
   35          0.00000         58.94927         -9.13718         -1.25203         -2.50541         -4.42465         64.32902
   36          0.00000         61.14925         -8.96014         -1.00822         -5.02684         -2.28138         64.07433
   37          0.00000         63.73969         -9.37529         -1.11113         -2.38160         -4.67003         69.62225
   38          0.00000         68.26072         -8.65648         -1.17540         -5.91392          0.45665         69.82789
   39          0.00000         89.30785         -7.64142         -1.49864         -9.91256          3.23704         85.53807
   40          0.00000         90.91511         -7.51158         -0.71137         -6.03952          0.20941         91.67580
   41          0.00000         93.58821         -7.46340         -1.02964         -7.88035          2.74833         92.14161
   42          0.00000        122.62303         -8.07530         -3.45048        -29.17611         18.68249         98.07174
   43          0.00000        128.54898         -8.70182         -2.92296        -30.31754         23.93517        104.01030
   44          0.00000        149.24835         -8.69694         -3.12789         22.78026         15.10535        177.59765

spin  1, k-point   52: (0.75000, 0.00000, 0.25000) 
----------------------------------------------------------------------------------------------------------------------------
State              occ             e_mf             v_xc            v_exx           ReSigc           ImSigc             e_qp
----------------------------------------------------------------------------------------------------------------------------
    1         24.00000         -3.64890        -10.68545        -16.88878          5.08620         -0.89194         -4.76603
    2         24.00000          0.78995        -10.89702        -14.91982          2.94277         -0.34889         -0.29008
    3         24.00000          2.52219        -10.03606        -12.96076          1.85931         -0.11066          1.45680
    4         24.00000          4.96286        -10.96872        -13.10295          1.02875         -0.01155          3.85738
    5          0.00000          8.73496         -9.57680         -5.15614         -3.09574         -0.11446         10.05987
    6          0.00000         11.09999        -10.11412         -4.93279         -3.74053         -0.30268         12.54079
    7          0.00000         11.43232        -10.21730         -5.43985         -3.37281         -0.26856         12.83696
    8          0.00000         12.55912        -10.03845         -4.49614         -4.06958         -0.35416         14.03184
    9          0.00000         12.88552         -9.77589         -4.44049         -3.56920         -0.38100         14.65172
   10          0.00000         16.07083        -10.01771         -3.64885         -4.71127         -0.51374         17.72842
   11          0.00000         19.29427         -9.66176         -3.10145         -4.57891         -0.44462         21.27567
   12          0.00000         19.80344        -10.08226         -3.15356         -4.83258         -0.50491         21.89955
   13          0.00000         20.80611         -8.58446         -2.38301         -4.35084         -0.36713         22.65671
   14          0.00000         23.60135        -10.57526         -2.80526         -5.44870         -0.45158         25.92264
   15          0.00000         23.93520        -10.40417         -2.90024         -5.23388         -0.26714         26.20524
   16          0.00000         24.34662         -9.02411         -2.15994         -4.69969         -0.37976         26.51110
   17          0.00000         25.54590        -10.68541         -2.76463         -5.33896         -0.25104         28.12771
   18          0.00000         27.95370        -10.88042         -2.61183         -5.39474         -0.26260         30.82755
   19          0.00000         31.27511         -9.88475         -2.07240         -4.83663         -0.37352         34.25083
   20          0.00000         32.69320        -10.74038         -2.25864         -5.18917         -0.51591         35.98577
   21          0.00000         34.61065        -10.02573         -1.96302         -4.98809         -0.63138         37.68527
   22          0.00000         36.48687         -8.80965         -1.40056         -4.75578         -0.69552         39.14018
   23          0.00000         39.52691         -9.84952         -1.63501         -5.20389         -1.11931         42.53754
   24          0.00000         44.64916         -8.90065         -1.29001         -4.92356         -1.22978         47.33623
   25          0.00000         44.89798         -9.40527         -1.20063         -5.14693         -2.04790         47.95569
   26          0.00000         45.37978         -9.38141         -1.20712         -5.09351         -1.97935         48.46056
   27          0.00000         46.41015         -9.46810         -1.46754         -5.18092         -1.17899         49.22978
   28          0.00000         47.23720         -9.31756         -1.53951         -5.00569         -0.64995         50.00956
   29          0.00000         47.70089         -9.41875         -1.33480         -5.09185         -1.79460         50.69299
   30          0.00000         51.42515         -8.97078         -1.15512         -4.84742         -1.29113         54.39338
   31          0.00000         52.42647         -9.20422         -1.17115         -5.09970         -1.64388         55.35984
   32          0.00000         53.57759         -9.14717         -1.22702         -4.90658         -1.40432         56.59117
   33          0.00000         54.14636         -9.32268         -1.17155         -5.00958         -2.02873         57.28792
   34          0.00000         54.96034         -9.39520         -1.21647         -5.29661         -2.12851         57.84246
   35          0.00000         58.94927         -9.13718         -1.25203         -2.50541         -4.42465         64.32902
   36          0.00000         61.14925         -8.96014         -1.00822         -5.02684         -2.28138         64.07433
   37          0.00000         63.73969         -9.37529         -1.11113         -2.38160         -4.67003         69.62225
   38          0.00000         68.26072         -8.65648         -1.17540         -5.91392          0.45665         69.82789
   39          0.00000         89.30785         -7.64142         -1.49864         -9.91256          3.23704         85.53807
   40          0.00000         90.91511         -7.51158         -0.71137         -6.03952          0.20941         91.67580
   41          0.00000         93.58821         -7.46340         -1.02964         -7.88035          2.74833         92.14161
   42          0.00000        122.62303         -8.07530         -3.45048        -29.17611         18.68249         98.07174
   43          0.00000        128.54898         -8.70182         -2.92296        -30.31754         23.93517        104.01030
   44          0.00000        149.24835         -8.69694         -3.12789         22.78026         15.10535        177.59765

spin  1, k-point   53: (0.75000, 0.25000, 0.00000) 
----------------------------------------------------------------------------------------------------------------------------
State              occ             e_mf             v_xc            v_exx           ReSigc           ImSigc             e_qp
----------------------------------------------------------------------------------------------------------------------------
    1         24.00000         -3.64890        -10.68545        -16.88878          5.08620         -0.89194         -4.76603
    2         24.00000          0.78995        -10.89702        -14.91982          2.94277         -0.34889         -0.29008
    3         24.00000          2.52219        -10.03606        -12.96076          1.85931         -0.11066          1.45680
    4         24.00000          4.96286        -10.96872        -13.10295          1.02875         -0.01155          3.85738
    5          0.00000          8.73496         -9.57680         -5.15614         -3.09574         -0.11446         10.05987
    6          0.00000         11.09999        -10.11412         -4.93279         -3.74053         -0.30268         12.54079
    7          0.00000         11.43232        -10.21730         -5.43985         -3.37281         -0.26856         12.83696
    8          0.00000         12.55912        -10.03845         -4.49614         -4.06958         -0.35416         14.03184
    9          0.00000         12.88552         -9.77589         -4.44049         -3.56920         -0.38100         14.65172
   10          0.00000         16.07083        -10.01771         -3.64885         -4.71127         -0.51374         17.72842
   11          0.00000         19.29427         -9.66176         -3.10145         -4.57891         -0.44462         21.27567
   12          0.00000         19.80344        -10.08226         -3.15356         -4.83258         -0.50491         21.89955
   13          0.00000         20.80611         -8.58446         -2.38301         -4.35084         -0.36713         22.65671
   14          0.00000         23.60135        -10.57526         -2.80526         -5.44870         -0.45158         25.92264
   15          0.00000         23.93520        -10.40417         -2.90024         -5.23388         -0.26714         26.20524
   16          0.00000         24.34662         -9.02411         -2.15994         -4.69969         -0.37976         26.51110
   17          0.00000         25.54590        -10.68541         -2.76463         -5.33896         -0.25104         28.12771
   18          0.00000         27.95370        -10.88042         -2.61183         -5.39474         -0.26260         30.82755
   19          0.00000         31.27511         -9.88475         -2.07240         -4.83663         -0.37352         34.25083
   20          0.00000         32.69320        -10.74038         -2.25864         -5.18917         -0.51591         35.98577
   21          0.00000         34.61065        -10.02573         -1.96302         -4.98809         -0.63138         37.68527
   22          0.00000         36.48687         -8.80965         -1.40056         -4.75578         -0.69552         39.14018
   23          0.00000         39.52691         -9.84952         -1.63501         -5.20389         -1.11931         42.53754
   24          0.00000         44.64916         -8.90065         -1.29001         -4.92356         -1.22978         47.33623
   25          0.00000         44.89798         -9.40527         -1.20063         -5.14693         -2.04790         47.95569
   26          0.00000         45.37978         -9.38141         -1.20712         -5.09351         -1.97935         48.46056
   27          0.00000         46.41015         -9.46810         -1.46754         -5.18092         -1.17899         49.22978
   28          0.00000         47.23720         -9.31756         -1.53951         -5.00569         -0.64995         50.00956
   29          0.00000         47.70089         -9.41875         -1.33480         -5.09185         -1.79460         50.69299
   30          0.00000         51.42515         -8.97078         -1.15512         -4.84742         -1.29113         54.39338
   31          0.00000         52.42647         -9.20422         -1.17115         -5.09970         -1.64388         55.35984
   32          0.00000         53.57759         -9.14717         -1.22702         -4.90658         -1.40432         56.59117
   33          0.00000         54.14636         -9.32268         -1.17155         -5.00958         -2.02873         57.28792
   34          0.00000         54.96034         -9.39520         -1.21647         -5.29661         -2.12851         57.84246
   35          0.00000         58.94927         -9.13718         -1.25203         -2.50541         -4.42465         64.32902
   36          0.00000         61.14925         -8.96014         -1.00822         -5.02684         -2.28138         64.07433
   37          0.00000         63.73969         -9.37529         -1.11113         -2.38160         -4.67003         69.62225
   38          0.00000         68.26072         -8.65648         -1.17540         -5.91392          0.45665         69.82789
   39          0.00000         89.30785         -7.64142         -1.49864         -9.91256          3.23704         85.53807
   40          0.00000         90.91511         -7.51158         -0.71137         -6.03952          0.20941         91.67580
   41          0.00000         93.58821         -7.46340         -1.02964         -7.88035          2.74833         92.14161
   42          0.00000        122.62303         -8.07530         -3.45048        -29.17611         18.68249         98.07174
   43          0.00000        128.54898         -8.70182         -2.92296        -30.31754         23.93517        104.01030
   44          0.00000        149.24835         -8.69694         -3.12789         22.78026         15.10535        177.59765

spin  1, k-point   54: (0.75000, 0.50000, 0.75000) 
----------------------------------------------------------------------------------------------------------------------------
State              occ             e_mf             v_xc            v_exx           ReSigc           ImSigc             e_qp
----------------------------------------------------------------------------------------------------------------------------
    1         24.00000         -3.64890        -10.68545        -16.88878          5.08620         -0.89194         -4.76603
    2         24.00000          0.78995        -10.89702        -14.91982          2.94277         -0.34889         -0.29008
    3         24.00000          2.52219        -10.03606        -12.96076          1.85931         -0.11066          1.45680
    4         24.00000          4.96286        -10.96872        -13.10295          1.02875         -0.01155          3.85738
    5          0.00000          8.73496         -9.57680         -5.15614         -3.09574         -0.11446         10.05987
    6          0.00000         11.09999        -10.11412         -4.93279         -3.74053         -0.30268         12.54079
    7          0.00000         11.43232        -10.21730         -5.43985         -3.37281         -0.26856         12.83696
    8          0.00000         12.55912        -10.03845         -4.49614         -4.06958         -0.35416         14.03184
    9          0.00000         12.88552         -9.77589         -4.44049         -3.56920         -0.38100         14.65172
   10          0.00000         16.07083        -10.01771         -3.64885         -4.71127         -0.51374         17.72842
   11          0.00000         19.29427         -9.66176         -3.10145         -4.57891         -0.44462         21.27567
   12          0.00000         19.80344        -10.08226         -3.15356         -4.83258         -0.50491         21.89955
   13          0.00000         20.80611         -8.58446         -2.38301         -4.35084         -0.36713         22.65671
   14          0.00000         23.60135        -10.57526         -2.80526         -5.44870         -0.45158         25.92264
   15          0.00000         23.93520        -10.40417         -2.90024         -5.23388         -0.26714         26.20524
   16          0.00000         24.34662         -9.02411         -2.15994         -4.69969         -0.37976         26.51110
   17          0.00000         25.54590        -10.68541         -2.76463         -5.33896         -0.25104         28.12771
   18          0.00000         27.95370        -10.88042         -2.61183         -5.39474         -0.26260         30.82755
   19          0.00000         31.27511         -9.88475         -2.07240         -4.83663         -0.37352         34.25083
   20          0.00000         32.69320        -10.74038         -2.25864         -5.18917         -0.51591         35.98577
   21          0.00000         34.61065        -10.02573         -1.96302         -4.98809         -0.63138         37.68527
   22          0.00000         36.48687         -8.80965         -1.40056         -4.75578         -0.69552         39.14018
   23          0.00000         39.52691         -9.84952         -1.63501         -5.20389         -1.11931         42.53754
   24          0.00000         44.64916         -8.90065         -1.29001         -4.92356         -1.22978         47.33623
   25          0.00000         44.89798         -9.40527         -1.20063         -5.14693         -2.04790         47.95569
   26          0.00000         45.37978         -9.38141         -1.20712         -5.09351         -1.97935         48.46056
   27          0.00000         46.41015         -9.46810         -1.46754         -5.18092         -1.17899         49.22978
   28          0.00000         47.23720         -9.31756         -1.53951         -5.00569         -0.64995         50.00956
   29          0.00000         47.70089         -9.41875         -1.33480         -5.09185         -1.79460         50.69299
   30          0.00000         51.42515         -8.97078         -1.15512         -4.84742         -1.29113         54.39338
   31          0.00000         52.42647         -9.20422         -1.17115         -5.09970         -1.64388         55.35984
   32          0.00000         53.57759         -9.14717         -1.22702         -4.90658         -1.40432         56.59117
   33          0.00000         54.14636         -9.32268         -1.17155         -5.00958         -2.02873         57.28792
   34          0.00000         54.96034         -9.39520         -1.21647         -5.29661         -2.12851         57.84246
   35          0.00000         58.94927         -9.13718         -1.25203         -2.50541         -4.42465         64.32902
   36          0.00000         61.14925         -8.96014         -1.00822         -5.02684         -2.28138         64.07433
   37          0.00000         63.73969         -9.37529         -1.11113         -2.38160         -4.67003         69.62225
   38          0.00000         68.26072         -8.65648         -1.17540         -5.91392          0.45665         69.82789
   39          0.00000         89.30785         -7.64142         -1.49864         -9.91256          3.23704         85.53807
   40          0.00000         90.91511         -7.51158         -0.71137         -6.03952          0.20941         91.67580
   41          0.00000         93.58821         -7.46340         -1.02964         -7.88035          2.74833         92.14161
   42          0.00000        122.62303         -8.07530         -3.45048        -29.17611         18.68249         98.07174
   43          0.00000        128.54898         -8.70182         -2.92296        -30.31754         23.93517        104.01030
   44          0.00000        149.24835         -8.69694         -3.12789         22.78026         15.10535        177.59765

spin  1, k-point   55: (0.75000, 0.75000, 0.50000) 
----------------------------------------------------------------------------------------------------------------------------
State              occ             e_mf             v_xc            v_exx           ReSigc           ImSigc             e_qp
----------------------------------------------------------------------------------------------------------------------------
    1         24.00000         -3.64890        -10.68545        -16.88878          5.08620         -0.89194         -4.76603
    2         24.00000          0.78995        -10.89702        -14.91982          2.94277         -0.34889         -0.29008
    3         24.00000          2.52219        -10.03606        -12.96076          1.85931         -0.11066          1.45680
    4         24.00000          4.96286        -10.96872        -13.10295          1.02875         -0.01155          3.85738
    5          0.00000          8.73496         -9.57680         -5.15614         -3.09574         -0.11446         10.05987
    6          0.00000         11.09999        -10.11412         -4.93279         -3.74053         -0.30268         12.54079
    7          0.00000         11.43232        -10.21730         -5.43985         -3.37281         -0.26856         12.83696
    8          0.00000         12.55912        -10.03845         -4.49614         -4.06958         -0.35416         14.03184
    9          0.00000         12.88552         -9.77589         -4.44049         -3.56920         -0.38100         14.65172
   10          0.00000         16.07083        -10.01771         -3.64885         -4.71127         -0.51374         17.72842
   11          0.00000         19.29427         -9.66176         -3.10145         -4.57891         -0.44462         21.27567
   12          0.00000         19.80344        -10.08226         -3.15356         -4.83258         -0.50491         21.89955
   13          0.00000         20.80611         -8.58446         -2.38301         -4.35084         -0.36713         22.65671
   14          0.00000         23.60135        -10.57526         -2.80526         -5.44870         -0.45158         25.92264
   15          0.00000         23.93520        -10.40417         -2.90024         -5.23388         -0.26714         26.20524
   16          0.00000         24.34662         -9.02411         -2.15994         -4.69969         -0.37976         26.51110
   17          0.00000         25.54590        -10.68541         -2.76463         -5.33896         -0.25104         28.12771
   18          0.00000         27.95370        -10.88042         -2.61183         -5.39474         -0.26260         30.82755
   19          0.00000         31.27511         -9.88475         -2.07240         -4.83663         -0.37352         34.25083
   20          0.00000         32.69320        -10.74038         -2.25864         -5.18917         -0.51591         35.98577
   21          0.00000         34.61065        -10.02573         -1.96302         -4.98809         -0.63138         37.68527
   22          0.00000         36.48687         -8.80965         -1.40056         -4.75578         -0.69552         39.14018
   23          0.00000         39.52691         -9.84952         -1.63501         -5.20389         -1.11931         42.53754
   24          0.00000         44.64916         -8.90065         -1.29001         -4.92356         -1.22978         47.33623
   25          0.00000         44.89798         -9.40527         -1.20063         -5.14693         -2.04790         47.95569
   26          0.00000         45.37978         -9.38141         -1.20712         -5.09351         -1.97935         48.46056
   27          0.00000         46.41015         -9.46810         -1.46754         -5.18092         -1.17899         49.22978
   28          0.00000         47.23720         -9.31756         -1.53951         -5.00569         -0.64995         50.00956
   29          0.00000         47.70089         -9.41875         -1.33480         -5.09185         -1.79460         50.69299
   30          0.00000         51.42515         -8.97078         -1.15512         -4.84742         -1.29113         54.39338
   31          0.00000         52.42647         -9.20422         -1.17115         -5.09970         -1.64388         55.35984
   32          0.00000         53.57759         -9.14717         -1.22702         -4.90658         -1.40432         56.59117
   33          0.00000         54.14636         -9.32268         -1.17155         -5.00958         -2.02873         57.28792
   34          0.00000         54.96034         -9.39520         -1.21647         -5.29661         -2.12851         57.84246
   35          0.00000         58.94927         -9.13718         -1.25203         -2.50541         -4.42465         64.32902
   36          0.00000         61.14925         -8.96014         -1.00822         -5.02684         -2.28138         64.07433
   37          0.00000         63.73969         -9.37529         -1.11113         -2.38160         -4.67003         69.62225
   38          0.00000         68.26072         -8.65648         -1.17540         -5.91392          0.45665         69.82789
   39          0.00000         89.30785         -7.64142         -1.49864         -9.91256          3.23704         85.53807
   40          0.00000         90.91511         -7.51158         -0.71137         -6.03952          0.20941         91.67580
   41          0.00000         93.58821         -7.46340         -1.02964         -7.88035          2.74833         92.14161
   42          0.00000        122.62303         -8.07530         -3.45048        -29.17611         18.68249         98.07174
   43          0.00000        128.54898         -8.70182         -2.92296        -30.31754         23.93517        104.01030
   44          0.00000        149.24835         -8.69694         -3.12789         22.78026         15.10535        177.59765

spin  1, k-point   56: (0.00000, 0.50000, 0.50000) 
----------------------------------------------------------------------------------------------------------------------------
State              occ             e_mf             v_xc            v_exx           ReSigc           ImSigc             e_qp
----------------------------------------------------------------------------------------------------------------------------
    1          6.00000         -1.54804        -10.84519        -16.12019          4.17238         -0.65320         -2.65066
    2          6.00000         -1.54804        -10.84519        -16.12019          4.17238         -0.65320         -2.65066
    3          6.00000          3.44738        -10.57947        -13.48796          1.77336         -0.07553          2.31224
    4          6.00000          3.44738        -10.57947        -13.48796          1.77336         -0.07553          2.31224
    5          0.00000          6.97617         -8.99848         -5.14494         -2.63733          0.04887          8.19238
    6          0.00000          6.97617         -8.99848         -5.14494         -2.63733          0.04887          8.19238
    7          0.00000         16.45638        -10.52200         -3.72929         -5.18866         -0.54782         18.06043
    8          0.00000         16.45638        -10.52200         -3.72929         -5.18866         -0.54782         18.06043
    9          0.00000         17.33027        -10.49968         -3.99614         -4.44070         -0.58701         19.39311
   10          0.00000         17.33027        -10.49968         -3.99614         -4.44070         -0.58701         19.39311
   11          0.00000         19.02479        -10.19898         -3.34308         -4.63407         -0.57024         21.24661
   12          0.00000         19.02479        -10.19898         -3.34308         -4.63407         -0.57024         21.24661
   13          0.00000         19.50670        -10.42942         -3.58706         -4.96861         -0.36323         21.38045
   14          0.00000         19.50670        -10.42942         -3.58706         -4.96861         -0.36323         21.38045
   15          0.00000         25.81906         -9.32949         -2.14396         -4.66968         -0.24201         28.33491
   16          0.00000         25.81907         -9.32949         -2.14396         -4.66968         -0.24201         28.33492
   17          0.00000         27.80318         -7.94474         -1.47845         -4.10505         -0.39979         30.16442
   18          0.00000         27.80318         -7.94474         -1.47845         -4.10505         -0.39979         30.16442
   19          0.00000         28.45140         -9.96007         -2.38307         -4.91565         -0.30192         31.11275
   20          0.00000         28.45140         -9.96007         -2.38307         -4.91565         -0.30192         31.11275
   21          0.00000         30.55456        -10.55333         -2.16667         -5.43753         -0.60881         33.50369
   22          0.00000         30.55456        -10.55332         -2.16667         -5.43752         -0.60881         33.50369
   23          0.00000         40.41962         -9.34425         -1.64503         -5.00375         -0.67796         43.11509
   24          0.00000         40.41966         -9.34424         -1.64503         -5.00375         -0.67796         43.11511
   25          0.00000         43.17985         -9.99139         -1.70723         -4.80336         -0.74809         46.66065
   26          0.00000         43.17985         -9.99139         -1.70723         -4.80336         -0.74809         46.66065
   27          0.00000         47.04186         -9.66773         -1.21017         -5.23194         -2.27844         50.26749
   28          0.00000         47.04186         -9.66773         -1.21017         -5.23194         -2.27844         50.26749
   29          0.00000         49.29442         -8.94545         -1.14655         -4.80427         -1.77411         52.28905
   30          0.00000         49.29442         -8.94545         -1.14655         -4.80427         -1.77411         52.28905
   31          0.00000         50.98900         -9.22979         -1.13021         -5.17943         -2.35748         53.90914
   32          0.00000         50.98900         -9.22979         -1.13021         -5.17943         -2.35748         53.90913
   33          0.00000         52.34895         -8.79139         -0.99424         -4.62186         -1.66328         55.52424
   34          0.00000         52.34900         -8.79140         -0.99424         -4.62187         -1.66330         55.52429
   35          0.00000         59.43648         -8.57042         -1.02851         -5.12412         -1.40102         61.85427
   36          0.00000         59.43651         -8.57043         -1.02851         -5.12413         -1.40102         61.85430
   37          0.00000         60.98259         -9.69301         -1.06061         -5.44574         -3.43383         64.16926
   38          0.00000         60.98259         -9.69301         -1.06061         -5.44574         -3.43383         64.16926
   39          0.00000         89.18876         -7.84354         -0.90456         -6.76550          1.07228         89.36224
   40          0.00000         89.18956         -7.84279         -0.90458         -6.76566          1.07243         89.36211
   41          0.00000        101.61124         -8.13049         -1.98519        -18.31546          7.96495         89.44108
   42          0.00000        101.61125         -8.13069         -1.98522        -18.31569          7.96502         89.44103
   43          0.00000        114.86650         -9.99054         -3.14301        -25.82305         14.41424         95.89098
   44          0.00000        114.86650         -9.99054         -3.14301        -25.82244         14.41497         95.89159

spin  1, k-point   57: (0.50000, 0.00000, 0.50000) 
----------------------------------------------------------------------------------------------------------------------------
State              occ             e_mf             v_xc            v_exx           ReSigc           ImSigc             e_qp
----------------------------------------------------------------------------------------------------------------------------
    1          6.00000         -1.54804        -10.84519        -16.12019          4.17238         -0.65320         -2.65066
    2          6.00000         -1.54804        -10.84519        -16.12019          4.17238         -0.65320         -2.65066
    3          6.00000          3.44738        -10.57947        -13.48796          1.77336         -0.07553          2.31224
    4          6.00000          3.44738        -10.57947        -13.48796          1.77336         -0.07553          2.31224
    5          0.00000          6.97617         -8.99848         -5.14494         -2.63733          0.04887          8.19238
    6          0.00000          6.97617         -8.99848         -5.14494         -2.63733          0.04887          8.19238
    7          0.00000         16.45638        -10.52200         -3.72929         -5.18866         -0.54782         18.06043
    8          0.00000         16.45638        -10.52200         -3.72929         -5.18866         -0.54782         18.06043
    9          0.00000         17.33027        -10.49968         -3.99614         -4.44070         -0.58701         19.39311
   10          0.00000         17.33027        -10.49968         -3.99614         -4.44070         -0.58701         19.39311
   11          0.00000         19.02479        -10.19898         -3.34308         -4.63407         -0.57024         21.24661
   12          0.00000         19.02479        -10.19898         -3.34308         -4.63407         -0.57024         21.24661
   13          0.00000         19.50670        -10.42942         -3.58706         -4.96861         -0.36323         21.38045
   14          0.00000         19.50670        -10.42942         -3.58706         -4.96861         -0.36323         21.38045
   15          0.00000         25.81906         -9.32949         -2.14396         -4.66968         -0.24201         28.33491
   16          0.00000         25.81907         -9.32949         -2.14396         -4.66968         -0.24201         28.33492
   17          0.00000         27.80318         -7.94474         -1.47845         -4.10505         -0.39979         30.16442
   18          0.00000         27.80318         -7.94474         -1.47845         -4.10505         -0.39979         30.16442
   19          0.00000         28.45140         -9.96007         -2.38307         -4.91565         -0.30192         31.11275
   20          0.00000         28.45140         -9.96007         -2.38307         -4.91565         -0.30192         31.11275
   21          0.00000         30.55456        -10.55333         -2.16667         -5.43753         -0.60881         33.50369
   22          0.00000         30.55456        -10.55332         -2.16667         -5.43752         -0.60881         33.50369
   23          0.00000         40.41962         -9.34425         -1.64503         -5.00375         -0.67796         43.11509
   24          0.00000         40.41966         -9.34424         -1.64503         -5.00375         -0.67796         43.11511
   25          0.00000         43.17985         -9.99139         -1.70723         -4.80336         -0.74809         46.66065
   26          0.00000         43.17985         -9.99139         -1.70723         -4.80336         -0.74809         46.66065
   27          0.00000         47.04186         -9.66773         -1.21017         -5.23194         -2.27844         50.26749
   28          0.00000         47.04186         -9.66773         -1.21017         -5.23194         -2.27844         50.26749
   29          0.00000         49.29442         -8.94545         -1.14655         -4.80427         -1.77411         52.28905
   30          0.00000         49.29442         -8.94545         -1.14655         -4.80427         -1.77411         52.28905
   31          0.00000         50.98900         -9.22979         -1.13021         -5.17943         -2.35748         53.90914
   32          0.00000         50.98900         -9.22979         -1.13021         -5.17943         -2.35748         53.90913
   33          0.00000         52.34895         -8.79139         -0.99424         -4.62186         -1.66328         55.52424
   34          0.00000         52.34900         -8.79140         -0.99424         -4.62187         -1.66330         55.52429
   35          0.00000         59.43648         -8.57042         -1.02851         -5.12412         -1.40102         61.85427
   36          0.00000         59.43651         -8.57043         -1.02851         -5.12413         -1.40102         61.85430
   37          0.00000         60.98259         -9.69301         -1.06061         -5.44574         -3.43383         64.16926
   38          0.00000         60.98259         -9.69301         -1.06061         -5.44574         -3.43383         64.16926
   39          0.00000         89.18876         -7.84354         -0.90456         -6.76550          1.07228         89.36224
   40          0.00000         89.18956         -7.84279         -0.90458         -6.76566          1.07243         89.36211
   41          0.00000        101.61124         -8.13049         -1.98519        -18.31546          7.96495         89.44108
   42          0.00000        101.61125         -8.13069         -1.98522        -18.31569          7.96502         89.44103
   43          0.00000        114.86650         -9.99054         -3.14301        -25.82305         14.41424         95.89098
   44          0.00000        114.86650         -9.99054         -3.14301        -25.82244         14.41497         95.89159

spin  1, k-point   58: (0.50000, 0.50000, 0.00000) 
----------------------------------------------------------------------------------------------------------------------------
State              occ             e_mf             v_xc            v_exx           ReSigc           ImSigc             e_qp
----------------------------------------------------------------------------------------------------------------------------
    1          6.00000         -1.54804        -10.84519        -16.12019          4.17238         -0.65320         -2.65066
    2          6.00000         -1.54804        -10.84519        -16.12019          4.17238         -0.65320         -2.65066
    3          6.00000          3.44738        -10.57947        -13.48796          1.77336         -0.07553          2.31224
    4          6.00000          3.44738        -10.57947        -13.48796          1.77336         -0.07553          2.31224
    5          0.00000          6.97617         -8.99848         -5.14494         -2.63733          0.04887          8.19238
    6          0.00000          6.97617         -8.99848         -5.14494         -2.63733          0.04887          8.19238
    7          0.00000         16.45638        -10.52200         -3.72929         -5.18866         -0.54782         18.06043
    8          0.00000         16.45638        -10.52200         -3.72929         -5.18866         -0.54782         18.06043
    9          0.00000         17.33027        -10.49968         -3.99614         -4.44070         -0.58701         19.39311
   10          0.00000         17.33027        -10.49968         -3.99614         -4.44070         -0.58701         19.39311
   11          0.00000         19.02479        -10.19898         -3.34308         -4.63407         -0.57024         21.24661
   12          0.00000         19.02479        -10.19898         -3.34308         -4.63407         -0.57024         21.24661
   13          0.00000         19.50670        -10.42942         -3.58706         -4.96861         -0.36323         21.38045
   14          0.00000         19.50670        -10.42942         -3.58706         -4.96861         -0.36323         21.38045
   15          0.00000         25.81906         -9.32949         -2.14396         -4.66968         -0.24201         28.33491
   16          0.00000         25.81907         -9.32949         -2.14396         -4.66968         -0.24201         28.33492
   17          0.00000         27.80318         -7.94474         -1.47845         -4.10505         -0.39979         30.16442
   18          0.00000         27.80318         -7.94474         -1.47845         -4.10505         -0.39979         30.16442
   19          0.00000         28.45140         -9.96007         -2.38307         -4.91565         -0.30192         31.11275
   20          0.00000         28.45140         -9.96007         -2.38307         -4.91565         -0.30192         31.11275
   21          0.00000         30.55456        -10.55333         -2.16667         -5.43753         -0.60881         33.50369
   22          0.00000         30.55456        -10.55332         -2.16667         -5.43752         -0.60881         33.50369
   23          0.00000         40.41962         -9.34425         -1.64503         -5.00375         -0.67796         43.11509
   24          0.00000         40.41966         -9.34424         -1.64503         -5.00375         -0.67796         43.11511
   25          0.00000         43.17985         -9.99139         -1.70723         -4.80336         -0.74809         46.66065
   26          0.00000         43.17985         -9.99139         -1.70723         -4.80336         -0.74809         46.66065
   27          0.00000         47.04186         -9.66773         -1.21017         -5.23194         -2.27844         50.26749
   28          0.00000         47.04186         -9.66773         -1.21017         -5.23194         -2.27844         50.26749
   29          0.00000         49.29442         -8.94545         -1.14655         -4.80427         -1.77411         52.28905
   30          0.00000         49.29442         -8.94545         -1.14655         -4.80427         -1.77411         52.28905
   31          0.00000         50.98900         -9.22979         -1.13021         -5.17943         -2.35748         53.90914
   32          0.00000         50.98900         -9.22979         -1.13021         -5.17943         -2.35748         53.90913
   33          0.00000         52.34895         -8.79139         -0.99424         -4.62186         -1.66328         55.52424
   34          0.00000         52.34900         -8.79140         -0.99424         -4.62187         -1.66330         55.52429
   35          0.00000         59.43648         -8.57042         -1.02851         -5.12412         -1.40102         61.85427
   36          0.00000         59.43651         -8.57043         -1.02851         -5.12413         -1.40102         61.85430
   37          0.00000         60.98259         -9.69301         -1.06061         -5.44574         -3.43383         64.16926
   38          0.00000         60.98259         -9.69301         -1.06061         -5.44574         -3.43383         64.16926
   39          0.00000         89.18876         -7.84354         -0.90456         -6.76550          1.07228         89.36224
   40          0.00000         89.18956         -7.84279         -0.90458         -6.76566          1.07243         89.36211
   41          0.00000        101.61124         -8.13049         -1.98519        -18.31546          7.96495         89.44108
   42          0.00000        101.61125         -8.13069         -1.98522        -18.31569          7.96502         89.44103
   43          0.00000        114.86650         -9.99054         -3.14301        -25.82305         14.41424         95.89098
   44          0.00000        114.86650         -9.99054         -3.14301        -25.82244         14.41497         95.89159

spin  1, k-point   59: (0.25000, 0.50000, 0.75000) 
----------------------------------------------------------------------------------------------------------------------------
State              occ             e_mf             v_xc            v_exx           ReSigc           ImSigc             e_qp
----------------------------------------------------------------------------------------------------------------------------
    1         12.00000         -1.38284        -10.97086        -16.13239          4.06541         -0.60892         -2.47895
    2         12.00000         -1.38284        -10.97086        -16.13239          4.06541         -0.60892         -2.47895
    3         12.00000          2.42316         -9.95945        -12.91763          1.89639         -0.10967          1.36137
    4         12.00000          2.42316         -9.95945        -12.91763          1.89639         -0.10967          1.36137
    5          0.00000         10.57407         -9.63178         -5.05924         -3.20810         -0.22456         11.93851
    6          0.00000         10.57407         -9.63178         -5.05924         -3.20810         -0.22456         11.93851
    7          0.00000         11.33416        -10.07172         -4.78271         -3.82782         -0.30244         12.79536
    8          0.00000         11.33416        -10.07172         -4.78271         -3.82782         -0.30244         12.79536
    9          0.00000         16.93109        -10.55358         -3.90337         -4.84108         -0.54771         18.74021
   10          0.00000         16.93109        -10.55358         -3.90337         -4.84108         -0.54771         18.74021
   11          0.00000         19.59805        -10.45933         -3.50490         -4.86574         -0.45152         21.68674
   12          0.00000         19.59805        -10.45933         -3.50490         -4.86574         -0.45152         21.68675
   13          0.00000         23.32543         -8.82976         -2.17166         -4.42107         -0.33809         25.56246
   14          0.00000         23.32543         -8.82976         -2.17166         -4.42107         -0.33809         25.56246
   15          0.00000         25.46032        -10.88783         -2.84525         -5.50356         -0.24677         27.99934
   16          0.00000         25.46032        -10.88783         -2.84525         -5.50357         -0.24677         27.99935
   17          0.00000         26.27599        -10.90887         -2.89564         -5.32142         -0.21986         28.96780
   18          0.00000         26.27599        -10.90887         -2.89564         -5.32142         -0.21986         28.96780
   19          0.00000         27.26362         -8.35246         -1.77692         -4.44153         -0.37191         29.39763
   20          0.00000         27.26362         -8.35246         -1.77692         -4.44153         -0.37191         29.39764
   21          0.00000         30.99216         -9.41514         -1.89634         -4.76421         -0.50078         33.74675
   22          0.00000         30.99217         -9.41514         -1.89634         -4.76421         -0.50078         33.74676
   23          0.00000         41.91272        -10.15488         -1.56332         -5.06965         -1.35784         45.43464
   24          0.00000         41.91273        -10.15488         -1.56332         -5.06965         -1.35784         45.43465
   25          0.00000         45.58873         -9.58432         -1.29413         -5.10924         -1.88039         48.76969
   26          0.00000         45.58873         -9.58432         -1.29413         -5.10924         -1.88039         48.76969
   27          0.00000         46.22321         -9.53261         -1.33031         -5.18931         -1.88529         49.23620
   28          0.00000         46.22321         -9.53261         -1.33031         -5.18931         -1.88529         49.23620
   29          0.00000         49.40326         -9.06087         -1.16049         -5.01260         -2.00135         52.29104
   30          0.00000         49.40326         -9.06087         -1.16049         -5.01260         -2.00135         52.29104
   31          0.00000         57.43110         -9.09203         -1.00940         -4.97222         -2.01375         60.54152
   32          0.00000         57.43111         -9.09204         -1.00940         -4.97223         -2.01376         60.54153
   33          0.00000         58.38158         -9.60741         -1.20549         -5.42270         -1.43136         61.36080
   34          0.00000         58.38159         -9.60741         -1.20549         -5.42270         -1.43138         61.36081
   35          0.00000         58.81216         -9.02523         -1.06351         -5.06605         -1.88973         61.70783
   36          0.00000         58.81218         -9.02523         -1.06351         -5.06605         -1.88971         61.70785
   37          0.00000         64.15030         -8.75885         -0.91772         -5.08914         -1.91225         66.90229
   38          0.00000         64.15031         -8.75885         -0.91772         -5.08915         -1.91225         66.90229
   39          0.00000         88.59272         -8.67091         -1.83781        -12.54198          3.64963         82.88383
   40          0.00000         88.59334         -8.67076         -1.83799        -12.54319          3.65005         82.88292
   41          0.00000         93.02306         -8.09346         -1.55110        -11.51481          4.16970         88.05061
   42          0.00000         93.02347         -8.09268         -1.55092        -11.51355          4.16926         88.05169
   43          0.00000        123.30368         -7.32054         -2.66663        -27.03461         18.32764        100.92299
   44          0.00000        123.30381         -7.32061         -2.66663        -27.03464         18.32787        100.92315

spin  1, k-point   60: (0.25000, 0.75000, 0.50000) 
----------------------------------------------------------------------------------------------------------------------------
State              occ             e_mf             v_xc            v_exx           ReSigc           ImSigc             e_qp
----------------------------------------------------------------------------------------------------------------------------
    1         12.00000         -1.38284        -10.97086        -16.13239          4.06541         -0.60892         -2.47895
    2         12.00000         -1.38284        -10.97086        -16.13239          4.06541         -0.60892         -2.47895
    3         12.00000          2.42316         -9.95945        -12.91763          1.89639         -0.10967          1.36137
    4         12.00000          2.42316         -9.95945        -12.91763          1.89639         -0.10967          1.36137
    5          0.00000         10.57407         -9.63178         -5.05924         -3.20810         -0.22456         11.93851
    6          0.00000         10.57407         -9.63178         -5.05924         -3.20810         -0.22456         11.93851
    7          0.00000         11.33416        -10.07172         -4.78271         -3.82782         -0.30244         12.79536
    8          0.00000         11.33416        -10.07172         -4.78271         -3.82782         -0.30244         12.79536
    9          0.00000         16.93109        -10.55358         -3.90337         -4.84108         -0.54771         18.74021
   10          0.00000         16.93109        -10.55358         -3.90337         -4.84108         -0.54771         18.74021
   11          0.00000         19.59805        -10.45933         -3.50490         -4.86574         -0.45152         21.68674
   12          0.00000         19.59805        -10.45933         -3.50490         -4.86574         -0.45152         21.68675
   13          0.00000         23.32543         -8.82976         -2.17166         -4.42107         -0.33809         25.56246
   14          0.00000         23.32543         -8.82976         -2.17166         -4.42107         -0.33809         25.56246
   15          0.00000         25.46032        -10.88783         -2.84525         -5.50356         -0.24677         27.99934
   16          0.00000         25.46032        -10.88783         -2.84525         -5.50357         -0.24677         27.99935
   17          0.00000         26.27599        -10.90887         -2.89564         -5.32142         -0.21986         28.96780
   18          0.00000         26.27599        -10.90887         -2.89564         -5.32142         -0.21986         28.96780
   19          0.00000         27.26362         -8.35246         -1.77692         -4.44153         -0.37191         29.39763
   20          0.00000         27.26362         -8.35246         -1.77692         -4.44153         -0.37191         29.39764
   21          0.00000         30.99216         -9.41514         -1.89634         -4.76421         -0.50078         33.74675
   22          0.00000         30.99217         -9.41514         -1.89634         -4.76421         -0.50078         33.74676
   23          0.00000         41.91272        -10.15488         -1.56332         -5.06965         -1.35784         45.43464
   24          0.00000         41.91273        -10.15488         -1.56332         -5.06965         -1.35784         45.43465
   25          0.00000         45.58873         -9.58432         -1.29413         -5.10924         -1.88039         48.76969
   26          0.00000         45.58873         -9.58432         -1.29413         -5.10924         -1.88039         48.76969
   27          0.00000         46.22321         -9.53261         -1.33031         -5.18931         -1.88529         49.23620
   28          0.00000         46.22321         -9.53261         -1.33031         -5.18931         -1.88529         49.23620
   29          0.00000         49.40326         -9.06087         -1.16049         -5.01260         -2.00135         52.29104
   30          0.00000         49.40326         -9.06087         -1.16049         -5.01260         -2.00135         52.29104
   31          0.00000         57.43110         -9.09203         -1.00940         -4.97222         -2.01375         60.54152
   32          0.00000         57.43111         -9.09204         -1.00940         -4.97223         -2.01376         60.54153
   33          0.00000         58.38158         -9.60741         -1.20549         -5.42270         -1.43136         61.36080
   34          0.00000         58.38159         -9.60741         -1.20549         -5.42270         -1.43138         61.36081
   35          0.00000         58.81216         -9.02523         -1.06351         -5.06605         -1.88973         61.70783
   36          0.00000         58.81218         -9.02523         -1.06351         -5.06605         -1.88971         61.70785
   37          0.00000         64.15030         -8.75885         -0.91772         -5.08914         -1.91225         66.90229
   38          0.00000         64.15031         -8.75885         -0.91772         -5.08915         -1.91225         66.90229
   39          0.00000         88.59272         -8.67091         -1.83781        -12.54198          3.64963         82.88383
   40          0.00000         88.59334         -8.67076         -1.83799        -12.54319          3.65005         82.88292
   41          0.00000         93.02306         -8.09346         -1.55110        -11.51481          4.16970         88.05061
   42          0.00000         93.02347         -8.09268         -1.55092        -11.51355          4.16926         88.05169
   43          0.00000        123.30368         -7.32054         -2.66663        -27.03461         18.32764        100.92299
   44          0.00000        123.30381         -7.32061         -2.66663        -27.03464         18.32787        100.92315

spin  1, k-point   61: (0.50000, 0.25000, 0.75000) 
----------------------------------------------------------------------------------------------------------------------------
State              occ             e_mf             v_xc            v_exx           ReSigc           ImSigc             e_qp
----------------------------------------------------------------------------------------------------------------------------
    1         12.00000         -1.38284        -10.97086        -16.13239          4.06541         -0.60892         -2.47895
    2         12.00000         -1.38284        -10.97086        -16.13239          4.06541         -0.60892         -2.47895
    3         12.00000          2.42316         -9.95945        -12.91763          1.89639         -0.10967          1.36137
    4         12.00000          2.42316         -9.95945        -12.91763          1.89639         -0.10967          1.36137
    5          0.00000         10.57407         -9.63178         -5.05924         -3.20810         -0.22456         11.93851
    6          0.00000         10.57407         -9.63178         -5.05924         -3.20810         -0.22456         11.93851
    7          0.00000         11.33416        -10.07172         -4.78271         -3.82782         -0.30244         12.79536
    8          0.00000         11.33416        -10.07172         -4.78271         -3.82782         -0.30244         12.79536
    9          0.00000         16.93109        -10.55358         -3.90337         -4.84108         -0.54771         18.74021
   10          0.00000         16.93109        -10.55358         -3.90337         -4.84108         -0.54771         18.74021
   11          0.00000         19.59805        -10.45933         -3.50490         -4.86574         -0.45152         21.68674
   12          0.00000         19.59805        -10.45933         -3.50490         -4.86574         -0.45152         21.68675
   13          0.00000         23.32543         -8.82976         -2.17166         -4.42107         -0.33809         25.56246
   14          0.00000         23.32543         -8.82976         -2.17166         -4.42107         -0.33809         25.56246
   15          0.00000         25.46032        -10.88783         -2.84525         -5.50356         -0.24677         27.99934
   16          0.00000         25.46032        -10.88783         -2.84525         -5.50357         -0.24677         27.99935
   17          0.00000         26.27599        -10.90887         -2.89564         -5.32142         -0.21986         28.96780
   18          0.00000         26.27599        -10.90887         -2.89564         -5.32142         -0.21986         28.96780
   19          0.00000         27.26362         -8.35246         -1.77692         -4.44153         -0.37191         29.39763
   20          0.00000         27.26362         -8.35246         -1.77692         -4.44153         -0.37191         29.39764
   21          0.00000         30.99216         -9.41514         -1.89634         -4.76421         -0.50078         33.74675
   22          0.00000         30.99217         -9.41514         -1.89634         -4.76421         -0.50078         33.74676
   23          0.00000         41.91272        -10.15488         -1.56332         -5.06965         -1.35784         45.43464
   24          0.00000         41.91273        -10.15488         -1.56332         -5.06965         -1.35784         45.43465
   25          0.00000         45.58873         -9.58432         -1.29413         -5.10924         -1.88039         48.76969
   26          0.00000         45.58873         -9.58432         -1.29413         -5.10924         -1.88039         48.76969
   27          0.00000         46.22321         -9.53261         -1.33031         -5.18931         -1.88529         49.23620
   28          0.00000         46.22321         -9.53261         -1.33031         -5.18931         -1.88529         49.23620
   29          0.00000         49.40326         -9.06087         -1.16049         -5.01260         -2.00135         52.29104
   30          0.00000         49.40326         -9.06087         -1.16049         -5.01260         -2.00135         52.29104
   31          0.00000         57.43110         -9.09203         -1.00940         -4.97222         -2.01375         60.54152
   32          0.00000         57.43111         -9.09204         -1.00940         -4.97223         -2.01376         60.54153
   33          0.00000         58.38158         -9.60741         -1.20549         -5.42270         -1.43136         61.36080
   34          0.00000         58.38159         -9.60741         -1.20549         -5.42270         -1.43138         61.36081
   35          0.00000         58.81216         -9.02523         -1.06351         -5.06605         -1.88973         61.70783
   36          0.00000         58.81218         -9.02523         -1.06351         -5.06605         -1.88971         61.70785
   37          0.00000         64.15030         -8.75885         -0.91772         -5.08914         -1.91225         66.90229
   38          0.00000         64.15031         -8.75885         -0.91772         -5.08915         -1.91225         66.90229
   39          0.00000         88.59272         -8.67091         -1.83781        -12.54198          3.64963         82.88383
   40          0.00000         88.59334         -8.67076         -1.83799        -12.54319          3.65005         82.88292
   41          0.00000         93.02306         -8.09346         -1.55110        -11.51481          4.16970         88.05061
   42          0.00000         93.02347         -8.09268         -1.55092        -11.51355          4.16926         88.05169
   43          0.00000        123.30368         -7.32054         -2.66663        -27.03461         18.32764        100.92299
   44          0.00000        123.30381         -7.32061         -2.66663        -27.03464         18.32787        100.92315

spin  1, k-point   62: (0.50000, 0.75000, 0.25000) 
----------------------------------------------------------------------------------------------------------------------------
State              occ             e_mf             v_xc            v_exx           ReSigc           ImSigc             e_qp
----------------------------------------------------------------------------------------------------------------------------
    1         12.00000         -1.38284        -10.97086        -16.13239          4.06541         -0.60892         -2.47895
    2         12.00000         -1.38284        -10.97086        -16.13239          4.06541         -0.60892         -2.47895
    3         12.00000          2.42316         -9.95945        -12.91763          1.89639         -0.10967          1.36137
    4         12.00000          2.42316         -9.95945        -12.91763          1.89639         -0.10967          1.36137
    5          0.00000         10.57407         -9.63178         -5.05924         -3.20810         -0.22456         11.93851
    6          0.00000         10.57407         -9.63178         -5.05924         -3.20810         -0.22456         11.93851
    7          0.00000         11.33416        -10.07172         -4.78271         -3.82782         -0.30244         12.79536
    8          0.00000         11.33416        -10.07172         -4.78271         -3.82782         -0.30244         12.79536
    9          0.00000         16.93109        -10.55358         -3.90337         -4.84108         -0.54771         18.74021
   10          0.00000         16.93109        -10.55358         -3.90337         -4.84108         -0.54771         18.74021
   11          0.00000         19.59805        -10.45933         -3.50490         -4.86574         -0.45152         21.68674
   12          0.00000         19.59805        -10.45933         -3.50490         -4.86574         -0.45152         21.68675
   13          0.00000         23.32543         -8.82976         -2.17166         -4.42107         -0.33809         25.56246
   14          0.00000         23.32543         -8.82976         -2.17166         -4.42107         -0.33809         25.56246
   15          0.00000         25.46032        -10.88783         -2.84525         -5.50356         -0.24677         27.99934
   16          0.00000         25.46032        -10.88783         -2.84525         -5.50357         -0.24677         27.99935
   17          0.00000         26.27599        -10.90887         -2.89564         -5.32142         -0.21986         28.96780
   18          0.00000         26.27599        -10.90887         -2.89564         -5.32142         -0.21986         28.96780
   19          0.00000         27.26362         -8.35246         -1.77692         -4.44153         -0.37191         29.39763
   20          0.00000         27.26362         -8.35246         -1.77692         -4.44153         -0.37191         29.39764
   21          0.00000         30.99216         -9.41514         -1.89634         -4.76421         -0.50078         33.74675
   22          0.00000         30.99217         -9.41514         -1.89634         -4.76421         -0.50078         33.74676
   23          0.00000         41.91272        -10.15488         -1.56332         -5.06965         -1.35784         45.43464
   24          0.00000         41.91273        -10.15488         -1.56332         -5.06965         -1.35784         45.43465
   25          0.00000         45.58873         -9.58432         -1.29413         -5.10924         -1.88039         48.76969
   26          0.00000         45.58873         -9.58432         -1.29413         -5.10924         -1.88039         48.76969
   27          0.00000         46.22321         -9.53261         -1.33031         -5.18931         -1.88529         49.23620
   28          0.00000         46.22321         -9.53261         -1.33031         -5.18931         -1.88529         49.23620
   29          0.00000         49.40326         -9.06087         -1.16049         -5.01260         -2.00135         52.29104
   30          0.00000         49.40326         -9.06087         -1.16049         -5.01260         -2.00135         52.29104
   31          0.00000         57.43110         -9.09203         -1.00940         -4.97222         -2.01375         60.54152
   32          0.00000         57.43111         -9.09204         -1.00940         -4.97223         -2.01376         60.54153
   33          0.00000         58.38158         -9.60741         -1.20549         -5.42270         -1.43136         61.36080
   34          0.00000         58.38159         -9.60741         -1.20549         -5.42270         -1.43138         61.36081
   35          0.00000         58.81216         -9.02523         -1.06351         -5.06605         -1.88973         61.70783
   36          0.00000         58.81218         -9.02523         -1.06351         -5.06605         -1.88971         61.70785
   37          0.00000         64.15030         -8.75885         -0.91772         -5.08914         -1.91225         66.90229
   38          0.00000         64.15031         -8.75885         -0.91772         -5.08915         -1.91225         66.90229
   39          0.00000         88.59272         -8.67091         -1.83781        -12.54198          3.64963         82.88383
   40          0.00000         88.59334         -8.67076         -1.83799        -12.54319          3.65005         82.88292
   41          0.00000         93.02306         -8.09346         -1.55110        -11.51481          4.16970         88.05061
   42          0.00000         93.02347         -8.09268         -1.55092        -11.51355          4.16926         88.05169
   43          0.00000        123.30368         -7.32054         -2.66663        -27.03461         18.32764        100.92299
   44          0.00000        123.30381         -7.32061         -2.66663        -27.03464         18.32787        100.92315

spin  1, k-point   63: (0.75000, 0.25000, 0.50000) 
----------------------------------------------------------------------------------------------------------------------------
State              occ             e_mf             v_xc            v_exx           ReSigc           ImSigc             e_qp
----------------------------------------------------------------------------------------------------------------------------
    1         12.00000         -1.38284        -10.97086        -16.13239          4.06541         -0.60892         -2.47895
    2         12.00000         -1.38284        -10.97086        -16.13239          4.06541         -0.60892         -2.47895
    3         12.00000          2.42316         -9.95945        -12.91763          1.89639         -0.10967          1.36137
    4         12.00000          2.42316         -9.95945        -12.91763          1.89639         -0.10967          1.36137
    5          0.00000         10.57407         -9.63178         -5.05924         -3.20810         -0.22456         11.93851
    6          0.00000         10.57407         -9.63178         -5.05924         -3.20810         -0.22456         11.93851
    7          0.00000         11.33416        -10.07172         -4.78271         -3.82782         -0.30244         12.79536
    8          0.00000         11.33416        -10.07172         -4.78271         -3.82782         -0.30244         12.79536
    9          0.00000         16.93109        -10.55358         -3.90337         -4.84108         -0.54771         18.74021
   10          0.00000         16.93109        -10.55358         -3.90337         -4.84108         -0.54771         18.74021
   11          0.00000         19.59805        -10.45933         -3.50490         -4.86574         -0.45152         21.68674
   12          0.00000         19.59805        -10.45933         -3.50490         -4.86574         -0.45152         21.68675
   13          0.00000         23.32543         -8.82976         -2.17166         -4.42107         -0.33809         25.56246
   14          0.00000         23.32543         -8.82976         -2.17166         -4.42107         -0.33809         25.56246
   15          0.00000         25.46032        -10.88783         -2.84525         -5.50356         -0.24677         27.99934
   16          0.00000         25.46032        -10.88783         -2.84525         -5.50357         -0.24677         27.99935
   17          0.00000         26.27599        -10.90887         -2.89564         -5.32142         -0.21986         28.96780
   18          0.00000         26.27599        -10.90887         -2.89564         -5.32142         -0.21986         28.96780
   19          0.00000         27.26362         -8.35246         -1.77692         -4.44153         -0.37191         29.39763
   20          0.00000         27.26362         -8.35246         -1.77692         -4.44153         -0.37191         29.39764
   21          0.00000         30.99216         -9.41514         -1.89634         -4.76421         -0.50078         33.74675
   22          0.00000         30.99217         -9.41514         -1.89634         -4.76421         -0.50078         33.74676
   23          0.00000         41.91272        -10.15488         -1.56332         -5.06965         -1.35784         45.43464
   24          0.00000         41.91273        -10.15488         -1.56332         -5.06965         -1.35784         45.43465
   25          0.00000         45.58873         -9.58432         -1.29413         -5.10924         -1.88039         48.76969
   26          0.00000         45.58873         -9.58432         -1.29413         -5.10924         -1.88039         48.76969
   27          0.00000         46.22321         -9.53261         -1.33031         -5.18931         -1.88529         49.23620
   28          0.00000         46.22321         -9.53261         -1.33031         -5.18931         -1.88529         49.23620
   29          0.00000         49.40326         -9.06087         -1.16049         -5.01260         -2.00135         52.29104
   30          0.00000         49.40326         -9.06087         -1.16049         -5.01260         -2.00135         52.29104
   31          0.00000         57.43110         -9.09203         -1.00940         -4.97222         -2.01375         60.54152
   32          0.00000         57.43111         -9.09204         -1.00940         -4.97223         -2.01376         60.54153
   33          0.00000         58.38158         -9.60741         -1.20549         -5.42270         -1.43136         61.36080
   34          0.00000         58.38159         -9.60741         -1.20549         -5.42270         -1.43138         61.36081
   35          0.00000         58.81216         -9.02523         -1.06351         -5.06605         -1.88973         61.70783
   36          0.00000         58.81218         -9.02523         -1.06351         -5.06605         -1.88971         61.70785
   37          0.00000         64.15030         -8.75885         -0.91772         -5.08914         -1.91225         66.90229
   38          0.00000         64.15031         -8.75885         -0.91772         -5.08915         -1.91225         66.90229
   39          0.00000         88.59272         -8.67091         -1.83781        -12.54198          3.64963         82.88383
   40          0.00000         88.59334         -8.67076         -1.83799        -12.54319          3.65005         82.88292
   41          0.00000         93.02306         -8.09346         -1.55110        -11.51481          4.16970         88.05061
   42          0.00000         93.02347         -8.09268         -1.55092        -11.51355          4.16926         88.05169
   43          0.00000        123.30368         -7.32054         -2.66663        -27.03461         18.32764        100.92299
   44          0.00000        123.30381         -7.32061         -2.66663        -27.03464         18.32787        100.92315

spin  1, k-point   64: (0.75000, 0.50000, 0.25000) 
----------------------------------------------------------------------------------------------------------------------------
State              occ             e_mf             v_xc            v_exx           ReSigc           ImSigc             e_qp
----------------------------------------------------------------------------------------------------------------------------
    1         12.00000         -1.38284        -10.97086        -16.13239          4.06541         -0.60892         -2.47895
    2         12.00000         -1.38284        -10.97086        -16.13239          4.06541         -0.60892         -2.47895
    3         12.00000          2.42316         -9.95945        -12.91763          1.89639         -0.10967          1.36137
    4         12.00000          2.42316         -9.95945        -12.91763          1.89639         -0.10967          1.36137
    5          0.00000         10.57407         -9.63178         -5.05924         -3.20810         -0.22456         11.93851
    6          0.00000         10.57407         -9.63178         -5.05924         -3.20810         -0.22456         11.93851
    7          0.00000         11.33416        -10.07172         -4.78271         -3.82782         -0.30244         12.79536
    8          0.00000         11.33416        -10.07172         -4.78271         -3.82782         -0.30244         12.79536
    9          0.00000         16.93109        -10.55358         -3.90337         -4.84108         -0.54771         18.74021
   10          0.00000         16.93109        -10.55358         -3.90337         -4.84108         -0.54771         18.74021
   11          0.00000         19.59805        -10.45933         -3.50490         -4.86574         -0.45152         21.68674
   12          0.00000         19.59805        -10.45933         -3.50490         -4.86574         -0.45152         21.68675
   13          0.00000         23.32543         -8.82976         -2.17166         -4.42107         -0.33809         25.56246
   14          0.00000         23.32543         -8.82976         -2.17166         -4.42107         -0.33809         25.56246
   15          0.00000         25.46032        -10.88783         -2.84525         -5.50356         -0.24677         27.99934
   16          0.00000         25.46032        -10.88783         -2.84525         -5.50357         -0.24677         27.99935
   17          0.00000         26.27599        -10.90887         -2.89564         -5.32142         -0.21986         28.96780
   18          0.00000         26.27599        -10.90887         -2.89564         -5.32142         -0.21986         28.96780
   19          0.00000         27.26362         -8.35246         -1.77692         -4.44153         -0.37191         29.39763
   20          0.00000         27.26362         -8.35246         -1.77692         -4.44153         -0.37191         29.39764
   21          0.00000         30.99216         -9.41514         -1.89634         -4.76421         -0.50078         33.74675
   22          0.00000         30.99217         -9.41514         -1.89634         -4.76421         -0.50078         33.74676
   23          0.00000         41.91272        -10.15488         -1.56332         -5.06965         -1.35784         45.43464
   24          0.00000         41.91273        -10.15488         -1.56332         -5.06965         -1.35784         45.43465
   25          0.00000         45.58873         -9.58432         -1.29413         -5.10924         -1.88039         48.76969
   26          0.00000         45.58873         -9.58432         -1.29413         -5.10924         -1.88039         48.76969
   27          0.00000         46.22321         -9.53261         -1.33031         -5.18931         -1.88529         49.23620
   28          0.00000         46.22321         -9.53261         -1.33031         -5.18931         -1.88529         49.23620
   29          0.00000         49.40326         -9.06087         -1.16049         -5.01260         -2.00135         52.29104
   30          0.00000         49.40326         -9.06087         -1.16049         -5.01260         -2.00135         52.29104
   31          0.00000         57.43110         -9.09203         -1.00940         -4.97222         -2.01375         60.54152
   32          0.00000         57.43111         -9.09204         -1.00940         -4.97223         -2.01376         60.54153
   33          0.00000         58.38158         -9.60741         -1.20549         -5.42270         -1.43136         61.36080
   34          0.00000         58.38159         -9.60741         -1.20549         -5.42270         -1.43138         61.36081
   35          0.00000         58.81216         -9.02523         -1.06351         -5.06605         -1.88973         61.70783
   36          0.00000         58.81218         -9.02523         -1.06351         -5.06605         -1.88971         61.70785
   37          0.00000         64.15030         -8.75885         -0.91772         -5.08914         -1.91225         66.90229
   38          0.00000         64.15031         -8.75885         -0.91772         -5.08915         -1.91225         66.90229
   39          0.00000         88.59272         -8.67091         -1.83781        -12.54198          3.64963         82.88383
   40          0.00000         88.59334         -8.67076         -1.83799        -12.54319          3.65005         82.88292
   41          0.00000         93.02306         -8.09346         -1.55110        -11.51481          4.16970         88.05061
   42          0.00000         93.02347         -8.09268         -1.55092        -11.51355          4.16926         88.05169
   43          0.00000        123.30368         -7.32054         -2.66663        -27.03461         18.32764        100.92299
   44          0.00000        123.30381         -7.32061         -2.66663        -27.03464         18.32787        100.92315

Band k-path file disabled_for_grid_only_sigc_comparison is not found under /home/bhj/ai-runs/librpa-qsgw-gate1-current-20260723-4f9ab0cf-g0w0-v2/input-overlay/, skip band calculation
Finalizing LibRPA global environment at [2026-07-23 01:59:43.263]
Entry                                             #calls       CPU time (s)       Wall time (s)     
----------------------------------------------------------------------------------------------------
Total for driver                                  1            26343.9684         863.5702          
 Driver Read Input Parameters                     1             0.0001             0.0001           
 Driver Read Task-Common Input Data               1             26.8288            26.8570          
  DFT SCF eigenvalues/occupations                 1              0.0004             0.0004          
   api_set_scf_dimension                          1               0.0001             0.0001         
   api_set_wg_ekb_efermi                          1               0.0000             0.0000         
  Structure                                       1              0.0002             0.0002          
   api_set_latvec_and_G                           1               0.0000             0.0000         
   api_set_atoms                                  1               0.0000             0.0000         
   api_set_symmetry_operations                    1               0.0000             0.0000         
  BZ sampling                                     1              0.0002             0.0002          
   api_set_kgrids_kvec                            1               0.0001             0.0001         
   api_set_kq_mapping                             1               0.0000             0.0000         
  Basis (wave-function and auxiliary)             1              0.0001             0.0001          
   api_set_basis_convention                       1               0.0000             0.0000         
   api_set_ao_basis_wfc                           1               0.0000             0.0000         
   api_set_ao_basis_aux                           1               0.0000             0.0000         
  SCF eigenvectors                                1              0.0084             0.0084          
   api_set_wfc                                    8               0.0002             0.0002         
  driver_read_ri                                  1              26.8192            26.8474         
   driver_read_Cs                                 1               19.7480            19.7667        
    handle_Cs_file_dry                            1                9.7018             9.7089        
    handle_Cs_file                                1                10.0459            10.0575       
     api_set_lri_coeff                            210               0.2421             0.2423       
   api_set_ao_basis_aux_shrink                    1               0.0000             0.0000         
   read_Cs_shrink                                 1               6.0914             6.1002         
    handle_Cs_file_dry                            1                2.9978             3.0012        
    handle_Cs_file                                1                3.0934             3.0987        
     api_set_lri_coeff_shrink                     210               0.0719             0.0720       
   Load shrink transformation                     1               0.8278             0.8284         
    handle_sinvS_file                             1                0.8277             0.8282        
   driver_read_Vq                                 1               0.1518             0.1520         
    handle_Vq_row_file                            1                0.1484             0.1485        
    set_aux_coulomb_k_atom_pair_out               1                0.0033             0.0033        
     api_set_aux_bare_coulomb_k_atom_pair         24                0.0027             0.0027       
 G0W0 quasi-particle calculation                  1             26316.9999         836.7031         
  Load truncated Coulomb                          1              0.1537             0.1539          
   handle_Vq_row_file                             1               0.1503             0.1505         
   set_aux_coulomb_k_atom_pair_out                1               0.0033             0.0033         
    api_set_aux_cut_coulomb_k_atom_pair           24               0.0027             0.0027        
  Load DFT xc potential                           1              0.0003             0.0003          
  api_build_g0w0_sigma                            1              26312.7345         836.4202        
   initialize_ds_tfgrids                          1               1.1952             0.0641         
   initialize_ds_atpairs_local                    1               0.0016             0.0001         
   redistribute_coulomb_blacs2ap                  1               0.0008             0.0000         
   initialize_ds_chi0                             1               6.4877             0.3162         
   Build response function chi0                   1               248.2590           7.7871         
    Loop over LibRI                               1                248.2565           7.7868        
     chi0_libri_routing_set_parallel              1                 0.0002             0.0002       
     Set Cs                                       1                 0.0175             0.0176       
     build_gf_Rt_libri_serial                     12                18.9067            0.5932       
     chi0_set_Gs                                  6                 0.1335             0.0042       
     Call cal_chi0s                               6                 196.3366           6.1443       
     chi0_libri_routing_free_gf                   6                 0.0259             0.0008       
     Collect R blocks                             6                 0.3351             0.0105       
     Cosine transform to R-space                  6                 0.2102             0.0066       
     Delayed Fourier transform                    1                 28.2433            0.8827       
      Restore chi0 full real-space sector         6                  26.3683            0.8241      
   Build exchange self-energy                     1               175.8489           5.6158         
    initialize_ds_exx                             1                6.3614             0.3119        
    Fourier transform truncated Coulomb           1                10.6032            0.3377        
    g0w0_exx_real_work                            1                158.8817           4.9661        
     Prepare C libRI object                       1                 0.5673             0.0177       
     Prepare V libRI object                       1                 5.6144             0.1755       
      build_real_space_exx_2_1                    1                  0.6319             0.0198      
      build_real_space_exx_2_2                    1                  0.1883             0.0059      
     build_real_space_exx_prepare_index           1                 0.0048             0.0002       
      index_scheduler_init_pairs_unordered_map    1                  0.0001             0.0000      
      index_scheduler_ids_rc                      1                  0.0000             0.0000      
      index_scheduler_compute_map                 1                  0.0015             0.0000      
      index_scheduler_flatten                     1                  0.0000             0.0000      
     Prepare DM libRI object                      1                 18.8511            0.5893       
      exx_build_dmat_libri_kserial                1                  18.6964            0.5844      
      build_real_space_exx_libri_set_Ds           1                  0.1516             0.0047      
     Call libRI Hexx calculation                  1                 133.3318           4.1674       
     build_real_space_exx_5                       1                 0.2285             0.0071       
   Build screened interaction                     1               52.8696            1.8112         
    compute_Wc_freq_q_blacs_init                  1                0.1173             0.0037        
    compute_Wc_freq_q_work                        1                44.7729            1.5581        
     Prepare sqrt of truncated Coulomb            8                 13.2119            0.4721       
      Setup libRI object                          8                  0.0461             0.0016      
      libRI Communicate                           8                  1.0632             0.0342      
      Collect 2D-block from IJ                    8                  0.2871             0.0090      
      Perform square root                         8                  11.7828            0.4264      
       power_hemat_blacs_real                     1                   1.2958             0.0448     
        power_hemat_blacs_1                       1                    0.0064             0.0002    
        power_hemat_blacs_2                       1                    1.1327             0.0397    
        power_hemat_blacs_3                       1                    0.0003             0.0000    
        power_hemat_blacs_4                       1                    0.0786             0.0025    
       power_hemat_blacs                          7                   10.4695            0.3809     
        power_hemat_blacs_1                       7                    0.0193             0.0006    
        power_hemat_blacs_2                       7                    9.9832             0.3645    
        power_hemat_blacs_3                       7                    0.0596             0.0022    
        power_hemat_blacs_4                       7                    0.0022             0.0001    
        power_hemat_blacs_5                       7                    0.2868             0.0099    
     Prepare sqrt of bare Coulomb                 8                 12.5727            0.4485       
      power_hemat_blacs_real                      1                  1.0408             0.0359      
       power_hemat_blacs_1                        1                   0.0030             0.0001     
       power_hemat_blacs_2                        1                   0.9426             0.0329     
       power_hemat_blacs_3                        1                   0.0003             0.0000     
       power_hemat_blacs_4                        1                   0.0446             0.0014     
      power_hemat_blacs                           7                  10.3345            0.3748      
       power_hemat_blacs_1                        7                   0.0178             0.0006     
       power_hemat_blacs_2                        7                   9.8766             0.3598     
       power_hemat_blacs_3                        7                   0.0643             0.0021     
       power_hemat_blacs_4                        7                   0.0022             0.0001     
       power_hemat_blacs_5                        7                   0.2777             0.0093     
     epsilon_wc_work_q_omega                      48                18.6011            0.6245       
      Prepare Chi0 2D block                       48                 10.8759            0.3439      
       epsilon_prepare_chi0_2d_comm_map2          48                  5.4599             0.1709     
       epsilon_prepare_chi0_2d_collect_block      48                  1.4911             0.0468     
      Compute dielectric matrix                   48                 0.8177             0.0258      
       epsilon_compute_eps_pgemm_1                48                  0.1645             0.0133     
       epsilon_compute_eps_pgemm_2                48                  0.1465             0.0097     
      epsilon_to_wc                               48                 6.2995             0.2345      
       epsilon_solver_coulwc                      48                  5.8179             0.2201     
       Multiply truncated Coulomb                 48                  0.2646             0.0112     
    Collect compressed Wc from BLACS to atom pairs 1                7.9735             0.2493        
   initialize_ds_g0w0                             1               6.3460             0.3126         
   Build real-space correlation self-energy       1               25821.4071         820.5030       
    Tranform Wc (q,w) -> (q,t)                    1                0.7540             0.0300        
    Tranform Wc (q,t) -> (R,t)                    1                1752.0558          65.7442       
     Do shrink transformation                     6                 116.1884           3.6766       
      Prepare Wc 2D block for unfold              48                 12.2409            0.3921      
       unfold_prepare_Wc_2d_comm_map2             48                  6.0632             0.1898     
       unfold_prepare_Wc_2d_collect_block         48                  1.2636             0.0396     
     Construct Lower Half of Wc(q,t)              6                 10.0956            0.3155       
     Tranform Wc (q,t) -> (R,t)                   6                 1617.9504          53.9369      
     Prepare LibRI Wc object                      6                 7.5098             7.5169       
    Setup LibRI G0W0 object and C data            1                0.0575             0.0575        
    Setup LibRI Wc                                6                6.2829             0.4652        
    Compute G(R,t) and G(R,-t)                    6                19.0444            0.5962        
     g0w0_build_gf_libri_kserial                  6                 19.0354            0.5958       
    Call libRI cal_Sigc                           12               24024.5615         752.8711      
    g0w0_build_spacetime_5_clean                  12               14.0984            0.5478        
    Transform Sigc (R,t) -> (R,w)                 6                0.9961             0.0407        
    g0w0_build_spacetime_free_Ws                  6                0.0277             0.0011        
  api_get_exx_pot_kgrid                           1              0.3405             0.0107          
   exx_build_KS_blacs_redist                      1               0.1322             0.0042         
    exx_build_KS_blacs_redist_comm_map2           1                0.1218             0.0038        
   Hexx IJ -> 2D block                            8               0.1026             0.0033         
   Rotate Hexx ij -> KS with root dense IBZ projection 8               0.0525             0.0016         
   Collect Eexx to root process                   8               0.0169             0.0005         
  api_get_g0w0_sigc_kgrid                         1              3.1621             0.0988          
   Correlation self-energy in K-S space           1               2.7638             0.0864         
    g0w0_build_sigc_KS                            1                2.7421             0.0857        
     g0w0_build_sigc_KS_rspace_redist             1                 2.1123             0.0660       
     g0w0_build_sigc_KS_find_bvk                  1                 0.0124             0.0004       
     g0w0_build_sigc_KS_rotate_kserial            1                 0.6036             0.0189       
   Export self-energy in KS basis                 1               0.2801             0.0088         
   Solve quasi-particle equation                  1               0.1141             0.0036         
libRPA finished successfully
