[2026-07-23 02:35:38.614] Timer start: driver_total. Free memory on node [GB]: 338.08
[2026-07-23 02:35:38.620] Timer start: driver_read_params. Free memory on node [GB]: 338.076
[2026-07-23 02:35:38.620] Timer stop:  driver_read_params. Free memory on node [GB]: 338.076
[2026-07-23 02:35:38.620] Timer start: driver_read_common_input_data. Free memory on node [GB]: 338.076
[2026-07-23 02:35:38.620] Timer start: driver_band_out. Free memory on node [GB]: 338.076
Local k-point indices: [0,1,2,3,4,5,6,7](v8)
k-point communicator : Proc    0 of Size    1: Fisherd-Server
BLACS communicator   : Proc    0 of Size    1: Fisherd-Server
desc_wfc_kb      : DESC 1 1 44 44 44 44 0 0 44
desc_wfc_kb_full : DESC 1 1 44 44 44 44 0 0 44
[2026-07-23 02:35:38.620] Timer stop:  driver_band_out. Free memory on node [GB]: 338.076
[2026-07-23 02:35:38.620] Timer start: driver_struct. Free memory on node [GB]: 338.076
[2026-07-23 02:35:38.620] Timer stop:  driver_struct. Free memory on node [GB]: 338.076
[2026-07-23 02:35:38.620] Timer start: driver_bz. Free memory on node [GB]: 338.076
Shifted 1 loaded k-points into the [0,1) fractional convention
[2026-07-23 02:35:38.621] Timer stop:  driver_bz. Free memory on node [GB]: 338.076
[2026-07-23 02:35:38.621] Timer start: driver_basis. Free memory on node [GB]: 338.076
Basis convention set:
| Bloch phase      : -1
| Bloch r_atom     : 0
| angular order    : 1
| RSH coeff m < 0  : 1
| RSH coeff m > 0  : 0
[2026-07-23 02:35:38.621] Timer stop:  driver_basis. Free memory on node [GB]: 338.076
[2026-07-23 02:35:38.621] Timer start: driver_read_eigenvector. Free memory on node [GB]: 338.076
Wave-function set : ispin = 0 ik = 0 nstates_local = 44 nbasis_local = 44
Wave-function set : ispin = 0 ik = 1 nstates_local = 44 nbasis_local = 44
Wave-function set : ispin = 0 ik = 2 nstates_local = 44 nbasis_local = 44
Wave-function set : ispin = 0 ik = 3 nstates_local = 44 nbasis_local = 44
Wave-function set : ispin = 0 ik = 4 nstates_local = 44 nbasis_local = 44
Wave-function set : ispin = 0 ik = 5 nstates_local = 44 nbasis_local = 44
Wave-function set : ispin = 0 ik = 6 nstates_local = 44 nbasis_local = 44
Wave-function set : ispin = 0 ik = 7 nstates_local = 44 nbasis_local = 44
[2026-07-23 02:35:38.629] Timer stop:  driver_read_eigenvector. Free memory on node [GB]: 338.076
[2026-07-23 02:35:38.629] Timer start: driver_read_ri. Free memory on node [GB]: 338.076
[2026-07-23 02:35:38.629] Timer start: driver_read_Cs. Free memory on node [GB]: 338.076
[2026-07-23 02:35:38.629] Timer start: handle_Cs_file_dry. Free memory on node [GB]: 338.076
Reading /home/bhj/ai-runs/librpa-qsgw-gate2-current-20260723-dd7a75f2-v1/input-overlay/Cs_data_0.txt binary ? false
/home/bhj/ai-runs/librpa-qsgw-gate2-current-20260723-dd7a75f2-v1/input-overlay/Cs_data_0.txt: [0,1,2,3,4,5,6,7,8,9,10,11,12,13,14,15,16,17,18,19,20,21,22,23,24,25,26,27,28,29,30,31,32,33,34,35,36,37,38,39,40,41,42,43,44,45,46,47,48,49,50,51,52,53,54,55,56,57,58](v59)
Reading /home/bhj/ai-runs/librpa-qsgw-gate2-current-20260723-dd7a75f2-v1/input-overlay/Cs_data_1.txt binary ? false
/home/bhj/ai-runs/librpa-qsgw-gate2-current-20260723-dd7a75f2-v1/input-overlay/Cs_data_1.txt: [0,1,2,3,4,5,6,7,8,9,10,11,12,13,14,15,16,17,18,19,20,21,22,23,24,25,26,27,28,29,30,31,32,33,34,35,36,37,38,39,40,41,42,43,44,45](v46)
Reading /home/bhj/ai-runs/librpa-qsgw-gate2-current-20260723-dd7a75f2-v1/input-overlay/Cs_data_2.txt binary ? false
/home/bhj/ai-runs/librpa-qsgw-gate2-current-20260723-dd7a75f2-v1/input-overlay/Cs_data_2.txt: [0,1,2,3,4,5,6,7,8,9,10,11,12,13,14,15,16,17,18,19,20,21,22,23,24,25,26,27,28,29,30,31,32,33,34,35,36,37,38,39,40,41,42,43,44,45,46,47,48,49,50,51,52,53,54](v55)
Reading /home/bhj/ai-runs/librpa-qsgw-gate2-current-20260723-dd7a75f2-v1/input-overlay/Cs_data_3.txt binary ? false
/home/bhj/ai-runs/librpa-qsgw-gate2-current-20260723-dd7a75f2-v1/input-overlay/Cs_data_3.txt: [0,1,2,3,4,5,6,7,8,9,10,11,12,13,14,15,16,17,18,19,20,21,22,23,24,25,26,27,28,29,30,31,32,33,34,35,36,37,38,39,40,41,42,43,44,45,46,47,48,49](v50)
[2026-07-23 02:35:48.433] Timer stop:  handle_Cs_file_dry. Free memory on node [GB]: 338.089
[2026-07-23 02:35:48.433] Timer start: handle_Cs_file. Free memory on node [GB]: 338.089
Number of Cs files to process: 4
/home/bhj/ai-runs/librpa-qsgw-gate2-current-20260723-dd7a75f2-v1/input-overlay/Cs_data_3.txt [0,1,2,3,4,5,6,7,8,9,10,11,12,13,14,15,16,17,18,19,20,21,22,23,24,25,26,27,28,29,30,31,32,33,34,35,36,37,38,39,40,41,42,43,44,45,46,47,48,49](v50)
/home/bhj/ai-runs/librpa-qsgw-gate2-current-20260723-dd7a75f2-v1/input-overlay/Cs_data_2.txt [0,1,2,3,4,5,6,7,8,9,10,11,12,13,14,15,16,17,18,19,20,21,22,23,24,25,26,27,28,29,30,31,32,33,34,35,36,37,38,39,40,41,42,43,44,45,46,47,48,49,50,51,52,53,54](v55)
/home/bhj/ai-runs/librpa-qsgw-gate2-current-20260723-dd7a75f2-v1/input-overlay/Cs_data_1.txt [0,1,2,3,4,5,6,7,8,9,10,11,12,13,14,15,16,17,18,19,20,21,22,23,24,25,26,27,28,29,30,31,32,33,34,35,36,37,38,39,40,41,42,43,44,45](v46)
/home/bhj/ai-runs/librpa-qsgw-gate2-current-20260723-dd7a75f2-v1/input-overlay/Cs_data_0.txt [0,1,2,3,4,5,6,7,8,9,10,11,12,13,14,15,16,17,18,19,20,21,22,23,24,25,26,27,28,29,30,31,32,33,34,35,36,37,38,39,40,41,42,43,44,45,46,47,48,49,50,51,52,53,54,55,56,57,58](v59)
[2026-07-23 02:35:58.468] Timer stop:  handle_Cs_file. Free memory on node [GB]: 337.756
[2026-07-23 02:35:58.468] Timer stop:  driver_read_Cs. Free memory on node [GB]: 337.756
[2026-07-23 02:35:58.468] Timer start: read_Cs_shrink. Free memory on node [GB]: 337.756
[2026-07-23 02:35:58.469] Timer start: handle_Cs_file_dry. Free memory on node [GB]: 337.756
Reading /home/bhj/ai-runs/librpa-qsgw-gate2-current-20260723-dd7a75f2-v1/input-overlay/Cs_shrinked_data_0.txt binary ? false
/home/bhj/ai-runs/librpa-qsgw-gate2-current-20260723-dd7a75f2-v1/input-overlay/Cs_shrinked_data_0.txt: [0,1,2,3,4,5,6,7,8,9,10,11,12,13,14,15,16,17,18,19,20,21,22,23,24,25,26,27,28,29,30,31,32,33,34,35,36,37,38,39,40,41,42,43,44,45,46,47,48,49,50,51,52,53,54,55,56,57,58](v59)
Reading /home/bhj/ai-runs/librpa-qsgw-gate2-current-20260723-dd7a75f2-v1/input-overlay/Cs_shrinked_data_1.txt binary ? false
/home/bhj/ai-runs/librpa-qsgw-gate2-current-20260723-dd7a75f2-v1/input-overlay/Cs_shrinked_data_1.txt: [0,1,2,3,4,5,6,7,8,9,10,11,12,13,14,15,16,17,18,19,20,21,22,23,24,25,26,27,28,29,30,31,32,33,34,35,36,37,38,39,40,41,42,43,44,45](v46)
Reading /home/bhj/ai-runs/librpa-qsgw-gate2-current-20260723-dd7a75f2-v1/input-overlay/Cs_shrinked_data_2.txt binary ? false
/home/bhj/ai-runs/librpa-qsgw-gate2-current-20260723-dd7a75f2-v1/input-overlay/Cs_shrinked_data_2.txt: [0,1,2,3,4,5,6,7,8,9,10,11,12,13,14,15,16,17,18,19,20,21,22,23,24,25,26,27,28,29,30,31,32,33,34,35,36,37,38,39,40,41,42,43,44,45,46,47,48,49,50,51,52,53,54](v55)
Reading /home/bhj/ai-runs/librpa-qsgw-gate2-current-20260723-dd7a75f2-v1/input-overlay/Cs_shrinked_data_3.txt binary ? false
/home/bhj/ai-runs/librpa-qsgw-gate2-current-20260723-dd7a75f2-v1/input-overlay/Cs_shrinked_data_3.txt: [0,1,2,3,4,5,6,7,8,9,10,11,12,13,14,15,16,17,18,19,20,21,22,23,24,25,26,27,28,29,30,31,32,33,34,35,36,37,38,39,40,41,42,43,44,45,46,47,48,49](v50)
[2026-07-23 02:36:01.520] Timer stop:  handle_Cs_file_dry. Free memory on node [GB]: 337.764
[2026-07-23 02:36:01.520] Timer start: handle_Cs_file. Free memory on node [GB]: 337.764
Number of Cs files to process: 4
/home/bhj/ai-runs/librpa-qsgw-gate2-current-20260723-dd7a75f2-v1/input-overlay/Cs_shrinked_data_2.txt [0,1,2,3,4,5,6,7,8,9,10,11,12,13,14,15,16,17,18,19,20,21,22,23,24,25,26,27,28,29,30,31,32,33,34,35,36,37,38,39,40,41,42,43,44,45,46,47,48,49,50,51,52,53,54](v55)
/home/bhj/ai-runs/librpa-qsgw-gate2-current-20260723-dd7a75f2-v1/input-overlay/Cs_shrinked_data_3.txt [0,1,2,3,4,5,6,7,8,9,10,11,12,13,14,15,16,17,18,19,20,21,22,23,24,25,26,27,28,29,30,31,32,33,34,35,36,37,38,39,40,41,42,43,44,45,46,47,48,49](v50)
/home/bhj/ai-runs/librpa-qsgw-gate2-current-20260723-dd7a75f2-v1/input-overlay/Cs_shrinked_data_1.txt [0,1,2,3,4,5,6,7,8,9,10,11,12,13,14,15,16,17,18,19,20,21,22,23,24,25,26,27,28,29,30,31,32,33,34,35,36,37,38,39,40,41,42,43,44,45](v46)
/home/bhj/ai-runs/librpa-qsgw-gate2-current-20260723-dd7a75f2-v1/input-overlay/Cs_shrinked_data_0.txt [0,1,2,3,4,5,6,7,8,9,10,11,12,13,14,15,16,17,18,19,20,21,22,23,24,25,26,27,28,29,30,31,32,33,34,35,36,37,38,39,40,41,42,43,44,45,46,47,48,49,50,51,52,53,54,55,56,57,58](v59)
[2026-07-23 02:36:04.613] Timer stop:  handle_Cs_file. Free memory on node [GB]: 337.676
[2026-07-23 02:36:04.613] Timer stop:  read_Cs_shrink. Free memory on node [GB]: 337.676
[2026-07-23 02:36:04.613] Timer start: read_shrink_sinvS_fold. Free memory on node [GB]: 337.676
[2026-07-23 02:36:04.613] Timer start: handle_sinvS_file. Free memory on node [GB]: 337.676
[2026-07-23 02:36:05.444] Timer stop:  handle_sinvS_file. Free memory on node [GB]: 337.656
[2026-07-23 02:36:05.444] Timer stop:  read_shrink_sinvS_fold. Free memory on node [GB]: 337.656
[2026-07-23 02:36:05.444] Timer start: driver_read_Vq. Free memory on node [GB]: 337.656
[2026-07-23 02:36:05.444] Timer start: handle_Vq_row_file. Free memory on node [GB]: 337.656
[2026-07-23 02:36:05.594] Timer stop:  handle_Vq_row_file. Free memory on node [GB]: 337.647
[2026-07-23 02:36:05.594] Timer start: set_aux_coulomb_k_atom_pair_out. Free memory on node [GB]: 337.647
[2026-07-23 02:36:05.597] Timer stop:  set_aux_coulomb_k_atom_pair_out. Free memory on node [GB]: 337.647
[2026-07-23 02:36:05.597] Timer stop:  driver_read_Vq. Free memory on node [GB]: 337.647
[2026-07-23 02:36:05.597] Timer stop:  driver_read_ri. Free memory on node [GB]: 337.647
[2026-07-23 02:36:05.597] Timer stop:  driver_read_common_input_data. Free memory on node [GB]: 337.647
[2026-07-23 02:36:05.597] Timer start: qsgw. Free memory on node [GB]: 337.647
[2026-07-23 02:36:05.598] Timer start: handle_Vq_row_file. Free memory on node [GB]: 337.647
[2026-07-23 02:36:05.752] Timer stop:  handle_Vq_row_file. Free memory on node [GB]: 337.639
[2026-07-23 02:36:05.752] Timer start: set_aux_coulomb_k_atom_pair_out. Free memory on node [GB]: 337.639
[2026-07-23 02:36:05.756] Timer stop:  set_aux_coulomb_k_atom_pair_out. Free memory on node [GB]: 337.639
Detected symmetry operations from structure
| irreducible atom pairs : 4
| irreducible {pair, R}  : 42
| real-space operations  : 48
| IBZ k-stars            : 8
| total star members     : 64
| k rotations            : generated from symmetry operations
| RSH rotation cache     : 48 operations
| legacy sidecars        : ignored (symrot_R/symrot_k/irreducible_sector)
[2026-07-23 02:36:16.775] Timer start: api_build_g0w0_sigma. Free memory on node [GB]: 337.643
[2026-07-23 02:36:16.775] Timer start: initialize_ds_tfgrids. Free memory on node [GB]: 337.643
[2026-07-23 02:36:16.829] Timer stop:  initialize_ds_tfgrids. Free memory on node [GB]: 337.635
[2026-07-23 02:36:16.829] Timer start: initialize_ds_atpairs_local. Free memory on node [GB]: 337.635
[2026-07-23 02:36:16.829] Timer stop:  initialize_ds_atpairs_local. Free memory on node [GB]: 337.635
[2026-07-23 02:36:16.829] Timer start: redistribute_coulomb_blacs2ap. Free memory on node [GB]: 337.635
[2026-07-23 02:36:16.829] Timer stop:  redistribute_coulomb_blacs2ap. Free memory on node [GB]: 337.635
[2026-07-23 02:36:16.829] Timer start: initialize_ds_chi0. Free memory on node [GB]: 337.635
Detected symmetry operations from structure
| irreducible atom pairs : 4
| irreducible {pair, R}  : 42
| real-space operations  : 48
| IBZ k-stars            : 8
| total star members     : 64
| k rotations            : generated from symmetry operations
| RSH rotation cache     : 48 operations
| legacy sidecars        : ignored (symrot_R/symrot_k/irreducible_sector)
[2026-07-23 02:36:17.143] Timer stop:  initialize_ds_chi0. Free memory on node [GB]: 337.635
[2026-07-23 02:36:17.143] Timer start: chi0_build. Free memory on node [GB]: 337.635
[2026-07-23 02:36:17.143] Timer start: LibRI_routing. Free memory on node [GB]: 337.635
Estimated chi0_q work memory [GB]: 0.0342927
chi0 delayed CT/FT enabled: true (nq = 8, nfreq = 6)
[2026-07-23 02:36:17.143] Timer start: chi0_libri_routing_set_parallel. Free memory on node [GB]: 337.635
[2026-07-23 02:36:17.143] Timer stop:  chi0_libri_routing_set_parallel. Free memory on node [GB]: 337.635
[2026-07-23 02:36:17.143] Timer start: chi0_libri_routing_set_cs. Free memory on node [GB]: 337.635
[2026-07-23 02:36:17.160] Timer stop:  chi0_libri_routing_set_cs. Free memory on node [GB]: 337.635
[2026-07-23 02:36:17.160] Timer start: build_gf_Rt_libri_serial. Free memory on node [GB]: 337.635
map_R_IJs {"(        -2,        -2,        -2)":"[{0,0},{0,1},{1,0},{1,1}](v4)"
"(        -2,        -2,        -1)":"[{0,0},{0,1},{1,0},{1,1}](v4)"
"(        -2,        -2,         0)":"[{0,0},{0,1},{1,0},{1,1}](v4)"
"(        -2,        -2,         1)":"[{0,0},{0,1},{1,0},{1,1}](v4)"
"(        -2,        -1,        -2)":"[{0,0},{0,1},{1,0},{1,1}](v4)"
"(        -2,        -1,        -1)":"[{0,0},{0,1},{1,0},{1,1}](v4)"
"(        -2,        -1,         0)":"[{0,0},{0,1},{1,0},{1,1}](v4)"
"(        -2,        -1,         1)":"[{0,0},{0,1},{1,0},{1,1}](v4)"
"(        -2,         0,        -2)":"[{0,0},{0,1},{1,0},{1,1}](v4)"
"(        -2,         0,        -1)":"[{0,0},{0,1},{1,0},{1,1}](v4)"
"(        -2,         0,         0)":"[{0,0},{0,1},{1,0},{1,1}](v4)"
"(        -2,         0,         1)":"[{0,0},{0,1},{1,0},{1,1}](v4)"
"(        -2,         1,        -2)":"[{0,0},{0,1},{1,0},{1,1}](v4)"
"(        -2,         1,        -1)":"[{0,0},{0,1},{1,0},{1,1}](v4)"
"(        -2,         1,         0)":"[{0,0},{0,1},{1,0},{1,1}](v4)"
"(        -2,         1,         1)":"[{0,0},{0,1},{1,0},{1,1}](v4)"
"(        -1,        -2,        -2)":"[{0,0},{0,1},{1,0},{1,1}](v4)"
"(        -1,        -2,        -1)":"[{0,0},{0,1},{1,0},{1,1}](v4)"
"(        -1,        -2,         0)":"[{0,0},{0,1},{1,0},{1,1}](v4)"
"(        -1,        -2,         1)":"[{0,0},{0,1},{1,0},{1,1}](v4)"
"(        -1,        -1,        -2)":"[{0,0},{0,1},{1,0},{1,1}](v4)"
"(        -1,        -1,        -1)":"[{0,0},{0,1},{1,0},{1,1}](v4)"
"(        -1,        -1,         0)":"[{0,0},{0,1},{1,0},{1,1}](v4)"
"(        -1,        -1,         1)":"[{0,0},{0,1},{1,0},{1,1}](v4)"
"(        -1,         0,        -2)":"[{0,0},{0,1},{1,0},{1,1}](v4)"
"(        -1,         0,        -1)":"[{0,0},{0,1},{1,0},{1,1}](v4)"
"(        -1,         0,         0)":"[{0,0},{0,1},{1,0},{1,1}](v4)"
"(        -1,         0,         1)":"[{0,0},{0,1},{1,0},{1,1}](v4)"
"(        -1,         1,        -2)":"[{0,0},{0,1},{1,0},{1,1}](v4)"
"(        -1,         1,        -1)":"[{0,0},{0,1},{1,0},{1,1}](v4)"
"(        -1,         1,         0)":"[{0,0},{0,1},{1,0},{1,1}](v4)"
"(        -1,         1,         1)":"[{0,0},{0,1},{1,0},{1,1}](v4)"
"(         0,        -2,        -2)":"[{0,0},{0,1},{1,0},{1,1}](v4)"
"(         0,        -2,        -1)":"[{0,0},{0,1},{1,0},{1,1}](v4)"
"(         0,        -2,         0)":"[{0,0},{0,1},{1,0},{1,1}](v4)"
"(         0,        -2,         1)":"[{0,0},{0,1},{1,0},{1,1}](v4)"
"(         0,        -1,        -2)":"[{0,0},{0,1},{1,0},{1,1}](v4)"
"(         0,        -1,        -1)":"[{0,0},{0,1},{1,0},{1,1}](v4)"
"(         0,        -1,         0)":"[{0,0},{0,1},{1,0},{1,1}](v4)"
"(         0,        -1,         1)":"[{0,0},{0,1},{1,0},{1,1}](v4)"
"(         0,         0,        -2)":"[{0,0},{0,1},{1,0},{1,1}](v4)"
"(         0,         0,        -1)":"[{0,0},{0,1},{1,0},{1,1}](v4)"
"(         0,         0,         0)":"[{0,0},{0,1},{1,0},{1,1}](v4)"
"(         0,         0,         1)":"[{0,0},{0,1},{1,0},{1,1}](v4)"
"(         0,         1,        -2)":"[{0,0},{0,1},{1,0},{1,1}](v4)"
"(         0,         1,        -1)":"[{0,0},{0,1},{1,0},{1,1}](v4)"
"(         0,         1,         0)":"[{0,0},{0,1},{1,0},{1,1}](v4)"
"(         0,         1,         1)":"[{0,0},{0,1},{1,0},{1,1}](v4)"
"(         1,        -2,        -2)":"[{0,0},{0,1},{1,0},{1,1}](v4)"
"(         1,        -2,        -1)":"[{0,0},{0,1},{1,0},{1,1}](v4)"
"(         1,        -2,         0)":"[{0,0},{0,1},{1,0},{1,1}](v4)"
"(         1,        -2,         1)":"[{0,0},{0,1},{1,0},{1,1}](v4)"
"(         1,        -1,        -2)":"[{0,0},{0,1},{1,0},{1,1}](v4)"
"(         1,        -1,        -1)":"[{0,0},{0,1},{1,0},{1,1}](v4)"
"(         1,        -1,         0)":"[{0,0},{0,1},{1,0},{1,1}](v4)"
"(         1,        -1,         1)":"[{0,0},{0,1},{1,0},{1,1}](v4)"
"(         1,         0,        -2)":"[{0,0},{0,1},{1,0},{1,1}](v4)"
"(         1,         0,        -1)":"[{0,0},{0,1},{1,0},{1,1}](v4)"
"(         1,         0,         0)":"[{0,0},{0,1},{1,0},{1,1}](v4)"
"(         1,         0,         1)":"[{0,0},{0,1},{1,0},{1,1}](v4)"
"(         1,         1,        -2)":"[{0,0},{0,1},{1,0},{1,1}](v4)"
"(         1,         1,        -1)":"[{0,0},{0,1},{1,0},{1,1}](v4)"
"(         1,         1,         0)":"[{0,0},{0,1},{1,0},{1,1}](v4)"
"(         1,         1,         1)":"[{0,0},{0,1},{1,0},{1,1}](v4)"
}
[2026-07-23 02:36:17.215] Timer stop:  build_gf_Rt_libri_serial. Free memory on node [GB]: 337.553
[2026-07-23 02:36:17.216] Timer start: build_gf_Rt_libri_serial. Free memory on node [GB]: 337.553
map_R_IJs {"(        -2,        -2,        -2)":"[{0,0},{0,1},{1,0},{1,1}](v4)"
"(        -2,        -2,        -1)":"[{0,0},{0,1},{1,0},{1,1}](v4)"
"(        -2,        -2,         0)":"[{0,0},{0,1},{1,0},{1,1}](v4)"
"(        -2,        -2,         1)":"[{0,0},{0,1},{1,0},{1,1}](v4)"
"(        -2,        -1,        -2)":"[{0,0},{0,1},{1,0},{1,1}](v4)"
"(        -2,        -1,        -1)":"[{0,0},{0,1},{1,0},{1,1}](v4)"
"(        -2,        -1,         0)":"[{0,0},{0,1},{1,0},{1,1}](v4)"
"(        -2,        -1,         1)":"[{0,0},{0,1},{1,0},{1,1}](v4)"
"(        -2,         0,        -2)":"[{0,0},{0,1},{1,0},{1,1}](v4)"
"(        -2,         0,        -1)":"[{0,0},{0,1},{1,0},{1,1}](v4)"
"(        -2,         0,         0)":"[{0,0},{0,1},{1,0},{1,1}](v4)"
"(        -2,         0,         1)":"[{0,0},{0,1},{1,0},{1,1}](v4)"
"(        -2,         1,        -2)":"[{0,0},{0,1},{1,0},{1,1}](v4)"
"(        -2,         1,        -1)":"[{0,0},{0,1},{1,0},{1,1}](v4)"
"(        -2,         1,         0)":"[{0,0},{0,1},{1,0},{1,1}](v4)"
"(        -2,         1,         1)":"[{0,0},{0,1},{1,0},{1,1}](v4)"
"(        -1,        -2,        -2)":"[{0,0},{0,1},{1,0},{1,1}](v4)"
"(        -1,        -2,        -1)":"[{0,0},{0,1},{1,0},{1,1}](v4)"
"(        -1,        -2,         0)":"[{0,0},{0,1},{1,0},{1,1}](v4)"
"(        -1,        -2,         1)":"[{0,0},{0,1},{1,0},{1,1}](v4)"
"(        -1,        -1,        -2)":"[{0,0},{0,1},{1,0},{1,1}](v4)"
"(        -1,        -1,        -1)":"[{0,0},{0,1},{1,0},{1,1}](v4)"
"(        -1,        -1,         0)":"[{0,0},{0,1},{1,0},{1,1}](v4)"
"(        -1,        -1,         1)":"[{0,0},{0,1},{1,0},{1,1}](v4)"
"(        -1,         0,        -2)":"[{0,0},{0,1},{1,0},{1,1}](v4)"
"(        -1,         0,        -1)":"[{0,0},{0,1},{1,0},{1,1}](v4)"
"(        -1,         0,         0)":"[{0,0},{0,1},{1,0},{1,1}](v4)"
"(        -1,         0,         1)":"[{0,0},{0,1},{1,0},{1,1}](v4)"
"(        -1,         1,        -2)":"[{0,0},{0,1},{1,0},{1,1}](v4)"
"(        -1,         1,        -1)":"[{0,0},{0,1},{1,0},{1,1}](v4)"
"(        -1,         1,         0)":"[{0,0},{0,1},{1,0},{1,1}](v4)"
"(        -1,         1,         1)":"[{0,0},{0,1},{1,0},{1,1}](v4)"
"(         0,        -2,        -2)":"[{0,0},{0,1},{1,0},{1,1}](v4)"
"(         0,        -2,        -1)":"[{0,0},{0,1},{1,0},{1,1}](v4)"
"(         0,        -2,         0)":"[{0,0},{0,1},{1,0},{1,1}](v4)"
"(         0,        -2,         1)":"[{0,0},{0,1},{1,0},{1,1}](v4)"
"(         0,        -1,        -2)":"[{0,0},{0,1},{1,0},{1,1}](v4)"
"(         0,        -1,        -1)":"[{0,0},{0,1},{1,0},{1,1}](v4)"
"(         0,        -1,         0)":"[{0,0},{0,1},{1,0},{1,1}](v4)"
"(         0,        -1,         1)":"[{0,0},{0,1},{1,0},{1,1}](v4)"
"(         0,         0,        -2)":"[{0,0},{0,1},{1,0},{1,1}](v4)"
"(         0,         0,        -1)":"[{0,0},{0,1},{1,0},{1,1}](v4)"
"(         0,         0,         0)":"[{0,0},{0,1},{1,0},{1,1}](v4)"
"(         0,         0,         1)":"[{0,0},{0,1},{1,0},{1,1}](v4)"
"(         0,         1,        -2)":"[{0,0},{0,1},{1,0},{1,1}](v4)"
"(         0,         1,        -1)":"[{0,0},{0,1},{1,0},{1,1}](v4)"
"(         0,         1,         0)":"[{0,0},{0,1},{1,0},{1,1}](v4)"
"(         0,         1,         1)":"[{0,0},{0,1},{1,0},{1,1}](v4)"
"(         1,        -2,        -2)":"[{0,0},{0,1},{1,0},{1,1}](v4)"
"(         1,        -2,        -1)":"[{0,0},{0,1},{1,0},{1,1}](v4)"
"(         1,        -2,         0)":"[{0,0},{0,1},{1,0},{1,1}](v4)"
"(         1,        -2,         1)":"[{0,0},{0,1},{1,0},{1,1}](v4)"
"(         1,        -1,        -2)":"[{0,0},{0,1},{1,0},{1,1}](v4)"
"(         1,        -1,        -1)":"[{0,0},{0,1},{1,0},{1,1}](v4)"
"(         1,        -1,         0)":"[{0,0},{0,1},{1,0},{1,1}](v4)"
"(         1,        -1,         1)":"[{0,0},{0,1},{1,0},{1,1}](v4)"
"(         1,         0,        -2)":"[{0,0},{0,1},{1,0},{1,1}](v4)"
"(         1,         0,        -1)":"[{0,0},{0,1},{1,0},{1,1}](v4)"
"(         1,         0,         0)":"[{0,0},{0,1},{1,0},{1,1}](v4)"
"(         1,         0,         1)":"[{0,0},{0,1},{1,0},{1,1}](v4)"
"(         1,         1,        -2)":"[{0,0},{0,1},{1,0},{1,1}](v4)"
"(         1,         1,        -1)":"[{0,0},{0,1},{1,0},{1,1}](v4)"
"(         1,         1,         0)":"[{0,0},{0,1},{1,0},{1,1}](v4)"
"(         1,         1,         1)":"[{0,0},{0,1},{1,0},{1,1}](v4)"
}
[2026-07-23 02:36:17.265] Timer stop:  build_gf_Rt_libri_serial. Free memory on node [GB]: 337.553
[2026-07-23 02:36:17.265] Timer start: chi0_set_Gs. Free memory on node [GB]: 337.553
[2026-07-23 02:36:17.266] Timer stop:  chi0_set_Gs. Free memory on node [GB]: 337.553
rpa.cal_chi0s begin,    tau = 0.0733294
[2026-07-23 02:36:17.266] Timer start: chi0_libri_routing_cal_chi0s. Free memory on node [GB]: 337.553
[2026-07-23 02:36:18.291] Timer stop:  chi0_libri_routing_cal_chi0s. Free memory on node [GB]: 337.202
rpa.cal_chi0s finished, tau = 0.0733294
[2026-07-23 02:36:18.291] Timer start: chi0_libri_routing_free_gf. Free memory on node [GB]: 337.202
[2026-07-23 02:36:18.291] Timer stop:  chi0_libri_routing_free_gf. Free memory on node [GB]: 337.202
[2026-07-23 02:36:18.291] Timer start: chi0_libri_routing_collect_Rs. Free memory on node [GB]: 337.202
[2026-07-23 02:36:18.293] Timer stop:  chi0_libri_routing_collect_Rs. Free memory on node [GB]: 337.202
[2026-07-23 02:36:18.293] Timer start: chi0_libri_routing_ct_R. Free memory on node [GB]: 337.202
is: 0 tau: 0.0733294 ct_R_tasks.size() 28
[2026-07-23 02:36:18.296] Timer stop:  chi0_libri_routing_ct_R. Free memory on node [GB]: 337.202
[2026-07-23 02:36:18.313] Timer start: build_gf_Rt_libri_serial. Free memory on node [GB]: 337.233
map_R_IJs {"(        -2,        -2,        -2)":"[{0,0},{0,1},{1,0},{1,1}](v4)"
"(        -2,        -2,        -1)":"[{0,0},{0,1},{1,0},{1,1}](v4)"
"(        -2,        -2,         0)":"[{0,0},{0,1},{1,0},{1,1}](v4)"
"(        -2,        -2,         1)":"[{0,0},{0,1},{1,0},{1,1}](v4)"
"(        -2,        -1,        -2)":"[{0,0},{0,1},{1,0},{1,1}](v4)"
"(        -2,        -1,        -1)":"[{0,0},{0,1},{1,0},{1,1}](v4)"
"(        -2,        -1,         0)":"[{0,0},{0,1},{1,0},{1,1}](v4)"
"(        -2,        -1,         1)":"[{0,0},{0,1},{1,0},{1,1}](v4)"
"(        -2,         0,        -2)":"[{0,0},{0,1},{1,0},{1,1}](v4)"
"(        -2,         0,        -1)":"[{0,0},{0,1},{1,0},{1,1}](v4)"
"(        -2,         0,         0)":"[{0,0},{0,1},{1,0},{1,1}](v4)"
"(        -2,         0,         1)":"[{0,0},{0,1},{1,0},{1,1}](v4)"
"(        -2,         1,        -2)":"[{0,0},{0,1},{1,0},{1,1}](v4)"
"(        -2,         1,        -1)":"[{0,0},{0,1},{1,0},{1,1}](v4)"
"(        -2,         1,         0)":"[{0,0},{0,1},{1,0},{1,1}](v4)"
"(        -2,         1,         1)":"[{0,0},{0,1},{1,0},{1,1}](v4)"
"(        -1,        -2,        -2)":"[{0,0},{0,1},{1,0},{1,1}](v4)"
"(        -1,        -2,        -1)":"[{0,0},{0,1},{1,0},{1,1}](v4)"
"(        -1,        -2,         0)":"[{0,0},{0,1},{1,0},{1,1}](v4)"
"(        -1,        -2,         1)":"[{0,0},{0,1},{1,0},{1,1}](v4)"
"(        -1,        -1,        -2)":"[{0,0},{0,1},{1,0},{1,1}](v4)"
"(        -1,        -1,        -1)":"[{0,0},{0,1},{1,0},{1,1}](v4)"
"(        -1,        -1,         0)":"[{0,0},{0,1},{1,0},{1,1}](v4)"
"(        -1,        -1,         1)":"[{0,0},{0,1},{1,0},{1,1}](v4)"
"(        -1,         0,        -2)":"[{0,0},{0,1},{1,0},{1,1}](v4)"
"(        -1,         0,        -1)":"[{0,0},{0,1},{1,0},{1,1}](v4)"
"(        -1,         0,         0)":"[{0,0},{0,1},{1,0},{1,1}](v4)"
"(        -1,         0,         1)":"[{0,0},{0,1},{1,0},{1,1}](v4)"
"(        -1,         1,        -2)":"[{0,0},{0,1},{1,0},{1,1}](v4)"
"(        -1,         1,        -1)":"[{0,0},{0,1},{1,0},{1,1}](v4)"
"(        -1,         1,         0)":"[{0,0},{0,1},{1,0},{1,1}](v4)"
"(        -1,         1,         1)":"[{0,0},{0,1},{1,0},{1,1}](v4)"
"(         0,        -2,        -2)":"[{0,0},{0,1},{1,0},{1,1}](v4)"
"(         0,        -2,        -1)":"[{0,0},{0,1},{1,0},{1,1}](v4)"
"(         0,        -2,         0)":"[{0,0},{0,1},{1,0},{1,1}](v4)"
"(         0,        -2,         1)":"[{0,0},{0,1},{1,0},{1,1}](v4)"
"(         0,        -1,        -2)":"[{0,0},{0,1},{1,0},{1,1}](v4)"
"(         0,        -1,        -1)":"[{0,0},{0,1},{1,0},{1,1}](v4)"
"(         0,        -1,         0)":"[{0,0},{0,1},{1,0},{1,1}](v4)"
"(         0,        -1,         1)":"[{0,0},{0,1},{1,0},{1,1}](v4)"
"(         0,         0,        -2)":"[{0,0},{0,1},{1,0},{1,1}](v4)"
"(         0,         0,        -1)":"[{0,0},{0,1},{1,0},{1,1}](v4)"
"(         0,         0,         0)":"[{0,0},{0,1},{1,0},{1,1}](v4)"
"(         0,         0,         1)":"[{0,0},{0,1},{1,0},{1,1}](v4)"
"(         0,         1,        -2)":"[{0,0},{0,1},{1,0},{1,1}](v4)"
"(         0,         1,        -1)":"[{0,0},{0,1},{1,0},{1,1}](v4)"
"(         0,         1,         0)":"[{0,0},{0,1},{1,0},{1,1}](v4)"
"(         0,         1,         1)":"[{0,0},{0,1},{1,0},{1,1}](v4)"
"(         1,        -2,        -2)":"[{0,0},{0,1},{1,0},{1,1}](v4)"
"(         1,        -2,        -1)":"[{0,0},{0,1},{1,0},{1,1}](v4)"
"(         1,        -2,         0)":"[{0,0},{0,1},{1,0},{1,1}](v4)"
"(         1,        -2,         1)":"[{0,0},{0,1},{1,0},{1,1}](v4)"
"(         1,        -1,        -2)":"[{0,0},{0,1},{1,0},{1,1}](v4)"
"(         1,        -1,        -1)":"[{0,0},{0,1},{1,0},{1,1}](v4)"
"(         1,        -1,         0)":"[{0,0},{0,1},{1,0},{1,1}](v4)"
"(         1,        -1,         1)":"[{0,0},{0,1},{1,0},{1,1}](v4)"
"(         1,         0,        -2)":"[{0,0},{0,1},{1,0},{1,1}](v4)"
"(         1,         0,        -1)":"[{0,0},{0,1},{1,0},{1,1}](v4)"
"(         1,         0,         0)":"[{0,0},{0,1},{1,0},{1,1}](v4)"
"(         1,         0,         1)":"[{0,0},{0,1},{1,0},{1,1}](v4)"
"(         1,         1,        -2)":"[{0,0},{0,1},{1,0},{1,1}](v4)"
"(         1,         1,        -1)":"[{0,0},{0,1},{1,0},{1,1}](v4)"
"(         1,         1,         0)":"[{0,0},{0,1},{1,0},{1,1}](v4)"
"(         1,         1,         1)":"[{0,0},{0,1},{1,0},{1,1}](v4)"
}
[2026-07-23 02:36:18.364] Timer stop:  build_gf_Rt_libri_serial. Free memory on node [GB]: 337.233
[2026-07-23 02:36:18.364] Timer start: build_gf_Rt_libri_serial. Free memory on node [GB]: 337.233
map_R_IJs {"(        -2,        -2,        -2)":"[{0,0},{0,1},{1,0},{1,1}](v4)"
"(        -2,        -2,        -1)":"[{0,0},{0,1},{1,0},{1,1}](v4)"
"(        -2,        -2,         0)":"[{0,0},{0,1},{1,0},{1,1}](v4)"
"(        -2,        -2,         1)":"[{0,0},{0,1},{1,0},{1,1}](v4)"
"(        -2,        -1,        -2)":"[{0,0},{0,1},{1,0},{1,1}](v4)"
"(        -2,        -1,        -1)":"[{0,0},{0,1},{1,0},{1,1}](v4)"
"(        -2,        -1,         0)":"[{0,0},{0,1},{1,0},{1,1}](v4)"
"(        -2,        -1,         1)":"[{0,0},{0,1},{1,0},{1,1}](v4)"
"(        -2,         0,        -2)":"[{0,0},{0,1},{1,0},{1,1}](v4)"
"(        -2,         0,        -1)":"[{0,0},{0,1},{1,0},{1,1}](v4)"
"(        -2,         0,         0)":"[{0,0},{0,1},{1,0},{1,1}](v4)"
"(        -2,         0,         1)":"[{0,0},{0,1},{1,0},{1,1}](v4)"
"(        -2,         1,        -2)":"[{0,0},{0,1},{1,0},{1,1}](v4)"
"(        -2,         1,        -1)":"[{0,0},{0,1},{1,0},{1,1}](v4)"
"(        -2,         1,         0)":"[{0,0},{0,1},{1,0},{1,1}](v4)"
"(        -2,         1,         1)":"[{0,0},{0,1},{1,0},{1,1}](v4)"
"(        -1,        -2,        -2)":"[{0,0},{0,1},{1,0},{1,1}](v4)"
"(        -1,        -2,        -1)":"[{0,0},{0,1},{1,0},{1,1}](v4)"
"(        -1,        -2,         0)":"[{0,0},{0,1},{1,0},{1,1}](v4)"
"(        -1,        -2,         1)":"[{0,0},{0,1},{1,0},{1,1}](v4)"
"(        -1,        -1,        -2)":"[{0,0},{0,1},{1,0},{1,1}](v4)"
"(        -1,        -1,        -1)":"[{0,0},{0,1},{1,0},{1,1}](v4)"
"(        -1,        -1,         0)":"[{0,0},{0,1},{1,0},{1,1}](v4)"
"(        -1,        -1,         1)":"[{0,0},{0,1},{1,0},{1,1}](v4)"
"(        -1,         0,        -2)":"[{0,0},{0,1},{1,0},{1,1}](v4)"
"(        -1,         0,        -1)":"[{0,0},{0,1},{1,0},{1,1}](v4)"
"(        -1,         0,         0)":"[{0,0},{0,1},{1,0},{1,1}](v4)"
"(        -1,         0,         1)":"[{0,0},{0,1},{1,0},{1,1}](v4)"
"(        -1,         1,        -2)":"[{0,0},{0,1},{1,0},{1,1}](v4)"
"(        -1,         1,        -1)":"[{0,0},{0,1},{1,0},{1,1}](v4)"
"(        -1,         1,         0)":"[{0,0},{0,1},{1,0},{1,1}](v4)"
"(        -1,         1,         1)":"[{0,0},{0,1},{1,0},{1,1}](v4)"
"(         0,        -2,        -2)":"[{0,0},{0,1},{1,0},{1,1}](v4)"
"(         0,        -2,        -1)":"[{0,0},{0,1},{1,0},{1,1}](v4)"
"(         0,        -2,         0)":"[{0,0},{0,1},{1,0},{1,1}](v4)"
"(         0,        -2,         1)":"[{0,0},{0,1},{1,0},{1,1}](v4)"
"(         0,        -1,        -2)":"[{0,0},{0,1},{1,0},{1,1}](v4)"
"(         0,        -1,        -1)":"[{0,0},{0,1},{1,0},{1,1}](v4)"
"(         0,        -1,         0)":"[{0,0},{0,1},{1,0},{1,1}](v4)"
"(         0,        -1,         1)":"[{0,0},{0,1},{1,0},{1,1}](v4)"
"(         0,         0,        -2)":"[{0,0},{0,1},{1,0},{1,1}](v4)"
"(         0,         0,        -1)":"[{0,0},{0,1},{1,0},{1,1}](v4)"
"(         0,         0,         0)":"[{0,0},{0,1},{1,0},{1,1}](v4)"
"(         0,         0,         1)":"[{0,0},{0,1},{1,0},{1,1}](v4)"
"(         0,         1,        -2)":"[{0,0},{0,1},{1,0},{1,1}](v4)"
"(         0,         1,        -1)":"[{0,0},{0,1},{1,0},{1,1}](v4)"
"(         0,         1,         0)":"[{0,0},{0,1},{1,0},{1,1}](v4)"
"(         0,         1,         1)":"[{0,0},{0,1},{1,0},{1,1}](v4)"
"(         1,        -2,        -2)":"[{0,0},{0,1},{1,0},{1,1}](v4)"
"(         1,        -2,        -1)":"[{0,0},{0,1},{1,0},{1,1}](v4)"
"(         1,        -2,         0)":"[{0,0},{0,1},{1,0},{1,1}](v4)"
"(         1,        -2,         1)":"[{0,0},{0,1},{1,0},{1,1}](v4)"
"(         1,        -1,        -2)":"[{0,0},{0,1},{1,0},{1,1}](v4)"
"(         1,        -1,        -1)":"[{0,0},{0,1},{1,0},{1,1}](v4)"
"(         1,        -1,         0)":"[{0,0},{0,1},{1,0},{1,1}](v4)"
"(         1,        -1,         1)":"[{0,0},{0,1},{1,0},{1,1}](v4)"
"(         1,         0,        -2)":"[{0,0},{0,1},{1,0},{1,1}](v4)"
"(         1,         0,        -1)":"[{0,0},{0,1},{1,0},{1,1}](v4)"
"(         1,         0,         0)":"[{0,0},{0,1},{1,0},{1,1}](v4)"
"(         1,         0,         1)":"[{0,0},{0,1},{1,0},{1,1}](v4)"
"(         1,         1,        -2)":"[{0,0},{0,1},{1,0},{1,1}](v4)"
"(         1,         1,        -1)":"[{0,0},{0,1},{1,0},{1,1}](v4)"
"(         1,         1,         0)":"[{0,0},{0,1},{1,0},{1,1}](v4)"
"(         1,         1,         1)":"[{0,0},{0,1},{1,0},{1,1}](v4)"
}
[2026-07-23 02:36:18.411] Timer stop:  build_gf_Rt_libri_serial. Free memory on node [GB]: 337.232
[2026-07-23 02:36:18.411] Timer start: chi0_set_Gs. Free memory on node [GB]: 337.232
[2026-07-23 02:36:18.412] Timer stop:  chi0_set_Gs. Free memory on node [GB]: 337.232
rpa.cal_chi0s begin,    tau = 0.557033
[2026-07-23 02:36:18.412] Timer start: chi0_libri_routing_cal_chi0s. Free memory on node [GB]: 337.232
[2026-07-23 02:36:19.432] Timer stop:  chi0_libri_routing_cal_chi0s. Free memory on node [GB]: 337.053
rpa.cal_chi0s finished, tau = 0.557033
[2026-07-23 02:36:19.432] Timer start: chi0_libri_routing_free_gf. Free memory on node [GB]: 337.053
[2026-07-23 02:36:19.432] Timer stop:  chi0_libri_routing_free_gf. Free memory on node [GB]: 337.053
[2026-07-23 02:36:19.432] Timer start: chi0_libri_routing_collect_Rs. Free memory on node [GB]: 337.053
[2026-07-23 02:36:19.433] Timer stop:  chi0_libri_routing_collect_Rs. Free memory on node [GB]: 337.053
[2026-07-23 02:36:19.434] Timer start: chi0_libri_routing_ct_R. Free memory on node [GB]: 337.053
is: 0 tau: 0.557033 ct_R_tasks.size() 28
[2026-07-23 02:36:19.434] Timer stop:  chi0_libri_routing_ct_R. Free memory on node [GB]: 337.053
[2026-07-23 02:36:19.454] Timer start: build_gf_Rt_libri_serial. Free memory on node [GB]: 337.164
map_R_IJs {"(        -2,        -2,        -2)":"[{0,0},{0,1},{1,0},{1,1}](v4)"
"(        -2,        -2,        -1)":"[{0,0},{0,1},{1,0},{1,1}](v4)"
"(        -2,        -2,         0)":"[{0,0},{0,1},{1,0},{1,1}](v4)"
"(        -2,        -2,         1)":"[{0,0},{0,1},{1,0},{1,1}](v4)"
"(        -2,        -1,        -2)":"[{0,0},{0,1},{1,0},{1,1}](v4)"
"(        -2,        -1,        -1)":"[{0,0},{0,1},{1,0},{1,1}](v4)"
"(        -2,        -1,         0)":"[{0,0},{0,1},{1,0},{1,1}](v4)"
"(        -2,        -1,         1)":"[{0,0},{0,1},{1,0},{1,1}](v4)"
"(        -2,         0,        -2)":"[{0,0},{0,1},{1,0},{1,1}](v4)"
"(        -2,         0,        -1)":"[{0,0},{0,1},{1,0},{1,1}](v4)"
"(        -2,         0,         0)":"[{0,0},{0,1},{1,0},{1,1}](v4)"
"(        -2,         0,         1)":"[{0,0},{0,1},{1,0},{1,1}](v4)"
"(        -2,         1,        -2)":"[{0,0},{0,1},{1,0},{1,1}](v4)"
"(        -2,         1,        -1)":"[{0,0},{0,1},{1,0},{1,1}](v4)"
"(        -2,         1,         0)":"[{0,0},{0,1},{1,0},{1,1}](v4)"
"(        -2,         1,         1)":"[{0,0},{0,1},{1,0},{1,1}](v4)"
"(        -1,        -2,        -2)":"[{0,0},{0,1},{1,0},{1,1}](v4)"
"(        -1,        -2,        -1)":"[{0,0},{0,1},{1,0},{1,1}](v4)"
"(        -1,        -2,         0)":"[{0,0},{0,1},{1,0},{1,1}](v4)"
"(        -1,        -2,         1)":"[{0,0},{0,1},{1,0},{1,1}](v4)"
"(        -1,        -1,        -2)":"[{0,0},{0,1},{1,0},{1,1}](v4)"
"(        -1,        -1,        -1)":"[{0,0},{0,1},{1,0},{1,1}](v4)"
"(        -1,        -1,         0)":"[{0,0},{0,1},{1,0},{1,1}](v4)"
"(        -1,        -1,         1)":"[{0,0},{0,1},{1,0},{1,1}](v4)"
"(        -1,         0,        -2)":"[{0,0},{0,1},{1,0},{1,1}](v4)"
"(        -1,         0,        -1)":"[{0,0},{0,1},{1,0},{1,1}](v4)"
"(        -1,         0,         0)":"[{0,0},{0,1},{1,0},{1,1}](v4)"
"(        -1,         0,         1)":"[{0,0},{0,1},{1,0},{1,1}](v4)"
"(        -1,         1,        -2)":"[{0,0},{0,1},{1,0},{1,1}](v4)"
"(        -1,         1,        -1)":"[{0,0},{0,1},{1,0},{1,1}](v4)"
"(        -1,         1,         0)":"[{0,0},{0,1},{1,0},{1,1}](v4)"
"(        -1,         1,         1)":"[{0,0},{0,1},{1,0},{1,1}](v4)"
"(         0,        -2,        -2)":"[{0,0},{0,1},{1,0},{1,1}](v4)"
"(         0,        -2,        -1)":"[{0,0},{0,1},{1,0},{1,1}](v4)"
"(         0,        -2,         0)":"[{0,0},{0,1},{1,0},{1,1}](v4)"
"(         0,        -2,         1)":"[{0,0},{0,1},{1,0},{1,1}](v4)"
"(         0,        -1,        -2)":"[{0,0},{0,1},{1,0},{1,1}](v4)"
"(         0,        -1,        -1)":"[{0,0},{0,1},{1,0},{1,1}](v4)"
"(         0,        -1,         0)":"[{0,0},{0,1},{1,0},{1,1}](v4)"
"(         0,        -1,         1)":"[{0,0},{0,1},{1,0},{1,1}](v4)"
"(         0,         0,        -2)":"[{0,0},{0,1},{1,0},{1,1}](v4)"
"(         0,         0,        -1)":"[{0,0},{0,1},{1,0},{1,1}](v4)"
"(         0,         0,         0)":"[{0,0},{0,1},{1,0},{1,1}](v4)"
"(         0,         0,         1)":"[{0,0},{0,1},{1,0},{1,1}](v4)"
"(         0,         1,        -2)":"[{0,0},{0,1},{1,0},{1,1}](v4)"
"(         0,         1,        -1)":"[{0,0},{0,1},{1,0},{1,1}](v4)"
"(         0,         1,         0)":"[{0,0},{0,1},{1,0},{1,1}](v4)"
"(         0,         1,         1)":"[{0,0},{0,1},{1,0},{1,1}](v4)"
"(         1,        -2,        -2)":"[{0,0},{0,1},{1,0},{1,1}](v4)"
"(         1,        -2,        -1)":"[{0,0},{0,1},{1,0},{1,1}](v4)"
"(         1,        -2,         0)":"[{0,0},{0,1},{1,0},{1,1}](v4)"
"(         1,        -2,         1)":"[{0,0},{0,1},{1,0},{1,1}](v4)"
"(         1,        -1,        -2)":"[{0,0},{0,1},{1,0},{1,1}](v4)"
"(         1,        -1,        -1)":"[{0,0},{0,1},{1,0},{1,1}](v4)"
"(         1,        -1,         0)":"[{0,0},{0,1},{1,0},{1,1}](v4)"
"(         1,        -1,         1)":"[{0,0},{0,1},{1,0},{1,1}](v4)"
"(         1,         0,        -2)":"[{0,0},{0,1},{1,0},{1,1}](v4)"
"(         1,         0,        -1)":"[{0,0},{0,1},{1,0},{1,1}](v4)"
"(         1,         0,         0)":"[{0,0},{0,1},{1,0},{1,1}](v4)"
"(         1,         0,         1)":"[{0,0},{0,1},{1,0},{1,1}](v4)"
"(         1,         1,        -2)":"[{0,0},{0,1},{1,0},{1,1}](v4)"
"(         1,         1,        -1)":"[{0,0},{0,1},{1,0},{1,1}](v4)"
"(         1,         1,         0)":"[{0,0},{0,1},{1,0},{1,1}](v4)"
"(         1,         1,         1)":"[{0,0},{0,1},{1,0},{1,1}](v4)"
}
[2026-07-23 02:36:19.503] Timer stop:  build_gf_Rt_libri_serial. Free memory on node [GB]: 337.164
[2026-07-23 02:36:19.503] Timer start: build_gf_Rt_libri_serial. Free memory on node [GB]: 337.164
map_R_IJs {"(        -2,        -2,        -2)":"[{0,0},{0,1},{1,0},{1,1}](v4)"
"(        -2,        -2,        -1)":"[{0,0},{0,1},{1,0},{1,1}](v4)"
"(        -2,        -2,         0)":"[{0,0},{0,1},{1,0},{1,1}](v4)"
"(        -2,        -2,         1)":"[{0,0},{0,1},{1,0},{1,1}](v4)"
"(        -2,        -1,        -2)":"[{0,0},{0,1},{1,0},{1,1}](v4)"
"(        -2,        -1,        -1)":"[{0,0},{0,1},{1,0},{1,1}](v4)"
"(        -2,        -1,         0)":"[{0,0},{0,1},{1,0},{1,1}](v4)"
"(        -2,        -1,         1)":"[{0,0},{0,1},{1,0},{1,1}](v4)"
"(        -2,         0,        -2)":"[{0,0},{0,1},{1,0},{1,1}](v4)"
"(        -2,         0,        -1)":"[{0,0},{0,1},{1,0},{1,1}](v4)"
"(        -2,         0,         0)":"[{0,0},{0,1},{1,0},{1,1}](v4)"
"(        -2,         0,         1)":"[{0,0},{0,1},{1,0},{1,1}](v4)"
"(        -2,         1,        -2)":"[{0,0},{0,1},{1,0},{1,1}](v4)"
"(        -2,         1,        -1)":"[{0,0},{0,1},{1,0},{1,1}](v4)"
"(        -2,         1,         0)":"[{0,0},{0,1},{1,0},{1,1}](v4)"
"(        -2,         1,         1)":"[{0,0},{0,1},{1,0},{1,1}](v4)"
"(        -1,        -2,        -2)":"[{0,0},{0,1},{1,0},{1,1}](v4)"
"(        -1,        -2,        -1)":"[{0,0},{0,1},{1,0},{1,1}](v4)"
"(        -1,        -2,         0)":"[{0,0},{0,1},{1,0},{1,1}](v4)"
"(        -1,        -2,         1)":"[{0,0},{0,1},{1,0},{1,1}](v4)"
"(        -1,        -1,        -2)":"[{0,0},{0,1},{1,0},{1,1}](v4)"
"(        -1,        -1,        -1)":"[{0,0},{0,1},{1,0},{1,1}](v4)"
"(        -1,        -1,         0)":"[{0,0},{0,1},{1,0},{1,1}](v4)"
"(        -1,        -1,         1)":"[{0,0},{0,1},{1,0},{1,1}](v4)"
"(        -1,         0,        -2)":"[{0,0},{0,1},{1,0},{1,1}](v4)"
"(        -1,         0,        -1)":"[{0,0},{0,1},{1,0},{1,1}](v4)"
"(        -1,         0,         0)":"[{0,0},{0,1},{1,0},{1,1}](v4)"
"(        -1,         0,         1)":"[{0,0},{0,1},{1,0},{1,1}](v4)"
"(        -1,         1,        -2)":"[{0,0},{0,1},{1,0},{1,1}](v4)"
"(        -1,         1,        -1)":"[{0,0},{0,1},{1,0},{1,1}](v4)"
"(        -1,         1,         0)":"[{0,0},{0,1},{1,0},{1,1}](v4)"
"(        -1,         1,         1)":"[{0,0},{0,1},{1,0},{1,1}](v4)"
"(         0,        -2,        -2)":"[{0,0},{0,1},{1,0},{1,1}](v4)"
"(         0,        -2,        -1)":"[{0,0},{0,1},{1,0},{1,1}](v4)"
"(         0,        -2,         0)":"[{0,0},{0,1},{1,0},{1,1}](v4)"
"(         0,        -2,         1)":"[{0,0},{0,1},{1,0},{1,1}](v4)"
"(         0,        -1,        -2)":"[{0,0},{0,1},{1,0},{1,1}](v4)"
"(         0,        -1,        -1)":"[{0,0},{0,1},{1,0},{1,1}](v4)"
"(         0,        -1,         0)":"[{0,0},{0,1},{1,0},{1,1}](v4)"
"(         0,        -1,         1)":"[{0,0},{0,1},{1,0},{1,1}](v4)"
"(         0,         0,        -2)":"[{0,0},{0,1},{1,0},{1,1}](v4)"
"(         0,         0,        -1)":"[{0,0},{0,1},{1,0},{1,1}](v4)"
"(         0,         0,         0)":"[{0,0},{0,1},{1,0},{1,1}](v4)"
"(         0,         0,         1)":"[{0,0},{0,1},{1,0},{1,1}](v4)"
"(         0,         1,        -2)":"[{0,0},{0,1},{1,0},{1,1}](v4)"
"(         0,         1,        -1)":"[{0,0},{0,1},{1,0},{1,1}](v4)"
"(         0,         1,         0)":"[{0,0},{0,1},{1,0},{1,1}](v4)"
"(         0,         1,         1)":"[{0,0},{0,1},{1,0},{1,1}](v4)"
"(         1,        -2,        -2)":"[{0,0},{0,1},{1,0},{1,1}](v4)"
"(         1,        -2,        -1)":"[{0,0},{0,1},{1,0},{1,1}](v4)"
"(         1,        -2,         0)":"[{0,0},{0,1},{1,0},{1,1}](v4)"
"(         1,        -2,         1)":"[{0,0},{0,1},{1,0},{1,1}](v4)"
"(         1,        -1,        -2)":"[{0,0},{0,1},{1,0},{1,1}](v4)"
"(         1,        -1,        -1)":"[{0,0},{0,1},{1,0},{1,1}](v4)"
"(         1,        -1,         0)":"[{0,0},{0,1},{1,0},{1,1}](v4)"
"(         1,        -1,         1)":"[{0,0},{0,1},{1,0},{1,1}](v4)"
"(         1,         0,        -2)":"[{0,0},{0,1},{1,0},{1,1}](v4)"
"(         1,         0,        -1)":"[{0,0},{0,1},{1,0},{1,1}](v4)"
"(         1,         0,         0)":"[{0,0},{0,1},{1,0},{1,1}](v4)"
"(         1,         0,         1)":"[{0,0},{0,1},{1,0},{1,1}](v4)"
"(         1,         1,        -2)":"[{0,0},{0,1},{1,0},{1,1}](v4)"
"(         1,         1,        -1)":"[{0,0},{0,1},{1,0},{1,1}](v4)"
"(         1,         1,         0)":"[{0,0},{0,1},{1,0},{1,1}](v4)"
"(         1,         1,         1)":"[{0,0},{0,1},{1,0},{1,1}](v4)"
}
[2026-07-23 02:36:19.551] Timer stop:  build_gf_Rt_libri_serial. Free memory on node [GB]: 337.164
[2026-07-23 02:36:19.551] Timer start: chi0_set_Gs. Free memory on node [GB]: 337.164
[2026-07-23 02:36:19.552] Timer stop:  chi0_set_Gs. Free memory on node [GB]: 337.164
rpa.cal_chi0s begin,    tau = 2.34361
[2026-07-23 02:36:19.552] Timer start: chi0_libri_routing_cal_chi0s. Free memory on node [GB]: 337.164
[2026-07-23 02:36:20.554] Timer stop:  chi0_libri_routing_cal_chi0s. Free memory on node [GB]: 337.13
rpa.cal_chi0s finished, tau = 2.34361
[2026-07-23 02:36:20.555] Timer start: chi0_libri_routing_free_gf. Free memory on node [GB]: 337.13
[2026-07-23 02:36:20.555] Timer stop:  chi0_libri_routing_free_gf. Free memory on node [GB]: 337.13
[2026-07-23 02:36:20.555] Timer start: chi0_libri_routing_collect_Rs. Free memory on node [GB]: 337.13
[2026-07-23 02:36:20.558] Timer stop:  chi0_libri_routing_collect_Rs. Free memory on node [GB]: 337.13
[2026-07-23 02:36:20.558] Timer start: chi0_libri_routing_ct_R. Free memory on node [GB]: 337.13
is: 0 tau: 2.34361 ct_R_tasks.size() 28
[2026-07-23 02:36:20.559] Timer stop:  chi0_libri_routing_ct_R. Free memory on node [GB]: 337.13
[2026-07-23 02:36:20.577] Timer start: build_gf_Rt_libri_serial. Free memory on node [GB]: 337.237
map_R_IJs {"(        -2,        -2,        -2)":"[{0,0},{0,1},{1,0},{1,1}](v4)"
"(        -2,        -2,        -1)":"[{0,0},{0,1},{1,0},{1,1}](v4)"
"(        -2,        -2,         0)":"[{0,0},{0,1},{1,0},{1,1}](v4)"
"(        -2,        -2,         1)":"[{0,0},{0,1},{1,0},{1,1}](v4)"
"(        -2,        -1,        -2)":"[{0,0},{0,1},{1,0},{1,1}](v4)"
"(        -2,        -1,        -1)":"[{0,0},{0,1},{1,0},{1,1}](v4)"
"(        -2,        -1,         0)":"[{0,0},{0,1},{1,0},{1,1}](v4)"
"(        -2,        -1,         1)":"[{0,0},{0,1},{1,0},{1,1}](v4)"
"(        -2,         0,        -2)":"[{0,0},{0,1},{1,0},{1,1}](v4)"
"(        -2,         0,        -1)":"[{0,0},{0,1},{1,0},{1,1}](v4)"
"(        -2,         0,         0)":"[{0,0},{0,1},{1,0},{1,1}](v4)"
"(        -2,         0,         1)":"[{0,0},{0,1},{1,0},{1,1}](v4)"
"(        -2,         1,        -2)":"[{0,0},{0,1},{1,0},{1,1}](v4)"
"(        -2,         1,        -1)":"[{0,0},{0,1},{1,0},{1,1}](v4)"
"(        -2,         1,         0)":"[{0,0},{0,1},{1,0},{1,1}](v4)"
"(        -2,         1,         1)":"[{0,0},{0,1},{1,0},{1,1}](v4)"
"(        -1,        -2,        -2)":"[{0,0},{0,1},{1,0},{1,1}](v4)"
"(        -1,        -2,        -1)":"[{0,0},{0,1},{1,0},{1,1}](v4)"
"(        -1,        -2,         0)":"[{0,0},{0,1},{1,0},{1,1}](v4)"
"(        -1,        -2,         1)":"[{0,0},{0,1},{1,0},{1,1}](v4)"
"(        -1,        -1,        -2)":"[{0,0},{0,1},{1,0},{1,1}](v4)"
"(        -1,        -1,        -1)":"[{0,0},{0,1},{1,0},{1,1}](v4)"
"(        -1,        -1,         0)":"[{0,0},{0,1},{1,0},{1,1}](v4)"
"(        -1,        -1,         1)":"[{0,0},{0,1},{1,0},{1,1}](v4)"
"(        -1,         0,        -2)":"[{0,0},{0,1},{1,0},{1,1}](v4)"
"(        -1,         0,        -1)":"[{0,0},{0,1},{1,0},{1,1}](v4)"
"(        -1,         0,         0)":"[{0,0},{0,1},{1,0},{1,1}](v4)"
"(        -1,         0,         1)":"[{0,0},{0,1},{1,0},{1,1}](v4)"
"(        -1,         1,        -2)":"[{0,0},{0,1},{1,0},{1,1}](v4)"
"(        -1,         1,        -1)":"[{0,0},{0,1},{1,0},{1,1}](v4)"
"(        -1,         1,         0)":"[{0,0},{0,1},{1,0},{1,1}](v4)"
"(        -1,         1,         1)":"[{0,0},{0,1},{1,0},{1,1}](v4)"
"(         0,        -2,        -2)":"[{0,0},{0,1},{1,0},{1,1}](v4)"
"(         0,        -2,        -1)":"[{0,0},{0,1},{1,0},{1,1}](v4)"
"(         0,        -2,         0)":"[{0,0},{0,1},{1,0},{1,1}](v4)"
"(         0,        -2,         1)":"[{0,0},{0,1},{1,0},{1,1}](v4)"
"(         0,        -1,        -2)":"[{0,0},{0,1},{1,0},{1,1}](v4)"
"(         0,        -1,        -1)":"[{0,0},{0,1},{1,0},{1,1}](v4)"
"(         0,        -1,         0)":"[{0,0},{0,1},{1,0},{1,1}](v4)"
"(         0,        -1,         1)":"[{0,0},{0,1},{1,0},{1,1}](v4)"
"(         0,         0,        -2)":"[{0,0},{0,1},{1,0},{1,1}](v4)"
"(         0,         0,        -1)":"[{0,0},{0,1},{1,0},{1,1}](v4)"
"(         0,         0,         0)":"[{0,0},{0,1},{1,0},{1,1}](v4)"
"(         0,         0,         1)":"[{0,0},{0,1},{1,0},{1,1}](v4)"
"(         0,         1,        -2)":"[{0,0},{0,1},{1,0},{1,1}](v4)"
"(         0,         1,        -1)":"[{0,0},{0,1},{1,0},{1,1}](v4)"
"(         0,         1,         0)":"[{0,0},{0,1},{1,0},{1,1}](v4)"
"(         0,         1,         1)":"[{0,0},{0,1},{1,0},{1,1}](v4)"
"(         1,        -2,        -2)":"[{0,0},{0,1},{1,0},{1,1}](v4)"
"(         1,        -2,        -1)":"[{0,0},{0,1},{1,0},{1,1}](v4)"
"(         1,        -2,         0)":"[{0,0},{0,1},{1,0},{1,1}](v4)"
"(         1,        -2,         1)":"[{0,0},{0,1},{1,0},{1,1}](v4)"
"(         1,        -1,        -2)":"[{0,0},{0,1},{1,0},{1,1}](v4)"
"(         1,        -1,        -1)":"[{0,0},{0,1},{1,0},{1,1}](v4)"
"(         1,        -1,         0)":"[{0,0},{0,1},{1,0},{1,1}](v4)"
"(         1,        -1,         1)":"[{0,0},{0,1},{1,0},{1,1}](v4)"
"(         1,         0,        -2)":"[{0,0},{0,1},{1,0},{1,1}](v4)"
"(         1,         0,        -1)":"[{0,0},{0,1},{1,0},{1,1}](v4)"
"(         1,         0,         0)":"[{0,0},{0,1},{1,0},{1,1}](v4)"
"(         1,         0,         1)":"[{0,0},{0,1},{1,0},{1,1}](v4)"
"(         1,         1,        -2)":"[{0,0},{0,1},{1,0},{1,1}](v4)"
"(         1,         1,        -1)":"[{0,0},{0,1},{1,0},{1,1}](v4)"
"(         1,         1,         0)":"[{0,0},{0,1},{1,0},{1,1}](v4)"
"(         1,         1,         1)":"[{0,0},{0,1},{1,0},{1,1}](v4)"
}
[2026-07-23 02:36:20.627] Timer stop:  build_gf_Rt_libri_serial. Free memory on node [GB]: 337.235
[2026-07-23 02:36:20.627] Timer start: build_gf_Rt_libri_serial. Free memory on node [GB]: 337.235
map_R_IJs {"(        -2,        -2,        -2)":"[{0,0},{0,1},{1,0},{1,1}](v4)"
"(        -2,        -2,        -1)":"[{0,0},{0,1},{1,0},{1,1}](v4)"
"(        -2,        -2,         0)":"[{0,0},{0,1},{1,0},{1,1}](v4)"
"(        -2,        -2,         1)":"[{0,0},{0,1},{1,0},{1,1}](v4)"
"(        -2,        -1,        -2)":"[{0,0},{0,1},{1,0},{1,1}](v4)"
"(        -2,        -1,        -1)":"[{0,0},{0,1},{1,0},{1,1}](v4)"
"(        -2,        -1,         0)":"[{0,0},{0,1},{1,0},{1,1}](v4)"
"(        -2,        -1,         1)":"[{0,0},{0,1},{1,0},{1,1}](v4)"
"(        -2,         0,        -2)":"[{0,0},{0,1},{1,0},{1,1}](v4)"
"(        -2,         0,        -1)":"[{0,0},{0,1},{1,0},{1,1}](v4)"
"(        -2,         0,         0)":"[{0,0},{0,1},{1,0},{1,1}](v4)"
"(        -2,         0,         1)":"[{0,0},{0,1},{1,0},{1,1}](v4)"
"(        -2,         1,        -2)":"[{0,0},{0,1},{1,0},{1,1}](v4)"
"(        -2,         1,        -1)":"[{0,0},{0,1},{1,0},{1,1}](v4)"
"(        -2,         1,         0)":"[{0,0},{0,1},{1,0},{1,1}](v4)"
"(        -2,         1,         1)":"[{0,0},{0,1},{1,0},{1,1}](v4)"
"(        -1,        -2,        -2)":"[{0,0},{0,1},{1,0},{1,1}](v4)"
"(        -1,        -2,        -1)":"[{0,0},{0,1},{1,0},{1,1}](v4)"
"(        -1,        -2,         0)":"[{0,0},{0,1},{1,0},{1,1}](v4)"
"(        -1,        -2,         1)":"[{0,0},{0,1},{1,0},{1,1}](v4)"
"(        -1,        -1,        -2)":"[{0,0},{0,1},{1,0},{1,1}](v4)"
"(        -1,        -1,        -1)":"[{0,0},{0,1},{1,0},{1,1}](v4)"
"(        -1,        -1,         0)":"[{0,0},{0,1},{1,0},{1,1}](v4)"
"(        -1,        -1,         1)":"[{0,0},{0,1},{1,0},{1,1}](v4)"
"(        -1,         0,        -2)":"[{0,0},{0,1},{1,0},{1,1}](v4)"
"(        -1,         0,        -1)":"[{0,0},{0,1},{1,0},{1,1}](v4)"
"(        -1,         0,         0)":"[{0,0},{0,1},{1,0},{1,1}](v4)"
"(        -1,         0,         1)":"[{0,0},{0,1},{1,0},{1,1}](v4)"
"(        -1,         1,        -2)":"[{0,0},{0,1},{1,0},{1,1}](v4)"
"(        -1,         1,        -1)":"[{0,0},{0,1},{1,0},{1,1}](v4)"
"(        -1,         1,         0)":"[{0,0},{0,1},{1,0},{1,1}](v4)"
"(        -1,         1,         1)":"[{0,0},{0,1},{1,0},{1,1}](v4)"
"(         0,        -2,        -2)":"[{0,0},{0,1},{1,0},{1,1}](v4)"
"(         0,        -2,        -1)":"[{0,0},{0,1},{1,0},{1,1}](v4)"
"(         0,        -2,         0)":"[{0,0},{0,1},{1,0},{1,1}](v4)"
"(         0,        -2,         1)":"[{0,0},{0,1},{1,0},{1,1}](v4)"
"(         0,        -1,        -2)":"[{0,0},{0,1},{1,0},{1,1}](v4)"
"(         0,        -1,        -1)":"[{0,0},{0,1},{1,0},{1,1}](v4)"
"(         0,        -1,         0)":"[{0,0},{0,1},{1,0},{1,1}](v4)"
"(         0,        -1,         1)":"[{0,0},{0,1},{1,0},{1,1}](v4)"
"(         0,         0,        -2)":"[{0,0},{0,1},{1,0},{1,1}](v4)"
"(         0,         0,        -1)":"[{0,0},{0,1},{1,0},{1,1}](v4)"
"(         0,         0,         0)":"[{0,0},{0,1},{1,0},{1,1}](v4)"
"(         0,         0,         1)":"[{0,0},{0,1},{1,0},{1,1}](v4)"
"(         0,         1,        -2)":"[{0,0},{0,1},{1,0},{1,1}](v4)"
"(         0,         1,        -1)":"[{0,0},{0,1},{1,0},{1,1}](v4)"
"(         0,         1,         0)":"[{0,0},{0,1},{1,0},{1,1}](v4)"
"(         0,         1,         1)":"[{0,0},{0,1},{1,0},{1,1}](v4)"
"(         1,        -2,        -2)":"[{0,0},{0,1},{1,0},{1,1}](v4)"
"(         1,        -2,        -1)":"[{0,0},{0,1},{1,0},{1,1}](v4)"
"(         1,        -2,         0)":"[{0,0},{0,1},{1,0},{1,1}](v4)"
"(         1,        -2,         1)":"[{0,0},{0,1},{1,0},{1,1}](v4)"
"(         1,        -1,        -2)":"[{0,0},{0,1},{1,0},{1,1}](v4)"
"(         1,        -1,        -1)":"[{0,0},{0,1},{1,0},{1,1}](v4)"
"(         1,        -1,         0)":"[{0,0},{0,1},{1,0},{1,1}](v4)"
"(         1,        -1,         1)":"[{0,0},{0,1},{1,0},{1,1}](v4)"
"(         1,         0,        -2)":"[{0,0},{0,1},{1,0},{1,1}](v4)"
"(         1,         0,        -1)":"[{0,0},{0,1},{1,0},{1,1}](v4)"
"(         1,         0,         0)":"[{0,0},{0,1},{1,0},{1,1}](v4)"
"(         1,         0,         1)":"[{0,0},{0,1},{1,0},{1,1}](v4)"
"(         1,         1,        -2)":"[{0,0},{0,1},{1,0},{1,1}](v4)"
"(         1,         1,        -1)":"[{0,0},{0,1},{1,0},{1,1}](v4)"
"(         1,         1,         0)":"[{0,0},{0,1},{1,0},{1,1}](v4)"
"(         1,         1,         1)":"[{0,0},{0,1},{1,0},{1,1}](v4)"
}
[2026-07-23 02:36:20.674] Timer stop:  build_gf_Rt_libri_serial. Free memory on node [GB]: 337.235
[2026-07-23 02:36:20.674] Timer start: chi0_set_Gs. Free memory on node [GB]: 337.235
[2026-07-23 02:36:20.675] Timer stop:  chi0_set_Gs. Free memory on node [GB]: 337.235
rpa.cal_chi0s begin,    tau = 7.86766
[2026-07-23 02:36:20.675] Timer start: chi0_libri_routing_cal_chi0s. Free memory on node [GB]: 337.235
[2026-07-23 02:36:21.701] Timer stop:  chi0_libri_routing_cal_chi0s. Free memory on node [GB]: 337.193
rpa.cal_chi0s finished, tau = 7.86766
[2026-07-23 02:36:21.701] Timer start: chi0_libri_routing_free_gf. Free memory on node [GB]: 337.193
[2026-07-23 02:36:21.701] Timer stop:  chi0_libri_routing_free_gf. Free memory on node [GB]: 337.193
[2026-07-23 02:36:21.701] Timer start: chi0_libri_routing_collect_Rs. Free memory on node [GB]: 337.193
[2026-07-23 02:36:21.703] Timer stop:  chi0_libri_routing_collect_Rs. Free memory on node [GB]: 337.193
[2026-07-23 02:36:21.703] Timer start: chi0_libri_routing_ct_R. Free memory on node [GB]: 337.193
is: 0 tau: 7.86766 ct_R_tasks.size() 28
[2026-07-23 02:36:21.704] Timer stop:  chi0_libri_routing_ct_R. Free memory on node [GB]: 337.193
[2026-07-23 02:36:21.721] Timer start: build_gf_Rt_libri_serial. Free memory on node [GB]: 337.289
map_R_IJs {"(        -2,        -2,        -2)":"[{0,0},{0,1},{1,0},{1,1}](v4)"
"(        -2,        -2,        -1)":"[{0,0},{0,1},{1,0},{1,1}](v4)"
"(        -2,        -2,         0)":"[{0,0},{0,1},{1,0},{1,1}](v4)"
"(        -2,        -2,         1)":"[{0,0},{0,1},{1,0},{1,1}](v4)"
"(        -2,        -1,        -2)":"[{0,0},{0,1},{1,0},{1,1}](v4)"
"(        -2,        -1,        -1)":"[{0,0},{0,1},{1,0},{1,1}](v4)"
"(        -2,        -1,         0)":"[{0,0},{0,1},{1,0},{1,1}](v4)"
"(        -2,        -1,         1)":"[{0,0},{0,1},{1,0},{1,1}](v4)"
"(        -2,         0,        -2)":"[{0,0},{0,1},{1,0},{1,1}](v4)"
"(        -2,         0,        -1)":"[{0,0},{0,1},{1,0},{1,1}](v4)"
"(        -2,         0,         0)":"[{0,0},{0,1},{1,0},{1,1}](v4)"
"(        -2,         0,         1)":"[{0,0},{0,1},{1,0},{1,1}](v4)"
"(        -2,         1,        -2)":"[{0,0},{0,1},{1,0},{1,1}](v4)"
"(        -2,         1,        -1)":"[{0,0},{0,1},{1,0},{1,1}](v4)"
"(        -2,         1,         0)":"[{0,0},{0,1},{1,0},{1,1}](v4)"
"(        -2,         1,         1)":"[{0,0},{0,1},{1,0},{1,1}](v4)"
"(        -1,        -2,        -2)":"[{0,0},{0,1},{1,0},{1,1}](v4)"
"(        -1,        -2,        -1)":"[{0,0},{0,1},{1,0},{1,1}](v4)"
"(        -1,        -2,         0)":"[{0,0},{0,1},{1,0},{1,1}](v4)"
"(        -1,        -2,         1)":"[{0,0},{0,1},{1,0},{1,1}](v4)"
"(        -1,        -1,        -2)":"[{0,0},{0,1},{1,0},{1,1}](v4)"
"(        -1,        -1,        -1)":"[{0,0},{0,1},{1,0},{1,1}](v4)"
"(        -1,        -1,         0)":"[{0,0},{0,1},{1,0},{1,1}](v4)"
"(        -1,        -1,         1)":"[{0,0},{0,1},{1,0},{1,1}](v4)"
"(        -1,         0,        -2)":"[{0,0},{0,1},{1,0},{1,1}](v4)"
"(        -1,         0,        -1)":"[{0,0},{0,1},{1,0},{1,1}](v4)"
"(        -1,         0,         0)":"[{0,0},{0,1},{1,0},{1,1}](v4)"
"(        -1,         0,         1)":"[{0,0},{0,1},{1,0},{1,1}](v4)"
"(        -1,         1,        -2)":"[{0,0},{0,1},{1,0},{1,1}](v4)"
"(        -1,         1,        -1)":"[{0,0},{0,1},{1,0},{1,1}](v4)"
"(        -1,         1,         0)":"[{0,0},{0,1},{1,0},{1,1}](v4)"
"(        -1,         1,         1)":"[{0,0},{0,1},{1,0},{1,1}](v4)"
"(         0,        -2,        -2)":"[{0,0},{0,1},{1,0},{1,1}](v4)"
"(         0,        -2,        -1)":"[{0,0},{0,1},{1,0},{1,1}](v4)"
"(         0,        -2,         0)":"[{0,0},{0,1},{1,0},{1,1}](v4)"
"(         0,        -2,         1)":"[{0,0},{0,1},{1,0},{1,1}](v4)"
"(         0,        -1,        -2)":"[{0,0},{0,1},{1,0},{1,1}](v4)"
"(         0,        -1,        -1)":"[{0,0},{0,1},{1,0},{1,1}](v4)"
"(         0,        -1,         0)":"[{0,0},{0,1},{1,0},{1,1}](v4)"
"(         0,        -1,         1)":"[{0,0},{0,1},{1,0},{1,1}](v4)"
"(         0,         0,        -2)":"[{0,0},{0,1},{1,0},{1,1}](v4)"
"(         0,         0,        -1)":"[{0,0},{0,1},{1,0},{1,1}](v4)"
"(         0,         0,         0)":"[{0,0},{0,1},{1,0},{1,1}](v4)"
"(         0,         0,         1)":"[{0,0},{0,1},{1,0},{1,1}](v4)"
"(         0,         1,        -2)":"[{0,0},{0,1},{1,0},{1,1}](v4)"
"(         0,         1,        -1)":"[{0,0},{0,1},{1,0},{1,1}](v4)"
"(         0,         1,         0)":"[{0,0},{0,1},{1,0},{1,1}](v4)"
"(         0,         1,         1)":"[{0,0},{0,1},{1,0},{1,1}](v4)"
"(         1,        -2,        -2)":"[{0,0},{0,1},{1,0},{1,1}](v4)"
"(         1,        -2,        -1)":"[{0,0},{0,1},{1,0},{1,1}](v4)"
"(         1,        -2,         0)":"[{0,0},{0,1},{1,0},{1,1}](v4)"
"(         1,        -2,         1)":"[{0,0},{0,1},{1,0},{1,1}](v4)"
"(         1,        -1,        -2)":"[{0,0},{0,1},{1,0},{1,1}](v4)"
"(         1,        -1,        -1)":"[{0,0},{0,1},{1,0},{1,1}](v4)"
"(         1,        -1,         0)":"[{0,0},{0,1},{1,0},{1,1}](v4)"
"(         1,        -1,         1)":"[{0,0},{0,1},{1,0},{1,1}](v4)"
"(         1,         0,        -2)":"[{0,0},{0,1},{1,0},{1,1}](v4)"
"(         1,         0,        -1)":"[{0,0},{0,1},{1,0},{1,1}](v4)"
"(         1,         0,         0)":"[{0,0},{0,1},{1,0},{1,1}](v4)"
"(         1,         0,         1)":"[{0,0},{0,1},{1,0},{1,1}](v4)"
"(         1,         1,        -2)":"[{0,0},{0,1},{1,0},{1,1}](v4)"
"(         1,         1,        -1)":"[{0,0},{0,1},{1,0},{1,1}](v4)"
"(         1,         1,         0)":"[{0,0},{0,1},{1,0},{1,1}](v4)"
"(         1,         1,         1)":"[{0,0},{0,1},{1,0},{1,1}](v4)"
}
[2026-07-23 02:36:21.771] Timer stop:  build_gf_Rt_libri_serial. Free memory on node [GB]: 337.289
[2026-07-23 02:36:21.771] Timer start: build_gf_Rt_libri_serial. Free memory on node [GB]: 337.289
map_R_IJs {"(        -2,        -2,        -2)":"[{0,0},{0,1},{1,0},{1,1}](v4)"
"(        -2,        -2,        -1)":"[{0,0},{0,1},{1,0},{1,1}](v4)"
"(        -2,        -2,         0)":"[{0,0},{0,1},{1,0},{1,1}](v4)"
"(        -2,        -2,         1)":"[{0,0},{0,1},{1,0},{1,1}](v4)"
"(        -2,        -1,        -2)":"[{0,0},{0,1},{1,0},{1,1}](v4)"
"(        -2,        -1,        -1)":"[{0,0},{0,1},{1,0},{1,1}](v4)"
"(        -2,        -1,         0)":"[{0,0},{0,1},{1,0},{1,1}](v4)"
"(        -2,        -1,         1)":"[{0,0},{0,1},{1,0},{1,1}](v4)"
"(        -2,         0,        -2)":"[{0,0},{0,1},{1,0},{1,1}](v4)"
"(        -2,         0,        -1)":"[{0,0},{0,1},{1,0},{1,1}](v4)"
"(        -2,         0,         0)":"[{0,0},{0,1},{1,0},{1,1}](v4)"
"(        -2,         0,         1)":"[{0,0},{0,1},{1,0},{1,1}](v4)"
"(        -2,         1,        -2)":"[{0,0},{0,1},{1,0},{1,1}](v4)"
"(        -2,         1,        -1)":"[{0,0},{0,1},{1,0},{1,1}](v4)"
"(        -2,         1,         0)":"[{0,0},{0,1},{1,0},{1,1}](v4)"
"(        -2,         1,         1)":"[{0,0},{0,1},{1,0},{1,1}](v4)"
"(        -1,        -2,        -2)":"[{0,0},{0,1},{1,0},{1,1}](v4)"
"(        -1,        -2,        -1)":"[{0,0},{0,1},{1,0},{1,1}](v4)"
"(        -1,        -2,         0)":"[{0,0},{0,1},{1,0},{1,1}](v4)"
"(        -1,        -2,         1)":"[{0,0},{0,1},{1,0},{1,1}](v4)"
"(        -1,        -1,        -2)":"[{0,0},{0,1},{1,0},{1,1}](v4)"
"(        -1,        -1,        -1)":"[{0,0},{0,1},{1,0},{1,1}](v4)"
"(        -1,        -1,         0)":"[{0,0},{0,1},{1,0},{1,1}](v4)"
"(        -1,        -1,         1)":"[{0,0},{0,1},{1,0},{1,1}](v4)"
"(        -1,         0,        -2)":"[{0,0},{0,1},{1,0},{1,1}](v4)"
"(        -1,         0,        -1)":"[{0,0},{0,1},{1,0},{1,1}](v4)"
"(        -1,         0,         0)":"[{0,0},{0,1},{1,0},{1,1}](v4)"
"(        -1,         0,         1)":"[{0,0},{0,1},{1,0},{1,1}](v4)"
"(        -1,         1,        -2)":"[{0,0},{0,1},{1,0},{1,1}](v4)"
"(        -1,         1,        -1)":"[{0,0},{0,1},{1,0},{1,1}](v4)"
"(        -1,         1,         0)":"[{0,0},{0,1},{1,0},{1,1}](v4)"
"(        -1,         1,         1)":"[{0,0},{0,1},{1,0},{1,1}](v4)"
"(         0,        -2,        -2)":"[{0,0},{0,1},{1,0},{1,1}](v4)"
"(         0,        -2,        -1)":"[{0,0},{0,1},{1,0},{1,1}](v4)"
"(         0,        -2,         0)":"[{0,0},{0,1},{1,0},{1,1}](v4)"
"(         0,        -2,         1)":"[{0,0},{0,1},{1,0},{1,1}](v4)"
"(         0,        -1,        -2)":"[{0,0},{0,1},{1,0},{1,1}](v4)"
"(         0,        -1,        -1)":"[{0,0},{0,1},{1,0},{1,1}](v4)"
"(         0,        -1,         0)":"[{0,0},{0,1},{1,0},{1,1}](v4)"
"(         0,        -1,         1)":"[{0,0},{0,1},{1,0},{1,1}](v4)"
"(         0,         0,        -2)":"[{0,0},{0,1},{1,0},{1,1}](v4)"
"(         0,         0,        -1)":"[{0,0},{0,1},{1,0},{1,1}](v4)"
"(         0,         0,         0)":"[{0,0},{0,1},{1,0},{1,1}](v4)"
"(         0,         0,         1)":"[{0,0},{0,1},{1,0},{1,1}](v4)"
"(         0,         1,        -2)":"[{0,0},{0,1},{1,0},{1,1}](v4)"
"(         0,         1,        -1)":"[{0,0},{0,1},{1,0},{1,1}](v4)"
"(         0,         1,         0)":"[{0,0},{0,1},{1,0},{1,1}](v4)"
"(         0,         1,         1)":"[{0,0},{0,1},{1,0},{1,1}](v4)"
"(         1,        -2,        -2)":"[{0,0},{0,1},{1,0},{1,1}](v4)"
"(         1,        -2,        -1)":"[{0,0},{0,1},{1,0},{1,1}](v4)"
"(         1,        -2,         0)":"[{0,0},{0,1},{1,0},{1,1}](v4)"
"(         1,        -2,         1)":"[{0,0},{0,1},{1,0},{1,1}](v4)"
"(         1,        -1,        -2)":"[{0,0},{0,1},{1,0},{1,1}](v4)"
"(         1,        -1,        -1)":"[{0,0},{0,1},{1,0},{1,1}](v4)"
"(         1,        -1,         0)":"[{0,0},{0,1},{1,0},{1,1}](v4)"
"(         1,        -1,         1)":"[{0,0},{0,1},{1,0},{1,1}](v4)"
"(         1,         0,        -2)":"[{0,0},{0,1},{1,0},{1,1}](v4)"
"(         1,         0,        -1)":"[{0,0},{0,1},{1,0},{1,1}](v4)"
"(         1,         0,         0)":"[{0,0},{0,1},{1,0},{1,1}](v4)"
"(         1,         0,         1)":"[{0,0},{0,1},{1,0},{1,1}](v4)"
"(         1,         1,        -2)":"[{0,0},{0,1},{1,0},{1,1}](v4)"
"(         1,         1,        -1)":"[{0,0},{0,1},{1,0},{1,1}](v4)"
"(         1,         1,         0)":"[{0,0},{0,1},{1,0},{1,1}](v4)"
"(         1,         1,         1)":"[{0,0},{0,1},{1,0},{1,1}](v4)"
}
[2026-07-23 02:36:21.819] Timer stop:  build_gf_Rt_libri_serial. Free memory on node [GB]: 337.286
[2026-07-23 02:36:21.819] Timer start: chi0_set_Gs. Free memory on node [GB]: 337.286
[2026-07-23 02:36:21.819] Timer stop:  chi0_set_Gs. Free memory on node [GB]: 337.286
rpa.cal_chi0s begin,    tau = 23.0119
[2026-07-23 02:36:21.819] Timer start: chi0_libri_routing_cal_chi0s. Free memory on node [GB]: 337.286
[2026-07-23 02:36:22.834] Timer stop:  chi0_libri_routing_cal_chi0s. Free memory on node [GB]: 337.209
rpa.cal_chi0s finished, tau = 23.0119
[2026-07-23 02:36:22.834] Timer start: chi0_libri_routing_free_gf. Free memory on node [GB]: 337.209
[2026-07-23 02:36:22.834] Timer stop:  chi0_libri_routing_free_gf. Free memory on node [GB]: 337.209
[2026-07-23 02:36:22.834] Timer start: chi0_libri_routing_collect_Rs. Free memory on node [GB]: 337.209
[2026-07-23 02:36:22.836] Timer stop:  chi0_libri_routing_collect_Rs. Free memory on node [GB]: 337.209
[2026-07-23 02:36:22.836] Timer start: chi0_libri_routing_ct_R. Free memory on node [GB]: 337.209
is: 0 tau: 23.0119 ct_R_tasks.size() 28
[2026-07-23 02:36:22.837] Timer stop:  chi0_libri_routing_ct_R. Free memory on node [GB]: 337.209
[2026-07-23 02:36:22.854] Timer start: build_gf_Rt_libri_serial. Free memory on node [GB]: 337.304
map_R_IJs {"(        -2,        -2,        -2)":"[{0,0},{0,1},{1,0},{1,1}](v4)"
"(        -2,        -2,        -1)":"[{0,0},{0,1},{1,0},{1,1}](v4)"
"(        -2,        -2,         0)":"[{0,0},{0,1},{1,0},{1,1}](v4)"
"(        -2,        -2,         1)":"[{0,0},{0,1},{1,0},{1,1}](v4)"
"(        -2,        -1,        -2)":"[{0,0},{0,1},{1,0},{1,1}](v4)"
"(        -2,        -1,        -1)":"[{0,0},{0,1},{1,0},{1,1}](v4)"
"(        -2,        -1,         0)":"[{0,0},{0,1},{1,0},{1,1}](v4)"
"(        -2,        -1,         1)":"[{0,0},{0,1},{1,0},{1,1}](v4)"
"(        -2,         0,        -2)":"[{0,0},{0,1},{1,0},{1,1}](v4)"
"(        -2,         0,        -1)":"[{0,0},{0,1},{1,0},{1,1}](v4)"
"(        -2,         0,         0)":"[{0,0},{0,1},{1,0},{1,1}](v4)"
"(        -2,         0,         1)":"[{0,0},{0,1},{1,0},{1,1}](v4)"
"(        -2,         1,        -2)":"[{0,0},{0,1},{1,0},{1,1}](v4)"
"(        -2,         1,        -1)":"[{0,0},{0,1},{1,0},{1,1}](v4)"
"(        -2,         1,         0)":"[{0,0},{0,1},{1,0},{1,1}](v4)"
"(        -2,         1,         1)":"[{0,0},{0,1},{1,0},{1,1}](v4)"
"(        -1,        -2,        -2)":"[{0,0},{0,1},{1,0},{1,1}](v4)"
"(        -1,        -2,        -1)":"[{0,0},{0,1},{1,0},{1,1}](v4)"
"(        -1,        -2,         0)":"[{0,0},{0,1},{1,0},{1,1}](v4)"
"(        -1,        -2,         1)":"[{0,0},{0,1},{1,0},{1,1}](v4)"
"(        -1,        -1,        -2)":"[{0,0},{0,1},{1,0},{1,1}](v4)"
"(        -1,        -1,        -1)":"[{0,0},{0,1},{1,0},{1,1}](v4)"
"(        -1,        -1,         0)":"[{0,0},{0,1},{1,0},{1,1}](v4)"
"(        -1,        -1,         1)":"[{0,0},{0,1},{1,0},{1,1}](v4)"
"(        -1,         0,        -2)":"[{0,0},{0,1},{1,0},{1,1}](v4)"
"(        -1,         0,        -1)":"[{0,0},{0,1},{1,0},{1,1}](v4)"
"(        -1,         0,         0)":"[{0,0},{0,1},{1,0},{1,1}](v4)"
"(        -1,         0,         1)":"[{0,0},{0,1},{1,0},{1,1}](v4)"
"(        -1,         1,        -2)":"[{0,0},{0,1},{1,0},{1,1}](v4)"
"(        -1,         1,        -1)":"[{0,0},{0,1},{1,0},{1,1}](v4)"
"(        -1,         1,         0)":"[{0,0},{0,1},{1,0},{1,1}](v4)"
"(        -1,         1,         1)":"[{0,0},{0,1},{1,0},{1,1}](v4)"
"(         0,        -2,        -2)":"[{0,0},{0,1},{1,0},{1,1}](v4)"
"(         0,        -2,        -1)":"[{0,0},{0,1},{1,0},{1,1}](v4)"
"(         0,        -2,         0)":"[{0,0},{0,1},{1,0},{1,1}](v4)"
"(         0,        -2,         1)":"[{0,0},{0,1},{1,0},{1,1}](v4)"
"(         0,        -1,        -2)":"[{0,0},{0,1},{1,0},{1,1}](v4)"
"(         0,        -1,        -1)":"[{0,0},{0,1},{1,0},{1,1}](v4)"
"(         0,        -1,         0)":"[{0,0},{0,1},{1,0},{1,1}](v4)"
"(         0,        -1,         1)":"[{0,0},{0,1},{1,0},{1,1}](v4)"
"(         0,         0,        -2)":"[{0,0},{0,1},{1,0},{1,1}](v4)"
"(         0,         0,        -1)":"[{0,0},{0,1},{1,0},{1,1}](v4)"
"(         0,         0,         0)":"[{0,0},{0,1},{1,0},{1,1}](v4)"
"(         0,         0,         1)":"[{0,0},{0,1},{1,0},{1,1}](v4)"
"(         0,         1,        -2)":"[{0,0},{0,1},{1,0},{1,1}](v4)"
"(         0,         1,        -1)":"[{0,0},{0,1},{1,0},{1,1}](v4)"
"(         0,         1,         0)":"[{0,0},{0,1},{1,0},{1,1}](v4)"
"(         0,         1,         1)":"[{0,0},{0,1},{1,0},{1,1}](v4)"
"(         1,        -2,        -2)":"[{0,0},{0,1},{1,0},{1,1}](v4)"
"(         1,        -2,        -1)":"[{0,0},{0,1},{1,0},{1,1}](v4)"
"(         1,        -2,         0)":"[{0,0},{0,1},{1,0},{1,1}](v4)"
"(         1,        -2,         1)":"[{0,0},{0,1},{1,0},{1,1}](v4)"
"(         1,        -1,        -2)":"[{0,0},{0,1},{1,0},{1,1}](v4)"
"(         1,        -1,        -1)":"[{0,0},{0,1},{1,0},{1,1}](v4)"
"(         1,        -1,         0)":"[{0,0},{0,1},{1,0},{1,1}](v4)"
"(         1,        -1,         1)":"[{0,0},{0,1},{1,0},{1,1}](v4)"
"(         1,         0,        -2)":"[{0,0},{0,1},{1,0},{1,1}](v4)"
"(         1,         0,        -1)":"[{0,0},{0,1},{1,0},{1,1}](v4)"
"(         1,         0,         0)":"[{0,0},{0,1},{1,0},{1,1}](v4)"
"(         1,         0,         1)":"[{0,0},{0,1},{1,0},{1,1}](v4)"
"(         1,         1,        -2)":"[{0,0},{0,1},{1,0},{1,1}](v4)"
"(         1,         1,        -1)":"[{0,0},{0,1},{1,0},{1,1}](v4)"
"(         1,         1,         0)":"[{0,0},{0,1},{1,0},{1,1}](v4)"
"(         1,         1,         1)":"[{0,0},{0,1},{1,0},{1,1}](v4)"
}
[2026-07-23 02:36:22.904] Timer stop:  build_gf_Rt_libri_serial. Free memory on node [GB]: 337.303
[2026-07-23 02:36:22.904] Timer start: build_gf_Rt_libri_serial. Free memory on node [GB]: 337.303
map_R_IJs {"(        -2,        -2,        -2)":"[{0,0},{0,1},{1,0},{1,1}](v4)"
"(        -2,        -2,        -1)":"[{0,0},{0,1},{1,0},{1,1}](v4)"
"(        -2,        -2,         0)":"[{0,0},{0,1},{1,0},{1,1}](v4)"
"(        -2,        -2,         1)":"[{0,0},{0,1},{1,0},{1,1}](v4)"
"(        -2,        -1,        -2)":"[{0,0},{0,1},{1,0},{1,1}](v4)"
"(        -2,        -1,        -1)":"[{0,0},{0,1},{1,0},{1,1}](v4)"
"(        -2,        -1,         0)":"[{0,0},{0,1},{1,0},{1,1}](v4)"
"(        -2,        -1,         1)":"[{0,0},{0,1},{1,0},{1,1}](v4)"
"(        -2,         0,        -2)":"[{0,0},{0,1},{1,0},{1,1}](v4)"
"(        -2,         0,        -1)":"[{0,0},{0,1},{1,0},{1,1}](v4)"
"(        -2,         0,         0)":"[{0,0},{0,1},{1,0},{1,1}](v4)"
"(        -2,         0,         1)":"[{0,0},{0,1},{1,0},{1,1}](v4)"
"(        -2,         1,        -2)":"[{0,0},{0,1},{1,0},{1,1}](v4)"
"(        -2,         1,        -1)":"[{0,0},{0,1},{1,0},{1,1}](v4)"
"(        -2,         1,         0)":"[{0,0},{0,1},{1,0},{1,1}](v4)"
"(        -2,         1,         1)":"[{0,0},{0,1},{1,0},{1,1}](v4)"
"(        -1,        -2,        -2)":"[{0,0},{0,1},{1,0},{1,1}](v4)"
"(        -1,        -2,        -1)":"[{0,0},{0,1},{1,0},{1,1}](v4)"
"(        -1,        -2,         0)":"[{0,0},{0,1},{1,0},{1,1}](v4)"
"(        -1,        -2,         1)":"[{0,0},{0,1},{1,0},{1,1}](v4)"
"(        -1,        -1,        -2)":"[{0,0},{0,1},{1,0},{1,1}](v4)"
"(        -1,        -1,        -1)":"[{0,0},{0,1},{1,0},{1,1}](v4)"
"(        -1,        -1,         0)":"[{0,0},{0,1},{1,0},{1,1}](v4)"
"(        -1,        -1,         1)":"[{0,0},{0,1},{1,0},{1,1}](v4)"
"(        -1,         0,        -2)":"[{0,0},{0,1},{1,0},{1,1}](v4)"
"(        -1,         0,        -1)":"[{0,0},{0,1},{1,0},{1,1}](v4)"
"(        -1,         0,         0)":"[{0,0},{0,1},{1,0},{1,1}](v4)"
"(        -1,         0,         1)":"[{0,0},{0,1},{1,0},{1,1}](v4)"
"(        -1,         1,        -2)":"[{0,0},{0,1},{1,0},{1,1}](v4)"
"(        -1,         1,        -1)":"[{0,0},{0,1},{1,0},{1,1}](v4)"
"(        -1,         1,         0)":"[{0,0},{0,1},{1,0},{1,1}](v4)"
"(        -1,         1,         1)":"[{0,0},{0,1},{1,0},{1,1}](v4)"
"(         0,        -2,        -2)":"[{0,0},{0,1},{1,0},{1,1}](v4)"
"(         0,        -2,        -1)":"[{0,0},{0,1},{1,0},{1,1}](v4)"
"(         0,        -2,         0)":"[{0,0},{0,1},{1,0},{1,1}](v4)"
"(         0,        -2,         1)":"[{0,0},{0,1},{1,0},{1,1}](v4)"
"(         0,        -1,        -2)":"[{0,0},{0,1},{1,0},{1,1}](v4)"
"(         0,        -1,        -1)":"[{0,0},{0,1},{1,0},{1,1}](v4)"
"(         0,        -1,         0)":"[{0,0},{0,1},{1,0},{1,1}](v4)"
"(         0,        -1,         1)":"[{0,0},{0,1},{1,0},{1,1}](v4)"
"(         0,         0,        -2)":"[{0,0},{0,1},{1,0},{1,1}](v4)"
"(         0,         0,        -1)":"[{0,0},{0,1},{1,0},{1,1}](v4)"
"(         0,         0,         0)":"[{0,0},{0,1},{1,0},{1,1}](v4)"
"(         0,         0,         1)":"[{0,0},{0,1},{1,0},{1,1}](v4)"
"(         0,         1,        -2)":"[{0,0},{0,1},{1,0},{1,1}](v4)"
"(         0,         1,        -1)":"[{0,0},{0,1},{1,0},{1,1}](v4)"
"(         0,         1,         0)":"[{0,0},{0,1},{1,0},{1,1}](v4)"
"(         0,         1,         1)":"[{0,0},{0,1},{1,0},{1,1}](v4)"
"(         1,        -2,        -2)":"[{0,0},{0,1},{1,0},{1,1}](v4)"
"(         1,        -2,        -1)":"[{0,0},{0,1},{1,0},{1,1}](v4)"
"(         1,        -2,         0)":"[{0,0},{0,1},{1,0},{1,1}](v4)"
"(         1,        -2,         1)":"[{0,0},{0,1},{1,0},{1,1}](v4)"
"(         1,        -1,        -2)":"[{0,0},{0,1},{1,0},{1,1}](v4)"
"(         1,        -1,        -1)":"[{0,0},{0,1},{1,0},{1,1}](v4)"
"(         1,        -1,         0)":"[{0,0},{0,1},{1,0},{1,1}](v4)"
"(         1,        -1,         1)":"[{0,0},{0,1},{1,0},{1,1}](v4)"
"(         1,         0,        -2)":"[{0,0},{0,1},{1,0},{1,1}](v4)"
"(         1,         0,        -1)":"[{0,0},{0,1},{1,0},{1,1}](v4)"
"(         1,         0,         0)":"[{0,0},{0,1},{1,0},{1,1}](v4)"
"(         1,         0,         1)":"[{0,0},{0,1},{1,0},{1,1}](v4)"
"(         1,         1,        -2)":"[{0,0},{0,1},{1,0},{1,1}](v4)"
"(         1,         1,        -1)":"[{0,0},{0,1},{1,0},{1,1}](v4)"
"(         1,         1,         0)":"[{0,0},{0,1},{1,0},{1,1}](v4)"
"(         1,         1,         1)":"[{0,0},{0,1},{1,0},{1,1}](v4)"
}
[2026-07-23 02:36:22.951] Timer stop:  build_gf_Rt_libri_serial. Free memory on node [GB]: 337.303
[2026-07-23 02:36:22.951] Timer start: chi0_set_Gs. Free memory on node [GB]: 337.303
[2026-07-23 02:36:22.952] Timer stop:  chi0_set_Gs. Free memory on node [GB]: 337.303
rpa.cal_chi0s begin,    tau = 62.3741
[2026-07-23 02:36:22.952] Timer start: chi0_libri_routing_cal_chi0s. Free memory on node [GB]: 337.303
[2026-07-23 02:36:23.968] Timer stop:  chi0_libri_routing_cal_chi0s. Free memory on node [GB]: 337.2
rpa.cal_chi0s finished, tau = 62.3741
[2026-07-23 02:36:23.968] Timer start: chi0_libri_routing_free_gf. Free memory on node [GB]: 337.2
[2026-07-23 02:36:23.968] Timer stop:  chi0_libri_routing_free_gf. Free memory on node [GB]: 337.2
[2026-07-23 02:36:23.968] Timer start: chi0_libri_routing_collect_Rs. Free memory on node [GB]: 337.2
[2026-07-23 02:36:23.970] Timer stop:  chi0_libri_routing_collect_Rs. Free memory on node [GB]: 337.2
[2026-07-23 02:36:23.971] Timer start: chi0_libri_routing_ct_R. Free memory on node [GB]: 337.2
is: 0 tau: 62.3741 ct_R_tasks.size() 28
[2026-07-23 02:36:23.971] Timer stop:  chi0_libri_routing_ct_R. Free memory on node [GB]: 337.2
[2026-07-23 02:36:23.989] Timer start: chi0_libri_routing_delayed_ft_Rq. Free memory on node [GB]: 337.306
[2026-07-23 02:36:23.989] Timer start: chi0_libri_routing_symmetry_restore_R. Free memory on node [GB]: 337.306
[2026-07-23 02:36:24.126] Timer stop:  chi0_libri_routing_symmetry_restore_R. Free memory on node [GB]: 337.306
freq: 0.0102841 delayed_ft_Rq_tasks.size() 24
[2026-07-23 02:36:24.136] Timer start: chi0_libri_routing_symmetry_restore_R. Free memory on node [GB]: 337.304
[2026-07-23 02:36:24.273] Timer stop:  chi0_libri_routing_symmetry_restore_R. Free memory on node [GB]: 337.304
freq: 0.0394985 delayed_ft_Rq_tasks.size() 24
[2026-07-23 02:36:24.283] Timer start: chi0_libri_routing_symmetry_restore_R. Free memory on node [GB]: 337.304
[2026-07-23 02:36:24.418] Timer stop:  chi0_libri_routing_symmetry_restore_R. Free memory on node [GB]: 337.304
freq: 0.107011 delayed_ft_Rq_tasks.size() 24
[2026-07-23 02:36:24.428] Timer start: chi0_libri_routing_symmetry_restore_R. Free memory on node [GB]: 337.304
[2026-07-23 02:36:24.566] Timer stop:  chi0_libri_routing_symmetry_restore_R. Free memory on node [GB]: 337.304
freq: 0.304714 delayed_ft_Rq_tasks.size() 24
[2026-07-23 02:36:24.576] Timer start: chi0_libri_routing_symmetry_restore_R. Free memory on node [GB]: 337.317
[2026-07-23 02:36:24.714] Timer stop:  chi0_libri_routing_symmetry_restore_R. Free memory on node [GB]: 337.317
freq: 1.00811 delayed_ft_Rq_tasks.size() 24
[2026-07-23 02:36:24.724] Timer start: chi0_libri_routing_symmetry_restore_R. Free memory on node [GB]: 337.318
[2026-07-23 02:36:24.862] Timer stop:  chi0_libri_routing_symmetry_restore_R. Free memory on node [GB]: 337.316
freq: 4.41693 delayed_ft_Rq_tasks.size() 24
[2026-07-23 02:36:24.873] Timer stop:  chi0_libri_routing_delayed_ft_Rq. Free memory on node [GB]: 337.317
[2026-07-23 02:36:24.873] Timer stop:  LibRI_routing. Free memory on node [GB]: 337.317
[2026-07-23 02:36:24.873] Timer stop:  chi0_build. Free memory on node [GB]: 337.317
[2026-07-23 02:36:24.873] Timer start: g0w0_exx. Free memory on node [GB]: 337.317
[2026-07-23 02:36:24.873] Timer start: initialize_ds_exx. Free memory on node [GB]: 337.317
Detected symmetry operations from structure
| irreducible atom pairs : 4
| irreducible {pair, R}  : 42
| real-space operations  : 48
| IBZ k-stars            : 8
| total star members     : 64
| k rotations            : generated from symmetry operations
| RSH rotation cache     : 48 operations
| legacy sidecars        : ignored (symrot_R/symrot_k/irreducible_sector)
[2026-07-23 02:36:25.184] Timer stop:  initialize_ds_exx. Free memory on node [GB]: 337.315
[2026-07-23 02:36:25.184] Timer start: ft_vq_cut. Free memory on node [GB]: 337.315
[2026-07-23 02:36:25.500] Timer stop:  ft_vq_cut. Free memory on node [GB]: 337.316
[2026-07-23 02:36:25.500] Timer start: g0w0_exx_real_work. Free memory on node [GB]: 337.316
[2026-07-23 02:36:25.500] Timer start: build_real_space_exx_1. Free memory on node [GB]: 337.316
Number of Cs keys: 210
comm_h.comm 1140850688 global::mpi_comm_global_h.comm 1140850688
[2026-07-23 02:36:25.518] Timer stop:  build_real_space_exx_1. Free memory on node [GB]: 337.316
Finished setup Cs for EXX
[2026-07-23 02:36:25.518] Timer start: build_real_space_exx_2. Free memory on node [GB]: 337.316
[2026-07-23 02:36:25.669] Timer start: build_real_space_exx_2_1. Free memory on node [GB]: 337.317
[2026-07-23 02:36:25.689] Timer stop:  build_real_space_exx_2_1. Free memory on node [GB]: 337.317
[2026-07-23 02:36:25.689] Timer start: build_real_space_exx_2_2. Free memory on node [GB]: 337.317
Number of V keys: 256
[2026-07-23 02:36:25.695] Timer stop:  build_real_space_exx_2_2. Free memory on node [GB]: 337.317
[2026-07-23 02:36:25.695] Timer stop:  build_real_space_exx_2. Free memory on node [GB]: 337.317
[2026-07-23 02:36:25.695] Timer start: build_real_space_exx_prepare_index. Free memory on node [GB]: 337.317
[2026-07-23 02:36:25.695] Timer stop:  build_real_space_exx_prepare_index. Free memory on node [GB]: 337.317
[2026-07-23 02:36:25.695] Timer start: build_real_space_exx_3. Free memory on node [GB]: 337.317
[2026-07-23 02:36:25.695] Timer start: exx_build_dmat_libri_kserial. Free memory on node [GB]: 337.317
[2026-07-23 02:36:26.278] Timer stop:  exx_build_dmat_libri_kserial. Free memory on node [GB]: 337.317
[2026-07-23 02:36:26.278] Timer start: build_real_space_exx_libri_set_Ds. Free memory on node [GB]: 337.317
Number of Dmat keys: 256
[2026-07-23 02:36:26.284] Timer stop:  build_real_space_exx_libri_set_Ds. Free memory on node [GB]: 337.313
[2026-07-23 02:36:26.284] Timer stop:  build_real_space_exx_3. Free memory on node [GB]: 337.313
[2026-07-23 02:36:26.284] Timer start: build_real_space_exx_4. Free memory on node [GB]: 337.313
[2026-07-23 02:36:30.430] Timer stop:  build_real_space_exx_4. Free memory on node [GB]: 337.2
[2026-07-23 02:36:30.437] Timer start: build_real_space_exx_5. Free memory on node [GB]: 337.247
Number of exx_libri.Hs keys: 42
[2026-07-23 02:36:30.444] Timer stop:  build_real_space_exx_5. Free memory on node [GB]: 337.247
[2026-07-23 02:36:30.445] Timer stop:  g0w0_exx_real_work. Free memory on node [GB]: 337.247
[2026-07-23 02:36:30.445] Timer stop:  g0w0_exx. Free memory on node [GB]: 337.247
[2026-07-23 02:36:30.453] Timer start: g0w0_wc. Free memory on node [GB]: 337.308
[2026-07-23 02:36:30.453] Timer start: compute_Wc_freq_q_blacs_init. Free memory on node [GB]: 337.308
[2026-07-23 02:36:30.457] Memory consumption of task-local blocks for screened Coulomb [MB]: 4.76288
[2026-07-23 02:36:30.457] Timer stop:  compute_Wc_freq_q_blacs_init. Free memory on node [GB]: 337.308
[2026-07-23 02:36:30.457] Timer start: compute_Wc_freq_q_work. Free memory on node [GB]: 337.308
[2026-07-23 02:36:30.458] Timer start: epsilon_prepare_coulwc_sqrt. Free memory on node [GB]: 337.308
[2026-07-23 02:36:30.458] Timer start: epsilon_prepare_coulwc_sqrt_1. Free memory on node [GB]: 337.308
[2026-07-23 02:36:30.458] Timer stop:  epsilon_prepare_coulwc_sqrt_1. Free memory on node [GB]: 337.308
[2026-07-23 02:36:30.458] Timer start: epsilon_prepare_coulwc_sqrt_2. Free memory on node [GB]: 337.308
[2026-07-23 02:36:30.463] Timer stop:  epsilon_prepare_coulwc_sqrt_2. Free memory on node [GB]: 337.308
[2026-07-23 02:36:30.463] Timer start: epsilon_prepare_coulwc_sqrt_3. Free memory on node [GB]: 337.308
[2026-07-23 02:36:30.465] Timer stop:  epsilon_prepare_coulwc_sqrt_3. Free memory on node [GB]: 337.308
[2026-07-23 02:36:30.465] Timer start: epsilon_prepare_coulwc_sqrt_4. Free memory on node [GB]: 337.308
139605 1 244
[2026-07-23 02:36:30.506] Timer stop:  epsilon_prepare_coulwc_sqrt_4. Free memory on node [GB]: 337.305
[2026-07-23 02:36:30.506] Timer stop:  epsilon_prepare_coulwc_sqrt. Free memory on node [GB]: 337.305
[2026-07-23 02:36:30.506] Timer start: epsilon_prepare_couleps_sqrt. Free memory on node [GB]: 337.305
139605 1 244
[2026-07-23 02:36:30.549] Timer stop:  epsilon_prepare_couleps_sqrt. Free memory on node [GB]: 337.301
[2026-07-23 02:36:30.549] Timer start: epsilon_wc_work_q_omega. Free memory on node [GB]: 337.301
[2026-07-23 02:36:30.549] Timer start: epsilon_prepare_chi0_2d. Free memory on node [GB]: 337.301
[2026-07-23 02:36:30.556] Timer stop:  epsilon_prepare_chi0_2d. Free memory on node [GB]: 337.301
[2026-07-23 02:36:30.556] Timer start: epsilon_compute_eps. Free memory on node [GB]: 337.301
[2026-07-23 02:36:30.557] Timer stop:  epsilon_compute_eps. Free memory on node [GB]: 337.301
[2026-07-23 02:36:30.557] Timer start: epsilon_to_wc. Free memory on node [GB]: 337.301
[2026-07-23 02:36:30.562] Timer stop:  epsilon_to_wc. Free memory on node [GB]: 337.301
[2026-07-23 02:36:30.563] Timer stop:  epsilon_wc_work_q_omega. Free memory on node [GB]: 337.301
[2026-07-23 02:36:30.563] Timer start: epsilon_wc_work_q_omega. Free memory on node [GB]: 337.301
[2026-07-23 02:36:30.563] Timer start: epsilon_prepare_chi0_2d. Free memory on node [GB]: 337.301
[2026-07-23 02:36:30.570] Timer stop:  epsilon_prepare_chi0_2d. Free memory on node [GB]: 337.304
[2026-07-23 02:36:30.570] Timer start: epsilon_compute_eps. Free memory on node [GB]: 337.304
[2026-07-23 02:36:30.571] Timer stop:  epsilon_compute_eps. Free memory on node [GB]: 337.304
[2026-07-23 02:36:30.571] Timer start: epsilon_to_wc. Free memory on node [GB]: 337.304
[2026-07-23 02:36:30.576] Timer stop:  epsilon_to_wc. Free memory on node [GB]: 337.304
[2026-07-23 02:36:30.576] Timer stop:  epsilon_wc_work_q_omega. Free memory on node [GB]: 337.304
[2026-07-23 02:36:30.576] Timer start: epsilon_wc_work_q_omega. Free memory on node [GB]: 337.304
[2026-07-23 02:36:30.576] Timer start: epsilon_prepare_chi0_2d. Free memory on node [GB]: 337.304
[2026-07-23 02:36:30.583] Timer stop:  epsilon_prepare_chi0_2d. Free memory on node [GB]: 337.304
[2026-07-23 02:36:30.583] Timer start: epsilon_compute_eps. Free memory on node [GB]: 337.304
[2026-07-23 02:36:30.584] Timer stop:  epsilon_compute_eps. Free memory on node [GB]: 337.304
[2026-07-23 02:36:30.584] Timer start: epsilon_to_wc. Free memory on node [GB]: 337.304
[2026-07-23 02:36:30.589] Timer stop:  epsilon_to_wc. Free memory on node [GB]: 337.304
[2026-07-23 02:36:30.589] Timer stop:  epsilon_wc_work_q_omega. Free memory on node [GB]: 337.304
[2026-07-23 02:36:30.590] Timer start: epsilon_wc_work_q_omega. Free memory on node [GB]: 337.304
[2026-07-23 02:36:30.590] Timer start: epsilon_prepare_chi0_2d. Free memory on node [GB]: 337.304
[2026-07-23 02:36:30.599] Timer stop:  epsilon_prepare_chi0_2d. Free memory on node [GB]: 337.304
[2026-07-23 02:36:30.599] Timer start: epsilon_compute_eps. Free memory on node [GB]: 337.304
[2026-07-23 02:36:30.599] Timer stop:  epsilon_compute_eps. Free memory on node [GB]: 337.304
[2026-07-23 02:36:30.599] Timer start: epsilon_to_wc. Free memory on node [GB]: 337.304
[2026-07-23 02:36:30.604] Timer stop:  epsilon_to_wc. Free memory on node [GB]: 337.304
[2026-07-23 02:36:30.604] Timer stop:  epsilon_wc_work_q_omega. Free memory on node [GB]: 337.304
[2026-07-23 02:36:30.605] Timer start: epsilon_wc_work_q_omega. Free memory on node [GB]: 337.304
[2026-07-23 02:36:30.605] Timer start: epsilon_prepare_chi0_2d. Free memory on node [GB]: 337.304
[2026-07-23 02:36:30.612] Timer stop:  epsilon_prepare_chi0_2d. Free memory on node [GB]: 337.304
[2026-07-23 02:36:30.612] Timer start: epsilon_compute_eps. Free memory on node [GB]: 337.304
[2026-07-23 02:36:30.612] Timer stop:  epsilon_compute_eps. Free memory on node [GB]: 337.304
[2026-07-23 02:36:30.612] Timer start: epsilon_to_wc. Free memory on node [GB]: 337.304
[2026-07-23 02:36:30.617] Timer stop:  epsilon_to_wc. Free memory on node [GB]: 337.304
[2026-07-23 02:36:30.618] Timer stop:  epsilon_wc_work_q_omega. Free memory on node [GB]: 337.304
[2026-07-23 02:36:30.618] Timer start: epsilon_wc_work_q_omega. Free memory on node [GB]: 337.304
[2026-07-23 02:36:30.618] Timer start: epsilon_prepare_chi0_2d. Free memory on node [GB]: 337.304
[2026-07-23 02:36:30.626] Timer stop:  epsilon_prepare_chi0_2d. Free memory on node [GB]: 337.304
[2026-07-23 02:36:30.626] Timer start: epsilon_compute_eps. Free memory on node [GB]: 337.304
[2026-07-23 02:36:30.626] Timer stop:  epsilon_compute_eps. Free memory on node [GB]: 337.304
[2026-07-23 02:36:30.626] Timer start: epsilon_to_wc. Free memory on node [GB]: 337.304
[2026-07-23 02:36:30.631] Timer stop:  epsilon_to_wc. Free memory on node [GB]: 337.304
[2026-07-23 02:36:30.632] Timer stop:  epsilon_wc_work_q_omega. Free memory on node [GB]: 337.304
[2026-07-23 02:36:30.632] Timer start: epsilon_prepare_coulwc_sqrt. Free memory on node [GB]: 337.304
[2026-07-23 02:36:30.632] Timer start: epsilon_prepare_coulwc_sqrt_1. Free memory on node [GB]: 337.304
[2026-07-23 02:36:30.632] Timer stop:  epsilon_prepare_coulwc_sqrt_1. Free memory on node [GB]: 337.304
[2026-07-23 02:36:30.632] Timer start: epsilon_prepare_coulwc_sqrt_2. Free memory on node [GB]: 337.304
[2026-07-23 02:36:30.636] Timer stop:  epsilon_prepare_coulwc_sqrt_2. Free memory on node [GB]: 337.304
[2026-07-23 02:36:30.636] Timer start: epsilon_prepare_coulwc_sqrt_3. Free memory on node [GB]: 337.304
[2026-07-23 02:36:30.637] Timer stop:  epsilon_prepare_coulwc_sqrt_3. Free memory on node [GB]: 337.304
[2026-07-23 02:36:30.637] Timer start: epsilon_prepare_coulwc_sqrt_4. Free memory on node [GB]: 337.304
[2026-07-23 02:36:30.691] Timer stop:  epsilon_prepare_coulwc_sqrt_4. Free memory on node [GB]: 337.303
[2026-07-23 02:36:30.691] Timer stop:  epsilon_prepare_coulwc_sqrt. Free memory on node [GB]: 337.303
[2026-07-23 02:36:30.691] Timer start: epsilon_prepare_couleps_sqrt. Free memory on node [GB]: 337.303
[2026-07-23 02:36:30.749] Timer stop:  epsilon_prepare_couleps_sqrt. Free memory on node [GB]: 337.304
[2026-07-23 02:36:30.749] Timer start: epsilon_wc_work_q_omega. Free memory on node [GB]: 337.304
[2026-07-23 02:36:30.749] Timer start: epsilon_prepare_chi0_2d. Free memory on node [GB]: 337.304
[2026-07-23 02:36:30.756] Timer stop:  epsilon_prepare_chi0_2d. Free memory on node [GB]: 337.304
[2026-07-23 02:36:30.756] Timer start: epsilon_compute_eps. Free memory on node [GB]: 337.304
[2026-07-23 02:36:30.757] Timer stop:  epsilon_compute_eps. Free memory on node [GB]: 337.304
[2026-07-23 02:36:30.757] Timer start: epsilon_to_wc. Free memory on node [GB]: 337.304
[2026-07-23 02:36:30.762] Timer stop:  epsilon_to_wc. Free memory on node [GB]: 337.304
[2026-07-23 02:36:30.762] Timer stop:  epsilon_wc_work_q_omega. Free memory on node [GB]: 337.304
[2026-07-23 02:36:30.762] Timer start: epsilon_wc_work_q_omega. Free memory on node [GB]: 337.304
[2026-07-23 02:36:30.762] Timer start: epsilon_prepare_chi0_2d. Free memory on node [GB]: 337.304
[2026-07-23 02:36:30.771] Timer stop:  epsilon_prepare_chi0_2d. Free memory on node [GB]: 337.304
[2026-07-23 02:36:30.771] Timer start: epsilon_compute_eps. Free memory on node [GB]: 337.304
[2026-07-23 02:36:30.772] Timer stop:  epsilon_compute_eps. Free memory on node [GB]: 337.304
[2026-07-23 02:36:30.772] Timer start: epsilon_to_wc. Free memory on node [GB]: 337.304
[2026-07-23 02:36:30.777] Timer stop:  epsilon_to_wc. Free memory on node [GB]: 337.304
[2026-07-23 02:36:30.777] Timer stop:  epsilon_wc_work_q_omega. Free memory on node [GB]: 337.304
[2026-07-23 02:36:30.777] Timer start: epsilon_wc_work_q_omega. Free memory on node [GB]: 337.304
[2026-07-23 02:36:30.778] Timer start: epsilon_prepare_chi0_2d. Free memory on node [GB]: 337.304
[2026-07-23 02:36:30.785] Timer stop:  epsilon_prepare_chi0_2d. Free memory on node [GB]: 337.304
[2026-07-23 02:36:30.785] Timer start: epsilon_compute_eps. Free memory on node [GB]: 337.304
[2026-07-23 02:36:30.785] Timer stop:  epsilon_compute_eps. Free memory on node [GB]: 337.304
[2026-07-23 02:36:30.785] Timer start: epsilon_to_wc. Free memory on node [GB]: 337.304
[2026-07-23 02:36:30.790] Timer stop:  epsilon_to_wc. Free memory on node [GB]: 337.304
[2026-07-23 02:36:30.791] Timer stop:  epsilon_wc_work_q_omega. Free memory on node [GB]: 337.304
[2026-07-23 02:36:30.791] Timer start: epsilon_wc_work_q_omega. Free memory on node [GB]: 337.304
[2026-07-23 02:36:30.791] Timer start: epsilon_prepare_chi0_2d. Free memory on node [GB]: 337.304
[2026-07-23 02:36:30.798] Timer stop:  epsilon_prepare_chi0_2d. Free memory on node [GB]: 337.304
[2026-07-23 02:36:30.798] Timer start: epsilon_compute_eps. Free memory on node [GB]: 337.304
[2026-07-23 02:36:30.798] Timer stop:  epsilon_compute_eps. Free memory on node [GB]: 337.304
[2026-07-23 02:36:30.798] Timer start: epsilon_to_wc. Free memory on node [GB]: 337.304
[2026-07-23 02:36:30.803] Timer stop:  epsilon_to_wc. Free memory on node [GB]: 337.304
[2026-07-23 02:36:30.803] Timer stop:  epsilon_wc_work_q_omega. Free memory on node [GB]: 337.304
[2026-07-23 02:36:30.804] Timer start: epsilon_wc_work_q_omega. Free memory on node [GB]: 337.304
[2026-07-23 02:36:30.804] Timer start: epsilon_prepare_chi0_2d. Free memory on node [GB]: 337.304
[2026-07-23 02:36:30.811] Timer stop:  epsilon_prepare_chi0_2d. Free memory on node [GB]: 337.304
[2026-07-23 02:36:30.811] Timer start: epsilon_compute_eps. Free memory on node [GB]: 337.304
[2026-07-23 02:36:30.811] Timer stop:  epsilon_compute_eps. Free memory on node [GB]: 337.304
[2026-07-23 02:36:30.811] Timer start: epsilon_to_wc. Free memory on node [GB]: 337.304
[2026-07-23 02:36:30.816] Timer stop:  epsilon_to_wc. Free memory on node [GB]: 337.304
[2026-07-23 02:36:30.816] Timer stop:  epsilon_wc_work_q_omega. Free memory on node [GB]: 337.304
[2026-07-23 02:36:30.817] Timer start: epsilon_wc_work_q_omega. Free memory on node [GB]: 337.304
[2026-07-23 02:36:30.817] Timer start: epsilon_prepare_chi0_2d. Free memory on node [GB]: 337.304
[2026-07-23 02:36:30.823] Timer stop:  epsilon_prepare_chi0_2d. Free memory on node [GB]: 337.304
[2026-07-23 02:36:30.824] Timer start: epsilon_compute_eps. Free memory on node [GB]: 337.304
[2026-07-23 02:36:30.824] Timer stop:  epsilon_compute_eps. Free memory on node [GB]: 337.304
[2026-07-23 02:36:30.824] Timer start: epsilon_to_wc. Free memory on node [GB]: 337.304
[2026-07-23 02:36:30.829] Timer stop:  epsilon_to_wc. Free memory on node [GB]: 337.304
[2026-07-23 02:36:30.829] Timer stop:  epsilon_wc_work_q_omega. Free memory on node [GB]: 337.304
[2026-07-23 02:36:30.830] Timer start: epsilon_prepare_coulwc_sqrt. Free memory on node [GB]: 337.304
[2026-07-23 02:36:30.830] Timer start: epsilon_prepare_coulwc_sqrt_1. Free memory on node [GB]: 337.304
[2026-07-23 02:36:30.830] Timer stop:  epsilon_prepare_coulwc_sqrt_1. Free memory on node [GB]: 337.304
[2026-07-23 02:36:30.830] Timer start: epsilon_prepare_coulwc_sqrt_2. Free memory on node [GB]: 337.304
[2026-07-23 02:36:30.835] Timer stop:  epsilon_prepare_coulwc_sqrt_2. Free memory on node [GB]: 337.304
[2026-07-23 02:36:30.835] Timer start: epsilon_prepare_coulwc_sqrt_3. Free memory on node [GB]: 337.304
[2026-07-23 02:36:30.836] Timer stop:  epsilon_prepare_coulwc_sqrt_3. Free memory on node [GB]: 337.304
[2026-07-23 02:36:30.836] Timer start: epsilon_prepare_coulwc_sqrt_4. Free memory on node [GB]: 337.304
[2026-07-23 02:36:30.891] Timer stop:  epsilon_prepare_coulwc_sqrt_4. Free memory on node [GB]: 337.303
[2026-07-23 02:36:30.891] Timer stop:  epsilon_prepare_coulwc_sqrt. Free memory on node [GB]: 337.303
[2026-07-23 02:36:30.891] Timer start: epsilon_prepare_couleps_sqrt. Free memory on node [GB]: 337.303
[2026-07-23 02:36:30.950] Timer stop:  epsilon_prepare_couleps_sqrt. Free memory on node [GB]: 337.303
[2026-07-23 02:36:30.950] Timer start: epsilon_wc_work_q_omega. Free memory on node [GB]: 337.303
[2026-07-23 02:36:30.951] Timer start: epsilon_prepare_chi0_2d. Free memory on node [GB]: 337.303
[2026-07-23 02:36:30.958] Timer stop:  epsilon_prepare_chi0_2d. Free memory on node [GB]: 337.303
[2026-07-23 02:36:30.958] Timer start: epsilon_compute_eps. Free memory on node [GB]: 337.303
[2026-07-23 02:36:30.959] Timer stop:  epsilon_compute_eps. Free memory on node [GB]: 337.303
[2026-07-23 02:36:30.959] Timer start: epsilon_to_wc. Free memory on node [GB]: 337.303
[2026-07-23 02:36:30.964] Timer stop:  epsilon_to_wc. Free memory on node [GB]: 337.302
[2026-07-23 02:36:30.964] Timer stop:  epsilon_wc_work_q_omega. Free memory on node [GB]: 337.302
[2026-07-23 02:36:30.964] Timer start: epsilon_wc_work_q_omega. Free memory on node [GB]: 337.302
[2026-07-23 02:36:30.964] Timer start: epsilon_prepare_chi0_2d. Free memory on node [GB]: 337.302
[2026-07-23 02:36:30.971] Timer stop:  epsilon_prepare_chi0_2d. Free memory on node [GB]: 337.302
[2026-07-23 02:36:30.971] Timer start: epsilon_compute_eps. Free memory on node [GB]: 337.302
[2026-07-23 02:36:30.972] Timer stop:  epsilon_compute_eps. Free memory on node [GB]: 337.302
[2026-07-23 02:36:30.972] Timer start: epsilon_to_wc. Free memory on node [GB]: 337.302
[2026-07-23 02:36:30.977] Timer stop:  epsilon_to_wc. Free memory on node [GB]: 337.302
[2026-07-23 02:36:30.977] Timer stop:  epsilon_wc_work_q_omega. Free memory on node [GB]: 337.302
[2026-07-23 02:36:30.978] Timer start: epsilon_wc_work_q_omega. Free memory on node [GB]: 337.302
[2026-07-23 02:36:30.978] Timer start: epsilon_prepare_chi0_2d. Free memory on node [GB]: 337.302
[2026-07-23 02:36:30.986] Timer stop:  epsilon_prepare_chi0_2d. Free memory on node [GB]: 337.302
[2026-07-23 02:36:30.986] Timer start: epsilon_compute_eps. Free memory on node [GB]: 337.302
[2026-07-23 02:36:30.986] Timer stop:  epsilon_compute_eps. Free memory on node [GB]: 337.302
[2026-07-23 02:36:30.986] Timer start: epsilon_to_wc. Free memory on node [GB]: 337.302
[2026-07-23 02:36:30.991] Timer stop:  epsilon_to_wc. Free memory on node [GB]: 337.302
[2026-07-23 02:36:30.992] Timer stop:  epsilon_wc_work_q_omega. Free memory on node [GB]: 337.302
[2026-07-23 02:36:30.992] Timer start: epsilon_wc_work_q_omega. Free memory on node [GB]: 337.302
[2026-07-23 02:36:30.992] Timer start: epsilon_prepare_chi0_2d. Free memory on node [GB]: 337.302
[2026-07-23 02:36:30.999] Timer stop:  epsilon_prepare_chi0_2d. Free memory on node [GB]: 337.302
[2026-07-23 02:36:30.999] Timer start: epsilon_compute_eps. Free memory on node [GB]: 337.302
[2026-07-23 02:36:30.999] Timer stop:  epsilon_compute_eps. Free memory on node [GB]: 337.302
[2026-07-23 02:36:31.000] Timer start: epsilon_to_wc. Free memory on node [GB]: 337.302
[2026-07-23 02:36:31.004] Timer stop:  epsilon_to_wc. Free memory on node [GB]: 337.302
[2026-07-23 02:36:31.004] Timer stop:  epsilon_wc_work_q_omega. Free memory on node [GB]: 337.302
[2026-07-23 02:36:31.005] Timer start: epsilon_wc_work_q_omega. Free memory on node [GB]: 337.302
[2026-07-23 02:36:31.005] Timer start: epsilon_prepare_chi0_2d. Free memory on node [GB]: 337.302
[2026-07-23 02:36:31.012] Timer stop:  epsilon_prepare_chi0_2d. Free memory on node [GB]: 337.302
[2026-07-23 02:36:31.012] Timer start: epsilon_compute_eps. Free memory on node [GB]: 337.302
[2026-07-23 02:36:31.012] Timer stop:  epsilon_compute_eps. Free memory on node [GB]: 337.302
[2026-07-23 02:36:31.012] Timer start: epsilon_to_wc. Free memory on node [GB]: 337.302
[2026-07-23 02:36:31.017] Timer stop:  epsilon_to_wc. Free memory on node [GB]: 337.302
[2026-07-23 02:36:31.017] Timer stop:  epsilon_wc_work_q_omega. Free memory on node [GB]: 337.302
[2026-07-23 02:36:31.018] Timer start: epsilon_wc_work_q_omega. Free memory on node [GB]: 337.302
[2026-07-23 02:36:31.018] Timer start: epsilon_prepare_chi0_2d. Free memory on node [GB]: 337.302
[2026-07-23 02:36:31.025] Timer stop:  epsilon_prepare_chi0_2d. Free memory on node [GB]: 337.302
[2026-07-23 02:36:31.025] Timer start: epsilon_compute_eps. Free memory on node [GB]: 337.302
[2026-07-23 02:36:31.026] Timer stop:  epsilon_compute_eps. Free memory on node [GB]: 337.302
[2026-07-23 02:36:31.026] Timer start: epsilon_to_wc. Free memory on node [GB]: 337.302
[2026-07-23 02:36:31.031] Timer stop:  epsilon_to_wc. Free memory on node [GB]: 337.302
[2026-07-23 02:36:31.031] Timer stop:  epsilon_wc_work_q_omega. Free memory on node [GB]: 337.302
[2026-07-23 02:36:31.031] Timer start: epsilon_prepare_coulwc_sqrt. Free memory on node [GB]: 337.302
[2026-07-23 02:36:31.031] Timer start: epsilon_prepare_coulwc_sqrt_1. Free memory on node [GB]: 337.302
[2026-07-23 02:36:31.032] Timer stop:  epsilon_prepare_coulwc_sqrt_1. Free memory on node [GB]: 337.302
[2026-07-23 02:36:31.032] Timer start: epsilon_prepare_coulwc_sqrt_2. Free memory on node [GB]: 337.302
[2026-07-23 02:36:31.035] Timer stop:  epsilon_prepare_coulwc_sqrt_2. Free memory on node [GB]: 337.302
[2026-07-23 02:36:31.035] Timer start: epsilon_prepare_coulwc_sqrt_3. Free memory on node [GB]: 337.302
[2026-07-23 02:36:31.036] Timer stop:  epsilon_prepare_coulwc_sqrt_3. Free memory on node [GB]: 337.302
[2026-07-23 02:36:31.036] Timer start: epsilon_prepare_coulwc_sqrt_4. Free memory on node [GB]: 337.302
[2026-07-23 02:36:31.092] Timer stop:  epsilon_prepare_coulwc_sqrt_4. Free memory on node [GB]: 337.302
[2026-07-23 02:36:31.092] Timer stop:  epsilon_prepare_coulwc_sqrt. Free memory on node [GB]: 337.302
[2026-07-23 02:36:31.092] Timer start: epsilon_prepare_couleps_sqrt. Free memory on node [GB]: 337.302
[2026-07-23 02:36:31.153] Timer stop:  epsilon_prepare_couleps_sqrt. Free memory on node [GB]: 337.302
[2026-07-23 02:36:31.153] Timer start: epsilon_wc_work_q_omega. Free memory on node [GB]: 337.302
[2026-07-23 02:36:31.153] Timer start: epsilon_prepare_chi0_2d. Free memory on node [GB]: 337.302
[2026-07-23 02:36:31.160] Timer stop:  epsilon_prepare_chi0_2d. Free memory on node [GB]: 337.302
[2026-07-23 02:36:31.160] Timer start: epsilon_compute_eps. Free memory on node [GB]: 337.302
[2026-07-23 02:36:31.161] Timer stop:  epsilon_compute_eps. Free memory on node [GB]: 337.302
[2026-07-23 02:36:31.161] Timer start: epsilon_to_wc. Free memory on node [GB]: 337.302
[2026-07-23 02:36:31.166] Timer stop:  epsilon_to_wc. Free memory on node [GB]: 337.302
[2026-07-23 02:36:31.166] Timer stop:  epsilon_wc_work_q_omega. Free memory on node [GB]: 337.302
[2026-07-23 02:36:31.166] Timer start: epsilon_wc_work_q_omega. Free memory on node [GB]: 337.302
[2026-07-23 02:36:31.166] Timer start: epsilon_prepare_chi0_2d. Free memory on node [GB]: 337.302
[2026-07-23 02:36:31.175] Timer stop:  epsilon_prepare_chi0_2d. Free memory on node [GB]: 337.302
[2026-07-23 02:36:31.175] Timer start: epsilon_compute_eps. Free memory on node [GB]: 337.302
[2026-07-23 02:36:31.176] Timer stop:  epsilon_compute_eps. Free memory on node [GB]: 337.302
[2026-07-23 02:36:31.176] Timer start: epsilon_to_wc. Free memory on node [GB]: 337.302
[2026-07-23 02:36:31.181] Timer stop:  epsilon_to_wc. Free memory on node [GB]: 337.302
[2026-07-23 02:36:31.181] Timer stop:  epsilon_wc_work_q_omega. Free memory on node [GB]: 337.302
[2026-07-23 02:36:31.181] Timer start: epsilon_wc_work_q_omega. Free memory on node [GB]: 337.302
[2026-07-23 02:36:31.181] Timer start: epsilon_prepare_chi0_2d. Free memory on node [GB]: 337.302
[2026-07-23 02:36:31.190] Timer stop:  epsilon_prepare_chi0_2d. Free memory on node [GB]: 337.302
[2026-07-23 02:36:31.190] Timer start: epsilon_compute_eps. Free memory on node [GB]: 337.302
[2026-07-23 02:36:31.191] Timer stop:  epsilon_compute_eps. Free memory on node [GB]: 337.302
[2026-07-23 02:36:31.191] Timer start: epsilon_to_wc. Free memory on node [GB]: 337.302
[2026-07-23 02:36:31.196] Timer stop:  epsilon_to_wc. Free memory on node [GB]: 337.302
[2026-07-23 02:36:31.196] Timer stop:  epsilon_wc_work_q_omega. Free memory on node [GB]: 337.302
[2026-07-23 02:36:31.196] Timer start: epsilon_wc_work_q_omega. Free memory on node [GB]: 337.302
[2026-07-23 02:36:31.196] Timer start: epsilon_prepare_chi0_2d. Free memory on node [GB]: 337.302
[2026-07-23 02:36:31.203] Timer stop:  epsilon_prepare_chi0_2d. Free memory on node [GB]: 337.302
[2026-07-23 02:36:31.203] Timer start: epsilon_compute_eps. Free memory on node [GB]: 337.302
[2026-07-23 02:36:31.204] Timer stop:  epsilon_compute_eps. Free memory on node [GB]: 337.302
[2026-07-23 02:36:31.204] Timer start: epsilon_to_wc. Free memory on node [GB]: 337.302
[2026-07-23 02:36:31.209] Timer stop:  epsilon_to_wc. Free memory on node [GB]: 337.302
[2026-07-23 02:36:31.209] Timer stop:  epsilon_wc_work_q_omega. Free memory on node [GB]: 337.302
[2026-07-23 02:36:31.209] Timer start: epsilon_wc_work_q_omega. Free memory on node [GB]: 337.302
[2026-07-23 02:36:31.209] Timer start: epsilon_prepare_chi0_2d. Free memory on node [GB]: 337.302
[2026-07-23 02:36:31.217] Timer stop:  epsilon_prepare_chi0_2d. Free memory on node [GB]: 337.302
[2026-07-23 02:36:31.217] Timer start: epsilon_compute_eps. Free memory on node [GB]: 337.302
[2026-07-23 02:36:31.218] Timer stop:  epsilon_compute_eps. Free memory on node [GB]: 337.302
[2026-07-23 02:36:31.218] Timer start: epsilon_to_wc. Free memory on node [GB]: 337.302
[2026-07-23 02:36:31.222] Timer stop:  epsilon_to_wc. Free memory on node [GB]: 337.302
[2026-07-23 02:36:31.222] Timer stop:  epsilon_wc_work_q_omega. Free memory on node [GB]: 337.302
[2026-07-23 02:36:31.223] Timer start: epsilon_wc_work_q_omega. Free memory on node [GB]: 337.302
[2026-07-23 02:36:31.223] Timer start: epsilon_prepare_chi0_2d. Free memory on node [GB]: 337.302
[2026-07-23 02:36:31.229] Timer stop:  epsilon_prepare_chi0_2d. Free memory on node [GB]: 337.302
[2026-07-23 02:36:31.229] Timer start: epsilon_compute_eps. Free memory on node [GB]: 337.302
[2026-07-23 02:36:31.230] Timer stop:  epsilon_compute_eps. Free memory on node [GB]: 337.302
[2026-07-23 02:36:31.230] Timer start: epsilon_to_wc. Free memory on node [GB]: 337.302
[2026-07-23 02:36:31.235] Timer stop:  epsilon_to_wc. Free memory on node [GB]: 337.302
[2026-07-23 02:36:31.235] Timer stop:  epsilon_wc_work_q_omega. Free memory on node [GB]: 337.302
[2026-07-23 02:36:31.236] Timer start: epsilon_prepare_coulwc_sqrt. Free memory on node [GB]: 337.302
[2026-07-23 02:36:31.236] Timer start: epsilon_prepare_coulwc_sqrt_1. Free memory on node [GB]: 337.302
[2026-07-23 02:36:31.236] Timer stop:  epsilon_prepare_coulwc_sqrt_1. Free memory on node [GB]: 337.302
[2026-07-23 02:36:31.236] Timer start: epsilon_prepare_coulwc_sqrt_2. Free memory on node [GB]: 337.302
[2026-07-23 02:36:31.240] Timer stop:  epsilon_prepare_coulwc_sqrt_2. Free memory on node [GB]: 337.302
[2026-07-23 02:36:31.240] Timer start: epsilon_prepare_coulwc_sqrt_3. Free memory on node [GB]: 337.302
[2026-07-23 02:36:31.241] Timer stop:  epsilon_prepare_coulwc_sqrt_3. Free memory on node [GB]: 337.302
[2026-07-23 02:36:31.241] Timer start: epsilon_prepare_coulwc_sqrt_4. Free memory on node [GB]: 337.302
[2026-07-23 02:36:31.297] Timer stop:  epsilon_prepare_coulwc_sqrt_4. Free memory on node [GB]: 337.3
[2026-07-23 02:36:31.297] Timer stop:  epsilon_prepare_coulwc_sqrt. Free memory on node [GB]: 337.3
[2026-07-23 02:36:31.297] Timer start: epsilon_prepare_couleps_sqrt. Free memory on node [GB]: 337.3
[2026-07-23 02:36:31.357] Timer stop:  epsilon_prepare_couleps_sqrt. Free memory on node [GB]: 337.299
[2026-07-23 02:36:31.357] Timer start: epsilon_wc_work_q_omega. Free memory on node [GB]: 337.299
[2026-07-23 02:36:31.357] Timer start: epsilon_prepare_chi0_2d. Free memory on node [GB]: 337.299
[2026-07-23 02:36:31.364] Timer stop:  epsilon_prepare_chi0_2d. Free memory on node [GB]: 337.299
[2026-07-23 02:36:31.365] Timer start: epsilon_compute_eps. Free memory on node [GB]: 337.299
[2026-07-23 02:36:31.365] Timer stop:  epsilon_compute_eps. Free memory on node [GB]: 337.299
[2026-07-23 02:36:31.365] Timer start: epsilon_to_wc. Free memory on node [GB]: 337.299
[2026-07-23 02:36:31.370] Timer stop:  epsilon_to_wc. Free memory on node [GB]: 337.3
[2026-07-23 02:36:31.370] Timer stop:  epsilon_wc_work_q_omega. Free memory on node [GB]: 337.3
[2026-07-23 02:36:31.371] Timer start: epsilon_wc_work_q_omega. Free memory on node [GB]: 337.3
[2026-07-23 02:36:31.371] Timer start: epsilon_prepare_chi0_2d. Free memory on node [GB]: 337.3
[2026-07-23 02:36:31.378] Timer stop:  epsilon_prepare_chi0_2d. Free memory on node [GB]: 337.3
[2026-07-23 02:36:31.378] Timer start: epsilon_compute_eps. Free memory on node [GB]: 337.3
[2026-07-23 02:36:31.378] Timer stop:  epsilon_compute_eps. Free memory on node [GB]: 337.3
[2026-07-23 02:36:31.378] Timer start: epsilon_to_wc. Free memory on node [GB]: 337.3
[2026-07-23 02:36:31.383] Timer stop:  epsilon_to_wc. Free memory on node [GB]: 337.3
[2026-07-23 02:36:31.384] Timer stop:  epsilon_wc_work_q_omega. Free memory on node [GB]: 337.3
[2026-07-23 02:36:31.384] Timer start: epsilon_wc_work_q_omega. Free memory on node [GB]: 337.3
[2026-07-23 02:36:31.384] Timer start: epsilon_prepare_chi0_2d. Free memory on node [GB]: 337.3
[2026-07-23 02:36:31.391] Timer stop:  epsilon_prepare_chi0_2d. Free memory on node [GB]: 337.3
[2026-07-23 02:36:31.391] Timer start: epsilon_compute_eps. Free memory on node [GB]: 337.3
[2026-07-23 02:36:31.391] Timer stop:  epsilon_compute_eps. Free memory on node [GB]: 337.3
[2026-07-23 02:36:31.391] Timer start: epsilon_to_wc. Free memory on node [GB]: 337.3
[2026-07-23 02:36:31.396] Timer stop:  epsilon_to_wc. Free memory on node [GB]: 337.3
[2026-07-23 02:36:31.397] Timer stop:  epsilon_wc_work_q_omega. Free memory on node [GB]: 337.3
[2026-07-23 02:36:31.397] Timer start: epsilon_wc_work_q_omega. Free memory on node [GB]: 337.3
[2026-07-23 02:36:31.397] Timer start: epsilon_prepare_chi0_2d. Free memory on node [GB]: 337.3
[2026-07-23 02:36:31.404] Timer stop:  epsilon_prepare_chi0_2d. Free memory on node [GB]: 337.3
[2026-07-23 02:36:31.404] Timer start: epsilon_compute_eps. Free memory on node [GB]: 337.3
[2026-07-23 02:36:31.405] Timer stop:  epsilon_compute_eps. Free memory on node [GB]: 337.3
[2026-07-23 02:36:31.405] Timer start: epsilon_to_wc. Free memory on node [GB]: 337.3
[2026-07-23 02:36:31.410] Timer stop:  epsilon_to_wc. Free memory on node [GB]: 337.3
[2026-07-23 02:36:31.410] Timer stop:  epsilon_wc_work_q_omega. Free memory on node [GB]: 337.3
[2026-07-23 02:36:31.410] Timer start: epsilon_wc_work_q_omega. Free memory on node [GB]: 337.3
[2026-07-23 02:36:31.410] Timer start: epsilon_prepare_chi0_2d. Free memory on node [GB]: 337.3
[2026-07-23 02:36:31.417] Timer stop:  epsilon_prepare_chi0_2d. Free memory on node [GB]: 337.3
[2026-07-23 02:36:31.417] Timer start: epsilon_compute_eps. Free memory on node [GB]: 337.3
[2026-07-23 02:36:31.418] Timer stop:  epsilon_compute_eps. Free memory on node [GB]: 337.3
[2026-07-23 02:36:31.418] Timer start: epsilon_to_wc. Free memory on node [GB]: 337.3
[2026-07-23 02:36:31.423] Timer stop:  epsilon_to_wc. Free memory on node [GB]: 337.3
[2026-07-23 02:36:31.423] Timer stop:  epsilon_wc_work_q_omega. Free memory on node [GB]: 337.3
[2026-07-23 02:36:31.423] Timer start: epsilon_wc_work_q_omega. Free memory on node [GB]: 337.3
[2026-07-23 02:36:31.423] Timer start: epsilon_prepare_chi0_2d. Free memory on node [GB]: 337.3
[2026-07-23 02:36:31.430] Timer stop:  epsilon_prepare_chi0_2d. Free memory on node [GB]: 337.3
[2026-07-23 02:36:31.430] Timer start: epsilon_compute_eps. Free memory on node [GB]: 337.3
[2026-07-23 02:36:31.431] Timer stop:  epsilon_compute_eps. Free memory on node [GB]: 337.3
[2026-07-23 02:36:31.431] Timer start: epsilon_to_wc. Free memory on node [GB]: 337.3
[2026-07-23 02:36:31.436] Timer stop:  epsilon_to_wc. Free memory on node [GB]: 337.3
[2026-07-23 02:36:31.436] Timer stop:  epsilon_wc_work_q_omega. Free memory on node [GB]: 337.3
[2026-07-23 02:36:31.436] Timer start: epsilon_prepare_coulwc_sqrt. Free memory on node [GB]: 337.3
[2026-07-23 02:36:31.436] Timer start: epsilon_prepare_coulwc_sqrt_1. Free memory on node [GB]: 337.3
[2026-07-23 02:36:31.437] Timer stop:  epsilon_prepare_coulwc_sqrt_1. Free memory on node [GB]: 337.3
[2026-07-23 02:36:31.437] Timer start: epsilon_prepare_coulwc_sqrt_2. Free memory on node [GB]: 337.3
[2026-07-23 02:36:31.440] Timer stop:  epsilon_prepare_coulwc_sqrt_2. Free memory on node [GB]: 337.3
[2026-07-23 02:36:31.440] Timer start: epsilon_prepare_coulwc_sqrt_3. Free memory on node [GB]: 337.3
[2026-07-23 02:36:31.441] Timer stop:  epsilon_prepare_coulwc_sqrt_3. Free memory on node [GB]: 337.3
[2026-07-23 02:36:31.441] Timer start: epsilon_prepare_coulwc_sqrt_4. Free memory on node [GB]: 337.3
[2026-07-23 02:36:31.496] Timer stop:  epsilon_prepare_coulwc_sqrt_4. Free memory on node [GB]: 337.3
[2026-07-23 02:36:31.496] Timer stop:  epsilon_prepare_coulwc_sqrt. Free memory on node [GB]: 337.3
[2026-07-23 02:36:31.496] Timer start: epsilon_prepare_couleps_sqrt. Free memory on node [GB]: 337.3
[2026-07-23 02:36:31.556] Timer stop:  epsilon_prepare_couleps_sqrt. Free memory on node [GB]: 337.302
[2026-07-23 02:36:31.556] Timer start: epsilon_wc_work_q_omega. Free memory on node [GB]: 337.302
[2026-07-23 02:36:31.556] Timer start: epsilon_prepare_chi0_2d. Free memory on node [GB]: 337.302
[2026-07-23 02:36:31.563] Timer stop:  epsilon_prepare_chi0_2d. Free memory on node [GB]: 337.302
[2026-07-23 02:36:31.563] Timer start: epsilon_compute_eps. Free memory on node [GB]: 337.302
[2026-07-23 02:36:31.564] Timer stop:  epsilon_compute_eps. Free memory on node [GB]: 337.302
[2026-07-23 02:36:31.564] Timer start: epsilon_to_wc. Free memory on node [GB]: 337.302
[2026-07-23 02:36:31.568] Timer stop:  epsilon_to_wc. Free memory on node [GB]: 337.302
[2026-07-23 02:36:31.569] Timer stop:  epsilon_wc_work_q_omega. Free memory on node [GB]: 337.302
[2026-07-23 02:36:31.569] Timer start: epsilon_wc_work_q_omega. Free memory on node [GB]: 337.302
[2026-07-23 02:36:31.569] Timer start: epsilon_prepare_chi0_2d. Free memory on node [GB]: 337.302
[2026-07-23 02:36:31.576] Timer stop:  epsilon_prepare_chi0_2d. Free memory on node [GB]: 337.302
[2026-07-23 02:36:31.576] Timer start: epsilon_compute_eps. Free memory on node [GB]: 337.302
[2026-07-23 02:36:31.576] Timer stop:  epsilon_compute_eps. Free memory on node [GB]: 337.302
[2026-07-23 02:36:31.576] Timer start: epsilon_to_wc. Free memory on node [GB]: 337.302
[2026-07-23 02:36:31.581] Timer stop:  epsilon_to_wc. Free memory on node [GB]: 337.302
[2026-07-23 02:36:31.581] Timer stop:  epsilon_wc_work_q_omega. Free memory on node [GB]: 337.302
[2026-07-23 02:36:31.582] Timer start: epsilon_wc_work_q_omega. Free memory on node [GB]: 337.302
[2026-07-23 02:36:31.582] Timer start: epsilon_prepare_chi0_2d. Free memory on node [GB]: 337.302
[2026-07-23 02:36:31.590] Timer stop:  epsilon_prepare_chi0_2d. Free memory on node [GB]: 337.302
[2026-07-23 02:36:31.590] Timer start: epsilon_compute_eps. Free memory on node [GB]: 337.302
[2026-07-23 02:36:31.590] Timer stop:  epsilon_compute_eps. Free memory on node [GB]: 337.302
[2026-07-23 02:36:31.590] Timer start: epsilon_to_wc. Free memory on node [GB]: 337.302
[2026-07-23 02:36:31.595] Timer stop:  epsilon_to_wc. Free memory on node [GB]: 337.302
[2026-07-23 02:36:31.596] Timer stop:  epsilon_wc_work_q_omega. Free memory on node [GB]: 337.302
[2026-07-23 02:36:31.596] Timer start: epsilon_wc_work_q_omega. Free memory on node [GB]: 337.302
[2026-07-23 02:36:31.596] Timer start: epsilon_prepare_chi0_2d. Free memory on node [GB]: 337.302
[2026-07-23 02:36:31.603] Timer stop:  epsilon_prepare_chi0_2d. Free memory on node [GB]: 337.302
[2026-07-23 02:36:31.603] Timer start: epsilon_compute_eps. Free memory on node [GB]: 337.302
[2026-07-23 02:36:31.603] Timer stop:  epsilon_compute_eps. Free memory on node [GB]: 337.302
[2026-07-23 02:36:31.603] Timer start: epsilon_to_wc. Free memory on node [GB]: 337.302
[2026-07-23 02:36:31.608] Timer stop:  epsilon_to_wc. Free memory on node [GB]: 337.302
[2026-07-23 02:36:31.608] Timer stop:  epsilon_wc_work_q_omega. Free memory on node [GB]: 337.302
[2026-07-23 02:36:31.609] Timer start: epsilon_wc_work_q_omega. Free memory on node [GB]: 337.302
[2026-07-23 02:36:31.609] Timer start: epsilon_prepare_chi0_2d. Free memory on node [GB]: 337.302
[2026-07-23 02:36:31.616] Timer stop:  epsilon_prepare_chi0_2d. Free memory on node [GB]: 337.302
[2026-07-23 02:36:31.616] Timer start: epsilon_compute_eps. Free memory on node [GB]: 337.302
[2026-07-23 02:36:31.616] Timer stop:  epsilon_compute_eps. Free memory on node [GB]: 337.302
[2026-07-23 02:36:31.616] Timer start: epsilon_to_wc. Free memory on node [GB]: 337.302
[2026-07-23 02:36:31.621] Timer stop:  epsilon_to_wc. Free memory on node [GB]: 337.302
[2026-07-23 02:36:31.621] Timer stop:  epsilon_wc_work_q_omega. Free memory on node [GB]: 337.302
[2026-07-23 02:36:31.622] Timer start: epsilon_wc_work_q_omega. Free memory on node [GB]: 337.302
[2026-07-23 02:36:31.622] Timer start: epsilon_prepare_chi0_2d. Free memory on node [GB]: 337.302
[2026-07-23 02:36:31.629] Timer stop:  epsilon_prepare_chi0_2d. Free memory on node [GB]: 337.302
[2026-07-23 02:36:31.629] Timer start: epsilon_compute_eps. Free memory on node [GB]: 337.302
[2026-07-23 02:36:31.629] Timer stop:  epsilon_compute_eps. Free memory on node [GB]: 337.302
[2026-07-23 02:36:31.629] Timer start: epsilon_to_wc. Free memory on node [GB]: 337.302
[2026-07-23 02:36:31.634] Timer stop:  epsilon_to_wc. Free memory on node [GB]: 337.302
[2026-07-23 02:36:31.635] Timer stop:  epsilon_wc_work_q_omega. Free memory on node [GB]: 337.302
[2026-07-23 02:36:31.635] Timer start: epsilon_prepare_coulwc_sqrt. Free memory on node [GB]: 337.302
[2026-07-23 02:36:31.635] Timer start: epsilon_prepare_coulwc_sqrt_1. Free memory on node [GB]: 337.302
[2026-07-23 02:36:31.635] Timer stop:  epsilon_prepare_coulwc_sqrt_1. Free memory on node [GB]: 337.302
[2026-07-23 02:36:31.635] Timer start: epsilon_prepare_coulwc_sqrt_2. Free memory on node [GB]: 337.302
[2026-07-23 02:36:31.639] Timer stop:  epsilon_prepare_coulwc_sqrt_2. Free memory on node [GB]: 337.302
[2026-07-23 02:36:31.639] Timer start: epsilon_prepare_coulwc_sqrt_3. Free memory on node [GB]: 337.302
[2026-07-23 02:36:31.640] Timer stop:  epsilon_prepare_coulwc_sqrt_3. Free memory on node [GB]: 337.302
[2026-07-23 02:36:31.640] Timer start: epsilon_prepare_coulwc_sqrt_4. Free memory on node [GB]: 337.302
[2026-07-23 02:36:31.693] Timer stop:  epsilon_prepare_coulwc_sqrt_4. Free memory on node [GB]: 337.302
[2026-07-23 02:36:31.693] Timer stop:  epsilon_prepare_coulwc_sqrt. Free memory on node [GB]: 337.302
[2026-07-23 02:36:31.693] Timer start: epsilon_prepare_couleps_sqrt. Free memory on node [GB]: 337.302
[2026-07-23 02:36:31.752] Timer stop:  epsilon_prepare_couleps_sqrt. Free memory on node [GB]: 337.302
[2026-07-23 02:36:31.752] Timer start: epsilon_wc_work_q_omega. Free memory on node [GB]: 337.302
[2026-07-23 02:36:31.752] Timer start: epsilon_prepare_chi0_2d. Free memory on node [GB]: 337.302
[2026-07-23 02:36:31.759] Timer stop:  epsilon_prepare_chi0_2d. Free memory on node [GB]: 337.302
[2026-07-23 02:36:31.759] Timer start: epsilon_compute_eps. Free memory on node [GB]: 337.302
[2026-07-23 02:36:31.760] Timer stop:  epsilon_compute_eps. Free memory on node [GB]: 337.302
[2026-07-23 02:36:31.760] Timer start: epsilon_to_wc. Free memory on node [GB]: 337.302
[2026-07-23 02:36:31.765] Timer stop:  epsilon_to_wc. Free memory on node [GB]: 337.302
[2026-07-23 02:36:31.766] Timer stop:  epsilon_wc_work_q_omega. Free memory on node [GB]: 337.302
[2026-07-23 02:36:31.766] Timer start: epsilon_wc_work_q_omega. Free memory on node [GB]: 337.302
[2026-07-23 02:36:31.766] Timer start: epsilon_prepare_chi0_2d. Free memory on node [GB]: 337.302
[2026-07-23 02:36:31.773] Timer stop:  epsilon_prepare_chi0_2d. Free memory on node [GB]: 337.302
[2026-07-23 02:36:31.773] Timer start: epsilon_compute_eps. Free memory on node [GB]: 337.302
[2026-07-23 02:36:31.774] Timer stop:  epsilon_compute_eps. Free memory on node [GB]: 337.302
[2026-07-23 02:36:31.774] Timer start: epsilon_to_wc. Free memory on node [GB]: 337.302
[2026-07-23 02:36:31.778] Timer stop:  epsilon_to_wc. Free memory on node [GB]: 337.302
[2026-07-23 02:36:31.779] Timer stop:  epsilon_wc_work_q_omega. Free memory on node [GB]: 337.302
[2026-07-23 02:36:31.779] Timer start: epsilon_wc_work_q_omega. Free memory on node [GB]: 337.302
[2026-07-23 02:36:31.779] Timer start: epsilon_prepare_chi0_2d. Free memory on node [GB]: 337.302
[2026-07-23 02:36:31.786] Timer stop:  epsilon_prepare_chi0_2d. Free memory on node [GB]: 337.302
[2026-07-23 02:36:31.786] Timer start: epsilon_compute_eps. Free memory on node [GB]: 337.302
[2026-07-23 02:36:31.786] Timer stop:  epsilon_compute_eps. Free memory on node [GB]: 337.302
[2026-07-23 02:36:31.786] Timer start: epsilon_to_wc. Free memory on node [GB]: 337.302
[2026-07-23 02:36:31.791] Timer stop:  epsilon_to_wc. Free memory on node [GB]: 337.302
[2026-07-23 02:36:31.792] Timer stop:  epsilon_wc_work_q_omega. Free memory on node [GB]: 337.302
[2026-07-23 02:36:31.792] Timer start: epsilon_wc_work_q_omega. Free memory on node [GB]: 337.302
[2026-07-23 02:36:31.792] Timer start: epsilon_prepare_chi0_2d. Free memory on node [GB]: 337.302
[2026-07-23 02:36:31.799] Timer stop:  epsilon_prepare_chi0_2d. Free memory on node [GB]: 337.302
[2026-07-23 02:36:31.799] Timer start: epsilon_compute_eps. Free memory on node [GB]: 337.302
[2026-07-23 02:36:31.799] Timer stop:  epsilon_compute_eps. Free memory on node [GB]: 337.302
[2026-07-23 02:36:31.799] Timer start: epsilon_to_wc. Free memory on node [GB]: 337.302
[2026-07-23 02:36:31.804] Timer stop:  epsilon_to_wc. Free memory on node [GB]: 337.302
[2026-07-23 02:36:31.804] Timer stop:  epsilon_wc_work_q_omega. Free memory on node [GB]: 337.302
[2026-07-23 02:36:31.805] Timer start: epsilon_wc_work_q_omega. Free memory on node [GB]: 337.302
[2026-07-23 02:36:31.805] Timer start: epsilon_prepare_chi0_2d. Free memory on node [GB]: 337.302
[2026-07-23 02:36:31.811] Timer stop:  epsilon_prepare_chi0_2d. Free memory on node [GB]: 337.302
[2026-07-23 02:36:31.812] Timer start: epsilon_compute_eps. Free memory on node [GB]: 337.302
[2026-07-23 02:36:31.812] Timer stop:  epsilon_compute_eps. Free memory on node [GB]: 337.302
[2026-07-23 02:36:31.812] Timer start: epsilon_to_wc. Free memory on node [GB]: 337.302
[2026-07-23 02:36:31.817] Timer stop:  epsilon_to_wc. Free memory on node [GB]: 337.302
[2026-07-23 02:36:31.817] Timer stop:  epsilon_wc_work_q_omega. Free memory on node [GB]: 337.302
[2026-07-23 02:36:31.818] Timer start: epsilon_wc_work_q_omega. Free memory on node [GB]: 337.302
[2026-07-23 02:36:31.818] Timer start: epsilon_prepare_chi0_2d. Free memory on node [GB]: 337.302
[2026-07-23 02:36:31.825] Timer stop:  epsilon_prepare_chi0_2d. Free memory on node [GB]: 337.302
[2026-07-23 02:36:31.825] Timer start: epsilon_compute_eps. Free memory on node [GB]: 337.302
[2026-07-23 02:36:31.825] Timer stop:  epsilon_compute_eps. Free memory on node [GB]: 337.302
[2026-07-23 02:36:31.825] Timer start: epsilon_to_wc. Free memory on node [GB]: 337.302
[2026-07-23 02:36:31.830] Timer stop:  epsilon_to_wc. Free memory on node [GB]: 337.302
[2026-07-23 02:36:31.831] Timer stop:  epsilon_wc_work_q_omega. Free memory on node [GB]: 337.302
[2026-07-23 02:36:31.831] Timer start: epsilon_prepare_coulwc_sqrt. Free memory on node [GB]: 337.302
[2026-07-23 02:36:31.831] Timer start: epsilon_prepare_coulwc_sqrt_1. Free memory on node [GB]: 337.302
[2026-07-23 02:36:31.831] Timer stop:  epsilon_prepare_coulwc_sqrt_1. Free memory on node [GB]: 337.302
[2026-07-23 02:36:31.831] Timer start: epsilon_prepare_coulwc_sqrt_2. Free memory on node [GB]: 337.302
[2026-07-23 02:36:31.835] Timer stop:  epsilon_prepare_coulwc_sqrt_2. Free memory on node [GB]: 337.302
[2026-07-23 02:36:31.835] Timer start: epsilon_prepare_coulwc_sqrt_3. Free memory on node [GB]: 337.302
[2026-07-23 02:36:31.836] Timer stop:  epsilon_prepare_coulwc_sqrt_3. Free memory on node [GB]: 337.302
[2026-07-23 02:36:31.836] Timer start: epsilon_prepare_coulwc_sqrt_4. Free memory on node [GB]: 337.302
[2026-07-23 02:36:31.889] Timer stop:  epsilon_prepare_coulwc_sqrt_4. Free memory on node [GB]: 337.302
[2026-07-23 02:36:31.889] Timer stop:  epsilon_prepare_coulwc_sqrt. Free memory on node [GB]: 337.302
[2026-07-23 02:36:31.889] Timer start: epsilon_prepare_couleps_sqrt. Free memory on node [GB]: 337.302
[2026-07-23 02:36:31.946] Timer stop:  epsilon_prepare_couleps_sqrt. Free memory on node [GB]: 337.302
[2026-07-23 02:36:31.946] Timer start: epsilon_wc_work_q_omega. Free memory on node [GB]: 337.302
[2026-07-23 02:36:31.946] Timer start: epsilon_prepare_chi0_2d. Free memory on node [GB]: 337.302
[2026-07-23 02:36:31.953] Timer stop:  epsilon_prepare_chi0_2d. Free memory on node [GB]: 337.302
[2026-07-23 02:36:31.953] Timer start: epsilon_compute_eps. Free memory on node [GB]: 337.302
[2026-07-23 02:36:31.953] Timer stop:  epsilon_compute_eps. Free memory on node [GB]: 337.302
[2026-07-23 02:36:31.953] Timer start: epsilon_to_wc. Free memory on node [GB]: 337.302
[2026-07-23 02:36:31.958] Timer stop:  epsilon_to_wc. Free memory on node [GB]: 337.302
[2026-07-23 02:36:31.959] Timer stop:  epsilon_wc_work_q_omega. Free memory on node [GB]: 337.302
[2026-07-23 02:36:31.959] Timer start: epsilon_wc_work_q_omega. Free memory on node [GB]: 337.302
[2026-07-23 02:36:31.959] Timer start: epsilon_prepare_chi0_2d. Free memory on node [GB]: 337.302
[2026-07-23 02:36:31.966] Timer stop:  epsilon_prepare_chi0_2d. Free memory on node [GB]: 337.302
[2026-07-23 02:36:31.966] Timer start: epsilon_compute_eps. Free memory on node [GB]: 337.302
[2026-07-23 02:36:31.966] Timer stop:  epsilon_compute_eps. Free memory on node [GB]: 337.302
[2026-07-23 02:36:31.967] Timer start: epsilon_to_wc. Free memory on node [GB]: 337.302
[2026-07-23 02:36:31.972] Timer stop:  epsilon_to_wc. Free memory on node [GB]: 337.302
[2026-07-23 02:36:31.972] Timer stop:  epsilon_wc_work_q_omega. Free memory on node [GB]: 337.302
[2026-07-23 02:36:31.973] Timer start: epsilon_wc_work_q_omega. Free memory on node [GB]: 337.302
[2026-07-23 02:36:31.973] Timer start: epsilon_prepare_chi0_2d. Free memory on node [GB]: 337.302
[2026-07-23 02:36:31.980] Timer stop:  epsilon_prepare_chi0_2d. Free memory on node [GB]: 337.302
[2026-07-23 02:36:31.980] Timer start: epsilon_compute_eps. Free memory on node [GB]: 337.302
[2026-07-23 02:36:31.980] Timer stop:  epsilon_compute_eps. Free memory on node [GB]: 337.302
[2026-07-23 02:36:31.980] Timer start: epsilon_to_wc. Free memory on node [GB]: 337.302
[2026-07-23 02:36:31.985] Timer stop:  epsilon_to_wc. Free memory on node [GB]: 337.302
[2026-07-23 02:36:31.985] Timer stop:  epsilon_wc_work_q_omega. Free memory on node [GB]: 337.302
[2026-07-23 02:36:31.986] Timer start: epsilon_wc_work_q_omega. Free memory on node [GB]: 337.302
[2026-07-23 02:36:31.986] Timer start: epsilon_prepare_chi0_2d. Free memory on node [GB]: 337.302
[2026-07-23 02:36:31.994] Timer stop:  epsilon_prepare_chi0_2d. Free memory on node [GB]: 337.302
[2026-07-23 02:36:31.994] Timer start: epsilon_compute_eps. Free memory on node [GB]: 337.302
[2026-07-23 02:36:31.995] Timer stop:  epsilon_compute_eps. Free memory on node [GB]: 337.302
[2026-07-23 02:36:31.995] Timer start: epsilon_to_wc. Free memory on node [GB]: 337.302
[2026-07-23 02:36:32.000] Timer stop:  epsilon_to_wc. Free memory on node [GB]: 337.302
[2026-07-23 02:36:32.000] Timer stop:  epsilon_wc_work_q_omega. Free memory on node [GB]: 337.302
[2026-07-23 02:36:32.000] Timer start: epsilon_wc_work_q_omega. Free memory on node [GB]: 337.302
[2026-07-23 02:36:32.000] Timer start: epsilon_prepare_chi0_2d. Free memory on node [GB]: 337.302
[2026-07-23 02:36:32.007] Timer stop:  epsilon_prepare_chi0_2d. Free memory on node [GB]: 337.302
[2026-07-23 02:36:32.007] Timer start: epsilon_compute_eps. Free memory on node [GB]: 337.302
[2026-07-23 02:36:32.008] Timer stop:  epsilon_compute_eps. Free memory on node [GB]: 337.302
[2026-07-23 02:36:32.008] Timer start: epsilon_to_wc. Free memory on node [GB]: 337.302
[2026-07-23 02:36:32.012] Timer stop:  epsilon_to_wc. Free memory on node [GB]: 337.302
[2026-07-23 02:36:32.013] Timer stop:  epsilon_wc_work_q_omega. Free memory on node [GB]: 337.302
[2026-07-23 02:36:32.013] Timer start: epsilon_wc_work_q_omega. Free memory on node [GB]: 337.302
[2026-07-23 02:36:32.013] Timer start: epsilon_prepare_chi0_2d. Free memory on node [GB]: 337.302
[2026-07-23 02:36:32.020] Timer stop:  epsilon_prepare_chi0_2d. Free memory on node [GB]: 337.302
[2026-07-23 02:36:32.020] Timer start: epsilon_compute_eps. Free memory on node [GB]: 337.302
[2026-07-23 02:36:32.021] Timer stop:  epsilon_compute_eps. Free memory on node [GB]: 337.302
[2026-07-23 02:36:32.021] Timer start: epsilon_to_wc. Free memory on node [GB]: 337.302
[2026-07-23 02:36:32.025] Timer stop:  epsilon_to_wc. Free memory on node [GB]: 337.302
[2026-07-23 02:36:32.026] Timer stop:  epsilon_wc_work_q_omega. Free memory on node [GB]: 337.302
[2026-07-23 02:36:32.026] Timer stop:  compute_Wc_freq_q_work. Free memory on node [GB]: 337.302
[2026-07-23 02:36:32.026] Timer start: collect_Wc_blacs_to_atom_pairs. Free memory on node [GB]: 337.302
[2026-07-23 02:36:32.275] Timer stop:  collect_Wc_blacs_to_atom_pairs. Free memory on node [GB]: 337.267
[2026-07-23 02:36:32.275] Timer stop:  g0w0_wc. Free memory on node [GB]: 337.267
[2026-07-23 02:36:32.275] Timer start: initialize_ds_g0w0. Free memory on node [GB]: 337.267
Detected symmetry operations from structure
| irreducible atom pairs : 4
| irreducible {pair, R}  : 42
| real-space operations  : 48
| IBZ k-stars            : 8
| total star members     : 64
| k rotations            : generated from symmetry operations
| RSH rotation cache     : 48 operations
| legacy sidecars        : ignored (symrot_R/symrot_k/irreducible_sector)
[2026-07-23 02:36:32.588] Timer stop:  initialize_ds_g0w0. Free memory on node [GB]: 337.267
[2026-07-23 02:36:32.588] Timer start: g0w0_sigc_IJ. Free memory on node [GB]: 337.267
[2026-07-23 02:36:32.588] Timer start: g0w0_build_spacetime_wt_ft_wc. Free memory on node [GB]: 337.267
[2026-07-23 02:36:32.618] Timer stop:  g0w0_build_spacetime_wt_ft_wc. Free memory on node [GB]: 337.331
[2026-07-23 02:36:32.618] Timer start: g0w0_build_spacetime_ct_ft_wc. Free memory on node [GB]: 337.331
[2026-07-23 02:36:32.618] Timer start: unfold_Wc_abfs. Free memory on node [GB]: 337.331
[2026-07-23 02:36:32.630] Timer start: unfold_prepare_Wc_2d. Free memory on node [GB]: 337.331
[2026-07-23 02:36:32.634] Timer start: unfold_prepare_Wc_2d_comm_map2. Free memory on node [GB]: 337.331
[2026-07-23 02:36:32.639] Timer stop:  unfold_prepare_Wc_2d_comm_map2. Free memory on node [GB]: 337.331
[2026-07-23 02:36:32.639] Timer start: unfold_prepare_Wc_2d_collect_block. Free memory on node [GB]: 337.331
[2026-07-23 02:36:32.640] Timer stop:  unfold_prepare_Wc_2d_collect_block. Free memory on node [GB]: 337.331
[2026-07-23 02:36:32.640] Timer stop:  unfold_prepare_Wc_2d. Free memory on node [GB]: 337.331
[2026-07-23 02:36:32.722] Timer start: unfold_prepare_Wc_2d. Free memory on node [GB]: 337.286
[2026-07-23 02:36:32.726] Timer start: unfold_prepare_Wc_2d_comm_map2. Free memory on node [GB]: 337.286
[2026-07-23 02:36:32.730] Timer stop:  unfold_prepare_Wc_2d_comm_map2. Free memory on node [GB]: 337.286
[2026-07-23 02:36:32.730] Timer start: unfold_prepare_Wc_2d_collect_block. Free memory on node [GB]: 337.286
[2026-07-23 02:36:32.730] Timer stop:  unfold_prepare_Wc_2d_collect_block. Free memory on node [GB]: 337.286
[2026-07-23 02:36:32.730] Timer stop:  unfold_prepare_Wc_2d. Free memory on node [GB]: 337.286
[2026-07-23 02:36:32.809] Timer start: unfold_prepare_Wc_2d. Free memory on node [GB]: 337.277
[2026-07-23 02:36:32.812] Timer start: unfold_prepare_Wc_2d_comm_map2. Free memory on node [GB]: 337.277
[2026-07-23 02:36:32.816] Timer stop:  unfold_prepare_Wc_2d_comm_map2. Free memory on node [GB]: 337.277
[2026-07-23 02:36:32.816] Timer start: unfold_prepare_Wc_2d_collect_block. Free memory on node [GB]: 337.277
[2026-07-23 02:36:32.817] Timer stop:  unfold_prepare_Wc_2d_collect_block. Free memory on node [GB]: 337.277
[2026-07-23 02:36:32.817] Timer stop:  unfold_prepare_Wc_2d. Free memory on node [GB]: 337.277
[2026-07-23 02:36:32.885] Timer start: unfold_prepare_Wc_2d. Free memory on node [GB]: 337.275
[2026-07-23 02:36:32.889] Timer start: unfold_prepare_Wc_2d_comm_map2. Free memory on node [GB]: 337.275
[2026-07-23 02:36:32.893] Timer stop:  unfold_prepare_Wc_2d_comm_map2. Free memory on node [GB]: 337.275
[2026-07-23 02:36:32.893] Timer start: unfold_prepare_Wc_2d_collect_block. Free memory on node [GB]: 337.275
[2026-07-23 02:36:32.893] Timer stop:  unfold_prepare_Wc_2d_collect_block. Free memory on node [GB]: 337.275
[2026-07-23 02:36:32.893] Timer stop:  unfold_prepare_Wc_2d. Free memory on node [GB]: 337.275
[2026-07-23 02:36:32.962] Timer start: unfold_prepare_Wc_2d. Free memory on node [GB]: 337.262
[2026-07-23 02:36:32.966] Timer start: unfold_prepare_Wc_2d_comm_map2. Free memory on node [GB]: 337.262
[2026-07-23 02:36:32.970] Timer stop:  unfold_prepare_Wc_2d_comm_map2. Free memory on node [GB]: 337.262
[2026-07-23 02:36:32.970] Timer start: unfold_prepare_Wc_2d_collect_block. Free memory on node [GB]: 337.262
[2026-07-23 02:36:32.971] Timer stop:  unfold_prepare_Wc_2d_collect_block. Free memory on node [GB]: 337.262
[2026-07-23 02:36:32.971] Timer stop:  unfold_prepare_Wc_2d. Free memory on node [GB]: 337.262
[2026-07-23 02:36:33.042] Timer start: unfold_prepare_Wc_2d. Free memory on node [GB]: 337.246
[2026-07-23 02:36:33.045] Timer start: unfold_prepare_Wc_2d_comm_map2. Free memory on node [GB]: 337.246
[2026-07-23 02:36:33.049] Timer stop:  unfold_prepare_Wc_2d_comm_map2. Free memory on node [GB]: 337.246
[2026-07-23 02:36:33.049] Timer start: unfold_prepare_Wc_2d_collect_block. Free memory on node [GB]: 337.246
[2026-07-23 02:36:33.050] Timer stop:  unfold_prepare_Wc_2d_collect_block. Free memory on node [GB]: 337.246
[2026-07-23 02:36:33.050] Timer stop:  unfold_prepare_Wc_2d. Free memory on node [GB]: 337.246
[2026-07-23 02:36:33.115] Timer start: unfold_prepare_Wc_2d. Free memory on node [GB]: 337.246
[2026-07-23 02:36:33.118] Timer start: unfold_prepare_Wc_2d_comm_map2. Free memory on node [GB]: 337.246
[2026-07-23 02:36:33.122] Timer stop:  unfold_prepare_Wc_2d_comm_map2. Free memory on node [GB]: 337.246
[2026-07-23 02:36:33.122] Timer start: unfold_prepare_Wc_2d_collect_block. Free memory on node [GB]: 337.246
[2026-07-23 02:36:33.123] Timer stop:  unfold_prepare_Wc_2d_collect_block. Free memory on node [GB]: 337.246
[2026-07-23 02:36:33.123] Timer stop:  unfold_prepare_Wc_2d. Free memory on node [GB]: 337.246
[2026-07-23 02:36:33.189] Timer start: unfold_prepare_Wc_2d. Free memory on node [GB]: 337.234
[2026-07-23 02:36:33.193] Timer start: unfold_prepare_Wc_2d_comm_map2. Free memory on node [GB]: 337.234
[2026-07-23 02:36:33.197] Timer stop:  unfold_prepare_Wc_2d_comm_map2. Free memory on node [GB]: 337.234
[2026-07-23 02:36:33.197] Timer start: unfold_prepare_Wc_2d_collect_block. Free memory on node [GB]: 337.234
[2026-07-23 02:36:33.198] Timer stop:  unfold_prepare_Wc_2d_collect_block. Free memory on node [GB]: 337.234
[2026-07-23 02:36:33.198] Timer stop:  unfold_prepare_Wc_2d. Free memory on node [GB]: 337.234
[2026-07-23 02:36:33.264] Timer stop:  unfold_Wc_abfs. Free memory on node [GB]: 337.23
[2026-07-23 02:36:33.264] Timer start: construct_Wc_tau_lower_half. Free memory on node [GB]: 337.23
[2026-07-23 02:36:33.317] Timer stop:  construct_Wc_tau_lower_half. Free memory on node [GB]: 337.222
[2026-07-23 02:36:33.317] Timer start: g0w0_build_spacetime_Rq_ft_wc. Free memory on node [GB]: 337.222
[2026-07-23 02:36:42.240] Timer stop:  g0w0_build_spacetime_Rq_ft_wc. Free memory on node [GB]: 335.982
[2026-07-23 02:36:42.240] Timer start: g0w0_build_spacetime_prep_Wc_all. Free memory on node [GB]: 335.982
[2026-07-23 02:36:43.494] Timer stop:  g0w0_build_spacetime_prep_Wc_all. Free memory on node [GB]: 335.982
[2026-07-23 02:36:43.542] Timer start: unfold_Wc_abfs. Free memory on node [GB]: 336.587
[2026-07-23 02:36:43.549] Timer start: unfold_prepare_Wc_2d. Free memory on node [GB]: 336.587
[2026-07-23 02:36:43.551] Timer start: unfold_prepare_Wc_2d_comm_map2. Free memory on node [GB]: 336.587
[2026-07-23 02:36:43.556] Timer stop:  unfold_prepare_Wc_2d_comm_map2. Free memory on node [GB]: 336.597
[2026-07-23 02:36:43.556] Timer start: unfold_prepare_Wc_2d_collect_block. Free memory on node [GB]: 336.597
[2026-07-23 02:36:43.557] Timer stop:  unfold_prepare_Wc_2d_collect_block. Free memory on node [GB]: 336.597
[2026-07-23 02:36:43.557] Timer stop:  unfold_prepare_Wc_2d. Free memory on node [GB]: 336.597
[2026-07-23 02:36:43.627] Timer start: unfold_prepare_Wc_2d. Free memory on node [GB]: 336.596
[2026-07-23 02:36:43.631] Timer start: unfold_prepare_Wc_2d_comm_map2. Free memory on node [GB]: 336.596
[2026-07-23 02:36:43.635] Timer stop:  unfold_prepare_Wc_2d_comm_map2. Free memory on node [GB]: 336.596
[2026-07-23 02:36:43.635] Timer start: unfold_prepare_Wc_2d_collect_block. Free memory on node [GB]: 336.596
[2026-07-23 02:36:43.636] Timer stop:  unfold_prepare_Wc_2d_collect_block. Free memory on node [GB]: 336.596
[2026-07-23 02:36:43.636] Timer stop:  unfold_prepare_Wc_2d. Free memory on node [GB]: 336.596
[2026-07-23 02:36:43.702] Timer start: unfold_prepare_Wc_2d. Free memory on node [GB]: 336.595
[2026-07-23 02:36:43.706] Timer start: unfold_prepare_Wc_2d_comm_map2. Free memory on node [GB]: 336.595
[2026-07-23 02:36:43.710] Timer stop:  unfold_prepare_Wc_2d_comm_map2. Free memory on node [GB]: 336.595
[2026-07-23 02:36:43.710] Timer start: unfold_prepare_Wc_2d_collect_block. Free memory on node [GB]: 336.595
[2026-07-23 02:36:43.710] Timer stop:  unfold_prepare_Wc_2d_collect_block. Free memory on node [GB]: 336.595
[2026-07-23 02:36:43.710] Timer stop:  unfold_prepare_Wc_2d. Free memory on node [GB]: 336.595
[2026-07-23 02:36:43.776] Timer start: unfold_prepare_Wc_2d. Free memory on node [GB]: 336.595
[2026-07-23 02:36:43.779] Timer start: unfold_prepare_Wc_2d_comm_map2. Free memory on node [GB]: 336.595
[2026-07-23 02:36:43.783] Timer stop:  unfold_prepare_Wc_2d_comm_map2. Free memory on node [GB]: 336.595
[2026-07-23 02:36:43.783] Timer start: unfold_prepare_Wc_2d_collect_block. Free memory on node [GB]: 336.595
[2026-07-23 02:36:43.784] Timer stop:  unfold_prepare_Wc_2d_collect_block. Free memory on node [GB]: 336.595
[2026-07-23 02:36:43.784] Timer stop:  unfold_prepare_Wc_2d. Free memory on node [GB]: 336.595
[2026-07-23 02:36:43.850] Timer start: unfold_prepare_Wc_2d. Free memory on node [GB]: 336.595
[2026-07-23 02:36:43.854] Timer start: unfold_prepare_Wc_2d_comm_map2. Free memory on node [GB]: 336.595
[2026-07-23 02:36:43.858] Timer stop:  unfold_prepare_Wc_2d_comm_map2. Free memory on node [GB]: 336.595
[2026-07-23 02:36:43.858] Timer start: unfold_prepare_Wc_2d_collect_block. Free memory on node [GB]: 336.595
[2026-07-23 02:36:43.858] Timer stop:  unfold_prepare_Wc_2d_collect_block. Free memory on node [GB]: 336.595
[2026-07-23 02:36:43.858] Timer stop:  unfold_prepare_Wc_2d. Free memory on node [GB]: 336.595
[2026-07-23 02:36:43.925] Timer start: unfold_prepare_Wc_2d. Free memory on node [GB]: 336.595
[2026-07-23 02:36:43.928] Timer start: unfold_prepare_Wc_2d_comm_map2. Free memory on node [GB]: 336.595
[2026-07-23 02:36:43.932] Timer stop:  unfold_prepare_Wc_2d_comm_map2. Free memory on node [GB]: 336.595
[2026-07-23 02:36:43.932] Timer start: unfold_prepare_Wc_2d_collect_block. Free memory on node [GB]: 336.595
[2026-07-23 02:36:43.933] Timer stop:  unfold_prepare_Wc_2d_collect_block. Free memory on node [GB]: 336.595
[2026-07-23 02:36:43.933] Timer stop:  unfold_prepare_Wc_2d. Free memory on node [GB]: 336.595
[2026-07-23 02:36:44.000] Timer start: unfold_prepare_Wc_2d. Free memory on node [GB]: 336.592
[2026-07-23 02:36:44.003] Timer start: unfold_prepare_Wc_2d_comm_map2. Free memory on node [GB]: 336.592
[2026-07-23 02:36:44.007] Timer stop:  unfold_prepare_Wc_2d_comm_map2. Free memory on node [GB]: 336.592
[2026-07-23 02:36:44.007] Timer start: unfold_prepare_Wc_2d_collect_block. Free memory on node [GB]: 336.592
[2026-07-23 02:36:44.008] Timer stop:  unfold_prepare_Wc_2d_collect_block. Free memory on node [GB]: 336.592
[2026-07-23 02:36:44.008] Timer stop:  unfold_prepare_Wc_2d. Free memory on node [GB]: 336.592
[2026-07-23 02:36:44.074] Timer start: unfold_prepare_Wc_2d. Free memory on node [GB]: 336.592
[2026-07-23 02:36:44.078] Timer start: unfold_prepare_Wc_2d_comm_map2. Free memory on node [GB]: 336.592
[2026-07-23 02:36:44.081] Timer stop:  unfold_prepare_Wc_2d_comm_map2. Free memory on node [GB]: 336.592
[2026-07-23 02:36:44.081] Timer start: unfold_prepare_Wc_2d_collect_block. Free memory on node [GB]: 336.592
[2026-07-23 02:36:44.082] Timer stop:  unfold_prepare_Wc_2d_collect_block. Free memory on node [GB]: 336.592
[2026-07-23 02:36:44.082] Timer stop:  unfold_prepare_Wc_2d. Free memory on node [GB]: 336.592
[2026-07-23 02:36:44.149] Timer stop:  unfold_Wc_abfs. Free memory on node [GB]: 336.591
[2026-07-23 02:36:44.149] Timer start: construct_Wc_tau_lower_half. Free memory on node [GB]: 336.591
[2026-07-23 02:36:44.201] Timer stop:  construct_Wc_tau_lower_half. Free memory on node [GB]: 336.591
[2026-07-23 02:36:44.201] Timer start: g0w0_build_spacetime_Rq_ft_wc. Free memory on node [GB]: 336.591
[2026-07-23 02:36:53.150] Timer stop:  g0w0_build_spacetime_Rq_ft_wc. Free memory on node [GB]: 335.677
[2026-07-23 02:36:53.150] Timer start: g0w0_build_spacetime_prep_Wc_all. Free memory on node [GB]: 335.677
[2026-07-23 02:36:54.403] Timer stop:  g0w0_build_spacetime_prep_Wc_all. Free memory on node [GB]: 335.678
[2026-07-23 02:36:54.454] Timer start: unfold_Wc_abfs. Free memory on node [GB]: 336.709
[2026-07-23 02:36:54.461] Timer start: unfold_prepare_Wc_2d. Free memory on node [GB]: 336.693
[2026-07-23 02:36:54.463] Timer start: unfold_prepare_Wc_2d_comm_map2. Free memory on node [GB]: 336.693
[2026-07-23 02:36:54.467] Timer stop:  unfold_prepare_Wc_2d_comm_map2. Free memory on node [GB]: 336.693
[2026-07-23 02:36:54.467] Timer start: unfold_prepare_Wc_2d_collect_block. Free memory on node [GB]: 336.693
[2026-07-23 02:36:54.468] Timer stop:  unfold_prepare_Wc_2d_collect_block. Free memory on node [GB]: 336.693
[2026-07-23 02:36:54.468] Timer stop:  unfold_prepare_Wc_2d. Free memory on node [GB]: 336.693
[2026-07-23 02:36:54.536] Timer start: unfold_prepare_Wc_2d. Free memory on node [GB]: 336.681
[2026-07-23 02:36:54.540] Timer start: unfold_prepare_Wc_2d_comm_map2. Free memory on node [GB]: 336.681
[2026-07-23 02:36:54.544] Timer stop:  unfold_prepare_Wc_2d_comm_map2. Free memory on node [GB]: 336.681
[2026-07-23 02:36:54.544] Timer start: unfold_prepare_Wc_2d_collect_block. Free memory on node [GB]: 336.681
[2026-07-23 02:36:54.545] Timer stop:  unfold_prepare_Wc_2d_collect_block. Free memory on node [GB]: 336.681
[2026-07-23 02:36:54.545] Timer stop:  unfold_prepare_Wc_2d. Free memory on node [GB]: 336.681
[2026-07-23 02:36:54.611] Timer start: unfold_prepare_Wc_2d. Free memory on node [GB]: 336.664
[2026-07-23 02:36:54.615] Timer start: unfold_prepare_Wc_2d_comm_map2. Free memory on node [GB]: 336.664
[2026-07-23 02:36:54.619] Timer stop:  unfold_prepare_Wc_2d_comm_map2. Free memory on node [GB]: 336.664
[2026-07-23 02:36:54.619] Timer start: unfold_prepare_Wc_2d_collect_block. Free memory on node [GB]: 336.664
[2026-07-23 02:36:54.619] Timer stop:  unfold_prepare_Wc_2d_collect_block. Free memory on node [GB]: 336.664
[2026-07-23 02:36:54.619] Timer stop:  unfold_prepare_Wc_2d. Free memory on node [GB]: 336.664
[2026-07-23 02:36:54.684] Timer start: unfold_prepare_Wc_2d. Free memory on node [GB]: 336.66
[2026-07-23 02:36:54.687] Timer start: unfold_prepare_Wc_2d_comm_map2. Free memory on node [GB]: 336.66
[2026-07-23 02:36:54.691] Timer stop:  unfold_prepare_Wc_2d_comm_map2. Free memory on node [GB]: 336.66
[2026-07-23 02:36:54.691] Timer start: unfold_prepare_Wc_2d_collect_block. Free memory on node [GB]: 336.66
[2026-07-23 02:36:54.692] Timer stop:  unfold_prepare_Wc_2d_collect_block. Free memory on node [GB]: 336.66
[2026-07-23 02:36:54.692] Timer stop:  unfold_prepare_Wc_2d. Free memory on node [GB]: 336.66
[2026-07-23 02:36:54.759] Timer start: unfold_prepare_Wc_2d. Free memory on node [GB]: 336.656
[2026-07-23 02:36:54.762] Timer start: unfold_prepare_Wc_2d_comm_map2. Free memory on node [GB]: 336.656
[2026-07-23 02:36:54.766] Timer stop:  unfold_prepare_Wc_2d_comm_map2. Free memory on node [GB]: 336.656
[2026-07-23 02:36:54.766] Timer start: unfold_prepare_Wc_2d_collect_block. Free memory on node [GB]: 336.656
[2026-07-23 02:36:54.767] Timer stop:  unfold_prepare_Wc_2d_collect_block. Free memory on node [GB]: 336.656
[2026-07-23 02:36:54.767] Timer stop:  unfold_prepare_Wc_2d. Free memory on node [GB]: 336.656
[2026-07-23 02:36:54.833] Timer start: unfold_prepare_Wc_2d. Free memory on node [GB]: 336.652
[2026-07-23 02:36:54.836] Timer start: unfold_prepare_Wc_2d_comm_map2. Free memory on node [GB]: 336.652
[2026-07-23 02:36:54.840] Timer stop:  unfold_prepare_Wc_2d_comm_map2. Free memory on node [GB]: 336.652
[2026-07-23 02:36:54.840] Timer start: unfold_prepare_Wc_2d_collect_block. Free memory on node [GB]: 336.652
[2026-07-23 02:36:54.841] Timer stop:  unfold_prepare_Wc_2d_collect_block. Free memory on node [GB]: 336.652
[2026-07-23 02:36:54.841] Timer stop:  unfold_prepare_Wc_2d. Free memory on node [GB]: 336.652
[2026-07-23 02:36:54.907] Timer start: unfold_prepare_Wc_2d. Free memory on node [GB]: 336.64
[2026-07-23 02:36:54.910] Timer start: unfold_prepare_Wc_2d_comm_map2. Free memory on node [GB]: 336.64
[2026-07-23 02:36:54.914] Timer stop:  unfold_prepare_Wc_2d_comm_map2. Free memory on node [GB]: 336.64
[2026-07-23 02:36:54.914] Timer start: unfold_prepare_Wc_2d_collect_block. Free memory on node [GB]: 336.64
[2026-07-23 02:36:54.915] Timer stop:  unfold_prepare_Wc_2d_collect_block. Free memory on node [GB]: 336.64
[2026-07-23 02:36:54.915] Timer stop:  unfold_prepare_Wc_2d. Free memory on node [GB]: 336.64
[2026-07-23 02:36:54.980] Timer start: unfold_prepare_Wc_2d. Free memory on node [GB]: 336.636
[2026-07-23 02:36:54.984] Timer start: unfold_prepare_Wc_2d_comm_map2. Free memory on node [GB]: 336.636
[2026-07-23 02:36:54.988] Timer stop:  unfold_prepare_Wc_2d_comm_map2. Free memory on node [GB]: 336.636
[2026-07-23 02:36:54.988] Timer start: unfold_prepare_Wc_2d_collect_block. Free memory on node [GB]: 336.636
[2026-07-23 02:36:54.989] Timer stop:  unfold_prepare_Wc_2d_collect_block. Free memory on node [GB]: 336.636
[2026-07-23 02:36:54.989] Timer stop:  unfold_prepare_Wc_2d. Free memory on node [GB]: 336.636
[2026-07-23 02:36:55.054] Timer stop:  unfold_Wc_abfs. Free memory on node [GB]: 336.63
[2026-07-23 02:36:55.055] Timer start: construct_Wc_tau_lower_half. Free memory on node [GB]: 336.63
[2026-07-23 02:36:55.107] Timer stop:  construct_Wc_tau_lower_half. Free memory on node [GB]: 336.621
[2026-07-23 02:36:55.107] Timer start: g0w0_build_spacetime_Rq_ft_wc. Free memory on node [GB]: 336.621
[2026-07-23 02:37:04.044] Timer stop:  g0w0_build_spacetime_Rq_ft_wc. Free memory on node [GB]: 335.404
[2026-07-23 02:37:04.044] Timer start: g0w0_build_spacetime_prep_Wc_all. Free memory on node [GB]: 335.404
[2026-07-23 02:37:05.298] Timer stop:  g0w0_build_spacetime_prep_Wc_all. Free memory on node [GB]: 335.39
[2026-07-23 02:37:05.350] Timer start: unfold_Wc_abfs. Free memory on node [GB]: 336.331
[2026-07-23 02:37:05.357] Timer start: unfold_prepare_Wc_2d. Free memory on node [GB]: 336.333
[2026-07-23 02:37:05.359] Timer start: unfold_prepare_Wc_2d_comm_map2. Free memory on node [GB]: 336.343
[2026-07-23 02:37:05.363] Timer stop:  unfold_prepare_Wc_2d_comm_map2. Free memory on node [GB]: 336.343
[2026-07-23 02:37:05.363] Timer start: unfold_prepare_Wc_2d_collect_block. Free memory on node [GB]: 336.343
[2026-07-23 02:37:05.364] Timer stop:  unfold_prepare_Wc_2d_collect_block. Free memory on node [GB]: 336.343
[2026-07-23 02:37:05.364] Timer stop:  unfold_prepare_Wc_2d. Free memory on node [GB]: 336.343
[2026-07-23 02:37:05.432] Timer start: unfold_prepare_Wc_2d. Free memory on node [GB]: 336.332
[2026-07-23 02:37:05.436] Timer start: unfold_prepare_Wc_2d_comm_map2. Free memory on node [GB]: 336.332
[2026-07-23 02:37:05.440] Timer stop:  unfold_prepare_Wc_2d_comm_map2. Free memory on node [GB]: 336.332
[2026-07-23 02:37:05.440] Timer start: unfold_prepare_Wc_2d_collect_block. Free memory on node [GB]: 336.332
[2026-07-23 02:37:05.441] Timer stop:  unfold_prepare_Wc_2d_collect_block. Free memory on node [GB]: 336.332
[2026-07-23 02:37:05.441] Timer stop:  unfold_prepare_Wc_2d. Free memory on node [GB]: 336.332
[2026-07-23 02:37:05.507] Timer start: unfold_prepare_Wc_2d. Free memory on node [GB]: 336.312
[2026-07-23 02:37:05.511] Timer start: unfold_prepare_Wc_2d_comm_map2. Free memory on node [GB]: 336.312
[2026-07-23 02:37:05.515] Timer stop:  unfold_prepare_Wc_2d_comm_map2. Free memory on node [GB]: 336.312
[2026-07-23 02:37:05.515] Timer start: unfold_prepare_Wc_2d_collect_block. Free memory on node [GB]: 336.312
[2026-07-23 02:37:05.516] Timer stop:  unfold_prepare_Wc_2d_collect_block. Free memory on node [GB]: 336.317
[2026-07-23 02:37:05.516] Timer stop:  unfold_prepare_Wc_2d. Free memory on node [GB]: 336.317
[2026-07-23 02:37:05.580] Timer start: unfold_prepare_Wc_2d. Free memory on node [GB]: 336.303
[2026-07-23 02:37:05.584] Timer start: unfold_prepare_Wc_2d_comm_map2. Free memory on node [GB]: 336.303
[2026-07-23 02:37:05.588] Timer stop:  unfold_prepare_Wc_2d_comm_map2. Free memory on node [GB]: 336.303
[2026-07-23 02:37:05.588] Timer start: unfold_prepare_Wc_2d_collect_block. Free memory on node [GB]: 336.303
[2026-07-23 02:37:05.589] Timer stop:  unfold_prepare_Wc_2d_collect_block. Free memory on node [GB]: 336.314
[2026-07-23 02:37:05.589] Timer stop:  unfold_prepare_Wc_2d. Free memory on node [GB]: 336.314
[2026-07-23 02:37:05.655] Timer start: unfold_prepare_Wc_2d. Free memory on node [GB]: 336.316
[2026-07-23 02:37:05.659] Timer start: unfold_prepare_Wc_2d_comm_map2. Free memory on node [GB]: 336.316
[2026-07-23 02:37:05.663] Timer stop:  unfold_prepare_Wc_2d_comm_map2. Free memory on node [GB]: 336.316
[2026-07-23 02:37:05.663] Timer start: unfold_prepare_Wc_2d_collect_block. Free memory on node [GB]: 336.316
[2026-07-23 02:37:05.664] Timer stop:  unfold_prepare_Wc_2d_collect_block. Free memory on node [GB]: 336.316
[2026-07-23 02:37:05.664] Timer stop:  unfold_prepare_Wc_2d. Free memory on node [GB]: 336.316
[2026-07-23 02:37:05.730] Timer start: unfold_prepare_Wc_2d. Free memory on node [GB]: 336.299
[2026-07-23 02:37:05.733] Timer start: unfold_prepare_Wc_2d_comm_map2. Free memory on node [GB]: 336.299
[2026-07-23 02:37:05.737] Timer stop:  unfold_prepare_Wc_2d_comm_map2. Free memory on node [GB]: 336.299
[2026-07-23 02:37:05.737] Timer start: unfold_prepare_Wc_2d_collect_block. Free memory on node [GB]: 336.299
[2026-07-23 02:37:05.738] Timer stop:  unfold_prepare_Wc_2d_collect_block. Free memory on node [GB]: 336.299
[2026-07-23 02:37:05.738] Timer stop:  unfold_prepare_Wc_2d. Free memory on node [GB]: 336.299
[2026-07-23 02:37:05.804] Timer start: unfold_prepare_Wc_2d. Free memory on node [GB]: 336.302
[2026-07-23 02:37:05.807] Timer start: unfold_prepare_Wc_2d_comm_map2. Free memory on node [GB]: 336.302
[2026-07-23 02:37:05.811] Timer stop:  unfold_prepare_Wc_2d_comm_map2. Free memory on node [GB]: 336.301
[2026-07-23 02:37:05.811] Timer start: unfold_prepare_Wc_2d_collect_block. Free memory on node [GB]: 336.301
[2026-07-23 02:37:05.812] Timer stop:  unfold_prepare_Wc_2d_collect_block. Free memory on node [GB]: 336.301
[2026-07-23 02:37:05.812] Timer stop:  unfold_prepare_Wc_2d. Free memory on node [GB]: 336.301
[2026-07-23 02:37:05.879] Timer start: unfold_prepare_Wc_2d. Free memory on node [GB]: 336.3
[2026-07-23 02:37:05.882] Timer start: unfold_prepare_Wc_2d_comm_map2. Free memory on node [GB]: 336.3
[2026-07-23 02:37:05.886] Timer stop:  unfold_prepare_Wc_2d_comm_map2. Free memory on node [GB]: 336.3
[2026-07-23 02:37:05.886] Timer start: unfold_prepare_Wc_2d_collect_block. Free memory on node [GB]: 336.3
[2026-07-23 02:37:05.887] Timer stop:  unfold_prepare_Wc_2d_collect_block. Free memory on node [GB]: 336.3
[2026-07-23 02:37:05.887] Timer stop:  unfold_prepare_Wc_2d. Free memory on node [GB]: 336.3
[2026-07-23 02:37:05.952] Timer stop:  unfold_Wc_abfs. Free memory on node [GB]: 336.295
[2026-07-23 02:37:05.952] Timer start: construct_Wc_tau_lower_half. Free memory on node [GB]: 336.295
[2026-07-23 02:37:06.004] Timer stop:  construct_Wc_tau_lower_half. Free memory on node [GB]: 336.295
[2026-07-23 02:37:06.004] Timer start: g0w0_build_spacetime_Rq_ft_wc. Free memory on node [GB]: 336.295
[2026-07-23 02:37:14.935] Timer stop:  g0w0_build_spacetime_Rq_ft_wc. Free memory on node [GB]: 335.064
[2026-07-23 02:37:14.935] Timer start: g0w0_build_spacetime_prep_Wc_all. Free memory on node [GB]: 335.064
[2026-07-23 02:37:16.187] Timer stop:  g0w0_build_spacetime_prep_Wc_all. Free memory on node [GB]: 335.061
[2026-07-23 02:37:16.234] Timer start: unfold_Wc_abfs. Free memory on node [GB]: 335.665
[2026-07-23 02:37:16.242] Timer start: unfold_prepare_Wc_2d. Free memory on node [GB]: 335.665
[2026-07-23 02:37:16.243] Timer start: unfold_prepare_Wc_2d_comm_map2. Free memory on node [GB]: 335.665
[2026-07-23 02:37:16.248] Timer stop:  unfold_prepare_Wc_2d_comm_map2. Free memory on node [GB]: 335.665
[2026-07-23 02:37:16.248] Timer start: unfold_prepare_Wc_2d_collect_block. Free memory on node [GB]: 335.665
[2026-07-23 02:37:16.249] Timer stop:  unfold_prepare_Wc_2d_collect_block. Free memory on node [GB]: 335.665
[2026-07-23 02:37:16.249] Timer stop:  unfold_prepare_Wc_2d. Free memory on node [GB]: 335.665
[2026-07-23 02:37:16.318] Timer start: unfold_prepare_Wc_2d. Free memory on node [GB]: 335.665
[2026-07-23 02:37:16.321] Timer start: unfold_prepare_Wc_2d_comm_map2. Free memory on node [GB]: 335.665
[2026-07-23 02:37:16.325] Timer stop:  unfold_prepare_Wc_2d_comm_map2. Free memory on node [GB]: 335.665
[2026-07-23 02:37:16.325] Timer start: unfold_prepare_Wc_2d_collect_block. Free memory on node [GB]: 335.665
[2026-07-23 02:37:16.326] Timer stop:  unfold_prepare_Wc_2d_collect_block. Free memory on node [GB]: 335.665
[2026-07-23 02:37:16.326] Timer stop:  unfold_prepare_Wc_2d. Free memory on node [GB]: 335.665
[2026-07-23 02:37:16.392] Timer start: unfold_prepare_Wc_2d. Free memory on node [GB]: 335.666
[2026-07-23 02:37:16.396] Timer start: unfold_prepare_Wc_2d_comm_map2. Free memory on node [GB]: 335.666
[2026-07-23 02:37:16.399] Timer stop:  unfold_prepare_Wc_2d_comm_map2. Free memory on node [GB]: 335.666
[2026-07-23 02:37:16.400] Timer start: unfold_prepare_Wc_2d_collect_block. Free memory on node [GB]: 335.666
[2026-07-23 02:37:16.400] Timer stop:  unfold_prepare_Wc_2d_collect_block. Free memory on node [GB]: 335.666
[2026-07-23 02:37:16.400] Timer stop:  unfold_prepare_Wc_2d. Free memory on node [GB]: 335.666
[2026-07-23 02:37:16.465] Timer start: unfold_prepare_Wc_2d. Free memory on node [GB]: 335.666
[2026-07-23 02:37:16.469] Timer start: unfold_prepare_Wc_2d_comm_map2. Free memory on node [GB]: 335.666
[2026-07-23 02:37:16.473] Timer stop:  unfold_prepare_Wc_2d_comm_map2. Free memory on node [GB]: 335.666
[2026-07-23 02:37:16.473] Timer start: unfold_prepare_Wc_2d_collect_block. Free memory on node [GB]: 335.666
[2026-07-23 02:37:16.474] Timer stop:  unfold_prepare_Wc_2d_collect_block. Free memory on node [GB]: 335.666
[2026-07-23 02:37:16.474] Timer stop:  unfold_prepare_Wc_2d. Free memory on node [GB]: 335.666
[2026-07-23 02:37:16.539] Timer start: unfold_prepare_Wc_2d. Free memory on node [GB]: 335.667
[2026-07-23 02:37:16.543] Timer start: unfold_prepare_Wc_2d_comm_map2. Free memory on node [GB]: 335.667
[2026-07-23 02:37:16.547] Timer stop:  unfold_prepare_Wc_2d_comm_map2. Free memory on node [GB]: 335.667
[2026-07-23 02:37:16.547] Timer start: unfold_prepare_Wc_2d_collect_block. Free memory on node [GB]: 335.667
[2026-07-23 02:37:16.548] Timer stop:  unfold_prepare_Wc_2d_collect_block. Free memory on node [GB]: 335.667
[2026-07-23 02:37:16.548] Timer stop:  unfold_prepare_Wc_2d. Free memory on node [GB]: 335.667
[2026-07-23 02:37:16.614] Timer start: unfold_prepare_Wc_2d. Free memory on node [GB]: 335.666
[2026-07-23 02:37:16.618] Timer start: unfold_prepare_Wc_2d_comm_map2. Free memory on node [GB]: 335.666
[2026-07-23 02:37:16.622] Timer stop:  unfold_prepare_Wc_2d_comm_map2. Free memory on node [GB]: 335.666
[2026-07-23 02:37:16.622] Timer start: unfold_prepare_Wc_2d_collect_block. Free memory on node [GB]: 335.666
[2026-07-23 02:37:16.622] Timer stop:  unfold_prepare_Wc_2d_collect_block. Free memory on node [GB]: 335.666
[2026-07-23 02:37:16.622] Timer stop:  unfold_prepare_Wc_2d. Free memory on node [GB]: 335.666
[2026-07-23 02:37:16.688] Timer start: unfold_prepare_Wc_2d. Free memory on node [GB]: 335.666
[2026-07-23 02:37:16.692] Timer start: unfold_prepare_Wc_2d_comm_map2. Free memory on node [GB]: 335.666
[2026-07-23 02:37:16.696] Timer stop:  unfold_prepare_Wc_2d_comm_map2. Free memory on node [GB]: 335.666
[2026-07-23 02:37:16.696] Timer start: unfold_prepare_Wc_2d_collect_block. Free memory on node [GB]: 335.666
[2026-07-23 02:37:16.696] Timer stop:  unfold_prepare_Wc_2d_collect_block. Free memory on node [GB]: 335.666
[2026-07-23 02:37:16.696] Timer stop:  unfold_prepare_Wc_2d. Free memory on node [GB]: 335.666
[2026-07-23 02:37:16.762] Timer start: unfold_prepare_Wc_2d. Free memory on node [GB]: 335.666
[2026-07-23 02:37:16.766] Timer start: unfold_prepare_Wc_2d_comm_map2. Free memory on node [GB]: 335.666
[2026-07-23 02:37:16.770] Timer stop:  unfold_prepare_Wc_2d_comm_map2. Free memory on node [GB]: 335.666
[2026-07-23 02:37:16.770] Timer start: unfold_prepare_Wc_2d_collect_block. Free memory on node [GB]: 335.666
[2026-07-23 02:37:16.770] Timer stop:  unfold_prepare_Wc_2d_collect_block. Free memory on node [GB]: 335.666
[2026-07-23 02:37:16.770] Timer stop:  unfold_prepare_Wc_2d. Free memory on node [GB]: 335.666
[2026-07-23 02:37:16.838] Timer stop:  unfold_Wc_abfs. Free memory on node [GB]: 335.666
[2026-07-23 02:37:16.838] Timer start: construct_Wc_tau_lower_half. Free memory on node [GB]: 335.666
[2026-07-23 02:37:16.889] Timer stop:  construct_Wc_tau_lower_half. Free memory on node [GB]: 335.666
[2026-07-23 02:37:16.889] Timer start: g0w0_build_spacetime_Rq_ft_wc. Free memory on node [GB]: 335.666
[2026-07-23 02:37:25.820] Timer stop:  g0w0_build_spacetime_Rq_ft_wc. Free memory on node [GB]: 334.763
[2026-07-23 02:37:25.820] Timer start: g0w0_build_spacetime_prep_Wc_all. Free memory on node [GB]: 334.763
[2026-07-23 02:37:27.071] Timer stop:  g0w0_build_spacetime_prep_Wc_all. Free memory on node [GB]: 334.764
[2026-07-23 02:37:27.123] Timer start: unfold_Wc_abfs. Free memory on node [GB]: 335.772
[2026-07-23 02:37:27.131] Timer start: unfold_prepare_Wc_2d. Free memory on node [GB]: 335.768
[2026-07-23 02:37:27.133] Timer start: unfold_prepare_Wc_2d_comm_map2. Free memory on node [GB]: 335.768
[2026-07-23 02:37:27.137] Timer stop:  unfold_prepare_Wc_2d_comm_map2. Free memory on node [GB]: 335.768
[2026-07-23 02:37:27.137] Timer start: unfold_prepare_Wc_2d_collect_block. Free memory on node [GB]: 335.768
[2026-07-23 02:37:27.138] Timer stop:  unfold_prepare_Wc_2d_collect_block. Free memory on node [GB]: 335.768
[2026-07-23 02:37:27.138] Timer stop:  unfold_prepare_Wc_2d. Free memory on node [GB]: 335.768
[2026-07-23 02:37:27.207] Timer start: unfold_prepare_Wc_2d. Free memory on node [GB]: 335.76
[2026-07-23 02:37:27.211] Timer start: unfold_prepare_Wc_2d_comm_map2. Free memory on node [GB]: 335.76
[2026-07-23 02:37:27.215] Timer stop:  unfold_prepare_Wc_2d_comm_map2. Free memory on node [GB]: 335.76
[2026-07-23 02:37:27.215] Timer start: unfold_prepare_Wc_2d_collect_block. Free memory on node [GB]: 335.76
[2026-07-23 02:37:27.216] Timer stop:  unfold_prepare_Wc_2d_collect_block. Free memory on node [GB]: 335.76
[2026-07-23 02:37:27.216] Timer stop:  unfold_prepare_Wc_2d. Free memory on node [GB]: 335.76
[2026-07-23 02:37:27.281] Timer start: unfold_prepare_Wc_2d. Free memory on node [GB]: 335.752
[2026-07-23 02:37:27.285] Timer start: unfold_prepare_Wc_2d_comm_map2. Free memory on node [GB]: 335.752
[2026-07-23 02:37:27.289] Timer stop:  unfold_prepare_Wc_2d_comm_map2. Free memory on node [GB]: 335.752
[2026-07-23 02:37:27.289] Timer start: unfold_prepare_Wc_2d_collect_block. Free memory on node [GB]: 335.752
[2026-07-23 02:37:27.290] Timer stop:  unfold_prepare_Wc_2d_collect_block. Free memory on node [GB]: 335.752
[2026-07-23 02:37:27.290] Timer stop:  unfold_prepare_Wc_2d. Free memory on node [GB]: 335.752
[2026-07-23 02:37:27.354] Timer start: unfold_prepare_Wc_2d. Free memory on node [GB]: 335.748
[2026-07-23 02:37:27.358] Timer start: unfold_prepare_Wc_2d_comm_map2. Free memory on node [GB]: 335.748
[2026-07-23 02:37:27.362] Timer stop:  unfold_prepare_Wc_2d_comm_map2. Free memory on node [GB]: 335.748
[2026-07-23 02:37:27.362] Timer start: unfold_prepare_Wc_2d_collect_block. Free memory on node [GB]: 335.748
[2026-07-23 02:37:27.363] Timer stop:  unfold_prepare_Wc_2d_collect_block. Free memory on node [GB]: 335.748
[2026-07-23 02:37:27.363] Timer stop:  unfold_prepare_Wc_2d. Free memory on node [GB]: 335.748
[2026-07-23 02:37:27.428] Timer start: unfold_prepare_Wc_2d. Free memory on node [GB]: 335.744
[2026-07-23 02:37:27.432] Timer start: unfold_prepare_Wc_2d_comm_map2. Free memory on node [GB]: 335.744
[2026-07-23 02:37:27.436] Timer stop:  unfold_prepare_Wc_2d_comm_map2. Free memory on node [GB]: 335.744
[2026-07-23 02:37:27.436] Timer start: unfold_prepare_Wc_2d_collect_block. Free memory on node [GB]: 335.744
[2026-07-23 02:37:27.437] Timer stop:  unfold_prepare_Wc_2d_collect_block. Free memory on node [GB]: 335.744
[2026-07-23 02:37:27.437] Timer stop:  unfold_prepare_Wc_2d. Free memory on node [GB]: 335.744
[2026-07-23 02:37:27.503] Timer start: unfold_prepare_Wc_2d. Free memory on node [GB]: 335.744
[2026-07-23 02:37:27.507] Timer start: unfold_prepare_Wc_2d_comm_map2. Free memory on node [GB]: 335.744
[2026-07-23 02:37:27.510] Timer stop:  unfold_prepare_Wc_2d_comm_map2. Free memory on node [GB]: 335.744
[2026-07-23 02:37:27.511] Timer start: unfold_prepare_Wc_2d_collect_block. Free memory on node [GB]: 335.744
[2026-07-23 02:37:27.511] Timer stop:  unfold_prepare_Wc_2d_collect_block. Free memory on node [GB]: 335.744
[2026-07-23 02:37:27.511] Timer stop:  unfold_prepare_Wc_2d. Free memory on node [GB]: 335.744
[2026-07-23 02:37:27.577] Timer start: unfold_prepare_Wc_2d. Free memory on node [GB]: 335.74
[2026-07-23 02:37:27.581] Timer start: unfold_prepare_Wc_2d_comm_map2. Free memory on node [GB]: 335.74
[2026-07-23 02:37:27.585] Timer stop:  unfold_prepare_Wc_2d_comm_map2. Free memory on node [GB]: 335.739
[2026-07-23 02:37:27.585] Timer start: unfold_prepare_Wc_2d_collect_block. Free memory on node [GB]: 335.739
[2026-07-23 02:37:27.585] Timer stop:  unfold_prepare_Wc_2d_collect_block. Free memory on node [GB]: 335.739
[2026-07-23 02:37:27.585] Timer stop:  unfold_prepare_Wc_2d. Free memory on node [GB]: 335.739
[2026-07-23 02:37:27.651] Timer start: unfold_prepare_Wc_2d. Free memory on node [GB]: 335.732
[2026-07-23 02:37:27.655] Timer start: unfold_prepare_Wc_2d_comm_map2. Free memory on node [GB]: 335.732
[2026-07-23 02:37:27.659] Timer stop:  unfold_prepare_Wc_2d_comm_map2. Free memory on node [GB]: 335.732
[2026-07-23 02:37:27.659] Timer start: unfold_prepare_Wc_2d_collect_block. Free memory on node [GB]: 335.732
[2026-07-23 02:37:27.659] Timer stop:  unfold_prepare_Wc_2d_collect_block. Free memory on node [GB]: 335.732
[2026-07-23 02:37:27.659] Timer stop:  unfold_prepare_Wc_2d. Free memory on node [GB]: 335.732
[2026-07-23 02:37:27.726] Timer stop:  unfold_Wc_abfs. Free memory on node [GB]: 335.724
[2026-07-23 02:37:27.726] Timer start: construct_Wc_tau_lower_half. Free memory on node [GB]: 335.724
[2026-07-23 02:37:27.778] Timer stop:  construct_Wc_tau_lower_half. Free memory on node [GB]: 335.72
[2026-07-23 02:37:27.778] Timer start: g0w0_build_spacetime_Rq_ft_wc. Free memory on node [GB]: 335.72
[2026-07-23 02:37:36.732] Timer stop:  g0w0_build_spacetime_Rq_ft_wc. Free memory on node [GB]: 334.475
[2026-07-23 02:37:36.732] Timer start: g0w0_build_spacetime_prep_Wc_all. Free memory on node [GB]: 334.475
[2026-07-23 02:37:37.982] Timer stop:  g0w0_build_spacetime_prep_Wc_all. Free memory on node [GB]: 334.476
[2026-07-23 02:37:38.029] Timer stop:  g0w0_build_spacetime_ct_ft_wc. Free memory on node [GB]: 335.068
[2026-07-23 02:37:38.029] Timer start: g0w0_build_spacetime_2. Free memory on node [GB]: 335.068
[2026-07-23 02:37:38.086] Timer stop:  g0w0_build_spacetime_2. Free memory on node [GB]: 335.068
#IJR_local_gf: 256
[2026-07-23 02:37:38.086] Timer start: g0w0_build_spacetime_3. Free memory on node [GB]: 335.068
[2026-07-23 02:37:38.144] Timer stop:  g0w0_build_spacetime_3. Free memory on node [GB]: 335.099
[2026-07-23 02:37:38.144] Timer start: g0w0_build_spacetime_4. Free memory on node [GB]: 335.099
[2026-07-23 02:37:38.144] Timer start: g0w0_build_gf_libri_kserial. Free memory on node [GB]: 335.099
[2026-07-23 02:37:38.242] Timer stop:  g0w0_build_gf_libri_kserial. Free memory on node [GB]: 335.099
[2026-07-23 02:37:38.242] Timer stop:  g0w0_build_spacetime_4. Free memory on node [GB]: 335.099
[2026-07-23 02:37:38.243] Timer start: g0w0_build_spacetime_5. Free memory on node [GB]: 335.099
[2026-07-23 02:38:15.209] Timer stop:  g0w0_build_spacetime_5. Free memory on node [GB]: 335.113
Temporary Sigc_tau size for time 0.0733294 [MB]: 0.991232
[2026-07-23 02:38:15.250] Timer start: g0w0_build_spacetime_5. Free memory on node [GB]: 335.496
[2026-07-23 02:38:52.221] Timer stop:  g0w0_build_spacetime_5. Free memory on node [GB]: 335.032
Temporary Sigc_tau size for time -0.0733294 [MB]: 0.991232
[2026-07-23 02:38:52.246] Timer start: g0w0_build_spacetime_6. Free memory on node [GB]: 335.411
[2026-07-23 02:38:52.256] Timer stop:  g0w0_build_spacetime_6. Free memory on node [GB]: 335.404
[2026-07-23 02:38:52.256] Timer start: g0w0_build_spacetime_free_Ws. Free memory on node [GB]: 335.404
[2026-07-23 02:38:52.256] Timer stop:  g0w0_build_spacetime_free_Ws. Free memory on node [GB]: 335.404
[2026-07-23 02:38:52.273] Timer start: g0w0_build_spacetime_3. Free memory on node [GB]: 335.715
[2026-07-23 02:38:52.331] Timer stop:  g0w0_build_spacetime_3. Free memory on node [GB]: 335.715
[2026-07-23 02:38:52.331] Timer start: g0w0_build_spacetime_4. Free memory on node [GB]: 335.715
[2026-07-23 02:38:52.331] Timer start: g0w0_build_gf_libri_kserial. Free memory on node [GB]: 335.715
[2026-07-23 02:38:52.430] Timer stop:  g0w0_build_gf_libri_kserial. Free memory on node [GB]: 335.716
[2026-07-23 02:38:52.430] Timer stop:  g0w0_build_spacetime_4. Free memory on node [GB]: 335.716
[2026-07-23 02:38:52.431] Timer start: g0w0_build_spacetime_5. Free memory on node [GB]: 335.716
[2026-07-23 02:39:29.610] Timer stop:  g0w0_build_spacetime_5. Free memory on node [GB]: 335.362
Temporary Sigc_tau size for time 0.557033 [MB]: 0.991232
[2026-07-23 02:39:29.645] Timer start: g0w0_build_spacetime_5. Free memory on node [GB]: 335.748
[2026-07-23 02:40:11.393] Timer stop:  g0w0_build_spacetime_5. Free memory on node [GB]: 335.342
Temporary Sigc_tau size for time -0.557033 [MB]: 0.991232
[2026-07-23 02:40:11.427] Timer start: g0w0_build_spacetime_6. Free memory on node [GB]: 335.723
[2026-07-23 02:40:11.434] Timer stop:  g0w0_build_spacetime_6. Free memory on node [GB]: 335.723
[2026-07-23 02:40:11.434] Timer start: g0w0_build_spacetime_free_Ws. Free memory on node [GB]: 335.723
[2026-07-23 02:40:11.434] Timer stop:  g0w0_build_spacetime_free_Ws. Free memory on node [GB]: 335.723
[2026-07-23 02:40:11.459] Timer start: g0w0_build_spacetime_3. Free memory on node [GB]: 336.051
[2026-07-23 02:40:11.521] Timer stop:  g0w0_build_spacetime_3. Free memory on node [GB]: 336.051
[2026-07-23 02:40:11.521] Timer start: g0w0_build_spacetime_4. Free memory on node [GB]: 336.051
[2026-07-23 02:40:11.521] Timer start: g0w0_build_gf_libri_kserial. Free memory on node [GB]: 336.051
[2026-07-23 02:40:11.623] Timer stop:  g0w0_build_gf_libri_kserial. Free memory on node [GB]: 336.042
[2026-07-23 02:40:11.623] Timer stop:  g0w0_build_spacetime_4. Free memory on node [GB]: 336.042
[2026-07-23 02:40:11.623] Timer start: g0w0_build_spacetime_5. Free memory on node [GB]: 336.042
[2026-07-23 02:41:09.551] Timer stop:  g0w0_build_spacetime_5. Free memory on node [GB]: 335.673
Temporary Sigc_tau size for time 2.34361 [MB]: 0.991232
[2026-07-23 02:41:09.592] Timer start: g0w0_build_spacetime_5. Free memory on node [GB]: 336.058
[2026-07-23 02:42:08.380] Timer stop:  g0w0_build_spacetime_5. Free memory on node [GB]: 335.661
Temporary Sigc_tau size for time -2.34361 [MB]: 0.991232
[2026-07-23 02:42:08.421] Timer start: g0w0_build_spacetime_6. Free memory on node [GB]: 336.041
[2026-07-23 02:42:08.429] Timer stop:  g0w0_build_spacetime_6. Free memory on node [GB]: 336.041
[2026-07-23 02:42:08.429] Timer start: g0w0_build_spacetime_free_Ws. Free memory on node [GB]: 336.041
[2026-07-23 02:42:08.429] Timer stop:  g0w0_build_spacetime_free_Ws. Free memory on node [GB]: 336.041
[2026-07-23 02:42:08.452] Timer start: g0w0_build_spacetime_3. Free memory on node [GB]: 336.358
[2026-07-23 02:42:08.569] Timer stop:  g0w0_build_spacetime_3. Free memory on node [GB]: 336.358
[2026-07-23 02:42:08.569] Timer start: g0w0_build_spacetime_4. Free memory on node [GB]: 336.358
[2026-07-23 02:42:08.569] Timer start: g0w0_build_gf_libri_kserial. Free memory on node [GB]: 336.358
[2026-07-23 02:42:08.670] Timer stop:  g0w0_build_gf_libri_kserial. Free memory on node [GB]: 336.358
[2026-07-23 02:42:08.670] Timer stop:  g0w0_build_spacetime_4. Free memory on node [GB]: 336.358
[2026-07-23 02:42:08.671] Timer start: g0w0_build_spacetime_5. Free memory on node [GB]: 336.358
[2026-07-23 02:43:10.988] Timer stop:  g0w0_build_spacetime_5. Free memory on node [GB]: 335.959
Temporary Sigc_tau size for time 7.86766 [MB]: 0.991232
[2026-07-23 02:43:11.032] Timer start: g0w0_build_spacetime_5. Free memory on node [GB]: 336.341
[2026-07-23 02:44:15.201] Timer stop:  g0w0_build_spacetime_5. Free memory on node [GB]: 335.931
Temporary Sigc_tau size for time -7.86766 [MB]: 0.991232
[2026-07-23 02:44:15.242] Timer start: g0w0_build_spacetime_6. Free memory on node [GB]: 336.309
[2026-07-23 02:44:15.247] Timer stop:  g0w0_build_spacetime_6. Free memory on node [GB]: 336.309
[2026-07-23 02:44:15.247] Timer start: g0w0_build_spacetime_free_Ws. Free memory on node [GB]: 336.309
[2026-07-23 02:44:15.248] Timer stop:  g0w0_build_spacetime_free_Ws. Free memory on node [GB]: 336.309
[2026-07-23 02:44:15.271] Timer start: g0w0_build_spacetime_3. Free memory on node [GB]: 336.633
[2026-07-23 02:44:15.391] Timer stop:  g0w0_build_spacetime_3. Free memory on node [GB]: 336.633
[2026-07-23 02:44:15.391] Timer start: g0w0_build_spacetime_4. Free memory on node [GB]: 336.633
[2026-07-23 02:44:15.391] Timer start: g0w0_build_gf_libri_kserial. Free memory on node [GB]: 336.633
[2026-07-23 02:44:15.490] Timer stop:  g0w0_build_gf_libri_kserial. Free memory on node [GB]: 336.625
[2026-07-23 02:44:15.490] Timer stop:  g0w0_build_spacetime_4. Free memory on node [GB]: 336.625
[2026-07-23 02:44:15.490] Timer start: g0w0_build_spacetime_5. Free memory on node [GB]: 336.625
[2026-07-23 02:45:19.398] Timer stop:  g0w0_build_spacetime_5. Free memory on node [GB]: 336.277
Temporary Sigc_tau size for time 23.0119 [MB]: 0.991232
[2026-07-23 02:45:19.440] Timer start: g0w0_build_spacetime_5. Free memory on node [GB]: 336.663
[2026-07-23 02:46:21.547] Timer stop:  g0w0_build_spacetime_5. Free memory on node [GB]: 336.271
Temporary Sigc_tau size for time -23.0119 [MB]: 0.991232
[2026-07-23 02:46:21.589] Timer start: g0w0_build_spacetime_6. Free memory on node [GB]: 336.65
[2026-07-23 02:46:21.594] Timer stop:  g0w0_build_spacetime_6. Free memory on node [GB]: 336.65
[2026-07-23 02:46:21.594] Timer start: g0w0_build_spacetime_free_Ws. Free memory on node [GB]: 336.65
[2026-07-23 02:46:21.594] Timer stop:  g0w0_build_spacetime_free_Ws. Free memory on node [GB]: 336.65
[2026-07-23 02:46:21.619] Timer start: g0w0_build_spacetime_3. Free memory on node [GB]: 336.974
[2026-07-23 02:46:21.727] Timer stop:  g0w0_build_spacetime_3. Free memory on node [GB]: 336.974
[2026-07-23 02:46:21.727] Timer start: g0w0_build_spacetime_4. Free memory on node [GB]: 336.974
[2026-07-23 02:46:21.728] Timer start: g0w0_build_gf_libri_kserial. Free memory on node [GB]: 336.974
[2026-07-23 02:46:21.828] Timer stop:  g0w0_build_gf_libri_kserial. Free memory on node [GB]: 336.97
[2026-07-23 02:46:21.828] Timer stop:  g0w0_build_spacetime_4. Free memory on node [GB]: 336.97
[2026-07-23 02:46:21.828] Timer start: g0w0_build_spacetime_5. Free memory on node [GB]: 336.97
[2026-07-23 02:47:27.745] Timer stop:  g0w0_build_spacetime_5. Free memory on node [GB]: 336.56
Temporary Sigc_tau size for time 62.3741 [MB]: 0.991232
[2026-07-23 02:47:27.773] Timer start: g0w0_build_spacetime_5. Free memory on node [GB]: 336.946
[2026-07-23 02:48:32.463] Timer stop:  g0w0_build_spacetime_5. Free memory on node [GB]: 336.596
Temporary Sigc_tau size for time -62.3741 [MB]: 0.991232
[2026-07-23 02:48:32.505] Timer start: g0w0_build_spacetime_6. Free memory on node [GB]: 336.973
[2026-07-23 02:48:32.510] Timer stop:  g0w0_build_spacetime_6. Free memory on node [GB]: 336.973
[2026-07-23 02:48:32.510] Timer start: g0w0_build_spacetime_free_Ws. Free memory on node [GB]: 336.973
[2026-07-23 02:48:32.510] Timer stop:  g0w0_build_spacetime_free_Ws. Free memory on node [GB]: 336.973
[2026-07-23 02:48:32.535] Timer stop:  g0w0_sigc_IJ. Free memory on node [GB]: 337.297
[2026-07-23 02:48:32.536] Timer stop:  api_build_g0w0_sigma. Free memory on node [GB]: 337.297
[2026-07-23 02:48:32.537] Timer start: exx_build_KS_blacs_redist. Free memory on node [GB]: 337.297
[2026-07-23 02:48:32.537] Timer start: exx_build_KS_blacs_redist_comm_map2. Free memory on node [GB]: 337.297
[2026-07-23 02:48:32.541] Timer stop:  exx_build_KS_blacs_redist_comm_map2. Free memory on node [GB]: 337.296
[2026-07-23 02:48:32.541] Timer stop:  exx_build_KS_blacs_redist. Free memory on node [GB]: 337.296
period:      (         4,         4,         4)
bvk_remap size: 0
latvec:      ((         0    5.13155    5.13155) (   5.13155          0    5.13155) (   5.13155    5.13155          0))
[2026-07-23 02:48:32.541] Timer start: build_real_space_exx_6. Free memory on node [GB]: 337.296
[2026-07-23 02:48:32.541] Timer stop:  build_real_space_exx_6. Free memory on node [GB]: 337.296
[2026-07-23 02:48:32.541] Timer start: build_real_space_exx_7. Free memory on node [GB]: 337.296
[2026-07-23 02:48:32.542] Timer stop:  build_real_space_exx_7. Free memory on node [GB]: 337.296
[2026-07-23 02:48:32.542] Timer start: build_real_space_exx_8. Free memory on node [GB]: 337.296
[2026-07-23 02:48:32.542] Timer stop:  build_real_space_exx_8. Free memory on node [GB]: 337.296
[2026-07-23 02:48:32.542] Timer start: build_real_space_exx_6. Free memory on node [GB]: 337.296
[2026-07-23 02:48:32.542] Timer stop:  build_real_space_exx_6. Free memory on node [GB]: 337.296
[2026-07-23 02:48:32.542] Timer start: build_real_space_exx_7. Free memory on node [GB]: 337.296
[2026-07-23 02:48:32.542] Timer stop:  build_real_space_exx_7. Free memory on node [GB]: 337.296
[2026-07-23 02:48:32.542] Timer start: build_real_space_exx_8. Free memory on node [GB]: 337.296
[2026-07-23 02:48:32.542] Timer stop:  build_real_space_exx_8. Free memory on node [GB]: 337.296
[2026-07-23 02:48:32.542] Timer start: build_real_space_exx_6. Free memory on node [GB]: 337.296
[2026-07-23 02:48:32.543] Timer stop:  build_real_space_exx_6. Free memory on node [GB]: 337.296
[2026-07-23 02:48:32.543] Timer start: build_real_space_exx_7. Free memory on node [GB]: 337.296
[2026-07-23 02:48:32.543] Timer stop:  build_real_space_exx_7. Free memory on node [GB]: 337.296
[2026-07-23 02:48:32.543] Timer start: build_real_space_exx_8. Free memory on node [GB]: 337.296
[2026-07-23 02:48:32.543] Timer stop:  build_real_space_exx_8. Free memory on node [GB]: 337.296
[2026-07-23 02:48:32.543] Timer start: build_real_space_exx_6. Free memory on node [GB]: 337.296
[2026-07-23 02:48:32.543] Timer stop:  build_real_space_exx_6. Free memory on node [GB]: 337.296
[2026-07-23 02:48:32.544] Timer start: build_real_space_exx_7. Free memory on node [GB]: 337.296
[2026-07-23 02:48:32.544] Timer stop:  build_real_space_exx_7. Free memory on node [GB]: 337.296
[2026-07-23 02:48:32.544] Timer start: build_real_space_exx_8. Free memory on node [GB]: 337.296
[2026-07-23 02:48:32.544] Timer stop:  build_real_space_exx_8. Free memory on node [GB]: 337.296
[2026-07-23 02:48:32.544] Timer start: build_real_space_exx_6. Free memory on node [GB]: 337.296
[2026-07-23 02:48:32.544] Timer stop:  build_real_space_exx_6. Free memory on node [GB]: 337.296
[2026-07-23 02:48:32.544] Timer start: build_real_space_exx_7. Free memory on node [GB]: 337.296
[2026-07-23 02:48:32.544] Timer stop:  build_real_space_exx_7. Free memory on node [GB]: 337.296
[2026-07-23 02:48:32.544] Timer start: build_real_space_exx_8. Free memory on node [GB]: 337.296
[2026-07-23 02:48:32.545] Timer stop:  build_real_space_exx_8. Free memory on node [GB]: 337.296
[2026-07-23 02:48:32.545] Timer start: build_real_space_exx_6. Free memory on node [GB]: 337.296
[2026-07-23 02:48:32.545] Timer stop:  build_real_space_exx_6. Free memory on node [GB]: 337.296
[2026-07-23 02:48:32.545] Timer start: build_real_space_exx_7. Free memory on node [GB]: 337.296
[2026-07-23 02:48:32.545] Timer stop:  build_real_space_exx_7. Free memory on node [GB]: 337.296
[2026-07-23 02:48:32.545] Timer start: build_real_space_exx_8. Free memory on node [GB]: 337.296
[2026-07-23 02:48:32.545] Timer stop:  build_real_space_exx_8. Free memory on node [GB]: 337.296
[2026-07-23 02:48:32.545] Timer start: build_real_space_exx_6. Free memory on node [GB]: 337.296
[2026-07-23 02:48:32.546] Timer stop:  build_real_space_exx_6. Free memory on node [GB]: 337.296
[2026-07-23 02:48:32.546] Timer start: build_real_space_exx_7. Free memory on node [GB]: 337.296
[2026-07-23 02:48:32.546] Timer stop:  build_real_space_exx_7. Free memory on node [GB]: 337.296
[2026-07-23 02:48:32.546] Timer start: build_real_space_exx_8. Free memory on node [GB]: 337.296
[2026-07-23 02:48:32.546] Timer stop:  build_real_space_exx_8. Free memory on node [GB]: 337.296
[2026-07-23 02:48:32.546] Timer start: build_real_space_exx_6. Free memory on node [GB]: 337.296
[2026-07-23 02:48:32.546] Timer stop:  build_real_space_exx_6. Free memory on node [GB]: 337.296
[2026-07-23 02:48:32.546] Timer start: build_real_space_exx_7. Free memory on node [GB]: 337.296
[2026-07-23 02:48:32.546] Timer stop:  build_real_space_exx_7. Free memory on node [GB]: 337.296
[2026-07-23 02:48:32.546] Timer start: build_real_space_exx_8. Free memory on node [GB]: 337.296
[2026-07-23 02:48:32.546] Timer stop:  build_real_space_exx_8. Free memory on node [GB]: 337.296
Done Exx::build_KS_blacs
build_sigc_matrix_KS_kgrid: constructing self-energy matrix for SCF k-grid with BLACS
[2026-07-23 02:48:32.547] Timer start: g0w0_build_sigc_KS. Free memory on node [GB]: 337.296
[2026-07-23 02:48:32.547] Timer start: g0w0_build_sigc_KS_rspace_redist. Free memory on node [GB]: 337.296
[2026-07-23 02:48:32.613] Timer stop:  g0w0_build_sigc_KS_rspace_redist. Free memory on node [GB]: 337.293
[2026-07-23 02:48:32.613] Timer start: g0w0_build_sigc_KS_find_bvk. Free memory on node [GB]: 337.293
[2026-07-23 02:48:32.613] Timer stop:  g0w0_build_sigc_KS_find_bvk. Free memory on node [GB]: 337.293
[2026-07-23 02:48:32.613] Timer start: g0w0_build_sigc_KS_rotate_kserial. Free memory on node [GB]: 337.293
[2026-07-23 02:48:32.634] Timer stop:  g0w0_build_sigc_KS_rotate_kserial. Free memory on node [GB]: 337.293
[2026-07-23 02:48:32.634] Timer stop:  g0w0_build_sigc_KS. Free memory on node [GB]: 337.293
[2026-07-23 02:48:33.520] Timer stop:  qsgw. Free memory on node [GB]: 337.239
[2026-07-23 02:48:33.524] Timer stop:  driver_total. Free memory on node [GB]: 337.239
Print per-process profiling data
Entry                                             #calls       CPU time (s)       Wall time (s)     
----------------------------------------------------------------------------------------------------
Total for driver                                  1            23151.4845         774.9097          
 Driver Read Input Parameters                     1             0.0001             0.0001           
 Driver Read Task-Common Input Data               1             26.9603            26.9776          
  DFT SCF eigenvalues/occupations                 1              0.0004             0.0004          
   api_set_scf_dimension                          1               0.0001             0.0001         
   api_set_wg_ekb_efermi                          1               0.0000             0.0000         
  Structure                                       1              0.0002             0.0002          
   api_set_latvec_and_G                           1               0.0000             0.0000         
   api_set_atoms                                  1               0.0000             0.0000         
   api_set_symmetry_operations                    1               0.0000             0.0000         
  BZ sampling                                     1              0.0002             0.0002          
   api_set_kgrids_kvec                            1               0.0001             0.0001         
   api_set_kq_mapping                             1               0.0000             0.0000         
  Basis (wave-function and auxiliary)             1              0.0001             0.0001          
   api_set_basis_convention                       1               0.0000             0.0000         
   api_set_ao_basis_wfc                           1               0.0000             0.0000         
   api_set_ao_basis_aux                           1               0.0000             0.0000         
  SCF eigenvectors                                1              0.0083             0.0083          
   api_set_wfc                                    8               0.0002             0.0002         
  driver_read_ri                                  1              26.9509            26.9683         
   driver_read_Cs                                 1               19.8272            19.8392        
    handle_Cs_file_dry                            1                9.7982             9.8035        
    handle_Cs_file                                1                10.0288            10.0354       
     api_set_lri_coeff                            210               0.2397             0.2398       
   api_set_ao_basis_aux_shrink                    1               0.0000             0.0000         
   read_Cs_shrink                                 1               6.1398             6.1445         
    handle_Cs_file_dry                            1                3.0493             3.0514        
    handle_Cs_file                                1                3.0903             3.0928        
     api_set_lri_coeff_shrink                     210               0.0713             0.0713       
   Load shrink transformation                     1               0.8303             0.8308         
    handle_sinvS_file                             1                0.8301             0.8307        
   driver_read_Vq                                 1               0.1534             0.1536         
    handle_Vq_row_file                            1                0.1499             0.1501        
    set_aux_coulomb_k_atom_pair_out               1                0.0034             0.0034        
     api_set_aux_bare_coulomb_k_atom_pair         24                0.0027             0.0027       
 QSGW fixed-basis self-consistent calculation     1             23124.3893         747.9227         
  handle_Vq_row_file                              1              0.1546             0.1547          
  set_aux_coulomb_k_atom_pair_out                 1              0.0033             0.0033          
   api_set_aux_cut_coulomb_k_atom_pair            24              0.0027             0.0027         
  api_build_g0w0_sigma                            1              23099.7016         735.7611        
   initialize_ds_tfgrids                          1               1.2547             0.0542         
   initialize_ds_atpairs_local                    1               0.0016             0.0001         
   redistribute_coulomb_blacs2ap                  1               0.0008             0.0000         
   initialize_ds_chi0                             1               6.4799             0.3132         
   Build response function chi0                   1               246.4821           7.7300         
    Loop over LibRI                               1                246.4796           7.7297        
     chi0_libri_routing_set_parallel              1                 0.0002             0.0002       
     Set Cs                                       1                 0.0172             0.0172       
     build_gf_Rt_libri_serial                     12                18.8906            0.5921       
     chi0_set_Gs                                  6                 0.1338             0.0042       
     Call cal_chi0s                               6                 195.0777           6.1046       
     chi0_libri_routing_free_gf                   6                 0.0212             0.0007       
     Collect R blocks                             6                 0.3604             0.0113       
     Cosine transform to R-space                  6                 0.2085             0.0065       
     Delayed Fourier transform                    1                 28.2577            0.8832       
      Restore chi0 full real-space sector         6                  26.3700            0.8242      
   Build exchange self-energy                     1               174.4812           5.5720         
    initialize_ds_exx                             1                6.3684             0.3108        
    Fourier transform truncated Coulomb           1                9.9109             0.3163        
    g0w0_exx_real_work                            1                158.1993           4.9447        
     Prepare C libRI object                       1                 0.5629             0.0176       
     Prepare V libRI object                       1                 5.6657             0.1771       
      build_real_space_exx_2_1                    1                  0.6480             0.0203      
      build_real_space_exx_2_2                    1                  0.1974             0.0062      
     build_real_space_exx_prepare_index           1                 0.0046             0.0001       
      index_scheduler_init_pairs_unordered_map    1                  0.0001             0.0000      
      index_scheduler_ids_rc                      1                  0.0000             0.0000      
      index_scheduler_compute_map                 1                  0.0014             0.0000      
      index_scheduler_flatten                     1                  0.0000             0.0000      
     Prepare DM libRI object                      1                 18.8268            0.5885       
      exx_build_dmat_libri_kserial                1                  18.6486            0.5829      
      build_real_space_exx_libri_set_Ds           1                  0.1747             0.0055      
     Call libRI Hexx calculation                  1                 132.6479           4.1461       
     build_real_space_exx_5                       1                 0.2266             0.0071       
   Build screened interaction                     1               53.0434            1.8222         
    compute_Wc_freq_q_blacs_init                  1                0.1457             0.0046        
    compute_Wc_freq_q_work                        1                44.9377            1.5685        
     Prepare sqrt of truncated Coulomb            8                 13.0116            0.4660       
      Setup libRI object                          8                  0.0537             0.0018      
      libRI Communicate                           8                  1.0253             0.0325      
      Collect 2D-block from IJ                    8                  0.3014             0.0095      
      Perform square root                         8                  11.5978            0.4213      
       power_hemat_blacs_real                     1                   1.1864             0.0411     
        power_hemat_blacs_1                       1                    0.0064             0.0002    
        power_hemat_blacs_2                       1                    1.0354             0.0362    
        power_hemat_blacs_3                       1                    0.0004             0.0000    
        power_hemat_blacs_4                       1                    0.0763             0.0025    
       power_hemat_blacs                          7                   10.3941            0.3797     
        power_hemat_blacs_1                       7                    0.0200             0.0006    
        power_hemat_blacs_2                       7                    9.9084             0.3634    
        power_hemat_blacs_3                       7                    0.0595             0.0022    
        power_hemat_blacs_4                       7                    0.0020             0.0001    
        power_hemat_blacs_5                       7                    0.2831             0.0096    
     Prepare sqrt of bare Coulomb                 8                 12.7660            0.4572       
      power_hemat_blacs_real                      1                  1.0740             0.0374      
       power_hemat_blacs_1                        1                   0.0029             0.0001     
       power_hemat_blacs_2                        1                   0.9786             0.0344     
       power_hemat_blacs_3                        1                   0.0003             0.0000     
       power_hemat_blacs_4                        1                   0.0371             0.0012     
      power_hemat_blacs                           7                  10.4833            0.3817      
       power_hemat_blacs_1                        7                   0.0185             0.0006     
       power_hemat_blacs_2                        7                   10.0402            0.3671     
       power_hemat_blacs_3                        7                   0.0617             0.0021     
       power_hemat_blacs_4                        7                   0.0024             0.0001     
       power_hemat_blacs_5                        7                   0.2642             0.0089     
     epsilon_wc_work_q_omega                      48                18.7814            0.6324       
      Prepare Chi0 2D block                       48                 10.9700            0.3485      
       epsilon_prepare_chi0_2d_comm_map2          48                  5.5786             0.1745     
       epsilon_prepare_chi0_2d_collect_block      48                  1.5196             0.0478     
      Compute dielectric matrix                   48                 0.8352             0.0263      
       epsilon_compute_eps_pgemm_1                48                  0.1791             0.0136     
       epsilon_compute_eps_pgemm_2                48                  0.1293             0.0098     
      epsilon_to_wc                               48                 6.3771             0.2373      
       epsilon_solver_coulwc                      48                  5.9191             0.2225     
       Multiply truncated Coulomb                 48                  0.2916             0.0116     
    Collect compressed Wc from BLACS to atom pairs 1                7.9548             0.2489        
   initialize_ds_g0w0                             1               6.3468             0.3125         
   Build real-space correlation self-energy       1               22611.3203         719.9472       
    Tranform Wc (q,w) -> (q,t)                    1                0.7684             0.0306        
    Tranform Wc (q,t) -> (R,t)                    1                1742.1915          65.4106       
     Do shrink transformation                     6                 115.7463           3.6625       
      Prepare Wc 2D block for unfold              48                 12.2860            0.3934      
       unfold_prepare_Wc_2d_comm_map2             48                  6.0845             0.1905     
       unfold_prepare_Wc_2d_collect_block         48                  1.2831             0.0402     
     Construct Lower Half of Wc(q,t)              6                 10.0228            0.3133       
     Tranform Wc (q,t) -> (R,t)                   6                 1608.6044          53.6234      
     Prepare LibRI Wc object                      6                 7.5077             7.5146       
    Setup LibRI G0W0 object and C data            1                0.0566             0.0567        
    Setup LibRI Wc                                6                7.6506             0.5237        
    Compute G(R,t) and G(R,-t)                    6                19.1672            0.6000        
     g0w0_build_gf_libri_kserial                  6                 19.1586            0.5996       
    Call libRI cal_Sigc                           12               20826.2716         652.6898      
    g0w0_build_spacetime_5_clean                  12               11.0026            0.4499        
    Transform Sigc (R,t) -> (R,w)                 6                0.9161             0.0387        
    g0w0_build_spacetime_free_Ws                  6                0.0310             0.0013        
  exx_build_KS_blacs_redist                       1              0.1392             0.0044          
   exx_build_KS_blacs_redist_comm_map2            1               0.1291             0.0041         
  Hexx IJ -> 2D block                             8              0.0762             0.0025          
  Rotate Hexx ij -> KS with root dense IBZ projection 8              0.0466             0.0015          
  Collect Eexx to root process                    8              0.0175             0.0005          
  g0w0_build_sigc_KS                              1              2.7993             0.0875          
   g0w0_build_sigc_KS_rspace_redist               1               2.1149             0.0661         
   g0w0_build_sigc_KS_find_bvk                    1               0.0115             0.0004         
   g0w0_build_sigc_KS_rotate_kserial              1               0.6583             0.0206         
