path	size	mtime_ns	is_symlink	symlink_target
Cs_data_0.txt	512269391	1778754394831679753	false	
Cs_data_1.txt	220394994	1778754361514167377	false	
Cs_data_2.txt	440789959	1778754390832664849	false	
Cs_data_3.txt	291874462	1778754372273738046	false	
Cs_shrinked_data_0.txt	157424791	1778754070736622934	false	
Cs_shrinked_data_1.txt	67729294	1778754059685816488	false	
Cs_shrinked_data_2.txt	135458559	1778754069138746690	false	
Cs_shrinked_data_3.txt	89695562	1778754063044337924	false	
EXX_band_spin_1_1.dat	196053	1778763193133129390	false	
EXX_band_spin_1_2.dat	196053	1778780292297767821	false	
INPUT	1070	1778758352748012306	false	
INPUT_nscf	1070	1778751343638678621	false	
INPUT_scf	1107	1778751343635953059	false	
KPT	367	1778758352756710180	false	
KPT_nscf	367	1778751343673065698	false	
KPT_scf	29	1778751343650239219	false	
KS_band_spin_1_1.dat	196053	1778763193133265577	false	
KS_band_spin_1_2.dat	196053	1778780292297901408	false	
KS_eigenvector_0.dat	118098	1778760334176429000	false	
KS_eigenvector_1.dat	118098	1778760334296994000	false	
KS_eigenvector_10.dat	118099	1778760334187574000	false	
KS_eigenvector_11.dat	118099	1778760334199227000	false	
KS_eigenvector_12.dat	118099	1778760334209510000	false	
KS_eigenvector_13.dat	118099	1778760334220575000	false	
KS_eigenvector_14.dat	118099	1778760334231070000	false	
KS_eigenvector_15.dat	118099	1778760334242894000	false	
KS_eigenvector_16.dat	118099	1778760334253127000	false	
KS_eigenvector_17.dat	118099	1778760334263017000	false	
KS_eigenvector_18.dat	118099	1778760334275306000	false	
KS_eigenvector_19.dat	118099	1778760334287381000	false	
KS_eigenvector_2.dat	118098	1778760334407526000	false	
KS_eigenvector_20.dat	118099	1778760334308310000	false	
KS_eigenvector_21.dat	118099	1778760334318800000	false	
KS_eigenvector_22.dat	118099	1778760334331151000	false	
KS_eigenvector_23.dat	118099	1778760334341166000	false	
KS_eigenvector_24.dat	118099	1778760334352156000	false	
KS_eigenvector_25.dat	118099	1778760334363236000	false	
KS_eigenvector_26.dat	118099	1778760334375264000	false	
KS_eigenvector_27.dat	118099	1778760334385194000	false	
KS_eigenvector_28.dat	118099	1778760334396188000	false	
KS_eigenvector_3.dat	118098	1778760334418396000	false	
KS_eigenvector_4.dat	118098	1778760334428720000	false	
KS_eigenvector_5.dat	118098	1778760334440185000	false	
KS_eigenvector_6.dat	118098	1778760334451051000	false	
KS_eigenvector_7.dat	118098	1778760334461416000	false	
KS_eigenvector_8.dat	118098	1778760334473188000	false	
KS_eigenvector_9.dat	118099	1778760334484292000	false	
OUT.ABACUS/ABACUS-CHARGE-DENSITY.restart	1321240	1778758357282089746	false	
OUT.ABACUS/INPUT.info	41728	1778758353450020527	false	
OUT.ABACUS/KPT.info	7710	1778758353492539000	false	
OUT.ABACUS/STRU.cif	767	1778758353490299394	false	
OUT.ABACUS/Vxc_R_spin0.csr	2961561	1778758360512331171	false	
OUT.ABACUS/chg.cube	1601211	1778753977987551067	false	
OUT.ABACUS/eig_occ.txt	321634	1778758357326849400	false	
OUT.ABACUS/hk100_nao.txt	33324	1778758358062492693	false	
OUT.ABACUS/hk101_nao.txt	33326	1778758358069789527	false	
OUT.ABACUS/hk102_nao.txt	33318	1778758358076563132	false	
OUT.ABACUS/hk103_nao.txt	33321	1778758358083054291	false	
OUT.ABACUS/hk104_nao.txt	33318	1778758358090217872	false	
OUT.ABACUS/hk105_nao.txt	33310	1778758358097106429	false	
OUT.ABACUS/hk106_nao.txt	33310	1778758358103901946	false	
OUT.ABACUS/hk107_nao.txt	33317	1778758358110292669	false	
OUT.ABACUS/hk108_nao.txt	33301	1778758358117434571	false	
OUT.ABACUS/hk109_nao.txt	33298	1778758358124274018	false	
OUT.ABACUS/hk10_nao.txt	33331	1778758357396486785	false	
OUT.ABACUS/hk110_nao.txt	33295	1778758358130959351	false	
OUT.ABACUS/hk111_nao.txt	33298	1778758358137738869	false	
OUT.ABACUS/hk112_nao.txt	33323	1778758358144894584	false	
OUT.ABACUS/hk113_nao.txt	33315	1778758358151722163	false	
OUT.ABACUS/hk114_nao.txt	33315	1778758358158401747	false	
OUT.ABACUS/hk115_nao.txt	33305	1778758358165122843	false	
OUT.ABACUS/hk116_nao.txt	33320	1778758358172270985	false	
OUT.ABACUS/hk117_nao.txt	33307	1778758358179055901	false	
OUT.ABACUS/hk118_nao.txt	33302	1778758358185777709	false	
OUT.ABACUS/hk119_nao.txt	33301	1778758358192585565	false	
OUT.ABACUS/hk11_nao.txt	33330	1778758357403139064	false	
OUT.ABACUS/hk120_nao.txt	33296	1778758358199758401	false	
OUT.ABACUS/hk121_nao.txt	32832	1778758358206833094	false	
OUT.ABACUS/hk122_nao.txt	33306	1778758358213563650	false	
OUT.ABACUS/hk123_nao.txt	33305	1778758358220348756	false	
OUT.ABACUS/hk124_nao.txt	33311	1778758358227515072	false	
OUT.ABACUS/hk125_nao.txt	33316	1778758358234433919	false	
OUT.ABACUS/hk126_nao.txt	33307	1778758358241604099	false	
OUT.ABACUS/hk127_nao.txt	33315	1778758358248396816	false	
OUT.ABACUS/hk128_nao.txt	33314	1778758358255597879	false	
OUT.ABACUS/hk129_nao.txt	33311	1778758358262473985	false	
OUT.ABACUS/hk12_nao.txt	33334	1778758357410473418	false	
OUT.ABACUS/hk130_nao.txt	33315	1778758358269588441	false	
OUT.ABACUS/hk131_nao.txt	33313	1778758358276287484	false	
OUT.ABACUS/hk132_nao.txt	33313	1778758358283466425	false	
OUT.ABACUS/hk133_nao.txt	33309	1778758358290289654	false	
OUT.ABACUS/hk134_nao.txt	33302	1778758358297524588	false	
OUT.ABACUS/hk135_nao.txt	33321	1778758358304244127	false	
OUT.ABACUS/hk136_nao.txt	33313	1778758358311424634	false	
OUT.ABACUS/hk137_nao.txt	33315	1778758358319035013	false	
OUT.ABACUS/hk138_nao.txt	33322	1778758358326224854	false	
OUT.ABACUS/hk139_nao.txt	33333	1778758358332916332	false	
OUT.ABACUS/hk13_nao.txt	33332	1778758357417449540	false	
OUT.ABACUS/hk140_nao.txt	33331	1778758358340114893	false	
OUT.ABACUS/hk141_nao.txt	33322	1778758358347616431	false	
OUT.ABACUS/hk142_nao.txt	33320	1778758358354805700	false	
OUT.ABACUS/hk143_nao.txt	33317	1778758358361629800	false	
OUT.ABACUS/hk14_nao.txt	33334	1778758357424347257	false	
OUT.ABACUS/hk15_nao.txt	33331	1778758357430889332	false	
OUT.ABACUS/hk16_nao.txt	33325	1778758357437536577	false	
OUT.ABACUS/hk17_nao.txt	33325	1778758357444495585	false	
OUT.ABACUS/hk18_nao.txt	33319	1778758357451317210	false	
OUT.ABACUS/hk19_nao.txt	33320	1778758357457874577	false	
OUT.ABACUS/hk1_nao.txt	33318	1778758357332579496	false	
OUT.ABACUS/hk20_nao.txt	33315	1778758357464449822	false	
OUT.ABACUS/hk21_nao.txt	32831	1778758357471948426	false	
OUT.ABACUS/hk22_nao.txt	33324	1778758357478797946	false	
OUT.ABACUS/hk23_nao.txt	33323	1778758357485320709	false	
OUT.ABACUS/hk24_nao.txt	33320	1778758357492082173	false	
OUT.ABACUS/hk25_nao.txt	33321	1778758357499024644	false	
OUT.ABACUS/hk26_nao.txt	33320	1778758357505796585	false	
OUT.ABACUS/hk27_nao.txt	33321	1778758357512249509	false	
OUT.ABACUS/hk28_nao.txt	33317	1778758357518897977	false	
OUT.ABACUS/hk29_nao.txt	33320	1778758357525784697	false	
OUT.ABACUS/hk2_nao.txt	33318	1778758357339889160	false	
OUT.ABACUS/hk30_nao.txt	33319	1778758357532540706	false	
OUT.ABACUS/hk31_nao.txt	33327	1778758357538977321	false	
OUT.ABACUS/hk32_nao.txt	33315	1778758357545691508	false	
OUT.ABACUS/hk33_nao.txt	33315	1778758357552603996	false	
OUT.ABACUS/hk34_nao.txt	33316	1778758357560795277	false	
OUT.ABACUS/hk35_nao.txt	33314	1778758357567700834	false	
OUT.ABACUS/hk36_nao.txt	33323	1778758357574361465	false	
OUT.ABACUS/hk37_nao.txt	33318	1778758357581180108	false	
OUT.ABACUS/hk38_nao.txt	33320	1778758357587975605	false	
OUT.ABACUS/hk39_nao.txt	33325	1778758357594851995	false	
OUT.ABACUS/hk3_nao.txt	33316	1778758357347232931	false	
OUT.ABACUS/hk40_nao.txt	33327	1778758357601414392	false	
OUT.ABACUS/hk41_nao.txt	33316	1778758357609428929	false	
OUT.ABACUS/hk42_nao.txt	33307	1778758357618444686	false	
OUT.ABACUS/hk43_nao.txt	33318	1778758357627582691	false	
OUT.ABACUS/hk44_nao.txt	33323	1778758357637383678	false	
OUT.ABACUS/hk45_nao.txt	33312	1778758357646404550	false	
OUT.ABACUS/hk46_nao.txt	33323	1778758357655535265	false	
OUT.ABACUS/hk47_nao.txt	33320	1778758357664559100	false	
OUT.ABACUS/hk48_nao.txt	33320	1778758357673482380	false	
OUT.ABACUS/hk49_nao.txt	33323	1778758357682376182	false	
OUT.ABACUS/hk4_nao.txt	33315	1778758357354496583	false	
OUT.ABACUS/hk50_nao.txt	33317	1778758357691532695	false	
OUT.ABACUS/hk51_nao.txt	33317	1778758357700539218	false	
OUT.ABACUS/hk52_nao.txt	33314	1778758357709298733	false	
OUT.ABACUS/hk53_nao.txt	33315	1778758357718052696	false	
OUT.ABACUS/hk54_nao.txt	33324	1778758357727097714	false	
OUT.ABACUS/hk55_nao.txt	33324	1778758357737254752	false	
OUT.ABACUS/hk56_nao.txt	33319	1778758357747350794	false	
OUT.ABACUS/hk57_nao.txt	33326	1778758357756356088	false	
OUT.ABACUS/hk58_nao.txt	33325	1778758357765353912	false	
OUT.ABACUS/hk59_nao.txt	33317	1778758357774365320	false	
OUT.ABACUS/hk5_nao.txt	33322	1778758357361684375	false	
OUT.ABACUS/hk60_nao.txt	33318	1778758357783110831	false	
OUT.ABACUS/hk61_nao.txt	33321	1778758357792231473	false	
OUT.ABACUS/hk62_nao.txt	33331	1778758357801112473	false	
OUT.ABACUS/hk63_nao.txt	33327	1778758357807881363	false	
OUT.ABACUS/hk64_nao.txt	33327	1778758357815424681	false	
OUT.ABACUS/hk65_nao.txt	33328	1778758357822073403	false	
OUT.ABACUS/hk66_nao.txt	33326	1778758357828934354	false	
OUT.ABACUS/hk67_nao.txt	33320	1778758357835710142	false	
OUT.ABACUS/hk68_nao.txt	33321	1778758357842193177	false	
OUT.ABACUS/hk69_nao.txt	33317	1778758357848782236	false	
OUT.ABACUS/hk6_nao.txt	33318	1778758357368714204	false	
OUT.ABACUS/hk70_nao.txt	33319	1778758357855613510	false	
OUT.ABACUS/hk71_nao.txt	33317	1778758357862415232	false	
OUT.ABACUS/hk72_nao.txt	33321	1778758357868876427	false	
OUT.ABACUS/hk73_nao.txt	33316	1778758357875555809	false	
OUT.ABACUS/hk74_nao.txt	33319	1778758357882398995	false	
OUT.ABACUS/hk75_nao.txt	33318	1778758357889190368	false	
OUT.ABACUS/hk76_nao.txt	33319	1778758357895558392	false	
OUT.ABACUS/hk77_nao.txt	33321	1778758357902148892	false	
OUT.ABACUS/hk78_nao.txt	33318	1778758357908958551	false	
OUT.ABACUS/hk79_nao.txt	33313	1778758357916163218	false	
OUT.ABACUS/hk7_nao.txt	33322	1778758357375631788	false	
OUT.ABACUS/hk80_nao.txt	33313	1778758357923332907	false	
OUT.ABACUS/hk81_nao.txt	33319	1778758357930507250	false	
OUT.ABACUS/hk82_nao.txt	33307	1778758357937427514	false	
OUT.ABACUS/hk83_nao.txt	33311	1778758357944506988	false	
OUT.ABACUS/hk84_nao.txt	33307	1778758357950830073	false	
OUT.ABACUS/hk85_nao.txt	33311	1778758357957321956	false	
OUT.ABACUS/hk86_nao.txt	33303	1778758357964183627	false	
OUT.ABACUS/hk87_nao.txt	33317	1778758357971289948	false	
OUT.ABACUS/hk88_nao.txt	33313	1778758357977631629	false	
OUT.ABACUS/hk89_nao.txt	33312	1778758357984279501	false	
OUT.ABACUS/hk8_nao.txt	33328	1778758357382572760	false	
OUT.ABACUS/hk90_nao.txt	33314	1778758357991093625	false	
OUT.ABACUS/hk91_nao.txt	33318	1778758357998249680	false	
OUT.ABACUS/hk92_nao.txt	33316	1778758358004596359	false	
OUT.ABACUS/hk93_nao.txt	33322	1778758358011320720	false	
OUT.ABACUS/hk94_nao.txt	33321	1778758358018098595	false	
OUT.ABACUS/hk95_nao.txt	33321	1778758358025424009	false	
OUT.ABACUS/hk96_nao.txt	33321	1778758358034894540	false	
OUT.ABACUS/hk97_nao.txt	33316	1778758358041521736	false	
OUT.ABACUS/hk98_nao.txt	33316	1778758358048517765	false	
OUT.ABACUS/hk99_nao.txt	33321	1778758358055427835	false	
OUT.ABACUS/hk9_nao.txt	33326	1778758357389537170	false	
OUT.ABACUS/hrs1_nao.csr	4919612	1778758359103564205	false	
OUT.ABACUS/irreducible_sector.txt	6359	1778754440731029000	false	
OUT.ABACUS/kinetic_out.dat	289441	1778758360719622525	false	
OUT.ABACUS/rr.csr	8255982	1778753981057664636	false	
OUT.ABACUS/running_nscf.log	47747	1778758361763782745	false	
OUT.ABACUS/running_scf.log	31708	1778754491906350644	false	
OUT.ABACUS/sk100_nao.txt	33349	1778758358066194141	false	
OUT.ABACUS/sk101_nao.txt	33312	1778758358073306433	false	
OUT.ABACUS/sk102_nao.txt	33288	1778758358079834011	false	
OUT.ABACUS/sk103_nao.txt	33310	1778758358086608586	false	
OUT.ABACUS/sk104_nao.txt	33306	1778758358093499133	false	
OUT.ABACUS/sk105_nao.txt	33320	1778758358100634690	false	
OUT.ABACUS/sk106_nao.txt	33314	1778758358107122972	false	
OUT.ABACUS/sk107_nao.txt	33312	1778758358113838930	false	
OUT.ABACUS/sk108_nao.txt	33324	1778758358120674613	false	
OUT.ABACUS/sk109_nao.txt	33280	1778758358127764686	false	
OUT.ABACUS/sk10_nao.txt	33324	1778758357399784275	false	
OUT.ABACUS/sk110_nao.txt	33354	1778758358134104032	false	
OUT.ABACUS/sk111_nao.txt	33330	1778758358141297169	false	
OUT.ABACUS/sk112_nao.txt	33286	1778758358148112445	false	
OUT.ABACUS/sk113_nao.txt	33304	1778758358155316603	false	
OUT.ABACUS/sk114_nao.txt	33312	1778758358161582507	false	
OUT.ABACUS/sk115_nao.txt	33316	1778758358168663821	false	
OUT.ABACUS/sk116_nao.txt	33348	1778758358175448462	false	
OUT.ABACUS/sk117_nao.txt	33344	1778758358182613675	false	
OUT.ABACUS/sk118_nao.txt	33324	1778758358188976144	false	
OUT.ABACUS/sk119_nao.txt	33310	1778758358196144898	false	
OUT.ABACUS/sk11_nao.txt	33330	1778758357406683401	false	
OUT.ABACUS/sk120_nao.txt	33306	1778758358202989198	false	
OUT.ABACUS/sk121_nao.txt	32846	1778758358210338937	false	
OUT.ABACUS/sk122_nao.txt	33358	1778758358216773307	false	
OUT.ABACUS/sk123_nao.txt	33358	1778758358223912373	false	
OUT.ABACUS/sk124_nao.txt	33356	1778758358230828273	false	
OUT.ABACUS/sk125_nao.txt	33334	1778758358237992278	false	
OUT.ABACUS/sk126_nao.txt	33342	1778758358244817825	false	
OUT.ABACUS/sk127_nao.txt	33344	1778758358251997684	false	
OUT.ABACUS/sk128_nao.txt	33362	1778758358258833510	false	
OUT.ABACUS/sk129_nao.txt	33360	1778758358266025964	false	
OUT.ABACUS/sk12_nao.txt	33342	1778758357414133132	false	
OUT.ABACUS/sk130_nao.txt	33338	1778758358272709320	false	
OUT.ABACUS/sk131_nao.txt	33334	1778758358279861319	false	
OUT.ABACUS/sk132_nao.txt	33336	1778758358286696262	false	
OUT.ABACUS/sk133_nao.txt	33328	1778758358293843773	false	
OUT.ABACUS/sk134_nao.txt	33324	1778758358300671640	false	
OUT.ABACUS/sk135_nao.txt	33358	1778758358307817139	false	
OUT.ABACUS/sk136_nao.txt	33346	1778758358315428802	false	
OUT.ABACUS/sk137_nao.txt	33334	1778758358322605171	false	
OUT.ABACUS/sk138_nao.txt	33360	1778758358329314225	false	
OUT.ABACUS/sk139_nao.txt	33364	1778758358336475559	false	
OUT.ABACUS/sk13_nao.txt	33322	1778758357421002223	false	
OUT.ABACUS/sk140_nao.txt	33360	1778758358343989253	false	
OUT.ABACUS/sk141_nao.txt	33312	1778758358351196817	false	
OUT.ABACUS/sk142_nao.txt	33313	1778758358357959764	false	
OUT.ABACUS/sk143_nao.txt	33310	1778758358365224118	false	
OUT.ABACUS/sk14_nao.txt	33315	1778758357427588118	false	
OUT.ABACUS/sk15_nao.txt	33273	1778758357433979162	false	
OUT.ABACUS/sk16_nao.txt	33327	1778758357441117282	false	
OUT.ABACUS/sk17_nao.txt	33303	1778758357448110830	false	
OUT.ABACUS/sk18_nao.txt	33337	1778758357454556524	false	
OUT.ABACUS/sk19_nao.txt	33321	1778758357460993694	false	
OUT.ABACUS/sk1_nao.txt	33311	1778758357336230527	false	
OUT.ABACUS/sk20_nao.txt	33343	1778758357468681856	false	
OUT.ABACUS/sk21_nao.txt	32845	1778758357475503883	false	
OUT.ABACUS/sk22_nao.txt	33311	1778758357482012432	false	
OUT.ABACUS/sk23_nao.txt	33339	1778758357488461432	false	
OUT.ABACUS/sk24_nao.txt	33341	1778758357495683756	false	
OUT.ABACUS/sk25_nao.txt	33297	1778758357502561987	false	
OUT.ABACUS/sk26_nao.txt	33289	1778758357508961073	false	
OUT.ABACUS/sk27_nao.txt	33271	1778758357515379602	false	
OUT.ABACUS/sk28_nao.txt	33295	1778758357522479318	false	
OUT.ABACUS/sk29_nao.txt	33247	1778758357529312855	false	
OUT.ABACUS/sk2_nao.txt	33309	1778758357343591954	false	
OUT.ABACUS/sk30_nao.txt	33281	1778758357535712004	false	
OUT.ABACUS/sk31_nao.txt	33227	1778758357542103454	false	
OUT.ABACUS/sk32_nao.txt	33309	1778758357549288236	false	
OUT.ABACUS/sk33_nao.txt	33317	1778758357558058396	false	
OUT.ABACUS/sk34_nao.txt	33269	1778758357564408064	false	
OUT.ABACUS/sk35_nao.txt	33307	1778758357570964593	false	
OUT.ABACUS/sk36_nao.txt	33319	1778758357577626843	false	
OUT.ABACUS/sk37_nao.txt	33335	1778758357584748291	false	
OUT.ABACUS/sk38_nao.txt	33267	1778758357591617318	false	
OUT.ABACUS/sk39_nao.txt	33283	1778758357598082454	false	
OUT.ABACUS/sk3_nao.txt	33339	1778758357350904898	false	
OUT.ABACUS/sk40_nao.txt	33269	1778758357604510179	false	
OUT.ABACUS/sk41_nao.txt	33309	1778758357613996524	false	
OUT.ABACUS/sk42_nao.txt	33335	1778758357623241454	false	
OUT.ABACUS/sk43_nao.txt	33294	1778758357631955155	false	
OUT.ABACUS/sk44_nao.txt	33321	1778758357641742323	false	
OUT.ABACUS/sk45_nao.txt	33319	1778758357651040952	false	
OUT.ABACUS/sk46_nao.txt	33299	1778758357660272769	false	
OUT.ABACUS/sk47_nao.txt	33325	1778758357668971944	false	
OUT.ABACUS/sk48_nao.txt	33328	1778758357677677103	false	
OUT.ABACUS/sk49_nao.txt	33326	1778758357687130670	false	
OUT.ABACUS/sk4_nao.txt	33327	1778758357358097897	false	
OUT.ABACUS/sk50_nao.txt	33322	1778758357696301610	false	
OUT.ABACUS/sk51_nao.txt	33340	1778758357704905083	false	
OUT.ABACUS/sk52_nao.txt	33350	1778758357713528634	false	
OUT.ABACUS/sk53_nao.txt	33392	1778758357722637647	false	
OUT.ABACUS/sk54_nao.txt	33362	1778758357733206319	false	
OUT.ABACUS/sk55_nao.txt	33352	1778758357741392954	false	
OUT.ABACUS/sk56_nao.txt	33347	1778758357751576324	false	
OUT.ABACUS/sk57_nao.txt	33363	1778758357760957739	false	
OUT.ABACUS/sk58_nao.txt	33377	1778758357770012637	false	
OUT.ABACUS/sk59_nao.txt	33341	1778758357778676586	false	
OUT.ABACUS/sk5_nao.txt	33339	1778758357365259529	false	
OUT.ABACUS/sk60_nao.txt	33365	1778758357787613611	false	
OUT.ABACUS/sk61_nao.txt	33311	1778758357796974411	false	
OUT.ABACUS/sk62_nao.txt	33364	1778758357804700088	false	
OUT.ABACUS/sk63_nao.txt	33354	1778758357810996084	false	
OUT.ABACUS/sk64_nao.txt	33364	1778758357818510712	false	
OUT.ABACUS/sk65_nao.txt	33385	1778758357825652050	false	
OUT.ABACUS/sk66_nao.txt	33335	1778758357832505055	false	
OUT.ABACUS/sk67_nao.txt	33346	1778758357838907279	false	
OUT.ABACUS/sk68_nao.txt	33306	1778758357845282901	false	
OUT.ABACUS/sk69_nao.txt	33346	1778758357852338502	false	
OUT.ABACUS/sk6_nao.txt	33311	1778758357372124395	false	
OUT.ABACUS/sk70_nao.txt	33315	1778758357859189523	false	
OUT.ABACUS/sk71_nao.txt	33306	1778758357865577481	false	
OUT.ABACUS/sk72_nao.txt	33336	1778758357872010066	false	
OUT.ABACUS/sk73_nao.txt	33311	1778758357879135998	false	
OUT.ABACUS/sk74_nao.txt	33345	1778758357885980685	false	
OUT.ABACUS/sk75_nao.txt	33345	1778758357892305640	false	
OUT.ABACUS/sk76_nao.txt	33338	1778758357898657447	false	
OUT.ABACUS/sk77_nao.txt	33362	1778758357905716569	false	
OUT.ABACUS/sk78_nao.txt	33345	1778758357912559734	false	
OUT.ABACUS/sk79_nao.txt	33368	1778758357919302245	false	
OUT.ABACUS/sk7_nao.txt	33340	1778758357378945370	false	
OUT.ABACUS/sk80_nao.txt	33318	1778758357926426913	false	
OUT.ABACUS/sk81_nao.txt	33312	1778758357934129288	false	
OUT.ABACUS/sk82_nao.txt	33369	1778758357941000092	false	
OUT.ABACUS/sk83_nao.txt	33351	1778758357947644315	false	
OUT.ABACUS/sk84_nao.txt	33327	1778758357953814555	false	
OUT.ABACUS/sk85_nao.txt	33360	1778758357960892955	false	
OUT.ABACUS/sk86_nao.txt	33344	1778758357967765717	false	
OUT.ABACUS/sk87_nao.txt	33380	1778758357974367311	false	
OUT.ABACUS/sk88_nao.txt	33368	1778758357980717589	false	
OUT.ABACUS/sk89_nao.txt	33346	1778758357987833581	false	
OUT.ABACUS/sk8_nao.txt	33375	1778758357386161516	false	
OUT.ABACUS/sk90_nao.txt	33332	1778758357994686553	false	
OUT.ABACUS/sk91_nao.txt	33320	1778758358001387942	false	
OUT.ABACUS/sk92_nao.txt	33348	1778758358007784571	false	
OUT.ABACUS/sk93_nao.txt	33326	1778758358014879383	false	
OUT.ABACUS/sk94_nao.txt	33344	1778758358021661666	false	
OUT.ABACUS/sk95_nao.txt	33344	1778758358031283455	false	
OUT.ABACUS/sk96_nao.txt	33338	1778758358037926578	false	
OUT.ABACUS/sk97_nao.txt	33358	1778758358044997962	false	
OUT.ABACUS/sk98_nao.txt	33364	1778758358051960872	false	
OUT.ABACUS/sk99_nao.txt	33301	1778758358058888468	false	
OUT.ABACUS/sk9_nao.txt	33315	1778758357393116275	false	
OUT.ABACUS/srs1_nao.csr	2673846	1778758359103231081	false	
OUT.ABACUS/symrot_R.txt	2149112	1778754440946975781	false	
OUT.ABACUS/symrot_abf_k.txt	45615893	1778754442385538768	false	
OUT.ABACUS/symrot_k.txt	1758323	1778754441002335688	false	
OUT.ABACUS/vhartree_out.dat	290863	1778758361728300395	false	
OUT.ABACUS/vpp_local_out.dat	301541	1778758361136985460	false	
OUT.ABACUS/vpp_nonlocal_out.dat	289501	1778758361416384210	false	
OUT.ABACUS/vxc_out.dat	302025	1778758360079302058	false	
OUT.ABACUS/vxck100_nao.txt	33354	1778758359868936831	false	
OUT.ABACUS/vxck101_nao.txt	33364	1778758359873483890	false	
OUT.ABACUS/vxck102_nao.txt	33399	1778758359877980121	false	
OUT.ABACUS/vxck103_nao.txt	33358	1778758359882433191	false	
OUT.ABACUS/vxck104_nao.txt	33359	1778758359886889861	false	
OUT.ABACUS/vxck105_nao.txt	33368	1778758359891349831	false	
OUT.ABACUS/vxck106_nao.txt	33427	1778758359895986760	false	
OUT.ABACUS/vxck107_nao.txt	33376	1778758359900432490	false	
OUT.ABACUS/vxck108_nao.txt	33377	1778758359905070780	false	
OUT.ABACUS/vxck109_nao.txt	33361	1778758359909487095	false	
OUT.ABACUS/vxck10_nao.txt	33355	1778758359440351172	false	
OUT.ABACUS/vxck110_nao.txt	33354	1778758359914127144	false	
OUT.ABACUS/vxck111_nao.txt	33409	1778758359919159182	false	
OUT.ABACUS/vxck112_nao.txt	33392	1778758359923798671	false	
OUT.ABACUS/vxck113_nao.txt	33374	1778758359928798470	false	
OUT.ABACUS/vxck114_nao.txt	33336	1778758359933492645	false	
OUT.ABACUS/vxck115_nao.txt	33380	1778758359938127253	false	
OUT.ABACUS/vxck116_nao.txt	33405	1778758359943141989	false	
OUT.ABACUS/vxck117_nao.txt	33343	1778758359947579454	false	
OUT.ABACUS/vxck118_nao.txt	33372	1778758359952430131	false	
OUT.ABACUS/vxck119_nao.txt	33380	1778758359956907008	false	
OUT.ABACUS/vxck11_nao.txt	33378	1778758359445607961	false	
OUT.ABACUS/vxck120_nao.txt	33334	1778758359962448860	false	
OUT.ABACUS/vxck121_nao.txt	32864	1778758359966846194	false	
OUT.ABACUS/vxck122_nao.txt	33393	1778758359971442808	false	
OUT.ABACUS/vxck123_nao.txt	33362	1778758359976046555	false	
OUT.ABACUS/vxck124_nao.txt	33374	1778758359980509543	false	
OUT.ABACUS/vxck125_nao.txt	33412	1778758359984835865	false	
OUT.ABACUS/vxck126_nao.txt	33378	1778758359989279022	false	
OUT.ABACUS/vxck127_nao.txt	33392	1778758359993890406	false	
OUT.ABACUS/vxck128_nao.txt	33375	1778758359998374944	false	
OUT.ABACUS/vxck129_nao.txt	33365	1778758360007623204	false	
OUT.ABACUS/vxck12_nao.txt	33308	1778758359450955593	false	
OUT.ABACUS/vxck130_nao.txt	33353	1778758360012408659	false	
OUT.ABACUS/vxck131_nao.txt	33361	1778758360016924674	false	
OUT.ABACUS/vxck132_nao.txt	33361	1778758360021582586	false	
OUT.ABACUS/vxck133_nao.txt	33343	1778758360025868681	false	
OUT.ABACUS/vxck134_nao.txt	33398	1778758360030420220	false	
OUT.ABACUS/vxck135_nao.txt	33356	1778758360035040891	false	
OUT.ABACUS/vxck136_nao.txt	33371	1778758360039682604	false	
OUT.ABACUS/vxck137_nao.txt	33351	1778758360044150053	false	
OUT.ABACUS/vxck138_nao.txt	33357	1778758360048719684	false	
OUT.ABACUS/vxck139_nao.txt	33411	1778758360053392324	false	
OUT.ABACUS/vxck13_nao.txt	33363	1778758359456129744	false	
OUT.ABACUS/vxck140_nao.txt	33343	1778758360057868205	false	
OUT.ABACUS/vxck141_nao.txt	33419	1778758360062114788	false	
OUT.ABACUS/vxck142_nao.txt	33386	1778758360066800105	false	
OUT.ABACUS/vxck143_nao.txt	33418	1778758360071478772	false	
OUT.ABACUS/vxck14_nao.txt	33367	1778758359461363342	false	
OUT.ABACUS/vxck15_nao.txt	33362	1778758359466555336	false	
OUT.ABACUS/vxck16_nao.txt	33344	1778758359471908172	false	
OUT.ABACUS/vxck17_nao.txt	33355	1778758359477243245	false	
OUT.ABACUS/vxck18_nao.txt	33333	1778758359482703002	false	
OUT.ABACUS/vxck19_nao.txt	33334	1778758359488183684	false	
OUT.ABACUS/vxck1_nao.txt	33384	1778758359392416168	false	
OUT.ABACUS/vxck20_nao.txt	33342	1778758359493593099	false	
OUT.ABACUS/vxck21_nao.txt	32863	1778758359498906598	false	
OUT.ABACUS/vxck22_nao.txt	33335	1778758359504104389	false	
OUT.ABACUS/vxck23_nao.txt	33376	1778758359509360507	false	
OUT.ABACUS/vxck24_nao.txt	33377	1778758359514584924	false	
OUT.ABACUS/vxck25_nao.txt	33363	1778758359519835482	false	
OUT.ABACUS/vxck26_nao.txt	33359	1778758359525042375	false	
OUT.ABACUS/vxck27_nao.txt	33405	1778758359530180056	false	
OUT.ABACUS/vxck28_nao.txt	33417	1778758359535290881	false	
OUT.ABACUS/vxck29_nao.txt	33374	1778758359540675828	false	
OUT.ABACUS/vxck2_nao.txt	33376	1778758359397889719	false	
OUT.ABACUS/vxck30_nao.txt	33346	1778758359545338795	false	
OUT.ABACUS/vxck31_nao.txt	33383	1778758359550027980	false	
OUT.ABACUS/vxck32_nao.txt	33392	1778758359554721637	false	
OUT.ABACUS/vxck33_nao.txt	33391	1778758359559404458	false	
OUT.ABACUS/vxck34_nao.txt	33358	1778758359563625026	false	
OUT.ABACUS/vxck35_nao.txt	33358	1778758359568293582	false	
OUT.ABACUS/vxck36_nao.txt	33393	1778758359572972006	false	
OUT.ABACUS/vxck37_nao.txt	33372	1778758359577641509	false	
OUT.ABACUS/vxck38_nao.txt	33346	1778758359582076158	false	
OUT.ABACUS/vxck39_nao.txt	33382	1778758359586748734	false	
OUT.ABACUS/vxck3_nao.txt	33341	1778758359403436437	false	
OUT.ABACUS/vxck40_nao.txt	33380	1778758359591521711	false	
OUT.ABACUS/vxck41_nao.txt	33417	1778758359596230336	false	
OUT.ABACUS/vxck42_nao.txt	33358	1778758359600563037	false	
OUT.ABACUS/vxck43_nao.txt	33399	1778758359605282084	false	
OUT.ABACUS/vxck44_nao.txt	33394	1778758359610039711	false	
OUT.ABACUS/vxck45_nao.txt	33372	1778758359614728916	false	
OUT.ABACUS/vxck46_nao.txt	33343	1778758359619404395	false	
OUT.ABACUS/vxck47_nao.txt	33397	1778758359624129825	false	
OUT.ABACUS/vxck48_nao.txt	33392	1778758359628784350	false	
OUT.ABACUS/vxck49_nao.txt	33372	1778758359633462289	false	
OUT.ABACUS/vxck4_nao.txt	33385	1778758359408628221	false	
OUT.ABACUS/vxck50_nao.txt	33399	1778758359638061186	false	
OUT.ABACUS/vxck51_nao.txt	33420	1778758359643745663	false	
OUT.ABACUS/vxck52_nao.txt	33361	1778758359648453509	false	
OUT.ABACUS/vxck53_nao.txt	33393	1778758359652852665	false	
OUT.ABACUS/vxck54_nao.txt	33368	1778758359657553704	false	
OUT.ABACUS/vxck55_nao.txt	33391	1778758359662216951	false	
OUT.ABACUS/vxck56_nao.txt	33368	1778758359666868279	false	
OUT.ABACUS/vxck57_nao.txt	33391	1778758359671536827	false	
OUT.ABACUS/vxck58_nao.txt	33371	1778758359676182916	false	
OUT.ABACUS/vxck59_nao.txt	33407	1778758359680840562	false	
OUT.ABACUS/vxck5_nao.txt	33384	1778758359414265130	false	
OUT.ABACUS/vxck60_nao.txt	33399	1778758359685503316	false	
OUT.ABACUS/vxck61_nao.txt	33418	1778758359689951573	false	
OUT.ABACUS/vxck62_nao.txt	33372	1778758359694597646	false	
OUT.ABACUS/vxck63_nao.txt	33328	1778758359699220106	false	
OUT.ABACUS/vxck64_nao.txt	33352	1778758359703853666	false	
OUT.ABACUS/vxck65_nao.txt	33377	1778758359708482676	false	
OUT.ABACUS/vxck66_nao.txt	33412	1778758359713096037	false	
OUT.ABACUS/vxck67_nao.txt	33397	1778758359717707669	false	
OUT.ABACUS/vxck68_nao.txt	33350	1778758359722319873	false	
OUT.ABACUS/vxck69_nao.txt	33386	1778758359726664400	false	
OUT.ABACUS/vxck6_nao.txt	33352	1778758359419432600	false	
OUT.ABACUS/vxck70_nao.txt	33360	1778758359731281276	false	
OUT.ABACUS/vxck71_nao.txt	33355	1778758359735881279	false	
OUT.ABACUS/vxck72_nao.txt	33356	1778758359740515528	false	
OUT.ABACUS/vxck73_nao.txt	33326	1778758359745148243	false	
OUT.ABACUS/vxck74_nao.txt	33367	1778758359749769215	false	
OUT.ABACUS/vxck75_nao.txt	33367	1778758359754405741	false	
OUT.ABACUS/vxck76_nao.txt	33369	1778758359759035291	false	
OUT.ABACUS/vxck77_nao.txt	33404	1778758359763326772	false	
OUT.ABACUS/vxck78_nao.txt	33396	1778758359767954204	false	
OUT.ABACUS/vxck79_nao.txt	33400	1778758359772566075	false	
OUT.ABACUS/vxck7_nao.txt	33403	1778758359424770785	false	
OUT.ABACUS/vxck80_nao.txt	33344	1778758359777178097	false	
OUT.ABACUS/vxck81_nao.txt	33385	1778758359781744783	false	
OUT.ABACUS/vxck82_nao.txt	33389	1778758359786392193	false	
OUT.ABACUS/vxck83_nao.txt	33381	1778758359791039289	false	
OUT.ABACUS/vxck84_nao.txt	33354	1778758359795751320	false	
OUT.ABACUS/vxck85_nao.txt	33381	1778758359800117357	false	
OUT.ABACUS/vxck86_nao.txt	33379	1778758359804773056	false	
OUT.ABACUS/vxck87_nao.txt	33407	1778758359809428947	false	
OUT.ABACUS/vxck88_nao.txt	33386	1778758359814034386	false	
OUT.ABACUS/vxck89_nao.txt	33357	1778758359818652089	false	
OUT.ABACUS/vxck8_nao.txt	33382	1778758359430065932	false	
OUT.ABACUS/vxck90_nao.txt	33376	1778758359823098680	false	
OUT.ABACUS/vxck91_nao.txt	33372	1778758359827705419	false	
OUT.ABACUS/vxck92_nao.txt	33367	1778758359832173758	false	
OUT.ABACUS/vxck93_nao.txt	33375	1778758359836524223	false	
OUT.ABACUS/vxck94_nao.txt	33346	1778758359841402984	false	
OUT.ABACUS/vxck95_nao.txt	33402	1778758359846242946	false	
OUT.ABACUS/vxck96_nao.txt	33415	1778758359850741580	false	
OUT.ABACUS/vxck97_nao.txt	33377	1778758359855354652	false	
OUT.ABACUS/vxck98_nao.txt	33395	1778758359859818592	false	
OUT.ABACUS/vxck99_nao.txt	33363	1778758359864442723	false	
OUT.ABACUS/vxck9_nao.txt	33362	1778758359435359093	false	
OUT.ABACUS/warning.log	527	1778758357286466705	false	
OUT.ABACUS/wfk100_nao.txt	63062	1778758358656206137	false	
OUT.ABACUS/wfk101_nao.txt	63080	1778758358659253233	false	
OUT.ABACUS/wfk102_nao.txt	63067	1778758358662099422	false	
OUT.ABACUS/wfk103_nao.txt	63079	1778758358665084208	false	
OUT.ABACUS/wfk104_nao.txt	63090	1778758358668147679	false	
OUT.ABACUS/wfk105_nao.txt	63071	1778758358671126843	false	
OUT.ABACUS/wfk106_nao.txt	63040	1778758358673787030	false	
OUT.ABACUS/wfk107_nao.txt	63038	1778758358676775628	false	
OUT.ABACUS/wfk108_nao.txt	63061	1778758358679760372	false	
OUT.ABACUS/wfk109_nao.txt	63055	1778758358682728554	false	
OUT.ABACUS/wfk10_nao.txt	63042	1778758358394605614	false	
OUT.ABACUS/wfk110_nao.txt	63073	1778758358685736010	false	
OUT.ABACUS/wfk111_nao.txt	63073	1778758358688667535	false	
OUT.ABACUS/wfk112_nao.txt	63039	1778758358691726510	false	
OUT.ABACUS/wfk113_nao.txt	63032	1778758358694758373	false	
OUT.ABACUS/wfk114_nao.txt	63064	1778758358697399747	false	
OUT.ABACUS/wfk115_nao.txt	63075	1778758358700768013	false	
OUT.ABACUS/wfk116_nao.txt	63055	1778758358703661364	false	
OUT.ABACUS/wfk117_nao.txt	63051	1778758358706582246	false	
OUT.ABACUS/wfk118_nao.txt	63054	1778758358709536438	false	
OUT.ABACUS/wfk119_nao.txt	63052	1778758358712468434	false	
OUT.ABACUS/wfk11_nao.txt	63044	1778758358397546140	false	
OUT.ABACUS/wfk120_nao.txt	63118	1778758358715561183	false	
OUT.ABACUS/wfk121_nao.txt	62109	1778758358718441428	false	
OUT.ABACUS/wfk122_nao.txt	63069	1778758358721120603	false	
OUT.ABACUS/wfk123_nao.txt	63080	1778758358724073557	false	
OUT.ABACUS/wfk124_nao.txt	63070	1778758358727043108	false	
OUT.ABACUS/wfk125_nao.txt	63051	1778758358730070673	false	
OUT.ABACUS/wfk126_nao.txt	63052	1778758358733028781	false	
OUT.ABACUS/wfk127_nao.txt	63020	1778758358735997636	false	
OUT.ABACUS/wfk128_nao.txt	63065	1778758358739025786	false	
OUT.ABACUS/wfk129_nao.txt	63046	1778758358741986888	false	
OUT.ABACUS/wfk12_nao.txt	63048	1778758358400488915	false	
OUT.ABACUS/wfk130_nao.txt	63051	1778758358744784932	false	
OUT.ABACUS/wfk131_nao.txt	63061	1778758358747784638	false	
OUT.ABACUS/wfk132_nao.txt	63119	1778758358750752029	false	
OUT.ABACUS/wfk133_nao.txt	63066	1778758358753556264	false	
OUT.ABACUS/wfk134_nao.txt	63027	1778758358756584590	false	
OUT.ABACUS/wfk135_nao.txt	63035	1778758358759532710	false	
OUT.ABACUS/wfk136_nao.txt	63103	1778758358762564017	false	
OUT.ABACUS/wfk137_nao.txt	63089	1778758358765532306	false	
OUT.ABACUS/wfk138_nao.txt	63095	1778758358768141491	false	
OUT.ABACUS/wfk139_nao.txt	63056	1778758358771006150	false	
OUT.ABACUS/wfk13_nao.txt	63104	1778758358403421127	false	
OUT.ABACUS/wfk140_nao.txt	63080	1778758358773964572	false	
OUT.ABACUS/wfk141_nao.txt	63035	1778758358776977661	false	
OUT.ABACUS/wfk142_nao.txt	63043	1778758358779972921	false	
OUT.ABACUS/wfk143_nao.txt	63062	1778758358782979991	false	
OUT.ABACUS/wfk14_nao.txt	63078	1778758358405924282	false	
OUT.ABACUS/wfk15_nao.txt	63061	1778758358409050205	false	
OUT.ABACUS/wfk16_nao.txt	63050	1778758358412127746	false	
OUT.ABACUS/wfk17_nao.txt	63037	1778758358415089911	false	
OUT.ABACUS/wfk18_nao.txt	63063	1778758358417735985	false	
OUT.ABACUS/wfk19_nao.txt	63063	1778758358420690288	false	
OUT.ABACUS/wfk1_nao.txt	63041	1778758358368984569	false	
OUT.ABACUS/wfk20_nao.txt	63074	1778758358423663527	false	
OUT.ABACUS/wfk21_nao.txt	62108	1778758358426530278	false	
OUT.ABACUS/wfk22_nao.txt	63088	1778758358429194642	false	
OUT.ABACUS/wfk23_nao.txt	63038	1778758358432222046	false	
OUT.ABACUS/wfk24_nao.txt	63042	1778758358435288203	false	
OUT.ABACUS/wfk25_nao.txt	63068	1778758358438321756	false	
OUT.ABACUS/wfk26_nao.txt	63075	1778758358441058055	false	
OUT.ABACUS/wfk27_nao.txt	63052	1778758358444093187	false	
OUT.ABACUS/wfk28_nao.txt	63038	1778758358447111435	false	
OUT.ABACUS/wfk29_nao.txt	63076	1778758358450144916	false	
OUT.ABACUS/wfk2_nao.txt	63045	1778758358371695828	false	
OUT.ABACUS/wfk30_nao.txt	63055	1778758358452753746	false	
OUT.ABACUS/wfk31_nao.txt	63057	1778758358455771309	false	
OUT.ABACUS/wfk32_nao.txt	63056	1778758358458791633	false	
OUT.ABACUS/wfk33_nao.txt	63026	1778758358461824413	false	
OUT.ABACUS/wfk34_nao.txt	63072	1778758358464574732	false	
OUT.ABACUS/wfk35_nao.txt	63046	1778758358468910144	false	
OUT.ABACUS/wfk36_nao.txt	63054	1778758358471955438	false	
OUT.ABACUS/wfk37_nao.txt	63031	1778758358474954295	false	
OUT.ABACUS/wfk38_nao.txt	63006	1778758358477513910	false	
OUT.ABACUS/wfk39_nao.txt	63046	1778758358480521972	false	
OUT.ABACUS/wfk3_nao.txt	63044	1778758358374664417	false	
OUT.ABACUS/wfk40_nao.txt	63059	1778758358483549210	false	
OUT.ABACUS/wfk41_nao.txt	63061	1778758358486632165	false	
OUT.ABACUS/wfk42_nao.txt	63074	1778758358489291140	false	
OUT.ABACUS/wfk43_nao.txt	63056	1778758358492301028	false	
OUT.ABACUS/wfk44_nao.txt	63030	1778758358495307857	false	
OUT.ABACUS/wfk45_nao.txt	63063	1778758358498297160	false	
OUT.ABACUS/wfk46_nao.txt	63055	1778758358500943396	false	
OUT.ABACUS/wfk47_nao.txt	63038	1778758358503931047	false	
OUT.ABACUS/wfk48_nao.txt	63040	1778758358506933867	false	
OUT.ABACUS/wfk49_nao.txt	63030	1778758358509951354	false	
OUT.ABACUS/wfk4_nao.txt	63062	1778758358377621245	false	
OUT.ABACUS/wfk50_nao.txt	63039	1778758358512607676	false	
OUT.ABACUS/wfk51_nao.txt	63037	1778758358515614326	false	
OUT.ABACUS/wfk52_nao.txt	63052	1778758358518610649	false	
OUT.ABACUS/wfk53_nao.txt	63020	1778758358521592399	false	
OUT.ABACUS/wfk54_nao.txt	63061	1778758358524195843	false	
OUT.ABACUS/wfk55_nao.txt	63049	1778758358527179739	false	
OUT.ABACUS/wfk56_nao.txt	63057	1778758358530179734	false	
OUT.ABACUS/wfk57_nao.txt	63037	1778758358533175908	false	
OUT.ABACUS/wfk58_nao.txt	63039	1778758358535868535	false	
OUT.ABACUS/wfk59_nao.txt	63042	1778758358538870149	false	
OUT.ABACUS/wfk5_nao.txt	63018	1778758358380559176	false	
OUT.ABACUS/wfk60_nao.txt	63050	1778758358541863131	false	
OUT.ABACUS/wfk61_nao.txt	63034	1778758358544881250	false	
OUT.ABACUS/wfk62_nao.txt	63057	1778758358547324903	false	
OUT.ABACUS/wfk63_nao.txt	63078	1778758358550227717	false	
OUT.ABACUS/wfk64_nao.txt	63043	1778758358553143027	false	
OUT.ABACUS/wfk65_nao.txt	63041	1778758358556050860	false	
OUT.ABACUS/wfk66_nao.txt	63051	1778758358558653796	false	
OUT.ABACUS/wfk67_nao.txt	63104	1778758358561511257	false	
OUT.ABACUS/wfk68_nao.txt	63078	1778758358564305236	false	
OUT.ABACUS/wfk69_nao.txt	63056	1778758358567126603	false	
OUT.ABACUS/wfk6_nao.txt	63056	1778758358383096968	false	
OUT.ABACUS/wfk70_nao.txt	63028	1778758358569687718	false	
OUT.ABACUS/wfk71_nao.txt	63095	1778758358572474293	false	
OUT.ABACUS/wfk72_nao.txt	63089	1778758358575343143	false	
OUT.ABACUS/wfk73_nao.txt	63015	1778758358578173083	false	
OUT.ABACUS/wfk74_nao.txt	63031	1778758358581535030	false	
OUT.ABACUS/wfk75_nao.txt	63068	1778758358584306123	false	
OUT.ABACUS/wfk76_nao.txt	63082	1778758358587097899	false	
OUT.ABACUS/wfk77_nao.txt	63081	1778758358589977520	false	
OUT.ABACUS/wfk78_nao.txt	63044	1778758358592475190	false	
OUT.ABACUS/wfk79_nao.txt	63034	1778758358595262570	false	
OUT.ABACUS/wfk7_nao.txt	63075	1778758358386032205	false	
OUT.ABACUS/wfk80_nao.txt	63089	1778758358598122446	false	
OUT.ABACUS/wfk81_nao.txt	63042	1778758358601129882	false	
OUT.ABACUS/wfk82_nao.txt	63057	1778758358603841974	false	
OUT.ABACUS/wfk83_nao.txt	63078	1778758358606689578	false	
OUT.ABACUS/wfk84_nao.txt	63064	1778758358609640244	false	
OUT.ABACUS/wfk85_nao.txt	63069	1778758358612564011	false	
OUT.ABACUS/wfk86_nao.txt	63102	1778758358615254541	false	
OUT.ABACUS/wfk87_nao.txt	63128	1778758358618286888	false	
OUT.ABACUS/wfk88_nao.txt	63079	1778758358621310068	false	
OUT.ABACUS/wfk89_nao.txt	63118	1778758358624269254	false	
OUT.ABACUS/wfk8_nao.txt	63056	1778758358388989530	false	
OUT.ABACUS/wfk90_nao.txt	63054	1778758358626968106	false	
OUT.ABACUS/wfk91_nao.txt	63084	1778758358629891597	false	
OUT.ABACUS/wfk92_nao.txt	63061	1778758358632830271	false	
OUT.ABACUS/wfk93_nao.txt	63045	1778758358635756784	false	
OUT.ABACUS/wfk94_nao.txt	63056	1778758358638697189	false	
OUT.ABACUS/wfk95_nao.txt	63097	1778758358641620496	false	
OUT.ABACUS/wfk96_nao.txt	63042	1778758358644627059	false	
OUT.ABACUS/wfk97_nao.txt	63078	1778758358647575780	false	
OUT.ABACUS/wfk98_nao.txt	63094	1778758358650229758	false	
OUT.ABACUS/wfk99_nao.txt	63095	1778758358653164028	false	
OUT.ABACUS/wfk9_nao.txt	63061	1778758358391932632	false	
OUT.ABACUS_scf/ABACUS-CHARGE-DENSITY.restart	1321240	1778753977912379393	false	
OUT.ABACUS_scf/INPUT.info	41732	1778753971236828162	false	
OUT.ABACUS_scf/KPT.info	47480	1778753972264079188	false	
OUT.ABACUS_scf/STRU.cif	767	1778753972135852849	false	
OUT.ABACUS_scf/Vxc_R_spin0.csr	2961561	1778754491894649701	false	
OUT.ABACUS_scf/chg.cube	1601211	1778753977987551067	false	
OUT.ABACUS_scf/eig_occ.txt	54233	1778753977998228442	false	
OUT.ABACUS_scf/hrs1_nao.csr	4919612	1778753978288910952	false	
OUT.ABACUS_scf/irreducible_sector.txt	6359	1778754440731029000	false	
OUT.ABACUS_scf/rr.csr	8255982	1778753981057664636	false	
OUT.ABACUS_scf/running_scf.log	31708	1778754491906350644	false	
OUT.ABACUS_scf/srs1_nao.csr	2673846	1778753978288586199	false	
OUT.ABACUS_scf/symrot_R.txt	2149112	1778754440946975781	false	
OUT.ABACUS_scf/symrot_abf_k.txt	45615893	1778754442385538768	false	
OUT.ABACUS_scf/symrot_k.txt	1758323	1778754441002335688	false	
OUT.ABACUS_scf/vxc_out.dat	61256	1778754491614769349	false	
OUT.ABACUS_scf/vxck10_nao.txt	33368	1778754491511712087	false	
OUT.ABACUS_scf/vxck11_nao.txt	33364	1778754491516976815	false	
OUT.ABACUS_scf/vxck12_nao.txt	33383	1778754491522352426	false	
OUT.ABACUS_scf/vxck13_nao.txt	33363	1778754491527691560	false	
OUT.ABACUS_scf/vxck14_nao.txt	33381	1778754491532985753	false	
OUT.ABACUS_scf/vxck15_nao.txt	33336	1778754491538516069	false	
OUT.ABACUS_scf/vxck16_nao.txt	33366	1778754491543791257	false	
OUT.ABACUS_scf/vxck17_nao.txt	33344	1778754491549022366	false	
OUT.ABACUS_scf/vxck18_nao.txt	33372	1778754491554883947	false	
OUT.ABACUS_scf/vxck19_nao.txt	33366	1778754491560090273	false	
OUT.ABACUS_scf/vxck1_nao.txt	32877	1778754491463565347	false	
OUT.ABACUS_scf/vxck20_nao.txt	33374	1778754491565398744	false	
OUT.ABACUS_scf/vxck21_nao.txt	33368	1778754491570646962	false	
OUT.ABACUS_scf/vxck22_nao.txt	33345	1778754491575896950	false	
OUT.ABACUS_scf/vxck23_nao.txt	33344	1778754491581037240	false	
OUT.ABACUS_scf/vxck24_nao.txt	33355	1778754491585978665	false	
OUT.ABACUS_scf/vxck25_nao.txt	33396	1778754491591126606	false	
OUT.ABACUS_scf/vxck26_nao.txt	33335	1778754491596280278	false	
OUT.ABACUS_scf/vxck27_nao.txt	33396	1778754491601295377	false	
OUT.ABACUS_scf/vxck28_nao.txt	33365	1778754491606462865	false	
OUT.ABACUS_scf/vxck29_nao.txt	33338	1778754491611669362	false	
OUT.ABACUS_scf/vxck2_nao.txt	33409	1778754491468993293	false	
OUT.ABACUS_scf/vxck3_nao.txt	33358	1778754491474385186	false	
OUT.ABACUS_scf/vxck4_nao.txt	33397	1778754491479753703	false	
OUT.ABACUS_scf/vxck5_nao.txt	33372	1778754491485073734	false	
OUT.ABACUS_scf/vxck6_nao.txt	33382	1778754491490444778	false	
OUT.ABACUS_scf/vxck7_nao.txt	33377	1778754491495700449	false	
OUT.ABACUS_scf/vxck8_nao.txt	33409	1778754491501058648	false	
OUT.ABACUS_scf/vxck9_nao.txt	33389	1778754491506386283	false	
OUT.ABACUS_scf/warning.log	2377	1778753977916522501	false	
Out/running.log	64	1778758190573744471	false	
QSGW_band_spin_1_1.dat	196053	1778763193132964188	false	
QSGW_band_spin_1_2.dat	196053	1778780292297545944	false	
STRU	453	1778751343686716078	false	
Si_3s3p2d1f1g_pca1e-6.abfs	1289208	1778751344013886260	false	
Si_ONCV_PBE-1.0.upf	91247	1778751343922058000	false	
Si_gga_8au_100Ry_3s3p2d.orb	148948	1778751343989948000	false	
abacus_qsgw_adapter.py	12469	1778751344427632000	false	
band_KS_eigenvalue_k_00001.txt	4444	1778758361995091000	false	
band_KS_eigenvalue_k_00002.txt	4444	1778758361997635000	false	
band_KS_eigenvalue_k_00003.txt	4444	1778758362000200000	false	
band_KS_eigenvalue_k_00004.txt	4444	1778758362002611000	false	
band_KS_eigenvalue_k_00005.txt	4444	1778758362004982000	false	
band_KS_eigenvalue_k_00006.txt	4444	1778758362007225000	false	
band_KS_eigenvalue_k_00007.txt	4444	1778758362009512000	false	
band_KS_eigenvalue_k_00008.txt	4444	1778758362011590000	false	
band_KS_eigenvalue_k_00009.txt	4444	1778758362013791000	false	
band_KS_eigenvalue_k_00010.txt	4444	1778758362016205000	false	
band_KS_eigenvalue_k_00011.txt	4444	1778758362018940000	false	
band_KS_eigenvalue_k_00012.txt	4444	1778758362021532000	false	
band_KS_eigenvalue_k_00013.txt	4444	1778758362023534000	false	
band_KS_eigenvalue_k_00014.txt	4444	1778758362025575000	false	
band_KS_eigenvalue_k_00015.txt	4444	1778758362027781000	false	
band_KS_eigenvalue_k_00016.txt	4444	1778758362029832000	false	
band_KS_eigenvalue_k_00017.txt	4444	1778758362032329000	false	
band_KS_eigenvalue_k_00018.txt	4444	1778758362034606000	false	
band_KS_eigenvalue_k_00019.txt	4444	1778758362036846000	false	
band_KS_eigenvalue_k_00020.txt	4444	1778758362038979000	false	
band_KS_eigenvalue_k_00021.txt	4444	1778758362041730000	false	
band_KS_eigenvalue_k_00022.txt	4444	1778758362044026000	false	
band_KS_eigenvalue_k_00023.txt	4444	1778758362046189000	false	
band_KS_eigenvalue_k_00024.txt	4444	1778758362048302000	false	
band_KS_eigenvalue_k_00025.txt	4444	1778758362050541000	false	
band_KS_eigenvalue_k_00026.txt	4444	1778758362053209000	false	
band_KS_eigenvalue_k_00027.txt	4444	1778758362056197000	false	
band_KS_eigenvalue_k_00028.txt	4444	1778758362059149000	false	
band_KS_eigenvalue_k_00029.txt	4444	1778758362061322000	false	
band_KS_eigenvalue_k_00030.txt	4444	1778758362064159000	false	
band_KS_eigenvalue_k_00031.txt	4444	1778758362066094000	false	
band_KS_eigenvalue_k_00032.txt	4444	1778758362068229000	false	
band_KS_eigenvalue_k_00033.txt	4444	1778758362071239000	false	
band_KS_eigenvalue_k_00034.txt	4444	1778758362074189000	false	
band_KS_eigenvalue_k_00035.txt	4444	1778758362076336000	false	
band_KS_eigenvalue_k_00036.txt	4444	1778758362078651000	false	
band_KS_eigenvalue_k_00037.txt	4444	1778758362082051000	false	
band_KS_eigenvalue_k_00038.txt	4444	1778758362084548000	false	
band_KS_eigenvalue_k_00039.txt	4444	1778758362086859000	false	
band_KS_eigenvalue_k_00040.txt	4444	1778758362088891000	false	
band_KS_eigenvalue_k_00041.txt	4444	1778758362092381000	false	
band_KS_eigenvalue_k_00042.txt	4444	1778758362094625000	false	
band_KS_eigenvalue_k_00043.txt	4444	1778758362097397000	false	
band_KS_eigenvalue_k_00044.txt	4444	1778758362099758000	false	
band_KS_eigenvalue_k_00045.txt	4444	1778758362102125000	false	
band_KS_eigenvalue_k_00046.txt	4444	1778758362103841000	false	
band_KS_eigenvalue_k_00047.txt	4444	1778758362105804000	false	
band_KS_eigenvalue_k_00048.txt	4444	1778758362109584000	false	
band_KS_eigenvalue_k_00049.txt	4444	1778758362111262000	false	
band_KS_eigenvalue_k_00050.txt	4444	1778758362113152000	false	
band_KS_eigenvalue_k_00051.txt	4444	1778758362114748000	false	
band_KS_eigenvalue_k_00052.txt	4444	1778758362116677000	false	
band_KS_eigenvalue_k_00053.txt	4444	1778758362118490000	false	
band_KS_eigenvalue_k_00054.txt	4444	1778758362120398000	false	
band_KS_eigenvalue_k_00055.txt	4444	1778758362122201000	false	
band_KS_eigenvalue_k_00056.txt	4444	1778758362130319000	false	
band_KS_eigenvalue_k_00057.txt	4444	1778758362132702000	false	
band_KS_eigenvalue_k_00058.txt	4444	1778758362134552000	false	
band_KS_eigenvalue_k_00059.txt	4444	1778758362136202000	false	
band_KS_eigenvalue_k_00060.txt	4444	1778758362138133000	false	
band_KS_eigenvalue_k_00061.txt	4444	1778758362139659000	false	
band_KS_eigenvalue_k_00062.txt	4444	1778758362141538000	false	
band_KS_eigenvalue_k_00063.txt	4444	1778758362143338000	false	
band_KS_eigenvalue_k_00064.txt	4444	1778758362145228000	false	
band_KS_eigenvalue_k_00065.txt	4444	1778758362146886000	false	
band_KS_eigenvalue_k_00066.txt	4444	1778758362148468000	false	
band_KS_eigenvalue_k_00067.txt	4444	1778758362150263000	false	
band_KS_eigenvalue_k_00068.txt	4444	1778758362152154000	false	
band_KS_eigenvalue_k_00069.txt	4444	1778758362154022000	false	
band_KS_eigenvalue_k_00070.txt	4444	1778758362155906000	false	
band_KS_eigenvalue_k_00071.txt	4444	1778758362157622000	false	
band_KS_eigenvalue_k_00072.txt	4444	1778758362159446000	false	
band_KS_eigenvalue_k_00073.txt	4444	1778758362161129000	false	
band_KS_eigenvalue_k_00074.txt	4444	1778758362163017000	false	
band_KS_eigenvalue_k_00075.txt	4444	1778758362164702000	false	
band_KS_eigenvalue_k_00076.txt	4444	1778758362166592000	false	
band_KS_eigenvalue_k_00077.txt	4444	1778758362168483000	false	
band_KS_eigenvalue_k_00078.txt	4444	1778758362170371000	false	
band_KS_eigenvalue_k_00079.txt	4444	1778758362172192000	false	
band_KS_eigenvalue_k_00080.txt	4444	1778758362174055000	false	
band_KS_eigenvalue_k_00081.txt	4444	1778758362176856000	false	
band_KS_eigenvalue_k_00082.txt	4444	1778758362178561000	false	
band_KS_eigenvalue_k_00083.txt	4444	1778758362180194000	false	
band_KS_eigenvalue_k_00084.txt	4444	1778758362181879000	false	
band_KS_eigenvalue_k_00085.txt	4444	1778758362183737000	false	
band_KS_eigenvalue_k_00086.txt	4444	1778758362185679000	false	
band_KS_eigenvalue_k_00087.txt	4444	1778758362187306000	false	
band_KS_eigenvalue_k_00088.txt	4444	1778758362189195000	false	
band_KS_eigenvalue_k_00089.txt	4444	1778758362191088000	false	
band_KS_eigenvalue_k_00090.txt	4444	1778758362192945000	false	
band_KS_eigenvalue_k_00091.txt	4444	1778758362194594000	false	
band_KS_eigenvalue_k_00092.txt	4444	1778758362196621000	false	
band_KS_eigenvalue_k_00093.txt	4444	1778758362198307000	false	
band_KS_eigenvalue_k_00094.txt	4444	1778758362200204000	false	
band_KS_eigenvalue_k_00095.txt	4444	1778758362202085000	false	
band_KS_eigenvalue_k_00096.txt	4444	1778758362203946000	false	
band_KS_eigenvalue_k_00097.txt	4444	1778758362206145000	false	
band_KS_eigenvalue_k_00098.txt	4444	1778758362207937000	false	
band_KS_eigenvalue_k_00099.txt	4444	1778758362209724000	false	
band_KS_eigenvalue_k_00100.txt	4444	1778758362211580000	false	
band_KS_eigenvalue_k_00101.txt	4444	1778758362213559000	false	
band_KS_eigenvalue_k_00102.txt	4444	1778758362215279000	false	
band_KS_eigenvalue_k_00103.txt	4444	1778758362216963000	false	
band_KS_eigenvalue_k_00104.txt	4444	1778758362218839000	false	
band_KS_eigenvalue_k_00105.txt	4444	1778758362220798000	false	
band_KS_eigenvalue_k_00106.txt	4444	1778758362222709000	false	
band_KS_eigenvalue_k_00107.txt	4444	1778758362224540000	false	
band_KS_eigenvalue_k_00108.txt	4444	1778758362226465000	false	
band_KS_eigenvalue_k_00109.txt	4444	1778758362228212000	false	
band_KS_eigenvalue_k_00110.txt	4444	1778758362230108000	false	
band_KS_eigenvalue_k_00111.txt	4444	1778758362232374000	false	
band_KS_eigenvalue_k_00112.txt	4444	1778758362237525000	false	
band_KS_eigenvalue_k_00113.txt	4444	1778758362239335000	false	
band_KS_eigenvalue_k_00114.txt	4444	1778758362241272000	false	
band_KS_eigenvalue_k_00115.txt	4444	1778758362243169000	false	
band_KS_eigenvalue_k_00116.txt	4444	1778758362245085000	false	
band_KS_eigenvalue_k_00117.txt	4444	1778758362246812000	false	
band_KS_eigenvalue_k_00118.txt	4444	1778758362248770000	false	
band_KS_eigenvalue_k_00119.txt	4444	1778758362250437000	false	
band_KS_eigenvalue_k_00120.txt	4444	1778758362252337000	false	
band_KS_eigenvalue_k_00121.txt	4444	1778758362254741000	false	
band_KS_eigenvalue_k_00122.txt	4444	1778758362256516000	false	
band_KS_eigenvalue_k_00123.txt	4444	1778758362258179000	false	
band_KS_eigenvalue_k_00124.txt	4444	1778758362260205000	false	
band_KS_eigenvalue_k_00125.txt	4444	1778758362261848000	false	
band_KS_eigenvalue_k_00126.txt	4444	1778758362263700000	false	
band_KS_eigenvalue_k_00127.txt	4444	1778758362265558000	false	
band_KS_eigenvalue_k_00128.txt	4444	1778758362267204000	false	
band_KS_eigenvalue_k_00129.txt	4444	1778758362269167000	false	
band_KS_eigenvalue_k_00130.txt	4444	1778758362270972000	false	
band_KS_eigenvalue_k_00131.txt	4444	1778758362272717000	false	
band_KS_eigenvalue_k_00132.txt	4444	1778758362274598000	false	
band_KS_eigenvalue_k_00133.txt	4444	1778758362276263000	false	
band_KS_eigenvalue_k_00134.txt	4444	1778758362278073000	false	
band_KS_eigenvalue_k_00135.txt	4444	1778758362279889000	false	
band_KS_eigenvalue_k_00136.txt	4444	1778758362281582000	false	
band_KS_eigenvalue_k_00137.txt	4444	1778758362283511000	false	
band_KS_eigenvalue_k_00138.txt	4444	1778758362285259000	false	
band_KS_eigenvalue_k_00139.txt	4444	1778758362286948000	false	
band_KS_eigenvalue_k_00140.txt	4444	1778758362288922000	false	
band_KS_eigenvalue_k_00141.txt	4444	1778758362290519000	false	
band_KS_eigenvalue_k_00142.txt	4444	1778758362292644000	false	
band_KS_eigenvalue_k_00143.txt	4444	1778758362294674000	false	
band_KS_eigenvector_k_00001.txt	30976	1778758361995508000	false	
band_KS_eigenvector_k_00002.txt	30976	1778758361998005000	false	
band_KS_eigenvector_k_00003.txt	30976	1778758362000558000	false	
band_KS_eigenvector_k_00004.txt	30976	1778758362003104000	false	
band_KS_eigenvector_k_00005.txt	30976	1778758362005459000	false	
band_KS_eigenvector_k_00006.txt	30976	1778758362007580000	false	
band_KS_eigenvector_k_00007.txt	30976	1778758362009989000	false	
band_KS_eigenvector_k_00008.txt	30976	1778758362012090000	false	
band_KS_eigenvector_k_00009.txt	30976	1778758362014083000	false	
band_KS_eigenvector_k_00010.txt	30976	1778758362016720000	false	
band_KS_eigenvector_k_00011.txt	30976	1778758362019511000	false	
band_KS_eigenvector_k_00012.txt	30976	1778758362021826000	false	
band_KS_eigenvector_k_00013.txt	30976	1778758362023833000	false	
band_KS_eigenvector_k_00014.txt	30976	1778758362025873000	false	
band_KS_eigenvector_k_00015.txt	30976	1778758362028179000	false	
band_KS_eigenvector_k_00016.txt	30976	1778758362030341000	false	
band_KS_eigenvector_k_00017.txt	30976	1778758362032831000	false	
band_KS_eigenvector_k_00018.txt	30976	1778758362034898000	false	
band_KS_eigenvector_k_00019.txt	30976	1778758362037285000	false	
band_KS_eigenvector_k_00020.txt	30976	1778758362039477000	false	
band_KS_eigenvector_k_00021.txt	30976	1778758362042237000	false	
band_KS_eigenvector_k_00022.txt	30976	1778758362044523000	false	
band_KS_eigenvector_k_00023.txt	30976	1778758362046562000	false	
band_KS_eigenvector_k_00024.txt	30976	1778758362048787000	false	
band_KS_eigenvector_k_00025.txt	30976	1778758362051061000	false	
band_KS_eigenvector_k_00026.txt	30976	1778758362053577000	false	
band_KS_eigenvector_k_00027.txt	30976	1778758362056718000	false	
band_KS_eigenvector_k_00028.txt	30976	1778758362059602000	false	
band_KS_eigenvector_k_00029.txt	30976	1778758362062091000	false	
band_KS_eigenvector_k_00030.txt	30976	1778758362064560000	false	
band_KS_eigenvector_k_00031.txt	30976	1778758362066373000	false	
band_KS_eigenvector_k_00032.txt	30976	1778758362068747000	false	
band_KS_eigenvector_k_00033.txt	30976	1778758362071739000	false	
band_KS_eigenvector_k_00034.txt	30976	1778758362074646000	false	
band_KS_eigenvector_k_00035.txt	30976	1778758362076614000	false	
band_KS_eigenvector_k_00036.txt	30976	1778758362079432000	false	
band_KS_eigenvector_k_00037.txt	30976	1778758362082844000	false	
band_KS_eigenvector_k_00038.txt	30976	1778758362085043000	false	
band_KS_eigenvector_k_00039.txt	30976	1778758362087363000	false	
band_KS_eigenvector_k_00040.txt	30976	1778758362089370000	false	
band_KS_eigenvector_k_00041.txt	30976	1778758362092858000	false	
band_KS_eigenvector_k_00042.txt	30976	1778758362095103000	false	
band_KS_eigenvector_k_00043.txt	30976	1778758362097914000	false	
band_KS_eigenvector_k_00044.txt	30976	1778758362100238000	false	
band_KS_eigenvector_k_00045.txt	30976	1778758362102411000	false	
band_KS_eigenvector_k_00046.txt	30976	1778758362104327000	false	
band_KS_eigenvector_k_00047.txt	30976	1778758362106296000	false	
band_KS_eigenvector_k_00048.txt	30976	1778758362109832000	false	
band_KS_eigenvector_k_00049.txt	30976	1778758362111500000	false	
band_KS_eigenvector_k_00050.txt	30976	1778758362113369000	false	
band_KS_eigenvector_k_00051.txt	30976	1778758362114964000	false	
band_KS_eigenvector_k_00052.txt	30976	1778758362116892000	false	
band_KS_eigenvector_k_00053.txt	30976	1778758362118703000	false	
band_KS_eigenvector_k_00054.txt	30976	1778758362120615000	false	
band_KS_eigenvector_k_00055.txt	30976	1778758362128806000	false	
band_KS_eigenvector_k_00056.txt	30976	1778758362130551000	false	
band_KS_eigenvector_k_00057.txt	30976	1778758362132928000	false	
band_KS_eigenvector_k_00058.txt	30976	1778758362134776000	false	
band_KS_eigenvector_k_00059.txt	30976	1778758362136423000	false	
band_KS_eigenvector_k_00060.txt	30976	1778758362138346000	false	
band_KS_eigenvector_k_00061.txt	30976	1778758362139897000	false	
band_KS_eigenvector_k_00062.txt	30976	1778758362141761000	false	
band_KS_eigenvector_k_00063.txt	30976	1778758362143553000	false	
band_KS_eigenvector_k_00064.txt	30976	1778758362145441000	false	
band_KS_eigenvector_k_00065.txt	30976	1778758362147125000	false	
band_KS_eigenvector_k_00066.txt	30976	1778758362148693000	false	
band_KS_eigenvector_k_00067.txt	30976	1778758362150476000	false	
band_KS_eigenvector_k_00068.txt	30976	1778758362152365000	false	
band_KS_eigenvector_k_00069.txt	30976	1778758362154262000	false	
band_KS_eigenvector_k_00070.txt	30976	1778758362156124000	false	
band_KS_eigenvector_k_00071.txt	30976	1778758362157845000	false	
band_KS_eigenvector_k_00072.txt	30976	1778758362159662000	false	
band_KS_eigenvector_k_00073.txt	30976	1778758362161374000	false	
band_KS_eigenvector_k_00074.txt	30976	1778758362163239000	false	
band_KS_eigenvector_k_00075.txt	30976	1778758362164914000	false	
band_KS_eigenvector_k_00076.txt	30976	1778758362166801000	false	
band_KS_eigenvector_k_00077.txt	30976	1778758362168721000	false	
band_KS_eigenvector_k_00078.txt	30976	1778758362170607000	false	
band_KS_eigenvector_k_00079.txt	30976	1778758362172405000	false	
band_KS_eigenvector_k_00080.txt	30976	1778758362174266000	false	
band_KS_eigenvector_k_00081.txt	30976	1778758362177093000	false	
band_KS_eigenvector_k_00082.txt	30976	1778758362178787000	false	
band_KS_eigenvector_k_00083.txt	30976	1778758362180410000	false	
band_KS_eigenvector_k_00084.txt	30976	1778758362182092000	false	
band_KS_eigenvector_k_00085.txt	30976	1778758362183978000	false	
band_KS_eigenvector_k_00086.txt	30976	1778758362185902000	false	
band_KS_eigenvector_k_00087.txt	30976	1778758362187523000	false	
band_KS_eigenvector_k_00088.txt	30976	1778758362189409000	false	
band_KS_eigenvector_k_00089.txt	30976	1778758362191326000	false	
band_KS_eigenvector_k_00090.txt	30976	1778758362193169000	false	
band_KS_eigenvector_k_00091.txt	30976	1778758362194808000	false	
band_KS_eigenvector_k_00092.txt	30976	1778758362196833000	false	
band_KS_eigenvector_k_00093.txt	30976	1778758362198564000	false	
band_KS_eigenvector_k_00094.txt	30976	1778758362200424000	false	
band_KS_eigenvector_k_00095.txt	30976	1778758362202296000	false	
band_KS_eigenvector_k_00096.txt	30976	1778758362204155000	false	
band_KS_eigenvector_k_00097.txt	30976	1778758362206387000	false	
band_KS_eigenvector_k_00098.txt	30976	1778758362208158000	false	
band_KS_eigenvector_k_00099.txt	30976	1778758362209935000	false	
band_KS_eigenvector_k_00100.txt	30976	1778758362211793000	false	
band_KS_eigenvector_k_00101.txt	30976	1778758362213802000	false	
band_KS_eigenvector_k_00102.txt	30976	1778758362215507000	false	
band_KS_eigenvector_k_00103.txt	30976	1778758362217173000	false	
band_KS_eigenvector_k_00104.txt	30976	1778758362219048000	false	
band_KS_eigenvector_k_00105.txt	30976	1778758362221035000	false	
band_KS_eigenvector_k_00106.txt	30976	1778758362222930000	false	
band_KS_eigenvector_k_00107.txt	30976	1778758362224754000	false	
band_KS_eigenvector_k_00108.txt	30976	1778758362226681000	false	
band_KS_eigenvector_k_00109.txt	30976	1778758362228439000	false	
band_KS_eigenvector_k_00110.txt	30976	1778758362230328000	false	
band_KS_eigenvector_k_00111.txt	30976	1778758362235861000	false	
band_KS_eigenvector_k_00112.txt	30976	1778758362237744000	false	
band_KS_eigenvector_k_00113.txt	30976	1778758362239589000	false	
band_KS_eigenvector_k_00114.txt	30976	1778758362241507000	false	
band_KS_eigenvector_k_00115.txt	30976	1778758362243381000	false	
band_KS_eigenvector_k_00116.txt	30976	1778758362245301000	false	
band_KS_eigenvector_k_00117.txt	30976	1778758362247049000	false	
band_KS_eigenvector_k_00118.txt	30976	1778758362248996000	false	
band_KS_eigenvector_k_00119.txt	30976	1778758362250657000	false	
band_KS_eigenvector_k_00120.txt	30976	1778758362252554000	false	
band_KS_eigenvector_k_00121.txt	30976	1778758362254976000	false	
band_KS_eigenvector_k_00122.txt	30976	1778758362256751000	false	
band_KS_eigenvector_k_00123.txt	30976	1778758362258400000	false	
band_KS_eigenvector_k_00124.txt	30976	1778758362260417000	false	
band_KS_eigenvector_k_00125.txt	30976	1778758362262087000	false	
band_KS_eigenvector_k_00126.txt	30976	1778758362263923000	false	
band_KS_eigenvector_k_00127.txt	30976	1778758362265781000	false	
band_KS_eigenvector_k_00128.txt	30976	1778758362267427000	false	
band_KS_eigenvector_k_00129.txt	30976	1778758362269391000	false	
band_KS_eigenvector_k_00130.txt	30976	1778758362271196000	false	
band_KS_eigenvector_k_00131.txt	30976	1778758362272930000	false	
band_KS_eigenvector_k_00132.txt	30976	1778758362274809000	false	
band_KS_eigenvector_k_00133.txt	30976	1778758362276508000	false	
band_KS_eigenvector_k_00134.txt	30976	1778758362278293000	false	
band_KS_eigenvector_k_00135.txt	30976	1778758362280097000	false	
band_KS_eigenvector_k_00136.txt	30976	1778758362281796000	false	
band_KS_eigenvector_k_00137.txt	30976	1778758362283746000	false	
band_KS_eigenvector_k_00138.txt	30976	1778758362285487000	false	
band_KS_eigenvector_k_00139.txt	30976	1778758362287159000	false	
band_KS_eigenvector_k_00140.txt	30976	1778758362289133000	false	
band_KS_eigenvector_k_00141.txt	30976	1778758362290760000	false	
band_KS_eigenvector_k_00142.txt	30976	1778758362292868000	false	
band_KS_eigenvector_k_00143.txt	30976	1778758362294883000	false	
band_kpath_info	7890	1778758362295211000	false	
band_out	97364	1778760334154335000	false	
band_sk100_nao.txt	33349	1778760331435676000	false	
band_sk101_nao.txt	33312	1778760331454898000	false	
band_sk102_nao.txt	33288	1778760331474353000	false	
band_sk103_nao.txt	33310	1778760331492949000	false	
band_sk104_nao.txt	33306	1778760331512375000	false	
band_sk105_nao.txt	33320	1778760331531252000	false	
band_sk106_nao.txt	33314	1778760331550427000	false	
band_sk107_nao.txt	33312	1778760331569185000	false	
band_sk108_nao.txt	33324	1778760331587547000	false	
band_sk109_nao.txt	33280	1778760331606276000	false	
band_sk10_nao.txt	33324	1778760331624504000	false	
band_sk110_nao.txt	33354	1778760331643463000	false	
band_sk111_nao.txt	33330	1778760331662021000	false	
band_sk112_nao.txt	33286	1778760331681018000	false	
band_sk113_nao.txt	33304	1778760331700019000	false	
band_sk114_nao.txt	33312	1778760331718392000	false	
band_sk115_nao.txt	33316	1778760331736467000	false	
band_sk116_nao.txt	33348	1778760331755423000	false	
band_sk117_nao.txt	33344	1778760331774268000	false	
band_sk118_nao.txt	33324	1778760331793454000	false	
band_sk119_nao.txt	33310	1778760331812264000	false	
band_sk11_nao.txt	33330	1778760331830547000	false	
band_sk120_nao.txt	33306	1778760331849506000	false	
band_sk121_nao.txt	32846	1778760331868455000	false	
band_sk122_nao.txt	33358	1778760331887419000	false	
band_sk123_nao.txt	33358	1778760331905586000	false	
band_sk124_nao.txt	33356	1778760331924778000	false	
band_sk125_nao.txt	33334	1778760331944017000	false	
band_sk126_nao.txt	33342	1778760331962890000	false	
band_sk127_nao.txt	33344	1778760331981399000	false	
band_sk128_nao.txt	33362	1778760332000198000	false	
band_sk129_nao.txt	33360	1778760332018891000	false	
band_sk12_nao.txt	33342	1778760332037885000	false	
band_sk130_nao.txt	33338	1778760332056923000	false	
band_sk131_nao.txt	33334	1778760332076057000	false	
band_sk132_nao.txt	33336	1778760332095169000	false	
band_sk133_nao.txt	33328	1778760332114524000	false	
band_sk134_nao.txt	33324	1778760332133415000	false	
band_sk135_nao.txt	33358	1778760332152124000	false	
band_sk136_nao.txt	33346	1778760332171056000	false	
band_sk137_nao.txt	33334	1778760332189903000	false	
band_sk138_nao.txt	33360	1778760332208710000	false	
band_sk139_nao.txt	33364	1778760332227783000	false	
band_sk13_nao.txt	33322	1778760332246476000	false	
band_sk140_nao.txt	33360	1778760332265814000	false	
band_sk141_nao.txt	33312	1778760332284914000	false	
band_sk142_nao.txt	33313	1778760332303614000	false	
band_sk143_nao.txt	33310	1778760332322962000	false	
band_sk14_nao.txt	33315	1778760332341599000	false	
band_sk15_nao.txt	33273	1778760332360185000	false	
band_sk16_nao.txt	33327	1778760332379141000	false	
band_sk17_nao.txt	33303	1778760332397543000	false	
band_sk18_nao.txt	33337	1778760332416340000	false	
band_sk19_nao.txt	33321	1778760332435085000	false	
band_sk1_nao.txt	33311	1778760332454416000	false	
band_sk20_nao.txt	33343	1778760332473008000	false	
band_sk21_nao.txt	32845	1778760332491790000	false	
band_sk22_nao.txt	33311	1778760332510618000	false	
band_sk23_nao.txt	33339	1778760332530073000	false	
band_sk24_nao.txt	33341	1778760332548225000	false	
band_sk25_nao.txt	33297	1778760332567493000	false	
band_sk26_nao.txt	33289	1778760332586351000	false	
band_sk27_nao.txt	33271	1778760332604926000	false	
band_sk28_nao.txt	33295	1778760332623595000	false	
band_sk29_nao.txt	33247	1778760332642283000	false	
band_sk2_nao.txt	33309	1778760332661302000	false	
band_sk30_nao.txt	33281	1778760332680277000	false	
band_sk31_nao.txt	33227	1778760332701073000	false	
band_sk32_nao.txt	33309	1778760332720030000	false	
band_sk33_nao.txt	33317	1778760332739235000	false	
band_sk34_nao.txt	33269	1778760332758460000	false	
band_sk35_nao.txt	33307	1778760332776767000	false	
band_sk36_nao.txt	33319	1778760332795075000	false	
band_sk37_nao.txt	33335	1778760332814154000	false	
band_sk38_nao.txt	33267	1778760332833602000	false	
band_sk39_nao.txt	33283	1778760332852565000	false	
band_sk3_nao.txt	33339	1778760332871615000	false	
band_sk40_nao.txt	33269	1778760332890362000	false	
band_sk41_nao.txt	33309	1778760332909671000	false	
band_sk42_nao.txt	33335	1778760332928849000	false	
band_sk43_nao.txt	33294	1778760332947549000	false	
band_sk44_nao.txt	33321	1778760332966235000	false	
band_sk45_nao.txt	33319	1778760332985592000	false	
band_sk46_nao.txt	33299	1778760333004454000	false	
band_sk47_nao.txt	33325	1778760333023855000	false	
band_sk48_nao.txt	33328	1778760333042637000	false	
band_sk49_nao.txt	33326	1778760333062111000	false	
band_sk4_nao.txt	33327	1778760333080575000	false	
band_sk50_nao.txt	33322	1778760333099851000	false	
band_sk51_nao.txt	33340	1778760333118756000	false	
band_sk52_nao.txt	33350	1778760333137773000	false	
band_sk53_nao.txt	33392	1778760333156522000	false	
band_sk54_nao.txt	33362	1778760333175380000	false	
band_sk55_nao.txt	33352	1778760333193726000	false	
band_sk56_nao.txt	33347	1778760333212267000	false	
band_sk57_nao.txt	33363	1778760333230812000	false	
band_sk58_nao.txt	33377	1778760333249065000	false	
band_sk59_nao.txt	33341	1778760333268004000	false	
band_sk5_nao.txt	33339	1778760333287003000	false	
band_sk60_nao.txt	33365	1778760333306275000	false	
band_sk61_nao.txt	33311	1778760333324852000	false	
band_sk62_nao.txt	33364	1778760333343612000	false	
band_sk63_nao.txt	33354	1778760333362503000	false	
band_sk64_nao.txt	33364	1778760333381141000	false	
band_sk65_nao.txt	33385	1778760333400091000	false	
band_sk66_nao.txt	33335	1778760333418219000	false	
band_sk67_nao.txt	33346	1778760333437800000	false	
band_sk68_nao.txt	33306	1778760333456055000	false	
band_sk69_nao.txt	33346	1778760333474966000	false	
band_sk6_nao.txt	33311	1778760333494031000	false	
band_sk70_nao.txt	33315	1778760333513046000	false	
band_sk71_nao.txt	33306	1778760333531348000	false	
band_sk72_nao.txt	33336	1778760333550503000	false	
band_sk73_nao.txt	33311	1778760333569229000	false	
band_sk74_nao.txt	33345	1778760333588344000	false	
band_sk75_nao.txt	33345	1778760333608164000	false	
band_sk76_nao.txt	33338	1778760333627070000	false	
band_sk77_nao.txt	33362	1778760333646168000	false	
band_sk78_nao.txt	33345	1778760333664647000	false	
band_sk79_nao.txt	33368	1778760333684346000	false	
band_sk7_nao.txt	33340	1778760333702886000	false	
band_sk80_nao.txt	33318	1778760333721888000	false	
band_sk81_nao.txt	33312	1778760333741339000	false	
band_sk82_nao.txt	33369	1778760333760390000	false	
band_sk83_nao.txt	33351	1778760333779947000	false	
band_sk84_nao.txt	33327	1778760333799202000	false	
band_sk85_nao.txt	33360	1778760333817782000	false	
band_sk86_nao.txt	33344	1778760333837007000	false	
band_sk87_nao.txt	33380	1778760333855993000	false	
band_sk88_nao.txt	33368	1778760333874530000	false	
band_sk89_nao.txt	33346	1778760333893035000	false	
band_sk8_nao.txt	33375	1778760333911901000	false	
band_sk90_nao.txt	33332	1778760333930753000	false	
band_sk91_nao.txt	33320	1778760333949993000	false	
band_sk92_nao.txt	33348	1778760333969256000	false	
band_sk93_nao.txt	33326	1778760333987956000	false	
band_sk94_nao.txt	33344	1778760334006959000	false	
band_sk95_nao.txt	33344	1778760334026178000	false	
band_sk96_nao.txt	33338	1778760334045467000	false	
band_sk97_nao.txt	33358	1778760334064956000	false	
band_sk98_nao.txt	33364	1778760334083803000	false	
band_sk99_nao.txt	33301	1778760334103004000	false	
band_sk9_nao.txt	33315	1778760334121874000	false	
band_vxc_k_00001.txt	1980	1778758361927765898	false	
band_vxc_k_00002.txt	1980	1778758361928715437	false	
band_vxc_k_00003.txt	1980	1778758361929686259	false	
band_vxc_k_00004.txt	1980	1778758361930369963	false	
band_vxc_k_00005.txt	1980	1778758361934321526	false	
band_vxc_k_00006.txt	1980	1778758361934790984	false	
band_vxc_k_00007.txt	1980	1778758361935253380	false	
band_vxc_k_00008.txt	1980	1778758361935718087	false	
band_vxc_k_00009.txt	1980	1778758361936156144	false	
band_vxc_k_00010.txt	1980	1778758361936372137	false	
band_vxc_k_00011.txt	1980	1778758361936810116	false	
band_vxc_k_00012.txt	1980	1778758361937034720	false	
band_vxc_k_00013.txt	1980	1778758361937506871	false	
band_vxc_k_00014.txt	1980	1778758361938133534	false	
band_vxc_k_00015.txt	1980	1778758361938728902	false	
band_vxc_k_00016.txt	1980	1778758361939676475	false	
band_vxc_k_00017.txt	1980	1778758361940197589	false	
band_vxc_k_00018.txt	1980	1778758361940515187	false	
band_vxc_k_00019.txt	1980	1778758361940908093	false	
band_vxc_k_00020.txt	1980	1778758361941298984	false	
band_vxc_k_00021.txt	1980	1778758361941602417	false	
band_vxc_k_00022.txt	1980	1778758361942002331	false	
band_vxc_k_00023.txt	1980	1778758361942433378	false	
band_vxc_k_00024.txt	1980	1778758361942745619	false	
band_vxc_k_00025.txt	1980	1778758361942971540	false	
band_vxc_k_00026.txt	1980	1778758361943297983	false	
band_vxc_k_00027.txt	1980	1778758361943741883	false	
band_vxc_k_00028.txt	1980	1778758361944299657	false	
band_vxc_k_00029.txt	1980	1778758361944809778	false	
band_vxc_k_00030.txt	1980	1778758361945241368	false	
band_vxc_k_00031.txt	1980	1778758361945877131	false	
band_vxc_k_00032.txt	1980	1778758361946260588	false	
band_vxc_k_00033.txt	1980	1778758361946705756	false	
band_vxc_k_00034.txt	1980	1778758361947035916	false	
band_vxc_k_00035.txt	1980	1778758361947490834	false	
band_vxc_k_00036.txt	1980	1778758361947885265	false	
band_vxc_k_00037.txt	1980	1778758361948111332	false	
band_vxc_k_00038.txt	1980	1778758361948395041	false	
band_vxc_k_00039.txt	1980	1778758361948662064	false	
band_vxc_k_00040.txt	1980	1778758361949105279	false	
band_vxc_k_00041.txt	1980	1778758361949533764	false	
band_vxc_k_00042.txt	1980	1778758361949837389	false	
band_vxc_k_00043.txt	1980	1778758361950228106	false	
band_vxc_k_00044.txt	1980	1778758361950466301	false	
band_vxc_k_00045.txt	1980	1778758361950912601	false	
band_vxc_k_00046.txt	1980	1778758361951245070	false	
band_vxc_k_00047.txt	1980	1778758361951475467	false	
band_vxc_k_00048.txt	1980	1778758361951696985	false	
band_vxc_k_00049.txt	1980	1778758361952157323	false	
band_vxc_k_00050.txt	1980	1778758361952384931	false	
band_vxc_k_00051.txt	1980	1778758361952604069	false	
band_vxc_k_00052.txt	1980	1778758361953054605	false	
band_vxc_k_00053.txt	1980	1778758361953510765	false	
band_vxc_k_00054.txt	1980	1778758361953874141	false	
band_vxc_k_00055.txt	1980	1778758361954328935	false	
band_vxc_k_00056.txt	1980	1778758361954565799	false	
band_vxc_k_00057.txt	1980	1778758361954997214	false	
band_vxc_k_00058.txt	1980	1778758361955438490	false	
band_vxc_k_00059.txt	1980	1778758361955903024	false	
band_vxc_k_00060.txt	1980	1778758361956132395	false	
band_vxc_k_00061.txt	1980	1778758361956361625	false	
band_vxc_k_00062.txt	1980	1778758361956598484	false	
band_vxc_k_00063.txt	1980	1778758361956823705	false	
band_vxc_k_00064.txt	1980	1778758361957574725	false	
band_vxc_k_00065.txt	1980	1778758361957826899	false	
band_vxc_k_00066.txt	1980	1778758361958284812	false	
band_vxc_k_00067.txt	1980	1778758361958734555	false	
band_vxc_k_00068.txt	1980	1778758361959179481	false	
band_vxc_k_00069.txt	1980	1778758361959429507	false	
band_vxc_k_00070.txt	1980	1778758361959877245	false	
band_vxc_k_00071.txt	1980	1778758361960201640	false	
band_vxc_k_00072.txt	1980	1778758361960621999	false	
band_vxc_k_00073.txt	1980	1778758361961082304	false	
band_vxc_k_00074.txt	1980	1778758361961404673	false	
band_vxc_k_00075.txt	1980	1778758361961695789	false	
band_vxc_k_00076.txt	1980	1778758361962146505	false	
band_vxc_k_00077.txt	1980	1778758361962372962	false	
band_vxc_k_00078.txt	1980	1778758361962847472	false	
band_vxc_k_00079.txt	1980	1778758361963062978	false	
band_vxc_k_00080.txt	1980	1778758361963710869	false	
band_vxc_k_00081.txt	1980	1778758361964482202	false	
band_vxc_k_00082.txt	1980	1778758361964839476	false	
band_vxc_k_00083.txt	1980	1778758361965506601	false	
band_vxc_k_00084.txt	1980	1778758361966105401	false	
band_vxc_k_00085.txt	1980	1778758361966584212	false	
band_vxc_k_00086.txt	1980	1778758361967035623	false	
band_vxc_k_00087.txt	1980	1778758361967359000	false	
band_vxc_k_00088.txt	1980	1778758361967587701	false	
band_vxc_k_00089.txt	1980	1778758361967879082	false	
band_vxc_k_00090.txt	1980	1778758361968316191	false	
band_vxc_k_00091.txt	1980	1778758361968763732	false	
band_vxc_k_00092.txt	1980	1778758361969171657	false	
band_vxc_k_00093.txt	1980	1778758361969454511	false	
band_vxc_k_00094.txt	1980	1778758361969882277	false	
band_vxc_k_00095.txt	1980	1778758361970275038	false	
band_vxc_k_00096.txt	1980	1778758361970962928	false	
band_vxc_k_00097.txt	1980	1778758361971388239	false	
band_vxc_k_00098.txt	1980	1778758361971761115	false	
band_vxc_k_00099.txt	1980	1778758361972209274	false	
band_vxc_k_00100.txt	1980	1778758361972447073	false	
band_vxc_k_00101.txt	1980	1778758361972941249	false	
band_vxc_k_00102.txt	1980	1778758361973384843	false	
band_vxc_k_00103.txt	1980	1778758361973656821	false	
band_vxc_k_00104.txt	1980	1778758361973884825	false	
band_vxc_k_00105.txt	1980	1778758361974269852	false	
band_vxc_k_00106.txt	1980	1778758361974608084	false	
band_vxc_k_00107.txt	1980	1778758361975018636	false	
band_vxc_k_00108.txt	1980	1778758361975399545	false	
band_vxc_k_00109.txt	1980	1778758361975734016	false	
band_vxc_k_00110.txt	1980	1778758361976183250	false	
band_vxc_k_00111.txt	1980	1778758361976549002	false	
band_vxc_k_00112.txt	1980	1778758361976768598	false	
band_vxc_k_00113.txt	1980	1778758361976990538	false	
band_vxc_k_00114.txt	1980	1778758361977420172	false	
band_vxc_k_00115.txt	1980	1778758361977835184	false	
band_vxc_k_00116.txt	1980	1778758361978044460	false	
band_vxc_k_00117.txt	1980	1778758361978480795	false	
band_vxc_k_00118.txt	1980	1778758361978707559	false	
band_vxc_k_00119.txt	1980	1778758361979114393	false	
band_vxc_k_00120.txt	1980	1778758361979530700	false	
band_vxc_k_00121.txt	1980	1778758361979964626	false	
band_vxc_k_00122.txt	1980	1778758361980408159	false	
band_vxc_k_00123.txt	1980	1778758361980635256	false	
band_vxc_k_00124.txt	1980	1778758361981038208	false	
band_vxc_k_00125.txt	1980	1778758361984608722	false	
band_vxc_k_00126.txt	1980	1778758361985080617	false	
band_vxc_k_00127.txt	1980	1778758361985407523	false	
band_vxc_k_00128.txt	1980	1778758361985869020	false	
band_vxc_k_00129.txt	1980	1778758361986332277	false	
band_vxc_k_00130.txt	1980	1778758361986725238	false	
band_vxc_k_00131.txt	1980	1778758361987044762	false	
band_vxc_k_00132.txt	1980	1778758361987425236	false	
band_vxc_k_00133.txt	1980	1778758361987736733	false	
band_vxc_k_00134.txt	1980	1778758361988571291	false	
band_vxc_k_00135.txt	1980	1778758361989018920	false	
band_vxc_k_00136.txt	1980	1778758361989685492	false	
band_vxc_k_00137.txt	1980	1778758361989917078	false	
band_vxc_k_00138.txt	1980	1778758361990234334	false	
band_vxc_k_00139.txt	1980	1778758361990711745	false	
band_vxc_k_00140.txt	1980	1778758361991141713	false	
band_vxc_k_00141.txt	1980	1778758361991436667	false	
band_vxc_k_00142.txt	1980	1778758361991677801	false	
band_vxc_k_00143.txt	1980	1778758361992119223	false	
band_vxck100_nao.txt	33354	1778758503379712000	false	
band_vxck101_nao.txt	33364	1778758503407831000	false	
band_vxck102_nao.txt	33399	1778758503454372000	false	
band_vxck103_nao.txt	33358	1778758503476572000	false	
band_vxck104_nao.txt	33359	1778758503495457000	false	
band_vxck105_nao.txt	33368	1778758503523712000	false	
band_vxck106_nao.txt	33427	1778758503552538000	false	
band_vxck107_nao.txt	33376	1778758503575125000	false	
band_vxck108_nao.txt	33377	1778758503597225000	false	
band_vxck109_nao.txt	33361	1778758503619977000	false	
band_vxck10_nao.txt	33355	1778758503649185000	false	
band_vxck110_nao.txt	33354	1778758503672603000	false	
band_vxck111_nao.txt	33409	1778758503694836000	false	
band_vxck112_nao.txt	33392	1778758503709598000	false	
band_vxck113_nao.txt	33374	1778758503725191000	false	
band_vxck114_nao.txt	33336	1778758503754865000	false	
band_vxck115_nao.txt	33380	1778758503775144000	false	
band_vxck116_nao.txt	33405	1778758503790233000	false	
band_vxck117_nao.txt	33343	1778758503816002000	false	
band_vxck118_nao.txt	33372	1778758503831299000	false	
band_vxck119_nao.txt	33380	1778758503847693000	false	
band_vxck11_nao.txt	33378	1778758503874474000	false	
band_vxck120_nao.txt	33334	1778758503888511000	false	
band_vxck121_nao.txt	32864	1778758503988512000	false	
band_vxck122_nao.txt	33393	1778758504020248000	false	
band_vxck123_nao.txt	33362	1778758504045617000	false	
band_vxck124_nao.txt	33374	1778758504059421000	false	
band_vxck125_nao.txt	33412	1778758504074768000	false	
band_vxck126_nao.txt	33378	1778758504088299000	false	
band_vxck127_nao.txt	33392	1778758504103118000	false	
band_vxck128_nao.txt	33375	1778758504543021000	false	
band_vxck129_nao.txt	33365	1778758504559318000	false	
band_vxck12_nao.txt	33308	1778758505113172000	false	
band_vxck130_nao.txt	33353	1778758505128082000	false	
band_vxck131_nao.txt	33361	1778758505142281000	false	
band_vxck132_nao.txt	33361	1778758505651336000	false	
band_vxck133_nao.txt	33343	1778758505666079000	false	
band_vxck134_nao.txt	33398	1778758505686384000	false	
band_vxck135_nao.txt	33356	1778758505709536000	false	
band_vxck136_nao.txt	33371	1778758505725924000	false	
band_vxck137_nao.txt	33351	1778758505753334000	false	
band_vxck138_nao.txt	33357	1778758505768645000	false	
band_vxck139_nao.txt	33411	1778758505783886000	false	
band_vxck13_nao.txt	33363	1778758505810422000	false	
band_vxck140_nao.txt	33343	1778758505859628000	false	
band_vxck141_nao.txt	33419	1778758505874172000	false	
band_vxck142_nao.txt	33386	1778758505888230000	false	
band_vxck143_nao.txt	33418	1778758505902627000	false	
band_vxck14_nao.txt	33367	1778758505925278000	false	
band_vxck15_nao.txt	33362	1778758506169984000	false	
band_vxck16_nao.txt	33344	1778758506197026000	false	
band_vxck17_nao.txt	33355	1778758506219882000	false	
band_vxck18_nao.txt	33333	1778758506382236000	false	
band_vxck19_nao.txt	33334	1778758506404772000	false	
band_vxck1_nao.txt	33384	1778758506434324000	false	
band_vxck20_nao.txt	33342	1778758506465627000	false	
band_vxck21_nao.txt	32863	1778758506494719000	false	
band_vxck22_nao.txt	33335	1778758506523520000	false	
band_vxck23_nao.txt	33376	1778758506551496000	false	
band_vxck24_nao.txt	33377	1778758506576333000	false	
band_vxck25_nao.txt	33363	1778758506609097000	false	
band_vxck26_nao.txt	33359	1778758506630214000	false	
band_vxck27_nao.txt	33405	1778758506807127000	false	
band_vxck28_nao.txt	33417	1778758506829540000	false	
band_vxck29_nao.txt	33374	1778758506898828000	false	
band_vxck2_nao.txt	33376	1778758506914342000	false	
band_vxck30_nao.txt	33346	1778758506990075000	false	
band_vxck31_nao.txt	33383	1778758507009731000	false	
band_vxck32_nao.txt	33392	1778758507037571000	false	
band_vxck33_nao.txt	33391	1778758507064495000	false	
band_vxck34_nao.txt	33358	1778758507088317000	false	
band_vxck35_nao.txt	33358	1778758507110251000	false	
band_vxck36_nao.txt	33393	1778758507291368000	false	
band_vxck37_nao.txt	33372	1778758507326460000	false	
band_vxck38_nao.txt	33346	1778758507354597000	false	
band_vxck39_nao.txt	33382	1778758507380889000	false	
band_vxck3_nao.txt	33341	1778758507411628000	false	
band_vxck40_nao.txt	33380	1778758507541875000	false	
band_vxck41_nao.txt	33417	1778758507558523000	false	
band_vxck42_nao.txt	33358	1778758507589598000	false	
band_vxck43_nao.txt	33399	1778758507610229000	false	
band_vxck44_nao.txt	33394	1778758507625759000	false	
band_vxck45_nao.txt	33372	1778758507654751000	false	
band_vxck46_nao.txt	33343	1778758507682390000	false	
band_vxck47_nao.txt	33397	1778758507697522000	false	
band_vxck48_nao.txt	33392	1778758507720910000	false	
band_vxck49_nao.txt	33372	1778758507742591000	false	
band_vxck4_nao.txt	33385	1778758508472007000	false	
band_vxck50_nao.txt	33399	1778758508563625000	false	
band_vxck51_nao.txt	33420	1778758508578364000	false	
band_vxck52_nao.txt	33361	1778758508593794000	false	
band_vxck53_nao.txt	33393	1778758508620672000	false	
band_vxck54_nao.txt	33368	1778758508640607000	false	
band_vxck55_nao.txt	33391	1778758508754768000	false	
band_vxck56_nao.txt	33368	1778758508851432000	false	
band_vxck57_nao.txt	33391	1778758508871750000	false	
band_vxck58_nao.txt	33371	1778758508891329000	false	
band_vxck59_nao.txt	33407	1778758508907375000	false	
band_vxck5_nao.txt	33384	1778758508968689000	false	
band_vxck60_nao.txt	33399	1778758508983390000	false	
band_vxck61_nao.txt	33418	1778758509058783000	false	
band_vxck62_nao.txt	33372	1778758509073729000	false	
band_vxck63_nao.txt	33328	1778758509089353000	false	
band_vxck64_nao.txt	33352	1778758509127049000	false	
band_vxck65_nao.txt	33377	1778758509156654000	false	
band_vxck66_nao.txt	33412	1778758509182629000	false	
band_vxck67_nao.txt	33397	1778758509361286000	false	
band_vxck68_nao.txt	33350	1778758509635190000	false	
band_vxck69_nao.txt	33386	1778758509664142000	false	
band_vxck6_nao.txt	33352	1778758509940738000	false	
band_vxck70_nao.txt	33360	1778758509955711000	false	
band_vxck71_nao.txt	33355	1778758510129279000	false	
band_vxck72_nao.txt	33356	1778758510145544000	false	
band_vxck73_nao.txt	33326	1778758510169155000	false	
band_vxck74_nao.txt	33367	1778758510211991000	false	
band_vxck75_nao.txt	33367	1778758510350784000	false	
band_vxck76_nao.txt	33369	1778758510365437000	false	
band_vxck77_nao.txt	33404	1778758510379186000	false	
band_vxck78_nao.txt	33396	1778758510466440000	false	
band_vxck79_nao.txt	33400	1778758510482814000	false	
band_vxck7_nao.txt	33403	1778758510501773000	false	
band_vxck80_nao.txt	33344	1778758510528326000	false	
band_vxck81_nao.txt	33385	1778758510556023000	false	
band_vxck82_nao.txt	33389	1778758510571148000	false	
band_vxck83_nao.txt	33381	1778758510588469000	false	
band_vxck84_nao.txt	33354	1778758510618993000	false	
band_vxck85_nao.txt	33381	1778758510644587000	false	
band_vxck86_nao.txt	33379	1778758510672368000	false	
band_vxck87_nao.txt	33407	1778758510698492000	false	
band_vxck88_nao.txt	33386	1778758510716681000	false	
band_vxck89_nao.txt	33357	1778758510731988000	false	
band_vxck8_nao.txt	33382	1778758510753856000	false	
band_vxck90_nao.txt	33376	1778758510821481000	false	
band_vxck91_nao.txt	33372	1778758510837690000	false	
band_vxck92_nao.txt	33367	1778758510851937000	false	
band_vxck93_nao.txt	33375	1778758510881393000	false	
band_vxck94_nao.txt	33346	1778758510901633000	false	
band_vxck95_nao.txt	33402	1778758510926040000	false	
band_vxck96_nao.txt	33415	1778758511134331000	false	
band_vxck97_nao.txt	33377	1778758511170096000	false	
band_vxck98_nao.txt	33395	1778758511184687000	false	
band_vxck99_nao.txt	33363	1778758511199019000	false	
band_vxck9_nao.txt	33362	1778758511230002000	false	
coulomb_cut_0.txt	22014728	1778754051161948313	false	
coulomb_cut_1.txt	22014786	1778754051294971336	false	
coulomb_cut_2.txt	3	1778754048304256970	false	
coulomb_cut_3.txt	22014844	1778754051237455995	false	
coulomb_mat_0.txt	22014728	1778754490192028143	false	
coulomb_mat_1.txt	22014786	1778754490908683191	false	
coulomb_mat_2.txt	3	1778754486714841015	false	
coulomb_mat_3.txt	22014844	1778754489722189156	false	
fix_pyatb.py	1781	1778751344352730298	false	
get_diel.py	5428	1778751344072849000	false	
homo_lumo_vs_iterations.dat	80	1778780287369948639	false	
hrs1_nao.csr	4919612	1778754492400512801	false	
hrs1_nao_qsgw_iter_0001.csr	9035834	1778763186643772767	false	
hrs1_nao_qsgw_iter_0002.csr	9041568	1778780287353908677	false	
irreducible_sector.txt	6359	1778754492449050000	false	
librpa.d/qsgw_checkpoints/homo_lumo_vs_iterations.dat	80	1778780287370049250	false	
librpa.d/qsgw_checkpoints/iter_00001/H0_GW_spin_01_k_000001.bin	30984	1778763187833323389	false	
librpa.d/qsgw_checkpoints/iter_00001/H0_GW_spin_01_k_000002.bin	30984	1778763187833649374	false	
librpa.d/qsgw_checkpoints/iter_00001/H0_GW_spin_01_k_000003.bin	30984	1778763187833907265	false	
librpa.d/qsgw_checkpoints/iter_00001/H0_GW_spin_01_k_000004.bin	30984	1778763187834188566	false	
librpa.d/qsgw_checkpoints/iter_00001/H0_GW_spin_01_k_000005.bin	30984	1778763187834432878	false	
librpa.d/qsgw_checkpoints/iter_00001/H0_GW_spin_01_k_000006.bin	30984	1778763187834682637	false	
librpa.d/qsgw_checkpoints/iter_00001/H0_GW_spin_01_k_000007.bin	30984	1778763187834958162	false	
librpa.d/qsgw_checkpoints/iter_00001/H0_GW_spin_01_k_000008.bin	30984	1778763187835308163	false	
librpa.d/qsgw_checkpoints/iter_00001/H0_GW_spin_01_k_000009.bin	30984	1778763187835590415	false	
librpa.d/qsgw_checkpoints/iter_00001/H0_GW_spin_01_k_000010.bin	30984	1778763187835879936	false	
librpa.d/qsgw_checkpoints/iter_00001/H0_GW_spin_01_k_000011.bin	30984	1778763187836199976	false	
librpa.d/qsgw_checkpoints/iter_00001/H0_GW_spin_01_k_000012.bin	30984	1778763187836467772	false	
librpa.d/qsgw_checkpoints/iter_00001/H0_GW_spin_01_k_000013.bin	30984	1778763187836718002	false	
librpa.d/qsgw_checkpoints/iter_00001/H0_GW_spin_01_k_000014.bin	30984	1778763187836985209	false	
librpa.d/qsgw_checkpoints/iter_00001/H0_GW_spin_01_k_000015.bin	30984	1778763187837248146	false	
librpa.d/qsgw_checkpoints/iter_00001/H0_GW_spin_01_k_000016.bin	30984	1778763187837513955	false	
librpa.d/qsgw_checkpoints/iter_00001/H0_GW_spin_01_k_000017.bin	30984	1778763187837765211	false	
librpa.d/qsgw_checkpoints/iter_00001/H0_GW_spin_01_k_000018.bin	30984	1778763187838026400	false	
librpa.d/qsgw_checkpoints/iter_00001/H0_GW_spin_01_k_000019.bin	30984	1778763187838272815	false	
librpa.d/qsgw_checkpoints/iter_00001/H0_GW_spin_01_k_000020.bin	30984	1778763187838508377	false	
librpa.d/qsgw_checkpoints/iter_00001/H0_GW_spin_01_k_000021.bin	30984	1778763187838747955	false	
librpa.d/qsgw_checkpoints/iter_00001/H0_GW_spin_01_k_000022.bin	30984	1778763187838983952	false	
librpa.d/qsgw_checkpoints/iter_00001/H0_GW_spin_01_k_000023.bin	30984	1778763187839246664	false	
librpa.d/qsgw_checkpoints/iter_00001/H0_GW_spin_01_k_000024.bin	30984	1778763187839513424	false	
librpa.d/qsgw_checkpoints/iter_00001/H0_GW_spin_01_k_000025.bin	30984	1778763187839793326	false	
librpa.d/qsgw_checkpoints/iter_00001/H0_GW_spin_01_k_000026.bin	30984	1778763187840084975	false	
librpa.d/qsgw_checkpoints/iter_00001/H0_GW_spin_01_k_000027.bin	30984	1778763187840341452	false	
librpa.d/qsgw_checkpoints/iter_00001/H0_GW_spin_01_k_000028.bin	30984	1778763187840610188	false	
librpa.d/qsgw_checkpoints/iter_00001/H0_GW_spin_01_k_000029.bin	30984	1778763187840848254	false	
librpa.d/qsgw_checkpoints/iter_00001/checkpoint.meta	57	1778763187841008945	false	
librpa.d/qsgw_checkpoints/iter_00002/H0_GW_spin_01_k_000001.bin	30984	1778780287410157178	false	
librpa.d/qsgw_checkpoints/iter_00002/H0_GW_spin_01_k_000002.bin	30984	1778780287410496652	false	
librpa.d/qsgw_checkpoints/iter_00002/H0_GW_spin_01_k_000003.bin	30984	1778780287410785375	false	
librpa.d/qsgw_checkpoints/iter_00002/H0_GW_spin_01_k_000004.bin	30984	1778780287411544626	false	
librpa.d/qsgw_checkpoints/iter_00002/H0_GW_spin_01_k_000005.bin	30984	1778780287411892350	false	
librpa.d/qsgw_checkpoints/iter_00002/H0_GW_spin_01_k_000006.bin	30984	1778780287412176903	false	
librpa.d/qsgw_checkpoints/iter_00002/H0_GW_spin_01_k_000007.bin	30984	1778780287412453464	false	
librpa.d/qsgw_checkpoints/iter_00002/H0_GW_spin_01_k_000008.bin	30984	1778780287412744837	false	
librpa.d/qsgw_checkpoints/iter_00002/H0_GW_spin_01_k_000009.bin	30984	1778780287413039277	false	
librpa.d/qsgw_checkpoints/iter_00002/H0_GW_spin_01_k_000010.bin	30984	1778780287413322497	false	
librpa.d/qsgw_checkpoints/iter_00002/H0_GW_spin_01_k_000011.bin	30984	1778780287414154172	false	
librpa.d/qsgw_checkpoints/iter_00002/H0_GW_spin_01_k_000012.bin	30984	1778780287414460703	false	
librpa.d/qsgw_checkpoints/iter_00002/H0_GW_spin_01_k_000013.bin	30984	1778780287414740486	false	
librpa.d/qsgw_checkpoints/iter_00002/H0_GW_spin_01_k_000014.bin	30984	1778780287415031978	false	
librpa.d/qsgw_checkpoints/iter_00002/H0_GW_spin_01_k_000015.bin	30984	1778780287415355647	false	
librpa.d/qsgw_checkpoints/iter_00002/H0_GW_spin_01_k_000016.bin	30984	1778780287415685529	false	
librpa.d/qsgw_checkpoints/iter_00002/H0_GW_spin_01_k_000017.bin	30984	1778780287415983816	false	
librpa.d/qsgw_checkpoints/iter_00002/H0_GW_spin_01_k_000018.bin	30984	1778780287417488346	false	
librpa.d/qsgw_checkpoints/iter_00002/H0_GW_spin_01_k_000019.bin	30984	1778780287417772054	false	
librpa.d/qsgw_checkpoints/iter_00002/H0_GW_spin_01_k_000020.bin	30984	1778780287418053938	false	
librpa.d/qsgw_checkpoints/iter_00002/H0_GW_spin_01_k_000021.bin	30984	1778780287418334166	false	
librpa.d/qsgw_checkpoints/iter_00002/H0_GW_spin_01_k_000022.bin	30984	1778780287418606252	false	
librpa.d/qsgw_checkpoints/iter_00002/H0_GW_spin_01_k_000023.bin	30984	1778780287418877454	false	
librpa.d/qsgw_checkpoints/iter_00002/H0_GW_spin_01_k_000024.bin	30984	1778780287419181566	false	
librpa.d/qsgw_checkpoints/iter_00002/H0_GW_spin_01_k_000025.bin	30984	1778780287419462390	false	
librpa.d/qsgw_checkpoints/iter_00002/H0_GW_spin_01_k_000026.bin	30984	1778780287419734230	false	
librpa.d/qsgw_checkpoints/iter_00002/H0_GW_spin_01_k_000027.bin	30984	1778780287420014846	false	
librpa.d/qsgw_checkpoints/iter_00002/H0_GW_spin_01_k_000028.bin	30984	1778780287420285579	false	
librpa.d/qsgw_checkpoints/iter_00002/H0_GW_spin_01_k_000029.bin	30984	1778780287420568640	false	
librpa.d/qsgw_checkpoints/iter_00002/checkpoint.meta	57	1778780287423965399	false	
librpa.d/qsgw_checkpoints/latest_iteration.txt	2	1778780287423916799	false	
librpa.in	795	1778777575855000442	false	
librpa_para_nprocs_4_myid_0.out	1657113	1778780292336101778	false	
librpa_para_nprocs_4_myid_1.out	1657186	1778780292778852441	false	
librpa_para_nprocs_4_myid_2.out	1656786	1778780292335084424	false	
librpa_para_nprocs_4_myid_3.out	1650092	1778780292332459982	false	
output_librpa.py	8058	1778751344350427000	false	
preprocess_abacus_for_librpa_band.py	6055	1778751344416397000	false	
pyatb_librpa_df/KS_eigenvector_0.dat	118098	1778777556347605000	false	
pyatb_librpa_df/KS_eigenvector_1.dat	118098	1778777556352030000	false	
pyatb_librpa_df/KS_eigenvector_10.dat	118099	1778777556391261000	false	
pyatb_librpa_df/KS_eigenvector_100.dat	118100	1778777556778405000	false	
pyatb_librpa_df/KS_eigenvector_101.dat	118100	1778777556782438000	false	
pyatb_librpa_df/KS_eigenvector_102.dat	118100	1778777556786472000	false	
pyatb_librpa_df/KS_eigenvector_103.dat	118100	1778777556790491000	false	
pyatb_librpa_df/KS_eigenvector_104.dat	118100	1778777556794799000	false	
pyatb_librpa_df/KS_eigenvector_105.dat	118100	1778777556799001000	false	
pyatb_librpa_df/KS_eigenvector_106.dat	118100	1778777556803193000	false	
pyatb_librpa_df/KS_eigenvector_107.dat	118100	1778777556807180000	false	
pyatb_librpa_df/KS_eigenvector_108.dat	118100	1778777556811253000	false	
pyatb_librpa_df/KS_eigenvector_109.dat	118100	1778777556815446000	false	
pyatb_librpa_df/KS_eigenvector_11.dat	118099	1778777556395561000	false	
pyatb_librpa_df/KS_eigenvector_110.dat	118100	1778777556819543000	false	
pyatb_librpa_df/KS_eigenvector_111.dat	118100	1778777556823651000	false	
pyatb_librpa_df/KS_eigenvector_112.dat	118100	1778777556827986000	false	
pyatb_librpa_df/KS_eigenvector_113.dat	118100	1778777556831985000	false	
pyatb_librpa_df/KS_eigenvector_114.dat	118100	1778777556836155000	false	
pyatb_librpa_df/KS_eigenvector_115.dat	118100	1778777556840214000	false	
pyatb_librpa_df/KS_eigenvector_116.dat	118100	1778777556844265000	false	
pyatb_librpa_df/KS_eigenvector_117.dat	118100	1778777556848359000	false	
pyatb_librpa_df/KS_eigenvector_118.dat	118100	1778777556852613000	false	
pyatb_librpa_df/KS_eigenvector_119.dat	118100	1778777556859224000	false	
pyatb_librpa_df/KS_eigenvector_12.dat	118099	1778777556399899000	false	
pyatb_librpa_df/KS_eigenvector_120.dat	118100	1778777556863627000	false	
pyatb_librpa_df/KS_eigenvector_121.dat	118100	1778777556867729000	false	
pyatb_librpa_df/KS_eigenvector_122.dat	118100	1778777556871959000	false	
pyatb_librpa_df/KS_eigenvector_123.dat	118100	1778777556876106000	false	
pyatb_librpa_df/KS_eigenvector_124.dat	118100	1778777556880230000	false	
pyatb_librpa_df/KS_eigenvector_125.dat	118100	1778777556884324000	false	
pyatb_librpa_df/KS_eigenvector_126.dat	118100	1778777556888407000	false	
pyatb_librpa_df/KS_eigenvector_127.dat	118100	1778777556892422000	false	
pyatb_librpa_df/KS_eigenvector_128.dat	118100	1778777556896762000	false	
pyatb_librpa_df/KS_eigenvector_129.dat	118100	1778777556900882000	false	
pyatb_librpa_df/KS_eigenvector_13.dat	118099	1778777556404237000	false	
pyatb_librpa_df/KS_eigenvector_130.dat	118100	1778777556905070000	false	
pyatb_librpa_df/KS_eigenvector_131.dat	118100	1778777556909254000	false	
pyatb_librpa_df/KS_eigenvector_132.dat	118100	1778777556913412000	false	
pyatb_librpa_df/KS_eigenvector_133.dat	118100	1778777556917516000	false	
pyatb_librpa_df/KS_eigenvector_134.dat	118100	1778777556921653000	false	
pyatb_librpa_df/KS_eigenvector_135.dat	118100	1778777556925760000	false	
pyatb_librpa_df/KS_eigenvector_136.dat	118100	1778777556930124000	false	
pyatb_librpa_df/KS_eigenvector_137.dat	118100	1778777556934330000	false	
pyatb_librpa_df/KS_eigenvector_138.dat	118100	1778777556938585000	false	
pyatb_librpa_df/KS_eigenvector_139.dat	118100	1778777556942729000	false	
pyatb_librpa_df/KS_eigenvector_14.dat	118099	1778777556408569000	false	
pyatb_librpa_df/KS_eigenvector_140.dat	118100	1778777556947025000	false	
pyatb_librpa_df/KS_eigenvector_141.dat	118100	1778777556951196000	false	
pyatb_librpa_df/KS_eigenvector_142.dat	118100	1778777556955463000	false	
pyatb_librpa_df/KS_eigenvector_143.dat	118100	1778777556959729000	false	
pyatb_librpa_df/KS_eigenvector_144.dat	118100	1778777556964143000	false	
pyatb_librpa_df/KS_eigenvector_145.dat	118100	1778777556968517000	false	
pyatb_librpa_df/KS_eigenvector_146.dat	118100	1778777556972589000	false	
pyatb_librpa_df/KS_eigenvector_147.dat	118100	1778777556976727000	false	
pyatb_librpa_df/KS_eigenvector_148.dat	118100	1778777556980930000	false	
pyatb_librpa_df/KS_eigenvector_149.dat	118100	1778777556985061000	false	
pyatb_librpa_df/KS_eigenvector_15.dat	118099	1778777556412963000	false	
pyatb_librpa_df/KS_eigenvector_150.dat	118100	1778777556989282000	false	
pyatb_librpa_df/KS_eigenvector_151.dat	118100	1778777556993512000	false	
pyatb_librpa_df/KS_eigenvector_152.dat	118100	1778777556998014000	false	
pyatb_librpa_df/KS_eigenvector_153.dat	118100	1778777557002226000	false	
pyatb_librpa_df/KS_eigenvector_154.dat	118100	1778777557006295000	false	
pyatb_librpa_df/KS_eigenvector_155.dat	118100	1778777557010282000	false	
pyatb_librpa_df/KS_eigenvector_156.dat	118100	1778777557014327000	false	
pyatb_librpa_df/KS_eigenvector_157.dat	118100	1778777557018598000	false	
pyatb_librpa_df/KS_eigenvector_158.dat	118100	1778777557023624000	false	
pyatb_librpa_df/KS_eigenvector_159.dat	118100	1778777557027713000	false	
pyatb_librpa_df/KS_eigenvector_16.dat	118099	1778777556417322000	false	
pyatb_librpa_df/KS_eigenvector_160.dat	118100	1778777557032318000	false	
pyatb_librpa_df/KS_eigenvector_161.dat	118100	1778777557036359000	false	
pyatb_librpa_df/KS_eigenvector_162.dat	118100	1778777557040604000	false	
pyatb_librpa_df/KS_eigenvector_163.dat	118100	1778777557044741000	false	
pyatb_librpa_df/KS_eigenvector_164.dat	118100	1778777557049119000	false	
pyatb_librpa_df/KS_eigenvector_165.dat	118100	1778777557053280000	false	
pyatb_librpa_df/KS_eigenvector_166.dat	118100	1778777557057465000	false	
pyatb_librpa_df/KS_eigenvector_167.dat	118100	1778777557061719000	false	
pyatb_librpa_df/KS_eigenvector_168.dat	118100	1778777557066079000	false	
pyatb_librpa_df/KS_eigenvector_169.dat	118100	1778777557070072000	false	
pyatb_librpa_df/KS_eigenvector_17.dat	118099	1778777556421640000	false	
pyatb_librpa_df/KS_eigenvector_170.dat	118100	1778777557074099000	false	
pyatb_librpa_df/KS_eigenvector_171.dat	118100	1778777557078168000	false	
pyatb_librpa_df/KS_eigenvector_172.dat	118100	1778777557082276000	false	
pyatb_librpa_df/KS_eigenvector_173.dat	118100	1778777557086471000	false	
pyatb_librpa_df/KS_eigenvector_174.dat	118100	1778777557090735000	false	
pyatb_librpa_df/KS_eigenvector_175.dat	118100	1778777557094933000	false	
pyatb_librpa_df/KS_eigenvector_176.dat	118100	1778777557099384000	false	
pyatb_librpa_df/KS_eigenvector_177.dat	118100	1778777557103679000	false	
pyatb_librpa_df/KS_eigenvector_178.dat	118100	1778777557107848000	false	
pyatb_librpa_df/KS_eigenvector_179.dat	118100	1778777557111948000	false	
pyatb_librpa_df/KS_eigenvector_18.dat	118099	1778777556425991000	false	
pyatb_librpa_df/KS_eigenvector_180.dat	118100	1778777557115998000	false	
pyatb_librpa_df/KS_eigenvector_181.dat	118100	1778777557120020000	false	
pyatb_librpa_df/KS_eigenvector_182.dat	118100	1778777557124084000	false	
pyatb_librpa_df/KS_eigenvector_183.dat	118100	1778777557128273000	false	
pyatb_librpa_df/KS_eigenvector_184.dat	118100	1778777557132634000	false	
pyatb_librpa_df/KS_eigenvector_185.dat	118100	1778777557136665000	false	
pyatb_librpa_df/KS_eigenvector_186.dat	118100	1778777557140875000	false	
pyatb_librpa_df/KS_eigenvector_187.dat	118100	1778777557144955000	false	
pyatb_librpa_df/KS_eigenvector_188.dat	118100	1778777557149107000	false	
pyatb_librpa_df/KS_eigenvector_189.dat	118100	1778777557153169000	false	
pyatb_librpa_df/KS_eigenvector_19.dat	118099	1778777556430312000	false	
pyatb_librpa_df/KS_eigenvector_190.dat	118100	1778777557157297000	false	
pyatb_librpa_df/KS_eigenvector_191.dat	118100	1778777557161430000	false	
pyatb_librpa_df/KS_eigenvector_192.dat	118100	1778777557165761000	false	
pyatb_librpa_df/KS_eigenvector_193.dat	118100	1778777557169924000	false	
pyatb_librpa_df/KS_eigenvector_194.dat	118100	1778777557174005000	false	
pyatb_librpa_df/KS_eigenvector_195.dat	118100	1778777557178112000	false	
pyatb_librpa_df/KS_eigenvector_196.dat	118100	1778777557182280000	false	
pyatb_librpa_df/KS_eigenvector_197.dat	118100	1778777557186471000	false	
pyatb_librpa_df/KS_eigenvector_198.dat	118100	1778777557190580000	false	
pyatb_librpa_df/KS_eigenvector_199.dat	118100	1778777557194700000	false	
pyatb_librpa_df/KS_eigenvector_2.dat	118098	1778777556356379000	false	
pyatb_librpa_df/KS_eigenvector_20.dat	118099	1778777556434624000	false	
pyatb_librpa_df/KS_eigenvector_200.dat	118100	1778777557199061000	false	
pyatb_librpa_df/KS_eigenvector_201.dat	118100	1778777557203279000	false	
pyatb_librpa_df/KS_eigenvector_202.dat	118100	1778777557207535000	false	
pyatb_librpa_df/KS_eigenvector_203.dat	118100	1778777557211685000	false	
pyatb_librpa_df/KS_eigenvector_204.dat	118100	1778777557215744000	false	
pyatb_librpa_df/KS_eigenvector_205.dat	118100	1778777557219765000	false	
pyatb_librpa_df/KS_eigenvector_206.dat	118100	1778777557223805000	false	
pyatb_librpa_df/KS_eigenvector_207.dat	118100	1778777557227902000	false	
pyatb_librpa_df/KS_eigenvector_208.dat	118100	1778777557232256000	false	
pyatb_librpa_df/KS_eigenvector_209.dat	118100	1778777557236312000	false	
pyatb_librpa_df/KS_eigenvector_21.dat	118099	1778777556438957000	false	
pyatb_librpa_df/KS_eigenvector_210.dat	118100	1778777557240613000	false	
pyatb_librpa_df/KS_eigenvector_211.dat	118100	1778777557244647000	false	
pyatb_librpa_df/KS_eigenvector_212.dat	118100	1778777557249088000	false	
pyatb_librpa_df/KS_eigenvector_213.dat	118100	1778777557253468000	false	
pyatb_librpa_df/KS_eigenvector_214.dat	118100	1778777557257614000	false	
pyatb_librpa_df/KS_eigenvector_215.dat	118100	1778777557261726000	false	
pyatb_librpa_df/KS_eigenvector_216.dat	118100	1778777557266109000	false	
pyatb_librpa_df/KS_eigenvector_217.dat	118100	1778777557270263000	false	
pyatb_librpa_df/KS_eigenvector_218.dat	118100	1778777557274482000	false	
pyatb_librpa_df/KS_eigenvector_219.dat	118100	1778777557278677000	false	
pyatb_librpa_df/KS_eigenvector_22.dat	118099	1778777556443315000	false	
pyatb_librpa_df/KS_eigenvector_220.dat	118100	1778777557282911000	false	
pyatb_librpa_df/KS_eigenvector_221.dat	118100	1778777557286994000	false	
pyatb_librpa_df/KS_eigenvector_222.dat	118100	1778777557291086000	false	
pyatb_librpa_df/KS_eigenvector_223.dat	118100	1778777557295222000	false	
pyatb_librpa_df/KS_eigenvector_224.dat	118100	1778777557299620000	false	
pyatb_librpa_df/KS_eigenvector_225.dat	118100	1778777557304208000	false	
pyatb_librpa_df/KS_eigenvector_226.dat	118100	1778777557308397000	false	
pyatb_librpa_df/KS_eigenvector_227.dat	118100	1778777557312690000	false	
pyatb_librpa_df/KS_eigenvector_228.dat	118100	1778777557316741000	false	
pyatb_librpa_df/KS_eigenvector_229.dat	118100	1778777557320760000	false	
pyatb_librpa_df/KS_eigenvector_23.dat	118099	1778777556447628000	false	
pyatb_librpa_df/KS_eigenvector_230.dat	118100	1778777557324779000	false	
pyatb_librpa_df/KS_eigenvector_231.dat	118100	1778777557328922000	false	
pyatb_librpa_df/KS_eigenvector_232.dat	118100	1778777557333403000	false	
pyatb_librpa_df/KS_eigenvector_233.dat	118100	1778777557337544000	false	
pyatb_librpa_df/KS_eigenvector_234.dat	118100	1778777557341644000	false	
pyatb_librpa_df/KS_eigenvector_235.dat	118100	1778777557346166000	false	
pyatb_librpa_df/KS_eigenvector_236.dat	118100	1778777557350396000	false	
pyatb_librpa_df/KS_eigenvector_237.dat	118100	1778777557354611000	false	
pyatb_librpa_df/KS_eigenvector_238.dat	118100	1778777557359820000	false	
pyatb_librpa_df/KS_eigenvector_239.dat	118100	1778777557366848000	false	
pyatb_librpa_df/KS_eigenvector_24.dat	118099	1778777556451998000	false	
pyatb_librpa_df/KS_eigenvector_240.dat	118100	1778777557371225000	false	
pyatb_librpa_df/KS_eigenvector_241.dat	118100	1778777557375342000	false	
pyatb_librpa_df/KS_eigenvector_242.dat	118100	1778777557379525000	false	
pyatb_librpa_df/KS_eigenvector_243.dat	118100	1778777557383691000	false	
pyatb_librpa_df/KS_eigenvector_244.dat	118100	1778777557387759000	false	
pyatb_librpa_df/KS_eigenvector_245.dat	118100	1778777557391851000	false	
pyatb_librpa_df/KS_eigenvector_246.dat	118100	1778777557396132000	false	
pyatb_librpa_df/KS_eigenvector_247.dat	118100	1778777557400163000	false	
pyatb_librpa_df/KS_eigenvector_248.dat	118100	1778777557404519000	false	
pyatb_librpa_df/KS_eigenvector_249.dat	118100	1778777557408632000	false	
pyatb_librpa_df/KS_eigenvector_25.dat	118099	1778777556456307000	false	
pyatb_librpa_df/KS_eigenvector_250.dat	118100	1778777557412658000	false	
pyatb_librpa_df/KS_eigenvector_251.dat	118100	1778777557416695000	false	
pyatb_librpa_df/KS_eigenvector_252.dat	118100	1778777557420745000	false	
pyatb_librpa_df/KS_eigenvector_253.dat	118100	1778777557424832000	false	
pyatb_librpa_df/KS_eigenvector_254.dat	118100	1778777557429077000	false	
pyatb_librpa_df/KS_eigenvector_255.dat	118100	1778777557433093000	false	
pyatb_librpa_df/KS_eigenvector_256.dat	118100	1778777557437514000	false	
pyatb_librpa_df/KS_eigenvector_257.dat	118100	1778777557441570000	false	
pyatb_librpa_df/KS_eigenvector_258.dat	118100	1778777557445915000	false	
pyatb_librpa_df/KS_eigenvector_259.dat	118100	1778777557450068000	false	
pyatb_librpa_df/KS_eigenvector_26.dat	118099	1778777556460637000	false	
pyatb_librpa_df/KS_eigenvector_260.dat	118100	1778777557454353000	false	
pyatb_librpa_df/KS_eigenvector_261.dat	118100	1778777557458514000	false	
pyatb_librpa_df/KS_eigenvector_262.dat	118100	1778777557462626000	false	
pyatb_librpa_df/KS_eigenvector_263.dat	118100	1778777557466790000	false	
pyatb_librpa_df/KS_eigenvector_264.dat	118100	1778777557471134000	false	
pyatb_librpa_df/KS_eigenvector_265.dat	118100	1778777557475181000	false	
pyatb_librpa_df/KS_eigenvector_266.dat	118100	1778777557479332000	false	
pyatb_librpa_df/KS_eigenvector_267.dat	118100	1778777557483426000	false	
pyatb_librpa_df/KS_eigenvector_268.dat	118100	1778777557487540000	false	
pyatb_librpa_df/KS_eigenvector_269.dat	118100	1778777557491736000	false	
pyatb_librpa_df/KS_eigenvector_27.dat	118099	1778777556464996000	false	
pyatb_librpa_df/KS_eigenvector_270.dat	118100	1778777557496057000	false	
pyatb_librpa_df/KS_eigenvector_271.dat	118100	1778777557500116000	false	
pyatb_librpa_df/KS_eigenvector_272.dat	118100	1778777557504497000	false	
pyatb_librpa_df/KS_eigenvector_273.dat	118100	1778777557508644000	false	
pyatb_librpa_df/KS_eigenvector_274.dat	118100	1778777557512650000	false	
pyatb_librpa_df/KS_eigenvector_275.dat	118100	1778777557516669000	false	
pyatb_librpa_df/KS_eigenvector_276.dat	118100	1778777557520858000	false	
pyatb_librpa_df/KS_eigenvector_277.dat	118100	1778777557524934000	false	
pyatb_librpa_df/KS_eigenvector_278.dat	118100	1778777557529180000	false	
pyatb_librpa_df/KS_eigenvector_279.dat	118100	1778777557533379000	false	
pyatb_librpa_df/KS_eigenvector_28.dat	118099	1778777556469335000	false	
pyatb_librpa_df/KS_eigenvector_280.dat	118100	1778777557537729000	false	
pyatb_librpa_df/KS_eigenvector_281.dat	118100	1778777557541883000	false	
pyatb_librpa_df/KS_eigenvector_282.dat	118100	1778777557545953000	false	
pyatb_librpa_df/KS_eigenvector_283.dat	118100	1778777557549992000	false	
pyatb_librpa_df/KS_eigenvector_284.dat	118100	1778777557554054000	false	
pyatb_librpa_df/KS_eigenvector_285.dat	118100	1778777557558190000	false	
pyatb_librpa_df/KS_eigenvector_286.dat	118100	1778777557562409000	false	
pyatb_librpa_df/KS_eigenvector_287.dat	118100	1778777557566564000	false	
pyatb_librpa_df/KS_eigenvector_288.dat	118100	1778777557571092000	false	
pyatb_librpa_df/KS_eigenvector_289.dat	118100	1778777557575206000	false	
pyatb_librpa_df/KS_eigenvector_29.dat	118099	1778777556473693000	false	
pyatb_librpa_df/KS_eigenvector_290.dat	118100	1778777557579361000	false	
pyatb_librpa_df/KS_eigenvector_291.dat	118100	1778777557583430000	false	
pyatb_librpa_df/KS_eigenvector_292.dat	118100	1778777557587662000	false	
pyatb_librpa_df/KS_eigenvector_293.dat	118100	1778777557591717000	false	
pyatb_librpa_df/KS_eigenvector_294.dat	118100	1778777557595993000	false	
pyatb_librpa_df/KS_eigenvector_295.dat	118100	1778777557600371000	false	
pyatb_librpa_df/KS_eigenvector_296.dat	118100	1778777557604826000	false	
pyatb_librpa_df/KS_eigenvector_297.dat	118100	1778777557608956000	false	
pyatb_librpa_df/KS_eigenvector_298.dat	118100	1778777557613073000	false	
pyatb_librpa_df/KS_eigenvector_299.dat	118100	1778777557617274000	false	
pyatb_librpa_df/KS_eigenvector_3.dat	118098	1778777556360755000	false	
pyatb_librpa_df/KS_eigenvector_30.dat	118099	1778777556478036000	false	
pyatb_librpa_df/KS_eigenvector_300.dat	118100	1778777557621780000	false	
pyatb_librpa_df/KS_eigenvector_301.dat	118100	1778777557626118000	false	
pyatb_librpa_df/KS_eigenvector_302.dat	118100	1778777557630343000	false	
pyatb_librpa_df/KS_eigenvector_303.dat	118100	1778777557634468000	false	
pyatb_librpa_df/KS_eigenvector_304.dat	118100	1778777557638922000	false	
pyatb_librpa_df/KS_eigenvector_305.dat	118100	1778777557642957000	false	
pyatb_librpa_df/KS_eigenvector_306.dat	118100	1778777557647082000	false	
pyatb_librpa_df/KS_eigenvector_307.dat	118100	1778777557651232000	false	
pyatb_librpa_df/KS_eigenvector_308.dat	118100	1778777557655602000	false	
pyatb_librpa_df/KS_eigenvector_309.dat	118100	1778777557659887000	false	
pyatb_librpa_df/KS_eigenvector_31.dat	118099	1778777556482346000	false	
pyatb_librpa_df/KS_eigenvector_310.dat	118100	1778777557664107000	false	
pyatb_librpa_df/KS_eigenvector_311.dat	118100	1778777557668156000	false	
pyatb_librpa_df/KS_eigenvector_312.dat	118100	1778777557672503000	false	
pyatb_librpa_df/KS_eigenvector_313.dat	118100	1778777557676523000	false	
pyatb_librpa_df/KS_eigenvector_314.dat	118100	1778777557680509000	false	
pyatb_librpa_df/KS_eigenvector_315.dat	118100	1778777557684490000	false	
pyatb_librpa_df/KS_eigenvector_316.dat	118100	1778777557688528000	false	
pyatb_librpa_df/KS_eigenvector_317.dat	118100	1778777557692632000	false	
pyatb_librpa_df/KS_eigenvector_318.dat	118100	1778777557698274000	false	
pyatb_librpa_df/KS_eigenvector_319.dat	118100	1778777557702442000	false	
pyatb_librpa_df/KS_eigenvector_32.dat	118099	1778777556486802000	false	
pyatb_librpa_df/KS_eigenvector_320.dat	118100	1778777557706846000	false	
pyatb_librpa_df/KS_eigenvector_321.dat	118100	1778777557711105000	false	
pyatb_librpa_df/KS_eigenvector_322.dat	118100	1778777557715100000	false	
pyatb_librpa_df/KS_eigenvector_323.dat	118100	1778777557719178000	false	
pyatb_librpa_df/KS_eigenvector_324.dat	118100	1778777557723246000	false	
pyatb_librpa_df/KS_eigenvector_325.dat	118100	1778777557727423000	false	
pyatb_librpa_df/KS_eigenvector_326.dat	118100	1778777557731642000	false	
pyatb_librpa_df/KS_eigenvector_327.dat	118100	1778777557735781000	false	
pyatb_librpa_df/KS_eigenvector_328.dat	118100	1778777557740225000	false	
pyatb_librpa_df/KS_eigenvector_329.dat	118100	1778777557744313000	false	
pyatb_librpa_df/KS_eigenvector_33.dat	118099	1778777556491156000	false	
pyatb_librpa_df/KS_eigenvector_330.dat	118100	1778777557748364000	false	
pyatb_librpa_df/KS_eigenvector_331.dat	118100	1778777557752498000	false	
pyatb_librpa_df/KS_eigenvector_332.dat	118100	1778777557756573000	false	
pyatb_librpa_df/KS_eigenvector_333.dat	118100	1778777557760723000	false	
pyatb_librpa_df/KS_eigenvector_334.dat	118100	1778777557764825000	false	
pyatb_librpa_df/KS_eigenvector_335.dat	118100	1778777557768997000	false	
pyatb_librpa_df/KS_eigenvector_336.dat	118100	1778777557773359000	false	
pyatb_librpa_df/KS_eigenvector_337.dat	118100	1778777557777716000	false	
pyatb_librpa_df/KS_eigenvector_338.dat	118100	1778777557781844000	false	
pyatb_librpa_df/KS_eigenvector_339.dat	118100	1778777557785861000	false	
pyatb_librpa_df/KS_eigenvector_34.dat	118099	1778777556495478000	false	
pyatb_librpa_df/KS_eigenvector_340.dat	118100	1778777557789930000	false	
pyatb_librpa_df/KS_eigenvector_341.dat	118100	1778777557794044000	false	
pyatb_librpa_df/KS_eigenvector_342.dat	118100	1778777557798131000	false	
pyatb_librpa_df/KS_eigenvector_343.dat	118100	1778777557802153000	false	
pyatb_librpa_df/KS_eigenvector_344.dat	118100	1778777557806545000	false	
pyatb_librpa_df/KS_eigenvector_345.dat	118100	1778777557810868000	false	
pyatb_librpa_df/KS_eigenvector_346.dat	118100	1778777557814972000	false	
pyatb_librpa_df/KS_eigenvector_347.dat	118100	1778777557819004000	false	
pyatb_librpa_df/KS_eigenvector_348.dat	118100	1778777557823077000	false	
pyatb_librpa_df/KS_eigenvector_349.dat	118100	1778777557827151000	false	
pyatb_librpa_df/KS_eigenvector_35.dat	118099	1778777556499782000	false	
pyatb_librpa_df/KS_eigenvector_350.dat	118100	1778777557831453000	false	
pyatb_librpa_df/KS_eigenvector_351.dat	118100	1778777557835567000	false	
pyatb_librpa_df/KS_eigenvector_352.dat	118100	1778777557840124000	false	
pyatb_librpa_df/KS_eigenvector_353.dat	118100	1778777557844216000	false	
pyatb_librpa_df/KS_eigenvector_354.dat	118100	1778777557848227000	false	
pyatb_librpa_df/KS_eigenvector_355.dat	118100	1778777557852545000	false	
pyatb_librpa_df/KS_eigenvector_356.dat	118100	1778777557856612000	false	
pyatb_librpa_df/KS_eigenvector_357.dat	118100	1778777557860755000	false	
pyatb_librpa_df/KS_eigenvector_358.dat	118100	1778777557864926000	false	
pyatb_librpa_df/KS_eigenvector_359.dat	118100	1778777557869085000	false	
pyatb_librpa_df/KS_eigenvector_36.dat	118099	1778777556504232000	false	
pyatb_librpa_df/KS_eigenvector_360.dat	118100	1778777557873455000	false	
pyatb_librpa_df/KS_eigenvector_361.dat	118100	1778777557877481000	false	
pyatb_librpa_df/KS_eigenvector_362.dat	118100	1778777557881684000	false	
pyatb_librpa_df/KS_eigenvector_363.dat	118100	1778777557885936000	false	
pyatb_librpa_df/KS_eigenvector_364.dat	118100	1778777557890129000	false	
pyatb_librpa_df/KS_eigenvector_365.dat	118100	1778777557894202000	false	
pyatb_librpa_df/KS_eigenvector_366.dat	118100	1778777557898500000	false	
pyatb_librpa_df/KS_eigenvector_367.dat	118100	1778777557902749000	false	
pyatb_librpa_df/KS_eigenvector_368.dat	118100	1778777557907331000	false	
pyatb_librpa_df/KS_eigenvector_369.dat	118100	1778777557911606000	false	
pyatb_librpa_df/KS_eigenvector_37.dat	118099	1778777556508539000	false	
pyatb_librpa_df/KS_eigenvector_370.dat	118100	1778777557915696000	false	
pyatb_librpa_df/KS_eigenvector_371.dat	118100	1778777557919787000	false	
pyatb_librpa_df/KS_eigenvector_372.dat	118100	1778777557923920000	false	
pyatb_librpa_df/KS_eigenvector_373.dat	118100	1778777557928053000	false	
pyatb_librpa_df/KS_eigenvector_374.dat	118100	1778777557932265000	false	
pyatb_librpa_df/KS_eigenvector_375.dat	118100	1778777557936324000	false	
pyatb_librpa_df/KS_eigenvector_376.dat	118100	1778777557940931000	false	
pyatb_librpa_df/KS_eigenvector_377.dat	118100	1778777557945113000	false	
pyatb_librpa_df/KS_eigenvector_378.dat	118100	1778777557949160000	false	
pyatb_librpa_df/KS_eigenvector_379.dat	118100	1778777557953246000	false	
pyatb_librpa_df/KS_eigenvector_38.dat	118099	1778777556512887000	false	
pyatb_librpa_df/KS_eigenvector_380.dat	118100	1778777557957292000	false	
pyatb_librpa_df/KS_eigenvector_381.dat	118100	1778777557961387000	false	
pyatb_librpa_df/KS_eigenvector_382.dat	118100	1778777557965889000	false	
pyatb_librpa_df/KS_eigenvector_383.dat	118100	1778777557970034000	false	
pyatb_librpa_df/KS_eigenvector_384.dat	118100	1778777557974419000	false	
pyatb_librpa_df/KS_eigenvector_385.dat	118100	1778777557978708000	false	
pyatb_librpa_df/KS_eigenvector_386.dat	118100	1778777557982901000	false	
pyatb_librpa_df/KS_eigenvector_387.dat	118100	1778777557987057000	false	
pyatb_librpa_df/KS_eigenvector_388.dat	118100	1778777557991091000	false	
pyatb_librpa_df/KS_eigenvector_389.dat	118100	1778777557995131000	false	
pyatb_librpa_df/KS_eigenvector_39.dat	118099	1778777556517221000	false	
pyatb_librpa_df/KS_eigenvector_390.dat	118100	1778777557999368000	false	
pyatb_librpa_df/KS_eigenvector_391.dat	118100	1778777558003719000	false	
pyatb_librpa_df/KS_eigenvector_392.dat	118100	1778777558008073000	false	
pyatb_librpa_df/KS_eigenvector_393.dat	118100	1778777558012129000	false	
pyatb_librpa_df/KS_eigenvector_394.dat	118100	1778777558016153000	false	
pyatb_librpa_df/KS_eigenvector_395.dat	118100	1778777558020293000	false	
pyatb_librpa_df/KS_eigenvector_396.dat	118100	1778777558024428000	false	
pyatb_librpa_df/KS_eigenvector_397.dat	118100	1778777558028518000	false	
pyatb_librpa_df/KS_eigenvector_398.dat	118100	1778777558033854000	false	
pyatb_librpa_df/KS_eigenvector_399.dat	118100	1778777558037915000	false	
pyatb_librpa_df/KS_eigenvector_4.dat	118098	1778777556365201000	false	
pyatb_librpa_df/KS_eigenvector_40.dat	118099	1778777556521578000	false	
pyatb_librpa_df/KS_eigenvector_400.dat	118100	1778777558042383000	false	
pyatb_librpa_df/KS_eigenvector_401.dat	118100	1778777558046489000	false	
pyatb_librpa_df/KS_eigenvector_402.dat	118100	1778777558050562000	false	
pyatb_librpa_df/KS_eigenvector_403.dat	118100	1778777558054683000	false	
pyatb_librpa_df/KS_eigenvector_404.dat	118100	1778777558058776000	false	
pyatb_librpa_df/KS_eigenvector_405.dat	118100	1778777558062959000	false	
pyatb_librpa_df/KS_eigenvector_406.dat	118100	1778777558067171000	false	
pyatb_librpa_df/KS_eigenvector_407.dat	118100	1778777558071185000	false	
pyatb_librpa_df/KS_eigenvector_408.dat	118100	1778777558075561000	false	
pyatb_librpa_df/KS_eigenvector_409.dat	118100	1778777558079657000	false	
pyatb_librpa_df/KS_eigenvector_41.dat	118099	1778777556525892000	false	
pyatb_librpa_df/KS_eigenvector_410.dat	118100	1778777558084076000	false	
pyatb_librpa_df/KS_eigenvector_411.dat	118100	1778777558088134000	false	
pyatb_librpa_df/KS_eigenvector_412.dat	118100	1778777558092231000	false	
pyatb_librpa_df/KS_eigenvector_413.dat	118100	1778777558096506000	false	
pyatb_librpa_df/KS_eigenvector_414.dat	118100	1778777558100935000	false	
pyatb_librpa_df/KS_eigenvector_415.dat	118100	1778777558105562000	false	
pyatb_librpa_df/KS_eigenvector_416.dat	118100	1778777558109920000	false	
pyatb_librpa_df/KS_eigenvector_417.dat	118100	1778777558114056000	false	
pyatb_librpa_df/KS_eigenvector_418.dat	118100	1778777558118105000	false	
pyatb_librpa_df/KS_eigenvector_419.dat	118100	1778777558122128000	false	
pyatb_librpa_df/KS_eigenvector_42.dat	118099	1778777556530229000	false	
pyatb_librpa_df/KS_eigenvector_420.dat	118100	1778777558126286000	false	
pyatb_librpa_df/KS_eigenvector_421.dat	118100	1778777558130350000	false	
pyatb_librpa_df/KS_eigenvector_422.dat	118100	1778777558134589000	false	
pyatb_librpa_df/KS_eigenvector_423.dat	118100	1778777558138634000	false	
pyatb_librpa_df/KS_eigenvector_424.dat	118100	1778777558143060000	false	
pyatb_librpa_df/KS_eigenvector_425.dat	118100	1778777558147077000	false	
pyatb_librpa_df/KS_eigenvector_426.dat	118100	1778777558151215000	false	
pyatb_librpa_df/KS_eigenvector_427.dat	118100	1778777558155232000	false	
pyatb_librpa_df/KS_eigenvector_428.dat	118100	1778777558159388000	false	
pyatb_librpa_df/KS_eigenvector_429.dat	118100	1778777558163487000	false	
pyatb_librpa_df/KS_eigenvector_43.dat	118099	1778777556534590000	false	
pyatb_librpa_df/KS_eigenvector_430.dat	118100	1778777558167661000	false	
pyatb_librpa_df/KS_eigenvector_431.dat	118100	1778777558171689000	false	
pyatb_librpa_df/KS_eigenvector_432.dat	118100	1778777558176163000	false	
pyatb_librpa_df/KS_eigenvector_433.dat	118100	1778777558180201000	false	
pyatb_librpa_df/KS_eigenvector_434.dat	118100	1778777558184275000	false	
pyatb_librpa_df/KS_eigenvector_435.dat	118100	1778777558188421000	false	
pyatb_librpa_df/KS_eigenvector_436.dat	118100	1778777558192530000	false	
pyatb_librpa_df/KS_eigenvector_437.dat	118100	1778777558196605000	false	
pyatb_librpa_df/KS_eigenvector_438.dat	118100	1778777558200799000	false	
pyatb_librpa_df/KS_eigenvector_439.dat	118100	1778777558204964000	false	
pyatb_librpa_df/KS_eigenvector_44.dat	118099	1778777556538930000	false	
pyatb_librpa_df/KS_eigenvector_440.dat	118100	1778777558209429000	false	
pyatb_librpa_df/KS_eigenvector_441.dat	118100	1778777558213493000	false	
pyatb_librpa_df/KS_eigenvector_442.dat	118100	1778777558217631000	false	
pyatb_librpa_df/KS_eigenvector_443.dat	118100	1778777558221724000	false	
pyatb_librpa_df/KS_eigenvector_444.dat	118100	1778777558225913000	false	
pyatb_librpa_df/KS_eigenvector_445.dat	118100	1778777558229963000	false	
pyatb_librpa_df/KS_eigenvector_446.dat	118100	1778777558234165000	false	
pyatb_librpa_df/KS_eigenvector_447.dat	118100	1778777558238164000	false	
pyatb_librpa_df/KS_eigenvector_448.dat	118100	1778777558242500000	false	
pyatb_librpa_df/KS_eigenvector_449.dat	118100	1778777558246603000	false	
pyatb_librpa_df/KS_eigenvector_45.dat	118099	1778777556543284000	false	
pyatb_librpa_df/KS_eigenvector_450.dat	118100	1778777558250717000	false	
pyatb_librpa_df/KS_eigenvector_451.dat	118100	1778777558254893000	false	
pyatb_librpa_df/KS_eigenvector_452.dat	118100	1778777558258959000	false	
pyatb_librpa_df/KS_eigenvector_453.dat	118100	1778777558263370000	false	
pyatb_librpa_df/KS_eigenvector_454.dat	118100	1778777558267510000	false	
pyatb_librpa_df/KS_eigenvector_455.dat	118100	1778777558271652000	false	
pyatb_librpa_df/KS_eigenvector_456.dat	118100	1778777558276146000	false	
pyatb_librpa_df/KS_eigenvector_457.dat	118100	1778777558280388000	false	
pyatb_librpa_df/KS_eigenvector_458.dat	118100	1778777558284774000	false	
pyatb_librpa_df/KS_eigenvector_459.dat	118100	1778777558289374000	false	
pyatb_librpa_df/KS_eigenvector_46.dat	118099	1778777556547684000	false	
pyatb_librpa_df/KS_eigenvector_460.dat	118100	1778777558293756000	false	
pyatb_librpa_df/KS_eigenvector_461.dat	118100	1778777558298052000	false	
pyatb_librpa_df/KS_eigenvector_462.dat	118100	1778777558302446000	false	
pyatb_librpa_df/KS_eigenvector_463.dat	118100	1778777558306504000	false	
pyatb_librpa_df/KS_eigenvector_464.dat	118100	1778777558310807000	false	
pyatb_librpa_df/KS_eigenvector_465.dat	118100	1778777558314798000	false	
pyatb_librpa_df/KS_eigenvector_466.dat	118100	1778777558318968000	false	
pyatb_librpa_df/KS_eigenvector_467.dat	118100	1778777558323083000	false	
pyatb_librpa_df/KS_eigenvector_468.dat	118100	1778777558328088000	false	
pyatb_librpa_df/KS_eigenvector_469.dat	118100	1778777558332177000	false	
pyatb_librpa_df/KS_eigenvector_47.dat	118099	1778777556551900000	false	
pyatb_librpa_df/KS_eigenvector_470.dat	118100	1778777558336660000	false	
pyatb_librpa_df/KS_eigenvector_471.dat	118100	1778777558340771000	false	
pyatb_librpa_df/KS_eigenvector_472.dat	118100	1778777558345076000	false	
pyatb_librpa_df/KS_eigenvector_473.dat	118100	1778777558349061000	false	
pyatb_librpa_df/KS_eigenvector_474.dat	118100	1778777558353444000	false	
pyatb_librpa_df/KS_eigenvector_475.dat	118100	1778777558357553000	false	
pyatb_librpa_df/KS_eigenvector_476.dat	118100	1778777558361870000	false	
pyatb_librpa_df/KS_eigenvector_477.dat	118100	1778777558366184000	false	
pyatb_librpa_df/KS_eigenvector_478.dat	118100	1778777558371209000	false	
pyatb_librpa_df/KS_eigenvector_479.dat	118100	1778777558378335000	false	
pyatb_librpa_df/KS_eigenvector_48.dat	118099	1778777556556293000	false	
pyatb_librpa_df/KS_eigenvector_480.dat	118100	1778777558382674000	false	
pyatb_librpa_df/KS_eigenvector_481.dat	118100	1778777558387053000	false	
pyatb_librpa_df/KS_eigenvector_482.dat	118100	1778777558391419000	false	
pyatb_librpa_df/KS_eigenvector_483.dat	118100	1778777558396113000	false	
pyatb_librpa_df/KS_eigenvector_484.dat	118100	1778777558400457000	false	
pyatb_librpa_df/KS_eigenvector_485.dat	118100	1778777558404783000	false	
pyatb_librpa_df/KS_eigenvector_486.dat	118100	1778777558409113000	false	
pyatb_librpa_df/KS_eigenvector_487.dat	118100	1778777558413538000	false	
pyatb_librpa_df/KS_eigenvector_488.dat	118100	1778777558417867000	false	
pyatb_librpa_df/KS_eigenvector_489.dat	118100	1778777558422210000	false	
pyatb_librpa_df/KS_eigenvector_49.dat	118099	1778777556560469000	false	
pyatb_librpa_df/KS_eigenvector_490.dat	118100	1778777558426734000	false	
pyatb_librpa_df/KS_eigenvector_491.dat	118100	1778777558431619000	false	
pyatb_librpa_df/KS_eigenvector_492.dat	118100	1778777558436258000	false	
pyatb_librpa_df/KS_eigenvector_493.dat	118100	1778777558440596000	false	
pyatb_librpa_df/KS_eigenvector_494.dat	118100	1778777558445325000	false	
pyatb_librpa_df/KS_eigenvector_495.dat	118100	1778777558449618000	false	
pyatb_librpa_df/KS_eigenvector_496.dat	118100	1778777558454042000	false	
pyatb_librpa_df/KS_eigenvector_497.dat	118100	1778777558458516000	false	
pyatb_librpa_df/KS_eigenvector_498.dat	118100	1778777558462866000	false	
pyatb_librpa_df/KS_eigenvector_499.dat	118100	1778777558467226000	false	
pyatb_librpa_df/KS_eigenvector_5.dat	118098	1778777556369560000	false	
pyatb_librpa_df/KS_eigenvector_50.dat	118099	1778777556564668000	false	
pyatb_librpa_df/KS_eigenvector_500.dat	118100	1778777558471655000	false	
pyatb_librpa_df/KS_eigenvector_501.dat	118100	1778777558476220000	false	
pyatb_librpa_df/KS_eigenvector_502.dat	118100	1778777558480682000	false	
pyatb_librpa_df/KS_eigenvector_503.dat	118100	1778777558485117000	false	
pyatb_librpa_df/KS_eigenvector_504.dat	118100	1778777558489861000	false	
pyatb_librpa_df/KS_eigenvector_505.dat	118100	1778777558494430000	false	
pyatb_librpa_df/KS_eigenvector_506.dat	118100	1778777558498794000	false	
pyatb_librpa_df/KS_eigenvector_507.dat	118100	1778777558503202000	false	
pyatb_librpa_df/KS_eigenvector_508.dat	118100	1778777558507571000	false	
pyatb_librpa_df/KS_eigenvector_509.dat	118100	1778777558512013000	false	
pyatb_librpa_df/KS_eigenvector_51.dat	118099	1778777556568960000	false	
pyatb_librpa_df/KS_eigenvector_510.dat	118100	1778777558516517000	false	
pyatb_librpa_df/KS_eigenvector_511.dat	118100	1778777558520865000	false	
pyatb_librpa_df/KS_eigenvector_52.dat	118099	1778777556573043000	false	
pyatb_librpa_df/KS_eigenvector_53.dat	118099	1778777556577100000	false	
pyatb_librpa_df/KS_eigenvector_54.dat	118099	1778777556581318000	false	
pyatb_librpa_df/KS_eigenvector_55.dat	118099	1778777556585425000	false	
pyatb_librpa_df/KS_eigenvector_56.dat	118099	1778777556589757000	false	
pyatb_librpa_df/KS_eigenvector_57.dat	118099	1778777556596668000	false	
pyatb_librpa_df/KS_eigenvector_58.dat	118099	1778777556601164000	false	
pyatb_librpa_df/KS_eigenvector_59.dat	118099	1778777556605287000	false	
pyatb_librpa_df/KS_eigenvector_6.dat	118098	1778777556373917000	false	
pyatb_librpa_df/KS_eigenvector_60.dat	118099	1778777556609563000	false	
pyatb_librpa_df/KS_eigenvector_61.dat	118099	1778777556614132000	false	
pyatb_librpa_df/KS_eigenvector_62.dat	118099	1778777556618304000	false	
pyatb_librpa_df/KS_eigenvector_63.dat	118099	1778777556622321000	false	
pyatb_librpa_df/KS_eigenvector_64.dat	118099	1778777556626623000	false	
pyatb_librpa_df/KS_eigenvector_65.dat	118099	1778777556630665000	false	
pyatb_librpa_df/KS_eigenvector_66.dat	118099	1778777556634820000	false	
pyatb_librpa_df/KS_eigenvector_67.dat	118099	1778777556638962000	false	
pyatb_librpa_df/KS_eigenvector_68.dat	118099	1778777556643165000	false	
pyatb_librpa_df/KS_eigenvector_69.dat	118099	1778777556647279000	false	
pyatb_librpa_df/KS_eigenvector_7.dat	118098	1778777556378269000	false	
pyatb_librpa_df/KS_eigenvector_70.dat	118099	1778777556651625000	false	
pyatb_librpa_df/KS_eigenvector_71.dat	118099	1778777556656003000	false	
pyatb_librpa_df/KS_eigenvector_72.dat	118099	1778777556660413000	false	
pyatb_librpa_df/KS_eigenvector_73.dat	118099	1778777556664689000	false	
pyatb_librpa_df/KS_eigenvector_74.dat	118099	1778777556669102000	false	
pyatb_librpa_df/KS_eigenvector_75.dat	118099	1778777556673378000	false	
pyatb_librpa_df/KS_eigenvector_76.dat	118099	1778777556677514000	false	
pyatb_librpa_df/KS_eigenvector_77.dat	118099	1778777556681861000	false	
pyatb_librpa_df/KS_eigenvector_78.dat	118099	1778777556686939000	false	
pyatb_librpa_df/KS_eigenvector_79.dat	118099	1778777556690996000	false	
pyatb_librpa_df/KS_eigenvector_8.dat	118098	1778777556382603000	false	
pyatb_librpa_df/KS_eigenvector_80.dat	118099	1778777556695345000	false	
pyatb_librpa_df/KS_eigenvector_81.dat	118099	1778777556699379000	false	
pyatb_librpa_df/KS_eigenvector_82.dat	118099	1778777556703465000	false	
pyatb_librpa_df/KS_eigenvector_83.dat	118099	1778777556707719000	false	
pyatb_librpa_df/KS_eigenvector_84.dat	118099	1778777556711773000	false	
pyatb_librpa_df/KS_eigenvector_85.dat	118099	1778777556715883000	false	
pyatb_librpa_df/KS_eigenvector_86.dat	118099	1778777556720091000	false	
pyatb_librpa_df/KS_eigenvector_87.dat	118099	1778777556724159000	false	
pyatb_librpa_df/KS_eigenvector_88.dat	118099	1778777556728554000	false	
pyatb_librpa_df/KS_eigenvector_89.dat	118099	1778777556732660000	false	
pyatb_librpa_df/KS_eigenvector_9.dat	118099	1778777556386955000	false	
pyatb_librpa_df/KS_eigenvector_90.dat	118099	1778777556736856000	false	
pyatb_librpa_df/KS_eigenvector_91.dat	118099	1778777556741188000	false	
pyatb_librpa_df/KS_eigenvector_92.dat	118099	1778777556745191000	false	
pyatb_librpa_df/KS_eigenvector_93.dat	118099	1778777556749330000	false	
pyatb_librpa_df/KS_eigenvector_94.dat	118099	1778777556753429000	false	
pyatb_librpa_df/KS_eigenvector_95.dat	118099	1778777556757502000	false	
pyatb_librpa_df/KS_eigenvector_96.dat	118099	1778777556761887000	false	
pyatb_librpa_df/KS_eigenvector_97.dat	118099	1778777556766067000	false	
pyatb_librpa_df/KS_eigenvector_98.dat	118099	1778777556770189000	false	
pyatb_librpa_df/KS_eigenvector_99.dat	118100	1778777556774307000	false	
pyatb_librpa_df/band_out	1467925	1778777568902011764	false	
pyatb_librpa_df/band_out.bak	1467924	1778777568899769697	false	
pyatb_librpa_df/k_path_info	46625	1778777558521832000	false	
pyatb_librpa_df/velocity_matrix	181420044	1778777568888433566	false	
pyatb_librpa_df/velocity_matrix.bak	181420042	1778777568577830457	false	
pyatb_refresh_iter_0001/KPT_scf	29	1778777552415889584	false	
pyatb_refresh_iter_0001/OUT.ABACUS/hrs1_nao.csr	9035834	1778777552622252083	false	
pyatb_refresh_iter_0001/OUT.ABACUS/rr.csr	8255982	1778777552553358764	false	
pyatb_refresh_iter_0001/OUT.ABACUS/running_scf.log	31708	1778777552462797000	false	
pyatb_refresh_iter_0001/OUT.ABACUS/srs1_nao.csr	2673846	1778777552490806181	false	
pyatb_refresh_iter_0001/Out/running.log	64	1778777553355324066	false	
pyatb_refresh_iter_0001/STRU	453	1778777552415358802	false	
pyatb_refresh_iter_0001/__pycache__/output_librpa.cpython-311.pyc	10340	1778777552869924000	false	
pyatb_refresh_iter_0001/fix_pyatb.py	1781	1778777552439535216	false	
pyatb_refresh_iter_0001/get_diel.py	5428	1778777552427538000	false	
pyatb_refresh_iter_0001/output_librpa.py	8058	1778777552439192000	false	
pyatb_refresh_iter_0001/pyatb_librpa_df/KS_eigenvector_0.dat	118098	1778777556347605000	false	
pyatb_refresh_iter_0001/pyatb_librpa_df/KS_eigenvector_1.dat	118098	1778777556352030000	false	
pyatb_refresh_iter_0001/pyatb_librpa_df/KS_eigenvector_10.dat	118099	1778777556391261000	false	
pyatb_refresh_iter_0001/pyatb_librpa_df/KS_eigenvector_100.dat	118100	1778777556778405000	false	
pyatb_refresh_iter_0001/pyatb_librpa_df/KS_eigenvector_101.dat	118100	1778777556782438000	false	
pyatb_refresh_iter_0001/pyatb_librpa_df/KS_eigenvector_102.dat	118100	1778777556786472000	false	
pyatb_refresh_iter_0001/pyatb_librpa_df/KS_eigenvector_103.dat	118100	1778777556790491000	false	
pyatb_refresh_iter_0001/pyatb_librpa_df/KS_eigenvector_104.dat	118100	1778777556794799000	false	
pyatb_refresh_iter_0001/pyatb_librpa_df/KS_eigenvector_105.dat	118100	1778777556799001000	false	
pyatb_refresh_iter_0001/pyatb_librpa_df/KS_eigenvector_106.dat	118100	1778777556803193000	false	
pyatb_refresh_iter_0001/pyatb_librpa_df/KS_eigenvector_107.dat	118100	1778777556807180000	false	
pyatb_refresh_iter_0001/pyatb_librpa_df/KS_eigenvector_108.dat	118100	1778777556811253000	false	
pyatb_refresh_iter_0001/pyatb_librpa_df/KS_eigenvector_109.dat	118100	1778777556815446000	false	
pyatb_refresh_iter_0001/pyatb_librpa_df/KS_eigenvector_11.dat	118099	1778777556395561000	false	
pyatb_refresh_iter_0001/pyatb_librpa_df/KS_eigenvector_110.dat	118100	1778777556819543000	false	
pyatb_refresh_iter_0001/pyatb_librpa_df/KS_eigenvector_111.dat	118100	1778777556823651000	false	
pyatb_refresh_iter_0001/pyatb_librpa_df/KS_eigenvector_112.dat	118100	1778777556827986000	false	
pyatb_refresh_iter_0001/pyatb_librpa_df/KS_eigenvector_113.dat	118100	1778777556831985000	false	
pyatb_refresh_iter_0001/pyatb_librpa_df/KS_eigenvector_114.dat	118100	1778777556836155000	false	
pyatb_refresh_iter_0001/pyatb_librpa_df/KS_eigenvector_115.dat	118100	1778777556840214000	false	
pyatb_refresh_iter_0001/pyatb_librpa_df/KS_eigenvector_116.dat	118100	1778777556844265000	false	
pyatb_refresh_iter_0001/pyatb_librpa_df/KS_eigenvector_117.dat	118100	1778777556848359000	false	
pyatb_refresh_iter_0001/pyatb_librpa_df/KS_eigenvector_118.dat	118100	1778777556852613000	false	
pyatb_refresh_iter_0001/pyatb_librpa_df/KS_eigenvector_119.dat	118100	1778777556859224000	false	
pyatb_refresh_iter_0001/pyatb_librpa_df/KS_eigenvector_12.dat	118099	1778777556399899000	false	
pyatb_refresh_iter_0001/pyatb_librpa_df/KS_eigenvector_120.dat	118100	1778777556863627000	false	
pyatb_refresh_iter_0001/pyatb_librpa_df/KS_eigenvector_121.dat	118100	1778777556867729000	false	
pyatb_refresh_iter_0001/pyatb_librpa_df/KS_eigenvector_122.dat	118100	1778777556871959000	false	
pyatb_refresh_iter_0001/pyatb_librpa_df/KS_eigenvector_123.dat	118100	1778777556876106000	false	
pyatb_refresh_iter_0001/pyatb_librpa_df/KS_eigenvector_124.dat	118100	1778777556880230000	false	
pyatb_refresh_iter_0001/pyatb_librpa_df/KS_eigenvector_125.dat	118100	1778777556884324000	false	
pyatb_refresh_iter_0001/pyatb_librpa_df/KS_eigenvector_126.dat	118100	1778777556888407000	false	
pyatb_refresh_iter_0001/pyatb_librpa_df/KS_eigenvector_127.dat	118100	1778777556892422000	false	
pyatb_refresh_iter_0001/pyatb_librpa_df/KS_eigenvector_128.dat	118100	1778777556896762000	false	
pyatb_refresh_iter_0001/pyatb_librpa_df/KS_eigenvector_129.dat	118100	1778777556900882000	false	
pyatb_refresh_iter_0001/pyatb_librpa_df/KS_eigenvector_13.dat	118099	1778777556404237000	false	
pyatb_refresh_iter_0001/pyatb_librpa_df/KS_eigenvector_130.dat	118100	1778777556905070000	false	
pyatb_refresh_iter_0001/pyatb_librpa_df/KS_eigenvector_131.dat	118100	1778777556909254000	false	
pyatb_refresh_iter_0001/pyatb_librpa_df/KS_eigenvector_132.dat	118100	1778777556913412000	false	
pyatb_refresh_iter_0001/pyatb_librpa_df/KS_eigenvector_133.dat	118100	1778777556917516000	false	
pyatb_refresh_iter_0001/pyatb_librpa_df/KS_eigenvector_134.dat	118100	1778777556921653000	false	
pyatb_refresh_iter_0001/pyatb_librpa_df/KS_eigenvector_135.dat	118100	1778777556925760000	false	
pyatb_refresh_iter_0001/pyatb_librpa_df/KS_eigenvector_136.dat	118100	1778777556930124000	false	
pyatb_refresh_iter_0001/pyatb_librpa_df/KS_eigenvector_137.dat	118100	1778777556934330000	false	
pyatb_refresh_iter_0001/pyatb_librpa_df/KS_eigenvector_138.dat	118100	1778777556938585000	false	
pyatb_refresh_iter_0001/pyatb_librpa_df/KS_eigenvector_139.dat	118100	1778777556942729000	false	
pyatb_refresh_iter_0001/pyatb_librpa_df/KS_eigenvector_14.dat	118099	1778777556408569000	false	
pyatb_refresh_iter_0001/pyatb_librpa_df/KS_eigenvector_140.dat	118100	1778777556947025000	false	
pyatb_refresh_iter_0001/pyatb_librpa_df/KS_eigenvector_141.dat	118100	1778777556951196000	false	
pyatb_refresh_iter_0001/pyatb_librpa_df/KS_eigenvector_142.dat	118100	1778777556955463000	false	
pyatb_refresh_iter_0001/pyatb_librpa_df/KS_eigenvector_143.dat	118100	1778777556959729000	false	
pyatb_refresh_iter_0001/pyatb_librpa_df/KS_eigenvector_144.dat	118100	1778777556964143000	false	
pyatb_refresh_iter_0001/pyatb_librpa_df/KS_eigenvector_145.dat	118100	1778777556968517000	false	
pyatb_refresh_iter_0001/pyatb_librpa_df/KS_eigenvector_146.dat	118100	1778777556972589000	false	
pyatb_refresh_iter_0001/pyatb_librpa_df/KS_eigenvector_147.dat	118100	1778777556976727000	false	
pyatb_refresh_iter_0001/pyatb_librpa_df/KS_eigenvector_148.dat	118100	1778777556980930000	false	
pyatb_refresh_iter_0001/pyatb_librpa_df/KS_eigenvector_149.dat	118100	1778777556985061000	false	
pyatb_refresh_iter_0001/pyatb_librpa_df/KS_eigenvector_15.dat	118099	1778777556412963000	false	
pyatb_refresh_iter_0001/pyatb_librpa_df/KS_eigenvector_150.dat	118100	1778777556989282000	false	
pyatb_refresh_iter_0001/pyatb_librpa_df/KS_eigenvector_151.dat	118100	1778777556993512000	false	
pyatb_refresh_iter_0001/pyatb_librpa_df/KS_eigenvector_152.dat	118100	1778777556998014000	false	
pyatb_refresh_iter_0001/pyatb_librpa_df/KS_eigenvector_153.dat	118100	1778777557002226000	false	
pyatb_refresh_iter_0001/pyatb_librpa_df/KS_eigenvector_154.dat	118100	1778777557006295000	false	
pyatb_refresh_iter_0001/pyatb_librpa_df/KS_eigenvector_155.dat	118100	1778777557010282000	false	
pyatb_refresh_iter_0001/pyatb_librpa_df/KS_eigenvector_156.dat	118100	1778777557014327000	false	
pyatb_refresh_iter_0001/pyatb_librpa_df/KS_eigenvector_157.dat	118100	1778777557018598000	false	
pyatb_refresh_iter_0001/pyatb_librpa_df/KS_eigenvector_158.dat	118100	1778777557023624000	false	
pyatb_refresh_iter_0001/pyatb_librpa_df/KS_eigenvector_159.dat	118100	1778777557027713000	false	
pyatb_refresh_iter_0001/pyatb_librpa_df/KS_eigenvector_16.dat	118099	1778777556417322000	false	
pyatb_refresh_iter_0001/pyatb_librpa_df/KS_eigenvector_160.dat	118100	1778777557032318000	false	
pyatb_refresh_iter_0001/pyatb_librpa_df/KS_eigenvector_161.dat	118100	1778777557036359000	false	
pyatb_refresh_iter_0001/pyatb_librpa_df/KS_eigenvector_162.dat	118100	1778777557040604000	false	
pyatb_refresh_iter_0001/pyatb_librpa_df/KS_eigenvector_163.dat	118100	1778777557044741000	false	
pyatb_refresh_iter_0001/pyatb_librpa_df/KS_eigenvector_164.dat	118100	1778777557049119000	false	
pyatb_refresh_iter_0001/pyatb_librpa_df/KS_eigenvector_165.dat	118100	1778777557053280000	false	
pyatb_refresh_iter_0001/pyatb_librpa_df/KS_eigenvector_166.dat	118100	1778777557057465000	false	
pyatb_refresh_iter_0001/pyatb_librpa_df/KS_eigenvector_167.dat	118100	1778777557061719000	false	
pyatb_refresh_iter_0001/pyatb_librpa_df/KS_eigenvector_168.dat	118100	1778777557066079000	false	
pyatb_refresh_iter_0001/pyatb_librpa_df/KS_eigenvector_169.dat	118100	1778777557070072000	false	
pyatb_refresh_iter_0001/pyatb_librpa_df/KS_eigenvector_17.dat	118099	1778777556421640000	false	
pyatb_refresh_iter_0001/pyatb_librpa_df/KS_eigenvector_170.dat	118100	1778777557074099000	false	
pyatb_refresh_iter_0001/pyatb_librpa_df/KS_eigenvector_171.dat	118100	1778777557078168000	false	
pyatb_refresh_iter_0001/pyatb_librpa_df/KS_eigenvector_172.dat	118100	1778777557082276000	false	
pyatb_refresh_iter_0001/pyatb_librpa_df/KS_eigenvector_173.dat	118100	1778777557086471000	false	
pyatb_refresh_iter_0001/pyatb_librpa_df/KS_eigenvector_174.dat	118100	1778777557090735000	false	
pyatb_refresh_iter_0001/pyatb_librpa_df/KS_eigenvector_175.dat	118100	1778777557094933000	false	
pyatb_refresh_iter_0001/pyatb_librpa_df/KS_eigenvector_176.dat	118100	1778777557099384000	false	
pyatb_refresh_iter_0001/pyatb_librpa_df/KS_eigenvector_177.dat	118100	1778777557103679000	false	
pyatb_refresh_iter_0001/pyatb_librpa_df/KS_eigenvector_178.dat	118100	1778777557107848000	false	
pyatb_refresh_iter_0001/pyatb_librpa_df/KS_eigenvector_179.dat	118100	1778777557111948000	false	
pyatb_refresh_iter_0001/pyatb_librpa_df/KS_eigenvector_18.dat	118099	1778777556425991000	false	
pyatb_refresh_iter_0001/pyatb_librpa_df/KS_eigenvector_180.dat	118100	1778777557115998000	false	
pyatb_refresh_iter_0001/pyatb_librpa_df/KS_eigenvector_181.dat	118100	1778777557120020000	false	
pyatb_refresh_iter_0001/pyatb_librpa_df/KS_eigenvector_182.dat	118100	1778777557124084000	false	
pyatb_refresh_iter_0001/pyatb_librpa_df/KS_eigenvector_183.dat	118100	1778777557128273000	false	
pyatb_refresh_iter_0001/pyatb_librpa_df/KS_eigenvector_184.dat	118100	1778777557132634000	false	
pyatb_refresh_iter_0001/pyatb_librpa_df/KS_eigenvector_185.dat	118100	1778777557136665000	false	
pyatb_refresh_iter_0001/pyatb_librpa_df/KS_eigenvector_186.dat	118100	1778777557140875000	false	
pyatb_refresh_iter_0001/pyatb_librpa_df/KS_eigenvector_187.dat	118100	1778777557144955000	false	
pyatb_refresh_iter_0001/pyatb_librpa_df/KS_eigenvector_188.dat	118100	1778777557149107000	false	
pyatb_refresh_iter_0001/pyatb_librpa_df/KS_eigenvector_189.dat	118100	1778777557153169000	false	
pyatb_refresh_iter_0001/pyatb_librpa_df/KS_eigenvector_19.dat	118099	1778777556430312000	false	
pyatb_refresh_iter_0001/pyatb_librpa_df/KS_eigenvector_190.dat	118100	1778777557157297000	false	
pyatb_refresh_iter_0001/pyatb_librpa_df/KS_eigenvector_191.dat	118100	1778777557161430000	false	
pyatb_refresh_iter_0001/pyatb_librpa_df/KS_eigenvector_192.dat	118100	1778777557165761000	false	
pyatb_refresh_iter_0001/pyatb_librpa_df/KS_eigenvector_193.dat	118100	1778777557169924000	false	
pyatb_refresh_iter_0001/pyatb_librpa_df/KS_eigenvector_194.dat	118100	1778777557174005000	false	
pyatb_refresh_iter_0001/pyatb_librpa_df/KS_eigenvector_195.dat	118100	1778777557178112000	false	
pyatb_refresh_iter_0001/pyatb_librpa_df/KS_eigenvector_196.dat	118100	1778777557182280000	false	
pyatb_refresh_iter_0001/pyatb_librpa_df/KS_eigenvector_197.dat	118100	1778777557186471000	false	
pyatb_refresh_iter_0001/pyatb_librpa_df/KS_eigenvector_198.dat	118100	1778777557190580000	false	
pyatb_refresh_iter_0001/pyatb_librpa_df/KS_eigenvector_199.dat	118100	1778777557194700000	false	
pyatb_refresh_iter_0001/pyatb_librpa_df/KS_eigenvector_2.dat	118098	1778777556356379000	false	
pyatb_refresh_iter_0001/pyatb_librpa_df/KS_eigenvector_20.dat	118099	1778777556434624000	false	
pyatb_refresh_iter_0001/pyatb_librpa_df/KS_eigenvector_200.dat	118100	1778777557199061000	false	
pyatb_refresh_iter_0001/pyatb_librpa_df/KS_eigenvector_201.dat	118100	1778777557203279000	false	
pyatb_refresh_iter_0001/pyatb_librpa_df/KS_eigenvector_202.dat	118100	1778777557207535000	false	
pyatb_refresh_iter_0001/pyatb_librpa_df/KS_eigenvector_203.dat	118100	1778777557211685000	false	
pyatb_refresh_iter_0001/pyatb_librpa_df/KS_eigenvector_204.dat	118100	1778777557215744000	false	
pyatb_refresh_iter_0001/pyatb_librpa_df/KS_eigenvector_205.dat	118100	1778777557219765000	false	
pyatb_refresh_iter_0001/pyatb_librpa_df/KS_eigenvector_206.dat	118100	1778777557223805000	false	
pyatb_refresh_iter_0001/pyatb_librpa_df/KS_eigenvector_207.dat	118100	1778777557227902000	false	
pyatb_refresh_iter_0001/pyatb_librpa_df/KS_eigenvector_208.dat	118100	1778777557232256000	false	
pyatb_refresh_iter_0001/pyatb_librpa_df/KS_eigenvector_209.dat	118100	1778777557236312000	false	
pyatb_refresh_iter_0001/pyatb_librpa_df/KS_eigenvector_21.dat	118099	1778777556438957000	false	
pyatb_refresh_iter_0001/pyatb_librpa_df/KS_eigenvector_210.dat	118100	1778777557240613000	false	
pyatb_refresh_iter_0001/pyatb_librpa_df/KS_eigenvector_211.dat	118100	1778777557244647000	false	
pyatb_refresh_iter_0001/pyatb_librpa_df/KS_eigenvector_212.dat	118100	1778777557249088000	false	
pyatb_refresh_iter_0001/pyatb_librpa_df/KS_eigenvector_213.dat	118100	1778777557253468000	false	
pyatb_refresh_iter_0001/pyatb_librpa_df/KS_eigenvector_214.dat	118100	1778777557257614000	false	
pyatb_refresh_iter_0001/pyatb_librpa_df/KS_eigenvector_215.dat	118100	1778777557261726000	false	
pyatb_refresh_iter_0001/pyatb_librpa_df/KS_eigenvector_216.dat	118100	1778777557266109000	false	
pyatb_refresh_iter_0001/pyatb_librpa_df/KS_eigenvector_217.dat	118100	1778777557270263000	false	
pyatb_refresh_iter_0001/pyatb_librpa_df/KS_eigenvector_218.dat	118100	1778777557274482000	false	
pyatb_refresh_iter_0001/pyatb_librpa_df/KS_eigenvector_219.dat	118100	1778777557278677000	false	
pyatb_refresh_iter_0001/pyatb_librpa_df/KS_eigenvector_22.dat	118099	1778777556443315000	false	
pyatb_refresh_iter_0001/pyatb_librpa_df/KS_eigenvector_220.dat	118100	1778777557282911000	false	
pyatb_refresh_iter_0001/pyatb_librpa_df/KS_eigenvector_221.dat	118100	1778777557286994000	false	
pyatb_refresh_iter_0001/pyatb_librpa_df/KS_eigenvector_222.dat	118100	1778777557291086000	false	
pyatb_refresh_iter_0001/pyatb_librpa_df/KS_eigenvector_223.dat	118100	1778777557295222000	false	
pyatb_refresh_iter_0001/pyatb_librpa_df/KS_eigenvector_224.dat	118100	1778777557299620000	false	
pyatb_refresh_iter_0001/pyatb_librpa_df/KS_eigenvector_225.dat	118100	1778777557304208000	false	
pyatb_refresh_iter_0001/pyatb_librpa_df/KS_eigenvector_226.dat	118100	1778777557308397000	false	
pyatb_refresh_iter_0001/pyatb_librpa_df/KS_eigenvector_227.dat	118100	1778777557312690000	false	
pyatb_refresh_iter_0001/pyatb_librpa_df/KS_eigenvector_228.dat	118100	1778777557316741000	false	
pyatb_refresh_iter_0001/pyatb_librpa_df/KS_eigenvector_229.dat	118100	1778777557320760000	false	
pyatb_refresh_iter_0001/pyatb_librpa_df/KS_eigenvector_23.dat	118099	1778777556447628000	false	
pyatb_refresh_iter_0001/pyatb_librpa_df/KS_eigenvector_230.dat	118100	1778777557324779000	false	
pyatb_refresh_iter_0001/pyatb_librpa_df/KS_eigenvector_231.dat	118100	1778777557328922000	false	
pyatb_refresh_iter_0001/pyatb_librpa_df/KS_eigenvector_232.dat	118100	1778777557333403000	false	
pyatb_refresh_iter_0001/pyatb_librpa_df/KS_eigenvector_233.dat	118100	1778777557337544000	false	
pyatb_refresh_iter_0001/pyatb_librpa_df/KS_eigenvector_234.dat	118100	1778777557341644000	false	
pyatb_refresh_iter_0001/pyatb_librpa_df/KS_eigenvector_235.dat	118100	1778777557346166000	false	
pyatb_refresh_iter_0001/pyatb_librpa_df/KS_eigenvector_236.dat	118100	1778777557350396000	false	
pyatb_refresh_iter_0001/pyatb_librpa_df/KS_eigenvector_237.dat	118100	1778777557354611000	false	
pyatb_refresh_iter_0001/pyatb_librpa_df/KS_eigenvector_238.dat	118100	1778777557359820000	false	
pyatb_refresh_iter_0001/pyatb_librpa_df/KS_eigenvector_239.dat	118100	1778777557366848000	false	
pyatb_refresh_iter_0001/pyatb_librpa_df/KS_eigenvector_24.dat	118099	1778777556451998000	false	
pyatb_refresh_iter_0001/pyatb_librpa_df/KS_eigenvector_240.dat	118100	1778777557371225000	false	
pyatb_refresh_iter_0001/pyatb_librpa_df/KS_eigenvector_241.dat	118100	1778777557375342000	false	
pyatb_refresh_iter_0001/pyatb_librpa_df/KS_eigenvector_242.dat	118100	1778777557379525000	false	
pyatb_refresh_iter_0001/pyatb_librpa_df/KS_eigenvector_243.dat	118100	1778777557383691000	false	
pyatb_refresh_iter_0001/pyatb_librpa_df/KS_eigenvector_244.dat	118100	1778777557387759000	false	
pyatb_refresh_iter_0001/pyatb_librpa_df/KS_eigenvector_245.dat	118100	1778777557391851000	false	
pyatb_refresh_iter_0001/pyatb_librpa_df/KS_eigenvector_246.dat	118100	1778777557396132000	false	
pyatb_refresh_iter_0001/pyatb_librpa_df/KS_eigenvector_247.dat	118100	1778777557400163000	false	
pyatb_refresh_iter_0001/pyatb_librpa_df/KS_eigenvector_248.dat	118100	1778777557404519000	false	
pyatb_refresh_iter_0001/pyatb_librpa_df/KS_eigenvector_249.dat	118100	1778777557408632000	false	
pyatb_refresh_iter_0001/pyatb_librpa_df/KS_eigenvector_25.dat	118099	1778777556456307000	false	
pyatb_refresh_iter_0001/pyatb_librpa_df/KS_eigenvector_250.dat	118100	1778777557412658000	false	
pyatb_refresh_iter_0001/pyatb_librpa_df/KS_eigenvector_251.dat	118100	1778777557416695000	false	
pyatb_refresh_iter_0001/pyatb_librpa_df/KS_eigenvector_252.dat	118100	1778777557420745000	false	
pyatb_refresh_iter_0001/pyatb_librpa_df/KS_eigenvector_253.dat	118100	1778777557424832000	false	
pyatb_refresh_iter_0001/pyatb_librpa_df/KS_eigenvector_254.dat	118100	1778777557429077000	false	
pyatb_refresh_iter_0001/pyatb_librpa_df/KS_eigenvector_255.dat	118100	1778777557433093000	false	
pyatb_refresh_iter_0001/pyatb_librpa_df/KS_eigenvector_256.dat	118100	1778777557437514000	false	
pyatb_refresh_iter_0001/pyatb_librpa_df/KS_eigenvector_257.dat	118100	1778777557441570000	false	
pyatb_refresh_iter_0001/pyatb_librpa_df/KS_eigenvector_258.dat	118100	1778777557445915000	false	
pyatb_refresh_iter_0001/pyatb_librpa_df/KS_eigenvector_259.dat	118100	1778777557450068000	false	
pyatb_refresh_iter_0001/pyatb_librpa_df/KS_eigenvector_26.dat	118099	1778777556460637000	false	
pyatb_refresh_iter_0001/pyatb_librpa_df/KS_eigenvector_260.dat	118100	1778777557454353000	false	
pyatb_refresh_iter_0001/pyatb_librpa_df/KS_eigenvector_261.dat	118100	1778777557458514000	false	
pyatb_refresh_iter_0001/pyatb_librpa_df/KS_eigenvector_262.dat	118100	1778777557462626000	false	
pyatb_refresh_iter_0001/pyatb_librpa_df/KS_eigenvector_263.dat	118100	1778777557466790000	false	
pyatb_refresh_iter_0001/pyatb_librpa_df/KS_eigenvector_264.dat	118100	1778777557471134000	false	
pyatb_refresh_iter_0001/pyatb_librpa_df/KS_eigenvector_265.dat	118100	1778777557475181000	false	
pyatb_refresh_iter_0001/pyatb_librpa_df/KS_eigenvector_266.dat	118100	1778777557479332000	false	
pyatb_refresh_iter_0001/pyatb_librpa_df/KS_eigenvector_267.dat	118100	1778777557483426000	false	
pyatb_refresh_iter_0001/pyatb_librpa_df/KS_eigenvector_268.dat	118100	1778777557487540000	false	
pyatb_refresh_iter_0001/pyatb_librpa_df/KS_eigenvector_269.dat	118100	1778777557491736000	false	
pyatb_refresh_iter_0001/pyatb_librpa_df/KS_eigenvector_27.dat	118099	1778777556464996000	false	
pyatb_refresh_iter_0001/pyatb_librpa_df/KS_eigenvector_270.dat	118100	1778777557496057000	false	
pyatb_refresh_iter_0001/pyatb_librpa_df/KS_eigenvector_271.dat	118100	1778777557500116000	false	
pyatb_refresh_iter_0001/pyatb_librpa_df/KS_eigenvector_272.dat	118100	1778777557504497000	false	
pyatb_refresh_iter_0001/pyatb_librpa_df/KS_eigenvector_273.dat	118100	1778777557508644000	false	
pyatb_refresh_iter_0001/pyatb_librpa_df/KS_eigenvector_274.dat	118100	1778777557512650000	false	
pyatb_refresh_iter_0001/pyatb_librpa_df/KS_eigenvector_275.dat	118100	1778777557516669000	false	
pyatb_refresh_iter_0001/pyatb_librpa_df/KS_eigenvector_276.dat	118100	1778777557520858000	false	
pyatb_refresh_iter_0001/pyatb_librpa_df/KS_eigenvector_277.dat	118100	1778777557524934000	false	
pyatb_refresh_iter_0001/pyatb_librpa_df/KS_eigenvector_278.dat	118100	1778777557529180000	false	
pyatb_refresh_iter_0001/pyatb_librpa_df/KS_eigenvector_279.dat	118100	1778777557533379000	false	
pyatb_refresh_iter_0001/pyatb_librpa_df/KS_eigenvector_28.dat	118099	1778777556469335000	false	
pyatb_refresh_iter_0001/pyatb_librpa_df/KS_eigenvector_280.dat	118100	1778777557537729000	false	
pyatb_refresh_iter_0001/pyatb_librpa_df/KS_eigenvector_281.dat	118100	1778777557541883000	false	
pyatb_refresh_iter_0001/pyatb_librpa_df/KS_eigenvector_282.dat	118100	1778777557545953000	false	
pyatb_refresh_iter_0001/pyatb_librpa_df/KS_eigenvector_283.dat	118100	1778777557549992000	false	
pyatb_refresh_iter_0001/pyatb_librpa_df/KS_eigenvector_284.dat	118100	1778777557554054000	false	
pyatb_refresh_iter_0001/pyatb_librpa_df/KS_eigenvector_285.dat	118100	1778777557558190000	false	
pyatb_refresh_iter_0001/pyatb_librpa_df/KS_eigenvector_286.dat	118100	1778777557562409000	false	
pyatb_refresh_iter_0001/pyatb_librpa_df/KS_eigenvector_287.dat	118100	1778777557566564000	false	
pyatb_refresh_iter_0001/pyatb_librpa_df/KS_eigenvector_288.dat	118100	1778777557571092000	false	
pyatb_refresh_iter_0001/pyatb_librpa_df/KS_eigenvector_289.dat	118100	1778777557575206000	false	
pyatb_refresh_iter_0001/pyatb_librpa_df/KS_eigenvector_29.dat	118099	1778777556473693000	false	
pyatb_refresh_iter_0001/pyatb_librpa_df/KS_eigenvector_290.dat	118100	1778777557579361000	false	
pyatb_refresh_iter_0001/pyatb_librpa_df/KS_eigenvector_291.dat	118100	1778777557583430000	false	
pyatb_refresh_iter_0001/pyatb_librpa_df/KS_eigenvector_292.dat	118100	1778777557587662000	false	
pyatb_refresh_iter_0001/pyatb_librpa_df/KS_eigenvector_293.dat	118100	1778777557591717000	false	
pyatb_refresh_iter_0001/pyatb_librpa_df/KS_eigenvector_294.dat	118100	1778777557595993000	false	
pyatb_refresh_iter_0001/pyatb_librpa_df/KS_eigenvector_295.dat	118100	1778777557600371000	false	
pyatb_refresh_iter_0001/pyatb_librpa_df/KS_eigenvector_296.dat	118100	1778777557604826000	false	
pyatb_refresh_iter_0001/pyatb_librpa_df/KS_eigenvector_297.dat	118100	1778777557608956000	false	
pyatb_refresh_iter_0001/pyatb_librpa_df/KS_eigenvector_298.dat	118100	1778777557613073000	false	
pyatb_refresh_iter_0001/pyatb_librpa_df/KS_eigenvector_299.dat	118100	1778777557617274000	false	
pyatb_refresh_iter_0001/pyatb_librpa_df/KS_eigenvector_3.dat	118098	1778777556360755000	false	
pyatb_refresh_iter_0001/pyatb_librpa_df/KS_eigenvector_30.dat	118099	1778777556478036000	false	
pyatb_refresh_iter_0001/pyatb_librpa_df/KS_eigenvector_300.dat	118100	1778777557621780000	false	
pyatb_refresh_iter_0001/pyatb_librpa_df/KS_eigenvector_301.dat	118100	1778777557626118000	false	
pyatb_refresh_iter_0001/pyatb_librpa_df/KS_eigenvector_302.dat	118100	1778777557630343000	false	
pyatb_refresh_iter_0001/pyatb_librpa_df/KS_eigenvector_303.dat	118100	1778777557634468000	false	
pyatb_refresh_iter_0001/pyatb_librpa_df/KS_eigenvector_304.dat	118100	1778777557638922000	false	
pyatb_refresh_iter_0001/pyatb_librpa_df/KS_eigenvector_305.dat	118100	1778777557642957000	false	
pyatb_refresh_iter_0001/pyatb_librpa_df/KS_eigenvector_306.dat	118100	1778777557647082000	false	
pyatb_refresh_iter_0001/pyatb_librpa_df/KS_eigenvector_307.dat	118100	1778777557651232000	false	
pyatb_refresh_iter_0001/pyatb_librpa_df/KS_eigenvector_308.dat	118100	1778777557655602000	false	
pyatb_refresh_iter_0001/pyatb_librpa_df/KS_eigenvector_309.dat	118100	1778777557659887000	false	
pyatb_refresh_iter_0001/pyatb_librpa_df/KS_eigenvector_31.dat	118099	1778777556482346000	false	
pyatb_refresh_iter_0001/pyatb_librpa_df/KS_eigenvector_310.dat	118100	1778777557664107000	false	
pyatb_refresh_iter_0001/pyatb_librpa_df/KS_eigenvector_311.dat	118100	1778777557668156000	false	
pyatb_refresh_iter_0001/pyatb_librpa_df/KS_eigenvector_312.dat	118100	1778777557672503000	false	
pyatb_refresh_iter_0001/pyatb_librpa_df/KS_eigenvector_313.dat	118100	1778777557676523000	false	
pyatb_refresh_iter_0001/pyatb_librpa_df/KS_eigenvector_314.dat	118100	1778777557680509000	false	
pyatb_refresh_iter_0001/pyatb_librpa_df/KS_eigenvector_315.dat	118100	1778777557684490000	false	
pyatb_refresh_iter_0001/pyatb_librpa_df/KS_eigenvector_316.dat	118100	1778777557688528000	false	
pyatb_refresh_iter_0001/pyatb_librpa_df/KS_eigenvector_317.dat	118100	1778777557692632000	false	
pyatb_refresh_iter_0001/pyatb_librpa_df/KS_eigenvector_318.dat	118100	1778777557698274000	false	
pyatb_refresh_iter_0001/pyatb_librpa_df/KS_eigenvector_319.dat	118100	1778777557702442000	false	
pyatb_refresh_iter_0001/pyatb_librpa_df/KS_eigenvector_32.dat	118099	1778777556486802000	false	
pyatb_refresh_iter_0001/pyatb_librpa_df/KS_eigenvector_320.dat	118100	1778777557706846000	false	
pyatb_refresh_iter_0001/pyatb_librpa_df/KS_eigenvector_321.dat	118100	1778777557711105000	false	
pyatb_refresh_iter_0001/pyatb_librpa_df/KS_eigenvector_322.dat	118100	1778777557715100000	false	
pyatb_refresh_iter_0001/pyatb_librpa_df/KS_eigenvector_323.dat	118100	1778777557719178000	false	
pyatb_refresh_iter_0001/pyatb_librpa_df/KS_eigenvector_324.dat	118100	1778777557723246000	false	
pyatb_refresh_iter_0001/pyatb_librpa_df/KS_eigenvector_325.dat	118100	1778777557727423000	false	
pyatb_refresh_iter_0001/pyatb_librpa_df/KS_eigenvector_326.dat	118100	1778777557731642000	false	
pyatb_refresh_iter_0001/pyatb_librpa_df/KS_eigenvector_327.dat	118100	1778777557735781000	false	
pyatb_refresh_iter_0001/pyatb_librpa_df/KS_eigenvector_328.dat	118100	1778777557740225000	false	
pyatb_refresh_iter_0001/pyatb_librpa_df/KS_eigenvector_329.dat	118100	1778777557744313000	false	
pyatb_refresh_iter_0001/pyatb_librpa_df/KS_eigenvector_33.dat	118099	1778777556491156000	false	
pyatb_refresh_iter_0001/pyatb_librpa_df/KS_eigenvector_330.dat	118100	1778777557748364000	false	
pyatb_refresh_iter_0001/pyatb_librpa_df/KS_eigenvector_331.dat	118100	1778777557752498000	false	
pyatb_refresh_iter_0001/pyatb_librpa_df/KS_eigenvector_332.dat	118100	1778777557756573000	false	
pyatb_refresh_iter_0001/pyatb_librpa_df/KS_eigenvector_333.dat	118100	1778777557760723000	false	
pyatb_refresh_iter_0001/pyatb_librpa_df/KS_eigenvector_334.dat	118100	1778777557764825000	false	
pyatb_refresh_iter_0001/pyatb_librpa_df/KS_eigenvector_335.dat	118100	1778777557768997000	false	
pyatb_refresh_iter_0001/pyatb_librpa_df/KS_eigenvector_336.dat	118100	1778777557773359000	false	
pyatb_refresh_iter_0001/pyatb_librpa_df/KS_eigenvector_337.dat	118100	1778777557777716000	false	
pyatb_refresh_iter_0001/pyatb_librpa_df/KS_eigenvector_338.dat	118100	1778777557781844000	false	
pyatb_refresh_iter_0001/pyatb_librpa_df/KS_eigenvector_339.dat	118100	1778777557785861000	false	
pyatb_refresh_iter_0001/pyatb_librpa_df/KS_eigenvector_34.dat	118099	1778777556495478000	false	
pyatb_refresh_iter_0001/pyatb_librpa_df/KS_eigenvector_340.dat	118100	1778777557789930000	false	
pyatb_refresh_iter_0001/pyatb_librpa_df/KS_eigenvector_341.dat	118100	1778777557794044000	false	
pyatb_refresh_iter_0001/pyatb_librpa_df/KS_eigenvector_342.dat	118100	1778777557798131000	false	
pyatb_refresh_iter_0001/pyatb_librpa_df/KS_eigenvector_343.dat	118100	1778777557802153000	false	
pyatb_refresh_iter_0001/pyatb_librpa_df/KS_eigenvector_344.dat	118100	1778777557806545000	false	
pyatb_refresh_iter_0001/pyatb_librpa_df/KS_eigenvector_345.dat	118100	1778777557810868000	false	
pyatb_refresh_iter_0001/pyatb_librpa_df/KS_eigenvector_346.dat	118100	1778777557814972000	false	
pyatb_refresh_iter_0001/pyatb_librpa_df/KS_eigenvector_347.dat	118100	1778777557819004000	false	
pyatb_refresh_iter_0001/pyatb_librpa_df/KS_eigenvector_348.dat	118100	1778777557823077000	false	
pyatb_refresh_iter_0001/pyatb_librpa_df/KS_eigenvector_349.dat	118100	1778777557827151000	false	
pyatb_refresh_iter_0001/pyatb_librpa_df/KS_eigenvector_35.dat	118099	1778777556499782000	false	
pyatb_refresh_iter_0001/pyatb_librpa_df/KS_eigenvector_350.dat	118100	1778777557831453000	false	
pyatb_refresh_iter_0001/pyatb_librpa_df/KS_eigenvector_351.dat	118100	1778777557835567000	false	
pyatb_refresh_iter_0001/pyatb_librpa_df/KS_eigenvector_352.dat	118100	1778777557840124000	false	
pyatb_refresh_iter_0001/pyatb_librpa_df/KS_eigenvector_353.dat	118100	1778777557844216000	false	
pyatb_refresh_iter_0001/pyatb_librpa_df/KS_eigenvector_354.dat	118100	1778777557848227000	false	
pyatb_refresh_iter_0001/pyatb_librpa_df/KS_eigenvector_355.dat	118100	1778777557852545000	false	
pyatb_refresh_iter_0001/pyatb_librpa_df/KS_eigenvector_356.dat	118100	1778777557856612000	false	
pyatb_refresh_iter_0001/pyatb_librpa_df/KS_eigenvector_357.dat	118100	1778777557860755000	false	
pyatb_refresh_iter_0001/pyatb_librpa_df/KS_eigenvector_358.dat	118100	1778777557864926000	false	
pyatb_refresh_iter_0001/pyatb_librpa_df/KS_eigenvector_359.dat	118100	1778777557869085000	false	
pyatb_refresh_iter_0001/pyatb_librpa_df/KS_eigenvector_36.dat	118099	1778777556504232000	false	
pyatb_refresh_iter_0001/pyatb_librpa_df/KS_eigenvector_360.dat	118100	1778777557873455000	false	
pyatb_refresh_iter_0001/pyatb_librpa_df/KS_eigenvector_361.dat	118100	1778777557877481000	false	
pyatb_refresh_iter_0001/pyatb_librpa_df/KS_eigenvector_362.dat	118100	1778777557881684000	false	
pyatb_refresh_iter_0001/pyatb_librpa_df/KS_eigenvector_363.dat	118100	1778777557885936000	false	
pyatb_refresh_iter_0001/pyatb_librpa_df/KS_eigenvector_364.dat	118100	1778777557890129000	false	
pyatb_refresh_iter_0001/pyatb_librpa_df/KS_eigenvector_365.dat	118100	1778777557894202000	false	
pyatb_refresh_iter_0001/pyatb_librpa_df/KS_eigenvector_366.dat	118100	1778777557898500000	false	
pyatb_refresh_iter_0001/pyatb_librpa_df/KS_eigenvector_367.dat	118100	1778777557902749000	false	
pyatb_refresh_iter_0001/pyatb_librpa_df/KS_eigenvector_368.dat	118100	1778777557907331000	false	
pyatb_refresh_iter_0001/pyatb_librpa_df/KS_eigenvector_369.dat	118100	1778777557911606000	false	
pyatb_refresh_iter_0001/pyatb_librpa_df/KS_eigenvector_37.dat	118099	1778777556508539000	false	
pyatb_refresh_iter_0001/pyatb_librpa_df/KS_eigenvector_370.dat	118100	1778777557915696000	false	
pyatb_refresh_iter_0001/pyatb_librpa_df/KS_eigenvector_371.dat	118100	1778777557919787000	false	
pyatb_refresh_iter_0001/pyatb_librpa_df/KS_eigenvector_372.dat	118100	1778777557923920000	false	
pyatb_refresh_iter_0001/pyatb_librpa_df/KS_eigenvector_373.dat	118100	1778777557928053000	false	
pyatb_refresh_iter_0001/pyatb_librpa_df/KS_eigenvector_374.dat	118100	1778777557932265000	false	
pyatb_refresh_iter_0001/pyatb_librpa_df/KS_eigenvector_375.dat	118100	1778777557936324000	false	
pyatb_refresh_iter_0001/pyatb_librpa_df/KS_eigenvector_376.dat	118100	1778777557940931000	false	
pyatb_refresh_iter_0001/pyatb_librpa_df/KS_eigenvector_377.dat	118100	1778777557945113000	false	
pyatb_refresh_iter_0001/pyatb_librpa_df/KS_eigenvector_378.dat	118100	1778777557949160000	false	
pyatb_refresh_iter_0001/pyatb_librpa_df/KS_eigenvector_379.dat	118100	1778777557953246000	false	
pyatb_refresh_iter_0001/pyatb_librpa_df/KS_eigenvector_38.dat	118099	1778777556512887000	false	
pyatb_refresh_iter_0001/pyatb_librpa_df/KS_eigenvector_380.dat	118100	1778777557957292000	false	
pyatb_refresh_iter_0001/pyatb_librpa_df/KS_eigenvector_381.dat	118100	1778777557961387000	false	
pyatb_refresh_iter_0001/pyatb_librpa_df/KS_eigenvector_382.dat	118100	1778777557965889000	false	
pyatb_refresh_iter_0001/pyatb_librpa_df/KS_eigenvector_383.dat	118100	1778777557970034000	false	
pyatb_refresh_iter_0001/pyatb_librpa_df/KS_eigenvector_384.dat	118100	1778777557974419000	false	
pyatb_refresh_iter_0001/pyatb_librpa_df/KS_eigenvector_385.dat	118100	1778777557978708000	false	
pyatb_refresh_iter_0001/pyatb_librpa_df/KS_eigenvector_386.dat	118100	1778777557982901000	false	
pyatb_refresh_iter_0001/pyatb_librpa_df/KS_eigenvector_387.dat	118100	1778777557987057000	false	
pyatb_refresh_iter_0001/pyatb_librpa_df/KS_eigenvector_388.dat	118100	1778777557991091000	false	
pyatb_refresh_iter_0001/pyatb_librpa_df/KS_eigenvector_389.dat	118100	1778777557995131000	false	
pyatb_refresh_iter_0001/pyatb_librpa_df/KS_eigenvector_39.dat	118099	1778777556517221000	false	
pyatb_refresh_iter_0001/pyatb_librpa_df/KS_eigenvector_390.dat	118100	1778777557999368000	false	
pyatb_refresh_iter_0001/pyatb_librpa_df/KS_eigenvector_391.dat	118100	1778777558003719000	false	
pyatb_refresh_iter_0001/pyatb_librpa_df/KS_eigenvector_392.dat	118100	1778777558008073000	false	
pyatb_refresh_iter_0001/pyatb_librpa_df/KS_eigenvector_393.dat	118100	1778777558012129000	false	
pyatb_refresh_iter_0001/pyatb_librpa_df/KS_eigenvector_394.dat	118100	1778777558016153000	false	
pyatb_refresh_iter_0001/pyatb_librpa_df/KS_eigenvector_395.dat	118100	1778777558020293000	false	
pyatb_refresh_iter_0001/pyatb_librpa_df/KS_eigenvector_396.dat	118100	1778777558024428000	false	
pyatb_refresh_iter_0001/pyatb_librpa_df/KS_eigenvector_397.dat	118100	1778777558028518000	false	
pyatb_refresh_iter_0001/pyatb_librpa_df/KS_eigenvector_398.dat	118100	1778777558033854000	false	
pyatb_refresh_iter_0001/pyatb_librpa_df/KS_eigenvector_399.dat	118100	1778777558037915000	false	
pyatb_refresh_iter_0001/pyatb_librpa_df/KS_eigenvector_4.dat	118098	1778777556365201000	false	
pyatb_refresh_iter_0001/pyatb_librpa_df/KS_eigenvector_40.dat	118099	1778777556521578000	false	
pyatb_refresh_iter_0001/pyatb_librpa_df/KS_eigenvector_400.dat	118100	1778777558042383000	false	
pyatb_refresh_iter_0001/pyatb_librpa_df/KS_eigenvector_401.dat	118100	1778777558046489000	false	
pyatb_refresh_iter_0001/pyatb_librpa_df/KS_eigenvector_402.dat	118100	1778777558050562000	false	
pyatb_refresh_iter_0001/pyatb_librpa_df/KS_eigenvector_403.dat	118100	1778777558054683000	false	
pyatb_refresh_iter_0001/pyatb_librpa_df/KS_eigenvector_404.dat	118100	1778777558058776000	false	
pyatb_refresh_iter_0001/pyatb_librpa_df/KS_eigenvector_405.dat	118100	1778777558062959000	false	
pyatb_refresh_iter_0001/pyatb_librpa_df/KS_eigenvector_406.dat	118100	1778777558067171000	false	
pyatb_refresh_iter_0001/pyatb_librpa_df/KS_eigenvector_407.dat	118100	1778777558071185000	false	
pyatb_refresh_iter_0001/pyatb_librpa_df/KS_eigenvector_408.dat	118100	1778777558075561000	false	
pyatb_refresh_iter_0001/pyatb_librpa_df/KS_eigenvector_409.dat	118100	1778777558079657000	false	
pyatb_refresh_iter_0001/pyatb_librpa_df/KS_eigenvector_41.dat	118099	1778777556525892000	false	
pyatb_refresh_iter_0001/pyatb_librpa_df/KS_eigenvector_410.dat	118100	1778777558084076000	false	
pyatb_refresh_iter_0001/pyatb_librpa_df/KS_eigenvector_411.dat	118100	1778777558088134000	false	
pyatb_refresh_iter_0001/pyatb_librpa_df/KS_eigenvector_412.dat	118100	1778777558092231000	false	
pyatb_refresh_iter_0001/pyatb_librpa_df/KS_eigenvector_413.dat	118100	1778777558096506000	false	
pyatb_refresh_iter_0001/pyatb_librpa_df/KS_eigenvector_414.dat	118100	1778777558100935000	false	
pyatb_refresh_iter_0001/pyatb_librpa_df/KS_eigenvector_415.dat	118100	1778777558105562000	false	
pyatb_refresh_iter_0001/pyatb_librpa_df/KS_eigenvector_416.dat	118100	1778777558109920000	false	
pyatb_refresh_iter_0001/pyatb_librpa_df/KS_eigenvector_417.dat	118100	1778777558114056000	false	
pyatb_refresh_iter_0001/pyatb_librpa_df/KS_eigenvector_418.dat	118100	1778777558118105000	false	
pyatb_refresh_iter_0001/pyatb_librpa_df/KS_eigenvector_419.dat	118100	1778777558122128000	false	
pyatb_refresh_iter_0001/pyatb_librpa_df/KS_eigenvector_42.dat	118099	1778777556530229000	false	
pyatb_refresh_iter_0001/pyatb_librpa_df/KS_eigenvector_420.dat	118100	1778777558126286000	false	
pyatb_refresh_iter_0001/pyatb_librpa_df/KS_eigenvector_421.dat	118100	1778777558130350000	false	
pyatb_refresh_iter_0001/pyatb_librpa_df/KS_eigenvector_422.dat	118100	1778777558134589000	false	
pyatb_refresh_iter_0001/pyatb_librpa_df/KS_eigenvector_423.dat	118100	1778777558138634000	false	
pyatb_refresh_iter_0001/pyatb_librpa_df/KS_eigenvector_424.dat	118100	1778777558143060000	false	
pyatb_refresh_iter_0001/pyatb_librpa_df/KS_eigenvector_425.dat	118100	1778777558147077000	false	
pyatb_refresh_iter_0001/pyatb_librpa_df/KS_eigenvector_426.dat	118100	1778777558151215000	false	
pyatb_refresh_iter_0001/pyatb_librpa_df/KS_eigenvector_427.dat	118100	1778777558155232000	false	
pyatb_refresh_iter_0001/pyatb_librpa_df/KS_eigenvector_428.dat	118100	1778777558159388000	false	
pyatb_refresh_iter_0001/pyatb_librpa_df/KS_eigenvector_429.dat	118100	1778777558163487000	false	
pyatb_refresh_iter_0001/pyatb_librpa_df/KS_eigenvector_43.dat	118099	1778777556534590000	false	
pyatb_refresh_iter_0001/pyatb_librpa_df/KS_eigenvector_430.dat	118100	1778777558167661000	false	
pyatb_refresh_iter_0001/pyatb_librpa_df/KS_eigenvector_431.dat	118100	1778777558171689000	false	
pyatb_refresh_iter_0001/pyatb_librpa_df/KS_eigenvector_432.dat	118100	1778777558176163000	false	
pyatb_refresh_iter_0001/pyatb_librpa_df/KS_eigenvector_433.dat	118100	1778777558180201000	false	
pyatb_refresh_iter_0001/pyatb_librpa_df/KS_eigenvector_434.dat	118100	1778777558184275000	false	
pyatb_refresh_iter_0001/pyatb_librpa_df/KS_eigenvector_435.dat	118100	1778777558188421000	false	
pyatb_refresh_iter_0001/pyatb_librpa_df/KS_eigenvector_436.dat	118100	1778777558192530000	false	
pyatb_refresh_iter_0001/pyatb_librpa_df/KS_eigenvector_437.dat	118100	1778777558196605000	false	
pyatb_refresh_iter_0001/pyatb_librpa_df/KS_eigenvector_438.dat	118100	1778777558200799000	false	
pyatb_refresh_iter_0001/pyatb_librpa_df/KS_eigenvector_439.dat	118100	1778777558204964000	false	
pyatb_refresh_iter_0001/pyatb_librpa_df/KS_eigenvector_44.dat	118099	1778777556538930000	false	
pyatb_refresh_iter_0001/pyatb_librpa_df/KS_eigenvector_440.dat	118100	1778777558209429000	false	
pyatb_refresh_iter_0001/pyatb_librpa_df/KS_eigenvector_441.dat	118100	1778777558213493000	false	
pyatb_refresh_iter_0001/pyatb_librpa_df/KS_eigenvector_442.dat	118100	1778777558217631000	false	
pyatb_refresh_iter_0001/pyatb_librpa_df/KS_eigenvector_443.dat	118100	1778777558221724000	false	
pyatb_refresh_iter_0001/pyatb_librpa_df/KS_eigenvector_444.dat	118100	1778777558225913000	false	
pyatb_refresh_iter_0001/pyatb_librpa_df/KS_eigenvector_445.dat	118100	1778777558229963000	false	
pyatb_refresh_iter_0001/pyatb_librpa_df/KS_eigenvector_446.dat	118100	1778777558234165000	false	
pyatb_refresh_iter_0001/pyatb_librpa_df/KS_eigenvector_447.dat	118100	1778777558238164000	false	
pyatb_refresh_iter_0001/pyatb_librpa_df/KS_eigenvector_448.dat	118100	1778777558242500000	false	
pyatb_refresh_iter_0001/pyatb_librpa_df/KS_eigenvector_449.dat	118100	1778777558246603000	false	
pyatb_refresh_iter_0001/pyatb_librpa_df/KS_eigenvector_45.dat	118099	1778777556543284000	false	
pyatb_refresh_iter_0001/pyatb_librpa_df/KS_eigenvector_450.dat	118100	1778777558250717000	false	
pyatb_refresh_iter_0001/pyatb_librpa_df/KS_eigenvector_451.dat	118100	1778777558254893000	false	
pyatb_refresh_iter_0001/pyatb_librpa_df/KS_eigenvector_452.dat	118100	1778777558258959000	false	
pyatb_refresh_iter_0001/pyatb_librpa_df/KS_eigenvector_453.dat	118100	1778777558263370000	false	
pyatb_refresh_iter_0001/pyatb_librpa_df/KS_eigenvector_454.dat	118100	1778777558267510000	false	
pyatb_refresh_iter_0001/pyatb_librpa_df/KS_eigenvector_455.dat	118100	1778777558271652000	false	
pyatb_refresh_iter_0001/pyatb_librpa_df/KS_eigenvector_456.dat	118100	1778777558276146000	false	
pyatb_refresh_iter_0001/pyatb_librpa_df/KS_eigenvector_457.dat	118100	1778777558280388000	false	
pyatb_refresh_iter_0001/pyatb_librpa_df/KS_eigenvector_458.dat	118100	1778777558284774000	false	
pyatb_refresh_iter_0001/pyatb_librpa_df/KS_eigenvector_459.dat	118100	1778777558289374000	false	
pyatb_refresh_iter_0001/pyatb_librpa_df/KS_eigenvector_46.dat	118099	1778777556547684000	false	
pyatb_refresh_iter_0001/pyatb_librpa_df/KS_eigenvector_460.dat	118100	1778777558293756000	false	
pyatb_refresh_iter_0001/pyatb_librpa_df/KS_eigenvector_461.dat	118100	1778777558298052000	false	
pyatb_refresh_iter_0001/pyatb_librpa_df/KS_eigenvector_462.dat	118100	1778777558302446000	false	
pyatb_refresh_iter_0001/pyatb_librpa_df/KS_eigenvector_463.dat	118100	1778777558306504000	false	
pyatb_refresh_iter_0001/pyatb_librpa_df/KS_eigenvector_464.dat	118100	1778777558310807000	false	
pyatb_refresh_iter_0001/pyatb_librpa_df/KS_eigenvector_465.dat	118100	1778777558314798000	false	
pyatb_refresh_iter_0001/pyatb_librpa_df/KS_eigenvector_466.dat	118100	1778777558318968000	false	
pyatb_refresh_iter_0001/pyatb_librpa_df/KS_eigenvector_467.dat	118100	1778777558323083000	false	
pyatb_refresh_iter_0001/pyatb_librpa_df/KS_eigenvector_468.dat	118100	1778777558328088000	false	
pyatb_refresh_iter_0001/pyatb_librpa_df/KS_eigenvector_469.dat	118100	1778777558332177000	false	
pyatb_refresh_iter_0001/pyatb_librpa_df/KS_eigenvector_47.dat	118099	1778777556551900000	false	
pyatb_refresh_iter_0001/pyatb_librpa_df/KS_eigenvector_470.dat	118100	1778777558336660000	false	
pyatb_refresh_iter_0001/pyatb_librpa_df/KS_eigenvector_471.dat	118100	1778777558340771000	false	
pyatb_refresh_iter_0001/pyatb_librpa_df/KS_eigenvector_472.dat	118100	1778777558345076000	false	
pyatb_refresh_iter_0001/pyatb_librpa_df/KS_eigenvector_473.dat	118100	1778777558349061000	false	
pyatb_refresh_iter_0001/pyatb_librpa_df/KS_eigenvector_474.dat	118100	1778777558353444000	false	
pyatb_refresh_iter_0001/pyatb_librpa_df/KS_eigenvector_475.dat	118100	1778777558357553000	false	
pyatb_refresh_iter_0001/pyatb_librpa_df/KS_eigenvector_476.dat	118100	1778777558361870000	false	
pyatb_refresh_iter_0001/pyatb_librpa_df/KS_eigenvector_477.dat	118100	1778777558366184000	false	
pyatb_refresh_iter_0001/pyatb_librpa_df/KS_eigenvector_478.dat	118100	1778777558371209000	false	
pyatb_refresh_iter_0001/pyatb_librpa_df/KS_eigenvector_479.dat	118100	1778777558378335000	false	
pyatb_refresh_iter_0001/pyatb_librpa_df/KS_eigenvector_48.dat	118099	1778777556556293000	false	
pyatb_refresh_iter_0001/pyatb_librpa_df/KS_eigenvector_480.dat	118100	1778777558382674000	false	
pyatb_refresh_iter_0001/pyatb_librpa_df/KS_eigenvector_481.dat	118100	1778777558387053000	false	
pyatb_refresh_iter_0001/pyatb_librpa_df/KS_eigenvector_482.dat	118100	1778777558391419000	false	
pyatb_refresh_iter_0001/pyatb_librpa_df/KS_eigenvector_483.dat	118100	1778777558396113000	false	
pyatb_refresh_iter_0001/pyatb_librpa_df/KS_eigenvector_484.dat	118100	1778777558400457000	false	
pyatb_refresh_iter_0001/pyatb_librpa_df/KS_eigenvector_485.dat	118100	1778777558404783000	false	
pyatb_refresh_iter_0001/pyatb_librpa_df/KS_eigenvector_486.dat	118100	1778777558409113000	false	
pyatb_refresh_iter_0001/pyatb_librpa_df/KS_eigenvector_487.dat	118100	1778777558413538000	false	
pyatb_refresh_iter_0001/pyatb_librpa_df/KS_eigenvector_488.dat	118100	1778777558417867000	false	
pyatb_refresh_iter_0001/pyatb_librpa_df/KS_eigenvector_489.dat	118100	1778777558422210000	false	
pyatb_refresh_iter_0001/pyatb_librpa_df/KS_eigenvector_49.dat	118099	1778777556560469000	false	
pyatb_refresh_iter_0001/pyatb_librpa_df/KS_eigenvector_490.dat	118100	1778777558426734000	false	
pyatb_refresh_iter_0001/pyatb_librpa_df/KS_eigenvector_491.dat	118100	1778777558431619000	false	
pyatb_refresh_iter_0001/pyatb_librpa_df/KS_eigenvector_492.dat	118100	1778777558436258000	false	
pyatb_refresh_iter_0001/pyatb_librpa_df/KS_eigenvector_493.dat	118100	1778777558440596000	false	
pyatb_refresh_iter_0001/pyatb_librpa_df/KS_eigenvector_494.dat	118100	1778777558445325000	false	
pyatb_refresh_iter_0001/pyatb_librpa_df/KS_eigenvector_495.dat	118100	1778777558449618000	false	
pyatb_refresh_iter_0001/pyatb_librpa_df/KS_eigenvector_496.dat	118100	1778777558454042000	false	
pyatb_refresh_iter_0001/pyatb_librpa_df/KS_eigenvector_497.dat	118100	1778777558458516000	false	
pyatb_refresh_iter_0001/pyatb_librpa_df/KS_eigenvector_498.dat	118100	1778777558462866000	false	
pyatb_refresh_iter_0001/pyatb_librpa_df/KS_eigenvector_499.dat	118100	1778777558467226000	false	
pyatb_refresh_iter_0001/pyatb_librpa_df/KS_eigenvector_5.dat	118098	1778777556369560000	false	
pyatb_refresh_iter_0001/pyatb_librpa_df/KS_eigenvector_50.dat	118099	1778777556564668000	false	
pyatb_refresh_iter_0001/pyatb_librpa_df/KS_eigenvector_500.dat	118100	1778777558471655000	false	
pyatb_refresh_iter_0001/pyatb_librpa_df/KS_eigenvector_501.dat	118100	1778777558476220000	false	
pyatb_refresh_iter_0001/pyatb_librpa_df/KS_eigenvector_502.dat	118100	1778777558480682000	false	
pyatb_refresh_iter_0001/pyatb_librpa_df/KS_eigenvector_503.dat	118100	1778777558485117000	false	
pyatb_refresh_iter_0001/pyatb_librpa_df/KS_eigenvector_504.dat	118100	1778777558489861000	false	
pyatb_refresh_iter_0001/pyatb_librpa_df/KS_eigenvector_505.dat	118100	1778777558494430000	false	
pyatb_refresh_iter_0001/pyatb_librpa_df/KS_eigenvector_506.dat	118100	1778777558498794000	false	
pyatb_refresh_iter_0001/pyatb_librpa_df/KS_eigenvector_507.dat	118100	1778777558503202000	false	
pyatb_refresh_iter_0001/pyatb_librpa_df/KS_eigenvector_508.dat	118100	1778777558507571000	false	
pyatb_refresh_iter_0001/pyatb_librpa_df/KS_eigenvector_509.dat	118100	1778777558512013000	false	
pyatb_refresh_iter_0001/pyatb_librpa_df/KS_eigenvector_51.dat	118099	1778777556568960000	false	
pyatb_refresh_iter_0001/pyatb_librpa_df/KS_eigenvector_510.dat	118100	1778777558516517000	false	
pyatb_refresh_iter_0001/pyatb_librpa_df/KS_eigenvector_511.dat	118100	1778777558520865000	false	
pyatb_refresh_iter_0001/pyatb_librpa_df/KS_eigenvector_52.dat	118099	1778777556573043000	false	
pyatb_refresh_iter_0001/pyatb_librpa_df/KS_eigenvector_53.dat	118099	1778777556577100000	false	
pyatb_refresh_iter_0001/pyatb_librpa_df/KS_eigenvector_54.dat	118099	1778777556581318000	false	
pyatb_refresh_iter_0001/pyatb_librpa_df/KS_eigenvector_55.dat	118099	1778777556585425000	false	
pyatb_refresh_iter_0001/pyatb_librpa_df/KS_eigenvector_56.dat	118099	1778777556589757000	false	
pyatb_refresh_iter_0001/pyatb_librpa_df/KS_eigenvector_57.dat	118099	1778777556596668000	false	
pyatb_refresh_iter_0001/pyatb_librpa_df/KS_eigenvector_58.dat	118099	1778777556601164000	false	
pyatb_refresh_iter_0001/pyatb_librpa_df/KS_eigenvector_59.dat	118099	1778777556605287000	false	
pyatb_refresh_iter_0001/pyatb_librpa_df/KS_eigenvector_6.dat	118098	1778777556373917000	false	
pyatb_refresh_iter_0001/pyatb_librpa_df/KS_eigenvector_60.dat	118099	1778777556609563000	false	
pyatb_refresh_iter_0001/pyatb_librpa_df/KS_eigenvector_61.dat	118099	1778777556614132000	false	
pyatb_refresh_iter_0001/pyatb_librpa_df/KS_eigenvector_62.dat	118099	1778777556618304000	false	
pyatb_refresh_iter_0001/pyatb_librpa_df/KS_eigenvector_63.dat	118099	1778777556622321000	false	
pyatb_refresh_iter_0001/pyatb_librpa_df/KS_eigenvector_64.dat	118099	1778777556626623000	false	
pyatb_refresh_iter_0001/pyatb_librpa_df/KS_eigenvector_65.dat	118099	1778777556630665000	false	
pyatb_refresh_iter_0001/pyatb_librpa_df/KS_eigenvector_66.dat	118099	1778777556634820000	false	
pyatb_refresh_iter_0001/pyatb_librpa_df/KS_eigenvector_67.dat	118099	1778777556638962000	false	
pyatb_refresh_iter_0001/pyatb_librpa_df/KS_eigenvector_68.dat	118099	1778777556643165000	false	
pyatb_refresh_iter_0001/pyatb_librpa_df/KS_eigenvector_69.dat	118099	1778777556647279000	false	
pyatb_refresh_iter_0001/pyatb_librpa_df/KS_eigenvector_7.dat	118098	1778777556378269000	false	
pyatb_refresh_iter_0001/pyatb_librpa_df/KS_eigenvector_70.dat	118099	1778777556651625000	false	
pyatb_refresh_iter_0001/pyatb_librpa_df/KS_eigenvector_71.dat	118099	1778777556656003000	false	
pyatb_refresh_iter_0001/pyatb_librpa_df/KS_eigenvector_72.dat	118099	1778777556660413000	false	
pyatb_refresh_iter_0001/pyatb_librpa_df/KS_eigenvector_73.dat	118099	1778777556664689000	false	
pyatb_refresh_iter_0001/pyatb_librpa_df/KS_eigenvector_74.dat	118099	1778777556669102000	false	
pyatb_refresh_iter_0001/pyatb_librpa_df/KS_eigenvector_75.dat	118099	1778777556673378000	false	
pyatb_refresh_iter_0001/pyatb_librpa_df/KS_eigenvector_76.dat	118099	1778777556677514000	false	
pyatb_refresh_iter_0001/pyatb_librpa_df/KS_eigenvector_77.dat	118099	1778777556681861000	false	
pyatb_refresh_iter_0001/pyatb_librpa_df/KS_eigenvector_78.dat	118099	1778777556686939000	false	
pyatb_refresh_iter_0001/pyatb_librpa_df/KS_eigenvector_79.dat	118099	1778777556690996000	false	
pyatb_refresh_iter_0001/pyatb_librpa_df/KS_eigenvector_8.dat	118098	1778777556382603000	false	
pyatb_refresh_iter_0001/pyatb_librpa_df/KS_eigenvector_80.dat	118099	1778777556695345000	false	
pyatb_refresh_iter_0001/pyatb_librpa_df/KS_eigenvector_81.dat	118099	1778777556699379000	false	
pyatb_refresh_iter_0001/pyatb_librpa_df/KS_eigenvector_82.dat	118099	1778777556703465000	false	
pyatb_refresh_iter_0001/pyatb_librpa_df/KS_eigenvector_83.dat	118099	1778777556707719000	false	
pyatb_refresh_iter_0001/pyatb_librpa_df/KS_eigenvector_84.dat	118099	1778777556711773000	false	
pyatb_refresh_iter_0001/pyatb_librpa_df/KS_eigenvector_85.dat	118099	1778777556715883000	false	
pyatb_refresh_iter_0001/pyatb_librpa_df/KS_eigenvector_86.dat	118099	1778777556720091000	false	
pyatb_refresh_iter_0001/pyatb_librpa_df/KS_eigenvector_87.dat	118099	1778777556724159000	false	
pyatb_refresh_iter_0001/pyatb_librpa_df/KS_eigenvector_88.dat	118099	1778777556728554000	false	
pyatb_refresh_iter_0001/pyatb_librpa_df/KS_eigenvector_89.dat	118099	1778777556732660000	false	
pyatb_refresh_iter_0001/pyatb_librpa_df/KS_eigenvector_9.dat	118099	1778777556386955000	false	
pyatb_refresh_iter_0001/pyatb_librpa_df/KS_eigenvector_90.dat	118099	1778777556736856000	false	
pyatb_refresh_iter_0001/pyatb_librpa_df/KS_eigenvector_91.dat	118099	1778777556741188000	false	
pyatb_refresh_iter_0001/pyatb_librpa_df/KS_eigenvector_92.dat	118099	1778777556745191000	false	
pyatb_refresh_iter_0001/pyatb_librpa_df/KS_eigenvector_93.dat	118099	1778777556749330000	false	
pyatb_refresh_iter_0001/pyatb_librpa_df/KS_eigenvector_94.dat	118099	1778777556753429000	false	
pyatb_refresh_iter_0001/pyatb_librpa_df/KS_eigenvector_95.dat	118099	1778777556757502000	false	
pyatb_refresh_iter_0001/pyatb_librpa_df/KS_eigenvector_96.dat	118099	1778777556761887000	false	
pyatb_refresh_iter_0001/pyatb_librpa_df/KS_eigenvector_97.dat	118099	1778777556766067000	false	
pyatb_refresh_iter_0001/pyatb_librpa_df/KS_eigenvector_98.dat	118099	1778777556770189000	false	
pyatb_refresh_iter_0001/pyatb_librpa_df/KS_eigenvector_99.dat	118100	1778777556774307000	false	
pyatb_refresh_iter_0001/pyatb_librpa_df/band_out	1467925	1778777568902011764	false	
pyatb_refresh_iter_0001/pyatb_librpa_df/band_out.bak	1467924	1778777568899769697	false	
pyatb_refresh_iter_0001/pyatb_librpa_df/k_path_info	46625	1778777558521832000	false	
pyatb_refresh_iter_0001/pyatb_librpa_df/velocity_matrix	181420044	1778777568888433566	false	
pyatb_refresh_iter_0001/pyatb_librpa_df/velocity_matrix.bak	181420042	1778777568577830457	false	
pyatb_velocity_header.txt	12	1778758229207268979	false	
pyatb_velocity_header_iter_0001.txt	12	1778777575819959267	false	
qsgw-advance-1797386.err	6264	1778777626105412861	false	
qsgw-advance-1797386.out	274848	1778780293427901326	false	
qsgw-r2-1796314.err	0	1778758174276485000	false	
qsgw-r2-1796314.out	7368	1778758234783183614	false	
qsgw-r3-1796321.err	0	1778758342095307000	false	
qsgw-r3-1796321.out	15738	1778758364787687627	false	
qsgw-r4-1796334.err	0	1778758596120654000	false	
qsgw-r4-1796334.out	443	1778758600588785832	false	
qsgw-r5-1796341.err	73649	1778758986642501870	false	
qsgw-r5-1796341.out	48684	1778758985968698798	false	
qsgw-r5-1796351.err	85089	1778759187231027103	false	
qsgw-r5-1796351.out	46957	1778759164074980281	false	
qsgw-r5-1796357.err	6445	1778759971685641368	false	
qsgw-r5-1796357.out	53770	1778759948513133559	false	
qsgw-r5-1796492.err	6264	1778760397639333045	false	
qsgw-r5-1796492.out	280516	1778763193902533980	false	
qsgw-r5-clean.marker	29	1778760316334531377	false	
qsgw_adapter.out	548	1778754503721042386	false	
qsgw_adapter_validation.json	547	1778754503720311752	false	
rename_copy.sh	774	1778751344421769494	false	
rr.csr	8255982	1778754492427311352	false	
run_si_qsgw_advance_one_iter_k888.sh	5152	1778760517062067199	false	
run_si_qsgw_band0_iter1_k888.sh	6258	1778751613439087000	false	
run_si_qsgw_band0_iter1_resume_from_stage2_48cp3.sh	5545	1778758158811926000	false	
run_si_qsgw_band0_iter1_resume_from_stage3_48cp3.sh	4726	1778758340631376000	false	
run_si_qsgw_band0_iter1_resume_from_stage5_48cp3.sh	4301	1778758702728038063	false	
s1k10_nao.txt	48237	1778754503336152000	false	
s1k11_nao.txt	48232	1778754503340421000	false	
s1k12_nao.txt	48227	1778754503344734000	false	
s1k13_nao.txt	48177	1778754503348883000	false	
s1k14_nao.txt	48223	1778754503353061000	false	
s1k15_nao.txt	48230	1778754503357188000	false	
s1k16_nao.txt	48232	1778754503361465000	false	
s1k17_nao.txt	48263	1778754503372069000	false	
s1k18_nao.txt	48229	1778754503376460000	false	
s1k19_nao.txt	48223	1778754503381364000	false	
s1k1_nao.txt	47889	1778754503298502000	false	
s1k20_nao.txt	48219	1778754503385602000	false	
s1k21_nao.txt	48220	1778754503556200000	false	
s1k22_nao.txt	48221	1778754503560599000	false	
s1k23_nao.txt	48229	1778754503564803000	false	
s1k24_nao.txt	48266	1778754503569047000	false	
s1k25_nao.txt	48245	1778754503573234000	false	
s1k26_nao.txt	48267	1778754503577342000	false	
s1k27_nao.txt	48231	1778754503581552000	false	
s1k28_nao.txt	48243	1778754503585705000	false	
s1k29_nao.txt	48249	1778754503589973000	false	
s1k2_nao.txt	48237	1778754503302478000	false	
s1k3_nao.txt	48246	1778754503306609000	false	
s1k4_nao.txt	48262	1778754503310735000	false	
s1k5_nao.txt	48242	1778754503314898000	false	
s1k6_nao.txt	48197	1778754503319124000	false	
s1k7_nao.txt	48237	1778754503323364000	false	
s1k8_nao.txt	48236	1778754503327592000	false	
s1k9_nao.txt	48230	1778754503331840000	false	
scf_librpa_root/KS_eigenvector_0.dat	118098	1778754492549240000	false	
scf_librpa_root/KS_eigenvector_1.dat	118098	1778754492654766000	false	
scf_librpa_root/KS_eigenvector_10.dat	118099	1778754492558991000	false	
scf_librpa_root/KS_eigenvector_11.dat	118099	1778754492568439000	false	
scf_librpa_root/KS_eigenvector_12.dat	118099	1778754492578415000	false	
scf_librpa_root/KS_eigenvector_13.dat	118099	1778754492587897000	false	
scf_librpa_root/KS_eigenvector_14.dat	118099	1778754492597594000	false	
scf_librpa_root/KS_eigenvector_15.dat	118099	1778754492607166000	false	
scf_librpa_root/KS_eigenvector_16.dat	118099	1778754492616802000	false	
scf_librpa_root/KS_eigenvector_17.dat	118099	1778754492625975000	false	
scf_librpa_root/KS_eigenvector_18.dat	118099	1778754492635245000	false	
scf_librpa_root/KS_eigenvector_19.dat	118099	1778754492645388000	false	
scf_librpa_root/KS_eigenvector_2.dat	118098	1778754492751162000	false	
scf_librpa_root/KS_eigenvector_20.dat	118099	1778754492664336000	false	
scf_librpa_root/KS_eigenvector_21.dat	118099	1778754492674265000	false	
scf_librpa_root/KS_eigenvector_22.dat	118099	1778754492683891000	false	
scf_librpa_root/KS_eigenvector_23.dat	118099	1778754492693285000	false	
scf_librpa_root/KS_eigenvector_24.dat	118099	1778754492702594000	false	
scf_librpa_root/KS_eigenvector_25.dat	118099	1778754492712410000	false	
scf_librpa_root/KS_eigenvector_26.dat	118099	1778754492721782000	false	
scf_librpa_root/KS_eigenvector_27.dat	118099	1778754492731768000	false	
scf_librpa_root/KS_eigenvector_28.dat	118099	1778754492741333000	false	
scf_librpa_root/KS_eigenvector_3.dat	118098	1778754492760667000	false	
scf_librpa_root/KS_eigenvector_4.dat	118098	1778754492769825000	false	
scf_librpa_root/KS_eigenvector_5.dat	118098	1778754492779409000	false	
scf_librpa_root/KS_eigenvector_6.dat	118098	1778754492789031000	false	
scf_librpa_root/KS_eigenvector_7.dat	118098	1778754492798462000	false	
scf_librpa_root/KS_eigenvector_8.dat	118098	1778754492807942000	false	
scf_librpa_root/KS_eigenvector_9.dat	118099	1778754492817611000	false	
scf_librpa_root/band_out	97364	1778754492539621000	false	
scf_librpa_root/irreducible_sector.txt	6359	1778754492827142000	false	
scf_librpa_root/symrot_R.txt	2149112	1778754492963138606	false	
scf_librpa_root/symrot_abf_k.txt	45615893	1778754493011245853	false	
scf_librpa_root/symrot_k.txt	1758323	1778754492979024466	false	
scf_librpa_root/vxc_out	61256	1778754493031436000	false	
scf_librpa_root/vxc_out.dat	61256	1778754493022287000	false	
shrink_sinvS_0.txt	63185870	1778754440437763349	false	
shrink_sinvS_1.txt	63183089	1778754440584678636	false	
shrink_sinvS_2.txt	63183205	1778754440439741789	false	
shrink_sinvS_3.txt	63184571	1778754440523330057	false	
sks1k10_nao.txt	48237	1778754503338326000	false	
sks1k11_nao.txt	48232	1778754503342549000	false	
sks1k12_nao.txt	48227	1778754503346768000	false	
sks1k13_nao.txt	48177	1778754503350944000	false	
sks1k14_nao.txt	48223	1778754503355075000	false	
sks1k15_nao.txt	48230	1778754503359318000	false	
sks1k16_nao.txt	48232	1778754503369935000	false	
sks1k17_nao.txt	48263	1778754503374315000	false	
sks1k18_nao.txt	48229	1778754503379354000	false	
sks1k19_nao.txt	48223	1778754503383457000	false	
sks1k1_nao.txt	47889	1778754503300423000	false	
sks1k20_nao.txt	48219	1778754503387709000	false	
sks1k21_nao.txt	48220	1778754503558473000	false	
sks1k22_nao.txt	48221	1778754503562790000	false	
sks1k23_nao.txt	48229	1778754503566969000	false	
sks1k24_nao.txt	48266	1778754503571140000	false	
sks1k25_nao.txt	48245	1778754503575343000	false	
sks1k26_nao.txt	48267	1778754503579405000	false	
sks1k27_nao.txt	48231	1778754503583621000	false	
sks1k28_nao.txt	48243	1778754503587811000	false	
sks1k29_nao.txt	48249	1778754503592045000	false	
sks1k2_nao.txt	48237	1778754503304595000	false	
sks1k3_nao.txt	48246	1778754503308682000	false	
sks1k4_nao.txt	48262	1778754503312833000	false	
sks1k5_nao.txt	48242	1778754503317054000	false	
sks1k6_nao.txt	48197	1778754503321302000	false	
sks1k7_nao.txt	48237	1778754503325492000	false	
sks1k8_nao.txt	48236	1778754503329672000	false	
sks1k9_nao.txt	48230	1778754503333996000	false	
slurm-1795929.err	601	1778754505643376080	false	
slurm-1795929.out	7927	1778754503778232472	false	
srs1_nao.csr	2673846	1778754492412210627	false	
stru_out	2747	1778754074339929612	false	
symrot_R.txt	2149112	1778754492459600854	false	
symrot_abf_k.txt	45615893	1778754492502702486	false	
symrot_k.txt	1758323	1778754492471020078	false	
time.json	25369	1778758361759873152	false	
vxc_out	61256	1778760334497002000	true	vxc_out.dat
vxc_out.dat	61256	1778760334497002000	false	
vxcs1k10_nao.txt	48514	1778754503635228000	false	
vxcs1k11_nao.txt	48506	1778754503639564000	false	
vxcs1k12_nao.txt	48520	1778754503644284000	false	
vxcs1k13_nao.txt	48502	1778754503648562000	false	
vxcs1k14_nao.txt	48522	1778754503653008000	false	
vxcs1k15_nao.txt	48474	1778754503657224000	false	
vxcs1k16_nao.txt	48504	1778754503661687000	false	
vxcs1k17_nao.txt	48484	1778754503666171000	false	
vxcs1k18_nao.txt	48513	1778754503670771000	false	
vxcs1k19_nao.txt	48501	1778754503675116000	false	
vxcs1k1_nao.txt	48040	1778754503595737000	false	
vxcs1k20_nao.txt	48508	1778754503679828000	false	
vxcs1k21_nao.txt	48508	1778754503684704000	false	
vxcs1k22_nao.txt	48485	1778754503688919000	false	
vxcs1k23_nao.txt	48488	1778754503693394000	false	
vxcs1k24_nao.txt	48500	1778754503697777000	false	
vxcs1k25_nao.txt	48539	1778754503702385000	false	
vxcs1k26_nao.txt	48487	1778754503706676000	false	
vxcs1k27_nao.txt	48535	1778754503711020000	false	
vxcs1k28_nao.txt	48502	1778754503715834000	false	
vxcs1k29_nao.txt	48481	1778754503720027000	false	
vxcs1k2_nao.txt	48552	1778754503599750000	false	
vxcs1k3_nao.txt	48498	1778754503603772000	false	
vxcs1k4_nao.txt	48541	1778754503608406000	false	
vxcs1k5_nao.txt	48509	1778754503612590000	false	
vxcs1k6_nao.txt	48521	1778754503617237000	false	
vxcs1k7_nao.txt	48520	1778754503621623000	false	
vxcs1k8_nao.txt	48551	1778754503626086000	false	
vxcs1k9_nao.txt	48533	1778754503630704000	false	
