Initialized LibRPA global environment at [2026-07-16 23:08:47.177]
Total number of tasks    :     4
Total number of nodes    :     1
Maximal number of threads:  12
MPI tasks information:
| Proc    0 of Size    4: c2v100m3-2.hpc2
| Proc    1 of Size    4: c2v100m3-2.hpc2
| Proc    2 of Size    4: c2v100m3-2.hpc2
| Proc    3 of Size    4: c2v100m3-2.hpc2
| Global ID of master process of node     0 :     0

LibRPA CMake build info:
| Build type               : RelWithDebInfo
| Source code directory    : /data/home/df_iopcas_bhj/ai-runs/librpa-qsgw-rebase-gates-20260715T1910-7d69a18c/src-candidate-a25e4e43-v1/librpa-a25e4e43/src
| Source code Git reference: GITDIR-NOTFOUND
| Source code Git hash     : GITDIR-NOTFOUND
| C++ compiler             : /data/app/intel/oneapi-2024.2/mpi/2021.13/bin/mpiicpx
| C++ compiler flags       :   -fiopenmp
| Fortran compiler         : /data/app/intel/oneapi-2024.2/mpi/2021.13/bin/mpiifx
| Fortran compiler flags   : 
| GreenX commit hash       : c90d131
| Use LibRI                : ON
| LibRI include directory  : /data/home/df_iopcas_bhj/ai-runs/librpa-qsgw-rebase-gates-20260715T1910-7d69a18c/src-candidate-a25e4e43-v1/librpa-a25e4e43/thirdparty/LibRI/include
| LibComm include directory: /data/home/df_iopcas_bhj/ai-runs/librpa-qsgw-rebase-gates-20260715T1910-7d69a18c/src-candidate-a25e4e43-v1/librpa-a25e4e43/thirdparty/LibComm/include

===== Begin driver parameters  =====
task = g0w0
constants_choice = internal
input_dir = /data/home/df_iopcas_bhj/ai-runs/librpa-qsgw-rebase-gates-20260715T1910-7d69a18c/inputs/si-k444-headwing-scf-synced-v2-2345960/dataset/
prefix_lri_coeff = Cs_data
prefix_lri_coeff_shrink = Cs_shrinked_data
prefix_shrink_sinvS = shrink_sinvS_
prefix_coul_full = coulomb_mat
prefix_coul_cut = coulomb_cut
prefix_eigvecs_scf = KS_eigenvector
fn_stru = stru_out
fn_bz_sampling = bz_sampling_out
fn_basis = basis_out
fn_basis_wfc = basis_wfc_out
fn_basis_aux = basis_aux_out
fn_basis_aux_shrink = basis_aux_shrink_out
fn_eigocc_scf = band_out
fn_dielfunc = dielecfunc_out
fn_vxc_scf = vxc_out.dat
fn_band_kpath_info = disabled_for_grid_only_sigc_comparison
output_level = info
use_spinor_wfc = false
output_energy_qp = false
output_gw_spec_func = false
output_hamgnn = false
use_pyatb = false
version_coul_reader = -1
version_lri_reader = -1
cs_R_threshold = 1e-06
i_state_low = 0
i_state_high = 999999
===== End driver parameters    =====

===== Begin control parameters =====
output_dir = ./
restart_from_dir = <output_dir>
tfgrids_type = minimax
anacon_tfgrids_type = unset
parallel_routing = libri
rpa_headwing_mode = qavg
nfreq = 6
n_bands_chi0 = -1
n_bands_sigc = -1
n_params_anacon = -1
n_params_anacon_resample = -1
anacon_nfreq = -1
option_qpe_solver = 0
option_dielect_func = 4
option_bvk_remap = 1
rpa_headwing_body_start = 0
qpe_solver_n_iter_max = 10000
libri_chi0_collect_s0_chunk = 0
istate_ref_hedin_shift = -1
ifreq_output_wc_start = 0
ifreq_output_wc_end = -1
libri_chi0_collect_max_bytes = 0
gf_R_threshold = 0
vq_threshold = 0
minimax_emin = -1
minimax_emax = -1
minimax_regulation = 0
sqrt_coulomb_threshold = 0
libri_chi0_threshold_C = 0
libri_chi0_threshold_G = 0
libri_exx_threshold_C = 0
libri_exx_threshold_D = 0
libri_exx_threshold_V = 0
libri_g0w0_threshold_C = 0
libri_g0w0_threshold_G = 0
libri_g0w0_threshold_Wc = 0
qpe_solver_thres = 1e-06
qpe_solver_damp_factor = 0.1
sf_gf_omega_shift = 0.01
sf_sigc_omega_shift = 0.01
debug = false
replace_w_head = true
use_fullcoul_eps = true
use_fullcoul_exx = false
use_fullcoul_wc = false
use_symmetry_exx = false
use_symmetry_gw = false
use_symmetry_rpa = false
output_abacus_gw_gf = false
use_shrink_abfs = false
use_shrink_chi = false
use_scalapack_ecrpa = true
use_scalapack_gw_wc = true
use_cholesky_gw_wc = false
use_gpu_replace_scalapack = false
use_elpa_sqrt_coulomb = false
use_kpara_scf_eigvec = false
read_sigc_mat_rf = false
output_gw_sigc_ks_kf = false
output_gw_sigc_ks_mat_kf = true
output_gw_sigc_mat_kf = false
output_gw_sigc_mat_rf = false
output_gw_sigc_mat_rt = false
output_wc_rf = false
output_wc_rf_atom_pair = true
use_qpe_adaptive_damp = false
use_qpe_legacy_update = false
override_qpe_solver_nan = false
use_hedin_shift = false
===== End control parameters   =====

Mean-field dimensions set:
| number of spins           : 1
| number of k-points        : 64
| number of bands           : 26
| number of NAOs            : 26
| number of spin components : 1
Internal two-level (SCF k-points/matrix block) parallelization for eigenvectors set:
| processes per k-point      : 1
| processes per matrix block : 4
Mean-field eigenvalues and occupation numbers set:
| Minimal transition energy (Ha):       0.0400521258
| Maximal transition energy (Ha):       5.8659208022
| Fermi level               (Ha):       0.2564169102
Reading structure file: /data/home/df_iopcas_bhj/ai-runs/librpa-qsgw-rebase-gates-20260715T1910-7d69a18c/inputs/si-k444-headwing-scf-synced-v2-2345960/dataset/stru_out
Lattice vectors (Bohr): latt
               0         5.13155         5.13155
         5.13155               0         5.13155
         5.13155         5.13155               0
Reciprocal lattice vectors (2PI Bohr^-1): G
      -0.0974364       0.0974364       0.0974364
       0.0974364      -0.0974364       0.0974364
       0.0974364       0.0974364      -0.0974364
Consistency check: latt * G.T
               1               0               0
               0               1               0
               0               0               1
Atom positions read (Cartesian in Bohr | fractional):
ia    1:    0.0000000    0.0000000    0.0000000 |    0.0000000    0.0000000    0.0000000
ia    2:    2.5657622    2.5657622    2.5657622 |    0.2499986    0.2499986    0.2499986

Reading Brillouin zone sampling file: /data/home/df_iopcas_bhj/ai-runs/librpa-qsgw-rebase-gates-20260715T1910-7d69a18c/inputs/si-k444-headwing-scf-synced-v2-2345960/dataset/bz_sampling_out
kgrids:   4   4   4
k-points read (Cartesian in 2Pi Bohr^-1 | fractional):
ik    1:    0.0000000    0.0000000    0.0000000 |    0.0000000    0.0000000    0.0000000
ik    2:   -0.0243591    0.0243591    0.0243591 |    0.2500000    0.0000000    0.0000000
ik    3:   -0.0487182    0.0487182    0.0487182 |    0.5000000    0.0000000    0.0000000
ik    4:   -0.0730773    0.0730773    0.0730773 |    0.7500000    0.0000000    0.0000000
ik    5:    0.0243591   -0.0243591    0.0243591 |    0.0000000    0.2500000    0.0000000
ik    6:    0.0000000    0.0000000    0.0487182 |    0.2500000    0.2500000    0.0000000
ik    7:   -0.0243591    0.0243591    0.0730773 |    0.5000000    0.2500000    0.0000000
ik    8:   -0.0487182    0.0487182    0.0974364 |    0.7500000    0.2500000    0.0000000
ik    9:    0.0487182   -0.0487182    0.0487182 |    0.0000000    0.5000000    0.0000000
ik   10:    0.0243591   -0.0243591    0.0730773 |    0.2500000    0.5000000    0.0000000
ik   11:    0.0000000    0.0000000    0.0974364 |    0.5000000    0.5000000    0.0000000
ik   12:   -0.0243591    0.0243591    0.1217955 |    0.7500000    0.5000000    0.0000000
ik   13:    0.0730773   -0.0730773    0.0730773 |    0.0000000    0.7500000    0.0000000
ik   14:    0.0487182   -0.0487182    0.0974364 |    0.2500000    0.7500000    0.0000000
ik   15:    0.0243591   -0.0243591    0.1217955 |    0.5000000    0.7500000    0.0000000
ik   16:    0.0000000    0.0000000    0.1461546 |    0.7500000    0.7500000    0.0000000
ik   17:    0.0243591    0.0243591   -0.0243591 |    0.0000000    0.0000000    0.2500000
ik   18:    0.0000000    0.0487182    0.0000000 |    0.2500000    0.0000000    0.2500000
ik   19:   -0.0243591    0.0730773    0.0243591 |    0.5000000    0.0000000    0.2500000
ik   20:   -0.0487182    0.0974364    0.0487182 |    0.7500000    0.0000000    0.2500000
ik   21:    0.0487182    0.0000000    0.0000000 |    0.0000000    0.2500000    0.2500000
ik   22:    0.0243591    0.0243591    0.0243591 |    0.2500000    0.2500000    0.2500000
ik   23:    0.0000000    0.0487182    0.0487182 |    0.5000000    0.2500000    0.2500000
ik   24:   -0.0243591    0.0730773    0.0730773 |    0.7500000    0.2500000    0.2500000
ik   25:    0.0730773   -0.0243591    0.0243591 |    0.0000000    0.5000000    0.2500000
ik   26:    0.0487182    0.0000000    0.0487182 |    0.2500000    0.5000000    0.2500000
ik   27:    0.0243591    0.0243591    0.0730773 |    0.5000000    0.5000000    0.2500000
ik   28:    0.0000000    0.0487182    0.0974364 |    0.7500000    0.5000000    0.2500000
ik   29:    0.0974364   -0.0487182    0.0487182 |    0.0000000    0.7500000    0.2500000
ik   30:    0.0730773   -0.0243591    0.0730773 |    0.2500000    0.7500000    0.2500000
ik   31:    0.0487182    0.0000000    0.0974364 |    0.5000000    0.7500000    0.2500000
ik   32:    0.0243591    0.0243591    0.1217955 |    0.7500000    0.7500000    0.2500000
ik   33:    0.0487182    0.0487182   -0.0487182 |    0.0000000    0.0000000    0.5000000
ik   34:    0.0243591    0.0730773   -0.0243591 |    0.2500000    0.0000000    0.5000000
ik   35:    0.0000000    0.0974364    0.0000000 |    0.5000000    0.0000000    0.5000000
ik   36:   -0.0243591    0.1217955    0.0243591 |    0.7500000    0.0000000    0.5000000
ik   37:    0.0730773    0.0243591   -0.0243591 |    0.0000000    0.2500000    0.5000000
ik   38:    0.0487182    0.0487182    0.0000000 |    0.2500000    0.2500000    0.5000000
ik   39:    0.0243591    0.0730773    0.0243591 |    0.5000000    0.2500000    0.5000000
ik   40:    0.0000000    0.0974364    0.0487182 |    0.7500000    0.2500000    0.5000000
ik   41:    0.0974364    0.0000000    0.0000000 |    0.0000000    0.5000000    0.5000000
ik   42:    0.0730773    0.0243591    0.0243591 |    0.2500000    0.5000000    0.5000000
ik   43:    0.0487182    0.0487182    0.0487182 |    0.5000000    0.5000000    0.5000000
ik   44:    0.0243591    0.0730773    0.0730773 |    0.7500000    0.5000000    0.5000000
ik   45:    0.1217955   -0.0243591    0.0243591 |    0.0000000    0.7500000    0.5000000
ik   46:    0.0974364    0.0000000    0.0487182 |    0.2500000    0.7500000    0.5000000
ik   47:    0.0730773    0.0243591    0.0730773 |    0.5000000    0.7500000    0.5000000
ik   48:    0.0487182    0.0487182    0.0974364 |    0.7500000    0.7500000    0.5000000
ik   49:    0.0730773    0.0730773   -0.0730773 |    0.0000000    0.0000000    0.7500000
ik   50:    0.0487182    0.0974364   -0.0487182 |    0.2500000    0.0000000    0.7500000
ik   51:    0.0243591    0.1217955   -0.0243591 |    0.5000000    0.0000000    0.7500000
ik   52:    0.0000000    0.1461546    0.0000000 |    0.7500000    0.0000000    0.7500000
ik   53:    0.0974364    0.0487182   -0.0487182 |    0.0000000    0.2500000    0.7500000
ik   54:    0.0730773    0.0730773   -0.0243591 |    0.2500000    0.2500000    0.7500000
ik   55:    0.0487182    0.0974364    0.0000000 |    0.5000000    0.2500000    0.7500000
ik   56:    0.0243591    0.1217955    0.0243591 |    0.7500000    0.2500000    0.7500000
ik   57:    0.1217955    0.0243591   -0.0243591 |    0.0000000    0.5000000    0.7500000
ik   58:    0.0974364    0.0487182    0.0000000 |    0.2500000    0.5000000    0.7500000
ik   59:    0.0730773    0.0730773    0.0243591 |    0.5000000    0.5000000    0.7500000
ik   60:    0.0487182    0.0974364    0.0487182 |    0.7500000    0.5000000    0.7500000
ik   61:    0.1461546    0.0000000    0.0000000 |    0.0000000    0.7500000    0.7500000
ik   62:    0.1217955    0.0243591    0.0243591 |    0.2500000    0.7500000    0.7500000
ik   63:    0.0974364    0.0487182    0.0487182 |    0.5000000    0.7500000    0.7500000
ik   64:    0.0730773    0.0730773    0.0730773 |    0.7500000    0.7500000    0.7500000
Hint: full k-point list is copied from parsed k-points.
R-points to compute: 64
    1 -     5 : ( -2,  -2,  -2) ( -2,  -2,  -1) ( -2,  -2,   0) ( -2,  -2,   1) ( -2,  -1,  -2)
    6 -    10 : ( -2,  -1,  -1) ( -2,  -1,   0) ( -2,  -1,   1) ( -2,   0,  -2) ( -2,   0,  -1)
   11 -    15 : ( -2,   0,   0) ( -2,   0,   1) ( -2,   1,  -2) ( -2,   1,  -1) ( -2,   1,   0)
   16 -    20 : ( -2,   1,   1) ( -1,  -2,  -2) ( -1,  -2,  -1) ( -1,  -2,   0) ( -1,  -2,   1)
   21 -    25 : ( -1,  -1,  -2) ( -1,  -1,  -1) ( -1,  -1,   0) ( -1,  -1,   1) ( -1,   0,  -2)
   26 -    30 : ( -1,   0,  -1) ( -1,   0,   0) ( -1,   0,   1) ( -1,   1,  -2) ( -1,   1,  -1)
   31 -    35 : ( -1,   1,   0) ( -1,   1,   1) (  0,  -2,  -2) (  0,  -2,  -1) (  0,  -2,   0)
   36 -    40 : (  0,  -2,   1) (  0,  -1,  -2) (  0,  -1,  -1) (  0,  -1,   0) (  0,  -1,   1)
   41 -    45 : (  0,   0,  -2) (  0,   0,  -1) (  0,   0,   0) (  0,   0,   1) (  0,   1,  -2)
   46 -    50 : (  0,   1,  -1) (  0,   1,   0) (  0,   1,   1) (  1,  -2,  -2) (  1,  -2,  -1)
   51 -    55 : (  1,  -2,   0) (  1,  -2,   1) (  1,  -1,  -2) (  1,  -1,  -1) (  1,  -1,   0)
   56 -    60 : (  1,  -1,   1) (  1,   0,  -2) (  1,   0,  -1) (  1,   0,   0) (  1,   0,   1)
   61 -    64 : (  1,   1,  -2) (  1,   1,  -1) (  1,   1,   0) (  1,   1,   1)

SCF k-point to Coulomb q-point mapping:
  ik:          k_1          k_2          k_3      iq
   1:    0.0000000    0.0000000    0.0000000
   2:    0.2500000    0.0000000    0.0000000
   3:    0.5000000    0.0000000    0.0000000
   4:    0.7500000    0.0000000    0.0000000
   5:    0.0000000    0.2500000    0.0000000
   6:    0.2500000    0.2500000    0.0000000
   7:    0.5000000    0.2500000    0.0000000
   8:    0.7500000    0.2500000    0.0000000
   9:    0.0000000    0.5000000    0.0000000
  10:    0.2500000    0.5000000    0.0000000
  11:    0.5000000    0.5000000    0.0000000
  12:    0.7500000    0.5000000    0.0000000
  13:    0.0000000    0.7500000    0.0000000
  14:    0.2500000    0.7500000    0.0000000
  15:    0.5000000    0.7500000    0.0000000
  16:    0.7500000    0.7500000    0.0000000
  17:    0.0000000    0.0000000    0.2500000
  18:    0.2500000    0.0000000    0.2500000
  19:    0.5000000    0.0000000    0.2500000
  20:    0.7500000    0.0000000    0.2500000
  21:    0.0000000    0.2500000    0.2500000
  22:    0.2500000    0.2500000    0.2500000
  23:    0.5000000    0.2500000    0.2500000
  24:    0.7500000    0.2500000    0.2500000
  25:    0.0000000    0.5000000    0.2500000
  26:    0.2500000    0.5000000    0.2500000
  27:    0.5000000    0.5000000    0.2500000
  28:    0.7500000    0.5000000    0.2500000
  29:    0.0000000    0.7500000    0.2500000
  30:    0.2500000    0.7500000    0.2500000
  31:    0.5000000    0.7500000    0.2500000
  32:    0.7500000    0.7500000    0.2500000
  33:    0.0000000    0.0000000    0.5000000
  34:    0.2500000    0.0000000    0.5000000
  35:    0.5000000    0.0000000    0.5000000
  36:    0.7500000    0.0000000    0.5000000
  37:    0.0000000    0.2500000    0.5000000
  38:    0.2500000    0.2500000    0.5000000
  39:    0.5000000    0.2500000    0.5000000
  40:    0.7500000    0.2500000    0.5000000
  41:    0.0000000    0.5000000    0.5000000
  42:    0.2500000    0.5000000    0.5000000
  43:    0.5000000    0.5000000    0.5000000
  44:    0.7500000    0.5000000    0.5000000
  45:    0.0000000    0.7500000    0.5000000
  46:    0.2500000    0.7500000    0.5000000
  47:    0.5000000    0.7500000    0.5000000
  48:    0.7500000    0.7500000    0.5000000
  49:    0.0000000    0.0000000    0.7500000
  50:    0.2500000    0.0000000    0.7500000
  51:    0.5000000    0.0000000    0.7500000
  52:    0.7500000    0.0000000    0.7500000
  53:    0.0000000    0.2500000    0.7500000
  54:    0.2500000    0.2500000    0.7500000
  55:    0.5000000    0.2500000    0.7500000
  56:    0.7500000    0.2500000    0.7500000
  57:    0.0000000    0.5000000    0.7500000
  58:    0.2500000    0.5000000    0.7500000
  59:    0.5000000    0.5000000    0.7500000
  60:    0.7500000    0.5000000    0.7500000
  61:    0.0000000    0.7500000    0.7500000
  62:    0.2500000    0.7500000    0.7500000
  63:    0.5000000    0.7500000    0.7500000
  64:    0.7500000    0.7500000    0.7500000

Reading wave-function basis information file: /data/home/df_iopcas_bhj/ai-runs/librpa-qsgw-rebase-gates-20260715T1910-7d69a18c/inputs/si-k444-headwing-scf-synced-v2-2345960/dataset/basis_wfc_out
Basis convention set:
| Bloch phase      : -1
| Bloch r_atom     : 0
| angular order    : 1
| RSH coeff m < 0  : 1
| RSH coeff m > 0  : 0
Wave-function basis functions set:
| total number of basis: 26
Reading auxiliary basis information file: /data/home/df_iopcas_bhj/ai-runs/librpa-qsgw-rebase-gates-20260715T1910-7d69a18c/inputs/si-k444-headwing-scf-synced-v2-2345960/dataset/basis_aux_out
Auxiliary basis functions set:
| total number of basis: 794

KS eigenvector reader: legacy text
Successfully read eigenvector files
Loading RI file from directory: /data/home/df_iopcas_bhj/ai-runs/librpa-qsgw-rebase-gates-20260715T1910-7d69a18c/inputs/si-k444-headwing-scf-synced-v2-2345960/dataset/
Evenly distributed Cs and V for LibRI
LRI coefficient reader (Cs_data): legacy
Finished Cs filtering
Finished Cs parsing
Coulomb reader (coulomb_mat): legacy
Begin READ_Vq_Row
Begin READ_Vq_Row
ASCII format V files detected
Begin READ_Vq_Row
Begin READ_Vq_Row
| Process     0: coulomb_mat read. Wall/CPU time [min]:       0.0127       0.0115
| Process     1: coulomb_mat read. Wall/CPU time [min]:       0.0056       0.0056
| Process     2: coulomb_mat read. Wall/CPU time [min]:       0.0113       0.0113
| Process     3: coulomb_mat read. Wall/CPU time [min]:       0.0113       0.0113
| Process     0: Cs with             53 non-zero keys from local atpair size       1. Data memory:      28.45 MB. Wall/CPU time [min]:       0.1365       0.1363
| Process     1: Cs with             53 non-zero keys from local atpair size       0. Data memory:      28.45 MB. Wall/CPU time [min]:       0.1370       0.1368
| Process     2: Cs with             52 non-zero keys from local atpair size       1. Data memory:      27.91 MB. Wall/CPU time [min]:       0.1395       0.1392
| Process     3: Cs with             52 non-zero keys from local atpair size       1. Data memory:      27.91 MB. Wall/CPU time [min]:       0.1390       0.1388
Actual parallel routing used: libri
Initialization finished, Wall/CPU time [min]:       0.0000       0.0000
Free memory on node     0 [GB]:  362.913
Common data parsed, task g0w0 will begin
g0w0: One-shot GW for quasi-paricle energies
Begin READ_Vq_Row
Coulomb reader (coulomb_cut): legacy
Begin READ_Vq_Row
Begin READ_Vq_Row
ASCII format V files detected
Begin READ_Vq_Row
Reading head/wing input from /data/home/df_iopcas_bhj/ai-runs/librpa-qsgw-rebase-gates-20260715T1910-7d69a18c/inputs/si-k444-headwing-scf-synced-v2-2345960/dataset/pyatb_librpa_df/
KS eigenvector reader: legacy text
* Success: read velocity from pyatb_librpa_df(ABACUS).
Using PyATB head/wing input on the active LibRPA k-list with 64 k-points
Head k matrix (iomega=0): route=full_bz ik=0 k=( 0.000000000000, 0.000000000000, 0.000000000000)
( 1.87457989e+01, 0.00000000e+00) ( 1.07148030e-10, 0.00000000e+00) ( 1.07348086e-10, 0.00000000e+00)
( 1.07148030e-10, 0.00000000e+00) ( 1.87457989e+01, 0.00000000e+00) ( 1.07072347e-10, 0.00000000e+00)
( 1.07348086e-10, 0.00000000e+00) ( 1.07072347e-10, 0.00000000e+00) ( 1.87457989e+01, 0.00000000e+00)
Head k matrix (iomega=0): route=full_bz ik=1 k=( 0.250000000000, 0.000000000000, 0.000000000000)
( 0.00000000e+00, 0.00000000e+00) ( 0.00000000e+00, 0.00000000e+00) ( 0.00000000e+00, 0.00000000e+00)
( 0.00000000e+00, 0.00000000e+00) ( 0.00000000e+00, 0.00000000e+00) ( 0.00000000e+00, 0.00000000e+00)
( 0.00000000e+00, 0.00000000e+00) ( 0.00000000e+00, 0.00000000e+00) ( 0.00000000e+00, 0.00000000e+00)
Head k matrix (iomega=0): route=full_bz ik=2 k=( 0.500000000000, 0.000000000000, 0.000000000000)
( 0.00000000e+00, 0.00000000e+00) ( 0.00000000e+00, 0.00000000e+00) ( 0.00000000e+00, 0.00000000e+00)
( 0.00000000e+00, 0.00000000e+00) ( 0.00000000e+00, 0.00000000e+00) ( 0.00000000e+00, 0.00000000e+00)
( 0.00000000e+00, 0.00000000e+00) ( 0.00000000e+00, 0.00000000e+00) ( 0.00000000e+00, 0.00000000e+00)
Head k matrix (iomega=0): route=full_bz ik=3 k=( 0.750000000000, 0.000000000000, 0.000000000000)
( 0.00000000e+00, 0.00000000e+00) ( 0.00000000e+00, 0.00000000e+00) ( 0.00000000e+00, 0.00000000e+00)
( 0.00000000e+00, 0.00000000e+00) ( 0.00000000e+00, 0.00000000e+00) ( 0.00000000e+00, 0.00000000e+00)
( 0.00000000e+00, 0.00000000e+00) ( 0.00000000e+00, 0.00000000e+00) ( 0.00000000e+00, 0.00000000e+00)
Head k matrix (iomega=0): route=full_bz ik=4 k=( 0.000000000000, 0.250000000000, 0.000000000000)
( 7.25543520e+00, 0.00000000e+00) ( 3.52510148e+00,-5.18893172e-09) (-3.52510116e+00, 9.11504699e-12)
( 3.52510148e+00, 5.18893172e-09) ( 7.25543729e+00, 0.00000000e+00) ( 3.52510136e+00, 5.18940116e-09)
(-3.52510116e+00,-9.11504699e-12) ( 3.52510136e+00,-5.18940116e-09) ( 7.25543291e+00, 0.00000000e+00)
Head k matrix (iomega=0): route=full_bz ik=5 k=( 0.250000000000, 0.250000000000, 0.000000000000)
( 0.00000000e+00, 0.00000000e+00) ( 0.00000000e+00, 0.00000000e+00) ( 0.00000000e+00, 0.00000000e+00)
( 0.00000000e+00, 0.00000000e+00) ( 0.00000000e+00, 0.00000000e+00) ( 0.00000000e+00, 0.00000000e+00)
( 0.00000000e+00, 0.00000000e+00) ( 0.00000000e+00, 0.00000000e+00) ( 0.00000000e+00, 0.00000000e+00)
Head k matrix (iomega=0): route=full_bz ik=6 k=( 0.500000000000, 0.250000000000, 0.000000000000)
( 0.00000000e+00, 0.00000000e+00) ( 0.00000000e+00, 0.00000000e+00) ( 0.00000000e+00, 0.00000000e+00)
( 0.00000000e+00, 0.00000000e+00) ( 0.00000000e+00, 0.00000000e+00) ( 0.00000000e+00, 0.00000000e+00)
( 0.00000000e+00, 0.00000000e+00) ( 0.00000000e+00, 0.00000000e+00) ( 0.00000000e+00, 0.00000000e+00)
Head k matrix (iomega=0): route=full_bz ik=7 k=( 0.750000000000, 0.250000000000, 0.000000000000)
( 0.00000000e+00, 0.00000000e+00) ( 0.00000000e+00, 0.00000000e+00) ( 0.00000000e+00, 0.00000000e+00)
( 0.00000000e+00, 0.00000000e+00) ( 0.00000000e+00, 0.00000000e+00) ( 0.00000000e+00, 0.00000000e+00)
( 0.00000000e+00, 0.00000000e+00) ( 0.00000000e+00, 0.00000000e+00) ( 0.00000000e+00, 0.00000000e+00)
Head k matrix (iomega=0): route=full_bz ik=8 k=( 0.000000000000, 0.500000000000, 0.000000000000)
( 8.20546815e+00, 0.00000000e+00) ( 4.02221217e+00, 8.47537791e-25) (-4.02221128e+00, 4.82959819e-28)
( 4.02221217e+00,-8.47537791e-25) ( 8.20546635e+00, 0.00000000e+00) ( 4.02221218e+00,-8.47399069e-25)
(-4.02221128e+00,-4.82959819e-28) ( 4.02221218e+00, 8.47399069e-25) ( 8.20546815e+00, 0.00000000e+00)
Head k matrix (iomega=0): route=full_bz ik=9 k=( 0.250000000000, 0.500000000000, 0.000000000000)
( 0.00000000e+00, 0.00000000e+00) ( 0.00000000e+00, 0.00000000e+00) ( 0.00000000e+00, 0.00000000e+00)
( 0.00000000e+00, 0.00000000e+00) ( 0.00000000e+00, 0.00000000e+00) ( 0.00000000e+00, 0.00000000e+00)
( 0.00000000e+00, 0.00000000e+00) ( 0.00000000e+00, 0.00000000e+00) ( 0.00000000e+00, 0.00000000e+00)
Head k matrix (iomega=0): route=full_bz ik=10 k=( 0.500000000000, 0.500000000000, 0.000000000000)
( 0.00000000e+00, 0.00000000e+00) ( 0.00000000e+00, 0.00000000e+00) ( 0.00000000e+00, 0.00000000e+00)
( 0.00000000e+00, 0.00000000e+00) ( 0.00000000e+00, 0.00000000e+00) ( 0.00000000e+00, 0.00000000e+00)
( 0.00000000e+00, 0.00000000e+00) ( 0.00000000e+00, 0.00000000e+00) ( 0.00000000e+00, 0.00000000e+00)
Head k matrix (iomega=0): route=full_bz ik=11 k=( 0.750000000000, 0.500000000000, 0.000000000000)
( 0.00000000e+00, 0.00000000e+00) ( 0.00000000e+00, 0.00000000e+00) ( 0.00000000e+00, 0.00000000e+00)
( 0.00000000e+00, 0.00000000e+00) ( 0.00000000e+00, 0.00000000e+00) ( 0.00000000e+00, 0.00000000e+00)
( 0.00000000e+00, 0.00000000e+00) ( 0.00000000e+00, 0.00000000e+00) ( 0.00000000e+00, 0.00000000e+00)
Head k matrix (iomega=0): route=full_bz ik=12 k=( 0.000000000000, 0.750000000000, 0.000000000000)
( 7.25543520e+00, 0.00000000e+00) ( 3.52510148e+00, 5.18893130e-09) (-3.52510116e+00,-9.11844072e-12)
( 3.52510148e+00,-5.18893130e-09) ( 7.25543729e+00, 0.00000000e+00) ( 3.52510136e+00,-5.18939197e-09)
(-3.52510116e+00, 9.11844072e-12) ( 3.52510136e+00, 5.18939197e-09) ( 7.25543291e+00, 0.00000000e+00)
Head k matrix (iomega=0): route=full_bz ik=13 k=( 0.250000000000, 0.750000000000, 0.000000000000)
( 0.00000000e+00, 0.00000000e+00) ( 0.00000000e+00, 0.00000000e+00) ( 0.00000000e+00, 0.00000000e+00)
( 0.00000000e+00, 0.00000000e+00) ( 0.00000000e+00, 0.00000000e+00) ( 0.00000000e+00, 0.00000000e+00)
( 0.00000000e+00, 0.00000000e+00) ( 0.00000000e+00, 0.00000000e+00) ( 0.00000000e+00, 0.00000000e+00)
Head k matrix (iomega=0): route=full_bz ik=14 k=( 0.500000000000, 0.750000000000, 0.000000000000)
( 0.00000000e+00, 0.00000000e+00) ( 0.00000000e+00, 0.00000000e+00) ( 0.00000000e+00, 0.00000000e+00)
( 0.00000000e+00, 0.00000000e+00) ( 0.00000000e+00, 0.00000000e+00) ( 0.00000000e+00, 0.00000000e+00)
( 0.00000000e+00, 0.00000000e+00) ( 0.00000000e+00, 0.00000000e+00) ( 0.00000000e+00, 0.00000000e+00)
Head k matrix (iomega=0): route=full_bz ik=15 k=( 0.750000000000, 0.750000000000, 0.000000000000)
( 0.00000000e+00, 0.00000000e+00) ( 0.00000000e+00, 0.00000000e+00) ( 0.00000000e+00, 0.00000000e+00)
( 0.00000000e+00, 0.00000000e+00) ( 0.00000000e+00, 0.00000000e+00) ( 0.00000000e+00, 0.00000000e+00)
( 0.00000000e+00, 0.00000000e+00) ( 0.00000000e+00, 0.00000000e+00) ( 0.00000000e+00, 0.00000000e+00)
Head k matrix (iomega=0): route=full_bz ik=16 k=( 0.000000000000, 0.000000000000, 0.250000000000)
( 7.25543520e+00, 0.00000000e+00) (-3.52510140e+00,-9.01984968e-12) ( 3.52510123e+00,-5.20709762e-09)
(-3.52510140e+00, 9.01984968e-12) ( 7.25543743e+00, 0.00000000e+00) ( 3.52510136e+00,-5.20664308e-09)
( 3.52510123e+00, 5.20709762e-09) ( 3.52510136e+00, 5.20664308e-09) ( 7.25543276e+00, 0.00000000e+00)
Head k matrix (iomega=0): route=full_bz ik=17 k=( 0.250000000000, 0.000000000000, 0.250000000000)
( 0.00000000e+00, 0.00000000e+00) ( 0.00000000e+00, 0.00000000e+00) ( 0.00000000e+00, 0.00000000e+00)
( 0.00000000e+00, 0.00000000e+00) ( 0.00000000e+00, 0.00000000e+00) ( 0.00000000e+00, 0.00000000e+00)
( 0.00000000e+00, 0.00000000e+00) ( 0.00000000e+00, 0.00000000e+00) ( 0.00000000e+00, 0.00000000e+00)
Head k matrix (iomega=0): route=full_bz ik=18 k=( 0.500000000000, 0.000000000000, 0.250000000000)
( 0.00000000e+00, 0.00000000e+00) ( 0.00000000e+00, 0.00000000e+00) ( 0.00000000e+00, 0.00000000e+00)
( 0.00000000e+00, 0.00000000e+00) ( 0.00000000e+00, 0.00000000e+00) ( 0.00000000e+00, 0.00000000e+00)
( 0.00000000e+00, 0.00000000e+00) ( 0.00000000e+00, 0.00000000e+00) ( 0.00000000e+00, 0.00000000e+00)
Head k matrix (iomega=0): route=full_bz ik=19 k=( 0.750000000000, 0.000000000000, 0.250000000000)
( 0.00000000e+00, 0.00000000e+00) ( 0.00000000e+00, 0.00000000e+00) ( 0.00000000e+00, 0.00000000e+00)
( 0.00000000e+00, 0.00000000e+00) ( 0.00000000e+00, 0.00000000e+00) ( 0.00000000e+00, 0.00000000e+00)
( 0.00000000e+00, 0.00000000e+00) ( 0.00000000e+00, 0.00000000e+00) ( 0.00000000e+00, 0.00000000e+00)
Head k matrix (iomega=0): route=full_bz ik=20 k=( 0.000000000000, 0.250000000000, 0.250000000000)
( 2.22368160e-01, 0.00000000e+00) ( 1.68598627e-10, 2.58231971e-07) ( 1.68602863e-10, 2.58231964e-07)
( 1.68598627e-10,-2.58231971e-07) ( 6.08243981e+00, 0.00000000e+00) ( 1.68584712e-10,-1.99100558e-11)
( 1.68602863e-10,-2.58231964e-07) ( 1.68584712e-10, 1.99100558e-11) ( 6.08242966e+00, 0.00000000e+00)
Head k matrix (iomega=0): route=full_bz ik=21 k=( 0.250000000000, 0.250000000000, 0.250000000000)
( 0.00000000e+00, 0.00000000e+00) ( 0.00000000e+00, 0.00000000e+00) ( 0.00000000e+00, 0.00000000e+00)
( 0.00000000e+00, 0.00000000e+00) ( 0.00000000e+00, 0.00000000e+00) ( 0.00000000e+00, 0.00000000e+00)
( 0.00000000e+00, 0.00000000e+00) ( 0.00000000e+00, 0.00000000e+00) ( 0.00000000e+00, 0.00000000e+00)
Head k matrix (iomega=0): route=full_bz ik=22 k=( 0.500000000000, 0.250000000000, 0.250000000000)
( 0.00000000e+00, 0.00000000e+00) ( 0.00000000e+00, 0.00000000e+00) ( 0.00000000e+00, 0.00000000e+00)
( 0.00000000e+00, 0.00000000e+00) ( 0.00000000e+00, 0.00000000e+00) ( 0.00000000e+00, 0.00000000e+00)
( 0.00000000e+00, 0.00000000e+00) ( 0.00000000e+00, 0.00000000e+00) ( 0.00000000e+00, 0.00000000e+00)
Head k matrix (iomega=0): route=full_bz ik=23 k=( 0.750000000000, 0.250000000000, 0.250000000000)
( 0.00000000e+00, 0.00000000e+00) ( 0.00000000e+00, 0.00000000e+00) ( 0.00000000e+00, 0.00000000e+00)
( 0.00000000e+00, 0.00000000e+00) ( 0.00000000e+00, 0.00000000e+00) ( 0.00000000e+00, 0.00000000e+00)
( 0.00000000e+00, 0.00000000e+00) ( 0.00000000e+00, 0.00000000e+00) ( 0.00000000e+00, 0.00000000e+00)
Head k matrix (iomega=0): route=full_bz ik=24 k=( 0.000000000000, 0.500000000000, 0.250000000000)
( 2.15979167e-01, 0.00000000e+00) ( 2.58753546e-02, 4.32654211e-07) (-2.58740568e-02,-1.92940801e-07)
( 2.58753546e-02,-4.32654211e-07) ( 2.58236655e+00, 0.00000000e+00) ( 2.44162295e+00,-2.05320712e-08)
(-2.58740568e-02, 1.92940801e-07) ( 2.44162295e+00, 2.05320712e-08) ( 2.58236813e+00, 0.00000000e+00)
Head k matrix (iomega=0): route=full_bz ik=25 k=( 0.250000000000, 0.500000000000, 0.250000000000)
( 0.00000000e+00, 0.00000000e+00) ( 0.00000000e+00, 0.00000000e+00) ( 0.00000000e+00, 0.00000000e+00)
( 0.00000000e+00, 0.00000000e+00) ( 0.00000000e+00, 0.00000000e+00) ( 0.00000000e+00, 0.00000000e+00)
( 0.00000000e+00, 0.00000000e+00) ( 0.00000000e+00, 0.00000000e+00) ( 0.00000000e+00, 0.00000000e+00)
Head k matrix (iomega=0): route=full_bz ik=26 k=( 0.500000000000, 0.500000000000, 0.250000000000)
( 0.00000000e+00, 0.00000000e+00) ( 0.00000000e+00, 0.00000000e+00) ( 0.00000000e+00, 0.00000000e+00)
( 0.00000000e+00, 0.00000000e+00) ( 0.00000000e+00, 0.00000000e+00) ( 0.00000000e+00, 0.00000000e+00)
( 0.00000000e+00, 0.00000000e+00) ( 0.00000000e+00, 0.00000000e+00) ( 0.00000000e+00, 0.00000000e+00)
Head k matrix (iomega=0): route=full_bz ik=27 k=( 0.750000000000, 0.500000000000, 0.250000000000)
( 0.00000000e+00, 0.00000000e+00) ( 0.00000000e+00, 0.00000000e+00) ( 0.00000000e+00, 0.00000000e+00)
( 0.00000000e+00, 0.00000000e+00) ( 0.00000000e+00, 0.00000000e+00) ( 0.00000000e+00, 0.00000000e+00)
( 0.00000000e+00, 0.00000000e+00) ( 0.00000000e+00, 0.00000000e+00) ( 0.00000000e+00, 0.00000000e+00)
Head k matrix (iomega=0): route=full_bz ik=28 k=( 0.000000000000, 0.750000000000, 0.250000000000)
( 2.99067602e-01, 0.00000000e+00) (-5.32041483e-08, 1.79278042e-07) (-5.32041479e-08,-1.79273171e-07)
(-5.32041483e-08,-1.79278042e-07) ( 2.48706162e+00, 0.00000000e+00) ( 2.32324070e+00,-3.64661358e-08)
(-5.32041479e-08, 1.79273171e-07) ( 2.32324070e+00, 3.64661358e-08) ( 2.48706174e+00, 0.00000000e+00)
Head k matrix (iomega=0): route=full_bz ik=29 k=( 0.250000000000, 0.750000000000, 0.250000000000)
( 0.00000000e+00, 0.00000000e+00) ( 0.00000000e+00, 0.00000000e+00) ( 0.00000000e+00, 0.00000000e+00)
( 0.00000000e+00, 0.00000000e+00) ( 0.00000000e+00, 0.00000000e+00) ( 0.00000000e+00, 0.00000000e+00)
( 0.00000000e+00, 0.00000000e+00) ( 0.00000000e+00, 0.00000000e+00) ( 0.00000000e+00, 0.00000000e+00)
Head k matrix (iomega=0): route=full_bz ik=30 k=( 0.500000000000, 0.750000000000, 0.250000000000)
( 0.00000000e+00, 0.00000000e+00) ( 0.00000000e+00, 0.00000000e+00) ( 0.00000000e+00, 0.00000000e+00)
( 0.00000000e+00, 0.00000000e+00) ( 0.00000000e+00, 0.00000000e+00) ( 0.00000000e+00, 0.00000000e+00)
( 0.00000000e+00, 0.00000000e+00) ( 0.00000000e+00, 0.00000000e+00) ( 0.00000000e+00, 0.00000000e+00)
Head k matrix (iomega=0): route=full_bz ik=31 k=( 0.750000000000, 0.750000000000, 0.250000000000)
( 0.00000000e+00, 0.00000000e+00) ( 0.00000000e+00, 0.00000000e+00) ( 0.00000000e+00, 0.00000000e+00)
( 0.00000000e+00, 0.00000000e+00) ( 0.00000000e+00, 0.00000000e+00) ( 0.00000000e+00, 0.00000000e+00)
( 0.00000000e+00, 0.00000000e+00) ( 0.00000000e+00, 0.00000000e+00) ( 0.00000000e+00, 0.00000000e+00)
Head k matrix (iomega=0): route=full_bz ik=32 k=( 0.000000000000, 0.000000000000, 0.500000000000)
( 8.20546815e+00, 0.00000000e+00) (-4.02221128e+00,-4.66459774e-28) ( 4.02221218e+00, 8.46571731e-25)
(-4.02221128e+00, 4.66459774e-28) ( 8.20546815e+00, 0.00000000e+00) ( 4.02221218e+00, 8.46731465e-25)
( 4.02221218e+00,-8.46571731e-25) ( 4.02221218e+00,-8.46731465e-25) ( 8.20546635e+00, 0.00000000e+00)
Head k matrix (iomega=0): route=full_bz ik=33 k=( 0.250000000000, 0.000000000000, 0.500000000000)
( 0.00000000e+00, 0.00000000e+00) ( 0.00000000e+00, 0.00000000e+00) ( 0.00000000e+00, 0.00000000e+00)
( 0.00000000e+00, 0.00000000e+00) ( 0.00000000e+00, 0.00000000e+00) ( 0.00000000e+00, 0.00000000e+00)
( 0.00000000e+00, 0.00000000e+00) ( 0.00000000e+00, 0.00000000e+00) ( 0.00000000e+00, 0.00000000e+00)
Head k matrix (iomega=0): route=full_bz ik=34 k=( 0.500000000000, 0.000000000000, 0.500000000000)
( 0.00000000e+00, 0.00000000e+00) ( 0.00000000e+00, 0.00000000e+00) ( 0.00000000e+00, 0.00000000e+00)
( 0.00000000e+00, 0.00000000e+00) ( 0.00000000e+00, 0.00000000e+00) ( 0.00000000e+00, 0.00000000e+00)
( 0.00000000e+00, 0.00000000e+00) ( 0.00000000e+00, 0.00000000e+00) ( 0.00000000e+00, 0.00000000e+00)
Head k matrix (iomega=0): route=full_bz ik=35 k=( 0.750000000000, 0.000000000000, 0.500000000000)
( 0.00000000e+00, 0.00000000e+00) ( 0.00000000e+00, 0.00000000e+00) ( 0.00000000e+00, 0.00000000e+00)
( 0.00000000e+00, 0.00000000e+00) ( 0.00000000e+00, 0.00000000e+00) ( 0.00000000e+00, 0.00000000e+00)
( 0.00000000e+00, 0.00000000e+00) ( 0.00000000e+00, 0.00000000e+00) ( 0.00000000e+00, 0.00000000e+00)
Head k matrix (iomega=0): route=full_bz ik=36 k=( 0.000000000000, 0.250000000000, 0.500000000000)
( 2.15979167e-01, 0.00000000e+00) (-2.58744612e-02,-1.92937953e-07) ( 2.58749502e-02, 4.32657053e-07)
(-2.58744612e-02, 1.92937953e-07) ( 2.58236678e+00, 0.00000000e+00) ( 2.44162295e+00, 2.05178901e-08)
( 2.58749502e-02,-4.32657053e-07) ( 2.44162295e+00,-2.05178901e-08) ( 2.58236791e+00, 0.00000000e+00)
Head k matrix (iomega=0): route=full_bz ik=37 k=( 0.250000000000, 0.250000000000, 0.500000000000)
( 0.00000000e+00, 0.00000000e+00) ( 0.00000000e+00, 0.00000000e+00) ( 0.00000000e+00, 0.00000000e+00)
( 0.00000000e+00, 0.00000000e+00) ( 0.00000000e+00, 0.00000000e+00) ( 0.00000000e+00, 0.00000000e+00)
( 0.00000000e+00, 0.00000000e+00) ( 0.00000000e+00, 0.00000000e+00) ( 0.00000000e+00, 0.00000000e+00)
Head k matrix (iomega=0): route=full_bz ik=38 k=( 0.500000000000, 0.250000000000, 0.500000000000)
( 0.00000000e+00, 0.00000000e+00) ( 0.00000000e+00, 0.00000000e+00) ( 0.00000000e+00, 0.00000000e+00)
( 0.00000000e+00, 0.00000000e+00) ( 0.00000000e+00, 0.00000000e+00) ( 0.00000000e+00, 0.00000000e+00)
( 0.00000000e+00, 0.00000000e+00) ( 0.00000000e+00, 0.00000000e+00) ( 0.00000000e+00, 0.00000000e+00)
Head k matrix (iomega=0): route=full_bz ik=39 k=( 0.750000000000, 0.250000000000, 0.500000000000)
( 0.00000000e+00, 0.00000000e+00) ( 0.00000000e+00, 0.00000000e+00) ( 0.00000000e+00, 0.00000000e+00)
( 0.00000000e+00, 0.00000000e+00) ( 0.00000000e+00, 0.00000000e+00) ( 0.00000000e+00, 0.00000000e+00)
( 0.00000000e+00, 0.00000000e+00) ( 0.00000000e+00, 0.00000000e+00) ( 0.00000000e+00, 0.00000000e+00)
Head k matrix (iomega=0): route=full_bz ik=40 k=( 0.000000000000, 0.500000000000, 0.500000000000)
( 1.21151467e-01, 0.00000000e+00) ( 7.30872097e-11,-1.14280700e-17) ( 7.30987593e-11, 3.46519866e-17)
( 7.30872097e-11, 1.14280700e-17) ( 6.24029346e+00, 0.00000000e+00) ( 7.30220794e-11, 6.37532715e-17)
( 7.30987593e-11,-3.46519866e-17) ( 7.30220794e-11,-6.37532715e-17) ( 6.24029346e+00, 0.00000000e+00)
Head k matrix (iomega=0): route=full_bz ik=41 k=( 0.250000000000, 0.500000000000, 0.500000000000)
( 0.00000000e+00, 0.00000000e+00) ( 0.00000000e+00, 0.00000000e+00) ( 0.00000000e+00, 0.00000000e+00)
( 0.00000000e+00, 0.00000000e+00) ( 0.00000000e+00, 0.00000000e+00) ( 0.00000000e+00, 0.00000000e+00)
( 0.00000000e+00, 0.00000000e+00) ( 0.00000000e+00, 0.00000000e+00) ( 0.00000000e+00, 0.00000000e+00)
Head k matrix (iomega=0): route=full_bz ik=42 k=( 0.500000000000, 0.500000000000, 0.500000000000)
( 0.00000000e+00, 0.00000000e+00) ( 0.00000000e+00, 0.00000000e+00) ( 0.00000000e+00, 0.00000000e+00)
( 0.00000000e+00, 0.00000000e+00) ( 0.00000000e+00, 0.00000000e+00) ( 0.00000000e+00, 0.00000000e+00)
( 0.00000000e+00, 0.00000000e+00) ( 0.00000000e+00, 0.00000000e+00) ( 0.00000000e+00, 0.00000000e+00)
Head k matrix (iomega=0): route=full_bz ik=43 k=( 0.750000000000, 0.500000000000, 0.500000000000)
( 0.00000000e+00, 0.00000000e+00) ( 0.00000000e+00, 0.00000000e+00) ( 0.00000000e+00, 0.00000000e+00)
( 0.00000000e+00, 0.00000000e+00) ( 0.00000000e+00, 0.00000000e+00) ( 0.00000000e+00, 0.00000000e+00)
( 0.00000000e+00, 0.00000000e+00) ( 0.00000000e+00, 0.00000000e+00) ( 0.00000000e+00, 0.00000000e+00)
Head k matrix (iomega=0): route=full_bz ik=44 k=( 0.000000000000, 0.750000000000, 0.500000000000)
( 2.15979167e-01, 0.00000000e+00) (-2.58744612e-02, 1.92937951e-07) ( 2.58749502e-02,-4.32657055e-07)
(-2.58744612e-02,-1.92937951e-07) ( 2.58236678e+00, 0.00000000e+00) ( 2.44162295e+00,-2.05178891e-08)
( 2.58749502e-02, 4.32657055e-07) ( 2.44162295e+00, 2.05178891e-08) ( 2.58236791e+00, 0.00000000e+00)
Head k matrix (iomega=0): route=full_bz ik=45 k=( 0.250000000000, 0.750000000000, 0.500000000000)
( 0.00000000e+00, 0.00000000e+00) ( 0.00000000e+00, 0.00000000e+00) ( 0.00000000e+00, 0.00000000e+00)
( 0.00000000e+00, 0.00000000e+00) ( 0.00000000e+00, 0.00000000e+00) ( 0.00000000e+00, 0.00000000e+00)
( 0.00000000e+00, 0.00000000e+00) ( 0.00000000e+00, 0.00000000e+00) ( 0.00000000e+00, 0.00000000e+00)
Head k matrix (iomega=0): route=full_bz ik=46 k=( 0.500000000000, 0.750000000000, 0.500000000000)
( 0.00000000e+00, 0.00000000e+00) ( 0.00000000e+00, 0.00000000e+00) ( 0.00000000e+00, 0.00000000e+00)
( 0.00000000e+00, 0.00000000e+00) ( 0.00000000e+00, 0.00000000e+00) ( 0.00000000e+00, 0.00000000e+00)
( 0.00000000e+00, 0.00000000e+00) ( 0.00000000e+00, 0.00000000e+00) ( 0.00000000e+00, 0.00000000e+00)
Head k matrix (iomega=0): route=full_bz ik=47 k=( 0.750000000000, 0.750000000000, 0.500000000000)
( 0.00000000e+00, 0.00000000e+00) ( 0.00000000e+00, 0.00000000e+00) ( 0.00000000e+00, 0.00000000e+00)
( 0.00000000e+00, 0.00000000e+00) ( 0.00000000e+00, 0.00000000e+00) ( 0.00000000e+00, 0.00000000e+00)
( 0.00000000e+00, 0.00000000e+00) ( 0.00000000e+00, 0.00000000e+00) ( 0.00000000e+00, 0.00000000e+00)
Head k matrix (iomega=0): route=full_bz ik=48 k=( 0.000000000000, 0.000000000000, 0.750000000000)
( 7.25543520e+00, 0.00000000e+00) (-3.52510140e+00, 9.03378483e-12) ( 3.52510123e+00, 5.20710636e-09)
(-3.52510140e+00,-9.03378483e-12) ( 7.25543743e+00, 0.00000000e+00) ( 3.52510136e+00, 5.20663737e-09)
( 3.52510123e+00,-5.20710636e-09) ( 3.52510136e+00,-5.20663737e-09) ( 7.25543276e+00, 0.00000000e+00)
Head k matrix (iomega=0): route=full_bz ik=49 k=( 0.250000000000, 0.000000000000, 0.750000000000)
( 0.00000000e+00, 0.00000000e+00) ( 0.00000000e+00, 0.00000000e+00) ( 0.00000000e+00, 0.00000000e+00)
( 0.00000000e+00, 0.00000000e+00) ( 0.00000000e+00, 0.00000000e+00) ( 0.00000000e+00, 0.00000000e+00)
( 0.00000000e+00, 0.00000000e+00) ( 0.00000000e+00, 0.00000000e+00) ( 0.00000000e+00, 0.00000000e+00)
Head k matrix (iomega=0): route=full_bz ik=50 k=( 0.500000000000, 0.000000000000, 0.750000000000)
( 0.00000000e+00, 0.00000000e+00) ( 0.00000000e+00, 0.00000000e+00) ( 0.00000000e+00, 0.00000000e+00)
( 0.00000000e+00, 0.00000000e+00) ( 0.00000000e+00, 0.00000000e+00) ( 0.00000000e+00, 0.00000000e+00)
( 0.00000000e+00, 0.00000000e+00) ( 0.00000000e+00, 0.00000000e+00) ( 0.00000000e+00, 0.00000000e+00)
Head k matrix (iomega=0): route=full_bz ik=51 k=( 0.750000000000, 0.000000000000, 0.750000000000)
( 0.00000000e+00, 0.00000000e+00) ( 0.00000000e+00, 0.00000000e+00) ( 0.00000000e+00, 0.00000000e+00)
( 0.00000000e+00, 0.00000000e+00) ( 0.00000000e+00, 0.00000000e+00) ( 0.00000000e+00, 0.00000000e+00)
( 0.00000000e+00, 0.00000000e+00) ( 0.00000000e+00, 0.00000000e+00) ( 0.00000000e+00, 0.00000000e+00)
Head k matrix (iomega=0): route=full_bz ik=52 k=( 0.000000000000, 0.250000000000, 0.750000000000)
( 2.99067602e-01, 0.00000000e+00) (-5.32041431e-08,-1.79278043e-07) (-5.32041434e-08, 1.79273171e-07)
(-5.32041431e-08, 1.79278043e-07) ( 2.48706162e+00, 0.00000000e+00) ( 2.32324070e+00, 3.64661352e-08)
(-5.32041434e-08,-1.79273171e-07) ( 2.32324070e+00,-3.64661352e-08) ( 2.48706174e+00, 0.00000000e+00)
Head k matrix (iomega=0): route=full_bz ik=53 k=( 0.250000000000, 0.250000000000, 0.750000000000)
( 0.00000000e+00, 0.00000000e+00) ( 0.00000000e+00, 0.00000000e+00) ( 0.00000000e+00, 0.00000000e+00)
( 0.00000000e+00, 0.00000000e+00) ( 0.00000000e+00, 0.00000000e+00) ( 0.00000000e+00, 0.00000000e+00)
( 0.00000000e+00, 0.00000000e+00) ( 0.00000000e+00, 0.00000000e+00) ( 0.00000000e+00, 0.00000000e+00)
Head k matrix (iomega=0): route=full_bz ik=54 k=( 0.500000000000, 0.250000000000, 0.750000000000)
( 0.00000000e+00, 0.00000000e+00) ( 0.00000000e+00, 0.00000000e+00) ( 0.00000000e+00, 0.00000000e+00)
( 0.00000000e+00, 0.00000000e+00) ( 0.00000000e+00, 0.00000000e+00) ( 0.00000000e+00, 0.00000000e+00)
( 0.00000000e+00, 0.00000000e+00) ( 0.00000000e+00, 0.00000000e+00) ( 0.00000000e+00, 0.00000000e+00)
Head k matrix (iomega=0): route=full_bz ik=55 k=( 0.750000000000, 0.250000000000, 0.750000000000)
( 0.00000000e+00, 0.00000000e+00) ( 0.00000000e+00, 0.00000000e+00) ( 0.00000000e+00, 0.00000000e+00)
( 0.00000000e+00, 0.00000000e+00) ( 0.00000000e+00, 0.00000000e+00) ( 0.00000000e+00, 0.00000000e+00)
( 0.00000000e+00, 0.00000000e+00) ( 0.00000000e+00, 0.00000000e+00) ( 0.00000000e+00, 0.00000000e+00)
Head k matrix (iomega=0): route=full_bz ik=56 k=( 0.000000000000, 0.500000000000, 0.750000000000)
( 2.15979167e-01, 0.00000000e+00) ( 2.58753546e-02,-4.32654210e-07) (-2.58740568e-02, 1.92940801e-07)
( 2.58753546e-02, 4.32654210e-07) ( 2.58236655e+00, 0.00000000e+00) ( 2.44162295e+00, 2.05320718e-08)
(-2.58740568e-02,-1.92940801e-07) ( 2.44162295e+00,-2.05320718e-08) ( 2.58236813e+00, 0.00000000e+00)
Head k matrix (iomega=0): route=full_bz ik=57 k=( 0.250000000000, 0.500000000000, 0.750000000000)
( 0.00000000e+00, 0.00000000e+00) ( 0.00000000e+00, 0.00000000e+00) ( 0.00000000e+00, 0.00000000e+00)
( 0.00000000e+00, 0.00000000e+00) ( 0.00000000e+00, 0.00000000e+00) ( 0.00000000e+00, 0.00000000e+00)
( 0.00000000e+00, 0.00000000e+00) ( 0.00000000e+00, 0.00000000e+00) ( 0.00000000e+00, 0.00000000e+00)
Head k matrix (iomega=0): route=full_bz ik=58 k=( 0.500000000000, 0.500000000000, 0.750000000000)
( 0.00000000e+00, 0.00000000e+00) ( 0.00000000e+00, 0.00000000e+00) ( 0.00000000e+00, 0.00000000e+00)
( 0.00000000e+00, 0.00000000e+00) ( 0.00000000e+00, 0.00000000e+00) ( 0.00000000e+00, 0.00000000e+00)
( 0.00000000e+00, 0.00000000e+00) ( 0.00000000e+00, 0.00000000e+00) ( 0.00000000e+00, 0.00000000e+00)
Head k matrix (iomega=0): route=full_bz ik=59 k=( 0.750000000000, 0.500000000000, 0.750000000000)
( 0.00000000e+00, 0.00000000e+00) ( 0.00000000e+00, 0.00000000e+00) ( 0.00000000e+00, 0.00000000e+00)
( 0.00000000e+00, 0.00000000e+00) ( 0.00000000e+00, 0.00000000e+00) ( 0.00000000e+00, 0.00000000e+00)
( 0.00000000e+00, 0.00000000e+00) ( 0.00000000e+00, 0.00000000e+00) ( 0.00000000e+00, 0.00000000e+00)
Head k matrix (iomega=0): route=full_bz ik=60 k=( 0.000000000000, 0.750000000000, 0.750000000000)
( 2.22368160e-01, 0.00000000e+00) ( 1.68598702e-10,-2.58231969e-07) ( 1.68603071e-10,-2.58231967e-07)
( 1.68598702e-10, 2.58231969e-07) ( 6.08243981e+00, 0.00000000e+00) ( 1.68698953e-10, 1.98587356e-11)
( 1.68603071e-10, 2.58231967e-07) ( 1.68698953e-10,-1.98587356e-11) ( 6.08242966e+00, 0.00000000e+00)
Head k matrix (iomega=0): route=full_bz ik=61 k=( 0.250000000000, 0.750000000000, 0.750000000000)
( 0.00000000e+00, 0.00000000e+00) ( 0.00000000e+00, 0.00000000e+00) ( 0.00000000e+00, 0.00000000e+00)
( 0.00000000e+00, 0.00000000e+00) ( 0.00000000e+00, 0.00000000e+00) ( 0.00000000e+00, 0.00000000e+00)
( 0.00000000e+00, 0.00000000e+00) ( 0.00000000e+00, 0.00000000e+00) ( 0.00000000e+00, 0.00000000e+00)
Head k matrix (iomega=0): route=full_bz ik=62 k=( 0.500000000000, 0.750000000000, 0.750000000000)
( 0.00000000e+00, 0.00000000e+00) ( 0.00000000e+00, 0.00000000e+00) ( 0.00000000e+00, 0.00000000e+00)
( 0.00000000e+00, 0.00000000e+00) ( 0.00000000e+00, 0.00000000e+00) ( 0.00000000e+00, 0.00000000e+00)
( 0.00000000e+00, 0.00000000e+00) ( 0.00000000e+00, 0.00000000e+00) ( 0.00000000e+00, 0.00000000e+00)
Head k matrix (iomega=0): route=full_bz ik=63 k=( 0.750000000000, 0.750000000000, 0.750000000000)
( 0.00000000e+00, 0.00000000e+00) ( 0.00000000e+00, 0.00000000e+00) ( 0.00000000e+00, 0.00000000e+00)
( 0.00000000e+00, 0.00000000e+00) ( 0.00000000e+00, 0.00000000e+00) ( 0.00000000e+00, 0.00000000e+00)
( 0.00000000e+00, 0.00000000e+00) ( 0.00000000e+00, 0.00000000e+00) ( 0.00000000e+00, 0.00000000e+00)
Freqency node & Head of dielectric function(Re, Im): 
 0      0.01540211     20.70964086      0.00000000
 1      0.05765831     17.63752874      0.00000000
 2      0.14830911      9.94562326      0.00000000
 3      0.38957992      3.32706977      0.00000000
 4      1.13961938      1.33078770      0.00000000
 5      4.09984963      1.02738637      0.00000000
The first freqency head tensor: 
( 20.7096,   0.0000)  (  0.0000,  -0.0000)  (  0.0000,  -0.0000)
(  0.0000,   0.0000)  ( 20.7096,   0.0000)  (  0.0000,  -0.0000)
(  0.0000,   0.0000)  (  0.0000,   0.0000)  ( 20.7096,   0.0000)
Head tensor diagnostics (iomega=0): trace_over_3=(    20.70964086,     0.00000000) max_abs_diag_delta= 1.44763092e-06 max_abs_offdiag= 7.37354202e-10 max_abs_imag= 7.27700898e-15
* Success: Read DFT xc potential, solve quasi-particle equation
Grid type: Minimax time-frequency grids
Grid size: 6
Frequency node & weight: 
 0      0.0154021074694624      0.0325158783829468
 1      0.0576583078083294      0.0574841863540000
 2      0.1483091124626021      0.1385553523455900
 3      0.3895799247895522      0.3931414315037015
 4      1.1396193777587351      1.3106382214321504
 5      4.0998496292886184      6.0798430908384429
Time node & weight: 
 0      0.0898564139947099      0.2420367383496208
 1      0.5902626692028188      0.8534511499988635
 2      2.1297844404276378      2.4853952864099660
 3      6.3653173137043808      6.5795858181104458
 4     17.1002153780119563     16.2458511803472909
 5     43.5079540277464787     40.8638705314550563
t->f transform: 

 Cosine transform matrix (row: freq, col: time)
nr = 6, nc = 6
 4.87355e-01 1.69184e+00 5.01432e+00 1.29568e+01 3.18693e+01 6.09146e+01
 4.78297e-01 1.73593e+00 4.82713e+00 1.26618e+01 1.61103e+01 -4.74368e+01
 4.92005e-01 1.65998e+00 4.88255e+00 6.91965e+00 -1.93179e+01 6.77529e+00
 4.75963e-01 1.71065e+00 3.05237e+00 -7.02628e+00 2.26828e+00 -7.30302e-01
 4.95724e-01 1.21879e+00 -2.20334e+00 6.20710e-01 -1.99968e-01 1.23138e-01
 4.17740e-01 -5.14206e-01 1.27698e-01 -5.06346e-02 3.58815e-02 -3.34700e-02

 Sine transform matrix (row: freq, col: time)
nr = 6, nc = 6
 -5.49315e-02 2.85835e-01 -6.86776e-01 3.66055e+00 1.80517e+00 7.38070e+01
 6.35801e-02 -2.40085e-01 1.55818e+00 1.98400e+00 3.53634e+01 1.75268e+01
 -6.12941e-02 4.83320e-01 4.40357e-01 1.41644e+01 6.38629e+00 -1.47709e+01
 9.08718e-02 1.14682e-02 5.05345e+00 2.96288e+00 -5.39201e+00 4.67870e+00
 -3.77744e-02 1.54640e+00 1.24982e+00 -1.78598e+00 1.48342e+00 -1.44005e+00
 2.98252e-01 4.56731e-01 -4.70430e-01 3.83874e-01 -3.57778e-01 3.71466e-01
f->t transform: 

 Cosine transform matrix (row: time, col: freq)
nr = 6, nc = 6
 1.04489e-02 1.79131e-02 4.51635e-02 1.21850e-01 4.28220e-01 1.66090e+00
 1.02741e-02 1.85916e-02 4.30054e-02 1.25449e-01 2.99446e-01 -5.82167e-01
 1.04196e-02 1.78357e-02 4.31290e-02 7.70437e-02 -1.85880e-01 4.94192e-02
 1.02080e-02 1.75389e-02 2.33671e-02 -6.70384e-02 2.01432e-02 -7.03175e-03
 1.01444e-02 9.11399e-03 -2.63435e-02 8.91222e-03 -2.84962e-03 1.97806e-03
 7.71098e-03 -1.06262e-02 3.70511e-03 -1.20272e-03 7.61342e-04 -7.20172e-04

Total count of GFs IJR: 256
| Number of GFs IJR on Proc    0: 64
| Number of GFs IJR on Proc    1: 64
| Number of GFs IJR on Proc    2: 64
| Number of GFs IJR on Proc    3: 64
Use LibRI for chi0
Green's Function sums over all states.
chi0s for time point 0.089856, spin 0. CPU time: 52.075408 (tensor), 0.442396 (trans). Wall time 5.987962
Green's Function sums over all states.
chi0s for time point 0.590263, spin 0. CPU time: 52.480378 (tensor), 0.531342 (trans). Wall time 5.820830
Green's Function sums over all states.
chi0s for time point 2.129784, spin 0. CPU time: 54.250088 (tensor), 0.161976 (trans). Wall time 6.065279
Green's Function sums over all states.
chi0s for time point 6.365317, spin 0. CPU time: 52.336277 (tensor), 0.189513 (trans). Wall time 5.917429
Green's Function sums over all states.
chi0s for time point 17.100215, spin 0. CPU time: 53.347009 (tensor), 0.274812 (trans). Wall time 6.017677
Green's Function sums over all states.
chi0s for time point 43.507954, spin 0. CPU time: 51.511974 (tensor), 0.161439 (trans). Wall time 5.823181

Computing EXX orbital energy using LibRI
Task    0: V setup for EXX
Task    3: V setup for EXX
Task    1: V setup for EXX
Task    2: V setup for EXX
Task    2: DM setup for EXX
Task    3: DM setup for EXX
Task    1: DM setup for EXX
Task    0: DM setup for EXX
Task    0: cal_Hs elapsed time: 3.357041
Task    1: cal_Hs elapsed time: 3.357086
Task    2: cal_Hs elapsed time: 3.357114
Task    3: cal_Hs elapsed time: 3.357105
Calculating Wc using ScaLAPACK
Time for Wc initialization (seconds, Wall/CPU): 0.013402 0.160134
Computing Wc(q), 1 / 64, q=(0.000000, 0.000000, 0.000000)
Time to prepare sqrt root of Coulomb for Wc(q) (seconds, Wall/CPU): 0.148145 1.768032
Time to prepare sqrt root of Coulomb for Epsilon(q) (seconds, Wall/CPU): 0.111525 1.333007
Time for Wc(i_q=1, i_omega=1) (seconds, Wall/CPU): 0.109647 1.273415
Time for Wc(i_q=1, i_omega=2) (seconds, Wall/CPU): 0.104684 1.217251
Time for Wc(i_q=1, i_omega=3) (seconds, Wall/CPU): 0.104666 1.217335
Time for Wc(i_q=1, i_omega=4) (seconds, Wall/CPU): 0.104694 1.217912
Time for Wc(i_q=1, i_omega=5) (seconds, Wall/CPU): 0.105723 1.229905
Time for Wc(i_q=1, i_omega=6) (seconds, Wall/CPU): 0.105157 1.224364
Computing Wc(q), 2 / 64, q=(0.250000, 0.000000, 0.000000)
Time to prepare sqrt root of Coulomb for Wc(q) (seconds, Wall/CPU): 0.189502 2.265551
Time to prepare sqrt root of Coulomb for Epsilon(q) (seconds, Wall/CPU): 0.180303 2.155997
Time for Wc(i_q=2, i_omega=1) (seconds, Wall/CPU): 0.090688 1.050438
Time for Wc(i_q=2, i_omega=2) (seconds, Wall/CPU): 0.089415 1.034445
Time for Wc(i_q=2, i_omega=3) (seconds, Wall/CPU): 0.090024 1.042969
Time for Wc(i_q=2, i_omega=4) (seconds, Wall/CPU): 0.091044 1.056029
Time for Wc(i_q=2, i_omega=5) (seconds, Wall/CPU): 0.090794 1.051498
Time for Wc(i_q=2, i_omega=6) (seconds, Wall/CPU): 0.783296 3.896991
Computing Wc(q), 3 / 64, q=(0.500000, 0.000000, 0.000000)
Time to prepare sqrt root of Coulomb for Wc(q) (seconds, Wall/CPU): 0.183976 2.177727
Time to prepare sqrt root of Coulomb for Epsilon(q) (seconds, Wall/CPU): 0.191493 2.289506
Time for Wc(i_q=3, i_omega=1) (seconds, Wall/CPU): 0.094181 1.092906
Time for Wc(i_q=3, i_omega=2) (seconds, Wall/CPU): 0.092636 1.073949
Time for Wc(i_q=3, i_omega=3) (seconds, Wall/CPU): 0.091240 1.058673
Time for Wc(i_q=3, i_omega=4) (seconds, Wall/CPU): 0.089598 1.037625
Time for Wc(i_q=3, i_omega=5) (seconds, Wall/CPU): 0.090654 1.050749
Time for Wc(i_q=3, i_omega=6) (seconds, Wall/CPU): 0.090315 1.046701
Computing Wc(q), 4 / 64, q=(0.750000, 0.000000, 0.000000)
Time to prepare sqrt root of Coulomb for Wc(q) (seconds, Wall/CPU): 0.186965 2.236255
Time to prepare sqrt root of Coulomb for Epsilon(q) (seconds, Wall/CPU): 0.185676 2.220476
Time for Wc(i_q=4, i_omega=1) (seconds, Wall/CPU): 0.090274 1.046996
Time for Wc(i_q=4, i_omega=2) (seconds, Wall/CPU): 0.090747 1.050887
Time for Wc(i_q=4, i_omega=3) (seconds, Wall/CPU): 0.090753 1.051885
Time for Wc(i_q=4, i_omega=4) (seconds, Wall/CPU): 0.089155 1.033479
Time for Wc(i_q=4, i_omega=5) (seconds, Wall/CPU): 0.092064 1.068073
Time for Wc(i_q=4, i_omega=6) (seconds, Wall/CPU): 0.088805 1.029588
Computing Wc(q), 5 / 64, q=(0.000000, 0.250000, 0.000000)
Time to prepare sqrt root of Coulomb for Wc(q) (seconds, Wall/CPU): 0.188241 2.251102
Time to prepare sqrt root of Coulomb for Epsilon(q) (seconds, Wall/CPU): 0.182210 2.178930
Time for Wc(i_q=5, i_omega=1) (seconds, Wall/CPU): 0.090395 1.048414
Time for Wc(i_q=5, i_omega=2) (seconds, Wall/CPU): 0.090036 1.043211
Time for Wc(i_q=5, i_omega=3) (seconds, Wall/CPU): 0.093346 1.083380
Time for Wc(i_q=5, i_omega=4) (seconds, Wall/CPU): 0.149896 1.709072
Time for Wc(i_q=5, i_omega=5) (seconds, Wall/CPU): 0.089908 1.041230
Time for Wc(i_q=5, i_omega=6) (seconds, Wall/CPU): 0.089027 1.031455
Computing Wc(q), 6 / 64, q=(0.250000, 0.250000, 0.000000)
Time to prepare sqrt root of Coulomb for Wc(q) (seconds, Wall/CPU): 0.231710 2.771392
Time to prepare sqrt root of Coulomb for Epsilon(q) (seconds, Wall/CPU): 0.208565 2.492961
Time for Wc(i_q=6, i_omega=1) (seconds, Wall/CPU): 1.352862 4.945623
Time for Wc(i_q=6, i_omega=2) (seconds, Wall/CPU): 0.147582 1.715500
Time for Wc(i_q=6, i_omega=3) (seconds, Wall/CPU): 0.090531 1.045811
Time for Wc(i_q=6, i_omega=4) (seconds, Wall/CPU): 0.089676 1.037580
Time for Wc(i_q=6, i_omega=5) (seconds, Wall/CPU): 0.089414 1.036481
Time for Wc(i_q=6, i_omega=6) (seconds, Wall/CPU): 0.089752 1.040296
Computing Wc(q), 7 / 64, q=(0.500000, 0.250000, 0.000000)
Time to prepare sqrt root of Coulomb for Wc(q) (seconds, Wall/CPU): 0.191495 2.289819
Time to prepare sqrt root of Coulomb for Epsilon(q) (seconds, Wall/CPU): 0.181281 2.167914
Time for Wc(i_q=7, i_omega=1) (seconds, Wall/CPU): 0.090023 1.042825
Time for Wc(i_q=7, i_omega=2) (seconds, Wall/CPU): 0.089640 1.038114
Time for Wc(i_q=7, i_omega=3) (seconds, Wall/CPU): 0.089676 1.039317
Time for Wc(i_q=7, i_omega=4) (seconds, Wall/CPU): 0.090128 1.044654
Time for Wc(i_q=7, i_omega=5) (seconds, Wall/CPU): 0.089867 1.041002
Time for Wc(i_q=7, i_omega=6) (seconds, Wall/CPU): 0.089649 1.039841
Computing Wc(q), 8 / 64, q=(0.750000, 0.250000, 0.000000)
Time to prepare sqrt root of Coulomb for Wc(q) (seconds, Wall/CPU): 0.188047 2.248677
Time to prepare sqrt root of Coulomb for Epsilon(q) (seconds, Wall/CPU): 0.182405 2.180941
Time for Wc(i_q=8, i_omega=1) (seconds, Wall/CPU): 0.091634 1.061217
Time for Wc(i_q=8, i_omega=2) (seconds, Wall/CPU): 0.089239 1.034719
Time for Wc(i_q=8, i_omega=3) (seconds, Wall/CPU): 0.089353 1.034828
Time for Wc(i_q=8, i_omega=4) (seconds, Wall/CPU): 0.090052 1.043267
Time for Wc(i_q=8, i_omega=5) (seconds, Wall/CPU): 0.090253 1.045971
Time for Wc(i_q=8, i_omega=6) (seconds, Wall/CPU): 0.091108 1.054252
Computing Wc(q), 9 / 64, q=(0.000000, 0.500000, 0.000000)
Time to prepare sqrt root of Coulomb for Wc(q) (seconds, Wall/CPU): 0.192489 2.301804
Time to prepare sqrt root of Coulomb for Epsilon(q) (seconds, Wall/CPU): 0.183042 2.188951
Time for Wc(i_q=9, i_omega=1) (seconds, Wall/CPU): 0.093011 1.080139
Time for Wc(i_q=9, i_omega=2) (seconds, Wall/CPU): 0.089610 1.038871
Time for Wc(i_q=9, i_omega=3) (seconds, Wall/CPU): 0.089165 1.033761
Time for Wc(i_q=9, i_omega=4) (seconds, Wall/CPU): 0.090107 1.043717
Time for Wc(i_q=9, i_omega=5) (seconds, Wall/CPU): 0.090067 1.044329
Time for Wc(i_q=9, i_omega=6) (seconds, Wall/CPU): 0.090881 1.051676
Computing Wc(q), 10 / 64, q=(0.250000, 0.500000, 0.000000)
Time to prepare sqrt root of Coulomb for Wc(q) (seconds, Wall/CPU): 0.188593 2.255624
Time to prepare sqrt root of Coulomb for Epsilon(q) (seconds, Wall/CPU): 0.181275 2.167171
Time for Wc(i_q=10, i_omega=1) (seconds, Wall/CPU): 1.497930 4.558414
Time for Wc(i_q=10, i_omega=2) (seconds, Wall/CPU): 0.111149 1.292088
Time for Wc(i_q=10, i_omega=3) (seconds, Wall/CPU): 0.089399 1.035656
Time for Wc(i_q=10, i_omega=4) (seconds, Wall/CPU): 0.090357 1.047650
Time for Wc(i_q=10, i_omega=5) (seconds, Wall/CPU): 0.090104 1.044742
Time for Wc(i_q=10, i_omega=6) (seconds, Wall/CPU): 0.091085 1.054261
Computing Wc(q), 11 / 64, q=(0.500000, 0.500000, 0.000000)
Time to prepare sqrt root of Coulomb for Wc(q) (seconds, Wall/CPU): 0.271645 3.172971
Time to prepare sqrt root of Coulomb for Epsilon(q) (seconds, Wall/CPU): 0.183132 2.190348
Time for Wc(i_q=11, i_omega=1) (seconds, Wall/CPU): 0.090024 1.044060
Time for Wc(i_q=11, i_omega=2) (seconds, Wall/CPU): 0.089280 1.034640
Time for Wc(i_q=11, i_omega=3) (seconds, Wall/CPU): 0.088766 1.029021
Time for Wc(i_q=11, i_omega=4) (seconds, Wall/CPU): 0.090579 1.050007
Time for Wc(i_q=11, i_omega=5) (seconds, Wall/CPU): 0.091464 1.060083
Time for Wc(i_q=11, i_omega=6) (seconds, Wall/CPU): 0.092656 1.073110
Computing Wc(q), 12 / 64, q=(0.750000, 0.500000, 0.000000)
Time to prepare sqrt root of Coulomb for Wc(q) (seconds, Wall/CPU): 0.192465 2.301929
Time to prepare sqrt root of Coulomb for Epsilon(q) (seconds, Wall/CPU): 0.181435 2.169907
Time for Wc(i_q=12, i_omega=1) (seconds, Wall/CPU): 0.089992 1.042851
Time for Wc(i_q=12, i_omega=2) (seconds, Wall/CPU): 0.089553 1.037549
Time for Wc(i_q=12, i_omega=3) (seconds, Wall/CPU): 0.089209 1.033770
Time for Wc(i_q=12, i_omega=4) (seconds, Wall/CPU): 0.089489 1.037839
Time for Wc(i_q=12, i_omega=5) (seconds, Wall/CPU): 0.090294 1.046409
Time for Wc(i_q=12, i_omega=6) (seconds, Wall/CPU): 0.090376 1.046250
Computing Wc(q), 13 / 64, q=(0.000000, 0.750000, 0.000000)
Time to prepare sqrt root of Coulomb for Wc(q) (seconds, Wall/CPU): 0.190212 2.274847
Time to prepare sqrt root of Coulomb for Epsilon(q) (seconds, Wall/CPU): 0.184920 2.211625
Time for Wc(i_q=13, i_omega=1) (seconds, Wall/CPU): 0.090021 1.043300
Time for Wc(i_q=13, i_omega=2) (seconds, Wall/CPU): 0.089977 1.041875
Time for Wc(i_q=13, i_omega=3) (seconds, Wall/CPU): 0.123673 1.402415
Time for Wc(i_q=13, i_omega=4) (seconds, Wall/CPU): 0.090168 1.045167
Time for Wc(i_q=13, i_omega=5) (seconds, Wall/CPU): 0.089943 1.043096
Time for Wc(i_q=13, i_omega=6) (seconds, Wall/CPU): 0.090140 1.043112
Computing Wc(q), 14 / 64, q=(0.250000, 0.750000, 0.000000)
Time to prepare sqrt root of Coulomb for Wc(q) (seconds, Wall/CPU): 0.187471 2.241840
Time to prepare sqrt root of Coulomb for Epsilon(q) (seconds, Wall/CPU): 0.185815 2.221274
Time for Wc(i_q=14, i_omega=1) (seconds, Wall/CPU): 0.089314 1.035933
Time for Wc(i_q=14, i_omega=2) (seconds, Wall/CPU): 0.089255 1.033960
Time for Wc(i_q=14, i_omega=3) (seconds, Wall/CPU): 0.089439 1.037314
Time for Wc(i_q=14, i_omega=4) (seconds, Wall/CPU): 0.089395 1.035461
Time for Wc(i_q=14, i_omega=5) (seconds, Wall/CPU): 0.089639 1.038946
Time for Wc(i_q=14, i_omega=6) (seconds, Wall/CPU): 0.089535 1.037458
Computing Wc(q), 15 / 64, q=(0.500000, 0.750000, 0.000000)
Time to prepare sqrt root of Coulomb for Wc(q) (seconds, Wall/CPU): 0.190368 2.276796
Time to prepare sqrt root of Coulomb for Epsilon(q) (seconds, Wall/CPU): 0.181982 2.176465
Time for Wc(i_q=15, i_omega=1) (seconds, Wall/CPU): 0.774932 3.828180
Time for Wc(i_q=15, i_omega=2) (seconds, Wall/CPU): 0.089366 1.034414
Time for Wc(i_q=15, i_omega=3) (seconds, Wall/CPU): 0.089306 1.033902
Time for Wc(i_q=15, i_omega=4) (seconds, Wall/CPU): 0.090184 1.045850
Time for Wc(i_q=15, i_omega=5) (seconds, Wall/CPU): 0.090011 1.042896
Time for Wc(i_q=15, i_omega=6) (seconds, Wall/CPU): 0.093802 1.087846
Computing Wc(q), 16 / 64, q=(0.750000, 0.750000, 0.000000)
Time to prepare sqrt root of Coulomb for Wc(q) (seconds, Wall/CPU): 0.188678 2.256245
Time to prepare sqrt root of Coulomb for Epsilon(q) (seconds, Wall/CPU): 0.187227 2.238289
Time for Wc(i_q=16, i_omega=1) (seconds, Wall/CPU): 0.089383 1.034810
Time for Wc(i_q=16, i_omega=2) (seconds, Wall/CPU): 0.089566 1.035809
Time for Wc(i_q=16, i_omega=3) (seconds, Wall/CPU): 0.089573 1.036068
Time for Wc(i_q=16, i_omega=4) (seconds, Wall/CPU): 0.089290 1.033257
Time for Wc(i_q=16, i_omega=5) (seconds, Wall/CPU): 0.093223 1.080649
Time for Wc(i_q=16, i_omega=6) (seconds, Wall/CPU): 0.089553 1.037661
Computing Wc(q), 17 / 64, q=(0.000000, 0.000000, 0.250000)
Time to prepare sqrt root of Coulomb for Wc(q) (seconds, Wall/CPU): 0.186864 2.233422
Time to prepare sqrt root of Coulomb for Epsilon(q) (seconds, Wall/CPU): 0.181677 2.171466
Time for Wc(i_q=17, i_omega=1) (seconds, Wall/CPU): 0.089606 1.036666
Time for Wc(i_q=17, i_omega=2) (seconds, Wall/CPU): 0.089105 1.031259
Time for Wc(i_q=17, i_omega=3) (seconds, Wall/CPU): 0.091139 1.054912
Time for Wc(i_q=17, i_omega=4) (seconds, Wall/CPU): 0.089880 1.039133
Time for Wc(i_q=17, i_omega=5) (seconds, Wall/CPU): 0.090115 1.043677
Time for Wc(i_q=17, i_omega=6) (seconds, Wall/CPU): 0.089170 1.032232
Computing Wc(q), 18 / 64, q=(0.250000, 0.000000, 0.250000)
Time to prepare sqrt root of Coulomb for Wc(q) (seconds, Wall/CPU): 0.191313 2.287149
Time to prepare sqrt root of Coulomb for Epsilon(q) (seconds, Wall/CPU): 0.181584 2.171585
Time for Wc(i_q=18, i_omega=1) (seconds, Wall/CPU): 0.090485 1.048412
Time for Wc(i_q=18, i_omega=2) (seconds, Wall/CPU): 0.089777 1.040957
Time for Wc(i_q=18, i_omega=3) (seconds, Wall/CPU): 0.089719 1.040263
Time for Wc(i_q=18, i_omega=4) (seconds, Wall/CPU): 0.090107 1.044470
Time for Wc(i_q=18, i_omega=5) (seconds, Wall/CPU): 0.089851 1.041319
Time for Wc(i_q=18, i_omega=6) (seconds, Wall/CPU): 0.089819 1.041684
Computing Wc(q), 19 / 64, q=(0.500000, 0.000000, 0.250000)
Time to prepare sqrt root of Coulomb for Wc(q) (seconds, Wall/CPU): 0.190398 2.273654
Time to prepare sqrt root of Coulomb for Epsilon(q) (seconds, Wall/CPU): 0.180963 2.164042
Time for Wc(i_q=19, i_omega=1) (seconds, Wall/CPU): 0.090094 1.044423
Time for Wc(i_q=19, i_omega=2) (seconds, Wall/CPU): 0.090013 1.043919
Time for Wc(i_q=19, i_omega=3) (seconds, Wall/CPU): 0.090560 1.049409
Time for Wc(i_q=19, i_omega=4) (seconds, Wall/CPU): 0.090390 1.047633
Time for Wc(i_q=19, i_omega=5) (seconds, Wall/CPU): 0.090227 1.045851
Time for Wc(i_q=19, i_omega=6) (seconds, Wall/CPU): 0.090425 1.047534
Computing Wc(q), 20 / 64, q=(0.750000, 0.000000, 0.250000)
Time to prepare sqrt root of Coulomb for Wc(q) (seconds, Wall/CPU): 0.186529 2.227696
Time to prepare sqrt root of Coulomb for Epsilon(q) (seconds, Wall/CPU): 0.183178 2.190675
Time for Wc(i_q=20, i_omega=1) (seconds, Wall/CPU): 0.090463 1.048378
Time for Wc(i_q=20, i_omega=2) (seconds, Wall/CPU): 0.090453 1.048605
Time for Wc(i_q=20, i_omega=3) (seconds, Wall/CPU): 0.090422 1.047803
Time for Wc(i_q=20, i_omega=4) (seconds, Wall/CPU): 0.090588 1.049434
Time for Wc(i_q=20, i_omega=5) (seconds, Wall/CPU): 0.091562 1.061850
Time for Wc(i_q=20, i_omega=6) (seconds, Wall/CPU): 0.090987 1.055044
Computing Wc(q), 21 / 64, q=(0.000000, 0.250000, 0.250000)
Time to prepare sqrt root of Coulomb for Wc(q) (seconds, Wall/CPU): 0.186394 2.228774
Time to prepare sqrt root of Coulomb for Epsilon(q) (seconds, Wall/CPU): 0.184433 2.202649
Time for Wc(i_q=21, i_omega=1) (seconds, Wall/CPU): 0.090353 1.046393
Time for Wc(i_q=21, i_omega=2) (seconds, Wall/CPU): 0.090065 1.044099
Time for Wc(i_q=21, i_omega=3) (seconds, Wall/CPU): 0.090587 1.049997
Time for Wc(i_q=21, i_omega=4) (seconds, Wall/CPU): 0.091820 1.065214
Time for Wc(i_q=21, i_omega=5) (seconds, Wall/CPU): 0.092091 1.067877
Time for Wc(i_q=21, i_omega=6) (seconds, Wall/CPU): 0.090069 1.044072
Computing Wc(q), 22 / 64, q=(0.250000, 0.250000, 0.250000)
Time to prepare sqrt root of Coulomb for Wc(q) (seconds, Wall/CPU): 0.184840 2.210210
Time to prepare sqrt root of Coulomb for Epsilon(q) (seconds, Wall/CPU): 0.186386 2.225816
Time for Wc(i_q=22, i_omega=1) (seconds, Wall/CPU): 0.090312 1.046949
Time for Wc(i_q=22, i_omega=2) (seconds, Wall/CPU): 0.090038 1.043796
Time for Wc(i_q=22, i_omega=3) (seconds, Wall/CPU): 0.092163 1.069080
Time for Wc(i_q=22, i_omega=4) (seconds, Wall/CPU): 0.090328 1.046453
Time for Wc(i_q=22, i_omega=5) (seconds, Wall/CPU): 0.091091 1.056849
Time for Wc(i_q=22, i_omega=6) (seconds, Wall/CPU): 0.089585 1.038645
Computing Wc(q), 23 / 64, q=(0.500000, 0.250000, 0.250000)
Time to prepare sqrt root of Coulomb for Wc(q) (seconds, Wall/CPU): 0.183941 2.199686
Time to prepare sqrt root of Coulomb for Epsilon(q) (seconds, Wall/CPU): 0.187306 2.236844
Time for Wc(i_q=23, i_omega=1) (seconds, Wall/CPU): 0.090100 1.044185
Time for Wc(i_q=23, i_omega=2) (seconds, Wall/CPU): 0.090402 1.048664
Time for Wc(i_q=23, i_omega=3) (seconds, Wall/CPU): 0.091793 1.065123
Time for Wc(i_q=23, i_omega=4) (seconds, Wall/CPU): 0.089956 1.042687
Time for Wc(i_q=23, i_omega=5) (seconds, Wall/CPU): 0.091989 1.066417
Time for Wc(i_q=23, i_omega=6) (seconds, Wall/CPU): 0.090993 1.054859
Computing Wc(q), 24 / 64, q=(0.750000, 0.250000, 0.250000)
Time to prepare sqrt root of Coulomb for Wc(q) (seconds, Wall/CPU): 0.186472 2.229866
Time to prepare sqrt root of Coulomb for Epsilon(q) (seconds, Wall/CPU): 0.189302 2.263575
Time for Wc(i_q=24, i_omega=1) (seconds, Wall/CPU): 0.091642 1.059660
Time for Wc(i_q=24, i_omega=2) (seconds, Wall/CPU): 0.089748 1.040648
Time for Wc(i_q=24, i_omega=3) (seconds, Wall/CPU): 0.091743 1.063735
Time for Wc(i_q=24, i_omega=4) (seconds, Wall/CPU): 0.090391 1.047875
Time for Wc(i_q=24, i_omega=5) (seconds, Wall/CPU): 0.091765 1.063893
Time for Wc(i_q=24, i_omega=6) (seconds, Wall/CPU): 0.090331 1.047458
Computing Wc(q), 25 / 64, q=(0.000000, 0.500000, 0.250000)
Time to prepare sqrt root of Coulomb for Wc(q) (seconds, Wall/CPU): 0.185376 2.216795
Time to prepare sqrt root of Coulomb for Epsilon(q) (seconds, Wall/CPU): 0.184854 2.210288
Time for Wc(i_q=25, i_omega=1) (seconds, Wall/CPU): 1.004490 4.053432
Time for Wc(i_q=25, i_omega=2) (seconds, Wall/CPU): 0.089298 1.033909
Time for Wc(i_q=25, i_omega=3) (seconds, Wall/CPU): 0.090888 1.052231
Time for Wc(i_q=25, i_omega=4) (seconds, Wall/CPU): 0.089459 1.037184
Time for Wc(i_q=25, i_omega=5) (seconds, Wall/CPU): 0.091888 1.066086
Time for Wc(i_q=25, i_omega=6) (seconds, Wall/CPU): 0.092614 1.068291
Computing Wc(q), 26 / 64, q=(0.250000, 0.500000, 0.250000)
Time to prepare sqrt root of Coulomb for Wc(q) (seconds, Wall/CPU): 0.184164 2.202139
Time to prepare sqrt root of Coulomb for Epsilon(q) (seconds, Wall/CPU): 0.179619 2.147348
Time for Wc(i_q=26, i_omega=1) (seconds, Wall/CPU): 0.089338 1.035250
Time for Wc(i_q=26, i_omega=2) (seconds, Wall/CPU): 0.088968 1.030823
Time for Wc(i_q=26, i_omega=3) (seconds, Wall/CPU): 0.089034 1.031626
Time for Wc(i_q=26, i_omega=4) (seconds, Wall/CPU): 0.090127 1.043413
Time for Wc(i_q=26, i_omega=5) (seconds, Wall/CPU): 0.089599 1.038441
Time for Wc(i_q=26, i_omega=6) (seconds, Wall/CPU): 0.089594 1.038530
Computing Wc(q), 27 / 64, q=(0.500000, 0.500000, 0.250000)
Time to prepare sqrt root of Coulomb for Wc(q) (seconds, Wall/CPU): 0.185379 2.216465
Time to prepare sqrt root of Coulomb for Epsilon(q) (seconds, Wall/CPU): 0.180059 2.152927
Time for Wc(i_q=27, i_omega=1) (seconds, Wall/CPU): 0.089300 1.034718
Time for Wc(i_q=27, i_omega=2) (seconds, Wall/CPU): 0.089628 1.038762
Time for Wc(i_q=27, i_omega=3) (seconds, Wall/CPU): 0.089822 1.041531
Time for Wc(i_q=27, i_omega=4) (seconds, Wall/CPU): 0.089003 1.030719
Time for Wc(i_q=27, i_omega=5) (seconds, Wall/CPU): 0.091668 1.060363
Time for Wc(i_q=27, i_omega=6) (seconds, Wall/CPU): 0.089978 1.042162
Computing Wc(q), 28 / 64, q=(0.750000, 0.500000, 0.250000)
Time to prepare sqrt root of Coulomb for Wc(q) (seconds, Wall/CPU): 0.183690 2.196193
Time to prepare sqrt root of Coulomb for Epsilon(q) (seconds, Wall/CPU): 0.179924 2.151513
Time for Wc(i_q=28, i_omega=1) (seconds, Wall/CPU): 0.089186 1.033551
Time for Wc(i_q=28, i_omega=2) (seconds, Wall/CPU): 0.088568 1.026551
Time for Wc(i_q=28, i_omega=3) (seconds, Wall/CPU): 0.089838 1.040750
Time for Wc(i_q=28, i_omega=4) (seconds, Wall/CPU): 0.090115 1.043303
Time for Wc(i_q=28, i_omega=5) (seconds, Wall/CPU): 0.098309 1.142439
Time for Wc(i_q=28, i_omega=6) (seconds, Wall/CPU): 0.092332 1.068431
Computing Wc(q), 29 / 64, q=(0.000000, 0.750000, 0.250000)
Time to prepare sqrt root of Coulomb for Wc(q) (seconds, Wall/CPU): 0.186634 2.230353
Time to prepare sqrt root of Coulomb for Epsilon(q) (seconds, Wall/CPU): 0.180793 2.162044
Time for Wc(i_q=29, i_omega=1) (seconds, Wall/CPU): 0.089636 1.037671
Time for Wc(i_q=29, i_omega=2) (seconds, Wall/CPU): 0.088924 1.030704
Time for Wc(i_q=29, i_omega=3) (seconds, Wall/CPU): 0.089597 1.038501
Time for Wc(i_q=29, i_omega=4) (seconds, Wall/CPU): 0.089219 1.033760
Time for Wc(i_q=29, i_omega=5) (seconds, Wall/CPU): 0.536110 3.626570
Time for Wc(i_q=29, i_omega=6) (seconds, Wall/CPU): 0.095637 1.078820
Computing Wc(q), 30 / 64, q=(0.250000, 0.750000, 0.250000)
Time to prepare sqrt root of Coulomb for Wc(q) (seconds, Wall/CPU): 0.183504 2.193498
Time to prepare sqrt root of Coulomb for Epsilon(q) (seconds, Wall/CPU): 0.178960 2.139188
Time for Wc(i_q=30, i_omega=1) (seconds, Wall/CPU): 0.089817 1.038188
Time for Wc(i_q=30, i_omega=2) (seconds, Wall/CPU): 0.089046 1.030128
Time for Wc(i_q=30, i_omega=3) (seconds, Wall/CPU): 0.092823 1.071531
Time for Wc(i_q=30, i_omega=4) (seconds, Wall/CPU): 0.088998 1.030376
Time for Wc(i_q=30, i_omega=5) (seconds, Wall/CPU): 0.089086 1.031516
Time for Wc(i_q=30, i_omega=6) (seconds, Wall/CPU): 0.089623 1.036840
Computing Wc(q), 31 / 64, q=(0.500000, 0.750000, 0.250000)
Time to prepare sqrt root of Coulomb for Wc(q) (seconds, Wall/CPU): 0.184135 2.200985
Time to prepare sqrt root of Coulomb for Epsilon(q) (seconds, Wall/CPU): 0.178667 2.134310
Time for Wc(i_q=31, i_omega=1) (seconds, Wall/CPU): 0.089154 1.032187
Time for Wc(i_q=31, i_omega=2) (seconds, Wall/CPU): 0.089395 1.033991
Time for Wc(i_q=31, i_omega=3) (seconds, Wall/CPU): 0.088909 1.028461
Time for Wc(i_q=31, i_omega=4) (seconds, Wall/CPU): 0.090639 1.048309
Time for Wc(i_q=31, i_omega=5) (seconds, Wall/CPU): 0.090014 1.041506
Time for Wc(i_q=31, i_omega=6) (seconds, Wall/CPU): 0.092300 1.069587
Computing Wc(q), 32 / 64, q=(0.750000, 0.750000, 0.250000)
Time to prepare sqrt root of Coulomb for Wc(q) (seconds, Wall/CPU): 0.185488 2.217410
Time to prepare sqrt root of Coulomb for Epsilon(q) (seconds, Wall/CPU): 0.178186 2.129293
Time for Wc(i_q=32, i_omega=1) (seconds, Wall/CPU): 0.089361 1.034545
Time for Wc(i_q=32, i_omega=2) (seconds, Wall/CPU): 0.089394 1.034605
Time for Wc(i_q=32, i_omega=3) (seconds, Wall/CPU): 0.088783 1.027990
Time for Wc(i_q=32, i_omega=4) (seconds, Wall/CPU): 0.089660 1.037910
Time for Wc(i_q=32, i_omega=5) (seconds, Wall/CPU): 0.091318 1.055569
Time for Wc(i_q=32, i_omega=6) (seconds, Wall/CPU): 0.103490 1.201904
Computing Wc(q), 33 / 64, q=(0.000000, 0.000000, 0.500000)
Time to prepare sqrt root of Coulomb for Wc(q) (seconds, Wall/CPU): 0.186967 2.233279
Time to prepare sqrt root of Coulomb for Epsilon(q) (seconds, Wall/CPU): 0.232685 2.775000
Time for Wc(i_q=33, i_omega=1) (seconds, Wall/CPU): 0.089600 1.036542
Time for Wc(i_q=33, i_omega=2) (seconds, Wall/CPU): 0.089029 1.030349
Time for Wc(i_q=33, i_omega=3) (seconds, Wall/CPU): 1.197013 4.661956
Time for Wc(i_q=33, i_omega=4) (seconds, Wall/CPU): 0.091239 1.021055
Time for Wc(i_q=33, i_omega=5) (seconds, Wall/CPU): 0.134618 1.568130
Time for Wc(i_q=33, i_omega=6) (seconds, Wall/CPU): 0.146414 1.697889
Computing Wc(q), 34 / 64, q=(0.250000, 0.000000, 0.500000)
Time to prepare sqrt root of Coulomb for Wc(q) (seconds, Wall/CPU): 0.187839 2.242394
Time to prepare sqrt root of Coulomb for Epsilon(q) (seconds, Wall/CPU): 0.177540 2.122361
Time for Wc(i_q=34, i_omega=1) (seconds, Wall/CPU): 0.089394 1.035161
Time for Wc(i_q=34, i_omega=2) (seconds, Wall/CPU): 0.089085 1.030820
Time for Wc(i_q=34, i_omega=3) (seconds, Wall/CPU): 0.088979 1.029614
Time for Wc(i_q=34, i_omega=4) (seconds, Wall/CPU): 0.093475 1.074708
Time for Wc(i_q=34, i_omega=5) (seconds, Wall/CPU): 0.090313 1.046517
Time for Wc(i_q=34, i_omega=6) (seconds, Wall/CPU): 0.090282 1.045521
Computing Wc(q), 35 / 64, q=(0.500000, 0.000000, 0.500000)
Time to prepare sqrt root of Coulomb for Wc(q) (seconds, Wall/CPU): 0.185029 2.211641
Time to prepare sqrt root of Coulomb for Epsilon(q) (seconds, Wall/CPU): 0.179370 2.143809
Time for Wc(i_q=35, i_omega=1) (seconds, Wall/CPU): 0.089812 1.039857
Time for Wc(i_q=35, i_omega=2) (seconds, Wall/CPU): 0.089512 1.036342
Time for Wc(i_q=35, i_omega=3) (seconds, Wall/CPU): 0.092695 1.074934
Time for Wc(i_q=35, i_omega=4) (seconds, Wall/CPU): 0.089483 1.035944
Time for Wc(i_q=35, i_omega=5) (seconds, Wall/CPU): 0.090129 1.043203
Time for Wc(i_q=35, i_omega=6) (seconds, Wall/CPU): 0.092222 1.068219
Computing Wc(q), 36 / 64, q=(0.750000, 0.000000, 0.500000)
Time to prepare sqrt root of Coulomb for Wc(q) (seconds, Wall/CPU): 0.184604 2.206471
Time to prepare sqrt root of Coulomb for Epsilon(q) (seconds, Wall/CPU): 0.180944 2.162792
Time for Wc(i_q=36, i_omega=1) (seconds, Wall/CPU): 0.089229 1.032879
Time for Wc(i_q=36, i_omega=2) (seconds, Wall/CPU): 0.089056 1.031339
Time for Wc(i_q=36, i_omega=3) (seconds, Wall/CPU): 0.089556 1.036343
Time for Wc(i_q=36, i_omega=4) (seconds, Wall/CPU): 0.089557 1.037226
Time for Wc(i_q=36, i_omega=5) (seconds, Wall/CPU): 0.091122 1.055593
Time for Wc(i_q=36, i_omega=6) (seconds, Wall/CPU): 0.092622 1.064484
Computing Wc(q), 37 / 64, q=(0.000000, 0.250000, 0.500000)
Time to prepare sqrt root of Coulomb for Wc(q) (seconds, Wall/CPU): 0.186911 2.234639
Time to prepare sqrt root of Coulomb for Epsilon(q) (seconds, Wall/CPU): 0.184026 2.199811
Time for Wc(i_q=37, i_omega=1) (seconds, Wall/CPU): 0.089229 1.033813
Time for Wc(i_q=37, i_omega=2) (seconds, Wall/CPU): 0.088864 1.029387
Time for Wc(i_q=37, i_omega=3) (seconds, Wall/CPU): 0.089940 1.041089
Time for Wc(i_q=37, i_omega=4) (seconds, Wall/CPU): 0.089502 1.036276
Time for Wc(i_q=37, i_omega=5) (seconds, Wall/CPU): 0.091560 1.060520
Time for Wc(i_q=37, i_omega=6) (seconds, Wall/CPU): 0.090562 1.048925
Computing Wc(q), 38 / 64, q=(0.250000, 0.250000, 0.500000)
Time to prepare sqrt root of Coulomb for Wc(q) (seconds, Wall/CPU): 0.188551 2.250747
Time to prepare sqrt root of Coulomb for Epsilon(q) (seconds, Wall/CPU): 0.181857 2.173936
Time for Wc(i_q=38, i_omega=1) (seconds, Wall/CPU): 0.089597 1.037264
Time for Wc(i_q=38, i_omega=2) (seconds, Wall/CPU): 0.089007 1.030241
Time for Wc(i_q=38, i_omega=3) (seconds, Wall/CPU): 0.090346 1.046765
Time for Wc(i_q=38, i_omega=4) (seconds, Wall/CPU): 0.090228 1.045902
Time for Wc(i_q=38, i_omega=5) (seconds, Wall/CPU): 0.090166 1.045805
Time for Wc(i_q=38, i_omega=6) (seconds, Wall/CPU): 0.090735 1.051965
Computing Wc(q), 39 / 64, q=(0.500000, 0.250000, 0.500000)
Time to prepare sqrt root of Coulomb for Wc(q) (seconds, Wall/CPU): 0.186596 2.228402
Time to prepare sqrt root of Coulomb for Epsilon(q) (seconds, Wall/CPU): 0.183393 2.193345
Time for Wc(i_q=39, i_omega=1) (seconds, Wall/CPU): 0.090662 1.050906
Time for Wc(i_q=39, i_omega=2) (seconds, Wall/CPU): 0.090065 1.043795
Time for Wc(i_q=39, i_omega=3) (seconds, Wall/CPU): 0.089319 1.035777
Time for Wc(i_q=39, i_omega=4) (seconds, Wall/CPU): 0.089315 1.035569
Time for Wc(i_q=39, i_omega=5) (seconds, Wall/CPU): 0.088980 1.031195
Time for Wc(i_q=39, i_omega=6) (seconds, Wall/CPU): 0.089766 1.040409
Computing Wc(q), 40 / 64, q=(0.750000, 0.250000, 0.500000)
Time to prepare sqrt root of Coulomb for Wc(q) (seconds, Wall/CPU): 0.184887 2.210963
Time to prepare sqrt root of Coulomb for Epsilon(q) (seconds, Wall/CPU): 0.184326 2.201192
Time for Wc(i_q=40, i_omega=1) (seconds, Wall/CPU): 0.091386 1.059752
Time for Wc(i_q=40, i_omega=2) (seconds, Wall/CPU): 0.089099 1.032333
Time for Wc(i_q=40, i_omega=3) (seconds, Wall/CPU): 0.089344 1.035489
Time for Wc(i_q=40, i_omega=4) (seconds, Wall/CPU): 0.089817 1.041043
Time for Wc(i_q=40, i_omega=5) (seconds, Wall/CPU): 0.089592 1.038106
Time for Wc(i_q=40, i_omega=6) (seconds, Wall/CPU): 0.089338 1.035514
Computing Wc(q), 41 / 64, q=(0.000000, 0.500000, 0.500000)
Time to prepare sqrt root of Coulomb for Wc(q) (seconds, Wall/CPU): 0.188493 2.254176
Time to prepare sqrt root of Coulomb for Epsilon(q) (seconds, Wall/CPU): 0.187300 2.237024
Time for Wc(i_q=41, i_omega=1) (seconds, Wall/CPU): 0.089821 1.040193
Time for Wc(i_q=41, i_omega=2) (seconds, Wall/CPU): 0.089582 1.037623
Time for Wc(i_q=41, i_omega=3) (seconds, Wall/CPU): 0.089016 1.031568
Time for Wc(i_q=41, i_omega=4) (seconds, Wall/CPU): 0.089550 1.037978
Time for Wc(i_q=41, i_omega=5) (seconds, Wall/CPU): 0.090268 1.046201
Time for Wc(i_q=41, i_omega=6) (seconds, Wall/CPU): 0.090309 1.047070
Computing Wc(q), 42 / 64, q=(0.250000, 0.500000, 0.500000)
Time to prepare sqrt root of Coulomb for Wc(q) (seconds, Wall/CPU): 0.187222 2.239198
Time to prepare sqrt root of Coulomb for Epsilon(q) (seconds, Wall/CPU): 0.181688 2.171734
Time for Wc(i_q=42, i_omega=1) (seconds, Wall/CPU): 0.093479 1.081662
Time for Wc(i_q=42, i_omega=2) (seconds, Wall/CPU): 0.089778 1.040823
Time for Wc(i_q=42, i_omega=3) (seconds, Wall/CPU): 0.089324 1.035131
Time for Wc(i_q=42, i_omega=4) (seconds, Wall/CPU): 0.089545 1.038023
Time for Wc(i_q=42, i_omega=5) (seconds, Wall/CPU): 0.452907 5.051498
Time for Wc(i_q=42, i_omega=6) (seconds, Wall/CPU): 0.090240 1.044897
Computing Wc(q), 43 / 64, q=(0.500000, 0.500000, 0.500000)
Time to prepare sqrt root of Coulomb for Wc(q) (seconds, Wall/CPU): 0.189715 2.263428
Time to prepare sqrt root of Coulomb for Epsilon(q) (seconds, Wall/CPU): 0.185046 2.212872
Time for Wc(i_q=43, i_omega=1) (seconds, Wall/CPU): 0.089388 1.036332
Time for Wc(i_q=43, i_omega=2) (seconds, Wall/CPU): 0.089366 1.036064
Time for Wc(i_q=43, i_omega=3) (seconds, Wall/CPU): 0.089669 1.038128
Time for Wc(i_q=43, i_omega=4) (seconds, Wall/CPU): 0.089726 1.039709
Time for Wc(i_q=43, i_omega=5) (seconds, Wall/CPU): 0.089513 1.037356
Time for Wc(i_q=43, i_omega=6) (seconds, Wall/CPU): 0.090058 1.044012
Computing Wc(q), 44 / 64, q=(0.750000, 0.500000, 0.500000)
Time to prepare sqrt root of Coulomb for Wc(q) (seconds, Wall/CPU): 0.191401 2.285438
Time to prepare sqrt root of Coulomb for Epsilon(q) (seconds, Wall/CPU): 0.183465 2.194356
Time for Wc(i_q=44, i_omega=1) (seconds, Wall/CPU): 0.089193 1.033700
Time for Wc(i_q=44, i_omega=2) (seconds, Wall/CPU): 0.089294 1.035202
Time for Wc(i_q=44, i_omega=3) (seconds, Wall/CPU): 0.089236 1.033592
Time for Wc(i_q=44, i_omega=4) (seconds, Wall/CPU): 0.089364 1.036313
Time for Wc(i_q=44, i_omega=5) (seconds, Wall/CPU): 0.089360 1.035886
Time for Wc(i_q=44, i_omega=6) (seconds, Wall/CPU): 0.089977 1.042998
Computing Wc(q), 45 / 64, q=(0.000000, 0.750000, 0.500000)
Time to prepare sqrt root of Coulomb for Wc(q) (seconds, Wall/CPU): 0.187530 2.242669
Time to prepare sqrt root of Coulomb for Epsilon(q) (seconds, Wall/CPU): 0.185006 2.209314
Time for Wc(i_q=45, i_omega=1) (seconds, Wall/CPU): 0.089071 1.032479
Time for Wc(i_q=45, i_omega=2) (seconds, Wall/CPU): 0.089833 1.040925
Time for Wc(i_q=45, i_omega=3) (seconds, Wall/CPU): 0.089176 1.033283
Time for Wc(i_q=45, i_omega=4) (seconds, Wall/CPU): 0.089729 1.040093
Time for Wc(i_q=45, i_omega=5) (seconds, Wall/CPU): 0.089548 1.036881
Time for Wc(i_q=45, i_omega=6) (seconds, Wall/CPU): 0.089741 1.039944
Computing Wc(q), 46 / 64, q=(0.250000, 0.750000, 0.500000)
Time to prepare sqrt root of Coulomb for Wc(q) (seconds, Wall/CPU): 0.187977 2.248066
Time to prepare sqrt root of Coulomb for Epsilon(q) (seconds, Wall/CPU): 0.182695 2.181949
Time for Wc(i_q=46, i_omega=1) (seconds, Wall/CPU): 0.088987 1.031100
Time for Wc(i_q=46, i_omega=2) (seconds, Wall/CPU): 0.089207 1.034260
Time for Wc(i_q=46, i_omega=3) (seconds, Wall/CPU): 0.089264 1.034072
Time for Wc(i_q=46, i_omega=4) (seconds, Wall/CPU): 0.089924 1.042548
Time for Wc(i_q=46, i_omega=5) (seconds, Wall/CPU): 0.092092 1.067726
Time for Wc(i_q=46, i_omega=6) (seconds, Wall/CPU): 0.090865 1.053018
Computing Wc(q), 47 / 64, q=(0.500000, 0.750000, 0.500000)
Time to prepare sqrt root of Coulomb for Wc(q) (seconds, Wall/CPU): 0.187682 2.244565
Time to prepare sqrt root of Coulomb for Epsilon(q) (seconds, Wall/CPU): 0.184171 2.202602
Time for Wc(i_q=47, i_omega=1) (seconds, Wall/CPU): 0.091268 1.054905
Time for Wc(i_q=47, i_omega=2) (seconds, Wall/CPU): 0.089226 1.033773
Time for Wc(i_q=47, i_omega=3) (seconds, Wall/CPU): 0.089027 1.031191
Time for Wc(i_q=47, i_omega=4) (seconds, Wall/CPU): 0.089455 1.036469
Time for Wc(i_q=47, i_omega=5) (seconds, Wall/CPU): 0.089332 1.035115
Time for Wc(i_q=47, i_omega=6) (seconds, Wall/CPU): 0.089781 1.040440
Computing Wc(q), 48 / 64, q=(0.750000, 0.750000, 0.500000)
Time to prepare sqrt root of Coulomb for Wc(q) (seconds, Wall/CPU): 0.184675 2.208621
Time to prepare sqrt root of Coulomb for Epsilon(q) (seconds, Wall/CPU): 0.182468 2.181873
Time for Wc(i_q=48, i_omega=1) (seconds, Wall/CPU): 1.093227 6.662039
Time for Wc(i_q=48, i_omega=2) (seconds, Wall/CPU): 0.097847 1.131830
Time for Wc(i_q=48, i_omega=3) (seconds, Wall/CPU): 0.089327 1.035071
Time for Wc(i_q=48, i_omega=4) (seconds, Wall/CPU): 0.089783 1.040920
Time for Wc(i_q=48, i_omega=5) (seconds, Wall/CPU): 0.089742 1.039864
Time for Wc(i_q=48, i_omega=6) (seconds, Wall/CPU): 0.089544 1.038819
Computing Wc(q), 49 / 64, q=(0.000000, 0.000000, 0.750000)
Time to prepare sqrt root of Coulomb for Wc(q) (seconds, Wall/CPU): 0.187852 2.246454
Time to prepare sqrt root of Coulomb for Epsilon(q) (seconds, Wall/CPU): 0.181066 2.165704
Time for Wc(i_q=49, i_omega=1) (seconds, Wall/CPU): 0.248421 2.776687
Time for Wc(i_q=49, i_omega=2) (seconds, Wall/CPU): 0.089017 1.031596
Time for Wc(i_q=49, i_omega=3) (seconds, Wall/CPU): 0.089468 1.036635
Time for Wc(i_q=49, i_omega=4) (seconds, Wall/CPU): 0.090042 1.043533
Time for Wc(i_q=49, i_omega=5) (seconds, Wall/CPU): 0.089665 1.038695
Time for Wc(i_q=49, i_omega=6) (seconds, Wall/CPU): 0.089470 1.036680
Computing Wc(q), 50 / 64, q=(0.250000, 0.000000, 0.750000)
Time to prepare sqrt root of Coulomb for Wc(q) (seconds, Wall/CPU): 0.182558 2.183281
Time to prepare sqrt root of Coulomb for Epsilon(q) (seconds, Wall/CPU): 0.186748 2.232835
Time for Wc(i_q=50, i_omega=1) (seconds, Wall/CPU): 0.092060 1.066199
Time for Wc(i_q=50, i_omega=2) (seconds, Wall/CPU): 0.091311 1.054420
Time for Wc(i_q=50, i_omega=3) (seconds, Wall/CPU): 0.089189 1.032500
Time for Wc(i_q=50, i_omega=4) (seconds, Wall/CPU): 0.089476 1.036761
Time for Wc(i_q=50, i_omega=5) (seconds, Wall/CPU): 0.089601 1.038394
Time for Wc(i_q=50, i_omega=6) (seconds, Wall/CPU): 0.089311 1.035724
Computing Wc(q), 51 / 64, q=(0.500000, 0.000000, 0.750000)
Time to prepare sqrt root of Coulomb for Wc(q) (seconds, Wall/CPU): 0.185907 2.223284
Time to prepare sqrt root of Coulomb for Epsilon(q) (seconds, Wall/CPU): 0.180642 2.160261
Time for Wc(i_q=51, i_omega=1) (seconds, Wall/CPU): 0.089420 1.035869
Time for Wc(i_q=51, i_omega=2) (seconds, Wall/CPU): 0.089887 1.040604
Time for Wc(i_q=51, i_omega=3) (seconds, Wall/CPU): 0.090626 1.045936
Time for Wc(i_q=51, i_omega=4) (seconds, Wall/CPU): 0.089867 1.040508
Time for Wc(i_q=51, i_omega=5) (seconds, Wall/CPU): 0.089494 1.036031
Time for Wc(i_q=51, i_omega=6) (seconds, Wall/CPU): 0.090006 1.042429
Computing Wc(q), 52 / 64, q=(0.750000, 0.000000, 0.750000)
Time to prepare sqrt root of Coulomb for Wc(q) (seconds, Wall/CPU): 0.184321 2.203595
Time to prepare sqrt root of Coulomb for Epsilon(q) (seconds, Wall/CPU): 0.178856 2.137884
Time for Wc(i_q=52, i_omega=1) (seconds, Wall/CPU): 0.089119 1.032511
Time for Wc(i_q=52, i_omega=2) (seconds, Wall/CPU): 0.089203 1.033541
Time for Wc(i_q=52, i_omega=3) (seconds, Wall/CPU): 0.089899 1.040664
Time for Wc(i_q=52, i_omega=4) (seconds, Wall/CPU): 0.092178 1.066038
Time for Wc(i_q=52, i_omega=5) (seconds, Wall/CPU): 0.089569 1.038174
Time for Wc(i_q=52, i_omega=6) (seconds, Wall/CPU): 0.090077 1.042645
Computing Wc(q), 53 / 64, q=(0.000000, 0.250000, 0.750000)
Time to prepare sqrt root of Coulomb for Wc(q) (seconds, Wall/CPU): 0.184949 2.210801
Time to prepare sqrt root of Coulomb for Epsilon(q) (seconds, Wall/CPU): 0.181830 2.173726
Time for Wc(i_q=53, i_omega=1) (seconds, Wall/CPU): 0.089502 1.036207
Time for Wc(i_q=53, i_omega=2) (seconds, Wall/CPU): 0.089778 1.039271
Time for Wc(i_q=53, i_omega=3) (seconds, Wall/CPU): 0.088863 1.028819
Time for Wc(i_q=53, i_omega=4) (seconds, Wall/CPU): 1.101651 4.180378
Time for Wc(i_q=53, i_omega=5) (seconds, Wall/CPU): 0.094876 1.098547
Time for Wc(i_q=53, i_omega=6) (seconds, Wall/CPU): 0.089468 1.036237
Computing Wc(q), 54 / 64, q=(0.250000, 0.250000, 0.750000)
Time to prepare sqrt root of Coulomb for Wc(q) (seconds, Wall/CPU): 0.185038 2.211435
Time to prepare sqrt root of Coulomb for Epsilon(q) (seconds, Wall/CPU): 0.180544 2.157660
Time for Wc(i_q=54, i_omega=1) (seconds, Wall/CPU): 0.090267 1.043138
Time for Wc(i_q=54, i_omega=2) (seconds, Wall/CPU): 0.089745 1.038690
Time for Wc(i_q=54, i_omega=3) (seconds, Wall/CPU): 0.089810 1.039424
Time for Wc(i_q=54, i_omega=4) (seconds, Wall/CPU): 0.092058 1.066544
Time for Wc(i_q=54, i_omega=5) (seconds, Wall/CPU): 0.091282 1.056607
Time for Wc(i_q=54, i_omega=6) (seconds, Wall/CPU): 0.090106 1.043438
Computing Wc(q), 55 / 64, q=(0.500000, 0.250000, 0.750000)
Time to prepare sqrt root of Coulomb for Wc(q) (seconds, Wall/CPU): 0.187755 2.244198
Time to prepare sqrt root of Coulomb for Epsilon(q) (seconds, Wall/CPU): 0.184393 2.202016
Time for Wc(i_q=55, i_omega=1) (seconds, Wall/CPU): 0.090167 1.043423
Time for Wc(i_q=55, i_omega=2) (seconds, Wall/CPU): 0.089252 1.033618
Time for Wc(i_q=55, i_omega=3) (seconds, Wall/CPU): 0.089271 1.033743
Time for Wc(i_q=55, i_omega=4) (seconds, Wall/CPU): 0.089980 1.041872
Time for Wc(i_q=55, i_omega=5) (seconds, Wall/CPU): 0.090523 1.048237
Time for Wc(i_q=55, i_omega=6) (seconds, Wall/CPU): 0.092368 1.069340
Computing Wc(q), 56 / 64, q=(0.750000, 0.250000, 0.750000)
Time to prepare sqrt root of Coulomb for Wc(q) (seconds, Wall/CPU): 0.191093 2.280455
Time to prepare sqrt root of Coulomb for Epsilon(q) (seconds, Wall/CPU): 0.184034 2.199342
Time for Wc(i_q=56, i_omega=1) (seconds, Wall/CPU): 0.088870 1.029132
Time for Wc(i_q=56, i_omega=2) (seconds, Wall/CPU): 0.089916 1.041032
Time for Wc(i_q=56, i_omega=3) (seconds, Wall/CPU): 0.089221 1.032499
Time for Wc(i_q=56, i_omega=4) (seconds, Wall/CPU): 0.089523 1.036618
Time for Wc(i_q=56, i_omega=5) (seconds, Wall/CPU): 0.091417 1.059157
Time for Wc(i_q=56, i_omega=6) (seconds, Wall/CPU): 0.556134 3.653864
Computing Wc(q), 57 / 64, q=(0.000000, 0.500000, 0.750000)
Time to prepare sqrt root of Coulomb for Wc(q) (seconds, Wall/CPU): 0.187774 2.222180
Time to prepare sqrt root of Coulomb for Epsilon(q) (seconds, Wall/CPU): 0.187436 2.240500
Time for Wc(i_q=57, i_omega=1) (seconds, Wall/CPU): 0.092337 1.068794
Time for Wc(i_q=57, i_omega=2) (seconds, Wall/CPU): 0.090187 1.041991
Time for Wc(i_q=57, i_omega=3) (seconds, Wall/CPU): 0.091720 1.059618
Time for Wc(i_q=57, i_omega=4) (seconds, Wall/CPU): 0.089598 1.037218
Time for Wc(i_q=57, i_omega=5) (seconds, Wall/CPU): 0.090828 1.051730
Time for Wc(i_q=57, i_omega=6) (seconds, Wall/CPU): 0.089803 1.039326
Computing Wc(q), 58 / 64, q=(0.250000, 0.500000, 0.750000)
Time to prepare sqrt root of Coulomb for Wc(q) (seconds, Wall/CPU): 0.186411 2.228027
Time to prepare sqrt root of Coulomb for Epsilon(q) (seconds, Wall/CPU): 0.181775 2.172725
Time for Wc(i_q=58, i_omega=1) (seconds, Wall/CPU): 0.090523 1.048382
Time for Wc(i_q=58, i_omega=2) (seconds, Wall/CPU): 0.090242 1.045782
Time for Wc(i_q=58, i_omega=3) (seconds, Wall/CPU): 0.088938 1.029320
Time for Wc(i_q=58, i_omega=4) (seconds, Wall/CPU): 0.091581 1.057854
Time for Wc(i_q=58, i_omega=5) (seconds, Wall/CPU): 0.091115 1.055450
Time for Wc(i_q=58, i_omega=6) (seconds, Wall/CPU): 0.089704 1.037830
Computing Wc(q), 59 / 64, q=(0.500000, 0.500000, 0.750000)
Time to prepare sqrt root of Coulomb for Wc(q) (seconds, Wall/CPU): 0.188691 2.255824
Time to prepare sqrt root of Coulomb for Epsilon(q) (seconds, Wall/CPU): 0.185036 2.211427
Time for Wc(i_q=59, i_omega=1) (seconds, Wall/CPU): 0.089187 1.032564
Time for Wc(i_q=59, i_omega=2) (seconds, Wall/CPU): 0.090481 1.050108
Time for Wc(i_q=59, i_omega=3) (seconds, Wall/CPU): 0.090340 1.046212
Time for Wc(i_q=59, i_omega=4) (seconds, Wall/CPU): 0.089983 1.041452
Time for Wc(i_q=59, i_omega=5) (seconds, Wall/CPU): 0.092072 1.064020
Time for Wc(i_q=59, i_omega=6) (seconds, Wall/CPU): 0.090039 1.043323
Computing Wc(q), 60 / 64, q=(0.750000, 0.500000, 0.750000)
Time to prepare sqrt root of Coulomb for Wc(q) (seconds, Wall/CPU): 0.186942 2.234620
Time to prepare sqrt root of Coulomb for Epsilon(q) (seconds, Wall/CPU): 0.181292 2.166543
Time for Wc(i_q=60, i_omega=1) (seconds, Wall/CPU): 0.089369 1.034638
Time for Wc(i_q=60, i_omega=2) (seconds, Wall/CPU): 0.089584 1.037146
Time for Wc(i_q=60, i_omega=3) (seconds, Wall/CPU): 0.089588 1.036920
Time for Wc(i_q=60, i_omega=4) (seconds, Wall/CPU): 0.094497 1.095569
Time for Wc(i_q=60, i_omega=5) (seconds, Wall/CPU): 0.089634 1.037393
Time for Wc(i_q=60, i_omega=6) (seconds, Wall/CPU): 0.092549 1.069127
Computing Wc(q), 61 / 64, q=(0.000000, 0.750000, 0.750000)
Time to prepare sqrt root of Coulomb for Wc(q) (seconds, Wall/CPU): 0.272362 3.206572
Time to prepare sqrt root of Coulomb for Epsilon(q) (seconds, Wall/CPU): 0.227080 2.667207
Time for Wc(i_q=61, i_omega=1) (seconds, Wall/CPU): 0.089757 1.037569
Time for Wc(i_q=61, i_omega=2) (seconds, Wall/CPU): 0.089788 1.039089
Time for Wc(i_q=61, i_omega=3) (seconds, Wall/CPU): 0.134240 1.523711
Time for Wc(i_q=61, i_omega=4) (seconds, Wall/CPU): 0.102170 1.185100
Time for Wc(i_q=61, i_omega=5) (seconds, Wall/CPU): 0.090470 1.045219
Time for Wc(i_q=61, i_omega=6) (seconds, Wall/CPU): 0.137577 1.557054
Computing Wc(q), 62 / 64, q=(0.250000, 0.750000, 0.750000)
Time to prepare sqrt root of Coulomb for Wc(q) (seconds, Wall/CPU): 0.236233 2.771431
Time to prepare sqrt root of Coulomb for Epsilon(q) (seconds, Wall/CPU): 0.231486 2.715178
Time for Wc(i_q=62, i_omega=1) (seconds, Wall/CPU): 0.134348 1.520576
Time for Wc(i_q=62, i_omega=2) (seconds, Wall/CPU): 0.639422 3.704902
Time for Wc(i_q=62, i_omega=3) (seconds, Wall/CPU): 0.092799 1.040362
Time for Wc(i_q=62, i_omega=4) (seconds, Wall/CPU): 0.093986 1.087790
Time for Wc(i_q=62, i_omega=5) (seconds, Wall/CPU): 0.089437 1.035892
Time for Wc(i_q=62, i_omega=6) (seconds, Wall/CPU): 0.089606 1.037828
Computing Wc(q), 63 / 64, q=(0.500000, 0.750000, 0.750000)
Time to prepare sqrt root of Coulomb for Wc(q) (seconds, Wall/CPU): 0.188144 2.249483
Time to prepare sqrt root of Coulomb for Epsilon(q) (seconds, Wall/CPU): 0.183177 2.186965
Time for Wc(i_q=63, i_omega=1) (seconds, Wall/CPU): 0.089412 1.034754
Time for Wc(i_q=63, i_omega=2) (seconds, Wall/CPU): 0.088201 1.020914
Time for Wc(i_q=63, i_omega=3) (seconds, Wall/CPU): 0.089465 1.035588
Time for Wc(i_q=63, i_omega=4) (seconds, Wall/CPU): 0.089310 1.034390
Time for Wc(i_q=63, i_omega=5) (seconds, Wall/CPU): 0.089739 1.038982
Time for Wc(i_q=63, i_omega=6) (seconds, Wall/CPU): 0.089309 1.033535
Computing Wc(q), 64 / 64, q=(0.750000, 0.750000, 0.750000)
Time to prepare sqrt root of Coulomb for Wc(q) (seconds, Wall/CPU): 0.187415 2.239512
Time to prepare sqrt root of Coulomb for Epsilon(q) (seconds, Wall/CPU): 0.188111 2.244941
Time for Wc(i_q=64, i_omega=1) (seconds, Wall/CPU): 0.089630 1.037687
Time for Wc(i_q=64, i_omega=2) (seconds, Wall/CPU): 0.088899 1.029614
Time for Wc(i_q=64, i_omega=3) (seconds, Wall/CPU): 0.089602 1.037997
Time for Wc(i_q=64, i_omega=4) (seconds, Wall/CPU): 0.089439 1.035700
Time for Wc(i_q=64, i_omega=5) (seconds, Wall/CPU): 0.089858 1.040422
Time for Wc(i_q=64, i_omega=6) (seconds, Wall/CPU): 0.089882 1.040768
Time for Wc computation (seconds, Wall/CPU): 69.577156 739.766943
Calculating correlation self-energy by space-time method
Using real tensor
Converting Wc(q,w) -> W(R,t)
Converting Wc q,w -> R,t
Done converting Wc(q,w) -> Wc(R,w)
Done converting Wc q,w -> R,t
Time for Fourier transform of Wc in GW (seconds, Wall/CPU): 4.826840 35.961410
Time for LibRI G0W0 setup (seconds, Wall/CPU): 0.408774 3.080216
Time for Green's function, i_spin 1 i_tau 1 (seconds, Wall/CPU): 0.015647 0.015623
Task    3. libRI G0W0, spin 0, time grid     0.089856. Wc size 64, GF size 64. Wall time 0.678515
Task    1. libRI G0W0, spin 0, time grid     0.089856. Wc size 64, GF size 64. Wall time 1.879094
Task    2. libRI G0W0, spin 0, time grid     0.089856. Wc size 64, GF size 64. Wall time 2.595383
Task    0. libRI G0W0, spin 0, time grid     0.089856. Wc size 64, GF size 64. Wall time 3.523444
Task    3. libRI G0W0, spin 0, time grid    -0.089856. Wc size 64, GF size 64. Wall time 3.312073
Task    1. libRI G0W0, spin 0, time grid    -0.089856. Wc size 64, GF size 64. Wall time 3.401632
Task    2. libRI G0W0, spin 0, time grid    -0.089856. Wc size 64, GF size 64. Wall time 3.288266
Task    0. libRI G0W0, spin 0, time grid    -0.089856. Wc size 64, GF size 64. Wall time 3.683473
Time for Green's function, i_spin 1 i_tau 2 (seconds, Wall/CPU): 0.015242 0.015198
Task    3. libRI G0W0, spin 0, time grid     0.590263. Wc size 64, GF size 64. Wall time 0.463172
Task    1. libRI G0W0, spin 0, time grid     0.590263. Wc size 64, GF size 64. Wall time 1.691897
Task    2. libRI G0W0, spin 0, time grid     0.590263. Wc size 64, GF size 64. Wall time 2.585306
Task    0. libRI G0W0, spin 0, time grid     0.590263. Wc size 64, GF size 64. Wall time 3.393267
Task    3. libRI G0W0, spin 0, time grid    -0.590263. Wc size 64, GF size 64. Wall time 3.348158
Task    1. libRI G0W0, spin 0, time grid    -0.590263. Wc size 64, GF size 64. Wall time 3.423557
Task    2. libRI G0W0, spin 0, time grid    -0.590263. Wc size 64, GF size 64. Wall time 3.351762
Task    0. libRI G0W0, spin 0, time grid    -0.590263. Wc size 64, GF size 64. Wall time 3.439915
Time for Green's function, i_spin 1 i_tau 3 (seconds, Wall/CPU): 0.015312 0.015296
Task    3. libRI G0W0, spin 0, time grid     2.129784. Wc size 64, GF size 64. Wall time 0.457180
Task    1. libRI G0W0, spin 0, time grid     2.129784. Wc size 64, GF size 64. Wall time 1.691626
Task    2. libRI G0W0, spin 0, time grid     2.129784. Wc size 64, GF size 64. Wall time 2.649838
Task    0. libRI G0W0, spin 0, time grid     2.129784. Wc size 64, GF size 64. Wall time 3.404345
Task    3. libRI G0W0, spin 0, time grid    -2.129784. Wc size 64, GF size 64. Wall time 3.366138
Task    1. libRI G0W0, spin 0, time grid    -2.129784. Wc size 64, GF size 64. Wall time 3.427708
Task    2. libRI G0W0, spin 0, time grid    -2.129784. Wc size 64, GF size 64. Wall time 3.351078
Task    0. libRI G0W0, spin 0, time grid    -2.129784. Wc size 64, GF size 64. Wall time 3.457951
Time for Green's function, i_spin 1 i_tau 4 (seconds, Wall/CPU): 0.015015 0.014975
Task    3. libRI G0W0, spin 0, time grid     6.365317. Wc size 64, GF size 64. Wall time 0.479220
Task    1. libRI G0W0, spin 0, time grid     6.365317. Wc size 64, GF size 64. Wall time 1.728350
Task    2. libRI G0W0, spin 0, time grid     6.365317. Wc size 64, GF size 64. Wall time 2.670169
Task    0. libRI G0W0, spin 0, time grid     6.365317. Wc size 64, GF size 64. Wall time 3.393364
Task    3. libRI G0W0, spin 0, time grid    -6.365317. Wc size 64, GF size 64. Wall time 3.327760
Task    1. libRI G0W0, spin 0, time grid    -6.365317. Wc size 64, GF size 64. Wall time 3.419936
Task    2. libRI G0W0, spin 0, time grid    -6.365317. Wc size 64, GF size 64. Wall time 3.295440
Task    0. libRI G0W0, spin 0, time grid    -6.365317. Wc size 64, GF size 64. Wall time 3.418541
Time for Green's function, i_spin 1 i_tau 5 (seconds, Wall/CPU): 0.015535 0.015495
Task    3. libRI G0W0, spin 0, time grid    17.100215. Wc size 64, GF size 64. Wall time 0.478415
Task    1. libRI G0W0, spin 0, time grid    17.100215. Wc size 64, GF size 64. Wall time 1.669988
Task    2. libRI G0W0, spin 0, time grid    17.100215. Wc size 64, GF size 64. Wall time 2.549930
Task    0. libRI G0W0, spin 0, time grid    17.100215. Wc size 64, GF size 64. Wall time 3.403383
Task    3. libRI G0W0, spin 0, time grid   -17.100215. Wc size 64, GF size 64. Wall time 3.379908
Task    1. libRI G0W0, spin 0, time grid   -17.100215. Wc size 64, GF size 64. Wall time 3.426795
Task    2. libRI G0W0, spin 0, time grid   -17.100215. Wc size 64, GF size 64. Wall time 3.358901
Task    0. libRI G0W0, spin 0, time grid   -17.100215. Wc size 64, GF size 64. Wall time 3.403128
Time for Green's function, i_spin 1 i_tau 6 (seconds, Wall/CPU): 0.015207 0.015162
Task    3. libRI G0W0, spin 0, time grid    43.507954. Wc size 64, GF size 64. Wall time 0.460481
Task    1. libRI G0W0, spin 0, time grid    43.507954. Wc size 64, GF size 64. Wall time 2.425929
Task    2. libRI G0W0, spin 0, time grid    43.507954. Wc size 64, GF size 64. Wall time 3.418580
Task    0. libRI G0W0, spin 0, time grid    43.507954. Wc size 64, GF size 64. Wall time 4.145155
Task    3. libRI G0W0, spin 0, time grid   -43.507954. Wc size 64, GF size 64. Wall time 3.333852
Task    1. libRI G0W0, spin 0, time grid   -43.507954. Wc size 64, GF size 64. Wall time 3.359535
Task    2. libRI G0W0, spin 0, time grid   -43.507954. Wc size 64, GF size 64. Wall time 3.298153
Task    0. libRI G0W0, spin 0, time grid   -43.507954. Wc size 64, GF size 64. Wall time 3.379116
Task    3: tensor communicate elapsed time: 2.498817
Task    0: tensor communicate elapsed time: 0.001976
Task    1: tensor communicate elapsed time: 1.738146
Task    2: tensor communicate elapsed time: 0.840315
Printing quasi-particle energy [unit: eV]

spin  1, k-point    1: (0.00000, 0.00000, 0.00000) 
----------------------------------------------------------------------------------------------------------------------------
State              occ             e_mf             v_xc            v_exx           ReSigc           ImSigc             e_qp
----------------------------------------------------------------------------------------------------------------------------
    1          2.00000         -5.57228        -10.49555         -1.52701        -25.16460          2.83704        -21.76833
    2          2.00000          6.43252        -11.44423         -1.45766         -9.24887          1.19769          7.17022
    3          2.00000          6.43252        -11.44423         -1.55395         -6.74001          1.20199          9.58278
    4          2.00000          6.43252        -11.44423         -1.59352         -6.77878          1.20086          9.50446
    5          0.00000          9.14777        -10.17076         -1.30383         -3.22851          0.80715         14.78618
    6          0.00000          9.14777        -10.17076         -1.33715         -3.06326          0.76173         14.91812
    7          0.00000          9.14777        -10.17076         -1.36779         -5.22227          1.12112         12.72847
    8          0.00000         10.03126        -11.27347         -5.43098        -12.83133          1.56848          3.04242
    9          0.00000         14.86765        -10.56235         -0.53305         -2.67992          0.71296         22.21703
   10          0.00000         14.86765        -10.56235         -0.52219         -2.26491          0.60108         22.64290
   11          0.00000         18.67199         -7.52132         -1.13564        -12.81074          2.61114         12.24694
   12          0.00000         22.43443        -10.49410         -0.98639         -3.63873          1.09938         28.30341
   13          0.00000         22.43443        -10.49410         -1.02603         -3.36456          1.02693         28.53794
   14          0.00000         22.43443        -10.49410         -1.01947         -3.42218          1.02944         28.48689
   15          0.00000         31.44624        -11.15111         -1.10655         -3.34607          1.11269         38.14473
   16          0.00000         31.44624        -11.15111         -1.13651         -4.11784          1.36789         37.34300
   17          0.00000         33.84928        -11.52242         -2.41729         -5.27690          2.03892         37.67751
   18          0.00000         33.84928        -11.52242         -2.61416         -6.09237          2.40102         36.66518
   19          0.00000         33.84928        -11.52242         -2.58889         -5.14170          2.00898         37.64112
   20          0.00000         66.49788         -8.86229        -10.78463        -13.45244          8.14578         51.12309
   21          0.00000         66.49788         -8.86229        -10.60105        -31.02745         11.10795         33.73166
   22          0.00000         66.49788         -8.86229        -12.54214        -34.54281         11.44425         28.27521
   23          0.00000        102.50418         -8.66275        -62.23802       -111.51794         -0.99344        -62.58903
   24          0.00000        119.02673         -9.59573        -26.02817        -59.50201         30.27372         43.09228
   25          0.00000        119.02673         -9.59573        -26.43597        -60.06095         29.41964         42.12554
   26          0.00000        119.02673         -9.59573        -29.89818       -102.40777         10.71262         -3.68349

spin  1, k-point    2: (0.25000, 0.00000, 0.00000) 
----------------------------------------------------------------------------------------------------------------------------
State              occ             e_mf             v_xc            v_exx           ReSigc           ImSigc             e_qp
----------------------------------------------------------------------------------------------------------------------------
    1          2.00000         -4.77928        -10.56682         -1.55914        -23.09722          2.69902        -18.86883
    2          2.00000          2.46681        -10.71511         -1.59747         -8.26409          1.08193          3.32036
    3          2.00000          5.67616        -11.18900         -1.44123         -8.55575          1.08945          6.86817
    4          2.00000          5.67616        -11.18900         -1.51676         -7.00455          1.08870          8.34384
    5          0.00000          8.63478        -10.25653         -2.50414         -8.25479          1.29677          8.13237
    6          0.00000         10.17911        -10.31268         -1.33758         -3.50129          0.87813         15.65291
    7          0.00000         10.17911        -10.31268         -1.28883         -4.52622          1.08752         14.67673
    8          0.00000         13.81678        -11.04125         -3.76824         -8.76832          2.00071         12.32147
    9          0.00000         14.75116        -10.46682         -0.58699         -2.34542          0.62158         22.28557
   10          0.00000         14.75116        -10.46682         -0.60765         -2.76518          0.73355         21.84515
   11          0.00000         19.86471         -8.98990         -1.30148         -7.52902          2.10623         20.02411
   12          0.00000         22.88256        -10.04327         -1.42078         -7.65399          2.34369         23.85107
   13          0.00000         23.26860        -10.81753         -1.08689         -3.60272          1.12464         29.39651
   14          0.00000         23.26860        -10.81753         -1.12101         -3.70160          1.15030         29.26352
   15          0.00000         29.52495        -11.09741         -1.34314         -3.42251          1.15936         35.85670
   16          0.00000         29.52495        -11.09741         -1.34028         -4.20811          1.43928         35.07397
   17          0.00000         31.47475        -10.85489         -2.91791         -5.71908          2.24422         33.69264
   18          0.00000         33.94730        -11.45008         -2.15120         -5.00748          1.91103         38.23869
   19          0.00000         33.94730        -11.45008         -2.22501         -5.38810          2.05892         37.78427
   20          0.00000         43.25073         -8.82168         -3.05886        -11.33698          4.61363         37.67656
   21          0.00000         61.37610         -8.90690         -7.47994         -9.82097          5.96664         52.98209
   22          0.00000         61.37610         -8.90690         -8.86185        -22.63653          9.50009         38.78463
   23          0.00000         98.45767         -8.92023        -21.31658        -32.06791         21.37460         53.99342
   24          0.00000         98.45767         -8.92023        -25.89532        -73.09311         11.99730          8.38947
   25          0.00000        104.79874         -8.40792        -70.59667       -105.00633         -2.08266        -62.39634
   26          0.00000        154.04756         -8.52196        -82.12790       -121.73155          4.50063        -41.28993

spin  1, k-point    3: (0.50000, 0.00000, 0.00000) 
----------------------------------------------------------------------------------------------------------------------------
State              occ             e_mf             v_xc            v_exx           ReSigc           ImSigc             e_qp
----------------------------------------------------------------------------------------------------------------------------
    1          2.00000         -3.24597        -10.89501         -1.71415        -17.96805          2.23140        -12.03315
    2          2.00000         -0.60442        -10.18709         -1.28997        -12.96184          1.67204         -4.66915
    3          2.00000          5.24068        -11.14639         -1.44034         -8.69116          1.07559          6.25557
    4          2.00000          5.24068        -11.14639         -1.49775         -6.36203          1.03015          8.52728
    5          0.00000          8.10635        -10.16833         -2.40472         -8.39122          1.18307          7.47875
    6          0.00000         10.17233        -10.09528         -1.10146         -3.38595          0.85921         15.78021
    7          0.00000         10.17233        -10.09528         -1.13296         -3.17158          0.79468         15.96307
    8          0.00000         17.54714        -10.43599         -2.33704         -5.12609          1.50940         20.52000
    9          0.00000         18.00411        -10.74666         -0.64973         -2.87740          0.80122         25.22364
   10          0.00000         18.00411        -10.74666         -0.69121         -3.01428          0.84913         25.04529
   11          0.00000         18.35794        -10.12175         -2.26141         -4.85585          1.53442         21.36243
   12          0.00000         19.73062        -10.83902         -1.39697         -3.00425          0.94726         26.16842
   13          0.00000         19.73062        -10.83902         -1.39975         -3.25525          1.01082         25.91465
   14          0.00000         26.53272        -10.66032         -2.25082         -5.57604          1.97787         29.36618
   15          0.00000         28.45919         -9.87907         -2.76398         -7.57554          2.74077         27.99874
   16          0.00000         29.64895        -11.06737         -1.14679         -3.44914          1.10988         36.12038
   17          0.00000         29.64895        -11.06737         -1.12355         -4.36042          1.45856         35.23235
   18          0.00000         33.61285        -11.46380         -2.16311         -5.43199          2.02163         37.48155
   19          0.00000         33.61285        -11.46380         -2.18608         -4.63098          1.79716         38.25959
   20          0.00000         36.43095         -8.38342         -1.83762         -4.67988          1.96089         38.29687
   21          0.00000         62.18153         -8.74398         -5.83660        -10.69245          6.03128         54.39645
   22          0.00000         62.18153         -8.74398         -7.16263        -20.82711          8.79094         42.93577
   23          0.00000         73.25900         -8.77324        -16.65984        -19.43605         10.90823         45.93635
   24          0.00000         73.25900         -8.77324        -15.27277        -17.34832         10.75535         49.41114
   25          0.00000        106.59377         -7.80404        -53.54508       -102.72498          3.72837        -41.87225
   26          0.00000        145.62642         -8.49134       -177.51885        -96.21547        -17.50125       -119.61656

spin  1, k-point    4: (0.75000, 0.00000, 0.00000) 
----------------------------------------------------------------------------------------------------------------------------
State              occ             e_mf             v_xc            v_exx           ReSigc           ImSigc             e_qp
----------------------------------------------------------------------------------------------------------------------------
    1          2.00000         -4.77928        -10.56682         -1.55914        -23.09722          2.69902        -18.86883
    2          2.00000          2.46681        -10.71511         -1.59747         -8.26409          1.08193          3.32036
    3          2.00000          5.67616        -11.18900         -1.44402         -8.37599          1.08625          7.04514
    4          2.00000          5.67616        -11.18900         -1.51397         -7.21940          1.08581          8.13178
    5          0.00000          8.63478        -10.25653         -2.50414         -8.25479          1.29677          8.13237
    6          0.00000         10.17911        -10.31268         -1.28691         -4.39085          1.06711         14.81403
    7          0.00000         10.17911        -10.31268         -1.33951         -3.63803          0.90152         15.51425
    8          0.00000         13.81678        -11.04125         -3.76824         -8.76832          2.00071         12.32147
    9          0.00000         14.75116        -10.46682         -0.60370         -2.73399          0.72607         21.88030
   10          0.00000         14.75116        -10.46682         -0.59094         -2.37669          0.62927         22.25035
   11          0.00000         19.86471         -8.98990         -1.30148         -7.52902          2.10623         20.02411
   12          0.00000         22.88256        -10.04327         -1.42078         -7.65399          2.34369         23.85107
   13          0.00000         23.26860        -10.81753         -1.08598         -3.59278          1.12235         29.40738
   14          0.00000         23.26860        -10.81753         -1.12192         -3.71154          1.15258         29.25267
   15          0.00000         29.52495        -11.09741         -1.33884         -3.43037          1.16366         35.85315
   16          0.00000         29.52495        -11.09741         -1.34458         -4.20029          1.43512         35.07749
   17          0.00000         31.47475        -10.85489         -2.91791         -5.71908          2.24422         33.69264
   18          0.00000         33.94730        -11.45008         -2.13621         -5.08804          1.91345         38.17314
   19          0.00000         33.94730        -11.45008         -2.24001         -5.30827          2.05633         37.84910
   20          0.00000         43.25073         -8.82168         -3.05886        -11.33698          4.61363         37.67656
   21          0.00000         61.37610         -8.90690         -7.50225         -9.64401          5.87991         53.13675
   22          0.00000         61.37610         -8.90690         -8.83954        -22.79776          9.54705         38.64570
   23          0.00000         98.45767         -8.92023        -21.34478        -31.58711         21.28693         54.44602
   24          0.00000         98.45767         -8.92023        -25.86712        -73.37890         11.62895          8.13188
   25          0.00000        104.79874         -8.40792        -70.59667       -105.00633         -2.08266        -62.39634
   26          0.00000        154.04756         -8.52196        -82.12790       -121.73155          4.50063        -41.28993

spin  1, k-point    5: (0.00000, 0.25000, 0.00000) 
----------------------------------------------------------------------------------------------------------------------------
State              occ             e_mf             v_xc            v_exx           ReSigc           ImSigc             e_qp
----------------------------------------------------------------------------------------------------------------------------
    1          2.00000         -4.77928        -10.56682         -1.54172        -23.26045          2.70388        -19.01464
    2          2.00000          2.46681        -10.71511         -1.54989        -10.38381          1.35151          1.24822
    3          2.00000          5.67616        -11.18900         -1.47541         -6.46989          1.09614          8.91986
    4          2.00000          5.67616        -11.18900         -1.54477         -6.16790          1.07539          9.15249
    5          0.00000          8.63478        -10.25653         -2.39684         -8.21943          1.31354          8.27503
    6          0.00000         10.17911        -10.31268         -1.28516         -3.26900          0.84047         15.93763
    7          0.00000         10.17911        -10.31268         -1.34204         -3.69293          0.92885         15.45682
    8          0.00000         13.81678        -11.04125         -3.81206         -8.79293          2.01554         12.25304
    9          0.00000         14.75116        -10.46682         -0.60694         -2.53953          0.68158         22.07151
   10          0.00000         14.75116        -10.46682         -0.61360         -2.66426          0.70905         21.94012
   11          0.00000         19.86471         -8.98990         -1.25420         -7.28135          2.05794         20.31906
   12          0.00000         22.88256        -10.04327         -1.42466         -8.30180          2.49468         23.19937
   13          0.00000         23.26860        -10.81753         -1.12016         -3.93381          1.22082         29.03217
   14          0.00000         23.26860        -10.81753         -1.07453         -3.67426          1.12970         29.33734
   15          0.00000         29.52495        -11.09741         -1.35052         -3.79526          1.30417         35.47658
   16          0.00000         29.52495        -11.09741         -1.34346         -3.68973          1.23359         35.58917
   17          0.00000         31.47475        -10.85489         -2.83063         -5.16074          2.05176         34.33826
   18          0.00000         33.94730        -11.45008         -2.27683         -5.39177          2.10523         37.72877
   19          0.00000         33.94730        -11.45008         -2.31855         -4.92420          1.90444         38.15463
   20          0.00000         43.25073         -8.82168         -3.28001        -13.44352          5.23754         35.34888
   21          0.00000         61.37610         -8.90690         -7.57439        -12.35716          6.72879         50.35145
   22          0.00000         61.37610         -8.90690         -7.16304        -15.65834          7.73143         47.46163
   23          0.00000         98.45767         -8.92023        -21.42679        -41.86904         21.84596         44.08206
   24          0.00000         98.45767         -8.92023        -21.01824        -61.90299         20.51883         24.45666
   25          0.00000        104.79874         -8.40792        -70.84785       -102.54908         -1.82251        -60.19027
   26          0.00000        154.04756         -8.52196        -88.80260       -144.65834         -2.41098        -70.89143

spin  1, k-point    6: (0.25000, 0.25000, 0.00000) 
----------------------------------------------------------------------------------------------------------------------------
State              occ             e_mf             v_xc            v_exx           ReSigc           ImSigc             e_qp
----------------------------------------------------------------------------------------------------------------------------
    1          2.00000         -4.49597        -10.57953         -1.54272        -23.53240          2.73439        -18.99157
    2          2.00000          2.87515        -11.24421         -2.04915        -12.15823          1.54272         -0.08801
    3          2.00000          4.54671        -10.81595         -1.35285         -5.83749          0.91618          8.17232
    4          2.00000          4.54671        -10.81595         -1.26679         -6.25503          0.91249          7.84084
    5          0.00000          7.79317         -9.57197         -1.39038         -5.00010          0.99213         10.97467
    6          0.00000         10.49903        -10.14524         -2.01980         -5.70095          1.31196         12.92353
    7          0.00000         12.37593        -10.71478         -1.39704         -3.64397          1.00313         18.04969
    8          0.00000         12.37593        -10.71478         -1.45455         -3.87774          1.02374         17.75841
    9          0.00000         15.31673        -11.12232         -3.35935         -7.52191          2.01950         15.55779
   10          0.00000         16.37693        -10.63637         -0.57500         -2.26422          0.62071         24.17407
   11          0.00000         21.14876         -8.72512         -1.24124        -12.98591          3.06043         15.64673
   12          0.00000         21.92840        -10.75257         -1.11378         -3.64787          1.12308         27.91931
   13          0.00000         21.92840        -10.75257         -1.11489         -3.85061          1.17793         27.71547
   14          0.00000         25.86964        -10.84634         -1.18967         -4.11807          1.34433         31.40824
   15          0.00000         27.84954        -11.06395         -0.99278         -2.82331          0.87457         35.09740
   16          0.00000         29.33351        -10.95148         -1.86914         -4.69774          1.66897         33.71812
   17          0.00000         31.74290        -11.01979         -2.43028         -5.33536          2.00787         34.99705
   18          0.00000         31.74290        -11.01979         -2.43482         -5.09964          1.93520         35.22824
   19          0.00000         34.49169        -11.26991         -2.63637         -6.11131          2.47045         37.01392
   20          0.00000         45.06782         -9.17538         -3.08157         -7.24732          3.16703         43.91431
   21          0.00000         45.06782         -9.17538         -3.08581         -6.51173          2.89936         44.64566
   22          0.00000         58.89518         -8.57884        -10.82012        -46.98751          7.69712          9.66639
   23          0.00000         78.92188         -8.56556        -17.76620        -65.21033          8.50942          4.51091
   24          0.00000        112.21892         -8.32367        -84.85762        -90.84431         -2.10031        -55.15935
   25          0.00000        136.81429         -8.92929        -45.17952        -65.95549         31.57440         34.60858
   26          0.00000        136.81429         -8.92929        -44.58018        -78.16704         28.68134         22.99637

spin  1, k-point    7: (0.50000, 0.25000, 0.00000) 
----------------------------------------------------------------------------------------------------------------------------
State              occ             e_mf             v_xc            v_exx           ReSigc           ImSigc             e_qp
----------------------------------------------------------------------------------------------------------------------------
    1          2.00000         -2.86108        -10.81794         -1.66348        -18.75930          2.31849        -12.46592
    2          2.00000         -0.00280        -10.77890         -1.60328        -13.40123          1.71606         -4.22841
    3          2.00000          2.85933        -10.22910         -1.18278         -8.72550          1.14159          3.18015
    4          2.00000          4.23357        -10.80118         -1.34047         -6.06223          0.87124          7.63205
    5          0.00000          8.36364         -9.64310         -1.46835         -5.17618          1.06317         11.36220
    6          0.00000         11.46322        -10.07726         -1.39520         -3.85881          1.00324         16.28646
    7          0.00000         12.54686        -10.65892         -2.11839         -5.40899          1.41039         15.67840
    8          0.00000         12.81080        -10.48205         -1.30058         -3.25634          0.90238         18.73593
    9          0.00000         17.54453        -10.55274         -1.99863         -4.29756          1.31631         21.80108
   10          0.00000         18.04929        -10.73587         -0.91524         -3.12771          0.90719         24.74221
   11          0.00000         20.10470        -10.98063         -2.30783         -5.24311          1.68032         23.53439
   12          0.00000         20.12885        -10.88596         -1.13521         -2.94683          0.90745         26.93277
   13          0.00000         25.53207        -10.41257         -1.40048         -6.62269          2.15693         27.92147
   14          0.00000         25.93297        -10.93270         -1.34226         -3.65249          1.20783         31.87091
   15          0.00000         26.50860        -11.04454         -1.05730         -3.49261          1.09708         33.00322
   16          0.00000         27.41879        -10.09553         -1.36200         -4.48751          1.51483         31.66481
   17          0.00000         29.26042        -10.36919         -2.51448         -5.55770          2.11999         31.55743
   18          0.00000         31.57104        -10.74474         -1.40601         -4.38493          1.54991         36.52485
   19          0.00000         32.77361        -11.27360         -2.20963         -5.00057          1.87312         36.83702
   20          0.00000         37.64414         -9.94558         -3.18166         -5.92883          2.55622         38.47923
   21          0.00000         43.37743         -8.78219         -2.72211         -5.78194          2.50494         43.65558
   22          0.00000         46.85529         -8.31089         -6.71232        -13.23568          5.88801         35.21818
   23          0.00000         93.23360         -8.52701        -27.22576        -52.95310         18.03166         21.58176
   24          0.00000        105.50423         -9.03807        -30.02312        -36.39188         22.59308         48.12730
   25          0.00000        116.12146         -8.58773        -57.63594        -86.73300          7.40093        -19.65974
   26          0.00000        136.19953         -9.08466       -130.06419        -85.72207         -7.36869        -70.50207

spin  1, k-point    8: (0.75000, 0.25000, 0.00000) 
----------------------------------------------------------------------------------------------------------------------------
State              occ             e_mf             v_xc            v_exx           ReSigc           ImSigc             e_qp
----------------------------------------------------------------------------------------------------------------------------
    1          2.00000         -3.53850        -10.71731         -1.61455        -19.29125          2.36254        -13.72698
    2          2.00000          0.90691        -10.93568         -1.70791        -12.34398          1.58311         -2.20929
    3          2.00000          2.63481        -10.05497         -1.12714         -8.06702          1.06401          3.49561
    4          2.00000          5.10631        -11.04833         -1.44062         -6.18894          1.01276          8.52508
    5          0.00000          9.31447        -10.02074         -1.78652         -5.66430          1.22385         11.88439
    6          0.00000         11.53392        -10.35827         -1.44665         -3.33774          0.90660         17.10780
    7          0.00000         11.79363        -10.41900         -1.28319         -4.75795          1.17959         16.17149
    8          0.00000         13.49998        -10.62910         -2.66659         -6.93061          1.70089         14.53187
    9          0.00000         13.89590        -10.33345         -0.53769         -2.45955          0.63507         21.23211
   10          0.00000         16.84323        -10.36496         -1.69920         -3.51166          1.08355         21.99733
   11          0.00000         20.69468        -11.09984         -1.84863         -3.99830          1.32184         25.94759
   12          0.00000         23.84030        -11.03163         -1.86820         -5.01395          1.68821         27.98978
   13          0.00000         24.49870         -9.45142         -0.98609         -7.17257          2.24827         25.79147
   14          0.00000         24.68001        -10.97832         -0.98519         -3.62429          1.11825         31.04886
   15          0.00000         27.06950        -11.14155         -1.52308         -3.72080          1.24973         32.96718
   16          0.00000         27.85496         -9.90445         -1.88782         -4.57296          1.68111         31.29864
   17          0.00000         28.88722        -10.94538         -1.15144         -3.96701          1.30665         34.71416
   18          0.00000         30.48438        -11.09568         -2.54192         -5.16950          1.99627         33.86864
   19          0.00000         34.35189        -11.45281         -2.15814         -4.93581          1.87082         38.71075
   20          0.00000         39.48798         -9.87706         -3.67969         -6.99299          3.10568         38.69236
   21          0.00000         47.17760         -8.16490         -3.23280         -7.38000          3.59132         44.72969
   22          0.00000         55.22839         -8.70413         -4.63209         -9.34049          4.78775         49.95993
   23          0.00000         85.62334         -8.72049        -19.63775        -17.11369         13.12906         57.59238
   24          0.00000         95.86355         -8.09402        -43.92057        -71.94760          6.65710        -11.91060
   25          0.00000        114.13134         -8.85330        -56.66325       -104.06721          5.24607        -37.74583
   26          0.00000        139.31886         -8.96307       -120.32114        -94.96987         -6.14249        -67.00908

spin  1, k-point    9: (0.00000, 0.50000, 0.00000) 
----------------------------------------------------------------------------------------------------------------------------
State              occ             e_mf             v_xc            v_exx           ReSigc           ImSigc             e_qp
----------------------------------------------------------------------------------------------------------------------------
    1          2.00000         -3.24597        -10.89501         -1.64014        -19.04021          2.34423        -13.03130
    2          2.00000         -0.60442        -10.18709         -1.30966        -13.26010          1.70098         -4.98710
    3          2.00000          5.24068        -11.14639         -1.49341         -6.60166          1.04070          8.29200
    4          2.00000          5.24068        -11.14639         -1.52766         -5.90906          1.01729          8.95035
    5          0.00000          8.10635        -10.16833         -2.28743         -7.72253          1.23438          8.26472
    6          0.00000         10.17233        -10.09528         -1.07714         -2.84670          0.73242         16.34379
    7          0.00000         10.17233        -10.09528         -1.11822         -3.29878          0.82991         15.85062
    8          0.00000         17.54714        -10.43599         -2.31123         -6.66044          1.85438         19.01145
    9          0.00000         18.00411        -10.74666         -0.66793         -3.18768          0.90203         24.89516
   10          0.00000         18.00411        -10.74666         -0.65990         -3.25523          0.92162         24.83564
   11          0.00000         18.35794        -10.12175         -2.29132         -4.27004          1.41217         21.91834
   12          0.00000         19.73062        -10.83902         -1.46753         -3.60328          1.10606         25.49883
   13          0.00000         19.73062        -10.83902         -1.36620         -3.15613          0.98592         26.04731
   14          0.00000         26.53272        -10.66032         -2.18988         -5.68374          2.03766         29.31942
   15          0.00000         28.45919         -9.87907         -2.64989         -6.19918          2.29103         29.48918
   16          0.00000         29.64895        -11.06737         -1.12263         -3.79853          1.22976         35.79516
   17          0.00000         29.64895        -11.06737         -1.13189         -3.62518          1.19620         35.95925
   18          0.00000         33.61285        -11.46380         -2.33378         -4.78753          1.86321         37.95535
   19          0.00000         33.61285        -11.46380         -2.29914         -4.77495          1.89522         38.00257
   20          0.00000         36.43095         -8.38342         -1.95241         -5.71967          2.36845         37.14229
   21          0.00000         62.18153         -8.74398         -5.80359        -12.76817          6.58862         52.35375
   22          0.00000         62.18153         -8.74398         -5.90058        -21.78592          8.49172         43.23900
   23          0.00000         73.25900         -8.77324        -14.16984        -26.85294         13.01688         41.00946
   24          0.00000         73.25900         -8.77324        -14.30923        -25.06679         12.65700         42.65622
   25          0.00000        106.59377         -7.80404        -58.98109       -101.47201          2.25556        -46.05530
   26          0.00000        145.62642         -8.49134       -176.39474        -94.77966        -16.72991       -117.05663

spin  1, k-point   10: (0.25000, 0.50000, 0.00000) 
----------------------------------------------------------------------------------------------------------------------------
State              occ             e_mf             v_xc            v_exx           ReSigc           ImSigc             e_qp
----------------------------------------------------------------------------------------------------------------------------
    1          2.00000         -2.86108        -10.81794         -1.62998        -19.33895          2.38481        -13.01207
    2          2.00000         -0.00280        -10.77890         -1.63288        -13.11620          1.67559         -3.97298
    3          2.00000          2.85933        -10.22910         -1.21426         -7.64032          1.00211          4.23387
    4          2.00000          4.23357        -10.80118         -1.34506         -5.90727          0.87094          7.78241
    5          0.00000          8.36364         -9.64310         -1.44593         -5.03692          1.03986         11.52389
    6          0.00000         11.46322        -10.07726         -1.40016         -3.61484          0.95741         16.52547
    7          0.00000         12.54686        -10.65892         -2.06503         -5.01633          1.32595         16.12442
    8          0.00000         12.81080        -10.48205         -1.26455         -3.17282          0.87150         18.85549
    9          0.00000         17.54453        -10.55274         -1.99563         -5.04232          1.51121         21.05931
   10          0.00000         18.04929        -10.73587         -0.92620         -3.29138          0.96052         24.56757
   11          0.00000         20.10470        -10.98063         -2.31881         -5.34275          1.72497         23.42378
   12          0.00000         20.12885        -10.88596         -1.08980         -3.14609          0.95410         26.77892
   13          0.00000         25.53207        -10.41257         -1.42682         -6.67591          2.17415         27.84191
   14          0.00000         25.93297        -10.93270         -1.35955         -4.14987          1.36868         31.35625
   15          0.00000         26.50860        -11.04454         -1.09585         -3.20403          1.01582         33.25326
   16          0.00000         27.41879        -10.09553         -1.33956         -3.99553          1.36786         32.17923
   17          0.00000         29.26042        -10.36919         -2.43789         -4.97498          1.89709         32.21674
   18          0.00000         31.57104        -10.74474         -1.40029         -4.16299          1.48113         36.75250
   19          0.00000         32.77361        -11.27360         -2.26602         -4.89966          1.86482         36.88153
   20          0.00000         37.64414         -9.94558         -3.20228         -5.83086          2.56157         38.55659
   21          0.00000         43.37743         -8.78219         -2.67688         -5.84736          2.50710         43.63538
   22          0.00000         46.85529         -8.31089         -6.72361        -12.45673          5.66541         35.98584
   23          0.00000         93.23360         -8.52701        -24.83244        -49.84634         18.91918         27.08184
   24          0.00000        105.50423         -9.03807        -29.37981        -39.48540         22.83162         45.67709
   25          0.00000        116.12146         -8.58773        -58.83038        -76.87191          7.45385        -10.99310
   26          0.00000        136.19953         -9.08466       -132.74891        -93.03458         -9.21772        -80.49930

spin  1, k-point   11: (0.50000, 0.50000, 0.00000) 
----------------------------------------------------------------------------------------------------------------------------
State              occ             e_mf             v_xc            v_exx           ReSigc           ImSigc             e_qp
----------------------------------------------------------------------------------------------------------------------------
    1          2.00000         -1.43299        -10.86919         -2.67271        -26.59791          2.98425        -19.83441
    2          2.00000         -1.43299        -10.86919         -0.62782         -7.29472          0.95928          1.51367
    3          2.00000          3.58372        -10.66004         -1.21581         -5.83587          0.78825          7.19207
    4          2.00000          3.58372        -10.66004         -1.24751         -6.55491          0.82266          6.44134
    5          0.00000          7.52240         -9.34403         -2.14591         -5.63072          1.04825          9.08979
    6          0.00000          7.52240         -9.34403         -1.01850         -4.36678          0.85319         11.48115
    7          0.00000         16.85409        -10.75972         -2.22126         -4.37866          1.29844         21.01389
    8          0.00000         16.85409        -10.75972         -2.16682         -4.14476          1.27528         21.30222
    9          0.00000         18.11214        -10.89049         -0.68560         -3.47775          0.99370         24.83928
   10          0.00000         18.11214        -10.89049         -0.69251         -3.54361          1.00251         24.76652
   11          0.00000         20.58782        -10.92057         -3.51032         -6.60406          2.03129         21.39401
   12          0.00000         20.58782        -10.92058         -1.04717         -4.27336          1.41855         26.18787
   13          0.00000         21.04210        -10.83968         -1.47103         -4.63008          1.28172         25.78067
   14          0.00000         21.04210        -10.83968         -0.01354         -0.27935          0.08472         31.58889
   15          0.00000         29.37875        -10.50987         -0.46401         -2.43495          0.88372         36.98966
   16          0.00000         29.37877        -10.50988         -1.80786         -4.82788          1.55864         33.25291
   17          0.00000         32.44408        -11.39375         -2.20795         -4.77818          1.79660         36.85169
   18          0.00000         32.44408        -11.39375         -2.14778         -4.83335          1.84237         36.85670
   19          0.00000         34.27254         -9.59921         -6.89038         -5.22741          2.66452         31.75396
   20          0.00000         34.27256         -9.59918         -2.48966         -6.70478          2.46904         34.67729
   21          0.00000         37.50199         -8.59154         -1.95667         -5.10782          1.99833         39.02904
   22          0.00000         37.50199         -8.59154         -2.00970         -4.92209          1.96119         39.16174
   23          0.00000        112.29727         -9.66705        -33.41051        -46.62423         25.39539         41.92957
   24          0.00000        112.29727         -9.66705        -34.17933        -46.08647         24.36758         41.69852
   25          0.00000        127.99819         -8.49767       -133.84267        -74.62563         -7.03936        -71.97244
   26          0.00000        127.99831         -8.49757        -25.30798        -84.11790         29.30614         27.07000

spin  1, k-point   12: (0.75000, 0.50000, 0.00000) 
----------------------------------------------------------------------------------------------------------------------------
State              occ             e_mf             v_xc            v_exx           ReSigc           ImSigc             e_qp
----------------------------------------------------------------------------------------------------------------------------
    1          2.00000         -2.86108        -10.81794         -1.62998        -19.33895          2.38481        -13.01207
    2          2.00000         -0.00280        -10.77890         -1.63288        -13.11620          1.67559         -3.97298
    3          2.00000          2.85933        -10.22910         -1.21426         -7.64032          1.00211          4.23387
    4          2.00000          4.23357        -10.80118         -1.34506         -5.90727          0.87094          7.78241
    5          0.00000          8.36364         -9.64310         -1.44593         -5.03692          1.03986         11.52389
    6          0.00000         11.46322        -10.07726         -1.40016         -3.61484          0.95741         16.52547
    7          0.00000         12.54686        -10.65892         -2.06503         -5.01633          1.32595         16.12442
    8          0.00000         12.81080        -10.48205         -1.26455         -3.17282          0.87150         18.85549
    9          0.00000         17.54453        -10.55274         -1.99563         -5.04232          1.51121         21.05931
   10          0.00000         18.04929        -10.73587         -0.92620         -3.29138          0.96052         24.56757
   11          0.00000         20.10470        -10.98063         -2.31881         -5.34275          1.72497         23.42378
   12          0.00000         20.12885        -10.88596         -1.08980         -3.14609          0.95410         26.77892
   13          0.00000         25.53207        -10.41257         -1.42682         -6.67591          2.17415         27.84191
   14          0.00000         25.93297        -10.93270         -1.35955         -4.14987          1.36868         31.35625
   15          0.00000         26.50860        -11.04454         -1.09585         -3.20403          1.01582         33.25326
   16          0.00000         27.41879        -10.09553         -1.33956         -3.99553          1.36786         32.17923
   17          0.00000         29.26042        -10.36919         -2.43789         -4.97498          1.89709         32.21674
   18          0.00000         31.57104        -10.74474         -1.40029         -4.16299          1.48113         36.75250
   19          0.00000         32.77361        -11.27360         -2.26602         -4.89966          1.86482         36.88153
   20          0.00000         37.64414         -9.94558         -3.20228         -5.83086          2.56157         38.55659
   21          0.00000         43.37743         -8.78219         -2.67688         -5.84736          2.50710         43.63538
   22          0.00000         46.85529         -8.31089         -6.72361        -12.45673          5.66541         35.98584
   23          0.00000         93.23360         -8.52701        -24.83244        -49.84634         18.91918         27.08184
   24          0.00000        105.50423         -9.03807        -29.37981        -39.48540         22.83162         45.67709
   25          0.00000        116.12146         -8.58773        -58.83038        -76.87191          7.45385        -10.99310
   26          0.00000        136.19953         -9.08466       -132.74891        -93.03458         -9.21772        -80.49930

spin  1, k-point   13: (0.00000, 0.75000, 0.00000) 
----------------------------------------------------------------------------------------------------------------------------
State              occ             e_mf             v_xc            v_exx           ReSigc           ImSigc             e_qp
----------------------------------------------------------------------------------------------------------------------------
    1          2.00000         -4.77928        -10.56682         -1.54172        -23.26045          2.70388        -19.01464
    2          2.00000          2.46681        -10.71511         -1.54989        -10.38381          1.35151          1.24822
    3          2.00000          5.67616        -11.18900         -1.47179         -6.40156          1.09458          8.99181
    4          2.00000          5.67616        -11.18900         -1.54839         -6.23662          1.07778          9.08014
    5          0.00000          8.63478        -10.25653         -2.39684         -8.21943          1.31354          8.27503
    6          0.00000         10.17911        -10.31268         -1.28798         -3.26217          0.83913         15.94165
    7          0.00000         10.17911        -10.31268         -1.33922         -3.69971          0.93013         15.45285
    8          0.00000         13.81678        -11.04125         -3.81206         -8.79293          2.01554         12.25304
    9          0.00000         14.75116        -10.46682         -0.61648         -2.70215          0.71859         21.89935
   10          0.00000         14.75116        -10.46682         -0.60405         -2.50160          0.67194         22.11233
   11          0.00000         19.86471         -8.98990         -1.25420         -7.28135          2.05794         20.31906
   12          0.00000         22.88256        -10.04327         -1.42466         -8.30180          2.49468         23.19937
   13          0.00000         23.26860        -10.81753         -1.12116         -3.89676          1.20823         29.06821
   14          0.00000         23.26860        -10.81753         -1.07352         -3.71137          1.14244         29.30123
   15          0.00000         29.52495        -11.09741         -1.34634         -3.75572          1.25793         35.52030
   16          0.00000         29.52495        -11.09741         -1.34765         -3.72925          1.27996         35.54546
   17          0.00000         31.47475        -10.85489         -2.83063         -5.16074          2.05176         34.33826
   18          0.00000         33.94730        -11.45008         -2.27444         -5.41184          2.10581         37.71110
   19          0.00000         33.94730        -11.45008         -2.32094         -4.90403          1.90369         38.17241
   20          0.00000         43.25073         -8.82168         -3.28001        -13.44352          5.23754         35.34888
   21          0.00000         61.37610         -8.90690         -7.57202        -12.18851          6.67336         50.52248
   22          0.00000         61.37610         -8.90690         -7.16541        -15.82155          7.77561         47.29606
   23          0.00000         98.45767         -8.92023        -21.42327        -41.70404         21.84793         44.25059
   24          0.00000         98.45767         -8.92023        -21.02176        -62.04790         20.49001         24.30823
   25          0.00000        104.79874         -8.40792        -70.84785       -102.54908         -1.82251        -60.19027
   26          0.00000        154.04756         -8.52196        -88.80260       -144.65834         -2.41098        -70.89143

spin  1, k-point   14: (0.25000, 0.75000, 0.00000) 
----------------------------------------------------------------------------------------------------------------------------
State              occ             e_mf             v_xc            v_exx           ReSigc           ImSigc             e_qp
----------------------------------------------------------------------------------------------------------------------------
    1          2.00000         -3.53850        -10.71731         -1.61455        -19.29125          2.36254        -13.72698
    2          2.00000          0.90691        -10.93568         -1.70791        -12.34398          1.58311         -2.20929
    3          2.00000          2.63481        -10.05497         -1.12714         -8.06702          1.06401          3.49561
    4          2.00000          5.10631        -11.04833         -1.44062         -6.18894          1.01276          8.52508
    5          0.00000          9.31447        -10.02074         -1.78652         -5.66430          1.22385         11.88439
    6          0.00000         11.53392        -10.35827         -1.44665         -3.33774          0.90660         17.10780
    7          0.00000         11.79363        -10.41900         -1.28319         -4.75795          1.17959         16.17149
    8          0.00000         13.49998        -10.62910         -2.66659         -6.93061          1.70089         14.53187
    9          0.00000         13.89590        -10.33345         -0.53769         -2.45955          0.63507         21.23211
   10          0.00000         16.84323        -10.36496         -1.69920         -3.51166          1.08355         21.99733
   11          0.00000         20.69468        -11.09984         -1.84863         -3.99830          1.32184         25.94759
   12          0.00000         23.84030        -11.03163         -1.86820         -5.01395          1.68821         27.98978
   13          0.00000         24.49870         -9.45142         -0.98609         -7.17257          2.24827         25.79147
   14          0.00000         24.68001        -10.97832         -0.98519         -3.62429          1.11825         31.04886
   15          0.00000         27.06950        -11.14155         -1.52308         -3.72080          1.24973         32.96718
   16          0.00000         27.85496         -9.90445         -1.88782         -4.57296          1.68111         31.29864
   17          0.00000         28.88722        -10.94538         -1.15144         -3.96701          1.30665         34.71416
   18          0.00000         30.48438        -11.09568         -2.54192         -5.16950          1.99627         33.86864
   19          0.00000         34.35189        -11.45281         -2.15814         -4.93581          1.87082         38.71075
   20          0.00000         39.48798         -9.87706         -3.67969         -6.99299          3.10568         38.69236
   21          0.00000         47.17760         -8.16490         -3.23280         -7.38000          3.59132         44.72969
   22          0.00000         55.22839         -8.70413         -4.63209         -9.34049          4.78775         49.95993
   23          0.00000         85.62334         -8.72049        -19.63775        -17.11369         13.12906         57.59238
   24          0.00000         95.86355         -8.09402        -43.92057        -71.94760          6.65710        -11.91060
   25          0.00000        114.13134         -8.85330        -56.66325       -104.06721          5.24607        -37.74583
   26          0.00000        139.31886         -8.96307       -120.32114        -94.96987         -6.14249        -67.00908

spin  1, k-point   15: (0.50000, 0.75000, 0.00000) 
----------------------------------------------------------------------------------------------------------------------------
State              occ             e_mf             v_xc            v_exx           ReSigc           ImSigc             e_qp
----------------------------------------------------------------------------------------------------------------------------
    1          2.00000         -2.86108        -10.81794         -1.66348        -18.75930          2.31849        -12.46592
    2          2.00000         -0.00280        -10.77890         -1.60328        -13.40123          1.71606         -4.22841
    3          2.00000          2.85933        -10.22910         -1.18278         -8.72550          1.14159          3.18015
    4          2.00000          4.23357        -10.80118         -1.34047         -6.06223          0.87124          7.63205
    5          0.00000          8.36364         -9.64310         -1.46835         -5.17618          1.06317         11.36220
    6          0.00000         11.46322        -10.07726         -1.39520         -3.85881          1.00324         16.28646
    7          0.00000         12.54686        -10.65892         -2.11839         -5.40899          1.41039         15.67840
    8          0.00000         12.81080        -10.48205         -1.30058         -3.25634          0.90238         18.73593
    9          0.00000         17.54453        -10.55274         -1.99863         -4.29756          1.31631         21.80108
   10          0.00000         18.04929        -10.73587         -0.91524         -3.12771          0.90719         24.74221
   11          0.00000         20.10470        -10.98063         -2.30783         -5.24311          1.68032         23.53439
   12          0.00000         20.12885        -10.88596         -1.13521         -2.94683          0.90745         26.93277
   13          0.00000         25.53207        -10.41257         -1.40048         -6.62269          2.15693         27.92147
   14          0.00000         25.93297        -10.93270         -1.34226         -3.65249          1.20783         31.87091
   15          0.00000         26.50860        -11.04454         -1.05730         -3.49261          1.09708         33.00322
   16          0.00000         27.41879        -10.09553         -1.36200         -4.48751          1.51483         31.66481
   17          0.00000         29.26042        -10.36919         -2.51448         -5.55770          2.11999         31.55743
   18          0.00000         31.57104        -10.74474         -1.40601         -4.38493          1.54991         36.52485
   19          0.00000         32.77361        -11.27360         -2.20963         -5.00057          1.87312         36.83702
   20          0.00000         37.64414         -9.94558         -3.18166         -5.92883          2.55622         38.47923
   21          0.00000         43.37743         -8.78219         -2.72211         -5.78194          2.50494         43.65558
   22          0.00000         46.85529         -8.31089         -6.71232        -13.23568          5.88801         35.21818
   23          0.00000         93.23360         -8.52701        -27.22576        -52.95310         18.03166         21.58176
   24          0.00000        105.50423         -9.03807        -30.02312        -36.39188         22.59308         48.12730
   25          0.00000        116.12146         -8.58773        -57.63594        -86.73300          7.40093        -19.65974
   26          0.00000        136.19953         -9.08466       -130.06419        -85.72207         -7.36869        -70.50207

spin  1, k-point   16: (0.75000, 0.75000, 0.00000) 
----------------------------------------------------------------------------------------------------------------------------
State              occ             e_mf             v_xc            v_exx           ReSigc           ImSigc             e_qp
----------------------------------------------------------------------------------------------------------------------------
    1          2.00000         -4.49597        -10.57953         -1.54272        -23.53240          2.73439        -18.99157
    2          2.00000          2.87515        -11.24421         -2.04915        -12.15823          1.54272         -0.08801
    3          2.00000          4.54671        -10.81595         -1.32936         -5.80131          0.92022          8.23199
    4          2.00000          4.54671        -10.81595         -1.29028         -6.28911          0.90746          7.78327
    5          0.00000          7.79317         -9.57197         -1.39038         -5.00010          0.99213         10.97467
    6          0.00000         10.49903        -10.14524         -2.01980         -5.70095          1.31196         12.92353
    7          0.00000         12.37593        -10.71478         -1.40449         -3.62251          0.99870         18.06370
    8          0.00000         12.37593        -10.71478         -1.44711         -3.89916          1.02805         17.74443
    9          0.00000         15.31673        -11.12232         -3.35935         -7.52191          2.01950         15.55779
   10          0.00000         16.37693        -10.63637         -0.57500         -2.26422          0.62071         24.17407
   11          0.00000         21.14876         -8.72512         -1.24124        -12.98591          3.06043         15.64673
   12          0.00000         21.92840        -10.75257         -1.11421         -3.65346          1.12467         27.91330
   13          0.00000         21.92840        -10.75257         -1.11446         -3.84503          1.17636         27.72147
   14          0.00000         25.86964        -10.84634         -1.18967         -4.11807          1.34433         31.40824
   15          0.00000         27.84954        -11.06395         -0.99278         -2.82331          0.87457         35.09740
   16          0.00000         29.33351        -10.95148         -1.86914         -4.69774          1.66897         33.71812
   17          0.00000         31.74290        -11.01979         -2.43408         -5.34728          2.01040         34.98133
   18          0.00000         31.74290        -11.01979         -2.43102         -5.08769          1.93262         35.24399
   19          0.00000         34.49169        -11.26991         -2.63637         -6.11131          2.47045         37.01392
   20          0.00000         45.06782         -9.17538         -3.05985         -7.25139          3.17029         43.93196
   21          0.00000         45.06782         -9.17538         -3.10753         -6.50766          2.89598         44.62801
   22          0.00000         58.89518         -8.57884        -10.82012        -46.98751          7.69712          9.66639
   23          0.00000         78.92188         -8.56556        -17.76620        -65.21033          8.50942          4.51091
   24          0.00000        112.21892         -8.32367        -84.85762        -90.84431         -2.10031        -55.15935
   25          0.00000        136.81429         -8.92929        -45.00184        -65.65694         31.75938         35.08481
   26          0.00000        136.81429         -8.92929        -44.75786        -78.47728         28.43144         22.50844

spin  1, k-point   17: (0.00000, 0.00000, 0.25000) 
----------------------------------------------------------------------------------------------------------------------------
State              occ             e_mf             v_xc            v_exx           ReSigc           ImSigc             e_qp
----------------------------------------------------------------------------------------------------------------------------
    1          2.00000         -4.77928        -10.56682         -1.55716        -23.90416          2.76654        -19.67378
    2          2.00000          2.46681        -10.71511         -1.59133         -9.50487          1.24053          2.08571
    3          2.00000          5.67616        -11.18900         -1.41067         -6.00175          1.06963          9.45274
    4          2.00000          5.67616        -11.18900         -1.49861         -8.12154          1.05649          7.24501
    5          0.00000          8.63478        -10.25653         -2.47901         -7.45088          1.31669          8.96141
    6          0.00000         10.17911        -10.31268         -1.35873         -4.02953          0.97834         15.10352
    7          0.00000         10.17911        -10.31268         -1.28106         -3.35910          0.85551         15.85163
    8          0.00000         13.81678        -11.04125         -3.80793         -9.46042          2.05492         11.58968
    9          0.00000         14.75116        -10.46682         -0.57944         -2.39774          0.64162         22.24080
   10          0.00000         14.75116        -10.46682         -0.60429         -2.63546          0.69876         21.97823
   11          0.00000         19.86471         -8.98990         -1.35501         -7.62480          2.12469         19.87481
   12          0.00000         22.88256        -10.04327         -1.39222         -7.93861          2.40497         23.59500
   13          0.00000         23.26860        -10.81753         -1.08821         -3.48756          1.08135         29.51036
   14          0.00000         23.26860        -10.81753         -1.10915         -3.49033          1.09607         29.48665
   15          0.00000         29.52495        -11.09741         -1.35094         -3.80575          1.31316         35.46567
   16          0.00000         29.52495        -11.09741         -1.34778         -3.91235          1.32712         35.36223
   17          0.00000         31.47475        -10.85489         -2.86690         -6.01560          2.29803         33.44713
   18          0.00000         33.94730        -11.45008         -2.26364         -5.49361          2.12206         37.64012
   19          0.00000         33.94730        -11.45008         -2.20054         -5.09733          1.97870         38.09951
   20          0.00000         43.25073         -8.82168         -2.87982        -10.46672          4.31021         38.72587
   21          0.00000         61.37610         -8.90690         -7.25238        -11.94712          6.52448         51.08351
   22          0.00000         61.37610         -8.90690         -8.60411        -22.10400          9.32138         39.57489
   23          0.00000         98.45767         -8.92023        -21.29949        -34.68071         21.35084         51.39770
   24          0.00000         98.45767         -8.92023        -25.09931        -70.59032         14.90669         11.68827
   25          0.00000        104.79874         -8.40792        -69.58621       -106.79870         -1.99333        -63.17825
   26          0.00000        154.04756         -8.52196        -82.61613       -131.26805          2.49510        -51.31467

spin  1, k-point   18: (0.25000, 0.00000, 0.25000) 
----------------------------------------------------------------------------------------------------------------------------
State              occ             e_mf             v_xc            v_exx           ReSigc           ImSigc             e_qp
----------------------------------------------------------------------------------------------------------------------------
    1          2.00000         -4.49597        -10.57953         -1.52295        -23.01988          2.70420        -18.45927
    2          2.00000          2.87515        -11.24421         -1.95878        -10.36720          1.34585          1.79339
    3          2.00000          4.54671        -10.81595         -1.37143         -6.98434          0.89663          7.00690
    4          2.00000          4.54671        -10.81595         -1.37723         -7.00935          0.90967          6.97608
    5          0.00000          7.79317         -9.57197         -1.28245         -4.33932          0.91577         11.74338
    6          0.00000         10.49903        -10.14524         -1.89661         -5.68239          1.30382         13.06528
    7          0.00000         12.37593        -10.71478         -1.51042         -3.67623          0.99941         17.90404
    8          0.00000         12.37593        -10.71478         -1.47549         -4.00629          1.07365         17.60892
    9          0.00000         15.31673        -11.12232         -3.42975         -6.92051          1.92413         16.08880
   10          0.00000         16.37693        -10.63637         -0.59625         -2.74970          0.74200         23.66735
   11          0.00000         21.14876         -8.72512         -1.18491        -10.29685          2.72587         18.39212
   12          0.00000         21.92840        -10.75257         -1.13289         -3.21346          1.00009         28.33463
   13          0.00000         21.92840        -10.75257         -1.11183         -3.75741          1.15643         27.81173
   14          0.00000         25.86964        -10.84634         -1.12097         -4.21212          1.35838         31.38289
   15          0.00000         27.84954        -11.06395         -1.01200         -3.44949          1.08309         34.45199
   16          0.00000         29.33351        -10.95148         -1.89471         -5.23629          1.90769         33.15399
   17          0.00000         31.74290        -11.01979         -2.52655         -5.15982          1.99927         35.07632
   18          0.00000         31.74290        -11.01979         -2.52723         -4.73367          1.80505         35.50179
   19          0.00000         34.49169        -11.26991         -2.54530         -5.83408          2.32104         37.38221
   20          0.00000         45.06782         -9.17538         -3.16522         -8.50987          3.51787         42.56811
   21          0.00000         45.06782         -9.17538         -3.07082         -8.87152          3.78194         42.30086
   22          0.00000         58.89518         -8.57884        -10.17641        -30.57174         10.88270         26.72587
   23          0.00000         78.92188         -8.56556        -16.23298        -62.06920         11.23048          9.18527
   24          0.00000        112.21892         -8.32367        -82.96524        -93.59548         -2.27263        -56.01813
   25          0.00000        136.81429         -8.92929        -45.14189        -71.43514         29.73596         29.16656
   26          0.00000        136.81429         -8.92929        -48.72968       -105.26519         11.98233         -8.25129

spin  1, k-point   19: (0.50000, 0.00000, 0.25000) 
----------------------------------------------------------------------------------------------------------------------------
State              occ             e_mf             v_xc            v_exx           ReSigc           ImSigc             e_qp
----------------------------------------------------------------------------------------------------------------------------
    1          2.00000         -2.86108        -10.81794         -1.64546        -17.86859          2.23051        -11.55720
    2          2.00000         -0.00280        -10.77890         -1.60363        -13.00976          1.67101         -3.83729
    3          2.00000          2.85933        -10.22910         -1.21293         -7.38363          0.97130          4.49187
    4          2.00000          4.23357        -10.80118         -1.34974         -7.67716          0.95591          6.00784
    5          0.00000          8.36364         -9.64310         -1.45738         -4.43105          0.97420         12.11830
    6          0.00000         11.46322        -10.07726         -1.26677         -3.93980          0.99785         16.33391
    7          0.00000         12.54686        -10.65892         -2.13619         -5.07910          1.35496         15.99049
    8          0.00000         12.81080        -10.48205         -1.30528         -3.23004          0.88820         18.75753
    9          0.00000         17.54453        -10.55274         -1.96850         -4.21391          1.29523         21.91486
   10          0.00000         18.04929        -10.73587         -0.95622         -2.95113          0.86838         24.87781
   11          0.00000         20.10470        -10.98063         -2.28194         -4.47544          1.47334         24.32795
   12          0.00000         20.12885        -10.88596         -1.14588         -3.05979          0.93333         26.80914
   13          0.00000         25.53207        -10.41257         -1.36567         -5.27796          1.75273         29.30101
   14          0.00000         25.93297        -10.93270         -1.40170         -3.91796          1.31401         31.54600
   15          0.00000         26.50860        -11.04454         -1.08792         -3.34402          1.05257         33.12120
   16          0.00000         27.41879        -10.09553         -1.32114         -3.44143          1.18725         32.75174
   17          0.00000         29.26042        -10.36919         -2.60478         -5.22118          2.02386         31.80365
   18          0.00000         31.57104        -10.74474         -1.41216         -5.36005          1.88703         35.54358
   19          0.00000         32.77361        -11.27360         -2.23912         -4.85163          1.86945         36.95647
   20          0.00000         37.64414         -9.94558         -3.09436         -5.19603          2.27650         39.29933
   21          0.00000         43.37743         -8.78219         -2.92551         -9.04199          3.61104         40.19213
   22          0.00000         46.85529         -8.31089         -6.59236        -10.02572          4.98648         38.54811
   23          0.00000         93.23360         -8.52701        -24.27856        -42.10864         19.94326         35.37342
   24          0.00000        105.50423         -9.03807        -34.51645        -49.43312         21.29073         30.59274
   25          0.00000        116.12146         -8.58773        -53.33170        -82.62211          8.48929        -11.24461
   26          0.00000        136.19953         -9.08466       -128.95688        -76.55137         -5.86615        -60.22405

spin  1, k-point   20: (0.75000, 0.00000, 0.25000) 
----------------------------------------------------------------------------------------------------------------------------
State              occ             e_mf             v_xc            v_exx           ReSigc           ImSigc             e_qp
----------------------------------------------------------------------------------------------------------------------------
    1          2.00000         -3.53850        -10.71731         -1.62250        -20.55659          2.49557        -15.00027
    2          2.00000          0.90691        -10.93568         -1.68130        -11.82914          1.51993         -1.66784
    3          2.00000          2.63481        -10.05497         -1.09759         -7.13574          0.93813          4.45644
    4          2.00000          5.10631        -11.04833         -1.44490         -7.64100          0.97621          7.06874
    5          0.00000          9.31447        -10.02074         -1.76098         -5.46114          1.20485         12.11309
    6          0.00000         11.53392        -10.35827         -1.47800         -3.43016          0.91387         16.98404
    7          0.00000         11.79363        -10.41900         -1.28631         -4.66225          1.17182         16.26408
    8          0.00000         13.49998        -10.62910         -2.74112         -5.94283          1.56877         15.44513
    9          0.00000         13.89590        -10.33345         -0.56234         -2.62468          0.67848         21.04233
   10          0.00000         16.84323        -10.36496         -1.68894         -3.82027          1.16230         21.69897
   11          0.00000         20.69468        -11.09984         -1.80925         -4.24528          1.37924         25.73998
   12          0.00000         23.84030        -11.03163         -1.84248         -4.27688          1.47222         28.75257
   13          0.00000         24.49870         -9.45142         -1.00233         -7.53742          2.31643         25.41037
   14          0.00000         24.68001        -10.97832         -0.99598         -3.57366          1.10490         31.08869
   15          0.00000         27.06950        -11.14155         -1.54670         -3.77573          1.28646         32.88862
   16          0.00000         27.85496         -9.90445         -1.83473         -4.11211          1.49017         31.81257
   17          0.00000         28.88722        -10.94538         -1.12350         -4.43688          1.47343         34.27223
   18          0.00000         30.48438        -11.09568         -2.51828         -5.94975          2.23777         33.11203
   19          0.00000         34.35189        -11.45281         -2.14817         -5.06048          1.96118         38.59606
   20          0.00000         39.48798         -9.87706         -3.64871         -6.04920          2.76362         39.66713
   21          0.00000         47.17760         -8.16490         -3.09164         -7.87273          3.77266         44.37813
   22          0.00000         55.22839         -8.70413         -5.59563        -16.86412          6.94482         41.47277
   23          0.00000         85.62334         -8.72049        -22.46258        -32.06309         15.53096         39.81816
   24          0.00000         95.86355         -8.09402        -42.67812        -69.81300          6.77702         -8.53356
   25          0.00000        114.13134         -8.85330        -53.55941        -94.70135          7.50804        -25.27613
   26          0.00000        139.31886         -8.96307       -118.09549        -86.44058         -3.92963        -56.25414

spin  1, k-point   21: (0.00000, 0.25000, 0.25000) 
----------------------------------------------------------------------------------------------------------------------------
State              occ             e_mf             v_xc            v_exx           ReSigc           ImSigc             e_qp
----------------------------------------------------------------------------------------------------------------------------
    1          2.00000         -4.49597        -10.57953         -1.54023        -22.65701          2.66637        -18.11369
    2          2.00000          2.87515        -11.24421         -2.03625         -9.93745          1.28171          2.14566
    3          2.00000          4.54671        -10.81595         -1.30152         -7.15131          0.92971          6.90984
    4          2.00000          4.54671        -10.81595         -1.33074         -7.49587          0.94953          6.53605
    5          0.00000          7.79317         -9.57197         -1.35735         -4.71886          0.94948         11.28893
    6          0.00000         10.49903        -10.14524         -1.98566         -5.71730          1.27874         12.94132
    7          0.00000         12.37593        -10.71478         -1.41203         -4.02787          1.08948         17.65080
    8          0.00000         12.37593        -10.71478         -1.44560         -4.52588          1.18272         17.11922
    9          0.00000         15.31673        -11.12232         -3.35516         -7.43677          2.01737         15.64712
   10          0.00000         16.37693        -10.63637         -0.57823         -2.64046          0.72263         23.79461
   11          0.00000         21.14876         -8.72512         -1.23111        -10.09968          2.68199         18.54310
   12          0.00000         21.92840        -10.75257         -1.10093         -3.65699          1.13374         27.92305
   13          0.00000         21.92840        -10.75257         -1.13531         -3.71003          1.15331         27.83563
   14          0.00000         25.86964        -10.84634         -1.15873         -3.82417          1.21781         31.73307
   15          0.00000         27.84954        -11.06395         -0.99903         -3.44284          1.10713         34.47162
   16          0.00000         29.33351        -10.95148         -1.86149         -5.86775          2.12618         32.55575
   17          0.00000         31.74290        -11.01979         -2.32728         -4.90322          1.83837         35.53219
   18          0.00000         31.74290        -11.01979         -2.47196         -5.27821          2.02713         35.01252
   19          0.00000         34.49169        -11.26991         -2.64928         -5.64267          2.23801         37.46964
   20          0.00000         45.06782         -9.17538         -3.05057         -7.89072          3.32499         43.30191
   21          0.00000         45.06782         -9.17538         -3.07223         -8.57597          3.63949         42.59501
   22          0.00000         58.89518         -8.57884        -10.41595        -31.09472         10.90832         25.96334
   23          0.00000         78.92188         -8.56556        -17.16305        -64.92018          8.73725          5.40422
   24          0.00000        112.21892         -8.32367        -84.28622        -97.37251         -2.98621        -61.11614
   25          0.00000        136.81429         -8.92929        -43.92122        -72.30281         31.13239         29.51955
   26          0.00000        136.81429         -8.92929        -45.79066       -101.06925         12.49591         -1.11632

spin  1, k-point   22: (0.25000, 0.25000, 0.25000) 
----------------------------------------------------------------------------------------------------------------------------
State              occ             e_mf             v_xc            v_exx           ReSigc           ImSigc             e_qp
----------------------------------------------------------------------------------------------------------------------------
    1          2.00000         -4.77928        -10.56682         -1.57103        -23.67997          2.74436        -19.46347
    2          2.00000          2.46681        -10.71511         -1.61156         -9.49896          1.23774          2.07140
    3          2.00000          5.67616        -11.18900         -1.42915         -7.58686          1.10442          7.84914
    4          2.00000          5.67616        -11.18900         -1.46092         -6.92588          1.10600          8.47836
    5          0.00000          8.63478        -10.25653         -2.50954         -7.15924          1.29956          9.22253
    6          0.00000         10.17911        -10.31268         -1.34595         -4.52600          1.08208         14.61984
    7          0.00000         10.17911        -10.31268         -1.28921         -3.31573          0.84137         15.88684
    8          0.00000         13.81678        -11.04125         -3.74163         -9.02425          2.02323         12.09216
    9          0.00000         14.75116        -10.46682         -0.58850         -2.52719          0.67775         22.10229
   10          0.00000         14.75116        -10.46682         -0.59021         -2.60310          0.68972         22.02467
   11          0.00000         19.86471         -8.98990         -1.35061         -8.09817          2.22688         19.40583
   12          0.00000         22.88256        -10.04327         -1.39416         -7.45800          2.28243         24.07367
   13          0.00000         23.26860        -10.81753         -1.10362         -3.48104          1.08332         29.50147
   14          0.00000         23.26860        -10.81753         -1.09151         -3.65580          1.15156         29.33882
   15          0.00000         29.52495        -11.09741         -1.34839         -4.15402          1.41724         35.11995
   16          0.00000         29.52495        -11.09741         -1.33243         -3.48441          1.16843         35.80552
   17          0.00000         31.47475        -10.85489         -2.94259         -5.62797          2.21524         33.75907
   18          0.00000         33.94730        -11.45008         -2.13209         -4.97591          1.88564         38.28938
   19          0.00000         33.94730        -11.45008         -2.20046         -5.11072          1.94707         38.08620
   20          0.00000         43.25073         -8.82168         -3.27649        -11.61648          4.61801         37.17944
   21          0.00000         61.37610         -8.90690         -7.71331        -15.67192          8.00749         46.89778
   22          0.00000         61.37610         -8.90690         -7.19428        -12.92195          6.80996         50.16679
   23          0.00000         98.45767         -8.92023        -22.41894        -49.39027         22.08533         35.56869
   24          0.00000         98.45767         -8.92023        -21.51403        -61.12134         20.79710         24.74253
   25          0.00000        104.79874         -8.40792        -70.24225       -106.26018         -2.04902        -63.29578
   26          0.00000        154.04756         -8.52196        -86.90217       -131.71621          0.70472        -56.04887

spin  1, k-point   23: (0.50000, 0.25000, 0.25000) 
----------------------------------------------------------------------------------------------------------------------------
State              occ             e_mf             v_xc            v_exx           ReSigc           ImSigc             e_qp
----------------------------------------------------------------------------------------------------------------------------
    1          2.00000         -3.53850        -10.71731         -1.63887        -20.46159          2.48703        -14.92165
    2          2.00000          0.90691        -10.93568         -1.70268        -11.37473          1.46154         -1.23482
    3          2.00000          2.63481        -10.05497         -1.11633         -6.99437          0.90961          4.57908
    4          2.00000          5.10631        -11.04833         -1.37302         -8.03305          1.02022          6.74857
    5          0.00000          9.31447        -10.02074         -1.85428         -4.88695          1.10167         12.59398
    6          0.00000         11.53392        -10.35827         -1.40773         -4.20253          1.09138         16.28193
    7          0.00000         11.79363        -10.41900         -1.28298         -4.43558          1.10759         16.49407
    8          0.00000         13.49998        -10.62910         -2.65907         -5.90635          1.58251         15.56366
    9          0.00000         13.89590        -10.33345         -0.54231         -2.66264          0.68894         21.02440
   10          0.00000         16.84323        -10.36496         -1.70773         -3.83486          1.16279         21.66560
   11          0.00000         20.69468        -11.09984         -1.84682         -4.50621          1.43016         25.44148
   12          0.00000         23.84030        -11.03163         -1.85571         -4.00928          1.39545         29.00695
   13          0.00000         24.49870         -9.45142         -0.99792         -7.64116          2.34945         25.31104
   14          0.00000         24.68001        -10.97832         -0.97785         -3.50253          1.08680         31.17796
   15          0.00000         27.06950        -11.14155         -1.48098         -3.91644          1.33658         32.81364
   16          0.00000         27.85496         -9.90445         -1.85881         -4.82662          1.72929         31.07399
   17          0.00000         28.88722        -10.94538         -1.17585         -4.16969          1.35361         34.48706
   18          0.00000         30.48438        -11.09568         -2.53859         -5.71707          2.17834         33.32441
   19          0.00000         34.35189        -11.45281         -2.04961         -4.71802          1.77577         39.03707
   20          0.00000         39.48798         -9.87706         -3.73877         -5.85716          2.71532         39.76911
   21          0.00000         47.17760         -8.16490         -3.27154         -6.01882          3.07058         46.05214
   22          0.00000         55.22839         -8.70413         -4.82223        -16.04670          6.62657         43.06359
   23          0.00000         85.62334         -8.72049        -20.41053        -31.84804         16.55462         42.08526
   24          0.00000         95.86355         -8.09402        -42.43105        -74.44255          6.74685        -12.91603
   25          0.00000        114.13134         -8.85330        -55.57460        -91.35018          7.27056        -23.94014
   26          0.00000        139.31886         -8.96307       -121.01015        -91.44254         -5.27125        -64.17076

spin  1, k-point   24: (0.75000, 0.25000, 0.25000) 
----------------------------------------------------------------------------------------------------------------------------
State              occ             e_mf             v_xc            v_exx           ReSigc           ImSigc             e_qp
----------------------------------------------------------------------------------------------------------------------------
    1          2.00000         -2.86108        -10.81794         -1.66123        -17.39148          2.17090        -11.09585
    2          2.00000         -0.00280        -10.77890         -1.63241        -12.63825          1.62451         -3.49456
    3          2.00000          2.85933        -10.22910         -1.21770         -7.25867          0.94799          4.61207
    4          2.00000          4.23357        -10.80118         -1.28890         -8.34790          1.08024          5.39795
    5          0.00000          8.36364         -9.64310         -1.52228         -4.57513          0.96428         11.90933
    6          0.00000         11.46322        -10.07726         -1.31643         -3.96525          1.00046         16.25880
    7          0.00000         12.54686        -10.65892         -2.08457         -5.37485          1.40171         15.74637
    8          0.00000         12.81080        -10.48205         -1.24544         -4.10686          1.10128         17.94056
    9          0.00000         17.54453        -10.55274         -1.97749         -3.82306          1.19346         22.29672
   10          0.00000         18.04929        -10.73587         -0.92698         -3.12776          0.91686         24.73042
   11          0.00000         20.10470        -10.98063         -2.29951         -4.72003          1.53817         24.06579
   12          0.00000         20.12885        -10.88596         -1.10096         -2.95336          0.90571         26.96048
   13          0.00000         25.53207        -10.41257         -1.41722         -5.27632          1.75135         29.25110
   14          0.00000         25.93297        -10.93270         -1.40390         -4.48266          1.48979         30.97911
   15          0.00000         26.50860        -11.04454         -1.05734         -3.84782          1.24276         32.64798
   16          0.00000         27.41879        -10.09553         -1.36875         -4.11877          1.39987         32.02680
   17          0.00000         29.26042        -10.36919         -2.53705         -5.15282          2.00966         31.93975
   18          0.00000         31.57104        -10.74474         -1.42183         -4.96889          1.75430         35.92507
   19          0.00000         32.77361        -11.27360         -2.09300         -4.55678          1.69637         37.39743
   20          0.00000         37.64414         -9.94558         -3.19961         -5.77852          2.54042         38.61160
   21          0.00000         43.37743         -8.78219         -2.58103         -7.57880          3.06872         41.99979
   22          0.00000         46.85529         -8.31089         -6.87111         -9.22591          4.75871         39.06917
   23          0.00000         93.23360         -8.52701        -25.62005        -47.89550         19.34073         28.24508
   24          0.00000        105.50423         -9.03807        -31.09328        -48.06285         23.26815         35.38617
   25          0.00000        116.12146         -8.58773        -54.97399        -88.41532          7.81659        -18.68011
   26          0.00000        136.19953         -9.08466       -129.91829        -83.40094         -7.03918        -68.03504

spin  1, k-point   25: (0.00000, 0.50000, 0.25000) 
----------------------------------------------------------------------------------------------------------------------------
State              occ             e_mf             v_xc            v_exx           ReSigc           ImSigc             e_qp
----------------------------------------------------------------------------------------------------------------------------
    1          2.00000         -2.86108        -10.81794         -1.63029        -17.98963          2.23796        -11.66306
    2          2.00000         -0.00280        -10.77890         -1.62332        -13.21812          1.69095         -4.06533
    3          2.00000          2.85933        -10.22910         -1.22948         -7.22689          0.94729          4.63207
    4          2.00000          4.23357        -10.80118         -1.33468         -6.44945          0.87320          7.25061
    5          0.00000          8.36364         -9.64310         -1.45120         -4.72523          0.98622         11.83031
    6          0.00000         11.46322        -10.07726         -1.38127         -4.13534          1.04837         16.02387
    7          0.00000         12.54686        -10.65892         -2.05226         -5.06967          1.34544         16.08386
    8          0.00000         12.81080        -10.48205         -1.25076         -3.30799          0.91334         18.73410
    9          0.00000         17.54453        -10.55274         -1.94789         -4.94348          1.49707         21.20591
   10          0.00000         18.04929        -10.73587         -0.94933         -3.27621          0.96501         24.55961
   11          0.00000         20.10470        -10.98063         -2.28315         -4.71943          1.54730         24.08275
   12          0.00000         20.12885        -10.88596         -1.11561         -3.55137          1.08122         26.34782
   13          0.00000         25.53207        -10.41257         -1.41572         -5.20244          1.73677         29.32648
   14          0.00000         25.93297        -10.93270         -1.34272         -4.36754          1.42761         31.15541
   15          0.00000         26.50860        -11.04454         -1.08226         -3.23773          1.04783         33.23314
   16          0.00000         27.41879        -10.09553         -1.33508         -3.57265          1.20965         32.60659
   17          0.00000         29.26042        -10.36919         -2.45207         -4.79385          1.86030         32.38370
   18          0.00000         31.57104        -10.74474         -1.39319         -5.05428          1.76783         35.86831
   19          0.00000         32.77361        -11.27360         -2.24981         -4.83473          1.87120         36.96268
   20          0.00000         37.64414         -9.94558         -3.26892         -5.55397          2.46254         38.76683
   21          0.00000         43.37743         -8.78219         -2.65394         -7.69907          3.03606         41.80662
   22          0.00000         46.85529         -8.31089         -6.81112        -12.15405          5.77597         36.20102
   23          0.00000         93.23360         -8.52701        -24.25877        -48.69143         19.50529         28.81041
   24          0.00000        105.50423         -9.03807        -28.69502        -54.48392         22.80712         31.36336
   25          0.00000        116.12146         -8.58773        -58.17212        -89.00701          6.80272        -22.46993
   26          0.00000        136.19953         -9.08466       -130.75662        -81.82860         -6.59788        -67.30102

spin  1, k-point   26: (0.25000, 0.50000, 0.25000) 
----------------------------------------------------------------------------------------------------------------------------
State              occ             e_mf             v_xc            v_exx           ReSigc           ImSigc             e_qp
----------------------------------------------------------------------------------------------------------------------------
    1          2.00000         -3.53850        -10.71731         -1.61325        -20.32036          2.46777        -14.75479
    2          2.00000          0.90691        -10.93568         -1.68590        -12.16573          1.56185         -2.00903
    3          2.00000          2.63481        -10.05497         -1.08122         -7.35391          0.96600          4.25465
    4          2.00000          5.10631        -11.04833         -1.48481         -6.58896          1.00532          8.08087
    5          0.00000          9.31447        -10.02074         -1.69338         -4.96152          1.12745         12.68031
    6          0.00000         11.53392        -10.35827         -1.50829         -3.66064          0.97419         16.72326
    7          0.00000         11.79363        -10.41900         -1.25414         -3.88101          1.00456         17.07748
    8          0.00000         13.49998        -10.62910         -2.71808         -5.35361          1.47293         16.05739
    9          0.00000         13.89590        -10.33345         -0.55552         -2.67157          0.68879         21.00226
   10          0.00000         16.84323        -10.36496         -1.69101         -3.94323          1.20449         21.57395
   11          0.00000         20.69468        -11.09984         -1.76497         -4.93352          1.56219         25.09604
   12          0.00000         23.84030        -11.03163         -1.85592         -4.21431          1.44875         28.80170
   13          0.00000         24.49870         -9.45142         -0.98354         -7.97078          2.41741         24.99581
   14          0.00000         24.68001        -10.97832         -0.99523         -3.58669          1.11219         31.07641
   15          0.00000         27.06950        -11.14155         -1.56261         -4.05287          1.36761         32.59557
   16          0.00000         27.85496         -9.90445         -1.86591         -4.17523          1.53841         31.71828
   17          0.00000         28.88722        -10.94538         -1.11153         -3.78557          1.23656         34.93550
   18          0.00000         30.48438        -11.09568         -2.48463         -5.32706          2.04767         33.76837
   19          0.00000         34.35189        -11.45281         -2.18439         -4.89019          1.87646         38.73012
   20          0.00000         39.48798         -9.87706         -3.68199         -6.21855          2.83506         39.46450
   21          0.00000         47.17760         -8.16490         -3.23998         -7.20512          3.58565         44.89739
   22          0.00000         55.22839         -8.70413         -4.64337        -15.04502          6.11493         44.24414
   23          0.00000         85.62334         -8.72049        -19.14020        -30.93082         16.32915         44.27281
   24          0.00000         95.86355         -8.09402        -42.97169        -73.70045          6.51143        -12.71457
   25          0.00000        114.13134         -8.85330        -55.07045        -94.74472          7.14670        -26.83054
   26          0.00000        139.31886         -8.96307       -121.16409        -85.39048         -4.62562        -58.27264

spin  1, k-point   27: (0.50000, 0.50000, 0.25000) 
----------------------------------------------------------------------------------------------------------------------------
State              occ             e_mf             v_xc            v_exx           ReSigc           ImSigc             e_qp
----------------------------------------------------------------------------------------------------------------------------
    1          2.00000         -2.86108        -10.81794         -1.66602        -19.75287          2.43192        -13.46204
    2          2.00000         -0.00280        -10.77890         -1.62032        -13.96227          1.78714         -4.80649
    3          2.00000          2.85933        -10.22910         -1.21738         -7.73064          1.01603          4.14041
    4          2.00000          4.23357        -10.80118         -1.23466         -6.21838          0.87120          7.58171
    5          0.00000          8.36364         -9.64310         -1.56584         -4.61297          0.99230         11.82793
    6          0.00000         11.46322        -10.07726         -1.32068         -4.10427          1.03373         16.11553
    7          0.00000         12.54686        -10.65892         -2.09997         -5.19414          1.37136         15.91167
    8          0.00000         12.81080        -10.48205         -1.23482         -3.37092          0.91499         18.68711
    9          0.00000         17.54453        -10.55274         -1.98244         -4.78323          1.43601         21.33160
   10          0.00000         18.04929        -10.73587         -0.92779         -3.30534          0.96156         24.55203
   11          0.00000         20.10470        -10.98063         -2.28041         -4.94803          1.60750         23.85690
   12          0.00000         20.12885        -10.88596         -1.10754         -3.17536          0.96976         26.73191
   13          0.00000         25.53207        -10.41257         -1.39221         -6.79909          2.18628         27.75334
   14          0.00000         25.93297        -10.93270         -1.39476         -3.88047          1.30557         31.59044
   15          0.00000         26.50860        -11.04454         -1.06098         -3.07247          0.96480         33.41969
   16          0.00000         27.41879        -10.09553         -1.41684         -4.07043          1.37321         32.02705
   17          0.00000         29.26042        -10.36919         -2.49448         -5.00693          1.93819         32.12821
   18          0.00000         31.57104        -10.74474         -1.46624         -4.41782          1.57114         36.43173
   19          0.00000         32.77361        -11.27360         -2.12760         -4.96287          1.89565         36.95674
   20          0.00000         37.64414         -9.94558         -3.13803         -4.68599          2.11487         39.76570
   21          0.00000         43.37743         -8.78219         -2.47963         -6.43071          2.74489         43.24929
   22          0.00000         46.85529         -8.31089         -6.67788        -12.90182          5.75736         35.58648
   23          0.00000         93.23360         -8.52701        -25.52696        -50.76677         18.84905         25.46688
   24          0.00000        105.50423         -9.03807        -30.37906        -41.00058         22.92454         43.16266
   25          0.00000        116.12146         -8.58773        -53.98978        -90.12483          7.71808        -19.40541
   26          0.00000        136.19953         -9.08466       -134.15819        -87.88600         -8.85660        -76.76000

spin  1, k-point   28: (0.75000, 0.50000, 0.25000) 
----------------------------------------------------------------------------------------------------------------------------
State              occ             e_mf             v_xc            v_exx           ReSigc           ImSigc             e_qp
----------------------------------------------------------------------------------------------------------------------------
    1          2.00000         -1.26812        -11.00947         -2.92678        -24.19582          2.77208        -17.38125
    2          2.00000         -1.26812        -11.00947         -0.58012         -6.99657          0.91960          2.16466
    3          2.00000          2.53793         -9.97799         -0.86075         -6.68446          0.87390          4.97071
    4          2.00000          2.53793         -9.97799         -1.18598         -7.43045          0.97454          3.89948
    5          0.00000         11.10952         -9.95341         -1.54931         -4.28982          1.05373         15.22380
    6          0.00000         11.10952         -9.95341         -0.36338         -2.55866          0.61595         18.14089
    7          0.00000         12.02198        -10.47432         -2.18087         -4.73343          1.31385         15.58199
    8          0.00000         12.02198        -10.47431         -2.22876         -5.07318          1.26741         15.19436
    9          0.00000         17.43299        -10.78862         -1.58709         -3.53991          1.09752         23.09461
   10          0.00000         17.43299        -10.78862         -1.38540         -4.87140          1.39139         21.96481
   11          0.00000         21.22367        -11.03925         -1.79507         -3.10831          1.06323         27.35954
   12          0.00000         21.22367        -11.03925         -1.71512         -4.96078          1.58306         25.58702
   13          0.00000         26.34497        -11.14482         -1.59855         -4.74417          1.50353         31.14707
   14          0.00000         26.34497        -11.14483         -1.47359         -3.86009          1.36903         32.15612
   15          0.00000         27.35274         -9.30238         -0.81959         -2.40867          0.86344         33.42685
   16          0.00000         27.35275         -9.30239         -1.23881         -4.07514          1.28893         31.34120
   17          0.00000         27.44148        -11.25836         -1.77565         -5.09733          1.65084         31.82686
   18          0.00000         27.44148        -11.25836         -1.05464         -3.35307          1.22752         34.29214
   19          0.00000         34.21149        -10.90902         -1.97642         -4.74088          1.84218         38.40320
   20          0.00000         34.21149        -10.90901         -1.85880         -4.92898          1.81939         38.33272
   21          0.00000         45.76179         -8.30176         -9.07502         -9.92617          5.03213         35.06236
   22          0.00000         45.76183         -8.30162         -2.49776         -5.35893          2.69439         46.20676
   23          0.00000        118.71409         -9.60880       -140.99954        -61.69161         -7.84996        -74.36825
   24          0.00000        118.71433         -9.60879        -31.15287        -95.31849         12.02558          1.85177
   25          0.00000        125.06997         -8.56557        -32.12618        -41.11522         30.83053         60.39415
   26          0.00000        125.07012         -8.56559        -43.08508        -61.46498         25.41528         29.08564

spin  1, k-point   29: (0.00000, 0.75000, 0.25000) 
----------------------------------------------------------------------------------------------------------------------------
State              occ             e_mf             v_xc            v_exx           ReSigc           ImSigc             e_qp
----------------------------------------------------------------------------------------------------------------------------
    1          2.00000         -3.53850        -10.71731         -1.60951        -20.82670          2.51966        -15.25739
    2          2.00000          0.90691        -10.93568         -1.70754        -11.52861          1.47651         -1.39357
    3          2.00000          2.63481        -10.05497         -1.11818         -7.02203          0.91689          4.54957
    4          2.00000          5.10631        -11.04833         -1.41616         -6.72236          1.01232          8.01612
    5          0.00000          9.31447        -10.02074         -1.78082         -5.11693          1.13369         12.43745
    6          0.00000         11.53392        -10.35827         -1.43223         -3.56900          0.95719         16.89096
    7          0.00000         11.79363        -10.41900         -1.28425         -4.07421          1.03536         16.85418
    8          0.00000         13.49998        -10.62910         -2.67936         -6.26681          1.65491         15.18291
    9          0.00000         13.89590        -10.33345         -0.54748         -2.51473          0.65078         21.16713
   10          0.00000         16.84323        -10.36496         -1.71794         -3.63347          1.11250         21.85678
   11          0.00000         20.69468        -11.09984         -1.82927         -4.35990          1.37529         25.60535
   12          0.00000         23.84030        -11.03163         -1.84813         -4.38909          1.51396         28.63471
   13          0.00000         24.49870         -9.45142         -1.00224         -8.32379          2.52607         24.62409
   14          0.00000         24.68001        -10.97832         -0.98884         -3.72608          1.16114         30.94342
   15          0.00000         27.06950        -11.14155         -1.53779         -3.95123          1.36075         32.72204
   16          0.00000         27.85496         -9.90445         -1.86607         -4.20896          1.52553         31.68438
   17          0.00000         28.88722        -10.94538         -1.15001         -4.29761          1.40382         34.38499
   18          0.00000         30.48438        -11.09568         -2.55343         -5.65044          2.14916         33.37619
   19          0.00000         34.35189        -11.45281         -2.15338         -5.18913          2.00041         38.46219
   20          0.00000         39.48798         -9.87706         -3.73938         -6.64057          3.00569         38.98509
   21          0.00000         47.17760         -8.16490         -3.21560         -8.46565          4.09356         43.66125
   22          0.00000         55.22839         -8.70413         -4.79475        -15.60919          6.34673         43.52857
   23          0.00000         85.62334         -8.72049        -19.23859        -29.87977         15.95061         45.22546
   24          0.00000         95.86355         -8.09402        -42.39069        -73.40861          6.71784        -11.84173
   25          0.00000        114.13134         -8.85330        -55.72524        -92.79098          7.20706        -25.53158
   26          0.00000        139.31886         -8.96307       -119.97758        -98.05698         -6.02008        -69.75263

spin  1, k-point   30: (0.25000, 0.75000, 0.25000) 
----------------------------------------------------------------------------------------------------------------------------
State              occ             e_mf             v_xc            v_exx           ReSigc           ImSigc             e_qp
----------------------------------------------------------------------------------------------------------------------------
    1          2.00000         -2.86108        -10.81794         -1.61236        -18.49820          2.29729        -12.15370
    2          2.00000         -0.00280        -10.77890         -1.62895        -13.06559          1.67443         -3.91844
    3          2.00000          2.85933        -10.22910         -1.20463         -7.55541          0.99062          4.32840
    4          2.00000          4.23357        -10.80118         -1.39520         -6.26370          0.86145          7.37585
    5          0.00000          8.36364         -9.64310         -1.36309         -4.41341          0.95416         12.23024
    6          0.00000         11.46322        -10.07726         -1.34378         -3.96889          1.02265         16.22781
    7          0.00000         12.54686        -10.65892         -2.06220         -4.67495          1.26730         16.46863
    8          0.00000         12.81080        -10.48205         -1.29973         -3.30895          0.91262         18.68417
    9          0.00000         17.54453        -10.55274         -1.96995         -3.93592          1.24066         22.19140
   10          0.00000         18.04929        -10.73587         -0.95716         -3.22059          0.94626         24.60740
   11          0.00000         20.10470        -10.98063         -2.30773         -4.79373          1.56477         23.98387
   12          0.00000         20.12885        -10.88596         -1.16057         -3.19202          0.95639         26.66222
   13          0.00000         25.53207        -10.41257         -1.40440         -5.50697          1.84771         29.03327
   14          0.00000         25.93297        -10.93270         -1.33705         -5.13330          1.67718         30.39532
   15          0.00000         26.50860        -11.04454         -1.08779         -3.60683          1.15554         32.85852
   16          0.00000         27.41879        -10.09553         -1.35515         -3.79327          1.31649         32.36590
   17          0.00000         29.26042        -10.36919         -2.50775         -4.42878          1.73895         32.69308
   18          0.00000         31.57104        -10.74474         -1.43173         -4.81837          1.69332         36.06568
   19          0.00000         32.77361        -11.27360         -2.28039         -4.28533          1.65324         37.48150
   20          0.00000         37.64414         -9.94558         -3.13338         -6.26321          2.71067         38.19313
   21          0.00000         43.37743         -8.78219         -2.53089         -7.04087          2.76359         42.58787
   22          0.00000         46.85529         -8.31089         -6.77471         -9.99554          5.00917         38.39593
   23          0.00000         93.23360         -8.52701        -23.43451        -50.59869         19.43912         27.72742
   24          0.00000        105.50423         -9.03807        -28.53288        -54.46439         22.98761         31.54502
   25          0.00000        116.12146         -8.58773        -59.60454        -85.08573          6.77852        -19.98107
   26          0.00000        136.19953         -9.08466       -130.50363        -84.80403         -7.15293        -70.02346

spin  1, k-point   31: (0.50000, 0.75000, 0.25000) 
----------------------------------------------------------------------------------------------------------------------------
State              occ             e_mf             v_xc            v_exx           ReSigc           ImSigc             e_qp
----------------------------------------------------------------------------------------------------------------------------
    1          2.00000         -1.26812        -11.00947         -2.90825        -25.51579          2.88346        -18.68269
    2          2.00000         -1.26812        -11.00947         -0.57047         -6.62137          0.87305          2.54951
    3          2.00000          2.53793         -9.97799         -0.89508         -6.87946          0.88986          4.74137
    4          2.00000          2.53793         -9.97799         -1.17861         -6.90270          0.90998          4.43459
    5          0.00000         11.10952         -9.95341         -1.58009         -3.74751          0.92633         15.73533
    6          0.00000         11.10952         -9.95341         -0.36407         -2.55764          0.61273         18.14122
    7          0.00000         12.02198        -10.47432         -2.10228         -5.34429          1.44137         15.04972
    8          0.00000         12.02198        -10.47431         -2.19912         -4.71504          1.22434         15.58214
    9          0.00000         17.43299        -10.78862         -1.61784         -3.03406          0.97950         23.56972
   10          0.00000         17.43299        -10.78862         -1.38464         -4.15983          1.18768         22.67714
   11          0.00000         21.22367        -11.03925         -1.77131         -2.91118          1.01395         27.58042
   12          0.00000         21.22367        -11.03925         -1.83463         -4.86212          1.48626         25.56617
   13          0.00000         26.34497        -11.14482         -1.59123         -4.81063          1.54106         31.08793
   14          0.00000         26.34497        -11.14483         -1.49832         -3.68054          1.33803         32.31095
   15          0.00000         27.35274         -9.30238         -0.81181         -2.42827          0.87948         33.41503
   16          0.00000         27.35275         -9.30239         -1.23946         -4.00057          1.29188         31.41511
   17          0.00000         27.44148        -11.25836         -1.83042         -5.10879          1.65031         31.76063
   18          0.00000         27.44148        -11.25836         -0.99940         -3.47793          1.29214         34.22251
   19          0.00000         34.21149        -10.90902         -1.99558         -4.79400          1.83888         38.33092
   20          0.00000         34.21149        -10.90901         -1.88486         -5.25861          1.92910         37.97703
   21          0.00000         45.76179         -8.30176         -9.04229        -11.05359          5.33464         33.96768
   22          0.00000         45.76183         -8.30162         -2.44373         -5.40850          2.69666         46.21122
   23          0.00000        118.71409         -9.60880       -139.06467        -61.84556         -7.60754        -72.58734
   24          0.00000        118.71433         -9.60879        -31.17105        -91.82318         11.80271          5.32889
   25          0.00000        125.06997         -8.56557        -32.27251        -39.30152         31.10163         62.06152
   26          0.00000        125.07012         -8.56559        -44.84636        -63.29204         24.00859         25.49730

spin  1, k-point   32: (0.75000, 0.75000, 0.25000) 
----------------------------------------------------------------------------------------------------------------------------
State              occ             e_mf             v_xc            v_exx           ReSigc           ImSigc             e_qp
----------------------------------------------------------------------------------------------------------------------------
    1          2.00000         -2.86108        -10.81794         -1.65623        -20.24496          2.47917        -13.94433
    2          2.00000         -0.00280        -10.77890         -1.62710        -13.66473          1.74839         -4.51573
    3          2.00000          2.85933        -10.22910         -1.22495         -7.82709          1.02182          4.03639
    4          2.00000          4.23357        -10.80118         -1.24786         -6.04407          0.87205          7.74282
    5          0.00000          8.36364         -9.64310         -1.57701         -4.41028          0.96206         12.01945
    6          0.00000         11.46322        -10.07726         -1.33045         -4.15672          1.04995         16.05330
    7          0.00000         12.54686        -10.65892         -2.05066         -5.59863          1.43982         15.55649
    8          0.00000         12.81080        -10.48205         -1.25023         -3.22177          0.88295         18.82086
    9          0.00000         17.54453        -10.55274         -2.02047         -4.48571          1.36105         21.59109
   10          0.00000         18.04929        -10.73587         -0.91798         -3.13328          0.91298         24.73389
   11          0.00000         20.10470        -10.98063         -2.31234         -5.12027          1.64862         23.65272
   12          0.00000         20.12885        -10.88596         -1.08127         -2.78182          0.85094         27.15171
   13          0.00000         25.53207        -10.41257         -1.46611         -6.89004          2.23964         27.58848
   14          0.00000         25.93297        -10.93270         -1.40372         -3.77619          1.27472         31.68576
   15          0.00000         26.50860        -11.04454         -1.09183         -3.41604          1.08425         33.04527
   16          0.00000         27.41879        -10.09553         -1.39835         -4.79299          1.62321         31.32298
   17          0.00000         29.26042        -10.36919         -2.51394         -5.28665          2.01423         31.82903
   18          0.00000         31.57104        -10.74474         -1.44001         -4.66362          1.66573         36.21216
   19          0.00000         32.77361        -11.27360         -2.14635         -4.79695          1.83414         37.10391
   20          0.00000         37.64414         -9.94558         -3.18961         -5.97754          2.58757         38.42257
   21          0.00000         43.37743         -8.78219         -2.53479         -6.51402          2.80946         43.11082
   22          0.00000         46.85529         -8.31089         -6.61507        -13.45670          5.84279         35.09441
   23          0.00000         93.23360         -8.52701        -27.00522        -52.09744         18.01306         22.65796
   24          0.00000        105.50423         -9.03807        -30.53265        -39.69544         22.91627         44.31420
   25          0.00000        116.12146         -8.58773        -54.04032        -90.04312          7.89337        -19.37425
   26          0.00000        136.19953         -9.08466       -131.09799        -88.44171         -7.94711        -74.25551

spin  1, k-point   33: (0.00000, 0.00000, 0.50000) 
----------------------------------------------------------------------------------------------------------------------------
State              occ             e_mf             v_xc            v_exx           ReSigc           ImSigc             e_qp
----------------------------------------------------------------------------------------------------------------------------
    1          2.00000         -3.24597        -10.89501         -1.70181        -20.96797          2.54481        -15.02074
    2          2.00000         -0.60442        -10.18709         -1.27632        -12.93236          1.66567         -4.62601
    3          2.00000          5.24068        -11.14639         -1.39674         -5.85004          1.01268          9.14029
    4          2.00000          5.24068        -11.14639         -1.48594         -7.66953          0.99937          7.23160
    5          0.00000          8.10635        -10.16833         -2.37707         -7.75915          1.22877          8.13846
    6          0.00000         10.17233        -10.09528         -1.16272         -3.25846          0.81240         15.84643
    7          0.00000         10.17233        -10.09528         -1.08914         -2.81582          0.72609         16.36266
    8          0.00000         17.54714        -10.43599         -2.42525         -5.39401          1.59440         20.16387
    9          0.00000         18.00411        -10.74666         -0.66567         -3.02610          0.84898         25.05900
   10          0.00000         18.00411        -10.74666         -0.67038         -2.85264          0.79392         25.22775
   11          0.00000         18.35794        -10.12175         -2.29574         -5.00407          1.56265         21.17988
   12          0.00000         19.73062        -10.83902         -1.36991         -2.87289          0.89932         26.32684
   13          0.00000         19.73062        -10.83902         -1.37444         -2.99300          0.96256         26.20220
   14          0.00000         26.53272        -10.66032         -2.29848         -5.96301          2.06802         28.93154
   15          0.00000         28.45919         -9.87907         -2.67017         -7.10852          2.58421         28.55957
   16          0.00000         29.64895        -11.06737         -1.16396         -4.67582          1.56723         34.87653
   17          0.00000         29.64895        -11.06737         -1.13776         -3.42509          1.11685         36.15347
   18          0.00000         33.61285        -11.46380         -2.18811         -5.04048          1.94674         37.84807
   19          0.00000         33.61285        -11.46380         -2.26134         -5.44563          2.09574         37.36969
   20          0.00000         36.43095         -8.38342         -1.75288         -5.53024          2.27865         37.53124
   21          0.00000         62.18153         -8.74398         -5.54254        -11.39116          6.43045         53.99180
   22          0.00000         62.18153         -8.74398         -6.97549        -21.22420          8.96778         42.72581
   23          0.00000         73.25900         -8.77324        -14.62335        -17.51459         10.59512         49.89429
   24          0.00000         73.25900         -8.77324        -16.33642        -25.79244         12.60979         39.90337
   25          0.00000        106.59377         -7.80404        -51.61320       -115.02020          2.64566        -52.23559
   26          0.00000        145.62642         -8.49134       -176.29710       -103.27129        -18.30982       -125.45062

spin  1, k-point   34: (0.25000, 0.00000, 0.50000) 
----------------------------------------------------------------------------------------------------------------------------
State              occ             e_mf             v_xc            v_exx           ReSigc           ImSigc             e_qp
----------------------------------------------------------------------------------------------------------------------------
    1          2.00000         -2.86108        -10.81794         -1.64061        -19.69540          2.42923        -13.37915
    2          2.00000         -0.00280        -10.77890         -1.60068        -12.52869          1.60796         -3.35328
    3          2.00000          2.85933        -10.22910         -1.20280         -6.88233          0.89515          5.00331
    4          2.00000          4.23357        -10.80118         -1.34808         -7.50481          0.93045          6.18186
    5          0.00000          8.36364         -9.64310         -1.45168         -4.23076          0.94349         12.32429
    6          0.00000         11.46322        -10.07726         -1.28629         -3.86812          0.98625         16.38607
    7          0.00000         12.54686        -10.65892         -2.09699         -4.93856          1.32601         16.17023
    8          0.00000         12.81080        -10.48205         -1.31686         -3.11333          0.85890         18.86267
    9          0.00000         17.54453        -10.55274         -2.01881         -4.12717          1.28103         21.95129
   10          0.00000         18.04929        -10.73587         -0.94756         -2.97540          0.87275         24.86219
   11          0.00000         20.10470        -10.98063         -2.30031         -4.69352          1.53316         24.09150
   12          0.00000         20.12885        -10.88596         -1.12675         -2.95917          0.90333         26.92888
   13          0.00000         25.53207        -10.41257         -1.39161         -5.29412          1.76037         29.25891
   14          0.00000         25.93297        -10.93270         -1.38395         -3.97012          1.34082         31.51160
   15          0.00000         26.50860        -11.04454         -1.10321         -3.59638          1.15017         32.85355
   16          0.00000         27.41879        -10.09553         -1.32946         -3.82328          1.30472         32.36158
   17          0.00000         29.26042        -10.36919         -2.56758         -4.94032          1.92133         32.12172
   18          0.00000         31.57104        -10.74474         -1.42306         -5.23586          1.83692         35.65687
   19          0.00000         32.77361        -11.27360         -2.24634         -4.99486          1.92593         36.80601
   20          0.00000         37.64414         -9.94558         -3.13782         -5.87336          2.57932         38.57854
   21          0.00000         43.37743         -8.78219         -2.93668         -8.94934          3.60111         40.27360
   22          0.00000         46.85529         -8.31089         -6.42779         -9.98780          4.92375         38.75059
   23          0.00000         93.23360         -8.52701        -24.33021        -40.79240         19.72481         36.63801
   24          0.00000        105.50423         -9.03807        -33.98183        -50.31670         21.40562         30.24377
   25          0.00000        116.12146         -8.58773        -52.48048        -94.92887          7.68607        -22.70016
   26          0.00000        136.19953         -9.08466       -128.64168        -79.40246         -6.04805        -62.75995

spin  1, k-point   35: (0.50000, 0.00000, 0.50000) 
----------------------------------------------------------------------------------------------------------------------------
State              occ             e_mf             v_xc            v_exx           ReSigc           ImSigc             e_qp
----------------------------------------------------------------------------------------------------------------------------
    1          2.00000         -1.43299        -10.86919         -2.62890        -23.91305          2.77033        -17.10575
    2          2.00000         -1.43299        -10.86919         -0.60040         -6.81852          0.90047          2.01729
    3          2.00000          3.58372        -10.66004         -1.30837         -7.20878          0.90751          5.72660
    4          2.00000          3.58372        -10.66004         -1.29672         -6.86520          0.86820          6.08183
    5          0.00000          7.52240         -9.34403         -1.98543         -4.45930          0.94925         10.42170
    6          0.00000          7.52240         -9.34403         -0.96683         -3.75287          0.77538         12.14674
    7          0.00000         16.85409        -10.75972         -2.27884         -3.65920          1.13820         21.67577
    8          0.00000         16.85409        -10.75972         -2.29358         -3.21769          1.06103         22.10254
    9          0.00000         18.11214        -10.89049         -0.71325         -3.00731          0.86079         25.28207
   10          0.00000         18.11214        -10.89049         -0.69370         -3.06459          0.87592         25.24435
   11          0.00000         20.58782        -10.92057         -3.32062         -5.51428          1.72818         22.67349
   12          0.00000         20.58782        -10.92058         -1.06895         -3.81750          1.27996         26.62195
   13          0.00000         21.04210        -10.83968         -1.49504         -4.85345          1.32129         25.53329
   14          0.00000         21.04210        -10.83968         -0.01549         -0.54691          0.17171         31.31939
   15          0.00000         29.37875        -10.50987         -0.44692         -2.50164          0.90614         36.94005
   16          0.00000         29.37877        -10.50988         -1.88463         -6.56547          2.15371         31.43855
   17          0.00000         32.44408        -11.39375         -2.20490         -4.88209          1.86268         36.75084
   18          0.00000         32.44408        -11.39375         -2.26722         -4.31072          1.65943         37.25989
   19          0.00000         34.27254         -9.59921         -6.77886         -4.52283          2.36843         32.57006
   20          0.00000         34.27256         -9.59918         -2.52684         -6.43248          2.37062         34.91241
   21          0.00000         37.50199         -8.59154         -1.99161         -6.95551          2.46599         37.14641
   22          0.00000         37.50199         -8.59154         -1.98683         -6.48993          2.46494         37.61676
   23          0.00000        112.29727         -9.66705        -33.71088        -45.73278         25.04344         42.52066
   24          0.00000        112.29727         -9.66705        -36.17250        -50.90304         24.34131         34.88877
   25          0.00000        127.99819         -8.49767       -123.60406        -67.39421         -3.83639        -54.50241
   26          0.00000        127.99831         -8.49757        -25.23717        -80.82446         29.63990         30.43425

spin  1, k-point   36: (0.75000, 0.00000, 0.50000) 
----------------------------------------------------------------------------------------------------------------------------
State              occ             e_mf             v_xc            v_exx           ReSigc           ImSigc             e_qp
----------------------------------------------------------------------------------------------------------------------------
    1          2.00000         -2.86108        -10.81794         -1.64061        -19.69540          2.42923        -13.37915
    2          2.00000         -0.00280        -10.77890         -1.60068        -12.52869          1.60796         -3.35328
    3          2.00000          2.85933        -10.22910         -1.20280         -6.88233          0.89515          5.00331
    4          2.00000          4.23357        -10.80118         -1.34808         -7.50481          0.93045          6.18186
    5          0.00000          8.36364         -9.64310         -1.45168         -4.23076          0.94349         12.32429
    6          0.00000         11.46322        -10.07726         -1.28629         -3.86812          0.98625         16.38607
    7          0.00000         12.54686        -10.65892         -2.09699         -4.93856          1.32601         16.17023
    8          0.00000         12.81080        -10.48205         -1.31686         -3.11333          0.85890         18.86267
    9          0.00000         17.54453        -10.55274         -2.01881         -4.12717          1.28103         21.95129
   10          0.00000         18.04929        -10.73587         -0.94756         -2.97540          0.87275         24.86219
   11          0.00000         20.10470        -10.98063         -2.30031         -4.69352          1.53316         24.09150
   12          0.00000         20.12885        -10.88596         -1.12675         -2.95917          0.90333         26.92888
   13          0.00000         25.53207        -10.41257         -1.39161         -5.29412          1.76037         29.25891
   14          0.00000         25.93297        -10.93270         -1.38395         -3.97012          1.34082         31.51160
   15          0.00000         26.50860        -11.04454         -1.10321         -3.59638          1.15017         32.85355
   16          0.00000         27.41879        -10.09553         -1.32946         -3.82328          1.30472         32.36158
   17          0.00000         29.26042        -10.36919         -2.56758         -4.94032          1.92133         32.12172
   18          0.00000         31.57104        -10.74474         -1.42306         -5.23586          1.83692         35.65687
   19          0.00000         32.77361        -11.27360         -2.24634         -4.99486          1.92593         36.80601
   20          0.00000         37.64414         -9.94558         -3.13782         -5.87336          2.57932         38.57854
   21          0.00000         43.37743         -8.78219         -2.93668         -8.94934          3.60111         40.27360
   22          0.00000         46.85529         -8.31089         -6.42779         -9.98780          4.92375         38.75059
   23          0.00000         93.23360         -8.52701        -24.33021        -40.79240         19.72481         36.63801
   24          0.00000        105.50423         -9.03807        -33.98183        -50.31670         21.40562         30.24377
   25          0.00000        116.12146         -8.58773        -52.48048        -94.92887          7.68607        -22.70016
   26          0.00000        136.19953         -9.08466       -128.64168        -79.40246         -6.04805        -62.75995

spin  1, k-point   37: (0.00000, 0.25000, 0.50000) 
----------------------------------------------------------------------------------------------------------------------------
State              occ             e_mf             v_xc            v_exx           ReSigc           ImSigc             e_qp
----------------------------------------------------------------------------------------------------------------------------
    1          2.00000         -2.86108        -10.81794         -1.65898        -19.05571          2.35106        -12.75784
    2          2.00000         -0.00280        -10.77890         -1.60156        -13.06767          1.67468         -3.89313
    3          2.00000          2.85933        -10.22910         -1.18252         -7.58606          0.99453          4.31986
    4          2.00000          4.23357        -10.80118         -1.31132         -6.37621          0.87051          7.34722
    5          0.00000          8.36364         -9.64310         -1.45640         -4.71105          0.98500         11.83928
    6          0.00000         11.46322        -10.07726         -1.39496         -4.13288          1.04923         16.01264
    7          0.00000         12.54686        -10.65892         -2.09091         -5.42010          1.41869         15.69477
    8          0.00000         12.81080        -10.48205         -1.30372         -3.52879          0.96784         18.46035
    9          0.00000         17.54453        -10.55274         -2.01115         -4.08228          1.27242         22.00384
   10          0.00000         18.04929        -10.73587         -0.91684         -2.96242          0.86855         24.90590
   11          0.00000         20.10470        -10.98063         -2.30724         -5.02084          1.61893         23.75725
   12          0.00000         20.12885        -10.88596         -1.10280         -2.86779          0.89842         27.04421
   13          0.00000         25.53207        -10.41257         -1.42229         -5.29873          1.75176         29.22362
   14          0.00000         25.93297        -10.93270         -1.32300         -4.26353          1.39379         31.27914
   15          0.00000         26.50860        -11.04454         -1.08495         -4.04225          1.29882         32.42594
   16          0.00000         27.41879        -10.09553         -1.30715         -3.70350          1.24867         32.50367
   17          0.00000         29.26042        -10.36919         -2.48617         -5.75657          2.19204         31.38688
   18          0.00000         31.57104        -10.74474         -1.39189         -5.01567          1.76276         35.90822
   19          0.00000         32.77361        -11.27360         -2.21056         -5.08404          1.92585         36.75261
   20          0.00000         37.64414         -9.94558         -3.25431         -5.76202          2.56225         38.57339
   21          0.00000         43.37743         -8.78219         -2.64545         -7.13926          2.90687         42.37492
   22          0.00000         46.85529         -8.31089         -6.70746        -10.99175          5.38652         37.46697
   23          0.00000         93.23360         -8.52701        -25.79415        -50.76753         19.27700         25.19894
   24          0.00000        105.50423         -9.03807        -29.11607        -42.88664         23.13990         42.53959
   25          0.00000        116.12146         -8.58773        -54.97673        -90.77709          7.64715        -21.04463
   26          0.00000        136.19953         -9.08466       -129.71207        -96.03545         -8.61485        -80.46333

spin  1, k-point   38: (0.25000, 0.25000, 0.50000) 
----------------------------------------------------------------------------------------------------------------------------
State              occ             e_mf             v_xc            v_exx           ReSigc           ImSigc             e_qp
----------------------------------------------------------------------------------------------------------------------------
    1          2.00000         -3.53850        -10.71731         -1.63980        -21.31198          2.56846        -15.77296
    2          2.00000          0.90691        -10.93568         -1.69330        -12.44710          1.59800         -2.29781
    3          2.00000          2.63481        -10.05497         -1.12269         -7.94444          1.04382          3.62265
    4          2.00000          5.10631        -11.04833         -1.32904         -6.07004          1.00516          8.75556
    5          0.00000          9.31447        -10.02074         -1.89758         -5.25082          1.17167         12.18679
    6          0.00000         11.53392        -10.35827         -1.39703         -3.25900          0.87818         17.23616
    7          0.00000         11.79363        -10.41900         -1.29079         -4.72268          1.18168         16.19917
    8          0.00000         13.49998        -10.62910         -2.66027         -6.84000          1.68513         14.62881
    9          0.00000         13.89590        -10.33345         -0.54352         -2.48397          0.64436         21.20187
   10          0.00000         16.84323        -10.36496         -1.71343         -3.68089          1.12684         21.81386
   11          0.00000         20.69468        -11.09984         -1.84837         -4.03845          1.34104         25.90769
   12          0.00000         23.84030        -11.03163         -1.81575         -4.74606          1.60281         28.31011
   13          0.00000         24.49870         -9.45142         -1.01457         -7.27062          2.27617         25.66493
   14          0.00000         24.68001        -10.97832         -0.97952         -3.52074          1.09213         31.15807
   15          0.00000         27.06950        -11.14155         -1.48461         -3.59603          1.20742         33.13041
   16          0.00000         27.85496         -9.90445         -1.87634         -4.95072          1.76450         30.93236
   17          0.00000         28.88722        -10.94538         -1.19657         -4.19967          1.39144         34.43636
   18          0.00000         30.48438        -11.09568         -2.55259         -5.80833          2.19127         33.21914
   19          0.00000         34.35189        -11.45281         -2.08881         -4.86373          1.86500         38.85216
   20          0.00000         39.48798         -9.87706         -3.60227         -5.84443          2.67606         39.91834
   21          0.00000         47.17760         -8.16490         -3.25163         -7.84595          3.73891         44.24491
   22          0.00000         55.22839         -8.70413         -4.47833        -10.23261          5.24401         49.22158
   23          0.00000         85.62334         -8.72049        -19.91273        -19.95017         14.22409         54.48092
   24          0.00000         95.86355         -8.09402        -42.39339        -70.24778          6.97272         -8.68360
   25          0.00000        114.13134         -8.85330        -54.71715        -99.86376          6.37566        -31.59628
   26          0.00000        139.31886         -8.96307       -121.57901        -97.58747         -6.53656        -70.88455

spin  1, k-point   39: (0.50000, 0.25000, 0.50000) 
----------------------------------------------------------------------------------------------------------------------------
State              occ             e_mf             v_xc            v_exx           ReSigc           ImSigc             e_qp
----------------------------------------------------------------------------------------------------------------------------
    1          2.00000         -2.86108        -10.81794         -1.65624        -19.12398          2.36475        -12.82336
    2          2.00000         -0.00280        -10.77890         -1.58644        -13.52632          1.73220         -4.33667
    3          2.00000          2.85933        -10.22910         -1.15170         -7.85164          1.02930          4.08510
    4          2.00000          4.23357        -10.80118         -1.36925         -6.28786          0.86110          7.37764
    5          0.00000          8.36364         -9.64310         -1.37349         -4.50305          0.97050         12.13020
    6          0.00000         11.46322        -10.07726         -1.32764         -3.87546          1.00142         16.33738
    7          0.00000         12.54686        -10.65892         -2.13436         -4.44655          1.24310         16.62487
    8          0.00000         12.81080        -10.48205         -1.36411         -3.46455          0.94919         18.46419
    9          0.00000         17.54453        -10.55274         -2.01500         -3.86550          1.20154         22.21677
   10          0.00000         18.04929        -10.73587         -0.92297         -3.08284          0.90184         24.77934
   11          0.00000         20.10470        -10.98063         -2.30315         -4.74472          1.53987         24.03746
   12          0.00000         20.12885        -10.88596         -1.11913         -3.03436          0.94074         26.86132
   13          0.00000         25.53207        -10.41257         -1.34954         -5.34143          1.77294         29.25367
   14          0.00000         25.93297        -10.93270         -1.33018         -4.81521          1.57585         30.72027
   15          0.00000         26.50860        -11.04454         -1.10191         -3.80790          1.19326         32.64332
   16          0.00000         27.41879        -10.09553         -1.30709         -3.84324          1.33402         32.36399
   17          0.00000         29.26042        -10.36919         -2.55568         -4.54208          1.79707         32.53185
   18          0.00000         31.57104        -10.74474         -1.39686         -4.96015          1.74893         35.95877
   19          0.00000         32.77361        -11.27360         -2.24747         -4.90333          1.84883         36.89641
   20          0.00000         37.64414         -9.94558         -3.11785         -5.15931          2.28853         39.31256
   21          0.00000         43.37743         -8.78219         -2.48281         -6.62445          2.63767         43.05237
   22          0.00000         46.85529         -8.31089         -6.78150        -10.07215          5.05379         38.31252
   23          0.00000         93.23360         -8.52701        -24.55870        -50.53218         19.50372         26.66974
   24          0.00000        105.50423         -9.03807        -28.86847        -50.36287         23.27580         35.31096
   25          0.00000        116.12146         -8.58773        -56.11550        -84.61698          7.60939        -16.02328
   26          0.00000        136.19953         -9.08466       -131.49882        -90.15955         -8.05334        -76.37417

spin  1, k-point   40: (0.75000, 0.25000, 0.50000) 
----------------------------------------------------------------------------------------------------------------------------
State              occ             e_mf             v_xc            v_exx           ReSigc           ImSigc             e_qp
----------------------------------------------------------------------------------------------------------------------------
    1          2.00000         -1.26812        -11.00947         -2.90780        -23.31335          2.69703        -16.47980
    2          2.00000         -1.26812        -11.00947         -0.56822         -6.67146          0.88022          2.50167
    3          2.00000          2.53793         -9.97799         -0.89970         -6.24096          0.80663          5.37525
    4          2.00000          2.53793         -9.97799         -1.18464         -7.65342          1.00663          3.67785
    5          0.00000         11.10952         -9.95341         -1.58671         -3.95931          0.99627         15.51691
    6          0.00000         11.10952         -9.95341         -0.35455         -2.49387          0.60079         18.21451
    7          0.00000         12.02198        -10.47432         -2.08435         -4.98494          1.35057         15.42700
    8          0.00000         12.02198        -10.47431         -2.18036         -5.10645          1.27546         15.20948
    9          0.00000         17.43299        -10.78862         -1.58003         -2.62155          0.84730         24.02004
   10          0.00000         17.43299        -10.78862         -1.41475         -3.67317          1.08805         23.13369
   11          0.00000         21.22367        -11.03925         -1.74856         -2.73079          0.94233         27.78356
   12          0.00000         21.22367        -11.03925         -1.85162         -4.95649          1.60039         25.45481
   13          0.00000         26.34497        -11.14482         -1.61211         -4.99707          1.58341         30.88062
   14          0.00000         26.34497        -11.14483         -1.45928         -3.41172          1.22156         32.61880
   15          0.00000         27.35274         -9.30238         -0.80564         -2.48652          0.89115         33.36295
   16          0.00000         27.35275         -9.30239         -1.21835         -3.89288          1.24183         31.54391
   17          0.00000         27.44148        -11.25836         -1.79430         -6.37095          2.01287         30.53459
   18          0.00000         27.44148        -11.25836         -0.98122         -3.29563          1.19431         34.42300
   19          0.00000         34.21149        -10.90902         -2.01011         -4.20786          1.65690         38.90253
   20          0.00000         34.21149        -10.90901         -1.90096         -5.57977          2.04570         37.63978
   21          0.00000         45.76179         -8.30176         -9.09996        -10.29571          5.17359         34.66789
   22          0.00000         45.76183         -8.30162         -2.44121         -5.92748          2.87920         45.69476
   23          0.00000        118.71409         -9.60880       -137.11924        -59.06141         -6.48097        -67.85776
   24          0.00000        118.71433         -9.60879        -30.84626        -95.77411         11.92781          1.70276
   25          0.00000        125.06997         -8.56557        -31.89784        -46.31504         31.03927         55.42266
   26          0.00000        125.07012         -8.56559        -41.87889        -59.95125         27.20560         31.80557

spin  1, k-point   41: (0.00000, 0.50000, 0.50000) 
----------------------------------------------------------------------------------------------------------------------------
State              occ             e_mf             v_xc            v_exx           ReSigc           ImSigc             e_qp
----------------------------------------------------------------------------------------------------------------------------
    1          2.00000         -1.43299        -10.86919         -2.67541        -21.98457          2.58998        -15.22378
    2          2.00000         -1.43299        -10.86919         -0.62177         -7.26697          0.94469          1.54747
    3          2.00000          3.58372        -10.66004         -1.23021         -7.40271          0.95676          5.61083
    4          2.00000          3.58372        -10.66004         -1.24842         -7.70123          1.00270          5.29409
    5          0.00000          7.52240         -9.34403         -2.11148         -5.28953          1.00573          9.46542
    6          0.00000          7.52240         -9.34403         -0.98708         -3.69763          0.74365         12.18173
    7          0.00000         16.85409        -10.75972         -2.12890         -4.72113          1.45289         20.76378
    8          0.00000         16.85409        -10.75972         -2.22331         -4.15345          1.30079         21.23705
    9          0.00000         18.11214        -10.89049         -0.70449         -2.81791          0.80222         25.48023
   10          0.00000         18.11214        -10.89049         -0.69381         -3.40442          0.96034         24.90441
   11          0.00000         20.58782        -10.92057         -3.40571         -5.70428          1.72811         22.39841
   12          0.00000         20.58782        -10.92058         -1.05918         -3.93525          1.33945         26.51396
   13          0.00000         21.04210        -10.83968         -1.44640         -4.84579          1.35314         25.58959
   14          0.00000         21.04210        -10.83968         -0.01601         -0.61901          0.19366         31.24677
   15          0.00000         29.37875        -10.50987         -0.45031         -2.23379          0.81370         37.20451
   16          0.00000         29.37877        -10.50988         -1.82774         -6.22372          2.02819         31.83718
   17          0.00000         32.44408        -11.39375         -2.14239         -4.51095          1.70753         37.18449
   18          0.00000         32.44408        -11.39375         -2.15821         -4.91800          1.84654         36.76161
   19          0.00000         34.27254         -9.59921         -6.95747         -5.63514          2.83166         31.27913
   20          0.00000         34.27256         -9.59918         -2.60671         -5.98139          2.25632         35.28363
   21          0.00000         37.50199         -8.59154         -1.89922         -6.25630          2.28518         37.93801
   22          0.00000         37.50199         -8.59154         -1.94599         -5.99132          2.29347         38.15622
   23          0.00000        112.29727         -9.66705        -33.24917        -46.02490         25.98797         42.69025
   24          0.00000        112.29727         -9.66705        -32.73696        -55.44056         25.46680         33.78680
   25          0.00000        127.99819         -8.49767       -128.20285        -80.46465         -6.28590        -72.17164
   26          0.00000        127.99831         -8.49757        -26.02068        -62.34131         31.14352         48.13389

spin  1, k-point   42: (0.25000, 0.50000, 0.50000) 
----------------------------------------------------------------------------------------------------------------------------
State              occ             e_mf             v_xc            v_exx           ReSigc           ImSigc             e_qp
----------------------------------------------------------------------------------------------------------------------------
    1          2.00000         -2.86108        -10.81794         -1.66832        -18.73470          2.32484        -12.44616
    2          2.00000         -0.00280        -10.77890         -1.61509        -12.54070          1.60479         -3.37969
    3          2.00000          2.85933        -10.22910         -1.20481         -7.12482          0.92759          4.75881
    4          2.00000          4.23357        -10.80118         -1.27254         -8.12364          1.04388          5.63856
    5          0.00000          8.36364         -9.64310         -1.52023         -4.36002          0.93961         12.12649
    6          0.00000         11.46322        -10.07726         -1.31493         -3.91913          0.98891         16.30641
    7          0.00000         12.54686        -10.65892         -2.09031         -4.55953          1.25155         16.55594
    8          0.00000         12.81080        -10.48205         -1.24791         -3.88252          1.04870         18.16243
    9          0.00000         17.54453        -10.55274         -1.99802         -4.44091          1.34910         21.65834
   10          0.00000         18.04929        -10.73587         -0.91014         -3.39708          0.99613         24.47793
   11          0.00000         20.10470        -10.98063         -2.27875         -4.57316          1.48893         24.23342
   12          0.00000         20.12885        -10.88596         -1.06600         -3.49192          1.07789         26.45689
   13          0.00000         25.53207        -10.41257         -1.40816         -5.13025          1.70648         29.40623
   14          0.00000         25.93297        -10.93270         -1.39103         -4.25211          1.42043         31.22253
   15          0.00000         26.50860        -11.04454         -1.07629         -3.32432          1.06211         33.15252
   16          0.00000         27.41879        -10.09553         -1.38571         -3.93805          1.34552         32.19056
   17          0.00000         29.26042        -10.36919         -2.54276         -4.72846          1.88270         32.35840
   18          0.00000         31.57104        -10.74474         -1.42629         -5.21976          1.82898         35.66973
   19          0.00000         32.77361        -11.27360         -2.09990         -4.68659          1.75351         37.26073
   20          0.00000         37.64414         -9.94558         -3.17660         -5.51238          2.42923         38.90074
   21          0.00000         43.37743         -8.78219         -2.52506         -8.36672          3.34931         41.26784
   22          0.00000         46.85529         -8.31089         -6.66734         -9.44266          4.77799         39.05618
   23          0.00000         93.23360         -8.52701        -24.96545        -45.42037         19.48285         31.37480
   24          0.00000        105.50423         -9.03807        -30.58025        -58.06404         22.58854         25.89801
   25          0.00000        116.12146         -8.58773        -52.90861       -101.11185          6.89611        -29.31126
   26          0.00000        136.19953         -9.08466       -133.08651        -69.87157         -5.48584        -57.67389

spin  1, k-point   43: (0.50000, 0.50000, 0.50000) 
----------------------------------------------------------------------------------------------------------------------------
State              occ             e_mf             v_xc            v_exx           ReSigc           ImSigc             e_qp
----------------------------------------------------------------------------------------------------------------------------
    1          2.00000         -3.24597        -10.89501         -1.73138        -20.07806          2.46055        -14.16039
    2          2.00000         -0.60442        -10.18709         -1.28098        -13.69390          1.75651         -5.39221
    3          2.00000          5.24068        -11.14639         -1.37703         -7.82267          1.03376          7.18737
    4          2.00000          5.24068        -11.14639         -1.46549         -6.26241          1.02459          8.65917
    5          0.00000          8.10635        -10.16833         -2.39322         -7.31830          1.23715          8.56316
    6          0.00000         10.17233        -10.09528         -1.19417         -3.75153          0.91679         15.32192
    7          0.00000         10.17233        -10.09528         -1.05090         -3.07807          0.77523         16.13865
    8          0.00000         17.54714        -10.43599         -2.36786         -6.02542          1.69193         19.58984
    9          0.00000         18.00411        -10.74666         -0.67153         -3.07284          0.85565         25.00640
   10          0.00000         18.00411        -10.74666         -0.67273         -3.00539          0.84637         25.07265
   11          0.00000         18.35794        -10.12175         -2.27318         -4.09596          1.33099         22.11056
   12          0.00000         19.73062        -10.83902         -1.36586         -3.19255          0.99569         26.01123
   13          0.00000         19.73062        -10.83902         -1.33098         -3.44761          1.09900         25.79106
   14          0.00000         26.53272        -10.66032         -2.28029         -6.37060          2.23036         28.54215
   15          0.00000         28.45919         -9.87907         -2.69278         -6.00940          2.29307         29.63608
   16          0.00000         29.64895        -11.06737         -1.19237         -4.46274          1.47484         35.06121
   17          0.00000         29.64895        -11.06737         -1.11333         -3.24808          1.05060         36.35491
   18          0.00000         33.61285        -11.46380         -2.12357         -4.77419          1.80050         38.17890
   19          0.00000         33.61285        -11.46380         -2.17495         -5.26938          2.00813         37.63234
   20          0.00000         36.43095         -8.38342         -1.94104         -4.46979          1.90517         38.40353
   21          0.00000         62.18153         -8.74398         -5.76945        -15.93360          7.94176         49.22245
   22          0.00000         62.18153         -8.74398         -5.87090        -18.22671          7.92221         46.82790
   23          0.00000         73.25900         -8.77324        -14.63171        -22.24982         12.19232         45.15070
   24          0.00000         73.25900         -8.77324        -15.09145        -27.66601         13.34188         39.27478
   25          0.00000        106.59377         -7.80404        -51.77663       -118.94553          2.08001        -56.32434
   26          0.00000        145.62642         -8.49134       -181.61412        -90.83338        -17.08190       -118.32973

spin  1, k-point   44: (0.75000, 0.50000, 0.50000) 
----------------------------------------------------------------------------------------------------------------------------
State              occ             e_mf             v_xc            v_exx           ReSigc           ImSigc             e_qp
----------------------------------------------------------------------------------------------------------------------------
    1          2.00000         -2.86108        -10.81794         -1.66832        -18.73470          2.32484        -12.44616
    2          2.00000         -0.00280        -10.77890         -1.61509        -12.54070          1.60479         -3.37969
    3          2.00000          2.85933        -10.22910         -1.20481         -7.12482          0.92759          4.75881
    4          2.00000          4.23357        -10.80118         -1.27254         -8.12364          1.04388          5.63856
    5          0.00000          8.36364         -9.64310         -1.52023         -4.36002          0.93961         12.12649
    6          0.00000         11.46322        -10.07726         -1.31493         -3.91913          0.98891         16.30641
    7          0.00000         12.54686        -10.65892         -2.09031         -4.55953          1.25155         16.55594
    8          0.00000         12.81080        -10.48205         -1.24791         -3.88252          1.04870         18.16243
    9          0.00000         17.54453        -10.55274         -1.99802         -4.44091          1.34910         21.65834
   10          0.00000         18.04929        -10.73587         -0.91014         -3.39708          0.99613         24.47793
   11          0.00000         20.10470        -10.98063         -2.27875         -4.57316          1.48893         24.23342
   12          0.00000         20.12885        -10.88596         -1.06600         -3.49192          1.07789         26.45689
   13          0.00000         25.53207        -10.41257         -1.40816         -5.13025          1.70648         29.40623
   14          0.00000         25.93297        -10.93270         -1.39103         -4.25211          1.42043         31.22253
   15          0.00000         26.50860        -11.04454         -1.07629         -3.32432          1.06211         33.15252
   16          0.00000         27.41879        -10.09553         -1.38571         -3.93805          1.34552         32.19056
   17          0.00000         29.26042        -10.36919         -2.54276         -4.72846          1.88270         32.35840
   18          0.00000         31.57104        -10.74474         -1.42629         -5.21976          1.82898         35.66973
   19          0.00000         32.77361        -11.27360         -2.09990         -4.68659          1.75351         37.26073
   20          0.00000         37.64414         -9.94558         -3.17660         -5.51238          2.42923         38.90074
   21          0.00000         43.37743         -8.78219         -2.52506         -8.36672          3.34931         41.26784
   22          0.00000         46.85529         -8.31089         -6.66734         -9.44266          4.77799         39.05618
   23          0.00000         93.23360         -8.52701        -24.96545        -45.42037         19.48285         31.37480
   24          0.00000        105.50423         -9.03807        -30.58025        -58.06404         22.58854         25.89801
   25          0.00000        116.12146         -8.58773        -52.90861       -101.11185          6.89611        -29.31126
   26          0.00000        136.19953         -9.08466       -133.08651        -69.87157         -5.48584        -57.67389

spin  1, k-point   45: (0.00000, 0.75000, 0.50000) 
----------------------------------------------------------------------------------------------------------------------------
State              occ             e_mf             v_xc            v_exx           ReSigc           ImSigc             e_qp
----------------------------------------------------------------------------------------------------------------------------
    1          2.00000         -2.86108        -10.81794         -1.65898        -19.05571          2.35106        -12.75784
    2          2.00000         -0.00280        -10.77890         -1.60156        -13.06767          1.67468         -3.89313
    3          2.00000          2.85933        -10.22910         -1.18252         -7.58606          0.99453          4.31986
    4          2.00000          4.23357        -10.80118         -1.31132         -6.37621          0.87051          7.34722
    5          0.00000          8.36364         -9.64310         -1.45640         -4.71105          0.98500         11.83928
    6          0.00000         11.46322        -10.07726         -1.39496         -4.13288          1.04923         16.01264
    7          0.00000         12.54686        -10.65892         -2.09091         -5.42010          1.41869         15.69477
    8          0.00000         12.81080        -10.48205         -1.30372         -3.52879          0.96784         18.46035
    9          0.00000         17.54453        -10.55274         -2.01115         -4.08228          1.27242         22.00384
   10          0.00000         18.04929        -10.73587         -0.91684         -2.96242          0.86855         24.90590
   11          0.00000         20.10470        -10.98063         -2.30724         -5.02084          1.61893         23.75725
   12          0.00000         20.12885        -10.88596         -1.10280         -2.86779          0.89842         27.04421
   13          0.00000         25.53207        -10.41257         -1.42229         -5.29873          1.75176         29.22362
   14          0.00000         25.93297        -10.93270         -1.32300         -4.26353          1.39379         31.27914
   15          0.00000         26.50860        -11.04454         -1.08495         -4.04225          1.29882         32.42594
   16          0.00000         27.41879        -10.09553         -1.30715         -3.70350          1.24867         32.50367
   17          0.00000         29.26042        -10.36919         -2.48617         -5.75657          2.19204         31.38688
   18          0.00000         31.57104        -10.74474         -1.39189         -5.01567          1.76276         35.90822
   19          0.00000         32.77361        -11.27360         -2.21056         -5.08404          1.92585         36.75261
   20          0.00000         37.64414         -9.94558         -3.25431         -5.76202          2.56225         38.57339
   21          0.00000         43.37743         -8.78219         -2.64545         -7.13926          2.90687         42.37492
   22          0.00000         46.85529         -8.31089         -6.70746        -10.99175          5.38652         37.46697
   23          0.00000         93.23360         -8.52701        -25.79415        -50.76753         19.27700         25.19894
   24          0.00000        105.50423         -9.03807        -29.11607        -42.88664         23.13990         42.53959
   25          0.00000        116.12146         -8.58773        -54.97673        -90.77709          7.64715        -21.04463
   26          0.00000        136.19953         -9.08466       -129.71207        -96.03545         -8.61485        -80.46333

spin  1, k-point   46: (0.25000, 0.75000, 0.50000) 
----------------------------------------------------------------------------------------------------------------------------
State              occ             e_mf             v_xc            v_exx           ReSigc           ImSigc             e_qp
----------------------------------------------------------------------------------------------------------------------------
    1          2.00000         -1.26812        -11.00947         -2.90780        -23.31335          2.69703        -16.47980
    2          2.00000         -1.26812        -11.00947         -0.56822         -6.67146          0.88022          2.50167
    3          2.00000          2.53793         -9.97799         -0.89970         -6.24096          0.80663          5.37525
    4          2.00000          2.53793         -9.97799         -1.18464         -7.65342          1.00663          3.67785
    5          0.00000         11.10952         -9.95341         -1.58671         -3.95931          0.99627         15.51691
    6          0.00000         11.10952         -9.95341         -0.35455         -2.49387          0.60079         18.21451
    7          0.00000         12.02198        -10.47432         -2.08435         -4.98494          1.35057         15.42700
    8          0.00000         12.02198        -10.47431         -2.18036         -5.10645          1.27546         15.20948
    9          0.00000         17.43299        -10.78862         -1.58003         -2.62155          0.84730         24.02004
   10          0.00000         17.43299        -10.78862         -1.41475         -3.67317          1.08805         23.13369
   11          0.00000         21.22367        -11.03925         -1.74856         -2.73079          0.94233         27.78356
   12          0.00000         21.22367        -11.03925         -1.85162         -4.95649          1.60039         25.45481
   13          0.00000         26.34497        -11.14482         -1.61211         -4.99707          1.58341         30.88062
   14          0.00000         26.34497        -11.14483         -1.45928         -3.41172          1.22156         32.61880
   15          0.00000         27.35274         -9.30238         -0.80564         -2.48652          0.89115         33.36295
   16          0.00000         27.35275         -9.30239         -1.21835         -3.89288          1.24183         31.54391
   17          0.00000         27.44148        -11.25836         -1.79430         -6.37095          2.01287         30.53459
   18          0.00000         27.44148        -11.25836         -0.98122         -3.29563          1.19431         34.42300
   19          0.00000         34.21149        -10.90902         -2.01011         -4.20786          1.65690         38.90253
   20          0.00000         34.21149        -10.90901         -1.90096         -5.57977          2.04570         37.63978
   21          0.00000         45.76179         -8.30176         -9.09996        -10.29571          5.17359         34.66789
   22          0.00000         45.76183         -8.30162         -2.44121         -5.92748          2.87920         45.69476
   23          0.00000        118.71409         -9.60880       -137.11924        -59.06141         -6.48097        -67.85776
   24          0.00000        118.71433         -9.60879        -30.84626        -95.77411         11.92781          1.70276
   25          0.00000        125.06997         -8.56557        -31.89784        -46.31504         31.03927         55.42266
   26          0.00000        125.07012         -8.56559        -41.87889        -59.95125         27.20560         31.80557

spin  1, k-point   47: (0.50000, 0.75000, 0.50000) 
----------------------------------------------------------------------------------------------------------------------------
State              occ             e_mf             v_xc            v_exx           ReSigc           ImSigc             e_qp
----------------------------------------------------------------------------------------------------------------------------
    1          2.00000         -2.86108        -10.81794         -1.65624        -19.12398          2.36475        -12.82336
    2          2.00000         -0.00280        -10.77890         -1.58644        -13.52632          1.73220         -4.33667
    3          2.00000          2.85933        -10.22910         -1.15170         -7.85164          1.02930          4.08510
    4          2.00000          4.23357        -10.80118         -1.36925         -6.28786          0.86110          7.37764
    5          0.00000          8.36364         -9.64310         -1.37349         -4.50305          0.97050         12.13020
    6          0.00000         11.46322        -10.07726         -1.32764         -3.87546          1.00142         16.33738
    7          0.00000         12.54686        -10.65892         -2.13436         -4.44655          1.24310         16.62487
    8          0.00000         12.81080        -10.48205         -1.36411         -3.46455          0.94919         18.46419
    9          0.00000         17.54453        -10.55274         -2.01500         -3.86550          1.20154         22.21677
   10          0.00000         18.04929        -10.73587         -0.92297         -3.08284          0.90184         24.77934
   11          0.00000         20.10470        -10.98063         -2.30315         -4.74472          1.53987         24.03746
   12          0.00000         20.12885        -10.88596         -1.11913         -3.03436          0.94074         26.86132
   13          0.00000         25.53207        -10.41257         -1.34954         -5.34143          1.77294         29.25367
   14          0.00000         25.93297        -10.93270         -1.33018         -4.81521          1.57585         30.72027
   15          0.00000         26.50860        -11.04454         -1.10191         -3.80790          1.19326         32.64332
   16          0.00000         27.41879        -10.09553         -1.30709         -3.84324          1.33402         32.36399
   17          0.00000         29.26042        -10.36919         -2.55568         -4.54208          1.79707         32.53185
   18          0.00000         31.57104        -10.74474         -1.39686         -4.96015          1.74893         35.95877
   19          0.00000         32.77361        -11.27360         -2.24747         -4.90333          1.84883         36.89641
   20          0.00000         37.64414         -9.94558         -3.11785         -5.15931          2.28853         39.31256
   21          0.00000         43.37743         -8.78219         -2.48281         -6.62445          2.63767         43.05237
   22          0.00000         46.85529         -8.31089         -6.78150        -10.07215          5.05379         38.31252
   23          0.00000         93.23360         -8.52701        -24.55870        -50.53218         19.50372         26.66974
   24          0.00000        105.50423         -9.03807        -28.86847        -50.36287         23.27580         35.31096
   25          0.00000        116.12146         -8.58773        -56.11550        -84.61698          7.60939        -16.02328
   26          0.00000        136.19953         -9.08466       -131.49882        -90.15955         -8.05334        -76.37417

spin  1, k-point   48: (0.75000, 0.75000, 0.50000) 
----------------------------------------------------------------------------------------------------------------------------
State              occ             e_mf             v_xc            v_exx           ReSigc           ImSigc             e_qp
----------------------------------------------------------------------------------------------------------------------------
    1          2.00000         -3.53850        -10.71731         -1.63980        -21.31198          2.56846        -15.77296
    2          2.00000          0.90691        -10.93568         -1.69330        -12.44710          1.59800         -2.29781
    3          2.00000          2.63481        -10.05497         -1.12269         -7.94444          1.04382          3.62265
    4          2.00000          5.10631        -11.04833         -1.32904         -6.07004          1.00516          8.75556
    5          0.00000          9.31447        -10.02074         -1.89758         -5.25082          1.17167         12.18679
    6          0.00000         11.53392        -10.35827         -1.39703         -3.25900          0.87818         17.23616
    7          0.00000         11.79363        -10.41900         -1.29079         -4.72268          1.18168         16.19917
    8          0.00000         13.49998        -10.62910         -2.66027         -6.84000          1.68513         14.62881
    9          0.00000         13.89590        -10.33345         -0.54352         -2.48397          0.64436         21.20187
   10          0.00000         16.84323        -10.36496         -1.71343         -3.68089          1.12684         21.81386
   11          0.00000         20.69468        -11.09984         -1.84837         -4.03845          1.34104         25.90769
   12          0.00000         23.84030        -11.03163         -1.81575         -4.74606          1.60281         28.31011
   13          0.00000         24.49870         -9.45142         -1.01457         -7.27062          2.27617         25.66493
   14          0.00000         24.68001        -10.97832         -0.97952         -3.52074          1.09213         31.15807
   15          0.00000         27.06950        -11.14155         -1.48461         -3.59603          1.20742         33.13041
   16          0.00000         27.85496         -9.90445         -1.87634         -4.95072          1.76450         30.93236
   17          0.00000         28.88722        -10.94538         -1.19657         -4.19967          1.39144         34.43636
   18          0.00000         30.48438        -11.09568         -2.55259         -5.80833          2.19127         33.21914
   19          0.00000         34.35189        -11.45281         -2.08881         -4.86373          1.86500         38.85216
   20          0.00000         39.48798         -9.87706         -3.60227         -5.84443          2.67606         39.91834
   21          0.00000         47.17760         -8.16490         -3.25163         -7.84595          3.73891         44.24491
   22          0.00000         55.22839         -8.70413         -4.47833        -10.23261          5.24401         49.22158
   23          0.00000         85.62334         -8.72049        -19.91273        -19.95017         14.22409         54.48092
   24          0.00000         95.86355         -8.09402        -42.39339        -70.24778          6.97272         -8.68360
   25          0.00000        114.13134         -8.85330        -54.71715        -99.86376          6.37566        -31.59628
   26          0.00000        139.31886         -8.96307       -121.57901        -97.58747         -6.53656        -70.88455

spin  1, k-point   49: (0.00000, 0.00000, 0.75000) 
----------------------------------------------------------------------------------------------------------------------------
State              occ             e_mf             v_xc            v_exx           ReSigc           ImSigc             e_qp
----------------------------------------------------------------------------------------------------------------------------
    1          2.00000         -4.77928        -10.56682         -1.55716        -23.90416          2.76654        -19.67378
    2          2.00000          2.46681        -10.71511         -1.59133         -9.50487          1.24053          2.08571
    3          2.00000          5.67616        -11.18900         -1.40816         -6.18576          1.07887          9.27123
    4          2.00000          5.67616        -11.18900         -1.50112         -7.96570          1.06212          7.39834
    5          0.00000          8.63478        -10.25653         -2.47901         -7.45088          1.31669          8.96141
    6          0.00000         10.17911        -10.31268         -1.35947         -4.03118          0.97817         15.10113
    7          0.00000         10.17911        -10.31268         -1.28032         -3.35743          0.85567         15.85403
    8          0.00000         13.81678        -11.04125         -3.80793         -9.46042          2.05492         11.58968
    9          0.00000         14.75116        -10.46682         -0.57987         -2.36284          0.63277         22.27527
   10          0.00000         14.75116        -10.46682         -0.60386         -2.67030          0.70746         21.94382
   11          0.00000         19.86471         -8.98990         -1.35501         -7.62480          2.12469         19.87481
   12          0.00000         22.88256        -10.04327         -1.39222         -7.93861          2.40497         23.59500
   13          0.00000         23.26860        -10.81753         -1.08424         -3.50734          1.08810         29.49455
   14          0.00000         23.26860        -10.81753         -1.11312         -3.47053          1.08931         29.50248
   15          0.00000         29.52495        -11.09741         -1.35464         -3.85317          1.33080         35.41456
   16          0.00000         29.52495        -11.09741         -1.34409         -3.86498          1.30948         35.41329
   17          0.00000         31.47475        -10.85489         -2.86690         -6.01560          2.29803         33.44713
   18          0.00000         33.94730        -11.45008         -2.26861         -5.50211          2.13110         37.62666
   19          0.00000         33.94730        -11.45008         -2.19558         -5.08890          1.96951         38.11290
   20          0.00000         43.25073         -8.82168         -2.87982        -10.46672          4.31021         38.72587
   21          0.00000         61.37610         -8.90690         -7.25633        -12.01104          6.54156         51.01565
   22          0.00000         61.37610         -8.90690         -8.60017        -22.04716          9.31399         39.63568
   23          0.00000         98.45767         -8.92023        -21.22341        -33.90729         21.30548         52.24720
   24          0.00000         98.45767         -8.92023        -25.17539        -71.12536         14.47327         11.07715
   25          0.00000        104.79874         -8.40792        -69.58621       -106.79870         -1.99333        -63.17825
   26          0.00000        154.04756         -8.52196        -82.61613       -131.26805          2.49510        -51.31467

spin  1, k-point   50: (0.25000, 0.00000, 0.75000) 
----------------------------------------------------------------------------------------------------------------------------
State              occ             e_mf             v_xc            v_exx           ReSigc           ImSigc             e_qp
----------------------------------------------------------------------------------------------------------------------------
    1          2.00000         -3.53850        -10.71731         -1.62250        -20.55659          2.49557        -15.00027
    2          2.00000          0.90691        -10.93568         -1.68130        -11.82914          1.51993         -1.66784
    3          2.00000          2.63481        -10.05497         -1.09759         -7.13574          0.93813          4.45644
    4          2.00000          5.10631        -11.04833         -1.44490         -7.64100          0.97621          7.06874
    5          0.00000          9.31447        -10.02074         -1.76098         -5.46114          1.20485         12.11309
    6          0.00000         11.53392        -10.35827         -1.47800         -3.43016          0.91387         16.98404
    7          0.00000         11.79363        -10.41900         -1.28631         -4.66225          1.17182         16.26408
    8          0.00000         13.49998        -10.62910         -2.74112         -5.94283          1.56877         15.44513
    9          0.00000         13.89590        -10.33345         -0.56234         -2.62468          0.67848         21.04233
   10          0.00000         16.84323        -10.36496         -1.68894         -3.82027          1.16230         21.69897
   11          0.00000         20.69468        -11.09984         -1.80925         -4.24528          1.37924         25.73998
   12          0.00000         23.84030        -11.03163         -1.84248         -4.27688          1.47222         28.75257
   13          0.00000         24.49870         -9.45142         -1.00233         -7.53742          2.31643         25.41037
   14          0.00000         24.68001        -10.97832         -0.99598         -3.57366          1.10490         31.08869
   15          0.00000         27.06950        -11.14155         -1.54670         -3.77573          1.28646         32.88862
   16          0.00000         27.85496         -9.90445         -1.83473         -4.11211          1.49017         31.81257
   17          0.00000         28.88722        -10.94538         -1.12350         -4.43688          1.47343         34.27223
   18          0.00000         30.48438        -11.09568         -2.51828         -5.94975          2.23777         33.11203
   19          0.00000         34.35189        -11.45281         -2.14817         -5.06048          1.96118         38.59606
   20          0.00000         39.48798         -9.87706         -3.64871         -6.04920          2.76362         39.66713
   21          0.00000         47.17760         -8.16490         -3.09164         -7.87273          3.77266         44.37813
   22          0.00000         55.22839         -8.70413         -5.59563        -16.86412          6.94482         41.47277
   23          0.00000         85.62334         -8.72049        -22.46258        -32.06309         15.53096         39.81816
   24          0.00000         95.86355         -8.09402        -42.67812        -69.81300          6.77702         -8.53356
   25          0.00000        114.13134         -8.85330        -53.55941        -94.70135          7.50804        -25.27613
   26          0.00000        139.31886         -8.96307       -118.09549        -86.44058         -3.92963        -56.25414

spin  1, k-point   51: (0.50000, 0.00000, 0.75000) 
----------------------------------------------------------------------------------------------------------------------------
State              occ             e_mf             v_xc            v_exx           ReSigc           ImSigc             e_qp
----------------------------------------------------------------------------------------------------------------------------
    1          2.00000         -2.86108        -10.81794         -1.64546        -17.86859          2.23051        -11.55720
    2          2.00000         -0.00280        -10.77890         -1.60363        -13.00976          1.67101         -3.83729
    3          2.00000          2.85933        -10.22910         -1.21293         -7.38363          0.97130          4.49187
    4          2.00000          4.23357        -10.80118         -1.34974         -7.67716          0.95591          6.00784
    5          0.00000          8.36364         -9.64310         -1.45738         -4.43105          0.97420         12.11830
    6          0.00000         11.46322        -10.07726         -1.26677         -3.93980          0.99785         16.33391
    7          0.00000         12.54686        -10.65892         -2.13619         -5.07910          1.35496         15.99049
    8          0.00000         12.81080        -10.48205         -1.30528         -3.23004          0.88820         18.75753
    9          0.00000         17.54453        -10.55274         -1.96850         -4.21391          1.29523         21.91486
   10          0.00000         18.04929        -10.73587         -0.95622         -2.95113          0.86838         24.87781
   11          0.00000         20.10470        -10.98063         -2.28194         -4.47544          1.47334         24.32795
   12          0.00000         20.12885        -10.88596         -1.14588         -3.05979          0.93333         26.80914
   13          0.00000         25.53207        -10.41257         -1.36567         -5.27796          1.75273         29.30101
   14          0.00000         25.93297        -10.93270         -1.40170         -3.91796          1.31401         31.54600
   15          0.00000         26.50860        -11.04454         -1.08792         -3.34402          1.05257         33.12120
   16          0.00000         27.41879        -10.09553         -1.32114         -3.44143          1.18725         32.75174
   17          0.00000         29.26042        -10.36919         -2.60478         -5.22118          2.02386         31.80365
   18          0.00000         31.57104        -10.74474         -1.41216         -5.36005          1.88703         35.54358
   19          0.00000         32.77361        -11.27360         -2.23912         -4.85163          1.86945         36.95647
   20          0.00000         37.64414         -9.94558         -3.09436         -5.19603          2.27650         39.29933
   21          0.00000         43.37743         -8.78219         -2.92551         -9.04199          3.61104         40.19213
   22          0.00000         46.85529         -8.31089         -6.59236        -10.02572          4.98648         38.54811
   23          0.00000         93.23360         -8.52701        -24.27856        -42.10864         19.94326         35.37342
   24          0.00000        105.50423         -9.03807        -34.51645        -49.43312         21.29073         30.59274
   25          0.00000        116.12146         -8.58773        -53.33170        -82.62211          8.48929        -11.24461
   26          0.00000        136.19953         -9.08466       -128.95688        -76.55137         -5.86615        -60.22405

spin  1, k-point   52: (0.75000, 0.00000, 0.75000) 
----------------------------------------------------------------------------------------------------------------------------
State              occ             e_mf             v_xc            v_exx           ReSigc           ImSigc             e_qp
----------------------------------------------------------------------------------------------------------------------------
    1          2.00000         -4.49597        -10.57953         -1.52295        -23.01988          2.70420        -18.45927
    2          2.00000          2.87515        -11.24421         -1.95878        -10.36720          1.34585          1.79339
    3          2.00000          4.54671        -10.81595         -1.39124         -6.40148          0.90546          7.56995
    4          2.00000          4.54671        -10.81595         -1.35742         -7.56186          0.93785          6.44338
    5          0.00000          7.79317         -9.57197         -1.28245         -4.33932          0.91577         11.74338
    6          0.00000         10.49903        -10.14524         -1.89661         -5.68239          1.30382         13.06528
    7          0.00000         12.37593        -10.71478         -1.50844         -3.62876          0.98360         17.95349
    8          0.00000         12.37593        -10.71478         -1.47747         -4.05376          1.08899         17.55947
    9          0.00000         15.31673        -11.12232         -3.42975         -6.92051          1.92413         16.08880
   10          0.00000         16.37693        -10.63637         -0.59625         -2.74970          0.74200         23.66735
   11          0.00000         21.14876         -8.72512         -1.18491        -10.29685          2.72587         18.39212
   12          0.00000         21.92840        -10.75257         -1.13221         -3.22747          1.00417         28.32128
   13          0.00000         21.92840        -10.75257         -1.11250         -3.74346          1.15247         27.82501
   14          0.00000         25.86964        -10.84634         -1.12097         -4.21212          1.35838         31.38289
   15          0.00000         27.84954        -11.06395         -1.01200         -3.44949          1.08309         34.45199
   16          0.00000         29.33351        -10.95148         -1.89471         -5.23629          1.90769         33.15399
   17          0.00000         31.74290        -11.01979         -2.52630         -5.15955          1.99879         35.07685
   18          0.00000         31.74290        -11.01979         -2.52749         -4.73393          1.80553         35.50127
   19          0.00000         34.49169        -11.26991         -2.54530         -5.83408          2.32104         37.38221
   20          0.00000         45.06782         -9.17538         -3.16742         -8.53363          3.52734         42.54216
   21          0.00000         45.06782         -9.17538         -3.06863         -8.84775          3.77265         42.32682
   22          0.00000         58.89518         -8.57884        -10.17641        -30.57174         10.88270         26.72587
   23          0.00000         78.92188         -8.56556        -16.23298        -62.06920         11.23048          9.18527
   24          0.00000        112.21892         -8.32367        -82.96524        -93.59548         -2.27263        -56.01813
   25          0.00000        136.81429         -8.92929        -44.57541        -71.93187         29.88981         29.23631
   26          0.00000        136.81429         -8.92929        -49.29616       -104.84314         11.91009         -8.39571

spin  1, k-point   53: (0.00000, 0.25000, 0.75000) 
----------------------------------------------------------------------------------------------------------------------------
State              occ             e_mf             v_xc            v_exx           ReSigc           ImSigc             e_qp
----------------------------------------------------------------------------------------------------------------------------
    1          2.00000         -3.53850        -10.71731         -1.60951        -20.82670          2.51966        -15.25739
    2          2.00000          0.90691        -10.93568         -1.70754        -11.52861          1.47651         -1.39357
    3          2.00000          2.63481        -10.05497         -1.11818         -7.02203          0.91689          4.54957
    4          2.00000          5.10631        -11.04833         -1.41616         -6.72236          1.01232          8.01612
    5          0.00000          9.31447        -10.02074         -1.78082         -5.11693          1.13369         12.43745
    6          0.00000         11.53392        -10.35827         -1.43223         -3.56900          0.95719         16.89096
    7          0.00000         11.79363        -10.41900         -1.28425         -4.07421          1.03536         16.85418
    8          0.00000         13.49998        -10.62910         -2.67936         -6.26681          1.65491         15.18291
    9          0.00000         13.89590        -10.33345         -0.54748         -2.51473          0.65078         21.16713
   10          0.00000         16.84323        -10.36496         -1.71794         -3.63347          1.11250         21.85678
   11          0.00000         20.69468        -11.09984         -1.82927         -4.35990          1.37529         25.60535
   12          0.00000         23.84030        -11.03163         -1.84813         -4.38909          1.51396         28.63471
   13          0.00000         24.49870         -9.45142         -1.00224         -8.32379          2.52607         24.62409
   14          0.00000         24.68001        -10.97832         -0.98884         -3.72608          1.16114         30.94342
   15          0.00000         27.06950        -11.14155         -1.53779         -3.95123          1.36075         32.72204
   16          0.00000         27.85496         -9.90445         -1.86607         -4.20896          1.52553         31.68438
   17          0.00000         28.88722        -10.94538         -1.15001         -4.29761          1.40382         34.38499
   18          0.00000         30.48438        -11.09568         -2.55343         -5.65044          2.14916         33.37619
   19          0.00000         34.35189        -11.45281         -2.15338         -5.18913          2.00041         38.46219
   20          0.00000         39.48798         -9.87706         -3.73938         -6.64057          3.00569         38.98509
   21          0.00000         47.17760         -8.16490         -3.21560         -8.46565          4.09356         43.66125
   22          0.00000         55.22839         -8.70413         -4.79475        -15.60919          6.34673         43.52857
   23          0.00000         85.62334         -8.72049        -19.23859        -29.87977         15.95061         45.22546
   24          0.00000         95.86355         -8.09402        -42.39069        -73.40861          6.71784        -11.84173
   25          0.00000        114.13134         -8.85330        -55.72524        -92.79098          7.20706        -25.53158
   26          0.00000        139.31886         -8.96307       -119.97758        -98.05698         -6.02008        -69.75263

spin  1, k-point   54: (0.25000, 0.25000, 0.75000) 
----------------------------------------------------------------------------------------------------------------------------
State              occ             e_mf             v_xc            v_exx           ReSigc           ImSigc             e_qp
----------------------------------------------------------------------------------------------------------------------------
    1          2.00000         -2.86108        -10.81794         -1.65623        -20.24496          2.47917        -13.94433
    2          2.00000         -0.00280        -10.77890         -1.62710        -13.66473          1.74839         -4.51573
    3          2.00000          2.85933        -10.22910         -1.22495         -7.82709          1.02182          4.03639
    4          2.00000          4.23357        -10.80118         -1.24786         -6.04407          0.87205          7.74282
    5          0.00000          8.36364         -9.64310         -1.57701         -4.41028          0.96206         12.01945
    6          0.00000         11.46322        -10.07726         -1.33045         -4.15672          1.04995         16.05330
    7          0.00000         12.54686        -10.65892         -2.05066         -5.59863          1.43982         15.55649
    8          0.00000         12.81080        -10.48205         -1.25023         -3.22177          0.88295         18.82086
    9          0.00000         17.54453        -10.55274         -2.02047         -4.48571          1.36105         21.59109
   10          0.00000         18.04929        -10.73587         -0.91798         -3.13328          0.91298         24.73389
   11          0.00000         20.10470        -10.98063         -2.31234         -5.12027          1.64862         23.65272
   12          0.00000         20.12885        -10.88596         -1.08127         -2.78182          0.85094         27.15171
   13          0.00000         25.53207        -10.41257         -1.46611         -6.89004          2.23964         27.58848
   14          0.00000         25.93297        -10.93270         -1.40372         -3.77619          1.27472         31.68576
   15          0.00000         26.50860        -11.04454         -1.09183         -3.41604          1.08425         33.04527
   16          0.00000         27.41879        -10.09553         -1.39835         -4.79299          1.62321         31.32298
   17          0.00000         29.26042        -10.36919         -2.51394         -5.28665          2.01423         31.82903
   18          0.00000         31.57104        -10.74474         -1.44001         -4.66362          1.66573         36.21216
   19          0.00000         32.77361        -11.27360         -2.14635         -4.79695          1.83414         37.10391
   20          0.00000         37.64414         -9.94558         -3.18961         -5.97754          2.58757         38.42257
   21          0.00000         43.37743         -8.78219         -2.53479         -6.51402          2.80946         43.11082
   22          0.00000         46.85529         -8.31089         -6.61507        -13.45670          5.84279         35.09441
   23          0.00000         93.23360         -8.52701        -27.00522        -52.09744         18.01306         22.65796
   24          0.00000        105.50423         -9.03807        -30.53265        -39.69544         22.91627         44.31420
   25          0.00000        116.12146         -8.58773        -54.04032        -90.04312          7.89337        -19.37425
   26          0.00000        136.19953         -9.08466       -131.09799        -88.44171         -7.94711        -74.25551

spin  1, k-point   55: (0.50000, 0.25000, 0.75000) 
----------------------------------------------------------------------------------------------------------------------------
State              occ             e_mf             v_xc            v_exx           ReSigc           ImSigc             e_qp
----------------------------------------------------------------------------------------------------------------------------
    1          2.00000         -1.26812        -11.00947         -2.90825        -25.51579          2.88346        -18.68269
    2          2.00000         -1.26812        -11.00947         -0.57047         -6.62137          0.87305          2.54951
    3          2.00000          2.53793         -9.97799         -0.89508         -6.87946          0.88986          4.74137
    4          2.00000          2.53793         -9.97799         -1.17861         -6.90270          0.90998          4.43459
    5          0.00000         11.10952         -9.95341         -1.58009         -3.74751          0.92633         15.73533
    6          0.00000         11.10952         -9.95341         -0.36407         -2.55764          0.61273         18.14122
    7          0.00000         12.02198        -10.47432         -2.10228         -5.34429          1.44137         15.04972
    8          0.00000         12.02198        -10.47431         -2.19912         -4.71504          1.22434         15.58214
    9          0.00000         17.43299        -10.78862         -1.61784         -3.03406          0.97950         23.56972
   10          0.00000         17.43299        -10.78862         -1.38464         -4.15983          1.18768         22.67714
   11          0.00000         21.22367        -11.03925         -1.77131         -2.91118          1.01395         27.58042
   12          0.00000         21.22367        -11.03925         -1.83463         -4.86212          1.48626         25.56617
   13          0.00000         26.34497        -11.14482         -1.59123         -4.81063          1.54106         31.08793
   14          0.00000         26.34497        -11.14483         -1.49832         -3.68054          1.33803         32.31095
   15          0.00000         27.35274         -9.30238         -0.81181         -2.42827          0.87948         33.41503
   16          0.00000         27.35275         -9.30239         -1.23946         -4.00057          1.29188         31.41511
   17          0.00000         27.44148        -11.25836         -1.83042         -5.10879          1.65031         31.76063
   18          0.00000         27.44148        -11.25836         -0.99940         -3.47793          1.29214         34.22251
   19          0.00000         34.21149        -10.90902         -1.99558         -4.79400          1.83888         38.33092
   20          0.00000         34.21149        -10.90901         -1.88486         -5.25861          1.92910         37.97703
   21          0.00000         45.76179         -8.30176         -9.04229        -11.05359          5.33464         33.96768
   22          0.00000         45.76183         -8.30162         -2.44373         -5.40850          2.69666         46.21122
   23          0.00000        118.71409         -9.60880       -139.06467        -61.84556         -7.60754        -72.58734
   24          0.00000        118.71433         -9.60879        -31.17105        -91.82318         11.80271          5.32889
   25          0.00000        125.06997         -8.56557        -32.27251        -39.30152         31.10163         62.06152
   26          0.00000        125.07012         -8.56559        -44.84636        -63.29204         24.00859         25.49730

spin  1, k-point   56: (0.75000, 0.25000, 0.75000) 
----------------------------------------------------------------------------------------------------------------------------
State              occ             e_mf             v_xc            v_exx           ReSigc           ImSigc             e_qp
----------------------------------------------------------------------------------------------------------------------------
    1          2.00000         -2.86108        -10.81794         -1.61236        -18.49820          2.29729        -12.15370
    2          2.00000         -0.00280        -10.77890         -1.62895        -13.06559          1.67443         -3.91844
    3          2.00000          2.85933        -10.22910         -1.20463         -7.55541          0.99062          4.32840
    4          2.00000          4.23357        -10.80118         -1.39520         -6.26370          0.86145          7.37585
    5          0.00000          8.36364         -9.64310         -1.36309         -4.41341          0.95416         12.23024
    6          0.00000         11.46322        -10.07726         -1.34378         -3.96889          1.02265         16.22781
    7          0.00000         12.54686        -10.65892         -2.06220         -4.67495          1.26730         16.46863
    8          0.00000         12.81080        -10.48205         -1.29973         -3.30895          0.91262         18.68417
    9          0.00000         17.54453        -10.55274         -1.96995         -3.93592          1.24066         22.19140
   10          0.00000         18.04929        -10.73587         -0.95716         -3.22059          0.94626         24.60740
   11          0.00000         20.10470        -10.98063         -2.30773         -4.79373          1.56477         23.98387
   12          0.00000         20.12885        -10.88596         -1.16057         -3.19202          0.95639         26.66222
   13          0.00000         25.53207        -10.41257         -1.40440         -5.50697          1.84771         29.03327
   14          0.00000         25.93297        -10.93270         -1.33705         -5.13330          1.67718         30.39532
   15          0.00000         26.50860        -11.04454         -1.08779         -3.60683          1.15554         32.85852
   16          0.00000         27.41879        -10.09553         -1.35515         -3.79327          1.31649         32.36590
   17          0.00000         29.26042        -10.36919         -2.50775         -4.42878          1.73895         32.69308
   18          0.00000         31.57104        -10.74474         -1.43173         -4.81837          1.69332         36.06568
   19          0.00000         32.77361        -11.27360         -2.28039         -4.28533          1.65324         37.48150
   20          0.00000         37.64414         -9.94558         -3.13338         -6.26321          2.71067         38.19313
   21          0.00000         43.37743         -8.78219         -2.53089         -7.04087          2.76359         42.58787
   22          0.00000         46.85529         -8.31089         -6.77471         -9.99554          5.00917         38.39593
   23          0.00000         93.23360         -8.52701        -23.43451        -50.59869         19.43912         27.72742
   24          0.00000        105.50423         -9.03807        -28.53288        -54.46439         22.98761         31.54502
   25          0.00000        116.12146         -8.58773        -59.60454        -85.08573          6.77852        -19.98107
   26          0.00000        136.19953         -9.08466       -130.50363        -84.80403         -7.15293        -70.02346

spin  1, k-point   57: (0.00000, 0.50000, 0.75000) 
----------------------------------------------------------------------------------------------------------------------------
State              occ             e_mf             v_xc            v_exx           ReSigc           ImSigc             e_qp
----------------------------------------------------------------------------------------------------------------------------
    1          2.00000         -2.86108        -10.81794         -1.63029        -17.98963          2.23796        -11.66306
    2          2.00000         -0.00280        -10.77890         -1.62332        -13.21812          1.69095         -4.06533
    3          2.00000          2.85933        -10.22910         -1.22948         -7.22689          0.94729          4.63207
    4          2.00000          4.23357        -10.80118         -1.33468         -6.44945          0.87320          7.25061
    5          0.00000          8.36364         -9.64310         -1.45120         -4.72523          0.98622         11.83031
    6          0.00000         11.46322        -10.07726         -1.38127         -4.13534          1.04837         16.02387
    7          0.00000         12.54686        -10.65892         -2.05226         -5.06967          1.34544         16.08386
    8          0.00000         12.81080        -10.48205         -1.25076         -3.30799          0.91334         18.73410
    9          0.00000         17.54453        -10.55274         -1.94789         -4.94348          1.49707         21.20591
   10          0.00000         18.04929        -10.73587         -0.94933         -3.27621          0.96501         24.55961
   11          0.00000         20.10470        -10.98063         -2.28315         -4.71943          1.54730         24.08275
   12          0.00000         20.12885        -10.88596         -1.11561         -3.55137          1.08122         26.34782
   13          0.00000         25.53207        -10.41257         -1.41572         -5.20244          1.73677         29.32648
   14          0.00000         25.93297        -10.93270         -1.34272         -4.36754          1.42761         31.15541
   15          0.00000         26.50860        -11.04454         -1.08226         -3.23773          1.04783         33.23314
   16          0.00000         27.41879        -10.09553         -1.33508         -3.57265          1.20965         32.60659
   17          0.00000         29.26042        -10.36919         -2.45207         -4.79385          1.86030         32.38370
   18          0.00000         31.57104        -10.74474         -1.39319         -5.05428          1.76783         35.86831
   19          0.00000         32.77361        -11.27360         -2.24981         -4.83473          1.87120         36.96268
   20          0.00000         37.64414         -9.94558         -3.26892         -5.55397          2.46254         38.76683
   21          0.00000         43.37743         -8.78219         -2.65394         -7.69907          3.03606         41.80662
   22          0.00000         46.85529         -8.31089         -6.81112        -12.15405          5.77597         36.20102
   23          0.00000         93.23360         -8.52701        -24.25877        -48.69143         19.50529         28.81041
   24          0.00000        105.50423         -9.03807        -28.69502        -54.48392         22.80712         31.36336
   25          0.00000        116.12146         -8.58773        -58.17212        -89.00701          6.80272        -22.46993
   26          0.00000        136.19953         -9.08466       -130.75662        -81.82860         -6.59788        -67.30102

spin  1, k-point   58: (0.25000, 0.50000, 0.75000) 
----------------------------------------------------------------------------------------------------------------------------
State              occ             e_mf             v_xc            v_exx           ReSigc           ImSigc             e_qp
----------------------------------------------------------------------------------------------------------------------------
    1          2.00000         -1.26812        -11.00947         -2.92678        -24.19582          2.77208        -17.38125
    2          2.00000         -1.26812        -11.00947         -0.58012         -6.99657          0.91960          2.16466
    3          2.00000          2.53793         -9.97799         -0.86075         -6.68446          0.87390          4.97071
    4          2.00000          2.53793         -9.97799         -1.18598         -7.43045          0.97454          3.89948
    5          0.00000         11.10952         -9.95341         -1.54931         -4.28982          1.05373         15.22380
    6          0.00000         11.10952         -9.95341         -0.36338         -2.55866          0.61595         18.14089
    7          0.00000         12.02198        -10.47432         -2.18087         -4.73343          1.31385         15.58199
    8          0.00000         12.02198        -10.47431         -2.22876         -5.07318          1.26741         15.19436
    9          0.00000         17.43299        -10.78862         -1.58709         -3.53991          1.09752         23.09461
   10          0.00000         17.43299        -10.78862         -1.38540         -4.87140          1.39139         21.96481
   11          0.00000         21.22367        -11.03925         -1.79507         -3.10831          1.06323         27.35954
   12          0.00000         21.22367        -11.03925         -1.71512         -4.96078          1.58306         25.58702
   13          0.00000         26.34497        -11.14482         -1.59855         -4.74417          1.50353         31.14707
   14          0.00000         26.34497        -11.14483         -1.47359         -3.86009          1.36903         32.15612
   15          0.00000         27.35274         -9.30238         -0.81959         -2.40867          0.86344         33.42685
   16          0.00000         27.35275         -9.30239         -1.23881         -4.07514          1.28893         31.34120
   17          0.00000         27.44148        -11.25836         -1.77565         -5.09733          1.65084         31.82686
   18          0.00000         27.44148        -11.25836         -1.05464         -3.35307          1.22752         34.29214
   19          0.00000         34.21149        -10.90902         -1.97642         -4.74088          1.84218         38.40320
   20          0.00000         34.21149        -10.90901         -1.85880         -4.92898          1.81939         38.33272
   21          0.00000         45.76179         -8.30176         -9.07502         -9.92617          5.03213         35.06236
   22          0.00000         45.76183         -8.30162         -2.49776         -5.35893          2.69439         46.20676
   23          0.00000        118.71409         -9.60880       -140.99954        -61.69161         -7.84996        -74.36825
   24          0.00000        118.71433         -9.60879        -31.15287        -95.31849         12.02558          1.85177
   25          0.00000        125.06997         -8.56557        -32.12618        -41.11522         30.83053         60.39415
   26          0.00000        125.07012         -8.56559        -43.08508        -61.46498         25.41528         29.08564

spin  1, k-point   59: (0.50000, 0.50000, 0.75000) 
----------------------------------------------------------------------------------------------------------------------------
State              occ             e_mf             v_xc            v_exx           ReSigc           ImSigc             e_qp
----------------------------------------------------------------------------------------------------------------------------
    1          2.00000         -2.86108        -10.81794         -1.66602        -19.75287          2.43192        -13.46204
    2          2.00000         -0.00280        -10.77890         -1.62032        -13.96227          1.78714         -4.80649
    3          2.00000          2.85933        -10.22910         -1.21738         -7.73064          1.01603          4.14041
    4          2.00000          4.23357        -10.80118         -1.23466         -6.21838          0.87120          7.58171
    5          0.00000          8.36364         -9.64310         -1.56584         -4.61297          0.99230         11.82793
    6          0.00000         11.46322        -10.07726         -1.32068         -4.10427          1.03373         16.11553
    7          0.00000         12.54686        -10.65892         -2.09997         -5.19414          1.37136         15.91167
    8          0.00000         12.81080        -10.48205         -1.23482         -3.37092          0.91499         18.68711
    9          0.00000         17.54453        -10.55274         -1.98244         -4.78323          1.43601         21.33160
   10          0.00000         18.04929        -10.73587         -0.92779         -3.30534          0.96156         24.55203
   11          0.00000         20.10470        -10.98063         -2.28041         -4.94803          1.60750         23.85690
   12          0.00000         20.12885        -10.88596         -1.10754         -3.17536          0.96976         26.73191
   13          0.00000         25.53207        -10.41257         -1.39221         -6.79909          2.18628         27.75334
   14          0.00000         25.93297        -10.93270         -1.39476         -3.88047          1.30557         31.59044
   15          0.00000         26.50860        -11.04454         -1.06098         -3.07247          0.96480         33.41969
   16          0.00000         27.41879        -10.09553         -1.41684         -4.07043          1.37321         32.02705
   17          0.00000         29.26042        -10.36919         -2.49448         -5.00693          1.93819         32.12821
   18          0.00000         31.57104        -10.74474         -1.46624         -4.41782          1.57114         36.43173
   19          0.00000         32.77361        -11.27360         -2.12760         -4.96287          1.89565         36.95674
   20          0.00000         37.64414         -9.94558         -3.13803         -4.68599          2.11487         39.76570
   21          0.00000         43.37743         -8.78219         -2.47963         -6.43071          2.74489         43.24929
   22          0.00000         46.85529         -8.31089         -6.67788        -12.90182          5.75736         35.58648
   23          0.00000         93.23360         -8.52701        -25.52696        -50.76677         18.84905         25.46688
   24          0.00000        105.50423         -9.03807        -30.37906        -41.00058         22.92454         43.16266
   25          0.00000        116.12146         -8.58773        -53.98978        -90.12483          7.71808        -19.40541
   26          0.00000        136.19953         -9.08466       -134.15819        -87.88600         -8.85660        -76.76000

spin  1, k-point   60: (0.75000, 0.50000, 0.75000) 
----------------------------------------------------------------------------------------------------------------------------
State              occ             e_mf             v_xc            v_exx           ReSigc           ImSigc             e_qp
----------------------------------------------------------------------------------------------------------------------------
    1          2.00000         -3.53850        -10.71731         -1.61325        -20.32036          2.46777        -14.75479
    2          2.00000          0.90691        -10.93568         -1.68590        -12.16573          1.56185         -2.00903
    3          2.00000          2.63481        -10.05497         -1.08122         -7.35391          0.96600          4.25465
    4          2.00000          5.10631        -11.04833         -1.48481         -6.58896          1.00532          8.08087
    5          0.00000          9.31447        -10.02074         -1.69338         -4.96152          1.12745         12.68031
    6          0.00000         11.53392        -10.35827         -1.50829         -3.66064          0.97419         16.72326
    7          0.00000         11.79363        -10.41900         -1.25414         -3.88101          1.00456         17.07748
    8          0.00000         13.49998        -10.62910         -2.71808         -5.35361          1.47293         16.05739
    9          0.00000         13.89590        -10.33345         -0.55552         -2.67157          0.68879         21.00226
   10          0.00000         16.84323        -10.36496         -1.69101         -3.94323          1.20449         21.57395
   11          0.00000         20.69468        -11.09984         -1.76497         -4.93352          1.56219         25.09604
   12          0.00000         23.84030        -11.03163         -1.85592         -4.21431          1.44875         28.80170
   13          0.00000         24.49870         -9.45142         -0.98354         -7.97078          2.41741         24.99581
   14          0.00000         24.68001        -10.97832         -0.99523         -3.58669          1.11219         31.07641
   15          0.00000         27.06950        -11.14155         -1.56261         -4.05287          1.36761         32.59557
   16          0.00000         27.85496         -9.90445         -1.86591         -4.17523          1.53841         31.71828
   17          0.00000         28.88722        -10.94538         -1.11153         -3.78557          1.23656         34.93550
   18          0.00000         30.48438        -11.09568         -2.48463         -5.32706          2.04767         33.76837
   19          0.00000         34.35189        -11.45281         -2.18439         -4.89019          1.87646         38.73012
   20          0.00000         39.48798         -9.87706         -3.68199         -6.21855          2.83506         39.46450
   21          0.00000         47.17760         -8.16490         -3.23998         -7.20512          3.58565         44.89739
   22          0.00000         55.22839         -8.70413         -4.64337        -15.04502          6.11493         44.24414
   23          0.00000         85.62334         -8.72049        -19.14020        -30.93082         16.32915         44.27281
   24          0.00000         95.86355         -8.09402        -42.97169        -73.70045          6.51143        -12.71457
   25          0.00000        114.13134         -8.85330        -55.07045        -94.74472          7.14670        -26.83054
   26          0.00000        139.31886         -8.96307       -121.16409        -85.39048         -4.62562        -58.27264

spin  1, k-point   61: (0.00000, 0.75000, 0.75000) 
----------------------------------------------------------------------------------------------------------------------------
State              occ             e_mf             v_xc            v_exx           ReSigc           ImSigc             e_qp
----------------------------------------------------------------------------------------------------------------------------
    1          2.00000         -4.49597        -10.57953         -1.54023        -22.65701          2.66637        -18.11369
    2          2.00000          2.87515        -11.24421         -2.03625         -9.93745          1.28171          2.14566
    3          2.00000          4.54671        -10.81595         -1.29881         -7.90353          1.00290          6.16033
    4          2.00000          4.54671        -10.81595         -1.33345         -6.72861          0.91373          7.30061
    5          0.00000          7.79317         -9.57197         -1.35735         -4.71886          0.94948         11.28893
    6          0.00000         10.49903        -10.14524         -1.98566         -5.71730          1.27874         12.94132
    7          0.00000         12.37593        -10.71478         -1.42338         -3.89089          1.05852         17.77643
    8          0.00000         12.37593        -10.71478         -1.43425         -4.66227          1.21169         16.99418
    9          0.00000         15.31673        -11.12232         -3.35516         -7.43677          2.01737         15.64712
   10          0.00000         16.37693        -10.63637         -0.57823         -2.64046          0.72263         23.79461
   11          0.00000         21.14876         -8.72512         -1.23111        -10.09968          2.68199         18.54310
   12          0.00000         21.92840        -10.75257         -1.10073         -3.58846          1.11277         27.99178
   13          0.00000         21.92840        -10.75257         -1.13551         -3.77851          1.17415         27.76695
   14          0.00000         25.86964        -10.84634         -1.15873         -3.82417          1.21781         31.73307
   15          0.00000         27.84954        -11.06395         -0.99903         -3.44284          1.10713         34.47162
   16          0.00000         29.33351        -10.95148         -1.86149         -5.86775          2.12618         32.55575
   17          0.00000         31.74290        -11.01979         -2.32663         -4.90191          1.83775         35.53415
   18          0.00000         31.74290        -11.01979         -2.47261         -5.27952          2.02773         35.01057
   19          0.00000         34.49169        -11.26991         -2.64928         -5.64267          2.23801         37.46964
   20          0.00000         45.06782         -9.17538         -3.05133         -7.88041          3.31914         43.31146
   21          0.00000         45.06782         -9.17538         -3.07147         -8.58627          3.64518         42.58546
   22          0.00000         58.89518         -8.57884        -10.41595        -31.09472         10.90832         25.96334
   23          0.00000         78.92188         -8.56556        -17.16305        -64.92018          8.73725          5.40422
   24          0.00000        112.21892         -8.32367        -84.28622        -97.37251         -2.98621        -61.11614
   25          0.00000        136.81429         -8.92929        -43.50127        -69.91257         31.69773         32.32974
   26          0.00000        136.81429         -8.92929        -46.21060       -102.01003         12.41262         -2.47705

spin  1, k-point   62: (0.25000, 0.75000, 0.75000) 
----------------------------------------------------------------------------------------------------------------------------
State              occ             e_mf             v_xc            v_exx           ReSigc           ImSigc             e_qp
----------------------------------------------------------------------------------------------------------------------------
    1          2.00000         -2.86108        -10.81794         -1.66123        -17.39148          2.17090        -11.09585
    2          2.00000         -0.00280        -10.77890         -1.63241        -12.63825          1.62451         -3.49456
    3          2.00000          2.85933        -10.22910         -1.21770         -7.25867          0.94799          4.61207
    4          2.00000          4.23357        -10.80118         -1.28890         -8.34790          1.08024          5.39795
    5          0.00000          8.36364         -9.64310         -1.52228         -4.57513          0.96428         11.90933
    6          0.00000         11.46322        -10.07726         -1.31643         -3.96525          1.00046         16.25880
    7          0.00000         12.54686        -10.65892         -2.08457         -5.37485          1.40171         15.74637
    8          0.00000         12.81080        -10.48205         -1.24544         -4.10686          1.10128         17.94056
    9          0.00000         17.54453        -10.55274         -1.97749         -3.82306          1.19346         22.29672
   10          0.00000         18.04929        -10.73587         -0.92698         -3.12776          0.91686         24.73042
   11          0.00000         20.10470        -10.98063         -2.29951         -4.72003          1.53817         24.06579
   12          0.00000         20.12885        -10.88596         -1.10096         -2.95336          0.90571         26.96048
   13          0.00000         25.53207        -10.41257         -1.41722         -5.27632          1.75135         29.25110
   14          0.00000         25.93297        -10.93270         -1.40390         -4.48266          1.48979         30.97911
   15          0.00000         26.50860        -11.04454         -1.05734         -3.84782          1.24276         32.64798
   16          0.00000         27.41879        -10.09553         -1.36875         -4.11877          1.39987         32.02680
   17          0.00000         29.26042        -10.36919         -2.53705         -5.15282          2.00966         31.93975
   18          0.00000         31.57104        -10.74474         -1.42183         -4.96889          1.75430         35.92507
   19          0.00000         32.77361        -11.27360         -2.09300         -4.55678          1.69637         37.39743
   20          0.00000         37.64414         -9.94558         -3.19961         -5.77852          2.54042         38.61160
   21          0.00000         43.37743         -8.78219         -2.58103         -7.57880          3.06872         41.99979
   22          0.00000         46.85529         -8.31089         -6.87111         -9.22591          4.75871         39.06917
   23          0.00000         93.23360         -8.52701        -25.62005        -47.89550         19.34073         28.24508
   24          0.00000        105.50423         -9.03807        -31.09328        -48.06285         23.26815         35.38617
   25          0.00000        116.12146         -8.58773        -54.97399        -88.41532          7.81659        -18.68011
   26          0.00000        136.19953         -9.08466       -129.91829        -83.40094         -7.03918        -68.03504

spin  1, k-point   63: (0.50000, 0.75000, 0.75000) 
----------------------------------------------------------------------------------------------------------------------------
State              occ             e_mf             v_xc            v_exx           ReSigc           ImSigc             e_qp
----------------------------------------------------------------------------------------------------------------------------
    1          2.00000         -3.53850        -10.71731         -1.63887        -20.46159          2.48703        -14.92165
    2          2.00000          0.90691        -10.93568         -1.70268        -11.37473          1.46154         -1.23482
    3          2.00000          2.63481        -10.05497         -1.11633         -6.99437          0.90961          4.57908
    4          2.00000          5.10631        -11.04833         -1.37302         -8.03305          1.02022          6.74857
    5          0.00000          9.31447        -10.02074         -1.85428         -4.88695          1.10167         12.59398
    6          0.00000         11.53392        -10.35827         -1.40773         -4.20253          1.09138         16.28193
    7          0.00000         11.79363        -10.41900         -1.28298         -4.43558          1.10759         16.49407
    8          0.00000         13.49998        -10.62910         -2.65907         -5.90635          1.58251         15.56366
    9          0.00000         13.89590        -10.33345         -0.54231         -2.66264          0.68894         21.02440
   10          0.00000         16.84323        -10.36496         -1.70773         -3.83486          1.16279         21.66560
   11          0.00000         20.69468        -11.09984         -1.84682         -4.50621          1.43016         25.44148
   12          0.00000         23.84030        -11.03163         -1.85571         -4.00928          1.39545         29.00695
   13          0.00000         24.49870         -9.45142         -0.99792         -7.64116          2.34945         25.31104
   14          0.00000         24.68001        -10.97832         -0.97785         -3.50253          1.08680         31.17796
   15          0.00000         27.06950        -11.14155         -1.48098         -3.91644          1.33658         32.81364
   16          0.00000         27.85496         -9.90445         -1.85881         -4.82662          1.72929         31.07399
   17          0.00000         28.88722        -10.94538         -1.17585         -4.16969          1.35361         34.48706
   18          0.00000         30.48438        -11.09568         -2.53859         -5.71707          2.17834         33.32441
   19          0.00000         34.35189        -11.45281         -2.04961         -4.71802          1.77577         39.03707
   20          0.00000         39.48798         -9.87706         -3.73877         -5.85716          2.71532         39.76911
   21          0.00000         47.17760         -8.16490         -3.27154         -6.01882          3.07058         46.05214
   22          0.00000         55.22839         -8.70413         -4.82223        -16.04670          6.62657         43.06359
   23          0.00000         85.62334         -8.72049        -20.41053        -31.84804         16.55462         42.08526
   24          0.00000         95.86355         -8.09402        -42.43105        -74.44255          6.74685        -12.91603
   25          0.00000        114.13134         -8.85330        -55.57460        -91.35018          7.27056        -23.94014
   26          0.00000        139.31886         -8.96307       -121.01015        -91.44254         -5.27125        -64.17076

spin  1, k-point   64: (0.75000, 0.75000, 0.75000) 
----------------------------------------------------------------------------------------------------------------------------
State              occ             e_mf             v_xc            v_exx           ReSigc           ImSigc             e_qp
----------------------------------------------------------------------------------------------------------------------------
    1          2.00000         -4.77928        -10.56682         -1.57103        -23.67997          2.74436        -19.46347
    2          2.00000          2.46681        -10.71511         -1.61156         -9.49896          1.23774          2.07140
    3          2.00000          5.67616        -11.18900         -1.37981         -7.10200          1.11601          8.38335
    4          2.00000          5.67616        -11.18900         -1.51026         -7.41705          1.09815          7.93784
    5          0.00000          8.63478        -10.25653         -2.50954         -7.15924          1.29956          9.22253
    6          0.00000         10.17911        -10.31268         -1.27588         -3.33212          0.84487         15.88379
    7          0.00000         10.17911        -10.31268         -1.35928         -4.51002          1.07896         14.62249
    8          0.00000         13.81678        -11.04125         -3.74163         -9.02425          2.02323         12.09216
    9          0.00000         14.75116        -10.46682         -0.58871         -2.47072          0.66317         22.15855
   10          0.00000         14.75116        -10.46682         -0.59000         -2.65952          0.70418         21.96846
   11          0.00000         19.86471         -8.98990         -1.35061         -8.09817          2.22688         19.40583
   12          0.00000         22.88256        -10.04327         -1.39416         -7.45800          2.28243         24.07367
   13          0.00000         23.26860        -10.81753         -1.10327         -3.47538          1.08184         29.50747
   14          0.00000         23.26860        -10.81753         -1.09186         -3.66145          1.15302         29.33282
   15          0.00000         29.52495        -11.09741         -1.34154         -4.10499          1.40101         35.17583
   16          0.00000         29.52495        -11.09741         -1.33927         -3.53369          1.18519         35.74940
   17          0.00000         31.47475        -10.85489         -2.94259         -5.62797          2.21524         33.75907
   18          0.00000         33.94730        -11.45008         -2.11920         -4.95004          1.87856         38.32814
   19          0.00000         33.94730        -11.45008         -2.21335         -5.13657          1.95404         38.04747
   20          0.00000         43.25073         -8.82168         -3.27649        -11.61648          4.61801         37.17944
   21          0.00000         61.37610         -8.90690         -7.70980        -15.54121          7.96660         47.03200
   22          0.00000         61.37610         -8.90690         -7.19778        -13.05495          6.85762         50.03027
   23          0.00000         98.45767         -8.92023        -22.49173        -51.35241         21.97360         33.53376
   24          0.00000         98.45767         -8.92023        -21.44124        -59.23043         21.09176         26.70623
   25          0.00000        104.79874         -8.40792        -70.24225       -106.26018         -2.04902        -63.29578
   26          0.00000        154.04756         -8.52196        -86.90217       -131.71621          0.70472        -56.04887

Band k-path file disabled_for_grid_only_sigc_comparison is not found under /data/home/df_iopcas_bhj/ai-runs/librpa-qsgw-rebase-gates-20260715T1910-7d69a18c/inputs/si-k444-headwing-scf-synced-v2-2345960/dataset/, skip band calculation
Finalizing LibRPA global environment at [2026-07-16 23:12:10.424]
Entry                                             #calls       CPU time (s)       Wall time (s)     
----------------------------------------------------------------------------------------------------
Total for driver                                  1            1741.2559          203.2471          
 Driver Read Input Parameters                     1             0.0002             0.0002           
 Driver Read Task-Common Input Data               1             9.2628             9.3443           
  DFT SCF eigenvalues/occupations                 1              0.0017             0.0018          
   api_set_scf_dimension                          1               0.0004             0.0004         
   api_set_wg_ekb_efermi                          1               0.0000             0.0000         
  Structure                                       1              0.0004             0.0005          
   api_set_latvec_and_G                           1               0.0001             0.0001         
   api_set_atoms                                  1               0.0000             0.0000         
  BZ sampling                                     1              0.0010             0.0011          
   api_set_kgrids_kvec                            1               0.0004             0.0004         
   api_set_kq_mapping                             1               0.0002             0.0002         
  Basis (wave-function and auxiliary)             1              0.0005             0.0006          
   api_set_basis_convention                       1               0.0000             0.0000         
   api_set_ao_basis_wfc                           1               0.0000             0.0001         
   api_set_ao_basis_aux                           1               0.0001             0.0001         
  SCF eigenvectors                                1              0.0396             0.0408          
   api_set_wfc                                    64              0.0012             0.0022         
  driver_read_ri                                  1              9.0515             9.1314          
   driver_read_Cs                                 1               8.1768             8.1891         
    handle_Cs_file_dry                            1                4.0585             4.0647        
    handle_Cs_file                                1                4.1125             4.1185        
     api_set_lri_coeff                            53                0.0256             0.0256       
   driver_read_Vq                                 1               0.6929             0.7602         
    handle_Vq_row_file                            1                0.4754             0.5422        
    set_aux_coulomb_k_atom_pair_out               1                0.2149             0.2155        
     api_set_aux_bare_coulomb_k_atom_pair         64                0.1727             0.1732       
 G0W0 quasi-particle calculation                  1             1731.9829          193.8913         
  Load truncated Coulomb                          1              0.6032             0.6043          
   handle_Vq_row_file                             1               0.4770             0.4778         
   set_aux_coulomb_k_atom_pair_out                1               0.1231             0.1235         
    api_set_aux_cut_coulomb_k_atom_pair           64               0.0917             0.0920        
  api_get_imaginary_freq_grids                    1              0.3832             0.0514          
   initialize_ds_tfgrids                          1               0.3827             0.0513         
  cal_head                                        1              0.0249             0.0021          
  Load DFT xc potential                           1              0.0267             0.0022          
  api_build_g0w0_sigma                            1              1724.8318          192.7028        
   initialize_ds_tfgrids                          1               0.4404             0.0368         
   initialize_ds_atpairs_local                    1               0.0013             0.0001         
   redistribute_coulomb_blacs2ap                  1               0.0008             0.0001         
   initialize_ds_headwing                         1               0.0003             0.0000         
   initialize_ds_chi0                             1               0.0013             0.0001         
   Build response function chi0                   1               369.6190           43.1395        
    Loop over LibRI                               1                369.6125           43.1382       
     chi0_libri_routing_set_parallel              1                 0.0078             0.0007       
     Set Cs                                       1                 2.6408             0.4475       
     build_gf_Rt_libri_serial                     12                0.5199             0.0496       
     chi0_set_Gs                                  6                 8.6914             0.7330       
     Call cal_chi0s                               6                 280.9518           23.9397      
     chi0_libri_routing_free_gf                   6                 0.0152             0.0014       
     Collect R blocks                             6                 25.8083            10.5003      
     Cosine transform to R-space                  6                 1.3899             0.3745       
     Delayed Fourier transform                    1                 30.2799            2.6434       
   Build exchange self-energy                     1               61.6297            20.7167        
    initialize_ds_exx                             1                0.0000             0.0000        
    Fourier transform truncated Coulomb           1                3.0186             3.5535        
    g0w0_exx_real_work                            1                58.6104            17.1629       
     Prepare C libRI object                       1                 2.5594             0.3858       
     Prepare V libRI object                       1                 4.2849             2.1155       
      build_real_space_exx_2_1                    1                  0.0557             0.0559      
      build_real_space_exx_2_2                    1                  4.2291             2.0594      
     build_real_space_exx_prepare_index           1                 1.3206             1.3230       
      index_scheduler_init_pairs_unordered_map    1                  0.0000             0.0000      
      index_scheduler_ids_rc                      1                  0.0000             0.0000      
      index_scheduler_compute_map                 1                  0.0000             0.0000      
      index_scheduler_flatten                     1                  0.0000             0.0000      
     Prepare DM libRI object                      1                 0.1886             0.0164       
      exx_build_dmat_libri_kserial                1                  0.0714             0.0066      
      build_real_space_exx_libri_set_Ds           1                  0.1162             0.0097      
     Call libRI Hexx calculation                  1                 40.0601            3.3570       
     build_real_space_exx_5                       1                 0.0066             0.0005       
   Build screened interaction                     1               740.0251           69.5988        
    compute_Wc_freq_q_blacs_init                  1                0.1601             0.0134        
    compute_Wc_freq_q_work                        1                739.7669           69.5772       
     Prepare sqrt of truncated Coulomb            64                145.6708           12.2046      
      Setup libRI object                          64                 1.4961             0.1284      
      libRI Communicate                           64                 7.9009             0.6638      
      Collect 2D-block from IJ                    64                 7.1959             0.6085      
      Perform square root                         64                 128.9398           10.7926     
       power_hemat_blacs_real                     1                   1.3935             0.1167     
        power_hemat_blacs_1                       1                    0.0066             0.0006    
        power_hemat_blacs_2                       1                    1.0817             0.0906    
        power_hemat_blacs_3                       1                    0.0003             0.0000    
        power_hemat_blacs_4                       1                    0.1937             0.0162    
       power_hemat_blacs                          63                  127.4531           10.6680    
        power_hemat_blacs_1                       63                   0.1558             0.0130    
        power_hemat_blacs_2                       63                   117.9227           9.8735    
        power_hemat_blacs_3                       63                   0.9776             0.0819    
        power_hemat_blacs_4                       63                   0.0143             0.0012    
        power_hemat_blacs_5                       63                   6.8801             0.5755    
     Prepare sqrt of bare Coulomb                 64                141.0362           11.8077      
      power_hemat_blacs_real                      1                  1.0802             0.0903      
       power_hemat_blacs_1                        1                   0.0023             0.0002     
       power_hemat_blacs_2                        1                   0.8982             0.0751     
       power_hemat_blacs_3                        1                   0.0002             0.0000     
       power_hemat_blacs_4                        1                   0.1282             0.0107     
      power_hemat_blacs                           63                 124.1087           10.3881     
       power_hemat_blacs_1                        63                  0.1281             0.0106     
       power_hemat_blacs_2                        63                  114.4185           9.5753     
       power_hemat_blacs_3                        63                  0.9553             0.0800     
       power_hemat_blacs_4                        63                  0.0141             0.0012     
       power_hemat_blacs_5                        63                  7.0759             0.5968     
     epsilon_wc_work_q_omega                      384               449.1166           45.2293      
      Prepare Chi0 2D block                       384                118.4144           14.3521     
       epsilon_prepare_chi0_2d_comm_map2          384                 65.5295            9.9125     
       epsilon_prepare_chi0_2d_collect_block      384                 39.9458            3.3476     
      Compute dielectric matrix                   384                64.5059            5.4510      
       epsilon_compute_eps_pgemm_1                384                 32.8414            2.8126     
       epsilon_compute_eps_pgemm_2                384                 30.8068            2.5925     
      epsilon_to_wc                               384                239.8126           21.1599     
       epsilon_solver_coulwc                      384                 209.1284           18.6221    
       Multiply truncated Coulomb                 384                 27.9723            2.3254     
   initialize_ds_g0w0                             1               0.0013             0.0001         
   Build real-space correlation self-energy       1               552.8848           59.1881        
    Tranform Wc (q,w) -> (R,t)                    1                35.9614            4.8268        
     Perform transformation                       1                 16.2062            3.1604       
     Compute balance atom-pairs distribution      1                 0.0066             0.0066       
     index_scheduler_init_pairs_unordered_map     1                 0.0000             0.0000       
     index_scheduler_ids_rc                       1                 0.0000             0.0000       
     index_scheduler_compute_map                  1                 0.0068             0.0068       
     index_scheduler_flatten                      1                 0.0000             0.0000       
     Prepare LibRI Wc object                      6                 19.7389            1.6526       
      fill_ap_map_from_blacs_dist_scheduler       384                1.3935             0.1951      
    Setup LibRI G0W0 object and C data            1                3.0802             0.4088        
    Setup LibRI Wc                                6                24.7817            11.7496       
    Compute G(R,t) and G(R,-t)                    6                0.0917             0.0920        
     g0w0_build_gf_libri_kserial                  6                 0.0912             0.0914       
    Call libRI cal_Sigc                           12               484.3775           40.6077       
    g0w0_build_spacetime_5_clean                  12               1.7855             0.1508        
    Transform Sigc (R,t) -> (R,w)                 6                0.1346             0.0112        
    g0w0_build_spacetime_free_Ws                  6                0.0048             0.0004        
  api_get_exx_pot_kgrid                           1              0.5036             0.0422          
   exx_build_KS_blacs_redist                      1               0.0235             0.0020         
    exx_build_KS_blacs_redist_comm_map2           1                0.0204             0.0017        
   Hexx IJ -> 2D block                            64              0.0909             0.0074         
   Rotate Hexx ij -> KS                           64              0.0848             0.0072         
   Collect Eexx to root process                   64              0.1507             0.0125         
  api_get_g0w0_sigc_kgrid                         1              4.0584             0.3505          
   Correlation self-energy in K-S space           1               1.7790             0.1489         
    g0w0_build_sigc_KS                            1                1.7759             0.1486        
     g0w0_build_sigc_KS_rspace_redist             1                 0.2455             0.0206       
     g0w0_build_sigc_KS_find_bvk                  1                 0.0011             0.0001       
     g0w0_build_sigc_KS_rotate_kserial            1                 1.5260             0.1276       
   Export self-energy in KS basis                 1               2.0619             0.1800         
   Solve quasi-particle equation                  1               0.2114             0.0210         
libRPA finished successfully
