Initialized LibRPA global environment at [2026-07-16 23:18:37.327]
Total number of tasks    :     4
Total number of nodes    :     1
Maximal number of threads:  12
MPI tasks information:
| Proc    0 of Size    4: c2v100m3-2.hpc2
| Proc    1 of Size    4: c2v100m3-2.hpc2
| Proc    2 of Size    4: c2v100m3-2.hpc2
| Proc    3 of Size    4: c2v100m3-2.hpc2
| Global ID of master process of node     0 :     0

LibRPA CMake build info:
| Build type               : RelWithDebInfo
| Source code directory    : /data/home/df_iopcas_bhj/ai-runs/librpa-qsgw-rebase-gates-20260715T1910-7d69a18c/src-candidate-a25e4e43-v1/librpa-a25e4e43/src
| Source code Git reference: GITDIR-NOTFOUND
| Source code Git hash     : GITDIR-NOTFOUND
| C++ compiler             : /data/app/intel/oneapi-2024.2/mpi/2021.13/bin/mpiicpx
| C++ compiler flags       :   -fiopenmp
| Fortran compiler         : /data/app/intel/oneapi-2024.2/mpi/2021.13/bin/mpiifx
| Fortran compiler flags   : 
| GreenX commit hash       : c90d131
| Use LibRI                : ON
| LibRI include directory  : /data/home/df_iopcas_bhj/ai-runs/librpa-qsgw-rebase-gates-20260715T1910-7d69a18c/src-candidate-a25e4e43-v1/librpa-a25e4e43/thirdparty/LibRI/include
| LibComm include directory: /data/home/df_iopcas_bhj/ai-runs/librpa-qsgw-rebase-gates-20260715T1910-7d69a18c/src-candidate-a25e4e43-v1/librpa-a25e4e43/thirdparty/LibComm/include

===== Begin driver parameters  =====
task = qsgw
constants_choice = internal
input_dir = /data/home/df_iopcas_bhj/ai-runs/librpa-qsgw-rebase-gates-20260715T1910-7d69a18c/inputs/si-k444-headwing-scf-synced-v2-2345960/dataset/
prefix_lri_coeff = Cs_data
prefix_lri_coeff_shrink = Cs_shrinked_data
prefix_shrink_sinvS = shrink_sinvS_
prefix_coul_full = coulomb_mat
prefix_coul_cut = coulomb_cut
prefix_eigvecs_scf = KS_eigenvector
fn_stru = stru_out
fn_bz_sampling = bz_sampling_out
fn_basis = basis_out
fn_basis_wfc = basis_wfc_out
fn_basis_aux = basis_aux_out
fn_basis_aux_shrink = basis_aux_shrink_out
fn_eigocc_scf = band_out
fn_dielfunc = dielecfunc_out
fn_vxc_scf = vxc_out
fn_band_kpath_info = band_kpath_info
output_level = info
use_spinor_wfc = false
output_energy_qp = false
output_gw_spec_func = false
output_hamgnn = false
use_pyatb = false
version_coul_reader = -1
version_lri_reader = -1
cs_R_threshold = 1e-06
i_state_low = 0
i_state_high = 999999
qsgw_input_contract = qsgw_input.head-only.contract
qsgw_mixer = none
qsgw_mixing_beta = 0.2
qsgw_min_iter = 2
qsgw_max_iter = 2
qsgw_convergence_tolerance_ev = 0.0001
qsgw_write_iteration_matrices = true
qsgw_update_hartree = false
qsgw_hartree_coulomb = full
qsgw_hartree_normalization = weighted_occupations
===== End driver parameters    =====

===== Begin control parameters =====
output_dir = ./
restart_from_dir = <output_dir>
tfgrids_type = minimax
anacon_tfgrids_type = unset
parallel_routing = libri
rpa_headwing_mode = qavg
nfreq = 6
n_bands_chi0 = -1
n_bands_sigc = -1
n_params_anacon = -1
n_params_anacon_resample = -1
anacon_nfreq = -1
option_qpe_solver = 0
option_dielect_func = 4
option_bvk_remap = 1
rpa_headwing_body_start = 0
qpe_solver_n_iter_max = 10000
libri_chi0_collect_s0_chunk = 0
istate_ref_hedin_shift = -1
ifreq_output_wc_start = 0
ifreq_output_wc_end = -1
libri_chi0_collect_max_bytes = 0
gf_R_threshold = 0
vq_threshold = 0
minimax_emin = -1
minimax_emax = -1
minimax_regulation = 0
sqrt_coulomb_threshold = 0
libri_chi0_threshold_C = 0
libri_chi0_threshold_G = 0
libri_exx_threshold_C = 0
libri_exx_threshold_D = 0
libri_exx_threshold_V = 0
libri_g0w0_threshold_C = 0
libri_g0w0_threshold_G = 0
libri_g0w0_threshold_Wc = 0
qpe_solver_thres = 1e-06
qpe_solver_damp_factor = 0.1
sf_gf_omega_shift = 0.01
sf_sigc_omega_shift = 0.01
debug = false
replace_w_head = true
use_fullcoul_eps = true
use_fullcoul_exx = false
use_fullcoul_wc = false
use_symmetry_exx = false
use_symmetry_gw = false
use_symmetry_rpa = false
output_abacus_gw_gf = false
use_shrink_abfs = false
use_shrink_chi = false
use_scalapack_ecrpa = true
use_scalapack_gw_wc = true
use_cholesky_gw_wc = false
use_gpu_replace_scalapack = false
use_elpa_sqrt_coulomb = false
use_kpara_scf_eigvec = false
read_sigc_mat_rf = false
output_gw_sigc_ks_kf = false
output_gw_sigc_ks_mat_kf = false
output_gw_sigc_mat_kf = false
output_gw_sigc_mat_rf = false
output_gw_sigc_mat_rt = false
output_wc_rf = false
output_wc_rf_atom_pair = true
use_qpe_adaptive_damp = false
use_qpe_legacy_update = false
override_qpe_solver_nan = false
use_hedin_shift = false
===== End control parameters   =====

Mean-field dimensions set:
| number of spins           : 1
| number of k-points        : 64
| number of bands           : 26
| number of NAOs            : 26
| number of spin components : 1
Internal two-level (SCF k-points/matrix block) parallelization for eigenvectors set:
| processes per k-point      : 1
| processes per matrix block : 4
Mean-field eigenvalues and occupation numbers set:
| Minimal transition energy (Ha):       0.0400521258
| Maximal transition energy (Ha):       5.8659208022
| Fermi level               (Ha):       0.2564169102
Reading structure file: /data/home/df_iopcas_bhj/ai-runs/librpa-qsgw-rebase-gates-20260715T1910-7d69a18c/inputs/si-k444-headwing-scf-synced-v2-2345960/dataset/stru_out
Lattice vectors (Bohr): latt
               0         5.13155         5.13155
         5.13155               0         5.13155
         5.13155         5.13155               0
Reciprocal lattice vectors (2PI Bohr^-1): G
      -0.0974364       0.0974364       0.0974364
       0.0974364      -0.0974364       0.0974364
       0.0974364       0.0974364      -0.0974364
Consistency check: latt * G.T
               1               0               0
               0               1               0
               0               0               1
Atom positions read (Cartesian in Bohr | fractional):
ia    1:    0.0000000    0.0000000    0.0000000 |    0.0000000    0.0000000    0.0000000
ia    2:    2.5657622    2.5657622    2.5657622 |    0.2499986    0.2499986    0.2499986

Reading Brillouin zone sampling file: /data/home/df_iopcas_bhj/ai-runs/librpa-qsgw-rebase-gates-20260715T1910-7d69a18c/inputs/si-k444-headwing-scf-synced-v2-2345960/dataset/bz_sampling_out
kgrids:   4   4   4
k-points read (Cartesian in 2Pi Bohr^-1 | fractional):
ik    1:    0.0000000    0.0000000    0.0000000 |    0.0000000    0.0000000    0.0000000
ik    2:   -0.0243591    0.0243591    0.0243591 |    0.2500000    0.0000000    0.0000000
ik    3:   -0.0487182    0.0487182    0.0487182 |    0.5000000    0.0000000    0.0000000
ik    4:   -0.0730773    0.0730773    0.0730773 |    0.7500000    0.0000000    0.0000000
ik    5:    0.0243591   -0.0243591    0.0243591 |    0.0000000    0.2500000    0.0000000
ik    6:    0.0000000    0.0000000    0.0487182 |    0.2500000    0.2500000    0.0000000
ik    7:   -0.0243591    0.0243591    0.0730773 |    0.5000000    0.2500000    0.0000000
ik    8:   -0.0487182    0.0487182    0.0974364 |    0.7500000    0.2500000    0.0000000
ik    9:    0.0487182   -0.0487182    0.0487182 |    0.0000000    0.5000000    0.0000000
ik   10:    0.0243591   -0.0243591    0.0730773 |    0.2500000    0.5000000    0.0000000
ik   11:    0.0000000    0.0000000    0.0974364 |    0.5000000    0.5000000    0.0000000
ik   12:   -0.0243591    0.0243591    0.1217955 |    0.7500000    0.5000000    0.0000000
ik   13:    0.0730773   -0.0730773    0.0730773 |    0.0000000    0.7500000    0.0000000
ik   14:    0.0487182   -0.0487182    0.0974364 |    0.2500000    0.7500000    0.0000000
ik   15:    0.0243591   -0.0243591    0.1217955 |    0.5000000    0.7500000    0.0000000
ik   16:    0.0000000    0.0000000    0.1461546 |    0.7500000    0.7500000    0.0000000
ik   17:    0.0243591    0.0243591   -0.0243591 |    0.0000000    0.0000000    0.2500000
ik   18:    0.0000000    0.0487182    0.0000000 |    0.2500000    0.0000000    0.2500000
ik   19:   -0.0243591    0.0730773    0.0243591 |    0.5000000    0.0000000    0.2500000
ik   20:   -0.0487182    0.0974364    0.0487182 |    0.7500000    0.0000000    0.2500000
ik   21:    0.0487182    0.0000000    0.0000000 |    0.0000000    0.2500000    0.2500000
ik   22:    0.0243591    0.0243591    0.0243591 |    0.2500000    0.2500000    0.2500000
ik   23:    0.0000000    0.0487182    0.0487182 |    0.5000000    0.2500000    0.2500000
ik   24:   -0.0243591    0.0730773    0.0730773 |    0.7500000    0.2500000    0.2500000
ik   25:    0.0730773   -0.0243591    0.0243591 |    0.0000000    0.5000000    0.2500000
ik   26:    0.0487182    0.0000000    0.0487182 |    0.2500000    0.5000000    0.2500000
ik   27:    0.0243591    0.0243591    0.0730773 |    0.5000000    0.5000000    0.2500000
ik   28:    0.0000000    0.0487182    0.0974364 |    0.7500000    0.5000000    0.2500000
ik   29:    0.0974364   -0.0487182    0.0487182 |    0.0000000    0.7500000    0.2500000
ik   30:    0.0730773   -0.0243591    0.0730773 |    0.2500000    0.7500000    0.2500000
ik   31:    0.0487182    0.0000000    0.0974364 |    0.5000000    0.7500000    0.2500000
ik   32:    0.0243591    0.0243591    0.1217955 |    0.7500000    0.7500000    0.2500000
ik   33:    0.0487182    0.0487182   -0.0487182 |    0.0000000    0.0000000    0.5000000
ik   34:    0.0243591    0.0730773   -0.0243591 |    0.2500000    0.0000000    0.5000000
ik   35:    0.0000000    0.0974364    0.0000000 |    0.5000000    0.0000000    0.5000000
ik   36:   -0.0243591    0.1217955    0.0243591 |    0.7500000    0.0000000    0.5000000
ik   37:    0.0730773    0.0243591   -0.0243591 |    0.0000000    0.2500000    0.5000000
ik   38:    0.0487182    0.0487182    0.0000000 |    0.2500000    0.2500000    0.5000000
ik   39:    0.0243591    0.0730773    0.0243591 |    0.5000000    0.2500000    0.5000000
ik   40:    0.0000000    0.0974364    0.0487182 |    0.7500000    0.2500000    0.5000000
ik   41:    0.0974364    0.0000000    0.0000000 |    0.0000000    0.5000000    0.5000000
ik   42:    0.0730773    0.0243591    0.0243591 |    0.2500000    0.5000000    0.5000000
ik   43:    0.0487182    0.0487182    0.0487182 |    0.5000000    0.5000000    0.5000000
ik   44:    0.0243591    0.0730773    0.0730773 |    0.7500000    0.5000000    0.5000000
ik   45:    0.1217955   -0.0243591    0.0243591 |    0.0000000    0.7500000    0.5000000
ik   46:    0.0974364    0.0000000    0.0487182 |    0.2500000    0.7500000    0.5000000
ik   47:    0.0730773    0.0243591    0.0730773 |    0.5000000    0.7500000    0.5000000
ik   48:    0.0487182    0.0487182    0.0974364 |    0.7500000    0.7500000    0.5000000
ik   49:    0.0730773    0.0730773   -0.0730773 |    0.0000000    0.0000000    0.7500000
ik   50:    0.0487182    0.0974364   -0.0487182 |    0.2500000    0.0000000    0.7500000
ik   51:    0.0243591    0.1217955   -0.0243591 |    0.5000000    0.0000000    0.7500000
ik   52:    0.0000000    0.1461546    0.0000000 |    0.7500000    0.0000000    0.7500000
ik   53:    0.0974364    0.0487182   -0.0487182 |    0.0000000    0.2500000    0.7500000
ik   54:    0.0730773    0.0730773   -0.0243591 |    0.2500000    0.2500000    0.7500000
ik   55:    0.0487182    0.0974364    0.0000000 |    0.5000000    0.2500000    0.7500000
ik   56:    0.0243591    0.1217955    0.0243591 |    0.7500000    0.2500000    0.7500000
ik   57:    0.1217955    0.0243591   -0.0243591 |    0.0000000    0.5000000    0.7500000
ik   58:    0.0974364    0.0487182    0.0000000 |    0.2500000    0.5000000    0.7500000
ik   59:    0.0730773    0.0730773    0.0243591 |    0.5000000    0.5000000    0.7500000
ik   60:    0.0487182    0.0974364    0.0487182 |    0.7500000    0.5000000    0.7500000
ik   61:    0.1461546    0.0000000    0.0000000 |    0.0000000    0.7500000    0.7500000
ik   62:    0.1217955    0.0243591    0.0243591 |    0.2500000    0.7500000    0.7500000
ik   63:    0.0974364    0.0487182    0.0487182 |    0.5000000    0.7500000    0.7500000
ik   64:    0.0730773    0.0730773    0.0730773 |    0.7500000    0.7500000    0.7500000
Hint: full k-point list is copied from parsed k-points.
R-points to compute: 64
    1 -     5 : ( -2,  -2,  -2) ( -2,  -2,  -1) ( -2,  -2,   0) ( -2,  -2,   1) ( -2,  -1,  -2)
    6 -    10 : ( -2,  -1,  -1) ( -2,  -1,   0) ( -2,  -1,   1) ( -2,   0,  -2) ( -2,   0,  -1)
   11 -    15 : ( -2,   0,   0) ( -2,   0,   1) ( -2,   1,  -2) ( -2,   1,  -1) ( -2,   1,   0)
   16 -    20 : ( -2,   1,   1) ( -1,  -2,  -2) ( -1,  -2,  -1) ( -1,  -2,   0) ( -1,  -2,   1)
   21 -    25 : ( -1,  -1,  -2) ( -1,  -1,  -1) ( -1,  -1,   0) ( -1,  -1,   1) ( -1,   0,  -2)
   26 -    30 : ( -1,   0,  -1) ( -1,   0,   0) ( -1,   0,   1) ( -1,   1,  -2) ( -1,   1,  -1)
   31 -    35 : ( -1,   1,   0) ( -1,   1,   1) (  0,  -2,  -2) (  0,  -2,  -1) (  0,  -2,   0)
   36 -    40 : (  0,  -2,   1) (  0,  -1,  -2) (  0,  -1,  -1) (  0,  -1,   0) (  0,  -1,   1)
   41 -    45 : (  0,   0,  -2) (  0,   0,  -1) (  0,   0,   0) (  0,   0,   1) (  0,   1,  -2)
   46 -    50 : (  0,   1,  -1) (  0,   1,   0) (  0,   1,   1) (  1,  -2,  -2) (  1,  -2,  -1)
   51 -    55 : (  1,  -2,   0) (  1,  -2,   1) (  1,  -1,  -2) (  1,  -1,  -1) (  1,  -1,   0)
   56 -    60 : (  1,  -1,   1) (  1,   0,  -2) (  1,   0,  -1) (  1,   0,   0) (  1,   0,   1)
   61 -    64 : (  1,   1,  -2) (  1,   1,  -1) (  1,   1,   0) (  1,   1,   1)

SCF k-point to Coulomb q-point mapping:
  ik:          k_1          k_2          k_3      iq
   1:    0.0000000    0.0000000    0.0000000
   2:    0.2500000    0.0000000    0.0000000
   3:    0.5000000    0.0000000    0.0000000
   4:    0.7500000    0.0000000    0.0000000
   5:    0.0000000    0.2500000    0.0000000
   6:    0.2500000    0.2500000    0.0000000
   7:    0.5000000    0.2500000    0.0000000
   8:    0.7500000    0.2500000    0.0000000
   9:    0.0000000    0.5000000    0.0000000
  10:    0.2500000    0.5000000    0.0000000
  11:    0.5000000    0.5000000    0.0000000
  12:    0.7500000    0.5000000    0.0000000
  13:    0.0000000    0.7500000    0.0000000
  14:    0.2500000    0.7500000    0.0000000
  15:    0.5000000    0.7500000    0.0000000
  16:    0.7500000    0.7500000    0.0000000
  17:    0.0000000    0.0000000    0.2500000
  18:    0.2500000    0.0000000    0.2500000
  19:    0.5000000    0.0000000    0.2500000
  20:    0.7500000    0.0000000    0.2500000
  21:    0.0000000    0.2500000    0.2500000
  22:    0.2500000    0.2500000    0.2500000
  23:    0.5000000    0.2500000    0.2500000
  24:    0.7500000    0.2500000    0.2500000
  25:    0.0000000    0.5000000    0.2500000
  26:    0.2500000    0.5000000    0.2500000
  27:    0.5000000    0.5000000    0.2500000
  28:    0.7500000    0.5000000    0.2500000
  29:    0.0000000    0.7500000    0.2500000
  30:    0.2500000    0.7500000    0.2500000
  31:    0.5000000    0.7500000    0.2500000
  32:    0.7500000    0.7500000    0.2500000
  33:    0.0000000    0.0000000    0.5000000
  34:    0.2500000    0.0000000    0.5000000
  35:    0.5000000    0.0000000    0.5000000
  36:    0.7500000    0.0000000    0.5000000
  37:    0.0000000    0.2500000    0.5000000
  38:    0.2500000    0.2500000    0.5000000
  39:    0.5000000    0.2500000    0.5000000
  40:    0.7500000    0.2500000    0.5000000
  41:    0.0000000    0.5000000    0.5000000
  42:    0.2500000    0.5000000    0.5000000
  43:    0.5000000    0.5000000    0.5000000
  44:    0.7500000    0.5000000    0.5000000
  45:    0.0000000    0.7500000    0.5000000
  46:    0.2500000    0.7500000    0.5000000
  47:    0.5000000    0.7500000    0.5000000
  48:    0.7500000    0.7500000    0.5000000
  49:    0.0000000    0.0000000    0.7500000
  50:    0.2500000    0.0000000    0.7500000
  51:    0.5000000    0.0000000    0.7500000
  52:    0.7500000    0.0000000    0.7500000
  53:    0.0000000    0.2500000    0.7500000
  54:    0.2500000    0.2500000    0.7500000
  55:    0.5000000    0.2500000    0.7500000
  56:    0.7500000    0.2500000    0.7500000
  57:    0.0000000    0.5000000    0.7500000
  58:    0.2500000    0.5000000    0.7500000
  59:    0.5000000    0.5000000    0.7500000
  60:    0.7500000    0.5000000    0.7500000
  61:    0.0000000    0.7500000    0.7500000
  62:    0.2500000    0.7500000    0.7500000
  63:    0.5000000    0.7500000    0.7500000
  64:    0.7500000    0.7500000    0.7500000

Reading wave-function basis information file: /data/home/df_iopcas_bhj/ai-runs/librpa-qsgw-rebase-gates-20260715T1910-7d69a18c/inputs/si-k444-headwing-scf-synced-v2-2345960/dataset/basis_wfc_out
Basis convention set:
| Bloch phase      : -1
| Bloch r_atom     : 0
| angular order    : 1
| RSH coeff m < 0  : 1
| RSH coeff m > 0  : 0
Wave-function basis functions set:
| total number of basis: 26
Reading auxiliary basis information file: /data/home/df_iopcas_bhj/ai-runs/librpa-qsgw-rebase-gates-20260715T1910-7d69a18c/inputs/si-k444-headwing-scf-synced-v2-2345960/dataset/basis_aux_out
Auxiliary basis functions set:
| total number of basis: 794

KS eigenvector reader: legacy text
Successfully read eigenvector files
Loading RI file from directory: /data/home/df_iopcas_bhj/ai-runs/librpa-qsgw-rebase-gates-20260715T1910-7d69a18c/inputs/si-k444-headwing-scf-synced-v2-2345960/dataset/
Evenly distributed Cs and V for LibRI
LRI coefficient reader (Cs_data): legacy
Finished Cs filtering
Finished Cs parsing
Coulomb reader (coulomb_mat): legacy
Begin READ_Vq_Row
Begin READ_Vq_Row
ASCII format V files detected
Begin READ_Vq_Row
Begin READ_Vq_Row
| Process     0: coulomb_mat read. Wall/CPU time [min]:       0.0114       0.0114
| Process     1: coulomb_mat read. Wall/CPU time [min]:       0.0055       0.0055
| Process     2: coulomb_mat read. Wall/CPU time [min]:       0.0114       0.0114
| Process     3: coulomb_mat read. Wall/CPU time [min]:       0.0114       0.0114
| Process     0: Cs with             53 non-zero keys from local atpair size       1. Data memory:      28.45 MB. Wall/CPU time [min]:       0.1356       0.1354
| Process     1: Cs with             53 non-zero keys from local atpair size       0. Data memory:      28.45 MB. Wall/CPU time [min]:       0.1359       0.1355
| Process     2: Cs with             52 non-zero keys from local atpair size       1. Data memory:      27.91 MB. Wall/CPU time [min]:       0.1399       0.1397
| Process     3: Cs with             52 non-zero keys from local atpair size       1. Data memory:      27.91 MB. Wall/CPU time [min]:       0.1399       0.1397
Actual parallel routing used: libri
Initialization finished, Wall/CPU time [min]:       0.0000       0.0000
Free memory on node     0 [GB]:  362.904
Common data parsed, task qsgw will begin
qsgw: QSGW
Begin READ_Vq_Row
Coulomb reader (coulomb_cut): legacy
Begin READ_Vq_Row
ASCII format V files detected
Begin READ_Vq_Row
Begin READ_Vq_Row
Reading head/wing input from /data/home/df_iopcas_bhj/ai-runs/librpa-qsgw-rebase-gates-20260715T1910-7d69a18c/inputs/si-k444-headwing-scf-synced-v2-2345960/dataset/pyatb_librpa_df/
KS eigenvector reader: legacy text
* Success: read velocity from pyatb_librpa_df(ABACUS).
Using PyATB head/wing input on the active LibRPA k-list with 64 k-points
Head k matrix (iomega=0): route=full_bz ik=0 k=( 0.000000000000, 0.000000000000, 0.000000000000)
( 1.87457989e+01, 0.00000000e+00) ( 1.07148030e-10, 0.00000000e+00) ( 1.07348086e-10, 0.00000000e+00)
( 1.07148030e-10, 0.00000000e+00) ( 1.87457989e+01, 0.00000000e+00) ( 1.07072347e-10, 0.00000000e+00)
( 1.07348086e-10, 0.00000000e+00) ( 1.07072347e-10, 0.00000000e+00) ( 1.87457989e+01, 0.00000000e+00)
Head k matrix (iomega=0): route=full_bz ik=1 k=( 0.250000000000, 0.000000000000, 0.000000000000)
( 0.00000000e+00, 0.00000000e+00) ( 0.00000000e+00, 0.00000000e+00) ( 0.00000000e+00, 0.00000000e+00)
( 0.00000000e+00, 0.00000000e+00) ( 0.00000000e+00, 0.00000000e+00) ( 0.00000000e+00, 0.00000000e+00)
( 0.00000000e+00, 0.00000000e+00) ( 0.00000000e+00, 0.00000000e+00) ( 0.00000000e+00, 0.00000000e+00)
Head k matrix (iomega=0): route=full_bz ik=2 k=( 0.500000000000, 0.000000000000, 0.000000000000)
( 0.00000000e+00, 0.00000000e+00) ( 0.00000000e+00, 0.00000000e+00) ( 0.00000000e+00, 0.00000000e+00)
( 0.00000000e+00, 0.00000000e+00) ( 0.00000000e+00, 0.00000000e+00) ( 0.00000000e+00, 0.00000000e+00)
( 0.00000000e+00, 0.00000000e+00) ( 0.00000000e+00, 0.00000000e+00) ( 0.00000000e+00, 0.00000000e+00)
Head k matrix (iomega=0): route=full_bz ik=3 k=( 0.750000000000, 0.000000000000, 0.000000000000)
( 0.00000000e+00, 0.00000000e+00) ( 0.00000000e+00, 0.00000000e+00) ( 0.00000000e+00, 0.00000000e+00)
( 0.00000000e+00, 0.00000000e+00) ( 0.00000000e+00, 0.00000000e+00) ( 0.00000000e+00, 0.00000000e+00)
( 0.00000000e+00, 0.00000000e+00) ( 0.00000000e+00, 0.00000000e+00) ( 0.00000000e+00, 0.00000000e+00)
Head k matrix (iomega=0): route=full_bz ik=4 k=( 0.000000000000, 0.250000000000, 0.000000000000)
( 7.25543520e+00, 0.00000000e+00) ( 3.52510148e+00,-5.18893172e-09) (-3.52510116e+00, 9.11504699e-12)
( 3.52510148e+00, 5.18893172e-09) ( 7.25543729e+00, 0.00000000e+00) ( 3.52510136e+00, 5.18940116e-09)
(-3.52510116e+00,-9.11504699e-12) ( 3.52510136e+00,-5.18940116e-09) ( 7.25543291e+00, 0.00000000e+00)
Head k matrix (iomega=0): route=full_bz ik=5 k=( 0.250000000000, 0.250000000000, 0.000000000000)
( 0.00000000e+00, 0.00000000e+00) ( 0.00000000e+00, 0.00000000e+00) ( 0.00000000e+00, 0.00000000e+00)
( 0.00000000e+00, 0.00000000e+00) ( 0.00000000e+00, 0.00000000e+00) ( 0.00000000e+00, 0.00000000e+00)
( 0.00000000e+00, 0.00000000e+00) ( 0.00000000e+00, 0.00000000e+00) ( 0.00000000e+00, 0.00000000e+00)
Head k matrix (iomega=0): route=full_bz ik=6 k=( 0.500000000000, 0.250000000000, 0.000000000000)
( 0.00000000e+00, 0.00000000e+00) ( 0.00000000e+00, 0.00000000e+00) ( 0.00000000e+00, 0.00000000e+00)
( 0.00000000e+00, 0.00000000e+00) ( 0.00000000e+00, 0.00000000e+00) ( 0.00000000e+00, 0.00000000e+00)
( 0.00000000e+00, 0.00000000e+00) ( 0.00000000e+00, 0.00000000e+00) ( 0.00000000e+00, 0.00000000e+00)
Head k matrix (iomega=0): route=full_bz ik=7 k=( 0.750000000000, 0.250000000000, 0.000000000000)
( 0.00000000e+00, 0.00000000e+00) ( 0.00000000e+00, 0.00000000e+00) ( 0.00000000e+00, 0.00000000e+00)
( 0.00000000e+00, 0.00000000e+00) ( 0.00000000e+00, 0.00000000e+00) ( 0.00000000e+00, 0.00000000e+00)
( 0.00000000e+00, 0.00000000e+00) ( 0.00000000e+00, 0.00000000e+00) ( 0.00000000e+00, 0.00000000e+00)
Head k matrix (iomega=0): route=full_bz ik=8 k=( 0.000000000000, 0.500000000000, 0.000000000000)
( 8.20546815e+00, 0.00000000e+00) ( 4.02221217e+00, 8.47537791e-25) (-4.02221128e+00, 4.82959819e-28)
( 4.02221217e+00,-8.47537791e-25) ( 8.20546635e+00, 0.00000000e+00) ( 4.02221218e+00,-8.47399069e-25)
(-4.02221128e+00,-4.82959819e-28) ( 4.02221218e+00, 8.47399069e-25) ( 8.20546815e+00, 0.00000000e+00)
Head k matrix (iomega=0): route=full_bz ik=9 k=( 0.250000000000, 0.500000000000, 0.000000000000)
( 0.00000000e+00, 0.00000000e+00) ( 0.00000000e+00, 0.00000000e+00) ( 0.00000000e+00, 0.00000000e+00)
( 0.00000000e+00, 0.00000000e+00) ( 0.00000000e+00, 0.00000000e+00) ( 0.00000000e+00, 0.00000000e+00)
( 0.00000000e+00, 0.00000000e+00) ( 0.00000000e+00, 0.00000000e+00) ( 0.00000000e+00, 0.00000000e+00)
Head k matrix (iomega=0): route=full_bz ik=10 k=( 0.500000000000, 0.500000000000, 0.000000000000)
( 0.00000000e+00, 0.00000000e+00) ( 0.00000000e+00, 0.00000000e+00) ( 0.00000000e+00, 0.00000000e+00)
( 0.00000000e+00, 0.00000000e+00) ( 0.00000000e+00, 0.00000000e+00) ( 0.00000000e+00, 0.00000000e+00)
( 0.00000000e+00, 0.00000000e+00) ( 0.00000000e+00, 0.00000000e+00) ( 0.00000000e+00, 0.00000000e+00)
Head k matrix (iomega=0): route=full_bz ik=11 k=( 0.750000000000, 0.500000000000, 0.000000000000)
( 0.00000000e+00, 0.00000000e+00) ( 0.00000000e+00, 0.00000000e+00) ( 0.00000000e+00, 0.00000000e+00)
( 0.00000000e+00, 0.00000000e+00) ( 0.00000000e+00, 0.00000000e+00) ( 0.00000000e+00, 0.00000000e+00)
( 0.00000000e+00, 0.00000000e+00) ( 0.00000000e+00, 0.00000000e+00) ( 0.00000000e+00, 0.00000000e+00)
Head k matrix (iomega=0): route=full_bz ik=12 k=( 0.000000000000, 0.750000000000, 0.000000000000)
( 7.25543520e+00, 0.00000000e+00) ( 3.52510148e+00, 5.18893130e-09) (-3.52510116e+00,-9.11844072e-12)
( 3.52510148e+00,-5.18893130e-09) ( 7.25543729e+00, 0.00000000e+00) ( 3.52510136e+00,-5.18939197e-09)
(-3.52510116e+00, 9.11844072e-12) ( 3.52510136e+00, 5.18939197e-09) ( 7.25543291e+00, 0.00000000e+00)
Head k matrix (iomega=0): route=full_bz ik=13 k=( 0.250000000000, 0.750000000000, 0.000000000000)
( 0.00000000e+00, 0.00000000e+00) ( 0.00000000e+00, 0.00000000e+00) ( 0.00000000e+00, 0.00000000e+00)
( 0.00000000e+00, 0.00000000e+00) ( 0.00000000e+00, 0.00000000e+00) ( 0.00000000e+00, 0.00000000e+00)
( 0.00000000e+00, 0.00000000e+00) ( 0.00000000e+00, 0.00000000e+00) ( 0.00000000e+00, 0.00000000e+00)
Head k matrix (iomega=0): route=full_bz ik=14 k=( 0.500000000000, 0.750000000000, 0.000000000000)
( 0.00000000e+00, 0.00000000e+00) ( 0.00000000e+00, 0.00000000e+00) ( 0.00000000e+00, 0.00000000e+00)
( 0.00000000e+00, 0.00000000e+00) ( 0.00000000e+00, 0.00000000e+00) ( 0.00000000e+00, 0.00000000e+00)
( 0.00000000e+00, 0.00000000e+00) ( 0.00000000e+00, 0.00000000e+00) ( 0.00000000e+00, 0.00000000e+00)
Head k matrix (iomega=0): route=full_bz ik=15 k=( 0.750000000000, 0.750000000000, 0.000000000000)
( 0.00000000e+00, 0.00000000e+00) ( 0.00000000e+00, 0.00000000e+00) ( 0.00000000e+00, 0.00000000e+00)
( 0.00000000e+00, 0.00000000e+00) ( 0.00000000e+00, 0.00000000e+00) ( 0.00000000e+00, 0.00000000e+00)
( 0.00000000e+00, 0.00000000e+00) ( 0.00000000e+00, 0.00000000e+00) ( 0.00000000e+00, 0.00000000e+00)
Head k matrix (iomega=0): route=full_bz ik=16 k=( 0.000000000000, 0.000000000000, 0.250000000000)
( 7.25543520e+00, 0.00000000e+00) (-3.52510140e+00,-9.01984968e-12) ( 3.52510123e+00,-5.20709762e-09)
(-3.52510140e+00, 9.01984968e-12) ( 7.25543743e+00, 0.00000000e+00) ( 3.52510136e+00,-5.20664308e-09)
( 3.52510123e+00, 5.20709762e-09) ( 3.52510136e+00, 5.20664308e-09) ( 7.25543276e+00, 0.00000000e+00)
Head k matrix (iomega=0): route=full_bz ik=17 k=( 0.250000000000, 0.000000000000, 0.250000000000)
( 0.00000000e+00, 0.00000000e+00) ( 0.00000000e+00, 0.00000000e+00) ( 0.00000000e+00, 0.00000000e+00)
( 0.00000000e+00, 0.00000000e+00) ( 0.00000000e+00, 0.00000000e+00) ( 0.00000000e+00, 0.00000000e+00)
( 0.00000000e+00, 0.00000000e+00) ( 0.00000000e+00, 0.00000000e+00) ( 0.00000000e+00, 0.00000000e+00)
Head k matrix (iomega=0): route=full_bz ik=18 k=( 0.500000000000, 0.000000000000, 0.250000000000)
( 0.00000000e+00, 0.00000000e+00) ( 0.00000000e+00, 0.00000000e+00) ( 0.00000000e+00, 0.00000000e+00)
( 0.00000000e+00, 0.00000000e+00) ( 0.00000000e+00, 0.00000000e+00) ( 0.00000000e+00, 0.00000000e+00)
( 0.00000000e+00, 0.00000000e+00) ( 0.00000000e+00, 0.00000000e+00) ( 0.00000000e+00, 0.00000000e+00)
Head k matrix (iomega=0): route=full_bz ik=19 k=( 0.750000000000, 0.000000000000, 0.250000000000)
( 0.00000000e+00, 0.00000000e+00) ( 0.00000000e+00, 0.00000000e+00) ( 0.00000000e+00, 0.00000000e+00)
( 0.00000000e+00, 0.00000000e+00) ( 0.00000000e+00, 0.00000000e+00) ( 0.00000000e+00, 0.00000000e+00)
( 0.00000000e+00, 0.00000000e+00) ( 0.00000000e+00, 0.00000000e+00) ( 0.00000000e+00, 0.00000000e+00)
Head k matrix (iomega=0): route=full_bz ik=20 k=( 0.000000000000, 0.250000000000, 0.250000000000)
( 2.22368160e-01, 0.00000000e+00) ( 1.68598627e-10, 2.58231971e-07) ( 1.68602863e-10, 2.58231964e-07)
( 1.68598627e-10,-2.58231971e-07) ( 6.08243981e+00, 0.00000000e+00) ( 1.68584712e-10,-1.99100558e-11)
( 1.68602863e-10,-2.58231964e-07) ( 1.68584712e-10, 1.99100558e-11) ( 6.08242966e+00, 0.00000000e+00)
Head k matrix (iomega=0): route=full_bz ik=21 k=( 0.250000000000, 0.250000000000, 0.250000000000)
( 0.00000000e+00, 0.00000000e+00) ( 0.00000000e+00, 0.00000000e+00) ( 0.00000000e+00, 0.00000000e+00)
( 0.00000000e+00, 0.00000000e+00) ( 0.00000000e+00, 0.00000000e+00) ( 0.00000000e+00, 0.00000000e+00)
( 0.00000000e+00, 0.00000000e+00) ( 0.00000000e+00, 0.00000000e+00) ( 0.00000000e+00, 0.00000000e+00)
Head k matrix (iomega=0): route=full_bz ik=22 k=( 0.500000000000, 0.250000000000, 0.250000000000)
( 0.00000000e+00, 0.00000000e+00) ( 0.00000000e+00, 0.00000000e+00) ( 0.00000000e+00, 0.00000000e+00)
( 0.00000000e+00, 0.00000000e+00) ( 0.00000000e+00, 0.00000000e+00) ( 0.00000000e+00, 0.00000000e+00)
( 0.00000000e+00, 0.00000000e+00) ( 0.00000000e+00, 0.00000000e+00) ( 0.00000000e+00, 0.00000000e+00)
Head k matrix (iomega=0): route=full_bz ik=23 k=( 0.750000000000, 0.250000000000, 0.250000000000)
( 0.00000000e+00, 0.00000000e+00) ( 0.00000000e+00, 0.00000000e+00) ( 0.00000000e+00, 0.00000000e+00)
( 0.00000000e+00, 0.00000000e+00) ( 0.00000000e+00, 0.00000000e+00) ( 0.00000000e+00, 0.00000000e+00)
( 0.00000000e+00, 0.00000000e+00) ( 0.00000000e+00, 0.00000000e+00) ( 0.00000000e+00, 0.00000000e+00)
Head k matrix (iomega=0): route=full_bz ik=24 k=( 0.000000000000, 0.500000000000, 0.250000000000)
( 2.15979167e-01, 0.00000000e+00) ( 2.58753546e-02, 4.32654211e-07) (-2.58740568e-02,-1.92940801e-07)
( 2.58753546e-02,-4.32654211e-07) ( 2.58236655e+00, 0.00000000e+00) ( 2.44162295e+00,-2.05320712e-08)
(-2.58740568e-02, 1.92940801e-07) ( 2.44162295e+00, 2.05320712e-08) ( 2.58236813e+00, 0.00000000e+00)
Head k matrix (iomega=0): route=full_bz ik=25 k=( 0.250000000000, 0.500000000000, 0.250000000000)
( 0.00000000e+00, 0.00000000e+00) ( 0.00000000e+00, 0.00000000e+00) ( 0.00000000e+00, 0.00000000e+00)
( 0.00000000e+00, 0.00000000e+00) ( 0.00000000e+00, 0.00000000e+00) ( 0.00000000e+00, 0.00000000e+00)
( 0.00000000e+00, 0.00000000e+00) ( 0.00000000e+00, 0.00000000e+00) ( 0.00000000e+00, 0.00000000e+00)
Head k matrix (iomega=0): route=full_bz ik=26 k=( 0.500000000000, 0.500000000000, 0.250000000000)
( 0.00000000e+00, 0.00000000e+00) ( 0.00000000e+00, 0.00000000e+00) ( 0.00000000e+00, 0.00000000e+00)
( 0.00000000e+00, 0.00000000e+00) ( 0.00000000e+00, 0.00000000e+00) ( 0.00000000e+00, 0.00000000e+00)
( 0.00000000e+00, 0.00000000e+00) ( 0.00000000e+00, 0.00000000e+00) ( 0.00000000e+00, 0.00000000e+00)
Head k matrix (iomega=0): route=full_bz ik=27 k=( 0.750000000000, 0.500000000000, 0.250000000000)
( 0.00000000e+00, 0.00000000e+00) ( 0.00000000e+00, 0.00000000e+00) ( 0.00000000e+00, 0.00000000e+00)
( 0.00000000e+00, 0.00000000e+00) ( 0.00000000e+00, 0.00000000e+00) ( 0.00000000e+00, 0.00000000e+00)
( 0.00000000e+00, 0.00000000e+00) ( 0.00000000e+00, 0.00000000e+00) ( 0.00000000e+00, 0.00000000e+00)
Head k matrix (iomega=0): route=full_bz ik=28 k=( 0.000000000000, 0.750000000000, 0.250000000000)
( 2.99067602e-01, 0.00000000e+00) (-5.32041483e-08, 1.79278042e-07) (-5.32041479e-08,-1.79273171e-07)
(-5.32041483e-08,-1.79278042e-07) ( 2.48706162e+00, 0.00000000e+00) ( 2.32324070e+00,-3.64661358e-08)
(-5.32041479e-08, 1.79273171e-07) ( 2.32324070e+00, 3.64661358e-08) ( 2.48706174e+00, 0.00000000e+00)
Head k matrix (iomega=0): route=full_bz ik=29 k=( 0.250000000000, 0.750000000000, 0.250000000000)
( 0.00000000e+00, 0.00000000e+00) ( 0.00000000e+00, 0.00000000e+00) ( 0.00000000e+00, 0.00000000e+00)
( 0.00000000e+00, 0.00000000e+00) ( 0.00000000e+00, 0.00000000e+00) ( 0.00000000e+00, 0.00000000e+00)
( 0.00000000e+00, 0.00000000e+00) ( 0.00000000e+00, 0.00000000e+00) ( 0.00000000e+00, 0.00000000e+00)
Head k matrix (iomega=0): route=full_bz ik=30 k=( 0.500000000000, 0.750000000000, 0.250000000000)
( 0.00000000e+00, 0.00000000e+00) ( 0.00000000e+00, 0.00000000e+00) ( 0.00000000e+00, 0.00000000e+00)
( 0.00000000e+00, 0.00000000e+00) ( 0.00000000e+00, 0.00000000e+00) ( 0.00000000e+00, 0.00000000e+00)
( 0.00000000e+00, 0.00000000e+00) ( 0.00000000e+00, 0.00000000e+00) ( 0.00000000e+00, 0.00000000e+00)
Head k matrix (iomega=0): route=full_bz ik=31 k=( 0.750000000000, 0.750000000000, 0.250000000000)
( 0.00000000e+00, 0.00000000e+00) ( 0.00000000e+00, 0.00000000e+00) ( 0.00000000e+00, 0.00000000e+00)
( 0.00000000e+00, 0.00000000e+00) ( 0.00000000e+00, 0.00000000e+00) ( 0.00000000e+00, 0.00000000e+00)
( 0.00000000e+00, 0.00000000e+00) ( 0.00000000e+00, 0.00000000e+00) ( 0.00000000e+00, 0.00000000e+00)
Head k matrix (iomega=0): route=full_bz ik=32 k=( 0.000000000000, 0.000000000000, 0.500000000000)
( 8.20546815e+00, 0.00000000e+00) (-4.02221128e+00,-4.66459774e-28) ( 4.02221218e+00, 8.46571731e-25)
(-4.02221128e+00, 4.66459774e-28) ( 8.20546815e+00, 0.00000000e+00) ( 4.02221218e+00, 8.46731465e-25)
( 4.02221218e+00,-8.46571731e-25) ( 4.02221218e+00,-8.46731465e-25) ( 8.20546635e+00, 0.00000000e+00)
Head k matrix (iomega=0): route=full_bz ik=33 k=( 0.250000000000, 0.000000000000, 0.500000000000)
( 0.00000000e+00, 0.00000000e+00) ( 0.00000000e+00, 0.00000000e+00) ( 0.00000000e+00, 0.00000000e+00)
( 0.00000000e+00, 0.00000000e+00) ( 0.00000000e+00, 0.00000000e+00) ( 0.00000000e+00, 0.00000000e+00)
( 0.00000000e+00, 0.00000000e+00) ( 0.00000000e+00, 0.00000000e+00) ( 0.00000000e+00, 0.00000000e+00)
Head k matrix (iomega=0): route=full_bz ik=34 k=( 0.500000000000, 0.000000000000, 0.500000000000)
( 0.00000000e+00, 0.00000000e+00) ( 0.00000000e+00, 0.00000000e+00) ( 0.00000000e+00, 0.00000000e+00)
( 0.00000000e+00, 0.00000000e+00) ( 0.00000000e+00, 0.00000000e+00) ( 0.00000000e+00, 0.00000000e+00)
( 0.00000000e+00, 0.00000000e+00) ( 0.00000000e+00, 0.00000000e+00) ( 0.00000000e+00, 0.00000000e+00)
Head k matrix (iomega=0): route=full_bz ik=35 k=( 0.750000000000, 0.000000000000, 0.500000000000)
( 0.00000000e+00, 0.00000000e+00) ( 0.00000000e+00, 0.00000000e+00) ( 0.00000000e+00, 0.00000000e+00)
( 0.00000000e+00, 0.00000000e+00) ( 0.00000000e+00, 0.00000000e+00) ( 0.00000000e+00, 0.00000000e+00)
( 0.00000000e+00, 0.00000000e+00) ( 0.00000000e+00, 0.00000000e+00) ( 0.00000000e+00, 0.00000000e+00)
Head k matrix (iomega=0): route=full_bz ik=36 k=( 0.000000000000, 0.250000000000, 0.500000000000)
( 2.15979167e-01, 0.00000000e+00) (-2.58744612e-02,-1.92937953e-07) ( 2.58749502e-02, 4.32657053e-07)
(-2.58744612e-02, 1.92937953e-07) ( 2.58236678e+00, 0.00000000e+00) ( 2.44162295e+00, 2.05178901e-08)
( 2.58749502e-02,-4.32657053e-07) ( 2.44162295e+00,-2.05178901e-08) ( 2.58236791e+00, 0.00000000e+00)
Head k matrix (iomega=0): route=full_bz ik=37 k=( 0.250000000000, 0.250000000000, 0.500000000000)
( 0.00000000e+00, 0.00000000e+00) ( 0.00000000e+00, 0.00000000e+00) ( 0.00000000e+00, 0.00000000e+00)
( 0.00000000e+00, 0.00000000e+00) ( 0.00000000e+00, 0.00000000e+00) ( 0.00000000e+00, 0.00000000e+00)
( 0.00000000e+00, 0.00000000e+00) ( 0.00000000e+00, 0.00000000e+00) ( 0.00000000e+00, 0.00000000e+00)
Head k matrix (iomega=0): route=full_bz ik=38 k=( 0.500000000000, 0.250000000000, 0.500000000000)
( 0.00000000e+00, 0.00000000e+00) ( 0.00000000e+00, 0.00000000e+00) ( 0.00000000e+00, 0.00000000e+00)
( 0.00000000e+00, 0.00000000e+00) ( 0.00000000e+00, 0.00000000e+00) ( 0.00000000e+00, 0.00000000e+00)
( 0.00000000e+00, 0.00000000e+00) ( 0.00000000e+00, 0.00000000e+00) ( 0.00000000e+00, 0.00000000e+00)
Head k matrix (iomega=0): route=full_bz ik=39 k=( 0.750000000000, 0.250000000000, 0.500000000000)
( 0.00000000e+00, 0.00000000e+00) ( 0.00000000e+00, 0.00000000e+00) ( 0.00000000e+00, 0.00000000e+00)
( 0.00000000e+00, 0.00000000e+00) ( 0.00000000e+00, 0.00000000e+00) ( 0.00000000e+00, 0.00000000e+00)
( 0.00000000e+00, 0.00000000e+00) ( 0.00000000e+00, 0.00000000e+00) ( 0.00000000e+00, 0.00000000e+00)
Head k matrix (iomega=0): route=full_bz ik=40 k=( 0.000000000000, 0.500000000000, 0.500000000000)
( 1.21151467e-01, 0.00000000e+00) ( 7.30872097e-11,-1.14280700e-17) ( 7.30987593e-11, 3.46519866e-17)
( 7.30872097e-11, 1.14280700e-17) ( 6.24029346e+00, 0.00000000e+00) ( 7.30220794e-11, 6.37532715e-17)
( 7.30987593e-11,-3.46519866e-17) ( 7.30220794e-11,-6.37532715e-17) ( 6.24029346e+00, 0.00000000e+00)
Head k matrix (iomega=0): route=full_bz ik=41 k=( 0.250000000000, 0.500000000000, 0.500000000000)
( 0.00000000e+00, 0.00000000e+00) ( 0.00000000e+00, 0.00000000e+00) ( 0.00000000e+00, 0.00000000e+00)
( 0.00000000e+00, 0.00000000e+00) ( 0.00000000e+00, 0.00000000e+00) ( 0.00000000e+00, 0.00000000e+00)
( 0.00000000e+00, 0.00000000e+00) ( 0.00000000e+00, 0.00000000e+00) ( 0.00000000e+00, 0.00000000e+00)
Head k matrix (iomega=0): route=full_bz ik=42 k=( 0.500000000000, 0.500000000000, 0.500000000000)
( 0.00000000e+00, 0.00000000e+00) ( 0.00000000e+00, 0.00000000e+00) ( 0.00000000e+00, 0.00000000e+00)
( 0.00000000e+00, 0.00000000e+00) ( 0.00000000e+00, 0.00000000e+00) ( 0.00000000e+00, 0.00000000e+00)
( 0.00000000e+00, 0.00000000e+00) ( 0.00000000e+00, 0.00000000e+00) ( 0.00000000e+00, 0.00000000e+00)
Head k matrix (iomega=0): route=full_bz ik=43 k=( 0.750000000000, 0.500000000000, 0.500000000000)
( 0.00000000e+00, 0.00000000e+00) ( 0.00000000e+00, 0.00000000e+00) ( 0.00000000e+00, 0.00000000e+00)
( 0.00000000e+00, 0.00000000e+00) ( 0.00000000e+00, 0.00000000e+00) ( 0.00000000e+00, 0.00000000e+00)
( 0.00000000e+00, 0.00000000e+00) ( 0.00000000e+00, 0.00000000e+00) ( 0.00000000e+00, 0.00000000e+00)
Head k matrix (iomega=0): route=full_bz ik=44 k=( 0.000000000000, 0.750000000000, 0.500000000000)
( 2.15979167e-01, 0.00000000e+00) (-2.58744612e-02, 1.92937951e-07) ( 2.58749502e-02,-4.32657055e-07)
(-2.58744612e-02,-1.92937951e-07) ( 2.58236678e+00, 0.00000000e+00) ( 2.44162295e+00,-2.05178891e-08)
( 2.58749502e-02, 4.32657055e-07) ( 2.44162295e+00, 2.05178891e-08) ( 2.58236791e+00, 0.00000000e+00)
Head k matrix (iomega=0): route=full_bz ik=45 k=( 0.250000000000, 0.750000000000, 0.500000000000)
( 0.00000000e+00, 0.00000000e+00) ( 0.00000000e+00, 0.00000000e+00) ( 0.00000000e+00, 0.00000000e+00)
( 0.00000000e+00, 0.00000000e+00) ( 0.00000000e+00, 0.00000000e+00) ( 0.00000000e+00, 0.00000000e+00)
( 0.00000000e+00, 0.00000000e+00) ( 0.00000000e+00, 0.00000000e+00) ( 0.00000000e+00, 0.00000000e+00)
Head k matrix (iomega=0): route=full_bz ik=46 k=( 0.500000000000, 0.750000000000, 0.500000000000)
( 0.00000000e+00, 0.00000000e+00) ( 0.00000000e+00, 0.00000000e+00) ( 0.00000000e+00, 0.00000000e+00)
( 0.00000000e+00, 0.00000000e+00) ( 0.00000000e+00, 0.00000000e+00) ( 0.00000000e+00, 0.00000000e+00)
( 0.00000000e+00, 0.00000000e+00) ( 0.00000000e+00, 0.00000000e+00) ( 0.00000000e+00, 0.00000000e+00)
Head k matrix (iomega=0): route=full_bz ik=47 k=( 0.750000000000, 0.750000000000, 0.500000000000)
( 0.00000000e+00, 0.00000000e+00) ( 0.00000000e+00, 0.00000000e+00) ( 0.00000000e+00, 0.00000000e+00)
( 0.00000000e+00, 0.00000000e+00) ( 0.00000000e+00, 0.00000000e+00) ( 0.00000000e+00, 0.00000000e+00)
( 0.00000000e+00, 0.00000000e+00) ( 0.00000000e+00, 0.00000000e+00) ( 0.00000000e+00, 0.00000000e+00)
Head k matrix (iomega=0): route=full_bz ik=48 k=( 0.000000000000, 0.000000000000, 0.750000000000)
( 7.25543520e+00, 0.00000000e+00) (-3.52510140e+00, 9.03378483e-12) ( 3.52510123e+00, 5.20710636e-09)
(-3.52510140e+00,-9.03378483e-12) ( 7.25543743e+00, 0.00000000e+00) ( 3.52510136e+00, 5.20663737e-09)
( 3.52510123e+00,-5.20710636e-09) ( 3.52510136e+00,-5.20663737e-09) ( 7.25543276e+00, 0.00000000e+00)
Head k matrix (iomega=0): route=full_bz ik=49 k=( 0.250000000000, 0.000000000000, 0.750000000000)
( 0.00000000e+00, 0.00000000e+00) ( 0.00000000e+00, 0.00000000e+00) ( 0.00000000e+00, 0.00000000e+00)
( 0.00000000e+00, 0.00000000e+00) ( 0.00000000e+00, 0.00000000e+00) ( 0.00000000e+00, 0.00000000e+00)
( 0.00000000e+00, 0.00000000e+00) ( 0.00000000e+00, 0.00000000e+00) ( 0.00000000e+00, 0.00000000e+00)
Head k matrix (iomega=0): route=full_bz ik=50 k=( 0.500000000000, 0.000000000000, 0.750000000000)
( 0.00000000e+00, 0.00000000e+00) ( 0.00000000e+00, 0.00000000e+00) ( 0.00000000e+00, 0.00000000e+00)
( 0.00000000e+00, 0.00000000e+00) ( 0.00000000e+00, 0.00000000e+00) ( 0.00000000e+00, 0.00000000e+00)
( 0.00000000e+00, 0.00000000e+00) ( 0.00000000e+00, 0.00000000e+00) ( 0.00000000e+00, 0.00000000e+00)
Head k matrix (iomega=0): route=full_bz ik=51 k=( 0.750000000000, 0.000000000000, 0.750000000000)
( 0.00000000e+00, 0.00000000e+00) ( 0.00000000e+00, 0.00000000e+00) ( 0.00000000e+00, 0.00000000e+00)
( 0.00000000e+00, 0.00000000e+00) ( 0.00000000e+00, 0.00000000e+00) ( 0.00000000e+00, 0.00000000e+00)
( 0.00000000e+00, 0.00000000e+00) ( 0.00000000e+00, 0.00000000e+00) ( 0.00000000e+00, 0.00000000e+00)
Head k matrix (iomega=0): route=full_bz ik=52 k=( 0.000000000000, 0.250000000000, 0.750000000000)
( 2.99067602e-01, 0.00000000e+00) (-5.32041431e-08,-1.79278043e-07) (-5.32041434e-08, 1.79273171e-07)
(-5.32041431e-08, 1.79278043e-07) ( 2.48706162e+00, 0.00000000e+00) ( 2.32324070e+00, 3.64661352e-08)
(-5.32041434e-08,-1.79273171e-07) ( 2.32324070e+00,-3.64661352e-08) ( 2.48706174e+00, 0.00000000e+00)
Head k matrix (iomega=0): route=full_bz ik=53 k=( 0.250000000000, 0.250000000000, 0.750000000000)
( 0.00000000e+00, 0.00000000e+00) ( 0.00000000e+00, 0.00000000e+00) ( 0.00000000e+00, 0.00000000e+00)
( 0.00000000e+00, 0.00000000e+00) ( 0.00000000e+00, 0.00000000e+00) ( 0.00000000e+00, 0.00000000e+00)
( 0.00000000e+00, 0.00000000e+00) ( 0.00000000e+00, 0.00000000e+00) ( 0.00000000e+00, 0.00000000e+00)
Head k matrix (iomega=0): route=full_bz ik=54 k=( 0.500000000000, 0.250000000000, 0.750000000000)
( 0.00000000e+00, 0.00000000e+00) ( 0.00000000e+00, 0.00000000e+00) ( 0.00000000e+00, 0.00000000e+00)
( 0.00000000e+00, 0.00000000e+00) ( 0.00000000e+00, 0.00000000e+00) ( 0.00000000e+00, 0.00000000e+00)
( 0.00000000e+00, 0.00000000e+00) ( 0.00000000e+00, 0.00000000e+00) ( 0.00000000e+00, 0.00000000e+00)
Head k matrix (iomega=0): route=full_bz ik=55 k=( 0.750000000000, 0.250000000000, 0.750000000000)
( 0.00000000e+00, 0.00000000e+00) ( 0.00000000e+00, 0.00000000e+00) ( 0.00000000e+00, 0.00000000e+00)
( 0.00000000e+00, 0.00000000e+00) ( 0.00000000e+00, 0.00000000e+00) ( 0.00000000e+00, 0.00000000e+00)
( 0.00000000e+00, 0.00000000e+00) ( 0.00000000e+00, 0.00000000e+00) ( 0.00000000e+00, 0.00000000e+00)
Head k matrix (iomega=0): route=full_bz ik=56 k=( 0.000000000000, 0.500000000000, 0.750000000000)
( 2.15979167e-01, 0.00000000e+00) ( 2.58753546e-02,-4.32654210e-07) (-2.58740568e-02, 1.92940801e-07)
( 2.58753546e-02, 4.32654210e-07) ( 2.58236655e+00, 0.00000000e+00) ( 2.44162295e+00, 2.05320718e-08)
(-2.58740568e-02,-1.92940801e-07) ( 2.44162295e+00,-2.05320718e-08) ( 2.58236813e+00, 0.00000000e+00)
Head k matrix (iomega=0): route=full_bz ik=57 k=( 0.250000000000, 0.500000000000, 0.750000000000)
( 0.00000000e+00, 0.00000000e+00) ( 0.00000000e+00, 0.00000000e+00) ( 0.00000000e+00, 0.00000000e+00)
( 0.00000000e+00, 0.00000000e+00) ( 0.00000000e+00, 0.00000000e+00) ( 0.00000000e+00, 0.00000000e+00)
( 0.00000000e+00, 0.00000000e+00) ( 0.00000000e+00, 0.00000000e+00) ( 0.00000000e+00, 0.00000000e+00)
Head k matrix (iomega=0): route=full_bz ik=58 k=( 0.500000000000, 0.500000000000, 0.750000000000)
( 0.00000000e+00, 0.00000000e+00) ( 0.00000000e+00, 0.00000000e+00) ( 0.00000000e+00, 0.00000000e+00)
( 0.00000000e+00, 0.00000000e+00) ( 0.00000000e+00, 0.00000000e+00) ( 0.00000000e+00, 0.00000000e+00)
( 0.00000000e+00, 0.00000000e+00) ( 0.00000000e+00, 0.00000000e+00) ( 0.00000000e+00, 0.00000000e+00)
Head k matrix (iomega=0): route=full_bz ik=59 k=( 0.750000000000, 0.500000000000, 0.750000000000)
( 0.00000000e+00, 0.00000000e+00) ( 0.00000000e+00, 0.00000000e+00) ( 0.00000000e+00, 0.00000000e+00)
( 0.00000000e+00, 0.00000000e+00) ( 0.00000000e+00, 0.00000000e+00) ( 0.00000000e+00, 0.00000000e+00)
( 0.00000000e+00, 0.00000000e+00) ( 0.00000000e+00, 0.00000000e+00) ( 0.00000000e+00, 0.00000000e+00)
Head k matrix (iomega=0): route=full_bz ik=60 k=( 0.000000000000, 0.750000000000, 0.750000000000)
( 2.22368160e-01, 0.00000000e+00) ( 1.68598702e-10,-2.58231969e-07) ( 1.68603071e-10,-2.58231967e-07)
( 1.68598702e-10, 2.58231969e-07) ( 6.08243981e+00, 0.00000000e+00) ( 1.68698953e-10, 1.98587356e-11)
( 1.68603071e-10, 2.58231967e-07) ( 1.68698953e-10,-1.98587356e-11) ( 6.08242966e+00, 0.00000000e+00)
Head k matrix (iomega=0): route=full_bz ik=61 k=( 0.250000000000, 0.750000000000, 0.750000000000)
( 0.00000000e+00, 0.00000000e+00) ( 0.00000000e+00, 0.00000000e+00) ( 0.00000000e+00, 0.00000000e+00)
( 0.00000000e+00, 0.00000000e+00) ( 0.00000000e+00, 0.00000000e+00) ( 0.00000000e+00, 0.00000000e+00)
( 0.00000000e+00, 0.00000000e+00) ( 0.00000000e+00, 0.00000000e+00) ( 0.00000000e+00, 0.00000000e+00)
Head k matrix (iomega=0): route=full_bz ik=62 k=( 0.500000000000, 0.750000000000, 0.750000000000)
( 0.00000000e+00, 0.00000000e+00) ( 0.00000000e+00, 0.00000000e+00) ( 0.00000000e+00, 0.00000000e+00)
( 0.00000000e+00, 0.00000000e+00) ( 0.00000000e+00, 0.00000000e+00) ( 0.00000000e+00, 0.00000000e+00)
( 0.00000000e+00, 0.00000000e+00) ( 0.00000000e+00, 0.00000000e+00) ( 0.00000000e+00, 0.00000000e+00)
Head k matrix (iomega=0): route=full_bz ik=63 k=( 0.750000000000, 0.750000000000, 0.750000000000)
( 0.00000000e+00, 0.00000000e+00) ( 0.00000000e+00, 0.00000000e+00) ( 0.00000000e+00, 0.00000000e+00)
( 0.00000000e+00, 0.00000000e+00) ( 0.00000000e+00, 0.00000000e+00) ( 0.00000000e+00, 0.00000000e+00)
( 0.00000000e+00, 0.00000000e+00) ( 0.00000000e+00, 0.00000000e+00) ( 0.00000000e+00, 0.00000000e+00)
Freqency node & Head of dielectric function(Re, Im): 
 0      0.01540211     20.70964086      0.00000000
 1      0.05765831     17.63752874      0.00000000
 2      0.14830911      9.94562326      0.00000000
 3      0.38957992      3.32706977      0.00000000
 4      1.13961938      1.33078770      0.00000000
 5      4.09984963      1.02738637      0.00000000
The first freqency head tensor: 
( 20.7096,   0.0000)  (  0.0000,  -0.0000)  (  0.0000,  -0.0000)
(  0.0000,   0.0000)  ( 20.7096,   0.0000)  (  0.0000,  -0.0000)
(  0.0000,   0.0000)  (  0.0000,   0.0000)  ( 20.7096,   0.0000)
Head tensor diagnostics (iomega=0): trace_over_3=(    20.70964086,     0.00000000) max_abs_diag_delta= 1.44763092e-06 max_abs_offdiag= 7.37354202e-10 max_abs_imag= 7.27700898e-15
Grid type: Minimax time-frequency grids
Grid size: 6
Frequency node & weight: 
 0      0.0154021074694624      0.0325158783829468
 1      0.0576583078083294      0.0574841863540000
 2      0.1483091124626021      0.1385553523455900
 3      0.3895799247895522      0.3931414315037015
 4      1.1396193777587351      1.3106382214321504
 5      4.0998496292886184      6.0798430908384429
Time node & weight: 
 0      0.0898564139947099      0.2420367383496208
 1      0.5902626692028188      0.8534511499988635
 2      2.1297844404276378      2.4853952864099660
 3      6.3653173137043808      6.5795858181104458
 4     17.1002153780119563     16.2458511803472909
 5     43.5079540277464787     40.8638705314550563
t->f transform: 

 Cosine transform matrix (row: freq, col: time)
nr = 6, nc = 6
 4.87355e-01 1.69184e+00 5.01432e+00 1.29568e+01 3.18693e+01 6.09146e+01
 4.78297e-01 1.73593e+00 4.82713e+00 1.26618e+01 1.61103e+01 -4.74368e+01
 4.92005e-01 1.65998e+00 4.88255e+00 6.91965e+00 -1.93179e+01 6.77529e+00
 4.75963e-01 1.71065e+00 3.05237e+00 -7.02628e+00 2.26828e+00 -7.30302e-01
 4.95724e-01 1.21879e+00 -2.20334e+00 6.20710e-01 -1.99968e-01 1.23138e-01
 4.17740e-01 -5.14206e-01 1.27698e-01 -5.06346e-02 3.58815e-02 -3.34700e-02

 Sine transform matrix (row: freq, col: time)
nr = 6, nc = 6
 -5.49315e-02 2.85835e-01 -6.86776e-01 3.66055e+00 1.80517e+00 7.38070e+01
 6.35801e-02 -2.40085e-01 1.55818e+00 1.98400e+00 3.53634e+01 1.75268e+01
 -6.12941e-02 4.83320e-01 4.40357e-01 1.41644e+01 6.38629e+00 -1.47709e+01
 9.08718e-02 1.14682e-02 5.05345e+00 2.96288e+00 -5.39201e+00 4.67870e+00
 -3.77744e-02 1.54640e+00 1.24982e+00 -1.78598e+00 1.48342e+00 -1.44005e+00
 2.98252e-01 4.56731e-01 -4.70430e-01 3.83874e-01 -3.57778e-01 3.71466e-01
f->t transform: 

 Cosine transform matrix (row: time, col: freq)
nr = 6, nc = 6
 1.04489e-02 1.79131e-02 4.51635e-02 1.21850e-01 4.28220e-01 1.66090e+00
 1.02741e-02 1.85916e-02 4.30054e-02 1.25449e-01 2.99446e-01 -5.82167e-01
 1.04196e-02 1.78357e-02 4.31290e-02 7.70437e-02 -1.85880e-01 4.94192e-02
 1.02080e-02 1.75389e-02 2.33671e-02 -6.70384e-02 2.01432e-02 -7.03175e-03
 1.01444e-02 9.11399e-03 -2.63435e-02 8.91222e-03 -2.84962e-03 1.97806e-03
 7.71098e-03 -1.06262e-02 3.70511e-03 -1.20272e-03 7.61342e-04 -7.20172e-04

| Number of GFs IJR on Proc    1: 64
Total count of GFs IJR: 256
| Number of GFs IJR on Proc    0: 64
Use LibRI for chi0
| Number of GFs IJR on Proc    2: 64
| Number of GFs IJR on Proc    3: 64
Green's Function sums over all states.
chi0s for time point 0.089856, spin 0. CPU time: 50.594374 (tensor), 0.479398 (trans). Wall time 6.007004
Green's Function sums over all states.
chi0s for time point 0.590263, spin 0. CPU time: 52.686541 (tensor), 0.228246 (trans). Wall time 5.933401
Green's Function sums over all states.
chi0s for time point 2.129784, spin 0. CPU time: 51.988393 (tensor), 0.193553 (trans). Wall time 5.882800
Green's Function sums over all states.
chi0s for time point 6.365317, spin 0. CPU time: 51.675558 (tensor), 0.163183 (trans). Wall time 5.847046
Green's Function sums over all states.
chi0s for time point 17.100215, spin 0. CPU time: 52.368225 (tensor), 0.161631 (trans). Wall time 5.903429
Green's Function sums over all states.
chi0s for time point 43.507954, spin 0. CPU time: 52.361322 (tensor), 0.303486 (trans). Wall time 5.907603

Computing EXX orbital energy using LibRI
Task    0: V setup for EXX
Task    3: V setup for EXX
Task    1: V setup for EXX
Task    2: V setup for EXX
Task    2: DM setup for EXX
Task    1: DM setup for EXX
Task    3: DM setup for EXX
Task    0: DM setup for EXX
Task    2: cal_Hs elapsed time: 3.315431
Task    1: cal_Hs elapsed time: 3.315390
Task    0: cal_Hs elapsed time: 3.315271
Task    3: cal_Hs elapsed time: 3.315378
Calculating Wc using ScaLAPACK
Time for Wc initialization (seconds, Wall/CPU): 0.011641 0.011604
Computing Wc(q), 1 / 64, q=(0.000000, 0.000000, 0.000000)
Time to prepare sqrt root of Coulomb for Wc(q) (seconds, Wall/CPU): 0.501264 5.855083
Time to prepare sqrt root of Coulomb for Epsilon(q) (seconds, Wall/CPU): 0.107811 1.289096
Time for Wc(i_q=1, i_omega=1) (seconds, Wall/CPU): 0.106872 1.239380
Time for Wc(i_q=1, i_omega=2) (seconds, Wall/CPU): 0.107676 1.254183
Time for Wc(i_q=1, i_omega=3) (seconds, Wall/CPU): 0.102900 1.196678
Time for Wc(i_q=1, i_omega=4) (seconds, Wall/CPU): 0.103200 1.199469
Time for Wc(i_q=1, i_omega=5) (seconds, Wall/CPU): 0.104548 1.215988
Time for Wc(i_q=1, i_omega=6) (seconds, Wall/CPU): 0.104328 1.212062
Computing Wc(q), 2 / 64, q=(0.250000, 0.000000, 0.000000)
Time to prepare sqrt root of Coulomb for Wc(q) (seconds, Wall/CPU): 0.188095 2.247667
Time to prepare sqrt root of Coulomb for Epsilon(q) (seconds, Wall/CPU): 0.181609 2.171394
Time for Wc(i_q=2, i_omega=1) (seconds, Wall/CPU): 0.089249 1.033808
Time for Wc(i_q=2, i_omega=2) (seconds, Wall/CPU): 0.088648 1.027143
Time for Wc(i_q=2, i_omega=3) (seconds, Wall/CPU): 0.088976 1.030026
Time for Wc(i_q=2, i_omega=4) (seconds, Wall/CPU): 0.089069 1.031789
Time for Wc(i_q=2, i_omega=5) (seconds, Wall/CPU): 0.089434 1.035975
Time for Wc(i_q=2, i_omega=6) (seconds, Wall/CPU): 0.089532 1.037329
Computing Wc(q), 3 / 64, q=(0.500000, 0.000000, 0.000000)
Time to prepare sqrt root of Coulomb for Wc(q) (seconds, Wall/CPU): 0.189735 2.269214
Time to prepare sqrt root of Coulomb for Epsilon(q) (seconds, Wall/CPU): 0.189109 2.261441
Time for Wc(i_q=3, i_omega=1) (seconds, Wall/CPU): 0.088227 1.022676
Time for Wc(i_q=3, i_omega=2) (seconds, Wall/CPU): 0.088291 1.023225
Time for Wc(i_q=3, i_omega=3) (seconds, Wall/CPU): 0.088843 1.029444
Time for Wc(i_q=3, i_omega=4) (seconds, Wall/CPU): 0.089275 1.033263
Time for Wc(i_q=3, i_omega=5) (seconds, Wall/CPU): 0.089233 1.033833
Time for Wc(i_q=3, i_omega=6) (seconds, Wall/CPU): 0.089871 1.041255
Computing Wc(q), 4 / 64, q=(0.750000, 0.000000, 0.000000)
Time to prepare sqrt root of Coulomb for Wc(q) (seconds, Wall/CPU): 0.194504 2.326504
Time to prepare sqrt root of Coulomb for Epsilon(q) (seconds, Wall/CPU): 0.185227 2.215264
Time for Wc(i_q=4, i_omega=1) (seconds, Wall/CPU): 0.088798 1.028736
Time for Wc(i_q=4, i_omega=2) (seconds, Wall/CPU): 0.088908 1.029345
Time for Wc(i_q=4, i_omega=3) (seconds, Wall/CPU): 0.089408 1.035782
Time for Wc(i_q=4, i_omega=4) (seconds, Wall/CPU): 0.093196 1.080916
Time for Wc(i_q=4, i_omega=5) (seconds, Wall/CPU): 0.090049 1.042281
Time for Wc(i_q=4, i_omega=6) (seconds, Wall/CPU): 0.089584 1.038177
Computing Wc(q), 5 / 64, q=(0.000000, 0.250000, 0.000000)
Time to prepare sqrt root of Coulomb for Wc(q) (seconds, Wall/CPU): 0.187190 2.238545
Time to prepare sqrt root of Coulomb for Epsilon(q) (seconds, Wall/CPU): 0.185170 2.214005
Time for Wc(i_q=5, i_omega=1) (seconds, Wall/CPU): 0.089257 1.034431
Time for Wc(i_q=5, i_omega=2) (seconds, Wall/CPU): 0.089266 1.034456
Time for Wc(i_q=5, i_omega=3) (seconds, Wall/CPU): 0.089067 1.031634
Time for Wc(i_q=5, i_omega=4) (seconds, Wall/CPU): 0.089266 1.034064
Time for Wc(i_q=5, i_omega=5) (seconds, Wall/CPU): 0.091202 1.057652
Time for Wc(i_q=5, i_omega=6) (seconds, Wall/CPU): 0.089358 1.035923
Computing Wc(q), 6 / 64, q=(0.250000, 0.250000, 0.000000)
Time to prepare sqrt root of Coulomb for Wc(q) (seconds, Wall/CPU): 0.187142 2.238415
Time to prepare sqrt root of Coulomb for Epsilon(q) (seconds, Wall/CPU): 0.185219 2.214659
Time for Wc(i_q=6, i_omega=1) (seconds, Wall/CPU): 0.090530 1.048927
Time for Wc(i_q=6, i_omega=2) (seconds, Wall/CPU): 0.091446 1.059990
Time for Wc(i_q=6, i_omega=3) (seconds, Wall/CPU): 0.090338 1.047122
Time for Wc(i_q=6, i_omega=4) (seconds, Wall/CPU): 0.090638 1.051003
Time for Wc(i_q=6, i_omega=5) (seconds, Wall/CPU): 0.090864 1.053687
Time for Wc(i_q=6, i_omega=6) (seconds, Wall/CPU): 0.092492 1.071205
Computing Wc(q), 7 / 64, q=(0.500000, 0.250000, 0.000000)
Time to prepare sqrt root of Coulomb for Wc(q) (seconds, Wall/CPU): 0.188020 2.248859
Time to prepare sqrt root of Coulomb for Epsilon(q) (seconds, Wall/CPU): 0.185374 2.216742
Time for Wc(i_q=7, i_omega=1) (seconds, Wall/CPU): 0.091358 1.058563
Time for Wc(i_q=7, i_omega=2) (seconds, Wall/CPU): 0.090856 1.052221
Time for Wc(i_q=7, i_omega=3) (seconds, Wall/CPU): 0.089402 1.035830
Time for Wc(i_q=7, i_omega=4) (seconds, Wall/CPU): 0.089623 1.039344
Time for Wc(i_q=7, i_omega=5) (seconds, Wall/CPU): 0.090038 1.043489
Time for Wc(i_q=7, i_omega=6) (seconds, Wall/CPU): 0.091468 1.058253
Computing Wc(q), 8 / 64, q=(0.750000, 0.250000, 0.000000)
Time to prepare sqrt root of Coulomb for Wc(q) (seconds, Wall/CPU): 0.193633 2.315749
Time to prepare sqrt root of Coulomb for Epsilon(q) (seconds, Wall/CPU): 0.184100 2.201243
Time for Wc(i_q=8, i_omega=1) (seconds, Wall/CPU): 0.090199 1.043966
Time for Wc(i_q=8, i_omega=2) (seconds, Wall/CPU): 0.089800 1.039797
Time for Wc(i_q=8, i_omega=3) (seconds, Wall/CPU): 0.089743 1.038664
Time for Wc(i_q=8, i_omega=4) (seconds, Wall/CPU): 0.089847 1.040366
Time for Wc(i_q=8, i_omega=5) (seconds, Wall/CPU): 0.090829 1.050940
Time for Wc(i_q=8, i_omega=6) (seconds, Wall/CPU): 0.091674 1.059500
Computing Wc(q), 9 / 64, q=(0.000000, 0.500000, 0.000000)
Time to prepare sqrt root of Coulomb for Wc(q) (seconds, Wall/CPU): 0.191522 2.289092
Time to prepare sqrt root of Coulomb for Epsilon(q) (seconds, Wall/CPU): 0.181943 2.174488
Time for Wc(i_q=9, i_omega=1) (seconds, Wall/CPU): 0.090091 1.042964
Time for Wc(i_q=9, i_omega=2) (seconds, Wall/CPU): 0.090231 1.044376
Time for Wc(i_q=9, i_omega=3) (seconds, Wall/CPU): 0.089336 1.033611
Time for Wc(i_q=9, i_omega=4) (seconds, Wall/CPU): 0.090235 1.043871
Time for Wc(i_q=9, i_omega=5) (seconds, Wall/CPU): 0.089921 1.041659
Time for Wc(i_q=9, i_omega=6) (seconds, Wall/CPU): 0.091427 1.056565
Computing Wc(q), 10 / 64, q=(0.250000, 0.500000, 0.000000)
Time to prepare sqrt root of Coulomb for Wc(q) (seconds, Wall/CPU): 0.188216 2.249551
Time to prepare sqrt root of Coulomb for Epsilon(q) (seconds, Wall/CPU): 0.185272 2.214512
Time for Wc(i_q=10, i_omega=1) (seconds, Wall/CPU): 0.090107 1.043416
Time for Wc(i_q=10, i_omega=2) (seconds, Wall/CPU): 0.089905 1.040508
Time for Wc(i_q=10, i_omega=3) (seconds, Wall/CPU): 0.089449 1.035535
Time for Wc(i_q=10, i_omega=4) (seconds, Wall/CPU): 0.987595 4.033625
Time for Wc(i_q=10, i_omega=5) (seconds, Wall/CPU): 0.134133 1.569715
Time for Wc(i_q=10, i_omega=6) (seconds, Wall/CPU): 0.091497 1.057840
Computing Wc(q), 11 / 64, q=(0.500000, 0.500000, 0.000000)
Time to prepare sqrt root of Coulomb for Wc(q) (seconds, Wall/CPU): 0.234430 2.803058
Time to prepare sqrt root of Coulomb for Epsilon(q) (seconds, Wall/CPU): 0.237230 2.836346
Time for Wc(i_q=11, i_omega=1) (seconds, Wall/CPU): 0.090400 1.047840
Time for Wc(i_q=11, i_omega=2) (seconds, Wall/CPU): 0.089974 1.043598
Time for Wc(i_q=11, i_omega=3) (seconds, Wall/CPU): 0.136290 1.597587
Time for Wc(i_q=11, i_omega=4) (seconds, Wall/CPU): 0.090358 1.046782
Time for Wc(i_q=11, i_omega=5) (seconds, Wall/CPU): 0.091366 1.058448
Time for Wc(i_q=11, i_omega=6) (seconds, Wall/CPU): 0.091215 1.057520
Computing Wc(q), 12 / 64, q=(0.750000, 0.500000, 0.000000)
Time to prepare sqrt root of Coulomb for Wc(q) (seconds, Wall/CPU): 0.223417 2.672283
Time to prepare sqrt root of Coulomb for Epsilon(q) (seconds, Wall/CPU): 0.300312 3.589810
Time for Wc(i_q=12, i_omega=1) (seconds, Wall/CPU): 0.089781 1.040174
Time for Wc(i_q=12, i_omega=2) (seconds, Wall/CPU): 0.089298 1.034502
Time for Wc(i_q=12, i_omega=3) (seconds, Wall/CPU): 0.089497 1.036611
Time for Wc(i_q=12, i_omega=4) (seconds, Wall/CPU): 0.090305 1.046164
Time for Wc(i_q=12, i_omega=5) (seconds, Wall/CPU): 0.089837 1.040415
Time for Wc(i_q=12, i_omega=6) (seconds, Wall/CPU): 0.090091 1.043380
Computing Wc(q), 13 / 64, q=(0.000000, 0.750000, 0.000000)
Time to prepare sqrt root of Coulomb for Wc(q) (seconds, Wall/CPU): 0.189550 2.265846
Time to prepare sqrt root of Coulomb for Epsilon(q) (seconds, Wall/CPU): 0.187209 2.237360
Time for Wc(i_q=13, i_omega=1) (seconds, Wall/CPU): 0.089951 1.041171
Time for Wc(i_q=13, i_omega=2) (seconds, Wall/CPU): 0.089453 1.034806
Time for Wc(i_q=13, i_omega=3) (seconds, Wall/CPU): 0.089892 1.039972
Time for Wc(i_q=13, i_omega=4) (seconds, Wall/CPU): 0.089451 1.035303
Time for Wc(i_q=13, i_omega=5) (seconds, Wall/CPU): 0.090785 1.050896
Time for Wc(i_q=13, i_omega=6) (seconds, Wall/CPU): 0.093650 1.085884
Computing Wc(q), 14 / 64, q=(0.250000, 0.750000, 0.000000)
Time to prepare sqrt root of Coulomb for Wc(q) (seconds, Wall/CPU): 0.190956 2.282617
Time to prepare sqrt root of Coulomb for Epsilon(q) (seconds, Wall/CPU): 0.194429 2.324076
Time for Wc(i_q=14, i_omega=1) (seconds, Wall/CPU): 0.088544 1.024604
Time for Wc(i_q=14, i_omega=2) (seconds, Wall/CPU): 0.088634 1.026004
Time for Wc(i_q=14, i_omega=3) (seconds, Wall/CPU): 0.088845 1.027779
Time for Wc(i_q=14, i_omega=4) (seconds, Wall/CPU): 0.089192 1.032096
Time for Wc(i_q=14, i_omega=5) (seconds, Wall/CPU): 0.090713 1.050042
Time for Wc(i_q=14, i_omega=6) (seconds, Wall/CPU): 0.089719 1.038890
Computing Wc(q), 15 / 64, q=(0.500000, 0.750000, 0.000000)
Time to prepare sqrt root of Coulomb for Wc(q) (seconds, Wall/CPU): 0.188235 2.249470
Time to prepare sqrt root of Coulomb for Epsilon(q) (seconds, Wall/CPU): 0.191348 2.286788
Time for Wc(i_q=15, i_omega=1) (seconds, Wall/CPU): 0.089865 1.040029
Time for Wc(i_q=15, i_omega=2) (seconds, Wall/CPU): 0.088273 1.021969
Time for Wc(i_q=15, i_omega=3) (seconds, Wall/CPU): 0.089379 1.034633
Time for Wc(i_q=15, i_omega=4) (seconds, Wall/CPU): 0.088187 1.020159
Time for Wc(i_q=15, i_omega=5) (seconds, Wall/CPU): 0.089777 1.039090
Time for Wc(i_q=15, i_omega=6) (seconds, Wall/CPU): 0.090527 1.048702
Computing Wc(q), 16 / 64, q=(0.750000, 0.750000, 0.000000)
Time to prepare sqrt root of Coulomb for Wc(q) (seconds, Wall/CPU): 0.192333 2.299286
Time to prepare sqrt root of Coulomb for Epsilon(q) (seconds, Wall/CPU): 0.188609 2.254451
Time for Wc(i_q=16, i_omega=1) (seconds, Wall/CPU): 0.093168 1.067104
Time for Wc(i_q=16, i_omega=2) (seconds, Wall/CPU): 0.088951 1.029511
Time for Wc(i_q=16, i_omega=3) (seconds, Wall/CPU): 0.089211 1.032402
Time for Wc(i_q=16, i_omega=4) (seconds, Wall/CPU): 0.088645 1.025593
Time for Wc(i_q=16, i_omega=5) (seconds, Wall/CPU): 0.089933 1.040497
Time for Wc(i_q=16, i_omega=6) (seconds, Wall/CPU): 0.090386 1.046327
Computing Wc(q), 17 / 64, q=(0.000000, 0.000000, 0.250000)
Time to prepare sqrt root of Coulomb for Wc(q) (seconds, Wall/CPU): 0.189481 2.265130
Time to prepare sqrt root of Coulomb for Epsilon(q) (seconds, Wall/CPU): 0.186559 2.229771
Time for Wc(i_q=17, i_omega=1) (seconds, Wall/CPU): 0.089613 1.036410
Time for Wc(i_q=17, i_omega=2) (seconds, Wall/CPU): 0.092079 1.057790
Time for Wc(i_q=17, i_omega=3) (seconds, Wall/CPU): 0.088973 1.030307
Time for Wc(i_q=17, i_omega=4) (seconds, Wall/CPU): 0.088788 1.027168
Time for Wc(i_q=17, i_omega=5) (seconds, Wall/CPU): 0.088696 1.026151
Time for Wc(i_q=17, i_omega=6) (seconds, Wall/CPU): 0.088722 1.026868
Computing Wc(q), 18 / 64, q=(0.250000, 0.000000, 0.250000)
Time to prepare sqrt root of Coulomb for Wc(q) (seconds, Wall/CPU): 0.209795 2.506193
Time to prepare sqrt root of Coulomb for Epsilon(q) (seconds, Wall/CPU): 0.185719 2.219570
Time for Wc(i_q=18, i_omega=1) (seconds, Wall/CPU): 0.089801 1.039069
Time for Wc(i_q=18, i_omega=2) (seconds, Wall/CPU): 0.088567 1.024620
Time for Wc(i_q=18, i_omega=3) (seconds, Wall/CPU): 0.088769 1.027407
Time for Wc(i_q=18, i_omega=4) (seconds, Wall/CPU): 0.088623 1.025229
Time for Wc(i_q=18, i_omega=5) (seconds, Wall/CPU): 0.088961 1.030051
Time for Wc(i_q=18, i_omega=6) (seconds, Wall/CPU): 0.089212 1.032906
Computing Wc(q), 19 / 64, q=(0.500000, 0.000000, 0.250000)
Time to prepare sqrt root of Coulomb for Wc(q) (seconds, Wall/CPU): 0.186313 2.227386
Time to prepare sqrt root of Coulomb for Epsilon(q) (seconds, Wall/CPU): 0.192086 2.294114
Time for Wc(i_q=19, i_omega=1) (seconds, Wall/CPU): 0.089133 1.030191
Time for Wc(i_q=19, i_omega=2) (seconds, Wall/CPU): 0.089043 1.030947
Time for Wc(i_q=19, i_omega=3) (seconds, Wall/CPU): 0.088943 1.029894
Time for Wc(i_q=19, i_omega=4) (seconds, Wall/CPU): 0.089111 1.031979
Time for Wc(i_q=19, i_omega=5) (seconds, Wall/CPU): 0.089091 1.031377
Time for Wc(i_q=19, i_omega=6) (seconds, Wall/CPU): 0.089922 1.041208
Computing Wc(q), 20 / 64, q=(0.750000, 0.000000, 0.250000)
Time to prepare sqrt root of Coulomb for Wc(q) (seconds, Wall/CPU): 0.187425 2.240157
Time to prepare sqrt root of Coulomb for Epsilon(q) (seconds, Wall/CPU): 0.191005 2.283082
Time for Wc(i_q=20, i_omega=1) (seconds, Wall/CPU): 0.089726 1.038772
Time for Wc(i_q=20, i_omega=2) (seconds, Wall/CPU): 0.088141 1.020631
Time for Wc(i_q=20, i_omega=3) (seconds, Wall/CPU): 0.088504 1.024088
Time for Wc(i_q=20, i_omega=4) (seconds, Wall/CPU): 0.093543 1.084663
Time for Wc(i_q=20, i_omega=5) (seconds, Wall/CPU): 0.089344 1.033846
Time for Wc(i_q=20, i_omega=6) (seconds, Wall/CPU): 0.090543 1.047902
Computing Wc(q), 21 / 64, q=(0.000000, 0.250000, 0.250000)
Time to prepare sqrt root of Coulomb for Wc(q) (seconds, Wall/CPU): 0.186350 2.227109
Time to prepare sqrt root of Coulomb for Epsilon(q) (seconds, Wall/CPU): 0.191492 2.288796
Time for Wc(i_q=21, i_omega=1) (seconds, Wall/CPU): 0.091620 1.059238
Time for Wc(i_q=21, i_omega=2) (seconds, Wall/CPU): 0.138033 1.604060
Time for Wc(i_q=21, i_omega=3) (seconds, Wall/CPU): 0.088892 1.028699
Time for Wc(i_q=21, i_omega=4) (seconds, Wall/CPU): 0.133594 1.556368
Time for Wc(i_q=21, i_omega=5) (seconds, Wall/CPU): 0.088634 1.025727
Time for Wc(i_q=21, i_omega=6) (seconds, Wall/CPU): 0.124185 1.382031
Computing Wc(q), 22 / 64, q=(0.250000, 0.250000, 0.250000)
Time to prepare sqrt root of Coulomb for Wc(q) (seconds, Wall/CPU): 0.188521 2.253346
Time to prepare sqrt root of Coulomb for Epsilon(q) (seconds, Wall/CPU): 0.187989 2.245378
Time for Wc(i_q=22, i_omega=1) (seconds, Wall/CPU): 0.089337 1.034423
Time for Wc(i_q=22, i_omega=2) (seconds, Wall/CPU): 0.089015 1.031026
Time for Wc(i_q=22, i_omega=3) (seconds, Wall/CPU): 0.089634 1.038396
Time for Wc(i_q=22, i_omega=4) (seconds, Wall/CPU): 0.089577 1.037622
Time for Wc(i_q=22, i_omega=5) (seconds, Wall/CPU): 0.095226 1.106111
Time for Wc(i_q=22, i_omega=6) (seconds, Wall/CPU): 0.090088 1.044354
Computing Wc(q), 23 / 64, q=(0.500000, 0.250000, 0.250000)
Time to prepare sqrt root of Coulomb for Wc(q) (seconds, Wall/CPU): 0.189036 2.260724
Time to prepare sqrt root of Coulomb for Epsilon(q) (seconds, Wall/CPU): 0.186632 2.231577
Time for Wc(i_q=23, i_omega=1) (seconds, Wall/CPU): 0.089652 1.039338
Time for Wc(i_q=23, i_omega=2) (seconds, Wall/CPU): 0.089718 1.039253
Time for Wc(i_q=23, i_omega=3) (seconds, Wall/CPU): 0.089402 1.035591
Time for Wc(i_q=23, i_omega=4) (seconds, Wall/CPU): 0.089730 1.039784
Time for Wc(i_q=23, i_omega=5) (seconds, Wall/CPU): 0.090982 1.054586
Time for Wc(i_q=23, i_omega=6) (seconds, Wall/CPU): 0.089898 1.042302
Computing Wc(q), 24 / 64, q=(0.750000, 0.250000, 0.250000)
Time to prepare sqrt root of Coulomb for Wc(q) (seconds, Wall/CPU): 0.188421 2.253278
Time to prepare sqrt root of Coulomb for Epsilon(q) (seconds, Wall/CPU): 0.187752 2.245783
Time for Wc(i_q=24, i_omega=1) (seconds, Wall/CPU): 0.090821 1.052905
Time for Wc(i_q=24, i_omega=2) (seconds, Wall/CPU): 0.089628 1.038292
Time for Wc(i_q=24, i_omega=3) (seconds, Wall/CPU): 0.088365 1.023089
Time for Wc(i_q=24, i_omega=4) (seconds, Wall/CPU): 0.089231 1.032107
Time for Wc(i_q=24, i_omega=5) (seconds, Wall/CPU): 0.089284 1.032387
Time for Wc(i_q=24, i_omega=6) (seconds, Wall/CPU): 0.089047 1.030207
Computing Wc(q), 25 / 64, q=(0.000000, 0.500000, 0.250000)
Time to prepare sqrt root of Coulomb for Wc(q) (seconds, Wall/CPU): 0.189366 2.263580
Time to prepare sqrt root of Coulomb for Epsilon(q) (seconds, Wall/CPU): 0.184816 2.209419
Time for Wc(i_q=25, i_omega=1) (seconds, Wall/CPU): 0.088839 1.028277
Time for Wc(i_q=25, i_omega=2) (seconds, Wall/CPU): 0.089182 1.031442
Time for Wc(i_q=25, i_omega=3) (seconds, Wall/CPU): 0.088429 1.023426
Time for Wc(i_q=25, i_omega=4) (seconds, Wall/CPU): 0.089373 1.034099
Time for Wc(i_q=25, i_omega=5) (seconds, Wall/CPU): 0.089581 1.036706
Time for Wc(i_q=25, i_omega=6) (seconds, Wall/CPU): 0.088359 1.022865
Computing Wc(q), 26 / 64, q=(0.250000, 0.500000, 0.250000)
Time to prepare sqrt root of Coulomb for Wc(q) (seconds, Wall/CPU): 0.192118 2.296662
Time to prepare sqrt root of Coulomb for Epsilon(q) (seconds, Wall/CPU): 0.184354 2.203928
Time for Wc(i_q=26, i_omega=1) (seconds, Wall/CPU): 0.089069 1.031243
Time for Wc(i_q=26, i_omega=2) (seconds, Wall/CPU): 0.088846 1.028474
Time for Wc(i_q=26, i_omega=3) (seconds, Wall/CPU): 0.088476 1.023181
Time for Wc(i_q=26, i_omega=4) (seconds, Wall/CPU): 0.089223 1.032419
Time for Wc(i_q=26, i_omega=5) (seconds, Wall/CPU): 0.090191 1.043486
Time for Wc(i_q=26, i_omega=6) (seconds, Wall/CPU): 0.089044 1.030652
Computing Wc(q), 27 / 64, q=(0.500000, 0.500000, 0.250000)
Time to prepare sqrt root of Coulomb for Wc(q) (seconds, Wall/CPU): 0.190438 2.276476
Time to prepare sqrt root of Coulomb for Epsilon(q) (seconds, Wall/CPU): 0.184553 2.205642
Time for Wc(i_q=27, i_omega=1) (seconds, Wall/CPU): 0.088887 1.029104
Time for Wc(i_q=27, i_omega=2) (seconds, Wall/CPU): 0.089470 1.034650
Time for Wc(i_q=27, i_omega=3) (seconds, Wall/CPU): 1.271135 3.191570
Time for Wc(i_q=27, i_omega=4) (seconds, Wall/CPU): 0.090594 1.015694
Time for Wc(i_q=27, i_omega=5) (seconds, Wall/CPU): 0.089567 1.035930
Time for Wc(i_q=27, i_omega=6) (seconds, Wall/CPU): 0.088860 1.027551
Computing Wc(q), 28 / 64, q=(0.750000, 0.500000, 0.250000)
Time to prepare sqrt root of Coulomb for Wc(q) (seconds, Wall/CPU): 0.190236 2.273819
Time to prepare sqrt root of Coulomb for Epsilon(q) (seconds, Wall/CPU): 0.185632 2.219140
Time for Wc(i_q=28, i_omega=1) (seconds, Wall/CPU): 0.088555 1.024890
Time for Wc(i_q=28, i_omega=2) (seconds, Wall/CPU): 0.088904 1.027969
Time for Wc(i_q=28, i_omega=3) (seconds, Wall/CPU): 0.088856 1.028152
Time for Wc(i_q=28, i_omega=4) (seconds, Wall/CPU): 0.089043 1.030155
Time for Wc(i_q=28, i_omega=5) (seconds, Wall/CPU): 0.089618 1.037546
Time for Wc(i_q=28, i_omega=6) (seconds, Wall/CPU): 0.088957 1.028455
Computing Wc(q), 29 / 64, q=(0.000000, 0.750000, 0.250000)
Time to prepare sqrt root of Coulomb for Wc(q) (seconds, Wall/CPU): 0.189373 2.263616
Time to prepare sqrt root of Coulomb for Epsilon(q) (seconds, Wall/CPU): 0.185188 2.213508
Time for Wc(i_q=29, i_omega=1) (seconds, Wall/CPU): 0.088856 1.028555
Time for Wc(i_q=29, i_omega=2) (seconds, Wall/CPU): 0.089516 1.035578
Time for Wc(i_q=29, i_omega=3) (seconds, Wall/CPU): 0.088822 1.026844
Time for Wc(i_q=29, i_omega=4) (seconds, Wall/CPU): 0.088625 1.026110
Time for Wc(i_q=29, i_omega=5) (seconds, Wall/CPU): 0.090001 1.042187
Time for Wc(i_q=29, i_omega=6) (seconds, Wall/CPU): 0.088637 1.025688
Computing Wc(q), 30 / 64, q=(0.250000, 0.750000, 0.250000)
Time to prepare sqrt root of Coulomb for Wc(q) (seconds, Wall/CPU): 0.186694 2.231567
Time to prepare sqrt root of Coulomb for Epsilon(q) (seconds, Wall/CPU): 0.185157 2.213318
Time for Wc(i_q=30, i_omega=1) (seconds, Wall/CPU): 0.089478 1.035795
Time for Wc(i_q=30, i_omega=2) (seconds, Wall/CPU): 0.089289 1.032996
Time for Wc(i_q=30, i_omega=3) (seconds, Wall/CPU): 0.088441 1.022875
Time for Wc(i_q=30, i_omega=4) (seconds, Wall/CPU): 0.089145 1.031166
Time for Wc(i_q=30, i_omega=5) (seconds, Wall/CPU): 0.089411 1.034339
Time for Wc(i_q=30, i_omega=6) (seconds, Wall/CPU): 0.088391 1.022475
Computing Wc(q), 31 / 64, q=(0.500000, 0.750000, 0.250000)
Time to prepare sqrt root of Coulomb for Wc(q) (seconds, Wall/CPU): 0.188318 2.251302
Time to prepare sqrt root of Coulomb for Epsilon(q) (seconds, Wall/CPU): 0.185135 2.213180
Time for Wc(i_q=31, i_omega=1) (seconds, Wall/CPU): 0.089529 1.036526
Time for Wc(i_q=31, i_omega=2) (seconds, Wall/CPU): 0.089070 1.031073
Time for Wc(i_q=31, i_omega=3) (seconds, Wall/CPU): 0.088720 1.026900
Time for Wc(i_q=31, i_omega=4) (seconds, Wall/CPU): 0.089054 1.031219
Time for Wc(i_q=31, i_omega=5) (seconds, Wall/CPU): 0.089075 1.030756
Time for Wc(i_q=31, i_omega=6) (seconds, Wall/CPU): 0.093027 1.078315
Computing Wc(q), 32 / 64, q=(0.750000, 0.750000, 0.250000)
Time to prepare sqrt root of Coulomb for Wc(q) (seconds, Wall/CPU): 0.190311 2.274957
Time to prepare sqrt root of Coulomb for Epsilon(q) (seconds, Wall/CPU): 0.184306 2.203233
Time for Wc(i_q=32, i_omega=1) (seconds, Wall/CPU): 0.090730 1.045496
Time for Wc(i_q=32, i_omega=2) (seconds, Wall/CPU): 0.087700 1.014977
Time for Wc(i_q=32, i_omega=3) (seconds, Wall/CPU): 0.088939 1.029812
Time for Wc(i_q=32, i_omega=4) (seconds, Wall/CPU): 0.088493 1.024536
Time for Wc(i_q=32, i_omega=5) (seconds, Wall/CPU): 0.090797 1.051064
Time for Wc(i_q=32, i_omega=6) (seconds, Wall/CPU): 0.088105 1.019636
Computing Wc(q), 33 / 64, q=(0.000000, 0.000000, 0.500000)
Time to prepare sqrt root of Coulomb for Wc(q) (seconds, Wall/CPU): 0.188718 2.255553
Time to prepare sqrt root of Coulomb for Epsilon(q) (seconds, Wall/CPU): 0.182871 2.185843
Time for Wc(i_q=33, i_omega=1) (seconds, Wall/CPU): 0.089621 1.036488
Time for Wc(i_q=33, i_omega=2) (seconds, Wall/CPU): 0.089426 1.031592
Time for Wc(i_q=33, i_omega=3) (seconds, Wall/CPU): 0.088506 1.023829
Time for Wc(i_q=33, i_omega=4) (seconds, Wall/CPU): 0.089000 1.030062
Time for Wc(i_q=33, i_omega=5) (seconds, Wall/CPU): 0.093371 1.082571
Time for Wc(i_q=33, i_omega=6) (seconds, Wall/CPU): 0.089418 1.034597
Computing Wc(q), 34 / 64, q=(0.250000, 0.000000, 0.500000)
Time to prepare sqrt root of Coulomb for Wc(q) (seconds, Wall/CPU): 0.188807 2.256932
Time to prepare sqrt root of Coulomb for Epsilon(q) (seconds, Wall/CPU): 0.189180 2.257078
Time for Wc(i_q=34, i_omega=1) (seconds, Wall/CPU): 0.088894 1.029103
Time for Wc(i_q=34, i_omega=2) (seconds, Wall/CPU): 0.088332 1.022372
Time for Wc(i_q=34, i_omega=3) (seconds, Wall/CPU): 0.092318 1.070150
Time for Wc(i_q=34, i_omega=4) (seconds, Wall/CPU): 0.088594 1.024578
Time for Wc(i_q=34, i_omega=5) (seconds, Wall/CPU): 0.091064 1.055040
Time for Wc(i_q=34, i_omega=6) (seconds, Wall/CPU): 0.090663 1.048285
Computing Wc(q), 35 / 64, q=(0.500000, 0.000000, 0.500000)
Time to prepare sqrt root of Coulomb for Wc(q) (seconds, Wall/CPU): 0.185413 2.215873
Time to prepare sqrt root of Coulomb for Epsilon(q) (seconds, Wall/CPU): 0.750415 4.887669
Time for Wc(i_q=35, i_omega=1) (seconds, Wall/CPU): 0.091190 1.053742
Time for Wc(i_q=35, i_omega=2) (seconds, Wall/CPU): 0.088862 1.028241
Time for Wc(i_q=35, i_omega=3) (seconds, Wall/CPU): 0.088427 1.023850
Time for Wc(i_q=35, i_omega=4) (seconds, Wall/CPU): 0.088705 1.026871
Time for Wc(i_q=35, i_omega=5) (seconds, Wall/CPU): 0.090276 1.044964
Time for Wc(i_q=35, i_omega=6) (seconds, Wall/CPU): 0.088985 1.029916
Computing Wc(q), 36 / 64, q=(0.750000, 0.000000, 0.500000)
Time to prepare sqrt root of Coulomb for Wc(q) (seconds, Wall/CPU): 0.187222 2.238210
Time to prepare sqrt root of Coulomb for Epsilon(q) (seconds, Wall/CPU): 0.186000 2.223363
Time for Wc(i_q=36, i_omega=1) (seconds, Wall/CPU): 0.089598 1.036462
Time for Wc(i_q=36, i_omega=2) (seconds, Wall/CPU): 0.088365 1.022982
Time for Wc(i_q=36, i_omega=3) (seconds, Wall/CPU): 0.089012 1.030263
Time for Wc(i_q=36, i_omega=4) (seconds, Wall/CPU): 0.659101 3.190755
Time for Wc(i_q=36, i_omega=5) (seconds, Wall/CPU): 0.090579 1.048496
Time for Wc(i_q=36, i_omega=6) (seconds, Wall/CPU): 0.090516 1.050004
Computing Wc(q), 37 / 64, q=(0.000000, 0.250000, 0.500000)
Time to prepare sqrt root of Coulomb for Wc(q) (seconds, Wall/CPU): 0.189024 2.260772
Time to prepare sqrt root of Coulomb for Epsilon(q) (seconds, Wall/CPU): 0.184983 2.212342
Time for Wc(i_q=37, i_omega=1) (seconds, Wall/CPU): 0.089337 1.034277
Time for Wc(i_q=37, i_omega=2) (seconds, Wall/CPU): 0.088628 1.027227
Time for Wc(i_q=37, i_omega=3) (seconds, Wall/CPU): 0.089103 1.031940
Time for Wc(i_q=37, i_omega=4) (seconds, Wall/CPU): 0.090818 1.052721
Time for Wc(i_q=37, i_omega=5) (seconds, Wall/CPU): 0.091358 1.058926
Time for Wc(i_q=37, i_omega=6) (seconds, Wall/CPU): 0.092659 1.074279
Computing Wc(q), 38 / 64, q=(0.250000, 0.250000, 0.500000)
Time to prepare sqrt root of Coulomb for Wc(q) (seconds, Wall/CPU): 0.189517 2.266659
Time to prepare sqrt root of Coulomb for Epsilon(q) (seconds, Wall/CPU): 0.187432 2.241257
Time for Wc(i_q=38, i_omega=1) (seconds, Wall/CPU): 0.090247 1.046086
Time for Wc(i_q=38, i_omega=2) (seconds, Wall/CPU): 0.089034 1.030871
Time for Wc(i_q=38, i_omega=3) (seconds, Wall/CPU): 0.090384 1.047222
Time for Wc(i_q=38, i_omega=4) (seconds, Wall/CPU): 0.089395 1.036415
Time for Wc(i_q=38, i_omega=5) (seconds, Wall/CPU): 0.092486 1.071088
Time for Wc(i_q=38, i_omega=6) (seconds, Wall/CPU): 0.089720 1.039960
Computing Wc(q), 39 / 64, q=(0.500000, 0.250000, 0.500000)
Time to prepare sqrt root of Coulomb for Wc(q) (seconds, Wall/CPU): 0.187265 2.239890
Time to prepare sqrt root of Coulomb for Epsilon(q) (seconds, Wall/CPU): 0.186239 2.227029
Time for Wc(i_q=39, i_omega=1) (seconds, Wall/CPU): 0.994449 4.061579
Time for Wc(i_q=39, i_omega=2) (seconds, Wall/CPU): 0.133299 1.553569
Time for Wc(i_q=39, i_omega=3) (seconds, Wall/CPU): 0.090408 1.047004
Time for Wc(i_q=39, i_omega=4) (seconds, Wall/CPU): 0.089954 1.042963
Time for Wc(i_q=39, i_omega=5) (seconds, Wall/CPU): 0.090131 1.043951
Time for Wc(i_q=39, i_omega=6) (seconds, Wall/CPU): 0.124315 1.447139
Computing Wc(q), 40 / 64, q=(0.750000, 0.250000, 0.500000)
Time to prepare sqrt root of Coulomb for Wc(q) (seconds, Wall/CPU): 0.194184 2.322425
Time to prepare sqrt root of Coulomb for Epsilon(q) (seconds, Wall/CPU): 0.236301 2.819514
Time for Wc(i_q=40, i_omega=1) (seconds, Wall/CPU): 0.090618 1.050057
Time for Wc(i_q=40, i_omega=2) (seconds, Wall/CPU): 0.089656 1.039078
Time for Wc(i_q=40, i_omega=3) (seconds, Wall/CPU): 0.131205 1.535916
Time for Wc(i_q=40, i_omega=4) (seconds, Wall/CPU): 0.090366 1.047540
Time for Wc(i_q=40, i_omega=5) (seconds, Wall/CPU): 0.091542 1.060694
Time for Wc(i_q=40, i_omega=6) (seconds, Wall/CPU): 0.137902 1.616269
Computing Wc(q), 41 / 64, q=(0.000000, 0.500000, 0.500000)
Time to prepare sqrt root of Coulomb for Wc(q) (seconds, Wall/CPU): 0.231682 2.771080
Time to prepare sqrt root of Coulomb for Epsilon(q) (seconds, Wall/CPU): 0.186553 2.231183
Time for Wc(i_q=41, i_omega=1) (seconds, Wall/CPU): 0.140552 1.641939
Time for Wc(i_q=41, i_omega=2) (seconds, Wall/CPU): 0.089802 1.039849
Time for Wc(i_q=41, i_omega=3) (seconds, Wall/CPU): 0.089582 1.038750
Time for Wc(i_q=41, i_omega=4) (seconds, Wall/CPU): 0.089057 1.032563
Time for Wc(i_q=41, i_omega=5) (seconds, Wall/CPU): 0.093757 1.088420
Time for Wc(i_q=41, i_omega=6) (seconds, Wall/CPU): 0.089344 1.035174
Computing Wc(q), 42 / 64, q=(0.250000, 0.500000, 0.500000)
Time to prepare sqrt root of Coulomb for Wc(q) (seconds, Wall/CPU): 0.186973 2.236180
Time to prepare sqrt root of Coulomb for Epsilon(q) (seconds, Wall/CPU): 0.186392 2.228995
Time for Wc(i_q=42, i_omega=1) (seconds, Wall/CPU): 0.090467 1.048892
Time for Wc(i_q=42, i_omega=2) (seconds, Wall/CPU): 0.092982 1.074237
Time for Wc(i_q=42, i_omega=3) (seconds, Wall/CPU): 0.090162 1.044580
Time for Wc(i_q=42, i_omega=4) (seconds, Wall/CPU): 0.089590 1.037801
Time for Wc(i_q=42, i_omega=5) (seconds, Wall/CPU): 0.092146 1.067866
Time for Wc(i_q=42, i_omega=6) (seconds, Wall/CPU): 0.092824 1.068419
Computing Wc(q), 43 / 64, q=(0.500000, 0.500000, 0.500000)
Time to prepare sqrt root of Coulomb for Wc(q) (seconds, Wall/CPU): 0.188577 2.255503
Time to prepare sqrt root of Coulomb for Epsilon(q) (seconds, Wall/CPU): 0.188206 2.251113
Time for Wc(i_q=43, i_omega=1) (seconds, Wall/CPU): 0.653436 3.770082
Time for Wc(i_q=43, i_omega=2) (seconds, Wall/CPU): 0.141761 1.629888
Time for Wc(i_q=43, i_omega=3) (seconds, Wall/CPU): 0.090047 1.042499
Time for Wc(i_q=43, i_omega=4) (seconds, Wall/CPU): 0.089679 1.038744
Time for Wc(i_q=43, i_omega=5) (seconds, Wall/CPU): 0.091352 1.059368
Time for Wc(i_q=43, i_omega=6) (seconds, Wall/CPU): 0.089475 1.036606
Computing Wc(q), 44 / 64, q=(0.750000, 0.500000, 0.500000)
Time to prepare sqrt root of Coulomb for Wc(q) (seconds, Wall/CPU): 0.185724 2.221121
Time to prepare sqrt root of Coulomb for Epsilon(q) (seconds, Wall/CPU): 0.185828 2.222555
Time for Wc(i_q=44, i_omega=1) (seconds, Wall/CPU): 0.090885 1.048952
Time for Wc(i_q=44, i_omega=2) (seconds, Wall/CPU): 0.088457 1.024568
Time for Wc(i_q=44, i_omega=3) (seconds, Wall/CPU): 0.094396 1.095820
Time for Wc(i_q=44, i_omega=4) (seconds, Wall/CPU): 0.091810 1.064909
Time for Wc(i_q=44, i_omega=5) (seconds, Wall/CPU): 0.090567 1.049600
Time for Wc(i_q=44, i_omega=6) (seconds, Wall/CPU): 0.088715 1.027151
Computing Wc(q), 45 / 64, q=(0.000000, 0.750000, 0.500000)
Time to prepare sqrt root of Coulomb for Wc(q) (seconds, Wall/CPU): 0.191188 2.286586
Time to prepare sqrt root of Coulomb for Epsilon(q) (seconds, Wall/CPU): 0.186805 2.234466
Time for Wc(i_q=45, i_omega=1) (seconds, Wall/CPU): 0.089983 1.042677
Time for Wc(i_q=45, i_omega=2) (seconds, Wall/CPU): 0.093222 1.081222
Time for Wc(i_q=45, i_omega=3) (seconds, Wall/CPU): 0.090900 1.053642
Time for Wc(i_q=45, i_omega=4) (seconds, Wall/CPU): 0.089305 1.035114
Time for Wc(i_q=45, i_omega=5) (seconds, Wall/CPU): 0.096270 1.118182
Time for Wc(i_q=45, i_omega=6) (seconds, Wall/CPU): 0.089278 1.035724
Computing Wc(q), 46 / 64, q=(0.250000, 0.750000, 0.500000)
Time to prepare sqrt root of Coulomb for Wc(q) (seconds, Wall/CPU): 0.192094 2.297334
Time to prepare sqrt root of Coulomb for Epsilon(q) (seconds, Wall/CPU): 0.187198 2.238821
Time for Wc(i_q=46, i_omega=1) (seconds, Wall/CPU): 0.090792 1.052190
Time for Wc(i_q=46, i_omega=2) (seconds, Wall/CPU): 0.089386 1.035960
Time for Wc(i_q=46, i_omega=3) (seconds, Wall/CPU): 0.090542 1.048903
Time for Wc(i_q=46, i_omega=4) (seconds, Wall/CPU): 0.089373 1.035731
Time for Wc(i_q=46, i_omega=5) (seconds, Wall/CPU): 0.091579 1.062252
Time for Wc(i_q=46, i_omega=6) (seconds, Wall/CPU): 0.089945 1.041603
Computing Wc(q), 47 / 64, q=(0.500000, 0.750000, 0.500000)
Time to prepare sqrt root of Coulomb for Wc(q) (seconds, Wall/CPU): 0.188991 2.260367
Time to prepare sqrt root of Coulomb for Epsilon(q) (seconds, Wall/CPU): 0.185221 2.215139
Time for Wc(i_q=47, i_omega=1) (seconds, Wall/CPU): 0.090296 1.047099
Time for Wc(i_q=47, i_omega=2) (seconds, Wall/CPU): 0.089293 1.035106
Time for Wc(i_q=47, i_omega=3) (seconds, Wall/CPU): 0.093966 1.090310
Time for Wc(i_q=47, i_omega=4) (seconds, Wall/CPU): 0.088818 1.028980
Time for Wc(i_q=47, i_omega=5) (seconds, Wall/CPU): 0.093134 1.080741
Time for Wc(i_q=47, i_omega=6) (seconds, Wall/CPU): 0.091749 1.061882
Computing Wc(q), 48 / 64, q=(0.750000, 0.750000, 0.500000)
Time to prepare sqrt root of Coulomb for Wc(q) (seconds, Wall/CPU): 0.192651 2.303559
Time to prepare sqrt root of Coulomb for Epsilon(q) (seconds, Wall/CPU): 0.186346 2.228970
Time for Wc(i_q=48, i_omega=1) (seconds, Wall/CPU): 0.090077 1.043233
Time for Wc(i_q=48, i_omega=2) (seconds, Wall/CPU): 0.089932 1.042309
Time for Wc(i_q=48, i_omega=3) (seconds, Wall/CPU): 0.089884 1.041202
Time for Wc(i_q=48, i_omega=4) (seconds, Wall/CPU): 0.093704 1.086763
Time for Wc(i_q=48, i_omega=5) (seconds, Wall/CPU): 0.091830 1.064890
Time for Wc(i_q=48, i_omega=6) (seconds, Wall/CPU): 0.089383 1.035595
Computing Wc(q), 49 / 64, q=(0.000000, 0.000000, 0.750000)
Time to prepare sqrt root of Coulomb for Wc(q) (seconds, Wall/CPU): 0.191590 2.291380
Time to prepare sqrt root of Coulomb for Epsilon(q) (seconds, Wall/CPU): 0.185197 2.215156
Time for Wc(i_q=49, i_omega=1) (seconds, Wall/CPU): 0.090219 1.044165
Time for Wc(i_q=49, i_omega=2) (seconds, Wall/CPU): 0.124821 1.449770
Time for Wc(i_q=49, i_omega=3) (seconds, Wall/CPU): 0.421364 4.672651
Time for Wc(i_q=49, i_omega=4) (seconds, Wall/CPU): 0.090767 1.051351
Time for Wc(i_q=49, i_omega=5) (seconds, Wall/CPU): 0.090249 1.045773
Time for Wc(i_q=49, i_omega=6) (seconds, Wall/CPU): 0.088675 1.025975
Computing Wc(q), 50 / 64, q=(0.250000, 0.000000, 0.750000)
Time to prepare sqrt root of Coulomb for Wc(q) (seconds, Wall/CPU): 0.192499 2.300425
Time to prepare sqrt root of Coulomb for Epsilon(q) (seconds, Wall/CPU): 0.184829 2.209158
Time for Wc(i_q=50, i_omega=1) (seconds, Wall/CPU): 0.089730 1.038364
Time for Wc(i_q=50, i_omega=2) (seconds, Wall/CPU): 0.092114 1.067486
Time for Wc(i_q=50, i_omega=3) (seconds, Wall/CPU): 0.089483 1.035266
Time for Wc(i_q=50, i_omega=4) (seconds, Wall/CPU): 0.090400 1.047028
Time for Wc(i_q=50, i_omega=5) (seconds, Wall/CPU): 0.091516 1.059525
Time for Wc(i_q=50, i_omega=6) (seconds, Wall/CPU): 0.088886 1.028751
Computing Wc(q), 51 / 64, q=(0.500000, 0.000000, 0.750000)
Time to prepare sqrt root of Coulomb for Wc(q) (seconds, Wall/CPU): 0.188773 2.256710
Time to prepare sqrt root of Coulomb for Epsilon(q) (seconds, Wall/CPU): 0.184690 2.207425
Time for Wc(i_q=51, i_omega=1) (seconds, Wall/CPU): 0.090104 1.042280
Time for Wc(i_q=51, i_omega=2) (seconds, Wall/CPU): 0.088538 1.024586
Time for Wc(i_q=51, i_omega=3) (seconds, Wall/CPU): 0.089108 1.031619
Time for Wc(i_q=51, i_omega=4) (seconds, Wall/CPU): 0.088859 1.028317
Time for Wc(i_q=51, i_omega=5) (seconds, Wall/CPU): 0.091198 1.056352
Time for Wc(i_q=51, i_omega=6) (seconds, Wall/CPU): 0.088874 1.027877
Computing Wc(q), 52 / 64, q=(0.750000, 0.000000, 0.750000)
Time to prepare sqrt root of Coulomb for Wc(q) (seconds, Wall/CPU): 0.189134 2.260181
Time to prepare sqrt root of Coulomb for Epsilon(q) (seconds, Wall/CPU): 0.190925 2.277584
Time for Wc(i_q=52, i_omega=1) (seconds, Wall/CPU): 0.089845 1.039275
Time for Wc(i_q=52, i_omega=2) (seconds, Wall/CPU): 0.088684 1.026067
Time for Wc(i_q=52, i_omega=3) (seconds, Wall/CPU): 0.089007 1.030299
Time for Wc(i_q=52, i_omega=4) (seconds, Wall/CPU): 0.088572 1.024919
Time for Wc(i_q=52, i_omega=5) (seconds, Wall/CPU): 0.089706 1.038283
Time for Wc(i_q=52, i_omega=6) (seconds, Wall/CPU): 0.089089 1.030319
Computing Wc(q), 53 / 64, q=(0.000000, 0.250000, 0.750000)
Time to prepare sqrt root of Coulomb for Wc(q) (seconds, Wall/CPU): 0.186546 2.230166
Time to prepare sqrt root of Coulomb for Epsilon(q) (seconds, Wall/CPU): 0.185133 2.212157
Time for Wc(i_q=53, i_omega=1) (seconds, Wall/CPU): 0.226754 2.678008
Time for Wc(i_q=53, i_omega=2) (seconds, Wall/CPU): 0.088283 1.021841
Time for Wc(i_q=53, i_omega=3) (seconds, Wall/CPU): 0.093442 1.072537
Time for Wc(i_q=53, i_omega=4) (seconds, Wall/CPU): 0.088353 1.022583
Time for Wc(i_q=53, i_omega=5) (seconds, Wall/CPU): 0.089505 1.035516
Time for Wc(i_q=53, i_omega=6) (seconds, Wall/CPU): 0.088427 1.023694
Computing Wc(q), 54 / 64, q=(0.250000, 0.250000, 0.750000)
Time to prepare sqrt root of Coulomb for Wc(q) (seconds, Wall/CPU): 0.187655 2.243075
Time to prepare sqrt root of Coulomb for Epsilon(q) (seconds, Wall/CPU): 0.183858 2.197515
Time for Wc(i_q=54, i_omega=1) (seconds, Wall/CPU): 0.089673 1.037973
Time for Wc(i_q=54, i_omega=2) (seconds, Wall/CPU): 0.089238 1.032797
Time for Wc(i_q=54, i_omega=3) (seconds, Wall/CPU): 0.089308 1.033458
Time for Wc(i_q=54, i_omega=4) (seconds, Wall/CPU): 0.089406 1.034251
Time for Wc(i_q=54, i_omega=5) (seconds, Wall/CPU): 0.089605 1.037534
Time for Wc(i_q=54, i_omega=6) (seconds, Wall/CPU): 0.088496 1.023963
Computing Wc(q), 55 / 64, q=(0.500000, 0.250000, 0.750000)
Time to prepare sqrt root of Coulomb for Wc(q) (seconds, Wall/CPU): 0.186537 2.229681
Time to prepare sqrt root of Coulomb for Epsilon(q) (seconds, Wall/CPU): 0.816293 4.337847
Time for Wc(i_q=55, i_omega=1) (seconds, Wall/CPU): 0.089822 1.006213
Time for Wc(i_q=55, i_omega=2) (seconds, Wall/CPU): 0.089059 1.030305
Time for Wc(i_q=55, i_omega=3) (seconds, Wall/CPU): 0.089712 1.038629
Time for Wc(i_q=55, i_omega=4) (seconds, Wall/CPU): 0.089650 1.038134
Time for Wc(i_q=55, i_omega=5) (seconds, Wall/CPU): 0.089433 1.034848
Time for Wc(i_q=55, i_omega=6) (seconds, Wall/CPU): 0.089738 1.035469
Computing Wc(q), 56 / 64, q=(0.750000, 0.250000, 0.750000)
Time to prepare sqrt root of Coulomb for Wc(q) (seconds, Wall/CPU): 0.188622 2.254496
Time to prepare sqrt root of Coulomb for Epsilon(q) (seconds, Wall/CPU): 0.188343 2.250817
Time for Wc(i_q=56, i_omega=1) (seconds, Wall/CPU): 0.090019 1.040048
Time for Wc(i_q=56, i_omega=2) (seconds, Wall/CPU): 0.088611 1.025688
Time for Wc(i_q=56, i_omega=3) (seconds, Wall/CPU): 0.089756 1.037481
Time for Wc(i_q=56, i_omega=4) (seconds, Wall/CPU): 0.089258 1.033472
Time for Wc(i_q=56, i_omega=5) (seconds, Wall/CPU): 0.089694 1.038933
Time for Wc(i_q=56, i_omega=6) (seconds, Wall/CPU): 0.088607 1.025793
Computing Wc(q), 57 / 64, q=(0.000000, 0.500000, 0.750000)
Time to prepare sqrt root of Coulomb for Wc(q) (seconds, Wall/CPU): 0.189588 2.266503
Time to prepare sqrt root of Coulomb for Epsilon(q) (seconds, Wall/CPU): 0.184566 2.206076
Time for Wc(i_q=57, i_omega=1) (seconds, Wall/CPU): 0.090091 1.041728
Time for Wc(i_q=57, i_omega=2) (seconds, Wall/CPU): 0.088535 1.025163
Time for Wc(i_q=57, i_omega=3) (seconds, Wall/CPU): 0.090489 1.044455
Time for Wc(i_q=57, i_omega=4) (seconds, Wall/CPU): 0.089703 1.038272
Time for Wc(i_q=57, i_omega=5) (seconds, Wall/CPU): 0.513680 3.607722
Time for Wc(i_q=57, i_omega=6) (seconds, Wall/CPU): 0.089610 1.008551
Computing Wc(q), 58 / 64, q=(0.250000, 0.500000, 0.750000)
Time to prepare sqrt root of Coulomb for Wc(q) (seconds, Wall/CPU): 0.187997 2.248170
Time to prepare sqrt root of Coulomb for Epsilon(q) (seconds, Wall/CPU): 0.184409 2.205471
Time for Wc(i_q=58, i_omega=1) (seconds, Wall/CPU): 0.419980 3.520572
Time for Wc(i_q=58, i_omega=2) (seconds, Wall/CPU): 0.089322 0.994599
Time for Wc(i_q=58, i_omega=3) (seconds, Wall/CPU): 0.093796 1.086228
Time for Wc(i_q=58, i_omega=4) (seconds, Wall/CPU): 0.088993 1.030185
Time for Wc(i_q=58, i_omega=5) (seconds, Wall/CPU): 0.089876 1.040360
Time for Wc(i_q=58, i_omega=6) (seconds, Wall/CPU): 0.088657 1.025644
Computing Wc(q), 59 / 64, q=(0.500000, 0.500000, 0.750000)
Time to prepare sqrt root of Coulomb for Wc(q) (seconds, Wall/CPU): 0.188768 2.256304
Time to prepare sqrt root of Coulomb for Epsilon(q) (seconds, Wall/CPU): 0.183908 2.197525
Time for Wc(i_q=59, i_omega=1) (seconds, Wall/CPU): 0.089899 1.040726
Time for Wc(i_q=59, i_omega=2) (seconds, Wall/CPU): 0.089054 1.030528
Time for Wc(i_q=59, i_omega=3) (seconds, Wall/CPU): 0.089404 1.034430
Time for Wc(i_q=59, i_omega=4) (seconds, Wall/CPU): 0.090941 1.053498
Time for Wc(i_q=59, i_omega=5) (seconds, Wall/CPU): 0.089576 1.036951
Time for Wc(i_q=59, i_omega=6) (seconds, Wall/CPU): 0.089358 1.034464
Computing Wc(q), 60 / 64, q=(0.750000, 0.500000, 0.750000)
Time to prepare sqrt root of Coulomb for Wc(q) (seconds, Wall/CPU): 0.189806 2.268587
Time to prepare sqrt root of Coulomb for Epsilon(q) (seconds, Wall/CPU): 0.183123 2.188139
Time for Wc(i_q=60, i_omega=1) (seconds, Wall/CPU): 0.089940 1.040788
Time for Wc(i_q=60, i_omega=2) (seconds, Wall/CPU): 0.089092 1.031238
Time for Wc(i_q=60, i_omega=3) (seconds, Wall/CPU): 0.089981 1.040800
Time for Wc(i_q=60, i_omega=4) (seconds, Wall/CPU): 0.089037 1.031455
Time for Wc(i_q=60, i_omega=5) (seconds, Wall/CPU): 0.093082 1.079006
Time for Wc(i_q=60, i_omega=6) (seconds, Wall/CPU): 0.088994 1.029575
Computing Wc(q), 61 / 64, q=(0.000000, 0.750000, 0.750000)
Time to prepare sqrt root of Coulomb for Wc(q) (seconds, Wall/CPU): 0.186344 2.227156
Time to prepare sqrt root of Coulomb for Epsilon(q) (seconds, Wall/CPU): 0.178376 2.131742
Time for Wc(i_q=61, i_omega=1) (seconds, Wall/CPU): 0.089669 1.037285
Time for Wc(i_q=61, i_omega=2) (seconds, Wall/CPU): 0.091974 1.061695
Time for Wc(i_q=61, i_omega=3) (seconds, Wall/CPU): 0.090120 1.043055
Time for Wc(i_q=61, i_omega=4) (seconds, Wall/CPU): 0.088808 1.028192
Time for Wc(i_q=61, i_omega=5) (seconds, Wall/CPU): 0.089891 1.040774
Time for Wc(i_q=61, i_omega=6) (seconds, Wall/CPU): 0.091551 1.059660
Computing Wc(q), 62 / 64, q=(0.250000, 0.750000, 0.750000)
Time to prepare sqrt root of Coulomb for Wc(q) (seconds, Wall/CPU): 0.185946 2.222215
Time to prepare sqrt root of Coulomb for Epsilon(q) (seconds, Wall/CPU): 0.181046 2.163396
Time for Wc(i_q=62, i_omega=1) (seconds, Wall/CPU): 0.091681 1.059669
Time for Wc(i_q=62, i_omega=2) (seconds, Wall/CPU): 0.088702 1.025471
Time for Wc(i_q=62, i_omega=3) (seconds, Wall/CPU): 0.089109 1.030860
Time for Wc(i_q=62, i_omega=4) (seconds, Wall/CPU): 0.089652 1.037757
Time for Wc(i_q=62, i_omega=5) (seconds, Wall/CPU): 0.089284 1.032902
Time for Wc(i_q=62, i_omega=6) (seconds, Wall/CPU): 0.089679 1.037986
Computing Wc(q), 63 / 64, q=(0.500000, 0.750000, 0.750000)
Time to prepare sqrt root of Coulomb for Wc(q) (seconds, Wall/CPU): 0.190206 2.273480
Time to prepare sqrt root of Coulomb for Epsilon(q) (seconds, Wall/CPU): 0.182250 2.177833
Time for Wc(i_q=63, i_omega=1) (seconds, Wall/CPU): 0.097221 1.118305
Time for Wc(i_q=63, i_omega=2) (seconds, Wall/CPU): 0.169669 1.995223
Time for Wc(i_q=63, i_omega=3) (seconds, Wall/CPU): 0.089721 1.037876
Time for Wc(i_q=63, i_omega=4) (seconds, Wall/CPU): 0.089489 1.035241
Time for Wc(i_q=63, i_omega=5) (seconds, Wall/CPU): 0.093330 1.079457
Time for Wc(i_q=63, i_omega=6) (seconds, Wall/CPU): 0.088799 1.027000
Computing Wc(q), 64 / 64, q=(0.750000, 0.750000, 0.750000)
Time to prepare sqrt root of Coulomb for Wc(q) (seconds, Wall/CPU): 0.192712 2.303307
Time to prepare sqrt root of Coulomb for Epsilon(q) (seconds, Wall/CPU): 0.187577 2.241651
Time for Wc(i_q=64, i_omega=1) (seconds, Wall/CPU): 0.089115 1.031852
Time for Wc(i_q=64, i_omega=2) (seconds, Wall/CPU): 1.677757 3.183633
Time for Wc(i_q=64, i_omega=3) (seconds, Wall/CPU): 0.089049 0.999187
Time for Wc(i_q=64, i_omega=4) (seconds, Wall/CPU): 0.091076 1.054132
Time for Wc(i_q=64, i_omega=5) (seconds, Wall/CPU): 0.090566 1.048671
Time for Wc(i_q=64, i_omega=6) (seconds, Wall/CPU): 0.090156 1.043134
Time for Wc computation (seconds, Wall/CPU): 68.267596 735.762766
Calculating correlation self-energy by space-time method
Using real tensor
Converting Wc(q,w) -> W(R,t)
Converting Wc q,w -> R,t
Done converting Wc(q,w) -> Wc(R,w)
Done converting Wc q,w -> R,t
Time for Fourier transform of Wc in GW (seconds, Wall/CPU): 4.918248 36.889932
Time for LibRI G0W0 setup (seconds, Wall/CPU): 0.321606 2.507209
Time for Green's function, i_spin 1 i_tau 1 (seconds, Wall/CPU): 0.015809 0.015765
Task    3. libRI G0W0, spin 0, time grid     0.089856. Wc size 64, GF size 64. Wall time 0.584398
Task    1. libRI G0W0, spin 0, time grid     0.089856. Wc size 64, GF size 64. Wall time 1.777365
Task    2. libRI G0W0, spin 0, time grid     0.089856. Wc size 64, GF size 64. Wall time 2.580267
Task    0. libRI G0W0, spin 0, time grid     0.089856. Wc size 64, GF size 64. Wall time 3.422685
Task    3. libRI G0W0, spin 0, time grid    -0.089856. Wc size 64, GF size 64. Wall time 3.409778
Task    1. libRI G0W0, spin 0, time grid    -0.089856. Wc size 64, GF size 64. Wall time 3.548662
Task    2. libRI G0W0, spin 0, time grid    -0.089856. Wc size 64, GF size 64. Wall time 3.466246
Task    0. libRI G0W0, spin 0, time grid    -0.089856. Wc size 64, GF size 64. Wall time 3.421323
Time for Green's function, i_spin 1 i_tau 2 (seconds, Wall/CPU): 0.016059 0.016009
Task    3. libRI G0W0, spin 0, time grid     0.590263. Wc size 64, GF size 64. Wall time 0.904008
Task    1. libRI G0W0, spin 0, time grid     0.590263. Wc size 64, GF size 64. Wall time 1.987159
Task    2. libRI G0W0, spin 0, time grid     0.590263. Wc size 64, GF size 64. Wall time 2.544055
Task    0. libRI G0W0, spin 0, time grid     0.590263. Wc size 64, GF size 64. Wall time 3.786070
Task    3. libRI G0W0, spin 0, time grid    -0.590263. Wc size 64, GF size 64. Wall time 3.299452
Task    1. libRI G0W0, spin 0, time grid    -0.590263. Wc size 64, GF size 64. Wall time 3.367886
Task    2. libRI G0W0, spin 0, time grid    -0.590263. Wc size 64, GF size 64. Wall time 3.303851
Task    0. libRI G0W0, spin 0, time grid    -0.590263. Wc size 64, GF size 64. Wall time 4.353287
Time for Green's function, i_spin 1 i_tau 3 (seconds, Wall/CPU): 0.014897 0.014858
Task    3. libRI G0W0, spin 0, time grid     2.129784. Wc size 64, GF size 64. Wall time 1.353294
Task    1. libRI G0W0, spin 0, time grid     2.129784. Wc size 64, GF size 64. Wall time 2.428209
Task    2. libRI G0W0, spin 0, time grid     2.129784. Wc size 64, GF size 64. Wall time 2.559062
Task    0. libRI G0W0, spin 0, time grid     2.129784. Wc size 64, GF size 64. Wall time 4.223031
Task    3. libRI G0W0, spin 0, time grid    -2.129784. Wc size 64, GF size 64. Wall time 3.350672
Task    1. libRI G0W0, spin 0, time grid    -2.129784. Wc size 64, GF size 64. Wall time 3.368748
Task    2. libRI G0W0, spin 0, time grid    -2.129784. Wc size 64, GF size 64. Wall time 3.345872
Task    0. libRI G0W0, spin 0, time grid    -2.129784. Wc size 64, GF size 64. Wall time 3.396631
Time for Green's function, i_spin 1 i_tau 4 (seconds, Wall/CPU): 0.015054 0.015019
Task    3. libRI G0W0, spin 0, time grid     6.365317. Wc size 64, GF size 64. Wall time 0.585831
Task    1. libRI G0W0, spin 0, time grid     6.365317. Wc size 64, GF size 64. Wall time 1.928403
Task    2. libRI G0W0, spin 0, time grid     6.365317. Wc size 64, GF size 64. Wall time 2.536262
Task    0. libRI G0W0, spin 0, time grid     6.365317. Wc size 64, GF size 64. Wall time 3.328839
Task    3. libRI G0W0, spin 0, time grid    -6.365317. Wc size 64, GF size 64. Wall time 3.303675
Task    1. libRI G0W0, spin 0, time grid    -6.365317. Wc size 64, GF size 64. Wall time 3.090037
Task    2. libRI G0W0, spin 0, time grid    -6.365317. Wc size 64, GF size 64. Wall time 3.330552
Task    0. libRI G0W0, spin 0, time grid    -6.365317. Wc size 64, GF size 64. Wall time 3.385243
Time for Green's function, i_spin 1 i_tau 5 (seconds, Wall/CPU): 0.015205 0.015191
Task    3. libRI G0W0, spin 0, time grid    17.100215. Wc size 64, GF size 64. Wall time 0.581432
Task    1. libRI G0W0, spin 0, time grid    17.100215. Wc size 64, GF size 64. Wall time 1.661667
Task    2. libRI G0W0, spin 0, time grid    17.100215. Wc size 64, GF size 64. Wall time 2.530867
Task    0. libRI G0W0, spin 0, time grid    17.100215. Wc size 64, GF size 64. Wall time 3.324905
Task    3. libRI G0W0, spin 0, time grid   -17.100215. Wc size 64, GF size 64. Wall time 3.297585
Task    1. libRI G0W0, spin 0, time grid   -17.100215. Wc size 64, GF size 64. Wall time 3.356365
Task    2. libRI G0W0, spin 0, time grid   -17.100215. Wc size 64, GF size 64. Wall time 3.336317
Task    0. libRI G0W0, spin 0, time grid   -17.100215. Wc size 64, GF size 64. Wall time 3.404588
Time for Green's function, i_spin 1 i_tau 6 (seconds, Wall/CPU): 0.015790 0.015748
Task    3. libRI G0W0, spin 0, time grid    43.507954. Wc size 64, GF size 64. Wall time 0.567000
Task    1. libRI G0W0, spin 0, time grid    43.507954. Wc size 64, GF size 64. Wall time 1.590201
Task    2. libRI G0W0, spin 0, time grid    43.507954. Wc size 64, GF size 64. Wall time 2.532710
Task    0. libRI G0W0, spin 0, time grid    43.507954. Wc size 64, GF size 64. Wall time 3.425689
Task    3. libRI G0W0, spin 0, time grid   -43.507954. Wc size 64, GF size 64. Wall time 3.313499
Task    1. libRI G0W0, spin 0, time grid   -43.507954. Wc size 64, GF size 64. Wall time 3.375336
Task    2. libRI G0W0, spin 0, time grid   -43.507954. Wc size 64, GF size 64. Wall time 3.354222
Task    0. libRI G0W0, spin 0, time grid   -43.507954. Wc size 64, GF size 64. Wall time 3.382478
Task    3: tensor communicate elapsed time: 2.914064
Task    1: tensor communicate elapsed time: 1.768749
Task    0: tensor communicate elapsed time: 0.002147
Task    2: tensor communicate elapsed time: 0.821155
QSGW iteration 1: max_delta= 4.06884801e+03 eV gap= 4.55165940 eV mixer=none
Head k matrix (iomega=0): route=full_bz ik=0 k=( 0.000000000000, 0.000000000000, 0.000000000000)
( 3.63873120e-01,-3.19232842e-30) (-4.96851119e-04, 1.78698979e-16) (-1.32423159e-02, 1.19242141e-15)
(-4.96851119e-04,-1.78698979e-16) ( 4.22895042e-01,-6.38262597e-31) ( 1.24662913e-01,-5.74927544e-16)
(-1.32423159e-02,-1.19242141e-15) ( 1.24662913e-01, 5.74927544e-16) ( 4.62498158e-01,-2.26618997e-30)
Head k matrix (iomega=0): route=full_bz ik=1 k=( 0.250000000000, 0.000000000000, 0.000000000000)
( 0.00000000e+00, 0.00000000e+00) ( 0.00000000e+00, 0.00000000e+00) ( 0.00000000e+00, 0.00000000e+00)
( 0.00000000e+00, 0.00000000e+00) ( 0.00000000e+00, 0.00000000e+00) ( 0.00000000e+00, 0.00000000e+00)
( 0.00000000e+00, 0.00000000e+00) ( 0.00000000e+00, 0.00000000e+00) ( 0.00000000e+00, 0.00000000e+00)
Head k matrix (iomega=0): route=full_bz ik=2 k=( 0.500000000000, 0.000000000000, 0.000000000000)
( 0.00000000e+00, 0.00000000e+00) ( 0.00000000e+00, 0.00000000e+00) ( 0.00000000e+00, 0.00000000e+00)
( 0.00000000e+00, 0.00000000e+00) ( 0.00000000e+00, 0.00000000e+00) ( 0.00000000e+00, 0.00000000e+00)
( 0.00000000e+00, 0.00000000e+00) ( 0.00000000e+00, 0.00000000e+00) ( 0.00000000e+00, 0.00000000e+00)
Head k matrix (iomega=0): route=full_bz ik=3 k=( 0.750000000000, 0.000000000000, 0.000000000000)
( 0.00000000e+00, 0.00000000e+00) ( 0.00000000e+00, 0.00000000e+00) ( 0.00000000e+00, 0.00000000e+00)
( 0.00000000e+00, 0.00000000e+00) ( 0.00000000e+00, 0.00000000e+00) ( 0.00000000e+00, 0.00000000e+00)
( 0.00000000e+00, 0.00000000e+00) ( 0.00000000e+00, 0.00000000e+00) ( 0.00000000e+00, 0.00000000e+00)
Head k matrix (iomega=0): route=full_bz ik=4 k=( 0.000000000000, 0.250000000000, 0.000000000000)
( 2.52855138e-01, 3.69445788e-17) ( 1.22039739e-01,-5.43569876e-03) (-7.57135802e-02,-6.51487070e-03)
( 1.22039739e-01, 5.43569876e-03) ( 2.83589355e-01,-1.28095908e-16) ( 1.02801882e-01, 4.61481266e-03)
(-7.57135802e-02, 6.51487070e-03) ( 1.02801882e-01,-4.61481266e-03) ( 2.66091460e-01, 4.85319384e-17)
Head k matrix (iomega=0): route=full_bz ik=5 k=( 0.250000000000, 0.250000000000, 0.000000000000)
( 0.00000000e+00, 0.00000000e+00) ( 0.00000000e+00, 0.00000000e+00) ( 0.00000000e+00, 0.00000000e+00)
( 0.00000000e+00, 0.00000000e+00) ( 0.00000000e+00, 0.00000000e+00) ( 0.00000000e+00, 0.00000000e+00)
( 0.00000000e+00, 0.00000000e+00) ( 0.00000000e+00, 0.00000000e+00) ( 0.00000000e+00, 0.00000000e+00)
Head k matrix (iomega=0): route=full_bz ik=6 k=( 0.500000000000, 0.250000000000, 0.000000000000)
( 0.00000000e+00, 0.00000000e+00) ( 0.00000000e+00, 0.00000000e+00) ( 0.00000000e+00, 0.00000000e+00)
( 0.00000000e+00, 0.00000000e+00) ( 0.00000000e+00, 0.00000000e+00) ( 0.00000000e+00, 0.00000000e+00)
( 0.00000000e+00, 0.00000000e+00) ( 0.00000000e+00, 0.00000000e+00) ( 0.00000000e+00, 0.00000000e+00)
Head k matrix (iomega=0): route=full_bz ik=7 k=( 0.750000000000, 0.250000000000, 0.000000000000)
( 0.00000000e+00, 0.00000000e+00) ( 0.00000000e+00, 0.00000000e+00) ( 0.00000000e+00, 0.00000000e+00)
( 0.00000000e+00, 0.00000000e+00) ( 0.00000000e+00, 0.00000000e+00) ( 0.00000000e+00, 0.00000000e+00)
( 0.00000000e+00, 0.00000000e+00) ( 0.00000000e+00, 0.00000000e+00) ( 0.00000000e+00, 0.00000000e+00)
Head k matrix (iomega=0): route=full_bz ik=8 k=( 0.000000000000, 0.500000000000, 0.000000000000)
( 4.73863669e-01,-2.77504440e-30) ( 2.67769492e-01, 9.58037136e-16) (-1.66293144e-01, 1.19342302e-14)
( 2.67769492e-01,-9.58037136e-16) ( 5.23719207e-01,-1.30682705e-28) ( 1.95658137e-01, 5.84545818e-15)
(-1.66293144e-01,-1.19342302e-14) ( 1.95658137e-01,-5.84545818e-15) ( 3.63456999e-01,-5.91257221e-29)
Head k matrix (iomega=0): route=full_bz ik=9 k=( 0.250000000000, 0.500000000000, 0.000000000000)
( 0.00000000e+00, 0.00000000e+00) ( 0.00000000e+00, 0.00000000e+00) ( 0.00000000e+00, 0.00000000e+00)
( 0.00000000e+00, 0.00000000e+00) ( 0.00000000e+00, 0.00000000e+00) ( 0.00000000e+00, 0.00000000e+00)
( 0.00000000e+00, 0.00000000e+00) ( 0.00000000e+00, 0.00000000e+00) ( 0.00000000e+00, 0.00000000e+00)
Head k matrix (iomega=0): route=full_bz ik=10 k=( 0.500000000000, 0.500000000000, 0.000000000000)
( 0.00000000e+00, 0.00000000e+00) ( 0.00000000e+00, 0.00000000e+00) ( 0.00000000e+00, 0.00000000e+00)
( 0.00000000e+00, 0.00000000e+00) ( 0.00000000e+00, 0.00000000e+00) ( 0.00000000e+00, 0.00000000e+00)
( 0.00000000e+00, 0.00000000e+00) ( 0.00000000e+00, 0.00000000e+00) ( 0.00000000e+00, 0.00000000e+00)
Head k matrix (iomega=0): route=full_bz ik=11 k=( 0.750000000000, 0.500000000000, 0.000000000000)
( 0.00000000e+00, 0.00000000e+00) ( 0.00000000e+00, 0.00000000e+00) ( 0.00000000e+00, 0.00000000e+00)
( 0.00000000e+00, 0.00000000e+00) ( 0.00000000e+00, 0.00000000e+00) ( 0.00000000e+00, 0.00000000e+00)
( 0.00000000e+00, 0.00000000e+00) ( 0.00000000e+00, 0.00000000e+00) ( 0.00000000e+00, 0.00000000e+00)
Head k matrix (iomega=0): route=full_bz ik=12 k=( 0.000000000000, 0.750000000000, 0.000000000000)
( 2.83184405e-01, 3.28237708e-17) ( 1.34336247e-01, 8.42012221e-03) (-7.29471828e-02,-3.86002807e-03)
( 1.34336247e-01,-8.42012221e-03) ( 3.89100083e-01, 1.19646075e-16) ( 2.03732898e-01,-1.59169593e-02)
(-7.29471828e-02, 3.86002807e-03) ( 2.03732898e-01, 1.59169593e-02) ( 3.48573754e-01, 5.05014596e-17)
Head k matrix (iomega=0): route=full_bz ik=13 k=( 0.250000000000, 0.750000000000, 0.000000000000)
( 0.00000000e+00, 0.00000000e+00) ( 0.00000000e+00, 0.00000000e+00) ( 0.00000000e+00, 0.00000000e+00)
( 0.00000000e+00, 0.00000000e+00) ( 0.00000000e+00, 0.00000000e+00) ( 0.00000000e+00, 0.00000000e+00)
( 0.00000000e+00, 0.00000000e+00) ( 0.00000000e+00, 0.00000000e+00) ( 0.00000000e+00, 0.00000000e+00)
Head k matrix (iomega=0): route=full_bz ik=14 k=( 0.500000000000, 0.750000000000, 0.000000000000)
( 0.00000000e+00, 0.00000000e+00) ( 0.00000000e+00, 0.00000000e+00) ( 0.00000000e+00, 0.00000000e+00)
( 0.00000000e+00, 0.00000000e+00) ( 0.00000000e+00, 0.00000000e+00) ( 0.00000000e+00, 0.00000000e+00)
( 0.00000000e+00, 0.00000000e+00) ( 0.00000000e+00, 0.00000000e+00) ( 0.00000000e+00, 0.00000000e+00)
Head k matrix (iomega=0): route=full_bz ik=15 k=( 0.750000000000, 0.750000000000, 0.000000000000)
( 0.00000000e+00, 0.00000000e+00) ( 0.00000000e+00, 0.00000000e+00) ( 0.00000000e+00, 0.00000000e+00)
( 0.00000000e+00, 0.00000000e+00) ( 0.00000000e+00, 0.00000000e+00) ( 0.00000000e+00, 0.00000000e+00)
( 0.00000000e+00, 0.00000000e+00) ( 0.00000000e+00, 0.00000000e+00) ( 0.00000000e+00, 0.00000000e+00)
Head k matrix (iomega=0): route=full_bz ik=16 k=( 0.000000000000, 0.000000000000, 0.250000000000)
( 2.45303463e-01, 2.34101825e-17) (-1.36407289e-01,-1.16574054e-02) ( 5.16526379e-02,-3.96098832e-03)
(-1.36407289e-01, 1.16574054e-02) ( 3.64435968e-01,-7.45192769e-17) ( 1.62561698e-01, 1.42894128e-03)
( 5.16526379e-02, 3.96098832e-03) ( 1.62561698e-01,-1.42894128e-03) ( 2.92856212e-01, 9.16596898e-18)
Head k matrix (iomega=0): route=full_bz ik=17 k=( 0.250000000000, 0.000000000000, 0.250000000000)
( 0.00000000e+00, 0.00000000e+00) ( 0.00000000e+00, 0.00000000e+00) ( 0.00000000e+00, 0.00000000e+00)
( 0.00000000e+00, 0.00000000e+00) ( 0.00000000e+00, 0.00000000e+00) ( 0.00000000e+00, 0.00000000e+00)
( 0.00000000e+00, 0.00000000e+00) ( 0.00000000e+00, 0.00000000e+00) ( 0.00000000e+00, 0.00000000e+00)
Head k matrix (iomega=0): route=full_bz ik=18 k=( 0.500000000000, 0.000000000000, 0.250000000000)
( 0.00000000e+00, 0.00000000e+00) ( 0.00000000e+00, 0.00000000e+00) ( 0.00000000e+00, 0.00000000e+00)
( 0.00000000e+00, 0.00000000e+00) ( 0.00000000e+00, 0.00000000e+00) ( 0.00000000e+00, 0.00000000e+00)
( 0.00000000e+00, 0.00000000e+00) ( 0.00000000e+00, 0.00000000e+00) ( 0.00000000e+00, 0.00000000e+00)
Head k matrix (iomega=0): route=full_bz ik=19 k=( 0.750000000000, 0.000000000000, 0.250000000000)
( 0.00000000e+00, 0.00000000e+00) ( 0.00000000e+00, 0.00000000e+00) ( 0.00000000e+00, 0.00000000e+00)
( 0.00000000e+00, 0.00000000e+00) ( 0.00000000e+00, 0.00000000e+00) ( 0.00000000e+00, 0.00000000e+00)
( 0.00000000e+00, 0.00000000e+00) ( 0.00000000e+00, 0.00000000e+00) ( 0.00000000e+00, 0.00000000e+00)
Head k matrix (iomega=0): route=full_bz ik=20 k=( 0.000000000000, 0.250000000000, 0.250000000000)
( 4.48660766e-02,-5.53464167e-18) (-8.84948647e-03,-1.19367277e-03) (-6.83953934e-03, 1.79129346e-05)
(-8.84948647e-03, 1.19367277e-03) ( 3.10045100e-01,-9.24391547e-17) ( 1.41311926e-01, 2.20785620e-02)
(-6.83953934e-03,-1.79129346e-05) ( 1.41311926e-01,-2.20785620e-02) ( 3.06571544e-01, 4.55598497e-17)
Head k matrix (iomega=0): route=full_bz ik=21 k=( 0.250000000000, 0.250000000000, 0.250000000000)
( 0.00000000e+00, 0.00000000e+00) ( 0.00000000e+00, 0.00000000e+00) ( 0.00000000e+00, 0.00000000e+00)
( 0.00000000e+00, 0.00000000e+00) ( 0.00000000e+00, 0.00000000e+00) ( 0.00000000e+00, 0.00000000e+00)
( 0.00000000e+00, 0.00000000e+00) ( 0.00000000e+00, 0.00000000e+00) ( 0.00000000e+00, 0.00000000e+00)
Head k matrix (iomega=0): route=full_bz ik=22 k=( 0.500000000000, 0.250000000000, 0.250000000000)
( 0.00000000e+00, 0.00000000e+00) ( 0.00000000e+00, 0.00000000e+00) ( 0.00000000e+00, 0.00000000e+00)
( 0.00000000e+00, 0.00000000e+00) ( 0.00000000e+00, 0.00000000e+00) ( 0.00000000e+00, 0.00000000e+00)
( 0.00000000e+00, 0.00000000e+00) ( 0.00000000e+00, 0.00000000e+00) ( 0.00000000e+00, 0.00000000e+00)
Head k matrix (iomega=0): route=full_bz ik=23 k=( 0.750000000000, 0.250000000000, 0.250000000000)
( 0.00000000e+00, 0.00000000e+00) ( 0.00000000e+00, 0.00000000e+00) ( 0.00000000e+00, 0.00000000e+00)
( 0.00000000e+00, 0.00000000e+00) ( 0.00000000e+00, 0.00000000e+00) ( 0.00000000e+00, 0.00000000e+00)
( 0.00000000e+00, 0.00000000e+00) ( 0.00000000e+00, 0.00000000e+00) ( 0.00000000e+00, 0.00000000e+00)
Head k matrix (iomega=0): route=full_bz ik=24 k=( 0.000000000000, 0.500000000000, 0.250000000000)
( 4.12924297e-02,-4.98854427e-19) ( 3.20227340e-03, 2.79915925e-03) (-1.53105771e-03,-1.41504138e-03)
( 3.20227340e-03,-2.79915925e-03) ( 1.81513086e-01,-2.91031727e-17) ( 1.30516134e-01, 3.25966176e-03)
(-1.53105771e-03, 1.41504138e-03) ( 1.30516134e-01,-3.25966176e-03) ( 1.58075830e-01, 1.43853605e-16)
Head k matrix (iomega=0): route=full_bz ik=25 k=( 0.250000000000, 0.500000000000, 0.250000000000)
( 0.00000000e+00, 0.00000000e+00) ( 0.00000000e+00, 0.00000000e+00) ( 0.00000000e+00, 0.00000000e+00)
( 0.00000000e+00, 0.00000000e+00) ( 0.00000000e+00, 0.00000000e+00) ( 0.00000000e+00, 0.00000000e+00)
( 0.00000000e+00, 0.00000000e+00) ( 0.00000000e+00, 0.00000000e+00) ( 0.00000000e+00, 0.00000000e+00)
Head k matrix (iomega=0): route=full_bz ik=26 k=( 0.500000000000, 0.500000000000, 0.250000000000)
( 0.00000000e+00, 0.00000000e+00) ( 0.00000000e+00, 0.00000000e+00) ( 0.00000000e+00, 0.00000000e+00)
( 0.00000000e+00, 0.00000000e+00) ( 0.00000000e+00, 0.00000000e+00) ( 0.00000000e+00, 0.00000000e+00)
( 0.00000000e+00, 0.00000000e+00) ( 0.00000000e+00, 0.00000000e+00) ( 0.00000000e+00, 0.00000000e+00)
Head k matrix (iomega=0): route=full_bz ik=27 k=( 0.750000000000, 0.500000000000, 0.250000000000)
( 0.00000000e+00, 0.00000000e+00) ( 0.00000000e+00, 0.00000000e+00) ( 0.00000000e+00, 0.00000000e+00)
( 0.00000000e+00, 0.00000000e+00) ( 0.00000000e+00, 0.00000000e+00) ( 0.00000000e+00, 0.00000000e+00)
( 0.00000000e+00, 0.00000000e+00) ( 0.00000000e+00, 0.00000000e+00) ( 0.00000000e+00, 0.00000000e+00)
Head k matrix (iomega=0): route=full_bz ik=28 k=( 0.000000000000, 0.750000000000, 0.250000000000)
( 6.00047616e-02, 3.82351224e-18) ( 1.66233372e-03, 5.71875040e-04) (-3.92818459e-03,-5.34611448e-03)
( 1.66233372e-03,-5.71875040e-04) ( 1.16635959e-01, 7.42430940e-17) ( 7.39676631e-02, 1.73926006e-03)
(-3.92818459e-03, 5.34611448e-03) ( 7.39676631e-02,-1.73926006e-03) ( 1.30106341e-01,-3.14168975e-17)
Head k matrix (iomega=0): route=full_bz ik=29 k=( 0.250000000000, 0.750000000000, 0.250000000000)
( 0.00000000e+00, 0.00000000e+00) ( 0.00000000e+00, 0.00000000e+00) ( 0.00000000e+00, 0.00000000e+00)
( 0.00000000e+00, 0.00000000e+00) ( 0.00000000e+00, 0.00000000e+00) ( 0.00000000e+00, 0.00000000e+00)
( 0.00000000e+00, 0.00000000e+00) ( 0.00000000e+00, 0.00000000e+00) ( 0.00000000e+00, 0.00000000e+00)
Head k matrix (iomega=0): route=full_bz ik=30 k=( 0.500000000000, 0.750000000000, 0.250000000000)
( 0.00000000e+00, 0.00000000e+00) ( 0.00000000e+00, 0.00000000e+00) ( 0.00000000e+00, 0.00000000e+00)
( 0.00000000e+00, 0.00000000e+00) ( 0.00000000e+00, 0.00000000e+00) ( 0.00000000e+00, 0.00000000e+00)
( 0.00000000e+00, 0.00000000e+00) ( 0.00000000e+00, 0.00000000e+00) ( 0.00000000e+00, 0.00000000e+00)
Head k matrix (iomega=0): route=full_bz ik=31 k=( 0.750000000000, 0.750000000000, 0.250000000000)
( 0.00000000e+00, 0.00000000e+00) ( 0.00000000e+00, 0.00000000e+00) ( 0.00000000e+00, 0.00000000e+00)
( 0.00000000e+00, 0.00000000e+00) ( 0.00000000e+00, 0.00000000e+00) ( 0.00000000e+00, 0.00000000e+00)
( 0.00000000e+00, 0.00000000e+00) ( 0.00000000e+00, 0.00000000e+00) ( 0.00000000e+00, 0.00000000e+00)
Head k matrix (iomega=0): route=full_bz ik=32 k=( 0.000000000000, 0.000000000000, 0.500000000000)
( 4.42763763e-01,-5.62243888e-29) (-2.95669006e-01, 2.36576660e-14) ( 1.20932096e-01, 1.26062703e-17)
(-2.95669006e-01,-2.36576660e-14) ( 5.01377297e-01, 1.89791100e-29) ( 1.35253746e-01, 3.33976374e-17)
( 1.20932096e-01,-1.26062703e-17) ( 1.35253746e-01,-3.33976374e-17) ( 2.55938159e-01, 1.87343929e-29)
Head k matrix (iomega=0): route=full_bz ik=33 k=( 0.250000000000, 0.000000000000, 0.500000000000)
( 0.00000000e+00, 0.00000000e+00) ( 0.00000000e+00, 0.00000000e+00) ( 0.00000000e+00, 0.00000000e+00)
( 0.00000000e+00, 0.00000000e+00) ( 0.00000000e+00, 0.00000000e+00) ( 0.00000000e+00, 0.00000000e+00)
( 0.00000000e+00, 0.00000000e+00) ( 0.00000000e+00, 0.00000000e+00) ( 0.00000000e+00, 0.00000000e+00)
Head k matrix (iomega=0): route=full_bz ik=34 k=( 0.500000000000, 0.000000000000, 0.500000000000)
( 0.00000000e+00, 0.00000000e+00) ( 0.00000000e+00, 0.00000000e+00) ( 0.00000000e+00, 0.00000000e+00)
( 0.00000000e+00, 0.00000000e+00) ( 0.00000000e+00, 0.00000000e+00) ( 0.00000000e+00, 0.00000000e+00)
( 0.00000000e+00, 0.00000000e+00) ( 0.00000000e+00, 0.00000000e+00) ( 0.00000000e+00, 0.00000000e+00)
Head k matrix (iomega=0): route=full_bz ik=35 k=( 0.750000000000, 0.000000000000, 0.500000000000)
( 0.00000000e+00, 0.00000000e+00) ( 0.00000000e+00, 0.00000000e+00) ( 0.00000000e+00, 0.00000000e+00)
( 0.00000000e+00, 0.00000000e+00) ( 0.00000000e+00, 0.00000000e+00) ( 0.00000000e+00, 0.00000000e+00)
( 0.00000000e+00, 0.00000000e+00) ( 0.00000000e+00, 0.00000000e+00) ( 0.00000000e+00, 0.00000000e+00)
Head k matrix (iomega=0): route=full_bz ik=36 k=( 0.000000000000, 0.250000000000, 0.500000000000)
( 4.27869861e-02,-4.72205469e-18) (-2.44465689e-03,-2.07741140e-03) ( 1.64748269e-03,-9.56466027e-04)
(-2.44465689e-03, 2.07741140e-03) ( 1.62085854e-01, 5.73670492e-17) ( 1.21991275e-01, 3.21535834e-04)
( 1.64748269e-03, 9.56466027e-04) ( 1.21991275e-01,-3.21535834e-04) ( 1.62971343e-01, 3.16928498e-18)
Head k matrix (iomega=0): route=full_bz ik=37 k=( 0.250000000000, 0.250000000000, 0.500000000000)
( 0.00000000e+00, 0.00000000e+00) ( 0.00000000e+00, 0.00000000e+00) ( 0.00000000e+00, 0.00000000e+00)
( 0.00000000e+00, 0.00000000e+00) ( 0.00000000e+00, 0.00000000e+00) ( 0.00000000e+00, 0.00000000e+00)
( 0.00000000e+00, 0.00000000e+00) ( 0.00000000e+00, 0.00000000e+00) ( 0.00000000e+00, 0.00000000e+00)
Head k matrix (iomega=0): route=full_bz ik=38 k=( 0.500000000000, 0.250000000000, 0.500000000000)
( 0.00000000e+00, 0.00000000e+00) ( 0.00000000e+00, 0.00000000e+00) ( 0.00000000e+00, 0.00000000e+00)
( 0.00000000e+00, 0.00000000e+00) ( 0.00000000e+00, 0.00000000e+00) ( 0.00000000e+00, 0.00000000e+00)
( 0.00000000e+00, 0.00000000e+00) ( 0.00000000e+00, 0.00000000e+00) ( 0.00000000e+00, 0.00000000e+00)
Head k matrix (iomega=0): route=full_bz ik=39 k=( 0.750000000000, 0.250000000000, 0.500000000000)
( 0.00000000e+00, 0.00000000e+00) ( 0.00000000e+00, 0.00000000e+00) ( 0.00000000e+00, 0.00000000e+00)
( 0.00000000e+00, 0.00000000e+00) ( 0.00000000e+00, 0.00000000e+00) ( 0.00000000e+00, 0.00000000e+00)
( 0.00000000e+00, 0.00000000e+00) ( 0.00000000e+00, 0.00000000e+00) ( 0.00000000e+00, 0.00000000e+00)
Head k matrix (iomega=0): route=full_bz ik=40 k=( 0.000000000000, 0.500000000000, 0.500000000000)
( 2.49133619e-02, 3.01612097e-19) (-4.42940239e-03, 1.48270937e-05) (-5.72761924e-03, 2.79093616e-05)
(-4.42940239e-03,-1.48270937e-05) ( 2.46158135e-01, 1.51802666e-18) ( 1.08921201e-01,-3.60279867e-05)
(-5.72761924e-03,-2.79093616e-05) ( 1.08921201e-01, 3.60279867e-05) ( 2.33177358e-01, 4.97646911e-18)
Head k matrix (iomega=0): route=full_bz ik=41 k=( 0.250000000000, 0.500000000000, 0.500000000000)
( 0.00000000e+00, 0.00000000e+00) ( 0.00000000e+00, 0.00000000e+00) ( 0.00000000e+00, 0.00000000e+00)
( 0.00000000e+00, 0.00000000e+00) ( 0.00000000e+00, 0.00000000e+00) ( 0.00000000e+00, 0.00000000e+00)
( 0.00000000e+00, 0.00000000e+00) ( 0.00000000e+00, 0.00000000e+00) ( 0.00000000e+00, 0.00000000e+00)
Head k matrix (iomega=0): route=full_bz ik=42 k=( 0.500000000000, 0.500000000000, 0.500000000000)
( 0.00000000e+00, 0.00000000e+00) ( 0.00000000e+00, 0.00000000e+00) ( 0.00000000e+00, 0.00000000e+00)
( 0.00000000e+00, 0.00000000e+00) ( 0.00000000e+00, 0.00000000e+00) ( 0.00000000e+00, 0.00000000e+00)
( 0.00000000e+00, 0.00000000e+00) ( 0.00000000e+00, 0.00000000e+00) ( 0.00000000e+00, 0.00000000e+00)
Head k matrix (iomega=0): route=full_bz ik=43 k=( 0.750000000000, 0.500000000000, 0.500000000000)
( 0.00000000e+00, 0.00000000e+00) ( 0.00000000e+00, 0.00000000e+00) ( 0.00000000e+00, 0.00000000e+00)
( 0.00000000e+00, 0.00000000e+00) ( 0.00000000e+00, 0.00000000e+00) ( 0.00000000e+00, 0.00000000e+00)
( 0.00000000e+00, 0.00000000e+00) ( 0.00000000e+00, 0.00000000e+00) ( 0.00000000e+00, 0.00000000e+00)
Head k matrix (iomega=0): route=full_bz ik=44 k=( 0.000000000000, 0.750000000000, 0.500000000000)
( 4.23919471e-02,-3.77246614e-18) (-2.99723377e-03, 2.33941357e-03) ( 1.48133114e-03, 2.07914119e-03)
(-2.99723377e-03,-2.33941357e-03) ( 1.61956961e-01,-2.27816863e-17) ( 1.22293148e-01,-8.83926521e-04)
( 1.48133114e-03,-2.07914119e-03) ( 1.22293148e-01, 8.83926521e-04) ( 1.63046716e-01, 9.15550367e-18)
Head k matrix (iomega=0): route=full_bz ik=45 k=( 0.250000000000, 0.750000000000, 0.500000000000)
( 0.00000000e+00, 0.00000000e+00) ( 0.00000000e+00, 0.00000000e+00) ( 0.00000000e+00, 0.00000000e+00)
( 0.00000000e+00, 0.00000000e+00) ( 0.00000000e+00, 0.00000000e+00) ( 0.00000000e+00, 0.00000000e+00)
( 0.00000000e+00, 0.00000000e+00) ( 0.00000000e+00, 0.00000000e+00) ( 0.00000000e+00, 0.00000000e+00)
Head k matrix (iomega=0): route=full_bz ik=46 k=( 0.500000000000, 0.750000000000, 0.500000000000)
( 0.00000000e+00, 0.00000000e+00) ( 0.00000000e+00, 0.00000000e+00) ( 0.00000000e+00, 0.00000000e+00)
( 0.00000000e+00, 0.00000000e+00) ( 0.00000000e+00, 0.00000000e+00) ( 0.00000000e+00, 0.00000000e+00)
( 0.00000000e+00, 0.00000000e+00) ( 0.00000000e+00, 0.00000000e+00) ( 0.00000000e+00, 0.00000000e+00)
Head k matrix (iomega=0): route=full_bz ik=47 k=( 0.750000000000, 0.750000000000, 0.500000000000)
( 0.00000000e+00, 0.00000000e+00) ( 0.00000000e+00, 0.00000000e+00) ( 0.00000000e+00, 0.00000000e+00)
( 0.00000000e+00, 0.00000000e+00) ( 0.00000000e+00, 0.00000000e+00) ( 0.00000000e+00, 0.00000000e+00)
( 0.00000000e+00, 0.00000000e+00) ( 0.00000000e+00, 0.00000000e+00) ( 0.00000000e+00, 0.00000000e+00)
Head k matrix (iomega=0): route=full_bz ik=48 k=( 0.000000000000, 0.000000000000, 0.750000000000)
( 2.52008971e-01, 8.56871545e-17) (-1.31175175e-01, 1.11356506e-02) ( 7.89964778e-02,-1.66426967e-03)
(-1.31175175e-01,-1.11356506e-02) ( 3.17590893e-01,-8.41613485e-18) ( 9.53258662e-02,-3.82092642e-03)
( 7.89964778e-02, 1.66426967e-03) ( 9.53258662e-02, 3.82092642e-03) ( 2.44301262e-01,-1.14312066e-16)
Head k matrix (iomega=0): route=full_bz ik=49 k=( 0.250000000000, 0.000000000000, 0.750000000000)
( 0.00000000e+00, 0.00000000e+00) ( 0.00000000e+00, 0.00000000e+00) ( 0.00000000e+00, 0.00000000e+00)
( 0.00000000e+00, 0.00000000e+00) ( 0.00000000e+00, 0.00000000e+00) ( 0.00000000e+00, 0.00000000e+00)
( 0.00000000e+00, 0.00000000e+00) ( 0.00000000e+00, 0.00000000e+00) ( 0.00000000e+00, 0.00000000e+00)
Head k matrix (iomega=0): route=full_bz ik=50 k=( 0.500000000000, 0.000000000000, 0.750000000000)
( 0.00000000e+00, 0.00000000e+00) ( 0.00000000e+00, 0.00000000e+00) ( 0.00000000e+00, 0.00000000e+00)
( 0.00000000e+00, 0.00000000e+00) ( 0.00000000e+00, 0.00000000e+00) ( 0.00000000e+00, 0.00000000e+00)
( 0.00000000e+00, 0.00000000e+00) ( 0.00000000e+00, 0.00000000e+00) ( 0.00000000e+00, 0.00000000e+00)
Head k matrix (iomega=0): route=full_bz ik=51 k=( 0.750000000000, 0.000000000000, 0.750000000000)
( 0.00000000e+00, 0.00000000e+00) ( 0.00000000e+00, 0.00000000e+00) ( 0.00000000e+00, 0.00000000e+00)
( 0.00000000e+00, 0.00000000e+00) ( 0.00000000e+00, 0.00000000e+00) ( 0.00000000e+00, 0.00000000e+00)
( 0.00000000e+00, 0.00000000e+00) ( 0.00000000e+00, 0.00000000e+00) ( 0.00000000e+00, 0.00000000e+00)
Head k matrix (iomega=0): route=full_bz ik=52 k=( 0.000000000000, 0.250000000000, 0.750000000000)
( 5.90925984e-02, 5.27420193e-18) ( 1.38707697e-03,-4.34546642e-04) (-3.75514771e-03, 4.71931994e-03)
( 1.38707697e-03, 4.34546642e-04) ( 1.14907486e-01,-3.83716852e-17) ( 7.20424671e-02,-1.84215288e-03)
(-3.75514771e-03,-4.71931994e-03) ( 7.20424671e-02, 1.84215288e-03) ( 1.26221913e-01,-3.15166707e-17)
Head k matrix (iomega=0): route=full_bz ik=53 k=( 0.250000000000, 0.250000000000, 0.750000000000)
( 0.00000000e+00, 0.00000000e+00) ( 0.00000000e+00, 0.00000000e+00) ( 0.00000000e+00, 0.00000000e+00)
( 0.00000000e+00, 0.00000000e+00) ( 0.00000000e+00, 0.00000000e+00) ( 0.00000000e+00, 0.00000000e+00)
( 0.00000000e+00, 0.00000000e+00) ( 0.00000000e+00, 0.00000000e+00) ( 0.00000000e+00, 0.00000000e+00)
Head k matrix (iomega=0): route=full_bz ik=54 k=( 0.500000000000, 0.250000000000, 0.750000000000)
( 0.00000000e+00, 0.00000000e+00) ( 0.00000000e+00, 0.00000000e+00) ( 0.00000000e+00, 0.00000000e+00)
( 0.00000000e+00, 0.00000000e+00) ( 0.00000000e+00, 0.00000000e+00) ( 0.00000000e+00, 0.00000000e+00)
( 0.00000000e+00, 0.00000000e+00) ( 0.00000000e+00, 0.00000000e+00) ( 0.00000000e+00, 0.00000000e+00)
Head k matrix (iomega=0): route=full_bz ik=55 k=( 0.750000000000, 0.250000000000, 0.750000000000)
( 0.00000000e+00, 0.00000000e+00) ( 0.00000000e+00, 0.00000000e+00) ( 0.00000000e+00, 0.00000000e+00)
( 0.00000000e+00, 0.00000000e+00) ( 0.00000000e+00, 0.00000000e+00) ( 0.00000000e+00, 0.00000000e+00)
( 0.00000000e+00, 0.00000000e+00) ( 0.00000000e+00, 0.00000000e+00) ( 0.00000000e+00, 0.00000000e+00)
Head k matrix (iomega=0): route=full_bz ik=56 k=( 0.000000000000, 0.500000000000, 0.750000000000)
( 4.10494666e-02,-5.96820973e-18) ( 2.44273833e-03,-3.02509617e-03) (-2.00120876e-03, 9.41161111e-04)
( 2.44273833e-03, 3.02509617e-03) ( 1.74565481e-01,-1.91798887e-17) ( 1.24792770e-01,-3.14199752e-03)
(-2.00120876e-03,-9.41161111e-04) ( 1.24792770e-01, 3.14199752e-03) ( 1.53408433e-01, 8.52673675e-18)
Head k matrix (iomega=0): route=full_bz ik=57 k=( 0.250000000000, 0.500000000000, 0.750000000000)
( 0.00000000e+00, 0.00000000e+00) ( 0.00000000e+00, 0.00000000e+00) ( 0.00000000e+00, 0.00000000e+00)
( 0.00000000e+00, 0.00000000e+00) ( 0.00000000e+00, 0.00000000e+00) ( 0.00000000e+00, 0.00000000e+00)
( 0.00000000e+00, 0.00000000e+00) ( 0.00000000e+00, 0.00000000e+00) ( 0.00000000e+00, 0.00000000e+00)
Head k matrix (iomega=0): route=full_bz ik=58 k=( 0.500000000000, 0.500000000000, 0.750000000000)
( 0.00000000e+00, 0.00000000e+00) ( 0.00000000e+00, 0.00000000e+00) ( 0.00000000e+00, 0.00000000e+00)
( 0.00000000e+00, 0.00000000e+00) ( 0.00000000e+00, 0.00000000e+00) ( 0.00000000e+00, 0.00000000e+00)
( 0.00000000e+00, 0.00000000e+00) ( 0.00000000e+00, 0.00000000e+00) ( 0.00000000e+00, 0.00000000e+00)
Head k matrix (iomega=0): route=full_bz ik=59 k=( 0.750000000000, 0.500000000000, 0.750000000000)
( 0.00000000e+00, 0.00000000e+00) ( 0.00000000e+00, 0.00000000e+00) ( 0.00000000e+00, 0.00000000e+00)
( 0.00000000e+00, 0.00000000e+00) ( 0.00000000e+00, 0.00000000e+00) ( 0.00000000e+00, 0.00000000e+00)
( 0.00000000e+00, 0.00000000e+00) ( 0.00000000e+00, 0.00000000e+00) ( 0.00000000e+00, 0.00000000e+00)
Head k matrix (iomega=0): route=full_bz ik=60 k=( 0.000000000000, 0.750000000000, 0.750000000000)
( 4.15518265e-02, 2.29400912e-17) (-7.72442212e-03, 3.96600514e-03) (-6.65264488e-03, 1.73218419e-03)
(-7.72442212e-03,-3.96600514e-03) ( 2.89985654e-01, 6.52706928e-17) ( 1.48459004e-01,-4.34511353e-03)
(-6.65264488e-03,-1.73218419e-03) ( 1.48459004e-01, 4.34511353e-03) ( 2.97736761e-01,-4.87823306e-18)
Head k matrix (iomega=0): route=full_bz ik=61 k=( 0.250000000000, 0.750000000000, 0.750000000000)
( 0.00000000e+00, 0.00000000e+00) ( 0.00000000e+00, 0.00000000e+00) ( 0.00000000e+00, 0.00000000e+00)
( 0.00000000e+00, 0.00000000e+00) ( 0.00000000e+00, 0.00000000e+00) ( 0.00000000e+00, 0.00000000e+00)
( 0.00000000e+00, 0.00000000e+00) ( 0.00000000e+00, 0.00000000e+00) ( 0.00000000e+00, 0.00000000e+00)
Head k matrix (iomega=0): route=full_bz ik=62 k=( 0.500000000000, 0.750000000000, 0.750000000000)
( 0.00000000e+00, 0.00000000e+00) ( 0.00000000e+00, 0.00000000e+00) ( 0.00000000e+00, 0.00000000e+00)
( 0.00000000e+00, 0.00000000e+00) ( 0.00000000e+00, 0.00000000e+00) ( 0.00000000e+00, 0.00000000e+00)
( 0.00000000e+00, 0.00000000e+00) ( 0.00000000e+00, 0.00000000e+00) ( 0.00000000e+00, 0.00000000e+00)
Head k matrix (iomega=0): route=full_bz ik=63 k=( 0.750000000000, 0.750000000000, 0.750000000000)
( 0.00000000e+00, 0.00000000e+00) ( 0.00000000e+00, 0.00000000e+00) ( 0.00000000e+00, 0.00000000e+00)
( 0.00000000e+00, 0.00000000e+00) ( 0.00000000e+00, 0.00000000e+00) ( 0.00000000e+00, 0.00000000e+00)
( 0.00000000e+00, 0.00000000e+00) ( 0.00000000e+00, 0.00000000e+00) ( 0.00000000e+00, 0.00000000e+00)
Grid type: Minimax time-frequency grids
Grid size: 6
Frequency node & weight: 
 0      0.0688757446370481      0.1465807896828268
 1      0.2669158012207799      0.2800769005476514
 2      0.7365408915971048      0.7533692010330905
 3      2.1596662173835806      2.4698590337978232
 4      7.4937078044502297     10.2411223900589352
 5     35.9985714460380066     66.7381742004366458
Time node & weight: 
 0      0.0081783669870631      0.0235425194757841
 1      0.0682272568493714      0.1160471942142400
 2      0.3091000628492816      0.4209290815291242
 3      1.0893436053283296      1.2768428098857494
 4      3.2947850755940138      3.4632413790151957
 5      9.1489283942209081      9.2843388493043495
t->f transform: 

 Cosine transform matrix (row: freq, col: time)
nr = 6, nc = 6
 4.72348e-02 2.30680e-01 8.48005e-01 2.52321e+00 6.84491e+00 1.43109e+01
 4.64421e-02 2.35618e-01 8.24877e-01 2.50529e+00 4.06828e+00 -9.82377e+00
 4.73354e-02 2.29433e-01 8.34993e-01 1.65726e+00 -3.61013e+00 1.01258e+00
 4.67734e-02 2.32210e-01 6.27853e-01 -1.12924e+00 2.59702e-01 -4.35172e-02
 4.72321e-02 1.93406e-01 -2.85744e-01 5.14121e-02 -6.38014e-03 -1.74272e-03
 4.19739e-02 -4.83560e-02 7.74852e-03 -1.87535e-03 7.87972e-04 -4.94179e-04

 Sine transform matrix (row: freq, col: time)
nr = 6, nc = 6
 -6.49521e-03 4.09227e-02 -1.32006e-01 6.63449e-01 1.22317e-01 1.62082e+01
 7.35420e-03 -4.02159e-02 2.38620e-01 1.81292e-01 7.15520e+00 4.67829e+00
 -7.71830e-03 6.12828e-02 -6.44230e-03 2.54794e+00 1.77785e+00 -3.03750e+00
 9.46887e-03 -2.14550e-02 7.68578e-01 7.28396e-01 -9.93573e-01 8.52378e-01
 -6.59822e-03 1.82752e-01 2.48807e-01 -2.80131e-01 2.34077e-01 -2.31484e-01
 2.60524e-02 6.25626e-02 -6.01325e-02 5.23053e-02 -5.04250e-02 5.29551e-02
f->t transform: 

 Cosine transform matrix (row: time, col: freq)
nr = 6, nc = 6
 4.68370e-02 8.84138e-02 2.42128e-01 7.76853e-01 3.31818e+00 1.87886e+01
 4.66974e-02 8.90289e-02 2.39307e-01 7.83994e-01 2.69641e+00 -4.32446e+00
 4.65016e-02 8.93031e-02 2.33766e-01 5.93491e-01 -1.10992e+00 1.72140e-01
 4.65326e-02 8.58112e-02 1.59199e-01 -3.53935e-01 7.23846e-02 -1.38540e-02
 4.58274e-02 5.34588e-02 -1.27397e-01 3.36227e-02 -7.94577e-03 4.49320e-03
 3.60912e-02 -4.77211e-02 1.43653e-02 -4.06559e-03 2.42011e-03 -2.25878e-03

Total count of GFs IJR: 256
| Number of GFs IJR on Proc    0: 64
Use LibRI for chi0
| Number of GFs IJR on Proc    1: 64
| Number of GFs IJR on Proc    2: 64
| Number of GFs IJR on Proc    3: 64
Green's Function sums over all states.
chi0s for time point 0.008178, spin 0. CPU time: 50.824593 (tensor), 0.308795 (trans). Wall time 5.626584
Green's Function sums over all states.
chi0s for time point 0.068227, spin 0. CPU time: 52.647690 (tensor), 0.187921 (trans). Wall time 5.622237
Green's Function sums over all states.
chi0s for time point 0.309100, spin 0. CPU time: 51.209853 (tensor), 0.162274 (trans). Wall time 5.511176
Green's Function sums over all states.
chi0s for time point 1.089344, spin 0. CPU time: 51.500093 (tensor), 0.218613 (trans). Wall time 5.511247
Green's Function sums over all states.
chi0s for time point 3.294785, spin 0. CPU time: 51.766241 (tensor), 0.220216 (trans). Wall time 5.555403
Green's Function sums over all states.
chi0s for time point 9.148928, spin 0. CPU time: 51.255314 (tensor), 0.161776 (trans). Wall time 5.504336

Computing EXX orbital energy using LibRI
Task    0: V setup for EXX
Task    3: V setup for EXX
Task    1: V setup for EXX
Task    2: V setup for EXX
Task    1: DM setup for EXX
Task    2: DM setup for EXX
Task    3: DM setup for EXX
Task    0: DM setup for EXX
Task    0: cal_Hs elapsed time: 3.288613
Task    1: cal_Hs elapsed time: 3.288678
Task    2: cal_Hs elapsed time: 3.288640
Task    3: cal_Hs elapsed time: 3.288626
Calculating Wc using ScaLAPACK
Time for Wc initialization (seconds, Wall/CPU): 0.012406 0.148223
Computing Wc(q), 1 / 64, q=(0.000000, 0.000000, 0.000000)
Time to prepare sqrt root of Coulomb for Wc(q) (seconds, Wall/CPU): 0.129802 1.552228
Time to prepare sqrt root of Coulomb for Epsilon(q) (seconds, Wall/CPU): 0.108085 1.292507
Time for Wc(i_q=1, i_omega=1) (seconds, Wall/CPU): 0.104207 1.211656
Time for Wc(i_q=1, i_omega=2) (seconds, Wall/CPU): 0.105067 1.223201
Time for Wc(i_q=1, i_omega=3) (seconds, Wall/CPU): 0.103183 1.200741
Time for Wc(i_q=1, i_omega=4) (seconds, Wall/CPU): 0.103396 1.202382
Time for Wc(i_q=1, i_omega=5) (seconds, Wall/CPU): 0.104345 1.213643
Time for Wc(i_q=1, i_omega=6) (seconds, Wall/CPU): 0.104787 1.217244
Computing Wc(q), 2 / 64, q=(0.250000, 0.000000, 0.000000)
Time to prepare sqrt root of Coulomb for Wc(q) (seconds, Wall/CPU): 0.191268 2.281721
Time to prepare sqrt root of Coulomb for Epsilon(q) (seconds, Wall/CPU): 0.183958 2.198201
Time for Wc(i_q=2, i_omega=1) (seconds, Wall/CPU): 0.089477 1.035775
Time for Wc(i_q=2, i_omega=2) (seconds, Wall/CPU): 0.088170 1.019865
Time for Wc(i_q=2, i_omega=3) (seconds, Wall/CPU): 0.089636 1.037583
Time for Wc(i_q=2, i_omega=4) (seconds, Wall/CPU): 0.089412 1.035504
Time for Wc(i_q=2, i_omega=5) (seconds, Wall/CPU): 0.089107 1.031730
Time for Wc(i_q=2, i_omega=6) (seconds, Wall/CPU): 0.089695 1.038821
Computing Wc(q), 3 / 64, q=(0.500000, 0.000000, 0.000000)
Time to prepare sqrt root of Coulomb for Wc(q) (seconds, Wall/CPU): 0.190522 2.277654
Time to prepare sqrt root of Coulomb for Epsilon(q) (seconds, Wall/CPU): 0.189189 2.261749
Time for Wc(i_q=3, i_omega=1) (seconds, Wall/CPU): 0.089047 1.030989
Time for Wc(i_q=3, i_omega=2) (seconds, Wall/CPU): 0.088255 1.020645
Time for Wc(i_q=3, i_omega=3) (seconds, Wall/CPU): 0.089355 1.034042
Time for Wc(i_q=3, i_omega=4) (seconds, Wall/CPU): 0.088632 1.025882
Time for Wc(i_q=3, i_omega=5) (seconds, Wall/CPU): 0.089638 1.037231
Time for Wc(i_q=3, i_omega=6) (seconds, Wall/CPU): 0.088741 1.026854
Computing Wc(q), 4 / 64, q=(0.750000, 0.000000, 0.000000)
Time to prepare sqrt root of Coulomb for Wc(q) (seconds, Wall/CPU): 0.190773 2.280693
Time to prepare sqrt root of Coulomb for Epsilon(q) (seconds, Wall/CPU): 0.189919 2.270291
Time for Wc(i_q=4, i_omega=1) (seconds, Wall/CPU): 0.089067 1.031225
Time for Wc(i_q=4, i_omega=2) (seconds, Wall/CPU): 0.088492 1.023274
Time for Wc(i_q=4, i_omega=3) (seconds, Wall/CPU): 0.089125 1.031519
Time for Wc(i_q=4, i_omega=4) (seconds, Wall/CPU): 0.087941 1.016657
Time for Wc(i_q=4, i_omega=5) (seconds, Wall/CPU): 0.089801 1.039772
Time for Wc(i_q=4, i_omega=6) (seconds, Wall/CPU): 0.099314 1.132565
Computing Wc(q), 5 / 64, q=(0.000000, 0.250000, 0.000000)
Time to prepare sqrt root of Coulomb for Wc(q) (seconds, Wall/CPU): 0.191454 2.288732
Time to prepare sqrt root of Coulomb for Epsilon(q) (seconds, Wall/CPU): 0.188737 2.256357
Time for Wc(i_q=5, i_omega=1) (seconds, Wall/CPU): 0.089117 1.032339
Time for Wc(i_q=5, i_omega=2) (seconds, Wall/CPU): 0.088062 1.019059
Time for Wc(i_q=5, i_omega=3) (seconds, Wall/CPU): 0.089172 1.032330
Time for Wc(i_q=5, i_omega=4) (seconds, Wall/CPU): 0.088556 1.024534
Time for Wc(i_q=5, i_omega=5) (seconds, Wall/CPU): 0.089812 1.039173
Time for Wc(i_q=5, i_omega=6) (seconds, Wall/CPU): 0.089003 1.030605
Computing Wc(q), 6 / 64, q=(0.250000, 0.250000, 0.000000)
Time to prepare sqrt root of Coulomb for Wc(q) (seconds, Wall/CPU): 0.190252 2.274265
Time to prepare sqrt root of Coulomb for Epsilon(q) (seconds, Wall/CPU): 0.188199 2.249388
Time for Wc(i_q=6, i_omega=1) (seconds, Wall/CPU): 0.089295 1.034282
Time for Wc(i_q=6, i_omega=2) (seconds, Wall/CPU): 0.087916 1.016860
Time for Wc(i_q=6, i_omega=3) (seconds, Wall/CPU): 0.089820 1.040204
Time for Wc(i_q=6, i_omega=4) (seconds, Wall/CPU): 0.088182 1.021264
Time for Wc(i_q=6, i_omega=5) (seconds, Wall/CPU): 0.090044 1.042726
Time for Wc(i_q=6, i_omega=6) (seconds, Wall/CPU): 0.088540 1.025285
Computing Wc(q), 7 / 64, q=(0.500000, 0.250000, 0.000000)
Time to prepare sqrt root of Coulomb for Wc(q) (seconds, Wall/CPU): 0.193343 2.310980
Time to prepare sqrt root of Coulomb for Epsilon(q) (seconds, Wall/CPU): 0.187139 2.236224
Time for Wc(i_q=7, i_omega=1) (seconds, Wall/CPU): 0.090227 1.045618
Time for Wc(i_q=7, i_omega=2) (seconds, Wall/CPU): 0.093016 1.077536
Time for Wc(i_q=7, i_omega=3) (seconds, Wall/CPU): 0.089429 1.035975
Time for Wc(i_q=7, i_omega=4) (seconds, Wall/CPU): 0.090218 1.045636
Time for Wc(i_q=7, i_omega=5) (seconds, Wall/CPU): 0.090352 1.045846
Time for Wc(i_q=7, i_omega=6) (seconds, Wall/CPU): 0.088208 1.021169
Computing Wc(q), 8 / 64, q=(0.750000, 0.250000, 0.000000)
Time to prepare sqrt root of Coulomb for Wc(q) (seconds, Wall/CPU): 0.189045 2.259627
Time to prepare sqrt root of Coulomb for Epsilon(q) (seconds, Wall/CPU): 0.615831 4.325844
Time for Wc(i_q=8, i_omega=1) (seconds, Wall/CPU): 0.088761 1.003844
Time for Wc(i_q=8, i_omega=2) (seconds, Wall/CPU): 0.114582 1.293180
Time for Wc(i_q=8, i_omega=3) (seconds, Wall/CPU): 0.089706 1.038892
Time for Wc(i_q=8, i_omega=4) (seconds, Wall/CPU): 0.088788 1.027943
Time for Wc(i_q=8, i_omega=5) (seconds, Wall/CPU): 0.089905 1.041027
Time for Wc(i_q=8, i_omega=6) (seconds, Wall/CPU): 0.088996 1.028251
Computing Wc(q), 9 / 64, q=(0.000000, 0.500000, 0.000000)
Time to prepare sqrt root of Coulomb for Wc(q) (seconds, Wall/CPU): 0.190143 2.273056
Time to prepare sqrt root of Coulomb for Epsilon(q) (seconds, Wall/CPU): 0.186990 2.235058
Time for Wc(i_q=9, i_omega=1) (seconds, Wall/CPU): 0.089296 1.033149
Time for Wc(i_q=9, i_omega=2) (seconds, Wall/CPU): 0.089609 1.036788
Time for Wc(i_q=9, i_omega=3) (seconds, Wall/CPU): 0.089649 1.037354
Time for Wc(i_q=9, i_omega=4) (seconds, Wall/CPU): 0.087908 1.017129
Time for Wc(i_q=9, i_omega=5) (seconds, Wall/CPU): 0.089812 1.039596
Time for Wc(i_q=9, i_omega=6) (seconds, Wall/CPU): 0.088923 1.028749
Computing Wc(q), 10 / 64, q=(0.250000, 0.500000, 0.000000)
Time to prepare sqrt root of Coulomb for Wc(q) (seconds, Wall/CPU): 0.189118 2.260182
Time to prepare sqrt root of Coulomb for Epsilon(q) (seconds, Wall/CPU): 0.190513 2.277293
Time for Wc(i_q=10, i_omega=1) (seconds, Wall/CPU): 0.089087 1.030780
Time for Wc(i_q=10, i_omega=2) (seconds, Wall/CPU): 0.089708 1.040198
Time for Wc(i_q=10, i_omega=3) (seconds, Wall/CPU): 0.089305 1.034374
Time for Wc(i_q=10, i_omega=4) (seconds, Wall/CPU): 0.088668 1.025771
Time for Wc(i_q=10, i_omega=5) (seconds, Wall/CPU): 0.090397 1.046277
Time for Wc(i_q=10, i_omega=6) (seconds, Wall/CPU): 0.088563 1.024115
Computing Wc(q), 11 / 64, q=(0.500000, 0.500000, 0.000000)
Time to prepare sqrt root of Coulomb for Wc(q) (seconds, Wall/CPU): 0.193356 2.311155
Time to prepare sqrt root of Coulomb for Epsilon(q) (seconds, Wall/CPU): 0.185843 2.221410
Time for Wc(i_q=11, i_omega=1) (seconds, Wall/CPU): 0.090720 1.045276
Time for Wc(i_q=11, i_omega=2) (seconds, Wall/CPU): 0.089361 1.034464
Time for Wc(i_q=11, i_omega=3) (seconds, Wall/CPU): 0.089937 1.041374
Time for Wc(i_q=11, i_omega=4) (seconds, Wall/CPU): 0.088935 1.030307
Time for Wc(i_q=11, i_omega=5) (seconds, Wall/CPU): 0.090298 1.044874
Time for Wc(i_q=11, i_omega=6) (seconds, Wall/CPU): 0.089329 1.033834
Computing Wc(q), 12 / 64, q=(0.750000, 0.500000, 0.000000)
Time to prepare sqrt root of Coulomb for Wc(q) (seconds, Wall/CPU): 0.192038 2.292891
Time to prepare sqrt root of Coulomb for Epsilon(q) (seconds, Wall/CPU): 0.649960 4.784033
Time for Wc(i_q=12, i_omega=1) (seconds, Wall/CPU): 0.089677 1.037575
Time for Wc(i_q=12, i_omega=2) (seconds, Wall/CPU): 0.090255 1.045112
Time for Wc(i_q=12, i_omega=3) (seconds, Wall/CPU): 0.089733 1.039763
Time for Wc(i_q=12, i_omega=4) (seconds, Wall/CPU): 0.089483 1.035674
Time for Wc(i_q=12, i_omega=5) (seconds, Wall/CPU): 0.089680 1.037862
Time for Wc(i_q=12, i_omega=6) (seconds, Wall/CPU): 0.088963 1.030354
Computing Wc(q), 13 / 64, q=(0.000000, 0.750000, 0.000000)
Time to prepare sqrt root of Coulomb for Wc(q) (seconds, Wall/CPU): 0.190364 2.275688
Time to prepare sqrt root of Coulomb for Epsilon(q) (seconds, Wall/CPU): 0.187073 2.236603
Time for Wc(i_q=13, i_omega=1) (seconds, Wall/CPU): 0.089886 1.040399
Time for Wc(i_q=13, i_omega=2) (seconds, Wall/CPU): 0.089650 1.038290
Time for Wc(i_q=13, i_omega=3) (seconds, Wall/CPU): 0.090134 1.043925
Time for Wc(i_q=13, i_omega=4) (seconds, Wall/CPU): 0.089554 1.036970
Time for Wc(i_q=13, i_omega=5) (seconds, Wall/CPU): 0.089638 1.037517
Time for Wc(i_q=13, i_omega=6) (seconds, Wall/CPU): 0.088418 1.023826
Computing Wc(q), 14 / 64, q=(0.250000, 0.750000, 0.000000)
Time to prepare sqrt root of Coulomb for Wc(q) (seconds, Wall/CPU): 0.185755 2.220927
Time to prepare sqrt root of Coulomb for Epsilon(q) (seconds, Wall/CPU): 0.186399 2.227888
Time for Wc(i_q=14, i_omega=1) (seconds, Wall/CPU): 0.088569 1.025586
Time for Wc(i_q=14, i_omega=2) (seconds, Wall/CPU): 0.089848 1.040616
Time for Wc(i_q=14, i_omega=3) (seconds, Wall/CPU): 0.088775 1.027411
Time for Wc(i_q=14, i_omega=4) (seconds, Wall/CPU): 0.090173 1.043635
Time for Wc(i_q=14, i_omega=5) (seconds, Wall/CPU): 0.091212 1.055981
Time for Wc(i_q=14, i_omega=6) (seconds, Wall/CPU): 0.090329 1.046460
Computing Wc(q), 15 / 64, q=(0.500000, 0.750000, 0.000000)
Time to prepare sqrt root of Coulomb for Wc(q) (seconds, Wall/CPU): 0.186890 2.234321
Time to prepare sqrt root of Coulomb for Epsilon(q) (seconds, Wall/CPU): 0.192396 2.299758
Time for Wc(i_q=15, i_omega=1) (seconds, Wall/CPU): 0.090050 1.042124
Time for Wc(i_q=15, i_omega=2) (seconds, Wall/CPU): 0.089337 1.033854
Time for Wc(i_q=15, i_omega=3) (seconds, Wall/CPU): 0.089769 1.039100
Time for Wc(i_q=15, i_omega=4) (seconds, Wall/CPU): 0.090918 1.052827
Time for Wc(i_q=15, i_omega=5) (seconds, Wall/CPU): 0.090358 1.046030
Time for Wc(i_q=15, i_omega=6) (seconds, Wall/CPU): 0.089542 1.036747
Computing Wc(q), 16 / 64, q=(0.750000, 0.750000, 0.000000)
Time to prepare sqrt root of Coulomb for Wc(q) (seconds, Wall/CPU): 0.191515 2.289590
Time to prepare sqrt root of Coulomb for Epsilon(q) (seconds, Wall/CPU): 0.187161 2.237413
Time for Wc(i_q=16, i_omega=1) (seconds, Wall/CPU): 0.090025 1.041552
Time for Wc(i_q=16, i_omega=2) (seconds, Wall/CPU): 0.089758 1.038176
Time for Wc(i_q=16, i_omega=3) (seconds, Wall/CPU): 0.089546 1.036165
Time for Wc(i_q=16, i_omega=4) (seconds, Wall/CPU): 0.089241 1.033248
Time for Wc(i_q=16, i_omega=5) (seconds, Wall/CPU): 0.089973 1.041961
Time for Wc(i_q=16, i_omega=6) (seconds, Wall/CPU): 0.090492 1.047334
Computing Wc(q), 17 / 64, q=(0.000000, 0.000000, 0.250000)
Time to prepare sqrt root of Coulomb for Wc(q) (seconds, Wall/CPU): 0.191017 2.281466
Time to prepare sqrt root of Coulomb for Epsilon(q) (seconds, Wall/CPU): 1.621948 7.353965
Time for Wc(i_q=17, i_omega=1) (seconds, Wall/CPU): 0.088625 1.024616
Time for Wc(i_q=17, i_omega=2) (seconds, Wall/CPU): 0.089520 1.036166
Time for Wc(i_q=17, i_omega=3) (seconds, Wall/CPU): 0.089304 1.033480
Time for Wc(i_q=17, i_omega=4) (seconds, Wall/CPU): 0.089488 1.034960
Time for Wc(i_q=17, i_omega=5) (seconds, Wall/CPU): 0.093517 1.083412
Time for Wc(i_q=17, i_omega=6) (seconds, Wall/CPU): 0.089740 1.038406
Computing Wc(q), 18 / 64, q=(0.250000, 0.000000, 0.250000)
Time to prepare sqrt root of Coulomb for Wc(q) (seconds, Wall/CPU): 0.189605 2.266274
Time to prepare sqrt root of Coulomb for Epsilon(q) (seconds, Wall/CPU): 0.181677 2.172173
Time for Wc(i_q=18, i_omega=1) (seconds, Wall/CPU): 0.089355 1.034353
Time for Wc(i_q=18, i_omega=2) (seconds, Wall/CPU): 0.090126 1.042933
Time for Wc(i_q=18, i_omega=3) (seconds, Wall/CPU): 0.089633 1.037015
Time for Wc(i_q=18, i_omega=4) (seconds, Wall/CPU): 0.089485 1.035612
Time for Wc(i_q=18, i_omega=5) (seconds, Wall/CPU): 0.089860 1.040205
Time for Wc(i_q=18, i_omega=6) (seconds, Wall/CPU): 0.089562 1.036515
Computing Wc(q), 19 / 64, q=(0.500000, 0.000000, 0.250000)
Time to prepare sqrt root of Coulomb for Wc(q) (seconds, Wall/CPU): 0.188883 2.258113
Time to prepare sqrt root of Coulomb for Epsilon(q) (seconds, Wall/CPU): 0.184359 2.203857
Time for Wc(i_q=19, i_omega=1) (seconds, Wall/CPU): 0.089743 1.038047
Time for Wc(i_q=19, i_omega=2) (seconds, Wall/CPU): 0.089155 1.032036
Time for Wc(i_q=19, i_omega=3) (seconds, Wall/CPU): 0.090206 1.044438
Time for Wc(i_q=19, i_omega=4) (seconds, Wall/CPU): 0.090537 1.048595
Time for Wc(i_q=19, i_omega=5) (seconds, Wall/CPU): 0.089071 1.031354
Time for Wc(i_q=19, i_omega=6) (seconds, Wall/CPU): 0.089360 1.034848
Computing Wc(q), 20 / 64, q=(0.750000, 0.000000, 0.250000)
Time to prepare sqrt root of Coulomb for Wc(q) (seconds, Wall/CPU): 0.189028 2.259578
Time to prepare sqrt root of Coulomb for Epsilon(q) (seconds, Wall/CPU): 0.187614 2.242318
Time for Wc(i_q=20, i_omega=1) (seconds, Wall/CPU): 0.089785 1.039054
Time for Wc(i_q=20, i_omega=2) (seconds, Wall/CPU): 0.089151 1.031537
Time for Wc(i_q=20, i_omega=3) (seconds, Wall/CPU): 0.089318 1.033654
Time for Wc(i_q=20, i_omega=4) (seconds, Wall/CPU): 0.090130 1.043778
Time for Wc(i_q=20, i_omega=5) (seconds, Wall/CPU): 0.090030 1.043079
Time for Wc(i_q=20, i_omega=6) (seconds, Wall/CPU): 0.089562 1.036703
Computing Wc(q), 21 / 64, q=(0.000000, 0.250000, 0.250000)
Time to prepare sqrt root of Coulomb for Wc(q) (seconds, Wall/CPU): 0.283477 3.388070
Time to prepare sqrt root of Coulomb for Epsilon(q) (seconds, Wall/CPU): 0.185722 2.220279
Time for Wc(i_q=21, i_omega=1) (seconds, Wall/CPU): 0.089204 1.032521
Time for Wc(i_q=21, i_omega=2) (seconds, Wall/CPU): 0.090036 1.042225
Time for Wc(i_q=21, i_omega=3) (seconds, Wall/CPU): 0.089591 1.037488
Time for Wc(i_q=21, i_omega=4) (seconds, Wall/CPU): 0.089194 1.033069
Time for Wc(i_q=21, i_omega=5) (seconds, Wall/CPU): 0.090824 1.052125
Time for Wc(i_q=21, i_omega=6) (seconds, Wall/CPU): 0.089766 1.040064
Computing Wc(q), 22 / 64, q=(0.250000, 0.250000, 0.250000)
Time to prepare sqrt root of Coulomb for Wc(q) (seconds, Wall/CPU): 0.190209 2.273321
Time to prepare sqrt root of Coulomb for Epsilon(q) (seconds, Wall/CPU): 0.186209 2.225918
Time for Wc(i_q=22, i_omega=1) (seconds, Wall/CPU): 0.089378 1.034323
Time for Wc(i_q=22, i_omega=2) (seconds, Wall/CPU): 0.090222 1.043895
Time for Wc(i_q=22, i_omega=3) (seconds, Wall/CPU): 0.089547 1.036146
Time for Wc(i_q=22, i_omega=4) (seconds, Wall/CPU): 0.089279 1.034327
Time for Wc(i_q=22, i_omega=5) (seconds, Wall/CPU): 0.089817 1.040125
Time for Wc(i_q=22, i_omega=6) (seconds, Wall/CPU): 0.089464 1.036000
Computing Wc(q), 23 / 64, q=(0.500000, 0.250000, 0.250000)
Time to prepare sqrt root of Coulomb for Wc(q) (seconds, Wall/CPU): 0.188761 2.255116
Time to prepare sqrt root of Coulomb for Epsilon(q) (seconds, Wall/CPU): 0.187306 2.239437
Time for Wc(i_q=23, i_omega=1) (seconds, Wall/CPU): 0.089775 1.039265
Time for Wc(i_q=23, i_omega=2) (seconds, Wall/CPU): 0.089637 1.036434
Time for Wc(i_q=23, i_omega=3) (seconds, Wall/CPU): 0.089540 1.036500
Time for Wc(i_q=23, i_omega=4) (seconds, Wall/CPU): 0.089318 1.034662
Time for Wc(i_q=23, i_omega=5) (seconds, Wall/CPU): 0.089933 1.040767
Time for Wc(i_q=23, i_omega=6) (seconds, Wall/CPU): 0.090678 1.048982
Computing Wc(q), 24 / 64, q=(0.750000, 0.250000, 0.250000)
Time to prepare sqrt root of Coulomb for Wc(q) (seconds, Wall/CPU): 0.187794 2.244490
Time to prepare sqrt root of Coulomb for Epsilon(q) (seconds, Wall/CPU): 0.187142 2.236752
Time for Wc(i_q=24, i_omega=1) (seconds, Wall/CPU): 0.089581 1.036521
Time for Wc(i_q=24, i_omega=2) (seconds, Wall/CPU): 0.089354 1.034310
Time for Wc(i_q=24, i_omega=3) (seconds, Wall/CPU): 0.089045 1.031090
Time for Wc(i_q=24, i_omega=4) (seconds, Wall/CPU): 0.089945 1.041333
Time for Wc(i_q=24, i_omega=5) (seconds, Wall/CPU): 0.090308 1.045247
Time for Wc(i_q=24, i_omega=6) (seconds, Wall/CPU): 0.089506 1.036470
Computing Wc(q), 25 / 64, q=(0.000000, 0.500000, 0.250000)
Time to prepare sqrt root of Coulomb for Wc(q) (seconds, Wall/CPU): 0.187528 2.241509
Time to prepare sqrt root of Coulomb for Epsilon(q) (seconds, Wall/CPU): 0.187502 2.241132
Time for Wc(i_q=25, i_omega=1) (seconds, Wall/CPU): 0.089001 1.030083
Time for Wc(i_q=25, i_omega=2) (seconds, Wall/CPU): 0.092659 1.073124
Time for Wc(i_q=25, i_omega=3) (seconds, Wall/CPU): 0.089671 1.037826
Time for Wc(i_q=25, i_omega=4) (seconds, Wall/CPU): 0.089708 1.039066
Time for Wc(i_q=25, i_omega=5) (seconds, Wall/CPU): 0.089749 1.038740
Time for Wc(i_q=25, i_omega=6) (seconds, Wall/CPU): 0.090294 1.046934
Computing Wc(q), 26 / 64, q=(0.250000, 0.500000, 0.250000)
Time to prepare sqrt root of Coulomb for Wc(q) (seconds, Wall/CPU): 0.186572 2.230304
Time to prepare sqrt root of Coulomb for Epsilon(q) (seconds, Wall/CPU): 0.186870 2.231804
Time for Wc(i_q=26, i_omega=1) (seconds, Wall/CPU): 1.073573 4.856855
Time for Wc(i_q=26, i_omega=2) (seconds, Wall/CPU): 0.137830 1.613779
Time for Wc(i_q=26, i_omega=3) (seconds, Wall/CPU): 0.089243 1.032359
Time for Wc(i_q=26, i_omega=4) (seconds, Wall/CPU): 0.137324 1.608700
Time for Wc(i_q=26, i_omega=5) (seconds, Wall/CPU): 0.090277 1.045387
Time for Wc(i_q=26, i_omega=6) (seconds, Wall/CPU): 0.090204 1.044949
Computing Wc(q), 27 / 64, q=(0.500000, 0.500000, 0.250000)
Time to prepare sqrt root of Coulomb for Wc(q) (seconds, Wall/CPU): 0.227822 2.723189
Time to prepare sqrt root of Coulomb for Epsilon(q) (seconds, Wall/CPU): 0.187068 2.235911
Time for Wc(i_q=27, i_omega=1) (seconds, Wall/CPU): 0.135541 1.586630
Time for Wc(i_q=27, i_omega=2) (seconds, Wall/CPU): 0.180556 2.124942
Time for Wc(i_q=27, i_omega=3) (seconds, Wall/CPU): 0.089711 1.038670
Time for Wc(i_q=27, i_omega=4) (seconds, Wall/CPU): 0.090045 1.042550
Time for Wc(i_q=27, i_omega=5) (seconds, Wall/CPU): 0.089954 1.041694
Time for Wc(i_q=27, i_omega=6) (seconds, Wall/CPU): 0.090235 1.045221
Computing Wc(q), 28 / 64, q=(0.750000, 0.500000, 0.250000)
Time to prepare sqrt root of Coulomb for Wc(q) (seconds, Wall/CPU): 0.187203 2.237975
Time to prepare sqrt root of Coulomb for Epsilon(q) (seconds, Wall/CPU): 0.197902 2.354947
Time for Wc(i_q=28, i_omega=1) (seconds, Wall/CPU): 0.089865 1.039643
Time for Wc(i_q=28, i_omega=2) (seconds, Wall/CPU): 0.092678 1.074290
Time for Wc(i_q=28, i_omega=3) (seconds, Wall/CPU): 0.089231 1.032548
Time for Wc(i_q=28, i_omega=4) (seconds, Wall/CPU): 0.089294 1.033449
Time for Wc(i_q=28, i_omega=5) (seconds, Wall/CPU): 0.089710 1.038268
Time for Wc(i_q=28, i_omega=6) (seconds, Wall/CPU): 0.090664 1.049857
Computing Wc(q), 29 / 64, q=(0.000000, 0.750000, 0.250000)
Time to prepare sqrt root of Coulomb for Wc(q) (seconds, Wall/CPU): 0.186371 2.227963
Time to prepare sqrt root of Coulomb for Epsilon(q) (seconds, Wall/CPU): 0.185548 2.217658
Time for Wc(i_q=29, i_omega=1) (seconds, Wall/CPU): 0.094877 1.100301
Time for Wc(i_q=29, i_omega=2) (seconds, Wall/CPU): 0.092905 1.076707
Time for Wc(i_q=29, i_omega=3) (seconds, Wall/CPU): 0.091128 1.053215
Time for Wc(i_q=29, i_omega=4) (seconds, Wall/CPU): 0.089138 1.031262
Time for Wc(i_q=29, i_omega=5) (seconds, Wall/CPU): 0.090264 1.045168
Time for Wc(i_q=29, i_omega=6) (seconds, Wall/CPU): 0.089787 1.038684
Computing Wc(q), 30 / 64, q=(0.250000, 0.750000, 0.250000)
Time to prepare sqrt root of Coulomb for Wc(q) (seconds, Wall/CPU): 0.193113 2.308871
Time to prepare sqrt root of Coulomb for Epsilon(q) (seconds, Wall/CPU): 0.187838 2.244425
Time for Wc(i_q=30, i_omega=1) (seconds, Wall/CPU): 1.772851 6.405626
Time for Wc(i_q=30, i_omega=2) (seconds, Wall/CPU): 0.089722 1.039789
Time for Wc(i_q=30, i_omega=3) (seconds, Wall/CPU): 0.089669 1.038615
Time for Wc(i_q=30, i_omega=4) (seconds, Wall/CPU): 0.089032 1.031337
Time for Wc(i_q=30, i_omega=5) (seconds, Wall/CPU): 0.089823 1.040969
Time for Wc(i_q=30, i_omega=6) (seconds, Wall/CPU): 0.089135 1.032559
Computing Wc(q), 31 / 64, q=(0.500000, 0.750000, 0.250000)
Time to prepare sqrt root of Coulomb for Wc(q) (seconds, Wall/CPU): 0.194528 2.323615
Time to prepare sqrt root of Coulomb for Epsilon(q) (seconds, Wall/CPU): 0.182798 2.186256
Time for Wc(i_q=31, i_omega=1) (seconds, Wall/CPU): 0.089046 1.031741
Time for Wc(i_q=31, i_omega=2) (seconds, Wall/CPU): 0.089396 1.035349
Time for Wc(i_q=31, i_omega=3) (seconds, Wall/CPU): 0.089040 1.031280
Time for Wc(i_q=31, i_omega=4) (seconds, Wall/CPU): 0.088881 1.029343
Time for Wc(i_q=31, i_omega=5) (seconds, Wall/CPU): 0.090353 1.045448
Time for Wc(i_q=31, i_omega=6) (seconds, Wall/CPU): 0.089195 1.033192
Computing Wc(q), 32 / 64, q=(0.750000, 0.750000, 0.250000)
Time to prepare sqrt root of Coulomb for Wc(q) (seconds, Wall/CPU): 0.191314 2.283752
Time to prepare sqrt root of Coulomb for Epsilon(q) (seconds, Wall/CPU): 0.185743 2.220364
Time for Wc(i_q=32, i_omega=1) (seconds, Wall/CPU): 0.090037 1.041537
Time for Wc(i_q=32, i_omega=2) (seconds, Wall/CPU): 0.090532 1.048184
Time for Wc(i_q=32, i_omega=3) (seconds, Wall/CPU): 0.089531 1.036550
Time for Wc(i_q=32, i_omega=4) (seconds, Wall/CPU): 0.089552 1.036608
Time for Wc(i_q=32, i_omega=5) (seconds, Wall/CPU): 0.090119 1.043640
Time for Wc(i_q=32, i_omega=6) (seconds, Wall/CPU): 0.090595 1.049313
Computing Wc(q), 33 / 64, q=(0.000000, 0.000000, 0.500000)
Time to prepare sqrt root of Coulomb for Wc(q) (seconds, Wall/CPU): 0.188419 2.252545
Time to prepare sqrt root of Coulomb for Epsilon(q) (seconds, Wall/CPU): 0.187141 2.233762
Time for Wc(i_q=33, i_omega=1) (seconds, Wall/CPU): 0.090078 1.042737
Time for Wc(i_q=33, i_omega=2) (seconds, Wall/CPU): 0.090182 1.044403
Time for Wc(i_q=33, i_omega=3) (seconds, Wall/CPU): 0.089258 1.033481
Time for Wc(i_q=33, i_omega=4) (seconds, Wall/CPU): 0.090200 1.044074
Time for Wc(i_q=33, i_omega=5) (seconds, Wall/CPU): 0.089686 1.038408
Time for Wc(i_q=33, i_omega=6) (seconds, Wall/CPU): 0.090251 1.044801
Computing Wc(q), 34 / 64, q=(0.250000, 0.000000, 0.500000)
Time to prepare sqrt root of Coulomb for Wc(q) (seconds, Wall/CPU): 0.189137 2.258615
Time to prepare sqrt root of Coulomb for Epsilon(q) (seconds, Wall/CPU): 0.186887 2.231020
Time for Wc(i_q=34, i_omega=1) (seconds, Wall/CPU): 0.089285 1.033631
Time for Wc(i_q=34, i_omega=2) (seconds, Wall/CPU): 0.089658 1.038570
Time for Wc(i_q=34, i_omega=3) (seconds, Wall/CPU): 0.089687 1.038573
Time for Wc(i_q=34, i_omega=4) (seconds, Wall/CPU): 0.089982 1.041945
Time for Wc(i_q=34, i_omega=5) (seconds, Wall/CPU): 0.090201 1.043991
Time for Wc(i_q=34, i_omega=6) (seconds, Wall/CPU): 0.090796 1.051143
Computing Wc(q), 35 / 64, q=(0.500000, 0.000000, 0.500000)
Time to prepare sqrt root of Coulomb for Wc(q) (seconds, Wall/CPU): 0.187304 2.238754
Time to prepare sqrt root of Coulomb for Epsilon(q) (seconds, Wall/CPU): 0.608070 6.805108
Time for Wc(i_q=35, i_omega=1) (seconds, Wall/CPU): 0.089492 1.037219
Time for Wc(i_q=35, i_omega=2) (seconds, Wall/CPU): 0.089683 1.038678
Time for Wc(i_q=35, i_omega=3) (seconds, Wall/CPU): 0.089529 1.037061
Time for Wc(i_q=35, i_omega=4) (seconds, Wall/CPU): 0.090927 1.052836
Time for Wc(i_q=35, i_omega=5) (seconds, Wall/CPU): 0.089902 1.041723
Time for Wc(i_q=35, i_omega=6) (seconds, Wall/CPU): 0.089818 1.040680
Computing Wc(q), 36 / 64, q=(0.750000, 0.000000, 0.500000)
Time to prepare sqrt root of Coulomb for Wc(q) (seconds, Wall/CPU): 0.193922 2.315866
Time to prepare sqrt root of Coulomb for Epsilon(q) (seconds, Wall/CPU): 0.183507 2.194549
Time for Wc(i_q=36, i_omega=1) (seconds, Wall/CPU): 0.089643 1.038718
Time for Wc(i_q=36, i_omega=2) (seconds, Wall/CPU): 0.089746 1.040083
Time for Wc(i_q=36, i_omega=3) (seconds, Wall/CPU): 0.089999 1.042857
Time for Wc(i_q=36, i_omega=4) (seconds, Wall/CPU): 0.090204 1.045723
Time for Wc(i_q=36, i_omega=5) (seconds, Wall/CPU): 0.089935 1.041658
Time for Wc(i_q=36, i_omega=6) (seconds, Wall/CPU): 0.090199 1.046061
Computing Wc(q), 37 / 64, q=(0.000000, 0.250000, 0.500000)
Time to prepare sqrt root of Coulomb for Wc(q) (seconds, Wall/CPU): 0.191437 2.286595
Time to prepare sqrt root of Coulomb for Epsilon(q) (seconds, Wall/CPU): 0.186193 2.226311
Time for Wc(i_q=37, i_omega=1) (seconds, Wall/CPU): 0.091334 1.059342
Time for Wc(i_q=37, i_omega=2) (seconds, Wall/CPU): 0.092780 1.075071
Time for Wc(i_q=37, i_omega=3) (seconds, Wall/CPU): 0.090723 1.051088
Time for Wc(i_q=37, i_omega=4) (seconds, Wall/CPU): 0.093716 1.086767
Time for Wc(i_q=37, i_omega=5) (seconds, Wall/CPU): 0.089896 1.040352
Time for Wc(i_q=37, i_omega=6) (seconds, Wall/CPU): 0.090073 1.044645
Computing Wc(q), 38 / 64, q=(0.250000, 0.250000, 0.500000)
Time to prepare sqrt root of Coulomb for Wc(q) (seconds, Wall/CPU): 0.188059 2.248598
Time to prepare sqrt root of Coulomb for Epsilon(q) (seconds, Wall/CPU): 0.185281 2.211756
Time for Wc(i_q=38, i_omega=1) (seconds, Wall/CPU): 0.089601 1.036688
Time for Wc(i_q=38, i_omega=2) (seconds, Wall/CPU): 0.089010 1.029567
Time for Wc(i_q=38, i_omega=3) (seconds, Wall/CPU): 0.088797 1.028446
Time for Wc(i_q=38, i_omega=4) (seconds, Wall/CPU): 0.089544 1.035651
Time for Wc(i_q=38, i_omega=5) (seconds, Wall/CPU): 0.089663 1.038610
Time for Wc(i_q=38, i_omega=6) (seconds, Wall/CPU): 1.014702 4.117950
Computing Wc(q), 39 / 64, q=(0.500000, 0.250000, 0.500000)
Time to prepare sqrt root of Coulomb for Wc(q) (seconds, Wall/CPU): 0.192388 2.276771
Time to prepare sqrt root of Coulomb for Epsilon(q) (seconds, Wall/CPU): 0.184116 2.198644
Time for Wc(i_q=39, i_omega=1) (seconds, Wall/CPU): 0.090321 1.046718
Time for Wc(i_q=39, i_omega=2) (seconds, Wall/CPU): 0.090898 1.054214
Time for Wc(i_q=39, i_omega=3) (seconds, Wall/CPU): 0.090693 1.050736
Time for Wc(i_q=39, i_omega=4) (seconds, Wall/CPU): 0.090330 1.046005
Time for Wc(i_q=39, i_omega=5) (seconds, Wall/CPU): 0.090598 1.050105
Time for Wc(i_q=39, i_omega=6) (seconds, Wall/CPU): 0.094894 1.100533
Computing Wc(q), 40 / 64, q=(0.750000, 0.250000, 0.500000)
Time to prepare sqrt root of Coulomb for Wc(q) (seconds, Wall/CPU): 0.191134 2.285846
Time to prepare sqrt root of Coulomb for Epsilon(q) (seconds, Wall/CPU): 0.184215 2.203005
Time for Wc(i_q=40, i_omega=1) (seconds, Wall/CPU): 0.096828 1.116856
Time for Wc(i_q=40, i_omega=2) (seconds, Wall/CPU): 0.090319 1.046723
Time for Wc(i_q=40, i_omega=3) (seconds, Wall/CPU): 0.090833 1.052703
Time for Wc(i_q=40, i_omega=4) (seconds, Wall/CPU): 0.089963 1.043262
Time for Wc(i_q=40, i_omega=5) (seconds, Wall/CPU): 0.090884 1.053616
Time for Wc(i_q=40, i_omega=6) (seconds, Wall/CPU): 0.091666 1.063780
Computing Wc(q), 41 / 64, q=(0.000000, 0.500000, 0.500000)
Time to prepare sqrt root of Coulomb for Wc(q) (seconds, Wall/CPU): 0.192209 2.298921
Time to prepare sqrt root of Coulomb for Epsilon(q) (seconds, Wall/CPU): 0.183791 2.197617
Time for Wc(i_q=41, i_omega=1) (seconds, Wall/CPU): 0.090087 1.044607
Time for Wc(i_q=41, i_omega=2) (seconds, Wall/CPU): 0.090356 1.047117
Time for Wc(i_q=41, i_omega=3) (seconds, Wall/CPU): 0.090197 1.045581
Time for Wc(i_q=41, i_omega=4) (seconds, Wall/CPU): 0.090574 1.050564
Time for Wc(i_q=41, i_omega=5) (seconds, Wall/CPU): 0.090641 1.050842
Time for Wc(i_q=41, i_omega=6) (seconds, Wall/CPU): 0.091217 1.057645
Computing Wc(q), 42 / 64, q=(0.250000, 0.500000, 0.500000)
Time to prepare sqrt root of Coulomb for Wc(q) (seconds, Wall/CPU): 0.192108 2.297732
Time to prepare sqrt root of Coulomb for Epsilon(q) (seconds, Wall/CPU): 0.183612 2.196326
Time for Wc(i_q=42, i_omega=1) (seconds, Wall/CPU): 0.090045 1.044345
Time for Wc(i_q=42, i_omega=2) (seconds, Wall/CPU): 0.090523 1.048954
Time for Wc(i_q=42, i_omega=3) (seconds, Wall/CPU): 0.093156 1.078262
Time for Wc(i_q=42, i_omega=4) (seconds, Wall/CPU): 0.090224 1.046294
Time for Wc(i_q=42, i_omega=5) (seconds, Wall/CPU): 0.090575 1.050541
Time for Wc(i_q=42, i_omega=6) (seconds, Wall/CPU): 0.090200 1.045478
Computing Wc(q), 43 / 64, q=(0.500000, 0.500000, 0.500000)
Time to prepare sqrt root of Coulomb for Wc(q) (seconds, Wall/CPU): 0.191324 2.288075
Time to prepare sqrt root of Coulomb for Epsilon(q) (seconds, Wall/CPU): 0.182328 2.177118
Time for Wc(i_q=43, i_omega=1) (seconds, Wall/CPU): 0.490976 3.554184
Time for Wc(i_q=43, i_omega=2) (seconds, Wall/CPU): 0.090766 1.051303
Time for Wc(i_q=43, i_omega=3) (seconds, Wall/CPU): 0.090747 1.052305
Time for Wc(i_q=43, i_omega=4) (seconds, Wall/CPU): 0.090927 1.054402
Time for Wc(i_q=43, i_omega=5) (seconds, Wall/CPU): 0.090585 1.049629
Time for Wc(i_q=43, i_omega=6) (seconds, Wall/CPU): 0.090458 1.048039
Computing Wc(q), 44 / 64, q=(0.750000, 0.500000, 0.500000)
Time to prepare sqrt root of Coulomb for Wc(q) (seconds, Wall/CPU): 0.190724 2.279144
Time to prepare sqrt root of Coulomb for Epsilon(q) (seconds, Wall/CPU): 1.235848 14.320797
Time for Wc(i_q=44, i_omega=1) (seconds, Wall/CPU): 0.090607 1.050218
Time for Wc(i_q=44, i_omega=2) (seconds, Wall/CPU): 0.090125 1.044964
Time for Wc(i_q=44, i_omega=3) (seconds, Wall/CPU): 0.094561 1.097132
Time for Wc(i_q=44, i_omega=4) (seconds, Wall/CPU): 0.091777 1.062522
Time for Wc(i_q=44, i_omega=5) (seconds, Wall/CPU): 0.091286 1.058119
Time for Wc(i_q=44, i_omega=6) (seconds, Wall/CPU): 0.090767 1.051351
Computing Wc(q), 45 / 64, q=(0.000000, 0.750000, 0.500000)
Time to prepare sqrt root of Coulomb for Wc(q) (seconds, Wall/CPU): 0.196657 2.352690
Time to prepare sqrt root of Coulomb for Epsilon(q) (seconds, Wall/CPU): 0.185828 2.219375
Time for Wc(i_q=45, i_omega=1) (seconds, Wall/CPU): 0.091160 1.054760
Time for Wc(i_q=45, i_omega=2) (seconds, Wall/CPU): 0.089610 1.038678
Time for Wc(i_q=45, i_omega=3) (seconds, Wall/CPU): 0.090471 1.048431
Time for Wc(i_q=45, i_omega=4) (seconds, Wall/CPU): 0.090285 1.046318
Time for Wc(i_q=45, i_omega=5) (seconds, Wall/CPU): 0.090783 1.052338
Time for Wc(i_q=45, i_omega=6) (seconds, Wall/CPU): 0.090956 1.054551
Computing Wc(q), 46 / 64, q=(0.250000, 0.750000, 0.500000)
Time to prepare sqrt root of Coulomb for Wc(q) (seconds, Wall/CPU): 0.190780 2.280955
Time to prepare sqrt root of Coulomb for Epsilon(q) (seconds, Wall/CPU): 0.183144 2.189551
Time for Wc(i_q=46, i_omega=1) (seconds, Wall/CPU): 0.091521 1.057597
Time for Wc(i_q=46, i_omega=2) (seconds, Wall/CPU): 0.089355 1.034049
Time for Wc(i_q=46, i_omega=3) (seconds, Wall/CPU): 0.089446 1.034798
Time for Wc(i_q=46, i_omega=4) (seconds, Wall/CPU): 0.089509 1.035590
Time for Wc(i_q=46, i_omega=5) (seconds, Wall/CPU): 0.089862 1.040477
Time for Wc(i_q=46, i_omega=6) (seconds, Wall/CPU): 0.090682 1.048944
Computing Wc(q), 47 / 64, q=(0.500000, 0.750000, 0.500000)
Time to prepare sqrt root of Coulomb for Wc(q) (seconds, Wall/CPU): 0.189780 2.268695
Time to prepare sqrt root of Coulomb for Epsilon(q) (seconds, Wall/CPU): 0.182981 2.184739
Time for Wc(i_q=47, i_omega=1) (seconds, Wall/CPU): 0.917115 3.974799
Time for Wc(i_q=47, i_omega=2) (seconds, Wall/CPU): 0.090315 1.046252
Time for Wc(i_q=47, i_omega=3) (seconds, Wall/CPU): 0.090483 1.047952
Time for Wc(i_q=47, i_omega=4) (seconds, Wall/CPU): 0.092959 1.075297
Time for Wc(i_q=47, i_omega=5) (seconds, Wall/CPU): 0.089897 1.042191
Time for Wc(i_q=47, i_omega=6) (seconds, Wall/CPU): 0.090864 1.053364
Computing Wc(q), 48 / 64, q=(0.750000, 0.750000, 0.500000)
Time to prepare sqrt root of Coulomb for Wc(q) (seconds, Wall/CPU): 0.191881 2.294738
Time to prepare sqrt root of Coulomb for Epsilon(q) (seconds, Wall/CPU): 0.184168 2.202541
Time for Wc(i_q=48, i_omega=1) (seconds, Wall/CPU): 0.090211 1.045146
Time for Wc(i_q=48, i_omega=2) (seconds, Wall/CPU): 0.090638 1.049695
Time for Wc(i_q=48, i_omega=3) (seconds, Wall/CPU): 0.089447 1.035328
Time for Wc(i_q=48, i_omega=4) (seconds, Wall/CPU): 0.089470 1.035170
Time for Wc(i_q=48, i_omega=5) (seconds, Wall/CPU): 0.089577 1.033916
Time for Wc(i_q=48, i_omega=6) (seconds, Wall/CPU): 0.089527 1.036079
Computing Wc(q), 49 / 64, q=(0.000000, 0.000000, 0.750000)
Time to prepare sqrt root of Coulomb for Wc(q) (seconds, Wall/CPU): 0.189411 2.264378
Time to prepare sqrt root of Coulomb for Epsilon(q) (seconds, Wall/CPU): 0.187683 2.243208
Time for Wc(i_q=49, i_omega=1) (seconds, Wall/CPU): 0.089359 1.034908
Time for Wc(i_q=49, i_omega=2) (seconds, Wall/CPU): 0.089415 1.034749
Time for Wc(i_q=49, i_omega=3) (seconds, Wall/CPU): 0.089483 1.035674
Time for Wc(i_q=49, i_omega=4) (seconds, Wall/CPU): 0.089955 1.041055
Time for Wc(i_q=49, i_omega=5) (seconds, Wall/CPU): 0.089753 1.038756
Time for Wc(i_q=49, i_omega=6) (seconds, Wall/CPU): 0.090739 1.047043
Computing Wc(q), 50 / 64, q=(0.250000, 0.000000, 0.750000)
Time to prepare sqrt root of Coulomb for Wc(q) (seconds, Wall/CPU): 0.191672 2.291123
Time to prepare sqrt root of Coulomb for Epsilon(q) (seconds, Wall/CPU): 0.183185 2.189478
Time for Wc(i_q=50, i_omega=1) (seconds, Wall/CPU): 0.089741 1.039410
Time for Wc(i_q=50, i_omega=2) (seconds, Wall/CPU): 0.089840 1.040141
Time for Wc(i_q=50, i_omega=3) (seconds, Wall/CPU): 0.089141 1.031542
Time for Wc(i_q=50, i_omega=4) (seconds, Wall/CPU): 0.088913 1.029657
Time for Wc(i_q=50, i_omega=5) (seconds, Wall/CPU): 0.089768 1.039091
Time for Wc(i_q=50, i_omega=6) (seconds, Wall/CPU): 0.093082 1.076224
Computing Wc(q), 51 / 64, q=(0.500000, 0.000000, 0.750000)
Time to prepare sqrt root of Coulomb for Wc(q) (seconds, Wall/CPU): 0.189725 2.268049
Time to prepare sqrt root of Coulomb for Epsilon(q) (seconds, Wall/CPU): 0.184939 2.209654
Time for Wc(i_q=51, i_omega=1) (seconds, Wall/CPU): 0.089185 1.032285
Time for Wc(i_q=51, i_omega=2) (seconds, Wall/CPU): 0.089735 1.038793
Time for Wc(i_q=51, i_omega=3) (seconds, Wall/CPU): 0.089148 1.032180
Time for Wc(i_q=51, i_omega=4) (seconds, Wall/CPU): 0.090043 1.040872
Time for Wc(i_q=51, i_omega=5) (seconds, Wall/CPU): 0.133348 1.555653
Time for Wc(i_q=51, i_omega=6) (seconds, Wall/CPU): 0.102320 1.170950
Computing Wc(q), 52 / 64, q=(0.750000, 0.000000, 0.750000)
Time to prepare sqrt root of Coulomb for Wc(q) (seconds, Wall/CPU): 0.191137 2.276291
Time to prepare sqrt root of Coulomb for Epsilon(q) (seconds, Wall/CPU): 0.218685 2.565362
Time for Wc(i_q=52, i_omega=1) (seconds, Wall/CPU): 0.135736 1.541312
Time for Wc(i_q=52, i_omega=2) (seconds, Wall/CPU): 0.089436 1.034714
Time for Wc(i_q=52, i_omega=3) (seconds, Wall/CPU): 0.136074 1.546222
Time for Wc(i_q=52, i_omega=4) (seconds, Wall/CPU): 0.136128 1.544573
Time for Wc(i_q=52, i_omega=5) (seconds, Wall/CPU): 0.139312 1.579697
Time for Wc(i_q=52, i_omega=6) (seconds, Wall/CPU): 0.089987 1.041467
Computing Wc(q), 53 / 64, q=(0.000000, 0.250000, 0.750000)
Time to prepare sqrt root of Coulomb for Wc(q) (seconds, Wall/CPU): 0.190523 2.276354
Time to prepare sqrt root of Coulomb for Epsilon(q) (seconds, Wall/CPU): 0.225440 2.646084
Time for Wc(i_q=53, i_omega=1) (seconds, Wall/CPU): 0.089669 1.037473
Time for Wc(i_q=53, i_omega=2) (seconds, Wall/CPU): 0.089455 1.034237
Time for Wc(i_q=53, i_omega=3) (seconds, Wall/CPU): 0.138166 1.568792
Time for Wc(i_q=53, i_omega=4) (seconds, Wall/CPU): 0.136376 1.548716
Time for Wc(i_q=53, i_omega=5) (seconds, Wall/CPU): 0.090890 1.035750
Time for Wc(i_q=53, i_omega=6) (seconds, Wall/CPU): 0.090111 1.039740
Computing Wc(q), 54 / 64, q=(0.250000, 0.250000, 0.750000)
Time to prepare sqrt root of Coulomb for Wc(q) (seconds, Wall/CPU): 0.188914 2.256175
Time to prepare sqrt root of Coulomb for Epsilon(q) (seconds, Wall/CPU): 0.182181 2.177786
Time for Wc(i_q=54, i_omega=1) (seconds, Wall/CPU): 0.090547 1.047959
Time for Wc(i_q=54, i_omega=2) (seconds, Wall/CPU): 0.088684 1.026255
Time for Wc(i_q=54, i_omega=3) (seconds, Wall/CPU): 0.089251 1.032483
Time for Wc(i_q=54, i_omega=4) (seconds, Wall/CPU): 0.089946 1.040952
Time for Wc(i_q=54, i_omega=5) (seconds, Wall/CPU): 0.089687 1.037685
Time for Wc(i_q=54, i_omega=6) (seconds, Wall/CPU): 0.089304 1.031321
Computing Wc(q), 55 / 64, q=(0.500000, 0.250000, 0.750000)
Time to prepare sqrt root of Coulomb for Wc(q) (seconds, Wall/CPU): 0.190264 2.274277
Time to prepare sqrt root of Coulomb for Epsilon(q) (seconds, Wall/CPU): 0.183490 2.193391
Time for Wc(i_q=55, i_omega=1) (seconds, Wall/CPU): 0.089917 1.041982
Time for Wc(i_q=55, i_omega=2) (seconds, Wall/CPU): 0.093076 1.078580
Time for Wc(i_q=55, i_omega=3) (seconds, Wall/CPU): 0.089398 1.033926
Time for Wc(i_q=55, i_omega=4) (seconds, Wall/CPU): 0.090767 1.051674
Time for Wc(i_q=55, i_omega=5) (seconds, Wall/CPU): 0.090111 1.043218
Time for Wc(i_q=55, i_omega=6) (seconds, Wall/CPU): 0.090664 1.046303
Computing Wc(q), 56 / 64, q=(0.750000, 0.250000, 0.750000)
Time to prepare sqrt root of Coulomb for Wc(q) (seconds, Wall/CPU): 0.190427 2.276420
Time to prepare sqrt root of Coulomb for Epsilon(q) (seconds, Wall/CPU): 0.184011 2.198871
Time for Wc(i_q=56, i_omega=1) (seconds, Wall/CPU): 0.089686 1.039023
Time for Wc(i_q=56, i_omega=2) (seconds, Wall/CPU): 0.088821 1.028662
Time for Wc(i_q=56, i_omega=3) (seconds, Wall/CPU): 0.088945 1.029781
Time for Wc(i_q=56, i_omega=4) (seconds, Wall/CPU): 0.109833 1.278524
Time for Wc(i_q=56, i_omega=5) (seconds, Wall/CPU): 0.089985 1.042109
Time for Wc(i_q=56, i_omega=6) (seconds, Wall/CPU): 0.090243 1.044569
Computing Wc(q), 57 / 64, q=(0.000000, 0.500000, 0.750000)
Time to prepare sqrt root of Coulomb for Wc(q) (seconds, Wall/CPU): 0.196235 2.343016
Time to prepare sqrt root of Coulomb for Epsilon(q) (seconds, Wall/CPU): 0.183907 2.198522
Time for Wc(i_q=57, i_omega=1) (seconds, Wall/CPU): 0.090090 1.042685
Time for Wc(i_q=57, i_omega=2) (seconds, Wall/CPU): 0.088909 1.028649
Time for Wc(i_q=57, i_omega=3) (seconds, Wall/CPU): 0.089694 1.039019
Time for Wc(i_q=57, i_omega=4) (seconds, Wall/CPU): 0.089437 1.035596
Time for Wc(i_q=57, i_omega=5) (seconds, Wall/CPU): 0.089964 1.041511
Time for Wc(i_q=57, i_omega=6) (seconds, Wall/CPU): 0.089460 1.036221
Computing Wc(q), 58 / 64, q=(0.250000, 0.500000, 0.750000)
Time to prepare sqrt root of Coulomb for Wc(q) (seconds, Wall/CPU): 0.190974 2.279819
Time to prepare sqrt root of Coulomb for Epsilon(q) (seconds, Wall/CPU): 0.181192 2.166041
Time for Wc(i_q=58, i_omega=1) (seconds, Wall/CPU): 0.089468 1.036012
Time for Wc(i_q=58, i_omega=2) (seconds, Wall/CPU): 0.089356 1.034613
Time for Wc(i_q=58, i_omega=3) (seconds, Wall/CPU): 0.089523 1.036219
Time for Wc(i_q=58, i_omega=4) (seconds, Wall/CPU): 0.090398 1.046832
Time for Wc(i_q=58, i_omega=5) (seconds, Wall/CPU): 0.089594 1.038374
Time for Wc(i_q=58, i_omega=6) (seconds, Wall/CPU): 0.089846 1.039434
Computing Wc(q), 59 / 64, q=(0.500000, 0.500000, 0.750000)
Time to prepare sqrt root of Coulomb for Wc(q) (seconds, Wall/CPU): 0.188059 2.248348
Time to prepare sqrt root of Coulomb for Epsilon(q) (seconds, Wall/CPU): 0.187458 2.237755
Time for Wc(i_q=59, i_omega=1) (seconds, Wall/CPU): 0.089849 1.040716
Time for Wc(i_q=59, i_omega=2) (seconds, Wall/CPU): 0.089118 1.031727
Time for Wc(i_q=59, i_omega=3) (seconds, Wall/CPU): 0.089053 1.030612
Time for Wc(i_q=59, i_omega=4) (seconds, Wall/CPU): 0.090336 1.045216
Time for Wc(i_q=59, i_omega=5) (seconds, Wall/CPU): 0.106210 1.229338
Time for Wc(i_q=59, i_omega=6) (seconds, Wall/CPU): 0.091189 1.056159
Computing Wc(q), 60 / 64, q=(0.750000, 0.500000, 0.750000)
Time to prepare sqrt root of Coulomb for Wc(q) (seconds, Wall/CPU): 0.195550 2.337548
Time to prepare sqrt root of Coulomb for Epsilon(q) (seconds, Wall/CPU): 0.188495 2.250293
Time for Wc(i_q=60, i_omega=1) (seconds, Wall/CPU): 0.089495 1.036535
Time for Wc(i_q=60, i_omega=2) (seconds, Wall/CPU): 0.090062 1.043621
Time for Wc(i_q=60, i_omega=3) (seconds, Wall/CPU): 0.089155 1.032240
Time for Wc(i_q=60, i_omega=4) (seconds, Wall/CPU): 0.089230 1.033333
Time for Wc(i_q=60, i_omega=5) (seconds, Wall/CPU): 0.089914 1.041275
Time for Wc(i_q=60, i_omega=6) (seconds, Wall/CPU): 0.089550 1.037548
Computing Wc(q), 61 / 64, q=(0.000000, 0.750000, 0.750000)
Time to prepare sqrt root of Coulomb for Wc(q) (seconds, Wall/CPU): 0.191601 2.291808
Time to prepare sqrt root of Coulomb for Epsilon(q) (seconds, Wall/CPU): 0.187572 2.240511
Time for Wc(i_q=61, i_omega=1) (seconds, Wall/CPU): 0.094120 1.092274
Time for Wc(i_q=61, i_omega=2) (seconds, Wall/CPU): 0.092639 1.075398
Time for Wc(i_q=61, i_omega=3) (seconds, Wall/CPU): 0.090671 1.050815
Time for Wc(i_q=61, i_omega=4) (seconds, Wall/CPU): 0.090687 1.051673
Time for Wc(i_q=61, i_omega=5) (seconds, Wall/CPU): 0.090750 1.052387
Time for Wc(i_q=61, i_omega=6) (seconds, Wall/CPU): 0.090514 1.049490
Computing Wc(q), 62 / 64, q=(0.250000, 0.750000, 0.750000)
Time to prepare sqrt root of Coulomb for Wc(q) (seconds, Wall/CPU): 0.191080 2.284035
Time to prepare sqrt root of Coulomb for Epsilon(q) (seconds, Wall/CPU): 0.710169 4.843735
Time for Wc(i_q=62, i_omega=1) (seconds, Wall/CPU): 0.090437 1.047209
Time for Wc(i_q=62, i_omega=2) (seconds, Wall/CPU): 0.090350 1.047016
Time for Wc(i_q=62, i_omega=3) (seconds, Wall/CPU): 0.090378 1.047251
Time for Wc(i_q=62, i_omega=4) (seconds, Wall/CPU): 0.090749 1.052196
Time for Wc(i_q=62, i_omega=5) (seconds, Wall/CPU): 0.124908 1.428106
Time for Wc(i_q=62, i_omega=6) (seconds, Wall/CPU): 0.093871 1.085326
Computing Wc(q), 63 / 64, q=(0.500000, 0.750000, 0.750000)
Time to prepare sqrt root of Coulomb for Wc(q) (seconds, Wall/CPU): 0.190832 2.282664
Time to prepare sqrt root of Coulomb for Epsilon(q) (seconds, Wall/CPU): 0.186198 2.227019
Time for Wc(i_q=63, i_omega=1) (seconds, Wall/CPU): 0.091020 1.055237
Time for Wc(i_q=63, i_omega=2) (seconds, Wall/CPU): 0.090473 1.049387
Time for Wc(i_q=63, i_omega=3) (seconds, Wall/CPU): 0.090549 1.049438
Time for Wc(i_q=63, i_omega=4) (seconds, Wall/CPU): 0.091148 1.054796
Time for Wc(i_q=63, i_omega=5) (seconds, Wall/CPU): 0.090512 1.049936
Time for Wc(i_q=63, i_omega=6) (seconds, Wall/CPU): 0.090603 1.050871
Computing Wc(q), 64 / 64, q=(0.750000, 0.750000, 0.750000)
Time to prepare sqrt root of Coulomb for Wc(q) (seconds, Wall/CPU): 0.187592 2.240433
Time to prepare sqrt root of Coulomb for Epsilon(q) (seconds, Wall/CPU): 0.183853 2.198690
Time for Wc(i_q=64, i_omega=1) (seconds, Wall/CPU): 0.090618 1.050361
Time for Wc(i_q=64, i_omega=2) (seconds, Wall/CPU): 0.091153 1.056909
Time for Wc(i_q=64, i_omega=3) (seconds, Wall/CPU): 0.090645 1.050250
Time for Wc(i_q=64, i_omega=4) (seconds, Wall/CPU): 0.091147 1.056271
Time for Wc(i_q=64, i_omega=5) (seconds, Wall/CPU): 0.091066 1.054938
Time for Wc(i_q=64, i_omega=6) (seconds, Wall/CPU): 0.090496 1.049565
Time for Wc computation (seconds, Wall/CPU): 68.946371 748.021875
Calculating correlation self-energy by space-time method
Using real tensor
Converting Wc(q,w) -> W(R,t)
Converting Wc q,w -> R,t
Done converting Wc(q,w) -> Wc(R,w)
Done converting Wc q,w -> R,t
Time for Fourier transform of Wc in GW (seconds, Wall/CPU): 5.571457 36.634269
Time for LibRI G0W0 setup (seconds, Wall/CPU): 0.418236 3.129881
Time for Green's function, i_spin 1 i_tau 1 (seconds, Wall/CPU): 0.015195 0.015154
Task    3. libRI G0W0, spin 0, time grid     0.008178. Wc size 64, GF size 64. Wall time 0.888660
Task    1. libRI G0W0, spin 0, time grid     0.008178. Wc size 64, GF size 64. Wall time 1.582676
Task    2. libRI G0W0, spin 0, time grid     0.008178. Wc size 64, GF size 64. Wall time 2.882701
Task    0. libRI G0W0, spin 0, time grid     0.008178. Wc size 64, GF size 64. Wall time 3.839967
Task    3. libRI G0W0, spin 0, time grid    -0.008178. Wc size 64, GF size 64. Wall time 3.495626
Task    1. libRI G0W0, spin 0, time grid    -0.008178. Wc size 64, GF size 64. Wall time 3.612502
Task    2. libRI G0W0, spin 0, time grid    -0.008178. Wc size 64, GF size 64. Wall time 3.505496
Task    0. libRI G0W0, spin 0, time grid    -0.008178. Wc size 64, GF size 64. Wall time 3.595193
Time for Green's function, i_spin 1 i_tau 2 (seconds, Wall/CPU): 0.014838 0.014779
Task    3. libRI G0W0, spin 0, time grid     0.068227. Wc size 64, GF size 64. Wall time 0.588754
Task    1. libRI G0W0, spin 0, time grid     0.068227. Wc size 64, GF size 64. Wall time 1.596305
Task    2. libRI G0W0, spin 0, time grid     0.068227. Wc size 64, GF size 64. Wall time 2.608131
Task    0. libRI G0W0, spin 0, time grid     0.068227. Wc size 64, GF size 64. Wall time 3.479806
Task    3. libRI G0W0, spin 0, time grid    -0.068227. Wc size 64, GF size 64. Wall time 3.308506
Task    1. libRI G0W0, spin 0, time grid    -0.068227. Wc size 64, GF size 64. Wall time 3.403368
Task    2. libRI G0W0, spin 0, time grid    -0.068227. Wc size 64, GF size 64. Wall time 3.274249
Task    0. libRI G0W0, spin 0, time grid    -0.068227. Wc size 64, GF size 64. Wall time 3.437190
Time for Green's function, i_spin 1 i_tau 3 (seconds, Wall/CPU): 0.014879 0.014811
Task    3. libRI G0W0, spin 0, time grid     0.309100. Wc size 64, GF size 64. Wall time 0.507476
Task    1. libRI G0W0, spin 0, time grid     0.309100. Wc size 64, GF size 64. Wall time 1.596483
Task    2. libRI G0W0, spin 0, time grid     0.309100. Wc size 64, GF size 64. Wall time 2.576581
Task    0. libRI G0W0, spin 0, time grid     0.309100. Wc size 64, GF size 64. Wall time 3.376080
Task    3. libRI G0W0, spin 0, time grid    -0.309100. Wc size 64, GF size 64. Wall time 3.326244
Task    1. libRI G0W0, spin 0, time grid    -0.309100. Wc size 64, GF size 64. Wall time 3.370840
Task    2. libRI G0W0, spin 0, time grid    -0.309100. Wc size 64, GF size 64. Wall time 3.605417
Task    0. libRI G0W0, spin 0, time grid    -0.309100. Wc size 64, GF size 64. Wall time 3.370367
Time for Green's function, i_spin 1 i_tau 4 (seconds, Wall/CPU): 0.015045 0.014981
Task    3. libRI G0W0, spin 0, time grid     1.089344. Wc size 64, GF size 64. Wall time 0.471093
Task    1. libRI G0W0, spin 0, time grid     1.089344. Wc size 64, GF size 64. Wall time 1.581281
Task    2. libRI G0W0, spin 0, time grid     1.089344. Wc size 64, GF size 64. Wall time 2.552314
Task    0. libRI G0W0, spin 0, time grid     1.089344. Wc size 64, GF size 64. Wall time 3.430737
Task    3. libRI G0W0, spin 0, time grid    -1.089344. Wc size 64, GF size 64. Wall time 3.374108
Task    1. libRI G0W0, spin 0, time grid    -1.089344. Wc size 64, GF size 64. Wall time 3.391341
Task    2. libRI G0W0, spin 0, time grid    -1.089344. Wc size 64, GF size 64. Wall time 3.365148
Task    0. libRI G0W0, spin 0, time grid    -1.089344. Wc size 64, GF size 64. Wall time 3.394397
Time for Green's function, i_spin 1 i_tau 5 (seconds, Wall/CPU): 0.015144 0.015106
Task    3. libRI G0W0, spin 0, time grid     3.294785. Wc size 64, GF size 64. Wall time 0.520180
Task    1. libRI G0W0, spin 0, time grid     3.294785. Wc size 64, GF size 64. Wall time 1.624345
Task    2. libRI G0W0, spin 0, time grid     3.294785. Wc size 64, GF size 64. Wall time 2.604179
Task    0. libRI G0W0, spin 0, time grid     3.294785. Wc size 64, GF size 64. Wall time 3.373510
Task    3. libRI G0W0, spin 0, time grid    -3.294785. Wc size 64, GF size 64. Wall time 3.358899
Task    1. libRI G0W0, spin 0, time grid    -3.294785. Wc size 64, GF size 64. Wall time 3.414113
Task    2. libRI G0W0, spin 0, time grid    -3.294785. Wc size 64, GF size 64. Wall time 3.375241
Task    0. libRI G0W0, spin 0, time grid    -3.294785. Wc size 64, GF size 64. Wall time 3.445587
Time for Green's function, i_spin 1 i_tau 6 (seconds, Wall/CPU): 0.014908 0.014863
Task    3. libRI G0W0, spin 0, time grid     9.148928. Wc size 64, GF size 64. Wall time 0.470083
Task    1. libRI G0W0, spin 0, time grid     9.148928. Wc size 64, GF size 64. Wall time 1.630662
Task    2. libRI G0W0, spin 0, time grid     9.148928. Wc size 64, GF size 64. Wall time 2.540999
Task    0. libRI G0W0, spin 0, time grid     9.148928. Wc size 64, GF size 64. Wall time 3.430157
Task    3. libRI G0W0, spin 0, time grid    -9.148928. Wc size 64, GF size 64. Wall time 3.341302
Task    1. libRI G0W0, spin 0, time grid    -9.148928. Wc size 64, GF size 64. Wall time 3.358835
Task    2. libRI G0W0, spin 0, time grid    -9.148928. Wc size 64, GF size 64. Wall time 3.332188
Task    0. libRI G0W0, spin 0, time grid    -9.148928. Wc size 64, GF size 64. Wall time 3.390403
Task    3: tensor communicate elapsed time: 2.913867
Task    0: tensor communicate elapsed time: 0.006079
Task    1: tensor communicate elapsed time: 1.762426
Task    2: tensor communicate elapsed time: 0.854305
QSGW iteration 2: max_delta= 1.38584006e+02 eV gap= 2.97098991 eV mixer=none
QSGW reached qsgw_max_iter=2 without convergence
QSGW completed iterations: 2
Finalizing LibRPA global environment at [2026-07-16 23:25:22.101]
Entry                                             #calls       CPU time (s)       Wall time (s)     
----------------------------------------------------------------------------------------------------
Total for driver                                  1            3472.9921          404.7739          
 Driver Read Input Parameters                     1             0.0002             0.0002           
 Driver Read Task-Common Input Data               1             9.1082             9.1268           
  DFT SCF eigenvalues/occupations                 1              0.0017             0.0017          
   api_set_scf_dimension                          1               0.0003             0.0003         
   api_set_wg_ekb_efermi                          1               0.0000             0.0000         
  Structure                                       1              0.0004             0.0004          
   api_set_latvec_and_G                           1               0.0001             0.0001         
   api_set_atoms                                  1               0.0000             0.0000         
  BZ sampling                                     1              0.0010             0.0011          
   api_set_kgrids_kvec                            1               0.0004             0.0004         
   api_set_kq_mapping                             1               0.0002             0.0002         
  Basis (wave-function and auxiliary)             1              0.0005             0.0005          
   api_set_basis_convention                       1               0.0000             0.0000         
   api_set_ao_basis_wfc                           1               0.0000             0.0000         
   api_set_ao_basis_aux                           1               0.0000             0.0000         
  SCF eigenvectors                                1              0.0377             0.0405          
   api_set_wfc                                    64              0.0012             0.0038         
  driver_read_ri                                  1              9.0667             9.0824          
   driver_read_Cs                                 1               8.1238             8.1374         
    handle_Cs_file_dry                            1                4.0490             4.0554        
    handle_Cs_file                                1                4.0683             4.0754        
     api_set_lri_coeff                            53                0.0247             0.0247       
   driver_read_Vq                                 1               0.6824             0.6839         
    handle_Vq_row_file                            1                0.4710             0.4719        
    set_aux_coulomb_k_atom_pair_out               1                0.2090             0.2096        
     api_set_aux_bare_coulomb_k_atom_pair         64                0.1670             0.1675       
 QSGW fixed-basis self-consistent calculation     1             3463.8741          395.6319         
  handle_Vq_row_file                              1              0.4626             0.4637          
  set_aux_coulomb_k_atom_pair_out                 1              0.1135             0.1139          
   api_set_aux_cut_coulomb_k_atom_pair            64              0.0828             0.0831         
  api_get_imaginary_freq_grids                    1              0.4494             0.0564          
   initialize_ds_tfgrids                          1               0.4489             0.0564         
  cal_head                                        2              0.0270             0.0041          
  api_build_g0w0_sigma                            2              3442.8143          383.3341        
   initialize_ds_tfgrids                          2               0.8717             0.0755         
   initialize_ds_atpairs_local                    2               0.0077             0.0006         
   redistribute_coulomb_blacs2ap                  2               0.0012             0.0001         
   initialize_ds_headwing                         2               0.0009             0.0001         
   initialize_ds_chi0                             2               0.0025             0.0002         
   Build response function chi0                   2               728.0852           84.6757        
    Loop over LibRI                               2                728.0748           84.6744       
     chi0_libri_routing_set_parallel              2                 0.0136             0.0011       
     Set Cs                                       2                 5.0771             0.7603       
     build_gf_Rt_libri_serial                     24                1.0514             0.0930       
     chi0_set_Gs                                  12                12.8311            1.0772       
     Call cal_chi0s                               12                553.9131           46.8408      
     chi0_libri_routing_free_gf                   12                0.0315             0.0028       
     Collect R blocks                             12                53.0198            20.1324      
     Cosine transform to R-space                  12                2.6403             0.6482       
     Delayed Fourier transform                    2                 60.2996            5.2681       
   Build exchange self-energy                     2               123.1143           41.1170        
    initialize_ds_exx                             2                0.0001             0.0001        
    Fourier transform truncated Coulomb           2                6.0530             6.0729        
    g0w0_exx_real_work                            2                117.0603           35.0438       
     Prepare C libRI object                       2                 4.9405             0.5950       
     Prepare V libRI object                       2                 8.6193             4.2831       
      build_real_space_exx_2_1                    2                  0.1457             0.1462      
      build_real_space_exx_2_2                    2                  8.4735             4.1367      
     build_real_space_exx_prepare_index           2                 2.5607             2.5666       
      index_scheduler_init_pairs_unordered_map    2                  0.0000             0.0000      
      index_scheduler_ids_rc                      2                  0.0000             0.0000      
      index_scheduler_compute_map                 2                  0.0000             0.0000      
      index_scheduler_flatten                     2                  0.0000             0.0000      
     Prepare DM libRI object                      2                 0.6959             0.0602       
      exx_build_dmat_libri_kserial                2                  0.1464             0.0137      
      build_real_space_exx_libri_set_Ds           2                  0.5475             0.0462      
     Call libRI Hexx calculation                  2                 78.8697            6.6039       
     build_real_space_exx_5                       2                 0.0127             0.0011       
   Build screened interaction                     2               1484.0449          137.2542       
    compute_Wc_freq_q_blacs_init                  2                0.1598             0.0240        
    compute_Wc_freq_q_work                        2                1483.7846          137.2140      
     Prepare sqrt of truncated Coulomb            128               296.5390           24.8213      
      Setup libRI object                          128                2.3540             0.2004      
      libRI Communicate                           128                16.6634            1.4039      
      Collect 2D-block from IJ                    128                13.1689            1.1059      
      Perform square root                         128                264.0762           22.0885     
       power_hemat_blacs_real                     2                   6.3716             0.5373     
        power_hemat_blacs_1                       2                    0.0079             0.0007    
        power_hemat_blacs_2                       2                    5.8542             0.4935    
        power_hemat_blacs_3                       2                    0.0004             0.0000    
        power_hemat_blacs_4                       2                    0.3549             0.0297    
       power_hemat_blacs                          126                 257.4758           21.5320    
        power_hemat_blacs_1                       126                  2.1297             0.1786    
        power_hemat_blacs_2                       126                  235.8252           19.7231   
        power_hemat_blacs_3                       126                  1.9103             0.1600    
        power_hemat_blacs_4                       126                  0.0290             0.0024    
        power_hemat_blacs_5                       126                  13.4950            1.1289    
     Prepare sqrt of bare Coulomb                 128               319.9618           29.4650      
      power_hemat_blacs_real                      2                  2.0817             0.1741      
       power_hemat_blacs_1                        2                   0.0042             0.0004     
       power_hemat_blacs_2                        2                   1.7500             0.1463     
       power_hemat_blacs_3                        2                   0.0004             0.0000     
       power_hemat_blacs_4                        2                   0.2213             0.0185     
      power_hemat_blacs                           126                268.1170           22.5041     
       power_hemat_blacs_1                        126                 0.2465             0.0205     
       power_hemat_blacs_2                        126                 249.9952           20.9915    
       power_hemat_blacs_3                        126                 1.8772             0.1572     
       power_hemat_blacs_4                        126                 0.0286             0.0024     
       power_hemat_blacs_5                        126                 13.0267            1.0898     
     epsilon_wc_work_q_omega                      768               859.6610           82.2831      
      Prepare Chi0 2D block                       768                212.5365           19.9540     
       epsilon_prepare_chi0_2d_comm_map2          768                 115.6266           11.8223    
       epsilon_prepare_chi0_2d_collect_block      768                 74.8519            6.2652     
      Compute dielectric matrix                   768                130.0550           13.1633     
       epsilon_compute_eps_pgemm_1                768                 67.0236            7.1577     
       epsilon_compute_eps_pgemm_2                768                 56.8798            4.7589     
      epsilon_to_wc                               768                479.3673           43.6778     
       epsilon_solver_coulwc                      768                 417.9593           37.2074    
       Multiply truncated Coulomb                 768                 56.4658            4.7003     
   initialize_ds_g0w0                             2               0.0026             0.0002         
   Build real-space correlation self-energy       2               1103.6910          119.4654       
    Tranform Wc (q,w) -> (R,t)                    2                73.5242            10.4897       
     Perform transformation                       2                 32.9497            7.0507       
     Compute balance atom-pairs distribution      2                 0.0221             0.0222       
     index_scheduler_init_pairs_unordered_map     2                 0.0000             0.0000       
     index_scheduler_ids_rc                       2                 0.0000             0.0000       
     index_scheduler_compute_map                  2                 0.0139             0.0140       
     index_scheduler_flatten                      2                 0.0000             0.0000       
     Prepare LibRI Wc object                      12                40.5324            3.4021       
      fill_ap_map_from_blacs_dist_scheduler       768                3.7762             0.4767      
    Setup LibRI G0W0 object and C data            2                5.6371             0.7398        
    Setup LibRI Wc                                12               49.5386            23.4855       
    Compute G(R,t) and G(R,-t)                    12               0.1823             0.1828        
     g0w0_build_gf_libri_kserial                  12                0.1810             0.1816       
    Call libRI cal_Sigc                           24               965.1671           81.6544       
    g0w0_build_spacetime_5_clean                  24               3.4931             0.3060        
    Transform Sigc (R,t) -> (R,w)                 12               0.2333             0.0207        
    g0w0_build_spacetime_free_Ws                  12               0.6573             0.0575        
  exx_build_KS_blacs_redist                       2              0.0981             0.0082          
   exx_build_KS_blacs_redist_comm_map2            2               0.0927             0.0078         
  Hexx IJ -> 2D block                             128            0.1800             0.0147          
  Rotate Hexx ij -> KS                            128            0.1754             0.0148          
  Collect Eexx to root process                    128            0.2908             0.0245          
  g0w0_build_sigc_KS                              2              3.5287             0.2953          
   g0w0_build_sigc_KS_rspace_redist               2               0.4862             0.0408         
   g0w0_build_sigc_KS_find_bvk                    2               0.0026             0.0002         
   g0w0_build_sigc_KS_rotate_kserial              2               3.0348             0.2538         
libRPA finished successfully
