# qsgw_contract_version 5
# fixed_basis immutable_mf0
# live_update eigenvalues_wfc
# velocity fixed_basis_rotation
# headwing scf_grid_analytic_live
# symmetry unsupported_full_bz_only
# hartree disabled_stage1
# band disabled_stage1
# qsgw_input_contract /data/home/df_iopcas_bhj/ai-runs/librpa-qsgw-rebase-gates-20260715T1910-7d69a18c/inputs/si-k444-headwing-scf-synced-v2-2345960/dataset/qsgw_input.head-only.contract
# qsgw_input_contract_sha256 dd255667efae3e27a435f48684b801b30b3f2a68bfa6c7e792fa4a1de848921d
# qsgw_mixer none
# qsgw_mixing_beta 0.20000000000000001
# iter channel spin kpoint kx ky kz band energy_eV
0 0 0 0 0.00000000000000000e+00 0.00000000000000000e+00 0.00000000000000000e+00 0 -5.57227943475782528e+00
0 0 0 0 0.00000000000000000e+00 0.00000000000000000e+00 0.00000000000000000e+00 1 6.43252264937479090e+00
0 0 0 0 0.00000000000000000e+00 0.00000000000000000e+00 0.00000000000000000e+00 2 6.43252264937479090e+00
0 0 0 0 0.00000000000000000e+00 0.00000000000000000e+00 0.00000000000000000e+00 3 6.43252264937479090e+00
0 0 0 0 0.00000000000000000e+00 0.00000000000000000e+00 0.00000000000000000e+00 4 9.14776566093089549e+00
0 0 0 0 0.00000000000000000e+00 0.00000000000000000e+00 0.00000000000000000e+00 5 9.14776566093097721e+00
0 0 0 0 0.00000000000000000e+00 0.00000000000000000e+00 0.00000000000000000e+00 6 9.14776566093100563e+00
0 0 0 0 0.00000000000000000e+00 0.00000000000000000e+00 0.00000000000000000e+00 7 1.00312562513752166e+01
0 0 0 0 0.00000000000000000e+00 0.00000000000000000e+00 0.00000000000000000e+00 8 1.48676520693320189e+01
0 0 0 0 0.00000000000000000e+00 0.00000000000000000e+00 0.00000000000000000e+00 9 1.48676520693320189e+01
0 0 0 0 0.00000000000000000e+00 0.00000000000000000e+00 0.00000000000000000e+00 10 1.86719908000537984e+01
0 0 0 0 0.00000000000000000e+00 0.00000000000000000e+00 0.00000000000000000e+00 11 2.24344258456428136e+01
0 0 0 0 0.00000000000000000e+00 0.00000000000000000e+00 0.00000000000000000e+00 12 2.24344258456428953e+01
0 0 0 0 0.00000000000000000e+00 0.00000000000000000e+00 0.00000000000000000e+00 13 2.24344258456429522e+01
0 0 0 0 0.00000000000000000e+00 0.00000000000000000e+00 0.00000000000000000e+00 14 3.14462444259747720e+01
0 0 0 0 0.00000000000000000e+00 0.00000000000000000e+00 0.00000000000000000e+00 15 3.14462444259747720e+01
0 0 0 0 0.00000000000000000e+00 0.00000000000000000e+00 0.00000000000000000e+00 16 3.38492849346076952e+01
0 0 0 0 0.00000000000000000e+00 0.00000000000000000e+00 0.00000000000000000e+00 17 3.38492849346078017e+01
0 0 0 0 0.00000000000000000e+00 0.00000000000000000e+00 0.00000000000000000e+00 18 3.38492849346078017e+01
0 0 0 0 0.00000000000000000e+00 0.00000000000000000e+00 0.00000000000000000e+00 19 6.64978765643551952e+01
0 0 0 0 0.00000000000000000e+00 0.00000000000000000e+00 0.00000000000000000e+00 20 6.64978765643642618e+01
0 0 0 0 0.00000000000000000e+00 0.00000000000000000e+00 0.00000000000000000e+00 21 6.64978765643647165e+01
0 0 0 0 0.00000000000000000e+00 0.00000000000000000e+00 0.00000000000000000e+00 22 1.02504175331043825e+02
0 0 0 0 0.00000000000000000e+00 0.00000000000000000e+00 0.00000000000000000e+00 23 1.19026731585534804e+02
0 0 0 0 0.00000000000000000e+00 0.00000000000000000e+00 0.00000000000000000e+00 24 1.19026731585546216e+02
0 0 0 0 0.00000000000000000e+00 0.00000000000000000e+00 0.00000000000000000e+00 25 1.19026731585549285e+02
0 0 0 1 2.50000000000035305e-01 0.00000000000000000e+00 0.00000000000000000e+00 0 -4.77928439869769139e+00
0 0 0 1 2.50000000000035305e-01 0.00000000000000000e+00 0.00000000000000000e+00 1 2.46680605279678922e+00
0 0 0 1 2.50000000000035305e-01 0.00000000000000000e+00 0.00000000000000000e+00 2 5.67615955045470599e+00
0 0 0 1 2.50000000000035305e-01 0.00000000000000000e+00 0.00000000000000000e+00 3 5.67615955045473264e+00
0 0 0 1 2.50000000000035305e-01 0.00000000000000000e+00 0.00000000000000000e+00 4 8.63478008904076688e+00
0 0 0 1 2.50000000000035305e-01 0.00000000000000000e+00 0.00000000000000000e+00 5 1.01791067980607934e+01
0 0 0 1 2.50000000000035305e-01 0.00000000000000000e+00 0.00000000000000000e+00 6 1.01791067980607934e+01
0 0 0 1 2.50000000000035305e-01 0.00000000000000000e+00 0.00000000000000000e+00 7 1.38167819259346150e+01
0 0 0 1 2.50000000000035305e-01 0.00000000000000000e+00 0.00000000000000000e+00 8 1.47511644089769707e+01
0 0 0 1 2.50000000000035305e-01 0.00000000000000000e+00 0.00000000000000000e+00 9 1.47511644089769973e+01
0 0 0 1 2.50000000000035305e-01 0.00000000000000000e+00 0.00000000000000000e+00 10 1.98647145492865889e+01
0 0 0 1 2.50000000000035305e-01 0.00000000000000000e+00 0.00000000000000000e+00 11 2.28825557074830357e+01
0 0 0 1 2.50000000000035305e-01 0.00000000000000000e+00 0.00000000000000000e+00 12 2.32685984980902631e+01
0 0 0 1 2.50000000000035305e-01 0.00000000000000000e+00 0.00000000000000000e+00 13 2.32685984980903449e+01
0 0 0 1 2.50000000000035305e-01 0.00000000000000000e+00 0.00000000000000000e+00 14 2.95249480917060865e+01
0 0 0 1 2.50000000000035305e-01 0.00000000000000000e+00 0.00000000000000000e+00 15 2.95249480917061149e+01
0 0 0 1 2.50000000000035305e-01 0.00000000000000000e+00 0.00000000000000000e+00 16 3.14747523700926948e+01
0 0 0 1 2.50000000000035305e-01 0.00000000000000000e+00 0.00000000000000000e+00 17 3.39472997493824877e+01
0 0 0 1 2.50000000000035305e-01 0.00000000000000000e+00 0.00000000000000000e+00 18 3.39472997493825446e+01
0 0 0 1 2.50000000000035305e-01 0.00000000000000000e+00 0.00000000000000000e+00 19 4.32507293026725606e+01
0 0 0 1 2.50000000000035305e-01 0.00000000000000000e+00 0.00000000000000000e+00 20 6.13761034511607875e+01
0 0 0 1 2.50000000000035305e-01 0.00000000000000000e+00 0.00000000000000000e+00 21 6.13761034511635657e+01
0 0 0 1 2.50000000000035305e-01 0.00000000000000000e+00 0.00000000000000000e+00 22 9.84576719779490475e+01
0 0 0 1 2.50000000000035305e-01 0.00000000000000000e+00 0.00000000000000000e+00 23 9.84576719779550302e+01
0 0 0 1 2.50000000000035305e-01 0.00000000000000000e+00 0.00000000000000000e+00 24 1.04798743835712870e+02
0 0 0 1 2.50000000000035305e-01 0.00000000000000000e+00 0.00000000000000000e+00 25 1.54047557201724032e+02
0 0 0 2 5.00000000000070610e-01 0.00000000000000000e+00 0.00000000000000000e+00 0 -3.24596580198790896e+00
0 0 0 2 5.00000000000070610e-01 0.00000000000000000e+00 0.00000000000000000e+00 1 -6.04418885752118218e-01
0 0 0 2 5.00000000000070610e-01 0.00000000000000000e+00 0.00000000000000000e+00 2 5.24067752011174104e+00
0 0 0 2 5.00000000000070610e-01 0.00000000000000000e+00 0.00000000000000000e+00 3 5.24067752011174104e+00
0 0 0 2 5.00000000000070610e-01 0.00000000000000000e+00 0.00000000000000000e+00 4 8.10635145303600169e+00
0 0 0 2 5.00000000000070610e-01 0.00000000000000000e+00 0.00000000000000000e+00 5 1.01723325320599116e+01
0 0 0 2 5.00000000000070610e-01 0.00000000000000000e+00 0.00000000000000000e+00 6 1.01723325320599116e+01
0 0 0 2 5.00000000000070610e-01 0.00000000000000000e+00 0.00000000000000000e+00 7 1.75471393083260523e+01
0 0 0 2 5.00000000000070610e-01 0.00000000000000000e+00 0.00000000000000000e+00 8 1.80041084701005758e+01
0 0 0 2 5.00000000000070610e-01 0.00000000000000000e+00 0.00000000000000000e+00 9 1.80041084701005758e+01
0 0 0 2 5.00000000000070610e-01 0.00000000000000000e+00 0.00000000000000000e+00 10 1.83579416029927813e+01
0 0 0 2 5.00000000000070610e-01 0.00000000000000000e+00 0.00000000000000000e+00 11 1.97306204018278777e+01
0 0 0 2 5.00000000000070610e-01 0.00000000000000000e+00 0.00000000000000000e+00 12 1.97306204018279061e+01
0 0 0 2 5.00000000000070610e-01 0.00000000000000000e+00 0.00000000000000000e+00 13 2.65327225509091242e+01
0 0 0 2 5.00000000000070610e-01 0.00000000000000000e+00 0.00000000000000000e+00 14 2.84591910703909576e+01
0 0 0 2 5.00000000000070610e-01 0.00000000000000000e+00 0.00000000000000000e+00 15 2.96489496347264847e+01
0 0 0 2 5.00000000000070610e-01 0.00000000000000000e+00 0.00000000000000000e+00 16 2.96489496347264847e+01
0 0 0 2 5.00000000000070610e-01 0.00000000000000000e+00 0.00000000000000000e+00 17 3.36128535729160802e+01
0 0 0 2 5.00000000000070610e-01 0.00000000000000000e+00 0.00000000000000000e+00 18 3.36128535729161086e+01
0 0 0 2 5.00000000000070610e-01 0.00000000000000000e+00 0.00000000000000000e+00 19 3.64309474830753359e+01
0 0 0 2 5.00000000000070610e-01 0.00000000000000000e+00 0.00000000000000000e+00 20 6.21815263312237008e+01
0 0 0 2 5.00000000000070610e-01 0.00000000000000000e+00 0.00000000000000000e+00 21 6.21815263312258750e+01
0 0 0 2 5.00000000000070610e-01 0.00000000000000000e+00 0.00000000000000000e+00 22 7.32589956292646463e+01
0 0 0 2 5.00000000000070610e-01 0.00000000000000000e+00 0.00000000000000000e+00 23 7.32589956292651010e+01
0 0 0 2 5.00000000000070610e-01 0.00000000000000000e+00 0.00000000000000000e+00 24 1.06593772898434523e+02
0 0 0 2 5.00000000000070610e-01 0.00000000000000000e+00 0.00000000000000000e+00 25 1.45626421941820723e+02
0 0 0 3 7.49999999999942601e-01 0.00000000000000000e+00 0.00000000000000000e+00 0 -4.77928439869771804e+00
0 0 0 3 7.49999999999942601e-01 0.00000000000000000e+00 0.00000000000000000e+00 1 2.46680605279678922e+00
0 0 0 3 7.49999999999942601e-01 0.00000000000000000e+00 0.00000000000000000e+00 2 5.67615955045467846e+00
0 0 0 3 7.49999999999942601e-01 0.00000000000000000e+00 0.00000000000000000e+00 3 5.67615955045473264e+00
0 0 0 3 7.49999999999942601e-01 0.00000000000000000e+00 0.00000000000000000e+00 4 8.63478008904073846e+00
0 0 0 3 7.49999999999942601e-01 0.00000000000000000e+00 0.00000000000000000e+00 5 1.01791067980607668e+01
0 0 0 3 7.49999999999942601e-01 0.00000000000000000e+00 0.00000000000000000e+00 6 1.01791067980608219e+01
0 0 0 3 7.49999999999942601e-01 0.00000000000000000e+00 0.00000000000000000e+00 7 1.38167819259345883e+01
0 0 0 3 7.49999999999942601e-01 0.00000000000000000e+00 0.00000000000000000e+00 8 1.47511644089769707e+01
0 0 0 3 7.49999999999942601e-01 0.00000000000000000e+00 0.00000000000000000e+00 9 1.47511644089769973e+01
0 0 0 3 7.49999999999942601e-01 0.00000000000000000e+00 0.00000000000000000e+00 10 1.98647145492865604e+01
0 0 0 3 7.49999999999942601e-01 0.00000000000000000e+00 0.00000000000000000e+00 11 2.28825557074830108e+01
0 0 0 3 7.49999999999942601e-01 0.00000000000000000e+00 0.00000000000000000e+00 12 2.32685984980902916e+01
0 0 0 3 7.49999999999942601e-01 0.00000000000000000e+00 0.00000000000000000e+00 13 2.32685984980903449e+01
0 0 0 3 7.49999999999942601e-01 0.00000000000000000e+00 0.00000000000000000e+00 14 2.95249480917060865e+01
0 0 0 3 7.49999999999942601e-01 0.00000000000000000e+00 0.00000000000000000e+00 15 2.95249480917060865e+01
0 0 0 3 7.49999999999942601e-01 0.00000000000000000e+00 0.00000000000000000e+00 16 3.14747523700926699e+01
0 0 0 3 7.49999999999942601e-01 0.00000000000000000e+00 0.00000000000000000e+00 17 3.39472997493824593e+01
0 0 0 3 7.49999999999942601e-01 0.00000000000000000e+00 0.00000000000000000e+00 18 3.39472997493826014e+01
0 0 0 3 7.49999999999942601e-01 0.00000000000000000e+00 0.00000000000000000e+00 19 4.32507293026725108e+01
0 0 0 3 7.49999999999942601e-01 0.00000000000000000e+00 0.00000000000000000e+00 20 6.13761034511609793e+01
0 0 0 3 7.49999999999942601e-01 0.00000000000000000e+00 0.00000000000000000e+00 21 6.13761034511637575e+01
0 0 0 3 7.49999999999942601e-01 0.00000000000000000e+00 0.00000000000000000e+00 22 9.84576719779503264e+01
0 0 0 3 7.49999999999942601e-01 0.00000000000000000e+00 0.00000000000000000e+00 23 9.84576719779560392e+01
0 0 0 3 7.49999999999942601e-01 0.00000000000000000e+00 0.00000000000000000e+00 24 1.04798743835713978e+02
0 0 0 3 7.49999999999942601e-01 0.00000000000000000e+00 0.00000000000000000e+00 25 1.54047557201729660e+02
0 0 0 4 0.00000000000000000e+00 2.50000000000035305e-01 0.00000000000000000e+00 0 -4.77928439869769139e+00
0 0 0 4 0.00000000000000000e+00 2.50000000000035305e-01 0.00000000000000000e+00 1 2.46680605279678922e+00
0 0 0 4 0.00000000000000000e+00 2.50000000000035305e-01 0.00000000000000000e+00 2 5.67615955045470599e+00
0 0 0 4 0.00000000000000000e+00 2.50000000000035305e-01 0.00000000000000000e+00 3 5.67615955045470599e+00
0 0 0 4 0.00000000000000000e+00 2.50000000000035305e-01 0.00000000000000000e+00 4 8.63478008904076688e+00
0 0 0 4 0.00000000000000000e+00 2.50000000000035305e-01 0.00000000000000000e+00 5 1.01791067980607401e+01
0 0 0 4 0.00000000000000000e+00 2.50000000000035305e-01 0.00000000000000000e+00 6 1.01791067980608751e+01
0 0 0 4 0.00000000000000000e+00 2.50000000000035305e-01 0.00000000000000000e+00 7 1.38167819259345066e+01
0 0 0 4 0.00000000000000000e+00 2.50000000000035305e-01 0.00000000000000000e+00 8 1.47511644089769973e+01
0 0 0 4 0.00000000000000000e+00 2.50000000000035305e-01 0.00000000000000000e+00 9 1.47511644089769973e+01
0 0 0 4 0.00000000000000000e+00 2.50000000000035305e-01 0.00000000000000000e+00 10 1.98647145492865604e+01
0 0 0 4 0.00000000000000000e+00 2.50000000000035305e-01 0.00000000000000000e+00 11 2.28825557074830641e+01
0 0 0 4 0.00000000000000000e+00 2.50000000000035305e-01 0.00000000000000000e+00 12 2.32685984980903164e+01
0 0 0 4 0.00000000000000000e+00 2.50000000000035305e-01 0.00000000000000000e+00 13 2.32685984980903449e+01
0 0 0 4 0.00000000000000000e+00 2.50000000000035305e-01 0.00000000000000000e+00 14 2.95249480917060865e+01
0 0 0 4 0.00000000000000000e+00 2.50000000000035305e-01 0.00000000000000000e+00 15 2.95249480917061398e+01
0 0 0 4 0.00000000000000000e+00 2.50000000000035305e-01 0.00000000000000000e+00 16 3.14747523700926415e+01
0 0 0 4 0.00000000000000000e+00 2.50000000000035305e-01 0.00000000000000000e+00 17 3.39472997493825162e+01
0 0 0 4 0.00000000000000000e+00 2.50000000000035305e-01 0.00000000000000000e+00 18 3.39472997493825659e+01
0 0 0 4 0.00000000000000000e+00 2.50000000000035305e-01 0.00000000000000000e+00 19 4.32507293026726174e+01
0 0 0 4 0.00000000000000000e+00 2.50000000000035305e-01 0.00000000000000000e+00 20 6.13761034511606525e+01
0 0 0 4 0.00000000000000000e+00 2.50000000000035305e-01 0.00000000000000000e+00 21 6.13761034511638073e+01
0 0 0 4 0.00000000000000000e+00 2.50000000000035305e-01 0.00000000000000000e+00 22 9.84576719779493459e+01
0 0 0 4 0.00000000000000000e+00 2.50000000000035305e-01 0.00000000000000000e+00 23 9.84576719779561387e+01
0 0 0 4 0.00000000000000000e+00 2.50000000000035305e-01 0.00000000000000000e+00 24 1.04798743835718128e+02
0 0 0 4 0.00000000000000000e+00 2.50000000000035305e-01 0.00000000000000000e+00 25 1.54047557201726306e+02
0 0 0 5 2.50000000000035305e-01 2.50000000000035305e-01 0.00000000000000000e+00 0 -4.49597478733595679e+00
0 0 0 5 2.50000000000035305e-01 2.50000000000035305e-01 0.00000000000000000e+00 1 2.87514926603858667e+00
0 0 0 5 2.50000000000035305e-01 2.50000000000035305e-01 0.00000000000000000e+00 2 4.54671193862821088e+00
0 0 0 5 2.50000000000035305e-01 2.50000000000035305e-01 0.00000000000000000e+00 3 4.54671193862821088e+00
0 0 0 5 2.50000000000035305e-01 2.50000000000035305e-01 0.00000000000000000e+00 4 7.79317461735666761e+00
0 0 0 5 2.50000000000035305e-01 2.50000000000035305e-01 0.00000000000000000e+00 5 1.04990338686111073e+01
0 0 0 5 2.50000000000035305e-01 2.50000000000035305e-01 0.00000000000000000e+00 6 1.23759252518943050e+01
0 0 0 5 2.50000000000035305e-01 2.50000000000035305e-01 0.00000000000000000e+00 7 1.23759252518943335e+01
0 0 0 5 2.50000000000035305e-01 2.50000000000035305e-01 0.00000000000000000e+00 8 1.53167335444534540e+01
0 0 0 5 2.50000000000035305e-01 2.50000000000035305e-01 0.00000000000000000e+00 9 1.63769258183246542e+01
0 0 0 5 2.50000000000035305e-01 2.50000000000035305e-01 0.00000000000000000e+00 10 2.11487617275333797e+01
0 0 0 5 2.50000000000035305e-01 2.50000000000035305e-01 0.00000000000000000e+00 11 2.19283964050910569e+01
0 0 0 5 2.50000000000035305e-01 2.50000000000035305e-01 0.00000000000000000e+00 12 2.19283964050912203e+01
0 0 0 5 2.50000000000035305e-01 2.50000000000035305e-01 0.00000000000000000e+00 13 2.58696378526805475e+01
0 0 0 5 2.50000000000035305e-01 2.50000000000035305e-01 0.00000000000000000e+00 14 2.78495385330309659e+01
0 0 0 5 2.50000000000035305e-01 2.50000000000035305e-01 0.00000000000000000e+00 15 2.93335133569815198e+01
0 0 0 5 2.50000000000035305e-01 2.50000000000035305e-01 0.00000000000000000e+00 16 3.17429024718693213e+01
0 0 0 5 2.50000000000035305e-01 2.50000000000035305e-01 0.00000000000000000e+00 17 3.17429024718695167e+01
0 0 0 5 2.50000000000035305e-01 2.50000000000035305e-01 0.00000000000000000e+00 18 3.44916883167834953e+01
0 0 0 5 2.50000000000035305e-01 2.50000000000035305e-01 0.00000000000000000e+00 19 4.50678226240389463e+01
0 0 0 5 2.50000000000035305e-01 2.50000000000035305e-01 0.00000000000000000e+00 20 4.50678226240392945e+01
0 0 0 5 2.50000000000035305e-01 2.50000000000035305e-01 0.00000000000000000e+00 21 5.88951776016287596e+01
0 0 0 5 2.50000000000035305e-01 2.50000000000035305e-01 0.00000000000000000e+00 22 7.89218830742331079e+01
0 0 0 5 2.50000000000035305e-01 2.50000000000035305e-01 0.00000000000000000e+00 23 1.12218916471532822e+02
0 0 0 5 2.50000000000035305e-01 2.50000000000035305e-01 0.00000000000000000e+00 24 1.36814293399770975e+02
0 0 0 5 2.50000000000035305e-01 2.50000000000035305e-01 0.00000000000000000e+00 25 1.36814293399779530e+02
0 0 0 6 4.99999999999988953e-01 2.49999999999953648e-01 0.00000000000000000e+00 0 -2.86108298751099399e+00
0 0 0 6 4.99999999999988953e-01 2.49999999999953648e-01 0.00000000000000000e+00 1 -2.79955835262059001e-03
0 0 0 6 4.99999999999988953e-01 2.49999999999953648e-01 0.00000000000000000e+00 2 2.85933300988994787e+00
0 0 0 6 4.99999999999988953e-01 2.49999999999953648e-01 0.00000000000000000e+00 3 4.23356880700233074e+00
0 0 0 6 4.99999999999988953e-01 2.49999999999953648e-01 0.00000000000000000e+00 4 8.36364216523242376e+00
0 0 0 6 4.99999999999988953e-01 2.49999999999953648e-01 0.00000000000000000e+00 5 1.14632162321868911e+01
0 0 0 6 4.99999999999988953e-01 2.49999999999953648e-01 0.00000000000000000e+00 6 1.25468587478207247e+01
0 0 0 6 4.99999999999988953e-01 2.49999999999953648e-01 0.00000000000000000e+00 7 1.28108031340239279e+01
0 0 0 6 4.99999999999988953e-01 2.49999999999953648e-01 0.00000000000000000e+00 8 1.75445330210377257e+01
0 0 0 6 4.99999999999988953e-01 2.49999999999953648e-01 0.00000000000000000e+00 9 1.80492900217465291e+01
0 0 0 6 4.99999999999988953e-01 2.49999999999953648e-01 0.00000000000000000e+00 10 2.01047047207393739e+01
0 0 0 6 4.99999999999988953e-01 2.49999999999953648e-01 0.00000000000000000e+00 11 2.01288468711111896e+01
0 0 0 6 4.99999999999988953e-01 2.49999999999953648e-01 0.00000000000000000e+00 12 2.55320667436287678e+01
0 0 0 6 4.99999999999988953e-01 2.49999999999953648e-01 0.00000000000000000e+00 13 2.59329681914183823e+01
0 0 0 6 4.99999999999988953e-01 2.49999999999953648e-01 0.00000000000000000e+00 14 2.65085959070952342e+01
0 0 0 6 4.99999999999988953e-01 2.49999999999953648e-01 0.00000000000000000e+00 15 2.74187853669978310e+01
0 0 0 6 4.99999999999988953e-01 2.49999999999953648e-01 0.00000000000000000e+00 16 2.92604216723641564e+01
0 0 0 6 4.99999999999988953e-01 2.49999999999953648e-01 0.00000000000000000e+00 17 3.15710443818281163e+01
0 0 0 6 4.99999999999988953e-01 2.49999999999953648e-01 0.00000000000000000e+00 18 3.27736118146601569e+01
0 0 0 6 4.99999999999988953e-01 2.49999999999953648e-01 0.00000000000000000e+00 19 3.76441425110639685e+01
0 0 0 6 4.99999999999988953e-01 2.49999999999953648e-01 0.00000000000000000e+00 20 4.33774346543053255e+01
0 0 0 6 4.99999999999988953e-01 2.49999999999953648e-01 0.00000000000000000e+00 21 4.68552906732924868e+01
0 0 0 6 4.99999999999988953e-01 2.49999999999953648e-01 0.00000000000000000e+00 22 9.32336033724399584e+01
0 0 0 6 4.99999999999988953e-01 2.49999999999953648e-01 0.00000000000000000e+00 23 1.05504226539983890e+02
0 0 0 6 4.99999999999988953e-01 2.49999999999953648e-01 0.00000000000000000e+00 24 1.16121464812230158e+02
0 0 0 6 4.99999999999988953e-01 2.49999999999953648e-01 0.00000000000000000e+00 25 1.36199531300412474e+02
0 0 0 7 7.50000000000024203e-01 2.49999999999953593e-01 0.00000000000000000e+00 0 -3.53849822179903395e+00
0 0 0 7 7.50000000000024203e-01 2.49999999999953593e-01 0.00000000000000000e+00 1 9.06912416253483622e-01
0 0 0 7 7.50000000000024203e-01 2.49999999999953593e-01 0.00000000000000000e+00 2 2.63481016961339964e+00
0 0 0 7 7.50000000000024203e-01 2.49999999999953593e-01 0.00000000000000000e+00 3 5.10631189803310725e+00
0 0 0 7 7.50000000000024203e-01 2.49999999999953593e-01 0.00000000000000000e+00 4 9.31446521881755274e+00
0 0 0 7 7.50000000000024203e-01 2.49999999999953593e-01 0.00000000000000000e+00 5 1.15339182333741466e+01
0 0 0 7 7.50000000000024203e-01 2.49999999999953593e-01 0.00000000000000000e+00 6 1.17936320762269755e+01
0 0 0 7 7.50000000000024203e-01 2.49999999999953593e-01 0.00000000000000000e+00 7 1.34999812379510544e+01
0 0 0 7 7.50000000000024203e-01 2.49999999999953593e-01 0.00000000000000000e+00 8 1.38959001860464486e+01
0 0 0 7 7.50000000000024203e-01 2.49999999999953593e-01 0.00000000000000000e+00 9 1.68432294336173527e+01
0 0 0 7 7.50000000000024203e-01 2.49999999999953593e-01 0.00000000000000000e+00 10 2.06946810568215369e+01
0 0 0 7 7.50000000000024203e-01 2.49999999999953593e-01 0.00000000000000000e+00 11 2.38403022107182814e+01
0 0 0 7 7.50000000000024203e-01 2.49999999999953593e-01 0.00000000000000000e+00 12 2.44987015119193146e+01
0 0 0 7 7.50000000000024203e-01 2.49999999999953593e-01 0.00000000000000000e+00 13 2.46800115643747056e+01
0 0 0 7 7.50000000000024203e-01 2.49999999999953593e-01 0.00000000000000000e+00 14 2.70695029269523850e+01
0 0 0 7 7.50000000000024203e-01 2.49999999999953593e-01 0.00000000000000000e+00 15 2.78549641062830098e+01
0 0 0 7 7.50000000000024203e-01 2.49999999999953593e-01 0.00000000000000000e+00 16 2.88872227542143776e+01
0 0 0 7 7.50000000000024203e-01 2.49999999999953593e-01 0.00000000000000000e+00 17 3.04843827400971072e+01
0 0 0 7 7.50000000000024203e-01 2.49999999999953593e-01 0.00000000000000000e+00 18 3.43518934060827732e+01
0 0 0 7 7.50000000000024203e-01 2.49999999999953593e-01 0.00000000000000000e+00 19 3.94879822757698165e+01
0 0 0 7 7.50000000000024203e-01 2.49999999999953593e-01 0.00000000000000000e+00 20 4.71775968599763473e+01
0 0 0 7 7.50000000000024203e-01 2.49999999999953593e-01 0.00000000000000000e+00 21 5.52283881451045531e+01
0 0 0 7 7.50000000000024203e-01 2.49999999999953593e-01 0.00000000000000000e+00 22 8.56233368278700055e+01
0 0 0 7 7.50000000000024203e-01 2.49999999999953593e-01 0.00000000000000000e+00 23 9.58635499918079859e+01
0 0 0 7 7.50000000000024203e-01 2.49999999999953593e-01 0.00000000000000000e+00 24 1.14131336134513404e+02
0 0 0 7 7.50000000000024203e-01 2.49999999999953593e-01 0.00000000000000000e+00 25 1.39318863909777491e+02
0 0 0 8 0.00000000000000000e+00 5.00000000000070610e-01 0.00000000000000000e+00 0 -3.24596580198793605e+00
0 0 0 8 0.00000000000000000e+00 5.00000000000070610e-01 0.00000000000000000e+00 1 -6.04418885752091017e-01
0 0 0 8 0.00000000000000000e+00 5.00000000000070610e-01 0.00000000000000000e+00 2 5.24067752011174104e+00
0 0 0 8 0.00000000000000000e+00 5.00000000000070610e-01 0.00000000000000000e+00 3 5.24067752011176768e+00
0 0 0 8 0.00000000000000000e+00 5.00000000000070610e-01 0.00000000000000000e+00 4 8.10635145303603011e+00
0 0 0 8 0.00000000000000000e+00 5.00000000000070610e-01 0.00000000000000000e+00 5 1.01723325320598832e+01
0 0 0 8 0.00000000000000000e+00 5.00000000000070610e-01 0.00000000000000000e+00 6 1.01723325320599649e+01
0 0 0 8 0.00000000000000000e+00 5.00000000000070610e-01 0.00000000000000000e+00 7 1.75471393083261056e+01
0 0 0 8 0.00000000000000000e+00 5.00000000000070610e-01 0.00000000000000000e+00 8 1.80041084701005758e+01
0 0 0 8 0.00000000000000000e+00 5.00000000000070610e-01 0.00000000000000000e+00 9 1.80041084701006042e+01
0 0 0 8 0.00000000000000000e+00 5.00000000000070610e-01 0.00000000000000000e+00 10 1.83579416029927032e+01
0 0 0 8 0.00000000000000000e+00 5.00000000000070610e-01 0.00000000000000000e+00 11 1.97306204018278493e+01
0 0 0 8 0.00000000000000000e+00 5.00000000000070610e-01 0.00000000000000000e+00 12 1.97306204018279061e+01
0 0 0 8 0.00000000000000000e+00 5.00000000000070610e-01 0.00000000000000000e+00 13 2.65327225509090709e+01
0 0 0 8 0.00000000000000000e+00 5.00000000000070610e-01 0.00000000000000000e+00 14 2.84591910703912276e+01
0 0 0 8 0.00000000000000000e+00 5.00000000000070610e-01 0.00000000000000000e+00 15 2.96489496347264598e+01
0 0 0 8 0.00000000000000000e+00 5.00000000000070610e-01 0.00000000000000000e+00 16 2.96489496347264847e+01
0 0 0 8 0.00000000000000000e+00 5.00000000000070610e-01 0.00000000000000000e+00 17 3.36128535729161086e+01
0 0 0 8 0.00000000000000000e+00 5.00000000000070610e-01 0.00000000000000000e+00 18 3.36128535729161300e+01
0 0 0 8 0.00000000000000000e+00 5.00000000000070610e-01 0.00000000000000000e+00 19 3.64309474830754212e+01
0 0 0 8 0.00000000000000000e+00 5.00000000000070610e-01 0.00000000000000000e+00 20 6.21815263312234592e+01
0 0 0 8 0.00000000000000000e+00 5.00000000000070610e-01 0.00000000000000000e+00 21 6.21815263312258537e+01
0 0 0 8 0.00000000000000000e+00 5.00000000000070610e-01 0.00000000000000000e+00 22 7.32589956292644899e+01
0 0 0 8 0.00000000000000000e+00 5.00000000000070610e-01 0.00000000000000000e+00 23 7.32589956292664937e+01
0 0 0 8 0.00000000000000000e+00 5.00000000000070610e-01 0.00000000000000000e+00 24 1.06593772898444811e+02
0 0 0 8 0.00000000000000000e+00 5.00000000000070610e-01 0.00000000000000000e+00 25 1.45626421941844910e+02
0 0 0 9 2.49999999999953648e-01 4.99999999999988953e-01 0.00000000000000000e+00 0 -2.86108298751099399e+00
0 0 0 9 2.49999999999953648e-01 4.99999999999988953e-01 0.00000000000000000e+00 1 -2.79955835253895566e-03
0 0 0 9 2.49999999999953648e-01 4.99999999999988953e-01 0.00000000000000000e+00 2 2.85933300988994787e+00
0 0 0 9 2.49999999999953648e-01 4.99999999999988953e-01 0.00000000000000000e+00 3 4.23356880700233074e+00
0 0 0 9 2.49999999999953648e-01 4.99999999999988953e-01 0.00000000000000000e+00 4 8.36364216523247705e+00
0 0 0 9 2.49999999999953648e-01 4.99999999999988953e-01 0.00000000000000000e+00 5 1.14632162321868645e+01
0 0 0 9 2.49999999999953648e-01 4.99999999999988953e-01 0.00000000000000000e+00 6 1.25468587478207247e+01
0 0 0 9 2.49999999999953648e-01 4.99999999999988953e-01 0.00000000000000000e+00 7 1.28108031340239279e+01
0 0 0 9 2.49999999999953648e-01 4.99999999999988953e-01 0.00000000000000000e+00 8 1.75445330210377826e+01
0 0 0 9 2.49999999999953648e-01 4.99999999999988953e-01 0.00000000000000000e+00 9 1.80492900217465824e+01
0 0 0 9 2.49999999999953648e-01 4.99999999999988953e-01 0.00000000000000000e+00 10 2.01047047207393170e+01
0 0 0 9 2.49999999999953648e-01 4.99999999999988953e-01 0.00000000000000000e+00 11 2.01288468711111896e+01
0 0 0 9 2.49999999999953648e-01 4.99999999999988953e-01 0.00000000000000000e+00 12 2.55320667436288211e+01
0 0 0 9 2.49999999999953648e-01 4.99999999999988953e-01 0.00000000000000000e+00 13 2.59329681914184071e+01
0 0 0 9 2.49999999999953648e-01 4.99999999999988953e-01 0.00000000000000000e+00 14 2.65085959070952590e+01
0 0 0 9 2.49999999999953648e-01 4.99999999999988953e-01 0.00000000000000000e+00 15 2.74187853669978310e+01
0 0 0 9 2.49999999999953648e-01 4.99999999999988953e-01 0.00000000000000000e+00 16 2.92604216723641564e+01
0 0 0 9 2.49999999999953648e-01 4.99999999999988953e-01 0.00000000000000000e+00 17 3.15710443818281483e+01
0 0 0 9 2.49999999999953648e-01 4.99999999999988953e-01 0.00000000000000000e+00 18 3.27736118146601854e+01
0 0 0 9 2.49999999999953648e-01 4.99999999999988953e-01 0.00000000000000000e+00 19 3.76441425110640040e+01
0 0 0 9 2.49999999999953648e-01 4.99999999999988953e-01 0.00000000000000000e+00 20 4.33774346543053539e+01
0 0 0 9 2.49999999999953648e-01 4.99999999999988953e-01 0.00000000000000000e+00 21 4.68552906732927852e+01
0 0 0 9 2.49999999999953648e-01 4.99999999999988953e-01 0.00000000000000000e+00 22 9.32336033724403990e+01
0 0 0 9 2.49999999999953648e-01 4.99999999999988953e-01 0.00000000000000000e+00 23 1.05504226539981772e+02
0 0 0 9 2.49999999999953648e-01 4.99999999999988953e-01 0.00000000000000000e+00 24 1.16121464812234137e+02
0 0 0 9 2.49999999999953648e-01 4.99999999999988953e-01 0.00000000000000000e+00 25 1.36199531300415288e+02
0 0 0 10 4.99999999999988898e-01 4.99999999999988898e-01 0.00000000000000000e+00 0 -1.43299158792956427e+00
0 0 0 10 4.99999999999988898e-01 4.99999999999988898e-01 0.00000000000000000e+00 1 -1.43298966071488909e+00
0 0 0 10 4.99999999999988898e-01 4.99999999999988898e-01 0.00000000000000000e+00 2 3.58371742379165914e+00
0 0 0 10 4.99999999999988898e-01 4.99999999999988898e-01 0.00000000000000000e+00 3 3.58371742379165914e+00
0 0 0 10 4.99999999999988898e-01 4.99999999999988898e-01 0.00000000000000000e+00 4 7.52239651532347953e+00
0 0 0 10 4.99999999999988898e-01 4.99999999999988898e-01 0.00000000000000000e+00 5 7.52240190897765615e+00
0 0 0 10 4.99999999999988898e-01 4.99999999999988898e-01 0.00000000000000000e+00 6 1.68540934583405466e+01
0 0 0 10 4.99999999999988898e-01 4.99999999999988898e-01 0.00000000000000000e+00 7 1.68540934583405750e+01
0 0 0 10 4.99999999999988898e-01 4.99999999999988898e-01 0.00000000000000000e+00 8 1.81121424486640805e+01
0 0 0 10 4.99999999999988898e-01 4.99999999999988898e-01 0.00000000000000000e+00 9 1.81121424486641622e+01
0 0 0 10 4.99999999999988898e-01 4.99999999999988898e-01 0.00000000000000000e+00 10 2.05878224250362827e+01
0 0 0 10 4.99999999999988898e-01 4.99999999999988898e-01 0.00000000000000000e+00 11 2.05878227300969030e+01
0 0 0 10 4.99999999999988898e-01 4.99999999999988898e-01 0.00000000000000000e+00 12 2.10420979604160436e+01
0 0 0 10 4.99999999999988898e-01 4.99999999999988898e-01 0.00000000000000000e+00 13 2.10420989386425497e+01
0 0 0 10 4.99999999999988898e-01 4.99999999999988898e-01 0.00000000000000000e+00 14 2.93787460125578264e+01
0 0 0 10 4.99999999999988898e-01 4.99999999999988898e-01 0.00000000000000000e+00 15 2.93787679773719006e+01
0 0 0 10 4.99999999999988898e-01 4.99999999999988898e-01 0.00000000000000000e+00 16 3.24440847209759866e+01
0 0 0 10 4.99999999999988898e-01 4.99999999999988898e-01 0.00000000000000000e+00 17 3.24440847209760932e+01
0 0 0 10 4.99999999999988898e-01 4.99999999999988898e-01 0.00000000000000000e+00 18 3.42725379543572188e+01
0 0 0 10 4.99999999999988898e-01 4.99999999999988898e-01 0.00000000000000000e+00 19 3.42725593944825917e+01
0 0 0 10 4.99999999999988898e-01 4.99999999999988898e-01 0.00000000000000000e+00 20 3.75019907734039037e+01
0 0 0 10 4.99999999999988898e-01 4.99999999999988898e-01 0.00000000000000000e+00 21 3.75019907734039890e+01
0 0 0 10 4.99999999999988898e-01 4.99999999999988898e-01 0.00000000000000000e+00 22 1.12297266016079121e+02
0 0 0 10 4.99999999999988898e-01 4.99999999999988898e-01 0.00000000000000000e+00 23 1.12297266016080599e+02
0 0 0 10 4.99999999999988898e-01 4.99999999999988898e-01 0.00000000000000000e+00 24 1.27998191864275199e+02
0 0 0 10 4.99999999999988898e-01 4.99999999999988898e-01 0.00000000000000000e+00 25 1.27998308398692487e+02
0 0 0 11 7.50000000000024314e-01 4.99999999999989009e-01 0.00000000000000000e+00 0 -2.86108298751099399e+00
0 0 0 11 7.50000000000024314e-01 4.99999999999989009e-01 0.00000000000000000e+00 1 -2.79955835253895566e-03
0 0 0 11 7.50000000000024314e-01 4.99999999999989009e-01 0.00000000000000000e+00 2 2.85933300988994787e+00
0 0 0 11 7.50000000000024314e-01 4.99999999999989009e-01 0.00000000000000000e+00 3 4.23356880700230320e+00
0 0 0 11 7.50000000000024314e-01 4.99999999999989009e-01 0.00000000000000000e+00 4 8.36364216523250548e+00
0 0 0 11 7.50000000000024314e-01 4.99999999999989009e-01 0.00000000000000000e+00 5 1.14632162321868911e+01
0 0 0 11 7.50000000000024314e-01 4.99999999999989009e-01 0.00000000000000000e+00 6 1.25468587478207532e+01
0 0 0 11 7.50000000000024314e-01 4.99999999999989009e-01 0.00000000000000000e+00 7 1.28108031340239013e+01
0 0 0 11 7.50000000000024314e-01 4.99999999999989009e-01 0.00000000000000000e+00 8 1.75445330210377826e+01
0 0 0 11 7.50000000000024314e-01 4.99999999999989009e-01 0.00000000000000000e+00 9 1.80492900217465291e+01
0 0 0 11 7.50000000000024314e-01 4.99999999999989009e-01 0.00000000000000000e+00 10 2.01047047207393454e+01
0 0 0 11 7.50000000000024314e-01 4.99999999999989009e-01 0.00000000000000000e+00 11 2.01288468711111896e+01
0 0 0 11 7.50000000000024314e-01 4.99999999999989009e-01 0.00000000000000000e+00 12 2.55320667436288211e+01
0 0 0 11 7.50000000000024314e-01 4.99999999999989009e-01 0.00000000000000000e+00 13 2.59329681914183823e+01
0 0 0 11 7.50000000000024314e-01 4.99999999999989009e-01 0.00000000000000000e+00 14 2.65085959070952057e+01
0 0 0 11 7.50000000000024314e-01 4.99999999999989009e-01 0.00000000000000000e+00 15 2.74187853669978310e+01
0 0 0 11 7.50000000000024314e-01 4.99999999999989009e-01 0.00000000000000000e+00 16 2.92604216723641564e+01
0 0 0 11 7.50000000000024314e-01 4.99999999999989009e-01 0.00000000000000000e+00 17 3.15710443818281163e+01
0 0 0 11 7.50000000000024314e-01 4.99999999999989009e-01 0.00000000000000000e+00 18 3.27736118146601356e+01
0 0 0 11 7.50000000000024314e-01 4.99999999999989009e-01 0.00000000000000000e+00 19 3.76441425110640253e+01
0 0 0 11 7.50000000000024314e-01 4.99999999999989009e-01 0.00000000000000000e+00 20 4.33774346543053255e+01
0 0 0 11 7.50000000000024314e-01 4.99999999999989009e-01 0.00000000000000000e+00 21 4.68552906732928065e+01
0 0 0 11 7.50000000000024314e-01 4.99999999999989009e-01 0.00000000000000000e+00 22 9.32336033724397453e+01
0 0 0 11 7.50000000000024314e-01 4.99999999999989009e-01 0.00000000000000000e+00 23 1.05504226539982497e+02
0 0 0 11 7.50000000000024314e-01 4.99999999999989009e-01 0.00000000000000000e+00 24 1.16121464812233967e+02
0 0 0 11 7.50000000000024314e-01 4.99999999999989009e-01 0.00000000000000000e+00 25 1.36199531300412275e+02
0 0 0 12 0.00000000000000000e+00 7.49999999999942601e-01 0.00000000000000000e+00 0 -4.77928439869774557e+00
0 0 0 12 0.00000000000000000e+00 7.49999999999942601e-01 0.00000000000000000e+00 1 2.46680605279676168e+00
0 0 0 12 0.00000000000000000e+00 7.49999999999942601e-01 0.00000000000000000e+00 2 5.67615955045470599e+00
0 0 0 12 0.00000000000000000e+00 7.49999999999942601e-01 0.00000000000000000e+00 3 5.67615955045470599e+00
0 0 0 12 0.00000000000000000e+00 7.49999999999942601e-01 0.00000000000000000e+00 4 8.63478008904073846e+00
0 0 0 12 0.00000000000000000e+00 7.49999999999942601e-01 0.00000000000000000e+00 5 1.01791067980607668e+01
0 0 0 12 0.00000000000000000e+00 7.49999999999942601e-01 0.00000000000000000e+00 6 1.01791067980608485e+01
0 0 0 12 0.00000000000000000e+00 7.49999999999942601e-01 0.00000000000000000e+00 7 1.38167819259345066e+01
0 0 0 12 0.00000000000000000e+00 7.49999999999942601e-01 0.00000000000000000e+00 8 1.47511644089769973e+01
0 0 0 12 0.00000000000000000e+00 7.49999999999942601e-01 0.00000000000000000e+00 9 1.47511644089769973e+01
0 0 0 12 0.00000000000000000e+00 7.49999999999942601e-01 0.00000000000000000e+00 10 1.98647145492865604e+01
0 0 0 12 0.00000000000000000e+00 7.49999999999942601e-01 0.00000000000000000e+00 11 2.28825557074830641e+01
0 0 0 12 0.00000000000000000e+00 7.49999999999942601e-01 0.00000000000000000e+00 12 2.32685984980903164e+01
0 0 0 12 0.00000000000000000e+00 7.49999999999942601e-01 0.00000000000000000e+00 13 2.32685984980903449e+01
0 0 0 12 0.00000000000000000e+00 7.49999999999942601e-01 0.00000000000000000e+00 14 2.95249480917060865e+01
0 0 0 12 0.00000000000000000e+00 7.49999999999942601e-01 0.00000000000000000e+00 15 2.95249480917061149e+01
0 0 0 12 0.00000000000000000e+00 7.49999999999942601e-01 0.00000000000000000e+00 16 3.14747523700926415e+01
0 0 0 12 0.00000000000000000e+00 7.49999999999942601e-01 0.00000000000000000e+00 17 3.39472997493825446e+01
0 0 0 12 0.00000000000000000e+00 7.49999999999942601e-01 0.00000000000000000e+00 18 3.39472997493825659e+01
0 0 0 12 0.00000000000000000e+00 7.49999999999942601e-01 0.00000000000000000e+00 19 4.32507293026726174e+01
0 0 0 12 0.00000000000000000e+00 7.49999999999942601e-01 0.00000000000000000e+00 20 6.13761034511607875e+01
0 0 0 12 0.00000000000000000e+00 7.49999999999942601e-01 0.00000000000000000e+00 21 6.13761034511638641e+01
0 0 0 12 0.00000000000000000e+00 7.49999999999942601e-01 0.00000000000000000e+00 22 9.84576719779496017e+01
0 0 0 12 0.00000000000000000e+00 7.49999999999942601e-01 0.00000000000000000e+00 23 9.84576719779561245e+01
0 0 0 12 0.00000000000000000e+00 7.49999999999942601e-01 0.00000000000000000e+00 24 1.04798743835715044e+02
0 0 0 12 0.00000000000000000e+00 7.49999999999942601e-01 0.00000000000000000e+00 25 1.54047557201720991e+02
0 0 0 13 2.49999999999953593e-01 7.50000000000024203e-01 0.00000000000000000e+00 0 -3.53849822179903395e+00
0 0 0 13 2.49999999999953593e-01 7.50000000000024203e-01 0.00000000000000000e+00 1 9.06912416253483622e-01
0 0 0 13 2.49999999999953593e-01 7.50000000000024203e-01 0.00000000000000000e+00 2 2.63481016961337255e+00
0 0 0 13 2.49999999999953593e-01 7.50000000000024203e-01 0.00000000000000000e+00 3 5.10631189803310725e+00
0 0 0 13 2.49999999999953593e-01 7.50000000000024203e-01 0.00000000000000000e+00 4 9.31446521881757938e+00
0 0 0 13 2.49999999999953593e-01 7.50000000000024203e-01 0.00000000000000000e+00 5 1.15339182333741750e+01
0 0 0 13 2.49999999999953593e-01 7.50000000000024203e-01 0.00000000000000000e+00 6 1.17936320762269755e+01
0 0 0 13 2.49999999999953593e-01 7.50000000000024203e-01 0.00000000000000000e+00 7 1.34999812379510544e+01
0 0 0 13 2.49999999999953593e-01 7.50000000000024203e-01 0.00000000000000000e+00 8 1.38959001860464486e+01
0 0 0 13 2.49999999999953593e-01 7.50000000000024203e-01 0.00000000000000000e+00 9 1.68432294336173527e+01
0 0 0 13 2.49999999999953593e-01 7.50000000000024203e-01 0.00000000000000000e+00 10 2.06946810568215369e+01
0 0 0 13 2.49999999999953593e-01 7.50000000000024203e-01 0.00000000000000000e+00 11 2.38403022107182814e+01
0 0 0 13 2.49999999999953593e-01 7.50000000000024203e-01 0.00000000000000000e+00 12 2.44987015119193146e+01
0 0 0 13 2.49999999999953593e-01 7.50000000000024203e-01 0.00000000000000000e+00 13 2.46800115643747056e+01
0 0 0 13 2.49999999999953593e-01 7.50000000000024203e-01 0.00000000000000000e+00 14 2.70695029269524134e+01
0 0 0 13 2.49999999999953593e-01 7.50000000000024203e-01 0.00000000000000000e+00 15 2.78549641062830098e+01
0 0 0 13 2.49999999999953593e-01 7.50000000000024203e-01 0.00000000000000000e+00 16 2.88872227542143776e+01
0 0 0 13 2.49999999999953593e-01 7.50000000000024203e-01 0.00000000000000000e+00 17 3.04843827400971072e+01
0 0 0 13 2.49999999999953593e-01 7.50000000000024203e-01 0.00000000000000000e+00 18 3.43518934060828229e+01
0 0 0 13 2.49999999999953593e-01 7.50000000000024203e-01 0.00000000000000000e+00 19 3.94879822757698449e+01
0 0 0 13 2.49999999999953593e-01 7.50000000000024203e-01 0.00000000000000000e+00 20 4.71775968599763189e+01
0 0 0 13 2.49999999999953593e-01 7.50000000000024203e-01 0.00000000000000000e+00 21 5.52283881451045033e+01
0 0 0 13 2.49999999999953593e-01 7.50000000000024203e-01 0.00000000000000000e+00 22 8.56233368278700340e+01
0 0 0 13 2.49999999999953593e-01 7.50000000000024203e-01 0.00000000000000000e+00 23 9.58635499918086111e+01
0 0 0 13 2.49999999999953593e-01 7.50000000000024203e-01 0.00000000000000000e+00 24 1.14131336134512509e+02
0 0 0 13 2.49999999999953593e-01 7.50000000000024203e-01 0.00000000000000000e+00 25 1.39318863909778031e+02
0 0 0 14 4.99999999999989009e-01 7.50000000000024314e-01 0.00000000000000000e+00 0 -2.86108298751099399e+00
0 0 0 14 4.99999999999989009e-01 7.50000000000024314e-01 0.00000000000000000e+00 1 -2.79955835259337827e-03
0 0 0 14 4.99999999999989009e-01 7.50000000000024314e-01 0.00000000000000000e+00 2 2.85933300988997496e+00
0 0 0 14 4.99999999999989009e-01 7.50000000000024314e-01 0.00000000000000000e+00 3 4.23356880700233074e+00
0 0 0 14 4.99999999999989009e-01 7.50000000000024314e-01 0.00000000000000000e+00 4 8.36364216523242376e+00
0 0 0 14 4.99999999999989009e-01 7.50000000000024314e-01 0.00000000000000000e+00 5 1.14632162321868911e+01
0 0 0 14 4.99999999999989009e-01 7.50000000000024314e-01 0.00000000000000000e+00 6 1.25468587478207247e+01
0 0 0 14 4.99999999999989009e-01 7.50000000000024314e-01 0.00000000000000000e+00 7 1.28108031340239279e+01
0 0 0 14 4.99999999999989009e-01 7.50000000000024314e-01 0.00000000000000000e+00 8 1.75445330210377257e+01
0 0 0 14 4.99999999999989009e-01 7.50000000000024314e-01 0.00000000000000000e+00 9 1.80492900217465291e+01
0 0 0 14 4.99999999999989009e-01 7.50000000000024314e-01 0.00000000000000000e+00 10 2.01047047207393987e+01
0 0 0 14 4.99999999999989009e-01 7.50000000000024314e-01 0.00000000000000000e+00 11 2.01288468711111896e+01
0 0 0 14 4.99999999999989009e-01 7.50000000000024314e-01 0.00000000000000000e+00 12 2.55320667436287678e+01
0 0 0 14 4.99999999999989009e-01 7.50000000000024314e-01 0.00000000000000000e+00 13 2.59329681914183823e+01
0 0 0 14 4.99999999999989009e-01 7.50000000000024314e-01 0.00000000000000000e+00 14 2.65085959070952057e+01
0 0 0 14 4.99999999999989009e-01 7.50000000000024314e-01 0.00000000000000000e+00 15 2.74187853669978026e+01
0 0 0 14 4.99999999999989009e-01 7.50000000000024314e-01 0.00000000000000000e+00 16 2.92604216723641564e+01
0 0 0 14 4.99999999999989009e-01 7.50000000000024314e-01 0.00000000000000000e+00 17 3.15710443818281483e+01
0 0 0 14 4.99999999999989009e-01 7.50000000000024314e-01 0.00000000000000000e+00 18 3.27736118146601569e+01
0 0 0 14 4.99999999999989009e-01 7.50000000000024314e-01 0.00000000000000000e+00 19 3.76441425110640040e+01
0 0 0 14 4.99999999999989009e-01 7.50000000000024314e-01 0.00000000000000000e+00 20 4.33774346543053539e+01
0 0 0 14 4.99999999999989009e-01 7.50000000000024314e-01 0.00000000000000000e+00 21 4.68552906732925933e+01
0 0 0 14 4.99999999999989009e-01 7.50000000000024314e-01 0.00000000000000000e+00 22 9.32336033724420474e+01
0 0 0 14 4.99999999999989009e-01 7.50000000000024314e-01 0.00000000000000000e+00 23 1.05504226539984359e+02
0 0 0 14 4.99999999999989009e-01 7.50000000000024314e-01 0.00000000000000000e+00 24 1.16121464812228723e+02
0 0 0 14 4.99999999999989009e-01 7.50000000000024314e-01 0.00000000000000000e+00 25 1.36199531300411451e+02
0 0 0 15 7.50000000000024203e-01 7.50000000000024203e-01 0.00000000000000000e+00 0 -4.49597478733595679e+00
0 0 0 15 7.50000000000024203e-01 7.50000000000024203e-01 0.00000000000000000e+00 1 2.87514926603858667e+00
0 0 0 15 7.50000000000024203e-01 7.50000000000024203e-01 0.00000000000000000e+00 2 4.54671193862818335e+00
0 0 0 15 7.50000000000024203e-01 7.50000000000024203e-01 0.00000000000000000e+00 3 4.54671193862823753e+00
0 0 0 15 7.50000000000024203e-01 7.50000000000024203e-01 0.00000000000000000e+00 4 7.79317461735666761e+00
0 0 0 15 7.50000000000024203e-01 7.50000000000024203e-01 0.00000000000000000e+00 5 1.04990338686111624e+01
0 0 0 15 7.50000000000024203e-01 7.50000000000024203e-01 0.00000000000000000e+00 6 1.23759252518943335e+01
0 0 0 15 7.50000000000024203e-01 7.50000000000024203e-01 0.00000000000000000e+00 7 1.23759252518943335e+01
0 0 0 15 7.50000000000024203e-01 7.50000000000024203e-01 0.00000000000000000e+00 8 1.53167335444534807e+01
0 0 0 15 7.50000000000024203e-01 7.50000000000024203e-01 0.00000000000000000e+00 9 1.63769258183246258e+01
0 0 0 15 7.50000000000024203e-01 7.50000000000024203e-01 0.00000000000000000e+00 10 2.11487617275334081e+01
0 0 0 15 7.50000000000024203e-01 7.50000000000024203e-01 0.00000000000000000e+00 11 2.19283964050910569e+01
0 0 0 15 7.50000000000024203e-01 7.50000000000024203e-01 0.00000000000000000e+00 12 2.19283964050911919e+01
0 0 0 15 7.50000000000024203e-01 7.50000000000024203e-01 0.00000000000000000e+00 13 2.58696378526805724e+01
0 0 0 15 7.50000000000024203e-01 7.50000000000024203e-01 0.00000000000000000e+00 14 2.78495385330309659e+01
0 0 0 15 7.50000000000024203e-01 7.50000000000024203e-01 0.00000000000000000e+00 15 2.93335133569815198e+01
0 0 0 15 7.50000000000024203e-01 7.50000000000024203e-01 0.00000000000000000e+00 16 3.17429024718693782e+01
0 0 0 15 7.50000000000024203e-01 7.50000000000024203e-01 0.00000000000000000e+00 17 3.17429024718695700e+01
0 0 0 15 7.50000000000024203e-01 7.50000000000024203e-01 0.00000000000000000e+00 18 3.44916883167835806e+01
0 0 0 15 7.50000000000024203e-01 7.50000000000024203e-01 0.00000000000000000e+00 19 4.50678226240389677e+01
0 0 0 15 7.50000000000024203e-01 7.50000000000024203e-01 0.00000000000000000e+00 20 4.50678226240392377e+01
0 0 0 15 7.50000000000024203e-01 7.50000000000024203e-01 0.00000000000000000e+00 21 5.88951776016285962e+01
0 0 0 15 7.50000000000024203e-01 7.50000000000024203e-01 0.00000000000000000e+00 22 7.89218830742336479e+01
0 0 0 15 7.50000000000024203e-01 7.50000000000024203e-01 0.00000000000000000e+00 23 1.12218916471531486e+02
0 0 0 15 7.50000000000024203e-01 7.50000000000024203e-01 0.00000000000000000e+00 24 1.36814293399770463e+02
0 0 0 15 7.50000000000024203e-01 7.50000000000024203e-01 0.00000000000000000e+00 25 1.36814293399779359e+02
0 0 0 16 0.00000000000000000e+00 0.00000000000000000e+00 2.50000000000035305e-01 0 -4.77928439869771804e+00
0 0 0 16 0.00000000000000000e+00 0.00000000000000000e+00 2.50000000000035305e-01 1 2.46680605279681631e+00
0 0 0 16 0.00000000000000000e+00 0.00000000000000000e+00 2.50000000000035305e-01 2 5.67615955045465181e+00
0 0 0 16 0.00000000000000000e+00 0.00000000000000000e+00 2.50000000000035305e-01 3 5.67615955045473264e+00
0 0 0 16 0.00000000000000000e+00 0.00000000000000000e+00 2.50000000000035305e-01 4 8.63478008904084859e+00
0 0 0 16 0.00000000000000000e+00 0.00000000000000000e+00 2.50000000000035305e-01 5 1.01791067980607934e+01
0 0 0 16 0.00000000000000000e+00 0.00000000000000000e+00 2.50000000000035305e-01 6 1.01791067980608219e+01
0 0 0 16 0.00000000000000000e+00 0.00000000000000000e+00 2.50000000000035305e-01 7 1.38167819259346150e+01
0 0 0 16 0.00000000000000000e+00 0.00000000000000000e+00 2.50000000000035305e-01 8 1.47511644089769973e+01
0 0 0 16 0.00000000000000000e+00 0.00000000000000000e+00 2.50000000000035305e-01 9 1.47511644089769973e+01
0 0 0 16 0.00000000000000000e+00 0.00000000000000000e+00 2.50000000000035305e-01 10 1.98647145492865889e+01
0 0 0 16 0.00000000000000000e+00 0.00000000000000000e+00 2.50000000000035305e-01 11 2.28825557074830108e+01
0 0 0 16 0.00000000000000000e+00 0.00000000000000000e+00 2.50000000000035305e-01 12 2.32685984980903164e+01
0 0 0 16 0.00000000000000000e+00 0.00000000000000000e+00 2.50000000000035305e-01 13 2.32685984980903449e+01
0 0 0 16 0.00000000000000000e+00 0.00000000000000000e+00 2.50000000000035305e-01 14 2.95249480917060865e+01
0 0 0 16 0.00000000000000000e+00 0.00000000000000000e+00 2.50000000000035305e-01 15 2.95249480917060865e+01
0 0 0 16 0.00000000000000000e+00 0.00000000000000000e+00 2.50000000000035305e-01 16 3.14747523700925846e+01
0 0 0 16 0.00000000000000000e+00 0.00000000000000000e+00 2.50000000000035305e-01 17 3.39472997493825446e+01
0 0 0 16 0.00000000000000000e+00 0.00000000000000000e+00 2.50000000000035305e-01 18 3.39472997493825446e+01
0 0 0 16 0.00000000000000000e+00 0.00000000000000000e+00 2.50000000000035305e-01 19 4.32507293026725108e+01
0 0 0 16 0.00000000000000000e+00 0.00000000000000000e+00 2.50000000000035305e-01 20 6.13761034511613914e+01
0 0 0 16 0.00000000000000000e+00 0.00000000000000000e+00 2.50000000000035305e-01 21 6.13761034511639423e+01
0 0 0 16 0.00000000000000000e+00 0.00000000000000000e+00 2.50000000000035305e-01 22 9.84576719779509801e+01
0 0 0 16 0.00000000000000000e+00 0.00000000000000000e+00 2.50000000000035305e-01 23 9.84576719779557408e+01
0 0 0 16 0.00000000000000000e+00 0.00000000000000000e+00 2.50000000000035305e-01 24 1.04798743835719677e+02
0 0 0 16 0.00000000000000000e+00 0.00000000000000000e+00 2.50000000000035305e-01 25 1.54047557201721986e+02
0 0 0 17 2.50000000000035305e-01 0.00000000000000000e+00 2.50000000000035305e-01 0 -4.49597478733595679e+00
0 0 0 17 2.50000000000035305e-01 0.00000000000000000e+00 2.50000000000035305e-01 1 2.87514926603853205e+00
0 0 0 17 2.50000000000035305e-01 0.00000000000000000e+00 2.50000000000035305e-01 2 4.54671193862826506e+00
0 0 0 17 2.50000000000035305e-01 0.00000000000000000e+00 2.50000000000035305e-01 3 4.54671193862829170e+00
0 0 0 17 2.50000000000035305e-01 0.00000000000000000e+00 2.50000000000035305e-01 4 7.79317461735664097e+00
0 0 0 17 2.50000000000035305e-01 0.00000000000000000e+00 2.50000000000035305e-01 5 1.04990338686111340e+01
0 0 0 17 2.50000000000035305e-01 0.00000000000000000e+00 2.50000000000035305e-01 6 1.23759252518943335e+01
0 0 0 17 2.50000000000035305e-01 0.00000000000000000e+00 2.50000000000035305e-01 7 1.23759252518943601e+01
0 0 0 17 2.50000000000035305e-01 0.00000000000000000e+00 2.50000000000035305e-01 8 1.53167335444535091e+01
0 0 0 17 2.50000000000035305e-01 0.00000000000000000e+00 2.50000000000035305e-01 9 1.63769258183246542e+01
0 0 0 17 2.50000000000035305e-01 0.00000000000000000e+00 2.50000000000035305e-01 10 2.11487617275332695e+01
0 0 0 17 2.50000000000035305e-01 0.00000000000000000e+00 2.50000000000035305e-01 11 2.19283964050911386e+01
0 0 0 17 2.50000000000035305e-01 0.00000000000000000e+00 2.50000000000035305e-01 12 2.19283964050912203e+01
0 0 0 17 2.50000000000035305e-01 0.00000000000000000e+00 2.50000000000035305e-01 13 2.58696378526804907e+01
0 0 0 17 2.50000000000035305e-01 0.00000000000000000e+00 2.50000000000035305e-01 14 2.78495385330309908e+01
0 0 0 17 2.50000000000035305e-01 0.00000000000000000e+00 2.50000000000035305e-01 15 2.93335133569814666e+01
0 0 0 17 2.50000000000035305e-01 0.00000000000000000e+00 2.50000000000035305e-01 16 3.17429024718695416e+01
0 0 0 17 2.50000000000035305e-01 0.00000000000000000e+00 2.50000000000035305e-01 17 3.17429024718695416e+01
0 0 0 17 2.50000000000035305e-01 0.00000000000000000e+00 2.50000000000035305e-01 18 3.44916883167834385e+01
0 0 0 17 2.50000000000035305e-01 0.00000000000000000e+00 2.50000000000035305e-01 19 4.50678226240394011e+01
0 0 0 17 2.50000000000035305e-01 0.00000000000000000e+00 2.50000000000035305e-01 20 4.50678226240399979e+01
0 0 0 17 2.50000000000035305e-01 0.00000000000000000e+00 2.50000000000035305e-01 21 5.88951776016262372e+01
0 0 0 17 2.50000000000035305e-01 0.00000000000000000e+00 2.50000000000035305e-01 22 7.89218830742312036e+01
0 0 0 17 2.50000000000035305e-01 0.00000000000000000e+00 2.50000000000035305e-01 23 1.12218916471532069e+02
0 0 0 17 2.50000000000035305e-01 0.00000000000000000e+00 2.50000000000035305e-01 24 1.36814293399773646e+02
0 0 0 17 2.50000000000035305e-01 0.00000000000000000e+00 2.50000000000035305e-01 25 1.36814293399783423e+02
0 0 0 18 4.99999999999988953e-01 0.00000000000000000e+00 2.49999999999953648e-01 0 -2.86108298751099399e+00
0 0 0 18 4.99999999999988953e-01 0.00000000000000000e+00 2.49999999999953648e-01 1 -2.79955835256616697e-03
0 0 0 18 4.99999999999988953e-01 0.00000000000000000e+00 2.49999999999953648e-01 2 2.85933300988994787e+00
0 0 0 18 4.99999999999988953e-01 0.00000000000000000e+00 2.49999999999953648e-01 3 4.23356880700235738e+00
0 0 0 18 4.99999999999988953e-01 0.00000000000000000e+00 2.49999999999953648e-01 4 8.36364216523247705e+00
0 0 0 18 4.99999999999988953e-01 0.00000000000000000e+00 2.49999999999953648e-01 5 1.14632162321868911e+01
0 0 0 18 4.99999999999988953e-01 0.00000000000000000e+00 2.49999999999953648e-01 6 1.25468587478207247e+01
0 0 0 18 4.99999999999988953e-01 0.00000000000000000e+00 2.49999999999953648e-01 7 1.28108031340239545e+01
0 0 0 18 4.99999999999988953e-01 0.00000000000000000e+00 2.49999999999953648e-01 8 1.75445330210377826e+01
0 0 0 18 4.99999999999988953e-01 0.00000000000000000e+00 2.49999999999953648e-01 9 1.80492900217465539e+01
0 0 0 18 4.99999999999988953e-01 0.00000000000000000e+00 2.49999999999953648e-01 10 2.01047047207393739e+01
0 0 0 18 4.99999999999988953e-01 0.00000000000000000e+00 2.49999999999953648e-01 11 2.01288468711112145e+01
0 0 0 18 4.99999999999988953e-01 0.00000000000000000e+00 2.49999999999953648e-01 12 2.55320667436287394e+01
0 0 0 18 4.99999999999988953e-01 0.00000000000000000e+00 2.49999999999953648e-01 13 2.59329681914183823e+01
0 0 0 18 4.99999999999988953e-01 0.00000000000000000e+00 2.49999999999953648e-01 14 2.65085959070952590e+01
0 0 0 18 4.99999999999988953e-01 0.00000000000000000e+00 2.49999999999953648e-01 15 2.74187853669978026e+01
0 0 0 18 4.99999999999988953e-01 0.00000000000000000e+00 2.49999999999953648e-01 16 2.92604216723641279e+01
0 0 0 18 4.99999999999988953e-01 0.00000000000000000e+00 2.49999999999953648e-01 17 3.15710443818281483e+01
0 0 0 18 4.99999999999988953e-01 0.00000000000000000e+00 2.49999999999953648e-01 18 3.27736118146602635e+01
0 0 0 18 4.99999999999988953e-01 0.00000000000000000e+00 2.49999999999953648e-01 19 3.76441425110639685e+01
0 0 0 18 4.99999999999988953e-01 0.00000000000000000e+00 2.49999999999953648e-01 20 4.33774346543056737e+01
0 0 0 18 4.99999999999988953e-01 0.00000000000000000e+00 2.49999999999953648e-01 21 4.68552906732921031e+01
0 0 0 18 4.99999999999988953e-01 0.00000000000000000e+00 2.49999999999953648e-01 22 9.32336033724402853e+01
0 0 0 18 4.99999999999988953e-01 0.00000000000000000e+00 2.49999999999953648e-01 23 1.05504226539984089e+02
0 0 0 18 4.99999999999988953e-01 0.00000000000000000e+00 2.49999999999953648e-01 24 1.16121464812231068e+02
0 0 0 18 4.99999999999988953e-01 0.00000000000000000e+00 2.49999999999953648e-01 25 1.36199531300423700e+02
0 0 0 19 7.50000000000024203e-01 0.00000000000000000e+00 2.49999999999953593e-01 0 -3.53849822179903395e+00
0 0 0 19 7.50000000000024203e-01 0.00000000000000000e+00 2.49999999999953593e-01 1 9.06912416253456422e-01
0 0 0 19 7.50000000000024203e-01 0.00000000000000000e+00 2.49999999999953593e-01 2 2.63481016961339964e+00
0 0 0 19 7.50000000000024203e-01 0.00000000000000000e+00 2.49999999999953593e-01 3 5.10631189803313479e+00
0 0 0 19 7.50000000000024203e-01 0.00000000000000000e+00 2.49999999999953593e-01 4 9.31446521881757938e+00
0 0 0 19 7.50000000000024203e-01 0.00000000000000000e+00 2.49999999999953593e-01 5 1.15339182333741750e+01
0 0 0 19 7.50000000000024203e-01 0.00000000000000000e+00 2.49999999999953593e-01 6 1.17936320762269471e+01
0 0 0 19 7.50000000000024203e-01 0.00000000000000000e+00 2.49999999999953593e-01 7 1.34999812379511344e+01
0 0 0 19 7.50000000000024203e-01 0.00000000000000000e+00 2.49999999999953593e-01 8 1.38959001860464753e+01
0 0 0 19 7.50000000000024203e-01 0.00000000000000000e+00 2.49999999999953593e-01 9 1.68432294336173527e+01
0 0 0 19 7.50000000000024203e-01 0.00000000000000000e+00 2.49999999999953593e-01 10 2.06946810568215369e+01
0 0 0 19 7.50000000000024203e-01 0.00000000000000000e+00 2.49999999999953593e-01 11 2.38403022107183062e+01
0 0 0 19 7.50000000000024203e-01 0.00000000000000000e+00 2.49999999999953593e-01 12 2.44987015119193430e+01
0 0 0 19 7.50000000000024203e-01 0.00000000000000000e+00 2.49999999999953593e-01 13 2.46800115643747588e+01
0 0 0 19 7.50000000000024203e-01 0.00000000000000000e+00 2.49999999999953593e-01 14 2.70695029269523850e+01
0 0 0 19 7.50000000000024203e-01 0.00000000000000000e+00 2.49999999999953593e-01 15 2.78549641062827895e+01
0 0 0 19 7.50000000000024203e-01 0.00000000000000000e+00 2.49999999999953593e-01 16 2.88872227542143243e+01
0 0 0 19 7.50000000000024203e-01 0.00000000000000000e+00 2.49999999999953593e-01 17 3.04843827400970859e+01
0 0 0 19 7.50000000000024203e-01 0.00000000000000000e+00 2.49999999999953593e-01 18 3.43518934060828229e+01
0 0 0 19 7.50000000000024203e-01 0.00000000000000000e+00 2.49999999999953593e-01 19 3.94879822757695180e+01
0 0 0 19 7.50000000000024203e-01 0.00000000000000000e+00 2.49999999999953593e-01 20 4.71775968599757718e+01
0 0 0 19 7.50000000000024203e-01 0.00000000000000000e+00 2.49999999999953593e-01 21 5.52283881451061589e+01
0 0 0 19 7.50000000000024203e-01 0.00000000000000000e+00 2.49999999999953593e-01 22 8.56233368278733735e+01
0 0 0 19 7.50000000000024203e-01 0.00000000000000000e+00 2.49999999999953593e-01 23 9.58635499918123912e+01
0 0 0 19 7.50000000000024203e-01 0.00000000000000000e+00 2.49999999999953593e-01 24 1.14131336134511002e+02
0 0 0 19 7.50000000000024203e-01 0.00000000000000000e+00 2.49999999999953593e-01 25 1.39318863909782550e+02
0 0 0 20 0.00000000000000000e+00 2.50000000000035305e-01 2.50000000000035305e-01 0 -4.49597478733595679e+00
0 0 0 20 0.00000000000000000e+00 2.50000000000035305e-01 2.50000000000035305e-01 1 2.87514926603858667e+00
0 0 0 20 0.00000000000000000e+00 2.50000000000035305e-01 2.50000000000035305e-01 2 4.54671193862821088e+00
0 0 0 20 0.00000000000000000e+00 2.50000000000035305e-01 2.50000000000035305e-01 3 4.54671193862821088e+00
0 0 0 20 0.00000000000000000e+00 2.50000000000035305e-01 2.50000000000035305e-01 4 7.79317461735664097e+00
0 0 0 20 0.00000000000000000e+00 2.50000000000035305e-01 2.50000000000035305e-01 5 1.04990338686110807e+01
0 0 0 20 0.00000000000000000e+00 2.50000000000035305e-01 2.50000000000035305e-01 6 1.23759252518942784e+01
0 0 0 20 0.00000000000000000e+00 2.50000000000035305e-01 2.50000000000035305e-01 7 1.23759252518943335e+01
0 0 0 20 0.00000000000000000e+00 2.50000000000035305e-01 2.50000000000035305e-01 8 1.53167335444535091e+01
0 0 0 20 0.00000000000000000e+00 2.50000000000035305e-01 2.50000000000035305e-01 9 1.63769258183246542e+01
0 0 0 20 0.00000000000000000e+00 2.50000000000035305e-01 2.50000000000035305e-01 10 2.11487617275333797e+01
0 0 0 20 0.00000000000000000e+00 2.50000000000035305e-01 2.50000000000035305e-01 11 2.19283964050910853e+01
0 0 0 20 0.00000000000000000e+00 2.50000000000035305e-01 2.50000000000035305e-01 12 2.19283964050911386e+01
0 0 0 20 0.00000000000000000e+00 2.50000000000035305e-01 2.50000000000035305e-01 13 2.58696378526806257e+01
0 0 0 20 0.00000000000000000e+00 2.50000000000035305e-01 2.50000000000035305e-01 14 2.78495385330309908e+01
0 0 0 20 0.00000000000000000e+00 2.50000000000035305e-01 2.50000000000035305e-01 15 2.93335133569814985e+01
0 0 0 20 0.00000000000000000e+00 2.50000000000035305e-01 2.50000000000035305e-01 16 3.17429024718693533e+01
0 0 0 20 0.00000000000000000e+00 2.50000000000035305e-01 2.50000000000035305e-01 17 3.17429024718695167e+01
0 0 0 20 0.00000000000000000e+00 2.50000000000035305e-01 2.50000000000035305e-01 18 3.44916883167836374e+01
0 0 0 20 0.00000000000000000e+00 2.50000000000035305e-01 2.50000000000035305e-01 19 4.50678226240390529e+01
0 0 0 20 0.00000000000000000e+00 2.50000000000035305e-01 2.50000000000035305e-01 20 4.50678226240397279e+01
0 0 0 20 0.00000000000000000e+00 2.50000000000035305e-01 2.50000000000035305e-01 21 5.88951776016272177e+01
0 0 0 20 0.00000000000000000e+00 2.50000000000035305e-01 2.50000000000035305e-01 22 7.89218830742327526e+01
0 0 0 20 0.00000000000000000e+00 2.50000000000035305e-01 2.50000000000035305e-01 23 1.12218916471531585e+02
0 0 0 20 0.00000000000000000e+00 2.50000000000035305e-01 2.50000000000035305e-01 24 1.36814293399771060e+02
0 0 0 20 0.00000000000000000e+00 2.50000000000035305e-01 2.50000000000035305e-01 25 1.36814293399777739e+02
0 0 0 21 2.50000000000035305e-01 2.50000000000035305e-01 2.50000000000035305e-01 0 -4.77928439869771804e+00
0 0 0 21 2.50000000000035305e-01 2.50000000000035305e-01 2.50000000000035305e-01 1 2.46680605279676168e+00
0 0 0 21 2.50000000000035305e-01 2.50000000000035305e-01 2.50000000000035305e-01 2 5.67615955045470599e+00
0 0 0 21 2.50000000000035305e-01 2.50000000000035305e-01 2.50000000000035305e-01 3 5.67615955045470599e+00
0 0 0 21 2.50000000000035305e-01 2.50000000000035305e-01 2.50000000000035305e-01 4 8.63478008904084859e+00
0 0 0 21 2.50000000000035305e-01 2.50000000000035305e-01 2.50000000000035305e-01 5 1.01791067980607668e+01
0 0 0 21 2.50000000000035305e-01 2.50000000000035305e-01 2.50000000000035305e-01 6 1.01791067980607934e+01
0 0 0 21 2.50000000000035305e-01 2.50000000000035305e-01 2.50000000000035305e-01 7 1.38167819259345066e+01
0 0 0 21 2.50000000000035305e-01 2.50000000000035305e-01 2.50000000000035305e-01 8 1.47511644089769973e+01
0 0 0 21 2.50000000000035305e-01 2.50000000000035305e-01 2.50000000000035305e-01 9 1.47511644089770257e+01
0 0 0 21 2.50000000000035305e-01 2.50000000000035305e-01 2.50000000000035305e-01 10 1.98647145492866173e+01
0 0 0 21 2.50000000000035305e-01 2.50000000000035305e-01 2.50000000000035305e-01 11 2.28825557074829824e+01
0 0 0 21 2.50000000000035305e-01 2.50000000000035305e-01 2.50000000000035305e-01 12 2.32685984980903164e+01
0 0 0 21 2.50000000000035305e-01 2.50000000000035305e-01 2.50000000000035305e-01 13 2.32685984980903449e+01
0 0 0 21 2.50000000000035305e-01 2.50000000000035305e-01 2.50000000000035305e-01 14 2.95249480917061149e+01
0 0 0 21 2.50000000000035305e-01 2.50000000000035305e-01 2.50000000000035305e-01 15 2.95249480917061398e+01
0 0 0 21 2.50000000000035305e-01 2.50000000000035305e-01 2.50000000000035305e-01 16 3.14747523700925314e+01
0 0 0 21 2.50000000000035305e-01 2.50000000000035305e-01 2.50000000000035305e-01 17 3.39472997493824877e+01
0 0 0 21 2.50000000000035305e-01 2.50000000000035305e-01 2.50000000000035305e-01 18 3.39472997493826014e+01
0 0 0 21 2.50000000000035305e-01 2.50000000000035305e-01 2.50000000000035305e-01 19 4.32507293026725961e+01
0 0 0 21 2.50000000000035305e-01 2.50000000000035305e-01 2.50000000000035305e-01 20 6.13761034511610859e+01
0 0 0 21 2.50000000000035305e-01 2.50000000000035305e-01 2.50000000000035305e-01 21 6.13761034511637007e+01
0 0 0 21 2.50000000000035305e-01 2.50000000000035305e-01 2.50000000000035305e-01 22 9.84576719779497012e+01
0 0 0 21 2.50000000000035305e-01 2.50000000000035305e-01 2.50000000000035305e-01 23 9.84576719779546039e+01
0 0 0 21 2.50000000000035305e-01 2.50000000000035305e-01 2.50000000000035305e-01 24 1.04798743835718099e+02
0 0 0 21 2.50000000000035305e-01 2.50000000000035305e-01 2.50000000000035305e-01 25 1.54047557201720451e+02
0 0 0 22 5.00000000000070610e-01 2.50000000000035305e-01 2.50000000000035305e-01 0 -3.53849822179903395e+00
0 0 0 22 5.00000000000070610e-01 2.50000000000035305e-01 2.50000000000035305e-01 1 9.06912416253483622e-01
0 0 0 22 5.00000000000070610e-01 2.50000000000035305e-01 2.50000000000035305e-01 2 2.63481016961339964e+00
0 0 0 22 5.00000000000070610e-01 2.50000000000035305e-01 2.50000000000035305e-01 3 5.10631189803310725e+00
0 0 0 22 5.00000000000070610e-01 2.50000000000035305e-01 2.50000000000035305e-01 4 9.31446521881763445e+00
0 0 0 22 5.00000000000070610e-01 2.50000000000035305e-01 2.50000000000035305e-01 5 1.15339182333741750e+01
0 0 0 22 5.00000000000070610e-01 2.50000000000035305e-01 2.50000000000035305e-01 6 1.17936320762269204e+01
0 0 0 22 5.00000000000070610e-01 2.50000000000035305e-01 2.50000000000035305e-01 7 1.34999812379511077e+01
0 0 0 22 5.00000000000070610e-01 2.50000000000035305e-01 2.50000000000035305e-01 8 1.38959001860464753e+01
0 0 0 22 5.00000000000070610e-01 2.50000000000035305e-01 2.50000000000035305e-01 9 1.68432294336173776e+01
0 0 0 22 5.00000000000070610e-01 2.50000000000035305e-01 2.50000000000035305e-01 10 2.06946810568215653e+01
0 0 0 22 5.00000000000070610e-01 2.50000000000035305e-01 2.50000000000035305e-01 11 2.38403022107183062e+01
0 0 0 22 5.00000000000070610e-01 2.50000000000035305e-01 2.50000000000035305e-01 12 2.44987015119193714e+01
0 0 0 22 5.00000000000070610e-01 2.50000000000035305e-01 2.50000000000035305e-01 13 2.46800115643746523e+01
0 0 0 22 5.00000000000070610e-01 2.50000000000035305e-01 2.50000000000035305e-01 14 2.70695029269523566e+01
0 0 0 22 5.00000000000070610e-01 2.50000000000035305e-01 2.50000000000035305e-01 15 2.78549641062829529e+01
0 0 0 22 5.00000000000070610e-01 2.50000000000035305e-01 2.50000000000035305e-01 16 2.88872227542144095e+01
0 0 0 22 5.00000000000070610e-01 2.50000000000035305e-01 2.50000000000035305e-01 17 3.04843827400970540e+01
0 0 0 22 5.00000000000070610e-01 2.50000000000035305e-01 2.50000000000035305e-01 18 3.43518934060827377e+01
0 0 0 22 5.00000000000070610e-01 2.50000000000035305e-01 2.50000000000035305e-01 19 3.94879822757697880e+01
0 0 0 22 5.00000000000070610e-01 2.50000000000035305e-01 2.50000000000035305e-01 20 4.71775968599757221e+01
0 0 0 22 5.00000000000070610e-01 2.50000000000035305e-01 2.50000000000035305e-01 21 5.52283881451054839e+01
0 0 0 22 5.00000000000070610e-01 2.50000000000035305e-01 2.50000000000035305e-01 22 8.56233368278701761e+01
0 0 0 22 5.00000000000070610e-01 2.50000000000035305e-01 2.50000000000035305e-01 23 9.58635499918093359e+01
0 0 0 22 5.00000000000070610e-01 2.50000000000035305e-01 2.50000000000035305e-01 24 1.14131336134501410e+02
0 0 0 22 5.00000000000070610e-01 2.50000000000035305e-01 2.50000000000035305e-01 25 1.39318863909792782e+02
0 0 0 23 7.49999999999942601e-01 2.49999999999953648e-01 2.49999999999953648e-01 0 -2.86108298751099399e+00
0 0 0 23 7.49999999999942601e-01 2.49999999999953648e-01 2.49999999999953648e-01 1 -2.79955835259337827e-03
0 0 0 23 7.49999999999942601e-01 2.49999999999953648e-01 2.49999999999953648e-01 2 2.85933300988992078e+00
0 0 0 23 7.49999999999942601e-01 2.49999999999953648e-01 2.49999999999953648e-01 3 4.23356880700230320e+00
0 0 0 23 7.49999999999942601e-01 2.49999999999953648e-01 2.49999999999953648e-01 4 8.36364216523255877e+00
0 0 0 23 7.49999999999942601e-01 2.49999999999953648e-01 2.49999999999953648e-01 5 1.14632162321868361e+01
0 0 0 23 7.49999999999942601e-01 2.49999999999953648e-01 2.49999999999953648e-01 6 1.25468587478206430e+01
0 0 0 23 7.49999999999942601e-01 2.49999999999953648e-01 2.49999999999953648e-01 7 1.28108031340239279e+01
0 0 0 23 7.49999999999942601e-01 2.49999999999953648e-01 2.49999999999953648e-01 8 1.75445330210378074e+01
0 0 0 23 7.49999999999942601e-01 2.49999999999953648e-01 2.49999999999953648e-01 9 1.80492900217465007e+01
0 0 0 23 7.49999999999942601e-01 2.49999999999953648e-01 2.49999999999953648e-01 10 2.01047047207394272e+01
0 0 0 23 7.49999999999942601e-01 2.49999999999953648e-01 2.49999999999953648e-01 11 2.01288468711111328e+01
0 0 0 23 7.49999999999942601e-01 2.49999999999953648e-01 2.49999999999953648e-01 12 2.55320667436287394e+01
0 0 0 23 7.49999999999942601e-01 2.49999999999953648e-01 2.49999999999953648e-01 13 2.59329681914184640e+01
0 0 0 23 7.49999999999942601e-01 2.49999999999953648e-01 2.49999999999953648e-01 14 2.65085959070952057e+01
0 0 0 23 7.49999999999942601e-01 2.49999999999953648e-01 2.49999999999953648e-01 15 2.74187853669978310e+01
0 0 0 23 7.49999999999942601e-01 2.49999999999953648e-01 2.49999999999953648e-01 16 2.92604216723641812e+01
0 0 0 23 7.49999999999942601e-01 2.49999999999953648e-01 2.49999999999953648e-01 17 3.15710443818282265e+01
0 0 0 23 7.49999999999942601e-01 2.49999999999953648e-01 2.49999999999953648e-01 18 3.27736118146600504e+01
0 0 0 23 7.49999999999942601e-01 2.49999999999953648e-01 2.49999999999953648e-01 19 3.76441425110640822e+01
0 0 0 23 7.49999999999942601e-01 2.49999999999953648e-01 2.49999999999953648e-01 20 4.33774346543056737e+01
0 0 0 23 7.49999999999942601e-01 2.49999999999953648e-01 2.49999999999953648e-01 21 4.68552906732916128e+01
0 0 0 23 7.49999999999942601e-01 2.49999999999953648e-01 2.49999999999953648e-01 22 9.32336033724388500e+01
0 0 0 23 7.49999999999942601e-01 2.49999999999953648e-01 2.49999999999953648e-01 23 1.05504226539984600e+02
0 0 0 23 7.49999999999942601e-01 2.49999999999953648e-01 2.49999999999953648e-01 24 1.16121464812232489e+02
0 0 0 23 7.49999999999942601e-01 2.49999999999953648e-01 2.49999999999953648e-01 25 1.36199531300409575e+02
0 0 0 24 0.00000000000000000e+00 4.99999999999988953e-01 2.49999999999953648e-01 0 -2.86108298751099399e+00
0 0 0 24 0.00000000000000000e+00 4.99999999999988953e-01 2.49999999999953648e-01 1 -2.79955835256616697e-03
0 0 0 24 0.00000000000000000e+00 4.99999999999988953e-01 2.49999999999953648e-01 2 2.85933300988994787e+00
0 0 0 24 0.00000000000000000e+00 4.99999999999988953e-01 2.49999999999953648e-01 3 4.23356880700235738e+00
0 0 0 24 0.00000000000000000e+00 4.99999999999988953e-01 2.49999999999953648e-01 4 8.36364216523245041e+00
0 0 0 24 0.00000000000000000e+00 4.99999999999988953e-01 2.49999999999953648e-01 5 1.14632162321868645e+01
0 0 0 24 0.00000000000000000e+00 4.99999999999988953e-01 2.49999999999953648e-01 6 1.25468587478207247e+01
0 0 0 24 0.00000000000000000e+00 4.99999999999988953e-01 2.49999999999953648e-01 7 1.28108031340239545e+01
0 0 0 24 0.00000000000000000e+00 4.99999999999988953e-01 2.49999999999953648e-01 8 1.75445330210377257e+01
0 0 0 24 0.00000000000000000e+00 4.99999999999988953e-01 2.49999999999953648e-01 9 1.80492900217465539e+01
0 0 0 24 0.00000000000000000e+00 4.99999999999988953e-01 2.49999999999953648e-01 10 2.01047047207393739e+01
0 0 0 24 0.00000000000000000e+00 4.99999999999988953e-01 2.49999999999953648e-01 11 2.01288468711111896e+01
0 0 0 24 0.00000000000000000e+00 4.99999999999988953e-01 2.49999999999953648e-01 12 2.55320667436287394e+01
0 0 0 24 0.00000000000000000e+00 4.99999999999988953e-01 2.49999999999953648e-01 13 2.59329681914184071e+01
0 0 0 24 0.00000000000000000e+00 4.99999999999988953e-01 2.49999999999953648e-01 14 2.65085959070952342e+01
0 0 0 24 0.00000000000000000e+00 4.99999999999988953e-01 2.49999999999953648e-01 15 2.74187853669978878e+01
0 0 0 24 0.00000000000000000e+00 4.99999999999988953e-01 2.49999999999953648e-01 16 2.92604216723641031e+01
0 0 0 24 0.00000000000000000e+00 4.99999999999988953e-01 2.49999999999953648e-01 17 3.15710443818282549e+01
0 0 0 24 0.00000000000000000e+00 4.99999999999988953e-01 2.49999999999953648e-01 18 3.27736118146601569e+01
0 0 0 24 0.00000000000000000e+00 4.99999999999988953e-01 2.49999999999953648e-01 19 3.76441425110639685e+01
0 0 0 24 0.00000000000000000e+00 4.99999999999988953e-01 2.49999999999953648e-01 20 4.33774346543056524e+01
0 0 0 24 0.00000000000000000e+00 4.99999999999988953e-01 2.49999999999953648e-01 21 4.68552906732921315e+01
0 0 0 24 0.00000000000000000e+00 4.99999999999988953e-01 2.49999999999953648e-01 22 9.32336033724395321e+01
0 0 0 24 0.00000000000000000e+00 4.99999999999988953e-01 2.49999999999953648e-01 23 1.05504226539982753e+02
0 0 0 24 0.00000000000000000e+00 4.99999999999988953e-01 2.49999999999953648e-01 24 1.16121464812231935e+02
0 0 0 24 0.00000000000000000e+00 4.99999999999988953e-01 2.49999999999953648e-01 25 1.36199531300412474e+02
0 0 0 25 2.50000000000035305e-01 5.00000000000070610e-01 2.50000000000035305e-01 0 -3.53849822179903395e+00
0 0 0 25 2.50000000000035305e-01 5.00000000000070610e-01 2.50000000000035305e-01 1 9.06912416253483622e-01
0 0 0 25 2.50000000000035305e-01 5.00000000000070610e-01 2.50000000000035305e-01 2 2.63481016961334502e+00
0 0 0 25 2.50000000000035305e-01 5.00000000000070610e-01 2.50000000000035305e-01 3 5.10631189803310725e+00
0 0 0 25 2.50000000000035305e-01 5.00000000000070610e-01 2.50000000000035305e-01 4 9.31446521881763445e+00
0 0 0 25 2.50000000000035305e-01 5.00000000000070610e-01 2.50000000000035305e-01 5 1.15339182333741750e+01
0 0 0 25 2.50000000000035305e-01 5.00000000000070610e-01 2.50000000000035305e-01 6 1.17936320762269204e+01
0 0 0 25 2.50000000000035305e-01 5.00000000000070610e-01 2.50000000000035305e-01 7 1.34999812379510544e+01
0 0 0 25 2.50000000000035305e-01 5.00000000000070610e-01 2.50000000000035305e-01 8 1.38959001860464753e+01
0 0 0 25 2.50000000000035305e-01 5.00000000000070610e-01 2.50000000000035305e-01 9 1.68432294336173776e+01
0 0 0 25 2.50000000000035305e-01 5.00000000000070610e-01 2.50000000000035305e-01 10 2.06946810568215369e+01
0 0 0 25 2.50000000000035305e-01 5.00000000000070610e-01 2.50000000000035305e-01 11 2.38403022107183631e+01
0 0 0 25 2.50000000000035305e-01 5.00000000000070610e-01 2.50000000000035305e-01 12 2.44987015119193430e+01
0 0 0 25 2.50000000000035305e-01 5.00000000000070610e-01 2.50000000000035305e-01 13 2.46800115643747588e+01
0 0 0 25 2.50000000000035305e-01 5.00000000000070610e-01 2.50000000000035305e-01 14 2.70695029269523850e+01
0 0 0 25 2.50000000000035305e-01 5.00000000000070610e-01 2.50000000000035305e-01 15 2.78549641062828996e+01
0 0 0 25 2.50000000000035305e-01 5.00000000000070610e-01 2.50000000000035305e-01 16 2.88872227542143243e+01
0 0 0 25 2.50000000000035305e-01 5.00000000000070610e-01 2.50000000000035305e-01 17 3.04843827400970540e+01
0 0 0 25 2.50000000000035305e-01 5.00000000000070610e-01 2.50000000000035305e-01 18 3.43518934060828514e+01
0 0 0 25 2.50000000000035305e-01 5.00000000000070610e-01 2.50000000000035305e-01 19 3.94879822757698165e+01
0 0 0 25 2.50000000000035305e-01 5.00000000000070610e-01 2.50000000000035305e-01 20 4.71775968599755799e+01
0 0 0 25 2.50000000000035305e-01 5.00000000000070610e-01 2.50000000000035305e-01 21 5.52283881451061021e+01
0 0 0 25 2.50000000000035305e-01 5.00000000000070610e-01 2.50000000000035305e-01 22 8.56233368278742830e+01
0 0 0 25 2.50000000000035305e-01 5.00000000000070610e-01 2.50000000000035305e-01 23 9.58635499918103022e+01
0 0 0 25 2.50000000000035305e-01 5.00000000000070610e-01 2.50000000000035305e-01 24 1.14131336134511415e+02
0 0 0 25 2.50000000000035305e-01 5.00000000000070610e-01 2.50000000000035305e-01 25 1.39318863909789144e+02
0 0 0 26 4.99999999999988953e-01 4.99999999999988953e-01 2.50000000000035305e-01 0 -2.86108298751099399e+00
0 0 0 26 4.99999999999988953e-01 4.99999999999988953e-01 2.50000000000035305e-01 1 -2.79955835256616697e-03
0 0 0 26 4.99999999999988953e-01 4.99999999999988953e-01 2.50000000000035305e-01 2 2.85933300989000250e+00
0 0 0 26 4.99999999999988953e-01 4.99999999999988953e-01 2.50000000000035305e-01 3 4.23356880700233074e+00
0 0 0 26 4.99999999999988953e-01 4.99999999999988953e-01 2.50000000000035305e-01 4 8.36364216523255877e+00
0 0 0 26 4.99999999999988953e-01 4.99999999999988953e-01 2.50000000000035305e-01 5 1.14632162321868361e+01
0 0 0 26 4.99999999999988953e-01 4.99999999999988953e-01 2.50000000000035305e-01 6 1.25468587478207532e+01
0 0 0 26 4.99999999999988953e-01 4.99999999999988953e-01 2.50000000000035305e-01 7 1.28108031340239279e+01
0 0 0 26 4.99999999999988953e-01 4.99999999999988953e-01 2.50000000000035305e-01 8 1.75445330210377541e+01
0 0 0 26 4.99999999999988953e-01 4.99999999999988953e-01 2.50000000000035305e-01 9 1.80492900217465539e+01
0 0 0 26 4.99999999999988953e-01 4.99999999999988953e-01 2.50000000000035305e-01 10 2.01047047207394556e+01
0 0 0 26 4.99999999999988953e-01 4.99999999999988953e-01 2.50000000000035305e-01 11 2.01288468711112145e+01
0 0 0 26 4.99999999999988953e-01 4.99999999999988953e-01 2.50000000000035305e-01 12 2.55320667436287145e+01
0 0 0 26 4.99999999999988953e-01 4.99999999999988953e-01 2.50000000000035305e-01 13 2.59329681914184889e+01
0 0 0 26 4.99999999999988953e-01 4.99999999999988953e-01 2.50000000000035305e-01 14 2.65085959070952342e+01
0 0 0 26 4.99999999999988953e-01 4.99999999999988953e-01 2.50000000000035305e-01 15 2.74187853669978026e+01
0 0 0 26 4.99999999999988953e-01 4.99999999999988953e-01 2.50000000000035305e-01 16 2.92604216723642097e+01
0 0 0 26 4.99999999999988953e-01 4.99999999999988953e-01 2.50000000000035305e-01 17 3.15710443818281732e+01
0 0 0 26 4.99999999999988953e-01 4.99999999999988953e-01 2.50000000000035305e-01 18 3.27736118146602138e+01
0 0 0 26 4.99999999999988953e-01 4.99999999999988953e-01 2.50000000000035305e-01 19 3.76441425110640822e+01
0 0 0 26 4.99999999999988953e-01 4.99999999999988953e-01 2.50000000000035305e-01 20 4.33774346543052687e+01
0 0 0 26 4.99999999999988953e-01 4.99999999999988953e-01 2.50000000000035305e-01 21 4.68552906732921883e+01
0 0 0 26 4.99999999999988953e-01 4.99999999999988953e-01 2.50000000000035305e-01 22 9.32336033724419195e+01
0 0 0 26 4.99999999999988953e-01 4.99999999999988953e-01 2.50000000000035305e-01 23 1.05504226539982156e+02
0 0 0 26 4.99999999999988953e-01 4.99999999999988953e-01 2.50000000000035305e-01 24 1.16121464812224232e+02
0 0 0 26 4.99999999999988953e-01 4.99999999999988953e-01 2.50000000000035305e-01 25 1.36199531300415629e+02
0 0 0 27 7.50000000000024203e-01 4.99999999999988898e-01 2.50000000000035305e-01 0 -1.26812156012930299e+00
0 0 0 27 7.50000000000024203e-01 4.99999999999988898e-01 2.50000000000035305e-01 1 -1.26812014093801162e+00
0 0 0 27 7.50000000000024203e-01 4.99999999999988898e-01 2.50000000000035305e-01 2 2.53792612796411898e+00
0 0 0 27 7.50000000000024203e-01 4.99999999999988898e-01 2.50000000000035305e-01 3 2.53792615976633806e+00
0 0 0 27 7.50000000000024203e-01 4.99999999999988898e-01 2.50000000000035305e-01 4 1.11095175194422584e+01
0 0 0 27 7.50000000000024203e-01 4.99999999999988898e-01 2.50000000000035305e-01 5 1.11095203008824832e+01
0 0 0 27 7.50000000000024203e-01 4.99999999999988898e-01 2.50000000000035305e-01 6 1.20219765188463015e+01
0 0 0 27 7.50000000000024203e-01 4.99999999999988898e-01 2.50000000000035305e-01 7 1.20219771588670312e+01
0 0 0 27 7.50000000000024203e-01 4.99999999999988898e-01 2.50000000000035305e-01 8 1.74329907323669033e+01
0 0 0 27 7.50000000000024203e-01 4.99999999999988898e-01 2.50000000000035305e-01 9 1.74329909751490959e+01
0 0 0 27 7.50000000000024203e-01 4.99999999999988898e-01 2.50000000000035305e-01 10 2.12236709967333077e+01
0 0 0 27 7.50000000000024203e-01 4.99999999999988898e-01 2.50000000000035305e-01 11 2.12236717860890103e+01
0 0 0 27 7.50000000000024203e-01 4.99999999999988898e-01 2.50000000000035305e-01 12 2.63449709131003118e+01
0 0 0 27 7.50000000000024203e-01 4.99999999999988898e-01 2.50000000000035305e-01 13 2.63449739569915558e+01
0 0 0 27 7.50000000000024203e-01 4.99999999999988898e-01 2.50000000000035305e-01 14 2.73527362429683834e+01
0 0 0 27 7.50000000000024203e-01 4.99999999999988898e-01 2.50000000000035305e-01 15 2.73527515475288681e+01
0 0 0 27 7.50000000000024203e-01 4.99999999999988898e-01 2.50000000000035305e-01 16 2.74414776340299689e+01
0 0 0 27 7.50000000000024203e-01 4.99999999999988898e-01 2.50000000000035305e-01 17 2.74414815584046359e+01
0 0 0 27 7.50000000000024203e-01 4.99999999999988898e-01 2.50000000000035305e-01 18 3.42114854151755239e+01
0 0 0 27 7.50000000000024203e-01 4.99999999999988898e-01 2.50000000000035305e-01 19 3.42114873024099992e+01
0 0 0 27 7.50000000000024203e-01 4.99999999999988898e-01 2.50000000000035305e-01 20 4.57617919785977207e+01
0 0 0 27 7.50000000000024203e-01 4.99999999999988898e-01 2.50000000000035305e-01 21 4.57618275999324169e+01
0 0 0 27 7.50000000000024203e-01 4.99999999999988898e-01 2.50000000000035305e-01 22 1.18714092293158572e+02
0 0 0 27 7.50000000000024203e-01 4.99999999999988898e-01 2.50000000000035305e-01 23 1.18714332331638857e+02
0 0 0 27 7.50000000000024203e-01 4.99999999999988898e-01 2.50000000000035305e-01 24 1.25069972555095362e+02
0 0 0 27 7.50000000000024203e-01 4.99999999999988898e-01 2.50000000000035305e-01 25 1.25070116979697616e+02
0 0 0 28 0.00000000000000000e+00 7.50000000000024203e-01 2.49999999999953593e-01 0 -3.53849822179903395e+00
0 0 0 28 0.00000000000000000e+00 7.50000000000024203e-01 2.49999999999953593e-01 1 9.06912416253483622e-01
0 0 0 28 0.00000000000000000e+00 7.50000000000024203e-01 2.49999999999953593e-01 2 2.63481016961337255e+00
0 0 0 28 0.00000000000000000e+00 7.50000000000024203e-01 2.49999999999953593e-01 3 5.10631189803307972e+00
0 0 0 28 0.00000000000000000e+00 7.50000000000024203e-01 2.49999999999953593e-01 4 9.31446521881755274e+00
0 0 0 28 0.00000000000000000e+00 7.50000000000024203e-01 2.49999999999953593e-01 5 1.15339182333741750e+01
0 0 0 28 0.00000000000000000e+00 7.50000000000024203e-01 2.49999999999953593e-01 6 1.17936320762269755e+01
0 0 0 28 0.00000000000000000e+00 7.50000000000024203e-01 2.49999999999953593e-01 7 1.34999812379511077e+01
0 0 0 28 0.00000000000000000e+00 7.50000000000024203e-01 2.49999999999953593e-01 8 1.38959001860464486e+01
0 0 0 28 0.00000000000000000e+00 7.50000000000024203e-01 2.49999999999953593e-01 9 1.68432294336173776e+01
0 0 0 28 0.00000000000000000e+00 7.50000000000024203e-01 2.49999999999953593e-01 10 2.06946810568215653e+01
0 0 0 28 0.00000000000000000e+00 7.50000000000024203e-01 2.49999999999953593e-01 11 2.38403022107182814e+01
0 0 0 28 0.00000000000000000e+00 7.50000000000024203e-01 2.49999999999953593e-01 12 2.44987015119193714e+01
0 0 0 28 0.00000000000000000e+00 7.50000000000024203e-01 2.49999999999953593e-01 13 2.46800115643747056e+01
0 0 0 28 0.00000000000000000e+00 7.50000000000024203e-01 2.49999999999953593e-01 14 2.70695029269523850e+01
0 0 0 28 0.00000000000000000e+00 7.50000000000024203e-01 2.49999999999953593e-01 15 2.78549641062829529e+01
0 0 0 28 0.00000000000000000e+00 7.50000000000024203e-01 2.49999999999953593e-01 16 2.88872227542143776e+01
0 0 0 28 0.00000000000000000e+00 7.50000000000024203e-01 2.49999999999953593e-01 17 3.04843827400970291e+01
0 0 0 28 0.00000000000000000e+00 7.50000000000024203e-01 2.49999999999953593e-01 18 3.43518934060827732e+01
0 0 0 28 0.00000000000000000e+00 7.50000000000024203e-01 2.49999999999953593e-01 19 3.94879822757697099e+01
0 0 0 28 0.00000000000000000e+00 7.50000000000024203e-01 2.49999999999953593e-01 20 4.71775968599758286e+01
0 0 0 28 0.00000000000000000e+00 7.50000000000024203e-01 2.49999999999953593e-01 21 5.52283881451052068e+01
0 0 0 28 0.00000000000000000e+00 7.50000000000024203e-01 2.49999999999953593e-01 22 8.56233368278719382e+01
0 0 0 28 0.00000000000000000e+00 7.50000000000024203e-01 2.49999999999953593e-01 23 9.58635499918176635e+01
0 0 0 28 0.00000000000000000e+00 7.50000000000024203e-01 2.49999999999953593e-01 24 1.14131336134516403e+02
0 0 0 28 0.00000000000000000e+00 7.50000000000024203e-01 2.49999999999953593e-01 25 1.39318863909781015e+02
0 0 0 29 2.49999999999953648e-01 7.49999999999942601e-01 2.49999999999953648e-01 0 -2.86108298751102108e+00
0 0 0 29 2.49999999999953648e-01 7.49999999999942601e-01 2.49999999999953648e-01 1 -2.79955835259337827e-03
0 0 0 29 2.49999999999953648e-01 7.49999999999942601e-01 2.49999999999953648e-01 2 2.85933300988994787e+00
0 0 0 29 2.49999999999953648e-01 7.49999999999942601e-01 2.49999999999953648e-01 3 4.23356880700235738e+00
0 0 0 29 2.49999999999953648e-01 7.49999999999942601e-01 2.49999999999953648e-01 4 8.36364216523253212e+00
0 0 0 29 2.49999999999953648e-01 7.49999999999942601e-01 2.49999999999953648e-01 5 1.14632162321868645e+01
0 0 0 29 2.49999999999953648e-01 7.49999999999942601e-01 2.49999999999953648e-01 6 1.25468587478206430e+01
0 0 0 29 2.49999999999953648e-01 7.49999999999942601e-01 2.49999999999953648e-01 7 1.28108031340239545e+01
0 0 0 29 2.49999999999953648e-01 7.49999999999942601e-01 2.49999999999953648e-01 8 1.75445330210377541e+01
0 0 0 29 2.49999999999953648e-01 7.49999999999942601e-01 2.49999999999953648e-01 9 1.80492900217465291e+01
0 0 0 29 2.49999999999953648e-01 7.49999999999942601e-01 2.49999999999953648e-01 10 2.01047047207393739e+01
0 0 0 29 2.49999999999953648e-01 7.49999999999942601e-01 2.49999999999953648e-01 11 2.01288468711111612e+01
0 0 0 29 2.49999999999953648e-01 7.49999999999942601e-01 2.49999999999953648e-01 12 2.55320667436287394e+01
0 0 0 29 2.49999999999953648e-01 7.49999999999942601e-01 2.49999999999953648e-01 13 2.59329681914184071e+01
0 0 0 29 2.49999999999953648e-01 7.49999999999942601e-01 2.49999999999953648e-01 14 2.65085959070952590e+01
0 0 0 29 2.49999999999953648e-01 7.49999999999942601e-01 2.49999999999953648e-01 15 2.74187853669977777e+01
0 0 0 29 2.49999999999953648e-01 7.49999999999942601e-01 2.49999999999953648e-01 16 2.92604216723642097e+01
0 0 0 29 2.49999999999953648e-01 7.49999999999942601e-01 2.49999999999953648e-01 17 3.15710443818280915e+01
0 0 0 29 2.49999999999953648e-01 7.49999999999942601e-01 2.49999999999953648e-01 18 3.27736118146602138e+01
0 0 0 29 2.49999999999953648e-01 7.49999999999942601e-01 2.49999999999953648e-01 19 3.76441425110639472e+01
0 0 0 29 2.49999999999953648e-01 7.49999999999942601e-01 2.49999999999953648e-01 20 4.33774346543059792e+01
0 0 0 29 2.49999999999953648e-01 7.49999999999942601e-01 2.49999999999953648e-01 21 4.68552906732918615e+01
0 0 0 29 2.49999999999953648e-01 7.49999999999942601e-01 2.49999999999953648e-01 22 9.32336033724406832e+01
0 0 0 29 2.49999999999953648e-01 7.49999999999942601e-01 2.49999999999953648e-01 23 1.05504226539982312e+02
0 0 0 29 2.49999999999953648e-01 7.49999999999942601e-01 2.49999999999953648e-01 24 1.16121464812237761e+02
0 0 0 29 2.49999999999953648e-01 7.49999999999942601e-01 2.49999999999953648e-01 25 1.36199531300413099e+02
0 0 0 30 4.99999999999988898e-01 7.50000000000024203e-01 2.50000000000035305e-01 0 -1.26812156012933008e+00
0 0 0 30 4.99999999999988898e-01 7.50000000000024203e-01 2.50000000000035305e-01 1 -1.26812014093803871e+00
0 0 0 30 4.99999999999988898e-01 7.50000000000024203e-01 2.50000000000035305e-01 2 2.53792612796411898e+00
0 0 0 30 4.99999999999988898e-01 7.50000000000024203e-01 2.50000000000035305e-01 3 2.53792615976633806e+00
0 0 0 30 4.99999999999988898e-01 7.50000000000024203e-01 2.50000000000035305e-01 4 1.11095175194422318e+01
0 0 0 30 4.99999999999988898e-01 7.50000000000024203e-01 2.50000000000035305e-01 5 1.11095203008825116e+01
0 0 0 30 4.99999999999988898e-01 7.50000000000024203e-01 2.50000000000035305e-01 6 1.20219765188462748e+01
0 0 0 30 4.99999999999988898e-01 7.50000000000024203e-01 2.50000000000035305e-01 7 1.20219771588670312e+01
0 0 0 30 4.99999999999988898e-01 7.50000000000024203e-01 2.50000000000035305e-01 8 1.74329907323670135e+01
0 0 0 30 4.99999999999988898e-01 7.50000000000024203e-01 2.50000000000035305e-01 9 1.74329909751490391e+01
0 0 0 30 4.99999999999988898e-01 7.50000000000024203e-01 2.50000000000035305e-01 10 2.12236709967332793e+01
0 0 0 30 4.99999999999988898e-01 7.50000000000024203e-01 2.50000000000035305e-01 11 2.12236717860890103e+01
0 0 0 30 4.99999999999988898e-01 7.50000000000024203e-01 2.50000000000035305e-01 12 2.63449709131002834e+01
0 0 0 30 4.99999999999988898e-01 7.50000000000024203e-01 2.50000000000035305e-01 13 2.63449739569915842e+01
0 0 0 30 4.99999999999988898e-01 7.50000000000024203e-01 2.50000000000035305e-01 14 2.73527362429684402e+01
0 0 0 30 4.99999999999988898e-01 7.50000000000024203e-01 2.50000000000035305e-01 15 2.73527515475288112e+01
0 0 0 30 4.99999999999988898e-01 7.50000000000024203e-01 2.50000000000035305e-01 16 2.74414776340299973e+01
0 0 0 30 4.99999999999988898e-01 7.50000000000024203e-01 2.50000000000035305e-01 17 2.74414815584045044e+01
0 0 0 30 4.99999999999988898e-01 7.50000000000024203e-01 2.50000000000035305e-01 18 3.42114854151753605e+01
0 0 0 30 4.99999999999988898e-01 7.50000000000024203e-01 2.50000000000035305e-01 19 3.42114873024101627e+01
0 0 0 30 4.99999999999988898e-01 7.50000000000024203e-01 2.50000000000035305e-01 20 4.57617919785978557e+01
0 0 0 30 4.99999999999988898e-01 7.50000000000024203e-01 2.50000000000035305e-01 21 4.57618275999321966e+01
0 0 0 30 4.99999999999988898e-01 7.50000000000024203e-01 2.50000000000035305e-01 22 1.18714092293165876e+02
0 0 0 30 4.99999999999988898e-01 7.50000000000024203e-01 2.50000000000035305e-01 23 1.18714332331637678e+02
0 0 0 30 4.99999999999988898e-01 7.50000000000024203e-01 2.50000000000035305e-01 24 1.25069972555094907e+02
0 0 0 30 4.99999999999988898e-01 7.50000000000024203e-01 2.50000000000035305e-01 25 1.25070116979698241e+02
0 0 0 31 7.50000000000024314e-01 7.50000000000024314e-01 2.50000000000035305e-01 0 -2.86108298751102108e+00
0 0 0 31 7.50000000000024314e-01 7.50000000000024314e-01 2.50000000000035305e-01 1 -2.79955835259337827e-03
0 0 0 31 7.50000000000024314e-01 7.50000000000024314e-01 2.50000000000035305e-01 2 2.85933300989000250e+00
0 0 0 31 7.50000000000024314e-01 7.50000000000024314e-01 2.50000000000035305e-01 3 4.23356880700233074e+00
0 0 0 31 7.50000000000024314e-01 7.50000000000024314e-01 2.50000000000035305e-01 4 8.36364216523261383e+00
0 0 0 31 7.50000000000024314e-01 7.50000000000024314e-01 2.50000000000035305e-01 5 1.14632162321868361e+01
0 0 0 31 7.50000000000024314e-01 7.50000000000024314e-01 2.50000000000035305e-01 6 1.25468587478206697e+01
0 0 0 31 7.50000000000024314e-01 7.50000000000024314e-01 2.50000000000035305e-01 7 1.28108031340239545e+01
0 0 0 31 7.50000000000024314e-01 7.50000000000024314e-01 2.50000000000035305e-01 8 1.75445330210377826e+01
0 0 0 31 7.50000000000024314e-01 7.50000000000024314e-01 2.50000000000035305e-01 9 1.80492900217465291e+01
0 0 0 31 7.50000000000024314e-01 7.50000000000024314e-01 2.50000000000035305e-01 10 2.01047047207394272e+01
0 0 0 31 7.50000000000024314e-01 7.50000000000024314e-01 2.50000000000035305e-01 11 2.01288468711112145e+01
0 0 0 31 7.50000000000024314e-01 7.50000000000024314e-01 2.50000000000035305e-01 12 2.55320667436287394e+01
0 0 0 31 7.50000000000024314e-01 7.50000000000024314e-01 2.50000000000035305e-01 13 2.59329681914184889e+01
0 0 0 31 7.50000000000024314e-01 7.50000000000024314e-01 2.50000000000035305e-01 14 2.65085959070952342e+01
0 0 0 31 7.50000000000024314e-01 7.50000000000024314e-01 2.50000000000035305e-01 15 2.74187853669978310e+01
0 0 0 31 7.50000000000024314e-01 7.50000000000024314e-01 2.50000000000035305e-01 16 2.92604216723642097e+01
0 0 0 31 7.50000000000024314e-01 7.50000000000024314e-01 2.50000000000035305e-01 17 3.15710443818281163e+01
0 0 0 31 7.50000000000024314e-01 7.50000000000024314e-01 2.50000000000035305e-01 18 3.27736118146601569e+01
0 0 0 31 7.50000000000024314e-01 7.50000000000024314e-01 2.50000000000035305e-01 19 3.76441425110641106e+01
0 0 0 31 7.50000000000024314e-01 7.50000000000024314e-01 2.50000000000035305e-01 20 4.33774346543054889e+01
0 0 0 31 7.50000000000024314e-01 7.50000000000024314e-01 2.50000000000035305e-01 21 4.68552906732920817e+01
0 0 0 31 7.50000000000024314e-01 7.50000000000024314e-01 2.50000000000035305e-01 22 9.32336033724413795e+01
0 0 0 31 7.50000000000024314e-01 7.50000000000024314e-01 2.50000000000035305e-01 23 1.05504226539982881e+02
0 0 0 31 7.50000000000024314e-01 7.50000000000024314e-01 2.50000000000035305e-01 24 1.16121464812234919e+02
0 0 0 31 7.50000000000024314e-01 7.50000000000024314e-01 2.50000000000035305e-01 25 1.36199531300412133e+02
0 0 0 32 0.00000000000000000e+00 0.00000000000000000e+00 5.00000000000070610e-01 0 -3.24596580198793605e+00
0 0 0 32 0.00000000000000000e+00 0.00000000000000000e+00 5.00000000000070610e-01 1 -6.04418885752091017e-01
0 0 0 32 0.00000000000000000e+00 0.00000000000000000e+00 5.00000000000070610e-01 2 5.24067752011168597e+00
0 0 0 32 0.00000000000000000e+00 0.00000000000000000e+00 5.00000000000070610e-01 3 5.24067752011174104e+00
0 0 0 32 0.00000000000000000e+00 0.00000000000000000e+00 5.00000000000070610e-01 4 8.10635145303611182e+00
0 0 0 32 0.00000000000000000e+00 0.00000000000000000e+00 5.00000000000070610e-01 5 1.01723325320599116e+01
0 0 0 32 0.00000000000000000e+00 0.00000000000000000e+00 5.00000000000070610e-01 6 1.01723325320599383e+01
0 0 0 32 0.00000000000000000e+00 0.00000000000000000e+00 5.00000000000070610e-01 7 1.75471393083260772e+01
0 0 0 32 0.00000000000000000e+00 0.00000000000000000e+00 5.00000000000070610e-01 8 1.80041084701005509e+01
0 0 0 32 0.00000000000000000e+00 0.00000000000000000e+00 5.00000000000070610e-01 9 1.80041084701005509e+01
0 0 0 32 0.00000000000000000e+00 0.00000000000000000e+00 5.00000000000070610e-01 10 1.83579416029928097e+01
0 0 0 32 0.00000000000000000e+00 0.00000000000000000e+00 5.00000000000070610e-01 11 1.97306204018279310e+01
0 0 0 32 0.00000000000000000e+00 0.00000000000000000e+00 5.00000000000070610e-01 12 1.97306204018279310e+01
0 0 0 32 0.00000000000000000e+00 0.00000000000000000e+00 5.00000000000070610e-01 13 2.65327225509090709e+01
0 0 0 32 0.00000000000000000e+00 0.00000000000000000e+00 5.00000000000070610e-01 14 2.84591910703910109e+01
0 0 0 32 0.00000000000000000e+00 0.00000000000000000e+00 5.00000000000070610e-01 15 2.96489496347264314e+01
0 0 0 32 0.00000000000000000e+00 0.00000000000000000e+00 5.00000000000070610e-01 16 2.96489496347264598e+01
0 0 0 32 0.00000000000000000e+00 0.00000000000000000e+00 5.00000000000070610e-01 17 3.36128535729160802e+01
0 0 0 32 0.00000000000000000e+00 0.00000000000000000e+00 5.00000000000070610e-01 18 3.36128535729161300e+01
0 0 0 32 0.00000000000000000e+00 0.00000000000000000e+00 5.00000000000070610e-01 19 3.64309474830753359e+01
0 0 0 32 0.00000000000000000e+00 0.00000000000000000e+00 5.00000000000070610e-01 20 6.21815263312240489e+01
0 0 0 32 0.00000000000000000e+00 0.00000000000000000e+00 5.00000000000070610e-01 21 6.21815263312258253e+01
0 0 0 32 0.00000000000000000e+00 0.00000000000000000e+00 5.00000000000070610e-01 22 7.32589956292651436e+01
0 0 0 32 0.00000000000000000e+00 0.00000000000000000e+00 5.00000000000070610e-01 23 7.32589956292674884e+01
0 0 0 32 0.00000000000000000e+00 0.00000000000000000e+00 5.00000000000070610e-01 24 1.06593772898447924e+02
0 0 0 32 0.00000000000000000e+00 0.00000000000000000e+00 5.00000000000070610e-01 25 1.45626421941864209e+02
0 0 0 33 2.49999999999953648e-01 0.00000000000000000e+00 4.99999999999988953e-01 0 -2.86108298751102108e+00
0 0 0 33 2.49999999999953648e-01 0.00000000000000000e+00 4.99999999999988953e-01 1 -2.79955835262059001e-03
0 0 0 33 2.49999999999953648e-01 0.00000000000000000e+00 4.99999999999988953e-01 2 2.85933300988994787e+00
0 0 0 33 2.49999999999953648e-01 0.00000000000000000e+00 4.99999999999988953e-01 3 4.23356880700238491e+00
0 0 0 33 2.49999999999953648e-01 0.00000000000000000e+00 4.99999999999988953e-01 4 8.36364216523247705e+00
0 0 0 33 2.49999999999953648e-01 0.00000000000000000e+00 4.99999999999988953e-01 5 1.14632162321868911e+01
0 0 0 33 2.49999999999953648e-01 0.00000000000000000e+00 4.99999999999988953e-01 6 1.25468587478207798e+01
0 0 0 33 2.49999999999953648e-01 0.00000000000000000e+00 4.99999999999988953e-01 7 1.28108031340239812e+01
0 0 0 33 2.49999999999953648e-01 0.00000000000000000e+00 4.99999999999988953e-01 8 1.75445330210377257e+01
0 0 0 33 2.49999999999953648e-01 0.00000000000000000e+00 4.99999999999988953e-01 9 1.80492900217466108e+01
0 0 0 33 2.49999999999953648e-01 0.00000000000000000e+00 4.99999999999988953e-01 10 2.01047047207393454e+01
0 0 0 33 2.49999999999953648e-01 0.00000000000000000e+00 4.99999999999988953e-01 11 2.01288468711112429e+01
0 0 0 33 2.49999999999953648e-01 0.00000000000000000e+00 4.99999999999988953e-01 12 2.55320667436287394e+01
0 0 0 33 2.49999999999953648e-01 0.00000000000000000e+00 4.99999999999988953e-01 13 2.59329681914184071e+01
0 0 0 33 2.49999999999953648e-01 0.00000000000000000e+00 4.99999999999988953e-01 14 2.65085959070952342e+01
0 0 0 33 2.49999999999953648e-01 0.00000000000000000e+00 4.99999999999988953e-01 15 2.74187853669977777e+01
0 0 0 33 2.49999999999953648e-01 0.00000000000000000e+00 4.99999999999988953e-01 16 2.92604216723640498e+01
0 0 0 33 2.49999999999953648e-01 0.00000000000000000e+00 4.99999999999988953e-01 17 3.15710443818281163e+01
0 0 0 33 2.49999999999953648e-01 0.00000000000000000e+00 4.99999999999988953e-01 18 3.27736118146602138e+01
0 0 0 33 2.49999999999953648e-01 0.00000000000000000e+00 4.99999999999988953e-01 19 3.76441425110638903e+01
0 0 0 33 2.49999999999953648e-01 0.00000000000000000e+00 4.99999999999988953e-01 20 4.33774346543058726e+01
0 0 0 33 2.49999999999953648e-01 0.00000000000000000e+00 4.99999999999988953e-01 21 4.68552906732919965e+01
0 0 0 33 2.49999999999953648e-01 0.00000000000000000e+00 4.99999999999988953e-01 22 9.32336033724413227e+01
0 0 0 33 2.49999999999953648e-01 0.00000000000000000e+00 4.99999999999988953e-01 23 1.05504226539985467e+02
0 0 0 33 2.49999999999953648e-01 0.00000000000000000e+00 4.99999999999988953e-01 24 1.16121464812232759e+02
0 0 0 33 2.49999999999953648e-01 0.00000000000000000e+00 4.99999999999988953e-01 25 1.36199531300424184e+02
0 0 0 34 4.99999999999988898e-01 0.00000000000000000e+00 4.99999999999988898e-01 0 -1.43299158792959158e+00
0 0 0 34 4.99999999999988898e-01 0.00000000000000000e+00 4.99999999999988898e-01 1 -1.43298966071499811e+00
0 0 0 34 4.99999999999988898e-01 0.00000000000000000e+00 4.99999999999988898e-01 2 3.58371742379168623e+00
0 0 0 34 4.99999999999988898e-01 0.00000000000000000e+00 4.99999999999988898e-01 3 3.58371742379171332e+00
0 0 0 34 4.99999999999988898e-01 0.00000000000000000e+00 4.99999999999988898e-01 4 7.52239651532342535e+00
0 0 0 34 4.99999999999988898e-01 0.00000000000000000e+00 4.99999999999988898e-01 5 7.52240190897768279e+00
0 0 0 34 4.99999999999988898e-01 0.00000000000000000e+00 4.99999999999988898e-01 6 1.68540934583405182e+01
0 0 0 34 4.99999999999988898e-01 0.00000000000000000e+00 4.99999999999988898e-01 7 1.68540934583406816e+01
0 0 0 34 4.99999999999988898e-01 0.00000000000000000e+00 4.99999999999988898e-01 8 1.81121424486641622e+01
0 0 0 34 4.99999999999988898e-01 0.00000000000000000e+00 4.99999999999988898e-01 9 1.81121424486641907e+01
0 0 0 34 4.99999999999988898e-01 0.00000000000000000e+00 4.99999999999988898e-01 10 2.05878224250361477e+01
0 0 0 34 4.99999999999988898e-01 0.00000000000000000e+00 4.99999999999988898e-01 11 2.05878227300968213e+01
0 0 0 34 4.99999999999988898e-01 0.00000000000000000e+00 4.99999999999988898e-01 12 2.10420979604160436e+01
0 0 0 34 4.99999999999988898e-01 0.00000000000000000e+00 4.99999999999988898e-01 13 2.10420989386425781e+01
0 0 0 34 4.99999999999988898e-01 0.00000000000000000e+00 4.99999999999988898e-01 14 2.93787460125577695e+01
0 0 0 34 4.99999999999988898e-01 0.00000000000000000e+00 4.99999999999988898e-01 15 2.93787679773718473e+01
0 0 0 34 4.99999999999988898e-01 0.00000000000000000e+00 4.99999999999988898e-01 16 3.24440847209760648e+01
0 0 0 34 4.99999999999988898e-01 0.00000000000000000e+00 4.99999999999988898e-01 17 3.24440847209761500e+01
0 0 0 34 4.99999999999988898e-01 0.00000000000000000e+00 4.99999999999988898e-01 18 3.42725379543568920e+01
0 0 0 34 4.99999999999988898e-01 0.00000000000000000e+00 4.99999999999988898e-01 19 3.42725593944827267e+01
0 0 0 34 4.99999999999988898e-01 0.00000000000000000e+00 4.99999999999988898e-01 20 3.75019907734040387e+01
0 0 0 34 4.99999999999988898e-01 0.00000000000000000e+00 4.99999999999988898e-01 21 3.75019907734043940e+01
0 0 0 34 4.99999999999988898e-01 0.00000000000000000e+00 4.99999999999988898e-01 22 1.12297266016078694e+02
0 0 0 34 4.99999999999988898e-01 0.00000000000000000e+00 4.99999999999988898e-01 23 1.12297266016084762e+02
0 0 0 34 4.99999999999988898e-01 0.00000000000000000e+00 4.99999999999988898e-01 24 1.27998191864274915e+02
0 0 0 34 4.99999999999988898e-01 0.00000000000000000e+00 4.99999999999988898e-01 25 1.27998308398697347e+02
0 0 0 35 7.50000000000024314e-01 0.00000000000000000e+00 4.99999999999989009e-01 0 -2.86108298751102108e+00
0 0 0 35 7.50000000000024314e-01 0.00000000000000000e+00 4.99999999999989009e-01 1 -2.79955835262059001e-03
0 0 0 35 7.50000000000024314e-01 0.00000000000000000e+00 4.99999999999989009e-01 2 2.85933300988994787e+00
0 0 0 35 7.50000000000024314e-01 0.00000000000000000e+00 4.99999999999989009e-01 3 4.23356880700238491e+00
0 0 0 35 7.50000000000024314e-01 0.00000000000000000e+00 4.99999999999989009e-01 4 8.36364216523247705e+00
0 0 0 35 7.50000000000024314e-01 0.00000000000000000e+00 4.99999999999989009e-01 5 1.14632162321868911e+01
0 0 0 35 7.50000000000024314e-01 0.00000000000000000e+00 4.99999999999989009e-01 6 1.25468587478207532e+01
0 0 0 35 7.50000000000024314e-01 0.00000000000000000e+00 4.99999999999989009e-01 7 1.28108031340239545e+01
0 0 0 35 7.50000000000024314e-01 0.00000000000000000e+00 4.99999999999989009e-01 8 1.75445330210377541e+01
0 0 0 35 7.50000000000024314e-01 0.00000000000000000e+00 4.99999999999989009e-01 9 1.80492900217465824e+01
0 0 0 35 7.50000000000024314e-01 0.00000000000000000e+00 4.99999999999989009e-01 10 2.01047047207393739e+01
0 0 0 35 7.50000000000024314e-01 0.00000000000000000e+00 4.99999999999989009e-01 11 2.01288468711112429e+01
0 0 0 35 7.50000000000024314e-01 0.00000000000000000e+00 4.99999999999989009e-01 12 2.55320667436287145e+01
0 0 0 35 7.50000000000024314e-01 0.00000000000000000e+00 4.99999999999989009e-01 13 2.59329681914184071e+01
0 0 0 35 7.50000000000024314e-01 0.00000000000000000e+00 4.99999999999989009e-01 14 2.65085959070952057e+01
0 0 0 35 7.50000000000024314e-01 0.00000000000000000e+00 4.99999999999989009e-01 15 2.74187853669977777e+01
0 0 0 35 7.50000000000024314e-01 0.00000000000000000e+00 4.99999999999989009e-01 16 2.92604216723640498e+01
0 0 0 35 7.50000000000024314e-01 0.00000000000000000e+00 4.99999999999989009e-01 17 3.15710443818281163e+01
0 0 0 35 7.50000000000024314e-01 0.00000000000000000e+00 4.99999999999989009e-01 18 3.27736118146602422e+01
0 0 0 35 7.50000000000024314e-01 0.00000000000000000e+00 4.99999999999989009e-01 19 3.76441425110639472e+01
0 0 0 35 7.50000000000024314e-01 0.00000000000000000e+00 4.99999999999989009e-01 20 4.33774346543058371e+01
0 0 0 35 7.50000000000024314e-01 0.00000000000000000e+00 4.99999999999989009e-01 21 4.68552906732920249e+01
0 0 0 35 7.50000000000024314e-01 0.00000000000000000e+00 4.99999999999989009e-01 22 9.32336033724409248e+01
0 0 0 35 7.50000000000024314e-01 0.00000000000000000e+00 4.99999999999989009e-01 23 1.05504226539985467e+02
0 0 0 35 7.50000000000024314e-01 0.00000000000000000e+00 4.99999999999989009e-01 24 1.16121464812234521e+02
0 0 0 35 7.50000000000024314e-01 0.00000000000000000e+00 4.99999999999989009e-01 25 1.36199531300421199e+02
0 0 0 36 0.00000000000000000e+00 2.49999999999953648e-01 4.99999999999988953e-01 0 -2.86108298751099399e+00
0 0 0 36 0.00000000000000000e+00 2.49999999999953648e-01 4.99999999999988953e-01 1 -2.79955835256616697e-03
0 0 0 36 0.00000000000000000e+00 2.49999999999953648e-01 4.99999999999988953e-01 2 2.85933300989000250e+00
0 0 0 36 0.00000000000000000e+00 2.49999999999953648e-01 4.99999999999988953e-01 3 4.23356880700235738e+00
0 0 0 36 0.00000000000000000e+00 2.49999999999953648e-01 4.99999999999988953e-01 4 8.36364216523250548e+00
0 0 0 36 0.00000000000000000e+00 2.49999999999953648e-01 4.99999999999988953e-01 5 1.14632162321868911e+01
0 0 0 36 0.00000000000000000e+00 2.49999999999953648e-01 4.99999999999988953e-01 6 1.25468587478207532e+01
0 0 0 36 0.00000000000000000e+00 2.49999999999953648e-01 4.99999999999988953e-01 7 1.28108031340239545e+01
0 0 0 36 0.00000000000000000e+00 2.49999999999953648e-01 4.99999999999988953e-01 8 1.75445330210377541e+01
0 0 0 36 0.00000000000000000e+00 2.49999999999953648e-01 4.99999999999988953e-01 9 1.80492900217465539e+01
0 0 0 36 0.00000000000000000e+00 2.49999999999953648e-01 4.99999999999988953e-01 10 2.01047047207393739e+01
0 0 0 36 0.00000000000000000e+00 2.49999999999953648e-01 4.99999999999988953e-01 11 2.01288468711112714e+01
0 0 0 36 0.00000000000000000e+00 2.49999999999953648e-01 4.99999999999988953e-01 12 2.55320667436287145e+01
0 0 0 36 0.00000000000000000e+00 2.49999999999953648e-01 4.99999999999988953e-01 13 2.59329681914184640e+01
0 0 0 36 0.00000000000000000e+00 2.49999999999953648e-01 4.99999999999988953e-01 14 2.65085959070952057e+01
0 0 0 36 0.00000000000000000e+00 2.49999999999953648e-01 4.99999999999988953e-01 15 2.74187853669978310e+01
0 0 0 36 0.00000000000000000e+00 2.49999999999953648e-01 4.99999999999988953e-01 16 2.92604216723640711e+01
0 0 0 36 0.00000000000000000e+00 2.49999999999953648e-01 4.99999999999988953e-01 17 3.15710443818282549e+01
0 0 0 36 0.00000000000000000e+00 2.49999999999953648e-01 4.99999999999988953e-01 18 3.27736118146601569e+01
0 0 0 36 0.00000000000000000e+00 2.49999999999953648e-01 4.99999999999988953e-01 19 3.76441425110641106e+01
0 0 0 36 0.00000000000000000e+00 2.49999999999953648e-01 4.99999999999988953e-01 20 4.33774346543056240e+01
0 0 0 36 0.00000000000000000e+00 2.49999999999953648e-01 4.99999999999988953e-01 21 4.68552906732922665e+01
0 0 0 36 0.00000000000000000e+00 2.49999999999953648e-01 4.99999999999988953e-01 22 9.32336033724398305e+01
0 0 0 36 0.00000000000000000e+00 2.49999999999953648e-01 4.99999999999988953e-01 23 1.05504226539983378e+02
0 0 0 36 0.00000000000000000e+00 2.49999999999953648e-01 4.99999999999988953e-01 24 1.16121464812233583e+02
0 0 0 36 0.00000000000000000e+00 2.49999999999953648e-01 4.99999999999988953e-01 25 1.36199531300420489e+02
0 0 0 37 2.50000000000035305e-01 2.50000000000035305e-01 5.00000000000070610e-01 0 -3.53849822179906148e+00
0 0 0 37 2.50000000000035305e-01 2.50000000000035305e-01 5.00000000000070610e-01 1 9.06912416253456422e-01
0 0 0 37 2.50000000000035305e-01 2.50000000000035305e-01 5.00000000000070610e-01 2 2.63481016961345382e+00
0 0 0 37 2.50000000000035305e-01 2.50000000000035305e-01 5.00000000000070610e-01 3 5.10631189803305219e+00
0 0 0 37 2.50000000000035305e-01 2.50000000000035305e-01 5.00000000000070610e-01 4 9.31446521881768952e+00
0 0 0 37 2.50000000000035305e-01 2.50000000000035305e-01 5.00000000000070610e-01 5 1.15339182333742016e+01
0 0 0 37 2.50000000000035305e-01 2.50000000000035305e-01 5.00000000000070610e-01 6 1.17936320762268938e+01
0 0 0 37 2.50000000000035305e-01 2.50000000000035305e-01 5.00000000000070610e-01 7 1.34999812379512445e+01
0 0 0 37 2.50000000000035305e-01 2.50000000000035305e-01 5.00000000000070610e-01 8 1.38959001860464486e+01
0 0 0 37 2.50000000000035305e-01 2.50000000000035305e-01 5.00000000000070610e-01 9 1.68432294336173243e+01
0 0 0 37 2.50000000000035305e-01 2.50000000000035305e-01 5.00000000000070610e-01 10 2.06946810568215938e+01
0 0 0 37 2.50000000000035305e-01 2.50000000000035305e-01 5.00000000000070610e-01 11 2.38403022107183631e+01
0 0 0 37 2.50000000000035305e-01 2.50000000000035305e-01 5.00000000000070610e-01 12 2.44987015119192897e+01
0 0 0 37 2.50000000000035305e-01 2.50000000000035305e-01 5.00000000000070610e-01 13 2.46800115643747056e+01
0 0 0 37 2.50000000000035305e-01 2.50000000000035305e-01 5.00000000000070610e-01 14 2.70695029269523850e+01
0 0 0 37 2.50000000000035305e-01 2.50000000000035305e-01 5.00000000000070610e-01 15 2.78549641062830631e+01
0 0 0 37 2.50000000000035305e-01 2.50000000000035305e-01 5.00000000000070610e-01 16 2.88872227542143776e+01
0 0 0 37 2.50000000000035305e-01 2.50000000000035305e-01 5.00000000000070610e-01 17 3.04843827400969758e+01
0 0 0 37 2.50000000000035305e-01 2.50000000000035305e-01 5.00000000000070610e-01 18 3.43518934060827945e+01
0 0 0 37 2.50000000000035305e-01 2.50000000000035305e-01 5.00000000000070610e-01 19 3.94879822757698449e+01
0 0 0 37 2.50000000000035305e-01 2.50000000000035305e-01 5.00000000000070610e-01 20 4.71775968599758286e+01
0 0 0 37 2.50000000000035305e-01 2.50000000000035305e-01 5.00000000000070610e-01 21 5.52283881451044465e+01
0 0 0 37 2.50000000000035305e-01 2.50000000000035305e-01 5.00000000000070610e-01 22 8.56233368278740272e+01
0 0 0 37 2.50000000000035305e-01 2.50000000000035305e-01 5.00000000000070610e-01 23 9.58635499918154750e+01
0 0 0 37 2.50000000000035305e-01 2.50000000000035305e-01 5.00000000000070610e-01 24 1.14131336134506995e+02
0 0 0 37 2.50000000000035305e-01 2.50000000000035305e-01 5.00000000000070610e-01 25 1.39318863909794459e+02
0 0 0 38 4.99999999999988953e-01 2.50000000000035305e-01 4.99999999999988953e-01 0 -2.86108298751102108e+00
0 0 0 38 4.99999999999988953e-01 2.50000000000035305e-01 4.99999999999988953e-01 1 -2.79955835262059001e-03
0 0 0 38 4.99999999999988953e-01 2.50000000000035305e-01 4.99999999999988953e-01 2 2.85933300989000250e+00
0 0 0 38 4.99999999999988953e-01 2.50000000000035305e-01 4.99999999999988953e-01 3 4.23356880700238491e+00
0 0 0 38 4.99999999999988953e-01 2.50000000000035305e-01 4.99999999999988953e-01 4 8.36364216523253212e+00
0 0 0 38 4.99999999999988953e-01 2.50000000000035305e-01 4.99999999999988953e-01 5 1.14632162321868645e+01
0 0 0 38 4.99999999999988953e-01 2.50000000000035305e-01 4.99999999999988953e-01 6 1.25468587478207532e+01
0 0 0 38 4.99999999999988953e-01 2.50000000000035305e-01 4.99999999999988953e-01 7 1.28108031340239545e+01
0 0 0 38 4.99999999999988953e-01 2.50000000000035305e-01 4.99999999999988953e-01 8 1.75445330210377008e+01
0 0 0 38 4.99999999999988953e-01 2.50000000000035305e-01 4.99999999999988953e-01 9 1.80492900217466108e+01
0 0 0 38 4.99999999999988953e-01 2.50000000000035305e-01 4.99999999999988953e-01 10 2.01047047207393987e+01
0 0 0 38 4.99999999999988953e-01 2.50000000000035305e-01 4.99999999999988953e-01 11 2.01288468711112714e+01
0 0 0 38 4.99999999999988953e-01 2.50000000000035305e-01 4.99999999999988953e-01 12 2.55320667436287145e+01
0 0 0 38 4.99999999999988953e-01 2.50000000000035305e-01 4.99999999999988953e-01 13 2.59329681914184071e+01
0 0 0 38 4.99999999999988953e-01 2.50000000000035305e-01 4.99999999999988953e-01 14 2.65085959070952342e+01
0 0 0 38 4.99999999999988953e-01 2.50000000000035305e-01 4.99999999999988953e-01 15 2.74187853669978310e+01
0 0 0 38 4.99999999999988953e-01 2.50000000000035305e-01 4.99999999999988953e-01 16 2.92604216723641279e+01
0 0 0 38 4.99999999999988953e-01 2.50000000000035305e-01 4.99999999999988953e-01 17 3.15710443818281483e+01
0 0 0 38 4.99999999999988953e-01 2.50000000000035305e-01 4.99999999999988953e-01 18 3.27736118146602635e+01
0 0 0 38 4.99999999999988953e-01 2.50000000000035305e-01 4.99999999999988953e-01 19 3.76441425110640040e+01
0 0 0 38 4.99999999999988953e-01 2.50000000000035305e-01 4.99999999999988953e-01 20 4.33774346543058726e+01
0 0 0 38 4.99999999999988953e-01 2.50000000000035305e-01 4.99999999999988953e-01 21 4.68552906732915346e+01
0 0 0 38 4.99999999999988953e-01 2.50000000000035305e-01 4.99999999999988953e-01 22 9.32336033724427438e+01
0 0 0 38 4.99999999999988953e-01 2.50000000000035305e-01 4.99999999999988953e-01 23 1.05504226539981190e+02
0 0 0 38 4.99999999999988953e-01 2.50000000000035305e-01 4.99999999999988953e-01 24 1.16121464812229917e+02
0 0 0 38 4.99999999999988953e-01 2.50000000000035305e-01 4.99999999999988953e-01 25 1.36199531300418585e+02
0 0 0 39 7.50000000000024203e-01 2.50000000000035305e-01 4.99999999999988898e-01 0 -1.26812156012933008e+00
0 0 0 39 7.50000000000024203e-01 2.50000000000035305e-01 4.99999999999988898e-01 1 -1.26812014093798431e+00
0 0 0 39 7.50000000000024203e-01 2.50000000000035305e-01 4.99999999999988898e-01 2 2.53792612796417316e+00
0 0 0 39 7.50000000000024203e-01 2.50000000000035305e-01 4.99999999999988898e-01 3 2.53792615976636515e+00
0 0 0 39 7.50000000000024203e-01 2.50000000000035305e-01 4.99999999999988898e-01 4 1.11095175194422584e+01
0 0 0 39 7.50000000000024203e-01 2.50000000000035305e-01 4.99999999999988898e-01 5 1.11095203008824832e+01
0 0 0 39 7.50000000000024203e-01 2.50000000000035305e-01 4.99999999999988898e-01 6 1.20219765188462748e+01
0 0 0 39 7.50000000000024203e-01 2.50000000000035305e-01 4.99999999999988898e-01 7 1.20219771588670312e+01
0 0 0 39 7.50000000000024203e-01 2.50000000000035305e-01 4.99999999999988898e-01 8 1.74329907323669318e+01
0 0 0 39 7.50000000000024203e-01 2.50000000000035305e-01 4.99999999999988898e-01 9 1.74329909751491208e+01
0 0 0 39 7.50000000000024203e-01 2.50000000000035305e-01 4.99999999999988898e-01 10 2.12236709967332793e+01
0 0 0 39 7.50000000000024203e-01 2.50000000000035305e-01 4.99999999999988898e-01 11 2.12236717860890103e+01
0 0 0 39 7.50000000000024203e-01 2.50000000000035305e-01 4.99999999999988898e-01 12 2.63449709131003118e+01
0 0 0 39 7.50000000000024203e-01 2.50000000000035305e-01 4.99999999999988898e-01 13 2.63449739569915558e+01
0 0 0 39 7.50000000000024203e-01 2.50000000000035305e-01 4.99999999999988898e-01 14 2.73527362429683549e+01
0 0 0 39 7.50000000000024203e-01 2.50000000000035305e-01 4.99999999999988898e-01 15 2.73527515475288681e+01
0 0 0 39 7.50000000000024203e-01 2.50000000000035305e-01 4.99999999999988898e-01 16 2.74414776340299973e+01
0 0 0 39 7.50000000000024203e-01 2.50000000000035305e-01 4.99999999999988898e-01 17 2.74414815584045577e+01
0 0 0 39 7.50000000000024203e-01 2.50000000000035305e-01 4.99999999999988898e-01 18 3.42114854151754670e+01
0 0 0 39 7.50000000000024203e-01 2.50000000000035305e-01 4.99999999999988898e-01 19 3.42114873024101058e+01
0 0 0 39 7.50000000000024203e-01 2.50000000000035305e-01 4.99999999999988898e-01 20 4.57617919785976355e+01
0 0 0 39 7.50000000000024203e-01 2.50000000000035305e-01 4.99999999999988898e-01 21 4.57618275999321753e+01
0 0 0 39 7.50000000000024203e-01 2.50000000000035305e-01 4.99999999999988898e-01 22 1.18714092293159894e+02
0 0 0 39 7.50000000000024203e-01 2.50000000000035305e-01 4.99999999999988898e-01 23 1.18714332331641728e+02
0 0 0 39 7.50000000000024203e-01 2.50000000000035305e-01 4.99999999999988898e-01 24 1.25069972555092946e+02
0 0 0 39 7.50000000000024203e-01 2.50000000000035305e-01 4.99999999999988898e-01 25 1.25070116979704792e+02
0 0 0 40 0.00000000000000000e+00 4.99999999999988898e-01 4.99999999999988898e-01 0 -1.43299158792956427e+00
0 0 0 40 0.00000000000000000e+00 4.99999999999988898e-01 4.99999999999988898e-01 1 -1.43298966071494349e+00
0 0 0 40 0.00000000000000000e+00 4.99999999999988898e-01 4.99999999999988898e-01 2 3.58371742379163205e+00
0 0 0 40 0.00000000000000000e+00 4.99999999999988898e-01 4.99999999999988898e-01 3 3.58371742379168623e+00
0 0 0 40 0.00000000000000000e+00 4.99999999999988898e-01 4.99999999999988898e-01 4 7.52239651532337117e+00
0 0 0 40 0.00000000000000000e+00 4.99999999999988898e-01 4.99999999999988898e-01 5 7.52240190897773697e+00
0 0 0 40 0.00000000000000000e+00 4.99999999999988898e-01 4.99999999999988898e-01 6 1.68540934583404933e+01
0 0 0 40 0.00000000000000000e+00 4.99999999999988898e-01 4.99999999999988898e-01 7 1.68540934583405999e+01
0 0 0 40 0.00000000000000000e+00 4.99999999999988898e-01 4.99999999999988898e-01 8 1.81121424486641374e+01
0 0 0 40 0.00000000000000000e+00 4.99999999999988898e-01 4.99999999999988898e-01 9 1.81121424486641374e+01
0 0 0 40 0.00000000000000000e+00 4.99999999999988898e-01 4.99999999999988898e-01 10 2.05878224250362294e+01
0 0 0 40 0.00000000000000000e+00 4.99999999999988898e-01 4.99999999999988898e-01 11 2.05878227300969279e+01
0 0 0 40 0.00000000000000000e+00 4.99999999999988898e-01 4.99999999999988898e-01 12 2.10420979604160436e+01
0 0 0 40 0.00000000000000000e+00 4.99999999999988898e-01 4.99999999999988898e-01 13 2.10420989386425212e+01
0 0 0 40 0.00000000000000000e+00 4.99999999999988898e-01 4.99999999999988898e-01 14 2.93787460125577482e+01
0 0 0 40 0.00000000000000000e+00 4.99999999999988898e-01 4.99999999999988898e-01 15 2.93787679773719006e+01
0 0 0 40 0.00000000000000000e+00 4.99999999999988898e-01 4.99999999999988898e-01 16 3.24440847209759298e+01
0 0 0 40 0.00000000000000000e+00 4.99999999999988898e-01 4.99999999999988898e-01 17 3.24440847209760932e+01
0 0 0 40 0.00000000000000000e+00 4.99999999999988898e-01 4.99999999999988898e-01 18 3.42725379543569701e+01
0 0 0 40 0.00000000000000000e+00 4.99999999999988898e-01 4.99999999999988898e-01 19 3.42725593944827551e+01
0 0 0 40 0.00000000000000000e+00 4.99999999999988898e-01 4.99999999999988898e-01 20 3.75019907734039890e+01
0 0 0 40 0.00000000000000000e+00 4.99999999999988898e-01 4.99999999999988898e-01 21 3.75019907734043443e+01
0 0 0 40 0.00000000000000000e+00 4.99999999999988898e-01 4.99999999999988898e-01 22 1.12297266016077842e+02
0 0 0 40 0.00000000000000000e+00 4.99999999999988898e-01 4.99999999999988898e-01 23 1.12297266016083839e+02
0 0 0 40 0.00000000000000000e+00 4.99999999999988898e-01 4.99999999999988898e-01 24 1.27998191864268378e+02
0 0 0 40 0.00000000000000000e+00 4.99999999999988898e-01 4.99999999999988898e-01 25 1.27998308398695528e+02
0 0 0 41 2.50000000000035305e-01 4.99999999999988953e-01 4.99999999999988953e-01 0 -2.86108298751102108e+00
0 0 0 41 2.50000000000035305e-01 4.99999999999988953e-01 4.99999999999988953e-01 1 -2.79955835259337827e-03
0 0 0 41 2.50000000000035305e-01 4.99999999999988953e-01 4.99999999999988953e-01 2 2.85933300989000250e+00
0 0 0 41 2.50000000000035305e-01 4.99999999999988953e-01 4.99999999999988953e-01 3 4.23356880700230320e+00
0 0 0 41 2.50000000000035305e-01 4.99999999999988953e-01 4.99999999999988953e-01 4 8.36364216523250548e+00
0 0 0 41 2.50000000000035305e-01 4.99999999999988953e-01 4.99999999999988953e-01 5 1.14632162321868645e+01
0 0 0 41 2.50000000000035305e-01 4.99999999999988953e-01 4.99999999999988953e-01 6 1.25468587478207798e+01
0 0 0 41 2.50000000000035305e-01 4.99999999999988953e-01 4.99999999999988953e-01 7 1.28108031340239013e+01
0 0 0 41 2.50000000000035305e-01 4.99999999999988953e-01 4.99999999999988953e-01 8 1.75445330210377008e+01
0 0 0 41 2.50000000000035305e-01 4.99999999999988953e-01 4.99999999999988953e-01 9 1.80492900217465291e+01
0 0 0 41 2.50000000000035305e-01 4.99999999999988953e-01 4.99999999999988953e-01 10 2.01047047207393987e+01
0 0 0 41 2.50000000000035305e-01 4.99999999999988953e-01 4.99999999999988953e-01 11 2.01288468711112145e+01
0 0 0 41 2.50000000000035305e-01 4.99999999999988953e-01 4.99999999999988953e-01 12 2.55320667436287145e+01
0 0 0 41 2.50000000000035305e-01 4.99999999999988953e-01 4.99999999999988953e-01 13 2.59329681914185173e+01
0 0 0 41 2.50000000000035305e-01 4.99999999999988953e-01 4.99999999999988953e-01 14 2.65085959070951525e+01
0 0 0 41 2.50000000000035305e-01 4.99999999999988953e-01 4.99999999999988953e-01 15 2.74187853669978310e+01
0 0 0 41 2.50000000000035305e-01 4.99999999999988953e-01 4.99999999999988953e-01 16 2.92604216723640711e+01
0 0 0 41 2.50000000000035305e-01 4.99999999999988953e-01 4.99999999999988953e-01 17 3.15710443818282798e+01
0 0 0 41 2.50000000000035305e-01 4.99999999999988953e-01 4.99999999999988953e-01 18 3.27736118146601356e+01
0 0 0 41 2.50000000000035305e-01 4.99999999999988953e-01 4.99999999999988953e-01 19 3.76441425110640537e+01
0 0 0 41 2.50000000000035305e-01 4.99999999999988953e-01 4.99999999999988953e-01 20 4.33774346543055671e+01
0 0 0 41 2.50000000000035305e-01 4.99999999999988953e-01 4.99999999999988953e-01 21 4.68552906732918046e+01
0 0 0 41 2.50000000000035305e-01 4.99999999999988953e-01 4.99999999999988953e-01 22 9.32336033724399869e+01
0 0 0 41 2.50000000000035305e-01 4.99999999999988953e-01 4.99999999999988953e-01 23 1.05504226539982042e+02
0 0 0 41 2.50000000000035305e-01 4.99999999999988953e-01 4.99999999999988953e-01 24 1.16121464812228453e+02
0 0 0 41 2.50000000000035305e-01 4.99999999999988953e-01 4.99999999999988953e-01 25 1.36199531300418670e+02
0 0 0 42 5.00000000000070610e-01 5.00000000000070610e-01 5.00000000000070610e-01 0 -3.24596580198793605e+00
0 0 0 42 5.00000000000070610e-01 5.00000000000070610e-01 5.00000000000070610e-01 1 -6.04418885752145529e-01
0 0 0 42 5.00000000000070610e-01 5.00000000000070610e-01 5.00000000000070610e-01 2 5.24067752011174104e+00
0 0 0 42 5.00000000000070610e-01 5.00000000000070610e-01 5.00000000000070610e-01 3 5.24067752011176768e+00
0 0 0 42 5.00000000000070610e-01 5.00000000000070610e-01 5.00000000000070610e-01 4 8.10635145303613847e+00
0 0 0 42 5.00000000000070610e-01 5.00000000000070610e-01 5.00000000000070610e-01 5 1.01723325320598832e+01
0 0 0 42 5.00000000000070610e-01 5.00000000000070610e-01 5.00000000000070610e-01 6 1.01723325320598832e+01
0 0 0 42 5.00000000000070610e-01 5.00000000000070610e-01 5.00000000000070610e-01 7 1.75471393083259706e+01
0 0 0 42 5.00000000000070610e-01 5.00000000000070610e-01 5.00000000000070610e-01 8 1.80041084701005758e+01
0 0 0 42 5.00000000000070610e-01 5.00000000000070610e-01 5.00000000000070610e-01 9 1.80041084701005758e+01
0 0 0 42 5.00000000000070610e-01 5.00000000000070610e-01 5.00000000000070610e-01 10 1.83579416029928915e+01
0 0 0 42 5.00000000000070610e-01 5.00000000000070610e-01 5.00000000000070610e-01 11 1.97306204018279310e+01
0 0 0 42 5.00000000000070610e-01 5.00000000000070610e-01 5.00000000000070610e-01 12 1.97306204018279878e+01
0 0 0 42 5.00000000000070610e-01 5.00000000000070610e-01 5.00000000000070610e-01 13 2.65327225509090425e+01
0 0 0 42 5.00000000000070610e-01 5.00000000000070610e-01 5.00000000000070610e-01 14 2.84591910703909861e+01
0 0 0 42 5.00000000000070610e-01 5.00000000000070610e-01 5.00000000000070610e-01 15 2.96489496347264598e+01
0 0 0 42 5.00000000000070610e-01 5.00000000000070610e-01 5.00000000000070610e-01 16 2.96489496347264847e+01
0 0 0 42 5.00000000000070610e-01 5.00000000000070610e-01 5.00000000000070610e-01 17 3.36128535729160234e+01
0 0 0 42 5.00000000000070610e-01 5.00000000000070610e-01 5.00000000000070610e-01 18 3.36128535729161584e+01
0 0 0 42 5.00000000000070610e-01 5.00000000000070610e-01 5.00000000000070610e-01 19 3.64309474830752862e+01
0 0 0 42 5.00000000000070610e-01 5.00000000000070610e-01 5.00000000000070610e-01 20 6.21815263312237860e+01
0 0 0 42 5.00000000000070610e-01 5.00000000000070610e-01 5.00000000000070610e-01 21 6.21815263312264790e+01
0 0 0 42 5.00000000000070610e-01 5.00000000000070610e-01 5.00000000000070610e-01 22 7.32589956292644899e+01
0 0 0 42 5.00000000000070610e-01 5.00000000000070610e-01 5.00000000000070610e-01 23 7.32589956292654279e+01
0 0 0 42 5.00000000000070610e-01 5.00000000000070610e-01 5.00000000000070610e-01 24 1.06593772898442879e+02
0 0 0 42 5.00000000000070610e-01 5.00000000000070610e-01 5.00000000000070610e-01 25 1.45626421941854204e+02
0 0 0 43 7.49999999999942601e-01 4.99999999999988953e-01 4.99999999999988953e-01 0 -2.86108298751099399e+00
0 0 0 43 7.49999999999942601e-01 4.99999999999988953e-01 4.99999999999988953e-01 1 -2.79955835256616697e-03
0 0 0 43 7.49999999999942601e-01 4.99999999999988953e-01 4.99999999999988953e-01 2 2.85933300988997496e+00
0 0 0 43 7.49999999999942601e-01 4.99999999999988953e-01 4.99999999999988953e-01 3 4.23356880700235738e+00
0 0 0 43 7.49999999999942601e-01 4.99999999999988953e-01 4.99999999999988953e-01 4 8.36364216523250548e+00
0 0 0 43 7.49999999999942601e-01 4.99999999999988953e-01 4.99999999999988953e-01 5 1.14632162321868645e+01
0 0 0 43 7.49999999999942601e-01 4.99999999999988953e-01 4.99999999999988953e-01 6 1.25468587478207798e+01
0 0 0 43 7.49999999999942601e-01 4.99999999999988953e-01 4.99999999999988953e-01 7 1.28108031340239013e+01
0 0 0 43 7.49999999999942601e-01 4.99999999999988953e-01 4.99999999999988953e-01 8 1.75445330210377008e+01
0 0 0 43 7.49999999999942601e-01 4.99999999999988953e-01 4.99999999999988953e-01 9 1.80492900217465291e+01
0 0 0 43 7.49999999999942601e-01 4.99999999999988953e-01 4.99999999999988953e-01 10 2.01047047207393739e+01
0 0 0 43 7.49999999999942601e-01 4.99999999999988953e-01 4.99999999999988953e-01 11 2.01288468711112429e+01
0 0 0 43 7.49999999999942601e-01 4.99999999999988953e-01 4.99999999999988953e-01 12 2.55320667436287145e+01
0 0 0 43 7.49999999999942601e-01 4.99999999999988953e-01 4.99999999999988953e-01 13 2.59329681914184889e+01
0 0 0 43 7.49999999999942601e-01 4.99999999999988953e-01 4.99999999999988953e-01 14 2.65085959070951525e+01
0 0 0 43 7.49999999999942601e-01 4.99999999999988953e-01 4.99999999999988953e-01 15 2.74187853669978558e+01
0 0 0 43 7.49999999999942601e-01 4.99999999999988953e-01 4.99999999999988953e-01 16 2.92604216723641031e+01
0 0 0 43 7.49999999999942601e-01 4.99999999999988953e-01 4.99999999999988953e-01 17 3.15710443818282549e+01
0 0 0 43 7.49999999999942601e-01 4.99999999999988953e-01 4.99999999999988953e-01 18 3.27736118146601072e+01
0 0 0 43 7.49999999999942601e-01 4.99999999999988953e-01 4.99999999999988953e-01 19 3.76441425110639685e+01
0 0 0 43 7.49999999999942601e-01 4.99999999999988953e-01 4.99999999999988953e-01 20 4.33774346543055955e+01
0 0 0 43 7.49999999999942601e-01 4.99999999999988953e-01 4.99999999999988953e-01 21 4.68552906732918331e+01
0 0 0 43 7.49999999999942601e-01 4.99999999999988953e-01 4.99999999999988953e-01 22 9.32336033724402711e+01
0 0 0 43 7.49999999999942601e-01 4.99999999999988953e-01 4.99999999999988953e-01 23 1.05504226539981829e+02
0 0 0 43 7.49999999999942601e-01 4.99999999999988953e-01 4.99999999999988953e-01 24 1.16121464812227586e+02
0 0 0 43 7.49999999999942601e-01 4.99999999999988953e-01 4.99999999999988953e-01 25 1.36199531300420347e+02
0 0 0 44 0.00000000000000000e+00 7.50000000000024314e-01 4.99999999999989009e-01 0 -2.86108298751102108e+00
0 0 0 44 0.00000000000000000e+00 7.50000000000024314e-01 4.99999999999989009e-01 1 -2.79955835259337827e-03
0 0 0 44 0.00000000000000000e+00 7.50000000000024314e-01 4.99999999999989009e-01 2 2.85933300988997496e+00
0 0 0 44 0.00000000000000000e+00 7.50000000000024314e-01 4.99999999999989009e-01 3 4.23356880700238491e+00
0 0 0 44 0.00000000000000000e+00 7.50000000000024314e-01 4.99999999999989009e-01 4 8.36364216523250548e+00
0 0 0 44 0.00000000000000000e+00 7.50000000000024314e-01 4.99999999999989009e-01 5 1.14632162321868911e+01
0 0 0 44 0.00000000000000000e+00 7.50000000000024314e-01 4.99999999999989009e-01 6 1.25468587478207798e+01
0 0 0 44 0.00000000000000000e+00 7.50000000000024314e-01 4.99999999999989009e-01 7 1.28108031340239279e+01
0 0 0 44 0.00000000000000000e+00 7.50000000000024314e-01 4.99999999999989009e-01 8 1.75445330210377541e+01
0 0 0 44 0.00000000000000000e+00 7.50000000000024314e-01 4.99999999999989009e-01 9 1.80492900217465824e+01
0 0 0 44 0.00000000000000000e+00 7.50000000000024314e-01 4.99999999999989009e-01 10 2.01047047207393987e+01
0 0 0 44 0.00000000000000000e+00 7.50000000000024314e-01 4.99999999999989009e-01 11 2.01288468711112429e+01
0 0 0 44 0.00000000000000000e+00 7.50000000000024314e-01 4.99999999999989009e-01 12 2.55320667436287145e+01
0 0 0 44 0.00000000000000000e+00 7.50000000000024314e-01 4.99999999999989009e-01 13 2.59329681914184640e+01
0 0 0 44 0.00000000000000000e+00 7.50000000000024314e-01 4.99999999999989009e-01 14 2.65085959070951773e+01
0 0 0 44 0.00000000000000000e+00 7.50000000000024314e-01 4.99999999999989009e-01 15 2.74187853669978310e+01
0 0 0 44 0.00000000000000000e+00 7.50000000000024314e-01 4.99999999999989009e-01 16 2.92604216723641031e+01
0 0 0 44 0.00000000000000000e+00 7.50000000000024314e-01 4.99999999999989009e-01 17 3.15710443818282265e+01
0 0 0 44 0.00000000000000000e+00 7.50000000000024314e-01 4.99999999999989009e-01 18 3.27736118146601569e+01
0 0 0 44 0.00000000000000000e+00 7.50000000000024314e-01 4.99999999999989009e-01 19 3.76441425110641319e+01
0 0 0 44 0.00000000000000000e+00 7.50000000000024314e-01 4.99999999999989009e-01 20 4.33774346543056240e+01
0 0 0 44 0.00000000000000000e+00 7.50000000000024314e-01 4.99999999999989009e-01 21 4.68552906732922665e+01
0 0 0 44 0.00000000000000000e+00 7.50000000000024314e-01 4.99999999999989009e-01 22 9.32336033724404558e+01
0 0 0 44 0.00000000000000000e+00 7.50000000000024314e-01 4.99999999999989009e-01 23 1.05504226539984089e+02
0 0 0 44 0.00000000000000000e+00 7.50000000000024314e-01 4.99999999999989009e-01 24 1.16121464812232546e+02
0 0 0 44 0.00000000000000000e+00 7.50000000000024314e-01 4.99999999999989009e-01 25 1.36199531300424582e+02
0 0 0 45 2.50000000000035305e-01 7.50000000000024203e-01 4.99999999999988898e-01 0 -1.26812156012933008e+00
0 0 0 45 2.50000000000035305e-01 7.50000000000024203e-01 4.99999999999988898e-01 1 -1.26812014093809311e+00
0 0 0 45 2.50000000000035305e-01 7.50000000000024203e-01 4.99999999999988898e-01 2 2.53792612796414607e+00
0 0 0 45 2.50000000000035305e-01 7.50000000000024203e-01 4.99999999999988898e-01 3 2.53792615976636515e+00
0 0 0 45 2.50000000000035305e-01 7.50000000000024203e-01 4.99999999999988898e-01 4 1.11095175194422584e+01
0 0 0 45 2.50000000000035305e-01 7.50000000000024203e-01 4.99999999999988898e-01 5 1.11095203008824832e+01
0 0 0 45 2.50000000000035305e-01 7.50000000000024203e-01 4.99999999999988898e-01 6 1.20219765188463015e+01
0 0 0 45 2.50000000000035305e-01 7.50000000000024203e-01 4.99999999999988898e-01 7 1.20219771588670596e+01
0 0 0 45 2.50000000000035305e-01 7.50000000000024203e-01 4.99999999999988898e-01 8 1.74329907323669318e+01
0 0 0 45 2.50000000000035305e-01 7.50000000000024203e-01 4.99999999999988898e-01 9 1.74329909751491208e+01
0 0 0 45 2.50000000000035305e-01 7.50000000000024203e-01 4.99999999999988898e-01 10 2.12236709967333077e+01
0 0 0 45 2.50000000000035305e-01 7.50000000000024203e-01 4.99999999999988898e-01 11 2.12236717860890387e+01
0 0 0 45 2.50000000000035305e-01 7.50000000000024203e-01 4.99999999999988898e-01 12 2.63449709131003367e+01
0 0 0 45 2.50000000000035305e-01 7.50000000000024203e-01 4.99999999999988898e-01 13 2.63449739569915558e+01
0 0 0 45 2.50000000000035305e-01 7.50000000000024203e-01 4.99999999999988898e-01 14 2.73527362429683549e+01
0 0 0 45 2.50000000000035305e-01 7.50000000000024203e-01 4.99999999999988898e-01 15 2.73527515475288965e+01
0 0 0 45 2.50000000000035305e-01 7.50000000000024203e-01 4.99999999999988898e-01 16 2.74414776340299973e+01
0 0 0 45 2.50000000000035305e-01 7.50000000000024203e-01 4.99999999999988898e-01 17 2.74414815584045826e+01
0 0 0 45 2.50000000000035305e-01 7.50000000000024203e-01 4.99999999999988898e-01 18 3.42114854151754670e+01
0 0 0 45 2.50000000000035305e-01 7.50000000000024203e-01 4.99999999999988898e-01 19 3.42114873024101342e+01
0 0 0 45 2.50000000000035305e-01 7.50000000000024203e-01 4.99999999999988898e-01 20 4.57617919785976142e+01
0 0 0 45 2.50000000000035305e-01 7.50000000000024203e-01 4.99999999999988898e-01 21 4.57618275999321185e+01
0 0 0 45 2.50000000000035305e-01 7.50000000000024203e-01 4.99999999999988898e-01 22 1.18714092293161443e+02
0 0 0 45 2.50000000000035305e-01 7.50000000000024203e-01 4.99999999999988898e-01 23 1.18714332331641643e+02
0 0 0 45 2.50000000000035305e-01 7.50000000000024203e-01 4.99999999999988898e-01 24 1.25069972555092590e+02
0 0 0 45 2.50000000000035305e-01 7.50000000000024203e-01 4.99999999999988898e-01 25 1.25070116979704451e+02
0 0 0 46 4.99999999999988953e-01 7.49999999999942601e-01 4.99999999999988953e-01 0 -2.86108298751102108e+00
0 0 0 46 4.99999999999988953e-01 7.49999999999942601e-01 4.99999999999988953e-01 1 -2.79955835262059001e-03
0 0 0 46 4.99999999999988953e-01 7.49999999999942601e-01 4.99999999999988953e-01 2 2.85933300988997496e+00
0 0 0 46 4.99999999999988953e-01 7.49999999999942601e-01 4.99999999999988953e-01 3 4.23356880700235738e+00
0 0 0 46 4.99999999999988953e-01 7.49999999999942601e-01 4.99999999999988953e-01 4 8.36364216523253212e+00
0 0 0 46 4.99999999999988953e-01 7.49999999999942601e-01 4.99999999999988953e-01 5 1.14632162321868645e+01
0 0 0 46 4.99999999999988953e-01 7.49999999999942601e-01 4.99999999999988953e-01 6 1.25468587478207532e+01
0 0 0 46 4.99999999999988953e-01 7.49999999999942601e-01 4.99999999999988953e-01 7 1.28108031340239545e+01
0 0 0 46 4.99999999999988953e-01 7.49999999999942601e-01 4.99999999999988953e-01 8 1.75445330210376724e+01
0 0 0 46 4.99999999999988953e-01 7.49999999999942601e-01 4.99999999999988953e-01 9 1.80492900217466108e+01
0 0 0 46 4.99999999999988953e-01 7.49999999999942601e-01 4.99999999999988953e-01 10 2.01047047207393987e+01
0 0 0 46 4.99999999999988953e-01 7.49999999999942601e-01 4.99999999999988953e-01 11 2.01288468711112429e+01
0 0 0 46 4.99999999999988953e-01 7.49999999999942601e-01 4.99999999999988953e-01 12 2.55320667436287145e+01
0 0 0 46 4.99999999999988953e-01 7.49999999999942601e-01 4.99999999999988953e-01 13 2.59329681914183823e+01
0 0 0 46 4.99999999999988953e-01 7.49999999999942601e-01 4.99999999999988953e-01 14 2.65085959070952057e+01
0 0 0 46 4.99999999999988953e-01 7.49999999999942601e-01 4.99999999999988953e-01 15 2.74187853669978310e+01
0 0 0 46 4.99999999999988953e-01 7.49999999999942601e-01 4.99999999999988953e-01 16 2.92604216723641564e+01
0 0 0 46 4.99999999999988953e-01 7.49999999999942601e-01 4.99999999999988953e-01 17 3.15710443818281732e+01
0 0 0 46 4.99999999999988953e-01 7.49999999999942601e-01 4.99999999999988953e-01 18 3.27736118146602138e+01
0 0 0 46 4.99999999999988953e-01 7.49999999999942601e-01 4.99999999999988953e-01 19 3.76441425110640253e+01
0 0 0 46 4.99999999999988953e-01 7.49999999999942601e-01 4.99999999999988953e-01 20 4.33774346543058726e+01
0 0 0 46 4.99999999999988953e-01 7.49999999999942601e-01 4.99999999999988953e-01 21 4.68552906732915559e+01
0 0 0 46 4.99999999999988953e-01 7.49999999999942601e-01 4.99999999999988953e-01 22 9.32336033724434827e+01
0 0 0 46 4.99999999999988953e-01 7.49999999999942601e-01 4.99999999999988953e-01 23 1.05504226539981516e+02
0 0 0 46 4.99999999999988953e-01 7.49999999999942601e-01 4.99999999999988953e-01 24 1.16121464812231068e+02
0 0 0 46 4.99999999999988953e-01 7.49999999999942601e-01 4.99999999999988953e-01 25 1.36199531300417192e+02
0 0 0 47 7.50000000000024203e-01 7.50000000000024203e-01 5.00000000000070610e-01 0 -3.53849822179903395e+00
0 0 0 47 7.50000000000024203e-01 7.50000000000024203e-01 5.00000000000070610e-01 1 9.06912416253456422e-01
0 0 0 47 7.50000000000024203e-01 7.50000000000024203e-01 5.00000000000070610e-01 2 2.63481016961342673e+00
0 0 0 47 7.50000000000024203e-01 7.50000000000024203e-01 5.00000000000070610e-01 3 5.10631189803305219e+00
0 0 0 47 7.50000000000024203e-01 7.50000000000024203e-01 5.00000000000070610e-01 4 9.31446521881768952e+00
0 0 0 47 7.50000000000024203e-01 7.50000000000024203e-01 5.00000000000070610e-01 5 1.15339182333741750e+01
0 0 0 47 7.50000000000024203e-01 7.50000000000024203e-01 5.00000000000070610e-01 6 1.17936320762268938e+01
0 0 0 47 7.50000000000024203e-01 7.50000000000024203e-01 5.00000000000070610e-01 7 1.34999812379512445e+01
0 0 0 47 7.50000000000024203e-01 7.50000000000024203e-01 5.00000000000070610e-01 8 1.38959001860464486e+01
0 0 0 47 7.50000000000024203e-01 7.50000000000024203e-01 5.00000000000070610e-01 9 1.68432294336173527e+01
0 0 0 47 7.50000000000024203e-01 7.50000000000024203e-01 5.00000000000070610e-01 10 2.06946810568216186e+01
0 0 0 47 7.50000000000024203e-01 7.50000000000024203e-01 5.00000000000070610e-01 11 2.38403022107183631e+01
0 0 0 47 7.50000000000024203e-01 7.50000000000024203e-01 5.00000000000070610e-01 12 2.44987015119192897e+01
0 0 0 47 7.50000000000024203e-01 7.50000000000024203e-01 5.00000000000070610e-01 13 2.46800115643746771e+01
0 0 0 47 7.50000000000024203e-01 7.50000000000024203e-01 5.00000000000070610e-01 14 2.70695029269523566e+01
0 0 0 47 7.50000000000024203e-01 7.50000000000024203e-01 5.00000000000070610e-01 15 2.78549641062830382e+01
0 0 0 47 7.50000000000024203e-01 7.50000000000024203e-01 5.00000000000070610e-01 16 2.88872227542143527e+01
0 0 0 47 7.50000000000024203e-01 7.50000000000024203e-01 5.00000000000070610e-01 17 3.04843827400970007e+01
0 0 0 47 7.50000000000024203e-01 7.50000000000024203e-01 5.00000000000070610e-01 18 3.43518934060827732e+01
0 0 0 47 7.50000000000024203e-01 7.50000000000024203e-01 5.00000000000070610e-01 19 3.94879822757698733e+01
0 0 0 47 7.50000000000024203e-01 7.50000000000024203e-01 5.00000000000070610e-01 20 4.71775968599758002e+01
0 0 0 47 7.50000000000024203e-01 7.50000000000024203e-01 5.00000000000070610e-01 21 5.52283881451045531e+01
0 0 0 47 7.50000000000024203e-01 7.50000000000024203e-01 5.00000000000070610e-01 22 8.56233368278736720e+01
0 0 0 47 7.50000000000024203e-01 7.50000000000024203e-01 5.00000000000070610e-01 23 9.58635499918132297e+01
0 0 0 47 7.50000000000024203e-01 7.50000000000024203e-01 5.00000000000070610e-01 24 1.14131336134510747e+02
0 0 0 47 7.50000000000024203e-01 7.50000000000024203e-01 5.00000000000070610e-01 25 1.39318863909795112e+02
0 0 0 48 0.00000000000000000e+00 0.00000000000000000e+00 7.49999999999942601e-01 0 -4.77928439869774557e+00
0 0 0 48 0.00000000000000000e+00 0.00000000000000000e+00 7.49999999999942601e-01 1 2.46680605279676168e+00
0 0 0 48 0.00000000000000000e+00 0.00000000000000000e+00 7.49999999999942601e-01 2 5.67615955045465181e+00
0 0 0 48 0.00000000000000000e+00 0.00000000000000000e+00 7.49999999999942601e-01 3 5.67615955045473264e+00
0 0 0 48 0.00000000000000000e+00 0.00000000000000000e+00 7.49999999999942601e-01 4 8.63478008904079353e+00
0 0 0 48 0.00000000000000000e+00 0.00000000000000000e+00 7.49999999999942601e-01 5 1.01791067980607934e+01
0 0 0 48 0.00000000000000000e+00 0.00000000000000000e+00 7.49999999999942601e-01 6 1.01791067980608219e+01
0 0 0 48 0.00000000000000000e+00 0.00000000000000000e+00 7.49999999999942601e-01 7 1.38167819259345883e+01
0 0 0 48 0.00000000000000000e+00 0.00000000000000000e+00 7.49999999999942601e-01 8 1.47511644089769707e+01
0 0 0 48 0.00000000000000000e+00 0.00000000000000000e+00 7.49999999999942601e-01 9 1.47511644089769973e+01
0 0 0 48 0.00000000000000000e+00 0.00000000000000000e+00 7.49999999999942601e-01 10 1.98647145492865889e+01
0 0 0 48 0.00000000000000000e+00 0.00000000000000000e+00 7.49999999999942601e-01 11 2.28825557074830108e+01
0 0 0 48 0.00000000000000000e+00 0.00000000000000000e+00 7.49999999999942601e-01 12 2.32685984980903449e+01
0 0 0 48 0.00000000000000000e+00 0.00000000000000000e+00 7.49999999999942601e-01 13 2.32685984980903449e+01
0 0 0 48 0.00000000000000000e+00 0.00000000000000000e+00 7.49999999999942601e-01 14 2.95249480917060865e+01
0 0 0 48 0.00000000000000000e+00 0.00000000000000000e+00 7.49999999999942601e-01 15 2.95249480917061149e+01
0 0 0 48 0.00000000000000000e+00 0.00000000000000000e+00 7.49999999999942601e-01 16 3.14747523700925314e+01
0 0 0 48 0.00000000000000000e+00 0.00000000000000000e+00 7.49999999999942601e-01 17 3.39472997493825446e+01
0 0 0 48 0.00000000000000000e+00 0.00000000000000000e+00 7.49999999999942601e-01 18 3.39472997493825446e+01
0 0 0 48 0.00000000000000000e+00 0.00000000000000000e+00 7.49999999999942601e-01 19 4.32507293026723971e+01
0 0 0 48 0.00000000000000000e+00 0.00000000000000000e+00 7.49999999999942601e-01 20 6.13761034511613062e+01
0 0 0 48 0.00000000000000000e+00 0.00000000000000000e+00 7.49999999999942601e-01 21 6.13761034511639139e+01
0 0 0 48 0.00000000000000000e+00 0.00000000000000000e+00 7.49999999999942601e-01 22 9.84576719779510086e+01
0 0 0 48 0.00000000000000000e+00 0.00000000000000000e+00 7.49999999999942601e-01 23 9.84576719779563376e+01
0 0 0 48 0.00000000000000000e+00 0.00000000000000000e+00 7.49999999999942601e-01 24 1.04798743835718724e+02
0 0 0 48 0.00000000000000000e+00 0.00000000000000000e+00 7.49999999999942601e-01 25 1.54047557201720537e+02
0 0 0 49 2.49999999999953593e-01 0.00000000000000000e+00 7.50000000000024203e-01 0 -3.53849822179903395e+00
0 0 0 49 2.49999999999953593e-01 0.00000000000000000e+00 7.50000000000024203e-01 1 9.06912416253456422e-01
0 0 0 49 2.49999999999953593e-01 0.00000000000000000e+00 7.50000000000024203e-01 2 2.63481016961334502e+00
0 0 0 49 2.49999999999953593e-01 0.00000000000000000e+00 7.50000000000024203e-01 3 5.10631189803310725e+00
0 0 0 49 2.49999999999953593e-01 0.00000000000000000e+00 7.50000000000024203e-01 4 9.31446521881757938e+00
0 0 0 49 2.49999999999953593e-01 0.00000000000000000e+00 7.50000000000024203e-01 5 1.15339182333742016e+01
0 0 0 49 2.49999999999953593e-01 0.00000000000000000e+00 7.50000000000024203e-01 6 1.17936320762269471e+01
0 0 0 49 2.49999999999953593e-01 0.00000000000000000e+00 7.50000000000024203e-01 7 1.34999812379511344e+01
0 0 0 49 2.49999999999953593e-01 0.00000000000000000e+00 7.50000000000024203e-01 8 1.38959001860464486e+01
0 0 0 49 2.49999999999953593e-01 0.00000000000000000e+00 7.50000000000024203e-01 9 1.68432294336173776e+01
0 0 0 49 2.49999999999953593e-01 0.00000000000000000e+00 7.50000000000024203e-01 10 2.06946810568215653e+01
0 0 0 49 2.49999999999953593e-01 0.00000000000000000e+00 7.50000000000024203e-01 11 2.38403022107183062e+01
0 0 0 49 2.49999999999953593e-01 0.00000000000000000e+00 7.50000000000024203e-01 12 2.44987015119193430e+01
0 0 0 49 2.49999999999953593e-01 0.00000000000000000e+00 7.50000000000024203e-01 13 2.46800115643747340e+01
0 0 0 49 2.49999999999953593e-01 0.00000000000000000e+00 7.50000000000024203e-01 14 2.70695029269523850e+01
0 0 0 49 2.49999999999953593e-01 0.00000000000000000e+00 7.50000000000024203e-01 15 2.78549641062827895e+01
0 0 0 49 2.49999999999953593e-01 0.00000000000000000e+00 7.50000000000024203e-01 16 2.88872227542143243e+01
0 0 0 49 2.49999999999953593e-01 0.00000000000000000e+00 7.50000000000024203e-01 17 3.04843827400970540e+01
0 0 0 49 2.49999999999953593e-01 0.00000000000000000e+00 7.50000000000024203e-01 18 3.43518934060828514e+01
0 0 0 49 2.49999999999953593e-01 0.00000000000000000e+00 7.50000000000024203e-01 19 3.94879822757694612e+01
0 0 0 49 2.49999999999953593e-01 0.00000000000000000e+00 7.50000000000024203e-01 20 4.71775968599758286e+01
0 0 0 49 2.49999999999953593e-01 0.00000000000000000e+00 7.50000000000024203e-01 21 5.52283881451061589e+01
0 0 0 49 2.49999999999953593e-01 0.00000000000000000e+00 7.50000000000024203e-01 22 8.56233368278737430e+01
0 0 0 49 2.49999999999953593e-01 0.00000000000000000e+00 7.50000000000024203e-01 23 9.58635499918124907e+01
0 0 0 49 2.49999999999953593e-01 0.00000000000000000e+00 7.50000000000024203e-01 24 1.14131336134510789e+02
0 0 0 49 2.49999999999953593e-01 0.00000000000000000e+00 7.50000000000024203e-01 25 1.39318863909783630e+02
0 0 0 50 4.99999999999989009e-01 0.00000000000000000e+00 7.50000000000024314e-01 0 -2.86108298751102108e+00
0 0 0 50 4.99999999999989009e-01 0.00000000000000000e+00 7.50000000000024314e-01 1 -2.79955835262059001e-03
0 0 0 50 4.99999999999989009e-01 0.00000000000000000e+00 7.50000000000024314e-01 2 2.85933300988997496e+00
0 0 0 50 4.99999999999989009e-01 0.00000000000000000e+00 7.50000000000024314e-01 3 4.23356880700238491e+00
0 0 0 50 4.99999999999989009e-01 0.00000000000000000e+00 7.50000000000024314e-01 4 8.36364216523247705e+00
0 0 0 50 4.99999999999989009e-01 0.00000000000000000e+00 7.50000000000024314e-01 5 1.14632162321868911e+01
0 0 0 50 4.99999999999989009e-01 0.00000000000000000e+00 7.50000000000024314e-01 6 1.25468587478207247e+01
0 0 0 50 4.99999999999989009e-01 0.00000000000000000e+00 7.50000000000024314e-01 7 1.28108031340239812e+01
0 0 0 50 4.99999999999989009e-01 0.00000000000000000e+00 7.50000000000024314e-01 8 1.75445330210377826e+01
0 0 0 50 4.99999999999989009e-01 0.00000000000000000e+00 7.50000000000024314e-01 9 1.80492900217465291e+01
0 0 0 50 4.99999999999989009e-01 0.00000000000000000e+00 7.50000000000024314e-01 10 2.01047047207393739e+01
0 0 0 50 4.99999999999989009e-01 0.00000000000000000e+00 7.50000000000024314e-01 11 2.01288468711112145e+01
0 0 0 50 4.99999999999989009e-01 0.00000000000000000e+00 7.50000000000024314e-01 12 2.55320667436287394e+01
0 0 0 50 4.99999999999989009e-01 0.00000000000000000e+00 7.50000000000024314e-01 13 2.59329681914183823e+01
0 0 0 50 4.99999999999989009e-01 0.00000000000000000e+00 7.50000000000024314e-01 14 2.65085959070952590e+01
0 0 0 50 4.99999999999989009e-01 0.00000000000000000e+00 7.50000000000024314e-01 15 2.74187853669978026e+01
0 0 0 50 4.99999999999989009e-01 0.00000000000000000e+00 7.50000000000024314e-01 16 2.92604216723641031e+01
0 0 0 50 4.99999999999989009e-01 0.00000000000000000e+00 7.50000000000024314e-01 17 3.15710443818281163e+01
0 0 0 50 4.99999999999989009e-01 0.00000000000000000e+00 7.50000000000024314e-01 18 3.27736118146602635e+01
0 0 0 50 4.99999999999989009e-01 0.00000000000000000e+00 7.50000000000024314e-01 19 3.76441425110639187e+01
0 0 0 50 4.99999999999989009e-01 0.00000000000000000e+00 7.50000000000024314e-01 20 4.33774346543057092e+01
0 0 0 50 4.99999999999989009e-01 0.00000000000000000e+00 7.50000000000024314e-01 21 4.68552906732919965e+01
0 0 0 50 4.99999999999989009e-01 0.00000000000000000e+00 7.50000000000024314e-01 22 9.32336033724415927e+01
0 0 0 50 4.99999999999989009e-01 0.00000000000000000e+00 7.50000000000024314e-01 23 1.05504226539983762e+02
0 0 0 50 4.99999999999989009e-01 0.00000000000000000e+00 7.50000000000024314e-01 24 1.16121464812231139e+02
0 0 0 50 4.99999999999989009e-01 0.00000000000000000e+00 7.50000000000024314e-01 25 1.36199531300421228e+02
0 0 0 51 7.50000000000024203e-01 0.00000000000000000e+00 7.50000000000024203e-01 0 -4.49597478733595679e+00
0 0 0 51 7.50000000000024203e-01 0.00000000000000000e+00 7.50000000000024203e-01 1 2.87514926603853205e+00
0 0 0 51 7.50000000000024203e-01 0.00000000000000000e+00 7.50000000000024203e-01 2 4.54671193862823753e+00
0 0 0 51 7.50000000000024203e-01 0.00000000000000000e+00 7.50000000000024203e-01 3 4.54671193862826506e+00
0 0 0 51 7.50000000000024203e-01 0.00000000000000000e+00 7.50000000000024203e-01 4 7.79317461735664097e+00
0 0 0 51 7.50000000000024203e-01 0.00000000000000000e+00 7.50000000000024203e-01 5 1.04990338686111340e+01
0 0 0 51 7.50000000000024203e-01 0.00000000000000000e+00 7.50000000000024203e-01 6 1.23759252518943335e+01
0 0 0 51 7.50000000000024203e-01 0.00000000000000000e+00 7.50000000000024203e-01 7 1.23759252518943335e+01
0 0 0 51 7.50000000000024203e-01 0.00000000000000000e+00 7.50000000000024203e-01 8 1.53167335444534807e+01
0 0 0 51 7.50000000000024203e-01 0.00000000000000000e+00 7.50000000000024203e-01 9 1.63769258183246791e+01
0 0 0 51 7.50000000000024203e-01 0.00000000000000000e+00 7.50000000000024203e-01 10 2.11487617275332980e+01
0 0 0 51 7.50000000000024203e-01 0.00000000000000000e+00 7.50000000000024203e-01 11 2.19283964050911386e+01
0 0 0 51 7.50000000000024203e-01 0.00000000000000000e+00 7.50000000000024203e-01 12 2.19283964050911919e+01
0 0 0 51 7.50000000000024203e-01 0.00000000000000000e+00 7.50000000000024203e-01 13 2.58696378526804907e+01
0 0 0 51 7.50000000000024203e-01 0.00000000000000000e+00 7.50000000000024203e-01 14 2.78495385330310192e+01
0 0 0 51 7.50000000000024203e-01 0.00000000000000000e+00 7.50000000000024203e-01 15 2.93335133569814985e+01
0 0 0 51 7.50000000000024203e-01 0.00000000000000000e+00 7.50000000000024203e-01 16 3.17429024718695167e+01
0 0 0 51 7.50000000000024203e-01 0.00000000000000000e+00 7.50000000000024203e-01 17 3.17429024718695416e+01
0 0 0 51 7.50000000000024203e-01 0.00000000000000000e+00 7.50000000000024203e-01 18 3.44916883167834385e+01
0 0 0 51 7.50000000000024203e-01 0.00000000000000000e+00 7.50000000000024203e-01 19 4.50678226240395148e+01
0 0 0 51 7.50000000000024203e-01 0.00000000000000000e+00 7.50000000000024203e-01 20 4.50678226240400335e+01
0 0 0 51 7.50000000000024203e-01 0.00000000000000000e+00 7.50000000000024203e-01 21 5.88951776016263935e+01
0 0 0 51 7.50000000000024203e-01 0.00000000000000000e+00 7.50000000000024203e-01 22 7.89218830742308484e+01
0 0 0 51 7.50000000000024203e-01 0.00000000000000000e+00 7.50000000000024203e-01 23 1.12218916471532367e+02
0 0 0 51 7.50000000000024203e-01 0.00000000000000000e+00 7.50000000000024203e-01 24 1.36814293399775210e+02
0 0 0 51 7.50000000000024203e-01 0.00000000000000000e+00 7.50000000000024203e-01 25 1.36814293399784418e+02
0 0 0 52 0.00000000000000000e+00 2.49999999999953593e-01 7.50000000000024203e-01 0 -3.53849822179903395e+00
0 0 0 52 0.00000000000000000e+00 2.49999999999953593e-01 7.50000000000024203e-01 1 9.06912416253456422e-01
0 0 0 52 0.00000000000000000e+00 2.49999999999953593e-01 7.50000000000024203e-01 2 2.63481016961337255e+00
0 0 0 52 0.00000000000000000e+00 2.49999999999953593e-01 7.50000000000024203e-01 3 5.10631189803310725e+00
0 0 0 52 0.00000000000000000e+00 2.49999999999953593e-01 7.50000000000024203e-01 4 9.31446521881757938e+00
0 0 0 52 0.00000000000000000e+00 2.49999999999953593e-01 7.50000000000024203e-01 5 1.15339182333741750e+01
0 0 0 52 0.00000000000000000e+00 2.49999999999953593e-01 7.50000000000024203e-01 6 1.17936320762269755e+01
0 0 0 52 0.00000000000000000e+00 2.49999999999953593e-01 7.50000000000024203e-01 7 1.34999812379511077e+01
0 0 0 52 0.00000000000000000e+00 2.49999999999953593e-01 7.50000000000024203e-01 8 1.38959001860464486e+01
0 0 0 52 0.00000000000000000e+00 2.49999999999953593e-01 7.50000000000024203e-01 9 1.68432294336173776e+01
0 0 0 52 0.00000000000000000e+00 2.49999999999953593e-01 7.50000000000024203e-01 10 2.06946810568215369e+01
0 0 0 52 0.00000000000000000e+00 2.49999999999953593e-01 7.50000000000024203e-01 11 2.38403022107182530e+01
0 0 0 52 0.00000000000000000e+00 2.49999999999953593e-01 7.50000000000024203e-01 12 2.44987015119193430e+01
0 0 0 52 0.00000000000000000e+00 2.49999999999953593e-01 7.50000000000024203e-01 13 2.46800115643746771e+01
0 0 0 52 0.00000000000000000e+00 2.49999999999953593e-01 7.50000000000024203e-01 14 2.70695029269523566e+01
0 0 0 52 0.00000000000000000e+00 2.49999999999953593e-01 7.50000000000024203e-01 15 2.78549641062829529e+01
0 0 0 52 0.00000000000000000e+00 2.49999999999953593e-01 7.50000000000024203e-01 16 2.88872227542143527e+01
0 0 0 52 0.00000000000000000e+00 2.49999999999953593e-01 7.50000000000024203e-01 17 3.04843827400970291e+01
0 0 0 52 0.00000000000000000e+00 2.49999999999953593e-01 7.50000000000024203e-01 18 3.43518934060827377e+01
0 0 0 52 0.00000000000000000e+00 2.49999999999953593e-01 7.50000000000024203e-01 19 3.94879822757697383e+01
0 0 0 52 0.00000000000000000e+00 2.49999999999953593e-01 7.50000000000024203e-01 20 4.71775968599758286e+01
0 0 0 52 0.00000000000000000e+00 2.49999999999953593e-01 7.50000000000024203e-01 21 5.52283881451051784e+01
0 0 0 52 0.00000000000000000e+00 2.49999999999953593e-01 7.50000000000024203e-01 22 8.56233368278724640e+01
0 0 0 52 0.00000000000000000e+00 2.49999999999953593e-01 7.50000000000024203e-01 23 9.58635499918174219e+01
0 0 0 52 0.00000000000000000e+00 2.49999999999953593e-01 7.50000000000024203e-01 24 1.14131336134516886e+02
0 0 0 52 0.00000000000000000e+00 2.49999999999953593e-01 7.50000000000024203e-01 25 1.39318863909780816e+02
0 0 0 53 2.49999999999953648e-01 2.49999999999953648e-01 7.49999999999942601e-01 0 -2.86108298751102108e+00
0 0 0 53 2.49999999999953648e-01 2.49999999999953648e-01 7.49999999999942601e-01 1 -2.79955835262059001e-03
0 0 0 53 2.49999999999953648e-01 2.49999999999953648e-01 7.49999999999942601e-01 2 2.85933300989000250e+00
0 0 0 53 2.49999999999953648e-01 2.49999999999953648e-01 7.49999999999942601e-01 3 4.23356880700233074e+00
0 0 0 53 2.49999999999953648e-01 2.49999999999953648e-01 7.49999999999942601e-01 4 8.36364216523255877e+00
0 0 0 53 2.49999999999953648e-01 2.49999999999953648e-01 7.49999999999942601e-01 5 1.14632162321868361e+01
0 0 0 53 2.49999999999953648e-01 2.49999999999953648e-01 7.49999999999942601e-01 6 1.25468587478206430e+01
0 0 0 53 2.49999999999953648e-01 2.49999999999953648e-01 7.49999999999942601e-01 7 1.28108031340239545e+01
0 0 0 53 2.49999999999953648e-01 2.49999999999953648e-01 7.49999999999942601e-01 8 1.75445330210377826e+01
0 0 0 53 2.49999999999953648e-01 2.49999999999953648e-01 7.49999999999942601e-01 9 1.80492900217465539e+01
0 0 0 53 2.49999999999953648e-01 2.49999999999953648e-01 7.49999999999942601e-01 10 2.01047047207394556e+01
0 0 0 53 2.49999999999953648e-01 2.49999999999953648e-01 7.49999999999942601e-01 11 2.01288468711112145e+01
0 0 0 53 2.49999999999953648e-01 2.49999999999953648e-01 7.49999999999942601e-01 12 2.55320667436287394e+01
0 0 0 53 2.49999999999953648e-01 2.49999999999953648e-01 7.49999999999942601e-01 13 2.59329681914184889e+01
0 0 0 53 2.49999999999953648e-01 2.49999999999953648e-01 7.49999999999942601e-01 14 2.65085959070952057e+01
0 0 0 53 2.49999999999953648e-01 2.49999999999953648e-01 7.49999999999942601e-01 15 2.74187853669978310e+01
0 0 0 53 2.49999999999953648e-01 2.49999999999953648e-01 7.49999999999942601e-01 16 2.92604216723642097e+01
0 0 0 53 2.49999999999953648e-01 2.49999999999953648e-01 7.49999999999942601e-01 17 3.15710443818281163e+01
0 0 0 53 2.49999999999953648e-01 2.49999999999953648e-01 7.49999999999942601e-01 18 3.27736118146601356e+01
0 0 0 53 2.49999999999953648e-01 2.49999999999953648e-01 7.49999999999942601e-01 19 3.76441425110640822e+01
0 0 0 53 2.49999999999953648e-01 2.49999999999953648e-01 7.49999999999942601e-01 20 4.33774346543055671e+01
0 0 0 53 2.49999999999953648e-01 2.49999999999953648e-01 7.49999999999942601e-01 21 4.68552906732921031e+01
0 0 0 53 2.49999999999953648e-01 2.49999999999953648e-01 7.49999999999942601e-01 22 9.32336033724415501e+01
0 0 0 53 2.49999999999953648e-01 2.49999999999953648e-01 7.49999999999942601e-01 23 1.05504226539983122e+02
0 0 0 53 2.49999999999953648e-01 2.49999999999953648e-01 7.49999999999942601e-01 24 1.16121464812236653e+02
0 0 0 53 2.49999999999953648e-01 2.49999999999953648e-01 7.49999999999942601e-01 25 1.36199531300413298e+02
0 0 0 54 4.99999999999988898e-01 2.50000000000035305e-01 7.50000000000024203e-01 0 -1.26812156012933008e+00
0 0 0 54 4.99999999999988898e-01 2.50000000000035305e-01 7.50000000000024203e-01 1 -1.26812014093801162e+00
0 0 0 54 4.99999999999988898e-01 2.50000000000035305e-01 7.50000000000024203e-01 2 2.53792612796414607e+00
0 0 0 54 4.99999999999988898e-01 2.50000000000035305e-01 7.50000000000024203e-01 3 2.53792615976636515e+00
0 0 0 54 4.99999999999988898e-01 2.50000000000035305e-01 7.50000000000024203e-01 4 1.11095175194422318e+01
0 0 0 54 4.99999999999988898e-01 2.50000000000035305e-01 7.50000000000024203e-01 5 1.11095203008825383e+01
0 0 0 54 4.99999999999988898e-01 2.50000000000035305e-01 7.50000000000024203e-01 6 1.20219765188462748e+01
0 0 0 54 4.99999999999988898e-01 2.50000000000035305e-01 7.50000000000024203e-01 7 1.20219771588670312e+01
0 0 0 54 4.99999999999988898e-01 2.50000000000035305e-01 7.50000000000024203e-01 8 1.74329907323669850e+01
0 0 0 54 4.99999999999988898e-01 2.50000000000035305e-01 7.50000000000024203e-01 9 1.74329909751490675e+01
0 0 0 54 4.99999999999988898e-01 2.50000000000035305e-01 7.50000000000024203e-01 10 2.12236709967332793e+01
0 0 0 54 4.99999999999988898e-01 2.50000000000035305e-01 7.50000000000024203e-01 11 2.12236717860890103e+01
0 0 0 54 4.99999999999988898e-01 2.50000000000035305e-01 7.50000000000024203e-01 12 2.63449709131002834e+01
0 0 0 54 4.99999999999988898e-01 2.50000000000035305e-01 7.50000000000024203e-01 13 2.63449739569916090e+01
0 0 0 54 4.99999999999988898e-01 2.50000000000035305e-01 7.50000000000024203e-01 14 2.73527362429684651e+01
0 0 0 54 4.99999999999988898e-01 2.50000000000035305e-01 7.50000000000024203e-01 15 2.73527515475288112e+01
0 0 0 54 4.99999999999988898e-01 2.50000000000035305e-01 7.50000000000024203e-01 16 2.74414776340300222e+01
0 0 0 54 4.99999999999988898e-01 2.50000000000035305e-01 7.50000000000024203e-01 17 2.74414815584045044e+01
0 0 0 54 4.99999999999988898e-01 2.50000000000035305e-01 7.50000000000024203e-01 18 3.42114854151753818e+01
0 0 0 54 4.99999999999988898e-01 2.50000000000035305e-01 7.50000000000024203e-01 19 3.42114873024102195e+01
0 0 0 54 4.99999999999988898e-01 2.50000000000035305e-01 7.50000000000024203e-01 20 4.57617919785978842e+01
0 0 0 54 4.99999999999988898e-01 2.50000000000035305e-01 7.50000000000024203e-01 21 4.57618275999322819e+01
0 0 0 54 4.99999999999988898e-01 2.50000000000035305e-01 7.50000000000024203e-01 22 1.18714092293167511e+02
0 0 0 54 4.99999999999988898e-01 2.50000000000035305e-01 7.50000000000024203e-01 23 1.18714332331639682e+02
0 0 0 54 4.99999999999988898e-01 2.50000000000035305e-01 7.50000000000024203e-01 24 1.25069972555096015e+02
0 0 0 54 4.99999999999988898e-01 2.50000000000035305e-01 7.50000000000024203e-01 25 1.25070116979697829e+02
0 0 0 55 7.50000000000024314e-01 2.50000000000035305e-01 7.50000000000024314e-01 0 -2.86108298751102108e+00
0 0 0 55 7.50000000000024314e-01 2.50000000000035305e-01 7.50000000000024314e-01 1 -2.79955835259337827e-03
0 0 0 55 7.50000000000024314e-01 2.50000000000035305e-01 7.50000000000024314e-01 2 2.85933300988994787e+00
0 0 0 55 7.50000000000024314e-01 2.50000000000035305e-01 7.50000000000024314e-01 3 4.23356880700235738e+00
0 0 0 55 7.50000000000024314e-01 2.50000000000035305e-01 7.50000000000024314e-01 4 8.36364216523253212e+00
0 0 0 55 7.50000000000024314e-01 2.50000000000035305e-01 7.50000000000024314e-01 5 1.14632162321868645e+01
0 0 0 55 7.50000000000024314e-01 2.50000000000035305e-01 7.50000000000024314e-01 6 1.25468587478206430e+01
0 0 0 55 7.50000000000024314e-01 2.50000000000035305e-01 7.50000000000024314e-01 7 1.28108031340239545e+01
0 0 0 55 7.50000000000024314e-01 2.50000000000035305e-01 7.50000000000024314e-01 8 1.75445330210377541e+01
0 0 0 55 7.50000000000024314e-01 2.50000000000035305e-01 7.50000000000024314e-01 9 1.80492900217465007e+01
0 0 0 55 7.50000000000024314e-01 2.50000000000035305e-01 7.50000000000024314e-01 10 2.01047047207393739e+01
0 0 0 55 7.50000000000024314e-01 2.50000000000035305e-01 7.50000000000024314e-01 11 2.01288468711111612e+01
0 0 0 55 7.50000000000024314e-01 2.50000000000035305e-01 7.50000000000024314e-01 12 2.55320667436287394e+01
0 0 0 55 7.50000000000024314e-01 2.50000000000035305e-01 7.50000000000024314e-01 13 2.59329681914184356e+01
0 0 0 55 7.50000000000024314e-01 2.50000000000035305e-01 7.50000000000024314e-01 14 2.65085959070952590e+01
0 0 0 55 7.50000000000024314e-01 2.50000000000035305e-01 7.50000000000024314e-01 15 2.74187853669977777e+01
0 0 0 55 7.50000000000024314e-01 2.50000000000035305e-01 7.50000000000024314e-01 16 2.92604216723642097e+01
0 0 0 55 7.50000000000024314e-01 2.50000000000035305e-01 7.50000000000024314e-01 17 3.15710443818281163e+01
0 0 0 55 7.50000000000024314e-01 2.50000000000035305e-01 7.50000000000024314e-01 18 3.27736118146602422e+01
0 0 0 55 7.50000000000024314e-01 2.50000000000035305e-01 7.50000000000024314e-01 19 3.76441425110639685e+01
0 0 0 55 7.50000000000024314e-01 2.50000000000035305e-01 7.50000000000024314e-01 20 4.33774346543059508e+01
0 0 0 55 7.50000000000024314e-01 2.50000000000035305e-01 7.50000000000024314e-01 21 4.68552906732918331e+01
0 0 0 55 7.50000000000024314e-01 2.50000000000035305e-01 7.50000000000024314e-01 22 9.32336033724408111e+01
0 0 0 55 7.50000000000024314e-01 2.50000000000035305e-01 7.50000000000024314e-01 23 1.05504226539983406e+02
0 0 0 55 7.50000000000024314e-01 2.50000000000035305e-01 7.50000000000024314e-01 24 1.16121464812236027e+02
0 0 0 55 7.50000000000024314e-01 2.50000000000035305e-01 7.50000000000024314e-01 25 1.36199531300412389e+02
0 0 0 56 0.00000000000000000e+00 4.99999999999989009e-01 7.50000000000024314e-01 0 -2.86108298751099399e+00
0 0 0 56 0.00000000000000000e+00 4.99999999999989009e-01 7.50000000000024314e-01 1 -2.79955835256616697e-03
0 0 0 56 0.00000000000000000e+00 4.99999999999989009e-01 7.50000000000024314e-01 2 2.85933300988997496e+00
0 0 0 56 0.00000000000000000e+00 4.99999999999989009e-01 7.50000000000024314e-01 3 4.23356880700235738e+00
0 0 0 56 0.00000000000000000e+00 4.99999999999989009e-01 7.50000000000024314e-01 4 8.36364216523247705e+00
0 0 0 56 0.00000000000000000e+00 4.99999999999989009e-01 7.50000000000024314e-01 5 1.14632162321868645e+01
0 0 0 56 0.00000000000000000e+00 4.99999999999989009e-01 7.50000000000024314e-01 6 1.25468587478207247e+01
0 0 0 56 0.00000000000000000e+00 4.99999999999989009e-01 7.50000000000024314e-01 7 1.28108031340239545e+01
0 0 0 56 0.00000000000000000e+00 4.99999999999989009e-01 7.50000000000024314e-01 8 1.75445330210377257e+01
0 0 0 56 0.00000000000000000e+00 4.99999999999989009e-01 7.50000000000024314e-01 9 1.80492900217465539e+01
0 0 0 56 0.00000000000000000e+00 4.99999999999989009e-01 7.50000000000024314e-01 10 2.01047047207393454e+01
0 0 0 56 0.00000000000000000e+00 4.99999999999989009e-01 7.50000000000024314e-01 11 2.01288468711111896e+01
0 0 0 56 0.00000000000000000e+00 4.99999999999989009e-01 7.50000000000024314e-01 12 2.55320667436287145e+01
0 0 0 56 0.00000000000000000e+00 4.99999999999989009e-01 7.50000000000024314e-01 13 2.59329681914184071e+01
0 0 0 56 0.00000000000000000e+00 4.99999999999989009e-01 7.50000000000024314e-01 14 2.65085959070952342e+01
0 0 0 56 0.00000000000000000e+00 4.99999999999989009e-01 7.50000000000024314e-01 15 2.74187853669978878e+01
0 0 0 56 0.00000000000000000e+00 4.99999999999989009e-01 7.50000000000024314e-01 16 2.92604216723641031e+01
0 0 0 56 0.00000000000000000e+00 4.99999999999989009e-01 7.50000000000024314e-01 17 3.15710443818282549e+01
0 0 0 56 0.00000000000000000e+00 4.99999999999989009e-01 7.50000000000024314e-01 18 3.27736118146601569e+01
0 0 0 56 0.00000000000000000e+00 4.99999999999989009e-01 7.50000000000024314e-01 19 3.76441425110639472e+01
0 0 0 56 0.00000000000000000e+00 4.99999999999989009e-01 7.50000000000024314e-01 20 4.33774346543056737e+01
0 0 0 56 0.00000000000000000e+00 4.99999999999989009e-01 7.50000000000024314e-01 21 4.68552906732922096e+01
0 0 0 56 0.00000000000000000e+00 4.99999999999989009e-01 7.50000000000024314e-01 22 9.32336033724402000e+01
0 0 0 56 0.00000000000000000e+00 4.99999999999989009e-01 7.50000000000024314e-01 23 1.05504226539982838e+02
0 0 0 56 0.00000000000000000e+00 4.99999999999989009e-01 7.50000000000024314e-01 24 1.16121464812232162e+02
0 0 0 56 0.00000000000000000e+00 4.99999999999989009e-01 7.50000000000024314e-01 25 1.36199531300411138e+02
0 0 0 57 2.50000000000035305e-01 4.99999999999988898e-01 7.50000000000024203e-01 0 -1.26812156012930299e+00
0 0 0 57 2.50000000000035305e-01 4.99999999999988898e-01 7.50000000000024203e-01 1 -1.26812014093801162e+00
0 0 0 57 2.50000000000035305e-01 4.99999999999988898e-01 7.50000000000024203e-01 2 2.53792612796411898e+00
0 0 0 57 2.50000000000035305e-01 4.99999999999988898e-01 7.50000000000024203e-01 3 2.53792615976636515e+00
0 0 0 57 2.50000000000035305e-01 4.99999999999988898e-01 7.50000000000024203e-01 4 1.11095175194422318e+01
0 0 0 57 2.50000000000035305e-01 4.99999999999988898e-01 7.50000000000024203e-01 5 1.11095203008824832e+01
0 0 0 57 2.50000000000035305e-01 4.99999999999988898e-01 7.50000000000024203e-01 6 1.20219765188462748e+01
0 0 0 57 2.50000000000035305e-01 4.99999999999988898e-01 7.50000000000024203e-01 7 1.20219771588670046e+01
0 0 0 57 2.50000000000035305e-01 4.99999999999988898e-01 7.50000000000024203e-01 8 1.74329907323669318e+01
0 0 0 57 2.50000000000035305e-01 4.99999999999988898e-01 7.50000000000024203e-01 9 1.74329909751490959e+01
0 0 0 57 2.50000000000035305e-01 4.99999999999988898e-01 7.50000000000024203e-01 10 2.12236709967332793e+01
0 0 0 57 2.50000000000035305e-01 4.99999999999988898e-01 7.50000000000024203e-01 11 2.12236717860890103e+01
0 0 0 57 2.50000000000035305e-01 4.99999999999988898e-01 7.50000000000024203e-01 12 2.63449709131003367e+01
0 0 0 57 2.50000000000035305e-01 4.99999999999988898e-01 7.50000000000024203e-01 13 2.63449739569915558e+01
0 0 0 57 2.50000000000035305e-01 4.99999999999988898e-01 7.50000000000024203e-01 14 2.73527362429683834e+01
0 0 0 57 2.50000000000035305e-01 4.99999999999988898e-01 7.50000000000024203e-01 15 2.73527515475288681e+01
0 0 0 57 2.50000000000035305e-01 4.99999999999988898e-01 7.50000000000024203e-01 16 2.74414776340299689e+01
0 0 0 57 2.50000000000035305e-01 4.99999999999988898e-01 7.50000000000024203e-01 17 2.74414815584046643e+01
0 0 0 57 2.50000000000035305e-01 4.99999999999988898e-01 7.50000000000024203e-01 18 3.42114854151755239e+01
0 0 0 57 2.50000000000035305e-01 4.99999999999988898e-01 7.50000000000024203e-01 19 3.42114873024100277e+01
0 0 0 57 2.50000000000035305e-01 4.99999999999988898e-01 7.50000000000024203e-01 20 4.57617919785977207e+01
0 0 0 57 2.50000000000035305e-01 4.99999999999988898e-01 7.50000000000024203e-01 21 4.57618275999323885e+01
0 0 0 57 2.50000000000035305e-01 4.99999999999988898e-01 7.50000000000024203e-01 22 1.18714092293157847e+02
0 0 0 57 2.50000000000035305e-01 4.99999999999988898e-01 7.50000000000024203e-01 23 1.18714332331638232e+02
0 0 0 57 2.50000000000035305e-01 4.99999999999988898e-01 7.50000000000024203e-01 24 1.25069972555094324e+02
0 0 0 57 2.50000000000035305e-01 4.99999999999988898e-01 7.50000000000024203e-01 25 1.25070116979698355e+02
0 0 0 58 4.99999999999988953e-01 4.99999999999988953e-01 7.49999999999942601e-01 0 -2.86108298751099399e+00
0 0 0 58 4.99999999999988953e-01 4.99999999999988953e-01 7.49999999999942601e-01 1 -2.79955835259337827e-03
0 0 0 58 4.99999999999988953e-01 4.99999999999988953e-01 7.49999999999942601e-01 2 2.85933300988994787e+00
0 0 0 58 4.99999999999988953e-01 4.99999999999988953e-01 7.49999999999942601e-01 3 4.23356880700235738e+00
0 0 0 58 4.99999999999988953e-01 4.99999999999988953e-01 7.49999999999942601e-01 4 8.36364216523255877e+00
0 0 0 58 4.99999999999988953e-01 4.99999999999988953e-01 7.49999999999942601e-01 5 1.14632162321868361e+01
0 0 0 58 4.99999999999988953e-01 4.99999999999988953e-01 7.49999999999942601e-01 6 1.25468587478207532e+01
0 0 0 58 4.99999999999988953e-01 4.99999999999988953e-01 7.49999999999942601e-01 7 1.28108031340239013e+01
0 0 0 58 4.99999999999988953e-01 4.99999999999988953e-01 7.49999999999942601e-01 8 1.75445330210377257e+01
0 0 0 58 4.99999999999988953e-01 4.99999999999988953e-01 7.49999999999942601e-01 9 1.80492900217465539e+01
0 0 0 58 4.99999999999988953e-01 4.99999999999988953e-01 7.49999999999942601e-01 10 2.01047047207394556e+01
0 0 0 58 4.99999999999988953e-01 4.99999999999988953e-01 7.49999999999942601e-01 11 2.01288468711112145e+01
0 0 0 58 4.99999999999988953e-01 4.99999999999988953e-01 7.49999999999942601e-01 12 2.55320667436287145e+01
0 0 0 58 4.99999999999988953e-01 4.99999999999988953e-01 7.49999999999942601e-01 13 2.59329681914184889e+01
0 0 0 58 4.99999999999988953e-01 4.99999999999988953e-01 7.49999999999942601e-01 14 2.65085959070952057e+01
0 0 0 58 4.99999999999988953e-01 4.99999999999988953e-01 7.49999999999942601e-01 15 2.74187853669978026e+01
0 0 0 58 4.99999999999988953e-01 4.99999999999988953e-01 7.49999999999942601e-01 16 2.92604216723642097e+01
0 0 0 58 4.99999999999988953e-01 4.99999999999988953e-01 7.49999999999942601e-01 17 3.15710443818282016e+01
0 0 0 58 4.99999999999988953e-01 4.99999999999988953e-01 7.49999999999942601e-01 18 3.27736118146602138e+01
0 0 0 58 4.99999999999988953e-01 4.99999999999988953e-01 7.49999999999942601e-01 19 3.76441425110640822e+01
0 0 0 58 4.99999999999988953e-01 4.99999999999988953e-01 7.49999999999942601e-01 20 4.33774346543053824e+01
0 0 0 58 4.99999999999988953e-01 4.99999999999988953e-01 7.49999999999942601e-01 21 4.68552906732921883e+01
0 0 0 58 4.99999999999988953e-01 4.99999999999988953e-01 7.49999999999942601e-01 22 9.32336033724439659e+01
0 0 0 58 4.99999999999988953e-01 4.99999999999988953e-01 7.49999999999942601e-01 23 1.05504226539983080e+02
0 0 0 58 4.99999999999988953e-01 4.99999999999988953e-01 7.49999999999942601e-01 24 1.16121464812227686e+02
0 0 0 58 4.99999999999988953e-01 4.99999999999988953e-01 7.49999999999942601e-01 25 1.36199531300420631e+02
0 0 0 59 7.50000000000024203e-01 5.00000000000070610e-01 7.50000000000024203e-01 0 -3.53849822179903395e+00
0 0 0 59 7.50000000000024203e-01 5.00000000000070610e-01 7.50000000000024203e-01 1 9.06912416253456422e-01
0 0 0 59 7.50000000000024203e-01 5.00000000000070610e-01 7.50000000000024203e-01 2 2.63481016961337255e+00
0 0 0 59 7.50000000000024203e-01 5.00000000000070610e-01 7.50000000000024203e-01 3 5.10631189803313479e+00
0 0 0 59 7.50000000000024203e-01 5.00000000000070610e-01 7.50000000000024203e-01 4 9.31446521881763445e+00
0 0 0 59 7.50000000000024203e-01 5.00000000000070610e-01 7.50000000000024203e-01 5 1.15339182333742016e+01
0 0 0 59 7.50000000000024203e-01 5.00000000000070610e-01 7.50000000000024203e-01 6 1.17936320762269204e+01
0 0 0 59 7.50000000000024203e-01 5.00000000000070610e-01 7.50000000000024203e-01 7 1.34999812379510811e+01
0 0 0 59 7.50000000000024203e-01 5.00000000000070610e-01 7.50000000000024203e-01 8 1.38959001860464753e+01
0 0 0 59 7.50000000000024203e-01 5.00000000000070610e-01 7.50000000000024203e-01 9 1.68432294336173776e+01
0 0 0 59 7.50000000000024203e-01 5.00000000000070610e-01 7.50000000000024203e-01 10 2.06946810568215369e+01
0 0 0 59 7.50000000000024203e-01 5.00000000000070610e-01 7.50000000000024203e-01 11 2.38403022107183631e+01
0 0 0 59 7.50000000000024203e-01 5.00000000000070610e-01 7.50000000000024203e-01 12 2.44987015119193430e+01
0 0 0 59 7.50000000000024203e-01 5.00000000000070610e-01 7.50000000000024203e-01 13 2.46800115643747588e+01
0 0 0 59 7.50000000000024203e-01 5.00000000000070610e-01 7.50000000000024203e-01 14 2.70695029269524134e+01
0 0 0 59 7.50000000000024203e-01 5.00000000000070610e-01 7.50000000000024203e-01 15 2.78549641062828996e+01
0 0 0 59 7.50000000000024203e-01 5.00000000000070610e-01 7.50000000000024203e-01 16 2.88872227542143527e+01
0 0 0 59 7.50000000000024203e-01 5.00000000000070610e-01 7.50000000000024203e-01 17 3.04843827400970540e+01
0 0 0 59 7.50000000000024203e-01 5.00000000000070610e-01 7.50000000000024203e-01 18 3.43518934060828798e+01
0 0 0 59 7.50000000000024203e-01 5.00000000000070610e-01 7.50000000000024203e-01 19 3.94879822757697099e+01
0 0 0 59 7.50000000000024203e-01 5.00000000000070610e-01 7.50000000000024203e-01 20 4.71775968599756368e+01
0 0 0 59 7.50000000000024203e-01 5.00000000000070610e-01 7.50000000000024203e-01 21 5.52283881451062655e+01
0 0 0 59 7.50000000000024203e-01 5.00000000000070610e-01 7.50000000000024203e-01 22 8.56233368278732740e+01
0 0 0 59 7.50000000000024203e-01 5.00000000000070610e-01 7.50000000000024203e-01 23 9.58635499918105580e+01
0 0 0 59 7.50000000000024203e-01 5.00000000000070610e-01 7.50000000000024203e-01 24 1.14131336134509311e+02
0 0 0 59 7.50000000000024203e-01 5.00000000000070610e-01 7.50000000000024203e-01 25 1.39318863909792867e+02
0 0 0 60 0.00000000000000000e+00 7.50000000000024203e-01 7.50000000000024203e-01 0 -4.49597478733595679e+00
0 0 0 60 0.00000000000000000e+00 7.50000000000024203e-01 7.50000000000024203e-01 1 2.87514926603858667e+00
0 0 0 60 0.00000000000000000e+00 7.50000000000024203e-01 7.50000000000024203e-01 2 4.54671193862818335e+00
0 0 0 60 0.00000000000000000e+00 7.50000000000024203e-01 7.50000000000024203e-01 3 4.54671193862823753e+00
0 0 0 60 0.00000000000000000e+00 7.50000000000024203e-01 7.50000000000024203e-01 4 7.79317461735661343e+00
0 0 0 60 0.00000000000000000e+00 7.50000000000024203e-01 7.50000000000024203e-01 5 1.04990338686111073e+01
0 0 0 60 0.00000000000000000e+00 7.50000000000024203e-01 7.50000000000024203e-01 6 1.23759252518943050e+01
0 0 0 60 0.00000000000000000e+00 7.50000000000024203e-01 7.50000000000024203e-01 7 1.23759252518943335e+01
0 0 0 60 0.00000000000000000e+00 7.50000000000024203e-01 7.50000000000024203e-01 8 1.53167335444535091e+01
0 0 0 60 0.00000000000000000e+00 7.50000000000024203e-01 7.50000000000024203e-01 9 1.63769258183246542e+01
0 0 0 60 0.00000000000000000e+00 7.50000000000024203e-01 7.50000000000024203e-01 10 2.11487617275333513e+01
0 0 0 60 0.00000000000000000e+00 7.50000000000024203e-01 7.50000000000024203e-01 11 2.19283964050911102e+01
0 0 0 60 0.00000000000000000e+00 7.50000000000024203e-01 7.50000000000024203e-01 12 2.19283964050911386e+01
0 0 0 60 0.00000000000000000e+00 7.50000000000024203e-01 7.50000000000024203e-01 13 2.58696378526806257e+01
0 0 0 60 0.00000000000000000e+00 7.50000000000024203e-01 7.50000000000024203e-01 14 2.78495385330309908e+01
0 0 0 60 0.00000000000000000e+00 7.50000000000024203e-01 7.50000000000024203e-01 15 2.93335133569815198e+01
0 0 0 60 0.00000000000000000e+00 7.50000000000024203e-01 7.50000000000024203e-01 16 3.17429024718693782e+01
0 0 0 60 0.00000000000000000e+00 7.50000000000024203e-01 7.50000000000024203e-01 17 3.17429024718695416e+01
0 0 0 60 0.00000000000000000e+00 7.50000000000024203e-01 7.50000000000024203e-01 18 3.44916883167836374e+01
0 0 0 60 0.00000000000000000e+00 7.50000000000024203e-01 7.50000000000024203e-01 19 4.50678226240390742e+01
0 0 0 60 0.00000000000000000e+00 7.50000000000024203e-01 7.50000000000024203e-01 20 4.50678226240397564e+01
0 0 0 60 0.00000000000000000e+00 7.50000000000024203e-01 7.50000000000024203e-01 21 5.88951776016273456e+01
0 0 0 60 0.00000000000000000e+00 7.50000000000024203e-01 7.50000000000024203e-01 22 7.89218830742328663e+01
0 0 0 60 0.00000000000000000e+00 7.50000000000024203e-01 7.50000000000024203e-01 23 1.12218916471526896e+02
0 0 0 60 0.00000000000000000e+00 7.50000000000024203e-01 7.50000000000024203e-01 24 1.36814293399771088e+02
0 0 0 60 0.00000000000000000e+00 7.50000000000024203e-01 7.50000000000024203e-01 25 1.36814293399777824e+02
0 0 0 61 2.50000000000035305e-01 7.50000000000024314e-01 7.50000000000024314e-01 0 -2.86108298751099399e+00
0 0 0 61 2.50000000000035305e-01 7.50000000000024314e-01 7.50000000000024314e-01 1 -2.79955835259337827e-03
0 0 0 61 2.50000000000035305e-01 7.50000000000024314e-01 7.50000000000024314e-01 2 2.85933300988994787e+00
0 0 0 61 2.50000000000035305e-01 7.50000000000024314e-01 7.50000000000024314e-01 3 4.23356880700233074e+00
0 0 0 61 2.50000000000035305e-01 7.50000000000024314e-01 7.50000000000024314e-01 4 8.36364216523250548e+00
0 0 0 61 2.50000000000035305e-01 7.50000000000024314e-01 7.50000000000024314e-01 5 1.14632162321868361e+01
0 0 0 61 2.50000000000035305e-01 7.50000000000024314e-01 7.50000000000024314e-01 6 1.25468587478206164e+01
0 0 0 61 2.50000000000035305e-01 7.50000000000024314e-01 7.50000000000024314e-01 7 1.28108031340239279e+01
0 0 0 61 2.50000000000035305e-01 7.50000000000024314e-01 7.50000000000024314e-01 8 1.75445330210377826e+01
0 0 0 61 2.50000000000035305e-01 7.50000000000024314e-01 7.50000000000024314e-01 9 1.80492900217465007e+01
0 0 0 61 2.50000000000035305e-01 7.50000000000024314e-01 7.50000000000024314e-01 10 2.01047047207394272e+01
0 0 0 61 2.50000000000035305e-01 7.50000000000024314e-01 7.50000000000024314e-01 11 2.01288468711111612e+01
0 0 0 61 2.50000000000035305e-01 7.50000000000024314e-01 7.50000000000024314e-01 12 2.55320667436287145e+01
0 0 0 61 2.50000000000035305e-01 7.50000000000024314e-01 7.50000000000024314e-01 13 2.59329681914184640e+01
0 0 0 61 2.50000000000035305e-01 7.50000000000024314e-01 7.50000000000024314e-01 14 2.65085959070952057e+01
0 0 0 61 2.50000000000035305e-01 7.50000000000024314e-01 7.50000000000024314e-01 15 2.74187853669978310e+01
0 0 0 61 2.50000000000035305e-01 7.50000000000024314e-01 7.50000000000024314e-01 16 2.92604216723641812e+01
0 0 0 61 2.50000000000035305e-01 7.50000000000024314e-01 7.50000000000024314e-01 17 3.15710443818282016e+01
0 0 0 61 2.50000000000035305e-01 7.50000000000024314e-01 7.50000000000024314e-01 18 3.27736118146600788e+01
0 0 0 61 2.50000000000035305e-01 7.50000000000024314e-01 7.50000000000024314e-01 19 3.76441425110641603e+01
0 0 0 61 2.50000000000035305e-01 7.50000000000024314e-01 7.50000000000024314e-01 20 4.33774346543057092e+01
0 0 0 61 2.50000000000035305e-01 7.50000000000024314e-01 7.50000000000024314e-01 21 4.68552906732918331e+01
0 0 0 61 2.50000000000035305e-01 7.50000000000024314e-01 7.50000000000024314e-01 22 9.32336033724396316e+01
0 0 0 61 2.50000000000035305e-01 7.50000000000024314e-01 7.50000000000024314e-01 23 1.05504226539983108e+02
0 0 0 61 2.50000000000035305e-01 7.50000000000024314e-01 7.50000000000024314e-01 24 1.16121464812230855e+02
0 0 0 61 2.50000000000035305e-01 7.50000000000024314e-01 7.50000000000024314e-01 25 1.36199531300411223e+02
0 0 0 62 5.00000000000070610e-01 7.50000000000024203e-01 7.50000000000024203e-01 0 -3.53849822179903395e+00
0 0 0 62 5.00000000000070610e-01 7.50000000000024203e-01 7.50000000000024203e-01 1 9.06912416253456422e-01
0 0 0 62 5.00000000000070610e-01 7.50000000000024203e-01 7.50000000000024203e-01 2 2.63481016961339964e+00
0 0 0 62 5.00000000000070610e-01 7.50000000000024203e-01 7.50000000000024203e-01 3 5.10631189803305219e+00
0 0 0 62 5.00000000000070610e-01 7.50000000000024203e-01 7.50000000000024203e-01 4 9.31446521881763445e+00
0 0 0 62 5.00000000000070610e-01 7.50000000000024203e-01 7.50000000000024203e-01 5 1.15339182333741750e+01
0 0 0 62 5.00000000000070610e-01 7.50000000000024203e-01 7.50000000000024203e-01 6 1.17936320762269471e+01
0 0 0 62 5.00000000000070610e-01 7.50000000000024203e-01 7.50000000000024203e-01 7 1.34999812379511077e+01
0 0 0 62 5.00000000000070610e-01 7.50000000000024203e-01 7.50000000000024203e-01 8 1.38959001860464486e+01
0 0 0 62 5.00000000000070610e-01 7.50000000000024203e-01 7.50000000000024203e-01 9 1.68432294336173527e+01
0 0 0 62 5.00000000000070610e-01 7.50000000000024203e-01 7.50000000000024203e-01 10 2.06946810568215938e+01
0 0 0 62 5.00000000000070610e-01 7.50000000000024203e-01 7.50000000000024203e-01 11 2.38403022107183347e+01
0 0 0 62 5.00000000000070610e-01 7.50000000000024203e-01 7.50000000000024203e-01 12 2.44987015119193430e+01
0 0 0 62 5.00000000000070610e-01 7.50000000000024203e-01 7.50000000000024203e-01 13 2.46800115643747056e+01
0 0 0 62 5.00000000000070610e-01 7.50000000000024203e-01 7.50000000000024203e-01 14 2.70695029269523850e+01
0 0 0 62 5.00000000000070610e-01 7.50000000000024203e-01 7.50000000000024203e-01 15 2.78549641062829529e+01
0 0 0 62 5.00000000000070610e-01 7.50000000000024203e-01 7.50000000000024203e-01 16 2.88872227542144095e+01
0 0 0 62 5.00000000000070610e-01 7.50000000000024203e-01 7.50000000000024203e-01 17 3.04843827400970859e+01
0 0 0 62 5.00000000000070610e-01 7.50000000000024203e-01 7.50000000000024203e-01 18 3.43518934060827164e+01
0 0 0 62 5.00000000000070610e-01 7.50000000000024203e-01 7.50000000000024203e-01 19 3.94879822757698733e+01
0 0 0 62 5.00000000000070610e-01 7.50000000000024203e-01 7.50000000000024203e-01 20 4.71775968599757221e+01
0 0 0 62 5.00000000000070610e-01 7.50000000000024203e-01 7.50000000000024203e-01 21 5.52283881451053702e+01
0 0 0 62 5.00000000000070610e-01 7.50000000000024203e-01 7.50000000000024203e-01 22 8.56233368278706166e+01
0 0 0 62 5.00000000000070610e-01 7.50000000000024203e-01 7.50000000000024203e-01 23 9.58635499918095633e+01
0 0 0 62 5.00000000000070610e-01 7.50000000000024203e-01 7.50000000000024203e-01 24 1.14131336134500714e+02
0 0 0 62 5.00000000000070610e-01 7.50000000000024203e-01 7.50000000000024203e-01 25 1.39318863909795368e+02
0 0 0 63 7.49999999999942601e-01 7.49999999999942601e-01 7.49999999999942601e-01 0 -4.77928439869771804e+00
0 0 0 63 7.49999999999942601e-01 7.49999999999942601e-01 7.49999999999942601e-01 1 2.46680605279678922e+00
0 0 0 63 7.49999999999942601e-01 7.49999999999942601e-01 7.49999999999942601e-01 2 5.67615955045470599e+00
0 0 0 63 7.49999999999942601e-01 7.49999999999942601e-01 7.49999999999942601e-01 3 5.67615955045473264e+00
0 0 0 63 7.49999999999942601e-01 7.49999999999942601e-01 7.49999999999942601e-01 4 8.63478008904084859e+00
0 0 0 63 7.49999999999942601e-01 7.49999999999942601e-01 7.49999999999942601e-01 5 1.01791067980607668e+01
0 0 0 63 7.49999999999942601e-01 7.49999999999942601e-01 7.49999999999942601e-01 6 1.01791067980607934e+01
0 0 0 63 7.49999999999942601e-01 7.49999999999942601e-01 7.49999999999942601e-01 7 1.38167819259345066e+01
0 0 0 63 7.49999999999942601e-01 7.49999999999942601e-01 7.49999999999942601e-01 8 1.47511644089769973e+01
0 0 0 63 7.49999999999942601e-01 7.49999999999942601e-01 7.49999999999942601e-01 9 1.47511644089769973e+01
0 0 0 63 7.49999999999942601e-01 7.49999999999942601e-01 7.49999999999942601e-01 10 1.98647145492866173e+01
0 0 0 63 7.49999999999942601e-01 7.49999999999942601e-01 7.49999999999942601e-01 11 2.28825557074829824e+01
0 0 0 63 7.49999999999942601e-01 7.49999999999942601e-01 7.49999999999942601e-01 12 2.32685984980903164e+01
0 0 0 63 7.49999999999942601e-01 7.49999999999942601e-01 7.49999999999942601e-01 13 2.32685984980903449e+01
0 0 0 63 7.49999999999942601e-01 7.49999999999942601e-01 7.49999999999942601e-01 14 2.95249480917060865e+01
0 0 0 63 7.49999999999942601e-01 7.49999999999942601e-01 7.49999999999942601e-01 15 2.95249480917061398e+01
0 0 0 63 7.49999999999942601e-01 7.49999999999942601e-01 7.49999999999942601e-01 16 3.14747523700925314e+01
0 0 0 63 7.49999999999942601e-01 7.49999999999942601e-01 7.49999999999942601e-01 17 3.39472997493824593e+01
0 0 0 63 7.49999999999942601e-01 7.49999999999942601e-01 7.49999999999942601e-01 18 3.39472997493825659e+01
0 0 0 63 7.49999999999942601e-01 7.49999999999942601e-01 7.49999999999942601e-01 19 4.32507293026726742e+01
0 0 0 63 7.49999999999942601e-01 7.49999999999942601e-01 7.49999999999942601e-01 20 6.13761034511612777e+01
0 0 0 63 7.49999999999942601e-01 7.49999999999942601e-01 7.49999999999942601e-01 21 6.13761034511636154e+01
0 0 0 63 7.49999999999942601e-01 7.49999999999942601e-01 7.49999999999942601e-01 22 9.84576719779499712e+01
0 0 0 63 7.49999999999942601e-01 7.49999999999942601e-01 7.49999999999942601e-01 23 9.84576719779548171e+01
0 0 0 63 7.49999999999942601e-01 7.49999999999942601e-01 7.49999999999942601e-01 24 1.04798743835715754e+02
0 0 0 63 7.49999999999942601e-01 7.49999999999942601e-01 7.49999999999942601e-01 25 1.54047557201716444e+02
1 0 0 0 0.00000000000000000e+00 0.00000000000000000e+00 0.00000000000000000e+00 0 -3.99522368754636332e+01
1 0 0 0 0.00000000000000000e+00 0.00000000000000000e+00 0.00000000000000000e+00 1 5.13408804282258768e-01
1 0 0 0 0.00000000000000000e+00 0.00000000000000000e+00 0.00000000000000000e+00 2 3.66828498705471162e+00
1 0 0 0 0.00000000000000000e+00 0.00000000000000000e+00 0.00000000000000000e+00 3 4.42245898148880734e+00
1 0 0 0 0.00000000000000000e+00 0.00000000000000000e+00 0.00000000000000000e+00 4 1.21202358749091452e+01
1 0 0 0 0.00000000000000000e+00 0.00000000000000000e+00 0.00000000000000000e+00 5 1.28296182589650005e+01
1 0 0 0 0.00000000000000000e+00 0.00000000000000000e+00 0.00000000000000000e+00 6 1.30210592654379234e+01
1 0 0 0 0.00000000000000000e+00 0.00000000000000000e+00 0.00000000000000000e+00 7 1.75835853630297549e+01
1 0 0 0 0.00000000000000000e+00 0.00000000000000000e+00 0.00000000000000000e+00 8 1.80039429856911646e+01
1 0 0 0 0.00000000000000000e+00 0.00000000000000000e+00 0.00000000000000000e+00 9 1.88154870285587457e+01
1 0 0 0 0.00000000000000000e+00 0.00000000000000000e+00 0.00000000000000000e+00 10 3.02525009262417299e+01
1 0 0 0 0.00000000000000000e+00 0.00000000000000000e+00 0.00000000000000000e+00 11 3.15962147525540971e+01
1 0 0 0 0.00000000000000000e+00 0.00000000000000000e+00 0.00000000000000000e+00 12 3.23352042938070170e+01
1 0 0 0 0.00000000000000000e+00 0.00000000000000000e+00 0.00000000000000000e+00 13 3.28683849510500465e+01
1 0 0 0 0.00000000000000000e+00 0.00000000000000000e+00 0.00000000000000000e+00 14 4.57709273124956155e+01
1 0 0 0 0.00000000000000000e+00 0.00000000000000000e+00 0.00000000000000000e+00 15 4.80502558005438729e+01
1 0 0 0 0.00000000000000000e+00 0.00000000000000000e+00 0.00000000000000000e+00 16 4.94317898663304760e+01
1 0 0 0 0.00000000000000000e+00 0.00000000000000000e+00 0.00000000000000000e+00 17 5.06629365905918334e+01
1 0 0 0 0.00000000000000000e+00 0.00000000000000000e+00 0.00000000000000000e+00 18 5.16744250644915013e+01
1 0 0 0 0.00000000000000000e+00 0.00000000000000000e+00 0.00000000000000000e+00 19 4.16313072222555320e+02
1 0 0 0 0.00000000000000000e+00 0.00000000000000000e+00 0.00000000000000000e+00 20 4.48110637748490490e+02
1 0 0 0 0.00000000000000000e+00 0.00000000000000000e+00 0.00000000000000000e+00 21 4.81141099702364954e+02
1 0 0 0 0.00000000000000000e+00 0.00000000000000000e+00 0.00000000000000000e+00 22 1.04244329507024690e+03
1 0 0 0 0.00000000000000000e+00 0.00000000000000000e+00 0.00000000000000000e+00 23 1.10307398337800760e+03
1 0 0 0 0.00000000000000000e+00 0.00000000000000000e+00 0.00000000000000000e+00 24 1.17891947731751793e+03
1 0 0 0 0.00000000000000000e+00 0.00000000000000000e+00 0.00000000000000000e+00 25 1.18816015563034944e+03
1 0 0 1 2.50000000000035305e-01 0.00000000000000000e+00 0.00000000000000000e+00 0 -3.89501873113538863e+01
1 0 0 1 2.50000000000035305e-01 0.00000000000000000e+00 0.00000000000000000e+00 1 -8.56298212209459675e-01
1 0 0 1 2.50000000000035305e-01 0.00000000000000000e+00 0.00000000000000000e+00 2 5.79526569117125967e-01
1 0 0 1 2.50000000000035305e-01 0.00000000000000000e+00 0.00000000000000000e+00 3 2.92700479100794420e+00
1 0 0 1 2.50000000000035305e-01 0.00000000000000000e+00 0.00000000000000000e+00 4 1.14379500679154464e+01
1 0 0 1 2.50000000000035305e-01 0.00000000000000000e+00 0.00000000000000000e+00 5 1.37719497734967664e+01
1 0 0 1 2.50000000000035305e-01 0.00000000000000000e+00 0.00000000000000000e+00 6 1.40077758756398616e+01
1 0 0 1 2.50000000000035305e-01 0.00000000000000000e+00 0.00000000000000000e+00 7 1.78864906041536464e+01
1 0 0 1 2.50000000000035305e-01 0.00000000000000000e+00 0.00000000000000000e+00 8 1.83776599551101860e+01
1 0 0 1 2.50000000000035305e-01 0.00000000000000000e+00 0.00000000000000000e+00 9 2.14208699851433728e+01
1 0 0 1 2.50000000000035305e-01 0.00000000000000000e+00 0.00000000000000000e+00 10 2.92871453402684807e+01
1 0 0 1 2.50000000000035305e-01 0.00000000000000000e+00 0.00000000000000000e+00 11 3.24490386682440715e+01
1 0 0 1 2.50000000000035305e-01 0.00000000000000000e+00 0.00000000000000000e+00 12 3.40235450316142618e+01
1 0 0 1 2.50000000000035305e-01 0.00000000000000000e+00 0.00000000000000000e+00 13 3.47722351076710936e+01
1 0 0 1 2.50000000000035305e-01 0.00000000000000000e+00 0.00000000000000000e+00 14 4.24632923576186343e+01
1 0 0 1 2.50000000000035305e-01 0.00000000000000000e+00 0.00000000000000000e+00 15 4.39276599007327135e+01
1 0 0 1 2.50000000000035305e-01 0.00000000000000000e+00 0.00000000000000000e+00 16 4.87516000910118592e+01
1 0 0 1 2.50000000000035305e-01 0.00000000000000000e+00 0.00000000000000000e+00 17 5.08369526483952825e+01
1 0 0 1 2.50000000000035305e-01 0.00000000000000000e+00 0.00000000000000000e+00 18 5.20499227946695555e+01
1 0 0 1 2.50000000000035305e-01 0.00000000000000000e+00 0.00000000000000000e+00 19 1.20023221603468755e+02
1 0 0 1 2.50000000000035305e-01 0.00000000000000000e+00 0.00000000000000000e+00 20 3.39660351873367119e+02
1 0 0 1 2.50000000000035305e-01 0.00000000000000000e+00 0.00000000000000000e+00 21 3.63691529779289795e+02
1 0 0 1 2.50000000000035305e-01 0.00000000000000000e+00 0.00000000000000000e+00 22 8.45972644266208022e+02
1 0 0 1 2.50000000000035305e-01 0.00000000000000000e+00 0.00000000000000000e+00 23 8.83009985955146590e+02
1 0 0 1 2.50000000000035305e-01 0.00000000000000000e+00 0.00000000000000000e+00 24 1.35214142120908650e+03
1 0 0 1 2.50000000000035305e-01 0.00000000000000000e+00 0.00000000000000000e+00 25 2.79387191461487237e+03
1 0 0 2 5.00000000000070610e-01 0.00000000000000000e+00 0.00000000000000000e+00 0 -2.88127666287727884e+01
1 0 0 2 5.00000000000070610e-01 0.00000000000000000e+00 0.00000000000000000e+00 1 -8.65706786658926397e+00
1 0 0 2 5.00000000000070610e-01 0.00000000000000000e+00 0.00000000000000000e+00 2 5.32256434281900948e-01
1 0 0 2 5.00000000000070610e-01 0.00000000000000000e+00 0.00000000000000000e+00 3 2.75308193659898715e+00
1 0 0 2 5.00000000000070610e-01 0.00000000000000000e+00 0.00000000000000000e+00 4 8.97411838593881761e+00
1 0 0 2 5.00000000000070610e-01 0.00000000000000000e+00 0.00000000000000000e+00 5 1.35612107543231666e+01
1 0 0 2 5.00000000000070610e-01 0.00000000000000000e+00 0.00000000000000000e+00 6 1.36599337373798928e+01
1 0 0 2 5.00000000000070610e-01 0.00000000000000000e+00 0.00000000000000000e+00 7 2.30623030881213396e+01
1 0 0 2 5.00000000000070610e-01 0.00000000000000000e+00 0.00000000000000000e+00 8 2.33422996357032027e+01
1 0 0 2 5.00000000000070610e-01 0.00000000000000000e+00 0.00000000000000000e+00 9 2.41528367350616726e+01
1 0 0 2 5.00000000000070610e-01 0.00000000000000000e+00 0.00000000000000000e+00 10 2.80630145041643075e+01
1 0 0 2 5.00000000000070610e-01 0.00000000000000000e+00 0.00000000000000000e+00 11 2.84691754925011757e+01
1 0 0 2 5.00000000000070610e-01 0.00000000000000000e+00 0.00000000000000000e+00 12 2.96801382956705808e+01
1 0 0 2 5.00000000000070610e-01 0.00000000000000000e+00 0.00000000000000000e+00 13 4.01874292258491863e+01
1 0 0 2 5.00000000000070610e-01 0.00000000000000000e+00 0.00000000000000000e+00 14 4.32575070708187042e+01
1 0 0 2 5.00000000000070610e-01 0.00000000000000000e+00 0.00000000000000000e+00 15 4.33413612735817750e+01
1 0 0 2 5.00000000000070610e-01 0.00000000000000000e+00 0.00000000000000000e+00 16 4.49861441745755712e+01
1 0 0 2 5.00000000000070610e-01 0.00000000000000000e+00 0.00000000000000000e+00 17 5.19163578041752700e+01
1 0 0 2 5.00000000000070610e-01 0.00000000000000000e+00 0.00000000000000000e+00 18 5.27164802898104270e+01
1 0 0 2 5.00000000000070610e-01 0.00000000000000000e+00 0.00000000000000000e+00 19 6.67093732260771759e+01
1 0 0 2 5.00000000000070610e-01 0.00000000000000000e+00 0.00000000000000000e+00 20 2.99005553797817925e+02
1 0 0 2 5.00000000000070610e-01 0.00000000000000000e+00 0.00000000000000000e+00 21 3.17034078331190358e+02
1 0 0 2 5.00000000000070610e-01 0.00000000000000000e+00 0.00000000000000000e+00 22 5.64231983606676181e+02
1 0 0 2 5.00000000000070610e-01 0.00000000000000000e+00 0.00000000000000000e+00 23 5.81794972206796501e+02
1 0 0 2 5.00000000000070610e-01 0.00000000000000000e+00 0.00000000000000000e+00 24 1.68831289005904500e+03
1 0 0 2 5.00000000000070610e-01 0.00000000000000000e+00 0.00000000000000000e+00 25 4.07344402014858497e+03
1 0 0 3 7.49999999999942601e-01 0.00000000000000000e+00 0.00000000000000000e+00 0 -3.90175520094351214e+01
1 0 0 3 7.49999999999942601e-01 0.00000000000000000e+00 0.00000000000000000e+00 1 -7.32525703402979844e-01
1 0 0 3 7.49999999999942601e-01 0.00000000000000000e+00 0.00000000000000000e+00 2 6.82063473066984782e-01
1 0 0 3 7.49999999999942601e-01 0.00000000000000000e+00 0.00000000000000000e+00 3 3.13295624979873688e+00
1 0 0 3 7.49999999999942601e-01 0.00000000000000000e+00 0.00000000000000000e+00 4 1.15208192678470152e+01
1 0 0 3 7.49999999999942601e-01 0.00000000000000000e+00 0.00000000000000000e+00 5 1.32717114495703186e+01
1 0 0 3 7.49999999999942601e-01 0.00000000000000000e+00 0.00000000000000000e+00 6 1.37388583130381399e+01
1 0 0 3 7.49999999999942601e-01 0.00000000000000000e+00 0.00000000000000000e+00 7 1.80874156548065805e+01
1 0 0 3 7.49999999999942601e-01 0.00000000000000000e+00 0.00000000000000000e+00 8 1.84956119031828621e+01
1 0 0 3 7.49999999999942601e-01 0.00000000000000000e+00 0.00000000000000000e+00 9 2.11483872941746291e+01
1 0 0 3 7.49999999999942601e-01 0.00000000000000000e+00 0.00000000000000000e+00 10 3.12892958306215689e+01
1 0 0 3 7.49999999999942601e-01 0.00000000000000000e+00 0.00000000000000000e+00 11 3.27730021194904992e+01
1 0 0 3 7.49999999999942601e-01 0.00000000000000000e+00 0.00000000000000000e+00 12 3.34754064733075651e+01
1 0 0 3 7.49999999999942601e-01 0.00000000000000000e+00 0.00000000000000000e+00 13 3.38209714247497075e+01
1 0 0 3 7.49999999999942601e-01 0.00000000000000000e+00 0.00000000000000000e+00 14 4.24955500016275565e+01
1 0 0 3 7.49999999999942601e-01 0.00000000000000000e+00 0.00000000000000000e+00 15 4.38457519686121771e+01
1 0 0 3 7.49999999999942601e-01 0.00000000000000000e+00 0.00000000000000000e+00 16 5.04067010682647023e+01
1 0 0 3 7.49999999999942601e-01 0.00000000000000000e+00 0.00000000000000000e+00 17 5.13833119057356598e+01
1 0 0 3 7.49999999999942601e-01 0.00000000000000000e+00 0.00000000000000000e+00 18 5.28709363916508224e+01
1 0 0 3 7.49999999999942601e-01 0.00000000000000000e+00 0.00000000000000000e+00 19 1.16938522232069658e+02
1 0 0 3 7.49999999999942601e-01 0.00000000000000000e+00 0.00000000000000000e+00 20 3.31303701265021232e+02
1 0 0 3 7.49999999999942601e-01 0.00000000000000000e+00 0.00000000000000000e+00 21 3.50423822957382981e+02
1 0 0 3 7.49999999999942601e-01 0.00000000000000000e+00 0.00000000000000000e+00 22 8.50559146177314233e+02
1 0 0 3 7.49999999999942601e-01 0.00000000000000000e+00 0.00000000000000000e+00 23 8.72596530733279451e+02
1 0 0 3 7.49999999999942601e-01 0.00000000000000000e+00 0.00000000000000000e+00 24 1.35114568806104353e+03
1 0 0 3 7.49999999999942601e-01 0.00000000000000000e+00 0.00000000000000000e+00 25 2.81630610933557773e+03
1 0 0 4 0.00000000000000000e+00 2.50000000000035305e-01 0.00000000000000000e+00 0 -4.02665225040570149e+01
1 0 0 4 0.00000000000000000e+00 2.50000000000035305e-01 0.00000000000000000e+00 1 -2.46097449117575406e+00
1 0 0 4 0.00000000000000000e+00 2.50000000000035305e-01 0.00000000000000000e+00 2 2.96866453033890387e+00
1 0 0 4 0.00000000000000000e+00 2.50000000000035305e-01 0.00000000000000000e+00 3 3.42693363353900837e+00
1 0 0 4 0.00000000000000000e+00 2.50000000000035305e-01 0.00000000000000000e+00 4 1.20560570261230495e+01
1 0 0 4 0.00000000000000000e+00 2.50000000000035305e-01 0.00000000000000000e+00 5 1.37087320402396138e+01
1 0 0 4 0.00000000000000000e+00 2.50000000000035305e-01 0.00000000000000000e+00 6 1.39640705539108652e+01
1 0 0 4 0.00000000000000000e+00 2.50000000000035305e-01 0.00000000000000000e+00 7 1.78768727408834280e+01
1 0 0 4 0.00000000000000000e+00 2.50000000000035305e-01 0.00000000000000000e+00 8 1.83529851349079891e+01
1 0 0 4 0.00000000000000000e+00 2.50000000000035305e-01 0.00000000000000000e+00 9 2.06040347195481601e+01
1 0 0 4 0.00000000000000000e+00 2.50000000000035305e-01 0.00000000000000000e+00 10 3.18430572916807932e+01
1 0 0 4 0.00000000000000000e+00 2.50000000000035305e-01 0.00000000000000000e+00 11 3.27523756175701592e+01
1 0 0 4 0.00000000000000000e+00 2.50000000000035305e-01 0.00000000000000000e+00 12 3.32269063456650571e+01
1 0 0 4 0.00000000000000000e+00 2.50000000000035305e-01 0.00000000000000000e+00 13 3.42224361223355942e+01
1 0 0 4 0.00000000000000000e+00 2.50000000000035305e-01 0.00000000000000000e+00 14 4.32100413858935042e+01
1 0 0 4 0.00000000000000000e+00 2.50000000000035305e-01 0.00000000000000000e+00 15 4.37128132905185396e+01
1 0 0 4 0.00000000000000000e+00 2.50000000000035305e-01 0.00000000000000000e+00 16 4.99516554103988213e+01
1 0 0 4 0.00000000000000000e+00 2.50000000000035305e-01 0.00000000000000000e+00 17 5.13241602727376929e+01
1 0 0 4 0.00000000000000000e+00 2.50000000000035305e-01 0.00000000000000000e+00 18 5.23002402397422514e+01
1 0 0 4 0.00000000000000000e+00 2.50000000000035305e-01 0.00000000000000000e+00 19 1.09047226388516435e+02
1 0 0 4 0.00000000000000000e+00 2.50000000000035305e-01 0.00000000000000000e+00 20 3.21224499426510306e+02
1 0 0 4 0.00000000000000000e+00 2.50000000000035305e-01 0.00000000000000000e+00 21 3.46694693703853204e+02
1 0 0 4 0.00000000000000000e+00 2.50000000000035305e-01 0.00000000000000000e+00 22 8.54531286432408820e+02
1 0 0 4 0.00000000000000000e+00 2.50000000000035305e-01 0.00000000000000000e+00 23 8.82900565542326945e+02
1 0 0 4 0.00000000000000000e+00 2.50000000000035305e-01 0.00000000000000000e+00 24 1.36308351819926224e+03
1 0 0 4 0.00000000000000000e+00 2.50000000000035305e-01 0.00000000000000000e+00 25 2.87107872889404325e+03
1 0 0 5 2.50000000000035305e-01 2.50000000000035305e-01 0.00000000000000000e+00 0 -4.26236000428061743e+01
1 0 0 5 2.50000000000035305e-01 2.50000000000035305e-01 0.00000000000000000e+00 1 -2.09590404123834340e+00
1 0 0 5 2.50000000000035305e-01 2.50000000000035305e-01 0.00000000000000000e+00 2 2.86013938405827339e+00
1 0 0 5 2.50000000000035305e-01 2.50000000000035305e-01 0.00000000000000000e+00 3 3.15972953675616175e+00
1 0 0 5 2.50000000000035305e-01 2.50000000000035305e-01 0.00000000000000000e+00 4 1.03164138503370442e+01
1 0 0 5 2.50000000000035305e-01 2.50000000000035305e-01 0.00000000000000000e+00 5 1.32897917577112672e+01
1 0 0 5 2.50000000000035305e-01 2.50000000000035305e-01 0.00000000000000000e+00 6 1.64420909507349720e+01
1 0 0 5 2.50000000000035305e-01 2.50000000000035305e-01 0.00000000000000000e+00 7 1.67900143386446814e+01
1 0 0 5 2.50000000000035305e-01 2.50000000000035305e-01 0.00000000000000000e+00 8 2.10391833968144724e+01
1 0 0 5 2.50000000000035305e-01 2.50000000000035305e-01 0.00000000000000000e+00 9 2.18319445898455662e+01
1 0 0 5 2.50000000000035305e-01 2.50000000000035305e-01 0.00000000000000000e+00 10 3.02192495535744996e+01
1 0 0 5 2.50000000000035305e-01 2.50000000000035305e-01 0.00000000000000000e+00 11 3.03091119135574374e+01
1 0 0 5 2.50000000000035305e-01 2.50000000000035305e-01 0.00000000000000000e+00 12 3.40076357190564593e+01
1 0 0 5 2.50000000000035305e-01 2.50000000000035305e-01 0.00000000000000000e+00 13 3.86301183154392760e+01
1 0 0 5 2.50000000000035305e-01 2.50000000000035305e-01 0.00000000000000000e+00 14 4.15024265021608016e+01
1 0 0 5 2.50000000000035305e-01 2.50000000000035305e-01 0.00000000000000000e+00 15 4.44736593588921565e+01
1 0 0 5 2.50000000000035305e-01 2.50000000000035305e-01 0.00000000000000000e+00 16 4.70709008126303701e+01
1 0 0 5 2.50000000000035305e-01 2.50000000000035305e-01 0.00000000000000000e+00 17 4.86164457610735496e+01
1 0 0 5 2.50000000000035305e-01 2.50000000000035305e-01 0.00000000000000000e+00 18 5.66405747385811296e+01
1 0 0 5 2.50000000000035305e-01 2.50000000000035305e-01 0.00000000000000000e+00 19 1.32877311453568296e+02
1 0 0 5 2.50000000000035305e-01 2.50000000000035305e-01 0.00000000000000000e+00 20 1.45826076025935834e+02
1 0 0 5 2.50000000000035305e-01 2.50000000000035305e-01 0.00000000000000000e+00 21 2.64436127426327971e+02
1 0 0 5 2.50000000000035305e-01 2.50000000000035305e-01 0.00000000000000000e+00 22 6.74471359652291767e+02
1 0 0 5 2.50000000000035305e-01 2.50000000000035305e-01 0.00000000000000000e+00 23 1.44973716539235534e+03
1 0 0 5 2.50000000000035305e-01 2.50000000000035305e-01 0.00000000000000000e+00 24 1.74619232849991431e+03
1 0 0 5 2.50000000000035305e-01 2.50000000000035305e-01 0.00000000000000000e+00 25 1.98885180722244627e+03
1 0 0 6 4.99999999999988953e-01 2.49999999999953648e-01 0.00000000000000000e+00 0 -3.40753591482401319e+01
1 0 0 6 4.99999999999988953e-01 2.49999999999953648e-01 0.00000000000000000e+00 1 -5.31271240221455621e+00
1 0 0 6 4.99999999999988953e-01 2.49999999999953648e-01 0.00000000000000000e+00 2 -6.78191367502889331e-01
1 0 0 6 4.99999999999988953e-01 2.49999999999953648e-01 0.00000000000000000e+00 3 2.06775184249243305e+00
1 0 0 6 4.99999999999988953e-01 2.49999999999953648e-01 0.00000000000000000e+00 4 1.05177574302595271e+01
1 0 0 6 4.99999999999988953e-01 2.49999999999953648e-01 0.00000000000000000e+00 5 1.38496991974222130e+01
1 0 0 6 4.99999999999988953e-01 2.49999999999953648e-01 0.00000000000000000e+00 6 1.70168411332890948e+01
1 0 0 6 4.99999999999988953e-01 2.49999999999953648e-01 0.00000000000000000e+00 7 1.76936540033624397e+01
1 0 0 6 4.99999999999988953e-01 2.49999999999953648e-01 0.00000000000000000e+00 8 2.37159222545987411e+01
1 0 0 6 4.99999999999988953e-01 2.49999999999953648e-01 0.00000000000000000e+00 9 2.65341419299545258e+01
1 0 0 6 4.99999999999988953e-01 2.49999999999953648e-01 0.00000000000000000e+00 10 2.76285394109909355e+01
1 0 0 6 4.99999999999988953e-01 2.49999999999953648e-01 0.00000000000000000e+00 11 2.92757553134631969e+01
1 0 0 6 4.99999999999988953e-01 2.49999999999953648e-01 0.00000000000000000e+00 12 3.64749722052247947e+01
1 0 0 6 4.99999999999988953e-01 2.49999999999953648e-01 0.00000000000000000e+00 13 3.76971914946374014e+01
1 0 0 6 4.99999999999988953e-01 2.49999999999953648e-01 0.00000000000000000e+00 14 3.87317460509179483e+01
1 0 0 6 4.99999999999988953e-01 2.49999999999953648e-01 0.00000000000000000e+00 15 4.23730820762069271e+01
1 0 0 6 4.99999999999988953e-01 2.49999999999953648e-01 0.00000000000000000e+00 16 4.78389327851749542e+01
1 0 0 6 4.99999999999988953e-01 2.49999999999953648e-01 0.00000000000000000e+00 17 4.88112459278895159e+01
1 0 0 6 4.99999999999988953e-01 2.49999999999953648e-01 0.00000000000000000e+00 18 5.15408775651881612e+01
1 0 0 6 4.99999999999988953e-01 2.49999999999953648e-01 0.00000000000000000e+00 19 7.27903388087131589e+01
1 0 0 6 4.99999999999988953e-01 2.49999999999953648e-01 0.00000000000000000e+00 20 1.23557766252844942e+02
1 0 0 6 4.99999999999988953e-01 2.49999999999953648e-01 0.00000000000000000e+00 21 1.32054784831286781e+02
1 0 0 6 4.99999999999988953e-01 2.49999999999953648e-01 0.00000000000000000e+00 22 9.19942163925373961e+02
1 0 0 6 4.99999999999988953e-01 2.49999999999953648e-01 0.00000000000000000e+00 23 1.10256134948151498e+03
1 0 0 6 4.99999999999988953e-01 2.49999999999953648e-01 0.00000000000000000e+00 24 1.81526339379566662e+03
1 0 0 6 4.99999999999988953e-01 2.49999999999953648e-01 0.00000000000000000e+00 25 3.20909975526364951e+03
1 0 0 7 7.50000000000024203e-01 2.49999999999953593e-01 0.00000000000000000e+00 0 -3.23323392973757322e+01
1 0 0 7 7.50000000000024203e-01 2.49999999999953593e-01 0.00000000000000000e+00 1 -6.39595570041819439e+00
1 0 0 7 7.50000000000024203e-01 2.49999999999953593e-01 0.00000000000000000e+00 2 -3.18231037759205415e-01
1 0 0 7 7.50000000000024203e-01 2.49999999999953593e-01 0.00000000000000000e+00 3 3.07214702261256800e+00
1 0 0 7 7.50000000000024203e-01 2.49999999999953593e-01 0.00000000000000000e+00 4 1.24312541084423280e+01
1 0 0 7 7.50000000000024203e-01 2.49999999999953593e-01 0.00000000000000000e+00 5 1.38962288453418132e+01
1 0 0 7 7.50000000000024203e-01 2.49999999999953593e-01 0.00000000000000000e+00 6 1.60155941854906310e+01
1 0 0 7 7.50000000000024203e-01 2.49999999999953593e-01 0.00000000000000000e+00 7 1.74586259740242191e+01
1 0 0 7 7.50000000000024203e-01 2.49999999999953593e-01 0.00000000000000000e+00 8 1.85321930338217165e+01
1 0 0 7 7.50000000000024203e-01 2.49999999999953593e-01 0.00000000000000000e+00 9 2.49238039286069935e+01
1 0 0 7 7.50000000000024203e-01 2.49999999999953593e-01 0.00000000000000000e+00 10 2.87178631154751649e+01
1 0 0 7 7.50000000000024203e-01 2.49999999999953593e-01 0.00000000000000000e+00 11 3.27924304074553064e+01
1 0 0 7 7.50000000000024203e-01 2.49999999999953593e-01 0.00000000000000000e+00 12 3.51449201183019184e+01
1 0 0 7 7.50000000000024203e-01 2.49999999999953593e-01 0.00000000000000000e+00 13 3.63097331420652409e+01
1 0 0 7 7.50000000000024203e-01 2.49999999999953593e-01 0.00000000000000000e+00 14 3.97599502914822622e+01
1 0 0 7 7.50000000000024203e-01 2.49999999999953593e-01 0.00000000000000000e+00 15 4.12871854915540055e+01
1 0 0 7 7.50000000000024203e-01 2.49999999999953593e-01 0.00000000000000000e+00 16 4.51292745010369458e+01
1 0 0 7 7.50000000000024203e-01 2.49999999999953593e-01 0.00000000000000000e+00 17 4.89387055122703671e+01
1 0 0 7 7.50000000000024203e-01 2.49999999999953593e-01 0.00000000000000000e+00 18 5.38087103542756466e+01
1 0 0 7 7.50000000000024203e-01 2.49999999999953593e-01 0.00000000000000000e+00 19 8.99628677106455257e+01
1 0 0 7 7.50000000000024203e-01 2.49999999999953593e-01 0.00000000000000000e+00 20 1.09092828827395437e+02
1 0 0 7 7.50000000000024203e-01 2.49999999999953593e-01 0.00000000000000000e+00 21 2.32127126473730954e+02
1 0 0 7 7.50000000000024203e-01 2.49999999999953593e-01 0.00000000000000000e+00 22 7.65590387101348256e+02
1 0 0 7 7.50000000000024203e-01 2.49999999999953593e-01 0.00000000000000000e+00 23 1.07483779741091189e+03
1 0 0 7 7.50000000000024203e-01 2.49999999999953593e-01 0.00000000000000000e+00 24 1.67917067896898084e+03
1 0 0 7 7.50000000000024203e-01 2.49999999999953593e-01 0.00000000000000000e+00 25 3.24517842289112014e+03
1 0 0 8 0.00000000000000000e+00 5.00000000000070610e-01 0.00000000000000000e+00 0 -2.95497606544775486e+01
1 0 0 8 0.00000000000000000e+00 5.00000000000070610e-01 0.00000000000000000e+00 1 -8.62729767296453431e+00
1 0 0 8 0.00000000000000000e+00 5.00000000000070610e-01 0.00000000000000000e+00 2 2.73085208913451050e+00
1 0 0 8 0.00000000000000000e+00 5.00000000000070610e-01 0.00000000000000000e+00 3 3.22758743005459570e+00
1 0 0 8 0.00000000000000000e+00 5.00000000000070610e-01 0.00000000000000000e+00 4 9.85874586879529424e+00
1 0 0 8 0.00000000000000000e+00 5.00000000000070610e-01 0.00000000000000000e+00 5 1.34739840515132485e+01
1 0 0 8 0.00000000000000000e+00 5.00000000000070610e-01 0.00000000000000000e+00 6 1.38007177944218089e+01
1 0 0 8 0.00000000000000000e+00 5.00000000000070610e-01 0.00000000000000000e+00 7 2.22763659926715825e+01
1 0 0 8 0.00000000000000000e+00 5.00000000000070610e-01 0.00000000000000000e+00 8 2.29479595867741821e+01
1 0 0 8 0.00000000000000000e+00 5.00000000000070610e-01 0.00000000000000000e+00 9 2.44962067560611949e+01
1 0 0 8 0.00000000000000000e+00 5.00000000000070610e-01 0.00000000000000000e+00 10 2.70500591772812093e+01
1 0 0 8 0.00000000000000000e+00 5.00000000000070610e-01 0.00000000000000000e+00 11 2.83210470980731586e+01
1 0 0 8 0.00000000000000000e+00 5.00000000000070610e-01 0.00000000000000000e+00 12 2.93351468045502770e+01
1 0 0 8 0.00000000000000000e+00 5.00000000000070610e-01 0.00000000000000000e+00 13 3.96421586541317339e+01
1 0 0 8 0.00000000000000000e+00 5.00000000000070610e-01 0.00000000000000000e+00 14 4.16206149327318897e+01
1 0 0 8 0.00000000000000000e+00 5.00000000000070610e-01 0.00000000000000000e+00 15 4.40451421490452830e+01
1 0 0 8 0.00000000000000000e+00 5.00000000000070610e-01 0.00000000000000000e+00 16 4.46256660965737026e+01
1 0 0 8 0.00000000000000000e+00 5.00000000000070610e-01 0.00000000000000000e+00 17 5.12759892657941947e+01
1 0 0 8 0.00000000000000000e+00 5.00000000000070610e-01 0.00000000000000000e+00 18 5.35160202228369428e+01
1 0 0 8 0.00000000000000000e+00 5.00000000000070610e-01 0.00000000000000000e+00 19 6.62236569707505112e+01
1 0 0 8 0.00000000000000000e+00 5.00000000000070610e-01 0.00000000000000000e+00 20 2.90945931407842806e+02
1 0 0 8 0.00000000000000000e+00 5.00000000000070610e-01 0.00000000000000000e+00 21 3.04219322738895187e+02
1 0 0 8 0.00000000000000000e+00 5.00000000000070610e-01 0.00000000000000000e+00 22 5.75421611628239361e+02
1 0 0 8 0.00000000000000000e+00 5.00000000000070610e-01 0.00000000000000000e+00 23 5.83189619557613923e+02
1 0 0 8 0.00000000000000000e+00 5.00000000000070610e-01 0.00000000000000000e+00 24 1.81033628859431860e+03
1 0 0 8 0.00000000000000000e+00 5.00000000000070610e-01 0.00000000000000000e+00 25 4.17394760988823600e+03
1 0 0 9 2.49999999999953648e-01 4.99999999999988953e-01 0.00000000000000000e+00 0 -3.30450224020065164e+01
1 0 0 9 2.49999999999953648e-01 4.99999999999988953e-01 0.00000000000000000e+00 1 -5.23463639294936112e+00
1 0 0 9 2.49999999999953648e-01 4.99999999999988953e-01 0.00000000000000000e+00 2 -3.84883863468646115e-01
1 0 0 9 2.49999999999953648e-01 4.99999999999988953e-01 0.00000000000000000e+00 3 2.38222278342391780e+00
1 0 0 9 2.49999999999953648e-01 4.99999999999988953e-01 0.00000000000000000e+00 4 1.06157394885283747e+01
1 0 0 9 2.49999999999953648e-01 4.99999999999988953e-01 0.00000000000000000e+00 5 1.39428122517986086e+01
1 0 0 9 2.49999999999953648e-01 4.99999999999988953e-01 0.00000000000000000e+00 6 1.73187267367437059e+01
1 0 0 9 2.49999999999953648e-01 4.99999999999988953e-01 0.00000000000000000e+00 7 1.79481162111120156e+01
1 0 0 9 2.49999999999953648e-01 4.99999999999988953e-01 0.00000000000000000e+00 8 2.37274134941581103e+01
1 0 0 9 2.49999999999953648e-01 4.99999999999988953e-01 0.00000000000000000e+00 9 2.54605109672151002e+01
1 0 0 9 2.49999999999953648e-01 4.99999999999988953e-01 0.00000000000000000e+00 10 2.76972837705374921e+01
1 0 0 9 2.49999999999953648e-01 4.99999999999988953e-01 0.00000000000000000e+00 11 2.91158082096811981e+01
1 0 0 9 2.49999999999953648e-01 4.99999999999988953e-01 0.00000000000000000e+00 12 3.56362595355425356e+01
1 0 0 9 2.49999999999953648e-01 4.99999999999988953e-01 0.00000000000000000e+00 13 3.76536971721683145e+01
1 0 0 9 2.49999999999953648e-01 4.99999999999988953e-01 0.00000000000000000e+00 14 3.86431142956850096e+01
1 0 0 9 2.49999999999953648e-01 4.99999999999988953e-01 0.00000000000000000e+00 15 4.30605083366905461e+01
1 0 0 9 2.49999999999953648e-01 4.99999999999988953e-01 0.00000000000000000e+00 16 4.79960764944296088e+01
1 0 0 9 2.49999999999953648e-01 4.99999999999988953e-01 0.00000000000000000e+00 17 4.98150554093690303e+01
1 0 0 9 2.49999999999953648e-01 4.99999999999988953e-01 0.00000000000000000e+00 18 5.08060878234743569e+01
1 0 0 9 2.49999999999953648e-01 4.99999999999988953e-01 0.00000000000000000e+00 19 7.34501891705620267e+01
1 0 0 9 2.49999999999953648e-01 4.99999999999988953e-01 0.00000000000000000e+00 20 1.23950079297818149e+02
1 0 0 9 2.49999999999953648e-01 4.99999999999988953e-01 0.00000000000000000e+00 21 1.31211574424381922e+02
1 0 0 9 2.49999999999953648e-01 4.99999999999988953e-01 0.00000000000000000e+00 22 7.94836795913705146e+02
1 0 0 9 2.49999999999953648e-01 4.99999999999988953e-01 0.00000000000000000e+00 23 1.10702535681189352e+03
1 0 0 9 2.49999999999953648e-01 4.99999999999988953e-01 0.00000000000000000e+00 24 1.96341723397831129e+03
1 0 0 9 2.49999999999953648e-01 4.99999999999988953e-01 0.00000000000000000e+00 25 3.30263457004774409e+03
1 0 0 10 4.99999999999988898e-01 4.99999999999988898e-01 0.00000000000000000e+00 0 -3.26417547007612114e+01
1 0 0 10 4.99999999999988898e-01 4.99999999999988898e-01 0.00000000000000000e+00 1 -6.78097392847737712e+00
1 0 0 10 4.99999999999988898e-01 4.99999999999988898e-01 0.00000000000000000e+00 2 2.22859227767855783e+00
1 0 0 10 4.99999999999988898e-01 4.99999999999988898e-01 0.00000000000000000e+00 3 2.44112375736202392e+00
1 0 0 10 4.99999999999988898e-01 4.99999999999988898e-01 0.00000000000000000e+00 4 9.13236905429494783e+00
1 0 0 10 4.99999999999988898e-01 4.99999999999988898e-01 0.00000000000000000e+00 5 9.67455325946916034e+00
1 0 0 10 4.99999999999988898e-01 4.99999999999988898e-01 0.00000000000000000e+00 6 2.24023802199740416e+01
1 0 0 10 4.99999999999988898e-01 4.99999999999988898e-01 0.00000000000000000e+00 7 2.35099693199071922e+01
1 0 0 10 4.99999999999988898e-01 4.99999999999988898e-01 0.00000000000000000e+00 8 2.55880848394705076e+01
1 0 0 10 4.99999999999988898e-01 4.99999999999988898e-01 0.00000000000000000e+00 9 2.58550403457564499e+01
1 0 0 10 4.99999999999988898e-01 4.99999999999988898e-01 0.00000000000000000e+00 10 2.63557510412518035e+01
1 0 0 10 4.99999999999988898e-01 4.99999999999988898e-01 0.00000000000000000e+00 11 2.72735232753955756e+01
1 0 0 10 4.99999999999988898e-01 4.99999999999988898e-01 0.00000000000000000e+00 12 3.02385215042321924e+01
1 0 0 10 4.99999999999988898e-01 4.99999999999988898e-01 0.00000000000000000e+00 13 3.18418235231475499e+01
1 0 0 10 4.99999999999988898e-01 4.99999999999988898e-01 0.00000000000000000e+00 14 4.43813639739404309e+01
1 0 0 10 4.99999999999988898e-01 4.99999999999988898e-01 0.00000000000000000e+00 15 4.55325513834619002e+01
1 0 0 10 4.99999999999988898e-01 4.99999999999988898e-01 0.00000000000000000e+00 16 5.05780401058677285e+01
1 0 0 10 4.99999999999988898e-01 4.99999999999988898e-01 0.00000000000000000e+00 17 5.21056013962194129e+01
1 0 0 10 4.99999999999988898e-01 4.99999999999988898e-01 0.00000000000000000e+00 18 6.42646223137603556e+01
1 0 0 10 4.99999999999988898e-01 4.99999999999988898e-01 0.00000000000000000e+00 19 7.01295700821026315e+01
1 0 0 10 4.99999999999988898e-01 4.99999999999988898e-01 0.00000000000000000e+00 20 8.05712187662269059e+01
1 0 0 10 4.99999999999988898e-01 4.99999999999988898e-01 0.00000000000000000e+00 21 8.53451910284832138e+01
1 0 0 10 4.99999999999988898e-01 4.99999999999988898e-01 0.00000000000000000e+00 22 1.20954562128015232e+03
1 0 0 10 4.99999999999988898e-01 4.99999999999988898e-01 0.00000000000000000e+00 23 1.31733028855613702e+03
1 0 0 10 4.99999999999988898e-01 4.99999999999988898e-01 0.00000000000000000e+00 24 2.36658563124353304e+03
1 0 0 10 4.99999999999988898e-01 4.99999999999988898e-01 0.00000000000000000e+00 25 2.49568346514742234e+03
1 0 0 11 7.50000000000024314e-01 4.99999999999989009e-01 0.00000000000000000e+00 0 -3.30459670982594815e+01
1 0 0 11 7.50000000000024314e-01 4.99999999999989009e-01 0.00000000000000000e+00 1 -5.23788734310726678e+00
1 0 0 11 7.50000000000024314e-01 4.99999999999989009e-01 0.00000000000000000e+00 2 -3.77311861661129733e-01
1 0 0 11 7.50000000000024314e-01 4.99999999999989009e-01 0.00000000000000000e+00 3 2.39582643171521248e+00
1 0 0 11 7.50000000000024314e-01 4.99999999999989009e-01 0.00000000000000000e+00 4 1.06157216573727560e+01
1 0 0 11 7.50000000000024314e-01 4.99999999999989009e-01 0.00000000000000000e+00 5 1.39267033304439778e+01
1 0 0 11 7.50000000000024314e-01 4.99999999999989009e-01 0.00000000000000000e+00 6 1.73220887489470456e+01
1 0 0 11 7.50000000000024314e-01 4.99999999999989009e-01 0.00000000000000000e+00 7 1.79600551153195980e+01
1 0 0 11 7.50000000000024314e-01 4.99999999999989009e-01 0.00000000000000000e+00 8 2.37001392411416560e+01
1 0 0 11 7.50000000000024314e-01 4.99999999999989009e-01 0.00000000000000000e+00 9 2.54665624990121664e+01
1 0 0 11 7.50000000000024314e-01 4.99999999999989009e-01 0.00000000000000000e+00 10 2.76451480397046758e+01
1 0 0 11 7.50000000000024314e-01 4.99999999999989009e-01 0.00000000000000000e+00 11 2.91229069753106273e+01
1 0 0 11 7.50000000000024314e-01 4.99999999999989009e-01 0.00000000000000000e+00 12 3.56259255539691893e+01
1 0 0 11 7.50000000000024314e-01 4.99999999999989009e-01 0.00000000000000000e+00 13 3.76795204410867299e+01
1 0 0 11 7.50000000000024314e-01 4.99999999999989009e-01 0.00000000000000000e+00 14 3.85933176690626212e+01
1 0 0 11 7.50000000000024314e-01 4.99999999999989009e-01 0.00000000000000000e+00 15 4.30694267051000352e+01
1 0 0 11 7.50000000000024314e-01 4.99999999999989009e-01 0.00000000000000000e+00 16 4.80279250724393165e+01
1 0 0 11 7.50000000000024314e-01 4.99999999999989009e-01 0.00000000000000000e+00 17 4.98481691286008299e+01
1 0 0 11 7.50000000000024314e-01 4.99999999999989009e-01 0.00000000000000000e+00 18 5.07955517414545739e+01
1 0 0 11 7.50000000000024314e-01 4.99999999999989009e-01 0.00000000000000000e+00 19 7.34661085287847584e+01
1 0 0 11 7.50000000000024314e-01 4.99999999999989009e-01 0.00000000000000000e+00 20 1.23877241719583679e+02
1 0 0 11 7.50000000000024314e-01 4.99999999999989009e-01 0.00000000000000000e+00 21 1.31209675852629914e+02
1 0 0 11 7.50000000000024314e-01 4.99999999999989009e-01 0.00000000000000000e+00 22 7.97785463945160132e+02
1 0 0 11 7.50000000000024314e-01 4.99999999999989009e-01 0.00000000000000000e+00 23 1.10687674799738511e+03
1 0 0 11 7.50000000000024314e-01 4.99999999999989009e-01 0.00000000000000000e+00 24 1.96191230708801959e+03
1 0 0 11 7.50000000000024314e-01 4.99999999999989009e-01 0.00000000000000000e+00 25 3.30249020957641096e+03
1 0 0 12 0.00000000000000000e+00 7.49999999999942601e-01 0.00000000000000000e+00 0 -4.03396240855176984e+01
1 0 0 12 0.00000000000000000e+00 7.49999999999942601e-01 0.00000000000000000e+00 1 -2.50988521016438604e+00
1 0 0 12 0.00000000000000000e+00 7.49999999999942601e-01 0.00000000000000000e+00 2 2.89366041912042560e+00
1 0 0 12 0.00000000000000000e+00 7.49999999999942601e-01 0.00000000000000000e+00 3 3.70522216787820158e+00
1 0 0 12 0.00000000000000000e+00 7.49999999999942601e-01 0.00000000000000000e+00 4 1.12012981866556292e+01
1 0 0 12 0.00000000000000000e+00 7.49999999999942601e-01 0.00000000000000000e+00 5 1.33955729375708632e+01
1 0 0 12 0.00000000000000000e+00 7.49999999999942601e-01 0.00000000000000000e+00 6 1.40718413695006888e+01
1 0 0 12 0.00000000000000000e+00 7.49999999999942601e-01 0.00000000000000000e+00 7 1.78511828531491510e+01
1 0 0 12 0.00000000000000000e+00 7.49999999999942601e-01 0.00000000000000000e+00 8 1.82180755183646248e+01
1 0 0 12 0.00000000000000000e+00 7.49999999999942601e-01 0.00000000000000000e+00 9 2.11541278245879063e+01
1 0 0 12 0.00000000000000000e+00 7.49999999999942601e-01 0.00000000000000000e+00 10 3.12201842702864560e+01
1 0 0 12 0.00000000000000000e+00 7.49999999999942601e-01 0.00000000000000000e+00 11 3.29920305259178122e+01
1 0 0 12 0.00000000000000000e+00 7.49999999999942601e-01 0.00000000000000000e+00 12 3.35161985233595843e+01
1 0 0 12 0.00000000000000000e+00 7.49999999999942601e-01 0.00000000000000000e+00 13 3.44062316072551582e+01
1 0 0 12 0.00000000000000000e+00 7.49999999999942601e-01 0.00000000000000000e+00 14 4.30839279498653127e+01
1 0 0 12 0.00000000000000000e+00 7.49999999999942601e-01 0.00000000000000000e+00 15 4.38463767315252539e+01
1 0 0 12 0.00000000000000000e+00 7.49999999999942601e-01 0.00000000000000000e+00 16 4.95475732963709774e+01
1 0 0 12 0.00000000000000000e+00 7.49999999999942601e-01 0.00000000000000000e+00 17 5.13070878909266881e+01
1 0 0 12 0.00000000000000000e+00 7.49999999999942601e-01 0.00000000000000000e+00 18 5.21491747155044010e+01
1 0 0 12 0.00000000000000000e+00 7.49999999999942601e-01 0.00000000000000000e+00 19 1.11520635981092951e+02
1 0 0 12 0.00000000000000000e+00 7.49999999999942601e-01 0.00000000000000000e+00 20 3.35421508369887590e+02
1 0 0 12 0.00000000000000000e+00 7.49999999999942601e-01 0.00000000000000000e+00 21 3.52700866790682085e+02
1 0 0 12 0.00000000000000000e+00 7.49999999999942601e-01 0.00000000000000000e+00 22 8.48697391862384734e+02
1 0 0 12 0.00000000000000000e+00 7.49999999999942601e-01 0.00000000000000000e+00 23 9.08196195853964014e+02
1 0 0 12 0.00000000000000000e+00 7.49999999999942601e-01 0.00000000000000000e+00 24 1.36708713990432875e+03
1 0 0 12 0.00000000000000000e+00 7.49999999999942601e-01 0.00000000000000000e+00 25 2.86357629600964901e+03
1 0 0 13 2.49999999999953593e-01 7.50000000000024203e-01 0.00000000000000000e+00 0 -3.23372729490438502e+01
1 0 0 13 2.49999999999953593e-01 7.50000000000024203e-01 0.00000000000000000e+00 1 -6.45890810330192444e+00
1 0 0 13 2.49999999999953593e-01 7.50000000000024203e-01 0.00000000000000000e+00 2 -3.04840301474245345e-01
1 0 0 13 2.49999999999953593e-01 7.50000000000024203e-01 0.00000000000000000e+00 3 3.06270877712895695e+00
1 0 0 13 2.49999999999953593e-01 7.50000000000024203e-01 0.00000000000000000e+00 4 1.24715602608927352e+01
1 0 0 13 2.49999999999953593e-01 7.50000000000024203e-01 0.00000000000000000e+00 5 1.38937904224383342e+01
1 0 0 13 2.49999999999953593e-01 7.50000000000024203e-01 0.00000000000000000e+00 6 1.60277693087302389e+01
1 0 0 13 2.49999999999953593e-01 7.50000000000024203e-01 0.00000000000000000e+00 7 1.74699403543336942e+01
1 0 0 13 2.49999999999953593e-01 7.50000000000024203e-01 0.00000000000000000e+00 8 1.87032726657670949e+01
1 0 0 13 2.49999999999953593e-01 7.50000000000024203e-01 0.00000000000000000e+00 9 2.49576841361256321e+01
1 0 0 13 2.49999999999953593e-01 7.50000000000024203e-01 0.00000000000000000e+00 10 2.87922981936773219e+01
1 0 0 13 2.49999999999953593e-01 7.50000000000024203e-01 0.00000000000000000e+00 11 3.27431889792723183e+01
1 0 0 13 2.49999999999953593e-01 7.50000000000024203e-01 0.00000000000000000e+00 12 3.51615126247299301e+01
1 0 0 13 2.49999999999953593e-01 7.50000000000024203e-01 0.00000000000000000e+00 13 3.60611953665545073e+01
1 0 0 13 2.49999999999953593e-01 7.50000000000024203e-01 0.00000000000000000e+00 14 3.97882096979545850e+01
1 0 0 13 2.49999999999953593e-01 7.50000000000024203e-01 0.00000000000000000e+00 15 4.07126332360843151e+01
1 0 0 13 2.49999999999953593e-01 7.50000000000024203e-01 0.00000000000000000e+00 16 4.47562839156078596e+01
1 0 0 13 2.49999999999953593e-01 7.50000000000024203e-01 0.00000000000000000e+00 17 4.91128186210993434e+01
1 0 0 13 2.49999999999953593e-01 7.50000000000024203e-01 0.00000000000000000e+00 18 5.37635326599087620e+01
1 0 0 13 2.49999999999953593e-01 7.50000000000024203e-01 0.00000000000000000e+00 19 8.94462149100190373e+01
1 0 0 13 2.49999999999953593e-01 7.50000000000024203e-01 0.00000000000000000e+00 20 1.10556739236649420e+02
1 0 0 13 2.49999999999953593e-01 7.50000000000024203e-01 0.00000000000000000e+00 21 2.31979050326060928e+02
1 0 0 13 2.49999999999953593e-01 7.50000000000024203e-01 0.00000000000000000e+00 22 7.66393049860636324e+02
1 0 0 13 2.49999999999953593e-01 7.50000000000024203e-01 0.00000000000000000e+00 23 1.07797458451453485e+03
1 0 0 13 2.49999999999953593e-01 7.50000000000024203e-01 0.00000000000000000e+00 24 1.69311014448542369e+03
1 0 0 13 2.49999999999953593e-01 7.50000000000024203e-01 0.00000000000000000e+00 25 3.25805104460620259e+03
1 0 0 14 4.99999999999989009e-01 7.50000000000024314e-01 0.00000000000000000e+00 0 -3.40761628225950872e+01
1 0 0 14 4.99999999999989009e-01 7.50000000000024314e-01 0.00000000000000000e+00 1 -5.31305062466300981e+00
1 0 0 14 4.99999999999989009e-01 7.50000000000024314e-01 0.00000000000000000e+00 2 -6.76604158210200035e-01
1 0 0 14 4.99999999999989009e-01 7.50000000000024314e-01 0.00000000000000000e+00 3 2.07058053853788193e+00
1 0 0 14 4.99999999999989009e-01 7.50000000000024314e-01 0.00000000000000000e+00 4 1.05167127154720692e+01
1 0 0 14 4.99999999999989009e-01 7.50000000000024314e-01 0.00000000000000000e+00 5 1.38419813629873012e+01
1 0 0 14 4.99999999999989009e-01 7.50000000000024314e-01 0.00000000000000000e+00 6 1.70532004939229296e+01
1 0 0 14 4.99999999999989009e-01 7.50000000000024314e-01 0.00000000000000000e+00 7 1.76960649978947444e+01
1 0 0 14 4.99999999999989009e-01 7.50000000000024314e-01 0.00000000000000000e+00 8 2.37069867313107991e+01
1 0 0 14 4.99999999999989009e-01 7.50000000000024314e-01 0.00000000000000000e+00 9 2.65228430793045753e+01
1 0 0 14 4.99999999999989009e-01 7.50000000000024314e-01 0.00000000000000000e+00 10 2.75959421749990845e+01
1 0 0 14 4.99999999999989009e-01 7.50000000000024314e-01 0.00000000000000000e+00 11 2.92720098874531729e+01
1 0 0 14 4.99999999999989009e-01 7.50000000000024314e-01 0.00000000000000000e+00 12 3.64922010772453831e+01
1 0 0 14 4.99999999999989009e-01 7.50000000000024314e-01 0.00000000000000000e+00 13 3.76772447560499089e+01
1 0 0 14 4.99999999999989009e-01 7.50000000000024314e-01 0.00000000000000000e+00 14 3.86903988335112459e+01
1 0 0 14 4.99999999999989009e-01 7.50000000000024314e-01 0.00000000000000000e+00 15 4.23778862350555627e+01
1 0 0 14 4.99999999999989009e-01 7.50000000000024314e-01 0.00000000000000000e+00 16 4.78768932034121804e+01
1 0 0 14 4.99999999999989009e-01 7.50000000000024314e-01 0.00000000000000000e+00 17 4.88486646747205242e+01
1 0 0 14 4.99999999999989009e-01 7.50000000000024314e-01 0.00000000000000000e+00 18 5.14720272024040213e+01
1 0 0 14 4.99999999999989009e-01 7.50000000000024314e-01 0.00000000000000000e+00 19 7.28690703085320166e+01
1 0 0 14 4.99999999999989009e-01 7.50000000000024314e-01 0.00000000000000000e+00 20 1.23493160612186429e+02
1 0 0 14 4.99999999999989009e-01 7.50000000000024314e-01 0.00000000000000000e+00 21 1.32139287431145533e+02
1 0 0 14 4.99999999999989009e-01 7.50000000000024314e-01 0.00000000000000000e+00 22 9.18561358930641177e+02
1 0 0 14 4.99999999999989009e-01 7.50000000000024314e-01 0.00000000000000000e+00 23 1.10329057994537652e+03
1 0 0 14 4.99999999999989009e-01 7.50000000000024314e-01 0.00000000000000000e+00 24 1.81590916563822680e+03
1 0 0 14 4.99999999999989009e-01 7.50000000000024314e-01 0.00000000000000000e+00 25 3.20883090185483252e+03
1 0 0 15 7.50000000000024203e-01 7.50000000000024203e-01 0.00000000000000000e+00 0 -4.26205085598522260e+01
1 0 0 15 7.50000000000024203e-01 7.50000000000024203e-01 0.00000000000000000e+00 1 -2.08016972580605364e+00
1 0 0 15 7.50000000000024203e-01 7.50000000000024203e-01 0.00000000000000000e+00 2 2.85458047909394352e+00
1 0 0 15 7.50000000000024203e-01 7.50000000000024203e-01 0.00000000000000000e+00 3 3.09458694042974081e+00
1 0 0 15 7.50000000000024203e-01 7.50000000000024203e-01 0.00000000000000000e+00 4 1.03146777618808834e+01
1 0 0 15 7.50000000000024203e-01 7.50000000000024203e-01 0.00000000000000000e+00 5 1.32854631698764756e+01
1 0 0 15 7.50000000000024203e-01 7.50000000000024203e-01 0.00000000000000000e+00 6 1.62054471200499215e+01
1 0 0 15 7.50000000000024203e-01 7.50000000000024203e-01 0.00000000000000000e+00 7 1.67661474649014615e+01
1 0 0 15 7.50000000000024203e-01 7.50000000000024203e-01 0.00000000000000000e+00 8 2.10089511423428021e+01
1 0 0 15 7.50000000000024203e-01 7.50000000000024203e-01 0.00000000000000000e+00 9 2.18455988004016710e+01
1 0 0 15 7.50000000000024203e-01 7.50000000000024203e-01 0.00000000000000000e+00 10 3.01339600620208010e+01
1 0 0 15 7.50000000000024203e-01 7.50000000000024203e-01 0.00000000000000000e+00 11 3.02403220732923756e+01
1 0 0 15 7.50000000000024203e-01 7.50000000000024203e-01 0.00000000000000000e+00 12 3.39949922278097674e+01
1 0 0 15 7.50000000000024203e-01 7.50000000000024203e-01 0.00000000000000000e+00 13 3.86094504978461828e+01
1 0 0 15 7.50000000000024203e-01 7.50000000000024203e-01 0.00000000000000000e+00 14 4.15423881573146900e+01
1 0 0 15 7.50000000000024203e-01 7.50000000000024203e-01 0.00000000000000000e+00 15 4.44692575359390148e+01
1 0 0 15 7.50000000000024203e-01 7.50000000000024203e-01 0.00000000000000000e+00 16 4.69775814508887279e+01
1 0 0 15 7.50000000000024203e-01 7.50000000000024203e-01 0.00000000000000000e+00 17 4.84528520570117678e+01
1 0 0 15 7.50000000000024203e-01 7.50000000000024203e-01 0.00000000000000000e+00 18 5.66489539912263069e+01
1 0 0 15 7.50000000000024203e-01 7.50000000000024203e-01 0.00000000000000000e+00 19 1.38055494884621055e+02
1 0 0 15 7.50000000000024203e-01 7.50000000000024203e-01 0.00000000000000000e+00 20 1.47623565539931349e+02
1 0 0 15 7.50000000000024203e-01 7.50000000000024203e-01 0.00000000000000000e+00 21 2.64168927581087644e+02
1 0 0 15 7.50000000000024203e-01 7.50000000000024203e-01 0.00000000000000000e+00 22 6.74690275923801551e+02
1 0 0 15 7.50000000000024203e-01 7.50000000000024203e-01 0.00000000000000000e+00 23 1.43976838794354626e+03
1 0 0 15 7.50000000000024203e-01 7.50000000000024203e-01 0.00000000000000000e+00 24 1.74721936579501653e+03
1 0 0 15 7.50000000000024203e-01 7.50000000000024203e-01 0.00000000000000000e+00 25 1.98955227970898591e+03
1 0 0 16 0.00000000000000000e+00 0.00000000000000000e+00 2.50000000000035305e-01 0 -4.07448858385082389e+01
1 0 0 16 0.00000000000000000e+00 0.00000000000000000e+00 2.50000000000035305e-01 1 -1.43450827691160820e+00
1 0 0 16 0.00000000000000000e+00 0.00000000000000000e+00 2.50000000000035305e-01 2 1.90141990457032928e+00
1 0 0 16 0.00000000000000000e+00 0.00000000000000000e+00 2.50000000000035305e-01 3 3.54847180359432190e+00
1 0 0 16 0.00000000000000000e+00 0.00000000000000000e+00 2.50000000000035305e-01 4 1.09788157429040467e+01
1 0 0 16 0.00000000000000000e+00 0.00000000000000000e+00 2.50000000000035305e-01 5 1.35873165659490596e+01
1 0 0 16 0.00000000000000000e+00 0.00000000000000000e+00 2.50000000000035305e-01 6 1.39610311728744314e+01
1 0 0 16 0.00000000000000000e+00 0.00000000000000000e+00 2.50000000000035305e-01 7 1.84240240685185732e+01
1 0 0 16 0.00000000000000000e+00 0.00000000000000000e+00 2.50000000000035305e-01 8 1.86475145299731366e+01
1 0 0 16 0.00000000000000000e+00 0.00000000000000000e+00 2.50000000000035305e-01 9 2.06335840333717115e+01
1 0 0 16 0.00000000000000000e+00 0.00000000000000000e+00 2.50000000000035305e-01 10 3.08046209543349896e+01
1 0 0 16 0.00000000000000000e+00 0.00000000000000000e+00 2.50000000000035305e-01 11 3.18951155571454663e+01
1 0 0 16 0.00000000000000000e+00 0.00000000000000000e+00 2.50000000000035305e-01 12 3.37952098554433533e+01
1 0 0 16 0.00000000000000000e+00 0.00000000000000000e+00 2.50000000000035305e-01 13 3.46429879289177336e+01
1 0 0 16 0.00000000000000000e+00 0.00000000000000000e+00 2.50000000000035305e-01 14 4.20279945357815734e+01
1 0 0 16 0.00000000000000000e+00 0.00000000000000000e+00 2.50000000000035305e-01 15 4.34097660203817313e+01
1 0 0 16 0.00000000000000000e+00 0.00000000000000000e+00 2.50000000000035305e-01 16 4.93275074509954337e+01
1 0 0 16 0.00000000000000000e+00 0.00000000000000000e+00 2.50000000000035305e-01 17 5.08392893239666464e+01
1 0 0 16 0.00000000000000000e+00 0.00000000000000000e+00 2.50000000000035305e-01 18 5.23831926997053188e+01
1 0 0 16 0.00000000000000000e+00 0.00000000000000000e+00 2.50000000000035305e-01 19 1.14733088850919771e+02
1 0 0 16 0.00000000000000000e+00 0.00000000000000000e+00 2.50000000000035305e-01 20 3.25916186669070555e+02
1 0 0 16 0.00000000000000000e+00 0.00000000000000000e+00 2.50000000000035305e-01 21 3.55952768888947674e+02
1 0 0 16 0.00000000000000000e+00 0.00000000000000000e+00 2.50000000000035305e-01 22 8.74794010154711032e+02
1 0 0 16 0.00000000000000000e+00 0.00000000000000000e+00 2.50000000000035305e-01 23 9.12662958412816238e+02
1 0 0 16 0.00000000000000000e+00 0.00000000000000000e+00 2.50000000000035305e-01 24 1.36800820105271850e+03
1 0 0 16 0.00000000000000000e+00 0.00000000000000000e+00 2.50000000000035305e-01 25 2.86336678773601398e+03
1 0 0 17 2.50000000000035305e-01 0.00000000000000000e+00 2.50000000000035305e-01 0 -4.00122259059828522e+01
1 0 0 17 2.50000000000035305e-01 0.00000000000000000e+00 2.50000000000035305e-01 1 -1.54929006412472958e+00
1 0 0 17 2.50000000000035305e-01 0.00000000000000000e+00 2.50000000000035305e-01 2 4.91445182404431247e-01
1 0 0 17 2.50000000000035305e-01 0.00000000000000000e+00 2.50000000000035305e-01 3 2.99193054039024675e+00
1 0 0 17 2.50000000000035305e-01 0.00000000000000000e+00 2.50000000000035305e-01 4 1.08055633282543102e+01
1 0 0 17 2.50000000000035305e-01 0.00000000000000000e+00 2.50000000000035305e-01 5 1.40475291261617681e+01
1 0 0 17 2.50000000000035305e-01 0.00000000000000000e+00 2.50000000000035305e-01 6 1.61919039724734297e+01
1 0 0 17 2.50000000000035305e-01 0.00000000000000000e+00 2.50000000000035305e-01 7 1.75108215246210293e+01
1 0 0 17 2.50000000000035305e-01 0.00000000000000000e+00 2.50000000000035305e-01 8 2.04131240089644947e+01
1 0 0 17 2.50000000000035305e-01 0.00000000000000000e+00 2.50000000000035305e-01 9 2.28967489091896894e+01
1 0 0 17 2.50000000000035305e-01 0.00000000000000000e+00 2.50000000000035305e-01 10 2.94950004761188183e+01
1 0 0 17 2.50000000000035305e-01 0.00000000000000000e+00 2.50000000000035305e-01 11 3.17888806428219581e+01
1 0 0 17 2.50000000000035305e-01 0.00000000000000000e+00 2.50000000000035305e-01 12 3.34639110153995887e+01
1 0 0 17 2.50000000000035305e-01 0.00000000000000000e+00 2.50000000000035305e-01 13 3.77565533777106310e+01
1 0 0 17 2.50000000000035305e-01 0.00000000000000000e+00 2.50000000000035305e-01 14 4.10738647267827801e+01
1 0 0 17 2.50000000000035305e-01 0.00000000000000000e+00 2.50000000000035305e-01 15 4.43014891800321848e+01
1 0 0 17 2.50000000000035305e-01 0.00000000000000000e+00 2.50000000000035305e-01 16 4.78567961093371821e+01
1 0 0 17 2.50000000000035305e-01 0.00000000000000000e+00 2.50000000000035305e-01 17 4.93605850782866611e+01
1 0 0 17 2.50000000000035305e-01 0.00000000000000000e+00 2.50000000000035305e-01 18 5.59331037750959155e+01
1 0 0 17 2.50000000000035305e-01 0.00000000000000000e+00 2.50000000000035305e-01 19 1.32908141553528168e+02
1 0 0 17 2.50000000000035305e-01 0.00000000000000000e+00 2.50000000000035305e-01 20 1.54981676101540529e+02
1 0 0 17 2.50000000000035305e-01 0.00000000000000000e+00 2.50000000000035305e-01 21 2.73827613458187159e+02
1 0 0 17 2.50000000000035305e-01 0.00000000000000000e+00 2.50000000000035305e-01 22 6.66142309590393552e+02
1 0 0 17 2.50000000000035305e-01 0.00000000000000000e+00 2.50000000000035305e-01 23 1.66243695057754849e+03
1 0 0 17 2.50000000000035305e-01 0.00000000000000000e+00 2.50000000000035305e-01 24 1.69902450273797558e+03
1 0 0 17 2.50000000000035305e-01 0.00000000000000000e+00 2.50000000000035305e-01 25 1.98655099969868775e+03
1 0 0 18 4.99999999999988953e-01 0.00000000000000000e+00 2.49999999999953648e-01 0 -3.03266376352922222e+01
1 0 0 18 4.99999999999988953e-01 0.00000000000000000e+00 2.49999999999953648e-01 1 -6.00347975828522618e+00
1 0 0 18 4.99999999999988953e-01 0.00000000000000000e+00 2.49999999999953648e-01 2 3.80655256919933682e-01
1 0 0 18 4.99999999999988953e-01 0.00000000000000000e+00 2.49999999999953648e-01 3 8.86937485695297290e-01
1 0 0 18 4.99999999999988953e-01 0.00000000000000000e+00 2.49999999999953648e-01 4 1.09829847153742968e+01
1 0 0 18 4.99999999999988953e-01 0.00000000000000000e+00 2.49999999999953648e-01 5 1.39124289660344651e+01
1 0 0 18 4.99999999999988953e-01 0.00000000000000000e+00 2.49999999999953648e-01 6 1.70156717169938752e+01
1 0 0 18 4.99999999999988953e-01 0.00000000000000000e+00 2.49999999999953648e-01 7 1.81257638506382719e+01
1 0 0 18 4.99999999999988953e-01 0.00000000000000000e+00 2.49999999999953648e-01 8 2.34859447489941786e+01
1 0 0 18 4.99999999999988953e-01 0.00000000000000000e+00 2.49999999999953648e-01 9 2.59412004680206216e+01
1 0 0 18 4.99999999999988953e-01 0.00000000000000000e+00 2.49999999999953648e-01 10 2.82966344125862506e+01
1 0 0 18 4.99999999999988953e-01 0.00000000000000000e+00 2.49999999999953648e-01 11 2.88184775776114570e+01
1 0 0 18 4.99999999999988953e-01 0.00000000000000000e+00 2.49999999999953648e-01 12 3.67268067907535851e+01
1 0 0 18 4.99999999999988953e-01 0.00000000000000000e+00 2.49999999999953648e-01 13 3.73607509739763302e+01
1 0 0 18 4.99999999999988953e-01 0.00000000000000000e+00 2.49999999999953648e-01 14 3.83475667766601376e+01
1 0 0 18 4.99999999999988953e-01 0.00000000000000000e+00 2.49999999999953648e-01 15 4.28653340750004901e+01
1 0 0 18 4.99999999999988953e-01 0.00000000000000000e+00 2.49999999999953648e-01 16 4.68426375792974667e+01
1 0 0 18 4.99999999999988953e-01 0.00000000000000000e+00 2.49999999999953648e-01 17 4.88342339775441729e+01
1 0 0 18 4.99999999999988953e-01 0.00000000000000000e+00 2.49999999999953648e-01 18 5.16027115506356893e+01
1 0 0 18 4.99999999999988953e-01 0.00000000000000000e+00 2.49999999999953648e-01 19 7.36675312411228589e+01
1 0 0 18 4.99999999999988953e-01 0.00000000000000000e+00 2.49999999999953648e-01 20 1.18269586977664488e+02
1 0 0 18 4.99999999999988953e-01 0.00000000000000000e+00 2.49999999999953648e-01 21 1.31885074409625929e+02
1 0 0 18 4.99999999999988953e-01 0.00000000000000000e+00 2.49999999999953648e-01 22 8.92761561738132286e+02
1 0 0 18 4.99999999999988953e-01 0.00000000000000000e+00 2.49999999999953648e-01 23 1.10222491859272600e+03
1 0 0 18 4.99999999999988953e-01 0.00000000000000000e+00 2.49999999999953648e-01 24 1.91856216735585053e+03
1 0 0 18 4.99999999999988953e-01 0.00000000000000000e+00 2.49999999999953648e-01 25 3.16400868628082071e+03
1 0 0 19 7.50000000000024203e-01 0.00000000000000000e+00 2.49999999999953593e-01 0 -3.52603152836982119e+01
1 0 0 19 7.50000000000024203e-01 0.00000000000000000e+00 2.49999999999953593e-01 1 -3.86568209306599675e+00
1 0 0 19 7.50000000000024203e-01 0.00000000000000000e+00 2.49999999999953593e-01 2 -4.60838144894848589e-01
1 0 0 19 7.50000000000024203e-01 0.00000000000000000e+00 2.49999999999953593e-01 3 1.86949113367813080e+00
1 0 0 19 7.50000000000024203e-01 0.00000000000000000e+00 2.49999999999953593e-01 4 1.32389535543266401e+01
1 0 0 19 7.50000000000024203e-01 0.00000000000000000e+00 2.49999999999953593e-01 5 1.37876213959959237e+01
1 0 0 19 7.50000000000024203e-01 0.00000000000000000e+00 2.49999999999953593e-01 6 1.55730478362665998e+01
1 0 0 19 7.50000000000024203e-01 0.00000000000000000e+00 2.49999999999953593e-01 7 1.71642268762953698e+01
1 0 0 19 7.50000000000024203e-01 0.00000000000000000e+00 2.49999999999953593e-01 8 1.83794225310703148e+01
1 0 0 19 7.50000000000024203e-01 0.00000000000000000e+00 2.49999999999953593e-01 9 2.56432906294451293e+01
1 0 0 19 7.50000000000024203e-01 0.00000000000000000e+00 2.49999999999953593e-01 10 2.88739084728079654e+01
1 0 0 19 7.50000000000024203e-01 0.00000000000000000e+00 2.49999999999953593e-01 11 3.38208949438176063e+01
1 0 0 19 7.50000000000024203e-01 0.00000000000000000e+00 2.49999999999953593e-01 12 3.53309530905867177e+01
1 0 0 19 7.50000000000024203e-01 0.00000000000000000e+00 2.49999999999953593e-01 13 3.79235900423540642e+01
1 0 0 19 7.50000000000024203e-01 0.00000000000000000e+00 2.49999999999953593e-01 14 3.91087123999452828e+01
1 0 0 19 7.50000000000024203e-01 0.00000000000000000e+00 2.49999999999953593e-01 15 4.07471328556072478e+01
1 0 0 19 7.50000000000024203e-01 0.00000000000000000e+00 2.49999999999953593e-01 16 4.31000042144252191e+01
1 0 0 19 7.50000000000024203e-01 0.00000000000000000e+00 2.49999999999953593e-01 17 4.88775805610366021e+01
1 0 0 19 7.50000000000024203e-01 0.00000000000000000e+00 2.49999999999953593e-01 18 5.22057363505169363e+01
1 0 0 19 7.50000000000024203e-01 0.00000000000000000e+00 2.49999999999953593e-01 19 8.72518062318939940e+01
1 0 0 19 7.50000000000024203e-01 0.00000000000000000e+00 2.49999999999953593e-01 20 1.03623134634309309e+02
1 0 0 19 7.50000000000024203e-01 0.00000000000000000e+00 2.49999999999953593e-01 21 2.35969212630501090e+02
1 0 0 19 7.50000000000024203e-01 0.00000000000000000e+00 2.49999999999953593e-01 22 7.68992168172471906e+02
1 0 0 19 7.50000000000024203e-01 0.00000000000000000e+00 2.49999999999953593e-01 23 1.06226030533704738e+03
1 0 0 19 7.50000000000024203e-01 0.00000000000000000e+00 2.49999999999953593e-01 24 1.74900975277717203e+03
1 0 0 19 7.50000000000024203e-01 0.00000000000000000e+00 2.49999999999953593e-01 25 3.23562074011351706e+03
1 0 0 20 0.00000000000000000e+00 2.50000000000035305e-01 2.50000000000035305e-01 0 -3.98584573427831899e+01
1 0 0 20 0.00000000000000000e+00 2.50000000000035305e-01 2.50000000000035305e-01 1 -1.51066302516036077e+00
1 0 0 20 0.00000000000000000e+00 2.50000000000035305e-01 2.50000000000035305e-01 2 -2.85093121582058018e-01
1 0 0 20 0.00000000000000000e+00 2.50000000000035305e-01 2.50000000000035305e-01 3 2.90833374248487742e+00
1 0 0 20 0.00000000000000000e+00 2.50000000000035305e-01 2.50000000000035305e-01 4 1.01385795982870821e+01
1 0 0 20 0.00000000000000000e+00 2.50000000000035305e-01 2.50000000000035305e-01 5 1.41215647256325720e+01
1 0 0 20 0.00000000000000000e+00 2.50000000000035305e-01 2.50000000000035305e-01 6 1.63734466179357057e+01
1 0 0 20 0.00000000000000000e+00 2.50000000000035305e-01 2.50000000000035305e-01 7 1.72787625345268836e+01
1 0 0 20 0.00000000000000000e+00 2.50000000000035305e-01 2.50000000000035305e-01 8 2.05433792693403028e+01
1 0 0 20 0.00000000000000000e+00 2.50000000000035305e-01 2.50000000000035305e-01 9 2.31400674464514076e+01
1 0 0 20 0.00000000000000000e+00 2.50000000000035305e-01 2.50000000000035305e-01 10 2.95613431727555671e+01
1 0 0 20 0.00000000000000000e+00 2.50000000000035305e-01 2.50000000000035305e-01 11 3.18826512587064137e+01
1 0 0 20 0.00000000000000000e+00 2.50000000000035305e-01 2.50000000000035305e-01 12 3.29018317188665250e+01
1 0 0 20 0.00000000000000000e+00 2.50000000000035305e-01 2.50000000000035305e-01 13 3.79869384654777633e+01
1 0 0 20 0.00000000000000000e+00 2.50000000000035305e-01 2.50000000000035305e-01 14 4.10093068509491872e+01
1 0 0 20 0.00000000000000000e+00 2.50000000000035305e-01 2.50000000000035305e-01 15 4.43318652520026717e+01
1 0 0 20 0.00000000000000000e+00 2.50000000000035305e-01 2.50000000000035305e-01 16 4.76493448618407385e+01
1 0 0 20 0.00000000000000000e+00 2.50000000000035305e-01 2.50000000000035305e-01 17 4.95187552809670066e+01
1 0 0 20 0.00000000000000000e+00 2.50000000000035305e-01 2.50000000000035305e-01 18 5.51375966821994865e+01
1 0 0 20 0.00000000000000000e+00 2.50000000000035305e-01 2.50000000000035305e-01 19 1.42705615671456343e+02
1 0 0 20 0.00000000000000000e+00 2.50000000000035305e-01 2.50000000000035305e-01 20 1.48707387768876885e+02
1 0 0 20 0.00000000000000000e+00 2.50000000000035305e-01 2.50000000000035305e-01 21 2.80168158279820830e+02
1 0 0 20 0.00000000000000000e+00 2.50000000000035305e-01 2.50000000000035305e-01 22 6.58260253544419470e+02
1 0 0 20 0.00000000000000000e+00 2.50000000000035305e-01 2.50000000000035305e-01 23 1.57638708975944564e+03
1 0 0 20 0.00000000000000000e+00 2.50000000000035305e-01 2.50000000000035305e-01 24 1.70102399904797812e+03
1 0 0 20 0.00000000000000000e+00 2.50000000000035305e-01 2.50000000000035305e-01 25 1.98701615234747464e+03
1 0 0 21 2.50000000000035305e-01 2.50000000000035305e-01 2.50000000000035305e-01 0 -4.09129273814229890e+01
1 0 0 21 2.50000000000035305e-01 2.50000000000035305e-01 2.50000000000035305e-01 1 -1.56866979338049628e+00
1 0 0 21 2.50000000000035305e-01 2.50000000000035305e-01 2.50000000000035305e-01 2 8.88761282896406435e-01
1 0 0 21 2.50000000000035305e-01 2.50000000000035305e-01 2.50000000000035305e-01 3 3.45588428499101674e+00
1 0 0 21 2.50000000000035305e-01 2.50000000000035305e-01 2.50000000000035305e-01 4 1.16427094710380850e+01
1 0 0 21 2.50000000000035305e-01 2.50000000000035305e-01 2.50000000000035305e-01 5 1.36770348313457344e+01
1 0 0 21 2.50000000000035305e-01 2.50000000000035305e-01 2.50000000000035305e-01 6 1.40634219506962079e+01
1 0 0 21 2.50000000000035305e-01 2.50000000000035305e-01 2.50000000000035305e-01 7 1.82151499559379317e+01
1 0 0 21 2.50000000000035305e-01 2.50000000000035305e-01 2.50000000000035305e-01 8 1.84909516603580144e+01
1 0 0 21 2.50000000000035305e-01 2.50000000000035305e-01 2.50000000000035305e-01 9 2.05046953831335976e+01
1 0 0 21 2.50000000000035305e-01 2.50000000000035305e-01 2.50000000000035305e-01 10 3.07105075154656753e+01
1 0 0 21 2.50000000000035305e-01 2.50000000000035305e-01 2.50000000000035305e-01 11 3.26454134261048736e+01
1 0 0 21 2.50000000000035305e-01 2.50000000000035305e-01 2.50000000000035305e-01 12 3.36382715934753378e+01
1 0 0 21 2.50000000000035305e-01 2.50000000000035305e-01 2.50000000000035305e-01 13 3.51627504229647769e+01
1 0 0 21 2.50000000000035305e-01 2.50000000000035305e-01 2.50000000000035305e-01 14 4.30445074999424122e+01
1 0 0 21 2.50000000000035305e-01 2.50000000000035305e-01 2.50000000000035305e-01 15 4.36875450628592787e+01
1 0 0 21 2.50000000000035305e-01 2.50000000000035305e-01 2.50000000000035305e-01 16 5.05925854868711866e+01
1 0 0 21 2.50000000000035305e-01 2.50000000000035305e-01 2.50000000000035305e-01 17 5.16787661448210898e+01
1 0 0 21 2.50000000000035305e-01 2.50000000000035305e-01 2.50000000000035305e-01 18 5.23227750337271686e+01
1 0 0 21 2.50000000000035305e-01 2.50000000000035305e-01 2.50000000000035305e-01 19 1.17292682742631357e+02
1 0 0 21 2.50000000000035305e-01 2.50000000000035305e-01 2.50000000000035305e-01 20 3.29832309530885482e+02
1 0 0 21 2.50000000000035305e-01 2.50000000000035305e-01 2.50000000000035305e-01 21 3.49431999842116227e+02
1 0 0 21 2.50000000000035305e-01 2.50000000000035305e-01 2.50000000000035305e-01 22 8.15171618038214319e+02
1 0 0 21 2.50000000000035305e-01 2.50000000000035305e-01 2.50000000000035305e-01 23 8.67901917624613020e+02
1 0 0 21 2.50000000000035305e-01 2.50000000000035305e-01 2.50000000000035305e-01 24 1.34239518109097253e+03
1 0 0 21 2.50000000000035305e-01 2.50000000000035305e-01 2.50000000000035305e-01 25 2.81526654895767388e+03
1 0 0 22 5.00000000000070610e-01 2.50000000000035305e-01 2.50000000000035305e-01 0 -3.50627476601608592e+01
1 0 0 22 5.00000000000070610e-01 2.50000000000035305e-01 2.50000000000035305e-01 1 -3.45328717302388366e+00
1 0 0 22 5.00000000000070610e-01 2.50000000000035305e-01 2.50000000000035305e-01 2 -2.82137101799372125e-01
1 0 0 22 5.00000000000070610e-01 2.50000000000035305e-01 2.50000000000035305e-01 3 1.05017040452392996e+00
1 0 0 22 5.00000000000070610e-01 2.50000000000035305e-01 2.50000000000035305e-01 4 1.30945870397961386e+01
1 0 0 22 5.00000000000070610e-01 2.50000000000035305e-01 2.50000000000035305e-01 5 1.38659941116081278e+01
1 0 0 22 5.00000000000070610e-01 2.50000000000035305e-01 2.50000000000035305e-01 6 1.51822797060618147e+01
1 0 0 22 5.00000000000070610e-01 2.50000000000035305e-01 2.50000000000035305e-01 7 1.68552278800335280e+01
1 0 0 22 5.00000000000070610e-01 2.50000000000035305e-01 2.50000000000035305e-01 8 1.92532329485499822e+01
1 0 0 22 5.00000000000070610e-01 2.50000000000035305e-01 2.50000000000035305e-01 9 2.55922810623842203e+01
1 0 0 22 5.00000000000070610e-01 2.50000000000035305e-01 2.50000000000035305e-01 10 2.82560173663276828e+01
1 0 0 22 5.00000000000070610e-01 2.50000000000035305e-01 2.50000000000035305e-01 11 3.37037385052552025e+01
1 0 0 22 5.00000000000070610e-01 2.50000000000035305e-01 2.50000000000035305e-01 12 3.40556330544094976e+01
1 0 0 22 5.00000000000070610e-01 2.50000000000035305e-01 2.50000000000035305e-01 13 3.63843029573048042e+01
1 0 0 22 5.00000000000070610e-01 2.50000000000035305e-01 2.50000000000035305e-01 14 3.96387792867479476e+01
1 0 0 22 5.00000000000070610e-01 2.50000000000035305e-01 2.50000000000035305e-01 15 4.19466716555469787e+01
1 0 0 22 5.00000000000070610e-01 2.50000000000035305e-01 2.50000000000035305e-01 16 4.43263523294576984e+01
1 0 0 22 5.00000000000070610e-01 2.50000000000035305e-01 2.50000000000035305e-01 17 4.86304475368031248e+01
1 0 0 22 5.00000000000070610e-01 2.50000000000035305e-01 2.50000000000035305e-01 18 5.27494551122473538e+01
1 0 0 22 5.00000000000070610e-01 2.50000000000035305e-01 2.50000000000035305e-01 19 8.94549249496696319e+01
1 0 0 22 5.00000000000070610e-01 2.50000000000035305e-01 2.50000000000035305e-01 20 1.08155833316021898e+02
1 0 0 22 5.00000000000070610e-01 2.50000000000035305e-01 2.50000000000035305e-01 21 2.24038956207479629e+02
1 0 0 22 5.00000000000070610e-01 2.50000000000035305e-01 2.50000000000035305e-01 22 7.63625669137018917e+02
1 0 0 22 5.00000000000070610e-01 2.50000000000035305e-01 2.50000000000035305e-01 23 1.03402581970278061e+03
1 0 0 22 5.00000000000070610e-01 2.50000000000035305e-01 2.50000000000035305e-01 24 1.76662310948809909e+03
1 0 0 22 5.00000000000070610e-01 2.50000000000035305e-01 2.50000000000035305e-01 25 3.24197842159979473e+03
1 0 0 23 7.49999999999942601e-01 2.49999999999953648e-01 2.49999999999953648e-01 0 -2.94409071475210098e+01
1 0 0 23 7.49999999999942601e-01 2.49999999999953648e-01 2.49999999999953648e-01 1 -5.94502627371457937e+00
1 0 0 23 7.49999999999942601e-01 2.49999999999953648e-01 2.49999999999953648e-01 2 -7.21137609045999661e-01
1 0 0 23 7.49999999999942601e-01 2.49999999999953648e-01 2.49999999999953648e-01 3 9.33193891005839493e-01
1 0 0 23 7.49999999999942601e-01 2.49999999999953648e-01 2.49999999999953648e-01 4 1.09689176160011321e+01
1 0 0 23 7.49999999999942601e-01 2.49999999999953648e-01 2.49999999999953648e-01 5 1.40251826861660263e+01
1 0 0 23 7.49999999999942601e-01 2.49999999999953648e-01 2.49999999999953648e-01 6 1.66214393007037486e+01
1 0 0 23 7.49999999999942601e-01 2.49999999999953648e-01 2.49999999999953648e-01 7 1.68682814227637259e+01
1 0 0 23 7.49999999999942601e-01 2.49999999999953648e-01 2.49999999999953648e-01 8 2.35715454968046672e+01
1 0 0 23 7.49999999999942601e-01 2.49999999999953648e-01 2.49999999999953648e-01 9 2.66938917036431675e+01
1 0 0 23 7.49999999999942601e-01 2.49999999999953648e-01 2.49999999999953648e-01 10 2.83290791553853332e+01
1 0 0 23 7.49999999999942601e-01 2.49999999999953648e-01 2.49999999999953648e-01 11 2.92410057527815219e+01
1 0 0 23 7.49999999999942601e-01 2.49999999999953648e-01 2.49999999999953648e-01 12 3.57678351610333394e+01
1 0 0 23 7.49999999999942601e-01 2.49999999999953648e-01 2.49999999999953648e-01 13 3.73741298778713400e+01
1 0 0 23 7.49999999999942601e-01 2.49999999999953648e-01 2.49999999999953648e-01 14 3.85560246473318671e+01
1 0 0 23 7.49999999999942601e-01 2.49999999999953648e-01 2.49999999999953648e-01 15 4.24047651053727108e+01
1 0 0 23 7.49999999999942601e-01 2.49999999999953648e-01 2.49999999999953648e-01 16 4.77066585083352308e+01
1 0 0 23 7.49999999999942601e-01 2.49999999999953648e-01 2.49999999999953648e-01 17 4.84006676264859195e+01
1 0 0 23 7.49999999999942601e-01 2.49999999999953648e-01 2.49999999999953648e-01 18 5.23951348661297800e+01
1 0 0 23 7.49999999999942601e-01 2.49999999999953648e-01 2.49999999999953648e-01 19 7.37950015666001491e+01
1 0 0 23 7.49999999999942601e-01 2.49999999999953648e-01 2.49999999999953648e-01 20 1.22859793300889876e+02
1 0 0 23 7.49999999999942601e-01 2.49999999999953648e-01 2.49999999999953648e-01 21 1.31742372485590238e+02
1 0 0 23 7.49999999999942601e-01 2.49999999999953648e-01 2.49999999999953648e-01 22 8.73404540235192940e+02
1 0 0 23 7.49999999999942601e-01 2.49999999999953648e-01 2.49999999999953648e-01 23 1.08708739749336632e+03
1 0 0 23 7.49999999999942601e-01 2.49999999999953648e-01 2.49999999999953648e-01 24 1.84115893259158156e+03
1 0 0 23 7.49999999999942601e-01 2.49999999999953648e-01 2.49999999999953648e-01 25 3.37173538630667554e+03
1 0 0 24 0.00000000000000000e+00 4.99999999999988953e-01 2.49999999999953648e-01 0 -2.95637793559540363e+01
1 0 0 24 0.00000000000000000e+00 4.99999999999988953e-01 2.49999999999953648e-01 1 -6.55642658131973555e+00
1 0 0 24 0.00000000000000000e+00 4.99999999999988953e-01 2.49999999999953648e-01 2 -3.09583382164480336e-01
1 0 0 24 0.00000000000000000e+00 4.99999999999988953e-01 2.49999999999953648e-01 3 2.03351834920873209e+00
1 0 0 24 0.00000000000000000e+00 4.99999999999988953e-01 2.49999999999953648e-01 4 1.13966169661704626e+01
1 0 0 24 0.00000000000000000e+00 4.99999999999988953e-01 2.49999999999953648e-01 5 1.37303973864099707e+01
1 0 0 24 0.00000000000000000e+00 4.99999999999988953e-01 2.49999999999953648e-01 6 1.68808388160550713e+01
1 0 0 24 0.00000000000000000e+00 4.99999999999988953e-01 2.49999999999953648e-01 7 1.80068559635179533e+01
1 0 0 24 0.00000000000000000e+00 4.99999999999988953e-01 2.49999999999953648e-01 8 2.32544670439619097e+01
1 0 0 24 0.00000000000000000e+00 4.99999999999988953e-01 2.49999999999953648e-01 9 2.51745229286155485e+01
1 0 0 24 0.00000000000000000e+00 4.99999999999988953e-01 2.49999999999953648e-01 10 2.82623262108767470e+01
1 0 0 24 0.00000000000000000e+00 4.99999999999988953e-01 2.49999999999953648e-01 11 2.91518604117063553e+01
1 0 0 24 0.00000000000000000e+00 4.99999999999988953e-01 2.49999999999953648e-01 12 3.59552135729957030e+01
1 0 0 24 0.00000000000000000e+00 4.99999999999988953e-01 2.49999999999953648e-01 13 3.79441367896065174e+01
1 0 0 24 0.00000000000000000e+00 4.99999999999988953e-01 2.49999999999953648e-01 14 3.89469906333080615e+01
1 0 0 24 0.00000000000000000e+00 4.99999999999988953e-01 2.49999999999953648e-01 15 4.26116595010773480e+01
1 0 0 24 0.00000000000000000e+00 4.99999999999988953e-01 2.49999999999953648e-01 16 4.75109678012062631e+01
1 0 0 24 0.00000000000000000e+00 4.99999999999988953e-01 2.49999999999953648e-01 17 4.93442882333501274e+01
1 0 0 24 0.00000000000000000e+00 4.99999999999988953e-01 2.49999999999953648e-01 18 5.11920306598320565e+01
1 0 0 24 0.00000000000000000e+00 4.99999999999988953e-01 2.49999999999953648e-01 19 7.19550475208570646e+01
1 0 0 24 0.00000000000000000e+00 4.99999999999988953e-01 2.49999999999953648e-01 20 1.17672020526967245e+02
1 0 0 24 0.00000000000000000e+00 4.99999999999988953e-01 2.49999999999953648e-01 21 1.28477678511410915e+02
1 0 0 24 0.00000000000000000e+00 4.99999999999988953e-01 2.49999999999953648e-01 22 8.74185289737639664e+02
1 0 0 24 0.00000000000000000e+00 4.99999999999988953e-01 2.49999999999953648e-01 23 1.06213739419414696e+03
1 0 0 24 0.00000000000000000e+00 4.99999999999988953e-01 2.49999999999953648e-01 24 1.95573789544887313e+03
1 0 0 24 0.00000000000000000e+00 4.99999999999988953e-01 2.49999999999953648e-01 25 3.26784954337902764e+03
1 0 0 25 2.50000000000035305e-01 5.00000000000070610e-01 2.50000000000035305e-01 0 -3.49219971610513014e+01
1 0 0 25 2.50000000000035305e-01 5.00000000000070610e-01 2.50000000000035305e-01 1 -4.65535309456104152e+00
1 0 0 25 2.50000000000035305e-01 5.00000000000070610e-01 2.50000000000035305e-01 2 4.10240728326296600e-01
1 0 0 25 2.50000000000035305e-01 5.00000000000070610e-01 2.50000000000035305e-01 3 2.20546601428836730e+00
1 0 0 25 2.50000000000035305e-01 5.00000000000070610e-01 2.50000000000035305e-01 4 1.33220365306225315e+01
1 0 0 25 2.50000000000035305e-01 5.00000000000070610e-01 2.50000000000035305e-01 5 1.38709572231568501e+01
1 0 0 25 2.50000000000035305e-01 5.00000000000070610e-01 2.50000000000035305e-01 6 1.56810605998572274e+01
1 0 0 25 2.50000000000035305e-01 5.00000000000070610e-01 2.50000000000035305e-01 7 1.74107374056545439e+01
1 0 0 25 2.50000000000035305e-01 5.00000000000070610e-01 2.50000000000035305e-01 8 1.90074402744489817e+01
1 0 0 25 2.50000000000035305e-01 5.00000000000070610e-01 2.50000000000035305e-01 9 2.49294124814798792e+01
1 0 0 25 2.50000000000035305e-01 5.00000000000070610e-01 2.50000000000035305e-01 10 2.84101715165355841e+01
1 0 0 25 2.50000000000035305e-01 5.00000000000070610e-01 2.50000000000035305e-01 11 3.30725224028483638e+01
1 0 0 25 2.50000000000035305e-01 5.00000000000070610e-01 2.50000000000035305e-01 12 3.48719334210784737e+01
1 0 0 25 2.50000000000035305e-01 5.00000000000070610e-01 2.50000000000035305e-01 13 3.56119383915729273e+01
1 0 0 25 2.50000000000035305e-01 5.00000000000070610e-01 2.50000000000035305e-01 14 3.83954816462965667e+01
1 0 0 25 2.50000000000035305e-01 5.00000000000070610e-01 2.50000000000035305e-01 15 4.23329476037799566e+01
1 0 0 25 2.50000000000035305e-01 5.00000000000070610e-01 2.50000000000035305e-01 16 4.45597453776331562e+01
1 0 0 25 2.50000000000035305e-01 5.00000000000070610e-01 2.50000000000035305e-01 17 4.85298155723558224e+01
1 0 0 25 2.50000000000035305e-01 5.00000000000070610e-01 2.50000000000035305e-01 18 5.34918042835126499e+01
1 0 0 25 2.50000000000035305e-01 5.00000000000070610e-01 2.50000000000035305e-01 19 8.47604357553363030e+01
1 0 0 25 2.50000000000035305e-01 5.00000000000070610e-01 2.50000000000035305e-01 20 1.08224933403164329e+02
1 0 0 25 2.50000000000035305e-01 5.00000000000070610e-01 2.50000000000035305e-01 21 2.36245681672486199e+02
1 0 0 25 2.50000000000035305e-01 5.00000000000070610e-01 2.50000000000035305e-01 22 7.68026096191770080e+02
1 0 0 25 2.50000000000035305e-01 5.00000000000070610e-01 2.50000000000035305e-01 23 1.00880913785442283e+03
1 0 0 25 2.50000000000035305e-01 5.00000000000070610e-01 2.50000000000035305e-01 24 1.69241250230947367e+03
1 0 0 25 2.50000000000035305e-01 5.00000000000070610e-01 2.50000000000035305e-01 25 3.30488080065042323e+03
1 0 0 26 4.99999999999988953e-01 4.99999999999988953e-01 2.50000000000035305e-01 0 -3.45909746424076658e+01
1 0 0 26 4.99999999999988953e-01 4.99999999999988953e-01 2.50000000000035305e-01 1 -5.54621887369724043e+00
1 0 0 26 4.99999999999988953e-01 4.99999999999988953e-01 2.50000000000035305e-01 2 -3.75989224422392965e-01
1 0 0 26 4.99999999999988953e-01 4.99999999999988953e-01 2.50000000000035305e-01 3 2.01727746024195742e+00
1 0 0 26 4.99999999999988953e-01 4.99999999999988953e-01 2.50000000000035305e-01 4 1.07243179054679434e+01
1 0 0 26 4.99999999999988953e-01 4.99999999999988953e-01 2.50000000000035305e-01 5 1.34472199136801542e+01
1 0 0 26 4.99999999999988953e-01 4.99999999999988953e-01 2.50000000000035305e-01 6 1.68673595823468538e+01
1 0 0 26 4.99999999999988953e-01 4.99999999999988953e-01 2.50000000000035305e-01 7 1.76693073931455729e+01
1 0 0 26 4.99999999999988953e-01 4.99999999999988953e-01 2.50000000000035305e-01 8 2.38834410057092086e+01
1 0 0 26 4.99999999999988953e-01 4.99999999999988953e-01 2.50000000000035305e-01 9 2.53382172715163669e+01
1 0 0 26 4.99999999999988953e-01 4.99999999999988953e-01 2.50000000000035305e-01 10 2.74685505041425841e+01
1 0 0 26 4.99999999999988953e-01 4.99999999999988953e-01 2.50000000000035305e-01 11 2.89304611776741361e+01
1 0 0 26 4.99999999999988953e-01 4.99999999999988953e-01 2.50000000000035305e-01 12 3.63766449575972715e+01
1 0 0 26 4.99999999999988953e-01 4.99999999999988953e-01 2.50000000000035305e-01 13 3.83499852077331695e+01
1 0 0 26 4.99999999999988953e-01 4.99999999999988953e-01 2.50000000000035305e-01 14 3.93784638870169275e+01
1 0 0 26 4.99999999999988953e-01 4.99999999999988953e-01 2.50000000000035305e-01 15 4.20703182149076795e+01
1 0 0 26 4.99999999999988953e-01 4.99999999999988953e-01 2.50000000000035305e-01 16 4.69021002500828956e+01
1 0 0 26 4.99999999999988953e-01 4.99999999999988953e-01 2.50000000000035305e-01 17 4.93554673473253160e+01
1 0 0 26 4.99999999999988953e-01 4.99999999999988953e-01 2.50000000000035305e-01 18 5.20493206848120096e+01
1 0 0 26 4.99999999999988953e-01 4.99999999999988953e-01 2.50000000000035305e-01 19 7.41137643314223737e+01
1 0 0 26 4.99999999999988953e-01 4.99999999999988953e-01 2.50000000000035305e-01 20 1.19468348362896606e+02
1 0 0 26 4.99999999999988953e-01 4.99999999999988953e-01 2.50000000000035305e-01 21 1.30982035185506703e+02
1 0 0 26 4.99999999999988953e-01 4.99999999999988953e-01 2.50000000000035305e-01 22 9.17928753574973712e+02
1 0 0 26 4.99999999999988953e-01 4.99999999999988953e-01 2.50000000000035305e-01 23 1.09641248061309147e+03
1 0 0 26 4.99999999999988953e-01 4.99999999999988953e-01 2.50000000000035305e-01 24 1.85408882533897690e+03
1 0 0 26 4.99999999999988953e-01 4.99999999999988953e-01 2.50000000000035305e-01 25 3.42347909904618837e+03
1 0 0 27 7.50000000000024203e-01 4.99999999999988898e-01 2.50000000000035305e-01 0 -2.83309046619558487e+01
1 0 0 27 7.50000000000024203e-01 4.99999999999988898e-01 2.50000000000035305e-01 1 -5.68363218239228818e+00
1 0 0 27 7.50000000000024203e-01 4.99999999999988898e-01 2.50000000000035305e-01 2 -1.24270005540068285e+00
1 0 0 27 7.50000000000024203e-01 4.99999999999988898e-01 2.50000000000035305e-01 3 4.38171996785645501e-01
1 0 0 27 7.50000000000024203e-01 4.99999999999988898e-01 2.50000000000035305e-01 4 1.23063627652988110e+01
1 0 0 27 7.50000000000024203e-01 4.99999999999988898e-01 2.50000000000035305e-01 5 1.34997756844095456e+01
1 0 0 27 7.50000000000024203e-01 4.99999999999988898e-01 2.50000000000035305e-01 6 1.58647141965308158e+01
1 0 0 27 7.50000000000024203e-01 4.99999999999988898e-01 2.50000000000035305e-01 7 1.79098408221075722e+01
1 0 0 27 7.50000000000024203e-01 4.99999999999988898e-01 2.50000000000035305e-01 8 2.32541616931117154e+01
1 0 0 27 7.50000000000024203e-01 4.99999999999988898e-01 2.50000000000035305e-01 9 2.49337270348836704e+01
1 0 0 27 7.50000000000024203e-01 4.99999999999988898e-01 2.50000000000035305e-01 10 2.92427704551912306e+01
1 0 0 27 7.50000000000024203e-01 4.99999999999988898e-01 2.50000000000035305e-01 11 3.11444316894106912e+01
1 0 0 27 7.50000000000024203e-01 4.99999999999988898e-01 2.50000000000035305e-01 12 3.62458391651706293e+01
1 0 0 27 7.50000000000024203e-01 4.99999999999988898e-01 2.50000000000035305e-01 13 3.77467262841879645e+01
1 0 0 27 7.50000000000024203e-01 4.99999999999988898e-01 2.50000000000035305e-01 14 3.98956453366809640e+01
1 0 0 27 7.50000000000024203e-01 4.99999999999988898e-01 2.50000000000035305e-01 15 4.17422916332135117e+01
1 0 0 27 7.50000000000024203e-01 4.99999999999988898e-01 2.50000000000035305e-01 16 4.33903095928710698e+01
1 0 0 27 7.50000000000024203e-01 4.99999999999988898e-01 2.50000000000035305e-01 17 4.47471358522794560e+01
1 0 0 27 7.50000000000024203e-01 4.99999999999988898e-01 2.50000000000035305e-01 18 5.40143582444077168e+01
1 0 0 27 7.50000000000024203e-01 4.99999999999988898e-01 2.50000000000035305e-01 19 5.72853709394002237e+01
1 0 0 27 7.50000000000024203e-01 4.99999999999988898e-01 2.50000000000035305e-01 20 9.31665903308805525e+01
1 0 0 27 7.50000000000024203e-01 4.99999999999988898e-01 2.50000000000035305e-01 21 9.94805928993770152e+01
1 0 0 27 7.50000000000024203e-01 4.99999999999988898e-01 2.50000000000035305e-01 22 1.32609943309980554e+03
1 0 0 27 7.50000000000024203e-01 4.99999999999988898e-01 2.50000000000035305e-01 23 1.46154932121797833e+03
1 0 0 27 7.50000000000024203e-01 4.99999999999988898e-01 2.50000000000035305e-01 24 2.45719904146228828e+03
1 0 0 27 7.50000000000024203e-01 4.99999999999988898e-01 2.50000000000035305e-01 25 2.54710433671281817e+03
1 0 0 28 0.00000000000000000e+00 7.50000000000024203e-01 2.49999999999953593e-01 0 -3.55726865748710637e+01
1 0 0 28 0.00000000000000000e+00 7.50000000000024203e-01 2.49999999999953593e-01 1 -3.39416530560221874e+00
1 0 0 28 0.00000000000000000e+00 7.50000000000024203e-01 2.49999999999953593e-01 2 -9.44795270924048657e-03
1 0 0 28 0.00000000000000000e+00 7.50000000000024203e-01 2.49999999999953593e-01 3 2.47964541520579651e+00
1 0 0 28 0.00000000000000000e+00 7.50000000000024203e-01 2.49999999999953593e-01 4 1.32019684212710011e+01
1 0 0 28 0.00000000000000000e+00 7.50000000000024203e-01 2.49999999999953593e-01 5 1.39104814867998972e+01
1 0 0 28 0.00000000000000000e+00 7.50000000000024203e-01 2.49999999999953593e-01 6 1.59559702930487166e+01
1 0 0 28 0.00000000000000000e+00 7.50000000000024203e-01 2.49999999999953593e-01 7 1.69255655966407446e+01
1 0 0 28 0.00000000000000000e+00 7.50000000000024203e-01 2.49999999999953593e-01 8 1.84046468705044397e+01
1 0 0 28 0.00000000000000000e+00 7.50000000000024203e-01 2.49999999999953593e-01 9 2.56262661818173640e+01
1 0 0 28 0.00000000000000000e+00 7.50000000000024203e-01 2.49999999999953593e-01 10 2.84577360412411231e+01
1 0 0 28 0.00000000000000000e+00 7.50000000000024203e-01 2.49999999999953593e-01 11 3.29898093333177158e+01
1 0 0 28 0.00000000000000000e+00 7.50000000000024203e-01 2.49999999999953593e-01 12 3.46550658141688146e+01
1 0 0 28 0.00000000000000000e+00 7.50000000000024203e-01 2.49999999999953593e-01 13 3.62134341248527392e+01
1 0 0 28 0.00000000000000000e+00 7.50000000000024203e-01 2.49999999999953593e-01 14 3.98924768549698143e+01
1 0 0 28 0.00000000000000000e+00 7.50000000000024203e-01 2.49999999999953593e-01 15 4.16635630910106016e+01
1 0 0 28 0.00000000000000000e+00 7.50000000000024203e-01 2.49999999999953593e-01 16 4.48489541913363396e+01
1 0 0 28 0.00000000000000000e+00 7.50000000000024203e-01 2.49999999999953593e-01 17 4.88631758690216245e+01
1 0 0 28 0.00000000000000000e+00 7.50000000000024203e-01 2.49999999999953593e-01 18 5.27444823366554658e+01
1 0 0 28 0.00000000000000000e+00 7.50000000000024203e-01 2.49999999999953593e-01 19 8.41768252280037217e+01
1 0 0 28 0.00000000000000000e+00 7.50000000000024203e-01 2.49999999999953593e-01 20 1.05764972199911071e+02
1 0 0 28 0.00000000000000000e+00 7.50000000000024203e-01 2.49999999999953593e-01 21 2.42550257563905063e+02
1 0 0 28 0.00000000000000000e+00 7.50000000000024203e-01 2.49999999999953593e-01 22 6.89412198679876838e+02
1 0 0 28 0.00000000000000000e+00 7.50000000000024203e-01 2.49999999999953593e-01 23 9.77075609363051626e+02
1 0 0 28 0.00000000000000000e+00 7.50000000000024203e-01 2.49999999999953593e-01 24 1.79111147991190205e+03
1 0 0 28 0.00000000000000000e+00 7.50000000000024203e-01 2.49999999999953593e-01 25 3.31904550495492140e+03
1 0 0 29 2.49999999999953648e-01 7.49999999999942601e-01 2.49999999999953648e-01 0 -3.07908380453503909e+01
1 0 0 29 2.49999999999953648e-01 7.49999999999942601e-01 2.49999999999953648e-01 1 -5.65122345981944640e+00
1 0 0 29 2.49999999999953648e-01 7.49999999999942601e-01 2.49999999999953648e-01 2 -4.13899933123644259e-01
1 0 0 29 2.49999999999953648e-01 7.49999999999942601e-01 2.49999999999953648e-01 3 2.64499765302665235e+00
1 0 0 29 2.49999999999953648e-01 7.49999999999942601e-01 2.49999999999953648e-01 4 1.12531653659655166e+01
1 0 0 29 2.49999999999953648e-01 7.49999999999942601e-01 2.49999999999953648e-01 5 1.40517347698252326e+01
1 0 0 29 2.49999999999953648e-01 7.49999999999942601e-01 2.49999999999953648e-01 6 1.66458867051718720e+01
1 0 0 29 2.49999999999953648e-01 7.49999999999942601e-01 2.49999999999953648e-01 7 1.80166337126101190e+01
1 0 0 29 2.49999999999953648e-01 7.49999999999942601e-01 2.49999999999953648e-01 8 2.36815692957201449e+01
1 0 0 29 2.49999999999953648e-01 7.49999999999942601e-01 2.49999999999953648e-01 9 2.58104340280976068e+01
1 0 0 29 2.49999999999953648e-01 7.49999999999942601e-01 2.49999999999953648e-01 10 2.76548894916999259e+01
1 0 0 29 2.49999999999953648e-01 7.49999999999942601e-01 2.49999999999953648e-01 11 2.92983941576612139e+01
1 0 0 29 2.49999999999953648e-01 7.49999999999942601e-01 2.49999999999953648e-01 12 3.60223109317650554e+01
1 0 0 29 2.49999999999953648e-01 7.49999999999942601e-01 2.49999999999953648e-01 13 3.70453333236306293e+01
1 0 0 29 2.49999999999953648e-01 7.49999999999942601e-01 2.49999999999953648e-01 14 3.80636961351921812e+01
1 0 0 29 2.49999999999953648e-01 7.49999999999942601e-01 2.49999999999953648e-01 15 4.24423889110169554e+01
1 0 0 29 2.49999999999953648e-01 7.49999999999942601e-01 2.49999999999953648e-01 16 4.74059356940340280e+01
1 0 0 29 2.49999999999953648e-01 7.49999999999942601e-01 2.49999999999953648e-01 17 4.87975548779563937e+01
1 0 0 29 2.49999999999953648e-01 7.49999999999942601e-01 2.49999999999953648e-01 18 5.31150739746579390e+01
1 0 0 29 2.49999999999953648e-01 7.49999999999942601e-01 2.49999999999953648e-01 19 7.15509879354843719e+01
1 0 0 29 2.49999999999953648e-01 7.49999999999942601e-01 2.49999999999953648e-01 20 1.19444219083189239e+02
1 0 0 29 2.49999999999953648e-01 7.49999999999942601e-01 2.49999999999953648e-01 21 1.27457229717051803e+02
1 0 0 29 2.49999999999953648e-01 7.49999999999942601e-01 2.49999999999953648e-01 22 9.06595378005859288e+02
1 0 0 29 2.49999999999953648e-01 7.49999999999942601e-01 2.49999999999953648e-01 23 1.13612585531560171e+03
1 0 0 29 2.49999999999953648e-01 7.49999999999942601e-01 2.49999999999953648e-01 24 1.82296951421501694e+03
1 0 0 29 2.49999999999953648e-01 7.49999999999942601e-01 2.49999999999953648e-01 25 3.37568133492742618e+03
1 0 0 30 4.99999999999988898e-01 7.50000000000024203e-01 2.50000000000035305e-01 0 -3.00673488417277390e+01
1 0 0 30 4.99999999999988898e-01 7.50000000000024203e-01 2.50000000000035305e-01 1 -4.94162668625989188e+00
1 0 0 30 4.99999999999988898e-01 7.50000000000024203e-01 2.50000000000035305e-01 2 -1.22216118511630190e+00
1 0 0 30 4.99999999999988898e-01 7.50000000000024203e-01 2.50000000000035305e-01 3 -2.14968789488481776e-01
1 0 0 30 4.99999999999988898e-01 7.50000000000024203e-01 2.50000000000035305e-01 4 1.25858811429760724e+01
1 0 0 30 4.99999999999988898e-01 7.50000000000024203e-01 2.50000000000035305e-01 5 1.36503939664687302e+01
1 0 0 30 4.99999999999988898e-01 7.50000000000024203e-01 2.50000000000035305e-01 6 1.68078007640028027e+01
1 0 0 30 4.99999999999988898e-01 7.50000000000024203e-01 2.50000000000035305e-01 7 1.81201473518749729e+01
1 0 0 30 4.99999999999988898e-01 7.50000000000024203e-01 2.50000000000035305e-01 8 2.38287681676642151e+01
1 0 0 30 4.99999999999988898e-01 7.50000000000024203e-01 2.50000000000035305e-01 9 2.56682405913091394e+01
1 0 0 30 4.99999999999988898e-01 7.50000000000024203e-01 2.50000000000035305e-01 10 2.89878345380770881e+01
1 0 0 30 4.99999999999988898e-01 7.50000000000024203e-01 2.50000000000035305e-01 11 3.09662192143498274e+01
1 0 0 30 4.99999999999988898e-01 7.50000000000024203e-01 2.50000000000035305e-01 12 3.62554559906720257e+01
1 0 0 30 4.99999999999988898e-01 7.50000000000024203e-01 2.50000000000035305e-01 13 3.77683931896912668e+01
1 0 0 30 4.99999999999988898e-01 7.50000000000024203e-01 2.50000000000035305e-01 14 3.98628695301117446e+01
1 0 0 30 4.99999999999988898e-01 7.50000000000024203e-01 2.50000000000035305e-01 15 4.16338546150517317e+01
1 0 0 30 4.99999999999988898e-01 7.50000000000024203e-01 2.50000000000035305e-01 16 4.30777704741175143e+01
1 0 0 30 4.99999999999988898e-01 7.50000000000024203e-01 2.50000000000035305e-01 17 4.45385072635202377e+01
1 0 0 30 4.99999999999988898e-01 7.50000000000024203e-01 2.50000000000035305e-01 18 5.43913702040363702e+01
1 0 0 30 4.99999999999988898e-01 7.50000000000024203e-01 2.50000000000035305e-01 19 5.82501464064123411e+01
1 0 0 30 4.99999999999988898e-01 7.50000000000024203e-01 2.50000000000035305e-01 20 9.33933707813751823e+01
1 0 0 30 4.99999999999988898e-01 7.50000000000024203e-01 2.50000000000035305e-01 21 9.79660695905669030e+01
1 0 0 30 4.99999999999988898e-01 7.50000000000024203e-01 2.50000000000035305e-01 22 1.35380518242011408e+03
1 0 0 30 4.99999999999988898e-01 7.50000000000024203e-01 2.50000000000035305e-01 23 1.53252229281636141e+03
1 0 0 30 4.99999999999988898e-01 7.50000000000024203e-01 2.50000000000035305e-01 24 2.31261266519858054e+03
1 0 0 30 4.99999999999988898e-01 7.50000000000024203e-01 2.50000000000035305e-01 25 2.52179043325599469e+03
1 0 0 31 7.50000000000024314e-01 7.50000000000024314e-01 2.50000000000035305e-01 0 -3.53589657011872731e+01
1 0 0 31 7.50000000000024314e-01 7.50000000000024314e-01 2.50000000000035305e-01 1 -4.79508990787790257e+00
1 0 0 31 7.50000000000024314e-01 7.50000000000024314e-01 2.50000000000035305e-01 2 -5.03744102011929762e-01
1 0 0 31 7.50000000000024314e-01 7.50000000000024314e-01 2.50000000000035305e-01 3 2.23501437067044373e+00
1 0 0 31 7.50000000000024314e-01 7.50000000000024314e-01 2.50000000000035305e-01 4 1.04427576654993821e+01
1 0 0 31 7.50000000000024314e-01 7.50000000000024314e-01 2.50000000000035305e-01 5 1.39268701404662902e+01
1 0 0 31 7.50000000000024314e-01 7.50000000000024314e-01 2.50000000000035305e-01 6 1.68436584196604180e+01
1 0 0 31 7.50000000000024314e-01 7.50000000000024314e-01 2.50000000000035305e-01 7 1.74655426023732652e+01
1 0 0 31 7.50000000000024314e-01 7.50000000000024314e-01 2.50000000000035305e-01 8 2.41719925800449644e+01
1 0 0 31 7.50000000000024314e-01 7.50000000000024314e-01 2.50000000000035305e-01 9 2.63177646882951102e+01
1 0 0 31 7.50000000000024314e-01 7.50000000000024314e-01 2.50000000000035305e-01 10 2.81322869586848476e+01
1 0 0 31 7.50000000000024314e-01 7.50000000000024314e-01 2.50000000000035305e-01 11 2.93187738933663589e+01
1 0 0 31 7.50000000000024314e-01 7.50000000000024314e-01 2.50000000000035305e-01 12 3.68758945582003150e+01
1 0 0 31 7.50000000000024314e-01 7.50000000000024314e-01 2.50000000000035305e-01 13 3.75657075591386160e+01
1 0 0 31 7.50000000000024314e-01 7.50000000000024314e-01 2.50000000000035305e-01 14 3.86127801954267369e+01
1 0 0 31 7.50000000000024314e-01 7.50000000000024314e-01 2.50000000000035305e-01 15 4.21359272079924310e+01
1 0 0 31 7.50000000000024314e-01 7.50000000000024314e-01 2.50000000000035305e-01 16 4.63184633638558836e+01
1 0 0 31 7.50000000000024314e-01 7.50000000000024314e-01 2.50000000000035305e-01 17 4.80335863558482856e+01
1 0 0 31 7.50000000000024314e-01 7.50000000000024314e-01 2.50000000000035305e-01 18 5.29089334826875799e+01
1 0 0 31 7.50000000000024314e-01 7.50000000000024314e-01 2.50000000000035305e-01 19 7.23877295875602442e+01
1 0 0 31 7.50000000000024314e-01 7.50000000000024314e-01 2.50000000000035305e-01 20 1.24461443380971730e+02
1 0 0 31 7.50000000000024314e-01 7.50000000000024314e-01 2.50000000000035305e-01 21 1.29597362015584139e+02
1 0 0 31 7.50000000000024314e-01 7.50000000000024314e-01 2.50000000000035305e-01 22 8.87825611855917828e+02
1 0 0 31 7.50000000000024314e-01 7.50000000000024314e-01 2.50000000000035305e-01 23 1.06661581012144097e+03
1 0 0 31 7.50000000000024314e-01 7.50000000000024314e-01 2.50000000000035305e-01 24 1.75718462502963280e+03
1 0 0 31 7.50000000000024314e-01 7.50000000000024314e-01 2.50000000000035305e-01 25 3.40736392418448941e+03
1 0 0 32 0.00000000000000000e+00 0.00000000000000000e+00 5.00000000000070610e-01 0 -3.47591317521062493e+01
1 0 0 32 0.00000000000000000e+00 0.00000000000000000e+00 5.00000000000070610e-01 1 -7.13028361573732372e+00
1 0 0 32 0.00000000000000000e+00 0.00000000000000000e+00 5.00000000000070610e-01 2 1.67964095483678033e+00
1 0 0 32 0.00000000000000000e+00 0.00000000000000000e+00 5.00000000000070610e-01 3 3.47355957390163939e+00
1 0 0 32 0.00000000000000000e+00 0.00000000000000000e+00 5.00000000000070610e-01 4 1.00554629112781413e+01
1 0 0 32 0.00000000000000000e+00 0.00000000000000000e+00 5.00000000000070610e-01 5 1.35985191771415632e+01
1 0 0 32 0.00000000000000000e+00 0.00000000000000000e+00 5.00000000000070610e-01 6 1.39581843909067480e+01
1 0 0 32 0.00000000000000000e+00 0.00000000000000000e+00 5.00000000000070610e-01 7 2.32403776202305963e+01
1 0 0 32 0.00000000000000000e+00 0.00000000000000000e+00 5.00000000000070610e-01 8 2.35954450058494025e+01
1 0 0 32 0.00000000000000000e+00 0.00000000000000000e+00 5.00000000000070610e-01 9 2.46255278285541372e+01
1 0 0 32 0.00000000000000000e+00 0.00000000000000000e+00 5.00000000000070610e-01 10 2.77670939884115135e+01
1 0 0 32 0.00000000000000000e+00 0.00000000000000000e+00 5.00000000000070610e-01 11 2.83954021222313777e+01
1 0 0 32 0.00000000000000000e+00 0.00000000000000000e+00 5.00000000000070610e-01 12 2.87080831577300692e+01
1 0 0 32 0.00000000000000000e+00 0.00000000000000000e+00 5.00000000000070610e-01 13 3.96806387935924718e+01
1 0 0 32 0.00000000000000000e+00 0.00000000000000000e+00 5.00000000000070610e-01 14 4.12961574985322528e+01
1 0 0 32 0.00000000000000000e+00 0.00000000000000000e+00 5.00000000000070610e-01 15 4.28616538929434086e+01
1 0 0 32 0.00000000000000000e+00 0.00000000000000000e+00 5.00000000000070610e-01 16 4.44688408383525982e+01
1 0 0 32 0.00000000000000000e+00 0.00000000000000000e+00 5.00000000000070610e-01 17 4.97051627973167527e+01
1 0 0 32 0.00000000000000000e+00 0.00000000000000000e+00 5.00000000000070610e-01 18 5.20686853564386993e+01
1 0 0 32 0.00000000000000000e+00 0.00000000000000000e+00 5.00000000000070610e-01 19 6.74949325291392910e+01
1 0 0 32 0.00000000000000000e+00 0.00000000000000000e+00 5.00000000000070610e-01 20 3.05721724807475141e+02
1 0 0 32 0.00000000000000000e+00 0.00000000000000000e+00 5.00000000000070610e-01 21 3.14254395884363362e+02
1 0 0 32 0.00000000000000000e+00 0.00000000000000000e+00 5.00000000000070610e-01 22 5.51500499557316857e+02
1 0 0 32 0.00000000000000000e+00 0.00000000000000000e+00 5.00000000000070610e-01 23 5.95855797016794781e+02
1 0 0 32 0.00000000000000000e+00 0.00000000000000000e+00 5.00000000000070610e-01 24 1.83052258421124520e+03
1 0 0 32 0.00000000000000000e+00 0.00000000000000000e+00 5.00000000000070610e-01 25 4.12753096810476109e+03
1 0 0 33 2.49999999999953648e-01 0.00000000000000000e+00 4.99999999999988953e-01 0 -3.30042062066640014e+01
1 0 0 33 2.49999999999953648e-01 0.00000000000000000e+00 4.99999999999988953e-01 1 -4.48893459623433877e+00
1 0 0 33 2.49999999999953648e-01 0.00000000000000000e+00 4.99999999999988953e-01 2 3.90768206144859298e-01
1 0 0 33 2.49999999999953648e-01 0.00000000000000000e+00 4.99999999999988953e-01 3 1.07801790353219507e+00
1 0 0 33 2.49999999999953648e-01 0.00000000000000000e+00 4.99999999999988953e-01 4 1.11636779422227139e+01
1 0 0 33 2.49999999999953648e-01 0.00000000000000000e+00 4.99999999999988953e-01 5 1.40917462093259953e+01
1 0 0 33 2.49999999999953648e-01 0.00000000000000000e+00 4.99999999999988953e-01 6 1.67084193469533595e+01
1 0 0 33 2.49999999999953648e-01 0.00000000000000000e+00 4.99999999999988953e-01 7 1.79488668485001313e+01
1 0 0 33 2.49999999999953648e-01 0.00000000000000000e+00 4.99999999999988953e-01 8 2.41017974908561072e+01
1 0 0 33 2.49999999999953648e-01 0.00000000000000000e+00 4.99999999999988953e-01 9 2.54237381805811005e+01
1 0 0 33 2.49999999999953648e-01 0.00000000000000000e+00 4.99999999999988953e-01 10 2.80906978901690429e+01
1 0 0 33 2.49999999999953648e-01 0.00000000000000000e+00 4.99999999999988953e-01 11 2.89731566438296149e+01
1 0 0 33 2.49999999999953648e-01 0.00000000000000000e+00 4.99999999999988953e-01 12 3.62267012032511531e+01
1 0 0 33 2.49999999999953648e-01 0.00000000000000000e+00 4.99999999999988953e-01 13 3.72606341075040746e+01
1 0 0 33 2.49999999999953648e-01 0.00000000000000000e+00 4.99999999999988953e-01 14 3.82644600724767798e+01
1 0 0 33 2.49999999999953648e-01 0.00000000000000000e+00 4.99999999999988953e-01 15 4.24468039325446540e+01
1 0 0 33 2.49999999999953648e-01 0.00000000000000000e+00 4.99999999999988953e-01 16 4.59712953395258666e+01
1 0 0 33 2.49999999999953648e-01 0.00000000000000000e+00 4.99999999999988953e-01 17 4.85900857537686974e+01
1 0 0 33 2.49999999999953648e-01 0.00000000000000000e+00 4.99999999999988953e-01 18 5.21228825995663811e+01
1 0 0 33 2.49999999999953648e-01 0.00000000000000000e+00 4.99999999999988953e-01 19 7.35328804704386840e+01
1 0 0 33 2.49999999999953648e-01 0.00000000000000000e+00 4.99999999999988953e-01 20 1.21877212643592131e+02
1 0 0 33 2.49999999999953648e-01 0.00000000000000000e+00 4.99999999999988953e-01 21 1.32885012308639318e+02
1 0 0 33 2.49999999999953648e-01 0.00000000000000000e+00 4.99999999999988953e-01 22 8.58817007327163424e+02
1 0 0 33 2.49999999999953648e-01 0.00000000000000000e+00 4.99999999999988953e-01 23 1.08456150263521977e+03
1 0 0 33 2.49999999999953648e-01 0.00000000000000000e+00 4.99999999999988953e-01 24 1.91040784753351727e+03
1 0 0 33 2.49999999999953648e-01 0.00000000000000000e+00 4.99999999999988953e-01 25 3.27809205746675389e+03
1 0 0 34 4.99999999999988898e-01 0.00000000000000000e+00 4.99999999999988898e-01 0 -2.92134611326343396e+01
1 0 0 34 4.99999999999988898e-01 0.00000000000000000e+00 4.99999999999988898e-01 1 -6.37687560326256087e+00
1 0 0 34 4.99999999999988898e-01 0.00000000000000000e+00 4.99999999999988898e-01 2 -1.20143421642230325e-01
1 0 0 34 4.99999999999988898e-01 0.00000000000000000e+00 4.99999999999988898e-01 3 2.51612507554449172e+00
1 0 0 34 4.99999999999988898e-01 0.00000000000000000e+00 4.99999999999988898e-01 4 9.93994669244693796e+00
1 0 0 34 4.99999999999988898e-01 0.00000000000000000e+00 4.99999999999988898e-01 5 1.05596210767239906e+01
1 0 0 34 4.99999999999988898e-01 0.00000000000000000e+00 4.99999999999988898e-01 6 2.30355454214219471e+01
1 0 0 34 4.99999999999988898e-01 0.00000000000000000e+00 4.99999999999988898e-01 7 2.42787809338946090e+01
1 0 0 34 4.99999999999988898e-01 0.00000000000000000e+00 4.99999999999988898e-01 8 2.56150370866775887e+01
1 0 0 34 4.99999999999988898e-01 0.00000000000000000e+00 4.99999999999988898e-01 9 2.64456634369783252e+01
1 0 0 34 4.99999999999988898e-01 0.00000000000000000e+00 4.99999999999988898e-01 10 2.71449602872535429e+01
1 0 0 34 4.99999999999988898e-01 0.00000000000000000e+00 4.99999999999988898e-01 11 2.78569644661956382e+01
1 0 0 34 4.99999999999988898e-01 0.00000000000000000e+00 4.99999999999988898e-01 12 3.04245772599698796e+01
1 0 0 34 4.99999999999988898e-01 0.00000000000000000e+00 4.99999999999988898e-01 13 3.25720801469507535e+01
1 0 0 34 4.99999999999988898e-01 0.00000000000000000e+00 4.99999999999988898e-01 14 4.32943111466449366e+01
1 0 0 34 4.99999999999988898e-01 0.00000000000000000e+00 4.99999999999988898e-01 15 4.48254571653340150e+01
1 0 0 34 4.99999999999988898e-01 0.00000000000000000e+00 4.99999999999988898e-01 16 4.95305827310633120e+01
1 0 0 34 4.99999999999988898e-01 0.00000000000000000e+00 4.99999999999988898e-01 17 5.15799360096166026e+01
1 0 0 34 4.99999999999988898e-01 0.00000000000000000e+00 4.99999999999988898e-01 18 6.43716916273939148e+01
1 0 0 34 4.99999999999988898e-01 0.00000000000000000e+00 4.99999999999988898e-01 19 6.85649542627056690e+01
1 0 0 34 4.99999999999988898e-01 0.00000000000000000e+00 4.99999999999988898e-01 20 8.15526392009781347e+01
1 0 0 34 4.99999999999988898e-01 0.00000000000000000e+00 4.99999999999988898e-01 21 8.68063141855912477e+01
1 0 0 34 4.99999999999988898e-01 0.00000000000000000e+00 4.99999999999988898e-01 22 1.15121862518215335e+03
1 0 0 34 4.99999999999988898e-01 0.00000000000000000e+00 4.99999999999988898e-01 23 1.20812778420431664e+03
1 0 0 34 4.99999999999988898e-01 0.00000000000000000e+00 4.99999999999988898e-01 24 2.40410513925943360e+03
1 0 0 34 4.99999999999988898e-01 0.00000000000000000e+00 4.99999999999988898e-01 25 2.48156327487211820e+03
1 0 0 35 7.50000000000024314e-01 0.00000000000000000e+00 4.99999999999989009e-01 0 -3.30033108370183825e+01
1 0 0 35 7.50000000000024314e-01 0.00000000000000000e+00 4.99999999999989009e-01 1 -4.48843282750565198e+00
1 0 0 35 7.50000000000024314e-01 0.00000000000000000e+00 4.99999999999989009e-01 2 4.04600449037410825e-01
1 0 0 35 7.50000000000024314e-01 0.00000000000000000e+00 4.99999999999989009e-01 3 1.09787399184472068e+00
1 0 0 35 7.50000000000024314e-01 0.00000000000000000e+00 4.99999999999989009e-01 4 1.11350527397479251e+01
1 0 0 35 7.50000000000024314e-01 0.00000000000000000e+00 4.99999999999989009e-01 5 1.40838872159536361e+01
1 0 0 35 7.50000000000024314e-01 0.00000000000000000e+00 4.99999999999989009e-01 6 1.67085797607575444e+01
1 0 0 35 7.50000000000024314e-01 0.00000000000000000e+00 4.99999999999989009e-01 7 1.79390935132933258e+01
1 0 0 35 7.50000000000024314e-01 0.00000000000000000e+00 4.99999999999989009e-01 8 2.41020304431555132e+01
1 0 0 35 7.50000000000024314e-01 0.00000000000000000e+00 4.99999999999989009e-01 9 2.54285939695563599e+01
1 0 0 35 7.50000000000024314e-01 0.00000000000000000e+00 4.99999999999989009e-01 10 2.81049087260581771e+01
1 0 0 35 7.50000000000024314e-01 0.00000000000000000e+00 4.99999999999989009e-01 11 2.89964177738324729e+01
1 0 0 35 7.50000000000024314e-01 0.00000000000000000e+00 4.99999999999989009e-01 12 3.61928511746004489e+01
1 0 0 35 7.50000000000024314e-01 0.00000000000000000e+00 4.99999999999989009e-01 13 3.73012334001134391e+01
1 0 0 35 7.50000000000024314e-01 0.00000000000000000e+00 4.99999999999989009e-01 14 3.82421512686013969e+01
1 0 0 35 7.50000000000024314e-01 0.00000000000000000e+00 4.99999999999989009e-01 15 4.24175434941633753e+01
1 0 0 35 7.50000000000024314e-01 0.00000000000000000e+00 4.99999999999989009e-01 16 4.59688800207955097e+01
1 0 0 35 7.50000000000024314e-01 0.00000000000000000e+00 4.99999999999989009e-01 17 4.86931667619688184e+01
1 0 0 35 7.50000000000024314e-01 0.00000000000000000e+00 4.99999999999989009e-01 18 5.21164586743794445e+01
1 0 0 35 7.50000000000024314e-01 0.00000000000000000e+00 4.99999999999989009e-01 19 7.35350410707904700e+01
1 0 0 35 7.50000000000024314e-01 0.00000000000000000e+00 4.99999999999989009e-01 20 1.21625787318794323e+02
1 0 0 35 7.50000000000024314e-01 0.00000000000000000e+00 4.99999999999989009e-01 21 1.32861440626336417e+02
1 0 0 35 7.50000000000024314e-01 0.00000000000000000e+00 4.99999999999989009e-01 22 8.57732000297924287e+02
1 0 0 35 7.50000000000024314e-01 0.00000000000000000e+00 4.99999999999989009e-01 23 1.08577903360441792e+03
1 0 0 35 7.50000000000024314e-01 0.00000000000000000e+00 4.99999999999989009e-01 24 1.90797117956092961e+03
1 0 0 35 7.50000000000024314e-01 0.00000000000000000e+00 4.99999999999989009e-01 25 3.28715079630492528e+03
1 0 0 36 0.00000000000000000e+00 2.49999999999953648e-01 4.99999999999988953e-01 0 -3.19304587014150663e+01
1 0 0 36 0.00000000000000000e+00 2.49999999999953648e-01 4.99999999999988953e-01 1 -5.70985932839562693e+00
1 0 0 36 0.00000000000000000e+00 2.49999999999953648e-01 4.99999999999988953e-01 2 -1.68602219203132231e-01
1 0 0 36 0.00000000000000000e+00 2.49999999999953648e-01 4.99999999999988953e-01 3 1.90154463129145457e+00
1 0 0 36 0.00000000000000000e+00 2.49999999999953648e-01 4.99999999999988953e-01 4 1.13133072848624252e+01
1 0 0 36 0.00000000000000000e+00 2.49999999999953648e-01 4.99999999999988953e-01 5 1.38494241126666839e+01
1 0 0 36 0.00000000000000000e+00 2.49999999999953648e-01 4.99999999999988953e-01 6 1.63237954043344828e+01
1 0 0 36 0.00000000000000000e+00 2.49999999999953648e-01 4.99999999999988953e-01 7 1.75039166481086852e+01
1 0 0 36 0.00000000000000000e+00 2.49999999999953648e-01 4.99999999999988953e-01 8 2.41434919601038693e+01
1 0 0 36 0.00000000000000000e+00 2.49999999999953648e-01 4.99999999999988953e-01 9 2.59454145930022300e+01
1 0 0 36 0.00000000000000000e+00 2.49999999999953648e-01 4.99999999999988953e-01 10 2.83203520205228401e+01
1 0 0 36 0.00000000000000000e+00 2.49999999999953648e-01 4.99999999999988953e-01 11 2.91025494026439553e+01
1 0 0 36 0.00000000000000000e+00 2.49999999999953648e-01 4.99999999999988953e-01 12 3.64377070098697189e+01
1 0 0 36 0.00000000000000000e+00 2.49999999999953648e-01 4.99999999999988953e-01 13 3.74754391416238590e+01
1 0 0 36 0.00000000000000000e+00 2.49999999999953648e-01 4.99999999999988953e-01 14 3.76893688455397182e+01
1 0 0 36 0.00000000000000000e+00 2.49999999999953648e-01 4.99999999999988953e-01 15 4.26520187319101112e+01
1 0 0 36 0.00000000000000000e+00 2.49999999999953648e-01 4.99999999999988953e-01 16 4.65070392714286100e+01
1 0 0 36 0.00000000000000000e+00 2.49999999999953648e-01 4.99999999999988953e-01 17 4.97651990962940829e+01
1 0 0 36 0.00000000000000000e+00 2.49999999999953648e-01 4.99999999999988953e-01 18 5.14386940637597121e+01
1 0 0 36 0.00000000000000000e+00 2.49999999999953648e-01 4.99999999999988953e-01 19 7.40359501621602902e+01
1 0 0 36 0.00000000000000000e+00 2.49999999999953648e-01 4.99999999999988953e-01 20 1.19609320897832589e+02
1 0 0 36 0.00000000000000000e+00 2.49999999999953648e-01 4.99999999999988953e-01 21 1.29870461255246767e+02
1 0 0 36 0.00000000000000000e+00 2.49999999999953648e-01 4.99999999999988953e-01 22 9.20254871691162634e+02
1 0 0 36 0.00000000000000000e+00 2.49999999999953648e-01 4.99999999999988953e-01 23 1.04449198009247698e+03
1 0 0 36 0.00000000000000000e+00 2.49999999999953648e-01 4.99999999999988953e-01 24 1.88521167757279591e+03
1 0 0 36 0.00000000000000000e+00 2.49999999999953648e-01 4.99999999999988953e-01 25 3.30133696613814391e+03
1 0 0 37 2.50000000000035305e-01 2.50000000000035305e-01 5.00000000000070610e-01 0 -3.57345459818050060e+01
1 0 0 37 2.50000000000035305e-01 2.50000000000035305e-01 5.00000000000070610e-01 1 -4.52533105172719452e+00
1 0 0 37 2.50000000000035305e-01 2.50000000000035305e-01 5.00000000000070610e-01 2 -1.22687895802738001e+00
1 0 0 37 2.50000000000035305e-01 2.50000000000035305e-01 5.00000000000070610e-01 3 3.26086551352808440e+00
1 0 0 37 2.50000000000035305e-01 2.50000000000035305e-01 5.00000000000070610e-01 4 1.19522757836675542e+01
1 0 0 37 2.50000000000035305e-01 2.50000000000035305e-01 5.00000000000070610e-01 5 1.37476251815676136e+01
1 0 0 37 2.50000000000035305e-01 2.50000000000035305e-01 5.00000000000070610e-01 6 1.62688341689260128e+01
1 0 0 37 2.50000000000035305e-01 2.50000000000035305e-01 5.00000000000070610e-01 7 1.76667658358758857e+01
1 0 0 37 2.50000000000035305e-01 2.50000000000035305e-01 5.00000000000070610e-01 8 1.80825971715778806e+01
1 0 0 37 2.50000000000035305e-01 2.50000000000035305e-01 5.00000000000070610e-01 9 2.53886703589162188e+01
1 0 0 37 2.50000000000035305e-01 2.50000000000035305e-01 5.00000000000070610e-01 10 2.88885467540671925e+01
1 0 0 37 2.50000000000035305e-01 2.50000000000035305e-01 5.00000000000070610e-01 11 3.36645544007752449e+01
1 0 0 37 2.50000000000035305e-01 2.50000000000035305e-01 5.00000000000070610e-01 12 3.51328467153811133e+01
1 0 0 37 2.50000000000035305e-01 2.50000000000035305e-01 5.00000000000070610e-01 13 3.64167202769622307e+01
1 0 0 37 2.50000000000035305e-01 2.50000000000035305e-01 5.00000000000070610e-01 14 3.95765988032278599e+01
1 0 0 37 2.50000000000035305e-01 2.50000000000035305e-01 5.00000000000070610e-01 15 4.09751547836307495e+01
1 0 0 37 2.50000000000035305e-01 2.50000000000035305e-01 5.00000000000070610e-01 16 4.47142081556957294e+01
1 0 0 37 2.50000000000035305e-01 2.50000000000035305e-01 5.00000000000070610e-01 17 4.88922981617616728e+01
1 0 0 37 2.50000000000035305e-01 2.50000000000035305e-01 5.00000000000070610e-01 18 5.25847836534152080e+01
1 0 0 37 2.50000000000035305e-01 2.50000000000035305e-01 5.00000000000070610e-01 19 9.15279693797248086e+01
1 0 0 37 2.50000000000035305e-01 2.50000000000035305e-01 5.00000000000070610e-01 20 1.08680625879802449e+02
1 0 0 37 2.50000000000035305e-01 2.50000000000035305e-01 5.00000000000070610e-01 21 2.34252473856670207e+02
1 0 0 37 2.50000000000035305e-01 2.50000000000035305e-01 5.00000000000070610e-01 22 7.80899164714975768e+02
1 0 0 37 2.50000000000035305e-01 2.50000000000035305e-01 5.00000000000070610e-01 23 1.00036178587324639e+03
1 0 0 37 2.50000000000035305e-01 2.50000000000035305e-01 5.00000000000070610e-01 24 1.72358074393339689e+03
1 0 0 37 2.50000000000035305e-01 2.50000000000035305e-01 5.00000000000070610e-01 25 3.27132401825154193e+03
1 0 0 38 4.99999999999988953e-01 2.50000000000035305e-01 4.99999999999988953e-01 0 -3.27693553362456385e+01
1 0 0 38 4.99999999999988953e-01 2.50000000000035305e-01 4.99999999999988953e-01 1 -5.57005702065193375e+00
1 0 0 38 4.99999999999988953e-01 2.50000000000035305e-01 4.99999999999988953e-01 2 -4.88167175560189626e-01
1 0 0 38 4.99999999999988953e-01 2.50000000000035305e-01 4.99999999999988953e-01 3 2.19788483503574339e+00
1 0 0 38 4.99999999999988953e-01 2.50000000000035305e-01 4.99999999999988953e-01 4 1.13729110369478494e+01
1 0 0 38 4.99999999999988953e-01 2.50000000000035305e-01 4.99999999999988953e-01 5 1.40042263207469837e+01
1 0 0 38 4.99999999999988953e-01 2.50000000000035305e-01 4.99999999999988953e-01 6 1.65912999664814826e+01
1 0 0 38 4.99999999999988953e-01 2.50000000000035305e-01 4.99999999999988953e-01 7 1.76971530357494338e+01
1 0 0 38 4.99999999999988953e-01 2.50000000000035305e-01 4.99999999999988953e-01 8 2.42180099938849800e+01
1 0 0 38 4.99999999999988953e-01 2.50000000000035305e-01 4.99999999999988953e-01 9 2.57692809544883410e+01
1 0 0 38 4.99999999999988953e-01 2.50000000000035305e-01 4.99999999999988953e-01 10 2.79650413171965653e+01
1 0 0 38 4.99999999999988953e-01 2.50000000000035305e-01 4.99999999999988953e-01 11 2.93276887128937958e+01
1 0 0 38 4.99999999999988953e-01 2.50000000000035305e-01 4.99999999999988953e-01 12 3.63079835510610991e+01
1 0 0 38 4.99999999999988953e-01 2.50000000000035305e-01 4.99999999999988953e-01 13 3.71171944114642898e+01
1 0 0 38 4.99999999999988953e-01 2.50000000000035305e-01 4.99999999999988953e-01 14 3.87133605195225314e+01
1 0 0 38 4.99999999999988953e-01 2.50000000000035305e-01 4.99999999999988953e-01 15 4.29087871600183846e+01
1 0 0 38 4.99999999999988953e-01 2.50000000000035305e-01 4.99999999999988953e-01 16 4.73410667112442241e+01
1 0 0 38 4.99999999999988953e-01 2.50000000000035305e-01 4.99999999999988953e-01 17 4.93705666176386799e+01
1 0 0 38 4.99999999999988953e-01 2.50000000000035305e-01 4.99999999999988953e-01 18 5.16647775314368971e+01
1 0 0 38 4.99999999999988953e-01 2.50000000000035305e-01 4.99999999999988953e-01 19 7.51557641029720997e+01
1 0 0 38 4.99999999999988953e-01 2.50000000000035305e-01 4.99999999999988953e-01 20 1.22368964393465333e+02
1 0 0 38 4.99999999999988953e-01 2.50000000000035305e-01 4.99999999999988953e-01 21 1.27023325988858900e+02
1 0 0 38 4.99999999999988953e-01 2.50000000000035305e-01 4.99999999999988953e-01 22 8.35421642677279920e+02
1 0 0 38 4.99999999999988953e-01 2.50000000000035305e-01 4.99999999999988953e-01 23 1.11397648907968869e+03
1 0 0 38 4.99999999999988953e-01 2.50000000000035305e-01 4.99999999999988953e-01 24 1.85602773385620048e+03
1 0 0 38 4.99999999999988953e-01 2.50000000000035305e-01 4.99999999999988953e-01 25 3.45263137751750173e+03
1 0 0 39 7.50000000000024203e-01 2.50000000000035305e-01 4.99999999999988898e-01 0 -2.71493492230789464e+01
1 0 0 39 7.50000000000024203e-01 2.50000000000035305e-01 4.99999999999988898e-01 1 -5.29092040911477657e+00
1 0 0 39 7.50000000000024203e-01 2.50000000000035305e-01 4.99999999999988898e-01 2 -1.29106873710082271e+00
1 0 0 39 7.50000000000024203e-01 2.50000000000035305e-01 4.99999999999988898e-01 3 4.03953881965438688e-01
1 0 0 39 7.50000000000024203e-01 2.50000000000035305e-01 4.99999999999988898e-01 4 1.22438197700978986e+01
1 0 0 39 7.50000000000024203e-01 2.50000000000035305e-01 4.99999999999988898e-01 5 1.37011021621668618e+01
1 0 0 39 7.50000000000024203e-01 2.50000000000035305e-01 4.99999999999988898e-01 6 1.57581102032210953e+01
1 0 0 39 7.50000000000024203e-01 2.50000000000035305e-01 4.99999999999988898e-01 7 1.80686602999658987e+01
1 0 0 39 7.50000000000024203e-01 2.50000000000035305e-01 4.99999999999988898e-01 8 2.42173196481166251e+01
1 0 0 39 7.50000000000024203e-01 2.50000000000035305e-01 4.99999999999988898e-01 9 2.56196193702600183e+01
1 0 0 39 7.50000000000024203e-01 2.50000000000035305e-01 4.99999999999988898e-01 10 2.90293822704404541e+01
1 0 0 39 7.50000000000024203e-01 2.50000000000035305e-01 4.99999999999988898e-01 11 3.13322137066320501e+01
1 0 0 39 7.50000000000024203e-01 2.50000000000035305e-01 4.99999999999988898e-01 12 3.63336845071474031e+01
1 0 0 39 7.50000000000024203e-01 2.50000000000035305e-01 4.99999999999988898e-01 13 3.73379649947386625e+01
1 0 0 39 7.50000000000024203e-01 2.50000000000035305e-01 4.99999999999988898e-01 14 3.90471077919778224e+01
1 0 0 39 7.50000000000024203e-01 2.50000000000035305e-01 4.99999999999988898e-01 15 4.20838489952006896e+01
1 0 0 39 7.50000000000024203e-01 2.50000000000035305e-01 4.99999999999988898e-01 16 4.39214166267155122e+01
1 0 0 39 7.50000000000024203e-01 2.50000000000035305e-01 4.99999999999988898e-01 17 4.46435582684758501e+01
1 0 0 39 7.50000000000024203e-01 2.50000000000035305e-01 4.99999999999988898e-01 18 5.57322596238345227e+01
1 0 0 39 7.50000000000024203e-01 2.50000000000035305e-01 4.99999999999988898e-01 19 5.69189884635049239e+01
1 0 0 39 7.50000000000024203e-01 2.50000000000035305e-01 4.99999999999988898e-01 20 9.44592936106724181e+01
1 0 0 39 7.50000000000024203e-01 2.50000000000035305e-01 4.99999999999988898e-01 21 9.82365364562385821e+01
1 0 0 39 7.50000000000024203e-01 2.50000000000035305e-01 4.99999999999988898e-01 22 1.19650289308091533e+03
1 0 0 39 7.50000000000024203e-01 2.50000000000035305e-01 4.99999999999988898e-01 23 1.58879212506757335e+03
1 0 0 39 7.50000000000024203e-01 2.50000000000035305e-01 4.99999999999988898e-01 24 2.41106752675421467e+03
1 0 0 39 7.50000000000024203e-01 2.50000000000035305e-01 4.99999999999988898e-01 25 2.54120948320233538e+03
1 0 0 40 0.00000000000000000e+00 4.99999999999988898e-01 4.99999999999988898e-01 0 -2.76100455640075246e+01
1 0 0 40 0.00000000000000000e+00 4.99999999999988898e-01 4.99999999999988898e-01 1 -6.54467887044898600e+00
1 0 0 40 0.00000000000000000e+00 4.99999999999988898e-01 4.99999999999988898e-01 2 -2.57875738969705370e+00
1 0 0 40 0.00000000000000000e+00 4.99999999999988898e-01 4.99999999999988898e-01 3 1.26357459603452615e+00
1 0 0 40 0.00000000000000000e+00 4.99999999999988898e-01 4.99999999999988898e-01 4 9.93808257538808526e+00
1 0 0 40 0.00000000000000000e+00 4.99999999999988898e-01 4.99999999999988898e-01 5 1.05039969439396668e+01
1 0 0 40 0.00000000000000000e+00 4.99999999999988898e-01 4.99999999999988898e-01 6 2.30288700993117104e+01
1 0 0 40 0.00000000000000000e+00 4.99999999999988898e-01 4.99999999999988898e-01 7 2.43242184811591819e+01
1 0 0 40 0.00000000000000000e+00 4.99999999999988898e-01 4.99999999999988898e-01 8 2.57462753249409992e+01
1 0 0 40 0.00000000000000000e+00 4.99999999999988898e-01 4.99999999999988898e-01 9 2.62450747307585424e+01
1 0 0 40 0.00000000000000000e+00 4.99999999999988898e-01 4.99999999999988898e-01 10 2.67377725538994859e+01
1 0 0 40 0.00000000000000000e+00 4.99999999999988898e-01 4.99999999999988898e-01 11 2.87187862338219873e+01
1 0 0 40 0.00000000000000000e+00 4.99999999999988898e-01 4.99999999999988898e-01 12 3.06597669253764558e+01
1 0 0 40 0.00000000000000000e+00 4.99999999999988898e-01 4.99999999999988898e-01 13 3.25001387792215795e+01
1 0 0 40 0.00000000000000000e+00 4.99999999999988898e-01 4.99999999999988898e-01 14 4.36395368134347166e+01
1 0 0 40 0.00000000000000000e+00 4.99999999999988898e-01 4.99999999999988898e-01 15 4.48561494992837240e+01
1 0 0 40 0.00000000000000000e+00 4.99999999999988898e-01 4.99999999999988898e-01 16 5.02196955549209818e+01
1 0 0 40 0.00000000000000000e+00 4.99999999999988898e-01 4.99999999999988898e-01 17 5.16930044370077084e+01
1 0 0 40 0.00000000000000000e+00 4.99999999999988898e-01 4.99999999999988898e-01 18 6.68792684207433297e+01
1 0 0 40 0.00000000000000000e+00 4.99999999999988898e-01 4.99999999999988898e-01 19 6.75927005918694590e+01
1 0 0 40 0.00000000000000000e+00 4.99999999999988898e-01 4.99999999999988898e-01 20 8.23551769334859216e+01
1 0 0 40 0.00000000000000000e+00 4.99999999999988898e-01 4.99999999999988898e-01 21 8.72240319045399701e+01
1 0 0 40 0.00000000000000000e+00 4.99999999999988898e-01 4.99999999999988898e-01 22 1.14007638016314809e+03
1 0 0 40 0.00000000000000000e+00 4.99999999999988898e-01 4.99999999999988898e-01 23 1.23775837363240521e+03
1 0 0 40 0.00000000000000000e+00 4.99999999999988898e-01 4.99999999999988898e-01 24 2.36658791769642676e+03
1 0 0 40 0.00000000000000000e+00 4.99999999999988898e-01 4.99999999999988898e-01 25 2.52704413479052982e+03
1 0 0 41 2.50000000000035305e-01 4.99999999999988953e-01 4.99999999999988953e-01 0 -3.17806531022172223e+01
1 0 0 41 2.50000000000035305e-01 4.99999999999988953e-01 4.99999999999988953e-01 1 -5.33610221508641391e+00
1 0 0 41 2.50000000000035305e-01 4.99999999999988953e-01 4.99999999999988953e-01 2 -5.14195518448470668e-01
1 0 0 41 2.50000000000035305e-01 4.99999999999988953e-01 4.99999999999988953e-01 3 -2.18247424051189881e-01
1 0 0 41 2.50000000000035305e-01 4.99999999999988953e-01 4.99999999999988953e-01 4 1.12695936313211131e+01
1 0 0 41 2.50000000000035305e-01 4.99999999999988953e-01 4.99999999999988953e-01 5 1.37619800553323977e+01
1 0 0 41 2.50000000000035305e-01 4.99999999999988953e-01 4.99999999999988953e-01 6 1.68993381820653319e+01
1 0 0 41 2.50000000000035305e-01 4.99999999999988953e-01 4.99999999999988953e-01 7 1.81985586929323979e+01
1 0 0 41 2.50000000000035305e-01 4.99999999999988953e-01 4.99999999999988953e-01 8 2.38485656761180529e+01
1 0 0 41 2.50000000000035305e-01 4.99999999999988953e-01 4.99999999999988953e-01 9 2.55420172238494771e+01
1 0 0 41 2.50000000000035305e-01 4.99999999999988953e-01 4.99999999999988953e-01 10 2.82846558628982905e+01
1 0 0 41 2.50000000000035305e-01 4.99999999999988953e-01 4.99999999999988953e-01 11 2.91055410709062023e+01
1 0 0 41 2.50000000000035305e-01 4.99999999999988953e-01 4.99999999999988953e-01 12 3.64901683021890122e+01
1 0 0 41 2.50000000000035305e-01 4.99999999999988953e-01 4.99999999999988953e-01 13 3.75623447847668714e+01
1 0 0 41 2.50000000000035305e-01 4.99999999999988953e-01 4.99999999999988953e-01 14 3.83078230668981590e+01
1 0 0 41 2.50000000000035305e-01 4.99999999999988953e-01 4.99999999999988953e-01 15 4.30344884345763319e+01
1 0 0 41 2.50000000000035305e-01 4.99999999999988953e-01 4.99999999999988953e-01 16 4.70835644254776113e+01
1 0 0 41 2.50000000000035305e-01 4.99999999999988953e-01 4.99999999999988953e-01 17 4.89009032055736910e+01
1 0 0 41 2.50000000000035305e-01 4.99999999999988953e-01 4.99999999999988953e-01 18 5.17532485299190270e+01
1 0 0 41 2.50000000000035305e-01 4.99999999999988953e-01 4.99999999999988953e-01 19 7.54189590172803435e+01
1 0 0 41 2.50000000000035305e-01 4.99999999999988953e-01 4.99999999999988953e-01 20 1.17552586678501342e+02
1 0 0 41 2.50000000000035305e-01 4.99999999999988953e-01 4.99999999999988953e-01 21 1.25997033662285389e+02
1 0 0 41 2.50000000000035305e-01 4.99999999999988953e-01 4.99999999999988953e-01 22 9.34159874285293995e+02
1 0 0 41 2.50000000000035305e-01 4.99999999999988953e-01 4.99999999999988953e-01 23 1.12180646083766192e+03
1 0 0 41 2.50000000000035305e-01 4.99999999999988953e-01 4.99999999999988953e-01 24 1.79895905547478992e+03
1 0 0 41 2.50000000000035305e-01 4.99999999999988953e-01 4.99999999999988953e-01 25 3.40963543408469513e+03
1 0 0 42 5.00000000000070610e-01 5.00000000000070610e-01 5.00000000000070610e-01 0 -3.47507164280981939e+01
1 0 0 42 5.00000000000070610e-01 5.00000000000070610e-01 5.00000000000070610e-01 1 -8.15422864220660593e+00
1 0 0 42 5.00000000000070610e-01 5.00000000000070610e-01 5.00000000000070610e-01 2 8.71556189157474903e-01
1 0 0 42 5.00000000000070610e-01 5.00000000000070610e-01 5.00000000000070610e-01 3 2.90976744760394945e+00
1 0 0 42 5.00000000000070610e-01 5.00000000000070610e-01 5.00000000000070610e-01 4 1.00646708146773669e+01
1 0 0 42 5.00000000000070610e-01 5.00000000000070610e-01 5.00000000000070610e-01 5 1.32789396724217337e+01
1 0 0 42 5.00000000000070610e-01 5.00000000000070610e-01 5.00000000000070610e-01 6 1.40096712924360727e+01
1 0 0 42 5.00000000000070610e-01 5.00000000000070610e-01 5.00000000000070610e-01 7 2.28911212576885283e+01
1 0 0 42 5.00000000000070610e-01 5.00000000000070610e-01 5.00000000000070610e-01 8 2.35111628531401493e+01
1 0 0 42 5.00000000000070610e-01 5.00000000000070610e-01 5.00000000000070610e-01 9 2.40720810650747268e+01
1 0 0 42 5.00000000000070610e-01 5.00000000000070610e-01 5.00000000000070610e-01 10 2.77417238194027256e+01
1 0 0 42 5.00000000000070610e-01 5.00000000000070610e-01 5.00000000000070610e-01 11 2.84522149710333174e+01
1 0 0 42 5.00000000000070610e-01 5.00000000000070610e-01 5.00000000000070610e-01 12 2.92298103457549452e+01
1 0 0 42 5.00000000000070610e-01 5.00000000000070610e-01 5.00000000000070610e-01 13 3.77838317188553390e+01
1 0 0 42 5.00000000000070610e-01 5.00000000000070610e-01 5.00000000000070610e-01 14 4.34651362200789109e+01
1 0 0 42 5.00000000000070610e-01 5.00000000000070610e-01 5.00000000000070610e-01 15 4.41331911322938595e+01
1 0 0 42 5.00000000000070610e-01 5.00000000000070610e-01 5.00000000000070610e-01 16 4.60615906324615878e+01
1 0 0 42 5.00000000000070610e-01 5.00000000000070610e-01 5.00000000000070610e-01 17 5.01872369367562214e+01
1 0 0 42 5.00000000000070610e-01 5.00000000000070610e-01 5.00000000000070610e-01 18 5.15321018492949037e+01
1 0 0 42 5.00000000000070610e-01 5.00000000000070610e-01 5.00000000000070610e-01 19 6.47286953534979261e+01
1 0 0 42 5.00000000000070610e-01 5.00000000000070610e-01 5.00000000000070610e-01 20 2.96304881443699855e+02
1 0 0 42 5.00000000000070610e-01 5.00000000000070610e-01 5.00000000000070610e-01 21 3.22398265810952353e+02
1 0 0 42 5.00000000000070610e-01 5.00000000000070610e-01 5.00000000000070610e-01 22 5.57856523631922414e+02
1 0 0 42 5.00000000000070610e-01 5.00000000000070610e-01 5.00000000000070610e-01 23 5.74826673142559343e+02
1 0 0 42 5.00000000000070610e-01 5.00000000000070610e-01 5.00000000000070610e-01 24 1.71411033861398823e+03
1 0 0 42 5.00000000000070610e-01 5.00000000000070610e-01 5.00000000000070610e-01 25 4.21447442801940724e+03
1 0 0 43 7.49999999999942601e-01 4.99999999999988953e-01 4.99999999999988953e-01 0 -3.17897051839717300e+01
1 0 0 43 7.49999999999942601e-01 4.99999999999988953e-01 4.99999999999988953e-01 1 -5.35195620413125805e+00
1 0 0 43 7.49999999999942601e-01 4.99999999999988953e-01 4.99999999999988953e-01 2 -5.46894944754270584e-01
1 0 0 43 7.49999999999942601e-01 4.99999999999988953e-01 4.99999999999988953e-01 3 -1.74679651590157498e-01
1 0 0 43 7.49999999999942601e-01 4.99999999999988953e-01 4.99999999999988953e-01 4 1.12736715205420008e+01
1 0 0 43 7.49999999999942601e-01 4.99999999999988953e-01 4.99999999999988953e-01 5 1.37540158554482996e+01
1 0 0 43 7.49999999999942601e-01 4.99999999999988953e-01 4.99999999999988953e-01 6 1.68915122019122457e+01
1 0 0 43 7.49999999999942601e-01 4.99999999999988953e-01 4.99999999999988953e-01 7 1.81500650095079621e+01
1 0 0 43 7.49999999999942601e-01 4.99999999999988953e-01 4.99999999999988953e-01 8 2.38629392218251795e+01
1 0 0 43 7.49999999999942601e-01 4.99999999999988953e-01 4.99999999999988953e-01 9 2.56067970545801593e+01
1 0 0 43 7.49999999999942601e-01 4.99999999999988953e-01 4.99999999999988953e-01 10 2.83066959856998750e+01
1 0 0 43 7.49999999999942601e-01 4.99999999999988953e-01 4.99999999999988953e-01 11 2.90622935296448404e+01
1 0 0 43 7.49999999999942601e-01 4.99999999999988953e-01 4.99999999999988953e-01 12 3.65160081166446346e+01
1 0 0 43 7.49999999999942601e-01 4.99999999999988953e-01 4.99999999999988953e-01 13 3.76154990595460745e+01
1 0 0 43 7.49999999999942601e-01 4.99999999999988953e-01 4.99999999999988953e-01 14 3.82964013312225831e+01
1 0 0 43 7.49999999999942601e-01 4.99999999999988953e-01 4.99999999999988953e-01 15 4.29618541400269152e+01
1 0 0 43 7.49999999999942601e-01 4.99999999999988953e-01 4.99999999999988953e-01 16 4.70550841534991164e+01
1 0 0 43 7.49999999999942601e-01 4.99999999999988953e-01 4.99999999999988953e-01 17 4.88618412582423005e+01
1 0 0 43 7.49999999999942601e-01 4.99999999999988953e-01 4.99999999999988953e-01 18 5.18488533071388815e+01
1 0 0 43 7.49999999999942601e-01 4.99999999999988953e-01 4.99999999999988953e-01 19 7.52361043201022142e+01
1 0 0 43 7.49999999999942601e-01 4.99999999999988953e-01 4.99999999999988953e-01 20 1.16775733357069285e+02
1 0 0 43 7.49999999999942601e-01 4.99999999999988953e-01 4.99999999999988953e-01 21 1.26565742719891304e+02
1 0 0 43 7.49999999999942601e-01 4.99999999999988953e-01 4.99999999999988953e-01 22 9.41699736206700891e+02
1 0 0 43 7.49999999999942601e-01 4.99999999999988953e-01 4.99999999999988953e-01 23 1.12065223989784181e+03
1 0 0 43 7.49999999999942601e-01 4.99999999999988953e-01 4.99999999999988953e-01 24 1.79738844040981235e+03
1 0 0 43 7.49999999999942601e-01 4.99999999999988953e-01 4.99999999999988953e-01 25 3.40928654302897075e+03
1 0 0 44 0.00000000000000000e+00 7.50000000000024314e-01 4.99999999999989009e-01 0 -3.19259507997849923e+01
1 0 0 44 0.00000000000000000e+00 7.50000000000024314e-01 4.99999999999989009e-01 1 -5.70186830693121394e+00
1 0 0 44 0.00000000000000000e+00 7.50000000000024314e-01 4.99999999999989009e-01 2 -2.14698182619002725e-01
1 0 0 44 0.00000000000000000e+00 7.50000000000024314e-01 4.99999999999989009e-01 3 1.88392305268199545e+00
1 0 0 44 0.00000000000000000e+00 7.50000000000024314e-01 4.99999999999989009e-01 4 1.13016780664639391e+01
1 0 0 44 0.00000000000000000e+00 7.50000000000024314e-01 4.99999999999989009e-01 5 1.39416425564267623e+01
1 0 0 44 0.00000000000000000e+00 7.50000000000024314e-01 4.99999999999989009e-01 6 1.61817548005462299e+01
1 0 0 44 0.00000000000000000e+00 7.50000000000024314e-01 4.99999999999989009e-01 7 1.76277967959336053e+01
1 0 0 44 0.00000000000000000e+00 7.50000000000024314e-01 4.99999999999989009e-01 8 2.41636524729369917e+01
1 0 0 44 0.00000000000000000e+00 7.50000000000024314e-01 4.99999999999989009e-01 9 2.60527991170298918e+01
1 0 0 44 0.00000000000000000e+00 7.50000000000024314e-01 4.99999999999989009e-01 10 2.84260797961074161e+01
1 0 0 44 0.00000000000000000e+00 7.50000000000024314e-01 4.99999999999989009e-01 11 2.90470451281095698e+01
1 0 0 44 0.00000000000000000e+00 7.50000000000024314e-01 4.99999999999989009e-01 12 3.63259133447836646e+01
1 0 0 44 0.00000000000000000e+00 7.50000000000024314e-01 4.99999999999989009e-01 13 3.74102932956550589e+01
1 0 0 44 0.00000000000000000e+00 7.50000000000024314e-01 4.99999999999989009e-01 14 3.78070147564823671e+01
1 0 0 44 0.00000000000000000e+00 7.50000000000024314e-01 4.99999999999989009e-01 15 4.26221665660619635e+01
1 0 0 44 0.00000000000000000e+00 7.50000000000024314e-01 4.99999999999989009e-01 16 4.64882967402250955e+01
1 0 0 44 0.00000000000000000e+00 7.50000000000024314e-01 4.99999999999989009e-01 17 4.98043133126475155e+01
1 0 0 44 0.00000000000000000e+00 7.50000000000024314e-01 4.99999999999989009e-01 18 5.16656772953033965e+01
1 0 0 44 0.00000000000000000e+00 7.50000000000024314e-01 4.99999999999989009e-01 19 7.37981766629566067e+01
1 0 0 44 0.00000000000000000e+00 7.50000000000024314e-01 4.99999999999989009e-01 20 1.19414056050067344e+02
1 0 0 44 0.00000000000000000e+00 7.50000000000024314e-01 4.99999999999989009e-01 21 1.30136633660454152e+02
1 0 0 44 0.00000000000000000e+00 7.50000000000024314e-01 4.99999999999989009e-01 22 9.14854944084744943e+02
1 0 0 44 0.00000000000000000e+00 7.50000000000024314e-01 4.99999999999989009e-01 23 1.04274291852766964e+03
1 0 0 44 0.00000000000000000e+00 7.50000000000024314e-01 4.99999999999989009e-01 24 1.88583594623816339e+03
1 0 0 44 0.00000000000000000e+00 7.50000000000024314e-01 4.99999999999989009e-01 25 3.30008074502761201e+03
1 0 0 45 2.50000000000035305e-01 7.50000000000024203e-01 4.99999999999988898e-01 0 -2.71483367263323707e+01
1 0 0 45 2.50000000000035305e-01 7.50000000000024203e-01 4.99999999999988898e-01 1 -5.26875566170032972e+00
1 0 0 45 2.50000000000035305e-01 7.50000000000024203e-01 4.99999999999988898e-01 2 -1.22789500833391596e+00
1 0 0 45 2.50000000000035305e-01 7.50000000000024203e-01 4.99999999999988898e-01 3 4.57367061622321880e-01
1 0 0 45 2.50000000000035305e-01 7.50000000000024203e-01 4.99999999999988898e-01 4 1.22516849678992656e+01
1 0 0 45 2.50000000000035305e-01 7.50000000000024203e-01 4.99999999999988898e-01 5 1.37964615749865498e+01
1 0 0 45 2.50000000000035305e-01 7.50000000000024203e-01 4.99999999999988898e-01 6 1.57509953184520199e+01
1 0 0 45 2.50000000000035305e-01 7.50000000000024203e-01 4.99999999999988898e-01 7 1.80854024430145479e+01
1 0 0 45 2.50000000000035305e-01 7.50000000000024203e-01 4.99999999999988898e-01 8 2.41142977037109496e+01
1 0 0 45 2.50000000000035305e-01 7.50000000000024203e-01 4.99999999999988898e-01 9 2.55157034080177247e+01
1 0 0 45 2.50000000000035305e-01 7.50000000000024203e-01 4.99999999999988898e-01 10 2.90888207512290258e+01
1 0 0 45 2.50000000000035305e-01 7.50000000000024203e-01 4.99999999999988898e-01 11 3.13011616942208910e+01
1 0 0 45 2.50000000000035305e-01 7.50000000000024203e-01 4.99999999999988898e-01 12 3.62321579947550276e+01
1 0 0 45 2.50000000000035305e-01 7.50000000000024203e-01 4.99999999999988898e-01 13 3.73677378110643730e+01
1 0 0 45 2.50000000000035305e-01 7.50000000000024203e-01 4.99999999999988898e-01 14 3.90178323038389294e+01
1 0 0 45 2.50000000000035305e-01 7.50000000000024203e-01 4.99999999999988898e-01 15 4.20560688996465828e+01
1 0 0 45 2.50000000000035305e-01 7.50000000000024203e-01 4.99999999999988898e-01 16 4.39731653151958852e+01
1 0 0 45 2.50000000000035305e-01 7.50000000000024203e-01 4.99999999999988898e-01 17 4.46384438405883941e+01
1 0 0 45 2.50000000000035305e-01 7.50000000000024203e-01 4.99999999999988898e-01 18 5.56997471519801906e+01
1 0 0 45 2.50000000000035305e-01 7.50000000000024203e-01 4.99999999999988898e-01 19 5.74804678733027501e+01
1 0 0 45 2.50000000000035305e-01 7.50000000000024203e-01 4.99999999999988898e-01 20 9.44382229390667192e+01
1 0 0 45 2.50000000000035305e-01 7.50000000000024203e-01 4.99999999999988898e-01 21 9.82272922022804380e+01
1 0 0 45 2.50000000000035305e-01 7.50000000000024203e-01 4.99999999999988898e-01 22 1.14592191235539553e+03
1 0 0 45 2.50000000000035305e-01 7.50000000000024203e-01 4.99999999999988898e-01 23 1.58610243539381736e+03
1 0 0 45 2.50000000000035305e-01 7.50000000000024203e-01 4.99999999999988898e-01 24 2.41151142554476519e+03
1 0 0 45 2.50000000000035305e-01 7.50000000000024203e-01 4.99999999999988898e-01 25 2.54161113479092637e+03
1 0 0 46 4.99999999999988953e-01 7.49999999999942601e-01 4.99999999999988953e-01 0 -3.27735684902752737e+01
1 0 0 46 4.99999999999988953e-01 7.49999999999942601e-01 4.99999999999988953e-01 1 -5.57451747367248451e+00
1 0 0 46 4.99999999999988953e-01 7.49999999999942601e-01 4.99999999999988953e-01 2 -5.18928382443531011e-01
1 0 0 46 4.99999999999988953e-01 7.49999999999942601e-01 4.99999999999988953e-01 3 2.21913925654235955e+00
1 0 0 46 4.99999999999988953e-01 7.49999999999942601e-01 4.99999999999988953e-01 4 1.14293055160779531e+01
1 0 0 46 4.99999999999988953e-01 7.49999999999942601e-01 4.99999999999988953e-01 5 1.39737086917534050e+01
1 0 0 46 4.99999999999988953e-01 7.49999999999942601e-01 4.99999999999988953e-01 6 1.66312461633102195e+01
1 0 0 46 4.99999999999988953e-01 7.49999999999942601e-01 4.99999999999988953e-01 7 1.77307697305561796e+01
1 0 0 46 4.99999999999988953e-01 7.49999999999942601e-01 4.99999999999988953e-01 8 2.42062781150058512e+01
1 0 0 46 4.99999999999988953e-01 7.49999999999942601e-01 4.99999999999988953e-01 9 2.57234453055068890e+01
1 0 0 46 4.99999999999988953e-01 7.49999999999942601e-01 4.99999999999988953e-01 10 2.79549680457602712e+01
1 0 0 46 4.99999999999988953e-01 7.49999999999942601e-01 4.99999999999988953e-01 11 2.92589695298896579e+01
1 0 0 46 4.99999999999988953e-01 7.49999999999942601e-01 4.99999999999988953e-01 12 3.64142508752972134e+01
1 0 0 46 4.99999999999988953e-01 7.49999999999942601e-01 4.99999999999988953e-01 13 3.71418791046203367e+01
1 0 0 46 4.99999999999988953e-01 7.49999999999942601e-01 4.99999999999988953e-01 14 3.86759434705922516e+01
1 0 0 46 4.99999999999988953e-01 7.49999999999942601e-01 4.99999999999988953e-01 15 4.29794319008112140e+01
1 0 0 46 4.99999999999988953e-01 7.49999999999942601e-01 4.99999999999988953e-01 16 4.71633072027936748e+01
1 0 0 46 4.99999999999988953e-01 7.49999999999942601e-01 4.99999999999988953e-01 17 4.91967553356138509e+01
1 0 0 46 4.99999999999988953e-01 7.49999999999942601e-01 4.99999999999988953e-01 18 5.17223301249687069e+01
1 0 0 46 4.99999999999988953e-01 7.49999999999942601e-01 4.99999999999988953e-01 19 7.54027357229410313e+01
1 0 0 46 4.99999999999988953e-01 7.49999999999942601e-01 4.99999999999988953e-01 20 1.22351003333301279e+02
1 0 0 46 4.99999999999988953e-01 7.49999999999942601e-01 4.99999999999988953e-01 21 1.26694261281831899e+02
1 0 0 46 4.99999999999988953e-01 7.49999999999942601e-01 4.99999999999988953e-01 22 8.34468544433106786e+02
1 0 0 46 4.99999999999988953e-01 7.49999999999942601e-01 4.99999999999988953e-01 23 1.11628762452598426e+03
1 0 0 46 4.99999999999988953e-01 7.49999999999942601e-01 4.99999999999988953e-01 24 1.86480910186940173e+03
1 0 0 46 4.99999999999988953e-01 7.49999999999942601e-01 4.99999999999988953e-01 25 3.44161124726533308e+03
1 0 0 47 7.50000000000024203e-01 7.50000000000024203e-01 5.00000000000070610e-01 0 -3.57357640788043511e+01
1 0 0 47 7.50000000000024203e-01 7.50000000000024203e-01 5.00000000000070610e-01 1 -4.48565897181179096e+00
1 0 0 47 7.50000000000024203e-01 7.50000000000024203e-01 5.00000000000070610e-01 2 -1.25605225616463012e+00
1 0 0 47 7.50000000000024203e-01 7.50000000000024203e-01 5.00000000000070610e-01 3 3.27694388664518454e+00
1 0 0 47 7.50000000000024203e-01 7.50000000000024203e-01 5.00000000000070610e-01 4 1.19931671840771497e+01
1 0 0 47 7.50000000000024203e-01 7.50000000000024203e-01 5.00000000000070610e-01 5 1.36840349997015274e+01
1 0 0 47 7.50000000000024203e-01 7.50000000000024203e-01 5.00000000000070610e-01 6 1.62637629621355266e+01
1 0 0 47 7.50000000000024203e-01 7.50000000000024203e-01 5.00000000000070610e-01 7 1.76880066325574532e+01
1 0 0 47 7.50000000000024203e-01 7.50000000000024203e-01 5.00000000000070610e-01 8 1.81020985262106002e+01
1 0 0 47 7.50000000000024203e-01 7.50000000000024203e-01 5.00000000000070610e-01 9 2.53670431908359113e+01
1 0 0 47 7.50000000000024203e-01 7.50000000000024203e-01 5.00000000000070610e-01 10 2.88201855838970076e+01
1 0 0 47 7.50000000000024203e-01 7.50000000000024203e-01 5.00000000000070610e-01 11 3.35580809251802847e+01
1 0 0 47 7.50000000000024203e-01 7.50000000000024203e-01 5.00000000000070610e-01 12 3.50750495657153536e+01
1 0 0 47 7.50000000000024203e-01 7.50000000000024203e-01 5.00000000000070610e-01 13 3.64617102737037442e+01
1 0 0 47 7.50000000000024203e-01 7.50000000000024203e-01 5.00000000000070610e-01 14 3.96258025460976526e+01
1 0 0 47 7.50000000000024203e-01 7.50000000000024203e-01 5.00000000000070610e-01 15 4.13760819674794433e+01
1 0 0 47 7.50000000000024203e-01 7.50000000000024203e-01 5.00000000000070610e-01 16 4.49333772703002765e+01
1 0 0 47 7.50000000000024203e-01 7.50000000000024203e-01 5.00000000000070610e-01 17 4.86052434746816147e+01
1 0 0 47 7.50000000000024203e-01 7.50000000000024203e-01 5.00000000000070610e-01 18 5.26199489190113709e+01
1 0 0 47 7.50000000000024203e-01 7.50000000000024203e-01 5.00000000000070610e-01 19 9.09109474040008365e+01
1 0 0 47 7.50000000000024203e-01 7.50000000000024203e-01 5.00000000000070610e-01 20 1.08671887283490875e+02
1 0 0 47 7.50000000000024203e-01 7.50000000000024203e-01 5.00000000000070610e-01 21 2.34336424385515556e+02
1 0 0 47 7.50000000000024203e-01 7.50000000000024203e-01 5.00000000000070610e-01 22 7.82604259395333429e+02
1 0 0 47 7.50000000000024203e-01 7.50000000000024203e-01 5.00000000000070610e-01 23 9.98214200460286065e+02
1 0 0 47 7.50000000000024203e-01 7.50000000000024203e-01 5.00000000000070610e-01 24 1.70790637470322281e+03
1 0 0 47 7.50000000000024203e-01 7.50000000000024203e-01 5.00000000000070610e-01 25 3.27616550271069354e+03
1 0 0 48 0.00000000000000000e+00 0.00000000000000000e+00 7.49999999999942601e-01 0 -4.10526640668927740e+01
1 0 0 48 0.00000000000000000e+00 0.00000000000000000e+00 7.49999999999942601e-01 1 -1.62612898194821298e+00
1 0 0 48 0.00000000000000000e+00 0.00000000000000000e+00 7.49999999999942601e-01 2 1.96535357718503101e+00
1 0 0 48 0.00000000000000000e+00 0.00000000000000000e+00 7.49999999999942601e-01 3 3.69920555956431718e+00
1 0 0 48 0.00000000000000000e+00 0.00000000000000000e+00 7.49999999999942601e-01 4 1.14882655273253356e+01
1 0 0 48 0.00000000000000000e+00 0.00000000000000000e+00 7.49999999999942601e-01 5 1.38784902564376225e+01
1 0 0 48 0.00000000000000000e+00 0.00000000000000000e+00 7.49999999999942601e-01 6 1.41015318360981823e+01
1 0 0 48 0.00000000000000000e+00 0.00000000000000000e+00 7.49999999999942601e-01 7 1.82573168415474605e+01
1 0 0 48 0.00000000000000000e+00 0.00000000000000000e+00 7.49999999999942601e-01 8 1.89138314219195820e+01
1 0 0 48 0.00000000000000000e+00 0.00000000000000000e+00 7.49999999999942601e-01 9 2.07468428892008134e+01
1 0 0 48 0.00000000000000000e+00 0.00000000000000000e+00 7.49999999999942601e-01 10 3.09599409174704796e+01
1 0 0 48 0.00000000000000000e+00 0.00000000000000000e+00 7.49999999999942601e-01 11 3.24393651306468982e+01
1 0 0 48 0.00000000000000000e+00 0.00000000000000000e+00 7.49999999999942601e-01 12 3.40456839468920549e+01
1 0 0 48 0.00000000000000000e+00 0.00000000000000000e+00 7.49999999999942601e-01 13 3.48161914085416271e+01
1 0 0 48 0.00000000000000000e+00 0.00000000000000000e+00 7.49999999999942601e-01 14 4.16403856586937025e+01
1 0 0 48 0.00000000000000000e+00 0.00000000000000000e+00 7.49999999999942601e-01 15 4.28155640367726207e+01
1 0 0 48 0.00000000000000000e+00 0.00000000000000000e+00 7.49999999999942601e-01 16 4.93790265367792500e+01
1 0 0 48 0.00000000000000000e+00 0.00000000000000000e+00 7.49999999999942601e-01 17 5.10708679532460437e+01
1 0 0 48 0.00000000000000000e+00 0.00000000000000000e+00 7.49999999999942601e-01 18 5.20732383609859610e+01
1 0 0 48 0.00000000000000000e+00 0.00000000000000000e+00 7.49999999999942601e-01 19 1.11621094171250803e+02
1 0 0 48 0.00000000000000000e+00 0.00000000000000000e+00 7.49999999999942601e-01 20 3.14285795905807674e+02
1 0 0 48 0.00000000000000000e+00 0.00000000000000000e+00 7.49999999999942601e-01 21 3.54076885760736332e+02
1 0 0 48 0.00000000000000000e+00 0.00000000000000000e+00 7.49999999999942601e-01 22 8.24911629585446462e+02
1 0 0 48 0.00000000000000000e+00 0.00000000000000000e+00 7.49999999999942601e-01 23 8.77245470075298499e+02
1 0 0 48 0.00000000000000000e+00 0.00000000000000000e+00 7.49999999999942601e-01 24 1.34749167908354525e+03
1 0 0 48 0.00000000000000000e+00 0.00000000000000000e+00 7.49999999999942601e-01 25 2.84839049338452060e+03
1 0 0 49 2.49999999999953593e-01 0.00000000000000000e+00 7.50000000000024203e-01 0 -3.52573906226644453e+01
1 0 0 49 2.49999999999953593e-01 0.00000000000000000e+00 7.50000000000024203e-01 1 -3.86880326216285519e+00
1 0 0 49 2.49999999999953593e-01 0.00000000000000000e+00 7.50000000000024203e-01 2 -4.48395078836488381e-01
1 0 0 49 2.49999999999953593e-01 0.00000000000000000e+00 7.50000000000024203e-01 3 1.85824547999281053e+00
1 0 0 49 2.49999999999953593e-01 0.00000000000000000e+00 7.50000000000024203e-01 4 1.31727501285719573e+01
1 0 0 49 2.49999999999953593e-01 0.00000000000000000e+00 7.50000000000024203e-01 5 1.37649308533630386e+01
1 0 0 49 2.49999999999953593e-01 0.00000000000000000e+00 7.50000000000024203e-01 6 1.55661762518259703e+01
1 0 0 49 2.49999999999953593e-01 0.00000000000000000e+00 7.50000000000024203e-01 7 1.71135176362723840e+01
1 0 0 49 2.49999999999953593e-01 0.00000000000000000e+00 7.50000000000024203e-01 8 1.84093666026625762e+01
1 0 0 49 2.49999999999953593e-01 0.00000000000000000e+00 7.50000000000024203e-01 9 2.56217129108786885e+01
1 0 0 49 2.49999999999953593e-01 0.00000000000000000e+00 7.50000000000024203e-01 10 2.88447186396933901e+01
1 0 0 49 2.49999999999953593e-01 0.00000000000000000e+00 7.50000000000024203e-01 11 3.38872035689148419e+01
1 0 0 49 2.49999999999953593e-01 0.00000000000000000e+00 7.50000000000024203e-01 12 3.53212488963567921e+01
1 0 0 49 2.49999999999953593e-01 0.00000000000000000e+00 7.50000000000024203e-01 13 3.81033064878365764e+01
1 0 0 49 2.49999999999953593e-01 0.00000000000000000e+00 7.50000000000024203e-01 14 3.94017920201329162e+01
1 0 0 49 2.49999999999953593e-01 0.00000000000000000e+00 7.50000000000024203e-01 15 4.07272290813479216e+01
1 0 0 49 2.49999999999953593e-01 0.00000000000000000e+00 7.50000000000024203e-01 16 4.30720286891949158e+01
1 0 0 49 2.49999999999953593e-01 0.00000000000000000e+00 7.50000000000024203e-01 17 4.87262203415768838e+01
1 0 0 49 2.49999999999953593e-01 0.00000000000000000e+00 7.50000000000024203e-01 18 5.22220198603154557e+01
1 0 0 49 2.49999999999953593e-01 0.00000000000000000e+00 7.50000000000024203e-01 19 8.71933179124653748e+01
1 0 0 49 2.49999999999953593e-01 0.00000000000000000e+00 7.50000000000024203e-01 20 1.04041699627117211e+02
1 0 0 49 2.49999999999953593e-01 0.00000000000000000e+00 7.50000000000024203e-01 21 2.36298614605295285e+02
1 0 0 49 2.49999999999953593e-01 0.00000000000000000e+00 7.50000000000024203e-01 22 7.69092461497145905e+02
1 0 0 49 2.49999999999953593e-01 0.00000000000000000e+00 7.50000000000024203e-01 23 1.05981256490989426e+03
1 0 0 49 2.49999999999953593e-01 0.00000000000000000e+00 7.50000000000024203e-01 24 1.74965590731608836e+03
1 0 0 49 2.49999999999953593e-01 0.00000000000000000e+00 7.50000000000024203e-01 25 3.23320168224019562e+03
1 0 0 50 4.99999999999989009e-01 0.00000000000000000e+00 7.50000000000024314e-01 0 -3.03212204553564106e+01
1 0 0 50 4.99999999999989009e-01 0.00000000000000000e+00 7.50000000000024314e-01 1 -6.00333051634176229e+00
1 0 0 50 4.99999999999989009e-01 0.00000000000000000e+00 7.50000000000024314e-01 2 3.76484247227018676e-01
1 0 0 50 4.99999999999989009e-01 0.00000000000000000e+00 7.50000000000024314e-01 3 8.81882851650116151e-01
1 0 0 50 4.99999999999989009e-01 0.00000000000000000e+00 7.50000000000024314e-01 4 1.09928897059847408e+01
1 0 0 50 4.99999999999989009e-01 0.00000000000000000e+00 7.50000000000024314e-01 5 1.39043534377997595e+01
1 0 0 50 4.99999999999989009e-01 0.00000000000000000e+00 7.50000000000024314e-01 6 1.70205612299806432e+01
1 0 0 50 4.99999999999989009e-01 0.00000000000000000e+00 7.50000000000024314e-01 7 1.81142618899023198e+01
1 0 0 50 4.99999999999989009e-01 0.00000000000000000e+00 7.50000000000024314e-01 8 2.34966847441703415e+01
1 0 0 50 4.99999999999989009e-01 0.00000000000000000e+00 7.50000000000024314e-01 9 2.59512696224978434e+01
1 0 0 50 4.99999999999989009e-01 0.00000000000000000e+00 7.50000000000024314e-01 10 2.82617960508604575e+01
1 0 0 50 4.99999999999989009e-01 0.00000000000000000e+00 7.50000000000024314e-01 11 2.88265729150823091e+01
1 0 0 50 4.99999999999989009e-01 0.00000000000000000e+00 7.50000000000024314e-01 12 3.67201276079302090e+01
1 0 0 50 4.99999999999989009e-01 0.00000000000000000e+00 7.50000000000024314e-01 13 3.73803445936923637e+01
1 0 0 50 4.99999999999989009e-01 0.00000000000000000e+00 7.50000000000024314e-01 14 3.83713629903716154e+01
1 0 0 50 4.99999999999989009e-01 0.00000000000000000e+00 7.50000000000024314e-01 15 4.28984795357914663e+01
1 0 0 50 4.99999999999989009e-01 0.00000000000000000e+00 7.50000000000024314e-01 16 4.69141985551004339e+01
1 0 0 50 4.99999999999989009e-01 0.00000000000000000e+00 7.50000000000024314e-01 17 4.87421753867091780e+01
1 0 0 50 4.99999999999989009e-01 0.00000000000000000e+00 7.50000000000024314e-01 18 5.16797296639142942e+01
1 0 0 50 4.99999999999989009e-01 0.00000000000000000e+00 7.50000000000024314e-01 19 7.36045988037607231e+01
1 0 0 50 4.99999999999989009e-01 0.00000000000000000e+00 7.50000000000024314e-01 20 1.18201769931921419e+02
1 0 0 50 4.99999999999989009e-01 0.00000000000000000e+00 7.50000000000024314e-01 21 1.31861302570494843e+02
1 0 0 50 4.99999999999989009e-01 0.00000000000000000e+00 7.50000000000024314e-01 22 8.92671105627023849e+02
1 0 0 50 4.99999999999989009e-01 0.00000000000000000e+00 7.50000000000024314e-01 23 1.10160700274278861e+03
1 0 0 50 4.99999999999989009e-01 0.00000000000000000e+00 7.50000000000024314e-01 24 1.91802098443992145e+03
1 0 0 50 4.99999999999989009e-01 0.00000000000000000e+00 7.50000000000024314e-01 25 3.16399452521515423e+03
1 0 0 51 7.50000000000024203e-01 0.00000000000000000e+00 7.50000000000024203e-01 0 -4.01077225359843581e+01
1 0 0 51 7.50000000000024203e-01 0.00000000000000000e+00 7.50000000000024203e-01 1 -1.68911323536024294e+00
1 0 0 51 7.50000000000024203e-01 0.00000000000000000e+00 7.50000000000024203e-01 2 9.67355472260279847e-01
1 0 0 51 7.50000000000024203e-01 0.00000000000000000e+00 7.50000000000024203e-01 3 3.03552190192405069e+00
1 0 0 51 7.50000000000024203e-01 0.00000000000000000e+00 7.50000000000024203e-01 4 1.08260805048426114e+01
1 0 0 51 7.50000000000024203e-01 0.00000000000000000e+00 7.50000000000024203e-01 5 1.40075279949319622e+01
1 0 0 51 7.50000000000024203e-01 0.00000000000000000e+00 7.50000000000024203e-01 6 1.61558782374050800e+01
1 0 0 51 7.50000000000024203e-01 0.00000000000000000e+00 7.50000000000024203e-01 7 1.73868971404922306e+01
1 0 0 51 7.50000000000024203e-01 0.00000000000000000e+00 7.50000000000024203e-01 8 2.03752153495398218e+01
1 0 0 51 7.50000000000024203e-01 0.00000000000000000e+00 7.50000000000024203e-01 9 2.28975128098155345e+01
1 0 0 51 7.50000000000024203e-01 0.00000000000000000e+00 7.50000000000024203e-01 10 2.99160724580632085e+01
1 0 0 51 7.50000000000024203e-01 0.00000000000000000e+00 7.50000000000024203e-01 11 3.17861642261698059e+01
1 0 0 51 7.50000000000024203e-01 0.00000000000000000e+00 7.50000000000024203e-01 12 3.33922385242332211e+01
1 0 0 51 7.50000000000024203e-01 0.00000000000000000e+00 7.50000000000024203e-01 13 3.76800680333344857e+01
1 0 0 51 7.50000000000024203e-01 0.00000000000000000e+00 7.50000000000024203e-01 14 4.11568397969865458e+01
1 0 0 51 7.50000000000024203e-01 0.00000000000000000e+00 7.50000000000024203e-01 15 4.45738638075143427e+01
1 0 0 51 7.50000000000024203e-01 0.00000000000000000e+00 7.50000000000024203e-01 16 4.67332509429974863e+01
1 0 0 51 7.50000000000024203e-01 0.00000000000000000e+00 7.50000000000024203e-01 17 4.94611776479319829e+01
1 0 0 51 7.50000000000024203e-01 0.00000000000000000e+00 7.50000000000024203e-01 18 5.59695987276106379e+01
1 0 0 51 7.50000000000024203e-01 0.00000000000000000e+00 7.50000000000024203e-01 19 1.39147995873037189e+02
1 0 0 51 7.50000000000024203e-01 0.00000000000000000e+00 7.50000000000024203e-01 20 1.53056380601855125e+02
1 0 0 51 7.50000000000024203e-01 0.00000000000000000e+00 7.50000000000024203e-01 21 2.73138593783746046e+02
1 0 0 51 7.50000000000024203e-01 0.00000000000000000e+00 7.50000000000024203e-01 22 6.59510691374429484e+02
1 0 0 51 7.50000000000024203e-01 0.00000000000000000e+00 7.50000000000024203e-01 23 1.54816887611507423e+03
1 0 0 51 7.50000000000024203e-01 0.00000000000000000e+00 7.50000000000024203e-01 24 1.69635009949814685e+03
1 0 0 51 7.50000000000024203e-01 0.00000000000000000e+00 7.50000000000024203e-01 25 1.98597361915579154e+03
1 0 0 52 0.00000000000000000e+00 2.49999999999953593e-01 7.50000000000024203e-01 0 -3.55385458855506045e+01
1 0 0 52 0.00000000000000000e+00 2.49999999999953593e-01 7.50000000000024203e-01 1 -3.43940518464604938e+00
1 0 0 52 0.00000000000000000e+00 2.49999999999953593e-01 7.50000000000024203e-01 2 -1.40975620665669099e-01
1 0 0 52 0.00000000000000000e+00 2.49999999999953593e-01 7.50000000000024203e-01 3 2.47544554194143629e+00
1 0 0 52 0.00000000000000000e+00 2.49999999999953593e-01 7.50000000000024203e-01 4 1.32926318517981681e+01
1 0 0 52 0.00000000000000000e+00 2.49999999999953593e-01 7.50000000000024203e-01 5 1.39228102694392675e+01
1 0 0 52 0.00000000000000000e+00 2.49999999999953593e-01 7.50000000000024203e-01 6 1.59551844794652826e+01
1 0 0 52 0.00000000000000000e+00 2.49999999999953593e-01 7.50000000000024203e-01 7 1.69150046311725539e+01
1 0 0 52 0.00000000000000000e+00 2.49999999999953593e-01 7.50000000000024203e-01 8 1.84285876607718180e+01
1 0 0 52 0.00000000000000000e+00 2.49999999999953593e-01 7.50000000000024203e-01 9 2.56072700109182314e+01
1 0 0 52 0.00000000000000000e+00 2.49999999999953593e-01 7.50000000000024203e-01 10 2.84134772312250945e+01
1 0 0 52 0.00000000000000000e+00 2.49999999999953593e-01 7.50000000000024203e-01 11 3.30464550195911784e+01
1 0 0 52 0.00000000000000000e+00 2.49999999999953593e-01 7.50000000000024203e-01 12 3.46499047418075392e+01
1 0 0 52 0.00000000000000000e+00 2.49999999999953593e-01 7.50000000000024203e-01 13 3.62072811047064178e+01
1 0 0 52 0.00000000000000000e+00 2.49999999999953593e-01 7.50000000000024203e-01 14 3.99024634692933944e+01
1 0 0 52 0.00000000000000000e+00 2.49999999999953593e-01 7.50000000000024203e-01 15 4.16400860512490212e+01
1 0 0 52 0.00000000000000000e+00 2.49999999999953593e-01 7.50000000000024203e-01 16 4.48333270591810162e+01
1 0 0 52 0.00000000000000000e+00 2.49999999999953593e-01 7.50000000000024203e-01 17 4.87729998284930346e+01
1 0 0 52 0.00000000000000000e+00 2.49999999999953593e-01 7.50000000000024203e-01 18 5.28388526654208803e+01
1 0 0 52 0.00000000000000000e+00 2.49999999999953593e-01 7.50000000000024203e-01 19 8.41817563611613480e+01
1 0 0 52 0.00000000000000000e+00 2.49999999999953593e-01 7.50000000000024203e-01 20 1.06029282580358284e+02
1 0 0 52 0.00000000000000000e+00 2.49999999999953593e-01 7.50000000000024203e-01 21 2.41882607342765937e+02
1 0 0 52 0.00000000000000000e+00 2.49999999999953593e-01 7.50000000000024203e-01 22 6.90252656478340214e+02
1 0 0 52 0.00000000000000000e+00 2.49999999999953593e-01 7.50000000000024203e-01 23 9.70349643488266224e+02
1 0 0 52 0.00000000000000000e+00 2.49999999999953593e-01 7.50000000000024203e-01 24 1.82248706619555378e+03
1 0 0 52 0.00000000000000000e+00 2.49999999999953593e-01 7.50000000000024203e-01 25 3.35846798239270720e+03
1 0 0 53 2.49999999999953648e-01 2.49999999999953648e-01 7.49999999999942601e-01 0 -3.53598417003495484e+01
1 0 0 53 2.49999999999953648e-01 2.49999999999953648e-01 7.49999999999942601e-01 1 -4.79491466360180851e+00
1 0 0 53 2.49999999999953648e-01 2.49999999999953648e-01 7.49999999999942601e-01 2 -5.12428789276967445e-01
1 0 0 53 2.49999999999953648e-01 2.49999999999953648e-01 7.49999999999942601e-01 3 2.23614630173835005e+00
1 0 0 53 2.49999999999953648e-01 2.49999999999953648e-01 7.49999999999942601e-01 4 1.04446012510707202e+01
1 0 0 53 2.49999999999953648e-01 2.49999999999953648e-01 7.49999999999942601e-01 5 1.39299685549082746e+01
1 0 0 53 2.49999999999953648e-01 2.49999999999953648e-01 7.49999999999942601e-01 6 1.68566051334864362e+01
1 0 0 53 2.49999999999953648e-01 2.49999999999953648e-01 7.49999999999942601e-01 7 1.74767863784580548e+01
1 0 0 53 2.49999999999953648e-01 2.49999999999953648e-01 7.49999999999942601e-01 8 2.41657839512741646e+01
1 0 0 53 2.49999999999953648e-01 2.49999999999953648e-01 7.49999999999942601e-01 9 2.63301945858820332e+01
1 0 0 53 2.49999999999953648e-01 2.49999999999953648e-01 7.49999999999942601e-01 10 2.81465744419827288e+01
1 0 0 53 2.49999999999953648e-01 2.49999999999953648e-01 7.49999999999942601e-01 11 2.93358274988931527e+01
1 0 0 53 2.49999999999953648e-01 2.49999999999953648e-01 7.49999999999942601e-01 12 3.68716412889618255e+01
1 0 0 53 2.49999999999953648e-01 2.49999999999953648e-01 7.49999999999942601e-01 13 3.75807340682419451e+01
1 0 0 53 2.49999999999953648e-01 2.49999999999953648e-01 7.49999999999942601e-01 14 3.85853866932325005e+01
1 0 0 53 2.49999999999953648e-01 2.49999999999953648e-01 7.49999999999942601e-01 15 4.21149267498806950e+01
1 0 0 53 2.49999999999953648e-01 2.49999999999953648e-01 7.49999999999942601e-01 16 4.62873405779490739e+01
1 0 0 53 2.49999999999953648e-01 2.49999999999953648e-01 7.49999999999942601e-01 17 4.80633933109995084e+01
1 0 0 53 2.49999999999953648e-01 2.49999999999953648e-01 7.49999999999942601e-01 18 5.28496849672551008e+01
1 0 0 53 2.49999999999953648e-01 2.49999999999953648e-01 7.49999999999942601e-01 19 7.23941582278034588e+01
1 0 0 53 2.49999999999953648e-01 2.49999999999953648e-01 7.49999999999942601e-01 20 1.24515310704773015e+02
1 0 0 53 2.49999999999953648e-01 2.49999999999953648e-01 7.49999999999942601e-01 21 1.29533794892135006e+02
1 0 0 53 2.49999999999953648e-01 2.49999999999953648e-01 7.49999999999942601e-01 22 8.85891616362144759e+02
1 0 0 53 2.49999999999953648e-01 2.49999999999953648e-01 7.49999999999942601e-01 23 1.06716536129152473e+03
1 0 0 53 2.49999999999953648e-01 2.49999999999953648e-01 7.49999999999942601e-01 24 1.75667710445728062e+03
1 0 0 53 2.49999999999953648e-01 2.49999999999953648e-01 7.49999999999942601e-01 25 3.40673893078012452e+03
1 0 0 54 4.99999999999988898e-01 2.50000000000035305e-01 7.50000000000024203e-01 0 -3.01601799678357239e+01
1 0 0 54 4.99999999999988898e-01 2.50000000000035305e-01 7.50000000000024203e-01 1 -4.94437172540639125e+00
1 0 0 54 4.99999999999988898e-01 2.50000000000035305e-01 7.50000000000024203e-01 2 -1.16681787539407034e+00
1 0 0 54 4.99999999999988898e-01 2.50000000000035305e-01 7.50000000000024203e-01 3 -2.44201540447815391e-01
1 0 0 54 4.99999999999988898e-01 2.50000000000035305e-01 7.50000000000024203e-01 4 1.25559910969199233e+01
1 0 0 54 4.99999999999988898e-01 2.50000000000035305e-01 7.50000000000024203e-01 5 1.36330317159636465e+01
1 0 0 54 4.99999999999988898e-01 2.50000000000035305e-01 7.50000000000024203e-01 6 1.67958481110508977e+01
1 0 0 54 4.99999999999988898e-01 2.50000000000035305e-01 7.50000000000024203e-01 7 1.79670924342719260e+01
1 0 0 54 4.99999999999988898e-01 2.50000000000035305e-01 7.50000000000024203e-01 8 2.36512834554691942e+01
1 0 0 54 4.99999999999988898e-01 2.50000000000035305e-01 7.50000000000024203e-01 9 2.56158186712187010e+01
1 0 0 54 4.99999999999988898e-01 2.50000000000035305e-01 7.50000000000024203e-01 10 2.89857920427357669e+01
1 0 0 54 4.99999999999988898e-01 2.50000000000035305e-01 7.50000000000024203e-01 11 3.08334198670475388e+01
1 0 0 54 4.99999999999988898e-01 2.50000000000035305e-01 7.50000000000024203e-01 12 3.62428066461363798e+01
1 0 0 54 4.99999999999988898e-01 2.50000000000035305e-01 7.50000000000024203e-01 13 3.76671752278547842e+01
1 0 0 54 4.99999999999988898e-01 2.50000000000035305e-01 7.50000000000024203e-01 14 3.98277703849646230e+01
1 0 0 54 4.99999999999988898e-01 2.50000000000035305e-01 7.50000000000024203e-01 15 4.17015318567222337e+01
1 0 0 54 4.99999999999988898e-01 2.50000000000035305e-01 7.50000000000024203e-01 16 4.31127632022564313e+01
1 0 0 54 4.99999999999988898e-01 2.50000000000035305e-01 7.50000000000024203e-01 17 4.44686268139468481e+01
1 0 0 54 4.99999999999988898e-01 2.50000000000035305e-01 7.50000000000024203e-01 18 5.41559903828633153e+01
1 0 0 54 4.99999999999988898e-01 2.50000000000035305e-01 7.50000000000024203e-01 19 5.82466571666402473e+01
1 0 0 54 4.99999999999988898e-01 2.50000000000035305e-01 7.50000000000024203e-01 20 9.46332846726598262e+01
1 0 0 54 4.99999999999988898e-01 2.50000000000035305e-01 7.50000000000024203e-01 21 9.80594603380253318e+01
1 0 0 54 4.99999999999988898e-01 2.50000000000035305e-01 7.50000000000024203e-01 22 1.37703070401923492e+03
1 0 0 54 4.99999999999988898e-01 2.50000000000035305e-01 7.50000000000024203e-01 23 1.55458638523277114e+03
1 0 0 54 4.99999999999988898e-01 2.50000000000035305e-01 7.50000000000024203e-01 24 2.37480198113218967e+03
1 0 0 54 4.99999999999988898e-01 2.50000000000035305e-01 7.50000000000024203e-01 25 2.52270356950450150e+03
1 0 0 55 7.50000000000024314e-01 2.50000000000035305e-01 7.50000000000024314e-01 0 -3.08434253017307860e+01
1 0 0 55 7.50000000000024314e-01 2.50000000000035305e-01 7.50000000000024314e-01 1 -5.67140486632466612e+00
1 0 0 55 7.50000000000024314e-01 2.50000000000035305e-01 7.50000000000024314e-01 2 -3.48848421298197153e-01
1 0 0 55 7.50000000000024314e-01 2.50000000000035305e-01 7.50000000000024314e-01 3 2.59690621258833021e+00
1 0 0 55 7.50000000000024314e-01 2.50000000000035305e-01 7.50000000000024314e-01 4 1.12454121229510839e+01
1 0 0 55 7.50000000000024314e-01 2.50000000000035305e-01 7.50000000000024314e-01 5 1.40648653967144348e+01
1 0 0 55 7.50000000000024314e-01 2.50000000000035305e-01 7.50000000000024314e-01 6 1.66695166221976407e+01
1 0 0 55 7.50000000000024314e-01 2.50000000000035305e-01 7.50000000000024314e-01 7 1.80546322822600054e+01
1 0 0 55 7.50000000000024314e-01 2.50000000000035305e-01 7.50000000000024314e-01 8 2.37452322490777838e+01
1 0 0 55 7.50000000000024314e-01 2.50000000000035305e-01 7.50000000000024314e-01 9 2.56196023606520775e+01
1 0 0 55 7.50000000000024314e-01 2.50000000000035305e-01 7.50000000000024314e-01 10 2.76186724911170245e+01
1 0 0 55 7.50000000000024314e-01 2.50000000000035305e-01 7.50000000000024314e-01 11 2.93902130506407495e+01
1 0 0 55 7.50000000000024314e-01 2.50000000000035305e-01 7.50000000000024314e-01 12 3.61844171686941252e+01
1 0 0 55 7.50000000000024314e-01 2.50000000000035305e-01 7.50000000000024314e-01 13 3.67054707752514346e+01
1 0 0 55 7.50000000000024314e-01 2.50000000000035305e-01 7.50000000000024314e-01 14 3.81359999183005058e+01
1 0 0 55 7.50000000000024314e-01 2.50000000000035305e-01 7.50000000000024314e-01 15 4.24880062615141796e+01
1 0 0 55 7.50000000000024314e-01 2.50000000000035305e-01 7.50000000000024314e-01 16 4.73582284390025166e+01
1 0 0 55 7.50000000000024314e-01 2.50000000000035305e-01 7.50000000000024314e-01 17 4.89793884373382227e+01
1 0 0 55 7.50000000000024314e-01 2.50000000000035305e-01 7.50000000000024314e-01 18 5.29765800168130028e+01
1 0 0 55 7.50000000000024314e-01 2.50000000000035305e-01 7.50000000000024314e-01 19 7.17342518937669382e+01
1 0 0 55 7.50000000000024314e-01 2.50000000000035305e-01 7.50000000000024314e-01 20 1.20668616616787304e+02
1 0 0 55 7.50000000000024314e-01 2.50000000000035305e-01 7.50000000000024314e-01 21 1.27609265538722468e+02
1 0 0 55 7.50000000000024314e-01 2.50000000000035305e-01 7.50000000000024314e-01 22 9.17577853596814634e+02
1 0 0 55 7.50000000000024314e-01 2.50000000000035305e-01 7.50000000000024314e-01 23 1.13484989171141979e+03
1 0 0 55 7.50000000000024314e-01 2.50000000000035305e-01 7.50000000000024314e-01 24 1.79449444672855452e+03
1 0 0 55 7.50000000000024314e-01 2.50000000000035305e-01 7.50000000000024314e-01 25 3.38080161581847233e+03
1 0 0 56 0.00000000000000000e+00 4.99999999999989009e-01 7.50000000000024314e-01 0 -2.95756614395466322e+01
1 0 0 56 0.00000000000000000e+00 4.99999999999989009e-01 7.50000000000024314e-01 1 -6.55251615278146637e+00
1 0 0 56 0.00000000000000000e+00 4.99999999999989009e-01 7.50000000000024314e-01 2 -3.38697152701402882e-01
1 0 0 56 0.00000000000000000e+00 4.99999999999989009e-01 7.50000000000024314e-01 3 2.00946573756052604e+00
1 0 0 56 0.00000000000000000e+00 4.99999999999989009e-01 7.50000000000024314e-01 4 1.14743889506094519e+01
1 0 0 56 0.00000000000000000e+00 4.99999999999989009e-01 7.50000000000024314e-01 5 1.36896566278077163e+01
1 0 0 56 0.00000000000000000e+00 4.99999999999989009e-01 7.50000000000024314e-01 6 1.69286646553382916e+01
1 0 0 56 0.00000000000000000e+00 4.99999999999989009e-01 7.50000000000024314e-01 7 1.79949264495268153e+01
1 0 0 56 0.00000000000000000e+00 4.99999999999989009e-01 7.50000000000024314e-01 8 2.32310719106670085e+01
1 0 0 56 0.00000000000000000e+00 4.99999999999989009e-01 7.50000000000024314e-01 9 2.50754063994492817e+01
1 0 0 56 0.00000000000000000e+00 4.99999999999989009e-01 7.50000000000024314e-01 10 2.83154711867303703e+01
1 0 0 56 0.00000000000000000e+00 4.99999999999989009e-01 7.50000000000024314e-01 11 2.90850969621377828e+01
1 0 0 56 0.00000000000000000e+00 4.99999999999989009e-01 7.50000000000024314e-01 12 3.60394580288654112e+01
1 0 0 56 0.00000000000000000e+00 4.99999999999989009e-01 7.50000000000024314e-01 13 3.79348284544380192e+01
1 0 0 56 0.00000000000000000e+00 4.99999999999989009e-01 7.50000000000024314e-01 14 3.90654809687866589e+01
1 0 0 56 0.00000000000000000e+00 4.99999999999989009e-01 7.50000000000024314e-01 15 4.27434400038827462e+01
1 0 0 56 0.00000000000000000e+00 4.99999999999989009e-01 7.50000000000024314e-01 16 4.75953544811610598e+01
1 0 0 56 0.00000000000000000e+00 4.99999999999989009e-01 7.50000000000024314e-01 17 4.94553823633257394e+01
1 0 0 56 0.00000000000000000e+00 4.99999999999989009e-01 7.50000000000024314e-01 18 5.11228941203133331e+01
1 0 0 56 0.00000000000000000e+00 4.99999999999989009e-01 7.50000000000024314e-01 19 7.20529456780460862e+01
1 0 0 56 0.00000000000000000e+00 4.99999999999989009e-01 7.50000000000024314e-01 20 1.15722418548703928e+02
1 0 0 56 0.00000000000000000e+00 4.99999999999989009e-01 7.50000000000024314e-01 21 1.28531867241958224e+02
1 0 0 56 0.00000000000000000e+00 4.99999999999989009e-01 7.50000000000024314e-01 22 8.74108931706430781e+02
1 0 0 56 0.00000000000000000e+00 4.99999999999989009e-01 7.50000000000024314e-01 23 1.06511890244362166e+03
1 0 0 56 0.00000000000000000e+00 4.99999999999989009e-01 7.50000000000024314e-01 24 1.96271925819693115e+03
1 0 0 56 0.00000000000000000e+00 4.99999999999989009e-01 7.50000000000024314e-01 25 3.26322740839786366e+03
1 0 0 57 2.50000000000035305e-01 4.99999999999988898e-01 7.50000000000024203e-01 0 -2.83379320206228726e+01
1 0 0 57 2.50000000000035305e-01 4.99999999999988898e-01 7.50000000000024203e-01 1 -5.65786785468201270e+00
1 0 0 57 2.50000000000035305e-01 4.99999999999988898e-01 7.50000000000024203e-01 2 -1.28660010967283522e+00
1 0 0 57 2.50000000000035305e-01 4.99999999999988898e-01 7.50000000000024203e-01 3 3.69314567106087566e-01
1 0 0 57 2.50000000000035305e-01 4.99999999999988898e-01 7.50000000000024203e-01 4 1.24139567726090156e+01
1 0 0 57 2.50000000000035305e-01 4.99999999999988898e-01 7.50000000000024203e-01 5 1.34893988633580157e+01
1 0 0 57 2.50000000000035305e-01 4.99999999999988898e-01 7.50000000000024203e-01 6 1.58614214092558790e+01
1 0 0 57 2.50000000000035305e-01 4.99999999999988898e-01 7.50000000000024203e-01 7 1.79911439258016941e+01
1 0 0 57 2.50000000000035305e-01 4.99999999999988898e-01 7.50000000000024203e-01 8 2.30778137403840446e+01
1 0 0 57 2.50000000000035305e-01 4.99999999999988898e-01 7.50000000000024203e-01 9 2.48491223318491983e+01
1 0 0 57 2.50000000000035305e-01 4.99999999999988898e-01 7.50000000000024203e-01 10 2.94507008212546708e+01
1 0 0 57 2.50000000000035305e-01 4.99999999999988898e-01 7.50000000000024203e-01 11 3.07525945423866993e+01
1 0 0 57 2.50000000000035305e-01 4.99999999999988898e-01 7.50000000000024203e-01 12 3.61858926702997294e+01
1 0 0 57 2.50000000000035305e-01 4.99999999999988898e-01 7.50000000000024203e-01 13 3.78660304998248876e+01
1 0 0 57 2.50000000000035305e-01 4.99999999999988898e-01 7.50000000000024203e-01 14 3.99336675312216371e+01
1 0 0 57 2.50000000000035305e-01 4.99999999999988898e-01 7.50000000000024203e-01 15 4.20319000255873476e+01
1 0 0 57 2.50000000000035305e-01 4.99999999999988898e-01 7.50000000000024203e-01 16 4.33753993860904856e+01
1 0 0 57 2.50000000000035305e-01 4.99999999999988898e-01 7.50000000000024203e-01 17 4.47487965369660685e+01
1 0 0 57 2.50000000000035305e-01 4.99999999999988898e-01 7.50000000000024203e-01 18 5.39097793158929548e+01
1 0 0 57 2.50000000000035305e-01 4.99999999999988898e-01 7.50000000000024203e-01 19 5.72399773725122216e+01
1 0 0 57 2.50000000000035305e-01 4.99999999999988898e-01 7.50000000000024203e-01 20 9.33994967567081744e+01
1 0 0 57 2.50000000000035305e-01 4.99999999999988898e-01 7.50000000000024203e-01 21 9.96468900229635750e+01
1 0 0 57 2.50000000000035305e-01 4.99999999999988898e-01 7.50000000000024203e-01 22 1.34511331482224955e+03
1 0 0 57 2.50000000000035305e-01 4.99999999999988898e-01 7.50000000000024203e-01 23 1.47095998162968999e+03
1 0 0 57 2.50000000000035305e-01 4.99999999999988898e-01 7.50000000000024203e-01 24 2.45525590955083771e+03
1 0 0 57 2.50000000000035305e-01 4.99999999999988898e-01 7.50000000000024203e-01 25 2.54261323956869319e+03
1 0 0 58 4.99999999999988953e-01 4.99999999999988953e-01 7.49999999999942601e-01 0 -3.45924394008457554e+01
1 0 0 58 4.99999999999988953e-01 4.99999999999988953e-01 7.49999999999942601e-01 1 -5.54002343913307005e+00
1 0 0 58 4.99999999999988953e-01 4.99999999999988953e-01 7.49999999999942601e-01 2 -3.86466812118790304e-01
1 0 0 58 4.99999999999988953e-01 4.99999999999988953e-01 7.49999999999942601e-01 3 2.05749049664425332e+00
1 0 0 58 4.99999999999988953e-01 4.99999999999988953e-01 7.49999999999942601e-01 4 1.07227910321231583e+01
1 0 0 58 4.99999999999988953e-01 4.99999999999988953e-01 7.49999999999942601e-01 5 1.34461760059680380e+01
1 0 0 58 4.99999999999988953e-01 4.99999999999988953e-01 7.49999999999942601e-01 6 1.68643351522228571e+01
1 0 0 58 4.99999999999988953e-01 4.99999999999988953e-01 7.49999999999942601e-01 7 1.76724728855303042e+01
1 0 0 58 4.99999999999988953e-01 4.99999999999988953e-01 7.49999999999942601e-01 8 2.38913471845724921e+01
1 0 0 58 4.99999999999988953e-01 4.99999999999988953e-01 7.49999999999942601e-01 9 2.52931236717414976e+01
1 0 0 58 4.99999999999988953e-01 4.99999999999988953e-01 7.49999999999942601e-01 10 2.74319681671381943e+01
1 0 0 58 4.99999999999988953e-01 4.99999999999988953e-01 7.49999999999942601e-01 11 2.89310641493967395e+01
1 0 0 58 4.99999999999988953e-01 4.99999999999988953e-01 7.49999999999942601e-01 12 3.64121405055497789e+01
1 0 0 58 4.99999999999988953e-01 4.99999999999988953e-01 7.49999999999942601e-01 13 3.83416697160127526e+01
1 0 0 58 4.99999999999988953e-01 4.99999999999988953e-01 7.49999999999942601e-01 14 3.93476914093119277e+01
1 0 0 58 4.99999999999988953e-01 4.99999999999988953e-01 7.49999999999942601e-01 15 4.20733360664734874e+01
1 0 0 58 4.99999999999988953e-01 4.99999999999988953e-01 7.49999999999942601e-01 16 4.69081603499091102e+01
1 0 0 58 4.99999999999988953e-01 4.99999999999988953e-01 7.49999999999942601e-01 17 4.93254474642569605e+01
1 0 0 58 4.99999999999988953e-01 4.99999999999988953e-01 7.49999999999942601e-01 18 5.20992281780388922e+01
1 0 0 58 4.99999999999988953e-01 4.99999999999988953e-01 7.49999999999942601e-01 19 7.41070783557794783e+01
1 0 0 58 4.99999999999988953e-01 4.99999999999988953e-01 7.49999999999942601e-01 20 1.19301165442705454e+02
1 0 0 58 4.99999999999988953e-01 4.99999999999988953e-01 7.49999999999942601e-01 21 1.30797394880549689e+02
1 0 0 58 4.99999999999988953e-01 4.99999999999988953e-01 7.49999999999942601e-01 22 9.22126855458029922e+02
1 0 0 58 4.99999999999988953e-01 4.99999999999988953e-01 7.49999999999942601e-01 23 1.09587494160811366e+03
1 0 0 58 4.99999999999988953e-01 4.99999999999988953e-01 7.49999999999942601e-01 24 1.85763401113814575e+03
1 0 0 58 4.99999999999988953e-01 4.99999999999988953e-01 7.49999999999942601e-01 25 3.42471073267701286e+03
1 0 0 59 7.50000000000024203e-01 5.00000000000070610e-01 7.50000000000024203e-01 0 -3.48793052613114796e+01
1 0 0 59 7.50000000000024203e-01 5.00000000000070610e-01 7.50000000000024203e-01 1 -4.64467033813009422e+00
1 0 0 59 7.50000000000024203e-01 5.00000000000070610e-01 7.50000000000024203e-01 2 3.91008532585639501e-01
1 0 0 59 7.50000000000024203e-01 5.00000000000070610e-01 7.50000000000024203e-01 3 2.16965123872801202e+00
1 0 0 59 7.50000000000024203e-01 5.00000000000070610e-01 7.50000000000024203e-01 4 1.32610856055246327e+01
1 0 0 59 7.50000000000024203e-01 5.00000000000070610e-01 7.50000000000024203e-01 5 1.38349914619983370e+01
1 0 0 59 7.50000000000024203e-01 5.00000000000070610e-01 7.50000000000024203e-01 6 1.57042371944645733e+01
1 0 0 59 7.50000000000024203e-01 5.00000000000070610e-01 7.50000000000024203e-01 7 1.73411585183747441e+01
1 0 0 59 7.50000000000024203e-01 5.00000000000070610e-01 7.50000000000024203e-01 8 1.89508960779102544e+01
1 0 0 59 7.50000000000024203e-01 5.00000000000070610e-01 7.50000000000024203e-01 9 2.48981102868206357e+01
1 0 0 59 7.50000000000024203e-01 5.00000000000070610e-01 7.50000000000024203e-01 10 2.80077457714489029e+01
1 0 0 59 7.50000000000024203e-01 5.00000000000070610e-01 7.50000000000024203e-01 11 3.30794083739673468e+01
1 0 0 59 7.50000000000024203e-01 5.00000000000070610e-01 7.50000000000024203e-01 12 3.50197171938929870e+01
1 0 0 59 7.50000000000024203e-01 5.00000000000070610e-01 7.50000000000024203e-01 13 3.60625394874084861e+01
1 0 0 59 7.50000000000024203e-01 5.00000000000070610e-01 7.50000000000024203e-01 14 3.87837034611179519e+01
1 0 0 59 7.50000000000024203e-01 5.00000000000070610e-01 7.50000000000024203e-01 15 4.22174773575901767e+01
1 0 0 59 7.50000000000024203e-01 5.00000000000070610e-01 7.50000000000024203e-01 16 4.47427594253040013e+01
1 0 0 59 7.50000000000024203e-01 5.00000000000070610e-01 7.50000000000024203e-01 17 4.87764241779632357e+01
1 0 0 59 7.50000000000024203e-01 5.00000000000070610e-01 7.50000000000024203e-01 18 5.39677738428264675e+01
1 0 0 59 7.50000000000024203e-01 5.00000000000070610e-01 7.50000000000024203e-01 19 8.57084554248995687e+01
1 0 0 59 7.50000000000024203e-01 5.00000000000070610e-01 7.50000000000024203e-01 20 1.08181786147561056e+02
1 0 0 59 7.50000000000024203e-01 5.00000000000070610e-01 7.50000000000024203e-01 21 2.31614116001212864e+02
1 0 0 59 7.50000000000024203e-01 5.00000000000070610e-01 7.50000000000024203e-01 22 7.75315236186950187e+02
1 0 0 59 7.50000000000024203e-01 5.00000000000070610e-01 7.50000000000024203e-01 23 9.95037055897572600e+02
1 0 0 59 7.50000000000024203e-01 5.00000000000070610e-01 7.50000000000024203e-01 24 1.68845497502099101e+03
1 0 0 59 7.50000000000024203e-01 5.00000000000070610e-01 7.50000000000024203e-01 25 3.30408115841264453e+03
1 0 0 60 0.00000000000000000e+00 7.50000000000024203e-01 7.50000000000024203e-01 0 -4.00067763324695136e+01
1 0 0 60 0.00000000000000000e+00 7.50000000000024203e-01 7.50000000000024203e-01 1 -1.73763035932144638e+00
1 0 0 60 0.00000000000000000e+00 7.50000000000024203e-01 7.50000000000024203e-01 2 -4.03403671179858592e-01
1 0 0 60 0.00000000000000000e+00 7.50000000000024203e-01 7.50000000000024203e-01 3 2.85539941110633588e+00
1 0 0 60 0.00000000000000000e+00 7.50000000000024203e-01 7.50000000000024203e-01 4 1.02676377890593713e+01
1 0 0 60 0.00000000000000000e+00 7.50000000000024203e-01 7.50000000000024203e-01 5 1.40700816857154027e+01
1 0 0 60 0.00000000000000000e+00 7.50000000000024203e-01 7.50000000000024203e-01 6 1.64363406994266157e+01
1 0 0 60 0.00000000000000000e+00 7.50000000000024203e-01 7.50000000000024203e-01 7 1.73517436937889151e+01
1 0 0 60 0.00000000000000000e+00 7.50000000000024203e-01 7.50000000000024203e-01 8 2.05348436079393721e+01
1 0 0 60 0.00000000000000000e+00 7.50000000000024203e-01 7.50000000000024203e-01 9 2.31123864508581534e+01
1 0 0 60 0.00000000000000000e+00 7.50000000000024203e-01 7.50000000000024203e-01 10 2.97472000678697306e+01
1 0 0 60 0.00000000000000000e+00 7.50000000000024203e-01 7.50000000000024203e-01 11 3.18127963736412909e+01
1 0 0 60 0.00000000000000000e+00 7.50000000000024203e-01 7.50000000000024203e-01 12 3.41814558224846721e+01
1 0 0 60 0.00000000000000000e+00 7.50000000000024203e-01 7.50000000000024203e-01 13 3.78877791934446506e+01
1 0 0 60 0.00000000000000000e+00 7.50000000000024203e-01 7.50000000000024203e-01 14 4.10426173257740174e+01
1 0 0 60 0.00000000000000000e+00 7.50000000000024203e-01 7.50000000000024203e-01 15 4.43584292122098702e+01
1 0 0 60 0.00000000000000000e+00 7.50000000000024203e-01 7.50000000000024203e-01 16 4.76894297271757850e+01
1 0 0 60 0.00000000000000000e+00 7.50000000000024203e-01 7.50000000000024203e-01 17 4.94902438127534126e+01
1 0 0 60 0.00000000000000000e+00 7.50000000000024203e-01 7.50000000000024203e-01 18 5.51711795287309457e+01
1 0 0 60 0.00000000000000000e+00 7.50000000000024203e-01 7.50000000000024203e-01 19 1.43848252572344023e+02
1 0 0 60 0.00000000000000000e+00 7.50000000000024203e-01 7.50000000000024203e-01 20 1.49190395121172799e+02
1 0 0 60 0.00000000000000000e+00 7.50000000000024203e-01 7.50000000000024203e-01 21 2.73142645746727169e+02
1 0 0 60 0.00000000000000000e+00 7.50000000000024203e-01 7.50000000000024203e-01 22 6.49580142996263021e+02
1 0 0 60 0.00000000000000000e+00 7.50000000000024203e-01 7.50000000000024203e-01 23 1.58105153229488337e+03
1 0 0 60 0.00000000000000000e+00 7.50000000000024203e-01 7.50000000000024203e-01 24 1.69842069398577337e+03
1 0 0 60 0.00000000000000000e+00 7.50000000000024203e-01 7.50000000000024203e-01 25 1.98570250704143314e+03
1 0 0 61 2.50000000000035305e-01 7.50000000000024314e-01 7.50000000000024314e-01 0 -2.94162493383060841e+01
1 0 0 61 2.50000000000035305e-01 7.50000000000024314e-01 7.50000000000024314e-01 1 -5.97806827943624164e+00
1 0 0 61 2.50000000000035305e-01 7.50000000000024314e-01 7.50000000000024314e-01 2 -5.98242638838289431e-01
1 0 0 61 2.50000000000035305e-01 7.50000000000024314e-01 7.50000000000024314e-01 3 8.89204346589357542e-01
1 0 0 61 2.50000000000035305e-01 7.50000000000024314e-01 7.50000000000024314e-01 4 1.08300963981813414e+01
1 0 0 61 2.50000000000035305e-01 7.50000000000024314e-01 7.50000000000024314e-01 5 1.41718575786705365e+01
1 0 0 61 2.50000000000035305e-01 7.50000000000024314e-01 7.50000000000024314e-01 6 1.65775866834946619e+01
1 0 0 61 2.50000000000035305e-01 7.50000000000024314e-01 7.50000000000024314e-01 7 1.74244704746773174e+01
1 0 0 61 2.50000000000035305e-01 7.50000000000024314e-01 7.50000000000024314e-01 8 2.36262394684251973e+01
1 0 0 61 2.50000000000035305e-01 7.50000000000024314e-01 7.50000000000024314e-01 9 2.60516681370443699e+01
1 0 0 61 2.50000000000035305e-01 7.50000000000024314e-01 7.50000000000024314e-01 10 2.84384265265729788e+01
1 0 0 61 2.50000000000035305e-01 7.50000000000024314e-01 7.50000000000024314e-01 11 2.94777904507892181e+01
1 0 0 61 2.50000000000035305e-01 7.50000000000024314e-01 7.50000000000024314e-01 12 3.56737442032442615e+01
1 0 0 61 2.50000000000035305e-01 7.50000000000024314e-01 7.50000000000024314e-01 13 3.69243551658092670e+01
1 0 0 61 2.50000000000035305e-01 7.50000000000024314e-01 7.50000000000024314e-01 14 3.85423555307169892e+01
1 0 0 61 2.50000000000035305e-01 7.50000000000024314e-01 7.50000000000024314e-01 15 4.25731587011765669e+01
1 0 0 61 2.50000000000035305e-01 7.50000000000024314e-01 7.50000000000024314e-01 16 4.76178562528128708e+01
1 0 0 61 2.50000000000035305e-01 7.50000000000024314e-01 7.50000000000024314e-01 17 4.86976057312410830e+01
1 0 0 61 2.50000000000035305e-01 7.50000000000024314e-01 7.50000000000024314e-01 18 5.23776993342890194e+01
1 0 0 61 2.50000000000035305e-01 7.50000000000024314e-01 7.50000000000024314e-01 19 7.40543646954179593e+01
1 0 0 61 2.50000000000035305e-01 7.50000000000024314e-01 7.50000000000024314e-01 20 1.19256165084563136e+02
1 0 0 61 2.50000000000035305e-01 7.50000000000024314e-01 7.50000000000024314e-01 21 1.33157936096180521e+02
1 0 0 61 2.50000000000035305e-01 7.50000000000024314e-01 7.50000000000024314e-01 22 8.51466362771820855e+02
1 0 0 61 2.50000000000035305e-01 7.50000000000024314e-01 7.50000000000024314e-01 23 1.09460861708201764e+03
1 0 0 61 2.50000000000035305e-01 7.50000000000024314e-01 7.50000000000024314e-01 24 1.87367014351801367e+03
1 0 0 61 2.50000000000035305e-01 7.50000000000024314e-01 7.50000000000024314e-01 25 3.36374326370873769e+03
1 0 0 62 5.00000000000070610e-01 7.50000000000024203e-01 7.50000000000024203e-01 0 -3.51044283260937533e+01
1 0 0 62 5.00000000000070610e-01 7.50000000000024203e-01 7.50000000000024203e-01 1 -3.43900375534196145e+00
1 0 0 62 5.00000000000070610e-01 7.50000000000024203e-01 7.50000000000024203e-01 2 -2.55821345506885733e-01
1 0 0 62 5.00000000000070610e-01 7.50000000000024203e-01 7.50000000000024203e-01 3 1.03820933805565097e+00
1 0 0 62 5.00000000000070610e-01 7.50000000000024203e-01 7.50000000000024203e-01 4 1.30655671321415969e+01
1 0 0 62 5.00000000000070610e-01 7.50000000000024203e-01 7.50000000000024203e-01 5 1.37798073168103699e+01
1 0 0 62 5.00000000000070610e-01 7.50000000000024203e-01 7.50000000000024203e-01 6 1.52213400996443635e+01
1 0 0 62 5.00000000000070610e-01 7.50000000000024203e-01 7.50000000000024203e-01 7 1.70910691581054692e+01
1 0 0 62 5.00000000000070610e-01 7.50000000000024203e-01 7.50000000000024203e-01 8 1.91719487494944012e+01
1 0 0 62 5.00000000000070610e-01 7.50000000000024203e-01 7.50000000000024203e-01 9 2.56152460885843851e+01
1 0 0 62 5.00000000000070610e-01 7.50000000000024203e-01 7.50000000000024203e-01 10 2.84729157976941565e+01
1 0 0 62 5.00000000000070610e-01 7.50000000000024203e-01 7.50000000000024203e-01 11 3.39318974073770221e+01
1 0 0 62 5.00000000000070610e-01 7.50000000000024203e-01 7.50000000000024203e-01 12 3.42931441620656869e+01
1 0 0 62 5.00000000000070610e-01 7.50000000000024203e-01 7.50000000000024203e-01 13 3.63367649296221842e+01
1 0 0 62 5.00000000000070610e-01 7.50000000000024203e-01 7.50000000000024203e-01 14 3.86059742172850449e+01
1 0 0 62 5.00000000000070610e-01 7.50000000000024203e-01 7.50000000000024203e-01 15 4.16905988223687984e+01
1 0 0 62 5.00000000000070610e-01 7.50000000000024203e-01 7.50000000000024203e-01 16 4.41825994288513115e+01
1 0 0 62 5.00000000000070610e-01 7.50000000000024203e-01 7.50000000000024203e-01 17 4.84662920675368909e+01
1 0 0 62 5.00000000000070610e-01 7.50000000000024203e-01 7.50000000000024203e-01 18 5.31082936945613255e+01
1 0 0 62 5.00000000000070610e-01 7.50000000000024203e-01 7.50000000000024203e-01 19 8.99965124590254675e+01
1 0 0 62 5.00000000000070610e-01 7.50000000000024203e-01 7.50000000000024203e-01 20 1.07746041073656826e+02
1 0 0 62 5.00000000000070610e-01 7.50000000000024203e-01 7.50000000000024203e-01 21 2.27425158695733870e+02
1 0 0 62 5.00000000000070610e-01 7.50000000000024203e-01 7.50000000000024203e-01 22 7.57305226373370147e+02
1 0 0 62 5.00000000000070610e-01 7.50000000000024203e-01 7.50000000000024203e-01 23 1.03755176099943287e+03
1 0 0 62 5.00000000000070610e-01 7.50000000000024203e-01 7.50000000000024203e-01 24 1.76211043989542509e+03
1 0 0 62 5.00000000000070610e-01 7.50000000000024203e-01 7.50000000000024203e-01 25 3.23668731843237310e+03
1 0 0 63 7.49999999999942601e-01 7.49999999999942601e-01 7.49999999999942601e-01 0 -4.09178952726538299e+01
1 0 0 63 7.49999999999942601e-01 7.49999999999942601e-01 7.49999999999942601e-01 1 -1.62791842901327932e+00
1 0 0 63 7.49999999999942601e-01 7.49999999999942601e-01 7.49999999999942601e-01 2 1.34643642627963023e+00
1 0 0 63 7.49999999999942601e-01 7.49999999999942601e-01 7.49999999999942601e-01 3 3.97480083773744042e+00
1 0 0 63 7.49999999999942601e-01 7.49999999999942601e-01 7.49999999999942601e-01 4 1.16444097858635303e+01
1 0 0 63 7.49999999999942601e-01 7.49999999999942601e-01 7.49999999999942601e-01 5 1.37753762303988534e+01
1 0 0 63 7.49999999999942601e-01 7.49999999999942601e-01 7.49999999999942601e-01 6 1.41348194539386007e+01
1 0 0 63 7.49999999999942601e-01 7.49999999999942601e-01 7.49999999999942601e-01 7 1.81663820277276216e+01
1 0 0 63 7.49999999999942601e-01 7.49999999999942601e-01 7.49999999999942601e-01 8 1.85657130498292311e+01
1 0 0 63 7.49999999999942601e-01 7.49999999999942601e-01 7.49999999999942601e-01 9 2.11267452250794783e+01
1 0 0 63 7.49999999999942601e-01 7.49999999999942601e-01 7.49999999999942601e-01 10 3.04139034499562442e+01
1 0 0 63 7.49999999999942601e-01 7.49999999999942601e-01 7.49999999999942601e-01 11 3.28248689568939085e+01
1 0 0 63 7.49999999999942601e-01 7.49999999999942601e-01 7.49999999999942601e-01 12 3.36615681127720663e+01
1 0 0 63 7.49999999999942601e-01 7.49999999999942601e-01 7.49999999999942601e-01 13 3.49161144831931267e+01
1 0 0 63 7.49999999999942601e-01 7.49999999999942601e-01 7.49999999999942601e-01 14 4.25846183649280761e+01
1 0 0 63 7.49999999999942601e-01 7.49999999999942601e-01 7.49999999999942601e-01 15 4.33910493763574436e+01
1 0 0 63 7.49999999999942601e-01 7.49999999999942601e-01 7.49999999999942601e-01 16 5.02226094354274650e+01
1 0 0 63 7.49999999999942601e-01 7.49999999999942601e-01 7.49999999999942601e-01 17 5.18449107505793023e+01
1 0 0 63 7.49999999999942601e-01 7.49999999999942601e-01 7.49999999999942601e-01 18 5.21509533912502263e+01
1 0 0 63 7.49999999999942601e-01 7.49999999999942601e-01 7.49999999999942601e-01 19 1.15852861253675101e+02
1 0 0 63 7.49999999999942601e-01 7.49999999999942601e-01 7.49999999999942601e-01 20 3.22399471893675297e+02
1 0 0 63 7.49999999999942601e-01 7.49999999999942601e-01 7.49999999999942601e-01 21 3.43672007071562064e+02
1 0 0 63 7.49999999999942601e-01 7.49999999999942601e-01 7.49999999999942601e-01 22 7.99421636470880912e+02
1 0 0 63 7.49999999999942601e-01 7.49999999999942601e-01 7.49999999999942601e-01 23 8.47013295324960950e+02
1 0 0 63 7.49999999999942601e-01 7.49999999999942601e-01 7.49999999999942601e-01 24 1.38862992193988703e+03
1 0 0 63 7.49999999999942601e-01 7.49999999999942601e-01 7.49999999999942601e-01 25 2.66698609137250696e+03
2 0 0 0 0.00000000000000000e+00 0.00000000000000000e+00 0.00000000000000000e+00 0 -1.26405802797074678e+01
2 0 0 0 0.00000000000000000e+00 0.00000000000000000e+00 0.00000000000000000e+00 1 7.22727811061070646e+00
2 0 0 0 0.00000000000000000e+00 0.00000000000000000e+00 0.00000000000000000e+00 2 7.84212080945740908e+00
2 0 0 0 0.00000000000000000e+00 0.00000000000000000e+00 0.00000000000000000e+00 3 8.38203013710258205e+00
2 0 0 0 0.00000000000000000e+00 0.00000000000000000e+00 0.00000000000000000e+00 4 1.37950872012019214e+01
2 0 0 0 0.00000000000000000e+00 0.00000000000000000e+00 0.00000000000000000e+00 5 1.43060799022751066e+01
2 0 0 0 0.00000000000000000e+00 0.00000000000000000e+00 0.00000000000000000e+00 6 1.47692761101471639e+01
2 0 0 0 0.00000000000000000e+00 0.00000000000000000e+00 0.00000000000000000e+00 7 1.96754736323608590e+01
2 0 0 0 0.00000000000000000e+00 0.00000000000000000e+00 0.00000000000000000e+00 8 2.00401472929964797e+01
2 0 0 0 0.00000000000000000e+00 0.00000000000000000e+00 0.00000000000000000e+00 9 2.14851631979993272e+01
2 0 0 0 0.00000000000000000e+00 0.00000000000000000e+00 0.00000000000000000e+00 10 3.22762564638391751e+01
2 0 0 0 0.00000000000000000e+00 0.00000000000000000e+00 0.00000000000000000e+00 11 3.34892373822111296e+01
2 0 0 0 0.00000000000000000e+00 0.00000000000000000e+00 0.00000000000000000e+00 12 3.41300469044318220e+01
2 0 0 0 0.00000000000000000e+00 0.00000000000000000e+00 0.00000000000000000e+00 13 3.49541287327463763e+01
2 0 0 0 0.00000000000000000e+00 0.00000000000000000e+00 0.00000000000000000e+00 14 4.81375550762757882e+01
2 0 0 0 0.00000000000000000e+00 0.00000000000000000e+00 0.00000000000000000e+00 15 4.95013136733949395e+01
2 0 0 0 0.00000000000000000e+00 0.00000000000000000e+00 0.00000000000000000e+00 16 5.24499539330495921e+01
2 0 0 0 0.00000000000000000e+00 0.00000000000000000e+00 0.00000000000000000e+00 17 5.36695504528211629e+01
2 0 0 0 0.00000000000000000e+00 0.00000000000000000e+00 0.00000000000000000e+00 18 5.52373834958171557e+01
2 0 0 0 0.00000000000000000e+00 0.00000000000000000e+00 0.00000000000000000e+00 19 4.31226457943844252e+02
2 0 0 0 0.00000000000000000e+00 0.00000000000000000e+00 0.00000000000000000e+00 20 4.76641320044693884e+02
2 0 0 0 0.00000000000000000e+00 0.00000000000000000e+00 0.00000000000000000e+00 21 4.92071944473808287e+02
2 0 0 0 0.00000000000000000e+00 0.00000000000000000e+00 0.00000000000000000e+00 22 1.06905789985757428e+03
2 0 0 0 0.00000000000000000e+00 0.00000000000000000e+00 0.00000000000000000e+00 23 1.14352903665116560e+03
2 0 0 0 0.00000000000000000e+00 0.00000000000000000e+00 0.00000000000000000e+00 24 1.19115871409762258e+03
2 0 0 0 0.00000000000000000e+00 0.00000000000000000e+00 0.00000000000000000e+00 25 1.28742594553410777e+03
2 0 0 1 2.50000000000035305e-01 0.00000000000000000e+00 0.00000000000000000e+00 0 -1.16016809193729280e+01
2 0 0 1 2.50000000000035305e-01 0.00000000000000000e+00 0.00000000000000000e+00 1 4.09163426000880825e+00
2 0 0 1 2.50000000000035305e-01 0.00000000000000000e+00 0.00000000000000000e+00 2 6.60906228321847156e+00
2 0 0 1 2.50000000000035305e-01 0.00000000000000000e+00 0.00000000000000000e+00 3 7.12921629613433083e+00
2 0 0 1 2.50000000000035305e-01 0.00000000000000000e+00 0.00000000000000000e+00 4 1.38550579426634002e+01
2 0 0 1 2.50000000000035305e-01 0.00000000000000000e+00 0.00000000000000000e+00 5 1.52522897586420196e+01
2 0 0 1 2.50000000000035305e-01 0.00000000000000000e+00 0.00000000000000000e+00 6 1.55489347094470105e+01
2 0 0 1 2.50000000000035305e-01 0.00000000000000000e+00 0.00000000000000000e+00 7 1.95357222910356363e+01
2 0 0 1 2.50000000000035305e-01 0.00000000000000000e+00 0.00000000000000000e+00 8 1.99207547183550666e+01
2 0 0 1 2.50000000000035305e-01 0.00000000000000000e+00 0.00000000000000000e+00 9 2.42143861911003491e+01
2 0 0 1 2.50000000000035305e-01 0.00000000000000000e+00 0.00000000000000000e+00 10 3.12162979417729858e+01
2 0 0 1 2.50000000000035305e-01 0.00000000000000000e+00 0.00000000000000000e+00 11 3.42412105866691476e+01
2 0 0 1 2.50000000000035305e-01 0.00000000000000000e+00 0.00000000000000000e+00 12 3.56418185742051818e+01
2 0 0 1 2.50000000000035305e-01 0.00000000000000000e+00 0.00000000000000000e+00 13 3.72229229792762339e+01
2 0 0 1 2.50000000000035305e-01 0.00000000000000000e+00 0.00000000000000000e+00 14 4.43135552390672700e+01
2 0 0 1 2.50000000000035305e-01 0.00000000000000000e+00 0.00000000000000000e+00 15 4.59481400991213889e+01
2 0 0 1 2.50000000000035305e-01 0.00000000000000000e+00 0.00000000000000000e+00 16 5.16920925457942815e+01
2 0 0 1 2.50000000000035305e-01 0.00000000000000000e+00 0.00000000000000000e+00 17 5.40470920105451782e+01
2 0 0 1 2.50000000000035305e-01 0.00000000000000000e+00 0.00000000000000000e+00 18 5.48295837811442652e+01
2 0 0 1 2.50000000000035305e-01 0.00000000000000000e+00 0.00000000000000000e+00 19 1.26314832578526989e+02
2 0 0 1 2.50000000000035305e-01 0.00000000000000000e+00 0.00000000000000000e+00 20 3.56006529738955237e+02
2 0 0 1 2.50000000000035305e-01 0.00000000000000000e+00 0.00000000000000000e+00 21 3.70313595373621411e+02
2 0 0 1 2.50000000000035305e-01 0.00000000000000000e+00 0.00000000000000000e+00 22 8.64716992434934355e+02
2 0 0 1 2.50000000000035305e-01 0.00000000000000000e+00 0.00000000000000000e+00 23 9.14612145690541638e+02
2 0 0 1 2.50000000000035305e-01 0.00000000000000000e+00 0.00000000000000000e+00 24 1.42817437984215371e+03
2 0 0 1 2.50000000000035305e-01 0.00000000000000000e+00 0.00000000000000000e+00 25 2.78760766234367929e+03
2 0 0 2 5.00000000000070610e-01 0.00000000000000000e+00 0.00000000000000000e+00 0 -7.27316301106114160e+00
2 0 0 2 5.00000000000070610e-01 0.00000000000000000e+00 0.00000000000000000e+00 1 -2.10892018138920223e+00
2 0 0 2 5.00000000000070610e-01 0.00000000000000000e+00 0.00000000000000000e+00 2 6.26192687579428853e+00
2 0 0 2 5.00000000000070610e-01 0.00000000000000000e+00 0.00000000000000000e+00 3 7.01361767870674679e+00
2 0 0 2 5.00000000000070610e-01 0.00000000000000000e+00 0.00000000000000000e+00 4 1.16295787418558945e+01
2 0 0 2 5.00000000000070610e-01 0.00000000000000000e+00 0.00000000000000000e+00 5 1.49387261022437272e+01
2 0 0 2 5.00000000000070610e-01 0.00000000000000000e+00 0.00000000000000000e+00 6 1.50422755803286154e+01
2 0 0 2 5.00000000000070610e-01 0.00000000000000000e+00 0.00000000000000000e+00 7 2.48708637342476280e+01
2 0 0 2 5.00000000000070610e-01 0.00000000000000000e+00 0.00000000000000000e+00 8 2.55435824868211867e+01
2 0 0 2 5.00000000000070610e-01 0.00000000000000000e+00 0.00000000000000000e+00 9 2.63018636340316760e+01
2 0 0 2 5.00000000000070610e-01 0.00000000000000000e+00 0.00000000000000000e+00 10 2.90174611740388109e+01
2 0 0 2 5.00000000000070610e-01 0.00000000000000000e+00 0.00000000000000000e+00 11 2.97769165762285901e+01
2 0 0 2 5.00000000000070610e-01 0.00000000000000000e+00 0.00000000000000000e+00 12 3.10347134888936367e+01
2 0 0 2 5.00000000000070610e-01 0.00000000000000000e+00 0.00000000000000000e+00 13 4.28002344226599334e+01
2 0 0 2 5.00000000000070610e-01 0.00000000000000000e+00 0.00000000000000000e+00 14 4.51984369866048183e+01
2 0 0 2 5.00000000000070610e-01 0.00000000000000000e+00 0.00000000000000000e+00 15 4.56145023976133714e+01
2 0 0 2 5.00000000000070610e-01 0.00000000000000000e+00 0.00000000000000000e+00 16 4.74446042072939989e+01
2 0 0 2 5.00000000000070610e-01 0.00000000000000000e+00 0.00000000000000000e+00 17 5.49675975782569779e+01
2 0 0 2 5.00000000000070610e-01 0.00000000000000000e+00 0.00000000000000000e+00 18 5.54345454001807312e+01
2 0 0 2 5.00000000000070610e-01 0.00000000000000000e+00 0.00000000000000000e+00 19 6.88325237660178715e+01
2 0 0 2 5.00000000000070610e-01 0.00000000000000000e+00 0.00000000000000000e+00 20 3.10661837596415580e+02
2 0 0 2 5.00000000000070610e-01 0.00000000000000000e+00 0.00000000000000000e+00 21 3.27228219612859903e+02
2 0 0 2 5.00000000000070610e-01 0.00000000000000000e+00 0.00000000000000000e+00 22 5.75817123681795692e+02
2 0 0 2 5.00000000000070610e-01 0.00000000000000000e+00 0.00000000000000000e+00 23 5.89418214250897108e+02
2 0 0 2 5.00000000000070610e-01 0.00000000000000000e+00 0.00000000000000000e+00 24 1.78451105787609185e+03
2 0 0 2 5.00000000000070610e-01 0.00000000000000000e+00 0.00000000000000000e+00 25 4.04385698984745477e+03
2 0 0 3 7.49999999999942601e-01 0.00000000000000000e+00 0.00000000000000000e+00 0 -1.16441815008144900e+01
2 0 0 3 7.49999999999942601e-01 0.00000000000000000e+00 0.00000000000000000e+00 1 4.17325755056783176e+00
2 0 0 3 7.49999999999942601e-01 0.00000000000000000e+00 0.00000000000000000e+00 2 6.77663228474910451e+00
2 0 0 3 7.49999999999942601e-01 0.00000000000000000e+00 0.00000000000000000e+00 3 7.25909048354796838e+00
2 0 0 3 7.49999999999942601e-01 0.00000000000000000e+00 0.00000000000000000e+00 4 1.37329335113411517e+01
2 0 0 3 7.49999999999942601e-01 0.00000000000000000e+00 0.00000000000000000e+00 5 1.48219703711900852e+01
2 0 0 3 7.49999999999942601e-01 0.00000000000000000e+00 0.00000000000000000e+00 6 1.53682558368951252e+01
2 0 0 3 7.49999999999942601e-01 0.00000000000000000e+00 0.00000000000000000e+00 7 1.96789319288757270e+01
2 0 0 3 7.49999999999942601e-01 0.00000000000000000e+00 0.00000000000000000e+00 8 1.99587787768532010e+01
2 0 0 3 7.49999999999942601e-01 0.00000000000000000e+00 0.00000000000000000e+00 9 2.41989587559730595e+01
2 0 0 3 7.49999999999942601e-01 0.00000000000000000e+00 0.00000000000000000e+00 10 3.31732225716483313e+01
2 0 0 3 7.49999999999942601e-01 0.00000000000000000e+00 0.00000000000000000e+00 11 3.43829909002590028e+01
2 0 0 3 7.49999999999942601e-01 0.00000000000000000e+00 0.00000000000000000e+00 12 3.50979658494000333e+01
2 0 0 3 7.49999999999942601e-01 0.00000000000000000e+00 0.00000000000000000e+00 13 3.64452166974895704e+01
2 0 0 3 7.49999999999942601e-01 0.00000000000000000e+00 0.00000000000000000e+00 14 4.44468051104406996e+01
2 0 0 3 7.49999999999942601e-01 0.00000000000000000e+00 0.00000000000000000e+00 15 4.57909979261060727e+01
2 0 0 3 7.49999999999942601e-01 0.00000000000000000e+00 0.00000000000000000e+00 16 5.35624554993818123e+01
2 0 0 3 7.49999999999942601e-01 0.00000000000000000e+00 0.00000000000000000e+00 17 5.42685202657715848e+01
2 0 0 3 7.49999999999942601e-01 0.00000000000000000e+00 0.00000000000000000e+00 18 5.58762326550330215e+01
2 0 0 3 7.49999999999942601e-01 0.00000000000000000e+00 0.00000000000000000e+00 19 1.23328766723604033e+02
2 0 0 3 7.49999999999942601e-01 0.00000000000000000e+00 0.00000000000000000e+00 20 3.45990472656098575e+02
2 0 0 3 7.49999999999942601e-01 0.00000000000000000e+00 0.00000000000000000e+00 21 3.59801508764640118e+02
2 0 0 3 7.49999999999942601e-01 0.00000000000000000e+00 0.00000000000000000e+00 22 8.63375940356051842e+02
2 0 0 3 7.49999999999942601e-01 0.00000000000000000e+00 0.00000000000000000e+00 23 9.10684857789006287e+02
2 0 0 3 7.49999999999942601e-01 0.00000000000000000e+00 0.00000000000000000e+00 24 1.42662486224541931e+03
2 0 0 3 7.49999999999942601e-01 0.00000000000000000e+00 0.00000000000000000e+00 25 2.80845086827472232e+03
2 0 0 4 0.00000000000000000e+00 2.50000000000035305e-01 0.00000000000000000e+00 0 -1.18750561866016398e+01
2 0 0 4 0.00000000000000000e+00 2.50000000000035305e-01 0.00000000000000000e+00 1 3.84188926446612689e+00
2 0 0 4 0.00000000000000000e+00 2.50000000000035305e-01 0.00000000000000000e+00 2 7.20812260804836846e+00
2 0 0 4 0.00000000000000000e+00 2.50000000000035305e-01 0.00000000000000000e+00 3 7.40064685314898441e+00
2 0 0 4 0.00000000000000000e+00 2.50000000000035305e-01 0.00000000000000000e+00 4 1.40596299230573027e+01
2 0 0 4 0.00000000000000000e+00 2.50000000000035305e-01 0.00000000000000000e+00 5 1.51812613027652201e+01
2 0 0 4 0.00000000000000000e+00 2.50000000000035305e-01 0.00000000000000000e+00 6 1.54870850771759585e+01
2 0 0 4 0.00000000000000000e+00 2.50000000000035305e-01 0.00000000000000000e+00 7 1.95660073942974115e+01
2 0 0 4 0.00000000000000000e+00 2.50000000000035305e-01 0.00000000000000000e+00 8 2.00362393257539573e+01
2 0 0 4 0.00000000000000000e+00 2.50000000000035305e-01 0.00000000000000000e+00 9 2.38760441749468697e+01
2 0 0 4 0.00000000000000000e+00 2.50000000000035305e-01 0.00000000000000000e+00 10 3.38249771155006513e+01
2 0 0 4 0.00000000000000000e+00 2.50000000000035305e-01 0.00000000000000000e+00 11 3.47522671269002998e+01
2 0 0 4 0.00000000000000000e+00 2.50000000000035305e-01 0.00000000000000000e+00 12 3.50963932192755763e+01
2 0 0 4 0.00000000000000000e+00 2.50000000000035305e-01 0.00000000000000000e+00 13 3.61241404889359856e+01
2 0 0 4 0.00000000000000000e+00 2.50000000000035305e-01 0.00000000000000000e+00 14 4.50232470063810268e+01
2 0 0 4 0.00000000000000000e+00 2.50000000000035305e-01 0.00000000000000000e+00 15 4.55051680661626605e+01
2 0 0 4 0.00000000000000000e+00 2.50000000000035305e-01 0.00000000000000000e+00 16 5.28024561984767615e+01
2 0 0 4 0.00000000000000000e+00 2.50000000000035305e-01 0.00000000000000000e+00 17 5.42160910070176030e+01
2 0 0 4 0.00000000000000000e+00 2.50000000000035305e-01 0.00000000000000000e+00 18 5.50320044135298332e+01
2 0 0 4 0.00000000000000000e+00 2.50000000000035305e-01 0.00000000000000000e+00 19 1.16564633039495348e+02
2 0 0 4 0.00000000000000000e+00 2.50000000000035305e-01 0.00000000000000000e+00 20 3.30883976663189230e+02
2 0 0 4 0.00000000000000000e+00 2.50000000000035305e-01 0.00000000000000000e+00 21 3.57997414181879662e+02
2 0 0 4 0.00000000000000000e+00 2.50000000000035305e-01 0.00000000000000000e+00 22 8.76177749546183350e+02
2 0 0 4 0.00000000000000000e+00 2.50000000000035305e-01 0.00000000000000000e+00 23 9.10273962751932800e+02
2 0 0 4 0.00000000000000000e+00 2.50000000000035305e-01 0.00000000000000000e+00 24 1.44458957855164840e+03
2 0 0 4 0.00000000000000000e+00 2.50000000000035305e-01 0.00000000000000000e+00 25 2.84397254636115440e+03
2 0 0 5 2.50000000000035305e-01 2.50000000000035305e-01 0.00000000000000000e+00 0 -1.24242193326400923e+01
2 0 0 5 2.50000000000035305e-01 2.50000000000035305e-01 0.00000000000000000e+00 1 3.61275270973067375e+00
2 0 0 5 2.50000000000035305e-01 2.50000000000035305e-01 0.00000000000000000e+00 2 6.82876307024445506e+00
2 0 0 5 2.50000000000035305e-01 2.50000000000035305e-01 0.00000000000000000e+00 3 7.36121676565891914e+00
2 0 0 5 2.50000000000035305e-01 2.50000000000035305e-01 0.00000000000000000e+00 4 1.25020911816668630e+01
2 0 0 5 2.50000000000035305e-01 2.50000000000035305e-01 0.00000000000000000e+00 5 1.54692266870249355e+01
2 0 0 5 2.50000000000035305e-01 2.50000000000035305e-01 0.00000000000000000e+00 6 1.80492273395904803e+01
2 0 0 5 2.50000000000035305e-01 2.50000000000035305e-01 0.00000000000000000e+00 7 1.83542279972842763e+01
2 0 0 5 2.50000000000035305e-01 2.50000000000035305e-01 0.00000000000000000e+00 8 2.23634319538068489e+01
2 0 0 5 2.50000000000035305e-01 2.50000000000035305e-01 0.00000000000000000e+00 9 2.55611593800000492e+01
2 0 0 5 2.50000000000035305e-01 2.50000000000035305e-01 0.00000000000000000e+00 10 3.17228126497248937e+01
2 0 0 5 2.50000000000035305e-01 2.50000000000035305e-01 0.00000000000000000e+00 11 3.20298141511333725e+01
2 0 0 5 2.50000000000035305e-01 2.50000000000035305e-01 0.00000000000000000e+00 12 3.64585079526621243e+01
2 0 0 5 2.50000000000035305e-01 2.50000000000035305e-01 0.00000000000000000e+00 13 4.04834132183485664e+01
2 0 0 5 2.50000000000035305e-01 2.50000000000035305e-01 0.00000000000000000e+00 14 4.28171822181444170e+01
2 0 0 5 2.50000000000035305e-01 2.50000000000035305e-01 0.00000000000000000e+00 15 4.67438696952049071e+01
2 0 0 5 2.50000000000035305e-01 2.50000000000035305e-01 0.00000000000000000e+00 16 4.96905830738219834e+01
2 0 0 5 2.50000000000035305e-01 2.50000000000035305e-01 0.00000000000000000e+00 17 5.12029608884931378e+01
2 0 0 5 2.50000000000035305e-01 2.50000000000035305e-01 0.00000000000000000e+00 18 6.04519839831073540e+01
2 0 0 5 2.50000000000035305e-01 2.50000000000035305e-01 0.00000000000000000e+00 19 1.37630901908122894e+02
2 0 0 5 2.50000000000035305e-01 2.50000000000035305e-01 0.00000000000000000e+00 20 1.49677696961815002e+02
2 0 0 5 2.50000000000035305e-01 2.50000000000035305e-01 0.00000000000000000e+00 21 2.97100062733991990e+02
2 0 0 5 2.50000000000035305e-01 2.50000000000035305e-01 0.00000000000000000e+00 22 7.25282252133674774e+02
2 0 0 5 2.50000000000035305e-01 2.50000000000035305e-01 0.00000000000000000e+00 23 1.44913778927258386e+03
2 0 0 5 2.50000000000035305e-01 2.50000000000035305e-01 0.00000000000000000e+00 24 1.75132328741537958e+03
2 0 0 5 2.50000000000035305e-01 2.50000000000035305e-01 0.00000000000000000e+00 25 2.04141593361463583e+03
2 0 0 6 4.99999999999988953e-01 2.49999999999953648e-01 0.00000000000000000e+00 0 -8.89691799983504694e+00
2 0 0 6 4.99999999999988953e-01 2.49999999999953648e-01 0.00000000000000000e+00 1 6.22728925514330553e-02
2 0 0 6 4.99999999999988953e-01 2.49999999999953648e-01 0.00000000000000000e+00 2 4.34132850930126946e+00
2 0 0 6 4.99999999999988953e-01 2.49999999999953648e-01 0.00000000000000000e+00 3 5.96952981317728160e+00
2 0 0 6 4.99999999999988953e-01 2.49999999999953648e-01 0.00000000000000000e+00 4 1.27040985026923448e+01
2 0 0 6 4.99999999999988953e-01 2.49999999999953648e-01 0.00000000000000000e+00 5 1.58198444156270881e+01
2 0 0 6 4.99999999999988953e-01 2.49999999999953648e-01 0.00000000000000000e+00 6 1.88140321996973157e+01
2 0 0 6 4.99999999999988953e-01 2.49999999999953648e-01 0.00000000000000000e+00 7 1.96050590712504906e+01
2 0 0 6 4.99999999999988953e-01 2.49999999999953648e-01 0.00000000000000000e+00 8 2.55598094036238805e+01
2 0 0 6 4.99999999999988953e-01 2.49999999999953648e-01 0.00000000000000000e+00 9 2.80005460897141418e+01
2 0 0 6 4.99999999999988953e-01 2.49999999999953648e-01 0.00000000000000000e+00 10 2.97859818349552583e+01
2 0 0 6 4.99999999999988953e-01 2.49999999999953648e-01 0.00000000000000000e+00 11 3.12401947015834303e+01
2 0 0 6 4.99999999999988953e-01 2.49999999999953648e-01 0.00000000000000000e+00 12 3.88060027539839965e+01
2 0 0 6 4.99999999999988953e-01 2.49999999999953648e-01 0.00000000000000000e+00 13 3.96873589266381686e+01
2 0 0 6 4.99999999999988953e-01 2.49999999999953648e-01 0.00000000000000000e+00 14 4.08737011884806094e+01
2 0 0 6 4.99999999999988953e-01 2.49999999999953648e-01 0.00000000000000000e+00 15 4.45370805879304541e+01
2 0 0 6 4.99999999999988953e-01 2.49999999999953648e-01 0.00000000000000000e+00 16 5.02221396151968804e+01
2 0 0 6 4.99999999999988953e-01 2.49999999999953648e-01 0.00000000000000000e+00 17 5.10140121033385867e+01
2 0 0 6 4.99999999999988953e-01 2.49999999999953648e-01 0.00000000000000000e+00 18 5.42424298921930443e+01
2 0 0 6 4.99999999999988953e-01 2.49999999999953648e-01 0.00000000000000000e+00 19 7.54167586724589967e+01
2 0 0 6 4.99999999999988953e-01 2.49999999999953648e-01 0.00000000000000000e+00 20 1.28159317450410015e+02
2 0 0 6 4.99999999999988953e-01 2.49999999999953648e-01 0.00000000000000000e+00 21 1.35732740968695424e+02
2 0 0 6 4.99999999999988953e-01 2.49999999999953648e-01 0.00000000000000000e+00 22 9.40284368365815908e+02
2 0 0 6 4.99999999999988953e-01 2.49999999999953648e-01 0.00000000000000000e+00 23 1.11412071136540499e+03
2 0 0 6 4.99999999999988953e-01 2.49999999999953648e-01 0.00000000000000000e+00 24 1.85810581093590781e+03
2 0 0 6 4.99999999999988953e-01 2.49999999999953648e-01 0.00000000000000000e+00 25 3.20278114248818065e+03
2 0 0 7 7.50000000000024203e-01 2.49999999999953593e-01 0.00000000000000000e+00 0 -8.96027727315288836e+00
2 0 0 7 7.50000000000024203e-01 2.49999999999953593e-01 0.00000000000000000e+00 1 6.73405287360354321e-01
2 0 0 7 7.50000000000024203e-01 2.49999999999953593e-01 0.00000000000000000e+00 2 4.11899777657127419e+00
2 0 0 7 7.50000000000024203e-01 2.49999999999953593e-01 0.00000000000000000e+00 3 7.13115421777741432e+00
2 0 0 7 7.50000000000024203e-01 2.49999999999953593e-01 0.00000000000000000e+00 4 1.42717880715541980e+01
2 0 0 7 7.50000000000024203e-01 2.49999999999953593e-01 0.00000000000000000e+00 5 1.62912297608561474e+01
2 0 0 7 7.50000000000024203e-01 2.49999999999953593e-01 0.00000000000000000e+00 6 1.73750236814757564e+01
2 0 0 7 7.50000000000024203e-01 2.49999999999953593e-01 0.00000000000000000e+00 7 1.88898032472488993e+01
2 0 0 7 7.50000000000024203e-01 2.49999999999953593e-01 0.00000000000000000e+00 8 2.10073577214593215e+01
2 0 0 7 7.50000000000024203e-01 2.49999999999953593e-01 0.00000000000000000e+00 9 2.65925897771015975e+01
2 0 0 7 7.50000000000024203e-01 2.49999999999953593e-01 0.00000000000000000e+00 10 3.07205811943223850e+01
2 0 0 7 7.50000000000024203e-01 2.49999999999953593e-01 0.00000000000000000e+00 11 3.57034691527973180e+01
2 0 0 7 7.50000000000024203e-01 2.49999999999953593e-01 0.00000000000000000e+00 12 3.71668336608340724e+01
2 0 0 7 7.50000000000024203e-01 2.49999999999953593e-01 0.00000000000000000e+00 13 3.82442320408002772e+01
2 0 0 7 7.50000000000024203e-01 2.49999999999953593e-01 0.00000000000000000e+00 14 4.15419637224075800e+01
2 0 0 7 7.50000000000024203e-01 2.49999999999953593e-01 0.00000000000000000e+00 15 4.32801990970652426e+01
2 0 0 7 7.50000000000024203e-01 2.49999999999953593e-01 0.00000000000000000e+00 16 4.74194119189836130e+01
2 0 0 7 7.50000000000024203e-01 2.49999999999953593e-01 0.00000000000000000e+00 17 5.17571548457902466e+01
2 0 0 7 7.50000000000024203e-01 2.49999999999953593e-01 0.00000000000000000e+00 18 5.65089321116182717e+01
2 0 0 7 7.50000000000024203e-01 2.49999999999953593e-01 0.00000000000000000e+00 19 9.25590476851143364e+01
2 0 0 7 7.50000000000024203e-01 2.49999999999953593e-01 0.00000000000000000e+00 20 1.13419606519807928e+02
2 0 0 7 7.50000000000024203e-01 2.49999999999953593e-01 0.00000000000000000e+00 21 2.38448528962164204e+02
2 0 0 7 7.50000000000024203e-01 2.49999999999953593e-01 0.00000000000000000e+00 22 7.73199658801491751e+02
2 0 0 7 7.50000000000024203e-01 2.49999999999953593e-01 0.00000000000000000e+00 23 1.10122140085204364e+03
2 0 0 7 7.50000000000024203e-01 2.49999999999953593e-01 0.00000000000000000e+00 24 1.74672478079571260e+03
2 0 0 7 7.50000000000024203e-01 2.49999999999953593e-01 0.00000000000000000e+00 25 3.26090807690853717e+03
2 0 0 8 0.00000000000000000e+00 5.00000000000070610e-01 0.00000000000000000e+00 0 -7.72631533441339258e+00
2 0 0 8 0.00000000000000000e+00 5.00000000000070610e-01 0.00000000000000000e+00 1 -1.99854080406600088e+00
2 0 0 8 0.00000000000000000e+00 5.00000000000070610e-01 0.00000000000000000e+00 2 6.92749289746185593e+00
2 0 0 8 0.00000000000000000e+00 5.00000000000070610e-01 0.00000000000000000e+00 3 7.13801901318263798e+00
2 0 0 8 0.00000000000000000e+00 5.00000000000070610e-01 0.00000000000000000e+00 4 1.24742503103468145e+01
2 0 0 8 0.00000000000000000e+00 5.00000000000070610e-01 0.00000000000000000e+00 5 1.46412309715409368e+01
2 0 0 8 0.00000000000000000e+00 5.00000000000070610e-01 0.00000000000000000e+00 6 1.52008265809086005e+01
2 0 0 8 0.00000000000000000e+00 5.00000000000070610e-01 0.00000000000000000e+00 7 2.46135766773551445e+01
2 0 0 8 0.00000000000000000e+00 5.00000000000070610e-01 0.00000000000000000e+00 8 2.50501094009287826e+01
2 0 0 8 0.00000000000000000e+00 5.00000000000070610e-01 0.00000000000000000e+00 9 2.69591455730781533e+01
2 0 0 8 0.00000000000000000e+00 5.00000000000070610e-01 0.00000000000000000e+00 10 2.86009647138454497e+01
2 0 0 8 0.00000000000000000e+00 5.00000000000070610e-01 0.00000000000000000e+00 11 2.94583399823797478e+01
2 0 0 8 0.00000000000000000e+00 5.00000000000070610e-01 0.00000000000000000e+00 12 3.12284898663988351e+01
2 0 0 8 0.00000000000000000e+00 5.00000000000070610e-01 0.00000000000000000e+00 13 4.26843534155601532e+01
2 0 0 8 0.00000000000000000e+00 5.00000000000070610e-01 0.00000000000000000e+00 14 4.36171621317513001e+01
2 0 0 8 0.00000000000000000e+00 5.00000000000070610e-01 0.00000000000000000e+00 15 4.58686762119898503e+01
2 0 0 8 0.00000000000000000e+00 5.00000000000070610e-01 0.00000000000000000e+00 16 4.62372352506331126e+01
2 0 0 8 0.00000000000000000e+00 5.00000000000070610e-01 0.00000000000000000e+00 17 5.41320910605082872e+01
2 0 0 8 0.00000000000000000e+00 5.00000000000070610e-01 0.00000000000000000e+00 18 5.59417867644478903e+01
2 0 0 8 0.00000000000000000e+00 5.00000000000070610e-01 0.00000000000000000e+00 19 6.88443100343979211e+01
2 0 0 8 0.00000000000000000e+00 5.00000000000070610e-01 0.00000000000000000e+00 20 3.01081656491577405e+02
2 0 0 8 0.00000000000000000e+00 5.00000000000070610e-01 0.00000000000000000e+00 21 3.19104767185846924e+02
2 0 0 8 0.00000000000000000e+00 5.00000000000070610e-01 0.00000000000000000e+00 22 5.91927405545935812e+02
2 0 0 8 0.00000000000000000e+00 5.00000000000070610e-01 0.00000000000000000e+00 23 5.96900335478361058e+02
2 0 0 8 0.00000000000000000e+00 5.00000000000070610e-01 0.00000000000000000e+00 24 1.89901645808969033e+03
2 0 0 8 0.00000000000000000e+00 5.00000000000070610e-01 0.00000000000000000e+00 25 4.13335724342708454e+03
2 0 0 9 2.49999999999953648e-01 4.99999999999988953e-01 0.00000000000000000e+00 0 -8.90482037114232305e+00
2 0 0 9 2.49999999999953648e-01 4.99999999999988953e-01 0.00000000000000000e+00 1 5.51790756081430300e-02
2 0 0 9 2.49999999999953648e-01 4.99999999999988953e-01 0.00000000000000000e+00 2 4.25789419732026797e+00
2 0 0 9 2.49999999999953648e-01 4.99999999999988953e-01 0.00000000000000000e+00 3 6.13719568943333016e+00
2 0 0 9 2.49999999999953648e-01 4.99999999999988953e-01 0.00000000000000000e+00 4 1.28717712036357348e+01
2 0 0 9 2.49999999999953648e-01 4.99999999999988953e-01 0.00000000000000000e+00 5 1.58605766731517299e+01
2 0 0 9 2.49999999999953648e-01 4.99999999999988953e-01 0.00000000000000000e+00 6 1.85903494418036352e+01
2 0 0 9 2.49999999999953648e-01 4.99999999999988953e-01 0.00000000000000000e+00 7 1.97722611085651288e+01
2 0 0 9 2.49999999999953648e-01 4.99999999999988953e-01 0.00000000000000000e+00 8 2.57774046261108580e+01
2 0 0 9 2.49999999999953648e-01 4.99999999999988953e-01 0.00000000000000000e+00 9 2.75383428534601187e+01
2 0 0 9 2.49999999999953648e-01 4.99999999999988953e-01 0.00000000000000000e+00 10 3.02282581039156035e+01
2 0 0 9 2.49999999999953648e-01 4.99999999999988953e-01 0.00000000000000000e+00 11 3.11831338896396879e+01
2 0 0 9 2.49999999999953648e-01 4.99999999999988953e-01 0.00000000000000000e+00 12 3.77289423913519144e+01
2 0 0 9 2.49999999999953648e-01 4.99999999999988953e-01 0.00000000000000000e+00 13 3.99196985255436800e+01
2 0 0 9 2.49999999999953648e-01 4.99999999999988953e-01 0.00000000000000000e+00 14 4.04672693709006666e+01
2 0 0 9 2.49999999999953648e-01 4.99999999999988953e-01 0.00000000000000000e+00 15 4.50508441141558791e+01
2 0 0 9 2.49999999999953648e-01 4.99999999999988953e-01 0.00000000000000000e+00 16 5.00772520842413655e+01
2 0 0 9 2.49999999999953648e-01 4.99999999999988953e-01 0.00000000000000000e+00 17 5.20276189939541780e+01
2 0 0 9 2.49999999999953648e-01 4.99999999999988953e-01 0.00000000000000000e+00 18 5.33664284115447529e+01
2 0 0 9 2.49999999999953648e-01 4.99999999999988953e-01 0.00000000000000000e+00 19 7.61878858092746327e+01
2 0 0 9 2.49999999999953648e-01 4.99999999999988953e-01 0.00000000000000000e+00 20 1.28432538432616496e+02
2 0 0 9 2.49999999999953648e-01 4.99999999999988953e-01 0.00000000000000000e+00 21 1.34414131184072687e+02
2 0 0 9 2.49999999999953648e-01 4.99999999999988953e-01 0.00000000000000000e+00 22 8.13575673638841636e+02
2 0 0 9 2.49999999999953648e-01 4.99999999999988953e-01 0.00000000000000000e+00 23 1.12054607268370751e+03
2 0 0 9 2.49999999999953648e-01 4.99999999999988953e-01 0.00000000000000000e+00 24 1.99317991367943068e+03
2 0 0 9 2.49999999999953648e-01 4.99999999999988953e-01 0.00000000000000000e+00 25 3.29313897913401843e+03
2 0 0 10 4.99999999999988898e-01 4.99999999999988898e-01 0.00000000000000000e+00 0 -8.19969971677447873e+00
2 0 0 10 4.99999999999988898e-01 4.99999999999988898e-01 0.00000000000000000e+00 1 -9.58056814834387538e-01
2 0 0 10 4.99999999999988898e-01 4.99999999999988898e-01 0.00000000000000000e+00 2 5.90425030040164245e+00
2 0 0 10 4.99999999999988898e-01 4.99999999999988898e-01 0.00000000000000000e+00 3 6.64955557145045262e+00
2 0 0 10 4.99999999999988898e-01 4.99999999999988898e-01 0.00000000000000000e+00 4 1.13530200438654241e+01
2 0 0 10 4.99999999999988898e-01 4.99999999999988898e-01 0.00000000000000000e+00 5 1.14971221421632208e+01
2 0 0 10 4.99999999999988898e-01 4.99999999999988898e-01 0.00000000000000000e+00 6 2.46716268731833530e+01
2 0 0 10 4.99999999999988898e-01 4.99999999999988898e-01 0.00000000000000000e+00 7 2.59702655780886573e+01
2 0 0 10 4.99999999999988898e-01 4.99999999999988898e-01 0.00000000000000000e+00 8 2.69957099837304604e+01
2 0 0 10 4.99999999999988898e-01 4.99999999999988898e-01 0.00000000000000000e+00 9 2.75749341135207047e+01
2 0 0 10 4.99999999999988898e-01 4.99999999999988898e-01 0.00000000000000000e+00 10 2.88673166969849113e+01
2 0 0 10 4.99999999999988898e-01 4.99999999999988898e-01 0.00000000000000000e+00 11 2.93688111175257411e+01
2 0 0 10 4.99999999999988898e-01 4.99999999999988898e-01 0.00000000000000000e+00 12 3.06543912110927224e+01
2 0 0 10 4.99999999999988898e-01 4.99999999999988898e-01 0.00000000000000000e+00 13 3.38386585948092886e+01
2 0 0 10 4.99999999999988898e-01 4.99999999999988898e-01 0.00000000000000000e+00 14 4.66652225259090443e+01
2 0 0 10 4.99999999999988898e-01 4.99999999999988898e-01 0.00000000000000000e+00 15 4.75336571165192296e+01
2 0 0 10 4.99999999999988898e-01 4.99999999999988898e-01 0.00000000000000000e+00 16 5.29769312688361893e+01
2 0 0 10 4.99999999999988898e-01 4.99999999999988898e-01 0.00000000000000000e+00 17 5.45479459741410722e+01
2 0 0 10 4.99999999999988898e-01 4.99999999999988898e-01 0.00000000000000000e+00 18 6.47519946467502621e+01
2 0 0 10 4.99999999999988898e-01 4.99999999999988898e-01 0.00000000000000000e+00 19 7.19144380013048021e+01
2 0 0 10 4.99999999999988898e-01 4.99999999999988898e-01 0.00000000000000000e+00 20 8.32741014361208300e+01
2 0 0 10 4.99999999999988898e-01 4.99999999999988898e-01 0.00000000000000000e+00 21 8.78573689191762099e+01
2 0 0 10 4.99999999999988898e-01 4.99999999999988898e-01 0.00000000000000000e+00 22 1.22118102575742205e+03
2 0 0 10 4.99999999999988898e-01 4.99999999999988898e-01 0.00000000000000000e+00 23 1.33112832499412480e+03
2 0 0 10 4.99999999999988898e-01 4.99999999999988898e-01 0.00000000000000000e+00 24 2.37575202424173540e+03
2 0 0 10 4.99999999999988898e-01 4.99999999999988898e-01 0.00000000000000000e+00 25 2.51263751481449845e+03
2 0 0 11 7.50000000000024314e-01 4.99999999999989009e-01 0.00000000000000000e+00 0 -8.90609339642957210e+00
2 0 0 11 7.50000000000024314e-01 4.99999999999989009e-01 0.00000000000000000e+00 1 5.31010440134046177e-02
2 0 0 11 7.50000000000024314e-01 4.99999999999989009e-01 0.00000000000000000e+00 2 4.26446094183099245e+00
2 0 0 11 7.50000000000024314e-01 4.99999999999989009e-01 0.00000000000000000e+00 3 6.15302326256401955e+00
2 0 0 11 7.50000000000024314e-01 4.99999999999989009e-01 0.00000000000000000e+00 4 1.28719710922993791e+01
2 0 0 11 7.50000000000024314e-01 4.99999999999989009e-01 0.00000000000000000e+00 5 1.58469494498358365e+01
2 0 0 11 7.50000000000024314e-01 4.99999999999989009e-01 0.00000000000000000e+00 6 1.85934104829417137e+01
2 0 0 11 7.50000000000024314e-01 4.99999999999989009e-01 0.00000000000000000e+00 7 1.97800363911205501e+01
2 0 0 11 7.50000000000024314e-01 4.99999999999989009e-01 0.00000000000000000e+00 8 2.57583723418476431e+01
2 0 0 11 7.50000000000024314e-01 4.99999999999989009e-01 0.00000000000000000e+00 9 2.75441443206414434e+01
2 0 0 11 7.50000000000024314e-01 4.99999999999989009e-01 0.00000000000000000e+00 10 3.02071797248408735e+01
2 0 0 11 7.50000000000024314e-01 4.99999999999989009e-01 0.00000000000000000e+00 11 3.11533995411294384e+01
2 0 0 11 7.50000000000024314e-01 4.99999999999989009e-01 0.00000000000000000e+00 12 3.77189222662927008e+01
2 0 0 11 7.50000000000024314e-01 4.99999999999989009e-01 0.00000000000000000e+00 13 3.99314345347242821e+01
2 0 0 11 7.50000000000024314e-01 4.99999999999989009e-01 0.00000000000000000e+00 14 4.04211596670093343e+01
2 0 0 11 7.50000000000024314e-01 4.99999999999989009e-01 0.00000000000000000e+00 15 4.50623150488053525e+01
2 0 0 11 7.50000000000024314e-01 4.99999999999989009e-01 0.00000000000000000e+00 16 5.01100036935366973e+01
2 0 0 11 7.50000000000024314e-01 4.99999999999989009e-01 0.00000000000000000e+00 17 5.20634500395017596e+01
2 0 0 11 7.50000000000024314e-01 4.99999999999989009e-01 0.00000000000000000e+00 18 5.33587083866348806e+01
2 0 0 11 7.50000000000024314e-01 4.99999999999989009e-01 0.00000000000000000e+00 19 7.62048543587042246e+01
2 0 0 11 7.50000000000024314e-01 4.99999999999989009e-01 0.00000000000000000e+00 20 1.28367597020284620e+02
2 0 0 11 7.50000000000024314e-01 4.99999999999989009e-01 0.00000000000000000e+00 21 1.34409724394083185e+02
2 0 0 11 7.50000000000024314e-01 4.99999999999989009e-01 0.00000000000000000e+00 22 8.16555370064276644e+02
2 0 0 11 7.50000000000024314e-01 4.99999999999989009e-01 0.00000000000000000e+00 23 1.12039264295765338e+03
2 0 0 11 7.50000000000024314e-01 4.99999999999989009e-01 0.00000000000000000e+00 24 1.99166460404561644e+03
2 0 0 11 7.50000000000024314e-01 4.99999999999989009e-01 0.00000000000000000e+00 25 3.29300646041290156e+03
2 0 0 12 0.00000000000000000e+00 7.49999999999942601e-01 0.00000000000000000e+00 0 -1.18928589265770679e+01
2 0 0 12 0.00000000000000000e+00 7.49999999999942601e-01 0.00000000000000000e+00 1 3.84245114592168413e+00
2 0 0 12 0.00000000000000000e+00 7.49999999999942601e-01 0.00000000000000000e+00 2 7.04965079987122856e+00
2 0 0 12 0.00000000000000000e+00 7.49999999999942601e-01 0.00000000000000000e+00 3 7.62771537859447069e+00
2 0 0 12 0.00000000000000000e+00 7.49999999999942601e-01 0.00000000000000000e+00 4 1.33793266925457743e+01
2 0 0 12 0.00000000000000000e+00 7.49999999999942601e-01 0.00000000000000000e+00 5 1.49421747605656954e+01
2 0 0 12 0.00000000000000000e+00 7.49999999999942601e-01 0.00000000000000000e+00 6 1.55649030106894806e+01
2 0 0 12 0.00000000000000000e+00 7.49999999999942601e-01 0.00000000000000000e+00 7 1.93862597129775374e+01
2 0 0 12 0.00000000000000000e+00 7.49999999999942601e-01 0.00000000000000000e+00 8 1.99574919558820341e+01
2 0 0 12 0.00000000000000000e+00 7.49999999999942601e-01 0.00000000000000000e+00 9 2.41650943496474575e+01
2 0 0 12 0.00000000000000000e+00 7.49999999999942601e-01 0.00000000000000000e+00 10 3.30837328186436679e+01
2 0 0 12 0.00000000000000000e+00 7.49999999999942601e-01 0.00000000000000000e+00 11 3.46771668002137474e+01
2 0 0 12 0.00000000000000000e+00 7.49999999999942601e-01 0.00000000000000000e+00 12 3.55000152220655139e+01
2 0 0 12 0.00000000000000000e+00 7.49999999999942601e-01 0.00000000000000000e+00 13 3.68339531931367503e+01
2 0 0 12 0.00000000000000000e+00 7.49999999999942601e-01 0.00000000000000000e+00 14 4.49434273373456890e+01
2 0 0 12 0.00000000000000000e+00 7.49999999999942601e-01 0.00000000000000000e+00 15 4.55941768995706909e+01
2 0 0 12 0.00000000000000000e+00 7.49999999999942601e-01 0.00000000000000000e+00 16 5.21634677481122466e+01
2 0 0 12 0.00000000000000000e+00 7.49999999999942601e-01 0.00000000000000000e+00 17 5.41687771479515803e+01
2 0 0 12 0.00000000000000000e+00 7.49999999999942601e-01 0.00000000000000000e+00 18 5.52046910267767501e+01
2 0 0 12 0.00000000000000000e+00 7.49999999999942601e-01 0.00000000000000000e+00 19 1.19064941755350048e+02
2 0 0 12 0.00000000000000000e+00 7.49999999999942601e-01 0.00000000000000000e+00 20 3.47917913509421567e+02
2 0 0 12 0.00000000000000000e+00 7.49999999999942601e-01 0.00000000000000000e+00 21 3.62072047489011993e+02
2 0 0 12 0.00000000000000000e+00 7.49999999999942601e-01 0.00000000000000000e+00 22 8.70965719819044125e+02
2 0 0 12 0.00000000000000000e+00 7.49999999999942601e-01 0.00000000000000000e+00 23 9.35067984501392857e+02
2 0 0 12 0.00000000000000000e+00 7.49999999999942601e-01 0.00000000000000000e+00 24 1.44838440152239650e+03
2 0 0 12 0.00000000000000000e+00 7.49999999999942601e-01 0.00000000000000000e+00 25 2.83631559417395192e+03
2 0 0 13 2.49999999999953593e-01 7.50000000000024203e-01 0.00000000000000000e+00 0 -8.97983386544161100e+00
2 0 0 13 2.49999999999953593e-01 7.50000000000024203e-01 0.00000000000000000e+00 1 6.16677715750242550e-01
2 0 0 13 2.49999999999953593e-01 7.50000000000024203e-01 0.00000000000000000e+00 2 4.14284953725218941e+00
2 0 0 13 2.49999999999953593e-01 7.50000000000024203e-01 0.00000000000000000e+00 3 7.11884986799829189e+00
2 0 0 13 2.49999999999953593e-01 7.50000000000024203e-01 0.00000000000000000e+00 4 1.43005532155780131e+01
2 0 0 13 2.49999999999953593e-01 7.50000000000024203e-01 0.00000000000000000e+00 5 1.63076971814620535e+01
2 0 0 13 2.49999999999953593e-01 7.50000000000024203e-01 0.00000000000000000e+00 6 1.74039542506778702e+01
2 0 0 13 2.49999999999953593e-01 7.50000000000024203e-01 0.00000000000000000e+00 7 1.89115987921380473e+01
2 0 0 13 2.49999999999953593e-01 7.50000000000024203e-01 0.00000000000000000e+00 8 2.11785873323893377e+01
2 0 0 13 2.49999999999953593e-01 7.50000000000024203e-01 0.00000000000000000e+00 9 2.66075095499924217e+01
2 0 0 13 2.49999999999953593e-01 7.50000000000024203e-01 0.00000000000000000e+00 10 3.08602685969068524e+01
2 0 0 13 2.49999999999953593e-01 7.50000000000024203e-01 0.00000000000000000e+00 11 3.54542363270018797e+01
2 0 0 13 2.49999999999953593e-01 7.50000000000024203e-01 0.00000000000000000e+00 12 3.73744487148620266e+01
2 0 0 13 2.49999999999953593e-01 7.50000000000024203e-01 0.00000000000000000e+00 13 3.79334401876371459e+01
2 0 0 13 2.49999999999953593e-01 7.50000000000024203e-01 0.00000000000000000e+00 14 4.15525035034231323e+01
2 0 0 13 2.49999999999953593e-01 7.50000000000024203e-01 0.00000000000000000e+00 15 4.27348355704747007e+01
2 0 0 13 2.49999999999953593e-01 7.50000000000024203e-01 0.00000000000000000e+00 16 4.69797600665177129e+01
2 0 0 13 2.49999999999953593e-01 7.50000000000024203e-01 0.00000000000000000e+00 17 5.19515382780559705e+01
2 0 0 13 2.49999999999953593e-01 7.50000000000024203e-01 0.00000000000000000e+00 18 5.64619809494007896e+01
2 0 0 13 2.49999999999953593e-01 7.50000000000024203e-01 0.00000000000000000e+00 19 9.21042089860928996e+01
2 0 0 13 2.49999999999953593e-01 7.50000000000024203e-01 0.00000000000000000e+00 20 1.14808148760875810e+02
2 0 0 13 2.49999999999953593e-01 7.50000000000024203e-01 0.00000000000000000e+00 21 2.38300936404206595e+02
2 0 0 13 2.49999999999953593e-01 7.50000000000024203e-01 0.00000000000000000e+00 22 7.73937498913319132e+02
2 0 0 13 2.49999999999953593e-01 7.50000000000024203e-01 0.00000000000000000e+00 23 1.10364968720947195e+03
2 0 0 13 2.49999999999953593e-01 7.50000000000024203e-01 0.00000000000000000e+00 24 1.76059289589452737e+03
2 0 0 13 2.49999999999953593e-01 7.50000000000024203e-01 0.00000000000000000e+00 25 3.27494600828024568e+03
2 0 0 14 4.99999999999989009e-01 7.50000000000024314e-01 0.00000000000000000e+00 0 -8.89656223005321145e+00
2 0 0 14 4.99999999999989009e-01 7.50000000000024314e-01 0.00000000000000000e+00 1 6.18681146277761662e-02
2 0 0 14 4.99999999999989009e-01 7.50000000000024314e-01 0.00000000000000000e+00 2 4.34355926518954938e+00
2 0 0 14 4.99999999999989009e-01 7.50000000000024314e-01 0.00000000000000000e+00 3 5.97475388681296860e+00
2 0 0 14 4.99999999999989009e-01 7.50000000000024314e-01 0.00000000000000000e+00 4 1.27034115193910857e+01
2 0 0 14 4.99999999999989009e-01 7.50000000000024314e-01 0.00000000000000000e+00 5 1.58127160780183562e+01
2 0 0 14 4.99999999999989009e-01 7.50000000000024314e-01 0.00000000000000000e+00 6 1.88229419066847043e+01
2 0 0 14 4.99999999999989009e-01 7.50000000000024314e-01 0.00000000000000000e+00 7 1.96338359141951138e+01
2 0 0 14 4.99999999999989009e-01 7.50000000000024314e-01 0.00000000000000000e+00 8 2.55517162837589638e+01
2 0 0 14 4.99999999999989009e-01 7.50000000000024314e-01 0.00000000000000000e+00 9 2.79846340963851326e+01
2 0 0 14 4.99999999999989009e-01 7.50000000000024314e-01 0.00000000000000000e+00 10 2.97841275178021867e+01
2 0 0 14 4.99999999999989009e-01 7.50000000000024314e-01 0.00000000000000000e+00 11 3.12128654428811707e+01
2 0 0 14 4.99999999999989009e-01 7.50000000000024314e-01 0.00000000000000000e+00 12 3.88272596230861993e+01
2 0 0 14 4.99999999999989009e-01 7.50000000000024314e-01 0.00000000000000000e+00 13 3.96815148642989186e+01
2 0 0 14 4.99999999999989009e-01 7.50000000000024314e-01 0.00000000000000000e+00 14 4.08073637065593360e+01
2 0 0 14 4.99999999999989009e-01 7.50000000000024314e-01 0.00000000000000000e+00 15 4.45410309945877856e+01
2 0 0 14 4.99999999999989009e-01 7.50000000000024314e-01 0.00000000000000000e+00 16 5.02263435986655438e+01
2 0 0 14 4.99999999999989009e-01 7.50000000000024314e-01 0.00000000000000000e+00 17 5.10810845488345748e+01
2 0 0 14 4.99999999999989009e-01 7.50000000000024314e-01 0.00000000000000000e+00 18 5.41758630282070044e+01
2 0 0 14 4.99999999999989009e-01 7.50000000000024314e-01 0.00000000000000000e+00 19 7.54919476894478834e+01
2 0 0 14 4.99999999999989009e-01 7.50000000000024314e-01 0.00000000000000000e+00 20 1.28104091386241663e+02
2 0 0 14 4.99999999999989009e-01 7.50000000000024314e-01 0.00000000000000000e+00 21 1.35812672551324766e+02
2 0 0 14 4.99999999999989009e-01 7.50000000000024314e-01 0.00000000000000000e+00 22 9.38871605185703402e+02
2 0 0 14 4.99999999999989009e-01 7.50000000000024314e-01 0.00000000000000000e+00 23 1.11484983008152972e+03
2 0 0 14 4.99999999999989009e-01 7.50000000000024314e-01 0.00000000000000000e+00 24 1.85877649298380402e+03
2 0 0 14 4.99999999999989009e-01 7.50000000000024314e-01 0.00000000000000000e+00 25 3.20250476877284063e+03
2 0 0 15 7.50000000000024203e-01 7.50000000000024203e-01 0.00000000000000000e+00 0 -1.24239490778577597e+01
2 0 0 15 7.50000000000024203e-01 7.50000000000024203e-01 0.00000000000000000e+00 1 3.62069542698151281e+00
2 0 0 15 7.50000000000024203e-01 7.50000000000024203e-01 0.00000000000000000e+00 2 6.78100878148546649e+00
2 0 0 15 7.50000000000024203e-01 7.50000000000024203e-01 0.00000000000000000e+00 3 7.37807403282777852e+00
2 0 0 15 7.50000000000024203e-01 7.50000000000024203e-01 0.00000000000000000e+00 4 1.24995114106789078e+01
2 0 0 15 7.50000000000024203e-01 7.50000000000024203e-01 0.00000000000000000e+00 5 1.54648351570917288e+01
2 0 0 15 7.50000000000024203e-01 7.50000000000024203e-01 0.00000000000000000e+00 6 1.77702710653479912e+01
2 0 0 15 7.50000000000024203e-01 7.50000000000024203e-01 0.00000000000000000e+00 7 1.83525351940944290e+01
2 0 0 15 7.50000000000024203e-01 7.50000000000024203e-01 0.00000000000000000e+00 8 2.23288921872530253e+01
2 0 0 15 7.50000000000024203e-01 7.50000000000024203e-01 0.00000000000000000e+00 9 2.55716245659620505e+01
2 0 0 15 7.50000000000024203e-01 7.50000000000024203e-01 0.00000000000000000e+00 10 3.17132645702018010e+01
2 0 0 15 7.50000000000024203e-01 7.50000000000024203e-01 0.00000000000000000e+00 11 3.18936062050557219e+01
2 0 0 15 7.50000000000024203e-01 7.50000000000024203e-01 0.00000000000000000e+00 12 3.64404594281471361e+01
2 0 0 15 7.50000000000024203e-01 7.50000000000024203e-01 0.00000000000000000e+00 13 4.04604062735132644e+01
2 0 0 15 7.50000000000024203e-01 7.50000000000024203e-01 0.00000000000000000e+00 14 4.28589732205146348e+01
2 0 0 15 7.50000000000024203e-01 7.50000000000024203e-01 0.00000000000000000e+00 15 4.67414722978764985e+01
2 0 0 15 7.50000000000024203e-01 7.50000000000024203e-01 0.00000000000000000e+00 16 4.96350783273544494e+01
2 0 0 15 7.50000000000024203e-01 7.50000000000024203e-01 0.00000000000000000e+00 17 5.10116745733044397e+01
2 0 0 15 7.50000000000024203e-01 7.50000000000024203e-01 0.00000000000000000e+00 18 6.04587147098950481e+01
2 0 0 15 7.50000000000024203e-01 7.50000000000024203e-01 0.00000000000000000e+00 19 1.42714318714611011e+02
2 0 0 15 7.50000000000024203e-01 7.50000000000024203e-01 0.00000000000000000e+00 20 1.51453149184761031e+02
2 0 0 15 7.50000000000024203e-01 7.50000000000024203e-01 0.00000000000000000e+00 21 2.96986198131197057e+02
2 0 0 15 7.50000000000024203e-01 7.50000000000024203e-01 0.00000000000000000e+00 22 7.25653602331378806e+02
2 0 0 15 7.50000000000024203e-01 7.50000000000024203e-01 0.00000000000000000e+00 23 1.44075034115335461e+03
2 0 0 15 7.50000000000024203e-01 7.50000000000024203e-01 0.00000000000000000e+00 24 1.75060058753634962e+03
2 0 0 15 7.50000000000024203e-01 7.50000000000024203e-01 0.00000000000000000e+00 25 2.04182909332520194e+03
2 0 0 16 0.00000000000000000e+00 0.00000000000000000e+00 2.50000000000035305e-01 0 -1.18770019462922320e+01
2 0 0 16 0.00000000000000000e+00 0.00000000000000000e+00 2.50000000000035305e-01 1 3.90061920179010979e+00
2 0 0 16 0.00000000000000000e+00 0.00000000000000000e+00 2.50000000000035305e-01 2 7.07254040802272232e+00
2 0 0 16 0.00000000000000000e+00 0.00000000000000000e+00 2.50000000000035305e-01 3 7.51272992387105365e+00
2 0 0 16 0.00000000000000000e+00 0.00000000000000000e+00 2.50000000000035305e-01 4 1.32557898089308974e+01
2 0 0 16 0.00000000000000000e+00 0.00000000000000000e+00 2.50000000000035305e-01 5 1.50823428141586984e+01
2 0 0 16 0.00000000000000000e+00 0.00000000000000000e+00 2.50000000000035305e-01 6 1.55046553909963674e+01
2 0 0 16 0.00000000000000000e+00 0.00000000000000000e+00 2.50000000000035305e-01 7 2.00147471065651139e+01
2 0 0 16 0.00000000000000000e+00 0.00000000000000000e+00 2.50000000000035305e-01 8 2.01763297645135218e+01
2 0 0 16 0.00000000000000000e+00 0.00000000000000000e+00 2.50000000000035305e-01 9 2.34685211596341574e+01
2 0 0 16 0.00000000000000000e+00 0.00000000000000000e+00 2.50000000000035305e-01 10 3.25922523399885833e+01
2 0 0 16 0.00000000000000000e+00 0.00000000000000000e+00 2.50000000000035305e-01 11 3.36538282291450344e+01
2 0 0 16 0.00000000000000000e+00 0.00000000000000000e+00 2.50000000000035305e-01 12 3.52683224698719613e+01
2 0 0 16 0.00000000000000000e+00 0.00000000000000000e+00 2.50000000000035305e-01 13 3.72475396601234152e+01
2 0 0 16 0.00000000000000000e+00 0.00000000000000000e+00 2.50000000000035305e-01 14 4.40642375551111982e+01
2 0 0 16 0.00000000000000000e+00 0.00000000000000000e+00 2.50000000000035305e-01 15 4.52931034159366632e+01
2 0 0 16 0.00000000000000000e+00 0.00000000000000000e+00 2.50000000000035305e-01 16 5.20682768506212668e+01
2 0 0 16 0.00000000000000000e+00 0.00000000000000000e+00 2.50000000000035305e-01 17 5.40189491637150354e+01
2 0 0 16 0.00000000000000000e+00 0.00000000000000000e+00 2.50000000000035305e-01 18 5.54536591257209963e+01
2 0 0 16 0.00000000000000000e+00 0.00000000000000000e+00 2.50000000000035305e-01 19 1.20809101373590323e+02
2 0 0 16 0.00000000000000000e+00 0.00000000000000000e+00 2.50000000000035305e-01 20 3.40631499931015185e+02
2 0 0 16 0.00000000000000000e+00 0.00000000000000000e+00 2.50000000000035305e-01 21 3.65603856790401551e+02
2 0 0 16 0.00000000000000000e+00 0.00000000000000000e+00 2.50000000000035305e-01 22 9.05374361319774948e+02
2 0 0 16 0.00000000000000000e+00 0.00000000000000000e+00 2.50000000000035305e-01 23 9.34396910437437327e+02
2 0 0 16 0.00000000000000000e+00 0.00000000000000000e+00 2.50000000000035305e-01 24 1.46615064559203392e+03
2 0 0 16 0.00000000000000000e+00 0.00000000000000000e+00 2.50000000000035305e-01 25 2.83661058939053009e+03
2 0 0 17 2.50000000000035305e-01 0.00000000000000000e+00 2.50000000000035305e-01 0 -1.15250649111182835e+01
2 0 0 17 2.50000000000035305e-01 0.00000000000000000e+00 2.50000000000035305e-01 1 3.74596666388991384e+00
2 0 0 17 2.50000000000035305e-01 0.00000000000000000e+00 2.50000000000035305e-01 2 6.10559502713046420e+00
2 0 0 17 2.50000000000035305e-01 0.00000000000000000e+00 2.50000000000035305e-01 3 6.99804744342434759e+00
2 0 0 17 2.50000000000035305e-01 0.00000000000000000e+00 2.50000000000035305e-01 4 1.24258224819740626e+01
2 0 0 17 2.50000000000035305e-01 0.00000000000000000e+00 2.50000000000035305e-01 5 1.57823858704340427e+01
2 0 0 17 2.50000000000035305e-01 0.00000000000000000e+00 2.50000000000035305e-01 6 1.78106224937403326e+01
2 0 0 17 2.50000000000035305e-01 0.00000000000000000e+00 2.50000000000035305e-01 7 1.90489131802673199e+01
2 0 0 17 2.50000000000035305e-01 0.00000000000000000e+00 2.50000000000035305e-01 8 2.21013905428210045e+01
2 0 0 17 2.50000000000035305e-01 0.00000000000000000e+00 2.50000000000035305e-01 9 2.54160959102955957e+01
2 0 0 17 2.50000000000035305e-01 0.00000000000000000e+00 2.50000000000035305e-01 10 3.11800308606367444e+01
2 0 0 17 2.50000000000035305e-01 0.00000000000000000e+00 2.50000000000035305e-01 11 3.30763952896832834e+01
2 0 0 17 2.50000000000035305e-01 0.00000000000000000e+00 2.50000000000035305e-01 12 3.57296152620859289e+01
2 0 0 17 2.50000000000035305e-01 0.00000000000000000e+00 2.50000000000035305e-01 13 3.99953143294428983e+01
2 0 0 17 2.50000000000035305e-01 0.00000000000000000e+00 2.50000000000035305e-01 14 4.27592106716734861e+01
2 0 0 17 2.50000000000035305e-01 0.00000000000000000e+00 2.50000000000035305e-01 15 4.65513502164410511e+01
2 0 0 17 2.50000000000035305e-01 0.00000000000000000e+00 2.50000000000035305e-01 16 5.03079763666733726e+01
2 0 0 17 2.50000000000035305e-01 0.00000000000000000e+00 2.50000000000035305e-01 17 5.19412540764676010e+01
2 0 0 17 2.50000000000035305e-01 0.00000000000000000e+00 2.50000000000035305e-01 18 5.94572997644356889e+01
2 0 0 17 2.50000000000035305e-01 0.00000000000000000e+00 2.50000000000035305e-01 19 1.38953255114230473e+02
2 0 0 17 2.50000000000035305e-01 0.00000000000000000e+00 2.50000000000035305e-01 20 1.59831483029470661e+02
2 0 0 17 2.50000000000035305e-01 0.00000000000000000e+00 2.50000000000035305e-01 21 2.90828531130891974e+02
2 0 0 17 2.50000000000035305e-01 0.00000000000000000e+00 2.50000000000035305e-01 22 7.10067530441497865e+02
2 0 0 17 2.50000000000035305e-01 0.00000000000000000e+00 2.50000000000035305e-01 23 1.67068212169708181e+03
2 0 0 17 2.50000000000035305e-01 0.00000000000000000e+00 2.50000000000035305e-01 24 1.71462718814633581e+03
2 0 0 17 2.50000000000035305e-01 0.00000000000000000e+00 2.50000000000035305e-01 25 2.04545182177310858e+03
2 0 0 18 4.99999999999988953e-01 0.00000000000000000e+00 2.49999999999953648e-01 0 -7.72056005640114851e+00
2 0 0 18 4.99999999999988953e-01 0.00000000000000000e+00 2.49999999999953648e-01 1 -3.01131420782267567e-01
2 0 0 18 4.99999999999988953e-01 0.00000000000000000e+00 2.49999999999953648e-01 2 4.44084601753895303e+00
2 0 0 18 4.99999999999988953e-01 0.00000000000000000e+00 2.49999999999953648e-01 3 6.13903633361776624e+00
2 0 0 18 4.99999999999988953e-01 0.00000000000000000e+00 2.49999999999953648e-01 4 1.28280413680164180e+01
2 0 0 18 4.99999999999988953e-01 0.00000000000000000e+00 2.49999999999953648e-01 5 1.57975066153006534e+01
2 0 0 18 4.99999999999988953e-01 0.00000000000000000e+00 2.49999999999953648e-01 6 1.84834381720231455e+01
2 0 0 18 4.99999999999988953e-01 0.00000000000000000e+00 2.49999999999953648e-01 7 1.99166484354709468e+01
2 0 0 18 4.99999999999988953e-01 0.00000000000000000e+00 2.49999999999953648e-01 8 2.54429532244720136e+01
2 0 0 18 4.99999999999988953e-01 0.00000000000000000e+00 2.49999999999953648e-01 9 2.74544191116508216e+01
2 0 0 18 4.99999999999988953e-01 0.00000000000000000e+00 2.49999999999953648e-01 10 2.98979336314473940e+01
2 0 0 18 4.99999999999988953e-01 0.00000000000000000e+00 2.49999999999953648e-01 11 3.06856613733588830e+01
2 0 0 18 4.99999999999988953e-01 0.00000000000000000e+00 2.49999999999953648e-01 12 3.89823543091997635e+01
2 0 0 18 4.99999999999988953e-01 0.00000000000000000e+00 2.49999999999953648e-01 13 3.95135979850259318e+01
2 0 0 18 4.99999999999988953e-01 0.00000000000000000e+00 2.49999999999953648e-01 14 4.00038116445245464e+01
2 0 0 18 4.99999999999988953e-01 0.00000000000000000e+00 2.49999999999953648e-01 15 4.47557860048905454e+01
2 0 0 18 4.99999999999988953e-01 0.00000000000000000e+00 2.49999999999953648e-01 16 4.94474621783132875e+01
2 0 0 18 4.99999999999988953e-01 0.00000000000000000e+00 2.49999999999953648e-01 17 5.15824927170210330e+01
2 0 0 18 4.99999999999988953e-01 0.00000000000000000e+00 2.49999999999953648e-01 18 5.43617955759483706e+01
2 0 0 18 4.99999999999988953e-01 0.00000000000000000e+00 2.49999999999953648e-01 19 7.58373249686780611e+01
2 0 0 18 4.99999999999988953e-01 0.00000000000000000e+00 2.49999999999953648e-01 20 1.22404284771998775e+02
2 0 0 18 4.99999999999988953e-01 0.00000000000000000e+00 2.49999999999953648e-01 21 1.36736384646217573e+02
2 0 0 18 4.99999999999988953e-01 0.00000000000000000e+00 2.49999999999953648e-01 22 9.09492697920420483e+02
2 0 0 18 4.99999999999988953e-01 0.00000000000000000e+00 2.49999999999953648e-01 23 1.11494468058526422e+03
2 0 0 18 4.99999999999988953e-01 0.00000000000000000e+00 2.49999999999953648e-01 24 1.95918338169814774e+03
2 0 0 18 4.99999999999988953e-01 0.00000000000000000e+00 2.49999999999953648e-01 25 3.15591617541507776e+03
2 0 0 19 7.50000000000024203e-01 0.00000000000000000e+00 2.49999999999953593e-01 0 -9.37099945578519744e+00
2 0 0 19 7.50000000000024203e-01 0.00000000000000000e+00 2.49999999999953593e-01 1 1.36476199663736009e+00
2 0 0 19 7.50000000000024203e-01 0.00000000000000000e+00 2.49999999999953593e-01 2 4.09925280902888822e+00
2 0 0 19 7.50000000000024203e-01 0.00000000000000000e+00 2.49999999999953593e-01 3 6.84844029236602125e+00
2 0 0 19 7.50000000000024203e-01 0.00000000000000000e+00 2.49999999999953593e-01 4 1.48263077630878595e+01
2 0 0 19 7.50000000000024203e-01 0.00000000000000000e+00 2.49999999999953593e-01 5 1.59668743506716151e+01
2 0 0 19 7.50000000000024203e-01 0.00000000000000000e+00 2.49999999999953593e-01 6 1.70401405051354473e+01
2 0 0 19 7.50000000000024203e-01 0.00000000000000000e+00 2.49999999999953593e-01 7 1.89170761362670703e+01
2 0 0 19 7.50000000000024203e-01 0.00000000000000000e+00 2.49999999999953593e-01 8 2.05302624345799778e+01
2 0 0 19 7.50000000000024203e-01 0.00000000000000000e+00 2.49999999999953593e-01 9 2.69139328260995789e+01
2 0 0 19 7.50000000000024203e-01 0.00000000000000000e+00 2.49999999999953593e-01 10 3.14415749977012240e+01
2 0 0 19 7.50000000000024203e-01 0.00000000000000000e+00 2.49999999999953593e-01 11 3.59287151547760928e+01
2 0 0 19 7.50000000000024203e-01 0.00000000000000000e+00 2.49999999999953593e-01 12 3.72208841966496067e+01
2 0 0 19 7.50000000000024203e-01 0.00000000000000000e+00 2.49999999999953593e-01 13 3.98827026758300534e+01
2 0 0 19 7.50000000000024203e-01 0.00000000000000000e+00 2.49999999999953593e-01 14 4.09079160654950869e+01
2 0 0 19 7.50000000000024203e-01 0.00000000000000000e+00 2.49999999999953593e-01 15 4.29771543620362095e+01
2 0 0 19 7.50000000000024203e-01 0.00000000000000000e+00 2.49999999999953593e-01 16 4.52244951500802443e+01
2 0 0 19 7.50000000000024203e-01 0.00000000000000000e+00 2.49999999999953593e-01 17 5.17126543273290622e+01
2 0 0 19 7.50000000000024203e-01 0.00000000000000000e+00 2.49999999999953593e-01 18 5.52378043933523699e+01
2 0 0 19 7.50000000000024203e-01 0.00000000000000000e+00 2.49999999999953593e-01 19 9.02089219171811862e+01
2 0 0 19 7.50000000000024203e-01 0.00000000000000000e+00 2.49999999999953593e-01 20 1.08065429444726206e+02
2 0 0 19 7.50000000000024203e-01 0.00000000000000000e+00 2.49999999999953593e-01 21 2.48745724019251327e+02
2 0 0 19 7.50000000000024203e-01 0.00000000000000000e+00 2.49999999999953593e-01 22 7.83363305187926585e+02
2 0 0 19 7.50000000000024203e-01 0.00000000000000000e+00 2.49999999999953593e-01 23 1.08920185117779670e+03
2 0 0 19 7.50000000000024203e-01 0.00000000000000000e+00 2.49999999999953593e-01 24 1.80117474567137924e+03
2 0 0 19 7.50000000000024203e-01 0.00000000000000000e+00 2.49999999999953593e-01 25 3.24997591397852830e+03
2 0 0 20 0.00000000000000000e+00 2.50000000000035305e-01 2.50000000000035305e-01 0 -1.14560541881884994e+01
2 0 0 20 0.00000000000000000e+00 2.50000000000035305e-01 2.50000000000035305e-01 1 4.08702623351892758e+00
2 0 0 20 0.00000000000000000e+00 2.50000000000035305e-01 2.50000000000035305e-01 2 5.94139170484836221e+00
2 0 0 20 0.00000000000000000e+00 2.50000000000035305e-01 2.50000000000035305e-01 3 6.91480454058132299e+00
2 0 0 20 0.00000000000000000e+00 2.50000000000035305e-01 2.50000000000035305e-01 4 1.18022342145796717e+01
2 0 0 20 0.00000000000000000e+00 2.50000000000035305e-01 2.50000000000035305e-01 5 1.57885724737559592e+01
2 0 0 20 0.00000000000000000e+00 2.50000000000035305e-01 2.50000000000035305e-01 6 1.80108398685407565e+01
2 0 0 20 0.00000000000000000e+00 2.50000000000035305e-01 2.50000000000035305e-01 7 1.89744292535211230e+01
2 0 0 20 0.00000000000000000e+00 2.50000000000035305e-01 2.50000000000035305e-01 8 2.20982904927731951e+01
2 0 0 20 0.00000000000000000e+00 2.50000000000035305e-01 2.50000000000035305e-01 9 2.59081759433890966e+01
2 0 0 20 0.00000000000000000e+00 2.50000000000035305e-01 2.50000000000035305e-01 10 3.14598858803236894e+01
2 0 0 20 0.00000000000000000e+00 2.50000000000035305e-01 2.50000000000035305e-01 11 3.32923846495835463e+01
2 0 0 20 0.00000000000000000e+00 2.50000000000035305e-01 2.50000000000035305e-01 12 3.51992983120011260e+01
2 0 0 20 0.00000000000000000e+00 2.50000000000035305e-01 2.50000000000035305e-01 13 3.99288067275429839e+01
2 0 0 20 0.00000000000000000e+00 2.50000000000035305e-01 2.50000000000035305e-01 14 4.27558902861350987e+01
2 0 0 20 0.00000000000000000e+00 2.50000000000035305e-01 2.50000000000035305e-01 15 4.67514927240400553e+01
2 0 0 20 0.00000000000000000e+00 2.50000000000035305e-01 2.50000000000035305e-01 16 5.01313658866109932e+01
2 0 0 20 0.00000000000000000e+00 2.50000000000035305e-01 2.50000000000035305e-01 17 5.22403725927104432e+01
2 0 0 20 0.00000000000000000e+00 2.50000000000035305e-01 2.50000000000035305e-01 18 5.84452528902032711e+01
2 0 0 20 0.00000000000000000e+00 2.50000000000035305e-01 2.50000000000035305e-01 19 1.48312497876109262e+02
2 0 0 20 0.00000000000000000e+00 2.50000000000035305e-01 2.50000000000035305e-01 20 1.53477326361579514e+02
2 0 0 20 0.00000000000000000e+00 2.50000000000035305e-01 2.50000000000035305e-01 21 2.97313816547538806e+02
2 0 0 20 0.00000000000000000e+00 2.50000000000035305e-01 2.50000000000035305e-01 22 7.08627477173204056e+02
2 0 0 20 0.00000000000000000e+00 2.50000000000035305e-01 2.50000000000035305e-01 23 1.57958754856723181e+03
2 0 0 20 0.00000000000000000e+00 2.50000000000035305e-01 2.50000000000035305e-01 24 1.72016881703082686e+03
2 0 0 20 0.00000000000000000e+00 2.50000000000035305e-01 2.50000000000035305e-01 25 2.05099503709695773e+03
2 0 0 21 2.50000000000035305e-01 2.50000000000035305e-01 2.50000000000035305e-01 0 -1.20519025818475232e+01
2 0 0 21 2.50000000000035305e-01 2.50000000000035305e-01 2.50000000000035305e-01 1 3.91306340479435288e+00
2 0 0 21 2.50000000000035305e-01 2.50000000000035305e-01 2.50000000000035305e-01 2 6.55387911961284253e+00
2 0 0 21 2.50000000000035305e-01 2.50000000000035305e-01 2.50000000000035305e-01 3 7.62306265936130334e+00
2 0 0 21 2.50000000000035305e-01 2.50000000000035305e-01 2.50000000000035305e-01 4 1.36053837950706189e+01
2 0 0 21 2.50000000000035305e-01 2.50000000000035305e-01 2.50000000000035305e-01 5 1.51810500634414502e+01
2 0 0 21 2.50000000000035305e-01 2.50000000000035305e-01 2.50000000000035305e-01 6 1.55482318164979887e+01
2 0 0 21 2.50000000000035305e-01 2.50000000000035305e-01 2.50000000000035305e-01 7 1.98342376192082313e+01
2 0 0 21 2.50000000000035305e-01 2.50000000000035305e-01 2.50000000000035305e-01 8 2.00835838396811823e+01
2 0 0 21 2.50000000000035305e-01 2.50000000000035305e-01 2.50000000000035305e-01 9 2.37182631972393523e+01
2 0 0 21 2.50000000000035305e-01 2.50000000000035305e-01 2.50000000000035305e-01 10 3.24114617385501802e+01
2 0 0 21 2.50000000000035305e-01 2.50000000000035305e-01 2.50000000000035305e-01 11 3.42873999069612267e+01
2 0 0 21 2.50000000000035305e-01 2.50000000000035305e-01 2.50000000000035305e-01 12 3.50844625335215099e+01
2 0 0 21 2.50000000000035305e-01 2.50000000000035305e-01 2.50000000000035305e-01 13 3.78700350304998423e+01
2 0 0 21 2.50000000000035305e-01 2.50000000000035305e-01 2.50000000000035305e-01 14 4.50586204423981513e+01
2 0 0 21 2.50000000000035305e-01 2.50000000000035305e-01 2.50000000000035305e-01 15 4.55078712826251035e+01
2 0 0 21 2.50000000000035305e-01 2.50000000000035305e-01 2.50000000000035305e-01 16 5.30968694064620621e+01
2 0 0 21 2.50000000000035305e-01 2.50000000000035305e-01 2.50000000000035305e-01 17 5.43915435466171999e+01
2 0 0 21 2.50000000000035305e-01 2.50000000000035305e-01 2.50000000000035305e-01 18 5.51084127456338067e+01
2 0 0 21 2.50000000000035305e-01 2.50000000000035305e-01 2.50000000000035305e-01 19 1.23601189105932264e+02
2 0 0 21 2.50000000000035305e-01 2.50000000000035305e-01 2.50000000000035305e-01 20 3.36766314646396324e+02
2 0 0 21 2.50000000000035305e-01 2.50000000000035305e-01 2.50000000000035305e-01 21 3.60668974913431839e+02
2 0 0 21 2.50000000000035305e-01 2.50000000000035305e-01 2.50000000000035305e-01 22 8.39216486930563860e+02
2 0 0 21 2.50000000000035305e-01 2.50000000000035305e-01 2.50000000000035305e-01 23 8.98514513965485321e+02
2 0 0 21 2.50000000000035305e-01 2.50000000000035305e-01 2.50000000000035305e-01 24 1.43031410036671036e+03
2 0 0 21 2.50000000000035305e-01 2.50000000000035305e-01 2.50000000000035305e-01 25 2.79356252448338546e+03
2 0 0 22 5.00000000000070610e-01 2.50000000000035305e-01 2.50000000000035305e-01 0 -9.54035336210046481e+00
2 0 0 22 5.00000000000070610e-01 2.50000000000035305e-01 2.50000000000035305e-01 1 1.60903814227216913e+00
2 0 0 22 5.00000000000070610e-01 2.50000000000035305e-01 2.50000000000035305e-01 2 4.61481262972716966e+00
2 0 0 22 5.00000000000070610e-01 2.50000000000035305e-01 2.50000000000035305e-01 3 6.35435734703565291e+00
2 0 0 22 5.00000000000070610e-01 2.50000000000035305e-01 2.50000000000035305e-01 4 1.46043759152003290e+01
2 0 0 22 5.00000000000070610e-01 2.50000000000035305e-01 2.50000000000035305e-01 5 1.59373395899768813e+01
2 0 0 22 5.00000000000070610e-01 2.50000000000035305e-01 2.50000000000035305e-01 6 1.69303990611968125e+01
2 0 0 22 5.00000000000070610e-01 2.50000000000035305e-01 2.50000000000035305e-01 7 1.85400034838651528e+01
2 0 0 22 5.00000000000070610e-01 2.50000000000035305e-01 2.50000000000035305e-01 8 2.15544882814571679e+01
2 0 0 22 5.00000000000070610e-01 2.50000000000035305e-01 2.50000000000035305e-01 9 2.68635451855785305e+01
2 0 0 22 5.00000000000070610e-01 2.50000000000035305e-01 2.50000000000035305e-01 10 3.08987988240137064e+01
2 0 0 22 5.00000000000070610e-01 2.50000000000035305e-01 2.50000000000035305e-01 11 3.53493368862280448e+01
2 0 0 22 5.00000000000070610e-01 2.50000000000035305e-01 2.50000000000035305e-01 12 3.62001605800666937e+01
2 0 0 22 5.00000000000070610e-01 2.50000000000035305e-01 2.50000000000035305e-01 13 3.84564511086514287e+01
2 0 0 22 5.00000000000070610e-01 2.50000000000035305e-01 2.50000000000035305e-01 14 4.16414095938131226e+01
2 0 0 22 5.00000000000070610e-01 2.50000000000035305e-01 2.50000000000035305e-01 15 4.39273704452816176e+01
2 0 0 22 5.00000000000070610e-01 2.50000000000035305e-01 2.50000000000035305e-01 16 4.68904242102129771e+01
2 0 0 22 5.00000000000070610e-01 2.50000000000035305e-01 2.50000000000035305e-01 17 5.14336275161654157e+01
2 0 0 22 5.00000000000070610e-01 2.50000000000035305e-01 2.50000000000035305e-01 18 5.54084811688586285e+01
2 0 0 22 5.00000000000070610e-01 2.50000000000035305e-01 2.50000000000035305e-01 19 9.15515924024928722e+01
2 0 0 22 5.00000000000070610e-01 2.50000000000035305e-01 2.50000000000035305e-01 20 1.11853585236643681e+02
2 0 0 22 5.00000000000070610e-01 2.50000000000035305e-01 2.50000000000035305e-01 21 2.35687098562273121e+02
2 0 0 22 5.00000000000070610e-01 2.50000000000035305e-01 2.50000000000035305e-01 22 7.77749232478155932e+02
2 0 0 22 5.00000000000070610e-01 2.50000000000035305e-01 2.50000000000035305e-01 23 1.06883758768907614e+03
2 0 0 22 5.00000000000070610e-01 2.50000000000035305e-01 2.50000000000035305e-01 24 1.80971136036554549e+03
2 0 0 22 5.00000000000070610e-01 2.50000000000035305e-01 2.50000000000035305e-01 25 3.25314854708163375e+03
2 0 0 23 7.49999999999942601e-01 2.49999999999953648e-01 2.49999999999953648e-01 0 -7.61715574609309876e+00
2 0 0 23 7.49999999999942601e-01 2.49999999999953648e-01 2.49999999999953648e-01 1 -3.68791188724456598e-02
2 0 0 23 7.49999999999942601e-01 2.49999999999953648e-01 2.49999999999953648e-01 2 4.37616682995056472e+00
2 0 0 23 7.49999999999942601e-01 2.49999999999953648e-01 2.49999999999953648e-01 3 5.84710550834897358e+00
2 0 0 23 7.49999999999942601e-01 2.49999999999953648e-01 2.49999999999953648e-01 4 1.27872044243891150e+01
2 0 0 23 7.49999999999942601e-01 2.49999999999953648e-01 2.49999999999953648e-01 5 1.58680158364170492e+01
2 0 0 23 7.49999999999942601e-01 2.49999999999953648e-01 2.49999999999953648e-01 6 1.82445113877272149e+01
2 0 0 23 7.49999999999942601e-01 2.49999999999953648e-01 2.49999999999953648e-01 7 1.89202375436978230e+01
2 0 0 23 7.49999999999942601e-01 2.49999999999953648e-01 2.49999999999953648e-01 8 2.56520398632485644e+01
2 0 0 23 7.49999999999942601e-01 2.49999999999953648e-01 2.49999999999953648e-01 9 2.81490758971242592e+01
2 0 0 23 7.49999999999942601e-01 2.49999999999953648e-01 2.49999999999953648e-01 10 2.95137964851978154e+01
2 0 0 23 7.49999999999942601e-01 2.49999999999953648e-01 2.49999999999953648e-01 11 3.13363687735736178e+01
2 0 0 23 7.49999999999942601e-01 2.49999999999953648e-01 2.49999999999953648e-01 12 3.84132272631473555e+01
2 0 0 23 7.49999999999942601e-01 2.49999999999953648e-01 2.49999999999953648e-01 13 3.94054444122044956e+01
2 0 0 23 7.49999999999942601e-01 2.49999999999953648e-01 2.49999999999953648e-01 14 4.04397832836133873e+01
2 0 0 23 7.49999999999942601e-01 2.49999999999953648e-01 2.49999999999953648e-01 15 4.47065351823497679e+01
2 0 0 23 7.49999999999942601e-01 2.49999999999953648e-01 2.49999999999953648e-01 16 4.99727264777437554e+01
2 0 0 23 7.49999999999942601e-01 2.49999999999953648e-01 2.49999999999953648e-01 17 5.09827653807041585e+01
2 0 0 23 7.49999999999942601e-01 2.49999999999953648e-01 2.49999999999953648e-01 18 5.47279895694890683e+01
2 0 0 23 7.49999999999942601e-01 2.49999999999953648e-01 2.49999999999953648e-01 19 7.63720277496685185e+01
2 0 0 23 7.49999999999942601e-01 2.49999999999953648e-01 2.49999999999953648e-01 20 1.26177525879125255e+02
2 0 0 23 7.49999999999942601e-01 2.49999999999953648e-01 2.49999999999953648e-01 21 1.35506380959470476e+02
2 0 0 23 7.49999999999942601e-01 2.49999999999953648e-01 2.49999999999953648e-01 22 8.89811272314272969e+02
2 0 0 23 7.49999999999942601e-01 2.49999999999953648e-01 2.49999999999953648e-01 23 1.10187325024691040e+03
2 0 0 23 7.49999999999942601e-01 2.49999999999953648e-01 2.49999999999953648e-01 24 1.88968354239443261e+03
2 0 0 23 7.49999999999942601e-01 2.49999999999953648e-01 2.49999999999953648e-01 25 3.36536677829888004e+03
2 0 0 24 0.00000000000000000e+00 4.99999999999988953e-01 2.49999999999953648e-01 0 -7.55439059464862517e+00
2 0 0 24 0.00000000000000000e+00 4.99999999999988953e-01 2.49999999999953648e-01 1 -3.76189171329816774e-01
2 0 0 24 0.00000000000000000e+00 4.99999999999988953e-01 2.49999999999953648e-01 2 4.30562378529574374e+00
2 0 0 24 0.00000000000000000e+00 4.99999999999988953e-01 2.49999999999953648e-01 3 6.13966954438139556e+00
2 0 0 24 0.00000000000000000e+00 4.99999999999988953e-01 2.49999999999953648e-01 4 1.31425181795961201e+01
2 0 0 24 0.00000000000000000e+00 4.99999999999988953e-01 2.49999999999953648e-01 5 1.56113641909321821e+01
2 0 0 24 0.00000000000000000e+00 4.99999999999988953e-01 2.49999999999953648e-01 6 1.83669652838773381e+01
2 0 0 24 0.00000000000000000e+00 4.99999999999988953e-01 2.49999999999953648e-01 7 2.00372841646327871e+01
2 0 0 24 0.00000000000000000e+00 4.99999999999988953e-01 2.49999999999953648e-01 8 2.53298360905358955e+01
2 0 0 24 0.00000000000000000e+00 4.99999999999988953e-01 2.49999999999953648e-01 9 2.71218981311886935e+01
2 0 0 24 0.00000000000000000e+00 4.99999999999988953e-01 2.49999999999953648e-01 10 2.97705533618817206e+01
2 0 0 24 0.00000000000000000e+00 4.99999999999988953e-01 2.49999999999953648e-01 11 3.14524434095128065e+01
2 0 0 24 0.00000000000000000e+00 4.99999999999988953e-01 2.49999999999953648e-01 12 3.83422649076713142e+01
2 0 0 24 0.00000000000000000e+00 4.99999999999988953e-01 2.49999999999953648e-01 13 3.99990042814589302e+01
2 0 0 24 0.00000000000000000e+00 4.99999999999988953e-01 2.49999999999953648e-01 14 4.07769577342951663e+01
2 0 0 24 0.00000000000000000e+00 4.99999999999988953e-01 2.49999999999953648e-01 15 4.44006154908343689e+01
2 0 0 24 0.00000000000000000e+00 4.99999999999988953e-01 2.49999999999953648e-01 16 5.00492133218803659e+01
2 0 0 24 0.00000000000000000e+00 4.99999999999988953e-01 2.49999999999953648e-01 17 5.16797734744815287e+01
2 0 0 24 0.00000000000000000e+00 4.99999999999988953e-01 2.49999999999953648e-01 18 5.38159996127513978e+01
2 0 0 24 0.00000000000000000e+00 4.99999999999988953e-01 2.49999999999953648e-01 19 7.45090749536597912e+01
2 0 0 24 0.00000000000000000e+00 4.99999999999988953e-01 2.49999999999953648e-01 20 1.22298788429389262e+02
2 0 0 24 0.00000000000000000e+00 4.99999999999988953e-01 2.49999999999953648e-01 21 1.32707370617109405e+02
2 0 0 24 0.00000000000000000e+00 4.99999999999988953e-01 2.49999999999953648e-01 22 8.94675619611535240e+02
2 0 0 24 0.00000000000000000e+00 4.99999999999988953e-01 2.49999999999953648e-01 23 1.08399230632683179e+03
2 0 0 24 0.00000000000000000e+00 4.99999999999988953e-01 2.49999999999953648e-01 24 1.99744913171880808e+03
2 0 0 24 0.00000000000000000e+00 4.99999999999988953e-01 2.49999999999953648e-01 25 3.25591767653394390e+03
2 0 0 25 2.50000000000035305e-01 5.00000000000070610e-01 2.50000000000035305e-01 0 -9.72830877415508333e+00
2 0 0 25 2.50000000000035305e-01 5.00000000000070610e-01 2.50000000000035305e-01 1 1.58249872821132698e+00
2 0 0 25 2.50000000000035305e-01 5.00000000000070610e-01 2.50000000000035305e-01 2 4.48106149207364179e+00
2 0 0 25 2.50000000000035305e-01 5.00000000000070610e-01 2.50000000000035305e-01 3 6.69849526414360330e+00
2 0 0 25 2.50000000000035305e-01 5.00000000000070610e-01 2.50000000000035305e-01 4 1.47679816405559912e+01
2 0 0 25 2.50000000000035305e-01 5.00000000000070610e-01 2.50000000000035305e-01 5 1.59472242960064641e+01
2 0 0 25 2.50000000000035305e-01 5.00000000000070610e-01 2.50000000000035305e-01 6 1.70996435024996813e+01
2 0 0 25 2.50000000000035305e-01 5.00000000000070610e-01 2.50000000000035305e-01 7 1.90432349996507817e+01
2 0 0 25 2.50000000000035305e-01 5.00000000000070610e-01 2.50000000000035305e-01 8 2.11988819795471386e+01
2 0 0 25 2.50000000000035305e-01 5.00000000000070610e-01 2.50000000000035305e-01 9 2.66973731089957766e+01
2 0 0 25 2.50000000000035305e-01 5.00000000000070610e-01 2.50000000000035305e-01 10 3.14301238882166452e+01
2 0 0 25 2.50000000000035305e-01 5.00000000000070610e-01 2.50000000000035305e-01 11 3.50894680101376792e+01
2 0 0 25 2.50000000000035305e-01 5.00000000000070610e-01 2.50000000000035305e-01 12 3.66978519823904463e+01
2 0 0 25 2.50000000000035305e-01 5.00000000000070610e-01 2.50000000000035305e-01 13 3.76462820901708923e+01
2 0 0 25 2.50000000000035305e-01 5.00000000000070610e-01 2.50000000000035305e-01 14 4.03691147728763227e+01
2 0 0 25 2.50000000000035305e-01 5.00000000000070610e-01 2.50000000000035305e-01 15 4.40908712935805980e+01
2 0 0 25 2.50000000000035305e-01 5.00000000000070610e-01 2.50000000000035305e-01 16 4.65997384168825377e+01
2 0 0 25 2.50000000000035305e-01 5.00000000000070610e-01 2.50000000000035305e-01 17 5.17001754589510440e+01
2 0 0 25 2.50000000000035305e-01 5.00000000000070610e-01 2.50000000000035305e-01 18 5.61377092445822612e+01
2 0 0 25 2.50000000000035305e-01 5.00000000000070610e-01 2.50000000000035305e-01 19 8.72258474016300909e+01
2 0 0 25 2.50000000000035305e-01 5.00000000000070610e-01 2.50000000000035305e-01 20 1.12436198987813086e+02
2 0 0 25 2.50000000000035305e-01 5.00000000000070610e-01 2.50000000000035305e-01 21 2.46824530771467778e+02
2 0 0 25 2.50000000000035305e-01 5.00000000000070610e-01 2.50000000000035305e-01 22 7.82616207777695649e+02
2 0 0 25 2.50000000000035305e-01 5.00000000000070610e-01 2.50000000000035305e-01 23 1.04782006359020124e+03
2 0 0 25 2.50000000000035305e-01 5.00000000000070610e-01 2.50000000000035305e-01 24 1.74280583880001768e+03
2 0 0 25 2.50000000000035305e-01 5.00000000000070610e-01 2.50000000000035305e-01 25 3.30190244352551827e+03
2 0 0 26 4.99999999999988953e-01 4.99999999999988953e-01 2.50000000000035305e-01 0 -9.03869241334996865e+00
2 0 0 26 4.99999999999988953e-01 4.99999999999988953e-01 2.50000000000035305e-01 1 -1.20054236320997362e-01
2 0 0 26 4.99999999999988953e-01 4.99999999999988953e-01 2.50000000000035305e-01 2 4.00454048970128440e+00
2 0 0 26 4.99999999999988953e-01 4.99999999999988953e-01 2.50000000000035305e-01 3 6.34839495453625169e+00
2 0 0 26 4.99999999999988953e-01 4.99999999999988953e-01 2.50000000000035305e-01 4 1.28761753190524200e+01
2 0 0 26 4.99999999999988953e-01 4.99999999999988953e-01 2.50000000000035305e-01 5 1.54599396898831163e+01
2 0 0 26 4.99999999999988953e-01 4.99999999999988953e-01 2.50000000000035305e-01 6 1.84910757843437352e+01
2 0 0 26 4.99999999999988953e-01 4.99999999999988953e-01 2.50000000000035305e-01 7 1.94523113136147892e+01
2 0 0 26 4.99999999999988953e-01 4.99999999999988953e-01 2.50000000000035305e-01 8 2.59772187856017567e+01
2 0 0 26 4.99999999999988953e-01 4.99999999999988953e-01 2.50000000000035305e-01 9 2.73712550003022450e+01
2 0 0 26 4.99999999999988953e-01 4.99999999999988953e-01 2.50000000000035305e-01 10 2.94233810570262690e+01
2 0 0 26 4.99999999999988953e-01 4.99999999999988953e-01 2.50000000000035305e-01 11 3.11314717826080276e+01
2 0 0 26 4.99999999999988953e-01 4.99999999999988953e-01 2.50000000000035305e-01 12 3.86983990773254902e+01
2 0 0 26 4.99999999999988953e-01 4.99999999999988953e-01 2.50000000000035305e-01 13 4.01642903615401181e+01
2 0 0 26 4.99999999999988953e-01 4.99999999999988953e-01 2.50000000000035305e-01 14 4.12325118334214693e+01
2 0 0 26 4.99999999999988953e-01 4.99999999999988953e-01 2.50000000000035305e-01 15 4.41328842598061257e+01
2 0 0 26 4.99999999999988953e-01 4.99999999999988953e-01 2.50000000000035305e-01 16 4.92291009020221324e+01
2 0 0 26 4.99999999999988953e-01 4.99999999999988953e-01 2.50000000000035305e-01 17 5.14971322556906443e+01
2 0 0 26 4.99999999999988953e-01 4.99999999999988953e-01 2.50000000000035305e-01 18 5.45345315762991021e+01
2 0 0 26 4.99999999999988953e-01 4.99999999999988953e-01 2.50000000000035305e-01 19 7.61555086340093652e+01
2 0 0 26 4.99999999999988953e-01 4.99999999999988953e-01 2.50000000000035305e-01 20 1.24143713380062167e+02
2 0 0 26 4.99999999999988953e-01 4.99999999999988953e-01 2.50000000000035305e-01 21 1.34615911705642418e+02
2 0 0 26 4.99999999999988953e-01 4.99999999999988953e-01 2.50000000000035305e-01 22 9.36822764754009881e+02
2 0 0 26 4.99999999999988953e-01 4.99999999999988953e-01 2.50000000000035305e-01 23 1.11202058499513055e+03
2 0 0 26 4.99999999999988953e-01 4.99999999999988953e-01 2.50000000000035305e-01 24 1.90472470564298669e+03
2 0 0 26 4.99999999999988953e-01 4.99999999999988953e-01 2.50000000000035305e-01 25 3.41779079072489185e+03
2 0 0 27 7.50000000000024203e-01 4.99999999999988898e-01 2.50000000000035305e-01 0 -6.55759386091668439e+00
2 0 0 27 7.50000000000024203e-01 4.99999999999988898e-01 2.50000000000035305e-01 1 -8.03172237283331231e-02
2 0 0 27 7.50000000000024203e-01 4.99999999999988898e-01 2.50000000000035305e-01 2 3.55769600610874415e+00
2 0 0 27 7.50000000000024203e-01 4.99999999999988898e-01 2.50000000000035305e-01 3 4.69913219169896212e+00
2 0 0 27 7.50000000000024203e-01 4.99999999999988898e-01 2.50000000000035305e-01 4 1.42537843921992149e+01
2 0 0 27 7.50000000000024203e-01 4.99999999999988898e-01 2.50000000000035305e-01 5 1.54346221791169409e+01
2 0 0 27 7.50000000000024203e-01 4.99999999999988898e-01 2.50000000000035305e-01 6 1.76685008424599808e+01
2 0 0 27 7.50000000000024203e-01 4.99999999999988898e-01 2.50000000000035305e-01 7 1.94996646094126511e+01
2 0 0 27 7.50000000000024203e-01 4.99999999999988898e-01 2.50000000000035305e-01 8 2.57752121609816527e+01
2 0 0 27 7.50000000000024203e-01 4.99999999999988898e-01 2.50000000000035305e-01 9 2.62028290888507058e+01
2 0 0 27 7.50000000000024203e-01 4.99999999999988898e-01 2.50000000000035305e-01 10 3.11380872774381068e+01
2 0 0 27 7.50000000000024203e-01 4.99999999999988898e-01 2.50000000000035305e-01 11 3.35711826334081564e+01
2 0 0 27 7.50000000000024203e-01 4.99999999999988898e-01 2.50000000000035305e-01 12 3.81778271373819180e+01
2 0 0 27 7.50000000000024203e-01 4.99999999999988898e-01 2.50000000000035305e-01 13 4.04684328071782389e+01
2 0 0 27 7.50000000000024203e-01 4.99999999999988898e-01 2.50000000000035305e-01 14 4.24986328702413161e+01
2 0 0 27 7.50000000000024203e-01 4.99999999999988898e-01 2.50000000000035305e-01 15 4.37217833007946481e+01
2 0 0 27 7.50000000000024203e-01 4.99999999999988898e-01 2.50000000000035305e-01 16 4.46984829062697031e+01
2 0 0 27 7.50000000000024203e-01 4.99999999999988898e-01 2.50000000000035305e-01 17 4.62071829695048777e+01
2 0 0 27 7.50000000000024203e-01 4.99999999999988898e-01 2.50000000000035305e-01 18 5.65521684283040429e+01
2 0 0 27 7.50000000000024203e-01 4.99999999999988898e-01 2.50000000000035305e-01 19 5.97241735076891374e+01
2 0 0 27 7.50000000000024203e-01 4.99999999999988898e-01 2.50000000000035305e-01 20 9.54003847614894624e+01
2 0 0 27 7.50000000000024203e-01 4.99999999999988898e-01 2.50000000000035305e-01 21 1.03127079485021042e+02
2 0 0 27 7.50000000000024203e-01 4.99999999999988898e-01 2.50000000000035305e-01 22 1.33385862806057617e+03
2 0 0 27 7.50000000000024203e-01 4.99999999999988898e-01 2.50000000000035305e-01 23 1.46850640144588033e+03
2 0 0 27 7.50000000000024203e-01 4.99999999999988898e-01 2.50000000000035305e-01 24 2.46462064448233923e+03
2 0 0 27 7.50000000000024203e-01 4.99999999999988898e-01 2.50000000000035305e-01 25 2.59251104137530547e+03
2 0 0 28 0.00000000000000000e+00 7.50000000000024203e-01 2.49999999999953593e-01 0 -9.65734747320106379e+00
2 0 0 28 0.00000000000000000e+00 7.50000000000024203e-01 2.49999999999953593e-01 1 1.64546891931272365e+00
2 0 0 28 0.00000000000000000e+00 7.50000000000024203e-01 2.49999999999953593e-01 2 4.59231961025608904e+00
2 0 0 28 0.00000000000000000e+00 7.50000000000024203e-01 2.49999999999953593e-01 3 6.72683103986803754e+00
2 0 0 28 0.00000000000000000e+00 7.50000000000024203e-01 2.49999999999953593e-01 4 1.46121430911109673e+01
2 0 0 28 0.00000000000000000e+00 7.50000000000024203e-01 2.49999999999953593e-01 5 1.59949995020587039e+01
2 0 0 28 0.00000000000000000e+00 7.50000000000024203e-01 2.49999999999953593e-01 6 1.75150437251537703e+01
2 0 0 28 0.00000000000000000e+00 7.50000000000024203e-01 2.49999999999953593e-01 7 1.84678471474643757e+01
2 0 0 28 0.00000000000000000e+00 7.50000000000024203e-01 2.49999999999953593e-01 8 2.09053452620990114e+01
2 0 0 28 0.00000000000000000e+00 7.50000000000024203e-01 2.49999999999953593e-01 9 2.70110844693221921e+01
2 0 0 28 0.00000000000000000e+00 7.50000000000024203e-01 2.49999999999953593e-01 10 3.10470704430219797e+01
2 0 0 28 0.00000000000000000e+00 7.50000000000024203e-01 2.49999999999953593e-01 11 3.53486907826046775e+01
2 0 0 28 0.00000000000000000e+00 7.50000000000024203e-01 2.49999999999953593e-01 12 3.66027293569075738e+01
2 0 0 28 0.00000000000000000e+00 7.50000000000024203e-01 2.49999999999953593e-01 13 3.84859165776374894e+01
2 0 0 28 0.00000000000000000e+00 7.50000000000024203e-01 2.49999999999953593e-01 14 4.18952545172602200e+01
2 0 0 28 0.00000000000000000e+00 7.50000000000024203e-01 2.49999999999953593e-01 15 4.35968849992774423e+01
2 0 0 28 0.00000000000000000e+00 7.50000000000024203e-01 2.49999999999953593e-01 16 4.70160342511712059e+01
2 0 0 28 0.00000000000000000e+00 7.50000000000024203e-01 2.49999999999953593e-01 17 5.18315736331608790e+01
2 0 0 28 0.00000000000000000e+00 7.50000000000024203e-01 2.49999999999953593e-01 18 5.56898883737380999e+01
2 0 0 28 0.00000000000000000e+00 7.50000000000024203e-01 2.49999999999953593e-01 19 8.72773995081913085e+01
2 0 0 28 0.00000000000000000e+00 7.50000000000024203e-01 2.49999999999953593e-01 20 1.10289453164635958e+02
2 0 0 28 0.00000000000000000e+00 7.50000000000024203e-01 2.49999999999953593e-01 21 2.53807113563715461e+02
2 0 0 28 0.00000000000000000e+00 7.50000000000024203e-01 2.49999999999953593e-01 22 7.01891849479710345e+02
2 0 0 28 0.00000000000000000e+00 7.50000000000024203e-01 2.49999999999953593e-01 23 1.01616971714386148e+03
2 0 0 28 0.00000000000000000e+00 7.50000000000024203e-01 2.49999999999953593e-01 24 1.84014814664084815e+03
2 0 0 28 0.00000000000000000e+00 7.50000000000024203e-01 2.49999999999953593e-01 25 3.32130422340036694e+03
2 0 0 29 2.49999999999953648e-01 7.49999999999942601e-01 2.49999999999953648e-01 0 -7.94666011090466462e+00
2 0 0 29 2.49999999999953648e-01 7.49999999999942601e-01 2.49999999999953648e-01 1 -9.65640630381508352e-02
2 0 0 29 2.49999999999953648e-01 7.49999999999942601e-01 2.49999999999953648e-01 2 4.18392617314505877e+00
2 0 0 29 2.49999999999953648e-01 7.49999999999942601e-01 2.49999999999953648e-01 3 6.66300209629910789e+00
2 0 0 29 2.49999999999953648e-01 7.49999999999942601e-01 2.49999999999953648e-01 4 1.28645450437060713e+01
2 0 0 29 2.49999999999953648e-01 7.49999999999942601e-01 2.49999999999953648e-01 5 1.58468155204652135e+01
2 0 0 29 2.49999999999953648e-01 7.49999999999942601e-01 2.49999999999953648e-01 6 1.82665318617766452e+01
2 0 0 29 2.49999999999953648e-01 7.49999999999942601e-01 2.49999999999953648e-01 7 1.98425315354115597e+01
2 0 0 29 2.49999999999953648e-01 7.49999999999942601e-01 2.49999999999953648e-01 8 2.58006302371972396e+01
2 0 0 29 2.49999999999953648e-01 7.49999999999942601e-01 2.49999999999953648e-01 9 2.74058338508057453e+01
2 0 0 29 2.49999999999953648e-01 7.49999999999942601e-01 2.49999999999953648e-01 10 2.90551971093308659e+01
2 0 0 29 2.49999999999953648e-01 7.49999999999942601e-01 2.49999999999953648e-01 11 3.15747644224664974e+01
2 0 0 29 2.49999999999953648e-01 7.49999999999942601e-01 2.49999999999953648e-01 12 3.86512315230836805e+01
2 0 0 29 2.49999999999953648e-01 7.49999999999942601e-01 2.49999999999953648e-01 13 3.92366037548026583e+01
2 0 0 29 2.49999999999953648e-01 7.49999999999942601e-01 2.49999999999953648e-01 14 3.99879433400243300e+01
2 0 0 29 2.49999999999953648e-01 7.49999999999942601e-01 2.49999999999953648e-01 15 4.44380710872236548e+01
2 0 0 29 2.49999999999953648e-01 7.49999999999942601e-01 2.49999999999953648e-01 16 4.99144013475304149e+01
2 0 0 29 2.49999999999953648e-01 7.49999999999942601e-01 2.49999999999953648e-01 17 5.10911748102225687e+01
2 0 0 29 2.49999999999953648e-01 7.49999999999942601e-01 2.49999999999953648e-01 18 5.52965683714308298e+01
2 0 0 29 2.49999999999953648e-01 7.49999999999942601e-01 2.49999999999953648e-01 19 7.47886262460819182e+01
2 0 0 29 2.49999999999953648e-01 7.49999999999942601e-01 2.49999999999953648e-01 20 1.23709304429656129e+02
2 0 0 29 2.49999999999953648e-01 7.49999999999942601e-01 2.49999999999953648e-01 21 1.30272760232358593e+02
2 0 0 29 2.49999999999953648e-01 7.49999999999942601e-01 2.49999999999953648e-01 22 9.30559514581656458e+02
2 0 0 29 2.49999999999953648e-01 7.49999999999942601e-01 2.49999999999953648e-01 23 1.15949473095165490e+03
2 0 0 29 2.49999999999953648e-01 7.49999999999942601e-01 2.49999999999953648e-01 24 1.85694875632686581e+03
2 0 0 29 2.49999999999953648e-01 7.49999999999942601e-01 2.49999999999953648e-01 25 3.36591452918947289e+03
2 0 0 30 4.99999999999988898e-01 7.50000000000024203e-01 2.50000000000035305e-01 0 -6.91662325499728770e+00
2 0 0 30 4.99999999999988898e-01 7.50000000000024203e-01 2.50000000000035305e-01 1 1.95406505613125558e-01
2 0 0 30 4.99999999999988898e-01 7.50000000000024203e-01 2.50000000000035305e-01 2 3.08844325098355599e+00
2 0 0 30 4.99999999999988898e-01 7.50000000000024203e-01 2.50000000000035305e-01 3 4.34400322506237480e+00
2 0 0 30 4.99999999999988898e-01 7.50000000000024203e-01 2.50000000000035305e-01 4 1.43173795928124221e+01
2 0 0 30 4.99999999999988898e-01 7.50000000000024203e-01 2.50000000000035305e-01 5 1.57189737129404907e+01
2 0 0 30 4.99999999999988898e-01 7.50000000000024203e-01 2.50000000000035305e-01 6 1.85988650975517125e+01
2 0 0 30 4.99999999999988898e-01 7.50000000000024203e-01 2.50000000000035305e-01 7 1.98602170443489534e+01
2 0 0 30 4.99999999999988898e-01 7.50000000000024203e-01 2.50000000000035305e-01 8 2.58024962300985123e+01
2 0 0 30 4.99999999999988898e-01 7.50000000000024203e-01 2.50000000000035305e-01 9 2.69163333555813118e+01
2 0 0 30 4.99999999999988898e-01 7.50000000000024203e-01 2.50000000000035305e-01 10 3.08901698188579843e+01
2 0 0 30 4.99999999999988898e-01 7.50000000000024203e-01 2.50000000000035305e-01 11 3.33025190043247150e+01
2 0 0 30 4.99999999999988898e-01 7.50000000000024203e-01 2.50000000000035305e-01 12 3.83105005865253077e+01
2 0 0 30 4.99999999999988898e-01 7.50000000000024203e-01 2.50000000000035305e-01 13 4.02693476113133428e+01
2 0 0 30 4.99999999999988898e-01 7.50000000000024203e-01 2.50000000000035305e-01 14 4.22301326665426160e+01
2 0 0 30 4.99999999999988898e-01 7.50000000000024203e-01 2.50000000000035305e-01 15 4.35958975388250281e+01
2 0 0 30 4.99999999999988898e-01 7.50000000000024203e-01 2.50000000000035305e-01 16 4.45892760862819699e+01
2 0 0 30 4.99999999999988898e-01 7.50000000000024203e-01 2.50000000000035305e-01 17 4.60637822485399226e+01
2 0 0 30 4.99999999999988898e-01 7.50000000000024203e-01 2.50000000000035305e-01 18 5.71892226370165773e+01
2 0 0 30 4.99999999999988898e-01 7.50000000000024203e-01 2.50000000000035305e-01 19 6.07362920572161187e+01
2 0 0 30 4.99999999999988898e-01 7.50000000000024203e-01 2.50000000000035305e-01 20 9.75786901572758438e+01
2 0 0 30 4.99999999999988898e-01 7.50000000000024203e-01 2.50000000000035305e-01 21 1.00175061399253124e+02
2 0 0 30 4.99999999999988898e-01 7.50000000000024203e-01 2.50000000000035305e-01 22 1.36551911916013773e+03
2 0 0 30 4.99999999999988898e-01 7.50000000000024203e-01 2.50000000000035305e-01 23 1.53495990302024120e+03
2 0 0 30 4.99999999999988898e-01 7.50000000000024203e-01 2.50000000000035305e-01 24 2.31440597931874208e+03
2 0 0 30 4.99999999999988898e-01 7.50000000000024203e-01 2.50000000000035305e-01 25 2.57011415118941568e+03
2 0 0 31 7.50000000000024314e-01 7.50000000000024314e-01 2.50000000000035305e-01 0 -9.15648265462360200e+00
2 0 0 31 7.50000000000024314e-01 7.50000000000024314e-01 2.50000000000035305e-01 1 2.02393930557815738e-01
2 0 0 31 7.50000000000024314e-01 7.50000000000024314e-01 2.50000000000035305e-01 2 4.03231722789465774e+00
2 0 0 31 7.50000000000024314e-01 7.50000000000024314e-01 2.50000000000035305e-01 3 6.36337354730899740e+00
2 0 0 31 7.50000000000024314e-01 7.50000000000024314e-01 2.50000000000035305e-01 4 1.24278072389794580e+01
2 0 0 31 7.50000000000024314e-01 7.50000000000024314e-01 2.50000000000035305e-01 5 1.58791005405021135e+01
2 0 0 31 7.50000000000024314e-01 7.50000000000024314e-01 2.50000000000035305e-01 6 1.85652676871243258e+01
2 0 0 31 7.50000000000024314e-01 7.50000000000024314e-01 2.50000000000035305e-01 7 1.93867976783763467e+01
2 0 0 31 7.50000000000024314e-01 7.50000000000024314e-01 2.50000000000035305e-01 8 2.59592998594065989e+01
2 0 0 31 7.50000000000024314e-01 7.50000000000024314e-01 2.50000000000035305e-01 9 2.79943485946867838e+01
2 0 0 31 7.50000000000024314e-01 7.50000000000024314e-01 2.50000000000035305e-01 10 3.02715122789866129e+01
2 0 0 31 7.50000000000024314e-01 7.50000000000024314e-01 2.50000000000035305e-01 11 3.13827180632973324e+01
2 0 0 31 7.50000000000024314e-01 7.50000000000024314e-01 2.50000000000035305e-01 12 3.91696356670423711e+01
2 0 0 31 7.50000000000024314e-01 7.50000000000024314e-01 2.50000000000035305e-01 13 3.96148449470866026e+01
2 0 0 31 7.50000000000024314e-01 7.50000000000024314e-01 2.50000000000035305e-01 14 4.03157024907219963e+01
2 0 0 31 7.50000000000024314e-01 7.50000000000024314e-01 2.50000000000035305e-01 15 4.45116755330403890e+01
2 0 0 31 7.50000000000024314e-01 7.50000000000024314e-01 2.50000000000035305e-01 16 4.88709777552923939e+01
2 0 0 31 7.50000000000024314e-01 7.50000000000024314e-01 2.50000000000035305e-01 17 5.04365652891043723e+01
2 0 0 31 7.50000000000024314e-01 7.50000000000024314e-01 2.50000000000035305e-01 18 5.54600870453873327e+01
2 0 0 31 7.50000000000024314e-01 7.50000000000024314e-01 2.50000000000035305e-01 19 7.53690706004608586e+01
2 0 0 31 7.50000000000024314e-01 7.50000000000024314e-01 2.50000000000035305e-01 20 1.28915178478679252e+02
2 0 0 31 7.50000000000024314e-01 7.50000000000024314e-01 2.50000000000035305e-01 21 1.33318526575391985e+02
2 0 0 31 7.50000000000024314e-01 7.50000000000024314e-01 2.50000000000035305e-01 22 9.09695109883012719e+02
2 0 0 31 7.50000000000024314e-01 7.50000000000024314e-01 2.50000000000035305e-01 23 1.07880889979775952e+03
2 0 0 31 7.50000000000024314e-01 7.50000000000024314e-01 2.50000000000035305e-01 24 1.80772129072062671e+03
2 0 0 31 7.50000000000024314e-01 7.50000000000024314e-01 2.50000000000035305e-01 25 3.40374217547870057e+03
2 0 0 32 0.00000000000000000e+00 0.00000000000000000e+00 5.00000000000070610e-01 0 -8.66869291569246769e+00
2 0 0 32 0.00000000000000000e+00 0.00000000000000000e+00 5.00000000000070610e-01 1 -1.65174640255616723e+00
2 0 0 32 0.00000000000000000e+00 0.00000000000000000e+00 5.00000000000070610e-01 2 6.73168727560829261e+00
2 0 0 32 0.00000000000000000e+00 0.00000000000000000e+00 5.00000000000070610e-01 3 7.26969657245822720e+00
2 0 0 32 0.00000000000000000e+00 0.00000000000000000e+00 5.00000000000070610e-01 4 1.23642717743268609e+01
2 0 0 32 0.00000000000000000e+00 0.00000000000000000e+00 5.00000000000070610e-01 5 1.48487622559496995e+01
2 0 0 32 0.00000000000000000e+00 0.00000000000000000e+00 5.00000000000070610e-01 6 1.53352028256024369e+01
2 0 0 32 0.00000000000000000e+00 0.00000000000000000e+00 5.00000000000070610e-01 7 2.52583110895203369e+01
2 0 0 32 0.00000000000000000e+00 0.00000000000000000e+00 5.00000000000070610e-01 8 2.54887975680127816e+01
2 0 0 32 0.00000000000000000e+00 0.00000000000000000e+00 5.00000000000070610e-01 9 2.67534545045831784e+01
2 0 0 32 0.00000000000000000e+00 0.00000000000000000e+00 5.00000000000070610e-01 10 2.92306778207470508e+01
2 0 0 32 0.00000000000000000e+00 0.00000000000000000e+00 5.00000000000070610e-01 11 2.96413450987861040e+01
2 0 0 32 0.00000000000000000e+00 0.00000000000000000e+00 5.00000000000070610e-01 12 3.03714828261721550e+01
2 0 0 32 0.00000000000000000e+00 0.00000000000000000e+00 5.00000000000070610e-01 13 4.25363281886201818e+01
2 0 0 32 0.00000000000000000e+00 0.00000000000000000e+00 5.00000000000070610e-01 14 4.36140386599787249e+01
2 0 0 32 0.00000000000000000e+00 0.00000000000000000e+00 5.00000000000070610e-01 15 4.49171292530360518e+01
2 0 0 32 0.00000000000000000e+00 0.00000000000000000e+00 5.00000000000070610e-01 16 4.63339662506551235e+01
2 0 0 32 0.00000000000000000e+00 0.00000000000000000e+00 5.00000000000070610e-01 17 5.27996566698524887e+01
2 0 0 32 0.00000000000000000e+00 0.00000000000000000e+00 5.00000000000070610e-01 18 5.47578858847341863e+01
2 0 0 32 0.00000000000000000e+00 0.00000000000000000e+00 5.00000000000070610e-01 19 7.00173508506206446e+01
2 0 0 32 0.00000000000000000e+00 0.00000000000000000e+00 5.00000000000070610e-01 20 3.18744941768853323e+02
2 0 0 32 0.00000000000000000e+00 0.00000000000000000e+00 5.00000000000070610e-01 21 3.24438528395839171e+02
2 0 0 32 0.00000000000000000e+00 0.00000000000000000e+00 5.00000000000070610e-01 22 5.62498121790263212e+02
2 0 0 32 0.00000000000000000e+00 0.00000000000000000e+00 5.00000000000070610e-01 23 6.10164823565057418e+02
2 0 0 32 0.00000000000000000e+00 0.00000000000000000e+00 5.00000000000070610e-01 24 1.95721712834686195e+03
2 0 0 32 0.00000000000000000e+00 0.00000000000000000e+00 5.00000000000070610e-01 25 4.09998525639827221e+03
2 0 0 33 2.49999999999953648e-01 0.00000000000000000e+00 4.99999999999988953e-01 0 -8.28958951728463411e+00
2 0 0 33 2.49999999999953648e-01 0.00000000000000000e+00 4.99999999999988953e-01 1 1.30831760031163313e-01
2 0 0 33 2.49999999999953648e-01 0.00000000000000000e+00 4.99999999999988953e-01 2 4.56829083058787067e+00
2 0 0 33 2.49999999999953648e-01 0.00000000000000000e+00 4.99999999999988953e-01 3 6.21995941028211075e+00
2 0 0 33 2.49999999999953648e-01 0.00000000000000000e+00 4.99999999999988953e-01 4 1.28900596945934769e+01
2 0 0 33 2.49999999999953648e-01 0.00000000000000000e+00 4.99999999999988953e-01 5 1.59671036816253604e+01
2 0 0 33 2.49999999999953648e-01 0.00000000000000000e+00 4.99999999999988953e-01 6 1.82951624528961432e+01
2 0 0 33 2.49999999999953648e-01 0.00000000000000000e+00 4.99999999999988953e-01 7 1.97080233539733918e+01
2 0 0 33 2.49999999999953648e-01 0.00000000000000000e+00 4.99999999999988953e-01 8 2.59129375265231054e+01
2 0 0 33 2.49999999999953648e-01 0.00000000000000000e+00 4.99999999999988953e-01 9 2.69099536644869382e+01
2 0 0 33 2.49999999999953648e-01 0.00000000000000000e+00 4.99999999999988953e-01 10 2.97067460878612302e+01
2 0 0 33 2.49999999999953648e-01 0.00000000000000000e+00 4.99999999999988953e-01 11 3.09671559288411729e+01
2 0 0 33 2.49999999999953648e-01 0.00000000000000000e+00 4.99999999999988953e-01 12 3.83392794554876275e+01
2 0 0 33 2.49999999999953648e-01 0.00000000000000000e+00 4.99999999999988953e-01 13 3.90271578180016689e+01
2 0 0 33 2.49999999999953648e-01 0.00000000000000000e+00 4.99999999999988953e-01 14 4.04603022975661233e+01
2 0 0 33 2.49999999999953648e-01 0.00000000000000000e+00 4.99999999999988953e-01 15 4.45510420227600861e+01
2 0 0 33 2.49999999999953648e-01 0.00000000000000000e+00 4.99999999999988953e-01 16 4.83056829654348263e+01
2 0 0 33 2.49999999999953648e-01 0.00000000000000000e+00 4.99999999999988953e-01 17 5.09348501008112038e+01
2 0 0 33 2.49999999999953648e-01 0.00000000000000000e+00 4.99999999999988953e-01 18 5.48826515082574105e+01
2 0 0 33 2.49999999999953648e-01 0.00000000000000000e+00 4.99999999999988953e-01 19 7.65838082388420673e+01
2 0 0 33 2.49999999999953648e-01 0.00000000000000000e+00 4.99999999999988953e-01 20 1.25948719637368342e+02
2 0 0 33 2.49999999999953648e-01 0.00000000000000000e+00 4.99999999999988953e-01 21 1.37218602922197562e+02
2 0 0 33 2.49999999999953648e-01 0.00000000000000000e+00 4.99999999999988953e-01 22 8.74899300662335918e+02
2 0 0 33 2.49999999999953648e-01 0.00000000000000000e+00 4.99999999999988953e-01 23 1.10124760001955838e+03
2 0 0 33 2.49999999999953648e-01 0.00000000000000000e+00 4.99999999999988953e-01 24 1.96613462400164485e+03
2 0 0 33 2.49999999999953648e-01 0.00000000000000000e+00 4.99999999999988953e-01 25 3.27122458687767221e+03
2 0 0 34 4.99999999999988898e-01 0.00000000000000000e+00 4.99999999999988898e-01 0 -6.85933093183559084e+00
2 0 0 34 4.99999999999988898e-01 0.00000000000000000e+00 4.99999999999988898e-01 1 -1.03538334699447621e+00
2 0 0 34 4.99999999999988898e-01 0.00000000000000000e+00 4.99999999999988898e-01 2 5.58260592493274910e+00
2 0 0 34 4.99999999999988898e-01 0.00000000000000000e+00 4.99999999999988898e-01 3 6.29451123672890134e+00
2 0 0 34 4.99999999999988898e-01 0.00000000000000000e+00 4.99999999999988898e-01 4 1.16333391195104756e+01
2 0 0 34 4.99999999999988898e-01 0.00000000000000000e+00 4.99999999999988898e-01 5 1.19431162932308474e+01
2 0 0 34 4.99999999999988898e-01 0.00000000000000000e+00 4.99999999999988898e-01 6 2.47352107907632153e+01
2 0 0 34 4.99999999999988898e-01 0.00000000000000000e+00 4.99999999999988898e-01 7 2.63175039177680823e+01
2 0 0 34 4.99999999999988898e-01 0.00000000000000000e+00 4.99999999999988898e-01 8 2.68904192679461751e+01
2 0 0 34 4.99999999999988898e-01 0.00000000000000000e+00 4.99999999999988898e-01 9 2.74271938271855902e+01
2 0 0 34 4.99999999999988898e-01 0.00000000000000000e+00 4.99999999999988898e-01 10 2.94432082552121628e+01
2 0 0 34 4.99999999999988898e-01 0.00000000000000000e+00 4.99999999999988898e-01 11 3.01273723299247465e+01
2 0 0 34 4.99999999999988898e-01 0.00000000000000000e+00 4.99999999999988898e-01 12 3.09708855805948815e+01
2 0 0 34 4.99999999999988898e-01 0.00000000000000000e+00 4.99999999999988898e-01 13 3.46221341389633253e+01
2 0 0 34 4.99999999999988898e-01 0.00000000000000000e+00 4.99999999999988898e-01 14 4.58675538575715578e+01
2 0 0 34 4.99999999999988898e-01 0.00000000000000000e+00 4.99999999999988898e-01 15 4.72112910530222294e+01
2 0 0 34 4.99999999999988898e-01 0.00000000000000000e+00 4.99999999999988898e-01 16 5.17258212701868132e+01
2 0 0 34 4.99999999999988898e-01 0.00000000000000000e+00 4.99999999999988898e-01 17 5.43700730058485249e+01
2 0 0 34 4.99999999999988898e-01 0.00000000000000000e+00 4.99999999999988898e-01 18 6.53573550273909518e+01
2 0 0 34 4.99999999999988898e-01 0.00000000000000000e+00 4.99999999999988898e-01 19 7.03698337639046088e+01
2 0 0 34 4.99999999999988898e-01 0.00000000000000000e+00 4.99999999999988898e-01 20 8.51553753020392179e+01
2 0 0 34 4.99999999999988898e-01 0.00000000000000000e+00 4.99999999999988898e-01 21 9.00269806433257429e+01
2 0 0 34 4.99999999999988898e-01 0.00000000000000000e+00 4.99999999999988898e-01 22 1.16341304706769210e+03
2 0 0 34 4.99999999999988898e-01 0.00000000000000000e+00 4.99999999999988898e-01 23 1.21982219352263769e+03
2 0 0 34 4.99999999999988898e-01 0.00000000000000000e+00 4.99999999999988898e-01 24 2.40074599463310233e+03
2 0 0 34 4.99999999999988898e-01 0.00000000000000000e+00 4.99999999999988898e-01 25 2.50231609658386742e+03
2 0 0 35 7.50000000000024314e-01 0.00000000000000000e+00 4.99999999999989009e-01 0 -8.29094102065624838e+00
2 0 0 35 7.50000000000024314e-01 0.00000000000000000e+00 4.99999999999989009e-01 1 1.35429059605085278e-01
2 0 0 35 7.50000000000024314e-01 0.00000000000000000e+00 4.99999999999989009e-01 2 4.58661255070814011e+00
2 0 0 35 7.50000000000024314e-01 0.00000000000000000e+00 4.99999999999989009e-01 3 6.22618788989693073e+00
2 0 0 35 7.50000000000024314e-01 0.00000000000000000e+00 4.99999999999989009e-01 4 1.28657207116524948e+01
2 0 0 35 7.50000000000024314e-01 0.00000000000000000e+00 4.99999999999989009e-01 5 1.59520177363139855e+01
2 0 0 35 7.50000000000024314e-01 0.00000000000000000e+00 4.99999999999989009e-01 6 1.82943332742389124e+01
2 0 0 35 7.50000000000024314e-01 0.00000000000000000e+00 4.99999999999989009e-01 7 1.96959404264094537e+01
2 0 0 35 7.50000000000024314e-01 0.00000000000000000e+00 4.99999999999989009e-01 8 2.59120181632179509e+01
2 0 0 35 7.50000000000024314e-01 0.00000000000000000e+00 4.99999999999989009e-01 9 2.69087633165672919e+01
2 0 0 35 7.50000000000024314e-01 0.00000000000000000e+00 4.99999999999989009e-01 10 2.97177170547985874e+01
2 0 0 35 7.50000000000024314e-01 0.00000000000000000e+00 4.99999999999989009e-01 11 3.10004131087207284e+01
2 0 0 35 7.50000000000024314e-01 0.00000000000000000e+00 4.99999999999989009e-01 12 3.83103334806537035e+01
2 0 0 35 7.50000000000024314e-01 0.00000000000000000e+00 4.99999999999989009e-01 13 3.90671773193195051e+01
2 0 0 35 7.50000000000024314e-01 0.00000000000000000e+00 4.99999999999989009e-01 14 4.04377197615657664e+01
2 0 0 35 7.50000000000024314e-01 0.00000000000000000e+00 4.99999999999989009e-01 15 4.45281100697787053e+01
2 0 0 35 7.50000000000024314e-01 0.00000000000000000e+00 4.99999999999989009e-01 16 4.83399739442667453e+01
2 0 0 35 7.50000000000024314e-01 0.00000000000000000e+00 4.99999999999989009e-01 17 5.10239666186005323e+01
2 0 0 35 7.50000000000024314e-01 0.00000000000000000e+00 4.99999999999989009e-01 18 5.48740283805183324e+01
2 0 0 35 7.50000000000024314e-01 0.00000000000000000e+00 4.99999999999989009e-01 19 7.65659015123704449e+01
2 0 0 35 7.50000000000024314e-01 0.00000000000000000e+00 4.99999999999989009e-01 20 1.25663272183407614e+02
2 0 0 35 7.50000000000024314e-01 0.00000000000000000e+00 4.99999999999989009e-01 21 1.37223781689540431e+02
2 0 0 35 7.50000000000024314e-01 0.00000000000000000e+00 4.99999999999989009e-01 22 8.73557715688015264e+02
2 0 0 35 7.50000000000024314e-01 0.00000000000000000e+00 4.99999999999989009e-01 23 1.10266057721880452e+03
2 0 0 35 7.50000000000024314e-01 0.00000000000000000e+00 4.99999999999989009e-01 24 1.96380282432143417e+03
2 0 0 35 7.50000000000024314e-01 0.00000000000000000e+00 4.99999999999989009e-01 25 3.28024228156607751e+03
2 0 0 36 0.00000000000000000e+00 2.49999999999953648e-01 4.99999999999988953e-01 0 -7.75983072400654006e+00
2 0 0 36 0.00000000000000000e+00 2.49999999999953648e-01 4.99999999999988953e-01 1 -1.43339384149820032e-01
2 0 0 36 0.00000000000000000e+00 2.49999999999953648e-01 4.99999999999988953e-01 2 4.54841793718844123e+00
2 0 0 36 0.00000000000000000e+00 2.49999999999953648e-01 4.99999999999988953e-01 3 6.05365495574820400e+00
2 0 0 36 0.00000000000000000e+00 2.49999999999953648e-01 4.99999999999988953e-01 4 1.30744698227335352e+01
2 0 0 36 0.00000000000000000e+00 2.49999999999953648e-01 4.99999999999988953e-01 5 1.57790030572009350e+01
2 0 0 36 0.00000000000000000e+00 2.49999999999953648e-01 4.99999999999988953e-01 6 1.79090447202848253e+01
2 0 0 36 0.00000000000000000e+00 2.49999999999953648e-01 4.99999999999988953e-01 7 1.96613050634155080e+01
2 0 0 36 0.00000000000000000e+00 2.49999999999953648e-01 4.99999999999988953e-01 8 2.59464769861865712e+01
2 0 0 36 0.00000000000000000e+00 2.49999999999953648e-01 4.99999999999988953e-01 9 2.75456302281918610e+01
2 0 0 36 0.00000000000000000e+00 2.49999999999953648e-01 4.99999999999988953e-01 10 2.96683516554796007e+01
2 0 0 36 0.00000000000000000e+00 2.49999999999953648e-01 4.99999999999988953e-01 11 3.12923353737842262e+01
2 0 0 36 0.00000000000000000e+00 2.49999999999953648e-01 4.99999999999988953e-01 12 3.89815548770768672e+01
2 0 0 36 0.00000000000000000e+00 2.49999999999953648e-01 4.99999999999988953e-01 13 3.94666708877265506e+01
2 0 0 36 0.00000000000000000e+00 2.49999999999953648e-01 4.99999999999988953e-01 14 4.00013859189228214e+01
2 0 0 36 0.00000000000000000e+00 2.49999999999953648e-01 4.99999999999988953e-01 15 4.45013231595597034e+01
2 0 0 36 0.00000000000000000e+00 2.49999999999953648e-01 4.99999999999988953e-01 16 4.87877034714909072e+01
2 0 0 36 0.00000000000000000e+00 2.49999999999953648e-01 4.99999999999988953e-01 17 5.22130320434615172e+01
2 0 0 36 0.00000000000000000e+00 2.49999999999953648e-01 4.99999999999988953e-01 18 5.40389700628678611e+01
2 0 0 36 0.00000000000000000e+00 2.49999999999953648e-01 4.99999999999988953e-01 19 7.67259122520988797e+01
2 0 0 36 0.00000000000000000e+00 2.49999999999953648e-01 4.99999999999988953e-01 20 1.23942121102811768e+02
2 0 0 36 0.00000000000000000e+00 2.49999999999953648e-01 4.99999999999988953e-01 21 1.33403596150861915e+02
2 0 0 36 0.00000000000000000e+00 2.49999999999953648e-01 4.99999999999988953e-01 22 9.39920629267055347e+02
2 0 0 36 0.00000000000000000e+00 2.49999999999953648e-01 4.99999999999988953e-01 23 1.05896758188709191e+03
2 0 0 36 0.00000000000000000e+00 2.49999999999953648e-01 4.99999999999988953e-01 24 1.93586694710715392e+03
2 0 0 36 0.00000000000000000e+00 2.49999999999953648e-01 4.99999999999988953e-01 25 3.29694531909579973e+03
2 0 0 37 2.50000000000035305e-01 2.50000000000035305e-01 5.00000000000070610e-01 0 -9.52388352135743332e+00
2 0 0 37 2.50000000000035305e-01 2.50000000000035305e-01 5.00000000000070610e-01 1 1.24221703002241379e+00
2 0 0 37 2.50000000000035305e-01 2.50000000000035305e-01 5.00000000000070610e-01 2 3.94330049079387646e+00
2 0 0 37 2.50000000000035305e-01 2.50000000000035305e-01 5.00000000000070610e-01 3 7.35856595828604831e+00
2 0 0 37 2.50000000000035305e-01 2.50000000000035305e-01 5.00000000000070610e-01 4 1.36853021548815601e+01
2 0 0 37 2.50000000000035305e-01 2.50000000000035305e-01 5.00000000000070610e-01 5 1.61211701449460847e+01
2 0 0 37 2.50000000000035305e-01 2.50000000000035305e-01 5.00000000000070610e-01 6 1.76003636172495632e+01
2 0 0 37 2.50000000000035305e-01 2.50000000000035305e-01 5.00000000000070610e-01 7 1.91843590562086810e+01
2 0 0 37 2.50000000000035305e-01 2.50000000000035305e-01 5.00000000000070610e-01 8 2.03307991102965602e+01
2 0 0 37 2.50000000000035305e-01 2.50000000000035305e-01 5.00000000000070610e-01 9 2.66483857986620585e+01
2 0 0 37 2.50000000000035305e-01 2.50000000000035305e-01 5.00000000000070610e-01 10 3.09418741416681584e+01
2 0 0 37 2.50000000000035305e-01 2.50000000000035305e-01 5.00000000000070610e-01 11 3.63011923555125193e+01
2 0 0 37 2.50000000000035305e-01 2.50000000000035305e-01 5.00000000000070610e-01 12 3.69164969157027372e+01
2 0 0 37 2.50000000000035305e-01 2.50000000000035305e-01 5.00000000000070610e-01 13 3.85273123960452537e+01
2 0 0 37 2.50000000000035305e-01 2.50000000000035305e-01 5.00000000000070610e-01 14 4.13882895668588233e+01
2 0 0 37 2.50000000000035305e-01 2.50000000000035305e-01 5.00000000000070610e-01 15 4.34636775572714100e+01
2 0 0 37 2.50000000000035305e-01 2.50000000000035305e-01 5.00000000000070610e-01 16 4.69810325108609774e+01
2 0 0 37 2.50000000000035305e-01 2.50000000000035305e-01 5.00000000000070610e-01 17 5.15683409625481133e+01
2 0 0 37 2.50000000000035305e-01 2.50000000000035305e-01 5.00000000000070610e-01 18 5.52610982274554772e+01
2 0 0 37 2.50000000000035305e-01 2.50000000000035305e-01 5.00000000000070610e-01 19 9.37107451315140452e+01
2 0 0 37 2.50000000000035305e-01 2.50000000000035305e-01 5.00000000000070610e-01 20 1.13151671369282781e+02
2 0 0 37 2.50000000000035305e-01 2.50000000000035305e-01 5.00000000000070610e-01 21 2.41419090503170196e+02
2 0 0 37 2.50000000000035305e-01 2.50000000000035305e-01 5.00000000000070610e-01 22 7.90618466282890608e+02
2 0 0 37 2.50000000000035305e-01 2.50000000000035305e-01 5.00000000000070610e-01 23 1.02383724740412470e+03
2 0 0 37 2.50000000000035305e-01 2.50000000000035305e-01 5.00000000000070610e-01 24 1.78777466346781284e+03
2 0 0 37 2.50000000000035305e-01 2.50000000000035305e-01 5.00000000000070610e-01 25 3.28603782386651756e+03
2 0 0 38 4.99999999999988953e-01 2.50000000000035305e-01 4.99999999999988953e-01 0 -8.06111834155313467e+00
2 0 0 38 4.99999999999988953e-01 2.50000000000035305e-01 4.99999999999988953e-01 1 -2.21059236841518958e-01
2 0 0 38 4.99999999999988953e-01 2.50000000000035305e-01 4.99999999999988953e-01 2 4.38187925726868599e+00
2 0 0 38 4.99999999999988953e-01 2.50000000000035305e-01 4.99999999999988953e-01 3 6.38361736761304055e+00
2 0 0 38 4.99999999999988953e-01 2.50000000000035305e-01 4.99999999999988953e-01 4 1.29945057061866045e+01
2 0 0 38 4.99999999999988953e-01 2.50000000000035305e-01 4.99999999999988953e-01 5 1.58184441167697933e+01
2 0 0 38 4.99999999999988953e-01 2.50000000000035305e-01 4.99999999999988953e-01 6 1.82577681911652654e+01
2 0 0 38 4.99999999999988953e-01 2.50000000000035305e-01 4.99999999999988953e-01 7 1.94579980415090432e+01
2 0 0 38 4.99999999999988953e-01 2.50000000000035305e-01 4.99999999999988953e-01 8 2.62228642033516941e+01
2 0 0 38 4.99999999999988953e-01 2.50000000000035305e-01 4.99999999999988953e-01 9 2.73143132451210846e+01
2 0 0 38 4.99999999999988953e-01 2.50000000000035305e-01 4.99999999999988953e-01 10 2.92251441822889291e+01
2 0 0 38 4.99999999999988953e-01 2.50000000000035305e-01 4.99999999999988953e-01 11 3.11778944089938861e+01
2 0 0 38 4.99999999999988953e-01 2.50000000000035305e-01 4.99999999999988953e-01 12 3.88205585110261069e+01
2 0 0 38 4.99999999999988953e-01 2.50000000000035305e-01 4.99999999999988953e-01 13 3.93770458823424718e+01
2 0 0 38 4.99999999999988953e-01 2.50000000000035305e-01 4.99999999999988953e-01 14 4.08376651806931719e+01
2 0 0 38 4.99999999999988953e-01 2.50000000000035305e-01 4.99999999999988953e-01 15 4.50015407476557527e+01
2 0 0 38 4.99999999999988953e-01 2.50000000000035305e-01 4.99999999999988953e-01 16 4.96212261709844000e+01
2 0 0 38 4.99999999999988953e-01 2.50000000000035305e-01 4.99999999999988953e-01 17 5.15446111726811651e+01
2 0 0 38 4.99999999999988953e-01 2.50000000000035305e-01 4.99999999999988953e-01 18 5.42198966259869906e+01
2 0 0 38 4.99999999999988953e-01 2.50000000000035305e-01 4.99999999999988953e-01 19 7.75573066766055206e+01
2 0 0 38 4.99999999999988953e-01 2.50000000000035305e-01 4.99999999999988953e-01 20 1.26007272739289135e+02
2 0 0 38 4.99999999999988953e-01 2.50000000000035305e-01 4.99999999999988953e-01 21 1.31112815293966918e+02
2 0 0 38 4.99999999999988953e-01 2.50000000000035305e-01 4.99999999999988953e-01 22 8.61058797101847517e+02
2 0 0 38 4.99999999999988953e-01 2.50000000000035305e-01 4.99999999999988953e-01 23 1.13243501827935415e+03
2 0 0 38 4.99999999999988953e-01 2.50000000000035305e-01 4.99999999999988953e-01 24 1.89144096170471039e+03
2 0 0 38 4.99999999999988953e-01 2.50000000000035305e-01 4.99999999999988953e-01 25 3.44296197229893642e+03
2 0 0 39 7.50000000000024203e-01 2.50000000000035305e-01 4.99999999999988898e-01 0 -6.01797349880773602e+00
2 0 0 39 7.50000000000024203e-01 2.50000000000035305e-01 4.99999999999988898e-01 1 -1.98235950117518003e-02
2 0 0 39 7.50000000000024203e-01 2.50000000000035305e-01 4.99999999999988898e-01 2 3.52617256516998312e+00
2 0 0 39 7.50000000000024203e-01 2.50000000000035305e-01 4.99999999999988898e-01 3 4.44917188058771895e+00
2 0 0 39 7.50000000000024203e-01 2.50000000000035305e-01 4.99999999999988898e-01 4 1.40259842436561133e+01
2 0 0 39 7.50000000000024203e-01 2.50000000000035305e-01 4.99999999999988898e-01 5 1.56339683329550496e+01
2 0 0 39 7.50000000000024203e-01 2.50000000000035305e-01 4.99999999999988898e-01 6 1.75777869691373887e+01
2 0 0 39 7.50000000000024203e-01 2.50000000000035305e-01 4.99999999999988898e-01 7 1.98501373988167664e+01
2 0 0 39 7.50000000000024203e-01 2.50000000000035305e-01 4.99999999999988898e-01 8 2.58329485498623335e+01
2 0 0 39 7.50000000000024203e-01 2.50000000000035305e-01 4.99999999999988898e-01 9 2.65331756125033849e+01
2 0 0 39 7.50000000000024203e-01 2.50000000000035305e-01 4.99999999999988898e-01 10 3.08147050403519387e+01
2 0 0 39 7.50000000000024203e-01 2.50000000000035305e-01 4.99999999999988898e-01 11 3.37058743511983465e+01
2 0 0 39 7.50000000000024203e-01 2.50000000000035305e-01 4.99999999999988898e-01 12 3.86437930545276771e+01
2 0 0 39 7.50000000000024203e-01 2.50000000000035305e-01 4.99999999999988898e-01 13 4.01663051589098785e+01
2 0 0 39 7.50000000000024203e-01 2.50000000000035305e-01 4.99999999999988898e-01 14 4.24765686673861822e+01
2 0 0 39 7.50000000000024203e-01 2.50000000000035305e-01 4.99999999999988898e-01 15 4.38760805676553574e+01
2 0 0 39 7.50000000000024203e-01 2.50000000000035305e-01 4.99999999999988898e-01 16 4.53271039393741688e+01
2 0 0 39 7.50000000000024203e-01 2.50000000000035305e-01 4.99999999999988898e-01 17 4.61004421753938018e+01
2 0 0 39 7.50000000000024203e-01 2.50000000000035305e-01 4.99999999999988898e-01 18 5.78168012075880640e+01
2 0 0 39 7.50000000000024203e-01 2.50000000000035305e-01 4.99999999999988898e-01 19 5.95469830369292268e+01
2 0 0 39 7.50000000000024203e-01 2.50000000000035305e-01 4.99999999999988898e-01 20 9.81099080243769635e+01
2 0 0 39 7.50000000000024203e-01 2.50000000000035305e-01 4.99999999999988898e-01 21 1.01426025866566505e+02
2 0 0 39 7.50000000000024203e-01 2.50000000000035305e-01 4.99999999999988898e-01 22 1.20742075285217311e+03
2 0 0 39 7.50000000000024203e-01 2.50000000000035305e-01 4.99999999999988898e-01 23 1.59340922907544700e+03
2 0 0 39 7.50000000000024203e-01 2.50000000000035305e-01 4.99999999999988898e-01 24 2.40738293352563960e+03
2 0 0 39 7.50000000000024203e-01 2.50000000000035305e-01 4.99999999999988898e-01 25 2.59912321381095717e+03
2 0 0 40 0.00000000000000000e+00 4.99999999999988898e-01 4.99999999999988898e-01 0 -6.50359127193471842e+00
2 0 0 40 0.00000000000000000e+00 4.99999999999988898e-01 4.99999999999988898e-01 1 -7.22914379053174350e-01
2 0 0 40 0.00000000000000000e+00 4.99999999999988898e-01 4.99999999999988898e-01 2 3.76174986693757063e+00
2 0 0 40 0.00000000000000000e+00 4.99999999999988898e-01 4.99999999999988898e-01 3 5.42708637708900543e+00
2 0 0 40 0.00000000000000000e+00 4.99999999999988898e-01 4.99999999999988898e-01 4 1.17495098621851781e+01
2 0 0 40 0.00000000000000000e+00 4.99999999999988898e-01 4.99999999999988898e-01 5 1.20358917846046420e+01
2 0 0 40 0.00000000000000000e+00 4.99999999999988898e-01 4.99999999999988898e-01 6 2.57022633316843319e+01
2 0 0 40 0.00000000000000000e+00 4.99999999999988898e-01 4.99999999999988898e-01 7 2.62731718831000052e+01
2 0 0 40 0.00000000000000000e+00 4.99999999999988898e-01 4.99999999999988898e-01 8 2.69883488597854253e+01
2 0 0 40 0.00000000000000000e+00 4.99999999999988898e-01 4.99999999999988898e-01 9 2.73276717203301303e+01
2 0 0 40 0.00000000000000000e+00 4.99999999999988898e-01 4.99999999999988898e-01 10 2.86962694365779321e+01
2 0 0 40 0.00000000000000000e+00 4.99999999999988898e-01 4.99999999999988898e-01 11 3.10056474797719162e+01
2 0 0 40 0.00000000000000000e+00 4.99999999999988898e-01 4.99999999999988898e-01 12 3.15843571966876659e+01
2 0 0 40 0.00000000000000000e+00 4.99999999999988898e-01 4.99999999999988898e-01 13 3.46020288493885531e+01
2 0 0 40 0.00000000000000000e+00 4.99999999999988898e-01 4.99999999999988898e-01 14 4.58181709460106532e+01
2 0 0 40 0.00000000000000000e+00 4.99999999999988898e-01 4.99999999999988898e-01 15 4.72591706008296200e+01
2 0 0 40 0.00000000000000000e+00 4.99999999999988898e-01 4.99999999999988898e-01 16 5.25092206501004526e+01
2 0 0 40 0.00000000000000000e+00 4.99999999999988898e-01 4.99999999999988898e-01 17 5.40030398177376796e+01
2 0 0 40 0.00000000000000000e+00 4.99999999999988898e-01 4.99999999999988898e-01 18 6.82004429017128473e+01
2 0 0 40 0.00000000000000000e+00 4.99999999999988898e-01 4.99999999999988898e-01 19 6.89403838688184578e+01
2 0 0 40 0.00000000000000000e+00 4.99999999999988898e-01 4.99999999999988898e-01 20 8.51411942719374366e+01
2 0 0 40 0.00000000000000000e+00 4.99999999999988898e-01 4.99999999999988898e-01 21 9.02937886968611139e+01
2 0 0 40 0.00000000000000000e+00 4.99999999999988898e-01 4.99999999999988898e-01 22 1.15839828568389771e+03
2 0 0 40 0.00000000000000000e+00 4.99999999999988898e-01 4.99999999999988898e-01 23 1.24734677062084984e+03
2 0 0 40 0.00000000000000000e+00 4.99999999999988898e-01 4.99999999999988898e-01 24 2.37081235727179092e+03
2 0 0 40 0.00000000000000000e+00 4.99999999999988898e-01 4.99999999999988898e-01 25 2.53536052518504130e+03
2 0 0 41 2.50000000000035305e-01 4.99999999999988953e-01 4.99999999999988953e-01 0 -8.07746950185291546e+00
2 0 0 41 2.50000000000035305e-01 4.99999999999988953e-01 4.99999999999988953e-01 1 -3.10891818727504314e-02
2 0 0 41 2.50000000000035305e-01 4.99999999999988953e-01 4.99999999999988953e-01 2 4.04715111509476433e+00
2 0 0 41 2.50000000000035305e-01 4.99999999999988953e-01 4.99999999999988953e-01 3 5.45064196435317694e+00
2 0 0 41 2.50000000000035305e-01 4.99999999999988953e-01 4.99999999999988953e-01 4 1.29302285135682808e+01
2 0 0 41 2.50000000000035305e-01 4.99999999999988953e-01 4.99999999999988953e-01 5 1.56708716950235782e+01
2 0 0 41 2.50000000000035305e-01 4.99999999999988953e-01 4.99999999999988953e-01 6 1.85061482872344207e+01
2 0 0 41 2.50000000000035305e-01 4.99999999999988953e-01 4.99999999999988953e-01 7 1.99867948334474619e+01
2 0 0 41 2.50000000000035305e-01 4.99999999999988953e-01 4.99999999999988953e-01 8 2.60100357129718880e+01
2 0 0 41 2.50000000000035305e-01 4.99999999999988953e-01 4.99999999999988953e-01 9 2.74210783220336687e+01
2 0 0 41 2.50000000000035305e-01 4.99999999999988953e-01 4.99999999999988953e-01 10 2.96167211768506853e+01
2 0 0 41 2.50000000000035305e-01 4.99999999999988953e-01 4.99999999999988953e-01 11 3.11509700492269737e+01
2 0 0 41 2.50000000000035305e-01 4.99999999999988953e-01 4.99999999999988953e-01 12 3.85960628529068899e+01
2 0 0 41 2.50000000000035305e-01 4.99999999999988953e-01 4.99999999999988953e-01 13 3.94854709531497150e+01
2 0 0 41 2.50000000000035305e-01 4.99999999999988953e-01 4.99999999999988953e-01 14 4.04724181712465878e+01
2 0 0 41 2.50000000000035305e-01 4.99999999999988953e-01 4.99999999999988953e-01 15 4.49177231510271611e+01
2 0 0 41 2.50000000000035305e-01 4.99999999999988953e-01 4.99999999999988953e-01 16 4.95465063067225060e+01
2 0 0 41 2.50000000000035305e-01 4.99999999999988953e-01 4.99999999999988953e-01 17 5.14396379271921020e+01
2 0 0 41 2.50000000000035305e-01 4.99999999999988953e-01 4.99999999999988953e-01 18 5.42825485587268375e+01
2 0 0 41 2.50000000000035305e-01 4.99999999999988953e-01 4.99999999999988953e-01 19 7.79834929653895017e+01
2 0 0 41 2.50000000000035305e-01 4.99999999999988953e-01 4.99999999999988953e-01 20 1.22211591311777056e+02
2 0 0 41 2.50000000000035305e-01 4.99999999999988953e-01 4.99999999999988953e-01 21 1.29831024349656786e+02
2 0 0 41 2.50000000000035305e-01 4.99999999999988953e-01 4.99999999999988953e-01 22 9.52575391217688434e+02
2 0 0 41 2.50000000000035305e-01 4.99999999999988953e-01 4.99999999999988953e-01 23 1.14444919470575223e+03
2 0 0 41 2.50000000000035305e-01 4.99999999999988953e-01 4.99999999999988953e-01 24 1.86476372098225397e+03
2 0 0 41 2.50000000000035305e-01 4.99999999999988953e-01 4.99999999999988953e-01 25 3.40002139788393788e+03
2 0 0 42 5.00000000000070610e-01 5.00000000000070610e-01 5.00000000000070610e-01 0 -8.36992169785219708e+00
2 0 0 42 5.00000000000070610e-01 5.00000000000070610e-01 5.00000000000070610e-01 1 -1.78919321621324023e+00
2 0 0 42 5.00000000000070610e-01 5.00000000000070610e-01 5.00000000000070610e-01 2 6.47216255820691533e+00
2 0 0 42 5.00000000000070610e-01 5.00000000000070610e-01 5.00000000000070610e-01 3 7.16942154336385240e+00
2 0 0 42 5.00000000000070610e-01 5.00000000000070610e-01 5.00000000000070610e-01 4 1.23564569988986186e+01
2 0 0 42 5.00000000000070610e-01 5.00000000000070610e-01 5.00000000000070610e-01 5 1.47173468395581590e+01
2 0 0 42 5.00000000000070610e-01 5.00000000000070610e-01 5.00000000000070610e-01 6 1.52910509754196635e+01
2 0 0 42 5.00000000000070610e-01 5.00000000000070610e-01 5.00000000000070610e-01 7 2.50702310401867230e+01
2 0 0 42 5.00000000000070610e-01 5.00000000000070610e-01 5.00000000000070610e-01 8 2.54491914775035717e+01
2 0 0 42 5.00000000000070610e-01 5.00000000000070610e-01 5.00000000000070610e-01 9 2.66306453145391266e+01
2 0 0 42 5.00000000000070610e-01 5.00000000000070610e-01 5.00000000000070610e-01 10 2.89766191957159407e+01
2 0 0 42 5.00000000000070610e-01 5.00000000000070610e-01 5.00000000000070610e-01 11 2.97888194217463642e+01
2 0 0 42 5.00000000000070610e-01 5.00000000000070610e-01 5.00000000000070610e-01 12 3.07449814904319005e+01
2 0 0 42 5.00000000000070610e-01 5.00000000000070610e-01 5.00000000000070610e-01 13 4.11959368272187518e+01
2 0 0 42 5.00000000000070610e-01 5.00000000000070610e-01 5.00000000000070610e-01 14 4.51470997381867818e+01
2 0 0 42 5.00000000000070610e-01 5.00000000000070610e-01 5.00000000000070610e-01 15 4.63325039471047901e+01
2 0 0 42 5.00000000000070610e-01 5.00000000000070610e-01 5.00000000000070610e-01 16 4.77094291701674464e+01
2 0 0 42 5.00000000000070610e-01 5.00000000000070610e-01 5.00000000000070610e-01 17 5.28758756077356864e+01
2 0 0 42 5.00000000000070610e-01 5.00000000000070610e-01 5.00000000000070610e-01 18 5.40661734266831857e+01
2 0 0 42 5.00000000000070610e-01 5.00000000000070610e-01 5.00000000000070610e-01 19 6.68968799662684859e+01
2 0 0 42 5.00000000000070610e-01 5.00000000000070610e-01 5.00000000000070610e-01 20 3.05380087012910224e+02
2 0 0 42 5.00000000000070610e-01 5.00000000000070610e-01 5.00000000000070610e-01 21 3.37307720240648280e+02
2 0 0 42 5.00000000000070610e-01 5.00000000000070610e-01 5.00000000000070610e-01 22 5.73682121299259620e+02
2 0 0 42 5.00000000000070610e-01 5.00000000000070610e-01 5.00000000000070610e-01 23 5.86548038163527167e+02
2 0 0 42 5.00000000000070610e-01 5.00000000000070610e-01 5.00000000000070610e-01 24 1.85269434430695856e+03
2 0 0 42 5.00000000000070610e-01 5.00000000000070610e-01 5.00000000000070610e-01 25 4.18184776950994819e+03
2 0 0 43 7.49999999999942601e-01 4.99999999999988953e-01 4.99999999999988953e-01 0 -8.08218824933810431e+00
2 0 0 43 7.49999999999942601e-01 4.99999999999988953e-01 4.99999999999988953e-01 1 -3.89088289796135911e-02
2 0 0 43 7.49999999999942601e-01 4.99999999999988953e-01 4.99999999999988953e-01 2 4.05313020789254708e+00
2 0 0 43 7.49999999999942601e-01 4.99999999999988953e-01 4.99999999999988953e-01 3 5.45506784877939044e+00
2 0 0 43 7.49999999999942601e-01 4.99999999999988953e-01 4.99999999999988953e-01 4 1.29318323021595933e+01
2 0 0 43 7.49999999999942601e-01 4.99999999999988953e-01 4.99999999999988953e-01 5 1.56708354967263137e+01
2 0 0 43 7.49999999999942601e-01 4.99999999999988953e-01 4.99999999999988953e-01 6 1.85050317704374550e+01
2 0 0 43 7.49999999999942601e-01 4.99999999999988953e-01 4.99999999999988953e-01 7 1.99322178023802472e+01
2 0 0 43 7.49999999999942601e-01 4.99999999999988953e-01 4.99999999999988953e-01 8 2.60184885762082132e+01
2 0 0 43 7.49999999999942601e-01 4.99999999999988953e-01 4.99999999999988953e-01 9 2.75014819697203876e+01
2 0 0 43 7.49999999999942601e-01 4.99999999999988953e-01 4.99999999999988953e-01 10 2.96456754488830470e+01
2 0 0 43 7.49999999999942601e-01 4.99999999999988953e-01 4.99999999999988953e-01 11 3.10857871092592752e+01
2 0 0 43 7.49999999999942601e-01 4.99999999999988953e-01 4.99999999999988953e-01 12 3.86268825548310133e+01
2 0 0 43 7.49999999999942601e-01 4.99999999999988953e-01 4.99999999999988953e-01 13 3.95112276823295900e+01
2 0 0 43 7.49999999999942601e-01 4.99999999999988953e-01 4.99999999999988953e-01 14 4.04781971598517814e+01
2 0 0 43 7.49999999999942601e-01 4.99999999999988953e-01 4.99999999999988953e-01 15 4.48443060467270556e+01
2 0 0 43 7.49999999999942601e-01 4.99999999999988953e-01 4.99999999999988953e-01 16 4.95208428050831060e+01
2 0 0 43 7.49999999999942601e-01 4.99999999999988953e-01 4.99999999999988953e-01 17 5.14065902752987043e+01
2 0 0 43 7.49999999999942601e-01 4.99999999999988953e-01 4.99999999999988953e-01 18 5.43764959640347456e+01
2 0 0 43 7.49999999999942601e-01 4.99999999999988953e-01 4.99999999999988953e-01 19 7.78193211203620052e+01
2 0 0 43 7.49999999999942601e-01 4.99999999999988953e-01 4.99999999999988953e-01 20 1.21388618368595388e+02
2 0 0 43 7.49999999999942601e-01 4.99999999999988953e-01 4.99999999999988953e-01 21 1.30431407910098727e+02
2 0 0 43 7.49999999999942601e-01 4.99999999999988953e-01 4.99999999999988953e-01 22 9.60125603863766401e+02
2 0 0 43 7.49999999999942601e-01 4.99999999999988953e-01 4.99999999999988953e-01 23 1.14353937771303504e+03
2 0 0 43 7.49999999999942601e-01 4.99999999999988953e-01 4.99999999999988953e-01 24 1.86310317313403743e+03
2 0 0 43 7.49999999999942601e-01 4.99999999999988953e-01 4.99999999999988953e-01 25 3.39958179623363276e+03
2 0 0 44 0.00000000000000000e+00 7.50000000000024314e-01 4.99999999999989009e-01 0 -7.75571395297753874e+00
2 0 0 44 0.00000000000000000e+00 7.50000000000024314e-01 4.99999999999989009e-01 1 -1.37756735839724059e-01
2 0 0 44 0.00000000000000000e+00 7.50000000000024314e-01 4.99999999999989009e-01 2 4.49275593117818772e+00
2 0 0 44 0.00000000000000000e+00 7.50000000000024314e-01 4.99999999999989009e-01 3 6.04026817387059989e+00
2 0 0 44 0.00000000000000000e+00 7.50000000000024314e-01 4.99999999999989009e-01 4 1.30534759123128214e+01
2 0 0 44 0.00000000000000000e+00 7.50000000000024314e-01 4.99999999999989009e-01 5 1.58543861361306586e+01
2 0 0 44 0.00000000000000000e+00 7.50000000000024314e-01 4.99999999999989009e-01 6 1.77853196096017676e+01
2 0 0 44 0.00000000000000000e+00 7.50000000000024314e-01 4.99999999999989009e-01 7 1.97747038885664956e+01
2 0 0 44 0.00000000000000000e+00 7.50000000000024314e-01 4.99999999999989009e-01 8 2.59691119501268375e+01
2 0 0 44 0.00000000000000000e+00 7.50000000000024314e-01 4.99999999999989009e-01 9 2.76203979660432708e+01
2 0 0 44 0.00000000000000000e+00 7.50000000000024314e-01 4.99999999999989009e-01 10 2.96461909812749660e+01
2 0 0 44 0.00000000000000000e+00 7.50000000000024314e-01 4.99999999999989009e-01 11 3.14091160889046641e+01
2 0 0 44 0.00000000000000000e+00 7.50000000000024314e-01 4.99999999999989009e-01 12 3.89725751787856467e+01
2 0 0 44 0.00000000000000000e+00 7.50000000000024314e-01 4.99999999999989009e-01 13 3.93600925944317055e+01
2 0 0 44 0.00000000000000000e+00 7.50000000000024314e-01 4.99999999999989009e-01 14 4.00609002699664885e+01
2 0 0 44 0.00000000000000000e+00 7.50000000000024314e-01 4.99999999999989009e-01 15 4.44773435168706897e+01
2 0 0 44 0.00000000000000000e+00 7.50000000000024314e-01 4.99999999999989009e-01 16 4.87276305411022861e+01
2 0 0 44 0.00000000000000000e+00 7.50000000000024314e-01 4.99999999999989009e-01 17 5.22413206807412323e+01
2 0 0 44 0.00000000000000000e+00 7.50000000000024314e-01 4.99999999999989009e-01 18 5.43423149973589972e+01
2 0 0 44 0.00000000000000000e+00 7.50000000000024314e-01 4.99999999999989009e-01 19 7.64873603675612515e+01
2 0 0 44 0.00000000000000000e+00 7.50000000000024314e-01 4.99999999999989009e-01 20 1.23733891724928469e+02
2 0 0 44 0.00000000000000000e+00 7.50000000000024314e-01 4.99999999999989009e-01 21 1.33681347187674362e+02
2 0 0 44 0.00000000000000000e+00 7.50000000000024314e-01 4.99999999999989009e-01 22 9.34325702678402422e+02
2 0 0 44 0.00000000000000000e+00 7.50000000000024314e-01 4.99999999999989009e-01 23 1.05725928960569854e+03
2 0 0 44 0.00000000000000000e+00 7.50000000000024314e-01 4.99999999999989009e-01 24 1.93649692291519682e+03
2 0 0 44 0.00000000000000000e+00 7.50000000000024314e-01 4.99999999999989009e-01 25 3.29568974661586117e+03
2 0 0 45 2.50000000000035305e-01 7.50000000000024203e-01 4.99999999999988898e-01 0 -6.01539337645003425e+00
2 0 0 45 2.50000000000035305e-01 7.50000000000024203e-01 4.99999999999988898e-01 1 -6.34010728169139698e-03
2 0 0 45 2.50000000000035305e-01 7.50000000000024203e-01 4.99999999999988898e-01 2 3.70588815297964302e+00
2 0 0 45 2.50000000000035305e-01 7.50000000000024203e-01 4.99999999999988898e-01 3 4.39989848534121908e+00
2 0 0 45 2.50000000000035305e-01 7.50000000000024203e-01 4.99999999999988898e-01 4 1.40308329225609185e+01
2 0 0 45 2.50000000000035305e-01 7.50000000000024203e-01 4.99999999999988898e-01 5 1.57559778991707002e+01
2 0 0 45 2.50000000000035305e-01 7.50000000000024203e-01 4.99999999999988898e-01 6 1.75678536339691256e+01
2 0 0 45 2.50000000000035305e-01 7.50000000000024203e-01 4.99999999999988898e-01 7 1.98670979862914727e+01
2 0 0 45 2.50000000000035305e-01 7.50000000000024203e-01 4.99999999999988898e-01 8 2.56541762067240313e+01
2 0 0 45 2.50000000000035305e-01 7.50000000000024203e-01 4.99999999999988898e-01 9 2.64950419879020309e+01
2 0 0 45 2.50000000000035305e-01 7.50000000000024203e-01 4.99999999999988898e-01 10 3.08714850984940554e+01
2 0 0 45 2.50000000000035305e-01 7.50000000000024203e-01 4.99999999999988898e-01 11 3.36782757909964801e+01
2 0 0 45 2.50000000000035305e-01 7.50000000000024203e-01 4.99999999999988898e-01 12 3.85775598230949157e+01
2 0 0 45 2.50000000000035305e-01 7.50000000000024203e-01 4.99999999999988898e-01 13 4.01781994135840748e+01
2 0 0 45 2.50000000000035305e-01 7.50000000000024203e-01 4.99999999999988898e-01 14 4.24405643363844618e+01
2 0 0 45 2.50000000000035305e-01 7.50000000000024203e-01 4.99999999999988898e-01 15 4.38443231346241475e+01
2 0 0 45 2.50000000000035305e-01 7.50000000000024203e-01 4.99999999999988898e-01 16 4.53823334018772684e+01
2 0 0 45 2.50000000000035305e-01 7.50000000000024203e-01 4.99999999999988898e-01 17 4.60869286145326100e+01
2 0 0 45 2.50000000000035305e-01 7.50000000000024203e-01 4.99999999999988898e-01 18 5.77858622617774529e+01
2 0 0 45 2.50000000000035305e-01 7.50000000000024203e-01 4.99999999999988898e-01 19 6.01058628219190183e+01
2 0 0 45 2.50000000000035305e-01 7.50000000000024203e-01 4.99999999999988898e-01 20 9.81367221771280356e+01
2 0 0 45 2.50000000000035305e-01 7.50000000000024203e-01 4.99999999999988898e-01 21 1.01361609632424560e+02
2 0 0 45 2.50000000000035305e-01 7.50000000000024203e-01 4.99999999999988898e-01 22 1.15599083129140945e+03
2 0 0 45 2.50000000000035305e-01 7.50000000000024203e-01 4.99999999999988898e-01 23 1.59159803474738487e+03
2 0 0 45 2.50000000000035305e-01 7.50000000000024203e-01 4.99999999999988898e-01 24 2.40747785448656168e+03
2 0 0 45 2.50000000000035305e-01 7.50000000000024203e-01 4.99999999999988898e-01 25 2.59945040461806502e+03
2 0 0 46 4.99999999999988953e-01 7.49999999999942601e-01 4.99999999999988953e-01 0 -8.05996230220589638e+00
2 0 0 46 4.99999999999988953e-01 7.49999999999942601e-01 4.99999999999988953e-01 1 -2.22151903817527419e-01
2 0 0 46 4.99999999999988953e-01 7.49999999999942601e-01 4.99999999999988953e-01 2 4.34630496785896892e+00
2 0 0 46 4.99999999999988953e-01 7.49999999999942601e-01 4.99999999999988953e-01 3 6.39795728221402449e+00
2 0 0 46 4.99999999999988953e-01 7.49999999999942601e-01 4.99999999999988953e-01 4 1.30515093324078038e+01
2 0 0 46 4.99999999999988953e-01 7.49999999999942601e-01 4.99999999999988953e-01 5 1.58087331547255783e+01
2 0 0 46 4.99999999999988953e-01 7.49999999999942601e-01 4.99999999999988953e-01 6 1.82823318735030966e+01
2 0 0 46 4.99999999999988953e-01 7.49999999999942601e-01 4.99999999999988953e-01 7 1.95006253807343484e+01
2 0 0 46 4.99999999999988953e-01 7.49999999999942601e-01 4.99999999999988953e-01 8 2.62149294156959520e+01
2 0 0 46 4.99999999999988953e-01 7.49999999999942601e-01 4.99999999999988953e-01 9 2.72714474210918780e+01
2 0 0 46 4.99999999999988953e-01 7.49999999999942601e-01 4.99999999999988953e-01 10 2.92354421064266354e+01
2 0 0 46 4.99999999999988953e-01 7.49999999999942601e-01 4.99999999999988953e-01 11 3.10811423523374870e+01
2 0 0 46 4.99999999999988953e-01 7.49999999999942601e-01 4.99999999999988953e-01 12 3.88501844858533758e+01
2 0 0 46 4.99999999999988953e-01 7.49999999999942601e-01 4.99999999999988953e-01 13 3.94571046213979812e+01
2 0 0 46 4.99999999999988953e-01 7.49999999999942601e-01 4.99999999999988953e-01 14 4.08299000122873679e+01
2 0 0 46 4.99999999999988953e-01 7.49999999999942601e-01 4.99999999999988953e-01 15 4.50647747581761990e+01
2 0 0 46 4.99999999999988953e-01 7.49999999999942601e-01 4.99999999999988953e-01 16 4.94521750208556909e+01
2 0 0 46 4.99999999999988953e-01 7.49999999999942601e-01 4.99999999999988953e-01 17 5.13765456552497071e+01
2 0 0 46 4.99999999999988953e-01 7.49999999999942601e-01 4.99999999999988953e-01 18 5.42761773941736863e+01
2 0 0 46 4.99999999999988953e-01 7.49999999999942601e-01 4.99999999999988953e-01 19 7.77853471532229293e+01
2 0 0 46 4.99999999999988953e-01 7.49999999999942601e-01 4.99999999999988953e-01 20 1.26037394675058366e+02
2 0 0 46 4.99999999999988953e-01 7.49999999999942601e-01 4.99999999999988953e-01 21 1.30764762590350131e+02
2 0 0 46 4.99999999999988953e-01 7.49999999999942601e-01 4.99999999999988953e-01 22 8.60123923804095398e+02
2 0 0 46 4.99999999999988953e-01 7.49999999999942601e-01 4.99999999999988953e-01 23 1.13464681084798872e+03
2 0 0 46 4.99999999999988953e-01 7.49999999999942601e-01 4.99999999999988953e-01 24 1.90023837664708549e+03
2 0 0 46 4.99999999999988953e-01 7.49999999999942601e-01 4.99999999999988953e-01 25 3.43205686682688383e+03
2 0 0 47 7.50000000000024203e-01 7.50000000000024203e-01 5.00000000000070610e-01 0 -9.51729939012158255e+00
2 0 0 47 7.50000000000024203e-01 7.50000000000024203e-01 5.00000000000070610e-01 1 1.27744024031849079e+00
2 0 0 47 7.50000000000024203e-01 7.50000000000024203e-01 5.00000000000070610e-01 2 3.92646599294562559e+00
2 0 0 47 7.50000000000024203e-01 7.50000000000024203e-01 5.00000000000070610e-01 3 7.35943767733855125e+00
2 0 0 47 7.50000000000024203e-01 7.50000000000024203e-01 5.00000000000070610e-01 4 1.37277336550810229e+01
2 0 0 47 7.50000000000024203e-01 7.50000000000024203e-01 5.00000000000070610e-01 5 1.60477507404889543e+01
2 0 0 47 7.50000000000024203e-01 7.50000000000024203e-01 5.00000000000070610e-01 6 1.75895811690356005e+01
2 0 0 47 7.50000000000024203e-01 7.50000000000024203e-01 5.00000000000070610e-01 7 1.91864429110568757e+01
2 0 0 47 7.50000000000024203e-01 7.50000000000024203e-01 5.00000000000070610e-01 8 2.03913640097287008e+01
2 0 0 47 7.50000000000024203e-01 7.50000000000024203e-01 5.00000000000070610e-01 9 2.66155750324833953e+01
2 0 0 47 7.50000000000024203e-01 7.50000000000024203e-01 5.00000000000070610e-01 10 3.08801389320180952e+01
2 0 0 47 7.50000000000024203e-01 7.50000000000024203e-01 5.00000000000070610e-01 11 3.62730142038531582e+01
2 0 0 47 7.50000000000024203e-01 7.50000000000024203e-01 5.00000000000070610e-01 12 3.68364138725732744e+01
2 0 0 47 7.50000000000024203e-01 7.50000000000024203e-01 5.00000000000070610e-01 13 3.85673220135907684e+01
2 0 0 47 7.50000000000024203e-01 7.50000000000024203e-01 5.00000000000070610e-01 14 4.13928237088413127e+01
2 0 0 47 7.50000000000024203e-01 7.50000000000024203e-01 5.00000000000070610e-01 15 4.37780280996731150e+01
2 0 0 47 7.50000000000024203e-01 7.50000000000024203e-01 5.00000000000070610e-01 16 4.72486755772480791e+01
2 0 0 47 7.50000000000024203e-01 7.50000000000024203e-01 5.00000000000070610e-01 17 5.13155575862209474e+01
2 0 0 47 7.50000000000024203e-01 7.50000000000024203e-01 5.00000000000070610e-01 18 5.52853984304745367e+01
2 0 0 47 7.50000000000024203e-01 7.50000000000024203e-01 5.00000000000070610e-01 19 9.30665766825653833e+01
2 0 0 47 7.50000000000024203e-01 7.50000000000024203e-01 5.00000000000070610e-01 20 1.13180375757110923e+02
2 0 0 47 7.50000000000024203e-01 7.50000000000024203e-01 5.00000000000070610e-01 21 2.41502478189051033e+02
2 0 0 47 7.50000000000024203e-01 7.50000000000024203e-01 5.00000000000070610e-01 22 7.92247370707885921e+02
2 0 0 47 7.50000000000024203e-01 7.50000000000024203e-01 5.00000000000070610e-01 23 1.02212763005515126e+03
2 0 0 47 7.50000000000024203e-01 7.50000000000024203e-01 5.00000000000070610e-01 24 1.77216300664190294e+03
2 0 0 47 7.50000000000024203e-01 7.50000000000024203e-01 5.00000000000070610e-01 25 3.29021338744572904e+03
2 0 0 48 0.00000000000000000e+00 0.00000000000000000e+00 7.49999999999942601e-01 0 -1.20378344850207082e+01
2 0 0 48 0.00000000000000000e+00 0.00000000000000000e+00 7.49999999999942601e-01 1 3.81708926602693666e+00
2 0 0 48 0.00000000000000000e+00 0.00000000000000000e+00 7.49999999999942601e-01 2 7.14207473992138375e+00
2 0 0 48 0.00000000000000000e+00 0.00000000000000000e+00 7.49999999999942601e-01 3 7.80283881208306784e+00
2 0 0 48 0.00000000000000000e+00 0.00000000000000000e+00 7.49999999999942601e-01 4 1.36020141677153976e+01
2 0 0 48 0.00000000000000000e+00 0.00000000000000000e+00 7.49999999999942601e-01 5 1.54049587038656082e+01
2 0 0 48 0.00000000000000000e+00 0.00000000000000000e+00 7.49999999999942601e-01 6 1.55291156407301951e+01
2 0 0 48 0.00000000000000000e+00 0.00000000000000000e+00 7.49999999999942601e-01 7 1.99336978727337559e+01
2 0 0 48 0.00000000000000000e+00 0.00000000000000000e+00 7.49999999999942601e-01 8 2.03305250342932631e+01
2 0 0 48 0.00000000000000000e+00 0.00000000000000000e+00 7.49999999999942601e-01 9 2.36059007991228391e+01
2 0 0 48 0.00000000000000000e+00 0.00000000000000000e+00 7.49999999999942601e-01 10 3.30054951697874870e+01
2 0 0 48 0.00000000000000000e+00 0.00000000000000000e+00 7.49999999999942601e-01 11 3.39164145597062401e+01
2 0 0 48 0.00000000000000000e+00 0.00000000000000000e+00 7.49999999999942601e-01 12 3.54809837949317810e+01
2 0 0 48 0.00000000000000000e+00 0.00000000000000000e+00 7.49999999999942601e-01 13 3.74824863434142230e+01
2 0 0 48 0.00000000000000000e+00 0.00000000000000000e+00 7.49999999999942601e-01 14 4.33603448505177980e+01
2 0 0 48 0.00000000000000000e+00 0.00000000000000000e+00 7.49999999999942601e-01 15 4.49929179331840388e+01
2 0 0 48 0.00000000000000000e+00 0.00000000000000000e+00 7.49999999999942601e-01 16 5.20123063699160539e+01
2 0 0 48 0.00000000000000000e+00 0.00000000000000000e+00 7.49999999999942601e-01 17 5.43236637957698107e+01
2 0 0 48 0.00000000000000000e+00 0.00000000000000000e+00 7.49999999999942601e-01 18 5.51493820722185717e+01
2 0 0 48 0.00000000000000000e+00 0.00000000000000000e+00 7.49999999999942601e-01 19 1.17606204848027659e+02
2 0 0 48 0.00000000000000000e+00 0.00000000000000000e+00 7.49999999999942601e-01 20 3.27024577939869971e+02
2 0 0 48 0.00000000000000000e+00 0.00000000000000000e+00 7.49999999999942601e-01 21 3.63743669929154350e+02
2 0 0 48 0.00000000000000000e+00 0.00000000000000000e+00 7.49999999999942601e-01 22 8.55843342223516288e+02
2 0 0 48 0.00000000000000000e+00 0.00000000000000000e+00 7.49999999999942601e-01 23 9.00824875656101881e+02
2 0 0 48 0.00000000000000000e+00 0.00000000000000000e+00 7.49999999999942601e-01 24 1.44147042103644344e+03
2 0 0 48 0.00000000000000000e+00 0.00000000000000000e+00 7.49999999999942601e-01 25 2.82321232955010419e+03
2 0 0 49 2.49999999999953593e-01 0.00000000000000000e+00 7.50000000000024203e-01 0 -9.36786975664702837e+00
2 0 0 49 2.49999999999953593e-01 0.00000000000000000e+00 7.50000000000024203e-01 1 1.36016735176563008e+00
2 0 0 49 2.49999999999953593e-01 0.00000000000000000e+00 7.50000000000024203e-01 2 4.11616537699096519e+00
2 0 0 49 2.49999999999953593e-01 0.00000000000000000e+00 7.50000000000024203e-01 3 6.82822121225741618e+00
2 0 0 49 2.49999999999953593e-01 0.00000000000000000e+00 7.50000000000024203e-01 4 1.47334917592744361e+01
2 0 0 49 2.49999999999953593e-01 0.00000000000000000e+00 7.50000000000024203e-01 5 1.59617167800678619e+01
2 0 0 49 2.49999999999953593e-01 0.00000000000000000e+00 7.50000000000024203e-01 6 1.70314043201021974e+01
2 0 0 49 2.49999999999953593e-01 0.00000000000000000e+00 7.50000000000024203e-01 7 1.88477471384937516e+01
2 0 0 49 2.49999999999953593e-01 0.00000000000000000e+00 7.50000000000024203e-01 8 2.05883170966737694e+01
2 0 0 49 2.49999999999953593e-01 0.00000000000000000e+00 7.50000000000024203e-01 9 2.68959603548267623e+01
2 0 0 49 2.49999999999953593e-01 0.00000000000000000e+00 7.50000000000024203e-01 10 3.14260178735125564e+01
2 0 0 49 2.49999999999953593e-01 0.00000000000000000e+00 7.50000000000024203e-01 11 3.59974490465208916e+01
2 0 0 49 2.49999999999953593e-01 0.00000000000000000e+00 7.50000000000024203e-01 12 3.72327473596427865e+01
2 0 0 49 2.49999999999953593e-01 0.00000000000000000e+00 7.50000000000024203e-01 13 4.01015568085179694e+01
2 0 0 49 2.49999999999953593e-01 0.00000000000000000e+00 7.50000000000024203e-01 14 4.11468076875954409e+01
2 0 0 49 2.49999999999953593e-01 0.00000000000000000e+00 7.50000000000024203e-01 15 4.29645444953530742e+01
2 0 0 49 2.49999999999953593e-01 0.00000000000000000e+00 7.50000000000024203e-01 16 4.51863988596933979e+01
2 0 0 49 2.49999999999953593e-01 0.00000000000000000e+00 7.50000000000024203e-01 17 5.15699223209053983e+01
2 0 0 49 2.49999999999953593e-01 0.00000000000000000e+00 7.50000000000024203e-01 18 5.52477052750416462e+01
2 0 0 49 2.49999999999953593e-01 0.00000000000000000e+00 7.50000000000024203e-01 19 9.01760836629906350e+01
2 0 0 49 2.49999999999953593e-01 0.00000000000000000e+00 7.50000000000024203e-01 20 1.08399400548174754e+02
2 0 0 49 2.49999999999953593e-01 0.00000000000000000e+00 7.50000000000024203e-01 21 2.49109215116696390e+02
2 0 0 49 2.49999999999953593e-01 0.00000000000000000e+00 7.50000000000024203e-01 22 7.83521293614529782e+02
2 0 0 49 2.49999999999953593e-01 0.00000000000000000e+00 7.50000000000024203e-01 23 1.08646365777974052e+03
2 0 0 49 2.49999999999953593e-01 0.00000000000000000e+00 7.50000000000024203e-01 24 1.80159392231652691e+03
2 0 0 49 2.49999999999953593e-01 0.00000000000000000e+00 7.50000000000024203e-01 25 3.24795575158855763e+03
2 0 0 50 4.99999999999989009e-01 0.00000000000000000e+00 7.50000000000024314e-01 0 -7.71753790995433420e+00
2 0 0 50 4.99999999999989009e-01 0.00000000000000000e+00 7.50000000000024314e-01 1 -3.00747556462008958e-01
2 0 0 50 4.99999999999989009e-01 0.00000000000000000e+00 7.50000000000024314e-01 2 4.43334006087228882e+00
2 0 0 50 4.99999999999989009e-01 0.00000000000000000e+00 7.50000000000024314e-01 3 6.13834682682621047e+00
2 0 0 50 4.99999999999989009e-01 0.00000000000000000e+00 7.50000000000024314e-01 4 1.28350185071121441e+01
2 0 0 50 4.99999999999989009e-01 0.00000000000000000e+00 7.50000000000024314e-01 5 1.57916473270417494e+01
2 0 0 50 4.99999999999989009e-01 0.00000000000000000e+00 7.50000000000024314e-01 6 1.84865875780974420e+01
2 0 0 50 4.99999999999989009e-01 0.00000000000000000e+00 7.50000000000024314e-01 7 1.99003735976292937e+01
2 0 0 50 4.99999999999989009e-01 0.00000000000000000e+00 7.50000000000024314e-01 8 2.54508029776271201e+01
2 0 0 50 4.99999999999989009e-01 0.00000000000000000e+00 7.50000000000024314e-01 9 2.74793576488832052e+01
2 0 0 50 4.99999999999989009e-01 0.00000000000000000e+00 7.50000000000024314e-01 10 2.98681101577455408e+01
2 0 0 50 4.99999999999989009e-01 0.00000000000000000e+00 7.50000000000024314e-01 11 3.06858026891085345e+01
2 0 0 50 4.99999999999989009e-01 0.00000000000000000e+00 7.50000000000024314e-01 12 3.90425967771031210e+01
2 0 0 50 4.99999999999989009e-01 0.00000000000000000e+00 7.50000000000024314e-01 13 3.94564519858081368e+01
2 0 0 50 4.99999999999989009e-01 0.00000000000000000e+00 7.50000000000024314e-01 14 4.00363574301039051e+01
2 0 0 50 4.99999999999989009e-01 0.00000000000000000e+00 7.50000000000024314e-01 15 4.47949286477506305e+01
2 0 0 50 4.99999999999989009e-01 0.00000000000000000e+00 7.50000000000024314e-01 16 4.95404758899047621e+01
2 0 0 50 4.99999999999989009e-01 0.00000000000000000e+00 7.50000000000024314e-01 17 5.14711925236629568e+01
2 0 0 50 4.99999999999989009e-01 0.00000000000000000e+00 7.50000000000024314e-01 18 5.44336109326496072e+01
2 0 0 50 4.99999999999989009e-01 0.00000000000000000e+00 7.50000000000024314e-01 19 7.57689764304682996e+01
2 0 0 50 4.99999999999989009e-01 0.00000000000000000e+00 7.50000000000024314e-01 20 1.22347249218624128e+02
2 0 0 50 4.99999999999989009e-01 0.00000000000000000e+00 7.50000000000024314e-01 21 1.36710052058512900e+02
2 0 0 50 4.99999999999989009e-01 0.00000000000000000e+00 7.50000000000024314e-01 22 9.09398539928999412e+02
2 0 0 50 4.99999999999989009e-01 0.00000000000000000e+00 7.50000000000024314e-01 23 1.11432234969555498e+03
2 0 0 50 4.99999999999989009e-01 0.00000000000000000e+00 7.50000000000024314e-01 24 1.95863875722856278e+03
2 0 0 50 4.99999999999989009e-01 0.00000000000000000e+00 7.50000000000024314e-01 25 3.15589592919261759e+03
2 0 0 51 7.50000000000024203e-01 0.00000000000000000e+00 7.50000000000024203e-01 0 -1.15592131653375567e+01
2 0 0 51 7.50000000000024203e-01 0.00000000000000000e+00 7.50000000000024203e-01 1 3.73565371572974092e+00
2 0 0 51 7.50000000000024203e-01 0.00000000000000000e+00 7.50000000000024203e-01 2 6.49590004348856898e+00
2 0 0 51 7.50000000000024203e-01 0.00000000000000000e+00 7.50000000000024203e-01 3 7.04482556285691341e+00
2 0 0 51 7.50000000000024203e-01 0.00000000000000000e+00 7.50000000000024203e-01 4 1.24549375831949707e+01
2 0 0 51 7.50000000000024203e-01 0.00000000000000000e+00 7.50000000000024203e-01 5 1.57408728176967241e+01
2 0 0 51 7.50000000000024203e-01 0.00000000000000000e+00 7.50000000000024203e-01 6 1.78192916558913588e+01
2 0 0 51 7.50000000000024203e-01 0.00000000000000000e+00 7.50000000000024203e-01 7 1.89287159227866013e+01
2 0 0 51 7.50000000000024203e-01 0.00000000000000000e+00 7.50000000000024203e-01 8 2.20561247248122712e+01
2 0 0 51 7.50000000000024203e-01 0.00000000000000000e+00 7.50000000000024203e-01 9 2.53935969577721501e+01
2 0 0 51 7.50000000000024203e-01 0.00000000000000000e+00 7.50000000000024203e-01 10 3.15649114791155618e+01
2 0 0 51 7.50000000000024203e-01 0.00000000000000000e+00 7.50000000000024203e-01 11 3.31588356478176607e+01
2 0 0 51 7.50000000000024203e-01 0.00000000000000000e+00 7.50000000000024203e-01 12 3.56516681860680578e+01
2 0 0 51 7.50000000000024203e-01 0.00000000000000000e+00 7.50000000000024203e-01 13 3.98998265003937789e+01
2 0 0 51 7.50000000000024203e-01 0.00000000000000000e+00 7.50000000000024203e-01 14 4.28922725340415596e+01
2 0 0 51 7.50000000000024203e-01 0.00000000000000000e+00 7.50000000000024203e-01 15 4.67878303944146836e+01
2 0 0 51 7.50000000000024203e-01 0.00000000000000000e+00 7.50000000000024203e-01 16 4.92075711826392492e+01
2 0 0 51 7.50000000000024203e-01 0.00000000000000000e+00 7.50000000000024203e-01 17 5.20236356699802940e+01
2 0 0 51 7.50000000000024203e-01 0.00000000000000000e+00 7.50000000000024203e-01 18 5.94857658448226942e+01
2 0 0 51 7.50000000000024203e-01 0.00000000000000000e+00 7.50000000000024203e-01 19 1.44684948977480019e+02
2 0 0 51 7.50000000000024203e-01 0.00000000000000000e+00 7.50000000000024203e-01 20 1.58283426015236586e+02
2 0 0 51 7.50000000000024203e-01 0.00000000000000000e+00 7.50000000000024203e-01 21 2.90129705808526467e+02
2 0 0 51 7.50000000000024203e-01 0.00000000000000000e+00 7.50000000000024203e-01 22 7.03432702934530312e+02
2 0 0 51 7.50000000000024203e-01 0.00000000000000000e+00 7.50000000000024203e-01 23 1.56381290854082204e+03
2 0 0 51 7.50000000000024203e-01 0.00000000000000000e+00 7.50000000000024203e-01 24 1.70389182592616180e+03
2 0 0 51 7.50000000000024203e-01 0.00000000000000000e+00 7.50000000000024203e-01 25 2.04369344297309976e+03
2 0 0 52 0.00000000000000000e+00 2.49999999999953593e-01 7.50000000000024203e-01 0 -9.66362535933676625e+00
2 0 0 52 0.00000000000000000e+00 2.49999999999953593e-01 7.50000000000024203e-01 1 1.58741729755499117e+00
2 0 0 52 0.00000000000000000e+00 2.49999999999953593e-01 7.50000000000024203e-01 2 4.46016204427397067e+00
2 0 0 52 0.00000000000000000e+00 2.49999999999953593e-01 7.50000000000024203e-01 3 6.71927032948556047e+00
2 0 0 52 0.00000000000000000e+00 2.49999999999953593e-01 7.50000000000024203e-01 4 1.47033967296535035e+01
2 0 0 52 0.00000000000000000e+00 2.49999999999953593e-01 7.50000000000024203e-01 5 1.60070097858681919e+01
2 0 0 52 0.00000000000000000e+00 2.49999999999953593e-01 7.50000000000024203e-01 6 1.75143175347020161e+01
2 0 0 52 0.00000000000000000e+00 2.49999999999953593e-01 7.50000000000024203e-01 7 1.84635500584024932e+01
2 0 0 52 0.00000000000000000e+00 2.49999999999953593e-01 7.50000000000024203e-01 8 2.09274343943526056e+01
2 0 0 52 0.00000000000000000e+00 2.49999999999953593e-01 7.50000000000024203e-01 9 2.70065667527398183e+01
2 0 0 52 0.00000000000000000e+00 2.49999999999953593e-01 7.50000000000024203e-01 10 3.09595060084959535e+01
2 0 0 52 0.00000000000000000e+00 2.49999999999953593e-01 7.50000000000024203e-01 11 3.53919346357318503e+01
2 0 0 52 0.00000000000000000e+00 2.49999999999953593e-01 7.50000000000024203e-01 12 3.66044997480052388e+01
2 0 0 52 0.00000000000000000e+00 2.49999999999953593e-01 7.50000000000024203e-01 13 3.84988699871312363e+01
2 0 0 52 0.00000000000000000e+00 2.49999999999953593e-01 7.50000000000024203e-01 14 4.19073720419186557e+01
2 0 0 52 0.00000000000000000e+00 2.49999999999953593e-01 7.50000000000024203e-01 15 4.35798559810388753e+01
2 0 0 52 0.00000000000000000e+00 2.49999999999953593e-01 7.50000000000024203e-01 16 4.70009442543470755e+01
2 0 0 52 0.00000000000000000e+00 2.49999999999953593e-01 7.50000000000024203e-01 17 5.17424352094555857e+01
2 0 0 52 0.00000000000000000e+00 2.49999999999953593e-01 7.50000000000024203e-01 18 5.57825906570787566e+01
2 0 0 52 0.00000000000000000e+00 2.49999999999953593e-01 7.50000000000024203e-01 19 8.72708108633338071e+01
2 0 0 52 0.00000000000000000e+00 2.49999999999953593e-01 7.50000000000024203e-01 20 1.10516368725843009e+02
2 0 0 52 0.00000000000000000e+00 2.49999999999953593e-01 7.50000000000024203e-01 21 2.53156689155599054e+02
2 0 0 52 0.00000000000000000e+00 2.49999999999953593e-01 7.50000000000024203e-01 22 7.02733921547232171e+02
2 0 0 52 0.00000000000000000e+00 2.49999999999953593e-01 7.50000000000024203e-01 23 1.00930299801837782e+03
2 0 0 52 0.00000000000000000e+00 2.49999999999953593e-01 7.50000000000024203e-01 24 1.87145223581724281e+03
2 0 0 52 0.00000000000000000e+00 2.49999999999953593e-01 7.50000000000024203e-01 25 3.36099086109078416e+03
2 0 0 53 2.49999999999953648e-01 2.49999999999953648e-01 7.49999999999942601e-01 0 -9.15724537978046271e+00
2 0 0 53 2.49999999999953648e-01 2.49999999999953648e-01 7.49999999999942601e-01 1 2.02091631547346690e-01
2 0 0 53 2.49999999999953648e-01 2.49999999999953648e-01 7.49999999999942601e-01 2 4.02625718474971439e+00
2 0 0 53 2.49999999999953648e-01 2.49999999999953648e-01 7.49999999999942601e-01 3 6.36247282660563673e+00
2 0 0 53 2.49999999999953648e-01 2.49999999999953648e-01 7.49999999999942601e-01 4 1.24303136870100470e+01
2 0 0 53 2.49999999999953648e-01 2.49999999999953648e-01 7.49999999999942601e-01 5 1.58822497333656365e+01
2 0 0 53 2.49999999999953648e-01 2.49999999999953648e-01 7.49999999999942601e-01 6 1.85885945327534792e+01
2 0 0 53 2.49999999999953648e-01 2.49999999999953648e-01 7.49999999999942601e-01 7 1.93918467921919095e+01
2 0 0 53 2.49999999999953648e-01 2.49999999999953648e-01 7.49999999999942601e-01 8 2.59574227269585407e+01
2 0 0 53 2.49999999999953648e-01 2.49999999999953648e-01 7.49999999999942601e-01 9 2.80070773544010443e+01
2 0 0 53 2.49999999999953648e-01 2.49999999999953648e-01 7.49999999999942601e-01 10 3.02880813728329912e+01
2 0 0 53 2.49999999999953648e-01 2.49999999999953648e-01 7.49999999999942601e-01 11 3.13776191552031101e+01
2 0 0 53 2.49999999999953648e-01 2.49999999999953648e-01 7.49999999999942601e-01 12 3.91898226765658038e+01
2 0 0 53 2.49999999999953648e-01 2.49999999999953648e-01 7.49999999999942601e-01 13 3.96177767027668466e+01
2 0 0 53 2.49999999999953648e-01 2.49999999999953648e-01 7.49999999999942601e-01 14 4.02865362952638080e+01
2 0 0 53 2.49999999999953648e-01 2.49999999999953648e-01 7.49999999999942601e-01 15 4.44941768153530504e+01
2 0 0 53 2.49999999999953648e-01 2.49999999999953648e-01 7.49999999999942601e-01 16 4.88517617092881835e+01
2 0 0 53 2.49999999999953648e-01 2.49999999999953648e-01 7.49999999999942601e-01 17 5.04534608177321076e+01
2 0 0 53 2.49999999999953648e-01 2.49999999999953648e-01 7.49999999999942601e-01 18 5.54073451853881878e+01
2 0 0 53 2.49999999999953648e-01 2.49999999999953648e-01 7.49999999999942601e-01 19 7.53651685194666641e+01
2 0 0 53 2.49999999999953648e-01 2.49999999999953648e-01 7.49999999999942601e-01 20 1.28971704651814719e+02
2 0 0 53 2.49999999999953648e-01 2.49999999999953648e-01 7.49999999999942601e-01 21 1.33253160768868270e+02
2 0 0 53 2.49999999999953648e-01 2.49999999999953648e-01 7.49999999999942601e-01 22 9.07787946144646412e+02
2 0 0 53 2.49999999999953648e-01 2.49999999999953648e-01 7.49999999999942601e-01 23 1.07934939677726470e+03
2 0 0 53 2.49999999999953648e-01 2.49999999999953648e-01 7.49999999999942601e-01 24 1.80716699767994714e+03
2 0 0 53 2.49999999999953648e-01 2.49999999999953648e-01 7.49999999999942601e-01 25 3.40311029229057931e+03
2 0 0 54 4.99999999999988898e-01 2.50000000000035305e-01 7.50000000000024203e-01 0 -7.03857479456161261e+00
2 0 0 54 4.99999999999988898e-01 2.50000000000035305e-01 7.50000000000024203e-01 1 2.03189583856988765e-01
2 0 0 54 4.99999999999988898e-01 2.50000000000035305e-01 7.50000000000024203e-01 2 3.08716325582650386e+00
2 0 0 54 4.99999999999988898e-01 2.50000000000035305e-01 7.50000000000024203e-01 3 4.36387506803717251e+00
2 0 0 54 4.99999999999988898e-01 2.50000000000035305e-01 7.50000000000024203e-01 4 1.42996997754190041e+01
2 0 0 54 4.99999999999988898e-01 2.50000000000035305e-01 7.50000000000024203e-01 5 1.57039683330254949e+01
2 0 0 54 4.99999999999988898e-01 2.50000000000035305e-01 7.50000000000024203e-01 6 1.85937220388242785e+01
2 0 0 54 4.99999999999988898e-01 2.50000000000035305e-01 7.50000000000024203e-01 7 1.97223774849510853e+01
2 0 0 54 4.99999999999988898e-01 2.50000000000035305e-01 7.50000000000024203e-01 8 2.56130652657348143e+01
2 0 0 54 4.99999999999988898e-01 2.50000000000035305e-01 7.50000000000024203e-01 9 2.68548206842768344e+01
2 0 0 54 4.99999999999988898e-01 2.50000000000035305e-01 7.50000000000024203e-01 10 3.09012343579197442e+01
2 0 0 54 4.99999999999988898e-01 2.50000000000035305e-01 7.50000000000024203e-01 11 3.31580594269290998e+01
2 0 0 54 4.99999999999988898e-01 2.50000000000035305e-01 7.50000000000024203e-01 12 3.83391359527013336e+01
2 0 0 54 4.99999999999988898e-01 2.50000000000035305e-01 7.50000000000024203e-01 13 4.01093274332881080e+01
2 0 0 54 4.99999999999988898e-01 2.50000000000035305e-01 7.50000000000024203e-01 14 4.22009191985683429e+01
2 0 0 54 4.99999999999988898e-01 2.50000000000035305e-01 7.50000000000024203e-01 15 4.36733872947294870e+01
2 0 0 54 4.99999999999988898e-01 2.50000000000035305e-01 7.50000000000024203e-01 16 4.46230282329101655e+01
2 0 0 54 4.99999999999988898e-01 2.50000000000035305e-01 7.50000000000024203e-01 17 4.60386901186644124e+01
2 0 0 54 4.99999999999988898e-01 2.50000000000035305e-01 7.50000000000024203e-01 18 5.69200711319789008e+01
2 0 0 54 4.99999999999988898e-01 2.50000000000035305e-01 7.50000000000024203e-01 19 6.07314967012295881e+01
2 0 0 54 4.99999999999988898e-01 2.50000000000035305e-01 7.50000000000024203e-01 20 9.86648906853982197e+01
2 0 0 54 4.99999999999988898e-01 2.50000000000035305e-01 7.50000000000024203e-01 21 1.00380265417412176e+02
2 0 0 54 4.99999999999988898e-01 2.50000000000035305e-01 7.50000000000024203e-01 22 1.38799940826934449e+03
2 0 0 54 4.99999999999988898e-01 2.50000000000035305e-01 7.50000000000024203e-01 23 1.55871960420866117e+03
2 0 0 54 4.99999999999988898e-01 2.50000000000035305e-01 7.50000000000024203e-01 24 2.37695662259615710e+03
2 0 0 54 4.99999999999988898e-01 2.50000000000035305e-01 7.50000000000024203e-01 25 2.57053916094716669e+03
2 0 0 55 7.50000000000024314e-01 2.50000000000035305e-01 7.50000000000024314e-01 0 -7.97222366210204925e+00
2 0 0 55 7.50000000000024314e-01 2.50000000000035305e-01 7.50000000000024314e-01 1 -1.07339217580850688e-01
2 0 0 55 7.50000000000024314e-01 2.50000000000035305e-01 7.50000000000024314e-01 2 4.24034123669314322e+00
2 0 0 55 7.50000000000024314e-01 2.50000000000035305e-01 7.50000000000024314e-01 3 6.62311811327417654e+00
2 0 0 55 7.50000000000024314e-01 2.50000000000035305e-01 7.50000000000024314e-01 4 1.28471806972116553e+01
2 0 0 55 7.50000000000024314e-01 2.50000000000035305e-01 7.50000000000024314e-01 5 1.58656252710796917e+01
2 0 0 55 7.50000000000024314e-01 2.50000000000035305e-01 7.50000000000024314e-01 6 1.82800928168012291e+01
2 0 0 55 7.50000000000024314e-01 2.50000000000035305e-01 7.50000000000024314e-01 7 1.99036135943070960e+01
2 0 0 55 7.50000000000024314e-01 2.50000000000035305e-01 7.50000000000024314e-01 8 2.58567212779955433e+01
2 0 0 55 7.50000000000024314e-01 2.50000000000035305e-01 7.50000000000024314e-01 9 2.72129300645143424e+01
2 0 0 55 7.50000000000024314e-01 2.50000000000035305e-01 7.50000000000024314e-01 10 2.90764194531076043e+01
2 0 0 55 7.50000000000024314e-01 2.50000000000035305e-01 7.50000000000024314e-01 11 3.15605326078628714e+01
2 0 0 55 7.50000000000024314e-01 2.50000000000035305e-01 7.50000000000024314e-01 12 3.83103947717872444e+01
2 0 0 55 7.50000000000024314e-01 2.50000000000035305e-01 7.50000000000024314e-01 13 3.92906321699406291e+01
2 0 0 55 7.50000000000024314e-01 2.50000000000035305e-01 7.50000000000024314e-01 14 4.02063268717563815e+01
2 0 0 55 7.50000000000024314e-01 2.50000000000035305e-01 7.50000000000024314e-01 15 4.44972086440700991e+01
2 0 0 55 7.50000000000024314e-01 2.50000000000035305e-01 7.50000000000024314e-01 16 4.98570250332880960e+01
2 0 0 55 7.50000000000024314e-01 2.50000000000035305e-01 7.50000000000024314e-01 17 5.12546298055043366e+01
2 0 0 55 7.50000000000024314e-01 2.50000000000035305e-01 7.50000000000024314e-01 18 5.51727047884926804e+01
2 0 0 55 7.50000000000024314e-01 2.50000000000035305e-01 7.50000000000024314e-01 19 7.49463996883903576e+01
2 0 0 55 7.50000000000024314e-01 2.50000000000035305e-01 7.50000000000024314e-01 20 1.24651914116581523e+02
2 0 0 55 7.50000000000024314e-01 2.50000000000035305e-01 7.50000000000024314e-01 21 1.30705606799914932e+02
2 0 0 55 7.50000000000024314e-01 2.50000000000035305e-01 7.50000000000024314e-01 22 9.42090853434989981e+02
2 0 0 55 7.50000000000024314e-01 2.50000000000035305e-01 7.50000000000024314e-01 23 1.15809154256822217e+03
2 0 0 55 7.50000000000024314e-01 2.50000000000035305e-01 7.50000000000024314e-01 24 1.82823605701574843e+03
2 0 0 55 7.50000000000024314e-01 2.50000000000035305e-01 7.50000000000024314e-01 25 3.37089153693667959e+03
2 0 0 56 0.00000000000000000e+00 4.99999999999989009e-01 7.50000000000024314e-01 0 -7.55966128810596771e+00
2 0 0 56 0.00000000000000000e+00 4.99999999999989009e-01 7.50000000000024314e-01 1 -3.72590655510067426e-01
2 0 0 56 0.00000000000000000e+00 4.99999999999989009e-01 7.50000000000024314e-01 2 4.28800550807896474e+00
2 0 0 56 0.00000000000000000e+00 4.99999999999989009e-01 7.50000000000024314e-01 3 6.11057311938083014e+00
2 0 0 56 0.00000000000000000e+00 4.99999999999989009e-01 7.50000000000024314e-01 4 1.32331690813953422e+01
2 0 0 56 0.00000000000000000e+00 4.99999999999989009e-01 7.50000000000024314e-01 5 1.55643369426016314e+01
2 0 0 56 0.00000000000000000e+00 4.99999999999989009e-01 7.50000000000024314e-01 6 1.84144792226226102e+01
2 0 0 56 0.00000000000000000e+00 4.99999999999989009e-01 7.50000000000024314e-01 7 2.00328873446681541e+01
2 0 0 56 0.00000000000000000e+00 4.99999999999989009e-01 7.50000000000024314e-01 8 2.53161325809663857e+01
2 0 0 56 0.00000000000000000e+00 4.99999999999989009e-01 7.50000000000024314e-01 9 2.70524473417974001e+01
2 0 0 56 0.00000000000000000e+00 4.99999999999989009e-01 7.50000000000024314e-01 10 2.98555676776050021e+01
2 0 0 56 0.00000000000000000e+00 4.99999999999989009e-01 7.50000000000024314e-01 11 3.13236190185311649e+01
2 0 0 56 0.00000000000000000e+00 4.99999999999989009e-01 7.50000000000024314e-01 12 3.83934537196079120e+01
2 0 0 56 0.00000000000000000e+00 4.99999999999989009e-01 7.50000000000024314e-01 13 4.00133009327678906e+01
2 0 0 56 0.00000000000000000e+00 4.99999999999989009e-01 7.50000000000024314e-01 14 4.09565019448336187e+01
2 0 0 56 0.00000000000000000e+00 4.99999999999989009e-01 7.50000000000024314e-01 15 4.44964002248985153e+01
2 0 0 56 0.00000000000000000e+00 4.99999999999989009e-01 7.50000000000024314e-01 16 5.01374949694794978e+01
2 0 0 56 0.00000000000000000e+00 4.99999999999989009e-01 7.50000000000024314e-01 17 5.17766377440753374e+01
2 0 0 56 0.00000000000000000e+00 4.99999999999989009e-01 7.50000000000024314e-01 18 5.37320057167264764e+01
2 0 0 56 0.00000000000000000e+00 4.99999999999989009e-01 7.50000000000024314e-01 19 7.46061439642107160e+01
2 0 0 56 0.00000000000000000e+00 4.99999999999989009e-01 7.50000000000024314e-01 20 1.20346050541288079e+02
2 0 0 56 0.00000000000000000e+00 4.99999999999989009e-01 7.50000000000024314e-01 21 1.32766743390308989e+02
2 0 0 56 0.00000000000000000e+00 4.99999999999989009e-01 7.50000000000024314e-01 22 8.94684381877287819e+02
2 0 0 56 0.00000000000000000e+00 4.99999999999989009e-01 7.50000000000024314e-01 23 1.08706939335361903e+03
2 0 0 56 0.00000000000000000e+00 4.99999999999989009e-01 7.50000000000024314e-01 24 2.00421888396185977e+03
2 0 0 56 0.00000000000000000e+00 4.99999999999989009e-01 7.50000000000024314e-01 25 3.25139767816356516e+03
2 0 0 57 2.50000000000035305e-01 4.99999999999988898e-01 7.50000000000024203e-01 0 -6.57057846205579654e+00
2 0 0 57 2.50000000000035305e-01 4.99999999999988898e-01 7.50000000000024203e-01 1 -7.15378948860652536e-02
2 0 0 57 2.50000000000035305e-01 4.99999999999988898e-01 7.50000000000024203e-01 2 3.53146119263472302e+00
2 0 0 57 2.50000000000035305e-01 4.99999999999988898e-01 7.50000000000024203e-01 3 4.61547970819312781e+00
2 0 0 57 2.50000000000035305e-01 4.99999999999988898e-01 7.50000000000024203e-01 4 1.43634769525602604e+01
2 0 0 57 2.50000000000035305e-01 4.99999999999988898e-01 7.50000000000024203e-01 5 1.54230924680231087e+01
2 0 0 57 2.50000000000035305e-01 4.99999999999988898e-01 7.50000000000024203e-01 6 1.76504643309116780e+01
2 0 0 57 2.50000000000035305e-01 4.99999999999988898e-01 7.50000000000024203e-01 7 1.95962773257804805e+01
2 0 0 57 2.50000000000035305e-01 4.99999999999988898e-01 7.50000000000024203e-01 8 2.55775202571156903e+01
2 0 0 57 2.50000000000035305e-01 4.99999999999988898e-01 7.50000000000024203e-01 9 2.61812296896732768e+01
2 0 0 57 2.50000000000035305e-01 4.99999999999988898e-01 7.50000000000024203e-01 10 3.13284729485625988e+01
2 0 0 57 2.50000000000035305e-01 4.99999999999988898e-01 7.50000000000024203e-01 11 3.31761389279754226e+01
2 0 0 57 2.50000000000035305e-01 4.99999999999988898e-01 7.50000000000024203e-01 12 3.81794645690801602e+01
2 0 0 57 2.50000000000035305e-01 4.99999999999988898e-01 7.50000000000024203e-01 13 4.05803875991153831e+01
2 0 0 57 2.50000000000035305e-01 4.99999999999988898e-01 7.50000000000024203e-01 14 4.25328030667744414e+01
2 0 0 57 2.50000000000035305e-01 4.99999999999988898e-01 7.50000000000024203e-01 15 4.39731528959533691e+01
2 0 0 57 2.50000000000035305e-01 4.99999999999988898e-01 7.50000000000024203e-01 16 4.46876578894012795e+01
2 0 0 57 2.50000000000035305e-01 4.99999999999988898e-01 7.50000000000024203e-01 17 4.61909142572386742e+01
2 0 0 57 2.50000000000035305e-01 4.99999999999988898e-01 7.50000000000024203e-01 18 5.64646437007679438e+01
2 0 0 57 2.50000000000035305e-01 4.99999999999988898e-01 7.50000000000024203e-01 19 5.96845998708974790e+01
2 0 0 57 2.50000000000035305e-01 4.99999999999988898e-01 7.50000000000024203e-01 20 9.56579312740573187e+01
2 0 0 57 2.50000000000035305e-01 4.99999999999988898e-01 7.50000000000024203e-01 21 1.03276839961062180e+02
2 0 0 57 2.50000000000035305e-01 4.99999999999988898e-01 7.50000000000024203e-01 22 1.35166459530685256e+03
2 0 0 57 2.50000000000035305e-01 4.99999999999988898e-01 7.50000000000024203e-01 23 1.47923019146359547e+03
2 0 0 57 2.50000000000035305e-01 4.99999999999988898e-01 7.50000000000024203e-01 24 2.46332549156749155e+03
2 0 0 57 2.50000000000035305e-01 4.99999999999988898e-01 7.50000000000024203e-01 25 2.58775158049284028e+03
2 0 0 58 4.99999999999988953e-01 4.99999999999988953e-01 7.49999999999942601e-01 0 -9.03971448211722972e+00
2 0 0 58 4.99999999999988953e-01 4.99999999999988953e-01 7.49999999999942601e-01 1 -1.15668270390581390e-01
2 0 0 58 4.99999999999988953e-01 4.99999999999988953e-01 7.49999999999942601e-01 2 3.99628742284391469e+00
2 0 0 58 4.99999999999988953e-01 4.99999999999988953e-01 7.49999999999942601e-01 3 6.38101407197012627e+00
2 0 0 58 4.99999999999988953e-01 4.99999999999988953e-01 7.49999999999942601e-01 4 1.28751437661293320e+01
2 0 0 58 4.99999999999988953e-01 4.99999999999988953e-01 7.49999999999942601e-01 5 1.54575925183037999e+01
2 0 0 58 4.99999999999988953e-01 4.99999999999988953e-01 7.49999999999942601e-01 6 1.84918795997931191e+01
2 0 0 58 4.99999999999988953e-01 4.99999999999988953e-01 7.49999999999942601e-01 7 1.94540436240038090e+01
2 0 0 58 4.99999999999988953e-01 4.99999999999988953e-01 7.49999999999942601e-01 8 2.59716801726570559e+01
2 0 0 58 4.99999999999988953e-01 4.99999999999988953e-01 7.49999999999942601e-01 9 2.73117097140177485e+01
2 0 0 58 4.99999999999988953e-01 4.99999999999988953e-01 7.49999999999942601e-01 10 2.94346746540056472e+01
2 0 0 58 4.99999999999988953e-01 4.99999999999988953e-01 7.49999999999942601e-01 11 3.11109782088256210e+01
2 0 0 58 4.99999999999988953e-01 4.99999999999988953e-01 7.49999999999942601e-01 12 3.87449718117457067e+01
2 0 0 58 4.99999999999988953e-01 4.99999999999988953e-01 7.49999999999942601e-01 13 4.01639486104179753e+01
2 0 0 58 4.99999999999988953e-01 4.99999999999988953e-01 7.49999999999942601e-01 14 4.11786592455488432e+01
2 0 0 58 4.99999999999988953e-01 4.99999999999988953e-01 7.49999999999942601e-01 15 4.41313453055778027e+01
2 0 0 58 4.99999999999988953e-01 4.99999999999988953e-01 7.49999999999942601e-01 16 4.92441302963971594e+01
2 0 0 58 4.99999999999988953e-01 4.99999999999988953e-01 7.49999999999942601e-01 17 5.14703979190624707e+01
2 0 0 58 4.99999999999988953e-01 4.99999999999988953e-01 7.49999999999942601e-01 18 5.45790403474146828e+01
2 0 0 58 4.99999999999988953e-01 4.99999999999988953e-01 7.49999999999942601e-01 19 7.61473083343443591e+01
2 0 0 58 4.99999999999988953e-01 4.99999999999988953e-01 7.49999999999942601e-01 20 1.23958619979711685e+02
2 0 0 58 4.99999999999988953e-01 4.99999999999988953e-01 7.49999999999942601e-01 21 1.34486477700512268e+02
2 0 0 58 4.99999999999988953e-01 4.99999999999988953e-01 7.49999999999942601e-01 22 9.41260338509217831e+02
2 0 0 58 4.99999999999988953e-01 4.99999999999988953e-01 7.49999999999942601e-01 23 1.11138391130267587e+03
2 0 0 58 4.99999999999988953e-01 4.99999999999988953e-01 7.49999999999942601e-01 24 1.90816217344922779e+03
2 0 0 58 4.99999999999988953e-01 4.99999999999988953e-01 7.49999999999942601e-01 25 3.41906337892405008e+03
2 0 0 59 7.50000000000024203e-01 5.00000000000070610e-01 7.50000000000024203e-01 0 -9.71924713024339937e+00
2 0 0 59 7.50000000000024203e-01 5.00000000000070610e-01 7.50000000000024203e-01 1 1.59521627610230432e+00
2 0 0 59 7.50000000000024203e-01 5.00000000000070610e-01 7.50000000000024203e-01 2 4.45520210502351333e+00
2 0 0 59 7.50000000000024203e-01 5.00000000000070610e-01 7.50000000000024203e-01 3 6.65861224509914340e+00
2 0 0 59 7.50000000000024203e-01 5.00000000000070610e-01 7.50000000000024203e-01 4 1.46758579726255487e+01
2 0 0 59 7.50000000000024203e-01 5.00000000000070610e-01 7.50000000000024203e-01 5 1.59300138062695318e+01
2 0 0 59 7.50000000000024203e-01 5.00000000000070610e-01 7.50000000000024203e-01 6 1.71289636050163487e+01
2 0 0 59 7.50000000000024203e-01 5.00000000000070610e-01 7.50000000000024203e-01 7 1.89691144486299663e+01
2 0 0 59 7.50000000000024203e-01 5.00000000000070610e-01 7.50000000000024203e-01 8 2.11500171655312563e+01
2 0 0 59 7.50000000000024203e-01 5.00000000000070610e-01 7.50000000000024203e-01 9 2.65248719935036306e+01
2 0 0 59 7.50000000000024203e-01 5.00000000000070610e-01 7.50000000000024203e-01 10 3.09945497053151833e+01
2 0 0 59 7.50000000000024203e-01 5.00000000000070610e-01 7.50000000000024203e-01 11 3.50889628400642337e+01
2 0 0 59 7.50000000000024203e-01 5.00000000000070610e-01 7.50000000000024203e-01 12 3.66142252922887792e+01
2 0 0 59 7.50000000000024203e-01 5.00000000000070610e-01 7.50000000000024203e-01 13 3.84917410710895425e+01
2 0 0 59 7.50000000000024203e-01 5.00000000000070610e-01 7.50000000000024203e-01 14 4.07851841273170521e+01
2 0 0 59 7.50000000000024203e-01 5.00000000000070610e-01 7.50000000000024203e-01 15 4.40150537664370844e+01
2 0 0 59 7.50000000000024203e-01 5.00000000000070610e-01 7.50000000000024203e-01 16 4.68036059894918850e+01
2 0 0 59 7.50000000000024203e-01 5.00000000000070610e-01 7.50000000000024203e-01 17 5.19212206008145145e+01
2 0 0 59 7.50000000000024203e-01 5.00000000000070610e-01 7.50000000000024203e-01 18 5.65483238424883439e+01
2 0 0 59 7.50000000000024203e-01 5.00000000000070610e-01 7.50000000000024203e-01 19 8.81788624507346697e+01
2 0 0 59 7.50000000000024203e-01 5.00000000000070610e-01 7.50000000000024203e-01 20 1.12408458686395377e+02
2 0 0 59 7.50000000000024203e-01 5.00000000000070610e-01 7.50000000000024203e-01 21 2.42388453692693645e+02
2 0 0 59 7.50000000000024203e-01 5.00000000000070610e-01 7.50000000000024203e-01 22 7.90126465675464601e+02
2 0 0 59 7.50000000000024203e-01 5.00000000000070610e-01 7.50000000000024203e-01 23 1.03329148327212533e+03
2 0 0 59 7.50000000000024203e-01 5.00000000000070610e-01 7.50000000000024203e-01 24 1.73924100354890834e+03
2 0 0 59 7.50000000000024203e-01 5.00000000000070610e-01 7.50000000000024203e-01 25 3.30058247528611992e+03
2 0 0 60 0.00000000000000000e+00 7.50000000000024203e-01 7.50000000000024203e-01 0 -1.14973982818090086e+01
2 0 0 60 0.00000000000000000e+00 7.50000000000024203e-01 7.50000000000024203e-01 1 3.96418757727562454e+00
2 0 0 60 0.00000000000000000e+00 7.50000000000024203e-01 7.50000000000024203e-01 2 5.72522606254708055e+00
2 0 0 60 0.00000000000000000e+00 7.50000000000024203e-01 7.50000000000024203e-01 3 6.82360126123259292e+00
2 0 0 60 0.00000000000000000e+00 7.50000000000024203e-01 7.50000000000024203e-01 4 1.19799636608237190e+01
2 0 0 60 0.00000000000000000e+00 7.50000000000024203e-01 7.50000000000024203e-01 5 1.57380491742163358e+01
2 0 0 60 0.00000000000000000e+00 7.50000000000024203e-01 7.50000000000024203e-01 6 1.81635141714957236e+01
2 0 0 60 0.00000000000000000e+00 7.50000000000024203e-01 7.50000000000024203e-01 7 1.90320498409372902e+01
2 0 0 60 0.00000000000000000e+00 7.50000000000024203e-01 7.50000000000024203e-01 8 2.20914500026391174e+01
2 0 0 60 0.00000000000000000e+00 7.50000000000024203e-01 7.50000000000024203e-01 9 2.58956415836396836e+01
2 0 0 60 0.00000000000000000e+00 7.50000000000024203e-01 7.50000000000024203e-01 10 3.16300343660511452e+01
2 0 0 60 0.00000000000000000e+00 7.50000000000024203e-01 7.50000000000024203e-01 11 3.31438318600395405e+01
2 0 0 60 0.00000000000000000e+00 7.50000000000024203e-01 7.50000000000024203e-01 12 3.65671444378489312e+01
2 0 0 60 0.00000000000000000e+00 7.50000000000024203e-01 7.50000000000024203e-01 13 3.98227952864341930e+01
2 0 0 60 0.00000000000000000e+00 7.50000000000024203e-01 7.50000000000024203e-01 14 4.27803140543910914e+01
2 0 0 60 0.00000000000000000e+00 7.50000000000024203e-01 7.50000000000024203e-01 15 4.67769286363327126e+01
2 0 0 60 0.00000000000000000e+00 7.50000000000024203e-01 7.50000000000024203e-01 16 5.01656625255163675e+01
2 0 0 60 0.00000000000000000e+00 7.50000000000024203e-01 7.50000000000024203e-01 17 5.21985621285917176e+01
2 0 0 60 0.00000000000000000e+00 7.50000000000024203e-01 7.50000000000024203e-01 18 5.85231844038934241e+01
2 0 0 60 0.00000000000000000e+00 7.50000000000024203e-01 7.50000000000024203e-01 19 1.49294925412128805e+02
2 0 0 60 0.00000000000000000e+00 7.50000000000024203e-01 7.50000000000024203e-01 20 1.54005498859530121e+02
2 0 0 60 0.00000000000000000e+00 7.50000000000024203e-01 7.50000000000024203e-01 21 2.90098594729254728e+02
2 0 0 60 0.00000000000000000e+00 7.50000000000024203e-01 7.50000000000024203e-01 22 6.99704787271246005e+02
2 0 0 60 0.00000000000000000e+00 7.50000000000024203e-01 7.50000000000024203e-01 23 1.58271851760787445e+03
2 0 0 60 0.00000000000000000e+00 7.50000000000024203e-01 7.50000000000024203e-01 24 1.71932986138949491e+03
2 0 0 60 0.00000000000000000e+00 7.50000000000024203e-01 7.50000000000024203e-01 25 2.04968029407715949e+03
2 0 0 61 2.50000000000035305e-01 7.50000000000024314e-01 7.50000000000024314e-01 0 -7.59442907646502174e+00
2 0 0 61 2.50000000000035305e-01 7.50000000000024314e-01 7.50000000000024314e-01 1 -4.09371710134260255e-02
2 0 0 61 2.50000000000035305e-01 7.50000000000024314e-01 7.50000000000024314e-01 2 4.44940679865982869e+00
2 0 0 61 2.50000000000035305e-01 7.50000000000024314e-01 7.50000000000024314e-01 3 5.81176406502828335e+00
2 0 0 61 2.50000000000035305e-01 7.50000000000024314e-01 7.50000000000024314e-01 4 1.26603079850764733e+01
2 0 0 61 2.50000000000035305e-01 7.50000000000024314e-01 7.50000000000024314e-01 5 1.59957854553915535e+01
2 0 0 61 2.50000000000035305e-01 7.50000000000024314e-01 7.50000000000024314e-01 6 1.82200485506148446e+01
2 0 0 61 2.50000000000035305e-01 7.50000000000024314e-01 7.50000000000024314e-01 7 1.94505100827652093e+01
2 0 0 61 2.50000000000035305e-01 7.50000000000024314e-01 7.50000000000024314e-01 8 2.56963217231110512e+01
2 0 0 61 2.50000000000035305e-01 7.50000000000024314e-01 7.50000000000024314e-01 9 2.75385368023717980e+01
2 0 0 61 2.50000000000035305e-01 7.50000000000024314e-01 7.50000000000024314e-01 10 2.95169842362445536e+01
2 0 0 61 2.50000000000035305e-01 7.50000000000024314e-01 7.50000000000024314e-01 11 3.16804607792638571e+01
2 0 0 61 2.50000000000035305e-01 7.50000000000024314e-01 7.50000000000024314e-01 12 3.81398053646671400e+01
2 0 0 61 2.50000000000035305e-01 7.50000000000024314e-01 7.50000000000024314e-01 13 3.91418033866745603e+01
2 0 0 61 2.50000000000035305e-01 7.50000000000024314e-01 7.50000000000024314e-01 14 4.04305142373127140e+01
2 0 0 61 2.50000000000035305e-01 7.50000000000024314e-01 7.50000000000024314e-01 15 4.49159565422775344e+01
2 0 0 61 2.50000000000035305e-01 7.50000000000024314e-01 7.50000000000024314e-01 16 4.98099282833487749e+01
2 0 0 61 2.50000000000035305e-01 7.50000000000024314e-01 7.50000000000024314e-01 17 5.12580994194791728e+01
2 0 0 61 2.50000000000035305e-01 7.50000000000024314e-01 7.50000000000024314e-01 18 5.47171080018391720e+01
2 0 0 61 2.50000000000035305e-01 7.50000000000024314e-01 7.50000000000024314e-01 19 7.65803778147569574e+01
2 0 0 61 2.50000000000035305e-01 7.50000000000024314e-01 7.50000000000024314e-01 20 1.22553771746892522e+02
2 0 0 61 2.50000000000035305e-01 7.50000000000024314e-01 7.50000000000024314e-01 21 1.37068683072041836e+02
2 0 0 61 2.50000000000035305e-01 7.50000000000024314e-01 7.50000000000024314e-01 22 8.68122128213817859e+02
2 0 0 61 2.50000000000035305e-01 7.50000000000024314e-01 7.50000000000024314e-01 23 1.10915812604167559e+03
2 0 0 61 2.50000000000035305e-01 7.50000000000024314e-01 7.50000000000024314e-01 24 1.92213155823292868e+03
2 0 0 61 2.50000000000035305e-01 7.50000000000024314e-01 7.50000000000024314e-01 25 3.35732069793423807e+03
2 0 0 62 5.00000000000070610e-01 7.50000000000024203e-01 7.50000000000024203e-01 0 -9.54605692911663617e+00
2 0 0 62 5.00000000000070610e-01 7.50000000000024203e-01 7.50000000000024203e-01 1 1.62859099188477319e+00
2 0 0 62 5.00000000000070610e-01 7.50000000000024203e-01 7.50000000000024203e-01 2 4.64487372870758186e+00
2 0 0 62 5.00000000000070610e-01 7.50000000000024203e-01 7.50000000000024203e-01 3 6.34457785856689238e+00
2 0 0 62 5.00000000000070610e-01 7.50000000000024203e-01 7.50000000000024203e-01 4 1.45864013558403816e+01
2 0 0 62 5.00000000000070610e-01 7.50000000000024203e-01 7.50000000000024203e-01 5 1.58009696792047638e+01
2 0 0 62 5.00000000000070610e-01 7.50000000000024203e-01 7.50000000000024203e-01 6 1.69899587468186688e+01
2 0 0 62 5.00000000000070610e-01 7.50000000000024203e-01 7.50000000000024203e-01 7 1.87402853763256445e+01
2 0 0 62 5.00000000000070610e-01 7.50000000000024203e-01 7.50000000000024203e-01 8 2.15111317826540258e+01
2 0 0 62 5.00000000000070610e-01 7.50000000000024203e-01 7.50000000000024203e-01 9 2.68951063568905901e+01
2 0 0 62 5.00000000000070610e-01 7.50000000000024203e-01 7.50000000000024203e-01 10 3.10647932097147823e+01
2 0 0 62 5.00000000000070610e-01 7.50000000000024203e-01 7.50000000000024203e-01 11 3.57574981608261666e+01
2 0 0 62 5.00000000000070610e-01 7.50000000000024203e-01 7.50000000000024203e-01 12 3.63806841398741483e+01
2 0 0 62 5.00000000000070610e-01 7.50000000000024203e-01 7.50000000000024203e-01 13 3.82865602837217978e+01
2 0 0 62 5.00000000000070610e-01 7.50000000000024203e-01 7.50000000000024203e-01 14 4.06988976743408273e+01
2 0 0 62 5.00000000000070610e-01 7.50000000000024203e-01 7.50000000000024203e-01 15 4.37147641434645635e+01
2 0 0 62 5.00000000000070610e-01 7.50000000000024203e-01 7.50000000000024203e-01 16 4.67387954358290685e+01
2 0 0 62 5.00000000000070610e-01 7.50000000000024203e-01 7.50000000000024203e-01 17 5.12312404438841824e+01
2 0 0 62 5.00000000000070610e-01 7.50000000000024203e-01 7.50000000000024203e-01 18 5.57159696357878502e+01
2 0 0 62 5.00000000000070610e-01 7.50000000000024203e-01 7.50000000000024203e-01 19 9.21235642951533720e+01
2 0 0 62 5.00000000000070610e-01 7.50000000000024203e-01 7.50000000000024203e-01 20 1.11430407228092136e+02
2 0 0 62 5.00000000000070610e-01 7.50000000000024203e-01 7.50000000000024203e-01 21 2.39011789823193681e+02
2 0 0 62 5.00000000000070610e-01 7.50000000000024203e-01 7.50000000000024203e-01 22 7.71625459742473936e+02
2 0 0 62 5.00000000000070610e-01 7.50000000000024203e-01 7.50000000000024203e-01 23 1.07264523084683788e+03
2 0 0 62 5.00000000000070610e-01 7.50000000000024203e-01 7.50000000000024203e-01 24 1.80517940772473321e+03
2 0 0 62 5.00000000000070610e-01 7.50000000000024203e-01 7.50000000000024203e-01 25 3.24746452117305989e+03
2 0 0 63 7.49999999999942601e-01 7.49999999999942601e-01 7.49999999999942601e-01 0 -1.20433234134451173e+01
2 0 0 63 7.49999999999942601e-01 7.49999999999942601e-01 7.49999999999942601e-01 1 3.82784791159454407e+00
2 0 0 63 7.49999999999942601e-01 7.49999999999942601e-01 7.49999999999942601e-01 2 7.04991717627631775e+00
2 0 0 63 7.49999999999942601e-01 7.49999999999942601e-01 7.49999999999942601e-01 3 8.12430163548170725e+00
2 0 0 63 7.49999999999942601e-01 7.49999999999942601e-01 7.49999999999942601e-01 4 1.36105125934972921e+01
2 0 0 63 7.49999999999942601e-01 7.49999999999942601e-01 7.49999999999942601e-01 5 1.53179883018791561e+01
2 0 0 63 7.49999999999942601e-01 7.49999999999942601e-01 7.49999999999942601e-01 6 1.55963933590374726e+01
2 0 0 63 7.49999999999942601e-01 7.49999999999942601e-01 7.49999999999942601e-01 7 1.98897728422269360e+01
2 0 0 63 7.49999999999942601e-01 7.49999999999942601e-01 7.49999999999942601e-01 8 2.00232117649646817e+01
2 0 0 63 7.49999999999942601e-01 7.49999999999942601e-01 7.49999999999942601e-01 9 2.43051764904967342e+01
2 0 0 63 7.49999999999942601e-01 7.49999999999942601e-01 7.49999999999942601e-01 10 3.21600731688444839e+01
2 0 0 63 7.49999999999942601e-01 7.49999999999942601e-01 7.49999999999942601e-01 11 3.43815205743038490e+01
2 0 0 63 7.49999999999942601e-01 7.49999999999942601e-01 7.49999999999942601e-01 12 3.52345431609154716e+01
2 0 0 63 7.49999999999942601e-01 7.49999999999942601e-01 7.49999999999942601e-01 13 3.76530603087149132e+01
2 0 0 63 7.49999999999942601e-01 7.49999999999942601e-01 7.49999999999942601e-01 14 4.46739870996408612e+01
2 0 0 63 7.49999999999942601e-01 7.49999999999942601e-01 7.49999999999942601e-01 15 4.50706914376566985e+01
2 0 0 63 7.49999999999942601e-01 7.49999999999942601e-01 7.49999999999942601e-01 16 5.26639987485921495e+01
2 0 0 63 7.49999999999942601e-01 7.49999999999942601e-01 7.49999999999942601e-01 17 5.45399889730386107e+01
2 0 0 63 7.49999999999942601e-01 7.49999999999942601e-01 7.49999999999942601e-01 18 5.49760050579054180e+01
2 0 0 63 7.49999999999942601e-01 7.49999999999942601e-01 7.49999999999942601e-01 19 1.22094257089112347e+02
2 0 0 63 7.49999999999942601e-01 7.49999999999942601e-01 7.49999999999942601e-01 20 3.29440162308646620e+02
2 0 0 63 7.49999999999942601e-01 7.49999999999942601e-01 7.49999999999942601e-01 21 3.57016344889947334e+02
2 0 0 63 7.49999999999942601e-01 7.49999999999942601e-01 7.49999999999942601e-01 22 8.18661728936308236e+02
2 0 0 63 7.49999999999942601e-01 7.49999999999942601e-01 7.49999999999942601e-01 23 8.80928312604933240e+02
2 0 0 63 7.49999999999942601e-01 7.49999999999942601e-01 7.49999999999942601e-01 24 1.47477735570338814e+03
2 0 0 63 7.49999999999942601e-01 7.49999999999942601e-01 7.49999999999942601e-01 25 2.64820070242164047e+03
