# qsgw_contract_version 5
# fixed_basis immutable_mf0
# live_update eigenvalues_wfc
# velocity disabled_stage1
# headwing disabled_stage1
# symmetry unsupported_full_bz_only
# hartree disabled_stage1
# band disabled_stage1
# qsgw_input_contract /data/home/df_iopcas_bhj/ai-runs/librpa-qsgw-rebase-gates-20260715T1910-7d69a18c/inputs/si-k444-headwing-scf-synced-v2-2345960/dataset/qsgw_input.disabled.contract
# qsgw_input_contract_sha256 0dd83763717853fb64960f56354a2d7b7acd9c6759adcdff49dac9936635f110
# qsgw_mixer none
# qsgw_mixing_beta 0.20000000000000001
# iter channel spin kpoint kx ky kz band energy_eV
0 0 0 0 0.00000000000000000e+00 0.00000000000000000e+00 0.00000000000000000e+00 0 -5.57227943475782528e+00
0 0 0 0 0.00000000000000000e+00 0.00000000000000000e+00 0.00000000000000000e+00 1 6.43252264937479090e+00
0 0 0 0 0.00000000000000000e+00 0.00000000000000000e+00 0.00000000000000000e+00 2 6.43252264937479090e+00
0 0 0 0 0.00000000000000000e+00 0.00000000000000000e+00 0.00000000000000000e+00 3 6.43252264937479090e+00
0 0 0 0 0.00000000000000000e+00 0.00000000000000000e+00 0.00000000000000000e+00 4 9.14776566093089549e+00
0 0 0 0 0.00000000000000000e+00 0.00000000000000000e+00 0.00000000000000000e+00 5 9.14776566093097721e+00
0 0 0 0 0.00000000000000000e+00 0.00000000000000000e+00 0.00000000000000000e+00 6 9.14776566093100563e+00
0 0 0 0 0.00000000000000000e+00 0.00000000000000000e+00 0.00000000000000000e+00 7 1.00312562513752166e+01
0 0 0 0 0.00000000000000000e+00 0.00000000000000000e+00 0.00000000000000000e+00 8 1.48676520693320189e+01
0 0 0 0 0.00000000000000000e+00 0.00000000000000000e+00 0.00000000000000000e+00 9 1.48676520693320189e+01
0 0 0 0 0.00000000000000000e+00 0.00000000000000000e+00 0.00000000000000000e+00 10 1.86719908000537984e+01
0 0 0 0 0.00000000000000000e+00 0.00000000000000000e+00 0.00000000000000000e+00 11 2.24344258456428136e+01
0 0 0 0 0.00000000000000000e+00 0.00000000000000000e+00 0.00000000000000000e+00 12 2.24344258456428953e+01
0 0 0 0 0.00000000000000000e+00 0.00000000000000000e+00 0.00000000000000000e+00 13 2.24344258456429522e+01
0 0 0 0 0.00000000000000000e+00 0.00000000000000000e+00 0.00000000000000000e+00 14 3.14462444259747720e+01
0 0 0 0 0.00000000000000000e+00 0.00000000000000000e+00 0.00000000000000000e+00 15 3.14462444259747720e+01
0 0 0 0 0.00000000000000000e+00 0.00000000000000000e+00 0.00000000000000000e+00 16 3.38492849346076952e+01
0 0 0 0 0.00000000000000000e+00 0.00000000000000000e+00 0.00000000000000000e+00 17 3.38492849346078017e+01
0 0 0 0 0.00000000000000000e+00 0.00000000000000000e+00 0.00000000000000000e+00 18 3.38492849346078017e+01
0 0 0 0 0.00000000000000000e+00 0.00000000000000000e+00 0.00000000000000000e+00 19 6.64978765643551952e+01
0 0 0 0 0.00000000000000000e+00 0.00000000000000000e+00 0.00000000000000000e+00 20 6.64978765643642618e+01
0 0 0 0 0.00000000000000000e+00 0.00000000000000000e+00 0.00000000000000000e+00 21 6.64978765643647165e+01
0 0 0 0 0.00000000000000000e+00 0.00000000000000000e+00 0.00000000000000000e+00 22 1.02504175331043825e+02
0 0 0 0 0.00000000000000000e+00 0.00000000000000000e+00 0.00000000000000000e+00 23 1.19026731585534804e+02
0 0 0 0 0.00000000000000000e+00 0.00000000000000000e+00 0.00000000000000000e+00 24 1.19026731585546216e+02
0 0 0 0 0.00000000000000000e+00 0.00000000000000000e+00 0.00000000000000000e+00 25 1.19026731585549285e+02
0 0 0 1 2.50000000000035305e-01 0.00000000000000000e+00 0.00000000000000000e+00 0 -4.77928439869769139e+00
0 0 0 1 2.50000000000035305e-01 0.00000000000000000e+00 0.00000000000000000e+00 1 2.46680605279678922e+00
0 0 0 1 2.50000000000035305e-01 0.00000000000000000e+00 0.00000000000000000e+00 2 5.67615955045470599e+00
0 0 0 1 2.50000000000035305e-01 0.00000000000000000e+00 0.00000000000000000e+00 3 5.67615955045473264e+00
0 0 0 1 2.50000000000035305e-01 0.00000000000000000e+00 0.00000000000000000e+00 4 8.63478008904076688e+00
0 0 0 1 2.50000000000035305e-01 0.00000000000000000e+00 0.00000000000000000e+00 5 1.01791067980607934e+01
0 0 0 1 2.50000000000035305e-01 0.00000000000000000e+00 0.00000000000000000e+00 6 1.01791067980607934e+01
0 0 0 1 2.50000000000035305e-01 0.00000000000000000e+00 0.00000000000000000e+00 7 1.38167819259346150e+01
0 0 0 1 2.50000000000035305e-01 0.00000000000000000e+00 0.00000000000000000e+00 8 1.47511644089769707e+01
0 0 0 1 2.50000000000035305e-01 0.00000000000000000e+00 0.00000000000000000e+00 9 1.47511644089769973e+01
0 0 0 1 2.50000000000035305e-01 0.00000000000000000e+00 0.00000000000000000e+00 10 1.98647145492865889e+01
0 0 0 1 2.50000000000035305e-01 0.00000000000000000e+00 0.00000000000000000e+00 11 2.28825557074830357e+01
0 0 0 1 2.50000000000035305e-01 0.00000000000000000e+00 0.00000000000000000e+00 12 2.32685984980902631e+01
0 0 0 1 2.50000000000035305e-01 0.00000000000000000e+00 0.00000000000000000e+00 13 2.32685984980903449e+01
0 0 0 1 2.50000000000035305e-01 0.00000000000000000e+00 0.00000000000000000e+00 14 2.95249480917060865e+01
0 0 0 1 2.50000000000035305e-01 0.00000000000000000e+00 0.00000000000000000e+00 15 2.95249480917061149e+01
0 0 0 1 2.50000000000035305e-01 0.00000000000000000e+00 0.00000000000000000e+00 16 3.14747523700926948e+01
0 0 0 1 2.50000000000035305e-01 0.00000000000000000e+00 0.00000000000000000e+00 17 3.39472997493824877e+01
0 0 0 1 2.50000000000035305e-01 0.00000000000000000e+00 0.00000000000000000e+00 18 3.39472997493825446e+01
0 0 0 1 2.50000000000035305e-01 0.00000000000000000e+00 0.00000000000000000e+00 19 4.32507293026725606e+01
0 0 0 1 2.50000000000035305e-01 0.00000000000000000e+00 0.00000000000000000e+00 20 6.13761034511607875e+01
0 0 0 1 2.50000000000035305e-01 0.00000000000000000e+00 0.00000000000000000e+00 21 6.13761034511635657e+01
0 0 0 1 2.50000000000035305e-01 0.00000000000000000e+00 0.00000000000000000e+00 22 9.84576719779490475e+01
0 0 0 1 2.50000000000035305e-01 0.00000000000000000e+00 0.00000000000000000e+00 23 9.84576719779550302e+01
0 0 0 1 2.50000000000035305e-01 0.00000000000000000e+00 0.00000000000000000e+00 24 1.04798743835712870e+02
0 0 0 1 2.50000000000035305e-01 0.00000000000000000e+00 0.00000000000000000e+00 25 1.54047557201724032e+02
0 0 0 2 5.00000000000070610e-01 0.00000000000000000e+00 0.00000000000000000e+00 0 -3.24596580198790896e+00
0 0 0 2 5.00000000000070610e-01 0.00000000000000000e+00 0.00000000000000000e+00 1 -6.04418885752118218e-01
0 0 0 2 5.00000000000070610e-01 0.00000000000000000e+00 0.00000000000000000e+00 2 5.24067752011174104e+00
0 0 0 2 5.00000000000070610e-01 0.00000000000000000e+00 0.00000000000000000e+00 3 5.24067752011174104e+00
0 0 0 2 5.00000000000070610e-01 0.00000000000000000e+00 0.00000000000000000e+00 4 8.10635145303600169e+00
0 0 0 2 5.00000000000070610e-01 0.00000000000000000e+00 0.00000000000000000e+00 5 1.01723325320599116e+01
0 0 0 2 5.00000000000070610e-01 0.00000000000000000e+00 0.00000000000000000e+00 6 1.01723325320599116e+01
0 0 0 2 5.00000000000070610e-01 0.00000000000000000e+00 0.00000000000000000e+00 7 1.75471393083260523e+01
0 0 0 2 5.00000000000070610e-01 0.00000000000000000e+00 0.00000000000000000e+00 8 1.80041084701005758e+01
0 0 0 2 5.00000000000070610e-01 0.00000000000000000e+00 0.00000000000000000e+00 9 1.80041084701005758e+01
0 0 0 2 5.00000000000070610e-01 0.00000000000000000e+00 0.00000000000000000e+00 10 1.83579416029927813e+01
0 0 0 2 5.00000000000070610e-01 0.00000000000000000e+00 0.00000000000000000e+00 11 1.97306204018278777e+01
0 0 0 2 5.00000000000070610e-01 0.00000000000000000e+00 0.00000000000000000e+00 12 1.97306204018279061e+01
0 0 0 2 5.00000000000070610e-01 0.00000000000000000e+00 0.00000000000000000e+00 13 2.65327225509091242e+01
0 0 0 2 5.00000000000070610e-01 0.00000000000000000e+00 0.00000000000000000e+00 14 2.84591910703909576e+01
0 0 0 2 5.00000000000070610e-01 0.00000000000000000e+00 0.00000000000000000e+00 15 2.96489496347264847e+01
0 0 0 2 5.00000000000070610e-01 0.00000000000000000e+00 0.00000000000000000e+00 16 2.96489496347264847e+01
0 0 0 2 5.00000000000070610e-01 0.00000000000000000e+00 0.00000000000000000e+00 17 3.36128535729160802e+01
0 0 0 2 5.00000000000070610e-01 0.00000000000000000e+00 0.00000000000000000e+00 18 3.36128535729161086e+01
0 0 0 2 5.00000000000070610e-01 0.00000000000000000e+00 0.00000000000000000e+00 19 3.64309474830753359e+01
0 0 0 2 5.00000000000070610e-01 0.00000000000000000e+00 0.00000000000000000e+00 20 6.21815263312237008e+01
0 0 0 2 5.00000000000070610e-01 0.00000000000000000e+00 0.00000000000000000e+00 21 6.21815263312258750e+01
0 0 0 2 5.00000000000070610e-01 0.00000000000000000e+00 0.00000000000000000e+00 22 7.32589956292646463e+01
0 0 0 2 5.00000000000070610e-01 0.00000000000000000e+00 0.00000000000000000e+00 23 7.32589956292651010e+01
0 0 0 2 5.00000000000070610e-01 0.00000000000000000e+00 0.00000000000000000e+00 24 1.06593772898434523e+02
0 0 0 2 5.00000000000070610e-01 0.00000000000000000e+00 0.00000000000000000e+00 25 1.45626421941820723e+02
0 0 0 3 7.49999999999942601e-01 0.00000000000000000e+00 0.00000000000000000e+00 0 -4.77928439869771804e+00
0 0 0 3 7.49999999999942601e-01 0.00000000000000000e+00 0.00000000000000000e+00 1 2.46680605279678922e+00
0 0 0 3 7.49999999999942601e-01 0.00000000000000000e+00 0.00000000000000000e+00 2 5.67615955045467846e+00
0 0 0 3 7.49999999999942601e-01 0.00000000000000000e+00 0.00000000000000000e+00 3 5.67615955045473264e+00
0 0 0 3 7.49999999999942601e-01 0.00000000000000000e+00 0.00000000000000000e+00 4 8.63478008904073846e+00
0 0 0 3 7.49999999999942601e-01 0.00000000000000000e+00 0.00000000000000000e+00 5 1.01791067980607668e+01
0 0 0 3 7.49999999999942601e-01 0.00000000000000000e+00 0.00000000000000000e+00 6 1.01791067980608219e+01
0 0 0 3 7.49999999999942601e-01 0.00000000000000000e+00 0.00000000000000000e+00 7 1.38167819259345883e+01
0 0 0 3 7.49999999999942601e-01 0.00000000000000000e+00 0.00000000000000000e+00 8 1.47511644089769707e+01
0 0 0 3 7.49999999999942601e-01 0.00000000000000000e+00 0.00000000000000000e+00 9 1.47511644089769973e+01
0 0 0 3 7.49999999999942601e-01 0.00000000000000000e+00 0.00000000000000000e+00 10 1.98647145492865604e+01
0 0 0 3 7.49999999999942601e-01 0.00000000000000000e+00 0.00000000000000000e+00 11 2.28825557074830108e+01
0 0 0 3 7.49999999999942601e-01 0.00000000000000000e+00 0.00000000000000000e+00 12 2.32685984980902916e+01
0 0 0 3 7.49999999999942601e-01 0.00000000000000000e+00 0.00000000000000000e+00 13 2.32685984980903449e+01
0 0 0 3 7.49999999999942601e-01 0.00000000000000000e+00 0.00000000000000000e+00 14 2.95249480917060865e+01
0 0 0 3 7.49999999999942601e-01 0.00000000000000000e+00 0.00000000000000000e+00 15 2.95249480917060865e+01
0 0 0 3 7.49999999999942601e-01 0.00000000000000000e+00 0.00000000000000000e+00 16 3.14747523700926699e+01
0 0 0 3 7.49999999999942601e-01 0.00000000000000000e+00 0.00000000000000000e+00 17 3.39472997493824593e+01
0 0 0 3 7.49999999999942601e-01 0.00000000000000000e+00 0.00000000000000000e+00 18 3.39472997493826014e+01
0 0 0 3 7.49999999999942601e-01 0.00000000000000000e+00 0.00000000000000000e+00 19 4.32507293026725108e+01
0 0 0 3 7.49999999999942601e-01 0.00000000000000000e+00 0.00000000000000000e+00 20 6.13761034511609793e+01
0 0 0 3 7.49999999999942601e-01 0.00000000000000000e+00 0.00000000000000000e+00 21 6.13761034511637575e+01
0 0 0 3 7.49999999999942601e-01 0.00000000000000000e+00 0.00000000000000000e+00 22 9.84576719779503264e+01
0 0 0 3 7.49999999999942601e-01 0.00000000000000000e+00 0.00000000000000000e+00 23 9.84576719779560392e+01
0 0 0 3 7.49999999999942601e-01 0.00000000000000000e+00 0.00000000000000000e+00 24 1.04798743835713978e+02
0 0 0 3 7.49999999999942601e-01 0.00000000000000000e+00 0.00000000000000000e+00 25 1.54047557201729660e+02
0 0 0 4 0.00000000000000000e+00 2.50000000000035305e-01 0.00000000000000000e+00 0 -4.77928439869769139e+00
0 0 0 4 0.00000000000000000e+00 2.50000000000035305e-01 0.00000000000000000e+00 1 2.46680605279678922e+00
0 0 0 4 0.00000000000000000e+00 2.50000000000035305e-01 0.00000000000000000e+00 2 5.67615955045470599e+00
0 0 0 4 0.00000000000000000e+00 2.50000000000035305e-01 0.00000000000000000e+00 3 5.67615955045470599e+00
0 0 0 4 0.00000000000000000e+00 2.50000000000035305e-01 0.00000000000000000e+00 4 8.63478008904076688e+00
0 0 0 4 0.00000000000000000e+00 2.50000000000035305e-01 0.00000000000000000e+00 5 1.01791067980607401e+01
0 0 0 4 0.00000000000000000e+00 2.50000000000035305e-01 0.00000000000000000e+00 6 1.01791067980608751e+01
0 0 0 4 0.00000000000000000e+00 2.50000000000035305e-01 0.00000000000000000e+00 7 1.38167819259345066e+01
0 0 0 4 0.00000000000000000e+00 2.50000000000035305e-01 0.00000000000000000e+00 8 1.47511644089769973e+01
0 0 0 4 0.00000000000000000e+00 2.50000000000035305e-01 0.00000000000000000e+00 9 1.47511644089769973e+01
0 0 0 4 0.00000000000000000e+00 2.50000000000035305e-01 0.00000000000000000e+00 10 1.98647145492865604e+01
0 0 0 4 0.00000000000000000e+00 2.50000000000035305e-01 0.00000000000000000e+00 11 2.28825557074830641e+01
0 0 0 4 0.00000000000000000e+00 2.50000000000035305e-01 0.00000000000000000e+00 12 2.32685984980903164e+01
0 0 0 4 0.00000000000000000e+00 2.50000000000035305e-01 0.00000000000000000e+00 13 2.32685984980903449e+01
0 0 0 4 0.00000000000000000e+00 2.50000000000035305e-01 0.00000000000000000e+00 14 2.95249480917060865e+01
0 0 0 4 0.00000000000000000e+00 2.50000000000035305e-01 0.00000000000000000e+00 15 2.95249480917061398e+01
0 0 0 4 0.00000000000000000e+00 2.50000000000035305e-01 0.00000000000000000e+00 16 3.14747523700926415e+01
0 0 0 4 0.00000000000000000e+00 2.50000000000035305e-01 0.00000000000000000e+00 17 3.39472997493825162e+01
0 0 0 4 0.00000000000000000e+00 2.50000000000035305e-01 0.00000000000000000e+00 18 3.39472997493825659e+01
0 0 0 4 0.00000000000000000e+00 2.50000000000035305e-01 0.00000000000000000e+00 19 4.32507293026726174e+01
0 0 0 4 0.00000000000000000e+00 2.50000000000035305e-01 0.00000000000000000e+00 20 6.13761034511606525e+01
0 0 0 4 0.00000000000000000e+00 2.50000000000035305e-01 0.00000000000000000e+00 21 6.13761034511638073e+01
0 0 0 4 0.00000000000000000e+00 2.50000000000035305e-01 0.00000000000000000e+00 22 9.84576719779493459e+01
0 0 0 4 0.00000000000000000e+00 2.50000000000035305e-01 0.00000000000000000e+00 23 9.84576719779561387e+01
0 0 0 4 0.00000000000000000e+00 2.50000000000035305e-01 0.00000000000000000e+00 24 1.04798743835718128e+02
0 0 0 4 0.00000000000000000e+00 2.50000000000035305e-01 0.00000000000000000e+00 25 1.54047557201726306e+02
0 0 0 5 2.50000000000035305e-01 2.50000000000035305e-01 0.00000000000000000e+00 0 -4.49597478733595679e+00
0 0 0 5 2.50000000000035305e-01 2.50000000000035305e-01 0.00000000000000000e+00 1 2.87514926603858667e+00
0 0 0 5 2.50000000000035305e-01 2.50000000000035305e-01 0.00000000000000000e+00 2 4.54671193862821088e+00
0 0 0 5 2.50000000000035305e-01 2.50000000000035305e-01 0.00000000000000000e+00 3 4.54671193862821088e+00
0 0 0 5 2.50000000000035305e-01 2.50000000000035305e-01 0.00000000000000000e+00 4 7.79317461735666761e+00
0 0 0 5 2.50000000000035305e-01 2.50000000000035305e-01 0.00000000000000000e+00 5 1.04990338686111073e+01
0 0 0 5 2.50000000000035305e-01 2.50000000000035305e-01 0.00000000000000000e+00 6 1.23759252518943050e+01
0 0 0 5 2.50000000000035305e-01 2.50000000000035305e-01 0.00000000000000000e+00 7 1.23759252518943335e+01
0 0 0 5 2.50000000000035305e-01 2.50000000000035305e-01 0.00000000000000000e+00 8 1.53167335444534540e+01
0 0 0 5 2.50000000000035305e-01 2.50000000000035305e-01 0.00000000000000000e+00 9 1.63769258183246542e+01
0 0 0 5 2.50000000000035305e-01 2.50000000000035305e-01 0.00000000000000000e+00 10 2.11487617275333797e+01
0 0 0 5 2.50000000000035305e-01 2.50000000000035305e-01 0.00000000000000000e+00 11 2.19283964050910569e+01
0 0 0 5 2.50000000000035305e-01 2.50000000000035305e-01 0.00000000000000000e+00 12 2.19283964050912203e+01
0 0 0 5 2.50000000000035305e-01 2.50000000000035305e-01 0.00000000000000000e+00 13 2.58696378526805475e+01
0 0 0 5 2.50000000000035305e-01 2.50000000000035305e-01 0.00000000000000000e+00 14 2.78495385330309659e+01
0 0 0 5 2.50000000000035305e-01 2.50000000000035305e-01 0.00000000000000000e+00 15 2.93335133569815198e+01
0 0 0 5 2.50000000000035305e-01 2.50000000000035305e-01 0.00000000000000000e+00 16 3.17429024718693213e+01
0 0 0 5 2.50000000000035305e-01 2.50000000000035305e-01 0.00000000000000000e+00 17 3.17429024718695167e+01
0 0 0 5 2.50000000000035305e-01 2.50000000000035305e-01 0.00000000000000000e+00 18 3.44916883167834953e+01
0 0 0 5 2.50000000000035305e-01 2.50000000000035305e-01 0.00000000000000000e+00 19 4.50678226240389463e+01
0 0 0 5 2.50000000000035305e-01 2.50000000000035305e-01 0.00000000000000000e+00 20 4.50678226240392945e+01
0 0 0 5 2.50000000000035305e-01 2.50000000000035305e-01 0.00000000000000000e+00 21 5.88951776016287596e+01
0 0 0 5 2.50000000000035305e-01 2.50000000000035305e-01 0.00000000000000000e+00 22 7.89218830742331079e+01
0 0 0 5 2.50000000000035305e-01 2.50000000000035305e-01 0.00000000000000000e+00 23 1.12218916471532822e+02
0 0 0 5 2.50000000000035305e-01 2.50000000000035305e-01 0.00000000000000000e+00 24 1.36814293399770975e+02
0 0 0 5 2.50000000000035305e-01 2.50000000000035305e-01 0.00000000000000000e+00 25 1.36814293399779530e+02
0 0 0 6 4.99999999999988953e-01 2.49999999999953648e-01 0.00000000000000000e+00 0 -2.86108298751099399e+00
0 0 0 6 4.99999999999988953e-01 2.49999999999953648e-01 0.00000000000000000e+00 1 -2.79955835262059001e-03
0 0 0 6 4.99999999999988953e-01 2.49999999999953648e-01 0.00000000000000000e+00 2 2.85933300988994787e+00
0 0 0 6 4.99999999999988953e-01 2.49999999999953648e-01 0.00000000000000000e+00 3 4.23356880700233074e+00
0 0 0 6 4.99999999999988953e-01 2.49999999999953648e-01 0.00000000000000000e+00 4 8.36364216523242376e+00
0 0 0 6 4.99999999999988953e-01 2.49999999999953648e-01 0.00000000000000000e+00 5 1.14632162321868911e+01
0 0 0 6 4.99999999999988953e-01 2.49999999999953648e-01 0.00000000000000000e+00 6 1.25468587478207247e+01
0 0 0 6 4.99999999999988953e-01 2.49999999999953648e-01 0.00000000000000000e+00 7 1.28108031340239279e+01
0 0 0 6 4.99999999999988953e-01 2.49999999999953648e-01 0.00000000000000000e+00 8 1.75445330210377257e+01
0 0 0 6 4.99999999999988953e-01 2.49999999999953648e-01 0.00000000000000000e+00 9 1.80492900217465291e+01
0 0 0 6 4.99999999999988953e-01 2.49999999999953648e-01 0.00000000000000000e+00 10 2.01047047207393739e+01
0 0 0 6 4.99999999999988953e-01 2.49999999999953648e-01 0.00000000000000000e+00 11 2.01288468711111896e+01
0 0 0 6 4.99999999999988953e-01 2.49999999999953648e-01 0.00000000000000000e+00 12 2.55320667436287678e+01
0 0 0 6 4.99999999999988953e-01 2.49999999999953648e-01 0.00000000000000000e+00 13 2.59329681914183823e+01
0 0 0 6 4.99999999999988953e-01 2.49999999999953648e-01 0.00000000000000000e+00 14 2.65085959070952342e+01
0 0 0 6 4.99999999999988953e-01 2.49999999999953648e-01 0.00000000000000000e+00 15 2.74187853669978310e+01
0 0 0 6 4.99999999999988953e-01 2.49999999999953648e-01 0.00000000000000000e+00 16 2.92604216723641564e+01
0 0 0 6 4.99999999999988953e-01 2.49999999999953648e-01 0.00000000000000000e+00 17 3.15710443818281163e+01
0 0 0 6 4.99999999999988953e-01 2.49999999999953648e-01 0.00000000000000000e+00 18 3.27736118146601569e+01
0 0 0 6 4.99999999999988953e-01 2.49999999999953648e-01 0.00000000000000000e+00 19 3.76441425110639685e+01
0 0 0 6 4.99999999999988953e-01 2.49999999999953648e-01 0.00000000000000000e+00 20 4.33774346543053255e+01
0 0 0 6 4.99999999999988953e-01 2.49999999999953648e-01 0.00000000000000000e+00 21 4.68552906732924868e+01
0 0 0 6 4.99999999999988953e-01 2.49999999999953648e-01 0.00000000000000000e+00 22 9.32336033724399584e+01
0 0 0 6 4.99999999999988953e-01 2.49999999999953648e-01 0.00000000000000000e+00 23 1.05504226539983890e+02
0 0 0 6 4.99999999999988953e-01 2.49999999999953648e-01 0.00000000000000000e+00 24 1.16121464812230158e+02
0 0 0 6 4.99999999999988953e-01 2.49999999999953648e-01 0.00000000000000000e+00 25 1.36199531300412474e+02
0 0 0 7 7.50000000000024203e-01 2.49999999999953593e-01 0.00000000000000000e+00 0 -3.53849822179903395e+00
0 0 0 7 7.50000000000024203e-01 2.49999999999953593e-01 0.00000000000000000e+00 1 9.06912416253483622e-01
0 0 0 7 7.50000000000024203e-01 2.49999999999953593e-01 0.00000000000000000e+00 2 2.63481016961339964e+00
0 0 0 7 7.50000000000024203e-01 2.49999999999953593e-01 0.00000000000000000e+00 3 5.10631189803310725e+00
0 0 0 7 7.50000000000024203e-01 2.49999999999953593e-01 0.00000000000000000e+00 4 9.31446521881755274e+00
0 0 0 7 7.50000000000024203e-01 2.49999999999953593e-01 0.00000000000000000e+00 5 1.15339182333741466e+01
0 0 0 7 7.50000000000024203e-01 2.49999999999953593e-01 0.00000000000000000e+00 6 1.17936320762269755e+01
0 0 0 7 7.50000000000024203e-01 2.49999999999953593e-01 0.00000000000000000e+00 7 1.34999812379510544e+01
0 0 0 7 7.50000000000024203e-01 2.49999999999953593e-01 0.00000000000000000e+00 8 1.38959001860464486e+01
0 0 0 7 7.50000000000024203e-01 2.49999999999953593e-01 0.00000000000000000e+00 9 1.68432294336173527e+01
0 0 0 7 7.50000000000024203e-01 2.49999999999953593e-01 0.00000000000000000e+00 10 2.06946810568215369e+01
0 0 0 7 7.50000000000024203e-01 2.49999999999953593e-01 0.00000000000000000e+00 11 2.38403022107182814e+01
0 0 0 7 7.50000000000024203e-01 2.49999999999953593e-01 0.00000000000000000e+00 12 2.44987015119193146e+01
0 0 0 7 7.50000000000024203e-01 2.49999999999953593e-01 0.00000000000000000e+00 13 2.46800115643747056e+01
0 0 0 7 7.50000000000024203e-01 2.49999999999953593e-01 0.00000000000000000e+00 14 2.70695029269523850e+01
0 0 0 7 7.50000000000024203e-01 2.49999999999953593e-01 0.00000000000000000e+00 15 2.78549641062830098e+01
0 0 0 7 7.50000000000024203e-01 2.49999999999953593e-01 0.00000000000000000e+00 16 2.88872227542143776e+01
0 0 0 7 7.50000000000024203e-01 2.49999999999953593e-01 0.00000000000000000e+00 17 3.04843827400971072e+01
0 0 0 7 7.50000000000024203e-01 2.49999999999953593e-01 0.00000000000000000e+00 18 3.43518934060827732e+01
0 0 0 7 7.50000000000024203e-01 2.49999999999953593e-01 0.00000000000000000e+00 19 3.94879822757698165e+01
0 0 0 7 7.50000000000024203e-01 2.49999999999953593e-01 0.00000000000000000e+00 20 4.71775968599763473e+01
0 0 0 7 7.50000000000024203e-01 2.49999999999953593e-01 0.00000000000000000e+00 21 5.52283881451045531e+01
0 0 0 7 7.50000000000024203e-01 2.49999999999953593e-01 0.00000000000000000e+00 22 8.56233368278700055e+01
0 0 0 7 7.50000000000024203e-01 2.49999999999953593e-01 0.00000000000000000e+00 23 9.58635499918079859e+01
0 0 0 7 7.50000000000024203e-01 2.49999999999953593e-01 0.00000000000000000e+00 24 1.14131336134513404e+02
0 0 0 7 7.50000000000024203e-01 2.49999999999953593e-01 0.00000000000000000e+00 25 1.39318863909777491e+02
0 0 0 8 0.00000000000000000e+00 5.00000000000070610e-01 0.00000000000000000e+00 0 -3.24596580198793605e+00
0 0 0 8 0.00000000000000000e+00 5.00000000000070610e-01 0.00000000000000000e+00 1 -6.04418885752091017e-01
0 0 0 8 0.00000000000000000e+00 5.00000000000070610e-01 0.00000000000000000e+00 2 5.24067752011174104e+00
0 0 0 8 0.00000000000000000e+00 5.00000000000070610e-01 0.00000000000000000e+00 3 5.24067752011176768e+00
0 0 0 8 0.00000000000000000e+00 5.00000000000070610e-01 0.00000000000000000e+00 4 8.10635145303603011e+00
0 0 0 8 0.00000000000000000e+00 5.00000000000070610e-01 0.00000000000000000e+00 5 1.01723325320598832e+01
0 0 0 8 0.00000000000000000e+00 5.00000000000070610e-01 0.00000000000000000e+00 6 1.01723325320599649e+01
0 0 0 8 0.00000000000000000e+00 5.00000000000070610e-01 0.00000000000000000e+00 7 1.75471393083261056e+01
0 0 0 8 0.00000000000000000e+00 5.00000000000070610e-01 0.00000000000000000e+00 8 1.80041084701005758e+01
0 0 0 8 0.00000000000000000e+00 5.00000000000070610e-01 0.00000000000000000e+00 9 1.80041084701006042e+01
0 0 0 8 0.00000000000000000e+00 5.00000000000070610e-01 0.00000000000000000e+00 10 1.83579416029927032e+01
0 0 0 8 0.00000000000000000e+00 5.00000000000070610e-01 0.00000000000000000e+00 11 1.97306204018278493e+01
0 0 0 8 0.00000000000000000e+00 5.00000000000070610e-01 0.00000000000000000e+00 12 1.97306204018279061e+01
0 0 0 8 0.00000000000000000e+00 5.00000000000070610e-01 0.00000000000000000e+00 13 2.65327225509090709e+01
0 0 0 8 0.00000000000000000e+00 5.00000000000070610e-01 0.00000000000000000e+00 14 2.84591910703912276e+01
0 0 0 8 0.00000000000000000e+00 5.00000000000070610e-01 0.00000000000000000e+00 15 2.96489496347264598e+01
0 0 0 8 0.00000000000000000e+00 5.00000000000070610e-01 0.00000000000000000e+00 16 2.96489496347264847e+01
0 0 0 8 0.00000000000000000e+00 5.00000000000070610e-01 0.00000000000000000e+00 17 3.36128535729161086e+01
0 0 0 8 0.00000000000000000e+00 5.00000000000070610e-01 0.00000000000000000e+00 18 3.36128535729161300e+01
0 0 0 8 0.00000000000000000e+00 5.00000000000070610e-01 0.00000000000000000e+00 19 3.64309474830754212e+01
0 0 0 8 0.00000000000000000e+00 5.00000000000070610e-01 0.00000000000000000e+00 20 6.21815263312234592e+01
0 0 0 8 0.00000000000000000e+00 5.00000000000070610e-01 0.00000000000000000e+00 21 6.21815263312258537e+01
0 0 0 8 0.00000000000000000e+00 5.00000000000070610e-01 0.00000000000000000e+00 22 7.32589956292644899e+01
0 0 0 8 0.00000000000000000e+00 5.00000000000070610e-01 0.00000000000000000e+00 23 7.32589956292664937e+01
0 0 0 8 0.00000000000000000e+00 5.00000000000070610e-01 0.00000000000000000e+00 24 1.06593772898444811e+02
0 0 0 8 0.00000000000000000e+00 5.00000000000070610e-01 0.00000000000000000e+00 25 1.45626421941844910e+02
0 0 0 9 2.49999999999953648e-01 4.99999999999988953e-01 0.00000000000000000e+00 0 -2.86108298751099399e+00
0 0 0 9 2.49999999999953648e-01 4.99999999999988953e-01 0.00000000000000000e+00 1 -2.79955835253895566e-03
0 0 0 9 2.49999999999953648e-01 4.99999999999988953e-01 0.00000000000000000e+00 2 2.85933300988994787e+00
0 0 0 9 2.49999999999953648e-01 4.99999999999988953e-01 0.00000000000000000e+00 3 4.23356880700233074e+00
0 0 0 9 2.49999999999953648e-01 4.99999999999988953e-01 0.00000000000000000e+00 4 8.36364216523247705e+00
0 0 0 9 2.49999999999953648e-01 4.99999999999988953e-01 0.00000000000000000e+00 5 1.14632162321868645e+01
0 0 0 9 2.49999999999953648e-01 4.99999999999988953e-01 0.00000000000000000e+00 6 1.25468587478207247e+01
0 0 0 9 2.49999999999953648e-01 4.99999999999988953e-01 0.00000000000000000e+00 7 1.28108031340239279e+01
0 0 0 9 2.49999999999953648e-01 4.99999999999988953e-01 0.00000000000000000e+00 8 1.75445330210377826e+01
0 0 0 9 2.49999999999953648e-01 4.99999999999988953e-01 0.00000000000000000e+00 9 1.80492900217465824e+01
0 0 0 9 2.49999999999953648e-01 4.99999999999988953e-01 0.00000000000000000e+00 10 2.01047047207393170e+01
0 0 0 9 2.49999999999953648e-01 4.99999999999988953e-01 0.00000000000000000e+00 11 2.01288468711111896e+01
0 0 0 9 2.49999999999953648e-01 4.99999999999988953e-01 0.00000000000000000e+00 12 2.55320667436288211e+01
0 0 0 9 2.49999999999953648e-01 4.99999999999988953e-01 0.00000000000000000e+00 13 2.59329681914184071e+01
0 0 0 9 2.49999999999953648e-01 4.99999999999988953e-01 0.00000000000000000e+00 14 2.65085959070952590e+01
0 0 0 9 2.49999999999953648e-01 4.99999999999988953e-01 0.00000000000000000e+00 15 2.74187853669978310e+01
0 0 0 9 2.49999999999953648e-01 4.99999999999988953e-01 0.00000000000000000e+00 16 2.92604216723641564e+01
0 0 0 9 2.49999999999953648e-01 4.99999999999988953e-01 0.00000000000000000e+00 17 3.15710443818281483e+01
0 0 0 9 2.49999999999953648e-01 4.99999999999988953e-01 0.00000000000000000e+00 18 3.27736118146601854e+01
0 0 0 9 2.49999999999953648e-01 4.99999999999988953e-01 0.00000000000000000e+00 19 3.76441425110640040e+01
0 0 0 9 2.49999999999953648e-01 4.99999999999988953e-01 0.00000000000000000e+00 20 4.33774346543053539e+01
0 0 0 9 2.49999999999953648e-01 4.99999999999988953e-01 0.00000000000000000e+00 21 4.68552906732927852e+01
0 0 0 9 2.49999999999953648e-01 4.99999999999988953e-01 0.00000000000000000e+00 22 9.32336033724403990e+01
0 0 0 9 2.49999999999953648e-01 4.99999999999988953e-01 0.00000000000000000e+00 23 1.05504226539981772e+02
0 0 0 9 2.49999999999953648e-01 4.99999999999988953e-01 0.00000000000000000e+00 24 1.16121464812234137e+02
0 0 0 9 2.49999999999953648e-01 4.99999999999988953e-01 0.00000000000000000e+00 25 1.36199531300415288e+02
0 0 0 10 4.99999999999988898e-01 4.99999999999988898e-01 0.00000000000000000e+00 0 -1.43299158792956427e+00
0 0 0 10 4.99999999999988898e-01 4.99999999999988898e-01 0.00000000000000000e+00 1 -1.43298966071488909e+00
0 0 0 10 4.99999999999988898e-01 4.99999999999988898e-01 0.00000000000000000e+00 2 3.58371742379165914e+00
0 0 0 10 4.99999999999988898e-01 4.99999999999988898e-01 0.00000000000000000e+00 3 3.58371742379165914e+00
0 0 0 10 4.99999999999988898e-01 4.99999999999988898e-01 0.00000000000000000e+00 4 7.52239651532347953e+00
0 0 0 10 4.99999999999988898e-01 4.99999999999988898e-01 0.00000000000000000e+00 5 7.52240190897765615e+00
0 0 0 10 4.99999999999988898e-01 4.99999999999988898e-01 0.00000000000000000e+00 6 1.68540934583405466e+01
0 0 0 10 4.99999999999988898e-01 4.99999999999988898e-01 0.00000000000000000e+00 7 1.68540934583405750e+01
0 0 0 10 4.99999999999988898e-01 4.99999999999988898e-01 0.00000000000000000e+00 8 1.81121424486640805e+01
0 0 0 10 4.99999999999988898e-01 4.99999999999988898e-01 0.00000000000000000e+00 9 1.81121424486641622e+01
0 0 0 10 4.99999999999988898e-01 4.99999999999988898e-01 0.00000000000000000e+00 10 2.05878224250362827e+01
0 0 0 10 4.99999999999988898e-01 4.99999999999988898e-01 0.00000000000000000e+00 11 2.05878227300969030e+01
0 0 0 10 4.99999999999988898e-01 4.99999999999988898e-01 0.00000000000000000e+00 12 2.10420979604160436e+01
0 0 0 10 4.99999999999988898e-01 4.99999999999988898e-01 0.00000000000000000e+00 13 2.10420989386425497e+01
0 0 0 10 4.99999999999988898e-01 4.99999999999988898e-01 0.00000000000000000e+00 14 2.93787460125578264e+01
0 0 0 10 4.99999999999988898e-01 4.99999999999988898e-01 0.00000000000000000e+00 15 2.93787679773719006e+01
0 0 0 10 4.99999999999988898e-01 4.99999999999988898e-01 0.00000000000000000e+00 16 3.24440847209759866e+01
0 0 0 10 4.99999999999988898e-01 4.99999999999988898e-01 0.00000000000000000e+00 17 3.24440847209760932e+01
0 0 0 10 4.99999999999988898e-01 4.99999999999988898e-01 0.00000000000000000e+00 18 3.42725379543572188e+01
0 0 0 10 4.99999999999988898e-01 4.99999999999988898e-01 0.00000000000000000e+00 19 3.42725593944825917e+01
0 0 0 10 4.99999999999988898e-01 4.99999999999988898e-01 0.00000000000000000e+00 20 3.75019907734039037e+01
0 0 0 10 4.99999999999988898e-01 4.99999999999988898e-01 0.00000000000000000e+00 21 3.75019907734039890e+01
0 0 0 10 4.99999999999988898e-01 4.99999999999988898e-01 0.00000000000000000e+00 22 1.12297266016079121e+02
0 0 0 10 4.99999999999988898e-01 4.99999999999988898e-01 0.00000000000000000e+00 23 1.12297266016080599e+02
0 0 0 10 4.99999999999988898e-01 4.99999999999988898e-01 0.00000000000000000e+00 24 1.27998191864275199e+02
0 0 0 10 4.99999999999988898e-01 4.99999999999988898e-01 0.00000000000000000e+00 25 1.27998308398692487e+02
0 0 0 11 7.50000000000024314e-01 4.99999999999989009e-01 0.00000000000000000e+00 0 -2.86108298751099399e+00
0 0 0 11 7.50000000000024314e-01 4.99999999999989009e-01 0.00000000000000000e+00 1 -2.79955835253895566e-03
0 0 0 11 7.50000000000024314e-01 4.99999999999989009e-01 0.00000000000000000e+00 2 2.85933300988994787e+00
0 0 0 11 7.50000000000024314e-01 4.99999999999989009e-01 0.00000000000000000e+00 3 4.23356880700230320e+00
0 0 0 11 7.50000000000024314e-01 4.99999999999989009e-01 0.00000000000000000e+00 4 8.36364216523250548e+00
0 0 0 11 7.50000000000024314e-01 4.99999999999989009e-01 0.00000000000000000e+00 5 1.14632162321868911e+01
0 0 0 11 7.50000000000024314e-01 4.99999999999989009e-01 0.00000000000000000e+00 6 1.25468587478207532e+01
0 0 0 11 7.50000000000024314e-01 4.99999999999989009e-01 0.00000000000000000e+00 7 1.28108031340239013e+01
0 0 0 11 7.50000000000024314e-01 4.99999999999989009e-01 0.00000000000000000e+00 8 1.75445330210377826e+01
0 0 0 11 7.50000000000024314e-01 4.99999999999989009e-01 0.00000000000000000e+00 9 1.80492900217465291e+01
0 0 0 11 7.50000000000024314e-01 4.99999999999989009e-01 0.00000000000000000e+00 10 2.01047047207393454e+01
0 0 0 11 7.50000000000024314e-01 4.99999999999989009e-01 0.00000000000000000e+00 11 2.01288468711111896e+01
0 0 0 11 7.50000000000024314e-01 4.99999999999989009e-01 0.00000000000000000e+00 12 2.55320667436288211e+01
0 0 0 11 7.50000000000024314e-01 4.99999999999989009e-01 0.00000000000000000e+00 13 2.59329681914183823e+01
0 0 0 11 7.50000000000024314e-01 4.99999999999989009e-01 0.00000000000000000e+00 14 2.65085959070952057e+01
0 0 0 11 7.50000000000024314e-01 4.99999999999989009e-01 0.00000000000000000e+00 15 2.74187853669978310e+01
0 0 0 11 7.50000000000024314e-01 4.99999999999989009e-01 0.00000000000000000e+00 16 2.92604216723641564e+01
0 0 0 11 7.50000000000024314e-01 4.99999999999989009e-01 0.00000000000000000e+00 17 3.15710443818281163e+01
0 0 0 11 7.50000000000024314e-01 4.99999999999989009e-01 0.00000000000000000e+00 18 3.27736118146601356e+01
0 0 0 11 7.50000000000024314e-01 4.99999999999989009e-01 0.00000000000000000e+00 19 3.76441425110640253e+01
0 0 0 11 7.50000000000024314e-01 4.99999999999989009e-01 0.00000000000000000e+00 20 4.33774346543053255e+01
0 0 0 11 7.50000000000024314e-01 4.99999999999989009e-01 0.00000000000000000e+00 21 4.68552906732928065e+01
0 0 0 11 7.50000000000024314e-01 4.99999999999989009e-01 0.00000000000000000e+00 22 9.32336033724397453e+01
0 0 0 11 7.50000000000024314e-01 4.99999999999989009e-01 0.00000000000000000e+00 23 1.05504226539982497e+02
0 0 0 11 7.50000000000024314e-01 4.99999999999989009e-01 0.00000000000000000e+00 24 1.16121464812233967e+02
0 0 0 11 7.50000000000024314e-01 4.99999999999989009e-01 0.00000000000000000e+00 25 1.36199531300412275e+02
0 0 0 12 0.00000000000000000e+00 7.49999999999942601e-01 0.00000000000000000e+00 0 -4.77928439869774557e+00
0 0 0 12 0.00000000000000000e+00 7.49999999999942601e-01 0.00000000000000000e+00 1 2.46680605279676168e+00
0 0 0 12 0.00000000000000000e+00 7.49999999999942601e-01 0.00000000000000000e+00 2 5.67615955045470599e+00
0 0 0 12 0.00000000000000000e+00 7.49999999999942601e-01 0.00000000000000000e+00 3 5.67615955045470599e+00
0 0 0 12 0.00000000000000000e+00 7.49999999999942601e-01 0.00000000000000000e+00 4 8.63478008904073846e+00
0 0 0 12 0.00000000000000000e+00 7.49999999999942601e-01 0.00000000000000000e+00 5 1.01791067980607668e+01
0 0 0 12 0.00000000000000000e+00 7.49999999999942601e-01 0.00000000000000000e+00 6 1.01791067980608485e+01
0 0 0 12 0.00000000000000000e+00 7.49999999999942601e-01 0.00000000000000000e+00 7 1.38167819259345066e+01
0 0 0 12 0.00000000000000000e+00 7.49999999999942601e-01 0.00000000000000000e+00 8 1.47511644089769973e+01
0 0 0 12 0.00000000000000000e+00 7.49999999999942601e-01 0.00000000000000000e+00 9 1.47511644089769973e+01
0 0 0 12 0.00000000000000000e+00 7.49999999999942601e-01 0.00000000000000000e+00 10 1.98647145492865604e+01
0 0 0 12 0.00000000000000000e+00 7.49999999999942601e-01 0.00000000000000000e+00 11 2.28825557074830641e+01
0 0 0 12 0.00000000000000000e+00 7.49999999999942601e-01 0.00000000000000000e+00 12 2.32685984980903164e+01
0 0 0 12 0.00000000000000000e+00 7.49999999999942601e-01 0.00000000000000000e+00 13 2.32685984980903449e+01
0 0 0 12 0.00000000000000000e+00 7.49999999999942601e-01 0.00000000000000000e+00 14 2.95249480917060865e+01
0 0 0 12 0.00000000000000000e+00 7.49999999999942601e-01 0.00000000000000000e+00 15 2.95249480917061149e+01
0 0 0 12 0.00000000000000000e+00 7.49999999999942601e-01 0.00000000000000000e+00 16 3.14747523700926415e+01
0 0 0 12 0.00000000000000000e+00 7.49999999999942601e-01 0.00000000000000000e+00 17 3.39472997493825446e+01
0 0 0 12 0.00000000000000000e+00 7.49999999999942601e-01 0.00000000000000000e+00 18 3.39472997493825659e+01
0 0 0 12 0.00000000000000000e+00 7.49999999999942601e-01 0.00000000000000000e+00 19 4.32507293026726174e+01
0 0 0 12 0.00000000000000000e+00 7.49999999999942601e-01 0.00000000000000000e+00 20 6.13761034511607875e+01
0 0 0 12 0.00000000000000000e+00 7.49999999999942601e-01 0.00000000000000000e+00 21 6.13761034511638641e+01
0 0 0 12 0.00000000000000000e+00 7.49999999999942601e-01 0.00000000000000000e+00 22 9.84576719779496017e+01
0 0 0 12 0.00000000000000000e+00 7.49999999999942601e-01 0.00000000000000000e+00 23 9.84576719779561245e+01
0 0 0 12 0.00000000000000000e+00 7.49999999999942601e-01 0.00000000000000000e+00 24 1.04798743835715044e+02
0 0 0 12 0.00000000000000000e+00 7.49999999999942601e-01 0.00000000000000000e+00 25 1.54047557201720991e+02
0 0 0 13 2.49999999999953593e-01 7.50000000000024203e-01 0.00000000000000000e+00 0 -3.53849822179903395e+00
0 0 0 13 2.49999999999953593e-01 7.50000000000024203e-01 0.00000000000000000e+00 1 9.06912416253483622e-01
0 0 0 13 2.49999999999953593e-01 7.50000000000024203e-01 0.00000000000000000e+00 2 2.63481016961337255e+00
0 0 0 13 2.49999999999953593e-01 7.50000000000024203e-01 0.00000000000000000e+00 3 5.10631189803310725e+00
0 0 0 13 2.49999999999953593e-01 7.50000000000024203e-01 0.00000000000000000e+00 4 9.31446521881757938e+00
0 0 0 13 2.49999999999953593e-01 7.50000000000024203e-01 0.00000000000000000e+00 5 1.15339182333741750e+01
0 0 0 13 2.49999999999953593e-01 7.50000000000024203e-01 0.00000000000000000e+00 6 1.17936320762269755e+01
0 0 0 13 2.49999999999953593e-01 7.50000000000024203e-01 0.00000000000000000e+00 7 1.34999812379510544e+01
0 0 0 13 2.49999999999953593e-01 7.50000000000024203e-01 0.00000000000000000e+00 8 1.38959001860464486e+01
0 0 0 13 2.49999999999953593e-01 7.50000000000024203e-01 0.00000000000000000e+00 9 1.68432294336173527e+01
0 0 0 13 2.49999999999953593e-01 7.50000000000024203e-01 0.00000000000000000e+00 10 2.06946810568215369e+01
0 0 0 13 2.49999999999953593e-01 7.50000000000024203e-01 0.00000000000000000e+00 11 2.38403022107182814e+01
0 0 0 13 2.49999999999953593e-01 7.50000000000024203e-01 0.00000000000000000e+00 12 2.44987015119193146e+01
0 0 0 13 2.49999999999953593e-01 7.50000000000024203e-01 0.00000000000000000e+00 13 2.46800115643747056e+01
0 0 0 13 2.49999999999953593e-01 7.50000000000024203e-01 0.00000000000000000e+00 14 2.70695029269524134e+01
0 0 0 13 2.49999999999953593e-01 7.50000000000024203e-01 0.00000000000000000e+00 15 2.78549641062830098e+01
0 0 0 13 2.49999999999953593e-01 7.50000000000024203e-01 0.00000000000000000e+00 16 2.88872227542143776e+01
0 0 0 13 2.49999999999953593e-01 7.50000000000024203e-01 0.00000000000000000e+00 17 3.04843827400971072e+01
0 0 0 13 2.49999999999953593e-01 7.50000000000024203e-01 0.00000000000000000e+00 18 3.43518934060828229e+01
0 0 0 13 2.49999999999953593e-01 7.50000000000024203e-01 0.00000000000000000e+00 19 3.94879822757698449e+01
0 0 0 13 2.49999999999953593e-01 7.50000000000024203e-01 0.00000000000000000e+00 20 4.71775968599763189e+01
0 0 0 13 2.49999999999953593e-01 7.50000000000024203e-01 0.00000000000000000e+00 21 5.52283881451045033e+01
0 0 0 13 2.49999999999953593e-01 7.50000000000024203e-01 0.00000000000000000e+00 22 8.56233368278700340e+01
0 0 0 13 2.49999999999953593e-01 7.50000000000024203e-01 0.00000000000000000e+00 23 9.58635499918086111e+01
0 0 0 13 2.49999999999953593e-01 7.50000000000024203e-01 0.00000000000000000e+00 24 1.14131336134512509e+02
0 0 0 13 2.49999999999953593e-01 7.50000000000024203e-01 0.00000000000000000e+00 25 1.39318863909778031e+02
0 0 0 14 4.99999999999989009e-01 7.50000000000024314e-01 0.00000000000000000e+00 0 -2.86108298751099399e+00
0 0 0 14 4.99999999999989009e-01 7.50000000000024314e-01 0.00000000000000000e+00 1 -2.79955835259337827e-03
0 0 0 14 4.99999999999989009e-01 7.50000000000024314e-01 0.00000000000000000e+00 2 2.85933300988997496e+00
0 0 0 14 4.99999999999989009e-01 7.50000000000024314e-01 0.00000000000000000e+00 3 4.23356880700233074e+00
0 0 0 14 4.99999999999989009e-01 7.50000000000024314e-01 0.00000000000000000e+00 4 8.36364216523242376e+00
0 0 0 14 4.99999999999989009e-01 7.50000000000024314e-01 0.00000000000000000e+00 5 1.14632162321868911e+01
0 0 0 14 4.99999999999989009e-01 7.50000000000024314e-01 0.00000000000000000e+00 6 1.25468587478207247e+01
0 0 0 14 4.99999999999989009e-01 7.50000000000024314e-01 0.00000000000000000e+00 7 1.28108031340239279e+01
0 0 0 14 4.99999999999989009e-01 7.50000000000024314e-01 0.00000000000000000e+00 8 1.75445330210377257e+01
0 0 0 14 4.99999999999989009e-01 7.50000000000024314e-01 0.00000000000000000e+00 9 1.80492900217465291e+01
0 0 0 14 4.99999999999989009e-01 7.50000000000024314e-01 0.00000000000000000e+00 10 2.01047047207393987e+01
0 0 0 14 4.99999999999989009e-01 7.50000000000024314e-01 0.00000000000000000e+00 11 2.01288468711111896e+01
0 0 0 14 4.99999999999989009e-01 7.50000000000024314e-01 0.00000000000000000e+00 12 2.55320667436287678e+01
0 0 0 14 4.99999999999989009e-01 7.50000000000024314e-01 0.00000000000000000e+00 13 2.59329681914183823e+01
0 0 0 14 4.99999999999989009e-01 7.50000000000024314e-01 0.00000000000000000e+00 14 2.65085959070952057e+01
0 0 0 14 4.99999999999989009e-01 7.50000000000024314e-01 0.00000000000000000e+00 15 2.74187853669978026e+01
0 0 0 14 4.99999999999989009e-01 7.50000000000024314e-01 0.00000000000000000e+00 16 2.92604216723641564e+01
0 0 0 14 4.99999999999989009e-01 7.50000000000024314e-01 0.00000000000000000e+00 17 3.15710443818281483e+01
0 0 0 14 4.99999999999989009e-01 7.50000000000024314e-01 0.00000000000000000e+00 18 3.27736118146601569e+01
0 0 0 14 4.99999999999989009e-01 7.50000000000024314e-01 0.00000000000000000e+00 19 3.76441425110640040e+01
0 0 0 14 4.99999999999989009e-01 7.50000000000024314e-01 0.00000000000000000e+00 20 4.33774346543053539e+01
0 0 0 14 4.99999999999989009e-01 7.50000000000024314e-01 0.00000000000000000e+00 21 4.68552906732925933e+01
0 0 0 14 4.99999999999989009e-01 7.50000000000024314e-01 0.00000000000000000e+00 22 9.32336033724420474e+01
0 0 0 14 4.99999999999989009e-01 7.50000000000024314e-01 0.00000000000000000e+00 23 1.05504226539984359e+02
0 0 0 14 4.99999999999989009e-01 7.50000000000024314e-01 0.00000000000000000e+00 24 1.16121464812228723e+02
0 0 0 14 4.99999999999989009e-01 7.50000000000024314e-01 0.00000000000000000e+00 25 1.36199531300411451e+02
0 0 0 15 7.50000000000024203e-01 7.50000000000024203e-01 0.00000000000000000e+00 0 -4.49597478733595679e+00
0 0 0 15 7.50000000000024203e-01 7.50000000000024203e-01 0.00000000000000000e+00 1 2.87514926603858667e+00
0 0 0 15 7.50000000000024203e-01 7.50000000000024203e-01 0.00000000000000000e+00 2 4.54671193862818335e+00
0 0 0 15 7.50000000000024203e-01 7.50000000000024203e-01 0.00000000000000000e+00 3 4.54671193862823753e+00
0 0 0 15 7.50000000000024203e-01 7.50000000000024203e-01 0.00000000000000000e+00 4 7.79317461735666761e+00
0 0 0 15 7.50000000000024203e-01 7.50000000000024203e-01 0.00000000000000000e+00 5 1.04990338686111624e+01
0 0 0 15 7.50000000000024203e-01 7.50000000000024203e-01 0.00000000000000000e+00 6 1.23759252518943335e+01
0 0 0 15 7.50000000000024203e-01 7.50000000000024203e-01 0.00000000000000000e+00 7 1.23759252518943335e+01
0 0 0 15 7.50000000000024203e-01 7.50000000000024203e-01 0.00000000000000000e+00 8 1.53167335444534807e+01
0 0 0 15 7.50000000000024203e-01 7.50000000000024203e-01 0.00000000000000000e+00 9 1.63769258183246258e+01
0 0 0 15 7.50000000000024203e-01 7.50000000000024203e-01 0.00000000000000000e+00 10 2.11487617275334081e+01
0 0 0 15 7.50000000000024203e-01 7.50000000000024203e-01 0.00000000000000000e+00 11 2.19283964050910569e+01
0 0 0 15 7.50000000000024203e-01 7.50000000000024203e-01 0.00000000000000000e+00 12 2.19283964050911919e+01
0 0 0 15 7.50000000000024203e-01 7.50000000000024203e-01 0.00000000000000000e+00 13 2.58696378526805724e+01
0 0 0 15 7.50000000000024203e-01 7.50000000000024203e-01 0.00000000000000000e+00 14 2.78495385330309659e+01
0 0 0 15 7.50000000000024203e-01 7.50000000000024203e-01 0.00000000000000000e+00 15 2.93335133569815198e+01
0 0 0 15 7.50000000000024203e-01 7.50000000000024203e-01 0.00000000000000000e+00 16 3.17429024718693782e+01
0 0 0 15 7.50000000000024203e-01 7.50000000000024203e-01 0.00000000000000000e+00 17 3.17429024718695700e+01
0 0 0 15 7.50000000000024203e-01 7.50000000000024203e-01 0.00000000000000000e+00 18 3.44916883167835806e+01
0 0 0 15 7.50000000000024203e-01 7.50000000000024203e-01 0.00000000000000000e+00 19 4.50678226240389677e+01
0 0 0 15 7.50000000000024203e-01 7.50000000000024203e-01 0.00000000000000000e+00 20 4.50678226240392377e+01
0 0 0 15 7.50000000000024203e-01 7.50000000000024203e-01 0.00000000000000000e+00 21 5.88951776016285962e+01
0 0 0 15 7.50000000000024203e-01 7.50000000000024203e-01 0.00000000000000000e+00 22 7.89218830742336479e+01
0 0 0 15 7.50000000000024203e-01 7.50000000000024203e-01 0.00000000000000000e+00 23 1.12218916471531486e+02
0 0 0 15 7.50000000000024203e-01 7.50000000000024203e-01 0.00000000000000000e+00 24 1.36814293399770463e+02
0 0 0 15 7.50000000000024203e-01 7.50000000000024203e-01 0.00000000000000000e+00 25 1.36814293399779359e+02
0 0 0 16 0.00000000000000000e+00 0.00000000000000000e+00 2.50000000000035305e-01 0 -4.77928439869771804e+00
0 0 0 16 0.00000000000000000e+00 0.00000000000000000e+00 2.50000000000035305e-01 1 2.46680605279681631e+00
0 0 0 16 0.00000000000000000e+00 0.00000000000000000e+00 2.50000000000035305e-01 2 5.67615955045465181e+00
0 0 0 16 0.00000000000000000e+00 0.00000000000000000e+00 2.50000000000035305e-01 3 5.67615955045473264e+00
0 0 0 16 0.00000000000000000e+00 0.00000000000000000e+00 2.50000000000035305e-01 4 8.63478008904084859e+00
0 0 0 16 0.00000000000000000e+00 0.00000000000000000e+00 2.50000000000035305e-01 5 1.01791067980607934e+01
0 0 0 16 0.00000000000000000e+00 0.00000000000000000e+00 2.50000000000035305e-01 6 1.01791067980608219e+01
0 0 0 16 0.00000000000000000e+00 0.00000000000000000e+00 2.50000000000035305e-01 7 1.38167819259346150e+01
0 0 0 16 0.00000000000000000e+00 0.00000000000000000e+00 2.50000000000035305e-01 8 1.47511644089769973e+01
0 0 0 16 0.00000000000000000e+00 0.00000000000000000e+00 2.50000000000035305e-01 9 1.47511644089769973e+01
0 0 0 16 0.00000000000000000e+00 0.00000000000000000e+00 2.50000000000035305e-01 10 1.98647145492865889e+01
0 0 0 16 0.00000000000000000e+00 0.00000000000000000e+00 2.50000000000035305e-01 11 2.28825557074830108e+01
0 0 0 16 0.00000000000000000e+00 0.00000000000000000e+00 2.50000000000035305e-01 12 2.32685984980903164e+01
0 0 0 16 0.00000000000000000e+00 0.00000000000000000e+00 2.50000000000035305e-01 13 2.32685984980903449e+01
0 0 0 16 0.00000000000000000e+00 0.00000000000000000e+00 2.50000000000035305e-01 14 2.95249480917060865e+01
0 0 0 16 0.00000000000000000e+00 0.00000000000000000e+00 2.50000000000035305e-01 15 2.95249480917060865e+01
0 0 0 16 0.00000000000000000e+00 0.00000000000000000e+00 2.50000000000035305e-01 16 3.14747523700925846e+01
0 0 0 16 0.00000000000000000e+00 0.00000000000000000e+00 2.50000000000035305e-01 17 3.39472997493825446e+01
0 0 0 16 0.00000000000000000e+00 0.00000000000000000e+00 2.50000000000035305e-01 18 3.39472997493825446e+01
0 0 0 16 0.00000000000000000e+00 0.00000000000000000e+00 2.50000000000035305e-01 19 4.32507293026725108e+01
0 0 0 16 0.00000000000000000e+00 0.00000000000000000e+00 2.50000000000035305e-01 20 6.13761034511613914e+01
0 0 0 16 0.00000000000000000e+00 0.00000000000000000e+00 2.50000000000035305e-01 21 6.13761034511639423e+01
0 0 0 16 0.00000000000000000e+00 0.00000000000000000e+00 2.50000000000035305e-01 22 9.84576719779509801e+01
0 0 0 16 0.00000000000000000e+00 0.00000000000000000e+00 2.50000000000035305e-01 23 9.84576719779557408e+01
0 0 0 16 0.00000000000000000e+00 0.00000000000000000e+00 2.50000000000035305e-01 24 1.04798743835719677e+02
0 0 0 16 0.00000000000000000e+00 0.00000000000000000e+00 2.50000000000035305e-01 25 1.54047557201721986e+02
0 0 0 17 2.50000000000035305e-01 0.00000000000000000e+00 2.50000000000035305e-01 0 -4.49597478733595679e+00
0 0 0 17 2.50000000000035305e-01 0.00000000000000000e+00 2.50000000000035305e-01 1 2.87514926603853205e+00
0 0 0 17 2.50000000000035305e-01 0.00000000000000000e+00 2.50000000000035305e-01 2 4.54671193862826506e+00
0 0 0 17 2.50000000000035305e-01 0.00000000000000000e+00 2.50000000000035305e-01 3 4.54671193862829170e+00
0 0 0 17 2.50000000000035305e-01 0.00000000000000000e+00 2.50000000000035305e-01 4 7.79317461735664097e+00
0 0 0 17 2.50000000000035305e-01 0.00000000000000000e+00 2.50000000000035305e-01 5 1.04990338686111340e+01
0 0 0 17 2.50000000000035305e-01 0.00000000000000000e+00 2.50000000000035305e-01 6 1.23759252518943335e+01
0 0 0 17 2.50000000000035305e-01 0.00000000000000000e+00 2.50000000000035305e-01 7 1.23759252518943601e+01
0 0 0 17 2.50000000000035305e-01 0.00000000000000000e+00 2.50000000000035305e-01 8 1.53167335444535091e+01
0 0 0 17 2.50000000000035305e-01 0.00000000000000000e+00 2.50000000000035305e-01 9 1.63769258183246542e+01
0 0 0 17 2.50000000000035305e-01 0.00000000000000000e+00 2.50000000000035305e-01 10 2.11487617275332695e+01
0 0 0 17 2.50000000000035305e-01 0.00000000000000000e+00 2.50000000000035305e-01 11 2.19283964050911386e+01
0 0 0 17 2.50000000000035305e-01 0.00000000000000000e+00 2.50000000000035305e-01 12 2.19283964050912203e+01
0 0 0 17 2.50000000000035305e-01 0.00000000000000000e+00 2.50000000000035305e-01 13 2.58696378526804907e+01
0 0 0 17 2.50000000000035305e-01 0.00000000000000000e+00 2.50000000000035305e-01 14 2.78495385330309908e+01
0 0 0 17 2.50000000000035305e-01 0.00000000000000000e+00 2.50000000000035305e-01 15 2.93335133569814666e+01
0 0 0 17 2.50000000000035305e-01 0.00000000000000000e+00 2.50000000000035305e-01 16 3.17429024718695416e+01
0 0 0 17 2.50000000000035305e-01 0.00000000000000000e+00 2.50000000000035305e-01 17 3.17429024718695416e+01
0 0 0 17 2.50000000000035305e-01 0.00000000000000000e+00 2.50000000000035305e-01 18 3.44916883167834385e+01
0 0 0 17 2.50000000000035305e-01 0.00000000000000000e+00 2.50000000000035305e-01 19 4.50678226240394011e+01
0 0 0 17 2.50000000000035305e-01 0.00000000000000000e+00 2.50000000000035305e-01 20 4.50678226240399979e+01
0 0 0 17 2.50000000000035305e-01 0.00000000000000000e+00 2.50000000000035305e-01 21 5.88951776016262372e+01
0 0 0 17 2.50000000000035305e-01 0.00000000000000000e+00 2.50000000000035305e-01 22 7.89218830742312036e+01
0 0 0 17 2.50000000000035305e-01 0.00000000000000000e+00 2.50000000000035305e-01 23 1.12218916471532069e+02
0 0 0 17 2.50000000000035305e-01 0.00000000000000000e+00 2.50000000000035305e-01 24 1.36814293399773646e+02
0 0 0 17 2.50000000000035305e-01 0.00000000000000000e+00 2.50000000000035305e-01 25 1.36814293399783423e+02
0 0 0 18 4.99999999999988953e-01 0.00000000000000000e+00 2.49999999999953648e-01 0 -2.86108298751099399e+00
0 0 0 18 4.99999999999988953e-01 0.00000000000000000e+00 2.49999999999953648e-01 1 -2.79955835256616697e-03
0 0 0 18 4.99999999999988953e-01 0.00000000000000000e+00 2.49999999999953648e-01 2 2.85933300988994787e+00
0 0 0 18 4.99999999999988953e-01 0.00000000000000000e+00 2.49999999999953648e-01 3 4.23356880700235738e+00
0 0 0 18 4.99999999999988953e-01 0.00000000000000000e+00 2.49999999999953648e-01 4 8.36364216523247705e+00
0 0 0 18 4.99999999999988953e-01 0.00000000000000000e+00 2.49999999999953648e-01 5 1.14632162321868911e+01
0 0 0 18 4.99999999999988953e-01 0.00000000000000000e+00 2.49999999999953648e-01 6 1.25468587478207247e+01
0 0 0 18 4.99999999999988953e-01 0.00000000000000000e+00 2.49999999999953648e-01 7 1.28108031340239545e+01
0 0 0 18 4.99999999999988953e-01 0.00000000000000000e+00 2.49999999999953648e-01 8 1.75445330210377826e+01
0 0 0 18 4.99999999999988953e-01 0.00000000000000000e+00 2.49999999999953648e-01 9 1.80492900217465539e+01
0 0 0 18 4.99999999999988953e-01 0.00000000000000000e+00 2.49999999999953648e-01 10 2.01047047207393739e+01
0 0 0 18 4.99999999999988953e-01 0.00000000000000000e+00 2.49999999999953648e-01 11 2.01288468711112145e+01
0 0 0 18 4.99999999999988953e-01 0.00000000000000000e+00 2.49999999999953648e-01 12 2.55320667436287394e+01
0 0 0 18 4.99999999999988953e-01 0.00000000000000000e+00 2.49999999999953648e-01 13 2.59329681914183823e+01
0 0 0 18 4.99999999999988953e-01 0.00000000000000000e+00 2.49999999999953648e-01 14 2.65085959070952590e+01
0 0 0 18 4.99999999999988953e-01 0.00000000000000000e+00 2.49999999999953648e-01 15 2.74187853669978026e+01
0 0 0 18 4.99999999999988953e-01 0.00000000000000000e+00 2.49999999999953648e-01 16 2.92604216723641279e+01
0 0 0 18 4.99999999999988953e-01 0.00000000000000000e+00 2.49999999999953648e-01 17 3.15710443818281483e+01
0 0 0 18 4.99999999999988953e-01 0.00000000000000000e+00 2.49999999999953648e-01 18 3.27736118146602635e+01
0 0 0 18 4.99999999999988953e-01 0.00000000000000000e+00 2.49999999999953648e-01 19 3.76441425110639685e+01
0 0 0 18 4.99999999999988953e-01 0.00000000000000000e+00 2.49999999999953648e-01 20 4.33774346543056737e+01
0 0 0 18 4.99999999999988953e-01 0.00000000000000000e+00 2.49999999999953648e-01 21 4.68552906732921031e+01
0 0 0 18 4.99999999999988953e-01 0.00000000000000000e+00 2.49999999999953648e-01 22 9.32336033724402853e+01
0 0 0 18 4.99999999999988953e-01 0.00000000000000000e+00 2.49999999999953648e-01 23 1.05504226539984089e+02
0 0 0 18 4.99999999999988953e-01 0.00000000000000000e+00 2.49999999999953648e-01 24 1.16121464812231068e+02
0 0 0 18 4.99999999999988953e-01 0.00000000000000000e+00 2.49999999999953648e-01 25 1.36199531300423700e+02
0 0 0 19 7.50000000000024203e-01 0.00000000000000000e+00 2.49999999999953593e-01 0 -3.53849822179903395e+00
0 0 0 19 7.50000000000024203e-01 0.00000000000000000e+00 2.49999999999953593e-01 1 9.06912416253456422e-01
0 0 0 19 7.50000000000024203e-01 0.00000000000000000e+00 2.49999999999953593e-01 2 2.63481016961339964e+00
0 0 0 19 7.50000000000024203e-01 0.00000000000000000e+00 2.49999999999953593e-01 3 5.10631189803313479e+00
0 0 0 19 7.50000000000024203e-01 0.00000000000000000e+00 2.49999999999953593e-01 4 9.31446521881757938e+00
0 0 0 19 7.50000000000024203e-01 0.00000000000000000e+00 2.49999999999953593e-01 5 1.15339182333741750e+01
0 0 0 19 7.50000000000024203e-01 0.00000000000000000e+00 2.49999999999953593e-01 6 1.17936320762269471e+01
0 0 0 19 7.50000000000024203e-01 0.00000000000000000e+00 2.49999999999953593e-01 7 1.34999812379511344e+01
0 0 0 19 7.50000000000024203e-01 0.00000000000000000e+00 2.49999999999953593e-01 8 1.38959001860464753e+01
0 0 0 19 7.50000000000024203e-01 0.00000000000000000e+00 2.49999999999953593e-01 9 1.68432294336173527e+01
0 0 0 19 7.50000000000024203e-01 0.00000000000000000e+00 2.49999999999953593e-01 10 2.06946810568215369e+01
0 0 0 19 7.50000000000024203e-01 0.00000000000000000e+00 2.49999999999953593e-01 11 2.38403022107183062e+01
0 0 0 19 7.50000000000024203e-01 0.00000000000000000e+00 2.49999999999953593e-01 12 2.44987015119193430e+01
0 0 0 19 7.50000000000024203e-01 0.00000000000000000e+00 2.49999999999953593e-01 13 2.46800115643747588e+01
0 0 0 19 7.50000000000024203e-01 0.00000000000000000e+00 2.49999999999953593e-01 14 2.70695029269523850e+01
0 0 0 19 7.50000000000024203e-01 0.00000000000000000e+00 2.49999999999953593e-01 15 2.78549641062827895e+01
0 0 0 19 7.50000000000024203e-01 0.00000000000000000e+00 2.49999999999953593e-01 16 2.88872227542143243e+01
0 0 0 19 7.50000000000024203e-01 0.00000000000000000e+00 2.49999999999953593e-01 17 3.04843827400970859e+01
0 0 0 19 7.50000000000024203e-01 0.00000000000000000e+00 2.49999999999953593e-01 18 3.43518934060828229e+01
0 0 0 19 7.50000000000024203e-01 0.00000000000000000e+00 2.49999999999953593e-01 19 3.94879822757695180e+01
0 0 0 19 7.50000000000024203e-01 0.00000000000000000e+00 2.49999999999953593e-01 20 4.71775968599757718e+01
0 0 0 19 7.50000000000024203e-01 0.00000000000000000e+00 2.49999999999953593e-01 21 5.52283881451061589e+01
0 0 0 19 7.50000000000024203e-01 0.00000000000000000e+00 2.49999999999953593e-01 22 8.56233368278733735e+01
0 0 0 19 7.50000000000024203e-01 0.00000000000000000e+00 2.49999999999953593e-01 23 9.58635499918123912e+01
0 0 0 19 7.50000000000024203e-01 0.00000000000000000e+00 2.49999999999953593e-01 24 1.14131336134511002e+02
0 0 0 19 7.50000000000024203e-01 0.00000000000000000e+00 2.49999999999953593e-01 25 1.39318863909782550e+02
0 0 0 20 0.00000000000000000e+00 2.50000000000035305e-01 2.50000000000035305e-01 0 -4.49597478733595679e+00
0 0 0 20 0.00000000000000000e+00 2.50000000000035305e-01 2.50000000000035305e-01 1 2.87514926603858667e+00
0 0 0 20 0.00000000000000000e+00 2.50000000000035305e-01 2.50000000000035305e-01 2 4.54671193862821088e+00
0 0 0 20 0.00000000000000000e+00 2.50000000000035305e-01 2.50000000000035305e-01 3 4.54671193862821088e+00
0 0 0 20 0.00000000000000000e+00 2.50000000000035305e-01 2.50000000000035305e-01 4 7.79317461735664097e+00
0 0 0 20 0.00000000000000000e+00 2.50000000000035305e-01 2.50000000000035305e-01 5 1.04990338686110807e+01
0 0 0 20 0.00000000000000000e+00 2.50000000000035305e-01 2.50000000000035305e-01 6 1.23759252518942784e+01
0 0 0 20 0.00000000000000000e+00 2.50000000000035305e-01 2.50000000000035305e-01 7 1.23759252518943335e+01
0 0 0 20 0.00000000000000000e+00 2.50000000000035305e-01 2.50000000000035305e-01 8 1.53167335444535091e+01
0 0 0 20 0.00000000000000000e+00 2.50000000000035305e-01 2.50000000000035305e-01 9 1.63769258183246542e+01
0 0 0 20 0.00000000000000000e+00 2.50000000000035305e-01 2.50000000000035305e-01 10 2.11487617275333797e+01
0 0 0 20 0.00000000000000000e+00 2.50000000000035305e-01 2.50000000000035305e-01 11 2.19283964050910853e+01
0 0 0 20 0.00000000000000000e+00 2.50000000000035305e-01 2.50000000000035305e-01 12 2.19283964050911386e+01
0 0 0 20 0.00000000000000000e+00 2.50000000000035305e-01 2.50000000000035305e-01 13 2.58696378526806257e+01
0 0 0 20 0.00000000000000000e+00 2.50000000000035305e-01 2.50000000000035305e-01 14 2.78495385330309908e+01
0 0 0 20 0.00000000000000000e+00 2.50000000000035305e-01 2.50000000000035305e-01 15 2.93335133569814985e+01
0 0 0 20 0.00000000000000000e+00 2.50000000000035305e-01 2.50000000000035305e-01 16 3.17429024718693533e+01
0 0 0 20 0.00000000000000000e+00 2.50000000000035305e-01 2.50000000000035305e-01 17 3.17429024718695167e+01
0 0 0 20 0.00000000000000000e+00 2.50000000000035305e-01 2.50000000000035305e-01 18 3.44916883167836374e+01
0 0 0 20 0.00000000000000000e+00 2.50000000000035305e-01 2.50000000000035305e-01 19 4.50678226240390529e+01
0 0 0 20 0.00000000000000000e+00 2.50000000000035305e-01 2.50000000000035305e-01 20 4.50678226240397279e+01
0 0 0 20 0.00000000000000000e+00 2.50000000000035305e-01 2.50000000000035305e-01 21 5.88951776016272177e+01
0 0 0 20 0.00000000000000000e+00 2.50000000000035305e-01 2.50000000000035305e-01 22 7.89218830742327526e+01
0 0 0 20 0.00000000000000000e+00 2.50000000000035305e-01 2.50000000000035305e-01 23 1.12218916471531585e+02
0 0 0 20 0.00000000000000000e+00 2.50000000000035305e-01 2.50000000000035305e-01 24 1.36814293399771060e+02
0 0 0 20 0.00000000000000000e+00 2.50000000000035305e-01 2.50000000000035305e-01 25 1.36814293399777739e+02
0 0 0 21 2.50000000000035305e-01 2.50000000000035305e-01 2.50000000000035305e-01 0 -4.77928439869771804e+00
0 0 0 21 2.50000000000035305e-01 2.50000000000035305e-01 2.50000000000035305e-01 1 2.46680605279676168e+00
0 0 0 21 2.50000000000035305e-01 2.50000000000035305e-01 2.50000000000035305e-01 2 5.67615955045470599e+00
0 0 0 21 2.50000000000035305e-01 2.50000000000035305e-01 2.50000000000035305e-01 3 5.67615955045470599e+00
0 0 0 21 2.50000000000035305e-01 2.50000000000035305e-01 2.50000000000035305e-01 4 8.63478008904084859e+00
0 0 0 21 2.50000000000035305e-01 2.50000000000035305e-01 2.50000000000035305e-01 5 1.01791067980607668e+01
0 0 0 21 2.50000000000035305e-01 2.50000000000035305e-01 2.50000000000035305e-01 6 1.01791067980607934e+01
0 0 0 21 2.50000000000035305e-01 2.50000000000035305e-01 2.50000000000035305e-01 7 1.38167819259345066e+01
0 0 0 21 2.50000000000035305e-01 2.50000000000035305e-01 2.50000000000035305e-01 8 1.47511644089769973e+01
0 0 0 21 2.50000000000035305e-01 2.50000000000035305e-01 2.50000000000035305e-01 9 1.47511644089770257e+01
0 0 0 21 2.50000000000035305e-01 2.50000000000035305e-01 2.50000000000035305e-01 10 1.98647145492866173e+01
0 0 0 21 2.50000000000035305e-01 2.50000000000035305e-01 2.50000000000035305e-01 11 2.28825557074829824e+01
0 0 0 21 2.50000000000035305e-01 2.50000000000035305e-01 2.50000000000035305e-01 12 2.32685984980903164e+01
0 0 0 21 2.50000000000035305e-01 2.50000000000035305e-01 2.50000000000035305e-01 13 2.32685984980903449e+01
0 0 0 21 2.50000000000035305e-01 2.50000000000035305e-01 2.50000000000035305e-01 14 2.95249480917061149e+01
0 0 0 21 2.50000000000035305e-01 2.50000000000035305e-01 2.50000000000035305e-01 15 2.95249480917061398e+01
0 0 0 21 2.50000000000035305e-01 2.50000000000035305e-01 2.50000000000035305e-01 16 3.14747523700925314e+01
0 0 0 21 2.50000000000035305e-01 2.50000000000035305e-01 2.50000000000035305e-01 17 3.39472997493824877e+01
0 0 0 21 2.50000000000035305e-01 2.50000000000035305e-01 2.50000000000035305e-01 18 3.39472997493826014e+01
0 0 0 21 2.50000000000035305e-01 2.50000000000035305e-01 2.50000000000035305e-01 19 4.32507293026725961e+01
0 0 0 21 2.50000000000035305e-01 2.50000000000035305e-01 2.50000000000035305e-01 20 6.13761034511610859e+01
0 0 0 21 2.50000000000035305e-01 2.50000000000035305e-01 2.50000000000035305e-01 21 6.13761034511637007e+01
0 0 0 21 2.50000000000035305e-01 2.50000000000035305e-01 2.50000000000035305e-01 22 9.84576719779497012e+01
0 0 0 21 2.50000000000035305e-01 2.50000000000035305e-01 2.50000000000035305e-01 23 9.84576719779546039e+01
0 0 0 21 2.50000000000035305e-01 2.50000000000035305e-01 2.50000000000035305e-01 24 1.04798743835718099e+02
0 0 0 21 2.50000000000035305e-01 2.50000000000035305e-01 2.50000000000035305e-01 25 1.54047557201720451e+02
0 0 0 22 5.00000000000070610e-01 2.50000000000035305e-01 2.50000000000035305e-01 0 -3.53849822179903395e+00
0 0 0 22 5.00000000000070610e-01 2.50000000000035305e-01 2.50000000000035305e-01 1 9.06912416253483622e-01
0 0 0 22 5.00000000000070610e-01 2.50000000000035305e-01 2.50000000000035305e-01 2 2.63481016961339964e+00
0 0 0 22 5.00000000000070610e-01 2.50000000000035305e-01 2.50000000000035305e-01 3 5.10631189803310725e+00
0 0 0 22 5.00000000000070610e-01 2.50000000000035305e-01 2.50000000000035305e-01 4 9.31446521881763445e+00
0 0 0 22 5.00000000000070610e-01 2.50000000000035305e-01 2.50000000000035305e-01 5 1.15339182333741750e+01
0 0 0 22 5.00000000000070610e-01 2.50000000000035305e-01 2.50000000000035305e-01 6 1.17936320762269204e+01
0 0 0 22 5.00000000000070610e-01 2.50000000000035305e-01 2.50000000000035305e-01 7 1.34999812379511077e+01
0 0 0 22 5.00000000000070610e-01 2.50000000000035305e-01 2.50000000000035305e-01 8 1.38959001860464753e+01
0 0 0 22 5.00000000000070610e-01 2.50000000000035305e-01 2.50000000000035305e-01 9 1.68432294336173776e+01
0 0 0 22 5.00000000000070610e-01 2.50000000000035305e-01 2.50000000000035305e-01 10 2.06946810568215653e+01
0 0 0 22 5.00000000000070610e-01 2.50000000000035305e-01 2.50000000000035305e-01 11 2.38403022107183062e+01
0 0 0 22 5.00000000000070610e-01 2.50000000000035305e-01 2.50000000000035305e-01 12 2.44987015119193714e+01
0 0 0 22 5.00000000000070610e-01 2.50000000000035305e-01 2.50000000000035305e-01 13 2.46800115643746523e+01
0 0 0 22 5.00000000000070610e-01 2.50000000000035305e-01 2.50000000000035305e-01 14 2.70695029269523566e+01
0 0 0 22 5.00000000000070610e-01 2.50000000000035305e-01 2.50000000000035305e-01 15 2.78549641062829529e+01
0 0 0 22 5.00000000000070610e-01 2.50000000000035305e-01 2.50000000000035305e-01 16 2.88872227542144095e+01
0 0 0 22 5.00000000000070610e-01 2.50000000000035305e-01 2.50000000000035305e-01 17 3.04843827400970540e+01
0 0 0 22 5.00000000000070610e-01 2.50000000000035305e-01 2.50000000000035305e-01 18 3.43518934060827377e+01
0 0 0 22 5.00000000000070610e-01 2.50000000000035305e-01 2.50000000000035305e-01 19 3.94879822757697880e+01
0 0 0 22 5.00000000000070610e-01 2.50000000000035305e-01 2.50000000000035305e-01 20 4.71775968599757221e+01
0 0 0 22 5.00000000000070610e-01 2.50000000000035305e-01 2.50000000000035305e-01 21 5.52283881451054839e+01
0 0 0 22 5.00000000000070610e-01 2.50000000000035305e-01 2.50000000000035305e-01 22 8.56233368278701761e+01
0 0 0 22 5.00000000000070610e-01 2.50000000000035305e-01 2.50000000000035305e-01 23 9.58635499918093359e+01
0 0 0 22 5.00000000000070610e-01 2.50000000000035305e-01 2.50000000000035305e-01 24 1.14131336134501410e+02
0 0 0 22 5.00000000000070610e-01 2.50000000000035305e-01 2.50000000000035305e-01 25 1.39318863909792782e+02
0 0 0 23 7.49999999999942601e-01 2.49999999999953648e-01 2.49999999999953648e-01 0 -2.86108298751099399e+00
0 0 0 23 7.49999999999942601e-01 2.49999999999953648e-01 2.49999999999953648e-01 1 -2.79955835259337827e-03
0 0 0 23 7.49999999999942601e-01 2.49999999999953648e-01 2.49999999999953648e-01 2 2.85933300988992078e+00
0 0 0 23 7.49999999999942601e-01 2.49999999999953648e-01 2.49999999999953648e-01 3 4.23356880700230320e+00
0 0 0 23 7.49999999999942601e-01 2.49999999999953648e-01 2.49999999999953648e-01 4 8.36364216523255877e+00
0 0 0 23 7.49999999999942601e-01 2.49999999999953648e-01 2.49999999999953648e-01 5 1.14632162321868361e+01
0 0 0 23 7.49999999999942601e-01 2.49999999999953648e-01 2.49999999999953648e-01 6 1.25468587478206430e+01
0 0 0 23 7.49999999999942601e-01 2.49999999999953648e-01 2.49999999999953648e-01 7 1.28108031340239279e+01
0 0 0 23 7.49999999999942601e-01 2.49999999999953648e-01 2.49999999999953648e-01 8 1.75445330210378074e+01
0 0 0 23 7.49999999999942601e-01 2.49999999999953648e-01 2.49999999999953648e-01 9 1.80492900217465007e+01
0 0 0 23 7.49999999999942601e-01 2.49999999999953648e-01 2.49999999999953648e-01 10 2.01047047207394272e+01
0 0 0 23 7.49999999999942601e-01 2.49999999999953648e-01 2.49999999999953648e-01 11 2.01288468711111328e+01
0 0 0 23 7.49999999999942601e-01 2.49999999999953648e-01 2.49999999999953648e-01 12 2.55320667436287394e+01
0 0 0 23 7.49999999999942601e-01 2.49999999999953648e-01 2.49999999999953648e-01 13 2.59329681914184640e+01
0 0 0 23 7.49999999999942601e-01 2.49999999999953648e-01 2.49999999999953648e-01 14 2.65085959070952057e+01
0 0 0 23 7.49999999999942601e-01 2.49999999999953648e-01 2.49999999999953648e-01 15 2.74187853669978310e+01
0 0 0 23 7.49999999999942601e-01 2.49999999999953648e-01 2.49999999999953648e-01 16 2.92604216723641812e+01
0 0 0 23 7.49999999999942601e-01 2.49999999999953648e-01 2.49999999999953648e-01 17 3.15710443818282265e+01
0 0 0 23 7.49999999999942601e-01 2.49999999999953648e-01 2.49999999999953648e-01 18 3.27736118146600504e+01
0 0 0 23 7.49999999999942601e-01 2.49999999999953648e-01 2.49999999999953648e-01 19 3.76441425110640822e+01
0 0 0 23 7.49999999999942601e-01 2.49999999999953648e-01 2.49999999999953648e-01 20 4.33774346543056737e+01
0 0 0 23 7.49999999999942601e-01 2.49999999999953648e-01 2.49999999999953648e-01 21 4.68552906732916128e+01
0 0 0 23 7.49999999999942601e-01 2.49999999999953648e-01 2.49999999999953648e-01 22 9.32336033724388500e+01
0 0 0 23 7.49999999999942601e-01 2.49999999999953648e-01 2.49999999999953648e-01 23 1.05504226539984600e+02
0 0 0 23 7.49999999999942601e-01 2.49999999999953648e-01 2.49999999999953648e-01 24 1.16121464812232489e+02
0 0 0 23 7.49999999999942601e-01 2.49999999999953648e-01 2.49999999999953648e-01 25 1.36199531300409575e+02
0 0 0 24 0.00000000000000000e+00 4.99999999999988953e-01 2.49999999999953648e-01 0 -2.86108298751099399e+00
0 0 0 24 0.00000000000000000e+00 4.99999999999988953e-01 2.49999999999953648e-01 1 -2.79955835256616697e-03
0 0 0 24 0.00000000000000000e+00 4.99999999999988953e-01 2.49999999999953648e-01 2 2.85933300988994787e+00
0 0 0 24 0.00000000000000000e+00 4.99999999999988953e-01 2.49999999999953648e-01 3 4.23356880700235738e+00
0 0 0 24 0.00000000000000000e+00 4.99999999999988953e-01 2.49999999999953648e-01 4 8.36364216523245041e+00
0 0 0 24 0.00000000000000000e+00 4.99999999999988953e-01 2.49999999999953648e-01 5 1.14632162321868645e+01
0 0 0 24 0.00000000000000000e+00 4.99999999999988953e-01 2.49999999999953648e-01 6 1.25468587478207247e+01
0 0 0 24 0.00000000000000000e+00 4.99999999999988953e-01 2.49999999999953648e-01 7 1.28108031340239545e+01
0 0 0 24 0.00000000000000000e+00 4.99999999999988953e-01 2.49999999999953648e-01 8 1.75445330210377257e+01
0 0 0 24 0.00000000000000000e+00 4.99999999999988953e-01 2.49999999999953648e-01 9 1.80492900217465539e+01
0 0 0 24 0.00000000000000000e+00 4.99999999999988953e-01 2.49999999999953648e-01 10 2.01047047207393739e+01
0 0 0 24 0.00000000000000000e+00 4.99999999999988953e-01 2.49999999999953648e-01 11 2.01288468711111896e+01
0 0 0 24 0.00000000000000000e+00 4.99999999999988953e-01 2.49999999999953648e-01 12 2.55320667436287394e+01
0 0 0 24 0.00000000000000000e+00 4.99999999999988953e-01 2.49999999999953648e-01 13 2.59329681914184071e+01
0 0 0 24 0.00000000000000000e+00 4.99999999999988953e-01 2.49999999999953648e-01 14 2.65085959070952342e+01
0 0 0 24 0.00000000000000000e+00 4.99999999999988953e-01 2.49999999999953648e-01 15 2.74187853669978878e+01
0 0 0 24 0.00000000000000000e+00 4.99999999999988953e-01 2.49999999999953648e-01 16 2.92604216723641031e+01
0 0 0 24 0.00000000000000000e+00 4.99999999999988953e-01 2.49999999999953648e-01 17 3.15710443818282549e+01
0 0 0 24 0.00000000000000000e+00 4.99999999999988953e-01 2.49999999999953648e-01 18 3.27736118146601569e+01
0 0 0 24 0.00000000000000000e+00 4.99999999999988953e-01 2.49999999999953648e-01 19 3.76441425110639685e+01
0 0 0 24 0.00000000000000000e+00 4.99999999999988953e-01 2.49999999999953648e-01 20 4.33774346543056524e+01
0 0 0 24 0.00000000000000000e+00 4.99999999999988953e-01 2.49999999999953648e-01 21 4.68552906732921315e+01
0 0 0 24 0.00000000000000000e+00 4.99999999999988953e-01 2.49999999999953648e-01 22 9.32336033724395321e+01
0 0 0 24 0.00000000000000000e+00 4.99999999999988953e-01 2.49999999999953648e-01 23 1.05504226539982753e+02
0 0 0 24 0.00000000000000000e+00 4.99999999999988953e-01 2.49999999999953648e-01 24 1.16121464812231935e+02
0 0 0 24 0.00000000000000000e+00 4.99999999999988953e-01 2.49999999999953648e-01 25 1.36199531300412474e+02
0 0 0 25 2.50000000000035305e-01 5.00000000000070610e-01 2.50000000000035305e-01 0 -3.53849822179903395e+00
0 0 0 25 2.50000000000035305e-01 5.00000000000070610e-01 2.50000000000035305e-01 1 9.06912416253483622e-01
0 0 0 25 2.50000000000035305e-01 5.00000000000070610e-01 2.50000000000035305e-01 2 2.63481016961334502e+00
0 0 0 25 2.50000000000035305e-01 5.00000000000070610e-01 2.50000000000035305e-01 3 5.10631189803310725e+00
0 0 0 25 2.50000000000035305e-01 5.00000000000070610e-01 2.50000000000035305e-01 4 9.31446521881763445e+00
0 0 0 25 2.50000000000035305e-01 5.00000000000070610e-01 2.50000000000035305e-01 5 1.15339182333741750e+01
0 0 0 25 2.50000000000035305e-01 5.00000000000070610e-01 2.50000000000035305e-01 6 1.17936320762269204e+01
0 0 0 25 2.50000000000035305e-01 5.00000000000070610e-01 2.50000000000035305e-01 7 1.34999812379510544e+01
0 0 0 25 2.50000000000035305e-01 5.00000000000070610e-01 2.50000000000035305e-01 8 1.38959001860464753e+01
0 0 0 25 2.50000000000035305e-01 5.00000000000070610e-01 2.50000000000035305e-01 9 1.68432294336173776e+01
0 0 0 25 2.50000000000035305e-01 5.00000000000070610e-01 2.50000000000035305e-01 10 2.06946810568215369e+01
0 0 0 25 2.50000000000035305e-01 5.00000000000070610e-01 2.50000000000035305e-01 11 2.38403022107183631e+01
0 0 0 25 2.50000000000035305e-01 5.00000000000070610e-01 2.50000000000035305e-01 12 2.44987015119193430e+01
0 0 0 25 2.50000000000035305e-01 5.00000000000070610e-01 2.50000000000035305e-01 13 2.46800115643747588e+01
0 0 0 25 2.50000000000035305e-01 5.00000000000070610e-01 2.50000000000035305e-01 14 2.70695029269523850e+01
0 0 0 25 2.50000000000035305e-01 5.00000000000070610e-01 2.50000000000035305e-01 15 2.78549641062828996e+01
0 0 0 25 2.50000000000035305e-01 5.00000000000070610e-01 2.50000000000035305e-01 16 2.88872227542143243e+01
0 0 0 25 2.50000000000035305e-01 5.00000000000070610e-01 2.50000000000035305e-01 17 3.04843827400970540e+01
0 0 0 25 2.50000000000035305e-01 5.00000000000070610e-01 2.50000000000035305e-01 18 3.43518934060828514e+01
0 0 0 25 2.50000000000035305e-01 5.00000000000070610e-01 2.50000000000035305e-01 19 3.94879822757698165e+01
0 0 0 25 2.50000000000035305e-01 5.00000000000070610e-01 2.50000000000035305e-01 20 4.71775968599755799e+01
0 0 0 25 2.50000000000035305e-01 5.00000000000070610e-01 2.50000000000035305e-01 21 5.52283881451061021e+01
0 0 0 25 2.50000000000035305e-01 5.00000000000070610e-01 2.50000000000035305e-01 22 8.56233368278742830e+01
0 0 0 25 2.50000000000035305e-01 5.00000000000070610e-01 2.50000000000035305e-01 23 9.58635499918103022e+01
0 0 0 25 2.50000000000035305e-01 5.00000000000070610e-01 2.50000000000035305e-01 24 1.14131336134511415e+02
0 0 0 25 2.50000000000035305e-01 5.00000000000070610e-01 2.50000000000035305e-01 25 1.39318863909789144e+02
0 0 0 26 4.99999999999988953e-01 4.99999999999988953e-01 2.50000000000035305e-01 0 -2.86108298751099399e+00
0 0 0 26 4.99999999999988953e-01 4.99999999999988953e-01 2.50000000000035305e-01 1 -2.79955835256616697e-03
0 0 0 26 4.99999999999988953e-01 4.99999999999988953e-01 2.50000000000035305e-01 2 2.85933300989000250e+00
0 0 0 26 4.99999999999988953e-01 4.99999999999988953e-01 2.50000000000035305e-01 3 4.23356880700233074e+00
0 0 0 26 4.99999999999988953e-01 4.99999999999988953e-01 2.50000000000035305e-01 4 8.36364216523255877e+00
0 0 0 26 4.99999999999988953e-01 4.99999999999988953e-01 2.50000000000035305e-01 5 1.14632162321868361e+01
0 0 0 26 4.99999999999988953e-01 4.99999999999988953e-01 2.50000000000035305e-01 6 1.25468587478207532e+01
0 0 0 26 4.99999999999988953e-01 4.99999999999988953e-01 2.50000000000035305e-01 7 1.28108031340239279e+01
0 0 0 26 4.99999999999988953e-01 4.99999999999988953e-01 2.50000000000035305e-01 8 1.75445330210377541e+01
0 0 0 26 4.99999999999988953e-01 4.99999999999988953e-01 2.50000000000035305e-01 9 1.80492900217465539e+01
0 0 0 26 4.99999999999988953e-01 4.99999999999988953e-01 2.50000000000035305e-01 10 2.01047047207394556e+01
0 0 0 26 4.99999999999988953e-01 4.99999999999988953e-01 2.50000000000035305e-01 11 2.01288468711112145e+01
0 0 0 26 4.99999999999988953e-01 4.99999999999988953e-01 2.50000000000035305e-01 12 2.55320667436287145e+01
0 0 0 26 4.99999999999988953e-01 4.99999999999988953e-01 2.50000000000035305e-01 13 2.59329681914184889e+01
0 0 0 26 4.99999999999988953e-01 4.99999999999988953e-01 2.50000000000035305e-01 14 2.65085959070952342e+01
0 0 0 26 4.99999999999988953e-01 4.99999999999988953e-01 2.50000000000035305e-01 15 2.74187853669978026e+01
0 0 0 26 4.99999999999988953e-01 4.99999999999988953e-01 2.50000000000035305e-01 16 2.92604216723642097e+01
0 0 0 26 4.99999999999988953e-01 4.99999999999988953e-01 2.50000000000035305e-01 17 3.15710443818281732e+01
0 0 0 26 4.99999999999988953e-01 4.99999999999988953e-01 2.50000000000035305e-01 18 3.27736118146602138e+01
0 0 0 26 4.99999999999988953e-01 4.99999999999988953e-01 2.50000000000035305e-01 19 3.76441425110640822e+01
0 0 0 26 4.99999999999988953e-01 4.99999999999988953e-01 2.50000000000035305e-01 20 4.33774346543052687e+01
0 0 0 26 4.99999999999988953e-01 4.99999999999988953e-01 2.50000000000035305e-01 21 4.68552906732921883e+01
0 0 0 26 4.99999999999988953e-01 4.99999999999988953e-01 2.50000000000035305e-01 22 9.32336033724419195e+01
0 0 0 26 4.99999999999988953e-01 4.99999999999988953e-01 2.50000000000035305e-01 23 1.05504226539982156e+02
0 0 0 26 4.99999999999988953e-01 4.99999999999988953e-01 2.50000000000035305e-01 24 1.16121464812224232e+02
0 0 0 26 4.99999999999988953e-01 4.99999999999988953e-01 2.50000000000035305e-01 25 1.36199531300415629e+02
0 0 0 27 7.50000000000024203e-01 4.99999999999988898e-01 2.50000000000035305e-01 0 -1.26812156012930299e+00
0 0 0 27 7.50000000000024203e-01 4.99999999999988898e-01 2.50000000000035305e-01 1 -1.26812014093801162e+00
0 0 0 27 7.50000000000024203e-01 4.99999999999988898e-01 2.50000000000035305e-01 2 2.53792612796411898e+00
0 0 0 27 7.50000000000024203e-01 4.99999999999988898e-01 2.50000000000035305e-01 3 2.53792615976633806e+00
0 0 0 27 7.50000000000024203e-01 4.99999999999988898e-01 2.50000000000035305e-01 4 1.11095175194422584e+01
0 0 0 27 7.50000000000024203e-01 4.99999999999988898e-01 2.50000000000035305e-01 5 1.11095203008824832e+01
0 0 0 27 7.50000000000024203e-01 4.99999999999988898e-01 2.50000000000035305e-01 6 1.20219765188463015e+01
0 0 0 27 7.50000000000024203e-01 4.99999999999988898e-01 2.50000000000035305e-01 7 1.20219771588670312e+01
0 0 0 27 7.50000000000024203e-01 4.99999999999988898e-01 2.50000000000035305e-01 8 1.74329907323669033e+01
0 0 0 27 7.50000000000024203e-01 4.99999999999988898e-01 2.50000000000035305e-01 9 1.74329909751490959e+01
0 0 0 27 7.50000000000024203e-01 4.99999999999988898e-01 2.50000000000035305e-01 10 2.12236709967333077e+01
0 0 0 27 7.50000000000024203e-01 4.99999999999988898e-01 2.50000000000035305e-01 11 2.12236717860890103e+01
0 0 0 27 7.50000000000024203e-01 4.99999999999988898e-01 2.50000000000035305e-01 12 2.63449709131003118e+01
0 0 0 27 7.50000000000024203e-01 4.99999999999988898e-01 2.50000000000035305e-01 13 2.63449739569915558e+01
0 0 0 27 7.50000000000024203e-01 4.99999999999988898e-01 2.50000000000035305e-01 14 2.73527362429683834e+01
0 0 0 27 7.50000000000024203e-01 4.99999999999988898e-01 2.50000000000035305e-01 15 2.73527515475288681e+01
0 0 0 27 7.50000000000024203e-01 4.99999999999988898e-01 2.50000000000035305e-01 16 2.74414776340299689e+01
0 0 0 27 7.50000000000024203e-01 4.99999999999988898e-01 2.50000000000035305e-01 17 2.74414815584046359e+01
0 0 0 27 7.50000000000024203e-01 4.99999999999988898e-01 2.50000000000035305e-01 18 3.42114854151755239e+01
0 0 0 27 7.50000000000024203e-01 4.99999999999988898e-01 2.50000000000035305e-01 19 3.42114873024099992e+01
0 0 0 27 7.50000000000024203e-01 4.99999999999988898e-01 2.50000000000035305e-01 20 4.57617919785977207e+01
0 0 0 27 7.50000000000024203e-01 4.99999999999988898e-01 2.50000000000035305e-01 21 4.57618275999324169e+01
0 0 0 27 7.50000000000024203e-01 4.99999999999988898e-01 2.50000000000035305e-01 22 1.18714092293158572e+02
0 0 0 27 7.50000000000024203e-01 4.99999999999988898e-01 2.50000000000035305e-01 23 1.18714332331638857e+02
0 0 0 27 7.50000000000024203e-01 4.99999999999988898e-01 2.50000000000035305e-01 24 1.25069972555095362e+02
0 0 0 27 7.50000000000024203e-01 4.99999999999988898e-01 2.50000000000035305e-01 25 1.25070116979697616e+02
0 0 0 28 0.00000000000000000e+00 7.50000000000024203e-01 2.49999999999953593e-01 0 -3.53849822179903395e+00
0 0 0 28 0.00000000000000000e+00 7.50000000000024203e-01 2.49999999999953593e-01 1 9.06912416253483622e-01
0 0 0 28 0.00000000000000000e+00 7.50000000000024203e-01 2.49999999999953593e-01 2 2.63481016961337255e+00
0 0 0 28 0.00000000000000000e+00 7.50000000000024203e-01 2.49999999999953593e-01 3 5.10631189803307972e+00
0 0 0 28 0.00000000000000000e+00 7.50000000000024203e-01 2.49999999999953593e-01 4 9.31446521881755274e+00
0 0 0 28 0.00000000000000000e+00 7.50000000000024203e-01 2.49999999999953593e-01 5 1.15339182333741750e+01
0 0 0 28 0.00000000000000000e+00 7.50000000000024203e-01 2.49999999999953593e-01 6 1.17936320762269755e+01
0 0 0 28 0.00000000000000000e+00 7.50000000000024203e-01 2.49999999999953593e-01 7 1.34999812379511077e+01
0 0 0 28 0.00000000000000000e+00 7.50000000000024203e-01 2.49999999999953593e-01 8 1.38959001860464486e+01
0 0 0 28 0.00000000000000000e+00 7.50000000000024203e-01 2.49999999999953593e-01 9 1.68432294336173776e+01
0 0 0 28 0.00000000000000000e+00 7.50000000000024203e-01 2.49999999999953593e-01 10 2.06946810568215653e+01
0 0 0 28 0.00000000000000000e+00 7.50000000000024203e-01 2.49999999999953593e-01 11 2.38403022107182814e+01
0 0 0 28 0.00000000000000000e+00 7.50000000000024203e-01 2.49999999999953593e-01 12 2.44987015119193714e+01
0 0 0 28 0.00000000000000000e+00 7.50000000000024203e-01 2.49999999999953593e-01 13 2.46800115643747056e+01
0 0 0 28 0.00000000000000000e+00 7.50000000000024203e-01 2.49999999999953593e-01 14 2.70695029269523850e+01
0 0 0 28 0.00000000000000000e+00 7.50000000000024203e-01 2.49999999999953593e-01 15 2.78549641062829529e+01
0 0 0 28 0.00000000000000000e+00 7.50000000000024203e-01 2.49999999999953593e-01 16 2.88872227542143776e+01
0 0 0 28 0.00000000000000000e+00 7.50000000000024203e-01 2.49999999999953593e-01 17 3.04843827400970291e+01
0 0 0 28 0.00000000000000000e+00 7.50000000000024203e-01 2.49999999999953593e-01 18 3.43518934060827732e+01
0 0 0 28 0.00000000000000000e+00 7.50000000000024203e-01 2.49999999999953593e-01 19 3.94879822757697099e+01
0 0 0 28 0.00000000000000000e+00 7.50000000000024203e-01 2.49999999999953593e-01 20 4.71775968599758286e+01
0 0 0 28 0.00000000000000000e+00 7.50000000000024203e-01 2.49999999999953593e-01 21 5.52283881451052068e+01
0 0 0 28 0.00000000000000000e+00 7.50000000000024203e-01 2.49999999999953593e-01 22 8.56233368278719382e+01
0 0 0 28 0.00000000000000000e+00 7.50000000000024203e-01 2.49999999999953593e-01 23 9.58635499918176635e+01
0 0 0 28 0.00000000000000000e+00 7.50000000000024203e-01 2.49999999999953593e-01 24 1.14131336134516403e+02
0 0 0 28 0.00000000000000000e+00 7.50000000000024203e-01 2.49999999999953593e-01 25 1.39318863909781015e+02
0 0 0 29 2.49999999999953648e-01 7.49999999999942601e-01 2.49999999999953648e-01 0 -2.86108298751102108e+00
0 0 0 29 2.49999999999953648e-01 7.49999999999942601e-01 2.49999999999953648e-01 1 -2.79955835259337827e-03
0 0 0 29 2.49999999999953648e-01 7.49999999999942601e-01 2.49999999999953648e-01 2 2.85933300988994787e+00
0 0 0 29 2.49999999999953648e-01 7.49999999999942601e-01 2.49999999999953648e-01 3 4.23356880700235738e+00
0 0 0 29 2.49999999999953648e-01 7.49999999999942601e-01 2.49999999999953648e-01 4 8.36364216523253212e+00
0 0 0 29 2.49999999999953648e-01 7.49999999999942601e-01 2.49999999999953648e-01 5 1.14632162321868645e+01
0 0 0 29 2.49999999999953648e-01 7.49999999999942601e-01 2.49999999999953648e-01 6 1.25468587478206430e+01
0 0 0 29 2.49999999999953648e-01 7.49999999999942601e-01 2.49999999999953648e-01 7 1.28108031340239545e+01
0 0 0 29 2.49999999999953648e-01 7.49999999999942601e-01 2.49999999999953648e-01 8 1.75445330210377541e+01
0 0 0 29 2.49999999999953648e-01 7.49999999999942601e-01 2.49999999999953648e-01 9 1.80492900217465291e+01
0 0 0 29 2.49999999999953648e-01 7.49999999999942601e-01 2.49999999999953648e-01 10 2.01047047207393739e+01
0 0 0 29 2.49999999999953648e-01 7.49999999999942601e-01 2.49999999999953648e-01 11 2.01288468711111612e+01
0 0 0 29 2.49999999999953648e-01 7.49999999999942601e-01 2.49999999999953648e-01 12 2.55320667436287394e+01
0 0 0 29 2.49999999999953648e-01 7.49999999999942601e-01 2.49999999999953648e-01 13 2.59329681914184071e+01
0 0 0 29 2.49999999999953648e-01 7.49999999999942601e-01 2.49999999999953648e-01 14 2.65085959070952590e+01
0 0 0 29 2.49999999999953648e-01 7.49999999999942601e-01 2.49999999999953648e-01 15 2.74187853669977777e+01
0 0 0 29 2.49999999999953648e-01 7.49999999999942601e-01 2.49999999999953648e-01 16 2.92604216723642097e+01
0 0 0 29 2.49999999999953648e-01 7.49999999999942601e-01 2.49999999999953648e-01 17 3.15710443818280915e+01
0 0 0 29 2.49999999999953648e-01 7.49999999999942601e-01 2.49999999999953648e-01 18 3.27736118146602138e+01
0 0 0 29 2.49999999999953648e-01 7.49999999999942601e-01 2.49999999999953648e-01 19 3.76441425110639472e+01
0 0 0 29 2.49999999999953648e-01 7.49999999999942601e-01 2.49999999999953648e-01 20 4.33774346543059792e+01
0 0 0 29 2.49999999999953648e-01 7.49999999999942601e-01 2.49999999999953648e-01 21 4.68552906732918615e+01
0 0 0 29 2.49999999999953648e-01 7.49999999999942601e-01 2.49999999999953648e-01 22 9.32336033724406832e+01
0 0 0 29 2.49999999999953648e-01 7.49999999999942601e-01 2.49999999999953648e-01 23 1.05504226539982312e+02
0 0 0 29 2.49999999999953648e-01 7.49999999999942601e-01 2.49999999999953648e-01 24 1.16121464812237761e+02
0 0 0 29 2.49999999999953648e-01 7.49999999999942601e-01 2.49999999999953648e-01 25 1.36199531300413099e+02
0 0 0 30 4.99999999999988898e-01 7.50000000000024203e-01 2.50000000000035305e-01 0 -1.26812156012933008e+00
0 0 0 30 4.99999999999988898e-01 7.50000000000024203e-01 2.50000000000035305e-01 1 -1.26812014093803871e+00
0 0 0 30 4.99999999999988898e-01 7.50000000000024203e-01 2.50000000000035305e-01 2 2.53792612796411898e+00
0 0 0 30 4.99999999999988898e-01 7.50000000000024203e-01 2.50000000000035305e-01 3 2.53792615976633806e+00
0 0 0 30 4.99999999999988898e-01 7.50000000000024203e-01 2.50000000000035305e-01 4 1.11095175194422318e+01
0 0 0 30 4.99999999999988898e-01 7.50000000000024203e-01 2.50000000000035305e-01 5 1.11095203008825116e+01
0 0 0 30 4.99999999999988898e-01 7.50000000000024203e-01 2.50000000000035305e-01 6 1.20219765188462748e+01
0 0 0 30 4.99999999999988898e-01 7.50000000000024203e-01 2.50000000000035305e-01 7 1.20219771588670312e+01
0 0 0 30 4.99999999999988898e-01 7.50000000000024203e-01 2.50000000000035305e-01 8 1.74329907323670135e+01
0 0 0 30 4.99999999999988898e-01 7.50000000000024203e-01 2.50000000000035305e-01 9 1.74329909751490391e+01
0 0 0 30 4.99999999999988898e-01 7.50000000000024203e-01 2.50000000000035305e-01 10 2.12236709967332793e+01
0 0 0 30 4.99999999999988898e-01 7.50000000000024203e-01 2.50000000000035305e-01 11 2.12236717860890103e+01
0 0 0 30 4.99999999999988898e-01 7.50000000000024203e-01 2.50000000000035305e-01 12 2.63449709131002834e+01
0 0 0 30 4.99999999999988898e-01 7.50000000000024203e-01 2.50000000000035305e-01 13 2.63449739569915842e+01
0 0 0 30 4.99999999999988898e-01 7.50000000000024203e-01 2.50000000000035305e-01 14 2.73527362429684402e+01
0 0 0 30 4.99999999999988898e-01 7.50000000000024203e-01 2.50000000000035305e-01 15 2.73527515475288112e+01
0 0 0 30 4.99999999999988898e-01 7.50000000000024203e-01 2.50000000000035305e-01 16 2.74414776340299973e+01
0 0 0 30 4.99999999999988898e-01 7.50000000000024203e-01 2.50000000000035305e-01 17 2.74414815584045044e+01
0 0 0 30 4.99999999999988898e-01 7.50000000000024203e-01 2.50000000000035305e-01 18 3.42114854151753605e+01
0 0 0 30 4.99999999999988898e-01 7.50000000000024203e-01 2.50000000000035305e-01 19 3.42114873024101627e+01
0 0 0 30 4.99999999999988898e-01 7.50000000000024203e-01 2.50000000000035305e-01 20 4.57617919785978557e+01
0 0 0 30 4.99999999999988898e-01 7.50000000000024203e-01 2.50000000000035305e-01 21 4.57618275999321966e+01
0 0 0 30 4.99999999999988898e-01 7.50000000000024203e-01 2.50000000000035305e-01 22 1.18714092293165876e+02
0 0 0 30 4.99999999999988898e-01 7.50000000000024203e-01 2.50000000000035305e-01 23 1.18714332331637678e+02
0 0 0 30 4.99999999999988898e-01 7.50000000000024203e-01 2.50000000000035305e-01 24 1.25069972555094907e+02
0 0 0 30 4.99999999999988898e-01 7.50000000000024203e-01 2.50000000000035305e-01 25 1.25070116979698241e+02
0 0 0 31 7.50000000000024314e-01 7.50000000000024314e-01 2.50000000000035305e-01 0 -2.86108298751102108e+00
0 0 0 31 7.50000000000024314e-01 7.50000000000024314e-01 2.50000000000035305e-01 1 -2.79955835259337827e-03
0 0 0 31 7.50000000000024314e-01 7.50000000000024314e-01 2.50000000000035305e-01 2 2.85933300989000250e+00
0 0 0 31 7.50000000000024314e-01 7.50000000000024314e-01 2.50000000000035305e-01 3 4.23356880700233074e+00
0 0 0 31 7.50000000000024314e-01 7.50000000000024314e-01 2.50000000000035305e-01 4 8.36364216523261383e+00
0 0 0 31 7.50000000000024314e-01 7.50000000000024314e-01 2.50000000000035305e-01 5 1.14632162321868361e+01
0 0 0 31 7.50000000000024314e-01 7.50000000000024314e-01 2.50000000000035305e-01 6 1.25468587478206697e+01
0 0 0 31 7.50000000000024314e-01 7.50000000000024314e-01 2.50000000000035305e-01 7 1.28108031340239545e+01
0 0 0 31 7.50000000000024314e-01 7.50000000000024314e-01 2.50000000000035305e-01 8 1.75445330210377826e+01
0 0 0 31 7.50000000000024314e-01 7.50000000000024314e-01 2.50000000000035305e-01 9 1.80492900217465291e+01
0 0 0 31 7.50000000000024314e-01 7.50000000000024314e-01 2.50000000000035305e-01 10 2.01047047207394272e+01
0 0 0 31 7.50000000000024314e-01 7.50000000000024314e-01 2.50000000000035305e-01 11 2.01288468711112145e+01
0 0 0 31 7.50000000000024314e-01 7.50000000000024314e-01 2.50000000000035305e-01 12 2.55320667436287394e+01
0 0 0 31 7.50000000000024314e-01 7.50000000000024314e-01 2.50000000000035305e-01 13 2.59329681914184889e+01
0 0 0 31 7.50000000000024314e-01 7.50000000000024314e-01 2.50000000000035305e-01 14 2.65085959070952342e+01
0 0 0 31 7.50000000000024314e-01 7.50000000000024314e-01 2.50000000000035305e-01 15 2.74187853669978310e+01
0 0 0 31 7.50000000000024314e-01 7.50000000000024314e-01 2.50000000000035305e-01 16 2.92604216723642097e+01
0 0 0 31 7.50000000000024314e-01 7.50000000000024314e-01 2.50000000000035305e-01 17 3.15710443818281163e+01
0 0 0 31 7.50000000000024314e-01 7.50000000000024314e-01 2.50000000000035305e-01 18 3.27736118146601569e+01
0 0 0 31 7.50000000000024314e-01 7.50000000000024314e-01 2.50000000000035305e-01 19 3.76441425110641106e+01
0 0 0 31 7.50000000000024314e-01 7.50000000000024314e-01 2.50000000000035305e-01 20 4.33774346543054889e+01
0 0 0 31 7.50000000000024314e-01 7.50000000000024314e-01 2.50000000000035305e-01 21 4.68552906732920817e+01
0 0 0 31 7.50000000000024314e-01 7.50000000000024314e-01 2.50000000000035305e-01 22 9.32336033724413795e+01
0 0 0 31 7.50000000000024314e-01 7.50000000000024314e-01 2.50000000000035305e-01 23 1.05504226539982881e+02
0 0 0 31 7.50000000000024314e-01 7.50000000000024314e-01 2.50000000000035305e-01 24 1.16121464812234919e+02
0 0 0 31 7.50000000000024314e-01 7.50000000000024314e-01 2.50000000000035305e-01 25 1.36199531300412133e+02
0 0 0 32 0.00000000000000000e+00 0.00000000000000000e+00 5.00000000000070610e-01 0 -3.24596580198793605e+00
0 0 0 32 0.00000000000000000e+00 0.00000000000000000e+00 5.00000000000070610e-01 1 -6.04418885752091017e-01
0 0 0 32 0.00000000000000000e+00 0.00000000000000000e+00 5.00000000000070610e-01 2 5.24067752011168597e+00
0 0 0 32 0.00000000000000000e+00 0.00000000000000000e+00 5.00000000000070610e-01 3 5.24067752011174104e+00
0 0 0 32 0.00000000000000000e+00 0.00000000000000000e+00 5.00000000000070610e-01 4 8.10635145303611182e+00
0 0 0 32 0.00000000000000000e+00 0.00000000000000000e+00 5.00000000000070610e-01 5 1.01723325320599116e+01
0 0 0 32 0.00000000000000000e+00 0.00000000000000000e+00 5.00000000000070610e-01 6 1.01723325320599383e+01
0 0 0 32 0.00000000000000000e+00 0.00000000000000000e+00 5.00000000000070610e-01 7 1.75471393083260772e+01
0 0 0 32 0.00000000000000000e+00 0.00000000000000000e+00 5.00000000000070610e-01 8 1.80041084701005509e+01
0 0 0 32 0.00000000000000000e+00 0.00000000000000000e+00 5.00000000000070610e-01 9 1.80041084701005509e+01
0 0 0 32 0.00000000000000000e+00 0.00000000000000000e+00 5.00000000000070610e-01 10 1.83579416029928097e+01
0 0 0 32 0.00000000000000000e+00 0.00000000000000000e+00 5.00000000000070610e-01 11 1.97306204018279310e+01
0 0 0 32 0.00000000000000000e+00 0.00000000000000000e+00 5.00000000000070610e-01 12 1.97306204018279310e+01
0 0 0 32 0.00000000000000000e+00 0.00000000000000000e+00 5.00000000000070610e-01 13 2.65327225509090709e+01
0 0 0 32 0.00000000000000000e+00 0.00000000000000000e+00 5.00000000000070610e-01 14 2.84591910703910109e+01
0 0 0 32 0.00000000000000000e+00 0.00000000000000000e+00 5.00000000000070610e-01 15 2.96489496347264314e+01
0 0 0 32 0.00000000000000000e+00 0.00000000000000000e+00 5.00000000000070610e-01 16 2.96489496347264598e+01
0 0 0 32 0.00000000000000000e+00 0.00000000000000000e+00 5.00000000000070610e-01 17 3.36128535729160802e+01
0 0 0 32 0.00000000000000000e+00 0.00000000000000000e+00 5.00000000000070610e-01 18 3.36128535729161300e+01
0 0 0 32 0.00000000000000000e+00 0.00000000000000000e+00 5.00000000000070610e-01 19 3.64309474830753359e+01
0 0 0 32 0.00000000000000000e+00 0.00000000000000000e+00 5.00000000000070610e-01 20 6.21815263312240489e+01
0 0 0 32 0.00000000000000000e+00 0.00000000000000000e+00 5.00000000000070610e-01 21 6.21815263312258253e+01
0 0 0 32 0.00000000000000000e+00 0.00000000000000000e+00 5.00000000000070610e-01 22 7.32589956292651436e+01
0 0 0 32 0.00000000000000000e+00 0.00000000000000000e+00 5.00000000000070610e-01 23 7.32589956292674884e+01
0 0 0 32 0.00000000000000000e+00 0.00000000000000000e+00 5.00000000000070610e-01 24 1.06593772898447924e+02
0 0 0 32 0.00000000000000000e+00 0.00000000000000000e+00 5.00000000000070610e-01 25 1.45626421941864209e+02
0 0 0 33 2.49999999999953648e-01 0.00000000000000000e+00 4.99999999999988953e-01 0 -2.86108298751102108e+00
0 0 0 33 2.49999999999953648e-01 0.00000000000000000e+00 4.99999999999988953e-01 1 -2.79955835262059001e-03
0 0 0 33 2.49999999999953648e-01 0.00000000000000000e+00 4.99999999999988953e-01 2 2.85933300988994787e+00
0 0 0 33 2.49999999999953648e-01 0.00000000000000000e+00 4.99999999999988953e-01 3 4.23356880700238491e+00
0 0 0 33 2.49999999999953648e-01 0.00000000000000000e+00 4.99999999999988953e-01 4 8.36364216523247705e+00
0 0 0 33 2.49999999999953648e-01 0.00000000000000000e+00 4.99999999999988953e-01 5 1.14632162321868911e+01
0 0 0 33 2.49999999999953648e-01 0.00000000000000000e+00 4.99999999999988953e-01 6 1.25468587478207798e+01
0 0 0 33 2.49999999999953648e-01 0.00000000000000000e+00 4.99999999999988953e-01 7 1.28108031340239812e+01
0 0 0 33 2.49999999999953648e-01 0.00000000000000000e+00 4.99999999999988953e-01 8 1.75445330210377257e+01
0 0 0 33 2.49999999999953648e-01 0.00000000000000000e+00 4.99999999999988953e-01 9 1.80492900217466108e+01
0 0 0 33 2.49999999999953648e-01 0.00000000000000000e+00 4.99999999999988953e-01 10 2.01047047207393454e+01
0 0 0 33 2.49999999999953648e-01 0.00000000000000000e+00 4.99999999999988953e-01 11 2.01288468711112429e+01
0 0 0 33 2.49999999999953648e-01 0.00000000000000000e+00 4.99999999999988953e-01 12 2.55320667436287394e+01
0 0 0 33 2.49999999999953648e-01 0.00000000000000000e+00 4.99999999999988953e-01 13 2.59329681914184071e+01
0 0 0 33 2.49999999999953648e-01 0.00000000000000000e+00 4.99999999999988953e-01 14 2.65085959070952342e+01
0 0 0 33 2.49999999999953648e-01 0.00000000000000000e+00 4.99999999999988953e-01 15 2.74187853669977777e+01
0 0 0 33 2.49999999999953648e-01 0.00000000000000000e+00 4.99999999999988953e-01 16 2.92604216723640498e+01
0 0 0 33 2.49999999999953648e-01 0.00000000000000000e+00 4.99999999999988953e-01 17 3.15710443818281163e+01
0 0 0 33 2.49999999999953648e-01 0.00000000000000000e+00 4.99999999999988953e-01 18 3.27736118146602138e+01
0 0 0 33 2.49999999999953648e-01 0.00000000000000000e+00 4.99999999999988953e-01 19 3.76441425110638903e+01
0 0 0 33 2.49999999999953648e-01 0.00000000000000000e+00 4.99999999999988953e-01 20 4.33774346543058726e+01
0 0 0 33 2.49999999999953648e-01 0.00000000000000000e+00 4.99999999999988953e-01 21 4.68552906732919965e+01
0 0 0 33 2.49999999999953648e-01 0.00000000000000000e+00 4.99999999999988953e-01 22 9.32336033724413227e+01
0 0 0 33 2.49999999999953648e-01 0.00000000000000000e+00 4.99999999999988953e-01 23 1.05504226539985467e+02
0 0 0 33 2.49999999999953648e-01 0.00000000000000000e+00 4.99999999999988953e-01 24 1.16121464812232759e+02
0 0 0 33 2.49999999999953648e-01 0.00000000000000000e+00 4.99999999999988953e-01 25 1.36199531300424184e+02
0 0 0 34 4.99999999999988898e-01 0.00000000000000000e+00 4.99999999999988898e-01 0 -1.43299158792959158e+00
0 0 0 34 4.99999999999988898e-01 0.00000000000000000e+00 4.99999999999988898e-01 1 -1.43298966071499811e+00
0 0 0 34 4.99999999999988898e-01 0.00000000000000000e+00 4.99999999999988898e-01 2 3.58371742379168623e+00
0 0 0 34 4.99999999999988898e-01 0.00000000000000000e+00 4.99999999999988898e-01 3 3.58371742379171332e+00
0 0 0 34 4.99999999999988898e-01 0.00000000000000000e+00 4.99999999999988898e-01 4 7.52239651532342535e+00
0 0 0 34 4.99999999999988898e-01 0.00000000000000000e+00 4.99999999999988898e-01 5 7.52240190897768279e+00
0 0 0 34 4.99999999999988898e-01 0.00000000000000000e+00 4.99999999999988898e-01 6 1.68540934583405182e+01
0 0 0 34 4.99999999999988898e-01 0.00000000000000000e+00 4.99999999999988898e-01 7 1.68540934583406816e+01
0 0 0 34 4.99999999999988898e-01 0.00000000000000000e+00 4.99999999999988898e-01 8 1.81121424486641622e+01
0 0 0 34 4.99999999999988898e-01 0.00000000000000000e+00 4.99999999999988898e-01 9 1.81121424486641907e+01
0 0 0 34 4.99999999999988898e-01 0.00000000000000000e+00 4.99999999999988898e-01 10 2.05878224250361477e+01
0 0 0 34 4.99999999999988898e-01 0.00000000000000000e+00 4.99999999999988898e-01 11 2.05878227300968213e+01
0 0 0 34 4.99999999999988898e-01 0.00000000000000000e+00 4.99999999999988898e-01 12 2.10420979604160436e+01
0 0 0 34 4.99999999999988898e-01 0.00000000000000000e+00 4.99999999999988898e-01 13 2.10420989386425781e+01
0 0 0 34 4.99999999999988898e-01 0.00000000000000000e+00 4.99999999999988898e-01 14 2.93787460125577695e+01
0 0 0 34 4.99999999999988898e-01 0.00000000000000000e+00 4.99999999999988898e-01 15 2.93787679773718473e+01
0 0 0 34 4.99999999999988898e-01 0.00000000000000000e+00 4.99999999999988898e-01 16 3.24440847209760648e+01
0 0 0 34 4.99999999999988898e-01 0.00000000000000000e+00 4.99999999999988898e-01 17 3.24440847209761500e+01
0 0 0 34 4.99999999999988898e-01 0.00000000000000000e+00 4.99999999999988898e-01 18 3.42725379543568920e+01
0 0 0 34 4.99999999999988898e-01 0.00000000000000000e+00 4.99999999999988898e-01 19 3.42725593944827267e+01
0 0 0 34 4.99999999999988898e-01 0.00000000000000000e+00 4.99999999999988898e-01 20 3.75019907734040387e+01
0 0 0 34 4.99999999999988898e-01 0.00000000000000000e+00 4.99999999999988898e-01 21 3.75019907734043940e+01
0 0 0 34 4.99999999999988898e-01 0.00000000000000000e+00 4.99999999999988898e-01 22 1.12297266016078694e+02
0 0 0 34 4.99999999999988898e-01 0.00000000000000000e+00 4.99999999999988898e-01 23 1.12297266016084762e+02
0 0 0 34 4.99999999999988898e-01 0.00000000000000000e+00 4.99999999999988898e-01 24 1.27998191864274915e+02
0 0 0 34 4.99999999999988898e-01 0.00000000000000000e+00 4.99999999999988898e-01 25 1.27998308398697347e+02
0 0 0 35 7.50000000000024314e-01 0.00000000000000000e+00 4.99999999999989009e-01 0 -2.86108298751102108e+00
0 0 0 35 7.50000000000024314e-01 0.00000000000000000e+00 4.99999999999989009e-01 1 -2.79955835262059001e-03
0 0 0 35 7.50000000000024314e-01 0.00000000000000000e+00 4.99999999999989009e-01 2 2.85933300988994787e+00
0 0 0 35 7.50000000000024314e-01 0.00000000000000000e+00 4.99999999999989009e-01 3 4.23356880700238491e+00
0 0 0 35 7.50000000000024314e-01 0.00000000000000000e+00 4.99999999999989009e-01 4 8.36364216523247705e+00
0 0 0 35 7.50000000000024314e-01 0.00000000000000000e+00 4.99999999999989009e-01 5 1.14632162321868911e+01
0 0 0 35 7.50000000000024314e-01 0.00000000000000000e+00 4.99999999999989009e-01 6 1.25468587478207532e+01
0 0 0 35 7.50000000000024314e-01 0.00000000000000000e+00 4.99999999999989009e-01 7 1.28108031340239545e+01
0 0 0 35 7.50000000000024314e-01 0.00000000000000000e+00 4.99999999999989009e-01 8 1.75445330210377541e+01
0 0 0 35 7.50000000000024314e-01 0.00000000000000000e+00 4.99999999999989009e-01 9 1.80492900217465824e+01
0 0 0 35 7.50000000000024314e-01 0.00000000000000000e+00 4.99999999999989009e-01 10 2.01047047207393739e+01
0 0 0 35 7.50000000000024314e-01 0.00000000000000000e+00 4.99999999999989009e-01 11 2.01288468711112429e+01
0 0 0 35 7.50000000000024314e-01 0.00000000000000000e+00 4.99999999999989009e-01 12 2.55320667436287145e+01
0 0 0 35 7.50000000000024314e-01 0.00000000000000000e+00 4.99999999999989009e-01 13 2.59329681914184071e+01
0 0 0 35 7.50000000000024314e-01 0.00000000000000000e+00 4.99999999999989009e-01 14 2.65085959070952057e+01
0 0 0 35 7.50000000000024314e-01 0.00000000000000000e+00 4.99999999999989009e-01 15 2.74187853669977777e+01
0 0 0 35 7.50000000000024314e-01 0.00000000000000000e+00 4.99999999999989009e-01 16 2.92604216723640498e+01
0 0 0 35 7.50000000000024314e-01 0.00000000000000000e+00 4.99999999999989009e-01 17 3.15710443818281163e+01
0 0 0 35 7.50000000000024314e-01 0.00000000000000000e+00 4.99999999999989009e-01 18 3.27736118146602422e+01
0 0 0 35 7.50000000000024314e-01 0.00000000000000000e+00 4.99999999999989009e-01 19 3.76441425110639472e+01
0 0 0 35 7.50000000000024314e-01 0.00000000000000000e+00 4.99999999999989009e-01 20 4.33774346543058371e+01
0 0 0 35 7.50000000000024314e-01 0.00000000000000000e+00 4.99999999999989009e-01 21 4.68552906732920249e+01
0 0 0 35 7.50000000000024314e-01 0.00000000000000000e+00 4.99999999999989009e-01 22 9.32336033724409248e+01
0 0 0 35 7.50000000000024314e-01 0.00000000000000000e+00 4.99999999999989009e-01 23 1.05504226539985467e+02
0 0 0 35 7.50000000000024314e-01 0.00000000000000000e+00 4.99999999999989009e-01 24 1.16121464812234521e+02
0 0 0 35 7.50000000000024314e-01 0.00000000000000000e+00 4.99999999999989009e-01 25 1.36199531300421199e+02
0 0 0 36 0.00000000000000000e+00 2.49999999999953648e-01 4.99999999999988953e-01 0 -2.86108298751099399e+00
0 0 0 36 0.00000000000000000e+00 2.49999999999953648e-01 4.99999999999988953e-01 1 -2.79955835256616697e-03
0 0 0 36 0.00000000000000000e+00 2.49999999999953648e-01 4.99999999999988953e-01 2 2.85933300989000250e+00
0 0 0 36 0.00000000000000000e+00 2.49999999999953648e-01 4.99999999999988953e-01 3 4.23356880700235738e+00
0 0 0 36 0.00000000000000000e+00 2.49999999999953648e-01 4.99999999999988953e-01 4 8.36364216523250548e+00
0 0 0 36 0.00000000000000000e+00 2.49999999999953648e-01 4.99999999999988953e-01 5 1.14632162321868911e+01
0 0 0 36 0.00000000000000000e+00 2.49999999999953648e-01 4.99999999999988953e-01 6 1.25468587478207532e+01
0 0 0 36 0.00000000000000000e+00 2.49999999999953648e-01 4.99999999999988953e-01 7 1.28108031340239545e+01
0 0 0 36 0.00000000000000000e+00 2.49999999999953648e-01 4.99999999999988953e-01 8 1.75445330210377541e+01
0 0 0 36 0.00000000000000000e+00 2.49999999999953648e-01 4.99999999999988953e-01 9 1.80492900217465539e+01
0 0 0 36 0.00000000000000000e+00 2.49999999999953648e-01 4.99999999999988953e-01 10 2.01047047207393739e+01
0 0 0 36 0.00000000000000000e+00 2.49999999999953648e-01 4.99999999999988953e-01 11 2.01288468711112714e+01
0 0 0 36 0.00000000000000000e+00 2.49999999999953648e-01 4.99999999999988953e-01 12 2.55320667436287145e+01
0 0 0 36 0.00000000000000000e+00 2.49999999999953648e-01 4.99999999999988953e-01 13 2.59329681914184640e+01
0 0 0 36 0.00000000000000000e+00 2.49999999999953648e-01 4.99999999999988953e-01 14 2.65085959070952057e+01
0 0 0 36 0.00000000000000000e+00 2.49999999999953648e-01 4.99999999999988953e-01 15 2.74187853669978310e+01
0 0 0 36 0.00000000000000000e+00 2.49999999999953648e-01 4.99999999999988953e-01 16 2.92604216723640711e+01
0 0 0 36 0.00000000000000000e+00 2.49999999999953648e-01 4.99999999999988953e-01 17 3.15710443818282549e+01
0 0 0 36 0.00000000000000000e+00 2.49999999999953648e-01 4.99999999999988953e-01 18 3.27736118146601569e+01
0 0 0 36 0.00000000000000000e+00 2.49999999999953648e-01 4.99999999999988953e-01 19 3.76441425110641106e+01
0 0 0 36 0.00000000000000000e+00 2.49999999999953648e-01 4.99999999999988953e-01 20 4.33774346543056240e+01
0 0 0 36 0.00000000000000000e+00 2.49999999999953648e-01 4.99999999999988953e-01 21 4.68552906732922665e+01
0 0 0 36 0.00000000000000000e+00 2.49999999999953648e-01 4.99999999999988953e-01 22 9.32336033724398305e+01
0 0 0 36 0.00000000000000000e+00 2.49999999999953648e-01 4.99999999999988953e-01 23 1.05504226539983378e+02
0 0 0 36 0.00000000000000000e+00 2.49999999999953648e-01 4.99999999999988953e-01 24 1.16121464812233583e+02
0 0 0 36 0.00000000000000000e+00 2.49999999999953648e-01 4.99999999999988953e-01 25 1.36199531300420489e+02
0 0 0 37 2.50000000000035305e-01 2.50000000000035305e-01 5.00000000000070610e-01 0 -3.53849822179906148e+00
0 0 0 37 2.50000000000035305e-01 2.50000000000035305e-01 5.00000000000070610e-01 1 9.06912416253456422e-01
0 0 0 37 2.50000000000035305e-01 2.50000000000035305e-01 5.00000000000070610e-01 2 2.63481016961345382e+00
0 0 0 37 2.50000000000035305e-01 2.50000000000035305e-01 5.00000000000070610e-01 3 5.10631189803305219e+00
0 0 0 37 2.50000000000035305e-01 2.50000000000035305e-01 5.00000000000070610e-01 4 9.31446521881768952e+00
0 0 0 37 2.50000000000035305e-01 2.50000000000035305e-01 5.00000000000070610e-01 5 1.15339182333742016e+01
0 0 0 37 2.50000000000035305e-01 2.50000000000035305e-01 5.00000000000070610e-01 6 1.17936320762268938e+01
0 0 0 37 2.50000000000035305e-01 2.50000000000035305e-01 5.00000000000070610e-01 7 1.34999812379512445e+01
0 0 0 37 2.50000000000035305e-01 2.50000000000035305e-01 5.00000000000070610e-01 8 1.38959001860464486e+01
0 0 0 37 2.50000000000035305e-01 2.50000000000035305e-01 5.00000000000070610e-01 9 1.68432294336173243e+01
0 0 0 37 2.50000000000035305e-01 2.50000000000035305e-01 5.00000000000070610e-01 10 2.06946810568215938e+01
0 0 0 37 2.50000000000035305e-01 2.50000000000035305e-01 5.00000000000070610e-01 11 2.38403022107183631e+01
0 0 0 37 2.50000000000035305e-01 2.50000000000035305e-01 5.00000000000070610e-01 12 2.44987015119192897e+01
0 0 0 37 2.50000000000035305e-01 2.50000000000035305e-01 5.00000000000070610e-01 13 2.46800115643747056e+01
0 0 0 37 2.50000000000035305e-01 2.50000000000035305e-01 5.00000000000070610e-01 14 2.70695029269523850e+01
0 0 0 37 2.50000000000035305e-01 2.50000000000035305e-01 5.00000000000070610e-01 15 2.78549641062830631e+01
0 0 0 37 2.50000000000035305e-01 2.50000000000035305e-01 5.00000000000070610e-01 16 2.88872227542143776e+01
0 0 0 37 2.50000000000035305e-01 2.50000000000035305e-01 5.00000000000070610e-01 17 3.04843827400969758e+01
0 0 0 37 2.50000000000035305e-01 2.50000000000035305e-01 5.00000000000070610e-01 18 3.43518934060827945e+01
0 0 0 37 2.50000000000035305e-01 2.50000000000035305e-01 5.00000000000070610e-01 19 3.94879822757698449e+01
0 0 0 37 2.50000000000035305e-01 2.50000000000035305e-01 5.00000000000070610e-01 20 4.71775968599758286e+01
0 0 0 37 2.50000000000035305e-01 2.50000000000035305e-01 5.00000000000070610e-01 21 5.52283881451044465e+01
0 0 0 37 2.50000000000035305e-01 2.50000000000035305e-01 5.00000000000070610e-01 22 8.56233368278740272e+01
0 0 0 37 2.50000000000035305e-01 2.50000000000035305e-01 5.00000000000070610e-01 23 9.58635499918154750e+01
0 0 0 37 2.50000000000035305e-01 2.50000000000035305e-01 5.00000000000070610e-01 24 1.14131336134506995e+02
0 0 0 37 2.50000000000035305e-01 2.50000000000035305e-01 5.00000000000070610e-01 25 1.39318863909794459e+02
0 0 0 38 4.99999999999988953e-01 2.50000000000035305e-01 4.99999999999988953e-01 0 -2.86108298751102108e+00
0 0 0 38 4.99999999999988953e-01 2.50000000000035305e-01 4.99999999999988953e-01 1 -2.79955835262059001e-03
0 0 0 38 4.99999999999988953e-01 2.50000000000035305e-01 4.99999999999988953e-01 2 2.85933300989000250e+00
0 0 0 38 4.99999999999988953e-01 2.50000000000035305e-01 4.99999999999988953e-01 3 4.23356880700238491e+00
0 0 0 38 4.99999999999988953e-01 2.50000000000035305e-01 4.99999999999988953e-01 4 8.36364216523253212e+00
0 0 0 38 4.99999999999988953e-01 2.50000000000035305e-01 4.99999999999988953e-01 5 1.14632162321868645e+01
0 0 0 38 4.99999999999988953e-01 2.50000000000035305e-01 4.99999999999988953e-01 6 1.25468587478207532e+01
0 0 0 38 4.99999999999988953e-01 2.50000000000035305e-01 4.99999999999988953e-01 7 1.28108031340239545e+01
0 0 0 38 4.99999999999988953e-01 2.50000000000035305e-01 4.99999999999988953e-01 8 1.75445330210377008e+01
0 0 0 38 4.99999999999988953e-01 2.50000000000035305e-01 4.99999999999988953e-01 9 1.80492900217466108e+01
0 0 0 38 4.99999999999988953e-01 2.50000000000035305e-01 4.99999999999988953e-01 10 2.01047047207393987e+01
0 0 0 38 4.99999999999988953e-01 2.50000000000035305e-01 4.99999999999988953e-01 11 2.01288468711112714e+01
0 0 0 38 4.99999999999988953e-01 2.50000000000035305e-01 4.99999999999988953e-01 12 2.55320667436287145e+01
0 0 0 38 4.99999999999988953e-01 2.50000000000035305e-01 4.99999999999988953e-01 13 2.59329681914184071e+01
0 0 0 38 4.99999999999988953e-01 2.50000000000035305e-01 4.99999999999988953e-01 14 2.65085959070952342e+01
0 0 0 38 4.99999999999988953e-01 2.50000000000035305e-01 4.99999999999988953e-01 15 2.74187853669978310e+01
0 0 0 38 4.99999999999988953e-01 2.50000000000035305e-01 4.99999999999988953e-01 16 2.92604216723641279e+01
0 0 0 38 4.99999999999988953e-01 2.50000000000035305e-01 4.99999999999988953e-01 17 3.15710443818281483e+01
0 0 0 38 4.99999999999988953e-01 2.50000000000035305e-01 4.99999999999988953e-01 18 3.27736118146602635e+01
0 0 0 38 4.99999999999988953e-01 2.50000000000035305e-01 4.99999999999988953e-01 19 3.76441425110640040e+01
0 0 0 38 4.99999999999988953e-01 2.50000000000035305e-01 4.99999999999988953e-01 20 4.33774346543058726e+01
0 0 0 38 4.99999999999988953e-01 2.50000000000035305e-01 4.99999999999988953e-01 21 4.68552906732915346e+01
0 0 0 38 4.99999999999988953e-01 2.50000000000035305e-01 4.99999999999988953e-01 22 9.32336033724427438e+01
0 0 0 38 4.99999999999988953e-01 2.50000000000035305e-01 4.99999999999988953e-01 23 1.05504226539981190e+02
0 0 0 38 4.99999999999988953e-01 2.50000000000035305e-01 4.99999999999988953e-01 24 1.16121464812229917e+02
0 0 0 38 4.99999999999988953e-01 2.50000000000035305e-01 4.99999999999988953e-01 25 1.36199531300418585e+02
0 0 0 39 7.50000000000024203e-01 2.50000000000035305e-01 4.99999999999988898e-01 0 -1.26812156012933008e+00
0 0 0 39 7.50000000000024203e-01 2.50000000000035305e-01 4.99999999999988898e-01 1 -1.26812014093798431e+00
0 0 0 39 7.50000000000024203e-01 2.50000000000035305e-01 4.99999999999988898e-01 2 2.53792612796417316e+00
0 0 0 39 7.50000000000024203e-01 2.50000000000035305e-01 4.99999999999988898e-01 3 2.53792615976636515e+00
0 0 0 39 7.50000000000024203e-01 2.50000000000035305e-01 4.99999999999988898e-01 4 1.11095175194422584e+01
0 0 0 39 7.50000000000024203e-01 2.50000000000035305e-01 4.99999999999988898e-01 5 1.11095203008824832e+01
0 0 0 39 7.50000000000024203e-01 2.50000000000035305e-01 4.99999999999988898e-01 6 1.20219765188462748e+01
0 0 0 39 7.50000000000024203e-01 2.50000000000035305e-01 4.99999999999988898e-01 7 1.20219771588670312e+01
0 0 0 39 7.50000000000024203e-01 2.50000000000035305e-01 4.99999999999988898e-01 8 1.74329907323669318e+01
0 0 0 39 7.50000000000024203e-01 2.50000000000035305e-01 4.99999999999988898e-01 9 1.74329909751491208e+01
0 0 0 39 7.50000000000024203e-01 2.50000000000035305e-01 4.99999999999988898e-01 10 2.12236709967332793e+01
0 0 0 39 7.50000000000024203e-01 2.50000000000035305e-01 4.99999999999988898e-01 11 2.12236717860890103e+01
0 0 0 39 7.50000000000024203e-01 2.50000000000035305e-01 4.99999999999988898e-01 12 2.63449709131003118e+01
0 0 0 39 7.50000000000024203e-01 2.50000000000035305e-01 4.99999999999988898e-01 13 2.63449739569915558e+01
0 0 0 39 7.50000000000024203e-01 2.50000000000035305e-01 4.99999999999988898e-01 14 2.73527362429683549e+01
0 0 0 39 7.50000000000024203e-01 2.50000000000035305e-01 4.99999999999988898e-01 15 2.73527515475288681e+01
0 0 0 39 7.50000000000024203e-01 2.50000000000035305e-01 4.99999999999988898e-01 16 2.74414776340299973e+01
0 0 0 39 7.50000000000024203e-01 2.50000000000035305e-01 4.99999999999988898e-01 17 2.74414815584045577e+01
0 0 0 39 7.50000000000024203e-01 2.50000000000035305e-01 4.99999999999988898e-01 18 3.42114854151754670e+01
0 0 0 39 7.50000000000024203e-01 2.50000000000035305e-01 4.99999999999988898e-01 19 3.42114873024101058e+01
0 0 0 39 7.50000000000024203e-01 2.50000000000035305e-01 4.99999999999988898e-01 20 4.57617919785976355e+01
0 0 0 39 7.50000000000024203e-01 2.50000000000035305e-01 4.99999999999988898e-01 21 4.57618275999321753e+01
0 0 0 39 7.50000000000024203e-01 2.50000000000035305e-01 4.99999999999988898e-01 22 1.18714092293159894e+02
0 0 0 39 7.50000000000024203e-01 2.50000000000035305e-01 4.99999999999988898e-01 23 1.18714332331641728e+02
0 0 0 39 7.50000000000024203e-01 2.50000000000035305e-01 4.99999999999988898e-01 24 1.25069972555092946e+02
0 0 0 39 7.50000000000024203e-01 2.50000000000035305e-01 4.99999999999988898e-01 25 1.25070116979704792e+02
0 0 0 40 0.00000000000000000e+00 4.99999999999988898e-01 4.99999999999988898e-01 0 -1.43299158792956427e+00
0 0 0 40 0.00000000000000000e+00 4.99999999999988898e-01 4.99999999999988898e-01 1 -1.43298966071494349e+00
0 0 0 40 0.00000000000000000e+00 4.99999999999988898e-01 4.99999999999988898e-01 2 3.58371742379163205e+00
0 0 0 40 0.00000000000000000e+00 4.99999999999988898e-01 4.99999999999988898e-01 3 3.58371742379168623e+00
0 0 0 40 0.00000000000000000e+00 4.99999999999988898e-01 4.99999999999988898e-01 4 7.52239651532337117e+00
0 0 0 40 0.00000000000000000e+00 4.99999999999988898e-01 4.99999999999988898e-01 5 7.52240190897773697e+00
0 0 0 40 0.00000000000000000e+00 4.99999999999988898e-01 4.99999999999988898e-01 6 1.68540934583404933e+01
0 0 0 40 0.00000000000000000e+00 4.99999999999988898e-01 4.99999999999988898e-01 7 1.68540934583405999e+01
0 0 0 40 0.00000000000000000e+00 4.99999999999988898e-01 4.99999999999988898e-01 8 1.81121424486641374e+01
0 0 0 40 0.00000000000000000e+00 4.99999999999988898e-01 4.99999999999988898e-01 9 1.81121424486641374e+01
0 0 0 40 0.00000000000000000e+00 4.99999999999988898e-01 4.99999999999988898e-01 10 2.05878224250362294e+01
0 0 0 40 0.00000000000000000e+00 4.99999999999988898e-01 4.99999999999988898e-01 11 2.05878227300969279e+01
0 0 0 40 0.00000000000000000e+00 4.99999999999988898e-01 4.99999999999988898e-01 12 2.10420979604160436e+01
0 0 0 40 0.00000000000000000e+00 4.99999999999988898e-01 4.99999999999988898e-01 13 2.10420989386425212e+01
0 0 0 40 0.00000000000000000e+00 4.99999999999988898e-01 4.99999999999988898e-01 14 2.93787460125577482e+01
0 0 0 40 0.00000000000000000e+00 4.99999999999988898e-01 4.99999999999988898e-01 15 2.93787679773719006e+01
0 0 0 40 0.00000000000000000e+00 4.99999999999988898e-01 4.99999999999988898e-01 16 3.24440847209759298e+01
0 0 0 40 0.00000000000000000e+00 4.99999999999988898e-01 4.99999999999988898e-01 17 3.24440847209760932e+01
0 0 0 40 0.00000000000000000e+00 4.99999999999988898e-01 4.99999999999988898e-01 18 3.42725379543569701e+01
0 0 0 40 0.00000000000000000e+00 4.99999999999988898e-01 4.99999999999988898e-01 19 3.42725593944827551e+01
0 0 0 40 0.00000000000000000e+00 4.99999999999988898e-01 4.99999999999988898e-01 20 3.75019907734039890e+01
0 0 0 40 0.00000000000000000e+00 4.99999999999988898e-01 4.99999999999988898e-01 21 3.75019907734043443e+01
0 0 0 40 0.00000000000000000e+00 4.99999999999988898e-01 4.99999999999988898e-01 22 1.12297266016077842e+02
0 0 0 40 0.00000000000000000e+00 4.99999999999988898e-01 4.99999999999988898e-01 23 1.12297266016083839e+02
0 0 0 40 0.00000000000000000e+00 4.99999999999988898e-01 4.99999999999988898e-01 24 1.27998191864268378e+02
0 0 0 40 0.00000000000000000e+00 4.99999999999988898e-01 4.99999999999988898e-01 25 1.27998308398695528e+02
0 0 0 41 2.50000000000035305e-01 4.99999999999988953e-01 4.99999999999988953e-01 0 -2.86108298751102108e+00
0 0 0 41 2.50000000000035305e-01 4.99999999999988953e-01 4.99999999999988953e-01 1 -2.79955835259337827e-03
0 0 0 41 2.50000000000035305e-01 4.99999999999988953e-01 4.99999999999988953e-01 2 2.85933300989000250e+00
0 0 0 41 2.50000000000035305e-01 4.99999999999988953e-01 4.99999999999988953e-01 3 4.23356880700230320e+00
0 0 0 41 2.50000000000035305e-01 4.99999999999988953e-01 4.99999999999988953e-01 4 8.36364216523250548e+00
0 0 0 41 2.50000000000035305e-01 4.99999999999988953e-01 4.99999999999988953e-01 5 1.14632162321868645e+01
0 0 0 41 2.50000000000035305e-01 4.99999999999988953e-01 4.99999999999988953e-01 6 1.25468587478207798e+01
0 0 0 41 2.50000000000035305e-01 4.99999999999988953e-01 4.99999999999988953e-01 7 1.28108031340239013e+01
0 0 0 41 2.50000000000035305e-01 4.99999999999988953e-01 4.99999999999988953e-01 8 1.75445330210377008e+01
0 0 0 41 2.50000000000035305e-01 4.99999999999988953e-01 4.99999999999988953e-01 9 1.80492900217465291e+01
0 0 0 41 2.50000000000035305e-01 4.99999999999988953e-01 4.99999999999988953e-01 10 2.01047047207393987e+01
0 0 0 41 2.50000000000035305e-01 4.99999999999988953e-01 4.99999999999988953e-01 11 2.01288468711112145e+01
0 0 0 41 2.50000000000035305e-01 4.99999999999988953e-01 4.99999999999988953e-01 12 2.55320667436287145e+01
0 0 0 41 2.50000000000035305e-01 4.99999999999988953e-01 4.99999999999988953e-01 13 2.59329681914185173e+01
0 0 0 41 2.50000000000035305e-01 4.99999999999988953e-01 4.99999999999988953e-01 14 2.65085959070951525e+01
0 0 0 41 2.50000000000035305e-01 4.99999999999988953e-01 4.99999999999988953e-01 15 2.74187853669978310e+01
0 0 0 41 2.50000000000035305e-01 4.99999999999988953e-01 4.99999999999988953e-01 16 2.92604216723640711e+01
0 0 0 41 2.50000000000035305e-01 4.99999999999988953e-01 4.99999999999988953e-01 17 3.15710443818282798e+01
0 0 0 41 2.50000000000035305e-01 4.99999999999988953e-01 4.99999999999988953e-01 18 3.27736118146601356e+01
0 0 0 41 2.50000000000035305e-01 4.99999999999988953e-01 4.99999999999988953e-01 19 3.76441425110640537e+01
0 0 0 41 2.50000000000035305e-01 4.99999999999988953e-01 4.99999999999988953e-01 20 4.33774346543055671e+01
0 0 0 41 2.50000000000035305e-01 4.99999999999988953e-01 4.99999999999988953e-01 21 4.68552906732918046e+01
0 0 0 41 2.50000000000035305e-01 4.99999999999988953e-01 4.99999999999988953e-01 22 9.32336033724399869e+01
0 0 0 41 2.50000000000035305e-01 4.99999999999988953e-01 4.99999999999988953e-01 23 1.05504226539982042e+02
0 0 0 41 2.50000000000035305e-01 4.99999999999988953e-01 4.99999999999988953e-01 24 1.16121464812228453e+02
0 0 0 41 2.50000000000035305e-01 4.99999999999988953e-01 4.99999999999988953e-01 25 1.36199531300418670e+02
0 0 0 42 5.00000000000070610e-01 5.00000000000070610e-01 5.00000000000070610e-01 0 -3.24596580198793605e+00
0 0 0 42 5.00000000000070610e-01 5.00000000000070610e-01 5.00000000000070610e-01 1 -6.04418885752145529e-01
0 0 0 42 5.00000000000070610e-01 5.00000000000070610e-01 5.00000000000070610e-01 2 5.24067752011174104e+00
0 0 0 42 5.00000000000070610e-01 5.00000000000070610e-01 5.00000000000070610e-01 3 5.24067752011176768e+00
0 0 0 42 5.00000000000070610e-01 5.00000000000070610e-01 5.00000000000070610e-01 4 8.10635145303613847e+00
0 0 0 42 5.00000000000070610e-01 5.00000000000070610e-01 5.00000000000070610e-01 5 1.01723325320598832e+01
0 0 0 42 5.00000000000070610e-01 5.00000000000070610e-01 5.00000000000070610e-01 6 1.01723325320598832e+01
0 0 0 42 5.00000000000070610e-01 5.00000000000070610e-01 5.00000000000070610e-01 7 1.75471393083259706e+01
0 0 0 42 5.00000000000070610e-01 5.00000000000070610e-01 5.00000000000070610e-01 8 1.80041084701005758e+01
0 0 0 42 5.00000000000070610e-01 5.00000000000070610e-01 5.00000000000070610e-01 9 1.80041084701005758e+01
0 0 0 42 5.00000000000070610e-01 5.00000000000070610e-01 5.00000000000070610e-01 10 1.83579416029928915e+01
0 0 0 42 5.00000000000070610e-01 5.00000000000070610e-01 5.00000000000070610e-01 11 1.97306204018279310e+01
0 0 0 42 5.00000000000070610e-01 5.00000000000070610e-01 5.00000000000070610e-01 12 1.97306204018279878e+01
0 0 0 42 5.00000000000070610e-01 5.00000000000070610e-01 5.00000000000070610e-01 13 2.65327225509090425e+01
0 0 0 42 5.00000000000070610e-01 5.00000000000070610e-01 5.00000000000070610e-01 14 2.84591910703909861e+01
0 0 0 42 5.00000000000070610e-01 5.00000000000070610e-01 5.00000000000070610e-01 15 2.96489496347264598e+01
0 0 0 42 5.00000000000070610e-01 5.00000000000070610e-01 5.00000000000070610e-01 16 2.96489496347264847e+01
0 0 0 42 5.00000000000070610e-01 5.00000000000070610e-01 5.00000000000070610e-01 17 3.36128535729160234e+01
0 0 0 42 5.00000000000070610e-01 5.00000000000070610e-01 5.00000000000070610e-01 18 3.36128535729161584e+01
0 0 0 42 5.00000000000070610e-01 5.00000000000070610e-01 5.00000000000070610e-01 19 3.64309474830752862e+01
0 0 0 42 5.00000000000070610e-01 5.00000000000070610e-01 5.00000000000070610e-01 20 6.21815263312237860e+01
0 0 0 42 5.00000000000070610e-01 5.00000000000070610e-01 5.00000000000070610e-01 21 6.21815263312264790e+01
0 0 0 42 5.00000000000070610e-01 5.00000000000070610e-01 5.00000000000070610e-01 22 7.32589956292644899e+01
0 0 0 42 5.00000000000070610e-01 5.00000000000070610e-01 5.00000000000070610e-01 23 7.32589956292654279e+01
0 0 0 42 5.00000000000070610e-01 5.00000000000070610e-01 5.00000000000070610e-01 24 1.06593772898442879e+02
0 0 0 42 5.00000000000070610e-01 5.00000000000070610e-01 5.00000000000070610e-01 25 1.45626421941854204e+02
0 0 0 43 7.49999999999942601e-01 4.99999999999988953e-01 4.99999999999988953e-01 0 -2.86108298751099399e+00
0 0 0 43 7.49999999999942601e-01 4.99999999999988953e-01 4.99999999999988953e-01 1 -2.79955835256616697e-03
0 0 0 43 7.49999999999942601e-01 4.99999999999988953e-01 4.99999999999988953e-01 2 2.85933300988997496e+00
0 0 0 43 7.49999999999942601e-01 4.99999999999988953e-01 4.99999999999988953e-01 3 4.23356880700235738e+00
0 0 0 43 7.49999999999942601e-01 4.99999999999988953e-01 4.99999999999988953e-01 4 8.36364216523250548e+00
0 0 0 43 7.49999999999942601e-01 4.99999999999988953e-01 4.99999999999988953e-01 5 1.14632162321868645e+01
0 0 0 43 7.49999999999942601e-01 4.99999999999988953e-01 4.99999999999988953e-01 6 1.25468587478207798e+01
0 0 0 43 7.49999999999942601e-01 4.99999999999988953e-01 4.99999999999988953e-01 7 1.28108031340239013e+01
0 0 0 43 7.49999999999942601e-01 4.99999999999988953e-01 4.99999999999988953e-01 8 1.75445330210377008e+01
0 0 0 43 7.49999999999942601e-01 4.99999999999988953e-01 4.99999999999988953e-01 9 1.80492900217465291e+01
0 0 0 43 7.49999999999942601e-01 4.99999999999988953e-01 4.99999999999988953e-01 10 2.01047047207393739e+01
0 0 0 43 7.49999999999942601e-01 4.99999999999988953e-01 4.99999999999988953e-01 11 2.01288468711112429e+01
0 0 0 43 7.49999999999942601e-01 4.99999999999988953e-01 4.99999999999988953e-01 12 2.55320667436287145e+01
0 0 0 43 7.49999999999942601e-01 4.99999999999988953e-01 4.99999999999988953e-01 13 2.59329681914184889e+01
0 0 0 43 7.49999999999942601e-01 4.99999999999988953e-01 4.99999999999988953e-01 14 2.65085959070951525e+01
0 0 0 43 7.49999999999942601e-01 4.99999999999988953e-01 4.99999999999988953e-01 15 2.74187853669978558e+01
0 0 0 43 7.49999999999942601e-01 4.99999999999988953e-01 4.99999999999988953e-01 16 2.92604216723641031e+01
0 0 0 43 7.49999999999942601e-01 4.99999999999988953e-01 4.99999999999988953e-01 17 3.15710443818282549e+01
0 0 0 43 7.49999999999942601e-01 4.99999999999988953e-01 4.99999999999988953e-01 18 3.27736118146601072e+01
0 0 0 43 7.49999999999942601e-01 4.99999999999988953e-01 4.99999999999988953e-01 19 3.76441425110639685e+01
0 0 0 43 7.49999999999942601e-01 4.99999999999988953e-01 4.99999999999988953e-01 20 4.33774346543055955e+01
0 0 0 43 7.49999999999942601e-01 4.99999999999988953e-01 4.99999999999988953e-01 21 4.68552906732918331e+01
0 0 0 43 7.49999999999942601e-01 4.99999999999988953e-01 4.99999999999988953e-01 22 9.32336033724402711e+01
0 0 0 43 7.49999999999942601e-01 4.99999999999988953e-01 4.99999999999988953e-01 23 1.05504226539981829e+02
0 0 0 43 7.49999999999942601e-01 4.99999999999988953e-01 4.99999999999988953e-01 24 1.16121464812227586e+02
0 0 0 43 7.49999999999942601e-01 4.99999999999988953e-01 4.99999999999988953e-01 25 1.36199531300420347e+02
0 0 0 44 0.00000000000000000e+00 7.50000000000024314e-01 4.99999999999989009e-01 0 -2.86108298751102108e+00
0 0 0 44 0.00000000000000000e+00 7.50000000000024314e-01 4.99999999999989009e-01 1 -2.79955835259337827e-03
0 0 0 44 0.00000000000000000e+00 7.50000000000024314e-01 4.99999999999989009e-01 2 2.85933300988997496e+00
0 0 0 44 0.00000000000000000e+00 7.50000000000024314e-01 4.99999999999989009e-01 3 4.23356880700238491e+00
0 0 0 44 0.00000000000000000e+00 7.50000000000024314e-01 4.99999999999989009e-01 4 8.36364216523250548e+00
0 0 0 44 0.00000000000000000e+00 7.50000000000024314e-01 4.99999999999989009e-01 5 1.14632162321868911e+01
0 0 0 44 0.00000000000000000e+00 7.50000000000024314e-01 4.99999999999989009e-01 6 1.25468587478207798e+01
0 0 0 44 0.00000000000000000e+00 7.50000000000024314e-01 4.99999999999989009e-01 7 1.28108031340239279e+01
0 0 0 44 0.00000000000000000e+00 7.50000000000024314e-01 4.99999999999989009e-01 8 1.75445330210377541e+01
0 0 0 44 0.00000000000000000e+00 7.50000000000024314e-01 4.99999999999989009e-01 9 1.80492900217465824e+01
0 0 0 44 0.00000000000000000e+00 7.50000000000024314e-01 4.99999999999989009e-01 10 2.01047047207393987e+01
0 0 0 44 0.00000000000000000e+00 7.50000000000024314e-01 4.99999999999989009e-01 11 2.01288468711112429e+01
0 0 0 44 0.00000000000000000e+00 7.50000000000024314e-01 4.99999999999989009e-01 12 2.55320667436287145e+01
0 0 0 44 0.00000000000000000e+00 7.50000000000024314e-01 4.99999999999989009e-01 13 2.59329681914184640e+01
0 0 0 44 0.00000000000000000e+00 7.50000000000024314e-01 4.99999999999989009e-01 14 2.65085959070951773e+01
0 0 0 44 0.00000000000000000e+00 7.50000000000024314e-01 4.99999999999989009e-01 15 2.74187853669978310e+01
0 0 0 44 0.00000000000000000e+00 7.50000000000024314e-01 4.99999999999989009e-01 16 2.92604216723641031e+01
0 0 0 44 0.00000000000000000e+00 7.50000000000024314e-01 4.99999999999989009e-01 17 3.15710443818282265e+01
0 0 0 44 0.00000000000000000e+00 7.50000000000024314e-01 4.99999999999989009e-01 18 3.27736118146601569e+01
0 0 0 44 0.00000000000000000e+00 7.50000000000024314e-01 4.99999999999989009e-01 19 3.76441425110641319e+01
0 0 0 44 0.00000000000000000e+00 7.50000000000024314e-01 4.99999999999989009e-01 20 4.33774346543056240e+01
0 0 0 44 0.00000000000000000e+00 7.50000000000024314e-01 4.99999999999989009e-01 21 4.68552906732922665e+01
0 0 0 44 0.00000000000000000e+00 7.50000000000024314e-01 4.99999999999989009e-01 22 9.32336033724404558e+01
0 0 0 44 0.00000000000000000e+00 7.50000000000024314e-01 4.99999999999989009e-01 23 1.05504226539984089e+02
0 0 0 44 0.00000000000000000e+00 7.50000000000024314e-01 4.99999999999989009e-01 24 1.16121464812232546e+02
0 0 0 44 0.00000000000000000e+00 7.50000000000024314e-01 4.99999999999989009e-01 25 1.36199531300424582e+02
0 0 0 45 2.50000000000035305e-01 7.50000000000024203e-01 4.99999999999988898e-01 0 -1.26812156012933008e+00
0 0 0 45 2.50000000000035305e-01 7.50000000000024203e-01 4.99999999999988898e-01 1 -1.26812014093809311e+00
0 0 0 45 2.50000000000035305e-01 7.50000000000024203e-01 4.99999999999988898e-01 2 2.53792612796414607e+00
0 0 0 45 2.50000000000035305e-01 7.50000000000024203e-01 4.99999999999988898e-01 3 2.53792615976636515e+00
0 0 0 45 2.50000000000035305e-01 7.50000000000024203e-01 4.99999999999988898e-01 4 1.11095175194422584e+01
0 0 0 45 2.50000000000035305e-01 7.50000000000024203e-01 4.99999999999988898e-01 5 1.11095203008824832e+01
0 0 0 45 2.50000000000035305e-01 7.50000000000024203e-01 4.99999999999988898e-01 6 1.20219765188463015e+01
0 0 0 45 2.50000000000035305e-01 7.50000000000024203e-01 4.99999999999988898e-01 7 1.20219771588670596e+01
0 0 0 45 2.50000000000035305e-01 7.50000000000024203e-01 4.99999999999988898e-01 8 1.74329907323669318e+01
0 0 0 45 2.50000000000035305e-01 7.50000000000024203e-01 4.99999999999988898e-01 9 1.74329909751491208e+01
0 0 0 45 2.50000000000035305e-01 7.50000000000024203e-01 4.99999999999988898e-01 10 2.12236709967333077e+01
0 0 0 45 2.50000000000035305e-01 7.50000000000024203e-01 4.99999999999988898e-01 11 2.12236717860890387e+01
0 0 0 45 2.50000000000035305e-01 7.50000000000024203e-01 4.99999999999988898e-01 12 2.63449709131003367e+01
0 0 0 45 2.50000000000035305e-01 7.50000000000024203e-01 4.99999999999988898e-01 13 2.63449739569915558e+01
0 0 0 45 2.50000000000035305e-01 7.50000000000024203e-01 4.99999999999988898e-01 14 2.73527362429683549e+01
0 0 0 45 2.50000000000035305e-01 7.50000000000024203e-01 4.99999999999988898e-01 15 2.73527515475288965e+01
0 0 0 45 2.50000000000035305e-01 7.50000000000024203e-01 4.99999999999988898e-01 16 2.74414776340299973e+01
0 0 0 45 2.50000000000035305e-01 7.50000000000024203e-01 4.99999999999988898e-01 17 2.74414815584045826e+01
0 0 0 45 2.50000000000035305e-01 7.50000000000024203e-01 4.99999999999988898e-01 18 3.42114854151754670e+01
0 0 0 45 2.50000000000035305e-01 7.50000000000024203e-01 4.99999999999988898e-01 19 3.42114873024101342e+01
0 0 0 45 2.50000000000035305e-01 7.50000000000024203e-01 4.99999999999988898e-01 20 4.57617919785976142e+01
0 0 0 45 2.50000000000035305e-01 7.50000000000024203e-01 4.99999999999988898e-01 21 4.57618275999321185e+01
0 0 0 45 2.50000000000035305e-01 7.50000000000024203e-01 4.99999999999988898e-01 22 1.18714092293161443e+02
0 0 0 45 2.50000000000035305e-01 7.50000000000024203e-01 4.99999999999988898e-01 23 1.18714332331641643e+02
0 0 0 45 2.50000000000035305e-01 7.50000000000024203e-01 4.99999999999988898e-01 24 1.25069972555092590e+02
0 0 0 45 2.50000000000035305e-01 7.50000000000024203e-01 4.99999999999988898e-01 25 1.25070116979704451e+02
0 0 0 46 4.99999999999988953e-01 7.49999999999942601e-01 4.99999999999988953e-01 0 -2.86108298751102108e+00
0 0 0 46 4.99999999999988953e-01 7.49999999999942601e-01 4.99999999999988953e-01 1 -2.79955835262059001e-03
0 0 0 46 4.99999999999988953e-01 7.49999999999942601e-01 4.99999999999988953e-01 2 2.85933300988997496e+00
0 0 0 46 4.99999999999988953e-01 7.49999999999942601e-01 4.99999999999988953e-01 3 4.23356880700235738e+00
0 0 0 46 4.99999999999988953e-01 7.49999999999942601e-01 4.99999999999988953e-01 4 8.36364216523253212e+00
0 0 0 46 4.99999999999988953e-01 7.49999999999942601e-01 4.99999999999988953e-01 5 1.14632162321868645e+01
0 0 0 46 4.99999999999988953e-01 7.49999999999942601e-01 4.99999999999988953e-01 6 1.25468587478207532e+01
0 0 0 46 4.99999999999988953e-01 7.49999999999942601e-01 4.99999999999988953e-01 7 1.28108031340239545e+01
0 0 0 46 4.99999999999988953e-01 7.49999999999942601e-01 4.99999999999988953e-01 8 1.75445330210376724e+01
0 0 0 46 4.99999999999988953e-01 7.49999999999942601e-01 4.99999999999988953e-01 9 1.80492900217466108e+01
0 0 0 46 4.99999999999988953e-01 7.49999999999942601e-01 4.99999999999988953e-01 10 2.01047047207393987e+01
0 0 0 46 4.99999999999988953e-01 7.49999999999942601e-01 4.99999999999988953e-01 11 2.01288468711112429e+01
0 0 0 46 4.99999999999988953e-01 7.49999999999942601e-01 4.99999999999988953e-01 12 2.55320667436287145e+01
0 0 0 46 4.99999999999988953e-01 7.49999999999942601e-01 4.99999999999988953e-01 13 2.59329681914183823e+01
0 0 0 46 4.99999999999988953e-01 7.49999999999942601e-01 4.99999999999988953e-01 14 2.65085959070952057e+01
0 0 0 46 4.99999999999988953e-01 7.49999999999942601e-01 4.99999999999988953e-01 15 2.74187853669978310e+01
0 0 0 46 4.99999999999988953e-01 7.49999999999942601e-01 4.99999999999988953e-01 16 2.92604216723641564e+01
0 0 0 46 4.99999999999988953e-01 7.49999999999942601e-01 4.99999999999988953e-01 17 3.15710443818281732e+01
0 0 0 46 4.99999999999988953e-01 7.49999999999942601e-01 4.99999999999988953e-01 18 3.27736118146602138e+01
0 0 0 46 4.99999999999988953e-01 7.49999999999942601e-01 4.99999999999988953e-01 19 3.76441425110640253e+01
0 0 0 46 4.99999999999988953e-01 7.49999999999942601e-01 4.99999999999988953e-01 20 4.33774346543058726e+01
0 0 0 46 4.99999999999988953e-01 7.49999999999942601e-01 4.99999999999988953e-01 21 4.68552906732915559e+01
0 0 0 46 4.99999999999988953e-01 7.49999999999942601e-01 4.99999999999988953e-01 22 9.32336033724434827e+01
0 0 0 46 4.99999999999988953e-01 7.49999999999942601e-01 4.99999999999988953e-01 23 1.05504226539981516e+02
0 0 0 46 4.99999999999988953e-01 7.49999999999942601e-01 4.99999999999988953e-01 24 1.16121464812231068e+02
0 0 0 46 4.99999999999988953e-01 7.49999999999942601e-01 4.99999999999988953e-01 25 1.36199531300417192e+02
0 0 0 47 7.50000000000024203e-01 7.50000000000024203e-01 5.00000000000070610e-01 0 -3.53849822179903395e+00
0 0 0 47 7.50000000000024203e-01 7.50000000000024203e-01 5.00000000000070610e-01 1 9.06912416253456422e-01
0 0 0 47 7.50000000000024203e-01 7.50000000000024203e-01 5.00000000000070610e-01 2 2.63481016961342673e+00
0 0 0 47 7.50000000000024203e-01 7.50000000000024203e-01 5.00000000000070610e-01 3 5.10631189803305219e+00
0 0 0 47 7.50000000000024203e-01 7.50000000000024203e-01 5.00000000000070610e-01 4 9.31446521881768952e+00
0 0 0 47 7.50000000000024203e-01 7.50000000000024203e-01 5.00000000000070610e-01 5 1.15339182333741750e+01
0 0 0 47 7.50000000000024203e-01 7.50000000000024203e-01 5.00000000000070610e-01 6 1.17936320762268938e+01
0 0 0 47 7.50000000000024203e-01 7.50000000000024203e-01 5.00000000000070610e-01 7 1.34999812379512445e+01
0 0 0 47 7.50000000000024203e-01 7.50000000000024203e-01 5.00000000000070610e-01 8 1.38959001860464486e+01
0 0 0 47 7.50000000000024203e-01 7.50000000000024203e-01 5.00000000000070610e-01 9 1.68432294336173527e+01
0 0 0 47 7.50000000000024203e-01 7.50000000000024203e-01 5.00000000000070610e-01 10 2.06946810568216186e+01
0 0 0 47 7.50000000000024203e-01 7.50000000000024203e-01 5.00000000000070610e-01 11 2.38403022107183631e+01
0 0 0 47 7.50000000000024203e-01 7.50000000000024203e-01 5.00000000000070610e-01 12 2.44987015119192897e+01
0 0 0 47 7.50000000000024203e-01 7.50000000000024203e-01 5.00000000000070610e-01 13 2.46800115643746771e+01
0 0 0 47 7.50000000000024203e-01 7.50000000000024203e-01 5.00000000000070610e-01 14 2.70695029269523566e+01
0 0 0 47 7.50000000000024203e-01 7.50000000000024203e-01 5.00000000000070610e-01 15 2.78549641062830382e+01
0 0 0 47 7.50000000000024203e-01 7.50000000000024203e-01 5.00000000000070610e-01 16 2.88872227542143527e+01
0 0 0 47 7.50000000000024203e-01 7.50000000000024203e-01 5.00000000000070610e-01 17 3.04843827400970007e+01
0 0 0 47 7.50000000000024203e-01 7.50000000000024203e-01 5.00000000000070610e-01 18 3.43518934060827732e+01
0 0 0 47 7.50000000000024203e-01 7.50000000000024203e-01 5.00000000000070610e-01 19 3.94879822757698733e+01
0 0 0 47 7.50000000000024203e-01 7.50000000000024203e-01 5.00000000000070610e-01 20 4.71775968599758002e+01
0 0 0 47 7.50000000000024203e-01 7.50000000000024203e-01 5.00000000000070610e-01 21 5.52283881451045531e+01
0 0 0 47 7.50000000000024203e-01 7.50000000000024203e-01 5.00000000000070610e-01 22 8.56233368278736720e+01
0 0 0 47 7.50000000000024203e-01 7.50000000000024203e-01 5.00000000000070610e-01 23 9.58635499918132297e+01
0 0 0 47 7.50000000000024203e-01 7.50000000000024203e-01 5.00000000000070610e-01 24 1.14131336134510747e+02
0 0 0 47 7.50000000000024203e-01 7.50000000000024203e-01 5.00000000000070610e-01 25 1.39318863909795112e+02
0 0 0 48 0.00000000000000000e+00 0.00000000000000000e+00 7.49999999999942601e-01 0 -4.77928439869774557e+00
0 0 0 48 0.00000000000000000e+00 0.00000000000000000e+00 7.49999999999942601e-01 1 2.46680605279676168e+00
0 0 0 48 0.00000000000000000e+00 0.00000000000000000e+00 7.49999999999942601e-01 2 5.67615955045465181e+00
0 0 0 48 0.00000000000000000e+00 0.00000000000000000e+00 7.49999999999942601e-01 3 5.67615955045473264e+00
0 0 0 48 0.00000000000000000e+00 0.00000000000000000e+00 7.49999999999942601e-01 4 8.63478008904079353e+00
0 0 0 48 0.00000000000000000e+00 0.00000000000000000e+00 7.49999999999942601e-01 5 1.01791067980607934e+01
0 0 0 48 0.00000000000000000e+00 0.00000000000000000e+00 7.49999999999942601e-01 6 1.01791067980608219e+01
0 0 0 48 0.00000000000000000e+00 0.00000000000000000e+00 7.49999999999942601e-01 7 1.38167819259345883e+01
0 0 0 48 0.00000000000000000e+00 0.00000000000000000e+00 7.49999999999942601e-01 8 1.47511644089769707e+01
0 0 0 48 0.00000000000000000e+00 0.00000000000000000e+00 7.49999999999942601e-01 9 1.47511644089769973e+01
0 0 0 48 0.00000000000000000e+00 0.00000000000000000e+00 7.49999999999942601e-01 10 1.98647145492865889e+01
0 0 0 48 0.00000000000000000e+00 0.00000000000000000e+00 7.49999999999942601e-01 11 2.28825557074830108e+01
0 0 0 48 0.00000000000000000e+00 0.00000000000000000e+00 7.49999999999942601e-01 12 2.32685984980903449e+01
0 0 0 48 0.00000000000000000e+00 0.00000000000000000e+00 7.49999999999942601e-01 13 2.32685984980903449e+01
0 0 0 48 0.00000000000000000e+00 0.00000000000000000e+00 7.49999999999942601e-01 14 2.95249480917060865e+01
0 0 0 48 0.00000000000000000e+00 0.00000000000000000e+00 7.49999999999942601e-01 15 2.95249480917061149e+01
0 0 0 48 0.00000000000000000e+00 0.00000000000000000e+00 7.49999999999942601e-01 16 3.14747523700925314e+01
0 0 0 48 0.00000000000000000e+00 0.00000000000000000e+00 7.49999999999942601e-01 17 3.39472997493825446e+01
0 0 0 48 0.00000000000000000e+00 0.00000000000000000e+00 7.49999999999942601e-01 18 3.39472997493825446e+01
0 0 0 48 0.00000000000000000e+00 0.00000000000000000e+00 7.49999999999942601e-01 19 4.32507293026723971e+01
0 0 0 48 0.00000000000000000e+00 0.00000000000000000e+00 7.49999999999942601e-01 20 6.13761034511613062e+01
0 0 0 48 0.00000000000000000e+00 0.00000000000000000e+00 7.49999999999942601e-01 21 6.13761034511639139e+01
0 0 0 48 0.00000000000000000e+00 0.00000000000000000e+00 7.49999999999942601e-01 22 9.84576719779510086e+01
0 0 0 48 0.00000000000000000e+00 0.00000000000000000e+00 7.49999999999942601e-01 23 9.84576719779563376e+01
0 0 0 48 0.00000000000000000e+00 0.00000000000000000e+00 7.49999999999942601e-01 24 1.04798743835718724e+02
0 0 0 48 0.00000000000000000e+00 0.00000000000000000e+00 7.49999999999942601e-01 25 1.54047557201720537e+02
0 0 0 49 2.49999999999953593e-01 0.00000000000000000e+00 7.50000000000024203e-01 0 -3.53849822179903395e+00
0 0 0 49 2.49999999999953593e-01 0.00000000000000000e+00 7.50000000000024203e-01 1 9.06912416253456422e-01
0 0 0 49 2.49999999999953593e-01 0.00000000000000000e+00 7.50000000000024203e-01 2 2.63481016961334502e+00
0 0 0 49 2.49999999999953593e-01 0.00000000000000000e+00 7.50000000000024203e-01 3 5.10631189803310725e+00
0 0 0 49 2.49999999999953593e-01 0.00000000000000000e+00 7.50000000000024203e-01 4 9.31446521881757938e+00
0 0 0 49 2.49999999999953593e-01 0.00000000000000000e+00 7.50000000000024203e-01 5 1.15339182333742016e+01
0 0 0 49 2.49999999999953593e-01 0.00000000000000000e+00 7.50000000000024203e-01 6 1.17936320762269471e+01
0 0 0 49 2.49999999999953593e-01 0.00000000000000000e+00 7.50000000000024203e-01 7 1.34999812379511344e+01
0 0 0 49 2.49999999999953593e-01 0.00000000000000000e+00 7.50000000000024203e-01 8 1.38959001860464486e+01
0 0 0 49 2.49999999999953593e-01 0.00000000000000000e+00 7.50000000000024203e-01 9 1.68432294336173776e+01
0 0 0 49 2.49999999999953593e-01 0.00000000000000000e+00 7.50000000000024203e-01 10 2.06946810568215653e+01
0 0 0 49 2.49999999999953593e-01 0.00000000000000000e+00 7.50000000000024203e-01 11 2.38403022107183062e+01
0 0 0 49 2.49999999999953593e-01 0.00000000000000000e+00 7.50000000000024203e-01 12 2.44987015119193430e+01
0 0 0 49 2.49999999999953593e-01 0.00000000000000000e+00 7.50000000000024203e-01 13 2.46800115643747340e+01
0 0 0 49 2.49999999999953593e-01 0.00000000000000000e+00 7.50000000000024203e-01 14 2.70695029269523850e+01
0 0 0 49 2.49999999999953593e-01 0.00000000000000000e+00 7.50000000000024203e-01 15 2.78549641062827895e+01
0 0 0 49 2.49999999999953593e-01 0.00000000000000000e+00 7.50000000000024203e-01 16 2.88872227542143243e+01
0 0 0 49 2.49999999999953593e-01 0.00000000000000000e+00 7.50000000000024203e-01 17 3.04843827400970540e+01
0 0 0 49 2.49999999999953593e-01 0.00000000000000000e+00 7.50000000000024203e-01 18 3.43518934060828514e+01
0 0 0 49 2.49999999999953593e-01 0.00000000000000000e+00 7.50000000000024203e-01 19 3.94879822757694612e+01
0 0 0 49 2.49999999999953593e-01 0.00000000000000000e+00 7.50000000000024203e-01 20 4.71775968599758286e+01
0 0 0 49 2.49999999999953593e-01 0.00000000000000000e+00 7.50000000000024203e-01 21 5.52283881451061589e+01
0 0 0 49 2.49999999999953593e-01 0.00000000000000000e+00 7.50000000000024203e-01 22 8.56233368278737430e+01
0 0 0 49 2.49999999999953593e-01 0.00000000000000000e+00 7.50000000000024203e-01 23 9.58635499918124907e+01
0 0 0 49 2.49999999999953593e-01 0.00000000000000000e+00 7.50000000000024203e-01 24 1.14131336134510789e+02
0 0 0 49 2.49999999999953593e-01 0.00000000000000000e+00 7.50000000000024203e-01 25 1.39318863909783630e+02
0 0 0 50 4.99999999999989009e-01 0.00000000000000000e+00 7.50000000000024314e-01 0 -2.86108298751102108e+00
0 0 0 50 4.99999999999989009e-01 0.00000000000000000e+00 7.50000000000024314e-01 1 -2.79955835262059001e-03
0 0 0 50 4.99999999999989009e-01 0.00000000000000000e+00 7.50000000000024314e-01 2 2.85933300988997496e+00
0 0 0 50 4.99999999999989009e-01 0.00000000000000000e+00 7.50000000000024314e-01 3 4.23356880700238491e+00
0 0 0 50 4.99999999999989009e-01 0.00000000000000000e+00 7.50000000000024314e-01 4 8.36364216523247705e+00
0 0 0 50 4.99999999999989009e-01 0.00000000000000000e+00 7.50000000000024314e-01 5 1.14632162321868911e+01
0 0 0 50 4.99999999999989009e-01 0.00000000000000000e+00 7.50000000000024314e-01 6 1.25468587478207247e+01
0 0 0 50 4.99999999999989009e-01 0.00000000000000000e+00 7.50000000000024314e-01 7 1.28108031340239812e+01
0 0 0 50 4.99999999999989009e-01 0.00000000000000000e+00 7.50000000000024314e-01 8 1.75445330210377826e+01
0 0 0 50 4.99999999999989009e-01 0.00000000000000000e+00 7.50000000000024314e-01 9 1.80492900217465291e+01
0 0 0 50 4.99999999999989009e-01 0.00000000000000000e+00 7.50000000000024314e-01 10 2.01047047207393739e+01
0 0 0 50 4.99999999999989009e-01 0.00000000000000000e+00 7.50000000000024314e-01 11 2.01288468711112145e+01
0 0 0 50 4.99999999999989009e-01 0.00000000000000000e+00 7.50000000000024314e-01 12 2.55320667436287394e+01
0 0 0 50 4.99999999999989009e-01 0.00000000000000000e+00 7.50000000000024314e-01 13 2.59329681914183823e+01
0 0 0 50 4.99999999999989009e-01 0.00000000000000000e+00 7.50000000000024314e-01 14 2.65085959070952590e+01
0 0 0 50 4.99999999999989009e-01 0.00000000000000000e+00 7.50000000000024314e-01 15 2.74187853669978026e+01
0 0 0 50 4.99999999999989009e-01 0.00000000000000000e+00 7.50000000000024314e-01 16 2.92604216723641031e+01
0 0 0 50 4.99999999999989009e-01 0.00000000000000000e+00 7.50000000000024314e-01 17 3.15710443818281163e+01
0 0 0 50 4.99999999999989009e-01 0.00000000000000000e+00 7.50000000000024314e-01 18 3.27736118146602635e+01
0 0 0 50 4.99999999999989009e-01 0.00000000000000000e+00 7.50000000000024314e-01 19 3.76441425110639187e+01
0 0 0 50 4.99999999999989009e-01 0.00000000000000000e+00 7.50000000000024314e-01 20 4.33774346543057092e+01
0 0 0 50 4.99999999999989009e-01 0.00000000000000000e+00 7.50000000000024314e-01 21 4.68552906732919965e+01
0 0 0 50 4.99999999999989009e-01 0.00000000000000000e+00 7.50000000000024314e-01 22 9.32336033724415927e+01
0 0 0 50 4.99999999999989009e-01 0.00000000000000000e+00 7.50000000000024314e-01 23 1.05504226539983762e+02
0 0 0 50 4.99999999999989009e-01 0.00000000000000000e+00 7.50000000000024314e-01 24 1.16121464812231139e+02
0 0 0 50 4.99999999999989009e-01 0.00000000000000000e+00 7.50000000000024314e-01 25 1.36199531300421228e+02
0 0 0 51 7.50000000000024203e-01 0.00000000000000000e+00 7.50000000000024203e-01 0 -4.49597478733595679e+00
0 0 0 51 7.50000000000024203e-01 0.00000000000000000e+00 7.50000000000024203e-01 1 2.87514926603853205e+00
0 0 0 51 7.50000000000024203e-01 0.00000000000000000e+00 7.50000000000024203e-01 2 4.54671193862823753e+00
0 0 0 51 7.50000000000024203e-01 0.00000000000000000e+00 7.50000000000024203e-01 3 4.54671193862826506e+00
0 0 0 51 7.50000000000024203e-01 0.00000000000000000e+00 7.50000000000024203e-01 4 7.79317461735664097e+00
0 0 0 51 7.50000000000024203e-01 0.00000000000000000e+00 7.50000000000024203e-01 5 1.04990338686111340e+01
0 0 0 51 7.50000000000024203e-01 0.00000000000000000e+00 7.50000000000024203e-01 6 1.23759252518943335e+01
0 0 0 51 7.50000000000024203e-01 0.00000000000000000e+00 7.50000000000024203e-01 7 1.23759252518943335e+01
0 0 0 51 7.50000000000024203e-01 0.00000000000000000e+00 7.50000000000024203e-01 8 1.53167335444534807e+01
0 0 0 51 7.50000000000024203e-01 0.00000000000000000e+00 7.50000000000024203e-01 9 1.63769258183246791e+01
0 0 0 51 7.50000000000024203e-01 0.00000000000000000e+00 7.50000000000024203e-01 10 2.11487617275332980e+01
0 0 0 51 7.50000000000024203e-01 0.00000000000000000e+00 7.50000000000024203e-01 11 2.19283964050911386e+01
0 0 0 51 7.50000000000024203e-01 0.00000000000000000e+00 7.50000000000024203e-01 12 2.19283964050911919e+01
0 0 0 51 7.50000000000024203e-01 0.00000000000000000e+00 7.50000000000024203e-01 13 2.58696378526804907e+01
0 0 0 51 7.50000000000024203e-01 0.00000000000000000e+00 7.50000000000024203e-01 14 2.78495385330310192e+01
0 0 0 51 7.50000000000024203e-01 0.00000000000000000e+00 7.50000000000024203e-01 15 2.93335133569814985e+01
0 0 0 51 7.50000000000024203e-01 0.00000000000000000e+00 7.50000000000024203e-01 16 3.17429024718695167e+01
0 0 0 51 7.50000000000024203e-01 0.00000000000000000e+00 7.50000000000024203e-01 17 3.17429024718695416e+01
0 0 0 51 7.50000000000024203e-01 0.00000000000000000e+00 7.50000000000024203e-01 18 3.44916883167834385e+01
0 0 0 51 7.50000000000024203e-01 0.00000000000000000e+00 7.50000000000024203e-01 19 4.50678226240395148e+01
0 0 0 51 7.50000000000024203e-01 0.00000000000000000e+00 7.50000000000024203e-01 20 4.50678226240400335e+01
0 0 0 51 7.50000000000024203e-01 0.00000000000000000e+00 7.50000000000024203e-01 21 5.88951776016263935e+01
0 0 0 51 7.50000000000024203e-01 0.00000000000000000e+00 7.50000000000024203e-01 22 7.89218830742308484e+01
0 0 0 51 7.50000000000024203e-01 0.00000000000000000e+00 7.50000000000024203e-01 23 1.12218916471532367e+02
0 0 0 51 7.50000000000024203e-01 0.00000000000000000e+00 7.50000000000024203e-01 24 1.36814293399775210e+02
0 0 0 51 7.50000000000024203e-01 0.00000000000000000e+00 7.50000000000024203e-01 25 1.36814293399784418e+02
0 0 0 52 0.00000000000000000e+00 2.49999999999953593e-01 7.50000000000024203e-01 0 -3.53849822179903395e+00
0 0 0 52 0.00000000000000000e+00 2.49999999999953593e-01 7.50000000000024203e-01 1 9.06912416253456422e-01
0 0 0 52 0.00000000000000000e+00 2.49999999999953593e-01 7.50000000000024203e-01 2 2.63481016961337255e+00
0 0 0 52 0.00000000000000000e+00 2.49999999999953593e-01 7.50000000000024203e-01 3 5.10631189803310725e+00
0 0 0 52 0.00000000000000000e+00 2.49999999999953593e-01 7.50000000000024203e-01 4 9.31446521881757938e+00
0 0 0 52 0.00000000000000000e+00 2.49999999999953593e-01 7.50000000000024203e-01 5 1.15339182333741750e+01
0 0 0 52 0.00000000000000000e+00 2.49999999999953593e-01 7.50000000000024203e-01 6 1.17936320762269755e+01
0 0 0 52 0.00000000000000000e+00 2.49999999999953593e-01 7.50000000000024203e-01 7 1.34999812379511077e+01
0 0 0 52 0.00000000000000000e+00 2.49999999999953593e-01 7.50000000000024203e-01 8 1.38959001860464486e+01
0 0 0 52 0.00000000000000000e+00 2.49999999999953593e-01 7.50000000000024203e-01 9 1.68432294336173776e+01
0 0 0 52 0.00000000000000000e+00 2.49999999999953593e-01 7.50000000000024203e-01 10 2.06946810568215369e+01
0 0 0 52 0.00000000000000000e+00 2.49999999999953593e-01 7.50000000000024203e-01 11 2.38403022107182530e+01
0 0 0 52 0.00000000000000000e+00 2.49999999999953593e-01 7.50000000000024203e-01 12 2.44987015119193430e+01
0 0 0 52 0.00000000000000000e+00 2.49999999999953593e-01 7.50000000000024203e-01 13 2.46800115643746771e+01
0 0 0 52 0.00000000000000000e+00 2.49999999999953593e-01 7.50000000000024203e-01 14 2.70695029269523566e+01
0 0 0 52 0.00000000000000000e+00 2.49999999999953593e-01 7.50000000000024203e-01 15 2.78549641062829529e+01
0 0 0 52 0.00000000000000000e+00 2.49999999999953593e-01 7.50000000000024203e-01 16 2.88872227542143527e+01
0 0 0 52 0.00000000000000000e+00 2.49999999999953593e-01 7.50000000000024203e-01 17 3.04843827400970291e+01
0 0 0 52 0.00000000000000000e+00 2.49999999999953593e-01 7.50000000000024203e-01 18 3.43518934060827377e+01
0 0 0 52 0.00000000000000000e+00 2.49999999999953593e-01 7.50000000000024203e-01 19 3.94879822757697383e+01
0 0 0 52 0.00000000000000000e+00 2.49999999999953593e-01 7.50000000000024203e-01 20 4.71775968599758286e+01
0 0 0 52 0.00000000000000000e+00 2.49999999999953593e-01 7.50000000000024203e-01 21 5.52283881451051784e+01
0 0 0 52 0.00000000000000000e+00 2.49999999999953593e-01 7.50000000000024203e-01 22 8.56233368278724640e+01
0 0 0 52 0.00000000000000000e+00 2.49999999999953593e-01 7.50000000000024203e-01 23 9.58635499918174219e+01
0 0 0 52 0.00000000000000000e+00 2.49999999999953593e-01 7.50000000000024203e-01 24 1.14131336134516886e+02
0 0 0 52 0.00000000000000000e+00 2.49999999999953593e-01 7.50000000000024203e-01 25 1.39318863909780816e+02
0 0 0 53 2.49999999999953648e-01 2.49999999999953648e-01 7.49999999999942601e-01 0 -2.86108298751102108e+00
0 0 0 53 2.49999999999953648e-01 2.49999999999953648e-01 7.49999999999942601e-01 1 -2.79955835262059001e-03
0 0 0 53 2.49999999999953648e-01 2.49999999999953648e-01 7.49999999999942601e-01 2 2.85933300989000250e+00
0 0 0 53 2.49999999999953648e-01 2.49999999999953648e-01 7.49999999999942601e-01 3 4.23356880700233074e+00
0 0 0 53 2.49999999999953648e-01 2.49999999999953648e-01 7.49999999999942601e-01 4 8.36364216523255877e+00
0 0 0 53 2.49999999999953648e-01 2.49999999999953648e-01 7.49999999999942601e-01 5 1.14632162321868361e+01
0 0 0 53 2.49999999999953648e-01 2.49999999999953648e-01 7.49999999999942601e-01 6 1.25468587478206430e+01
0 0 0 53 2.49999999999953648e-01 2.49999999999953648e-01 7.49999999999942601e-01 7 1.28108031340239545e+01
0 0 0 53 2.49999999999953648e-01 2.49999999999953648e-01 7.49999999999942601e-01 8 1.75445330210377826e+01
0 0 0 53 2.49999999999953648e-01 2.49999999999953648e-01 7.49999999999942601e-01 9 1.80492900217465539e+01
0 0 0 53 2.49999999999953648e-01 2.49999999999953648e-01 7.49999999999942601e-01 10 2.01047047207394556e+01
0 0 0 53 2.49999999999953648e-01 2.49999999999953648e-01 7.49999999999942601e-01 11 2.01288468711112145e+01
0 0 0 53 2.49999999999953648e-01 2.49999999999953648e-01 7.49999999999942601e-01 12 2.55320667436287394e+01
0 0 0 53 2.49999999999953648e-01 2.49999999999953648e-01 7.49999999999942601e-01 13 2.59329681914184889e+01
0 0 0 53 2.49999999999953648e-01 2.49999999999953648e-01 7.49999999999942601e-01 14 2.65085959070952057e+01
0 0 0 53 2.49999999999953648e-01 2.49999999999953648e-01 7.49999999999942601e-01 15 2.74187853669978310e+01
0 0 0 53 2.49999999999953648e-01 2.49999999999953648e-01 7.49999999999942601e-01 16 2.92604216723642097e+01
0 0 0 53 2.49999999999953648e-01 2.49999999999953648e-01 7.49999999999942601e-01 17 3.15710443818281163e+01
0 0 0 53 2.49999999999953648e-01 2.49999999999953648e-01 7.49999999999942601e-01 18 3.27736118146601356e+01
0 0 0 53 2.49999999999953648e-01 2.49999999999953648e-01 7.49999999999942601e-01 19 3.76441425110640822e+01
0 0 0 53 2.49999999999953648e-01 2.49999999999953648e-01 7.49999999999942601e-01 20 4.33774346543055671e+01
0 0 0 53 2.49999999999953648e-01 2.49999999999953648e-01 7.49999999999942601e-01 21 4.68552906732921031e+01
0 0 0 53 2.49999999999953648e-01 2.49999999999953648e-01 7.49999999999942601e-01 22 9.32336033724415501e+01
0 0 0 53 2.49999999999953648e-01 2.49999999999953648e-01 7.49999999999942601e-01 23 1.05504226539983122e+02
0 0 0 53 2.49999999999953648e-01 2.49999999999953648e-01 7.49999999999942601e-01 24 1.16121464812236653e+02
0 0 0 53 2.49999999999953648e-01 2.49999999999953648e-01 7.49999999999942601e-01 25 1.36199531300413298e+02
0 0 0 54 4.99999999999988898e-01 2.50000000000035305e-01 7.50000000000024203e-01 0 -1.26812156012933008e+00
0 0 0 54 4.99999999999988898e-01 2.50000000000035305e-01 7.50000000000024203e-01 1 -1.26812014093801162e+00
0 0 0 54 4.99999999999988898e-01 2.50000000000035305e-01 7.50000000000024203e-01 2 2.53792612796414607e+00
0 0 0 54 4.99999999999988898e-01 2.50000000000035305e-01 7.50000000000024203e-01 3 2.53792615976636515e+00
0 0 0 54 4.99999999999988898e-01 2.50000000000035305e-01 7.50000000000024203e-01 4 1.11095175194422318e+01
0 0 0 54 4.99999999999988898e-01 2.50000000000035305e-01 7.50000000000024203e-01 5 1.11095203008825383e+01
0 0 0 54 4.99999999999988898e-01 2.50000000000035305e-01 7.50000000000024203e-01 6 1.20219765188462748e+01
0 0 0 54 4.99999999999988898e-01 2.50000000000035305e-01 7.50000000000024203e-01 7 1.20219771588670312e+01
0 0 0 54 4.99999999999988898e-01 2.50000000000035305e-01 7.50000000000024203e-01 8 1.74329907323669850e+01
0 0 0 54 4.99999999999988898e-01 2.50000000000035305e-01 7.50000000000024203e-01 9 1.74329909751490675e+01
0 0 0 54 4.99999999999988898e-01 2.50000000000035305e-01 7.50000000000024203e-01 10 2.12236709967332793e+01
0 0 0 54 4.99999999999988898e-01 2.50000000000035305e-01 7.50000000000024203e-01 11 2.12236717860890103e+01
0 0 0 54 4.99999999999988898e-01 2.50000000000035305e-01 7.50000000000024203e-01 12 2.63449709131002834e+01
0 0 0 54 4.99999999999988898e-01 2.50000000000035305e-01 7.50000000000024203e-01 13 2.63449739569916090e+01
0 0 0 54 4.99999999999988898e-01 2.50000000000035305e-01 7.50000000000024203e-01 14 2.73527362429684651e+01
0 0 0 54 4.99999999999988898e-01 2.50000000000035305e-01 7.50000000000024203e-01 15 2.73527515475288112e+01
0 0 0 54 4.99999999999988898e-01 2.50000000000035305e-01 7.50000000000024203e-01 16 2.74414776340300222e+01
0 0 0 54 4.99999999999988898e-01 2.50000000000035305e-01 7.50000000000024203e-01 17 2.74414815584045044e+01
0 0 0 54 4.99999999999988898e-01 2.50000000000035305e-01 7.50000000000024203e-01 18 3.42114854151753818e+01
0 0 0 54 4.99999999999988898e-01 2.50000000000035305e-01 7.50000000000024203e-01 19 3.42114873024102195e+01
0 0 0 54 4.99999999999988898e-01 2.50000000000035305e-01 7.50000000000024203e-01 20 4.57617919785978842e+01
0 0 0 54 4.99999999999988898e-01 2.50000000000035305e-01 7.50000000000024203e-01 21 4.57618275999322819e+01
0 0 0 54 4.99999999999988898e-01 2.50000000000035305e-01 7.50000000000024203e-01 22 1.18714092293167511e+02
0 0 0 54 4.99999999999988898e-01 2.50000000000035305e-01 7.50000000000024203e-01 23 1.18714332331639682e+02
0 0 0 54 4.99999999999988898e-01 2.50000000000035305e-01 7.50000000000024203e-01 24 1.25069972555096015e+02
0 0 0 54 4.99999999999988898e-01 2.50000000000035305e-01 7.50000000000024203e-01 25 1.25070116979697829e+02
0 0 0 55 7.50000000000024314e-01 2.50000000000035305e-01 7.50000000000024314e-01 0 -2.86108298751102108e+00
0 0 0 55 7.50000000000024314e-01 2.50000000000035305e-01 7.50000000000024314e-01 1 -2.79955835259337827e-03
0 0 0 55 7.50000000000024314e-01 2.50000000000035305e-01 7.50000000000024314e-01 2 2.85933300988994787e+00
0 0 0 55 7.50000000000024314e-01 2.50000000000035305e-01 7.50000000000024314e-01 3 4.23356880700235738e+00
0 0 0 55 7.50000000000024314e-01 2.50000000000035305e-01 7.50000000000024314e-01 4 8.36364216523253212e+00
0 0 0 55 7.50000000000024314e-01 2.50000000000035305e-01 7.50000000000024314e-01 5 1.14632162321868645e+01
0 0 0 55 7.50000000000024314e-01 2.50000000000035305e-01 7.50000000000024314e-01 6 1.25468587478206430e+01
0 0 0 55 7.50000000000024314e-01 2.50000000000035305e-01 7.50000000000024314e-01 7 1.28108031340239545e+01
0 0 0 55 7.50000000000024314e-01 2.50000000000035305e-01 7.50000000000024314e-01 8 1.75445330210377541e+01
0 0 0 55 7.50000000000024314e-01 2.50000000000035305e-01 7.50000000000024314e-01 9 1.80492900217465007e+01
0 0 0 55 7.50000000000024314e-01 2.50000000000035305e-01 7.50000000000024314e-01 10 2.01047047207393739e+01
0 0 0 55 7.50000000000024314e-01 2.50000000000035305e-01 7.50000000000024314e-01 11 2.01288468711111612e+01
0 0 0 55 7.50000000000024314e-01 2.50000000000035305e-01 7.50000000000024314e-01 12 2.55320667436287394e+01
0 0 0 55 7.50000000000024314e-01 2.50000000000035305e-01 7.50000000000024314e-01 13 2.59329681914184356e+01
0 0 0 55 7.50000000000024314e-01 2.50000000000035305e-01 7.50000000000024314e-01 14 2.65085959070952590e+01
0 0 0 55 7.50000000000024314e-01 2.50000000000035305e-01 7.50000000000024314e-01 15 2.74187853669977777e+01
0 0 0 55 7.50000000000024314e-01 2.50000000000035305e-01 7.50000000000024314e-01 16 2.92604216723642097e+01
0 0 0 55 7.50000000000024314e-01 2.50000000000035305e-01 7.50000000000024314e-01 17 3.15710443818281163e+01
0 0 0 55 7.50000000000024314e-01 2.50000000000035305e-01 7.50000000000024314e-01 18 3.27736118146602422e+01
0 0 0 55 7.50000000000024314e-01 2.50000000000035305e-01 7.50000000000024314e-01 19 3.76441425110639685e+01
0 0 0 55 7.50000000000024314e-01 2.50000000000035305e-01 7.50000000000024314e-01 20 4.33774346543059508e+01
0 0 0 55 7.50000000000024314e-01 2.50000000000035305e-01 7.50000000000024314e-01 21 4.68552906732918331e+01
0 0 0 55 7.50000000000024314e-01 2.50000000000035305e-01 7.50000000000024314e-01 22 9.32336033724408111e+01
0 0 0 55 7.50000000000024314e-01 2.50000000000035305e-01 7.50000000000024314e-01 23 1.05504226539983406e+02
0 0 0 55 7.50000000000024314e-01 2.50000000000035305e-01 7.50000000000024314e-01 24 1.16121464812236027e+02
0 0 0 55 7.50000000000024314e-01 2.50000000000035305e-01 7.50000000000024314e-01 25 1.36199531300412389e+02
0 0 0 56 0.00000000000000000e+00 4.99999999999989009e-01 7.50000000000024314e-01 0 -2.86108298751099399e+00
0 0 0 56 0.00000000000000000e+00 4.99999999999989009e-01 7.50000000000024314e-01 1 -2.79955835256616697e-03
0 0 0 56 0.00000000000000000e+00 4.99999999999989009e-01 7.50000000000024314e-01 2 2.85933300988997496e+00
0 0 0 56 0.00000000000000000e+00 4.99999999999989009e-01 7.50000000000024314e-01 3 4.23356880700235738e+00
0 0 0 56 0.00000000000000000e+00 4.99999999999989009e-01 7.50000000000024314e-01 4 8.36364216523247705e+00
0 0 0 56 0.00000000000000000e+00 4.99999999999989009e-01 7.50000000000024314e-01 5 1.14632162321868645e+01
0 0 0 56 0.00000000000000000e+00 4.99999999999989009e-01 7.50000000000024314e-01 6 1.25468587478207247e+01
0 0 0 56 0.00000000000000000e+00 4.99999999999989009e-01 7.50000000000024314e-01 7 1.28108031340239545e+01
0 0 0 56 0.00000000000000000e+00 4.99999999999989009e-01 7.50000000000024314e-01 8 1.75445330210377257e+01
0 0 0 56 0.00000000000000000e+00 4.99999999999989009e-01 7.50000000000024314e-01 9 1.80492900217465539e+01
0 0 0 56 0.00000000000000000e+00 4.99999999999989009e-01 7.50000000000024314e-01 10 2.01047047207393454e+01
0 0 0 56 0.00000000000000000e+00 4.99999999999989009e-01 7.50000000000024314e-01 11 2.01288468711111896e+01
0 0 0 56 0.00000000000000000e+00 4.99999999999989009e-01 7.50000000000024314e-01 12 2.55320667436287145e+01
0 0 0 56 0.00000000000000000e+00 4.99999999999989009e-01 7.50000000000024314e-01 13 2.59329681914184071e+01
0 0 0 56 0.00000000000000000e+00 4.99999999999989009e-01 7.50000000000024314e-01 14 2.65085959070952342e+01
0 0 0 56 0.00000000000000000e+00 4.99999999999989009e-01 7.50000000000024314e-01 15 2.74187853669978878e+01
0 0 0 56 0.00000000000000000e+00 4.99999999999989009e-01 7.50000000000024314e-01 16 2.92604216723641031e+01
0 0 0 56 0.00000000000000000e+00 4.99999999999989009e-01 7.50000000000024314e-01 17 3.15710443818282549e+01
0 0 0 56 0.00000000000000000e+00 4.99999999999989009e-01 7.50000000000024314e-01 18 3.27736118146601569e+01
0 0 0 56 0.00000000000000000e+00 4.99999999999989009e-01 7.50000000000024314e-01 19 3.76441425110639472e+01
0 0 0 56 0.00000000000000000e+00 4.99999999999989009e-01 7.50000000000024314e-01 20 4.33774346543056737e+01
0 0 0 56 0.00000000000000000e+00 4.99999999999989009e-01 7.50000000000024314e-01 21 4.68552906732922096e+01
0 0 0 56 0.00000000000000000e+00 4.99999999999989009e-01 7.50000000000024314e-01 22 9.32336033724402000e+01
0 0 0 56 0.00000000000000000e+00 4.99999999999989009e-01 7.50000000000024314e-01 23 1.05504226539982838e+02
0 0 0 56 0.00000000000000000e+00 4.99999999999989009e-01 7.50000000000024314e-01 24 1.16121464812232162e+02
0 0 0 56 0.00000000000000000e+00 4.99999999999989009e-01 7.50000000000024314e-01 25 1.36199531300411138e+02
0 0 0 57 2.50000000000035305e-01 4.99999999999988898e-01 7.50000000000024203e-01 0 -1.26812156012930299e+00
0 0 0 57 2.50000000000035305e-01 4.99999999999988898e-01 7.50000000000024203e-01 1 -1.26812014093801162e+00
0 0 0 57 2.50000000000035305e-01 4.99999999999988898e-01 7.50000000000024203e-01 2 2.53792612796411898e+00
0 0 0 57 2.50000000000035305e-01 4.99999999999988898e-01 7.50000000000024203e-01 3 2.53792615976636515e+00
0 0 0 57 2.50000000000035305e-01 4.99999999999988898e-01 7.50000000000024203e-01 4 1.11095175194422318e+01
0 0 0 57 2.50000000000035305e-01 4.99999999999988898e-01 7.50000000000024203e-01 5 1.11095203008824832e+01
0 0 0 57 2.50000000000035305e-01 4.99999999999988898e-01 7.50000000000024203e-01 6 1.20219765188462748e+01
0 0 0 57 2.50000000000035305e-01 4.99999999999988898e-01 7.50000000000024203e-01 7 1.20219771588670046e+01
0 0 0 57 2.50000000000035305e-01 4.99999999999988898e-01 7.50000000000024203e-01 8 1.74329907323669318e+01
0 0 0 57 2.50000000000035305e-01 4.99999999999988898e-01 7.50000000000024203e-01 9 1.74329909751490959e+01
0 0 0 57 2.50000000000035305e-01 4.99999999999988898e-01 7.50000000000024203e-01 10 2.12236709967332793e+01
0 0 0 57 2.50000000000035305e-01 4.99999999999988898e-01 7.50000000000024203e-01 11 2.12236717860890103e+01
0 0 0 57 2.50000000000035305e-01 4.99999999999988898e-01 7.50000000000024203e-01 12 2.63449709131003367e+01
0 0 0 57 2.50000000000035305e-01 4.99999999999988898e-01 7.50000000000024203e-01 13 2.63449739569915558e+01
0 0 0 57 2.50000000000035305e-01 4.99999999999988898e-01 7.50000000000024203e-01 14 2.73527362429683834e+01
0 0 0 57 2.50000000000035305e-01 4.99999999999988898e-01 7.50000000000024203e-01 15 2.73527515475288681e+01
0 0 0 57 2.50000000000035305e-01 4.99999999999988898e-01 7.50000000000024203e-01 16 2.74414776340299689e+01
0 0 0 57 2.50000000000035305e-01 4.99999999999988898e-01 7.50000000000024203e-01 17 2.74414815584046643e+01
0 0 0 57 2.50000000000035305e-01 4.99999999999988898e-01 7.50000000000024203e-01 18 3.42114854151755239e+01
0 0 0 57 2.50000000000035305e-01 4.99999999999988898e-01 7.50000000000024203e-01 19 3.42114873024100277e+01
0 0 0 57 2.50000000000035305e-01 4.99999999999988898e-01 7.50000000000024203e-01 20 4.57617919785977207e+01
0 0 0 57 2.50000000000035305e-01 4.99999999999988898e-01 7.50000000000024203e-01 21 4.57618275999323885e+01
0 0 0 57 2.50000000000035305e-01 4.99999999999988898e-01 7.50000000000024203e-01 22 1.18714092293157847e+02
0 0 0 57 2.50000000000035305e-01 4.99999999999988898e-01 7.50000000000024203e-01 23 1.18714332331638232e+02
0 0 0 57 2.50000000000035305e-01 4.99999999999988898e-01 7.50000000000024203e-01 24 1.25069972555094324e+02
0 0 0 57 2.50000000000035305e-01 4.99999999999988898e-01 7.50000000000024203e-01 25 1.25070116979698355e+02
0 0 0 58 4.99999999999988953e-01 4.99999999999988953e-01 7.49999999999942601e-01 0 -2.86108298751099399e+00
0 0 0 58 4.99999999999988953e-01 4.99999999999988953e-01 7.49999999999942601e-01 1 -2.79955835259337827e-03
0 0 0 58 4.99999999999988953e-01 4.99999999999988953e-01 7.49999999999942601e-01 2 2.85933300988994787e+00
0 0 0 58 4.99999999999988953e-01 4.99999999999988953e-01 7.49999999999942601e-01 3 4.23356880700235738e+00
0 0 0 58 4.99999999999988953e-01 4.99999999999988953e-01 7.49999999999942601e-01 4 8.36364216523255877e+00
0 0 0 58 4.99999999999988953e-01 4.99999999999988953e-01 7.49999999999942601e-01 5 1.14632162321868361e+01
0 0 0 58 4.99999999999988953e-01 4.99999999999988953e-01 7.49999999999942601e-01 6 1.25468587478207532e+01
0 0 0 58 4.99999999999988953e-01 4.99999999999988953e-01 7.49999999999942601e-01 7 1.28108031340239013e+01
0 0 0 58 4.99999999999988953e-01 4.99999999999988953e-01 7.49999999999942601e-01 8 1.75445330210377257e+01
0 0 0 58 4.99999999999988953e-01 4.99999999999988953e-01 7.49999999999942601e-01 9 1.80492900217465539e+01
0 0 0 58 4.99999999999988953e-01 4.99999999999988953e-01 7.49999999999942601e-01 10 2.01047047207394556e+01
0 0 0 58 4.99999999999988953e-01 4.99999999999988953e-01 7.49999999999942601e-01 11 2.01288468711112145e+01
0 0 0 58 4.99999999999988953e-01 4.99999999999988953e-01 7.49999999999942601e-01 12 2.55320667436287145e+01
0 0 0 58 4.99999999999988953e-01 4.99999999999988953e-01 7.49999999999942601e-01 13 2.59329681914184889e+01
0 0 0 58 4.99999999999988953e-01 4.99999999999988953e-01 7.49999999999942601e-01 14 2.65085959070952057e+01
0 0 0 58 4.99999999999988953e-01 4.99999999999988953e-01 7.49999999999942601e-01 15 2.74187853669978026e+01
0 0 0 58 4.99999999999988953e-01 4.99999999999988953e-01 7.49999999999942601e-01 16 2.92604216723642097e+01
0 0 0 58 4.99999999999988953e-01 4.99999999999988953e-01 7.49999999999942601e-01 17 3.15710443818282016e+01
0 0 0 58 4.99999999999988953e-01 4.99999999999988953e-01 7.49999999999942601e-01 18 3.27736118146602138e+01
0 0 0 58 4.99999999999988953e-01 4.99999999999988953e-01 7.49999999999942601e-01 19 3.76441425110640822e+01
0 0 0 58 4.99999999999988953e-01 4.99999999999988953e-01 7.49999999999942601e-01 20 4.33774346543053824e+01
0 0 0 58 4.99999999999988953e-01 4.99999999999988953e-01 7.49999999999942601e-01 21 4.68552906732921883e+01
0 0 0 58 4.99999999999988953e-01 4.99999999999988953e-01 7.49999999999942601e-01 22 9.32336033724439659e+01
0 0 0 58 4.99999999999988953e-01 4.99999999999988953e-01 7.49999999999942601e-01 23 1.05504226539983080e+02
0 0 0 58 4.99999999999988953e-01 4.99999999999988953e-01 7.49999999999942601e-01 24 1.16121464812227686e+02
0 0 0 58 4.99999999999988953e-01 4.99999999999988953e-01 7.49999999999942601e-01 25 1.36199531300420631e+02
0 0 0 59 7.50000000000024203e-01 5.00000000000070610e-01 7.50000000000024203e-01 0 -3.53849822179903395e+00
0 0 0 59 7.50000000000024203e-01 5.00000000000070610e-01 7.50000000000024203e-01 1 9.06912416253456422e-01
0 0 0 59 7.50000000000024203e-01 5.00000000000070610e-01 7.50000000000024203e-01 2 2.63481016961337255e+00
0 0 0 59 7.50000000000024203e-01 5.00000000000070610e-01 7.50000000000024203e-01 3 5.10631189803313479e+00
0 0 0 59 7.50000000000024203e-01 5.00000000000070610e-01 7.50000000000024203e-01 4 9.31446521881763445e+00
0 0 0 59 7.50000000000024203e-01 5.00000000000070610e-01 7.50000000000024203e-01 5 1.15339182333742016e+01
0 0 0 59 7.50000000000024203e-01 5.00000000000070610e-01 7.50000000000024203e-01 6 1.17936320762269204e+01
0 0 0 59 7.50000000000024203e-01 5.00000000000070610e-01 7.50000000000024203e-01 7 1.34999812379510811e+01
0 0 0 59 7.50000000000024203e-01 5.00000000000070610e-01 7.50000000000024203e-01 8 1.38959001860464753e+01
0 0 0 59 7.50000000000024203e-01 5.00000000000070610e-01 7.50000000000024203e-01 9 1.68432294336173776e+01
0 0 0 59 7.50000000000024203e-01 5.00000000000070610e-01 7.50000000000024203e-01 10 2.06946810568215369e+01
0 0 0 59 7.50000000000024203e-01 5.00000000000070610e-01 7.50000000000024203e-01 11 2.38403022107183631e+01
0 0 0 59 7.50000000000024203e-01 5.00000000000070610e-01 7.50000000000024203e-01 12 2.44987015119193430e+01
0 0 0 59 7.50000000000024203e-01 5.00000000000070610e-01 7.50000000000024203e-01 13 2.46800115643747588e+01
0 0 0 59 7.50000000000024203e-01 5.00000000000070610e-01 7.50000000000024203e-01 14 2.70695029269524134e+01
0 0 0 59 7.50000000000024203e-01 5.00000000000070610e-01 7.50000000000024203e-01 15 2.78549641062828996e+01
0 0 0 59 7.50000000000024203e-01 5.00000000000070610e-01 7.50000000000024203e-01 16 2.88872227542143527e+01
0 0 0 59 7.50000000000024203e-01 5.00000000000070610e-01 7.50000000000024203e-01 17 3.04843827400970540e+01
0 0 0 59 7.50000000000024203e-01 5.00000000000070610e-01 7.50000000000024203e-01 18 3.43518934060828798e+01
0 0 0 59 7.50000000000024203e-01 5.00000000000070610e-01 7.50000000000024203e-01 19 3.94879822757697099e+01
0 0 0 59 7.50000000000024203e-01 5.00000000000070610e-01 7.50000000000024203e-01 20 4.71775968599756368e+01
0 0 0 59 7.50000000000024203e-01 5.00000000000070610e-01 7.50000000000024203e-01 21 5.52283881451062655e+01
0 0 0 59 7.50000000000024203e-01 5.00000000000070610e-01 7.50000000000024203e-01 22 8.56233368278732740e+01
0 0 0 59 7.50000000000024203e-01 5.00000000000070610e-01 7.50000000000024203e-01 23 9.58635499918105580e+01
0 0 0 59 7.50000000000024203e-01 5.00000000000070610e-01 7.50000000000024203e-01 24 1.14131336134509311e+02
0 0 0 59 7.50000000000024203e-01 5.00000000000070610e-01 7.50000000000024203e-01 25 1.39318863909792867e+02
0 0 0 60 0.00000000000000000e+00 7.50000000000024203e-01 7.50000000000024203e-01 0 -4.49597478733595679e+00
0 0 0 60 0.00000000000000000e+00 7.50000000000024203e-01 7.50000000000024203e-01 1 2.87514926603858667e+00
0 0 0 60 0.00000000000000000e+00 7.50000000000024203e-01 7.50000000000024203e-01 2 4.54671193862818335e+00
0 0 0 60 0.00000000000000000e+00 7.50000000000024203e-01 7.50000000000024203e-01 3 4.54671193862823753e+00
0 0 0 60 0.00000000000000000e+00 7.50000000000024203e-01 7.50000000000024203e-01 4 7.79317461735661343e+00
0 0 0 60 0.00000000000000000e+00 7.50000000000024203e-01 7.50000000000024203e-01 5 1.04990338686111073e+01
0 0 0 60 0.00000000000000000e+00 7.50000000000024203e-01 7.50000000000024203e-01 6 1.23759252518943050e+01
0 0 0 60 0.00000000000000000e+00 7.50000000000024203e-01 7.50000000000024203e-01 7 1.23759252518943335e+01
0 0 0 60 0.00000000000000000e+00 7.50000000000024203e-01 7.50000000000024203e-01 8 1.53167335444535091e+01
0 0 0 60 0.00000000000000000e+00 7.50000000000024203e-01 7.50000000000024203e-01 9 1.63769258183246542e+01
0 0 0 60 0.00000000000000000e+00 7.50000000000024203e-01 7.50000000000024203e-01 10 2.11487617275333513e+01
0 0 0 60 0.00000000000000000e+00 7.50000000000024203e-01 7.50000000000024203e-01 11 2.19283964050911102e+01
0 0 0 60 0.00000000000000000e+00 7.50000000000024203e-01 7.50000000000024203e-01 12 2.19283964050911386e+01
0 0 0 60 0.00000000000000000e+00 7.50000000000024203e-01 7.50000000000024203e-01 13 2.58696378526806257e+01
0 0 0 60 0.00000000000000000e+00 7.50000000000024203e-01 7.50000000000024203e-01 14 2.78495385330309908e+01
0 0 0 60 0.00000000000000000e+00 7.50000000000024203e-01 7.50000000000024203e-01 15 2.93335133569815198e+01
0 0 0 60 0.00000000000000000e+00 7.50000000000024203e-01 7.50000000000024203e-01 16 3.17429024718693782e+01
0 0 0 60 0.00000000000000000e+00 7.50000000000024203e-01 7.50000000000024203e-01 17 3.17429024718695416e+01
0 0 0 60 0.00000000000000000e+00 7.50000000000024203e-01 7.50000000000024203e-01 18 3.44916883167836374e+01
0 0 0 60 0.00000000000000000e+00 7.50000000000024203e-01 7.50000000000024203e-01 19 4.50678226240390742e+01
0 0 0 60 0.00000000000000000e+00 7.50000000000024203e-01 7.50000000000024203e-01 20 4.50678226240397564e+01
0 0 0 60 0.00000000000000000e+00 7.50000000000024203e-01 7.50000000000024203e-01 21 5.88951776016273456e+01
0 0 0 60 0.00000000000000000e+00 7.50000000000024203e-01 7.50000000000024203e-01 22 7.89218830742328663e+01
0 0 0 60 0.00000000000000000e+00 7.50000000000024203e-01 7.50000000000024203e-01 23 1.12218916471526896e+02
0 0 0 60 0.00000000000000000e+00 7.50000000000024203e-01 7.50000000000024203e-01 24 1.36814293399771088e+02
0 0 0 60 0.00000000000000000e+00 7.50000000000024203e-01 7.50000000000024203e-01 25 1.36814293399777824e+02
0 0 0 61 2.50000000000035305e-01 7.50000000000024314e-01 7.50000000000024314e-01 0 -2.86108298751099399e+00
0 0 0 61 2.50000000000035305e-01 7.50000000000024314e-01 7.50000000000024314e-01 1 -2.79955835259337827e-03
0 0 0 61 2.50000000000035305e-01 7.50000000000024314e-01 7.50000000000024314e-01 2 2.85933300988994787e+00
0 0 0 61 2.50000000000035305e-01 7.50000000000024314e-01 7.50000000000024314e-01 3 4.23356880700233074e+00
0 0 0 61 2.50000000000035305e-01 7.50000000000024314e-01 7.50000000000024314e-01 4 8.36364216523250548e+00
0 0 0 61 2.50000000000035305e-01 7.50000000000024314e-01 7.50000000000024314e-01 5 1.14632162321868361e+01
0 0 0 61 2.50000000000035305e-01 7.50000000000024314e-01 7.50000000000024314e-01 6 1.25468587478206164e+01
0 0 0 61 2.50000000000035305e-01 7.50000000000024314e-01 7.50000000000024314e-01 7 1.28108031340239279e+01
0 0 0 61 2.50000000000035305e-01 7.50000000000024314e-01 7.50000000000024314e-01 8 1.75445330210377826e+01
0 0 0 61 2.50000000000035305e-01 7.50000000000024314e-01 7.50000000000024314e-01 9 1.80492900217465007e+01
0 0 0 61 2.50000000000035305e-01 7.50000000000024314e-01 7.50000000000024314e-01 10 2.01047047207394272e+01
0 0 0 61 2.50000000000035305e-01 7.50000000000024314e-01 7.50000000000024314e-01 11 2.01288468711111612e+01
0 0 0 61 2.50000000000035305e-01 7.50000000000024314e-01 7.50000000000024314e-01 12 2.55320667436287145e+01
0 0 0 61 2.50000000000035305e-01 7.50000000000024314e-01 7.50000000000024314e-01 13 2.59329681914184640e+01
0 0 0 61 2.50000000000035305e-01 7.50000000000024314e-01 7.50000000000024314e-01 14 2.65085959070952057e+01
0 0 0 61 2.50000000000035305e-01 7.50000000000024314e-01 7.50000000000024314e-01 15 2.74187853669978310e+01
0 0 0 61 2.50000000000035305e-01 7.50000000000024314e-01 7.50000000000024314e-01 16 2.92604216723641812e+01
0 0 0 61 2.50000000000035305e-01 7.50000000000024314e-01 7.50000000000024314e-01 17 3.15710443818282016e+01
0 0 0 61 2.50000000000035305e-01 7.50000000000024314e-01 7.50000000000024314e-01 18 3.27736118146600788e+01
0 0 0 61 2.50000000000035305e-01 7.50000000000024314e-01 7.50000000000024314e-01 19 3.76441425110641603e+01
0 0 0 61 2.50000000000035305e-01 7.50000000000024314e-01 7.50000000000024314e-01 20 4.33774346543057092e+01
0 0 0 61 2.50000000000035305e-01 7.50000000000024314e-01 7.50000000000024314e-01 21 4.68552906732918331e+01
0 0 0 61 2.50000000000035305e-01 7.50000000000024314e-01 7.50000000000024314e-01 22 9.32336033724396316e+01
0 0 0 61 2.50000000000035305e-01 7.50000000000024314e-01 7.50000000000024314e-01 23 1.05504226539983108e+02
0 0 0 61 2.50000000000035305e-01 7.50000000000024314e-01 7.50000000000024314e-01 24 1.16121464812230855e+02
0 0 0 61 2.50000000000035305e-01 7.50000000000024314e-01 7.50000000000024314e-01 25 1.36199531300411223e+02
0 0 0 62 5.00000000000070610e-01 7.50000000000024203e-01 7.50000000000024203e-01 0 -3.53849822179903395e+00
0 0 0 62 5.00000000000070610e-01 7.50000000000024203e-01 7.50000000000024203e-01 1 9.06912416253456422e-01
0 0 0 62 5.00000000000070610e-01 7.50000000000024203e-01 7.50000000000024203e-01 2 2.63481016961339964e+00
0 0 0 62 5.00000000000070610e-01 7.50000000000024203e-01 7.50000000000024203e-01 3 5.10631189803305219e+00
0 0 0 62 5.00000000000070610e-01 7.50000000000024203e-01 7.50000000000024203e-01 4 9.31446521881763445e+00
0 0 0 62 5.00000000000070610e-01 7.50000000000024203e-01 7.50000000000024203e-01 5 1.15339182333741750e+01
0 0 0 62 5.00000000000070610e-01 7.50000000000024203e-01 7.50000000000024203e-01 6 1.17936320762269471e+01
0 0 0 62 5.00000000000070610e-01 7.50000000000024203e-01 7.50000000000024203e-01 7 1.34999812379511077e+01
0 0 0 62 5.00000000000070610e-01 7.50000000000024203e-01 7.50000000000024203e-01 8 1.38959001860464486e+01
0 0 0 62 5.00000000000070610e-01 7.50000000000024203e-01 7.50000000000024203e-01 9 1.68432294336173527e+01
0 0 0 62 5.00000000000070610e-01 7.50000000000024203e-01 7.50000000000024203e-01 10 2.06946810568215938e+01
0 0 0 62 5.00000000000070610e-01 7.50000000000024203e-01 7.50000000000024203e-01 11 2.38403022107183347e+01
0 0 0 62 5.00000000000070610e-01 7.50000000000024203e-01 7.50000000000024203e-01 12 2.44987015119193430e+01
0 0 0 62 5.00000000000070610e-01 7.50000000000024203e-01 7.50000000000024203e-01 13 2.46800115643747056e+01
0 0 0 62 5.00000000000070610e-01 7.50000000000024203e-01 7.50000000000024203e-01 14 2.70695029269523850e+01
0 0 0 62 5.00000000000070610e-01 7.50000000000024203e-01 7.50000000000024203e-01 15 2.78549641062829529e+01
0 0 0 62 5.00000000000070610e-01 7.50000000000024203e-01 7.50000000000024203e-01 16 2.88872227542144095e+01
0 0 0 62 5.00000000000070610e-01 7.50000000000024203e-01 7.50000000000024203e-01 17 3.04843827400970859e+01
0 0 0 62 5.00000000000070610e-01 7.50000000000024203e-01 7.50000000000024203e-01 18 3.43518934060827164e+01
0 0 0 62 5.00000000000070610e-01 7.50000000000024203e-01 7.50000000000024203e-01 19 3.94879822757698733e+01
0 0 0 62 5.00000000000070610e-01 7.50000000000024203e-01 7.50000000000024203e-01 20 4.71775968599757221e+01
0 0 0 62 5.00000000000070610e-01 7.50000000000024203e-01 7.50000000000024203e-01 21 5.52283881451053702e+01
0 0 0 62 5.00000000000070610e-01 7.50000000000024203e-01 7.50000000000024203e-01 22 8.56233368278706166e+01
0 0 0 62 5.00000000000070610e-01 7.50000000000024203e-01 7.50000000000024203e-01 23 9.58635499918095633e+01
0 0 0 62 5.00000000000070610e-01 7.50000000000024203e-01 7.50000000000024203e-01 24 1.14131336134500714e+02
0 0 0 62 5.00000000000070610e-01 7.50000000000024203e-01 7.50000000000024203e-01 25 1.39318863909795368e+02
0 0 0 63 7.49999999999942601e-01 7.49999999999942601e-01 7.49999999999942601e-01 0 -4.77928439869771804e+00
0 0 0 63 7.49999999999942601e-01 7.49999999999942601e-01 7.49999999999942601e-01 1 2.46680605279678922e+00
0 0 0 63 7.49999999999942601e-01 7.49999999999942601e-01 7.49999999999942601e-01 2 5.67615955045470599e+00
0 0 0 63 7.49999999999942601e-01 7.49999999999942601e-01 7.49999999999942601e-01 3 5.67615955045473264e+00
0 0 0 63 7.49999999999942601e-01 7.49999999999942601e-01 7.49999999999942601e-01 4 8.63478008904084859e+00
0 0 0 63 7.49999999999942601e-01 7.49999999999942601e-01 7.49999999999942601e-01 5 1.01791067980607668e+01
0 0 0 63 7.49999999999942601e-01 7.49999999999942601e-01 7.49999999999942601e-01 6 1.01791067980607934e+01
0 0 0 63 7.49999999999942601e-01 7.49999999999942601e-01 7.49999999999942601e-01 7 1.38167819259345066e+01
0 0 0 63 7.49999999999942601e-01 7.49999999999942601e-01 7.49999999999942601e-01 8 1.47511644089769973e+01
0 0 0 63 7.49999999999942601e-01 7.49999999999942601e-01 7.49999999999942601e-01 9 1.47511644089769973e+01
0 0 0 63 7.49999999999942601e-01 7.49999999999942601e-01 7.49999999999942601e-01 10 1.98647145492866173e+01
0 0 0 63 7.49999999999942601e-01 7.49999999999942601e-01 7.49999999999942601e-01 11 2.28825557074829824e+01
0 0 0 63 7.49999999999942601e-01 7.49999999999942601e-01 7.49999999999942601e-01 12 2.32685984980903164e+01
0 0 0 63 7.49999999999942601e-01 7.49999999999942601e-01 7.49999999999942601e-01 13 2.32685984980903449e+01
0 0 0 63 7.49999999999942601e-01 7.49999999999942601e-01 7.49999999999942601e-01 14 2.95249480917060865e+01
0 0 0 63 7.49999999999942601e-01 7.49999999999942601e-01 7.49999999999942601e-01 15 2.95249480917061398e+01
0 0 0 63 7.49999999999942601e-01 7.49999999999942601e-01 7.49999999999942601e-01 16 3.14747523700925314e+01
0 0 0 63 7.49999999999942601e-01 7.49999999999942601e-01 7.49999999999942601e-01 17 3.39472997493824593e+01
0 0 0 63 7.49999999999942601e-01 7.49999999999942601e-01 7.49999999999942601e-01 18 3.39472997493825659e+01
0 0 0 63 7.49999999999942601e-01 7.49999999999942601e-01 7.49999999999942601e-01 19 4.32507293026726742e+01
0 0 0 63 7.49999999999942601e-01 7.49999999999942601e-01 7.49999999999942601e-01 20 6.13761034511612777e+01
0 0 0 63 7.49999999999942601e-01 7.49999999999942601e-01 7.49999999999942601e-01 21 6.13761034511636154e+01
0 0 0 63 7.49999999999942601e-01 7.49999999999942601e-01 7.49999999999942601e-01 22 9.84576719779499712e+01
0 0 0 63 7.49999999999942601e-01 7.49999999999942601e-01 7.49999999999942601e-01 23 9.84576719779548171e+01
0 0 0 63 7.49999999999942601e-01 7.49999999999942601e-01 7.49999999999942601e-01 24 1.04798743835715754e+02
0 0 0 63 7.49999999999942601e-01 7.49999999999942601e-01 7.49999999999942601e-01 25 1.54047557201716444e+02
1 0 0 0 0.00000000000000000e+00 0.00000000000000000e+00 0.00000000000000000e+00 0 -4.04317609832860541e+01
1 0 0 0 0.00000000000000000e+00 0.00000000000000000e+00 0.00000000000000000e+00 1 -5.59402307595125992e-01
1 0 0 0 0.00000000000000000e+00 0.00000000000000000e+00 0.00000000000000000e+00 2 3.36908703499083728e+00
1 0 0 0 0.00000000000000000e+00 0.00000000000000000e+00 0.00000000000000000e+00 3 4.32132755287969061e+00
1 0 0 0 0.00000000000000000e+00 0.00000000000000000e+00 0.00000000000000000e+00 4 1.20675132772995415e+01
1 0 0 0 0.00000000000000000e+00 0.00000000000000000e+00 0.00000000000000000e+00 5 1.27516588346337745e+01
1 0 0 0 0.00000000000000000e+00 0.00000000000000000e+00 0.00000000000000000e+00 6 1.29660170787549696e+01
1 0 0 0 0.00000000000000000e+00 0.00000000000000000e+00 0.00000000000000000e+00 7 1.75985036159700066e+01
1 0 0 0 0.00000000000000000e+00 0.00000000000000000e+00 0.00000000000000000e+00 8 1.78207724283156921e+01
1 0 0 0 0.00000000000000000e+00 0.00000000000000000e+00 0.00000000000000000e+00 9 1.88122160967433594e+01
1 0 0 0 0.00000000000000000e+00 0.00000000000000000e+00 0.00000000000000000e+00 10 3.01571330076605193e+01
1 0 0 0 0.00000000000000000e+00 0.00000000000000000e+00 0.00000000000000000e+00 11 3.13836339300050504e+01
1 0 0 0 0.00000000000000000e+00 0.00000000000000000e+00 0.00000000000000000e+00 12 3.21272788291582359e+01
1 0 0 0 0.00000000000000000e+00 0.00000000000000000e+00 0.00000000000000000e+00 13 3.27920543625017302e+01
1 0 0 0 0.00000000000000000e+00 0.00000000000000000e+00 0.00000000000000000e+00 14 4.51152858622030806e+01
1 0 0 0 0.00000000000000000e+00 0.00000000000000000e+00 0.00000000000000000e+00 15 4.80091763096388391e+01
1 0 0 0 0.00000000000000000e+00 0.00000000000000000e+00 0.00000000000000000e+00 16 4.85261229022391447e+01
1 0 0 0 0.00000000000000000e+00 0.00000000000000000e+00 0.00000000000000000e+00 17 4.98186527159986170e+01
1 0 0 0 0.00000000000000000e+00 0.00000000000000000e+00 0.00000000000000000e+00 18 5.08029887732982885e+01
1 0 0 0 0.00000000000000000e+00 0.00000000000000000e+00 0.00000000000000000e+00 19 3.70526025256863647e+02
1 0 0 0 0.00000000000000000e+00 0.00000000000000000e+00 0.00000000000000000e+00 20 4.16905704573950629e+02
1 0 0 0 0.00000000000000000e+00 0.00000000000000000e+00 0.00000000000000000e+00 21 4.77171105509416009e+02
1 0 0 0 0.00000000000000000e+00 0.00000000000000000e+00 0.00000000000000000e+00 22 1.03214985965854567e+03
1 0 0 0 0.00000000000000000e+00 0.00000000000000000e+00 0.00000000000000000e+00 23 1.08900823983662144e+03
1 0 0 0 0.00000000000000000e+00 0.00000000000000000e+00 0.00000000000000000e+00 24 1.14914757887135511e+03
1 0 0 0 0.00000000000000000e+00 0.00000000000000000e+00 0.00000000000000000e+00 25 1.18219025740702250e+03
1 0 0 1 2.50000000000035305e-01 0.00000000000000000e+00 0.00000000000000000e+00 0 -3.95981335175375477e+01
1 0 0 1 2.50000000000035305e-01 0.00000000000000000e+00 0.00000000000000000e+00 1 -1.33370028575835131e+00
1 0 0 1 2.50000000000035305e-01 0.00000000000000000e+00 0.00000000000000000e+00 2 1.40017919616828940e-01
1 0 0 1 2.50000000000035305e-01 0.00000000000000000e+00 0.00000000000000000e+00 3 2.81933533955384830e+00
1 0 0 1 2.50000000000035305e-01 0.00000000000000000e+00 0.00000000000000000e+00 4 1.14078924584735049e+01
1 0 0 1 2.50000000000035305e-01 0.00000000000000000e+00 0.00000000000000000e+00 5 1.37047400743917240e+01
1 0 0 1 2.50000000000035305e-01 0.00000000000000000e+00 0.00000000000000000e+00 6 1.39658424684148699e+01
1 0 0 1 2.50000000000035305e-01 0.00000000000000000e+00 0.00000000000000000e+00 7 1.77321544778071960e+01
1 0 0 1 2.50000000000035305e-01 0.00000000000000000e+00 0.00000000000000000e+00 8 1.83428209663650321e+01
1 0 0 1 2.50000000000035305e-01 0.00000000000000000e+00 0.00000000000000000e+00 9 2.12944265296230846e+01
1 0 0 1 2.50000000000035305e-01 0.00000000000000000e+00 0.00000000000000000e+00 10 2.88421022349866725e+01
1 0 0 1 2.50000000000035305e-01 0.00000000000000000e+00 0.00000000000000000e+00 11 3.23122291209513506e+01
1 0 0 1 2.50000000000035305e-01 0.00000000000000000e+00 0.00000000000000000e+00 12 3.39045039758904920e+01
1 0 0 1 2.50000000000035305e-01 0.00000000000000000e+00 0.00000000000000000e+00 13 3.44722234359220323e+01
1 0 0 1 2.50000000000035305e-01 0.00000000000000000e+00 0.00000000000000000e+00 14 4.20169838083304157e+01
1 0 0 1 2.50000000000035305e-01 0.00000000000000000e+00 0.00000000000000000e+00 15 4.36669375645772320e+01
1 0 0 1 2.50000000000035305e-01 0.00000000000000000e+00 0.00000000000000000e+00 16 4.85842500071558518e+01
1 0 0 1 2.50000000000035305e-01 0.00000000000000000e+00 0.00000000000000000e+00 17 5.04124075716471367e+01
1 0 0 1 2.50000000000035305e-01 0.00000000000000000e+00 0.00000000000000000e+00 18 5.17950305947941985e+01
1 0 0 1 2.50000000000035305e-01 0.00000000000000000e+00 0.00000000000000000e+00 19 1.18994672694543780e+02
1 0 0 1 2.50000000000035305e-01 0.00000000000000000e+00 0.00000000000000000e+00 20 3.27560991758874934e+02
1 0 0 1 2.50000000000035305e-01 0.00000000000000000e+00 0.00000000000000000e+00 21 3.62032463050318881e+02
1 0 0 1 2.50000000000035305e-01 0.00000000000000000e+00 0.00000000000000000e+00 22 8.30107485007789251e+02
1 0 0 1 2.50000000000035305e-01 0.00000000000000000e+00 0.00000000000000000e+00 23 8.75122322697426625e+02
1 0 0 1 2.50000000000035305e-01 0.00000000000000000e+00 0.00000000000000000e+00 24 1.31446814310216450e+03
1 0 0 1 2.50000000000035305e-01 0.00000000000000000e+00 0.00000000000000000e+00 25 2.78288132960379471e+03
1 0 0 2 5.00000000000070610e-01 0.00000000000000000e+00 0.00000000000000000e+00 0 -2.89665489294993534e+01
1 0 0 2 5.00000000000070610e-01 0.00000000000000000e+00 0.00000000000000000e+00 1 -9.37510038348678343e+00
1 0 0 2 5.00000000000070610e-01 0.00000000000000000e+00 0.00000000000000000e+00 2 2.92897543240749451e-02
1 0 0 2 5.00000000000070610e-01 0.00000000000000000e+00 0.00000000000000000e+00 3 2.67085517785033799e+00
1 0 0 2 5.00000000000070610e-01 0.00000000000000000e+00 0.00000000000000000e+00 4 8.99647765498865049e+00
1 0 0 2 5.00000000000070610e-01 0.00000000000000000e+00 0.00000000000000000e+00 5 1.34679066593574888e+01
1 0 0 2 5.00000000000070610e-01 0.00000000000000000e+00 0.00000000000000000e+00 6 1.36360175862900235e+01
1 0 0 2 5.00000000000070610e-01 0.00000000000000000e+00 0.00000000000000000e+00 7 2.30329474231059663e+01
1 0 0 2 5.00000000000070610e-01 0.00000000000000000e+00 0.00000000000000000e+00 8 2.31843188219745002e+01
1 0 0 2 5.00000000000070610e-01 0.00000000000000000e+00 0.00000000000000000e+00 9 2.40997880810059009e+01
1 0 0 2 5.00000000000070610e-01 0.00000000000000000e+00 0.00000000000000000e+00 10 2.79463924490877424e+01
1 0 0 2 5.00000000000070610e-01 0.00000000000000000e+00 0.00000000000000000e+00 11 2.81915846308365445e+01
1 0 0 2 5.00000000000070610e-01 0.00000000000000000e+00 0.00000000000000000e+00 12 2.95548385411496533e+01
1 0 0 2 5.00000000000070610e-01 0.00000000000000000e+00 0.00000000000000000e+00 13 3.99943217677397271e+01
1 0 0 2 5.00000000000070610e-01 0.00000000000000000e+00 0.00000000000000000e+00 14 4.23533283754491734e+01
1 0 0 2 5.00000000000070610e-01 0.00000000000000000e+00 0.00000000000000000e+00 15 4.31888019343380094e+01
1 0 0 2 5.00000000000070610e-01 0.00000000000000000e+00 0.00000000000000000e+00 16 4.49109905207258393e+01
1 0 0 2 5.00000000000070610e-01 0.00000000000000000e+00 0.00000000000000000e+00 17 5.17679297339204041e+01
1 0 0 2 5.00000000000070610e-01 0.00000000000000000e+00 0.00000000000000000e+00 18 5.19024679215364131e+01
1 0 0 2 5.00000000000070610e-01 0.00000000000000000e+00 0.00000000000000000e+00 19 6.64125684349101846e+01
1 0 0 2 5.00000000000070610e-01 0.00000000000000000e+00 0.00000000000000000e+00 20 2.90463207719429647e+02
1 0 0 2 5.00000000000070610e-01 0.00000000000000000e+00 0.00000000000000000e+00 21 3.11946910638655766e+02
1 0 0 2 5.00000000000070610e-01 0.00000000000000000e+00 0.00000000000000000e+00 22 5.48514402115234589e+02
1 0 0 2 5.00000000000070610e-01 0.00000000000000000e+00 0.00000000000000000e+00 23 5.80650908723242537e+02
1 0 0 2 5.00000000000070610e-01 0.00000000000000000e+00 0.00000000000000000e+00 24 1.65511646213652284e+03
1 0 0 2 5.00000000000070610e-01 0.00000000000000000e+00 0.00000000000000000e+00 25 4.07636476392927625e+03
1 0 0 3 7.49999999999942601e-01 0.00000000000000000e+00 0.00000000000000000e+00 0 -3.96651600437400234e+01
1 0 0 3 7.49999999999942601e-01 0.00000000000000000e+00 0.00000000000000000e+00 1 -1.20601606658340965e+00
1 0 0 3 7.49999999999942601e-01 0.00000000000000000e+00 0.00000000000000000e+00 2 2.30984679233676576e-01
1 0 0 3 7.49999999999942601e-01 0.00000000000000000e+00 0.00000000000000000e+00 3 3.03353548730269162e+00
1 0 0 3 7.49999999999942601e-01 0.00000000000000000e+00 0.00000000000000000e+00 4 1.14935586555292275e+01
1 0 0 3 7.49999999999942601e-01 0.00000000000000000e+00 0.00000000000000000e+00 5 1.32323606644868530e+01
1 0 0 3 7.49999999999942601e-01 0.00000000000000000e+00 0.00000000000000000e+00 6 1.36470948099797003e+01
1 0 0 3 7.49999999999942601e-01 0.00000000000000000e+00 0.00000000000000000e+00 7 1.79439564023091727e+01
1 0 0 3 7.49999999999942601e-01 0.00000000000000000e+00 0.00000000000000000e+00 8 1.84625541060561495e+01
1 0 0 3 7.49999999999942601e-01 0.00000000000000000e+00 0.00000000000000000e+00 9 2.09869317235285990e+01
1 0 0 3 7.49999999999942601e-01 0.00000000000000000e+00 0.00000000000000000e+00 10 3.07947465184719533e+01
1 0 0 3 7.49999999999942601e-01 0.00000000000000000e+00 0.00000000000000000e+00 11 3.26543092371103114e+01
1 0 0 3 7.49999999999942601e-01 0.00000000000000000e+00 0.00000000000000000e+00 12 3.32810196763734609e+01
1 0 0 3 7.49999999999942601e-01 0.00000000000000000e+00 0.00000000000000000e+00 13 3.36979241779779386e+01
1 0 0 3 7.49999999999942601e-01 0.00000000000000000e+00 0.00000000000000000e+00 14 4.22474496208769992e+01
1 0 0 3 7.49999999999942601e-01 0.00000000000000000e+00 0.00000000000000000e+00 15 4.34648687893813843e+01
1 0 0 3 7.49999999999942601e-01 0.00000000000000000e+00 0.00000000000000000e+00 16 4.99546493481208458e+01
1 0 0 3 7.49999999999942601e-01 0.00000000000000000e+00 0.00000000000000000e+00 17 5.12418912336177428e+01
1 0 0 3 7.49999999999942601e-01 0.00000000000000000e+00 0.00000000000000000e+00 18 5.25787061372045343e+01
1 0 0 3 7.49999999999942601e-01 0.00000000000000000e+00 0.00000000000000000e+00 19 1.15897163399669637e+02
1 0 0 3 7.49999999999942601e-01 0.00000000000000000e+00 0.00000000000000000e+00 20 3.19976199242748237e+02
1 0 0 3 7.49999999999942601e-01 0.00000000000000000e+00 0.00000000000000000e+00 21 3.47755399414960436e+02
1 0 0 3 7.49999999999942601e-01 0.00000000000000000e+00 0.00000000000000000e+00 22 8.39124666773085323e+02
1 0 0 3 7.49999999999942601e-01 0.00000000000000000e+00 0.00000000000000000e+00 23 8.60215644373086320e+02
1 0 0 3 7.49999999999942601e-01 0.00000000000000000e+00 0.00000000000000000e+00 24 1.31276310317595562e+03
1 0 0 3 7.49999999999942601e-01 0.00000000000000000e+00 0.00000000000000000e+00 25 2.80626783695992117e+03
1 0 0 4 0.00000000000000000e+00 2.50000000000035305e-01 0.00000000000000000e+00 0 -4.12162550119626943e+01
1 0 0 4 0.00000000000000000e+00 2.50000000000035305e-01 0.00000000000000000e+00 1 -2.68213444103177423e+00
1 0 0 4 0.00000000000000000e+00 2.50000000000035305e-01 0.00000000000000000e+00 2 2.80942709188222350e+00
1 0 0 4 0.00000000000000000e+00 2.50000000000035305e-01 0.00000000000000000e+00 3 3.25380403460106349e+00
1 0 0 4 0.00000000000000000e+00 2.50000000000035305e-01 0.00000000000000000e+00 4 1.20722986873095675e+01
1 0 0 4 0.00000000000000000e+00 2.50000000000035305e-01 0.00000000000000000e+00 5 1.35966007758123038e+01
1 0 0 4 0.00000000000000000e+00 2.50000000000035305e-01 0.00000000000000000e+00 6 1.38792745245872879e+01
1 0 0 4 0.00000000000000000e+00 2.50000000000035305e-01 0.00000000000000000e+00 7 1.76962598178780866e+01
1 0 0 4 0.00000000000000000e+00 2.50000000000035305e-01 0.00000000000000000e+00 8 1.82177036010118414e+01
1 0 0 4 0.00000000000000000e+00 2.50000000000035305e-01 0.00000000000000000e+00 9 2.03399870890385408e+01
1 0 0 4 0.00000000000000000e+00 2.50000000000035305e-01 0.00000000000000000e+00 10 3.14536620225400902e+01
1 0 0 4 0.00000000000000000e+00 2.50000000000035305e-01 0.00000000000000000e+00 11 3.24539952632410760e+01
1 0 0 4 0.00000000000000000e+00 2.50000000000035305e-01 0.00000000000000000e+00 12 3.30295741876609341e+01
1 0 0 4 0.00000000000000000e+00 2.50000000000035305e-01 0.00000000000000000e+00 13 3.40628093584685629e+01
1 0 0 4 0.00000000000000000e+00 2.50000000000035305e-01 0.00000000000000000e+00 14 4.28618169042690198e+01
1 0 0 4 0.00000000000000000e+00 2.50000000000035305e-01 0.00000000000000000e+00 15 4.35485508956996838e+01
1 0 0 4 0.00000000000000000e+00 2.50000000000035305e-01 0.00000000000000000e+00 16 4.97217269716612051e+01
1 0 0 4 0.00000000000000000e+00 2.50000000000035305e-01 0.00000000000000000e+00 17 5.09743495322774010e+01
1 0 0 4 0.00000000000000000e+00 2.50000000000035305e-01 0.00000000000000000e+00 18 5.20621085245799335e+01
1 0 0 4 0.00000000000000000e+00 2.50000000000035305e-01 0.00000000000000000e+00 19 1.06630478399953162e+02
1 0 0 4 0.00000000000000000e+00 2.50000000000035305e-01 0.00000000000000000e+00 20 3.14499104890683384e+02
1 0 0 4 0.00000000000000000e+00 2.50000000000035305e-01 0.00000000000000000e+00 21 3.38446622671615728e+02
1 0 0 4 0.00000000000000000e+00 2.50000000000035305e-01 0.00000000000000000e+00 22 8.35983775831355160e+02
1 0 0 4 0.00000000000000000e+00 2.50000000000035305e-01 0.00000000000000000e+00 23 8.71794640874136007e+02
1 0 0 4 0.00000000000000000e+00 2.50000000000035305e-01 0.00000000000000000e+00 24 1.32176715390817571e+03
1 0 0 4 0.00000000000000000e+00 2.50000000000035305e-01 0.00000000000000000e+00 25 2.86966675905822922e+03
1 0 0 5 2.50000000000035305e-01 2.50000000000035305e-01 0.00000000000000000e+00 0 -4.41826166825716840e+01
1 0 0 5 2.50000000000035305e-01 2.50000000000035305e-01 0.00000000000000000e+00 1 -2.23682357891475769e+00
1 0 0 5 2.50000000000035305e-01 2.50000000000035305e-01 0.00000000000000000e+00 2 2.79982349701721889e+00
1 0 0 5 2.50000000000035305e-01 2.50000000000035305e-01 0.00000000000000000e+00 3 3.09024634131442832e+00
1 0 0 5 2.50000000000035305e-01 2.50000000000035305e-01 0.00000000000000000e+00 4 1.02459482487784310e+01
1 0 0 5 2.50000000000035305e-01 2.50000000000035305e-01 0.00000000000000000e+00 5 1.29646808726565297e+01
1 0 0 5 2.50000000000035305e-01 2.50000000000035305e-01 0.00000000000000000e+00 6 1.64170387343802773e+01
1 0 0 5 2.50000000000035305e-01 2.50000000000035305e-01 0.00000000000000000e+00 7 1.67490541037573735e+01
1 0 0 5 2.50000000000035305e-01 2.50000000000035305e-01 0.00000000000000000e+00 8 2.10368998505942386e+01
1 0 0 5 2.50000000000035305e-01 2.50000000000035305e-01 0.00000000000000000e+00 9 2.14834724086075113e+01
1 0 0 5 2.50000000000035305e-01 2.50000000000035305e-01 0.00000000000000000e+00 10 2.99232639102639304e+01
1 0 0 5 2.50000000000035305e-01 2.50000000000035305e-01 0.00000000000000000e+00 11 2.99735206845959645e+01
1 0 0 5 2.50000000000035305e-01 2.50000000000035305e-01 0.00000000000000000e+00 12 3.37443433543747560e+01
1 0 0 5 2.50000000000035305e-01 2.50000000000035305e-01 0.00000000000000000e+00 13 3.85347058420929400e+01
1 0 0 5 2.50000000000035305e-01 2.50000000000035305e-01 0.00000000000000000e+00 14 4.14059144676159434e+01
1 0 0 5 2.50000000000035305e-01 2.50000000000035305e-01 0.00000000000000000e+00 15 4.41556088635470161e+01
1 0 0 5 2.50000000000035305e-01 2.50000000000035305e-01 0.00000000000000000e+00 16 4.68658775462545734e+01
1 0 0 5 2.50000000000035305e-01 2.50000000000035305e-01 0.00000000000000000e+00 17 4.83900838426723325e+01
1 0 0 5 2.50000000000035305e-01 2.50000000000035305e-01 0.00000000000000000e+00 18 5.60596941845739991e+01
1 0 0 5 2.50000000000035305e-01 2.50000000000035305e-01 0.00000000000000000e+00 19 1.31607072714816582e+02
1 0 0 5 2.50000000000035305e-01 2.50000000000035305e-01 0.00000000000000000e+00 20 1.45400428622667391e+02
1 0 0 5 2.50000000000035305e-01 2.50000000000035305e-01 0.00000000000000000e+00 21 2.39340894681330582e+02
1 0 0 5 2.50000000000035305e-01 2.50000000000035305e-01 0.00000000000000000e+00 22 6.58306770997989815e+02
1 0 0 5 2.50000000000035305e-01 2.50000000000035305e-01 0.00000000000000000e+00 23 1.45148588630511949e+03
1 0 0 5 2.50000000000035305e-01 2.50000000000035305e-01 0.00000000000000000e+00 24 1.74456371798696887e+03
1 0 0 5 2.50000000000035305e-01 2.50000000000035305e-01 0.00000000000000000e+00 25 1.96561627805781109e+03
1 0 0 6 4.99999999999988953e-01 2.49999999999953648e-01 0.00000000000000000e+00 0 -3.47773768343765397e+01
1 0 0 6 4.99999999999988953e-01 2.49999999999953648e-01 0.00000000000000000e+00 1 -5.38893697551463369e+00
1 0 0 6 4.99999999999988953e-01 2.49999999999953648e-01 0.00000000000000000e+00 2 -1.32235507519552220e+00
1 0 0 6 4.99999999999988953e-01 2.49999999999953648e-01 0.00000000000000000e+00 3 1.99797888681594604e+00
1 0 0 6 4.99999999999988953e-01 2.49999999999953648e-01 0.00000000000000000e+00 4 1.04697694550106597e+01
1 0 0 6 4.99999999999988953e-01 2.49999999999953648e-01 0.00000000000000000e+00 5 1.38215434238065633e+01
1 0 0 6 4.99999999999988953e-01 2.49999999999953648e-01 0.00000000000000000e+00 6 1.68196866051044758e+01
1 0 0 6 4.99999999999988953e-01 2.49999999999953648e-01 0.00000000000000000e+00 7 1.76633871610315047e+01
1 0 0 6 4.99999999999988953e-01 2.49999999999953648e-01 0.00000000000000000e+00 8 2.36739576527993947e+01
1 0 0 6 4.99999999999988953e-01 2.49999999999953648e-01 0.00000000000000000e+00 9 2.63420012325874389e+01
1 0 0 6 4.99999999999988953e-01 2.49999999999953648e-01 0.00000000000000000e+00 10 2.71864375986609375e+01
1 0 0 6 4.99999999999988953e-01 2.49999999999953648e-01 0.00000000000000000e+00 11 2.91632649272984175e+01
1 0 0 6 4.99999999999988953e-01 2.49999999999953648e-01 0.00000000000000000e+00 12 3.61733193181775476e+01
1 0 0 6 4.99999999999988953e-01 2.49999999999953648e-01 0.00000000000000000e+00 13 3.74464831696464913e+01
1 0 0 6 4.99999999999988953e-01 2.49999999999953648e-01 0.00000000000000000e+00 14 3.83324441933523232e+01
1 0 0 6 4.99999999999988953e-01 2.49999999999953648e-01 0.00000000000000000e+00 15 4.20139307012637673e+01
1 0 0 6 4.99999999999988953e-01 2.49999999999953648e-01 0.00000000000000000e+00 16 4.77147995131164961e+01
1 0 0 6 4.99999999999988953e-01 2.49999999999953648e-01 0.00000000000000000e+00 17 4.87008150816220038e+01
1 0 0 6 4.99999999999988953e-01 2.49999999999953648e-01 0.00000000000000000e+00 18 5.14232202851855362e+01
1 0 0 6 4.99999999999988953e-01 2.49999999999953648e-01 0.00000000000000000e+00 19 7.21375074700408305e+01
1 0 0 6 4.99999999999988953e-01 2.49999999999953648e-01 0.00000000000000000e+00 20 1.22344331524326037e+02
1 0 0 6 4.99999999999988953e-01 2.49999999999953648e-01 0.00000000000000000e+00 21 1.31617076055187255e+02
1 0 0 6 4.99999999999988953e-01 2.49999999999953648e-01 0.00000000000000000e+00 22 9.10721151918076430e+02
1 0 0 6 4.99999999999988953e-01 2.49999999999953648e-01 0.00000000000000000e+00 23 1.10229670612088898e+03
1 0 0 6 4.99999999999988953e-01 2.49999999999953648e-01 0.00000000000000000e+00 24 1.80160307391119773e+03
1 0 0 6 4.99999999999988953e-01 2.49999999999953648e-01 0.00000000000000000e+00 25 3.20801300277695509e+03
1 0 0 7 7.50000000000024203e-01 2.49999999999953593e-01 0.00000000000000000e+00 0 -3.27241014175698410e+01
1 0 0 7 7.50000000000024203e-01 2.49999999999953593e-01 0.00000000000000000e+00 1 -7.29840156525460060e+00
1 0 0 7 7.50000000000024203e-01 2.49999999999953593e-01 0.00000000000000000e+00 2 -4.11511025467602320e-01
1 0 0 7 7.50000000000024203e-01 2.49999999999953593e-01 0.00000000000000000e+00 3 3.04288082987367048e+00
1 0 0 7 7.50000000000024203e-01 2.49999999999953593e-01 0.00000000000000000e+00 4 1.23786180527704079e+01
1 0 0 7 7.50000000000024203e-01 2.49999999999953593e-01 0.00000000000000000e+00 5 1.38538566017319003e+01
1 0 0 7 7.50000000000024203e-01 2.49999999999953593e-01 0.00000000000000000e+00 6 1.59598297894631553e+01
1 0 0 7 7.50000000000024203e-01 2.49999999999953593e-01 0.00000000000000000e+00 7 1.74301720028956062e+01
1 0 0 7 7.50000000000024203e-01 2.49999999999953593e-01 0.00000000000000000e+00 8 1.82459867715150494e+01
1 0 0 7 7.50000000000024203e-01 2.49999999999953593e-01 0.00000000000000000e+00 9 2.48349127803027514e+01
1 0 0 7 7.50000000000024203e-01 2.49999999999953593e-01 0.00000000000000000e+00 10 2.86566305203153782e+01
1 0 0 7 7.50000000000024203e-01 2.49999999999953593e-01 0.00000000000000000e+00 11 3.19659927704983353e+01
1 0 0 7 7.50000000000024203e-01 2.49999999999953593e-01 0.00000000000000000e+00 12 3.48479106332232362e+01
1 0 0 7 7.50000000000024203e-01 2.49999999999953593e-01 0.00000000000000000e+00 13 3.62327500654050638e+01
1 0 0 7 7.50000000000024203e-01 2.49999999999953593e-01 0.00000000000000000e+00 14 3.95439617743076113e+01
1 0 0 7 7.50000000000024203e-01 2.49999999999953593e-01 0.00000000000000000e+00 15 4.08413028326326497e+01
1 0 0 7 7.50000000000024203e-01 2.49999999999953593e-01 0.00000000000000000e+00 16 4.50070061748984855e+01
1 0 0 7 7.50000000000024203e-01 2.49999999999953593e-01 0.00000000000000000e+00 17 4.87522149602256860e+01
1 0 0 7 7.50000000000024203e-01 2.49999999999953593e-01 0.00000000000000000e+00 18 5.37087690706575245e+01
1 0 0 7 7.50000000000024203e-01 2.49999999999953593e-01 0.00000000000000000e+00 19 8.98263667721608812e+01
1 0 0 7 7.50000000000024203e-01 2.49999999999953593e-01 0.00000000000000000e+00 20 1.08246614655519750e+02
1 0 0 7 7.50000000000024203e-01 2.49999999999953593e-01 0.00000000000000000e+00 21 2.31584245232358256e+02
1 0 0 7 7.50000000000024203e-01 2.49999999999953593e-01 0.00000000000000000e+00 22 7.62830907144568869e+02
1 0 0 7 7.50000000000024203e-01 2.49999999999953593e-01 0.00000000000000000e+00 23 1.05216098352580252e+03
1 0 0 7 7.50000000000024203e-01 2.49999999999953593e-01 0.00000000000000000e+00 24 1.66104470803937443e+03
1 0 0 7 7.50000000000024203e-01 2.49999999999953593e-01 0.00000000000000000e+00 25 3.22240408995976441e+03
1 0 0 8 0.00000000000000000e+00 5.00000000000070610e-01 0.00000000000000000e+00 0 -2.96592364064611189e+01
1 0 0 8 0.00000000000000000e+00 5.00000000000070610e-01 0.00000000000000000e+00 1 -9.43807599598353697e+00
1 0 0 8 0.00000000000000000e+00 5.00000000000070610e-01 0.00000000000000000e+00 2 2.54169660449708079e+00
1 0 0 8 0.00000000000000000e+00 5.00000000000070610e-01 0.00000000000000000e+00 3 3.16708529281609819e+00
1 0 0 8 0.00000000000000000e+00 5.00000000000070610e-01 0.00000000000000000e+00 4 9.91124461329781425e+00
1 0 0 8 0.00000000000000000e+00 5.00000000000070610e-01 0.00000000000000000e+00 5 1.34305015336359546e+01
1 0 0 8 0.00000000000000000e+00 5.00000000000070610e-01 0.00000000000000000e+00 6 1.37589990499060484e+01
1 0 0 8 0.00000000000000000e+00 5.00000000000070610e-01 0.00000000000000000e+00 7 2.20053336676554103e+01
1 0 0 8 0.00000000000000000e+00 5.00000000000070610e-01 0.00000000000000000e+00 8 2.28520313759909044e+01
1 0 0 8 0.00000000000000000e+00 5.00000000000070610e-01 0.00000000000000000e+00 9 2.40309454735218075e+01
1 0 0 8 0.00000000000000000e+00 5.00000000000070610e-01 0.00000000000000000e+00 10 2.67565130623196872e+01
1 0 0 8 0.00000000000000000e+00 5.00000000000070610e-01 0.00000000000000000e+00 11 2.82070909425895735e+01
1 0 0 8 0.00000000000000000e+00 5.00000000000070610e-01 0.00000000000000000e+00 12 2.91518238712687463e+01
1 0 0 8 0.00000000000000000e+00 5.00000000000070610e-01 0.00000000000000000e+00 13 3.92081192629723034e+01
1 0 0 8 0.00000000000000000e+00 5.00000000000070610e-01 0.00000000000000000e+00 14 4.13478306523184997e+01
1 0 0 8 0.00000000000000000e+00 5.00000000000070610e-01 0.00000000000000000e+00 15 4.39339568791969057e+01
1 0 0 8 0.00000000000000000e+00 5.00000000000070610e-01 0.00000000000000000e+00 16 4.45972358082882749e+01
1 0 0 8 0.00000000000000000e+00 5.00000000000070610e-01 0.00000000000000000e+00 17 5.09637412916410000e+01
1 0 0 8 0.00000000000000000e+00 5.00000000000070610e-01 0.00000000000000000e+00 18 5.30914409432040699e+01
1 0 0 8 0.00000000000000000e+00 5.00000000000070610e-01 0.00000000000000000e+00 19 6.58938060421068172e+01
1 0 0 8 0.00000000000000000e+00 5.00000000000070610e-01 0.00000000000000000e+00 20 2.79344009721407872e+02
1 0 0 8 0.00000000000000000e+00 5.00000000000070610e-01 0.00000000000000000e+00 21 2.96711052715795745e+02
1 0 0 8 0.00000000000000000e+00 5.00000000000070610e-01 0.00000000000000000e+00 22 5.57223465659949966e+02
1 0 0 8 0.00000000000000000e+00 5.00000000000070610e-01 0.00000000000000000e+00 23 5.81194783195777063e+02
1 0 0 8 0.00000000000000000e+00 5.00000000000070610e-01 0.00000000000000000e+00 24 1.77248091273787736e+03
1 0 0 8 0.00000000000000000e+00 5.00000000000070610e-01 0.00000000000000000e+00 25 4.17962772156374922e+03
1 0 0 9 2.49999999999953648e-01 4.99999999999988953e-01 0.00000000000000000e+00 0 -3.39803223453542813e+01
1 0 0 9 2.49999999999953648e-01 4.99999999999988953e-01 0.00000000000000000e+00 1 -5.51201243977424316e+00
1 0 0 9 2.49999999999953648e-01 4.99999999999988953e-01 0.00000000000000000e+00 2 -5.73868417424397315e-01
1 0 0 9 2.49999999999953648e-01 4.99999999999988953e-01 0.00000000000000000e+00 3 2.28708056628027023e+00
1 0 0 9 2.49999999999953648e-01 4.99999999999988953e-01 0.00000000000000000e+00 4 1.05730640091259964e+01
1 0 0 9 2.49999999999953648e-01 4.99999999999988953e-01 0.00000000000000000e+00 5 1.38329581748440678e+01
1 0 0 9 2.49999999999953648e-01 4.99999999999988953e-01 0.00000000000000000e+00 6 1.72766937972389556e+01
1 0 0 9 2.49999999999953648e-01 4.99999999999988953e-01 0.00000000000000000e+00 7 1.80501098279268675e+01
1 0 0 9 2.49999999999953648e-01 4.99999999999988953e-01 0.00000000000000000e+00 8 2.35950583572711921e+01
1 0 0 9 2.49999999999953648e-01 4.99999999999988953e-01 0.00000000000000000e+00 9 2.50169857115672798e+01
1 0 0 9 2.49999999999953648e-01 4.99999999999988953e-01 0.00000000000000000e+00 10 2.72121084089950926e+01
1 0 0 9 2.49999999999953648e-01 4.99999999999988953e-01 0.00000000000000000e+00 11 2.88357478981064936e+01
1 0 0 9 2.49999999999953648e-01 4.99999999999988953e-01 0.00000000000000000e+00 12 3.53707355667966539e+01
1 0 0 9 2.49999999999953648e-01 4.99999999999988953e-01 0.00000000000000000e+00 13 3.70893812905094649e+01
1 0 0 9 2.49999999999953648e-01 4.99999999999988953e-01 0.00000000000000000e+00 14 3.85442277440450383e+01
1 0 0 9 2.49999999999953648e-01 4.99999999999988953e-01 0.00000000000000000e+00 15 4.29114513103372204e+01
1 0 0 9 2.49999999999953648e-01 4.99999999999988953e-01 0.00000000000000000e+00 16 4.79870860382577291e+01
1 0 0 9 2.49999999999953648e-01 4.99999999999988953e-01 0.00000000000000000e+00 17 4.97538204485798872e+01
1 0 0 9 2.49999999999953648e-01 4.99999999999988953e-01 0.00000000000000000e+00 18 5.07626230456375751e+01
1 0 0 9 2.49999999999953648e-01 4.99999999999988953e-01 0.00000000000000000e+00 19 7.31552089591901620e+01
1 0 0 9 2.49999999999953648e-01 4.99999999999988953e-01 0.00000000000000000e+00 20 1.23319593329548482e+02
1 0 0 9 2.49999999999953648e-01 4.99999999999988953e-01 0.00000000000000000e+00 21 1.31040210652846213e+02
1 0 0 9 2.49999999999953648e-01 4.99999999999988953e-01 0.00000000000000000e+00 22 7.89879038330179696e+02
1 0 0 9 2.49999999999953648e-01 4.99999999999988953e-01 0.00000000000000000e+00 23 1.10598585317264133e+03
1 0 0 9 2.49999999999953648e-01 4.99999999999988953e-01 0.00000000000000000e+00 24 1.94132513497963669e+03
1 0 0 9 2.49999999999953648e-01 4.99999999999988953e-01 0.00000000000000000e+00 25 3.29424983891481179e+03
1 0 0 10 4.99999999999988898e-01 4.99999999999988898e-01 0.00000000000000000e+00 0 -3.38687694885970245e+01
1 0 0 10 4.99999999999988898e-01 4.99999999999988898e-01 0.00000000000000000e+00 1 -6.90154292031010463e+00
1 0 0 10 4.99999999999988898e-01 4.99999999999988898e-01 0.00000000000000000e+00 2 1.96150631401698039e+00
1 0 0 10 4.99999999999988898e-01 4.99999999999988898e-01 0.00000000000000000e+00 3 2.26458536841337166e+00
1 0 0 10 4.99999999999988898e-01 4.99999999999988898e-01 0.00000000000000000e+00 4 9.13774267211878843e+00
1 0 0 10 4.99999999999988898e-01 4.99999999999988898e-01 0.00000000000000000e+00 5 9.69426808912360549e+00
1 0 0 10 4.99999999999988898e-01 4.99999999999988898e-01 0.00000000000000000e+00 6 2.21683256579635817e+01
1 0 0 10 4.99999999999988898e-01 4.99999999999988898e-01 0.00000000000000000e+00 7 2.33894702522340516e+01
1 0 0 10 4.99999999999988898e-01 4.99999999999988898e-01 0.00000000000000000e+00 8 2.52206995611752731e+01
1 0 0 10 4.99999999999988898e-01 4.99999999999988898e-01 0.00000000000000000e+00 9 2.56217528470923845e+01
1 0 0 10 4.99999999999988898e-01 4.99999999999988898e-01 0.00000000000000000e+00 10 2.59873428366444976e+01
1 0 0 10 4.99999999999988898e-01 4.99999999999988898e-01 0.00000000000000000e+00 11 2.71989952288044670e+01
1 0 0 10 4.99999999999988898e-01 4.99999999999988898e-01 0.00000000000000000e+00 12 3.01699664859506811e+01
1 0 0 10 4.99999999999988898e-01 4.99999999999988898e-01 0.00000000000000000e+00 13 3.17157800401947405e+01
1 0 0 10 4.99999999999988898e-01 4.99999999999988898e-01 0.00000000000000000e+00 14 4.43519199814694431e+01
1 0 0 10 4.99999999999988898e-01 4.99999999999988898e-01 0.00000000000000000e+00 15 4.51248581841887813e+01
1 0 0 10 4.99999999999988898e-01 4.99999999999988898e-01 0.00000000000000000e+00 16 5.05748971714608828e+01
1 0 0 10 4.99999999999988898e-01 4.99999999999988898e-01 0.00000000000000000e+00 17 5.20945870096508088e+01
1 0 0 10 4.99999999999988898e-01 4.99999999999988898e-01 0.00000000000000000e+00 18 6.47537026883208569e+01
1 0 0 10 4.99999999999988898e-01 4.99999999999988898e-01 0.00000000000000000e+00 19 7.03287074015542686e+01
1 0 0 10 4.99999999999988898e-01 4.99999999999988898e-01 0.00000000000000000e+00 20 8.02642102613033899e+01
1 0 0 10 4.99999999999988898e-01 4.99999999999988898e-01 0.00000000000000000e+00 21 8.51918096031648417e+01
1 0 0 10 4.99999999999988898e-01 4.99999999999988898e-01 0.00000000000000000e+00 22 1.20810704589775946e+03
1 0 0 10 4.99999999999988898e-01 4.99999999999988898e-01 0.00000000000000000e+00 23 1.31553413413881867e+03
1 0 0 10 4.99999999999988898e-01 4.99999999999988898e-01 0.00000000000000000e+00 24 2.36343326624125939e+03
1 0 0 10 4.99999999999988898e-01 4.99999999999988898e-01 0.00000000000000000e+00 25 2.48793601515732189e+03
1 0 0 11 7.50000000000024314e-01 4.99999999999989009e-01 0.00000000000000000e+00 0 -3.39810081514151463e+01
1 0 0 11 7.50000000000024314e-01 4.99999999999989009e-01 0.00000000000000000e+00 1 -5.51421900258719955e+00
1 0 0 11 7.50000000000024314e-01 4.99999999999989009e-01 0.00000000000000000e+00 2 -5.65141283589979393e-01
1 0 0 11 7.50000000000024314e-01 4.99999999999989009e-01 0.00000000000000000e+00 3 2.30081745258408121e+00
1 0 0 11 7.50000000000024314e-01 4.99999999999989009e-01 0.00000000000000000e+00 4 1.05732116163146781e+01
1 0 0 11 7.50000000000024314e-01 4.99999999999989009e-01 0.00000000000000000e+00 5 1.38168963543616741e+01
1 0 0 11 7.50000000000024314e-01 4.99999999999989009e-01 0.00000000000000000e+00 6 1.72795431021688408e+01
1 0 0 11 7.50000000000024314e-01 4.99999999999989009e-01 0.00000000000000000e+00 7 1.80625066186586523e+01
1 0 0 11 7.50000000000024314e-01 4.99999999999989009e-01 0.00000000000000000e+00 8 2.35659732781651208e+01
1 0 0 11 7.50000000000024314e-01 4.99999999999989009e-01 0.00000000000000000e+00 9 2.50206701746282647e+01
1 0 0 11 7.50000000000024314e-01 4.99999999999989009e-01 0.00000000000000000e+00 10 2.71706464786108874e+01
1 0 0 11 7.50000000000024314e-01 4.99999999999989009e-01 0.00000000000000000e+00 11 2.88405821834041483e+01
1 0 0 11 7.50000000000024314e-01 4.99999999999989009e-01 0.00000000000000000e+00 12 3.53570236802687603e+01
1 0 0 11 7.50000000000024314e-01 4.99999999999989009e-01 0.00000000000000000e+00 13 3.71149782204356242e+01
1 0 0 11 7.50000000000024314e-01 4.99999999999989009e-01 0.00000000000000000e+00 14 3.84950856716164651e+01
1 0 0 11 7.50000000000024314e-01 4.99999999999989009e-01 0.00000000000000000e+00 15 4.29227328948897977e+01
1 0 0 11 7.50000000000024314e-01 4.99999999999989009e-01 0.00000000000000000e+00 16 4.80127515916277332e+01
1 0 0 11 7.50000000000024314e-01 4.99999999999989009e-01 0.00000000000000000e+00 17 4.97938683256706867e+01
1 0 0 11 7.50000000000024314e-01 4.99999999999989009e-01 0.00000000000000000e+00 18 5.07500492632477957e+01
1 0 0 11 7.50000000000024314e-01 4.99999999999989009e-01 0.00000000000000000e+00 19 7.31699500762389476e+01
1 0 0 11 7.50000000000024314e-01 4.99999999999989009e-01 0.00000000000000000e+00 20 1.23247400933741559e+02
1 0 0 11 7.50000000000024314e-01 4.99999999999989009e-01 0.00000000000000000e+00 21 1.31039141958100060e+02
1 0 0 11 7.50000000000024314e-01 4.99999999999989009e-01 0.00000000000000000e+00 22 7.92829580278451090e+02
1 0 0 11 7.50000000000024314e-01 4.99999999999989009e-01 0.00000000000000000e+00 23 1.10584312317453009e+03
1 0 0 11 7.50000000000024314e-01 4.99999999999989009e-01 0.00000000000000000e+00 24 1.93982186587373917e+03
1 0 0 11 7.50000000000024314e-01 4.99999999999989009e-01 0.00000000000000000e+00 25 3.29409066335702801e+03
1 0 0 12 0.00000000000000000e+00 7.49999999999942601e-01 0.00000000000000000e+00 0 -4.13284823195436388e+01
1 0 0 12 0.00000000000000000e+00 7.49999999999942601e-01 0.00000000000000000e+00 1 -2.74230918156959458e+00
1 0 0 12 0.00000000000000000e+00 7.49999999999942601e-01 0.00000000000000000e+00 2 2.73152645809217232e+00
1 0 0 12 0.00000000000000000e+00 7.49999999999942601e-01 0.00000000000000000e+00 3 3.51828902672544741e+00
1 0 0 12 0.00000000000000000e+00 7.49999999999942601e-01 0.00000000000000000e+00 4 1.12031430978452509e+01
1 0 0 12 0.00000000000000000e+00 7.49999999999942601e-01 0.00000000000000000e+00 5 1.33395826981261187e+01
1 0 0 12 0.00000000000000000e+00 7.49999999999942601e-01 0.00000000000000000e+00 6 1.39565908756251602e+01
1 0 0 12 0.00000000000000000e+00 7.49999999999942601e-01 0.00000000000000000e+00 7 1.77729425233832394e+01
1 0 0 12 0.00000000000000000e+00 7.49999999999942601e-01 0.00000000000000000e+00 8 1.80200013566588524e+01
1 0 0 12 0.00000000000000000e+00 7.49999999999942601e-01 0.00000000000000000e+00 9 2.09377871191056819e+01
1 0 0 12 0.00000000000000000e+00 7.49999999999942601e-01 0.00000000000000000e+00 10 3.09581855948108533e+01
1 0 0 12 0.00000000000000000e+00 7.49999999999942601e-01 0.00000000000000000e+00 11 3.25992599606267603e+01
1 0 0 12 0.00000000000000000e+00 7.49999999999942601e-01 0.00000000000000000e+00 12 3.33654170081229537e+01
1 0 0 12 0.00000000000000000e+00 7.49999999999942601e-01 0.00000000000000000e+00 13 3.40677525693022432e+01
1 0 0 12 0.00000000000000000e+00 7.49999999999942601e-01 0.00000000000000000e+00 14 4.27502222971823969e+01
1 0 0 12 0.00000000000000000e+00 7.49999999999942601e-01 0.00000000000000000e+00 15 4.37217597195070127e+01
1 0 0 12 0.00000000000000000e+00 7.49999999999942601e-01 0.00000000000000000e+00 16 4.91461095167667779e+01
1 0 0 12 0.00000000000000000e+00 7.49999999999942601e-01 0.00000000000000000e+00 17 5.10028236160781745e+01
1 0 0 12 0.00000000000000000e+00 7.49999999999942601e-01 0.00000000000000000e+00 18 5.18677005015259525e+01
1 0 0 12 0.00000000000000000e+00 7.49999999999942601e-01 0.00000000000000000e+00 19 1.08971283984566639e+02
1 0 0 12 0.00000000000000000e+00 7.49999999999942601e-01 0.00000000000000000e+00 20 3.22373078795911510e+02
1 0 0 12 0.00000000000000000e+00 7.49999999999942601e-01 0.00000000000000000e+00 21 3.50263413488364222e+02
1 0 0 12 0.00000000000000000e+00 7.49999999999942601e-01 0.00000000000000000e+00 22 8.28156705052553093e+02
1 0 0 12 0.00000000000000000e+00 7.49999999999942601e-01 0.00000000000000000e+00 23 9.00334552426499499e+02
1 0 0 12 0.00000000000000000e+00 7.49999999999942601e-01 0.00000000000000000e+00 24 1.32532172501552031e+03
1 0 0 12 0.00000000000000000e+00 7.49999999999942601e-01 0.00000000000000000e+00 25 2.86218981848531894e+03
1 0 0 13 2.49999999999953593e-01 7.50000000000024203e-01 0.00000000000000000e+00 0 -3.27277454027971118e+01
1 0 0 13 2.49999999999953593e-01 7.50000000000024203e-01 0.00000000000000000e+00 1 -7.35475304998012014e+00
1 0 0 13 2.49999999999953593e-01 7.50000000000024203e-01 0.00000000000000000e+00 2 -3.98811184938607899e-01
1 0 0 13 2.49999999999953593e-01 7.50000000000024203e-01 0.00000000000000000e+00 3 3.03367458443910332e+00
1 0 0 13 2.49999999999953593e-01 7.50000000000024203e-01 0.00000000000000000e+00 4 1.24197266503027013e+01
1 0 0 13 2.49999999999953593e-01 7.50000000000024203e-01 0.00000000000000000e+00 5 1.38559038827145695e+01
1 0 0 13 2.49999999999953593e-01 7.50000000000024203e-01 0.00000000000000000e+00 6 1.59806054463427660e+01
1 0 0 13 2.49999999999953593e-01 7.50000000000024203e-01 0.00000000000000000e+00 7 1.74249712215930863e+01
1 0 0 13 2.49999999999953593e-01 7.50000000000024203e-01 0.00000000000000000e+00 8 1.84123026103906078e+01
1 0 0 13 2.49999999999953593e-01 7.50000000000024203e-01 0.00000000000000000e+00 9 2.48779131213811944e+01
1 0 0 13 2.49999999999953593e-01 7.50000000000024203e-01 0.00000000000000000e+00 10 2.87107682128184472e+01
1 0 0 13 2.49999999999953593e-01 7.50000000000024203e-01 0.00000000000000000e+00 11 3.20118675727685869e+01
1 0 0 13 2.49999999999953593e-01 7.50000000000024203e-01 0.00000000000000000e+00 12 3.48549100011044573e+01
1 0 0 13 2.49999999999953593e-01 7.50000000000024203e-01 0.00000000000000000e+00 13 3.59219073294592519e+01
1 0 0 13 2.49999999999953593e-01 7.50000000000024203e-01 0.00000000000000000e+00 14 3.95623522046162677e+01
1 0 0 13 2.49999999999953593e-01 7.50000000000024203e-01 0.00000000000000000e+00 15 4.02490776825020689e+01
1 0 0 13 2.49999999999953593e-01 7.50000000000024203e-01 0.00000000000000000e+00 16 4.46707700801184941e+01
1 0 0 13 2.49999999999953593e-01 7.50000000000024203e-01 0.00000000000000000e+00 17 4.89060914599085379e+01
1 0 0 13 2.49999999999953593e-01 7.50000000000024203e-01 0.00000000000000000e+00 18 5.36517063884496963e+01
1 0 0 13 2.49999999999953593e-01 7.50000000000024203e-01 0.00000000000000000e+00 19 8.93323594482145040e+01
1 0 0 13 2.49999999999953593e-01 7.50000000000024203e-01 0.00000000000000000e+00 20 1.09723983642516572e+02
1 0 0 13 2.49999999999953593e-01 7.50000000000024203e-01 0.00000000000000000e+00 21 2.31428848606285783e+02
1 0 0 13 2.49999999999953593e-01 7.50000000000024203e-01 0.00000000000000000e+00 22 7.63704317387272795e+02
1 0 0 13 2.49999999999953593e-01 7.50000000000024203e-01 0.00000000000000000e+00 23 1.05606653190358861e+03
1 0 0 13 2.49999999999953593e-01 7.50000000000024203e-01 0.00000000000000000e+00 24 1.67506884062289828e+03
1 0 0 13 2.49999999999953593e-01 7.50000000000024203e-01 0.00000000000000000e+00 25 3.23433457895514584e+03
1 0 0 14 4.99999999999989009e-01 7.50000000000024314e-01 0.00000000000000000e+00 0 -3.47780327181961226e+01
1 0 0 14 4.99999999999989009e-01 7.50000000000024314e-01 0.00000000000000000e+00 1 -5.38909426058641383e+00
1 0 0 14 4.99999999999989009e-01 7.50000000000024314e-01 0.00000000000000000e+00 2 -1.32067209771406158e+00
1 0 0 14 4.99999999999989009e-01 7.50000000000024314e-01 0.00000000000000000e+00 3 2.00126566235069614e+00
1 0 0 14 4.99999999999989009e-01 7.50000000000024314e-01 0.00000000000000000e+00 4 1.04685186112534314e+01
1 0 0 14 4.99999999999989009e-01 7.50000000000024314e-01 0.00000000000000000e+00 5 1.38139143391678214e+01
1 0 0 14 4.99999999999989009e-01 7.50000000000024314e-01 0.00000000000000000e+00 6 1.68583815434178206e+01
1 0 0 14 4.99999999999989009e-01 7.50000000000024314e-01 0.00000000000000000e+00 7 1.76638992335910814e+01
1 0 0 14 4.99999999999989009e-01 7.50000000000024314e-01 0.00000000000000000e+00 8 2.36654553457825010e+01
1 0 0 14 4.99999999999989009e-01 7.50000000000024314e-01 0.00000000000000000e+00 9 2.63308889093510672e+01
1 0 0 14 4.99999999999989009e-01 7.50000000000024314e-01 0.00000000000000000e+00 10 2.71488889377742524e+01
1 0 0 14 4.99999999999989009e-01 7.50000000000024314e-01 0.00000000000000000e+00 11 2.91618429894954652e+01
1 0 0 14 4.99999999999989009e-01 7.50000000000024314e-01 0.00000000000000000e+00 12 3.61903631795682301e+01
1 0 0 14 4.99999999999989009e-01 7.50000000000024314e-01 0.00000000000000000e+00 13 3.74268687498870563e+01
1 0 0 14 4.99999999999989009e-01 7.50000000000024314e-01 0.00000000000000000e+00 14 3.82940107743810429e+01
1 0 0 14 4.99999999999989009e-01 7.50000000000024314e-01 0.00000000000000000e+00 15 4.20229942627411219e+01
1 0 0 14 4.99999999999989009e-01 7.50000000000024314e-01 0.00000000000000000e+00 16 4.77436504171039076e+01
1 0 0 14 4.99999999999989009e-01 7.50000000000024314e-01 0.00000000000000000e+00 17 4.87431502326752835e+01
1 0 0 14 4.99999999999989009e-01 7.50000000000024314e-01 0.00000000000000000e+00 18 5.13571116593093748e+01
1 0 0 14 4.99999999999989009e-01 7.50000000000024314e-01 0.00000000000000000e+00 19 7.22158866819993932e+01
1 0 0 14 4.99999999999989009e-01 7.50000000000024314e-01 0.00000000000000000e+00 20 1.22284462100469085e+02
1 0 0 14 4.99999999999989009e-01 7.50000000000024314e-01 0.00000000000000000e+00 21 1.31695854837231792e+02
1 0 0 14 4.99999999999989009e-01 7.50000000000024314e-01 0.00000000000000000e+00 22 9.09307968652137220e+02
1 0 0 14 4.99999999999989009e-01 7.50000000000024314e-01 0.00000000000000000e+00 23 1.10304447142342133e+03
1 0 0 14 4.99999999999989009e-01 7.50000000000024314e-01 0.00000000000000000e+00 24 1.80226545477711647e+03
1 0 0 14 4.99999999999989009e-01 7.50000000000024314e-01 0.00000000000000000e+00 25 3.20773766087090735e+03
1 0 0 15 7.50000000000024203e-01 7.50000000000024203e-01 0.00000000000000000e+00 0 -4.41783017667561495e+01
1 0 0 15 7.50000000000024203e-01 7.50000000000024203e-01 0.00000000000000000e+00 1 -2.22145812939075871e+00
1 0 0 15 7.50000000000024203e-01 7.50000000000024203e-01 0.00000000000000000e+00 2 2.79245607293994169e+00
1 0 0 15 7.50000000000024203e-01 7.50000000000024203e-01 0.00000000000000000e+00 3 3.02677598994815389e+00
1 0 0 15 7.50000000000024203e-01 7.50000000000024203e-01 0.00000000000000000e+00 4 1.02441320324846430e+01
1 0 0 15 7.50000000000024203e-01 7.50000000000024203e-01 0.00000000000000000e+00 5 1.29607157505240416e+01
1 0 0 15 7.50000000000024203e-01 7.50000000000024203e-01 0.00000000000000000e+00 6 1.61778954365053877e+01
1 0 0 15 7.50000000000024203e-01 7.50000000000024203e-01 0.00000000000000000e+00 7 1.67256417642322681e+01
1 0 0 15 7.50000000000024203e-01 7.50000000000024203e-01 0.00000000000000000e+00 8 2.10055362436972324e+01
1 0 0 15 7.50000000000024203e-01 7.50000000000024203e-01 0.00000000000000000e+00 9 2.15020047153971312e+01
1 0 0 15 7.50000000000024203e-01 7.50000000000024203e-01 0.00000000000000000e+00 10 2.97702954926446992e+01
1 0 0 15 7.50000000000024203e-01 7.50000000000024203e-01 0.00000000000000000e+00 11 2.99709120511573524e+01
1 0 0 15 7.50000000000024203e-01 7.50000000000024203e-01 0.00000000000000000e+00 12 3.37305443797956244e+01
1 0 0 15 7.50000000000024203e-01 7.50000000000024203e-01 0.00000000000000000e+00 13 3.85166984943927346e+01
1 0 0 15 7.50000000000024203e-01 7.50000000000024203e-01 0.00000000000000000e+00 14 4.14438460312669932e+01
1 0 0 15 7.50000000000024203e-01 7.50000000000024203e-01 0.00000000000000000e+00 15 4.41544778840301930e+01
1 0 0 15 7.50000000000024203e-01 7.50000000000024203e-01 0.00000000000000000e+00 16 4.67701069276166521e+01
1 0 0 15 7.50000000000024203e-01 7.50000000000024203e-01 0.00000000000000000e+00 17 4.82485028208327265e+01
1 0 0 15 7.50000000000024203e-01 7.50000000000024203e-01 0.00000000000000000e+00 18 5.60654761308800289e+01
1 0 0 15 7.50000000000024203e-01 7.50000000000024203e-01 0.00000000000000000e+00 19 1.36954599098344005e+02
1 0 0 15 7.50000000000024203e-01 7.50000000000024203e-01 0.00000000000000000e+00 20 1.47204341403812833e+02
1 0 0 15 7.50000000000024203e-01 7.50000000000024203e-01 0.00000000000000000e+00 21 2.38877896120008216e+02
1 0 0 15 7.50000000000024203e-01 7.50000000000024203e-01 0.00000000000000000e+00 22 6.58424546827685504e+02
1 0 0 15 7.50000000000024203e-01 7.50000000000024203e-01 0.00000000000000000e+00 23 1.44134498158512247e+03
1 0 0 15 7.50000000000024203e-01 7.50000000000024203e-01 0.00000000000000000e+00 24 1.74580812200757600e+03
1 0 0 15 7.50000000000024203e-01 7.50000000000024203e-01 0.00000000000000000e+00 25 1.96636208433379397e+03
1 0 0 16 0.00000000000000000e+00 0.00000000000000000e+00 2.50000000000035305e-01 0 -4.13587188510965120e+01
1 0 0 16 0.00000000000000000e+00 0.00000000000000000e+00 2.50000000000035305e-01 1 -1.57469609288764767e+00
1 0 0 16 0.00000000000000000e+00 0.00000000000000000e+00 2.50000000000035305e-01 2 1.11256871269619761e+00
1 0 0 16 0.00000000000000000e+00 0.00000000000000000e+00 2.50000000000035305e-01 3 3.50182728681570055e+00
1 0 0 16 0.00000000000000000e+00 0.00000000000000000e+00 2.50000000000035305e-01 4 1.09419584151364138e+01
1 0 0 16 0.00000000000000000e+00 0.00000000000000000e+00 2.50000000000035305e-01 5 1.35486244388192070e+01
1 0 0 16 0.00000000000000000e+00 0.00000000000000000e+00 2.50000000000035305e-01 6 1.38930023870758514e+01
1 0 0 16 0.00000000000000000e+00 0.00000000000000000e+00 2.50000000000035305e-01 7 1.82687327151011019e+01
1 0 0 16 0.00000000000000000e+00 0.00000000000000000e+00 2.50000000000035305e-01 8 1.86227492961485517e+01
1 0 0 16 0.00000000000000000e+00 0.00000000000000000e+00 2.50000000000035305e-01 9 2.04680236917496536e+01
1 0 0 16 0.00000000000000000e+00 0.00000000000000000e+00 2.50000000000035305e-01 10 3.07471036208439763e+01
1 0 0 16 0.00000000000000000e+00 0.00000000000000000e+00 2.50000000000035305e-01 11 3.17016456339755521e+01
1 0 0 16 0.00000000000000000e+00 0.00000000000000000e+00 2.50000000000035305e-01 12 3.34876891677443993e+01
1 0 0 16 0.00000000000000000e+00 0.00000000000000000e+00 2.50000000000035305e-01 13 3.43957630417569860e+01
1 0 0 16 0.00000000000000000e+00 0.00000000000000000e+00 2.50000000000035305e-01 14 4.16976223776541701e+01
1 0 0 16 0.00000000000000000e+00 0.00000000000000000e+00 2.50000000000035305e-01 15 4.29603437100996288e+01
1 0 0 16 0.00000000000000000e+00 0.00000000000000000e+00 2.50000000000035305e-01 16 4.89989498927268343e+01
1 0 0 16 0.00000000000000000e+00 0.00000000000000000e+00 2.50000000000035305e-01 17 5.05131817063912720e+01
1 0 0 16 0.00000000000000000e+00 0.00000000000000000e+00 2.50000000000035305e-01 18 5.21201619678466201e+01
1 0 0 16 0.00000000000000000e+00 0.00000000000000000e+00 2.50000000000035305e-01 19 1.13679639282234149e+02
1 0 0 16 0.00000000000000000e+00 0.00000000000000000e+00 2.50000000000035305e-01 20 3.15672166802361573e+02
1 0 0 16 0.00000000000000000e+00 0.00000000000000000e+00 2.50000000000035305e-01 21 3.51475428299722921e+02
1 0 0 16 0.00000000000000000e+00 0.00000000000000000e+00 2.50000000000035305e-01 22 8.54228896619813327e+02
1 0 0 16 0.00000000000000000e+00 0.00000000000000000e+00 2.50000000000035305e-01 23 9.09980857036437101e+02
1 0 0 16 0.00000000000000000e+00 0.00000000000000000e+00 2.50000000000035305e-01 24 1.32988870263413560e+03
1 0 0 16 0.00000000000000000e+00 0.00000000000000000e+00 2.50000000000035305e-01 25 2.85692044734441424e+03
1 0 0 17 2.50000000000035305e-01 0.00000000000000000e+00 2.50000000000035305e-01 0 -4.05631584604007074e+01
1 0 0 17 2.50000000000035305e-01 0.00000000000000000e+00 2.50000000000035305e-01 1 -1.76272240828451210e+00
1 0 0 17 2.50000000000035305e-01 0.00000000000000000e+00 2.50000000000035305e-01 2 -4.59866025683125346e-01
1 0 0 17 2.50000000000035305e-01 0.00000000000000000e+00 2.50000000000035305e-01 3 2.97964044643481518e+00
1 0 0 17 2.50000000000035305e-01 0.00000000000000000e+00 2.50000000000035305e-01 4 1.07721947960345652e+01
1 0 0 17 2.50000000000035305e-01 0.00000000000000000e+00 2.50000000000035305e-01 5 1.39901245551396105e+01
1 0 0 17 2.50000000000035305e-01 0.00000000000000000e+00 2.50000000000035305e-01 6 1.61435086604616522e+01
1 0 0 17 2.50000000000035305e-01 0.00000000000000000e+00 2.50000000000035305e-01 7 1.75014293305231341e+01
1 0 0 17 2.50000000000035305e-01 0.00000000000000000e+00 2.50000000000035305e-01 8 2.01764514871787100e+01
1 0 0 17 2.50000000000035305e-01 0.00000000000000000e+00 2.50000000000035305e-01 9 2.29388796153074210e+01
1 0 0 17 2.50000000000035305e-01 0.00000000000000000e+00 2.50000000000035305e-01 10 2.90237102222474448e+01
1 0 0 17 2.50000000000035305e-01 0.00000000000000000e+00 2.50000000000035305e-01 11 3.16751128279717840e+01
1 0 0 17 2.50000000000035305e-01 0.00000000000000000e+00 2.50000000000035305e-01 12 3.33452186047602694e+01
1 0 0 17 2.50000000000035305e-01 0.00000000000000000e+00 2.50000000000035305e-01 13 3.74584688702380433e+01
1 0 0 17 2.50000000000035305e-01 0.00000000000000000e+00 2.50000000000035305e-01 14 4.08286524682386727e+01
1 0 0 17 2.50000000000035305e-01 0.00000000000000000e+00 2.50000000000035305e-01 15 4.41113060581407623e+01
1 0 0 17 2.50000000000035305e-01 0.00000000000000000e+00 2.50000000000035305e-01 16 4.76084942242292826e+01
1 0 0 17 2.50000000000035305e-01 0.00000000000000000e+00 2.50000000000035305e-01 17 4.92465415703279987e+01
1 0 0 17 2.50000000000035305e-01 0.00000000000000000e+00 2.50000000000035305e-01 18 5.57261727472744113e+01
1 0 0 17 2.50000000000035305e-01 0.00000000000000000e+00 2.50000000000035305e-01 19 1.30808309032017888e+02
1 0 0 17 2.50000000000035305e-01 0.00000000000000000e+00 2.50000000000035305e-01 20 1.53088039282802924e+02
1 0 0 17 2.50000000000035305e-01 0.00000000000000000e+00 2.50000000000035305e-01 21 2.72118892640738977e+02
1 0 0 17 2.50000000000035305e-01 0.00000000000000000e+00 2.50000000000035305e-01 22 6.60290802787629900e+02
1 0 0 17 2.50000000000035305e-01 0.00000000000000000e+00 2.50000000000035305e-01 23 1.65618475406212087e+03
1 0 0 17 2.50000000000035305e-01 0.00000000000000000e+00 2.50000000000035305e-01 24 1.69940145916136908e+03
1 0 0 17 2.50000000000035305e-01 0.00000000000000000e+00 2.50000000000035305e-01 25 1.94421672517265597e+03
1 0 0 18 4.99999999999988953e-01 0.00000000000000000e+00 2.49999999999953648e-01 0 -3.03967427282534040e+01
1 0 0 18 4.99999999999988953e-01 0.00000000000000000e+00 2.49999999999953648e-01 1 -6.47315464276543118e+00
1 0 0 18 4.99999999999988953e-01 0.00000000000000000e+00 2.49999999999953648e-01 2 1.19847750640360707e-03
1 0 0 18 4.99999999999988953e-01 0.00000000000000000e+00 2.49999999999953648e-01 3 5.73422953721086204e-01
1 0 0 18 4.99999999999988953e-01 0.00000000000000000e+00 2.49999999999953648e-01 4 1.09354639340919704e+01
1 0 0 18 4.99999999999988953e-01 0.00000000000000000e+00 2.49999999999953648e-01 5 1.38908216492615733e+01
1 0 0 18 4.99999999999988953e-01 0.00000000000000000e+00 2.49999999999953648e-01 6 1.69114312886191591e+01
1 0 0 18 4.99999999999988953e-01 0.00000000000000000e+00 2.49999999999953648e-01 7 1.81635846009801618e+01
1 0 0 18 4.99999999999988953e-01 0.00000000000000000e+00 2.49999999999953648e-01 8 2.33632281873697032e+01
1 0 0 18 4.99999999999988953e-01 0.00000000000000000e+00 2.49999999999953648e-01 9 2.59333153854074716e+01
1 0 0 18 4.99999999999988953e-01 0.00000000000000000e+00 2.49999999999953648e-01 10 2.81485174052111695e+01
1 0 0 18 4.99999999999988953e-01 0.00000000000000000e+00 2.49999999999953648e-01 11 2.86392039121077353e+01
1 0 0 18 4.99999999999988953e-01 0.00000000000000000e+00 2.49999999999953648e-01 12 3.65848156874371284e+01
1 0 0 18 4.99999999999988953e-01 0.00000000000000000e+00 2.49999999999953648e-01 13 3.71694347011883295e+01
1 0 0 18 4.99999999999988953e-01 0.00000000000000000e+00 2.49999999999953648e-01 14 3.80550104299518850e+01
1 0 0 18 4.99999999999988953e-01 0.00000000000000000e+00 2.49999999999953648e-01 15 4.24771799383027400e+01
1 0 0 18 4.99999999999988953e-01 0.00000000000000000e+00 2.49999999999953648e-01 16 4.64579110382352667e+01
1 0 0 18 4.99999999999988953e-01 0.00000000000000000e+00 2.49999999999953648e-01 17 4.85009124662997024e+01
1 0 0 18 4.99999999999988953e-01 0.00000000000000000e+00 2.49999999999953648e-01 18 5.13818397396041249e+01
1 0 0 18 4.99999999999988953e-01 0.00000000000000000e+00 2.49999999999953648e-01 19 7.35307926457270895e+01
1 0 0 18 4.99999999999988953e-01 0.00000000000000000e+00 2.49999999999953648e-01 20 1.17824623959543132e+02
1 0 0 18 4.99999999999988953e-01 0.00000000000000000e+00 2.49999999999953648e-01 21 1.30850582757997017e+02
1 0 0 18 4.99999999999988953e-01 0.00000000000000000e+00 2.49999999999953648e-01 22 8.89630007343225543e+02
1 0 0 18 4.99999999999988953e-01 0.00000000000000000e+00 2.49999999999953648e-01 23 1.10082321155302702e+03
1 0 0 18 4.99999999999988953e-01 0.00000000000000000e+00 2.49999999999953648e-01 24 1.89921931562978125e+03
1 0 0 18 4.99999999999988953e-01 0.00000000000000000e+00 2.49999999999953648e-01 25 3.16280176436359443e+03
1 0 0 19 7.50000000000024203e-01 0.00000000000000000e+00 2.49999999999953593e-01 0 -3.57544643133829467e+01
1 0 0 19 7.50000000000024203e-01 0.00000000000000000e+00 2.49999999999953593e-01 1 -3.96704730728947874e+00
1 0 0 19 7.50000000000024203e-01 0.00000000000000000e+00 2.49999999999953593e-01 2 -5.93134867512864372e-01
1 0 0 19 7.50000000000024203e-01 0.00000000000000000e+00 2.49999999999953593e-01 3 1.23457937698511633e+00
1 0 0 19 7.50000000000024203e-01 0.00000000000000000e+00 2.49999999999953593e-01 4 1.31345570800198210e+01
1 0 0 19 7.50000000000024203e-01 0.00000000000000000e+00 2.49999999999953593e-01 5 1.37590449306741185e+01
1 0 0 19 7.50000000000024203e-01 0.00000000000000000e+00 2.49999999999953593e-01 6 1.54625195412496588e+01
1 0 0 19 7.50000000000024203e-01 0.00000000000000000e+00 2.49999999999953593e-01 7 1.71062940726916679e+01
1 0 0 19 7.50000000000024203e-01 0.00000000000000000e+00 2.49999999999953593e-01 8 1.82140401145868829e+01
1 0 0 19 7.50000000000024203e-01 0.00000000000000000e+00 2.49999999999953593e-01 9 2.55443160505193454e+01
1 0 0 19 7.50000000000024203e-01 0.00000000000000000e+00 2.49999999999953593e-01 10 2.87478130791232900e+01
1 0 0 19 7.50000000000024203e-01 0.00000000000000000e+00 2.49999999999953593e-01 11 3.37438587083026889e+01
1 0 0 19 7.50000000000024203e-01 0.00000000000000000e+00 2.49999999999953593e-01 12 3.48735329879370681e+01
1 0 0 19 7.50000000000024203e-01 0.00000000000000000e+00 2.49999999999953593e-01 13 3.75477490833250513e+01
1 0 0 19 7.50000000000024203e-01 0.00000000000000000e+00 2.49999999999953593e-01 14 3.87994114120918070e+01
1 0 0 19 7.50000000000024203e-01 0.00000000000000000e+00 2.49999999999953593e-01 15 4.01446128854092095e+01
1 0 0 19 7.50000000000024203e-01 0.00000000000000000e+00 2.49999999999953593e-01 16 4.28472010651951436e+01
1 0 0 19 7.50000000000024203e-01 0.00000000000000000e+00 2.49999999999953593e-01 17 4.87297138038525617e+01
1 0 0 19 7.50000000000024203e-01 0.00000000000000000e+00 2.49999999999953593e-01 18 5.17368050134327220e+01
1 0 0 19 7.50000000000024203e-01 0.00000000000000000e+00 2.49999999999953593e-01 19 8.72179296969135009e+01
1 0 0 19 7.50000000000024203e-01 0.00000000000000000e+00 2.49999999999953593e-01 20 1.02387871232022945e+02
1 0 0 19 7.50000000000024203e-01 0.00000000000000000e+00 2.49999999999953593e-01 21 2.25449449364131652e+02
1 0 0 19 7.50000000000024203e-01 0.00000000000000000e+00 2.49999999999953593e-01 22 7.56936509081670692e+02
1 0 0 19 7.50000000000024203e-01 0.00000000000000000e+00 2.49999999999953593e-01 23 1.04673419685574618e+03
1 0 0 19 7.50000000000024203e-01 0.00000000000000000e+00 2.49999999999953593e-01 24 1.74127658200966675e+03
1 0 0 19 7.50000000000024203e-01 0.00000000000000000e+00 2.49999999999953593e-01 25 3.22857252911295245e+03
1 0 0 20 0.00000000000000000e+00 2.50000000000035305e-01 2.50000000000035305e-01 0 -4.04613693616329471e+01
1 0 0 20 0.00000000000000000e+00 2.50000000000035305e-01 2.50000000000035305e-01 1 -1.66166716588402252e+00
1 0 0 20 0.00000000000000000e+00 2.50000000000035305e-01 2.50000000000035305e-01 2 -5.93920757555037704e-01
1 0 0 20 0.00000000000000000e+00 2.50000000000035305e-01 2.50000000000035305e-01 3 2.61710669075832403e+00
1 0 0 20 0.00000000000000000e+00 2.50000000000035305e-01 2.50000000000035305e-01 4 1.00830303947592537e+01
1 0 0 20 0.00000000000000000e+00 2.50000000000035305e-01 2.50000000000035305e-01 5 1.40478562962749507e+01
1 0 0 20 0.00000000000000000e+00 2.50000000000035305e-01 2.50000000000035305e-01 6 1.62857588922842140e+01
1 0 0 20 0.00000000000000000e+00 2.50000000000035305e-01 2.50000000000035305e-01 7 1.72752650201277547e+01
1 0 0 20 0.00000000000000000e+00 2.50000000000035305e-01 2.50000000000035305e-01 8 2.03495803116587695e+01
1 0 0 20 0.00000000000000000e+00 2.50000000000035305e-01 2.50000000000035305e-01 9 2.31623053682418210e+01
1 0 0 20 0.00000000000000000e+00 2.50000000000035305e-01 2.50000000000035305e-01 10 2.90227531136106016e+01
1 0 0 20 0.00000000000000000e+00 2.50000000000035305e-01 2.50000000000035305e-01 11 3.17199253471226115e+01
1 0 0 20 0.00000000000000000e+00 2.50000000000035305e-01 2.50000000000035305e-01 12 3.28729175629058616e+01
1 0 0 20 0.00000000000000000e+00 2.50000000000035305e-01 2.50000000000035305e-01 13 3.77909630894232578e+01
1 0 0 20 0.00000000000000000e+00 2.50000000000035305e-01 2.50000000000035305e-01 14 4.06368550248647296e+01
1 0 0 20 0.00000000000000000e+00 2.50000000000035305e-01 2.50000000000035305e-01 15 4.41434332605051836e+01
1 0 0 20 0.00000000000000000e+00 2.50000000000035305e-01 2.50000000000035305e-01 16 4.72669543116742830e+01
1 0 0 20 0.00000000000000000e+00 2.50000000000035305e-01 2.50000000000035305e-01 17 4.95154293933698355e+01
1 0 0 20 0.00000000000000000e+00 2.50000000000035305e-01 2.50000000000035305e-01 18 5.50091310794962638e+01
1 0 0 20 0.00000000000000000e+00 2.50000000000035305e-01 2.50000000000035305e-01 19 1.39864016516950073e+02
1 0 0 20 0.00000000000000000e+00 2.50000000000035305e-01 2.50000000000035305e-01 20 1.46493538244056055e+02
1 0 0 20 0.00000000000000000e+00 2.50000000000035305e-01 2.50000000000035305e-01 21 2.78765587010760100e+02
1 0 0 20 0.00000000000000000e+00 2.50000000000035305e-01 2.50000000000035305e-01 22 6.54271824044970799e+02
1 0 0 20 0.00000000000000000e+00 2.50000000000035305e-01 2.50000000000035305e-01 23 1.57474491327760506e+03
1 0 0 20 0.00000000000000000e+00 2.50000000000035305e-01 2.50000000000035305e-01 24 1.69494311174452355e+03
1 0 0 20 0.00000000000000000e+00 2.50000000000035305e-01 2.50000000000035305e-01 25 1.94188946952198330e+03
1 0 0 21 2.50000000000035305e-01 2.50000000000035305e-01 2.50000000000035305e-01 0 -4.18994948102670364e+01
1 0 0 21 2.50000000000035305e-01 2.50000000000035305e-01 2.50000000000035305e-01 1 -1.80931552406391405e+00
1 0 0 21 2.50000000000035305e-01 2.50000000000035305e-01 2.50000000000035305e-01 2 5.30121470786865556e-01
1 0 0 21 2.50000000000035305e-01 2.50000000000035305e-01 2.50000000000035305e-01 3 3.43248813460986213e+00
1 0 0 21 2.50000000000035305e-01 2.50000000000035305e-01 2.50000000000035305e-01 4 1.16545759691691373e+01
1 0 0 21 2.50000000000035305e-01 2.50000000000035305e-01 2.50000000000035305e-01 5 1.36086263289804457e+01
1 0 0 21 2.50000000000035305e-01 2.50000000000035305e-01 2.50000000000035305e-01 6 1.39993463342199824e+01
1 0 0 21 2.50000000000035305e-01 2.50000000000035305e-01 2.50000000000035305e-01 7 1.80219516302933300e+01
1 0 0 21 2.50000000000035305e-01 2.50000000000035305e-01 2.50000000000035305e-01 8 1.84286201264531044e+01
1 0 0 21 2.50000000000035305e-01 2.50000000000035305e-01 2.50000000000035305e-01 9 2.02529391264175551e+01
1 0 0 21 2.50000000000035305e-01 2.50000000000035305e-01 2.50000000000035305e-01 10 3.05395411002477708e+01
1 0 0 21 2.50000000000035305e-01 2.50000000000035305e-01 2.50000000000035305e-01 11 3.22837714868580576e+01
1 0 0 21 2.50000000000035305e-01 2.50000000000035305e-01 2.50000000000035305e-01 12 3.34714558035868990e+01
1 0 0 21 2.50000000000035305e-01 2.50000000000035305e-01 2.50000000000035305e-01 13 3.47037009880658687e+01
1 0 0 21 2.50000000000035305e-01 2.50000000000035305e-01 2.50000000000035305e-01 14 4.26432957657254050e+01
1 0 0 21 2.50000000000035305e-01 2.50000000000035305e-01 2.50000000000035305e-01 15 4.35239234941397868e+01
1 0 0 21 2.50000000000035305e-01 2.50000000000035305e-01 2.50000000000035305e-01 16 5.02816763902980668e+01
1 0 0 21 2.50000000000035305e-01 2.50000000000035305e-01 2.50000000000035305e-01 17 5.13822581474428191e+01
1 0 0 21 2.50000000000035305e-01 2.50000000000035305e-01 2.50000000000035305e-01 18 5.20885279768835119e+01
1 0 0 21 2.50000000000035305e-01 2.50000000000035305e-01 2.50000000000035305e-01 19 1.15188516103785943e+02
1 0 0 21 2.50000000000035305e-01 2.50000000000035305e-01 2.50000000000035305e-01 20 3.26704310016511897e+02
1 0 0 21 2.50000000000035305e-01 2.50000000000035305e-01 2.50000000000035305e-01 21 3.40293157021458910e+02
1 0 0 21 2.50000000000035305e-01 2.50000000000035305e-01 2.50000000000035305e-01 22 7.98430571567047764e+02
1 0 0 21 2.50000000000035305e-01 2.50000000000035305e-01 2.50000000000035305e-01 23 8.58103094605883143e+02
1 0 0 21 2.50000000000035305e-01 2.50000000000035305e-01 2.50000000000035305e-01 24 1.30262280271255418e+03
1 0 0 21 2.50000000000035305e-01 2.50000000000035305e-01 2.50000000000035305e-01 25 2.81484966421794252e+03
1 0 0 22 5.00000000000070610e-01 2.50000000000035305e-01 2.50000000000035305e-01 0 -3.57484831656800921e+01
1 0 0 22 5.00000000000070610e-01 2.50000000000035305e-01 2.50000000000035305e-01 1 -3.61409051942200499e+00
1 0 0 22 5.00000000000070610e-01 2.50000000000035305e-01 2.50000000000035305e-01 2 -6.30822763720025992e-01
1 0 0 22 5.00000000000070610e-01 2.50000000000035305e-01 2.50000000000035305e-01 3 8.11683106547897659e-01
1 0 0 22 5.00000000000070610e-01 2.50000000000035305e-01 2.50000000000035305e-01 4 1.30517369679620110e+01
1 0 0 22 5.00000000000070610e-01 2.50000000000035305e-01 2.50000000000035305e-01 5 1.38244933923239746e+01
1 0 0 22 5.00000000000070610e-01 2.50000000000035305e-01 2.50000000000035305e-01 6 1.50526686799256488e+01
1 0 0 22 5.00000000000070610e-01 2.50000000000035305e-01 2.50000000000035305e-01 7 1.67810000090576743e+01
1 0 0 22 5.00000000000070610e-01 2.50000000000035305e-01 2.50000000000035305e-01 8 1.91363862889223491e+01
1 0 0 22 5.00000000000070610e-01 2.50000000000035305e-01 2.50000000000035305e-01 9 2.54310785331158904e+01
1 0 0 22 5.00000000000070610e-01 2.50000000000035305e-01 2.50000000000035305e-01 10 2.79958548183721661e+01
1 0 0 22 5.00000000000070610e-01 2.50000000000035305e-01 2.50000000000035305e-01 11 3.30366924210954238e+01
1 0 0 22 5.00000000000070610e-01 2.50000000000035305e-01 2.50000000000035305e-01 12 3.39150781244476320e+01
1 0 0 22 5.00000000000070610e-01 2.50000000000035305e-01 2.50000000000035305e-01 13 3.60694867643927992e+01
1 0 0 22 5.00000000000070610e-01 2.50000000000035305e-01 2.50000000000035305e-01 14 3.93914365167223934e+01
1 0 0 22 5.00000000000070610e-01 2.50000000000035305e-01 2.50000000000035305e-01 15 4.17220288612249135e+01
1 0 0 22 5.00000000000070610e-01 2.50000000000035305e-01 2.50000000000035305e-01 16 4.39538071425804588e+01
1 0 0 22 5.00000000000070610e-01 2.50000000000035305e-01 2.50000000000035305e-01 17 4.85582965650330323e+01
1 0 0 22 5.00000000000070610e-01 2.50000000000035305e-01 2.50000000000035305e-01 18 5.21675326458048048e+01
1 0 0 22 5.00000000000070610e-01 2.50000000000035305e-01 2.50000000000035305e-01 19 8.94019969832881145e+01
1 0 0 22 5.00000000000070610e-01 2.50000000000035305e-01 2.50000000000035305e-01 20 1.06859070398010175e+02
1 0 0 22 5.00000000000070610e-01 2.50000000000035305e-01 2.50000000000035305e-01 21 2.13833474050151722e+02
1 0 0 22 5.00000000000070610e-01 2.50000000000035305e-01 2.50000000000035305e-01 22 7.50272916170888607e+02
1 0 0 22 5.00000000000070610e-01 2.50000000000035305e-01 2.50000000000035305e-01 23 1.01277266741638505e+03
1 0 0 22 5.00000000000070610e-01 2.50000000000035305e-01 2.50000000000035305e-01 24 1.75935706436285932e+03
1 0 0 22 5.00000000000070610e-01 2.50000000000035305e-01 2.50000000000035305e-01 25 3.23730622885021785e+03
1 0 0 23 7.49999999999942601e-01 2.49999999999953648e-01 2.49999999999953648e-01 0 -2.95472649737237987e+01
1 0 0 23 7.49999999999942601e-01 2.49999999999953648e-01 2.49999999999953648e-01 1 -6.37710643046278225e+00
1 0 0 23 7.49999999999942601e-01 2.49999999999953648e-01 2.49999999999953648e-01 2 -9.73503859518847547e-01
1 0 0 23 7.49999999999942601e-01 2.49999999999953648e-01 2.49999999999953648e-01 3 8.67643356735378957e-01
1 0 0 23 7.49999999999942601e-01 2.49999999999953648e-01 2.49999999999953648e-01 4 1.09281167586585113e+01
1 0 0 23 7.49999999999942601e-01 2.49999999999953648e-01 2.49999999999953648e-01 5 1.39065767800601581e+01
1 0 0 23 7.49999999999942601e-01 2.49999999999953648e-01 2.49999999999953648e-01 6 1.64181989586204864e+01
1 0 0 23 7.49999999999942601e-01 2.49999999999953648e-01 2.49999999999953648e-01 7 1.68313053353824813e+01
1 0 0 23 7.49999999999942601e-01 2.49999999999953648e-01 2.49999999999953648e-01 8 2.35090502669507053e+01
1 0 0 23 7.49999999999942601e-01 2.49999999999953648e-01 2.49999999999953648e-01 9 2.66534854647076358e+01
1 0 0 23 7.49999999999942601e-01 2.49999999999953648e-01 2.49999999999953648e-01 10 2.82632272249338143e+01
1 0 0 23 7.49999999999942601e-01 2.49999999999953648e-01 2.49999999999953648e-01 11 2.92234078144416287e+01
1 0 0 23 7.49999999999942601e-01 2.49999999999953648e-01 2.49999999999953648e-01 12 3.50523945745323289e+01
1 0 0 23 7.49999999999942601e-01 2.49999999999953648e-01 2.49999999999953648e-01 13 3.72774414729836678e+01
1 0 0 23 7.49999999999942601e-01 2.49999999999953648e-01 2.49999999999953648e-01 14 3.82078868613614517e+01
1 0 0 23 7.49999999999942601e-01 2.49999999999953648e-01 2.49999999999953648e-01 15 4.20355239087616681e+01
1 0 0 23 7.49999999999942601e-01 2.49999999999953648e-01 2.49999999999953648e-01 16 4.75218591796723544e+01
1 0 0 23 7.49999999999942601e-01 2.49999999999953648e-01 2.49999999999953648e-01 17 4.82173268201555416e+01
1 0 0 23 7.49999999999942601e-01 2.49999999999953648e-01 2.49999999999953648e-01 18 5.21197719525606331e+01
1 0 0 23 7.49999999999942601e-01 2.49999999999953648e-01 2.49999999999953648e-01 19 7.36250725702790874e+01
1 0 0 23 7.49999999999942601e-01 2.49999999999953648e-01 2.49999999999953648e-01 20 1.22090911152803557e+02
1 0 0 23 7.49999999999942601e-01 2.49999999999953648e-01 2.49999999999953648e-01 21 1.31647175933391793e+02
1 0 0 23 7.49999999999942601e-01 2.49999999999953648e-01 2.49999999999953648e-01 22 8.68503572489320845e+02
1 0 0 23 7.49999999999942601e-01 2.49999999999953648e-01 2.49999999999953648e-01 23 1.08316876242581088e+03
1 0 0 23 7.49999999999942601e-01 2.49999999999953648e-01 2.49999999999953648e-01 24 1.82615554576495151e+03
1 0 0 23 7.49999999999942601e-01 2.49999999999953648e-01 2.49999999999953648e-01 25 3.36814464783142785e+03
1 0 0 24 0.00000000000000000e+00 4.99999999999988953e-01 2.49999999999953648e-01 0 -2.96544329532808675e+01
1 0 0 24 0.00000000000000000e+00 4.99999999999988953e-01 2.49999999999953648e-01 1 -7.09692371241028397e+00
1 0 0 24 0.00000000000000000e+00 4.99999999999988953e-01 2.49999999999953648e-01 2 -4.04971582650243078e-01
1 0 0 24 0.00000000000000000e+00 4.99999999999988953e-01 2.49999999999953648e-01 3 1.84967224555559273e+00
1 0 0 24 0.00000000000000000e+00 4.99999999999988953e-01 2.49999999999953648e-01 4 1.13728138206363703e+01
1 0 0 24 0.00000000000000000e+00 4.99999999999988953e-01 2.49999999999953648e-01 5 1.36830297358994137e+01
1 0 0 24 0.00000000000000000e+00 4.99999999999988953e-01 2.49999999999953648e-01 6 1.68483950666370035e+01
1 0 0 24 0.00000000000000000e+00 4.99999999999988953e-01 2.49999999999953648e-01 7 1.80226914014482311e+01
1 0 0 24 0.00000000000000000e+00 4.99999999999988953e-01 2.49999999999953648e-01 8 2.30931485445727489e+01
1 0 0 24 0.00000000000000000e+00 4.99999999999988953e-01 2.49999999999953648e-01 9 2.48825571717422918e+01
1 0 0 24 0.00000000000000000e+00 4.99999999999988953e-01 2.49999999999953648e-01 10 2.80769578205913248e+01
1 0 0 24 0.00000000000000000e+00 4.99999999999988953e-01 2.49999999999953648e-01 11 2.90172057108256283e+01
1 0 0 24 0.00000000000000000e+00 4.99999999999988953e-01 2.49999999999953648e-01 12 3.56792859783361678e+01
1 0 0 24 0.00000000000000000e+00 4.99999999999988953e-01 2.49999999999953648e-01 13 3.76251417961306203e+01
1 0 0 24 0.00000000000000000e+00 4.99999999999988953e-01 2.49999999999953648e-01 14 3.88493006842984627e+01
1 0 0 24 0.00000000000000000e+00 4.99999999999988953e-01 2.49999999999953648e-01 15 4.23522184452220571e+01
1 0 0 24 0.00000000000000000e+00 4.99999999999988953e-01 2.49999999999953648e-01 16 4.70949301069053092e+01
1 0 0 24 0.00000000000000000e+00 4.99999999999988953e-01 2.49999999999953648e-01 17 4.91348401936249815e+01
1 0 0 24 0.00000000000000000e+00 4.99999999999988953e-01 2.49999999999953648e-01 18 5.11388094189681794e+01
1 0 0 24 0.00000000000000000e+00 4.99999999999988953e-01 2.49999999999953648e-01 19 7.18167685560373599e+01
1 0 0 24 0.00000000000000000e+00 4.99999999999988953e-01 2.49999999999953648e-01 20 1.16393345720779180e+02
1 0 0 24 0.00000000000000000e+00 4.99999999999988953e-01 2.49999999999953648e-01 21 1.28200003155892034e+02
1 0 0 24 0.00000000000000000e+00 4.99999999999988953e-01 2.49999999999953648e-01 22 8.66937744886972951e+02
1 0 0 24 0.00000000000000000e+00 4.99999999999988953e-01 2.49999999999953648e-01 23 1.05065704479288524e+03
1 0 0 24 0.00000000000000000e+00 4.99999999999988953e-01 2.49999999999953648e-01 24 1.94053371927199078e+03
1 0 0 24 0.00000000000000000e+00 4.99999999999988953e-01 2.49999999999953648e-01 25 3.26516021411339261e+03
1 0 0 25 2.50000000000035305e-01 5.00000000000070610e-01 2.50000000000035305e-01 0 -3.58451759148259441e+01
1 0 0 25 2.50000000000035305e-01 5.00000000000070610e-01 2.50000000000035305e-01 1 -4.97503231474482543e+00
1 0 0 25 2.50000000000035305e-01 5.00000000000070610e-01 2.50000000000035305e-01 2 3.96419878073236476e-01
1 0 0 25 2.50000000000035305e-01 5.00000000000070610e-01 2.50000000000035305e-01 3 1.99670642955531141e+00
1 0 0 25 2.50000000000035305e-01 5.00000000000070610e-01 2.50000000000035305e-01 4 1.32964308804189262e+01
1 0 0 25 2.50000000000035305e-01 5.00000000000070610e-01 2.50000000000035305e-01 5 1.38455135491420744e+01
1 0 0 25 2.50000000000035305e-01 5.00000000000070610e-01 2.50000000000035305e-01 6 1.56316826943288927e+01
1 0 0 25 2.50000000000035305e-01 5.00000000000070610e-01 2.50000000000035305e-01 7 1.73297971779642204e+01
1 0 0 25 2.50000000000035305e-01 5.00000000000070610e-01 2.50000000000035305e-01 8 1.89033746104308058e+01
1 0 0 25 2.50000000000035305e-01 5.00000000000070610e-01 2.50000000000035305e-01 9 2.45700444618749145e+01
1 0 0 25 2.50000000000035305e-01 5.00000000000070610e-01 2.50000000000035305e-01 10 2.78933890786968135e+01
1 0 0 25 2.50000000000035305e-01 5.00000000000070610e-01 2.50000000000035305e-01 11 3.27716364297452856e+01
1 0 0 25 2.50000000000035305e-01 5.00000000000070610e-01 2.50000000000035305e-01 12 3.43796145782811635e+01
1 0 0 25 2.50000000000035305e-01 5.00000000000070610e-01 2.50000000000035305e-01 13 3.53712330921354763e+01
1 0 0 25 2.50000000000035305e-01 5.00000000000070610e-01 2.50000000000035305e-01 14 3.81991647659773150e+01
1 0 0 25 2.50000000000035305e-01 5.00000000000070610e-01 2.50000000000035305e-01 15 4.22096902963820781e+01
1 0 0 25 2.50000000000035305e-01 5.00000000000070610e-01 2.50000000000035305e-01 16 4.44493332016175486e+01
1 0 0 25 2.50000000000035305e-01 5.00000000000070610e-01 2.50000000000035305e-01 17 4.84287719011099469e+01
1 0 0 25 2.50000000000035305e-01 5.00000000000070610e-01 2.50000000000035305e-01 18 5.30424958301922373e+01
1 0 0 25 2.50000000000035305e-01 5.00000000000070610e-01 2.50000000000035305e-01 19 8.46370969710661569e+01
1 0 0 25 2.50000000000035305e-01 5.00000000000070610e-01 2.50000000000035305e-01 20 1.07691890176002147e+02
1 0 0 25 2.50000000000035305e-01 5.00000000000070610e-01 2.50000000000035305e-01 21 2.26385681200295352e+02
1 0 0 25 2.50000000000035305e-01 5.00000000000070610e-01 2.50000000000035305e-01 22 7.53465897498348340e+02
1 0 0 25 2.50000000000035305e-01 5.00000000000070610e-01 2.50000000000035305e-01 23 9.85381071147777675e+02
1 0 0 25 2.50000000000035305e-01 5.00000000000070610e-01 2.50000000000035305e-01 24 1.68634990400798824e+03
1 0 0 25 2.50000000000035305e-01 5.00000000000070610e-01 2.50000000000035305e-01 25 3.29870543450701553e+03
1 0 0 26 4.99999999999988953e-01 4.99999999999988953e-01 2.50000000000035305e-01 0 -3.55988612120991874e+01
1 0 0 26 4.99999999999988953e-01 4.99999999999988953e-01 2.50000000000035305e-01 1 -5.79301109624880972e+00
1 0 0 26 4.99999999999988953e-01 4.99999999999988953e-01 2.50000000000035305e-01 2 -5.95359867525859343e-01
1 0 0 26 4.99999999999988953e-01 4.99999999999988953e-01 2.50000000000035305e-01 3 1.85715386071193578e+00
1 0 0 26 4.99999999999988953e-01 4.99999999999988953e-01 2.50000000000035305e-01 4 1.06879014235624989e+01
1 0 0 26 4.99999999999988953e-01 4.99999999999988953e-01 2.50000000000035305e-01 5 1.33137047176974299e+01
1 0 0 26 4.99999999999988953e-01 4.99999999999988953e-01 2.50000000000035305e-01 6 1.68692004114714322e+01
1 0 0 26 4.99999999999988953e-01 4.99999999999988953e-01 2.50000000000035305e-01 7 1.77115391122554833e+01
1 0 0 26 4.99999999999988953e-01 4.99999999999988953e-01 2.50000000000035305e-01 8 2.36837229716803854e+01
1 0 0 26 4.99999999999988953e-01 4.99999999999988953e-01 2.50000000000035305e-01 9 2.48828203459229051e+01
1 0 0 26 4.99999999999988953e-01 4.99999999999988953e-01 2.50000000000035305e-01 10 2.71490288778856090e+01
1 0 0 26 4.99999999999988953e-01 4.99999999999988953e-01 2.50000000000035305e-01 11 2.85519120170344003e+01
1 0 0 26 4.99999999999988953e-01 4.99999999999988953e-01 2.50000000000035305e-01 12 3.59282525339237679e+01
1 0 0 26 4.99999999999988953e-01 4.99999999999988953e-01 2.50000000000035305e-01 13 3.80961726181834734e+01
1 0 0 26 4.99999999999988953e-01 4.99999999999988953e-01 2.50000000000035305e-01 14 3.91117872146989569e+01
1 0 0 26 4.99999999999988953e-01 4.99999999999988953e-01 2.50000000000035305e-01 15 4.19319619459423407e+01
1 0 0 26 4.99999999999988953e-01 4.99999999999988953e-01 2.50000000000035305e-01 16 4.67990902353249538e+01
1 0 0 26 4.99999999999988953e-01 4.99999999999988953e-01 2.50000000000035305e-01 17 4.93233787881586068e+01
1 0 0 26 4.99999999999988953e-01 4.99999999999988953e-01 2.50000000000035305e-01 18 5.20450134815525018e+01
1 0 0 26 4.99999999999988953e-01 4.99999999999988953e-01 2.50000000000035305e-01 19 7.36324127985099324e+01
1 0 0 26 4.99999999999988953e-01 4.99999999999988953e-01 2.50000000000035305e-01 20 1.19019105836028558e+02
1 0 0 26 4.99999999999988953e-01 4.99999999999988953e-01 2.50000000000035305e-01 21 1.30715109206253260e+02
1 0 0 26 4.99999999999988953e-01 4.99999999999988953e-01 2.50000000000035305e-01 22 9.09665481785828661e+02
1 0 0 26 4.99999999999988953e-01 4.99999999999988953e-01 2.50000000000035305e-01 23 1.09396315758026435e+03
1 0 0 26 4.99999999999988953e-01 4.99999999999988953e-01 2.50000000000035305e-01 24 1.83744524144730553e+03
1 0 0 26 4.99999999999988953e-01 4.99999999999988953e-01 2.50000000000035305e-01 25 3.41619071246421981e+03
1 0 0 27 7.50000000000024203e-01 4.99999999999988898e-01 2.50000000000035305e-01 0 -2.89465378662899440e+01
1 0 0 27 7.50000000000024203e-01 4.99999999999988898e-01 2.50000000000035305e-01 1 -5.80294292458339367e+00
1 0 0 27 7.50000000000024203e-01 4.99999999999988898e-01 2.50000000000035305e-01 2 -1.48330301784532703e+00
1 0 0 27 7.50000000000024203e-01 4.99999999999988898e-01 2.50000000000035305e-01 3 2.50631780873806047e-02
1 0 0 27 7.50000000000024203e-01 4.99999999999988898e-01 2.50000000000035305e-01 4 1.22561248649676191e+01
1 0 0 27 7.50000000000024203e-01 4.99999999999988898e-01 2.50000000000035305e-01 5 1.34911641912114320e+01
1 0 0 27 7.50000000000024203e-01 4.99999999999988898e-01 2.50000000000035305e-01 6 1.58260142834577646e+01
1 0 0 27 7.50000000000024203e-01 4.99999999999988898e-01 2.50000000000035305e-01 7 1.79037517960813375e+01
1 0 0 27 7.50000000000024203e-01 4.99999999999988898e-01 2.50000000000035305e-01 8 2.31299497404644647e+01
1 0 0 27 7.50000000000024203e-01 4.99999999999988898e-01 2.50000000000035305e-01 9 2.46925653012419950e+01
1 0 0 27 7.50000000000024203e-01 4.99999999999988898e-01 2.50000000000035305e-01 10 2.88452598549464803e+01
1 0 0 27 7.50000000000024203e-01 4.99999999999988898e-01 2.50000000000035305e-01 11 3.09875704663972407e+01
1 0 0 27 7.50000000000024203e-01 4.99999999999988898e-01 2.50000000000035305e-01 12 3.60626384745886526e+01
1 0 0 27 7.50000000000024203e-01 4.99999999999988898e-01 2.50000000000035305e-01 13 3.75673112375992631e+01
1 0 0 27 7.50000000000024203e-01 4.99999999999988898e-01 2.50000000000035305e-01 14 3.97710173916309202e+01
1 0 0 27 7.50000000000024203e-01 4.99999999999988898e-01 2.50000000000035305e-01 15 4.14246387233248328e+01
1 0 0 27 7.50000000000024203e-01 4.99999999999988898e-01 2.50000000000035305e-01 16 4.32515441603686526e+01
1 0 0 27 7.50000000000024203e-01 4.99999999999988898e-01 2.50000000000035305e-01 17 4.46854223732114590e+01
1 0 0 27 7.50000000000024203e-01 4.99999999999988898e-01 2.50000000000035305e-01 18 5.36514338476731254e+01
1 0 0 27 7.50000000000024203e-01 4.99999999999988898e-01 2.50000000000035305e-01 19 5.72460566398439568e+01
1 0 0 27 7.50000000000024203e-01 4.99999999999988898e-01 2.50000000000035305e-01 20 9.27529767937433860e+01
1 0 0 27 7.50000000000024203e-01 4.99999999999988898e-01 2.50000000000035305e-01 21 9.90513649677570669e+01
1 0 0 27 7.50000000000024203e-01 4.99999999999988898e-01 2.50000000000035305e-01 22 1.31803036219992418e+03
1 0 0 27 7.50000000000024203e-01 4.99999999999988898e-01 2.50000000000035305e-01 23 1.45728467574456386e+03
1 0 0 27 7.50000000000024203e-01 4.99999999999988898e-01 2.50000000000035305e-01 24 2.44938584646333902e+03
1 0 0 27 7.50000000000024203e-01 4.99999999999988898e-01 2.50000000000035305e-01 25 2.53879302663271301e+03
1 0 0 28 0.00000000000000000e+00 7.50000000000024203e-01 2.49999999999953593e-01 0 -3.62365807134282676e+01
1 0 0 28 0.00000000000000000e+00 7.50000000000024203e-01 2.49999999999953593e-01 1 -3.53492708587602245e+00
1 0 0 28 0.00000000000000000e+00 7.50000000000024203e-01 2.49999999999953593e-01 2 -1.10309501604676730e-01
1 0 0 28 0.00000000000000000e+00 7.50000000000024203e-01 2.49999999999953593e-01 3 2.04355278317024913e+00
1 0 0 28 0.00000000000000000e+00 7.50000000000024203e-01 2.49999999999953593e-01 4 1.31592226551948226e+01
1 0 0 28 0.00000000000000000e+00 7.50000000000024203e-01 2.49999999999953593e-01 5 1.38563949072240398e+01
1 0 0 28 0.00000000000000000e+00 7.50000000000024203e-01 2.49999999999953593e-01 6 1.58024887672567651e+01
1 0 0 28 0.00000000000000000e+00 7.50000000000024203e-01 2.49999999999953593e-01 7 1.68789540952419088e+01
1 0 0 28 0.00000000000000000e+00 7.50000000000024203e-01 2.49999999999953593e-01 8 1.82574366792059273e+01
1 0 0 28 0.00000000000000000e+00 7.50000000000024203e-01 2.49999999999953593e-01 9 2.54714969018617730e+01
1 0 0 28 0.00000000000000000e+00 7.50000000000024203e-01 2.49999999999953593e-01 10 2.82043528923905704e+01
1 0 0 28 0.00000000000000000e+00 7.50000000000024203e-01 2.49999999999953593e-01 11 3.26619141086683555e+01
1 0 0 28 0.00000000000000000e+00 7.50000000000024203e-01 2.49999999999953593e-01 12 3.41596880901536863e+01
1 0 0 28 0.00000000000000000e+00 7.50000000000024203e-01 2.49999999999953593e-01 13 3.57694214759702547e+01
1 0 0 28 0.00000000000000000e+00 7.50000000000024203e-01 2.49999999999953593e-01 14 3.96000496631672618e+01
1 0 0 28 0.00000000000000000e+00 7.50000000000024203e-01 2.49999999999953593e-01 15 4.14766147506362870e+01
1 0 0 28 0.00000000000000000e+00 7.50000000000024203e-01 2.49999999999953593e-01 16 4.45636657514586574e+01
1 0 0 28 0.00000000000000000e+00 7.50000000000024203e-01 2.49999999999953593e-01 17 4.87612436713599493e+01
1 0 0 28 0.00000000000000000e+00 7.50000000000024203e-01 2.49999999999953593e-01 18 5.21708704656437519e+01
1 0 0 28 0.00000000000000000e+00 7.50000000000024203e-01 2.49999999999953593e-01 19 8.38300505855451235e+01
1 0 0 28 0.00000000000000000e+00 7.50000000000024203e-01 2.49999999999953593e-01 20 1.04543118473054136e+02
1 0 0 28 0.00000000000000000e+00 7.50000000000024203e-01 2.49999999999953593e-01 21 2.32340612067548761e+02
1 0 0 28 0.00000000000000000e+00 7.50000000000024203e-01 2.49999999999953593e-01 22 6.76117815847313182e+02
1 0 0 28 0.00000000000000000e+00 7.50000000000024203e-01 2.49999999999953593e-01 23 9.56453511969971260e+02
1 0 0 28 0.00000000000000000e+00 7.50000000000024203e-01 2.49999999999953593e-01 24 1.78351617126121528e+03
1 0 0 28 0.00000000000000000e+00 7.50000000000024203e-01 2.49999999999953593e-01 25 3.31451259936502311e+03
1 0 0 29 2.49999999999953648e-01 7.49999999999942601e-01 2.49999999999953648e-01 0 -3.09541288672672010e+01
1 0 0 29 2.49999999999953648e-01 7.49999999999942601e-01 2.49999999999953648e-01 1 -6.14270054930541232e+00
1 0 0 29 2.49999999999953648e-01 7.49999999999942601e-01 2.49999999999953648e-01 2 -5.16223089110268596e-01
1 0 0 29 2.49999999999953648e-01 7.49999999999942601e-01 2.49999999999953648e-01 3 2.60854216383210202e+00
1 0 0 29 2.49999999999953648e-01 7.49999999999942601e-01 2.49999999999953648e-01 4 1.11836427337188944e+01
1 0 0 29 2.49999999999953648e-01 7.49999999999942601e-01 2.49999999999953648e-01 5 1.39184337312017679e+01
1 0 0 29 2.49999999999953648e-01 7.49999999999942601e-01 2.49999999999953648e-01 6 1.65984640531087386e+01
1 0 0 29 2.49999999999953648e-01 7.49999999999942601e-01 2.49999999999953648e-01 7 1.78892649795235243e+01
1 0 0 29 2.49999999999953648e-01 7.49999999999942601e-01 2.49999999999953648e-01 8 2.35903564406967376e+01
1 0 0 29 2.49999999999953648e-01 7.49999999999942601e-01 2.49999999999953648e-01 9 2.57506690762852379e+01
1 0 0 29 2.49999999999953648e-01 7.49999999999942601e-01 2.49999999999953648e-01 10 2.74807296675303441e+01
1 0 0 29 2.49999999999953648e-01 7.49999999999942601e-01 2.49999999999953648e-01 11 2.91956254873264989e+01
1 0 0 29 2.49999999999953648e-01 7.49999999999942601e-01 2.49999999999953648e-01 12 3.49654976334326193e+01
1 0 0 29 2.49999999999953648e-01 7.49999999999942601e-01 2.49999999999953648e-01 13 3.69310211557757242e+01
1 0 0 29 2.49999999999953648e-01 7.49999999999942601e-01 2.49999999999953648e-01 14 3.78290420418144606e+01
1 0 0 29 2.49999999999953648e-01 7.49999999999942601e-01 2.49999999999953648e-01 15 4.21786946141136880e+01
1 0 0 29 2.49999999999953648e-01 7.49999999999942601e-01 2.49999999999953648e-01 16 4.71184340675561870e+01
1 0 0 29 2.49999999999953648e-01 7.49999999999942601e-01 2.49999999999953648e-01 17 4.85378496134504474e+01
1 0 0 29 2.49999999999953648e-01 7.49999999999942601e-01 2.49999999999953648e-01 18 5.29709114925308242e+01
1 0 0 29 2.49999999999953648e-01 7.49999999999942601e-01 2.49999999999953648e-01 19 7.12199801771434267e+01
1 0 0 29 2.49999999999953648e-01 7.49999999999942601e-01 2.49999999999953648e-01 20 1.18378283027454614e+02
1 0 0 29 2.49999999999953648e-01 7.49999999999942601e-01 2.49999999999953648e-01 21 1.27277546558302575e+02
1 0 0 29 2.49999999999953648e-01 7.49999999999942601e-01 2.49999999999953648e-01 22 8.90053986578319041e+02
1 0 0 29 2.49999999999953648e-01 7.49999999999942601e-01 2.49999999999953648e-01 23 1.12829629113253873e+03
1 0 0 29 2.49999999999953648e-01 7.49999999999942601e-01 2.49999999999953648e-01 24 1.81107899374602493e+03
1 0 0 29 2.49999999999953648e-01 7.49999999999942601e-01 2.49999999999953648e-01 25 3.37268988978332436e+03
1 0 0 30 4.99999999999988898e-01 7.50000000000024203e-01 2.50000000000035305e-01 0 -3.07238203201455455e+01
1 0 0 30 4.99999999999988898e-01 7.50000000000024203e-01 2.50000000000035305e-01 1 -5.14623116426288618e+00
1 0 0 30 4.99999999999988898e-01 7.50000000000024203e-01 2.50000000000035305e-01 2 -1.65397686868652682e+00
1 0 0 30 4.99999999999988898e-01 7.50000000000024203e-01 2.50000000000035305e-01 3 -4.03984937987929393e-01
1 0 0 30 4.99999999999988898e-01 7.50000000000024203e-01 2.50000000000035305e-01 4 1.25380326733228955e+01
1 0 0 30 4.99999999999988898e-01 7.50000000000024203e-01 2.50000000000035305e-01 5 1.35912578787686886e+01
1 0 0 30 4.99999999999988898e-01 7.50000000000024203e-01 2.50000000000035305e-01 6 1.67164942142959276e+01
1 0 0 30 4.99999999999988898e-01 7.50000000000024203e-01 2.50000000000035305e-01 7 1.81006669448866582e+01
1 0 0 30 4.99999999999988898e-01 7.50000000000024203e-01 2.50000000000035305e-01 8 2.38000303661378396e+01
1 0 0 30 4.99999999999988898e-01 7.50000000000024203e-01 2.50000000000035305e-01 9 2.54761935115198277e+01
1 0 0 30 4.99999999999988898e-01 7.50000000000024203e-01 2.50000000000035305e-01 10 2.85221714405267512e+01
1 0 0 30 4.99999999999988898e-01 7.50000000000024203e-01 2.50000000000035305e-01 11 3.06597250045526444e+01
1 0 0 30 4.99999999999988898e-01 7.50000000000024203e-01 2.50000000000035305e-01 12 3.60077616001227341e+01
1 0 0 30 4.99999999999988898e-01 7.50000000000024203e-01 2.50000000000035305e-01 13 3.76396084647690046e+01
1 0 0 30 4.99999999999988898e-01 7.50000000000024203e-01 2.50000000000035305e-01 14 3.96734506235687476e+01
1 0 0 30 4.99999999999988898e-01 7.50000000000024203e-01 2.50000000000035305e-01 15 4.13005944415261439e+01
1 0 0 30 4.99999999999988898e-01 7.50000000000024203e-01 2.50000000000035305e-01 16 4.28710999971880469e+01
1 0 0 30 4.99999999999988898e-01 7.50000000000024203e-01 2.50000000000035305e-01 17 4.44363576348085374e+01
1 0 0 30 4.99999999999988898e-01 7.50000000000024203e-01 2.50000000000035305e-01 18 5.39921284283842056e+01
1 0 0 30 4.99999999999988898e-01 7.50000000000024203e-01 2.50000000000035305e-01 19 5.81447961431716678e+01
1 0 0 30 4.99999999999988898e-01 7.50000000000024203e-01 2.50000000000035305e-01 20 9.26438764297694775e+01
1 0 0 30 4.99999999999988898e-01 7.50000000000024203e-01 2.50000000000035305e-01 21 9.74349633564531814e+01
1 0 0 30 4.99999999999988898e-01 7.50000000000024203e-01 2.50000000000035305e-01 22 1.34102569420484201e+03
1 0 0 30 4.99999999999988898e-01 7.50000000000024203e-01 2.50000000000035305e-01 23 1.53371301495716148e+03
1 0 0 30 4.99999999999988898e-01 7.50000000000024203e-01 2.50000000000035305e-01 24 2.30135806834133246e+03
1 0 0 30 4.99999999999988898e-01 7.50000000000024203e-01 2.50000000000035305e-01 25 2.51636921731938901e+03
1 0 0 31 7.50000000000024314e-01 7.50000000000024314e-01 2.50000000000035305e-01 0 -3.59929584482197029e+01
1 0 0 31 7.50000000000024314e-01 7.50000000000024314e-01 2.50000000000035305e-01 1 -4.86720468564867925e+00
1 0 0 31 7.50000000000024314e-01 7.50000000000024314e-01 2.50000000000035305e-01 2 -1.11725998082187128e+00
1 0 0 31 7.50000000000024314e-01 7.50000000000024314e-01 2.50000000000035305e-01 3 2.10333819252656573e+00
1 0 0 31 7.50000000000024314e-01 7.50000000000024314e-01 2.50000000000035305e-01 4 1.03929815133030150e+01
1 0 0 31 7.50000000000024314e-01 7.50000000000024314e-01 2.50000000000035305e-01 5 1.38841357405504660e+01
1 0 0 31 7.50000000000024314e-01 7.50000000000024314e-01 2.50000000000035305e-01 6 1.66542446067823988e+01
1 0 0 31 7.50000000000024314e-01 7.50000000000024314e-01 2.50000000000035305e-01 7 1.74230140135284763e+01
1 0 0 31 7.50000000000024314e-01 7.50000000000024314e-01 2.50000000000035305e-01 8 2.40917105996346983e+01
1 0 0 31 7.50000000000024314e-01 7.50000000000024314e-01 2.50000000000035305e-01 9 2.60536348513800604e+01
1 0 0 31 7.50000000000024314e-01 7.50000000000024314e-01 2.50000000000035305e-01 10 2.76560355406560383e+01
1 0 0 31 7.50000000000024314e-01 7.50000000000024314e-01 2.50000000000035305e-01 11 2.91580635640556203e+01
1 0 0 31 7.50000000000024314e-01 7.50000000000024314e-01 2.50000000000035305e-01 12 3.62860512037619927e+01
1 0 0 31 7.50000000000024314e-01 7.50000000000024314e-01 2.50000000000035305e-01 13 3.74636614569068414e+01
1 0 0 31 7.50000000000024314e-01 7.50000000000024314e-01 2.50000000000035305e-01 14 3.82903995314554706e+01
1 0 0 31 7.50000000000024314e-01 7.50000000000024314e-01 2.50000000000035305e-01 15 4.17089779592157228e+01
1 0 0 31 7.50000000000024314e-01 7.50000000000024314e-01 2.50000000000035305e-01 16 4.62666361730383997e+01
1 0 0 31 7.50000000000024314e-01 7.50000000000024314e-01 2.50000000000035305e-01 17 4.77409430070223522e+01
1 0 0 31 7.50000000000024314e-01 7.50000000000024314e-01 2.50000000000035305e-01 18 5.28596321007569259e+01
1 0 0 31 7.50000000000024314e-01 7.50000000000024314e-01 2.50000000000035305e-01 19 7.16375565969696737e+01
1 0 0 31 7.50000000000024314e-01 7.50000000000024314e-01 2.50000000000035305e-01 20 1.23609352587637716e+02
1 0 0 31 7.50000000000024314e-01 7.50000000000024314e-01 2.50000000000035305e-01 21 1.29025892149174837e+02
1 0 0 31 7.50000000000024314e-01 7.50000000000024314e-01 2.50000000000035305e-01 22 8.77368645097127455e+02
1 0 0 31 7.50000000000024314e-01 7.50000000000024314e-01 2.50000000000035305e-01 23 1.06556524761410833e+03
1 0 0 31 7.50000000000024314e-01 7.50000000000024314e-01 2.50000000000035305e-01 24 1.74468682324579049e+03
1 0 0 31 7.50000000000024314e-01 7.50000000000024314e-01 2.50000000000035305e-01 25 3.40751555197822609e+03
1 0 0 32 0.00000000000000000e+00 0.00000000000000000e+00 5.00000000000070610e-01 0 -3.47637038467929571e+01
1 0 0 32 0.00000000000000000e+00 0.00000000000000000e+00 5.00000000000070610e-01 1 -7.64718825603114638e+00
1 0 0 32 0.00000000000000000e+00 0.00000000000000000e+00 5.00000000000070610e-01 2 9.93219403246059951e-01
1 0 0 32 0.00000000000000000e+00 0.00000000000000000e+00 5.00000000000070610e-01 3 3.45125925431408254e+00
1 0 0 32 0.00000000000000000e+00 0.00000000000000000e+00 5.00000000000070610e-01 4 1.00708425499701182e+01
1 0 0 32 0.00000000000000000e+00 0.00000000000000000e+00 5.00000000000070610e-01 5 1.35620879761071080e+01
1 0 0 32 0.00000000000000000e+00 0.00000000000000000e+00 5.00000000000070610e-01 6 1.39056988597572992e+01
1 0 0 32 0.00000000000000000e+00 0.00000000000000000e+00 5.00000000000070610e-01 7 2.29049321432122390e+01
1 0 0 32 0.00000000000000000e+00 0.00000000000000000e+00 5.00000000000070610e-01 8 2.35784140956193333e+01
1 0 0 32 0.00000000000000000e+00 0.00000000000000000e+00 5.00000000000070610e-01 9 2.45215264397027575e+01
1 0 0 32 0.00000000000000000e+00 0.00000000000000000e+00 5.00000000000070610e-01 10 2.73424024761953497e+01
1 0 0 32 0.00000000000000000e+00 0.00000000000000000e+00 5.00000000000070610e-01 11 2.83415879298544198e+01
1 0 0 32 0.00000000000000000e+00 0.00000000000000000e+00 5.00000000000070610e-01 12 2.86771553610020398e+01
1 0 0 32 0.00000000000000000e+00 0.00000000000000000e+00 5.00000000000070610e-01 13 3.94759046834795342e+01
1 0 0 32 0.00000000000000000e+00 0.00000000000000000e+00 5.00000000000070610e-01 14 4.03098988354713512e+01
1 0 0 32 0.00000000000000000e+00 0.00000000000000000e+00 5.00000000000070610e-01 15 4.25139232031500427e+01
1 0 0 32 0.00000000000000000e+00 0.00000000000000000e+00 5.00000000000070610e-01 16 4.43298530639646700e+01
1 0 0 32 0.00000000000000000e+00 0.00000000000000000e+00 5.00000000000070610e-01 17 4.91980724963217924e+01
1 0 0 32 0.00000000000000000e+00 0.00000000000000000e+00 5.00000000000070610e-01 18 5.20188395710735492e+01
1 0 0 32 0.00000000000000000e+00 0.00000000000000000e+00 5.00000000000070610e-01 19 6.70829248775153530e+01
1 0 0 32 0.00000000000000000e+00 0.00000000000000000e+00 5.00000000000070610e-01 20 2.94698628760172483e+02
1 0 0 32 0.00000000000000000e+00 0.00000000000000000e+00 5.00000000000070610e-01 21 3.13779221486957226e+02
1 0 0 32 0.00000000000000000e+00 0.00000000000000000e+00 5.00000000000070610e-01 22 5.49375462283295633e+02
1 0 0 32 0.00000000000000000e+00 0.00000000000000000e+00 5.00000000000070610e-01 23 5.82678073403641974e+02
1 0 0 32 0.00000000000000000e+00 0.00000000000000000e+00 5.00000000000070610e-01 24 1.79669389819933781e+03
1 0 0 32 0.00000000000000000e+00 0.00000000000000000e+00 5.00000000000070610e-01 25 4.13031903901080386e+03
1 0 0 33 2.49999999999953648e-01 0.00000000000000000e+00 4.99999999999988953e-01 0 -3.30446762773730924e+01
1 0 0 33 2.49999999999953648e-01 0.00000000000000000e+00 4.99999999999988953e-01 1 -4.86975690527459193e+00
1 0 0 33 2.49999999999953648e-01 0.00000000000000000e+00 4.99999999999988953e-01 2 8.93557051915949418e-02
1 0 0 33 2.49999999999953648e-01 0.00000000000000000e+00 4.99999999999988953e-01 3 6.81237265333803355e-01
1 0 0 33 2.49999999999953648e-01 0.00000000000000000e+00 4.99999999999988953e-01 4 1.10929239254072094e+01
1 0 0 33 2.49999999999953648e-01 0.00000000000000000e+00 4.99999999999988953e-01 5 1.40675921150489636e+01
1 0 0 33 2.49999999999953648e-01 0.00000000000000000e+00 4.99999999999988953e-01 6 1.66381539697082701e+01
1 0 0 33 2.49999999999953648e-01 0.00000000000000000e+00 4.99999999999988953e-01 7 1.79014380392285943e+01
1 0 0 33 2.49999999999953648e-01 0.00000000000000000e+00 4.99999999999988953e-01 8 2.39302677407095317e+01
1 0 0 33 2.49999999999953648e-01 0.00000000000000000e+00 4.99999999999988953e-01 9 2.53875868486351948e+01
1 0 0 33 2.49999999999953648e-01 0.00000000000000000e+00 4.99999999999988953e-01 10 2.79408152747147405e+01
1 0 0 33 2.49999999999953648e-01 0.00000000000000000e+00 4.99999999999988953e-01 11 2.88402879971726165e+01
1 0 0 33 2.49999999999953648e-01 0.00000000000000000e+00 4.99999999999988953e-01 12 3.59268648879400772e+01
1 0 0 33 2.49999999999953648e-01 0.00000000000000000e+00 4.99999999999988953e-01 13 3.71006784358213508e+01
1 0 0 33 2.49999999999953648e-01 0.00000000000000000e+00 4.99999999999988953e-01 14 3.80726054965373280e+01
1 0 0 33 2.49999999999953648e-01 0.00000000000000000e+00 4.99999999999988953e-01 15 4.19870425199187451e+01
1 0 0 33 2.49999999999953648e-01 0.00000000000000000e+00 4.99999999999988953e-01 16 4.56245718093995052e+01
1 0 0 33 2.49999999999953648e-01 0.00000000000000000e+00 4.99999999999988953e-01 17 4.83183275741773386e+01
1 0 0 33 2.49999999999953648e-01 0.00000000000000000e+00 4.99999999999988953e-01 18 5.18817910614587063e+01
1 0 0 33 2.49999999999953648e-01 0.00000000000000000e+00 4.99999999999988953e-01 19 7.33474652542878260e+01
1 0 0 33 2.49999999999953648e-01 0.00000000000000000e+00 4.99999999999988953e-01 20 1.21382299894297560e+02
1 0 0 33 2.49999999999953648e-01 0.00000000000000000e+00 4.99999999999988953e-01 21 1.32045420703293928e+02
1 0 0 33 2.49999999999953648e-01 0.00000000000000000e+00 4.99999999999988953e-01 22 8.56375475839577803e+02
1 0 0 33 2.49999999999953648e-01 0.00000000000000000e+00 4.99999999999988953e-01 23 1.08371377851809166e+03
1 0 0 33 2.49999999999953648e-01 0.00000000000000000e+00 4.99999999999988953e-01 24 1.88760154173185197e+03
1 0 0 33 2.49999999999953648e-01 0.00000000000000000e+00 4.99999999999988953e-01 25 3.27825772683236391e+03
1 0 0 34 4.99999999999988898e-01 0.00000000000000000e+00 4.99999999999988898e-01 0 -2.92033212114917475e+01
1 0 0 34 4.99999999999988898e-01 0.00000000000000000e+00 4.99999999999988898e-01 1 -6.62453229826236001e+00
1 0 0 34 4.99999999999988898e-01 0.00000000000000000e+00 4.99999999999988898e-01 2 -8.90053289710716733e-01
1 0 0 34 4.99999999999988898e-01 0.00000000000000000e+00 4.99999999999988898e-01 3 2.51162654739018310e+00
1 0 0 34 4.99999999999988898e-01 0.00000000000000000e+00 4.99999999999988898e-01 4 9.91243418442350688e+00
1 0 0 34 4.99999999999988898e-01 0.00000000000000000e+00 4.99999999999988898e-01 5 1.05629129702650246e+01
1 0 0 34 4.99999999999988898e-01 0.00000000000000000e+00 4.99999999999988898e-01 6 2.30171991132158098e+01
1 0 0 34 4.99999999999988898e-01 0.00000000000000000e+00 4.99999999999988898e-01 7 2.42736969124233042e+01
1 0 0 34 4.99999999999988898e-01 0.00000000000000000e+00 4.99999999999988898e-01 8 2.55411058198677239e+01
1 0 0 34 4.99999999999988898e-01 0.00000000000000000e+00 4.99999999999988898e-01 9 2.62410569100369244e+01
1 0 0 34 4.99999999999988898e-01 0.00000000000000000e+00 4.99999999999988898e-01 10 2.69420603157509966e+01
1 0 0 34 4.99999999999988898e-01 0.00000000000000000e+00 4.99999999999988898e-01 11 2.77339959427393197e+01
1 0 0 34 4.99999999999988898e-01 0.00000000000000000e+00 4.99999999999988898e-01 12 3.02973248731041309e+01
1 0 0 34 4.99999999999988898e-01 0.00000000000000000e+00 4.99999999999988898e-01 13 3.24553886105341505e+01
1 0 0 34 4.99999999999988898e-01 0.00000000000000000e+00 4.99999999999988898e-01 14 4.23780755367807274e+01
1 0 0 34 4.99999999999988898e-01 0.00000000000000000e+00 4.99999999999988898e-01 15 4.43546757897388630e+01
1 0 0 34 4.99999999999988898e-01 0.00000000000000000e+00 4.99999999999988898e-01 16 4.95051038105696435e+01
1 0 0 34 4.99999999999988898e-01 0.00000000000000000e+00 4.99999999999988898e-01 17 5.14907713826261997e+01
1 0 0 34 4.99999999999988898e-01 0.00000000000000000e+00 4.99999999999988898e-01 18 6.44884214305690051e+01
1 0 0 34 4.99999999999988898e-01 0.00000000000000000e+00 4.99999999999988898e-01 19 6.87955804594433999e+01
1 0 0 34 4.99999999999988898e-01 0.00000000000000000e+00 4.99999999999988898e-01 20 7.98092428023150973e+01
1 0 0 34 4.99999999999988898e-01 0.00000000000000000e+00 4.99999999999988898e-01 21 8.60342194210001310e+01
1 0 0 34 4.99999999999988898e-01 0.00000000000000000e+00 4.99999999999988898e-01 22 1.15121564776324772e+03
1 0 0 34 4.99999999999988898e-01 0.00000000000000000e+00 4.99999999999988898e-01 23 1.20853015965922214e+03
1 0 0 34 4.99999999999988898e-01 0.00000000000000000e+00 4.99999999999988898e-01 24 2.39354664365633698e+03
1 0 0 34 4.99999999999988898e-01 0.00000000000000000e+00 4.99999999999988898e-01 25 2.48005859679546347e+03
1 0 0 35 7.50000000000024314e-01 0.00000000000000000e+00 4.99999999999989009e-01 0 -3.30432206637932921e+01
1 0 0 35 7.50000000000024314e-01 0.00000000000000000e+00 4.99999999999989009e-01 1 -4.87200684577271570e+00
1 0 0 35 7.50000000000024314e-01 0.00000000000000000e+00 4.99999999999989009e-01 2 7.88409166085095453e-02
1 0 0 35 7.50000000000024314e-01 0.00000000000000000e+00 4.99999999999989009e-01 3 7.26971129849187436e-01
1 0 0 35 7.50000000000024314e-01 0.00000000000000000e+00 4.99999999999989009e-01 4 1.10660258403753584e+01
1 0 0 35 7.50000000000024314e-01 0.00000000000000000e+00 4.99999999999989009e-01 5 1.40588722761415355e+01
1 0 0 35 7.50000000000024314e-01 0.00000000000000000e+00 4.99999999999989009e-01 6 1.66376456060189994e+01
1 0 0 35 7.50000000000024314e-01 0.00000000000000000e+00 4.99999999999989009e-01 7 1.78934128570197579e+01
1 0 0 35 7.50000000000024314e-01 0.00000000000000000e+00 4.99999999999989009e-01 8 2.39285733115481349e+01
1 0 0 35 7.50000000000024314e-01 0.00000000000000000e+00 4.99999999999989009e-01 9 2.53937411374212019e+01
1 0 0 35 7.50000000000024314e-01 0.00000000000000000e+00 4.99999999999989009e-01 10 2.79551076814420902e+01
1 0 0 35 7.50000000000024314e-01 0.00000000000000000e+00 4.99999999999989009e-01 11 2.88599083384450026e+01
1 0 0 35 7.50000000000024314e-01 0.00000000000000000e+00 4.99999999999989009e-01 12 3.58921467009016908e+01
1 0 0 35 7.50000000000024314e-01 0.00000000000000000e+00 4.99999999999989009e-01 13 3.71346063056855229e+01
1 0 0 35 7.50000000000024314e-01 0.00000000000000000e+00 4.99999999999989009e-01 14 3.80557510644881631e+01
1 0 0 35 7.50000000000024314e-01 0.00000000000000000e+00 4.99999999999989009e-01 15 4.19542028482385234e+01
1 0 0 35 7.50000000000024314e-01 0.00000000000000000e+00 4.99999999999989009e-01 16 4.56178215684778436e+01
1 0 0 35 7.50000000000024314e-01 0.00000000000000000e+00 4.99999999999989009e-01 17 4.84269885354671246e+01
1 0 0 35 7.50000000000024314e-01 0.00000000000000000e+00 4.99999999999989009e-01 18 5.18749408628509556e+01
1 0 0 35 7.50000000000024314e-01 0.00000000000000000e+00 4.99999999999989009e-01 19 7.33480230467019965e+01
1 0 0 35 7.50000000000024314e-01 0.00000000000000000e+00 4.99999999999989009e-01 20 1.21147743915073931e+02
1 0 0 35 7.50000000000024314e-01 0.00000000000000000e+00 4.99999999999989009e-01 21 1.32008074277786136e+02
1 0 0 35 7.50000000000024314e-01 0.00000000000000000e+00 4.99999999999989009e-01 22 8.55285446594472546e+02
1 0 0 35 7.50000000000024314e-01 0.00000000000000000e+00 4.99999999999989009e-01 23 1.08480199729582796e+03
1 0 0 35 7.50000000000024314e-01 0.00000000000000000e+00 4.99999999999989009e-01 24 1.88507004362439443e+03
1 0 0 35 7.50000000000024314e-01 0.00000000000000000e+00 4.99999999999989009e-01 25 3.28755188727611039e+03
1 0 0 36 0.00000000000000000e+00 2.49999999999953648e-01 4.99999999999988953e-01 0 -3.20183140983158836e+01
1 0 0 36 0.00000000000000000e+00 2.49999999999953648e-01 4.99999999999988953e-01 1 -6.00942975571441806e+00
1 0 0 36 0.00000000000000000e+00 2.49999999999953648e-01 4.99999999999988953e-01 2 -2.24300391479981043e-01
1 0 0 36 0.00000000000000000e+00 2.49999999999953648e-01 4.99999999999988953e-01 3 1.56420396405195361e+00
1 0 0 36 0.00000000000000000e+00 2.49999999999953648e-01 4.99999999999988953e-01 4 1.12476661105191322e+01
1 0 0 36 0.00000000000000000e+00 2.49999999999953648e-01 4.99999999999988953e-01 5 1.37352635601348023e+01
1 0 0 36 0.00000000000000000e+00 2.49999999999953648e-01 4.99999999999988953e-01 6 1.62434304713461799e+01
1 0 0 36 0.00000000000000000e+00 2.49999999999953648e-01 4.99999999999988953e-01 7 1.73246067275118598e+01
1 0 0 36 0.00000000000000000e+00 2.49999999999953648e-01 4.99999999999988953e-01 8 2.40421375281764433e+01
1 0 0 36 0.00000000000000000e+00 2.49999999999953648e-01 4.99999999999988953e-01 9 2.58894168422489237e+01
1 0 0 36 0.00000000000000000e+00 2.49999999999953648e-01 4.99999999999988953e-01 10 2.82596646677879590e+01
1 0 0 36 0.00000000000000000e+00 2.49999999999953648e-01 4.99999999999988953e-01 11 2.90364500550159939e+01
1 0 0 36 0.00000000000000000e+00 2.49999999999953648e-01 4.99999999999988953e-01 12 3.55471690951440280e+01
1 0 0 36 0.00000000000000000e+00 2.49999999999953648e-01 4.99999999999988953e-01 13 3.72070769433554176e+01
1 0 0 36 0.00000000000000000e+00 2.49999999999953648e-01 4.99999999999988953e-01 14 3.75504034432144138e+01
1 0 0 36 0.00000000000000000e+00 2.49999999999953648e-01 4.99999999999988953e-01 15 4.24017439117972543e+01
1 0 0 36 0.00000000000000000e+00 2.49999999999953648e-01 4.99999999999988953e-01 16 4.63276101106913814e+01
1 0 0 36 0.00000000000000000e+00 2.49999999999953648e-01 4.99999999999988953e-01 17 4.96086924560635083e+01
1 0 0 36 0.00000000000000000e+00 2.49999999999953648e-01 4.99999999999988953e-01 18 5.10762305998716997e+01
1 0 0 36 0.00000000000000000e+00 2.49999999999953648e-01 4.99999999999988953e-01 19 7.38378248849090255e+01
1 0 0 36 0.00000000000000000e+00 2.49999999999953648e-01 4.99999999999988953e-01 20 1.18835461473551106e+02
1 0 0 36 0.00000000000000000e+00 2.49999999999953648e-01 4.99999999999988953e-01 21 1.29984180309722575e+02
1 0 0 36 0.00000000000000000e+00 2.49999999999953648e-01 4.99999999999988953e-01 22 9.15746899876903626e+02
1 0 0 36 0.00000000000000000e+00 2.49999999999953648e-01 4.99999999999988953e-01 23 1.04153508759999022e+03
1 0 0 36 0.00000000000000000e+00 2.49999999999953648e-01 4.99999999999988953e-01 24 1.86703394228821981e+03
1 0 0 36 0.00000000000000000e+00 2.49999999999953648e-01 4.99999999999988953e-01 25 3.29999851915306544e+03
1 0 0 37 2.50000000000035305e-01 2.50000000000035305e-01 5.00000000000070610e-01 0 -3.61437348531872757e+01
1 0 0 37 2.50000000000035305e-01 2.50000000000035305e-01 5.00000000000070610e-01 1 -5.23025658356026479e+00
1 0 0 37 2.50000000000035305e-01 2.50000000000035305e-01 5.00000000000070610e-01 2 -1.38707382531608658e+00
1 0 0 37 2.50000000000035305e-01 2.50000000000035305e-01 5.00000000000070610e-01 3 3.22169780162711250e+00
1 0 0 37 2.50000000000035305e-01 2.50000000000035305e-01 5.00000000000070610e-01 4 1.19010678645957260e+01
1 0 0 37 2.50000000000035305e-01 2.50000000000035305e-01 5.00000000000070610e-01 5 1.36679099347803419e+01
1 0 0 37 2.50000000000035305e-01 2.50000000000035305e-01 5.00000000000070610e-01 6 1.61792914691606455e+01
1 0 0 37 2.50000000000035305e-01 2.50000000000035305e-01 5.00000000000070610e-01 7 1.75452241370319335e+01
1 0 0 37 2.50000000000035305e-01 2.50000000000035305e-01 5.00000000000070610e-01 8 1.78682908920182122e+01
1 0 0 37 2.50000000000035305e-01 2.50000000000035305e-01 5.00000000000070610e-01 9 2.53394556760474252e+01
1 0 0 37 2.50000000000035305e-01 2.50000000000035305e-01 5.00000000000070610e-01 10 2.88316818391772571e+01
1 0 0 37 2.50000000000035305e-01 2.50000000000035305e-01 5.00000000000070610e-01 11 3.29071290847671349e+01
1 0 0 37 2.50000000000035305e-01 2.50000000000035305e-01 5.00000000000070610e-01 12 3.48290279958152240e+01
1 0 0 37 2.50000000000035305e-01 2.50000000000035305e-01 5.00000000000070610e-01 13 3.63721153313085139e+01
1 0 0 37 2.50000000000035305e-01 2.50000000000035305e-01 5.00000000000070610e-01 14 3.92579840037304493e+01
1 0 0 37 2.50000000000035305e-01 2.50000000000035305e-01 5.00000000000070610e-01 15 4.05537631947580834e+01
1 0 0 37 2.50000000000035305e-01 2.50000000000035305e-01 5.00000000000070610e-01 16 4.45584655909603384e+01
1 0 0 37 2.50000000000035305e-01 2.50000000000035305e-01 5.00000000000070610e-01 17 4.87525437308357752e+01
1 0 0 37 2.50000000000035305e-01 2.50000000000035305e-01 5.00000000000070610e-01 18 5.24148291056525437e+01
1 0 0 37 2.50000000000035305e-01 2.50000000000035305e-01 5.00000000000070610e-01 19 9.12558781185987584e+01
1 0 0 37 2.50000000000035305e-01 2.50000000000035305e-01 5.00000000000070610e-01 20 1.07675023256590649e+02
1 0 0 37 2.50000000000035305e-01 2.50000000000035305e-01 5.00000000000070610e-01 21 2.33650135731471579e+02
1 0 0 37 2.50000000000035305e-01 2.50000000000035305e-01 5.00000000000070610e-01 22 7.77994126069574008e+02
1 0 0 37 2.50000000000035305e-01 2.50000000000035305e-01 5.00000000000070610e-01 23 9.78589574549249960e+02
1 0 0 37 2.50000000000035305e-01 2.50000000000035305e-01 5.00000000000070610e-01 24 1.70919609048434313e+03
1 0 0 37 2.50000000000035305e-01 2.50000000000035305e-01 5.00000000000070610e-01 25 3.25706161491786816e+03
1 0 0 38 4.99999999999988953e-01 2.50000000000035305e-01 4.99999999999988953e-01 0 -3.29752677935607394e+01
1 0 0 38 4.99999999999988953e-01 2.50000000000035305e-01 4.99999999999988953e-01 1 -6.01288100173326345e+00
1 0 0 38 4.99999999999988953e-01 2.50000000000035305e-01 4.99999999999988953e-01 2 -5.95478200776099253e-01
1 0 0 38 4.99999999999988953e-01 2.50000000000035305e-01 4.99999999999988953e-01 3 2.14802788670363798e+00
1 0 0 38 4.99999999999988953e-01 2.50000000000035305e-01 4.99999999999988953e-01 4 1.13062978897055757e+01
1 0 0 38 4.99999999999988953e-01 2.50000000000035305e-01 4.99999999999988953e-01 5 1.38707605657294959e+01
1 0 0 38 4.99999999999988953e-01 2.50000000000035305e-01 4.99999999999988953e-01 6 1.64871619826392397e+01
1 0 0 38 4.99999999999988953e-01 2.50000000000035305e-01 4.99999999999988953e-01 7 1.76441874463840520e+01
1 0 0 38 4.99999999999988953e-01 2.50000000000035305e-01 4.99999999999988953e-01 8 2.40555876153988848e+01
1 0 0 38 4.99999999999988953e-01 2.50000000000035305e-01 4.99999999999988953e-01 9 2.57324819370681368e+01
1 0 0 38 4.99999999999988953e-01 2.50000000000035305e-01 4.99999999999988953e-01 10 2.78942415067995171e+01
1 0 0 38 4.99999999999988953e-01 2.50000000000035305e-01 4.99999999999988953e-01 11 2.91767376712503896e+01
1 0 0 38 4.99999999999988953e-01 2.50000000000035305e-01 4.99999999999988953e-01 12 3.52646905000385118e+01
1 0 0 38 4.99999999999988953e-01 2.50000000000035305e-01 4.99999999999988953e-01 13 3.70094141827218337e+01
1 0 0 38 4.99999999999988953e-01 2.50000000000035305e-01 4.99999999999988953e-01 14 3.83359624428336545e+01
1 0 0 38 4.99999999999988953e-01 2.50000000000035305e-01 4.99999999999988953e-01 15 4.26425592178127530e+01
1 0 0 38 4.99999999999988953e-01 2.50000000000035305e-01 4.99999999999988953e-01 16 4.71852550872554914e+01
1 0 0 38 4.99999999999988953e-01 2.50000000000035305e-01 4.99999999999988953e-01 17 4.92185814385803440e+01
1 0 0 38 4.99999999999988953e-01 2.50000000000035305e-01 4.99999999999988953e-01 18 5.13785520914387277e+01
1 0 0 38 4.99999999999988953e-01 2.50000000000035305e-01 4.99999999999988953e-01 19 7.48005815258182167e+01
1 0 0 38 4.99999999999988953e-01 2.50000000000035305e-01 4.99999999999988953e-01 20 1.22106199003685887e+02
1 0 0 38 4.99999999999988953e-01 2.50000000000035305e-01 4.99999999999988953e-01 21 1.26294645186189697e+02
1 0 0 38 4.99999999999988953e-01 2.50000000000035305e-01 4.99999999999988953e-01 22 8.16259279217119683e+02
1 0 0 38 4.99999999999988953e-01 2.50000000000035305e-01 4.99999999999988953e-01 23 1.10818613222052386e+03
1 0 0 38 4.99999999999988953e-01 2.50000000000035305e-01 4.99999999999988953e-01 24 1.84653141947295671e+03
1 0 0 38 4.99999999999988953e-01 2.50000000000035305e-01 4.99999999999988953e-01 25 3.44978316860781661e+03
1 0 0 39 7.50000000000024203e-01 2.50000000000035305e-01 4.99999999999988898e-01 0 -2.71824024978069154e+01
1 0 0 39 7.50000000000024203e-01 2.50000000000035305e-01 4.99999999999988898e-01 1 -5.37279504661383100e+00
1 0 0 39 7.50000000000024203e-01 2.50000000000035305e-01 4.99999999999988898e-01 2 -1.35263985622964822e+00
1 0 0 39 7.50000000000024203e-01 2.50000000000035305e-01 4.99999999999988898e-01 3 3.79715448725690241e-01
1 0 0 39 7.50000000000024203e-01 2.50000000000035305e-01 4.99999999999988898e-01 4 1.20584594317465772e+01
1 0 0 39 7.50000000000024203e-01 2.50000000000035305e-01 4.99999999999988898e-01 5 1.34920193404587145e+01
1 0 0 39 7.50000000000024203e-01 2.50000000000035305e-01 4.99999999999988898e-01 6 1.56893635809706726e+01
1 0 0 39 7.50000000000024203e-01 2.50000000000035305e-01 4.99999999999988898e-01 7 1.79266609650368558e+01
1 0 0 39 7.50000000000024203e-01 2.50000000000035305e-01 4.99999999999988898e-01 8 2.42171883993823585e+01
1 0 0 39 7.50000000000024203e-01 2.50000000000035305e-01 4.99999999999988898e-01 9 2.56509485943367395e+01
1 0 0 39 7.50000000000024203e-01 2.50000000000035305e-01 4.99999999999988898e-01 10 2.88057281875346405e+01
1 0 0 39 7.50000000000024203e-01 2.50000000000035305e-01 4.99999999999988898e-01 11 3.11862030914547645e+01
1 0 0 39 7.50000000000024203e-01 2.50000000000035305e-01 4.99999999999988898e-01 12 3.56397118369725234e+01
1 0 0 39 7.50000000000024203e-01 2.50000000000035305e-01 4.99999999999988898e-01 13 3.64792295585163657e+01
1 0 0 39 7.50000000000024203e-01 2.50000000000035305e-01 4.99999999999988898e-01 14 3.84091909711662680e+01
1 0 0 39 7.50000000000024203e-01 2.50000000000035305e-01 4.99999999999988898e-01 15 4.19147691213164180e+01
1 0 0 39 7.50000000000024203e-01 2.50000000000035305e-01 4.99999999999988898e-01 16 4.38042223833147943e+01
1 0 0 39 7.50000000000024203e-01 2.50000000000035305e-01 4.99999999999988898e-01 17 4.45298106986680722e+01
1 0 0 39 7.50000000000024203e-01 2.50000000000035305e-01 4.99999999999988898e-01 18 5.54182368726145214e+01
1 0 0 39 7.50000000000024203e-01 2.50000000000035305e-01 4.99999999999988898e-01 19 5.63463138232730216e+01
1 0 0 39 7.50000000000024203e-01 2.50000000000035305e-01 4.99999999999988898e-01 20 9.36756603825508591e+01
1 0 0 39 7.50000000000024203e-01 2.50000000000035305e-01 4.99999999999988898e-01 21 9.76664272219773864e+01
1 0 0 39 7.50000000000024203e-01 2.50000000000035305e-01 4.99999999999988898e-01 22 1.18279272064872407e+03
1 0 0 39 7.50000000000024203e-01 2.50000000000035305e-01 4.99999999999988898e-01 23 1.59414800842444629e+03
1 0 0 39 7.50000000000024203e-01 2.50000000000035305e-01 4.99999999999988898e-01 24 2.40881829401834602e+03
1 0 0 39 7.50000000000024203e-01 2.50000000000035305e-01 4.99999999999988898e-01 25 2.53096067228342326e+03
1 0 0 40 0.00000000000000000e+00 4.99999999999988898e-01 4.99999999999988898e-01 0 -2.75865922005267663e+01
1 0 0 40 0.00000000000000000e+00 4.99999999999988898e-01 4.99999999999988898e-01 1 -6.91045919226005001e+00
1 0 0 40 0.00000000000000000e+00 4.99999999999988898e-01 4.99999999999988898e-01 2 -2.85113031571655373e+00
1 0 0 40 0.00000000000000000e+00 4.99999999999988898e-01 4.99999999999988898e-01 3 1.14075991344523731e+00
1 0 0 40 0.00000000000000000e+00 4.99999999999988898e-01 4.99999999999988898e-01 4 9.94137063837033530e+00
1 0 0 40 0.00000000000000000e+00 4.99999999999988898e-01 4.99999999999988898e-01 5 1.05075366818188165e+01
1 0 0 40 0.00000000000000000e+00 4.99999999999988898e-01 4.99999999999988898e-01 6 2.28811766429030712e+01
1 0 0 40 0.00000000000000000e+00 4.99999999999988898e-01 4.99999999999988898e-01 7 2.43133154709658115e+01
1 0 0 40 0.00000000000000000e+00 4.99999999999988898e-01 4.99999999999988898e-01 8 2.56671362204302937e+01
1 0 0 40 0.00000000000000000e+00 4.99999999999988898e-01 4.99999999999988898e-01 9 2.60750466038526056e+01
1 0 0 40 0.00000000000000000e+00 4.99999999999988898e-01 4.99999999999988898e-01 10 2.66409213417485518e+01
1 0 0 40 0.00000000000000000e+00 4.99999999999988898e-01 4.99999999999988898e-01 11 2.85521680971602017e+01
1 0 0 40 0.00000000000000000e+00 4.99999999999988898e-01 4.99999999999988898e-01 12 3.04532178641955262e+01
1 0 0 40 0.00000000000000000e+00 4.99999999999988898e-01 4.99999999999988898e-01 13 3.24664046144459135e+01
1 0 0 40 0.00000000000000000e+00 4.99999999999988898e-01 4.99999999999988898e-01 14 4.29405977225845419e+01
1 0 0 40 0.00000000000000000e+00 4.99999999999988898e-01 4.99999999999988898e-01 15 4.45041323765194718e+01
1 0 0 40 0.00000000000000000e+00 4.99999999999988898e-01 4.99999999999988898e-01 16 5.01309094606047623e+01
1 0 0 40 0.00000000000000000e+00 4.99999999999988898e-01 4.99999999999988898e-01 17 5.16414610945664165e+01
1 0 0 40 0.00000000000000000e+00 4.99999999999988898e-01 4.99999999999988898e-01 18 6.70598538228435359e+01
1 0 0 40 0.00000000000000000e+00 4.99999999999988898e-01 4.99999999999988898e-01 19 6.77865429908412693e+01
1 0 0 40 0.00000000000000000e+00 4.99999999999988898e-01 4.99999999999988898e-01 20 8.16054698762150963e+01
1 0 0 40 0.00000000000000000e+00 4.99999999999988898e-01 4.99999999999988898e-01 21 8.61666403811048269e+01
1 0 0 40 0.00000000000000000e+00 4.99999999999988898e-01 4.99999999999988898e-01 22 1.13787588801199058e+03
1 0 0 40 0.00000000000000000e+00 4.99999999999988898e-01 4.99999999999988898e-01 23 1.23605951870323088e+03
1 0 0 40 0.00000000000000000e+00 4.99999999999988898e-01 4.99999999999988898e-01 24 2.36246798818961724e+03
1 0 0 40 0.00000000000000000e+00 4.99999999999988898e-01 4.99999999999988898e-01 25 2.52229846109231767e+03
1 0 0 41 2.50000000000035305e-01 4.99999999999988953e-01 4.99999999999988953e-01 0 -3.19204157755736233e+01
1 0 0 41 2.50000000000035305e-01 4.99999999999988953e-01 4.99999999999988953e-01 1 -5.86413353087194000e+00
1 0 0 41 2.50000000000035305e-01 4.99999999999988953e-01 4.99999999999988953e-01 2 -6.95257662525880282e-01
1 0 0 41 2.50000000000035305e-01 4.99999999999988953e-01 4.99999999999988953e-01 3 -3.02151525039012436e-01
1 0 0 41 2.50000000000035305e-01 4.99999999999988953e-01 4.99999999999988953e-01 4 1.12297172558778069e+01
1 0 0 41 2.50000000000035305e-01 4.99999999999988953e-01 4.99999999999988953e-01 5 1.36944427958267845e+01
1 0 0 41 2.50000000000035305e-01 4.99999999999988953e-01 4.99999999999988953e-01 6 1.68640923370280973e+01
1 0 0 41 2.50000000000035305e-01 4.99999999999988953e-01 4.99999999999988953e-01 7 1.82173406647517346e+01
1 0 0 41 2.50000000000035305e-01 4.99999999999988953e-01 4.99999999999988953e-01 8 2.35391252494533418e+01
1 0 0 41 2.50000000000035305e-01 4.99999999999988953e-01 4.99999999999988953e-01 9 2.53646000780201142e+01
1 0 0 41 2.50000000000035305e-01 4.99999999999988953e-01 4.99999999999988953e-01 10 2.81449545463589956e+01
1 0 0 41 2.50000000000035305e-01 4.99999999999988953e-01 4.99999999999988953e-01 11 2.89005512597678518e+01
1 0 0 41 2.50000000000035305e-01 4.99999999999988953e-01 4.99999999999988953e-01 12 3.63495769049756348e+01
1 0 0 41 2.50000000000035305e-01 4.99999999999988953e-01 4.99999999999988953e-01 13 3.73649890766201196e+01
1 0 0 41 2.50000000000035305e-01 4.99999999999988953e-01 4.99999999999988953e-01 14 3.80445224248306886e+01
1 0 0 41 2.50000000000035305e-01 4.99999999999988953e-01 4.99999999999988953e-01 15 4.26648367291962600e+01
1 0 0 41 2.50000000000035305e-01 4.99999999999988953e-01 4.99999999999988953e-01 16 4.66533668162317028e+01
1 0 0 41 2.50000000000035305e-01 4.99999999999988953e-01 4.99999999999988953e-01 17 4.86937966284836108e+01
1 0 0 41 2.50000000000035305e-01 4.99999999999988953e-01 4.99999999999988953e-01 18 5.16636255949368035e+01
1 0 0 41 2.50000000000035305e-01 4.99999999999988953e-01 4.99999999999988953e-01 19 7.52381367888284558e+01
1 0 0 41 2.50000000000035305e-01 4.99999999999988953e-01 4.99999999999988953e-01 20 1.16454853091069424e+02
1 0 0 41 2.50000000000035305e-01 4.99999999999988953e-01 4.99999999999988953e-01 21 1.25723556839854510e+02
1 0 0 41 2.50000000000035305e-01 4.99999999999988953e-01 4.99999999999988953e-01 22 9.24589867419384632e+02
1 0 0 41 2.50000000000035305e-01 4.99999999999988953e-01 4.99999999999988953e-01 23 1.11480784710307512e+03
1 0 0 41 2.50000000000035305e-01 4.99999999999988953e-01 4.99999999999988953e-01 24 1.78308097497366884e+03
1 0 0 41 2.50000000000035305e-01 4.99999999999988953e-01 4.99999999999988953e-01 25 3.40647428687040247e+03
1 0 0 42 5.00000000000070610e-01 5.00000000000070610e-01 5.00000000000070610e-01 0 -3.50823587233311329e+01
1 0 0 42 5.00000000000070610e-01 5.00000000000070610e-01 5.00000000000070610e-01 1 -8.86409594857643413e+00
1 0 0 42 5.00000000000070610e-01 5.00000000000070610e-01 5.00000000000070610e-01 2 6.28051260266284661e-01
1 0 0 42 5.00000000000070610e-01 5.00000000000070610e-01 5.00000000000070610e-01 3 2.84309591018174679e+00
1 0 0 42 5.00000000000070610e-01 5.00000000000070610e-01 5.00000000000070610e-01 4 1.01257376051696379e+01
1 0 0 42 5.00000000000070610e-01 5.00000000000070610e-01 5.00000000000070610e-01 5 1.32281608259500558e+01
1 0 0 42 5.00000000000070610e-01 5.00000000000070610e-01 5.00000000000070610e-01 6 1.39706016992087125e+01
1 0 0 42 5.00000000000070610e-01 5.00000000000070610e-01 5.00000000000070610e-01 7 2.23985097381964522e+01
1 0 0 42 5.00000000000070610e-01 5.00000000000070610e-01 5.00000000000070610e-01 8 2.33962206120474576e+01
1 0 0 42 5.00000000000070610e-01 5.00000000000070610e-01 5.00000000000070610e-01 9 2.38687576650654059e+01
1 0 0 42 5.00000000000070610e-01 5.00000000000070610e-01 5.00000000000070610e-01 10 2.75663241483389108e+01
1 0 0 42 5.00000000000070610e-01 5.00000000000070610e-01 5.00000000000070610e-01 11 2.81771348803650277e+01
1 0 0 42 5.00000000000070610e-01 5.00000000000070610e-01 5.00000000000070610e-01 12 2.91150985900220576e+01
1 0 0 42 5.00000000000070610e-01 5.00000000000070610e-01 5.00000000000070610e-01 13 3.73098245629365337e+01
1 0 0 42 5.00000000000070610e-01 5.00000000000070610e-01 5.00000000000070610e-01 14 4.33804404065696829e+01
1 0 0 42 5.00000000000070610e-01 5.00000000000070610e-01 5.00000000000070610e-01 15 4.37843934560512196e+01
1 0 0 42 5.00000000000070610e-01 5.00000000000070610e-01 5.00000000000070610e-01 16 4.58902934853178479e+01
1 0 0 42 5.00000000000070610e-01 5.00000000000070610e-01 5.00000000000070610e-01 17 5.00245224240226705e+01
1 0 0 42 5.00000000000070610e-01 5.00000000000070610e-01 5.00000000000070610e-01 18 5.12893095388608629e+01
1 0 0 42 5.00000000000070610e-01 5.00000000000070610e-01 5.00000000000070610e-01 19 6.42451769197951563e+01
1 0 0 42 5.00000000000070610e-01 5.00000000000070610e-01 5.00000000000070610e-01 20 2.95417304486101159e+02
1 0 0 42 5.00000000000070610e-01 5.00000000000070610e-01 5.00000000000070610e-01 21 3.07927219407287168e+02
1 0 0 42 5.00000000000070610e-01 5.00000000000070610e-01 5.00000000000070610e-01 22 5.43585837787253922e+02
1 0 0 42 5.00000000000070610e-01 5.00000000000070610e-01 5.00000000000070610e-01 23 5.72111724119402652e+02
1 0 0 42 5.00000000000070610e-01 5.00000000000070610e-01 5.00000000000070610e-01 24 1.67786801736173038e+03
1 0 0 42 5.00000000000070610e-01 5.00000000000070610e-01 5.00000000000070610e-01 25 4.22162545884021347e+03
1 0 0 43 7.49999999999942601e-01 4.99999999999988953e-01 4.99999999999988953e-01 0 -3.19298379228823315e+01
1 0 0 43 7.49999999999942601e-01 4.99999999999988953e-01 4.99999999999988953e-01 1 -5.88053191105024453e+00
1 0 0 43 7.49999999999942601e-01 4.99999999999988953e-01 4.99999999999988953e-01 2 -7.25871460042437633e-01
1 0 0 43 7.49999999999942601e-01 4.99999999999988953e-01 4.99999999999988953e-01 3 -2.60529904283661073e-01
1 0 0 43 7.49999999999942601e-01 4.99999999999988953e-01 4.99999999999988953e-01 4 1.12330997560272685e+01
1 0 0 43 7.49999999999942601e-01 4.99999999999988953e-01 4.99999999999988953e-01 5 1.36864575687020675e+01
1 0 0 43 7.49999999999942601e-01 4.99999999999988953e-01 4.99999999999988953e-01 6 1.68561745570239729e+01
1 0 0 43 7.49999999999942601e-01 4.99999999999988953e-01 4.99999999999988953e-01 7 1.81681022610857958e+01
1 0 0 43 7.49999999999942601e-01 4.99999999999988953e-01 4.99999999999988953e-01 8 2.35584450713577311e+01
1 0 0 43 7.49999999999942601e-01 4.99999999999988953e-01 4.99999999999988953e-01 9 2.54216415683279209e+01
1 0 0 43 7.49999999999942601e-01 4.99999999999988953e-01 4.99999999999988953e-01 10 2.81697252755511158e+01
1 0 0 43 7.49999999999942601e-01 4.99999999999988953e-01 4.99999999999988953e-01 11 2.88594025571160238e+01
1 0 0 43 7.49999999999942601e-01 4.99999999999988953e-01 4.99999999999988953e-01 12 3.63738677902754119e+01
1 0 0 43 7.49999999999942601e-01 4.99999999999988953e-01 4.99999999999988953e-01 13 3.74225913853560854e+01
1 0 0 43 7.49999999999942601e-01 4.99999999999988953e-01 4.99999999999988953e-01 14 3.80314938344965654e+01
1 0 0 43 7.49999999999942601e-01 4.99999999999988953e-01 4.99999999999988953e-01 15 4.25953894633729746e+01
1 0 0 43 7.49999999999942601e-01 4.99999999999988953e-01 4.99999999999988953e-01 16 4.66231889816277913e+01
1 0 0 43 7.49999999999942601e-01 4.99999999999988953e-01 4.99999999999988953e-01 17 4.86523423825755188e+01
1 0 0 43 7.49999999999942601e-01 4.99999999999988953e-01 4.99999999999988953e-01 18 5.17552521930691469e+01
1 0 0 43 7.49999999999942601e-01 4.99999999999988953e-01 4.99999999999988953e-01 19 7.50533253467174433e+01
1 0 0 43 7.49999999999942601e-01 4.99999999999988953e-01 4.99999999999988953e-01 20 1.15709853921717979e+02
1 0 0 43 7.49999999999942601e-01 4.99999999999988953e-01 4.99999999999988953e-01 21 1.26254144154771197e+02
1 0 0 43 7.49999999999942601e-01 4.99999999999988953e-01 4.99999999999988953e-01 22 9.32338188740789974e+02
1 0 0 43 7.49999999999942601e-01 4.99999999999988953e-01 4.99999999999988953e-01 23 1.11339716207998845e+03
1 0 0 43 7.49999999999942601e-01 4.99999999999988953e-01 4.99999999999988953e-01 24 1.78160260029791721e+03
1 0 0 43 7.49999999999942601e-01 4.99999999999988953e-01 4.99999999999988953e-01 25 3.40609326374093416e+03
1 0 0 44 0.00000000000000000e+00 7.50000000000024314e-01 4.99999999999989009e-01 0 -3.20132150916128637e+01
1 0 0 44 0.00000000000000000e+00 7.50000000000024314e-01 4.99999999999989009e-01 1 -6.00053663342956600e+00
1 0 0 44 0.00000000000000000e+00 7.50000000000024314e-01 4.99999999999989009e-01 2 -2.67382159037793832e-01
1 0 0 44 0.00000000000000000e+00 7.50000000000024314e-01 4.99999999999989009e-01 3 1.54363380741995893e+00
1 0 0 44 0.00000000000000000e+00 7.50000000000024314e-01 4.99999999999989009e-01 4 1.12387663393938588e+01
1 0 0 44 0.00000000000000000e+00 7.50000000000024314e-01 4.99999999999989009e-01 5 1.38332369780628728e+01
1 0 0 44 0.00000000000000000e+00 7.50000000000024314e-01 4.99999999999989009e-01 6 1.60815934492396337e+01
1 0 0 44 0.00000000000000000e+00 7.50000000000024314e-01 4.99999999999989009e-01 7 1.74457784479408353e+01
1 0 0 44 0.00000000000000000e+00 7.50000000000024314e-01 4.99999999999989009e-01 8 2.40851070442624220e+01
1 0 0 44 0.00000000000000000e+00 7.50000000000024314e-01 4.99999999999989009e-01 9 2.60046095715386869e+01
1 0 0 44 0.00000000000000000e+00 7.50000000000024314e-01 4.99999999999989009e-01 10 2.83659046910178851e+01
1 0 0 44 0.00000000000000000e+00 7.50000000000024314e-01 4.99999999999989009e-01 11 2.89706225429474600e+01
1 0 0 44 0.00000000000000000e+00 7.50000000000024314e-01 4.99999999999989009e-01 12 3.54461025950303821e+01
1 0 0 44 0.00000000000000000e+00 7.50000000000024314e-01 4.99999999999989009e-01 13 3.71764319777093206e+01
1 0 0 44 0.00000000000000000e+00 7.50000000000024314e-01 4.99999999999989009e-01 14 3.76164682240848620e+01
1 0 0 44 0.00000000000000000e+00 7.50000000000024314e-01 4.99999999999989009e-01 15 4.23665692055803973e+01
1 0 0 44 0.00000000000000000e+00 7.50000000000024314e-01 4.99999999999989009e-01 16 4.63440851521427675e+01
1 0 0 44 0.00000000000000000e+00 7.50000000000024314e-01 4.99999999999989009e-01 17 4.95934635752069894e+01
1 0 0 44 0.00000000000000000e+00 7.50000000000024314e-01 4.99999999999989009e-01 18 5.13076113765280510e+01
1 0 0 44 0.00000000000000000e+00 7.50000000000024314e-01 4.99999999999989009e-01 19 7.36020671087021441e+01
1 0 0 44 0.00000000000000000e+00 7.50000000000024314e-01 4.99999999999989009e-01 20 1.18657442487730918e+02
1 0 0 44 0.00000000000000000e+00 7.50000000000024314e-01 4.99999999999989009e-01 21 1.30240606487212659e+02
1 0 0 44 0.00000000000000000e+00 7.50000000000024314e-01 4.99999999999989009e-01 22 9.10360989132474742e+02
1 0 0 44 0.00000000000000000e+00 7.50000000000024314e-01 4.99999999999989009e-01 23 1.03977346057943532e+03
1 0 0 44 0.00000000000000000e+00 7.50000000000024314e-01 4.99999999999989009e-01 24 1.86756364209725348e+03
1 0 0 44 0.00000000000000000e+00 7.50000000000024314e-01 4.99999999999989009e-01 25 3.29884395912187028e+03
1 0 0 45 2.50000000000035305e-01 7.50000000000024203e-01 4.99999999999988898e-01 0 -2.71821864529190833e+01
1 0 0 45 2.50000000000035305e-01 7.50000000000024203e-01 4.99999999999988898e-01 1 -5.35242748607128060e+00
1 0 0 45 2.50000000000035305e-01 7.50000000000024203e-01 4.99999999999988898e-01 2 -1.28230161656633168e+00
1 0 0 45 2.50000000000035305e-01 7.50000000000024203e-01 4.99999999999988898e-01 3 4.31435956922284924e-01
1 0 0 45 2.50000000000035305e-01 7.50000000000024203e-01 4.99999999999988898e-01 4 1.20651188764682296e+01
1 0 0 45 2.50000000000035305e-01 7.50000000000024203e-01 4.99999999999988898e-01 5 1.35816903257782435e+01
1 0 0 45 2.50000000000035305e-01 7.50000000000024203e-01 4.99999999999988898e-01 6 1.56832831471541088e+01
1 0 0 45 2.50000000000035305e-01 7.50000000000024203e-01 4.99999999999988898e-01 7 1.79448214748594062e+01
1 0 0 45 2.50000000000035305e-01 7.50000000000024203e-01 4.99999999999988898e-01 8 2.41145705146365970e+01
1 0 0 45 2.50000000000035305e-01 7.50000000000024203e-01 4.99999999999988898e-01 9 2.55462145342714848e+01
1 0 0 45 2.50000000000035305e-01 7.50000000000024203e-01 4.99999999999988898e-01 10 2.88595620064303695e+01
1 0 0 45 2.50000000000035305e-01 7.50000000000024203e-01 4.99999999999988898e-01 11 3.11606786141744472e+01
1 0 0 45 2.50000000000035305e-01 7.50000000000024203e-01 4.99999999999988898e-01 12 3.55645894629768051e+01
1 0 0 45 2.50000000000035305e-01 7.50000000000024203e-01 4.99999999999988898e-01 13 3.64908883078524795e+01
1 0 0 45 2.50000000000035305e-01 7.50000000000024203e-01 4.99999999999988898e-01 14 3.83764655295416617e+01
1 0 0 45 2.50000000000035305e-01 7.50000000000024203e-01 4.99999999999988898e-01 15 4.18822596996705627e+01
1 0 0 45 2.50000000000035305e-01 7.50000000000024203e-01 4.99999999999988898e-01 16 4.38447299360566873e+01
1 0 0 45 2.50000000000035305e-01 7.50000000000024203e-01 4.99999999999988898e-01 17 4.45305823009699751e+01
1 0 0 45 2.50000000000035305e-01 7.50000000000024203e-01 4.99999999999988898e-01 18 5.53469091415384540e+01
1 0 0 45 2.50000000000035305e-01 7.50000000000024203e-01 4.99999999999988898e-01 19 5.69391137025417251e+01
1 0 0 45 2.50000000000035305e-01 7.50000000000024203e-01 4.99999999999988898e-01 20 9.36514316552174364e+01
1 0 0 45 2.50000000000035305e-01 7.50000000000024203e-01 4.99999999999988898e-01 21 9.76662320827702217e+01
1 0 0 45 2.50000000000035305e-01 7.50000000000024203e-01 4.99999999999988898e-01 22 1.13295238920559177e+03
1 0 0 45 2.50000000000035305e-01 7.50000000000024203e-01 4.99999999999988898e-01 23 1.59073709625667721e+03
1 0 0 45 2.50000000000035305e-01 7.50000000000024203e-01 4.99999999999988898e-01 24 2.40932993980989067e+03
1 0 0 45 2.50000000000035305e-01 7.50000000000024203e-01 4.99999999999988898e-01 25 2.53128405245753311e+03
1 0 0 46 4.99999999999988953e-01 7.49999999999942601e-01 4.99999999999988953e-01 0 -3.29808020143203606e+01
1 0 0 46 4.99999999999988953e-01 7.49999999999942601e-01 4.99999999999988953e-01 1 -6.01823327784818574e+00
1 0 0 46 4.99999999999988953e-01 7.49999999999942601e-01 4.99999999999988953e-01 2 -6.27951499164878468e-01
1 0 0 46 4.99999999999988953e-01 7.49999999999942601e-01 4.99999999999988953e-01 3 2.16996466308251090e+00
1 0 0 46 4.99999999999988953e-01 7.49999999999942601e-01 4.99999999999988953e-01 4 1.13651624491473537e+01
1 0 0 46 4.99999999999988953e-01 7.49999999999942601e-01 4.99999999999988953e-01 5 1.38356905540425377e+01
1 0 0 46 4.99999999999988953e-01 7.49999999999942601e-01 4.99999999999988953e-01 6 1.65196387090397998e+01
1 0 0 46 4.99999999999988953e-01 7.49999999999942601e-01 4.99999999999988953e-01 7 1.76761704826605168e+01
1 0 0 46 4.99999999999988953e-01 7.49999999999942601e-01 4.99999999999988953e-01 8 2.40426299826080268e+01
1 0 0 46 4.99999999999988953e-01 7.49999999999942601e-01 4.99999999999988953e-01 9 2.56877627197292604e+01
1 0 0 46 4.99999999999988953e-01 7.49999999999942601e-01 4.99999999999988953e-01 10 2.78896157232131543e+01
1 0 0 46 4.99999999999988953e-01 7.49999999999942601e-01 4.99999999999988953e-01 11 2.91122730928155988e+01
1 0 0 46 4.99999999999988953e-01 7.49999999999942601e-01 4.99999999999988953e-01 12 3.53697211108295946e+01
1 0 0 46 4.99999999999988953e-01 7.49999999999942601e-01 4.99999999999988953e-01 13 3.70361013418841551e+01
1 0 0 46 4.99999999999988953e-01 7.49999999999942601e-01 4.99999999999988953e-01 14 3.83004030070354347e+01
1 0 0 46 4.99999999999988953e-01 7.49999999999942601e-01 4.99999999999988953e-01 15 4.27059271107105616e+01
1 0 0 46 4.99999999999988953e-01 7.49999999999942601e-01 4.99999999999988953e-01 16 4.70097481082219417e+01
1 0 0 46 4.99999999999988953e-01 7.49999999999942601e-01 4.99999999999988953e-01 17 4.90431504351983918e+01
1 0 0 46 4.99999999999988953e-01 7.49999999999942601e-01 4.99999999999988953e-01 18 5.14361587062254628e+01
1 0 0 46 4.99999999999988953e-01 7.49999999999942601e-01 4.99999999999988953e-01 19 7.50479079275766026e+01
1 0 0 46 4.99999999999988953e-01 7.49999999999942601e-01 4.99999999999988953e-01 20 1.22056824793759816e+02
1 0 0 46 4.99999999999988953e-01 7.49999999999942601e-01 4.99999999999988953e-01 21 1.25993683654617385e+02
1 0 0 46 4.99999999999988953e-01 7.49999999999942601e-01 4.99999999999988953e-01 22 8.15420348266894734e+02
1 0 0 46 4.99999999999988953e-01 7.49999999999942601e-01 4.99999999999988953e-01 23 1.11080292725102754e+03
1 0 0 46 4.99999999999988953e-01 7.49999999999942601e-01 4.99999999999988953e-01 24 1.85510384986091731e+03
1 0 0 46 4.99999999999988953e-01 7.49999999999942601e-01 4.99999999999988953e-01 25 3.43856390623575635e+03
1 0 0 47 7.50000000000024203e-01 7.50000000000024203e-01 5.00000000000070610e-01 0 -3.61455676591348620e+01
1 0 0 47 7.50000000000024203e-01 7.50000000000024203e-01 5.00000000000070610e-01 1 -5.19678107367878450e+00
1 0 0 47 7.50000000000024203e-01 7.50000000000024203e-01 5.00000000000070610e-01 2 -1.41389495326035686e+00
1 0 0 47 7.50000000000024203e-01 7.50000000000024203e-01 5.00000000000070610e-01 3 3.23672432093181195e+00
1 0 0 47 7.50000000000024203e-01 7.50000000000024203e-01 5.00000000000070610e-01 4 1.19433618052530406e+01
1 0 0 47 7.50000000000024203e-01 7.50000000000024203e-01 5.00000000000070610e-01 5 1.36083883610609693e+01
1 0 0 47 7.50000000000024203e-01 7.50000000000024203e-01 5.00000000000070610e-01 6 1.61748983349305213e+01
1 0 0 47 7.50000000000024203e-01 7.50000000000024203e-01 5.00000000000070610e-01 7 1.75875639534969501e+01
1 0 0 47 7.50000000000024203e-01 7.50000000000024203e-01 5.00000000000070610e-01 8 1.78635796098938862e+01
1 0 0 47 7.50000000000024203e-01 7.50000000000024203e-01 5.00000000000070610e-01 9 2.53138386687496180e+01
1 0 0 47 7.50000000000024203e-01 7.50000000000024203e-01 5.00000000000070610e-01 10 2.87591126624189748e+01
1 0 0 47 7.50000000000024203e-01 7.50000000000024203e-01 5.00000000000070610e-01 11 3.27659847493095455e+01
1 0 0 47 7.50000000000024203e-01 7.50000000000024203e-01 5.00000000000070610e-01 12 3.47791629328926817e+01
1 0 0 47 7.50000000000024203e-01 7.50000000000024203e-01 5.00000000000070610e-01 13 3.64122829367324883e+01
1 0 0 47 7.50000000000024203e-01 7.50000000000024203e-01 5.00000000000070610e-01 14 3.93510613537964957e+01
1 0 0 47 7.50000000000024203e-01 7.50000000000024203e-01 5.00000000000070610e-01 15 4.09321588737532878e+01
1 0 0 47 7.50000000000024203e-01 7.50000000000024203e-01 5.00000000000070610e-01 16 4.47930011619016852e+01
1 0 0 47 7.50000000000024203e-01 7.50000000000024203e-01 5.00000000000070610e-01 17 4.84673735633412974e+01
1 0 0 47 7.50000000000024203e-01 7.50000000000024203e-01 5.00000000000070610e-01 18 5.24530664890756313e+01
1 0 0 47 7.50000000000024203e-01 7.50000000000024203e-01 5.00000000000070610e-01 19 9.06250815414717863e+01
1 0 0 47 7.50000000000024203e-01 7.50000000000024203e-01 5.00000000000070610e-01 20 1.07665539979068868e+02
1 0 0 47 7.50000000000024203e-01 7.50000000000024203e-01 5.00000000000070610e-01 21 2.33729336675528515e+02
1 0 0 47 7.50000000000024203e-01 7.50000000000024203e-01 5.00000000000070610e-01 22 7.79538928809768208e+02
1 0 0 47 7.50000000000024203e-01 7.50000000000024203e-01 5.00000000000070610e-01 23 9.76416546257262667e+02
1 0 0 47 7.50000000000024203e-01 7.50000000000024203e-01 5.00000000000070610e-01 24 1.69307016263473338e+03
1 0 0 47 7.50000000000024203e-01 7.50000000000024203e-01 5.00000000000070610e-01 25 3.26256023085572497e+03
1 0 0 48 0.00000000000000000e+00 0.00000000000000000e+00 7.49999999999942601e-01 0 -4.16602172645145430e+01
1 0 0 48 0.00000000000000000e+00 0.00000000000000000e+00 7.49999999999942601e-01 1 -1.74861129085066480e+00
1 0 0 48 0.00000000000000000e+00 0.00000000000000000e+00 7.49999999999942601e-01 2 1.15797558224467201e+00
1 0 0 48 0.00000000000000000e+00 0.00000000000000000e+00 7.49999999999942601e-01 3 3.65584020173876834e+00
1 0 0 48 0.00000000000000000e+00 0.00000000000000000e+00 7.49999999999942601e-01 4 1.14645764261071808e+01
1 0 0 48 0.00000000000000000e+00 0.00000000000000000e+00 7.49999999999942601e-01 5 1.37850799724760655e+01
1 0 0 48 0.00000000000000000e+00 0.00000000000000000e+00 7.49999999999942601e-01 6 1.40700187719900462e+01
1 0 0 48 0.00000000000000000e+00 0.00000000000000000e+00 7.49999999999942601e-01 7 1.80898191436845970e+01
1 0 0 48 0.00000000000000000e+00 0.00000000000000000e+00 7.49999999999942601e-01 8 1.88893632694766218e+01
1 0 0 48 0.00000000000000000e+00 0.00000000000000000e+00 7.49999999999942601e-01 9 2.05734262214393837e+01
1 0 0 48 0.00000000000000000e+00 0.00000000000000000e+00 7.49999999999942601e-01 10 3.07274672211746633e+01
1 0 0 48 0.00000000000000000e+00 0.00000000000000000e+00 7.49999999999942601e-01 11 3.23204335098174838e+01
1 0 0 48 0.00000000000000000e+00 0.00000000000000000e+00 7.49999999999942601e-01 12 3.38495830193631946e+01
1 0 0 48 0.00000000000000000e+00 0.00000000000000000e+00 7.49999999999942601e-01 13 3.45246102424884498e+01
1 0 0 48 0.00000000000000000e+00 0.00000000000000000e+00 7.49999999999942601e-01 14 4.14276195936393492e+01
1 0 0 48 0.00000000000000000e+00 0.00000000000000000e+00 7.49999999999942601e-01 15 4.23176585607519584e+01
1 0 0 48 0.00000000000000000e+00 0.00000000000000000e+00 7.49999999999942601e-01 16 4.90766422899019545e+01
1 0 0 48 0.00000000000000000e+00 0.00000000000000000e+00 7.49999999999942601e-01 17 5.06374039810134278e+01
1 0 0 48 0.00000000000000000e+00 0.00000000000000000e+00 7.49999999999942601e-01 18 5.18606329818502942e+01
1 0 0 48 0.00000000000000000e+00 0.00000000000000000e+00 7.49999999999942601e-01 19 1.10767599842662747e+02
1 0 0 48 0.00000000000000000e+00 0.00000000000000000e+00 7.49999999999942601e-01 20 3.06082893083787951e+02
1 0 0 48 0.00000000000000000e+00 0.00000000000000000e+00 7.49999999999942601e-01 21 3.49055928833827863e+02
1 0 0 48 0.00000000000000000e+00 0.00000000000000000e+00 7.49999999999942601e-01 22 8.05970542448389779e+02
1 0 0 48 0.00000000000000000e+00 0.00000000000000000e+00 7.49999999999942601e-01 23 8.69616885950071605e+02
1 0 0 48 0.00000000000000000e+00 0.00000000000000000e+00 7.49999999999942601e-01 24 1.31251721506641729e+03
1 0 0 48 0.00000000000000000e+00 0.00000000000000000e+00 7.49999999999942601e-01 25 2.84044908842155746e+03
1 0 0 49 2.49999999999953593e-01 0.00000000000000000e+00 7.50000000000024203e-01 0 -3.57481477123320062e+01
1 0 0 49 2.49999999999953593e-01 0.00000000000000000e+00 7.50000000000024203e-01 1 -3.96907047262804724e+00
1 0 0 49 2.49999999999953593e-01 0.00000000000000000e+00 7.50000000000024203e-01 2 -5.87644368049114352e-01
1 0 0 49 2.49999999999953593e-01 0.00000000000000000e+00 7.50000000000024203e-01 3 1.23120070678728144e+00
1 0 0 49 2.49999999999953593e-01 0.00000000000000000e+00 7.50000000000024203e-01 4 1.30743613497102871e+01
1 0 0 49 2.49999999999953593e-01 0.00000000000000000e+00 7.50000000000024203e-01 5 1.37336728424029246e+01
1 0 0 49 2.49999999999953593e-01 0.00000000000000000e+00 7.50000000000024203e-01 6 1.54583331987366126e+01
1 0 0 49 2.49999999999953593e-01 0.00000000000000000e+00 7.50000000000024203e-01 7 1.70531895845945698e+01
1 0 0 49 2.49999999999953593e-01 0.00000000000000000e+00 7.50000000000024203e-01 8 1.82370765822476670e+01
1 0 0 49 2.49999999999953593e-01 0.00000000000000000e+00 7.50000000000024203e-01 9 2.55197962935683478e+01
1 0 0 49 2.49999999999953593e-01 0.00000000000000000e+00 7.50000000000024203e-01 10 2.87152158039489862e+01
1 0 0 49 2.49999999999953593e-01 0.00000000000000000e+00 7.50000000000024203e-01 11 3.38071896891506114e+01
1 0 0 49 2.49999999999953593e-01 0.00000000000000000e+00 7.50000000000024203e-01 12 3.48567965776880939e+01
1 0 0 49 2.49999999999953593e-01 0.00000000000000000e+00 7.50000000000024203e-01 13 3.77222584177040829e+01
1 0 0 49 2.49999999999953593e-01 0.00000000000000000e+00 7.50000000000024203e-01 14 3.91154330564595440e+01
1 0 0 49 2.49999999999953593e-01 0.00000000000000000e+00 7.50000000000024203e-01 15 4.01294718315632437e+01
1 0 0 49 2.49999999999953593e-01 0.00000000000000000e+00 7.50000000000024203e-01 16 4.28152241799863731e+01
1 0 0 49 2.49999999999953593e-01 0.00000000000000000e+00 7.50000000000024203e-01 17 4.85773175183936061e+01
1 0 0 49 2.49999999999953593e-01 0.00000000000000000e+00 7.50000000000024203e-01 18 5.17556181699623323e+01
1 0 0 49 2.49999999999953593e-01 0.00000000000000000e+00 7.50000000000024203e-01 19 8.71559910368285387e+01
1 0 0 49 2.49999999999953593e-01 0.00000000000000000e+00 7.50000000000024203e-01 20 1.02909516659712182e+02
1 0 0 49 2.49999999999953593e-01 0.00000000000000000e+00 7.50000000000024203e-01 21 2.25699199409928781e+02
1 0 0 49 2.49999999999953593e-01 0.00000000000000000e+00 7.50000000000024203e-01 22 7.56966070110008559e+02
1 0 0 49 2.49999999999953593e-01 0.00000000000000000e+00 7.50000000000024203e-01 23 1.04455475750648725e+03
1 0 0 49 2.49999999999953593e-01 0.00000000000000000e+00 7.50000000000024203e-01 24 1.74185258723404831e+03
1 0 0 49 2.49999999999953593e-01 0.00000000000000000e+00 7.50000000000024203e-01 25 3.22600033019343391e+03
1 0 0 50 4.99999999999989009e-01 0.00000000000000000e+00 7.50000000000024314e-01 0 -3.03910996713814754e+01
1 0 0 50 4.99999999999989009e-01 0.00000000000000000e+00 7.50000000000024314e-01 1 -6.47215454256799827e+00
1 0 0 50 4.99999999999989009e-01 0.00000000000000000e+00 7.50000000000024314e-01 2 1.58401225487280676e-03
1 0 0 50 4.99999999999989009e-01 0.00000000000000000e+00 7.50000000000024314e-01 3 5.64043187782298228e-01
1 0 0 50 4.99999999999989009e-01 0.00000000000000000e+00 7.50000000000024314e-01 4 1.09456089474620910e+01
1 0 0 50 4.99999999999989009e-01 0.00000000000000000e+00 7.50000000000024314e-01 5 1.38824143610345434e+01
1 0 0 50 4.99999999999989009e-01 0.00000000000000000e+00 7.50000000000024314e-01 6 1.69160998962096336e+01
1 0 0 50 4.99999999999989009e-01 0.00000000000000000e+00 7.50000000000024314e-01 7 1.81523816523912842e+01
1 0 0 50 4.99999999999989009e-01 0.00000000000000000e+00 7.50000000000024314e-01 8 2.33708995134972248e+01
1 0 0 50 4.99999999999989009e-01 0.00000000000000000e+00 7.50000000000024314e-01 9 2.59446424233092436e+01
1 0 0 50 4.99999999999989009e-01 0.00000000000000000e+00 7.50000000000024314e-01 10 2.81207859502578046e+01
1 0 0 50 4.99999999999989009e-01 0.00000000000000000e+00 7.50000000000024314e-01 11 2.86387455528383512e+01
1 0 0 50 4.99999999999989009e-01 0.00000000000000000e+00 7.50000000000024314e-01 12 3.65444140002128179e+01
1 0 0 50 4.99999999999989009e-01 0.00000000000000000e+00 7.50000000000024314e-01 13 3.72173980781894116e+01
1 0 0 50 4.99999999999989009e-01 0.00000000000000000e+00 7.50000000000024314e-01 14 3.80858292025297800e+01
1 0 0 50 4.99999999999989009e-01 0.00000000000000000e+00 7.50000000000024314e-01 15 4.25068841754450588e+01
1 0 0 50 4.99999999999989009e-01 0.00000000000000000e+00 7.50000000000024314e-01 16 4.65219201048257602e+01
1 0 0 50 4.99999999999989009e-01 0.00000000000000000e+00 7.50000000000024314e-01 17 4.84284419789794711e+01
1 0 0 50 4.99999999999989009e-01 0.00000000000000000e+00 7.50000000000024314e-01 18 5.14498533669752049e+01
1 0 0 50 4.99999999999989009e-01 0.00000000000000000e+00 7.50000000000024314e-01 19 7.34682463116729139e+01
1 0 0 50 4.99999999999989009e-01 0.00000000000000000e+00 7.50000000000024314e-01 20 1.17756957912369714e+02
1 0 0 50 4.99999999999989009e-01 0.00000000000000000e+00 7.50000000000024314e-01 21 1.30824522213736003e+02
1 0 0 50 4.99999999999989009e-01 0.00000000000000000e+00 7.50000000000024314e-01 22 8.89545128157105864e+02
1 0 0 50 4.99999999999989009e-01 0.00000000000000000e+00 7.50000000000024314e-01 23 1.10022881269158233e+03
1 0 0 50 4.99999999999989009e-01 0.00000000000000000e+00 7.50000000000024314e-01 24 1.89863145338591721e+03
1 0 0 50 4.99999999999989009e-01 0.00000000000000000e+00 7.50000000000024314e-01 25 3.16280764307742220e+03
1 0 0 51 7.50000000000024203e-01 0.00000000000000000e+00 7.50000000000024203e-01 0 -4.06559737919565123e+01
1 0 0 51 7.50000000000024203e-01 0.00000000000000000e+00 7.50000000000024203e-01 1 -1.96651757522540560e+00
1 0 0 51 7.50000000000024203e-01 0.00000000000000000e+00 7.50000000000024203e-01 2 7.12664320872009732e-02
1 0 0 51 7.50000000000024203e-01 0.00000000000000000e+00 7.50000000000024203e-01 3 3.00755255289366019e+00
1 0 0 51 7.50000000000024203e-01 0.00000000000000000e+00 7.50000000000024203e-01 4 1.07932691613711977e+01
1 0 0 51 7.50000000000024203e-01 0.00000000000000000e+00 7.50000000000024203e-01 5 1.39514716979405033e+01
1 0 0 51 7.50000000000024203e-01 0.00000000000000000e+00 7.50000000000024203e-01 6 1.61115876197388950e+01
1 0 0 51 7.50000000000024203e-01 0.00000000000000000e+00 7.50000000000024203e-01 7 1.73715991551108253e+01
1 0 0 51 7.50000000000024203e-01 0.00000000000000000e+00 7.50000000000024203e-01 8 2.01287176921820468e+01
1 0 0 51 7.50000000000024203e-01 0.00000000000000000e+00 7.50000000000024203e-01 9 2.29418073412602368e+01
1 0 0 51 7.50000000000024203e-01 0.00000000000000000e+00 7.50000000000024203e-01 10 2.94461812870576161e+01
1 0 0 51 7.50000000000024203e-01 0.00000000000000000e+00 7.50000000000024203e-01 11 3.15922291208732879e+01
1 0 0 51 7.50000000000024203e-01 0.00000000000000000e+00 7.50000000000024203e-01 12 3.33014823437473666e+01
1 0 0 51 7.50000000000024203e-01 0.00000000000000000e+00 7.50000000000024203e-01 13 3.73867977807021958e+01
1 0 0 51 7.50000000000024203e-01 0.00000000000000000e+00 7.50000000000024203e-01 14 4.08928037105564144e+01
1 0 0 51 7.50000000000024203e-01 0.00000000000000000e+00 7.50000000000024203e-01 15 4.44052946715945325e+01
1 0 0 51 7.50000000000024203e-01 0.00000000000000000e+00 7.50000000000024203e-01 16 4.65019070987562344e+01
1 0 0 51 7.50000000000024203e-01 0.00000000000000000e+00 7.50000000000024203e-01 17 4.93687232048115092e+01
1 0 0 51 7.50000000000024203e-01 0.00000000000000000e+00 7.50000000000024203e-01 18 5.57542381517524106e+01
1 0 0 51 7.50000000000024203e-01 0.00000000000000000e+00 7.50000000000024203e-01 19 1.37066457880261936e+02
1 0 0 51 7.50000000000024203e-01 0.00000000000000000e+00 7.50000000000024203e-01 20 1.51175471815451829e+02
1 0 0 51 7.50000000000024203e-01 0.00000000000000000e+00 7.50000000000024203e-01 21 2.71431668622335962e+02
1 0 0 51 7.50000000000024203e-01 0.00000000000000000e+00 7.50000000000024203e-01 22 6.53707286048251035e+02
1 0 0 51 7.50000000000024203e-01 0.00000000000000000e+00 7.50000000000024203e-01 23 1.53267638449819515e+03
1 0 0 51 7.50000000000024203e-01 0.00000000000000000e+00 7.50000000000024203e-01 24 1.70546065547244075e+03
1 0 0 51 7.50000000000024203e-01 0.00000000000000000e+00 7.50000000000024203e-01 25 1.94438545888301837e+03
1 0 0 52 0.00000000000000000e+00 2.49999999999953593e-01 7.50000000000024203e-01 0 -3.61987259696910115e+01
1 0 0 52 0.00000000000000000e+00 2.49999999999953593e-01 7.50000000000024203e-01 1 -3.57604285682631273e+00
1 0 0 52 0.00000000000000000e+00 2.49999999999953593e-01 7.50000000000024203e-01 2 -2.45171975268437592e-01
1 0 0 52 0.00000000000000000e+00 2.49999999999953593e-01 7.50000000000024203e-01 3 2.04063210016732910e+00
1 0 0 52 0.00000000000000000e+00 2.49999999999953593e-01 7.50000000000024203e-01 4 1.32504802066942045e+01
1 0 0 52 0.00000000000000000e+00 2.49999999999953593e-01 7.50000000000024203e-01 5 1.38700732946572369e+01
1 0 0 52 0.00000000000000000e+00 2.49999999999953593e-01 7.50000000000024203e-01 6 1.58004258415548566e+01
1 0 0 52 0.00000000000000000e+00 2.49999999999953593e-01 7.50000000000024203e-01 7 1.68695006203797817e+01
1 0 0 52 0.00000000000000000e+00 2.49999999999953593e-01 7.50000000000024203e-01 8 1.82774206838964837e+01
1 0 0 52 0.00000000000000000e+00 2.49999999999953593e-01 7.50000000000024203e-01 9 2.54530747401527329e+01
1 0 0 52 0.00000000000000000e+00 2.49999999999953593e-01 7.50000000000024203e-01 10 2.81679031492032053e+01
1 0 0 52 0.00000000000000000e+00 2.49999999999953593e-01 7.50000000000024203e-01 11 3.27120783456616664e+01
1 0 0 52 0.00000000000000000e+00 2.49999999999953593e-01 7.50000000000024203e-01 12 3.41552193320146884e+01
1 0 0 52 0.00000000000000000e+00 2.49999999999953593e-01 7.50000000000024203e-01 13 3.57691462136932614e+01
1 0 0 52 0.00000000000000000e+00 2.49999999999953593e-01 7.50000000000024203e-01 14 3.96051012368155710e+01
1 0 0 52 0.00000000000000000e+00 2.49999999999953593e-01 7.50000000000024203e-01 15 4.14460526794799691e+01
1 0 0 52 0.00000000000000000e+00 2.49999999999953593e-01 7.50000000000024203e-01 16 4.45470512440544084e+01
1 0 0 52 0.00000000000000000e+00 2.49999999999953593e-01 7.50000000000024203e-01 17 4.86679676253057067e+01
1 0 0 52 0.00000000000000000e+00 2.49999999999953593e-01 7.50000000000024203e-01 18 5.22667507335445691e+01
1 0 0 52 0.00000000000000000e+00 2.49999999999953593e-01 7.50000000000024203e-01 19 8.38302485836771467e+01
1 0 0 52 0.00000000000000000e+00 2.49999999999953593e-01 7.50000000000024203e-01 20 1.04834846234495927e+02
1 0 0 52 0.00000000000000000e+00 2.49999999999953593e-01 7.50000000000024203e-01 21 2.31651683369773849e+02
1 0 0 52 0.00000000000000000e+00 2.49999999999953593e-01 7.50000000000024203e-01 22 6.76965576989078500e+02
1 0 0 52 0.00000000000000000e+00 2.49999999999953593e-01 7.50000000000024203e-01 23 9.49196967481385400e+02
1 0 0 52 0.00000000000000000e+00 2.49999999999953593e-01 7.50000000000024203e-01 24 1.81567769746721365e+03
1 0 0 52 0.00000000000000000e+00 2.49999999999953593e-01 7.50000000000024203e-01 25 3.35367353233079075e+03
1 0 0 53 2.49999999999953648e-01 2.49999999999953648e-01 7.49999999999942601e-01 0 -3.59940648348957026e+01
1 0 0 53 2.49999999999953648e-01 2.49999999999953648e-01 7.49999999999942601e-01 1 -4.86789443660147647e+00
1 0 0 53 2.49999999999953648e-01 2.49999999999953648e-01 7.49999999999942601e-01 2 -1.12570274776528279e+00
1 0 0 53 2.49999999999953648e-01 2.49999999999953648e-01 7.49999999999942601e-01 3 2.10459471059392511e+00
1 0 0 53 2.49999999999953648e-01 2.49999999999953648e-01 7.49999999999942601e-01 4 1.03948336707789188e+01
1 0 0 53 2.49999999999953648e-01 2.49999999999953648e-01 7.49999999999942601e-01 5 1.38875204543020221e+01
1 0 0 53 2.49999999999953648e-01 2.49999999999953648e-01 7.49999999999942601e-01 6 1.66642958017939762e+01
1 0 0 53 2.49999999999953648e-01 2.49999999999953648e-01 7.49999999999942601e-01 7 1.74357621017279811e+01
1 0 0 53 2.49999999999953648e-01 2.49999999999953648e-01 7.49999999999942601e-01 8 2.40851042720746058e+01
1 0 0 53 2.49999999999953648e-01 2.49999999999953648e-01 7.49999999999942601e-01 9 2.60676254122989128e+01
1 0 0 53 2.49999999999953648e-01 2.49999999999953648e-01 7.49999999999942601e-01 10 2.76708790780748046e+01
1 0 0 53 2.49999999999953648e-01 2.49999999999953648e-01 7.49999999999942601e-01 11 2.91766153559191537e+01
1 0 0 53 2.49999999999953648e-01 2.49999999999953648e-01 7.49999999999942601e-01 12 3.62799740506097379e+01
1 0 0 53 2.49999999999953648e-01 2.49999999999953648e-01 7.49999999999942601e-01 13 3.74808833294700321e+01
1 0 0 53 2.49999999999953648e-01 2.49999999999953648e-01 7.49999999999942601e-01 14 3.82614307144610066e+01
1 0 0 53 2.49999999999953648e-01 2.49999999999953648e-01 7.49999999999942601e-01 15 4.16858668720750600e+01
1 0 0 53 2.49999999999953648e-01 2.49999999999953648e-01 7.49999999999942601e-01 16 4.62284692121588776e+01
1 0 0 53 2.49999999999953648e-01 2.49999999999953648e-01 7.49999999999942601e-01 17 4.77775829543456041e+01
1 0 0 53 2.49999999999953648e-01 2.49999999999953648e-01 7.49999999999942601e-01 18 5.27996949308184256e+01
1 0 0 53 2.49999999999953648e-01 2.49999999999953648e-01 7.49999999999942601e-01 19 7.16484754271138371e+01
1 0 0 53 2.49999999999953648e-01 2.49999999999953648e-01 7.49999999999942601e-01 20 1.23666778030573795e+02
1 0 0 53 2.49999999999953648e-01 2.49999999999953648e-01 7.49999999999942601e-01 21 1.28956480587879838e+02
1 0 0 53 2.49999999999953648e-01 2.49999999999953648e-01 7.49999999999942601e-01 22 8.75391983340528554e+02
1 0 0 53 2.49999999999953648e-01 2.49999999999953648e-01 7.49999999999942601e-01 23 1.06611635525088082e+03
1 0 0 53 2.49999999999953648e-01 2.49999999999953648e-01 7.49999999999942601e-01 24 1.74422489172817518e+03
1 0 0 53 2.49999999999953648e-01 2.49999999999953648e-01 7.49999999999942601e-01 25 3.40688669775144172e+03
1 0 0 54 4.99999999999988898e-01 2.50000000000035305e-01 7.50000000000024203e-01 0 -3.08155551367139680e+01
1 0 0 54 4.99999999999988898e-01 2.50000000000035305e-01 7.50000000000024203e-01 1 -5.14772923405951666e+00
1 0 0 54 4.99999999999988898e-01 2.50000000000035305e-01 7.50000000000024203e-01 2 -1.60051573545621784e+00
1 0 0 54 4.99999999999988898e-01 2.50000000000035305e-01 7.50000000000024203e-01 3 -4.44066504584528621e-01
1 0 0 54 4.99999999999988898e-01 2.50000000000035305e-01 7.50000000000024203e-01 4 1.25088246423234963e+01
1 0 0 54 4.99999999999988898e-01 2.50000000000035305e-01 7.50000000000024203e-01 5 1.35731462779708867e+01
1 0 0 54 4.99999999999988898e-01 2.50000000000035305e-01 7.50000000000024203e-01 6 1.67020396074727948e+01
1 0 0 54 4.99999999999988898e-01 2.50000000000035305e-01 7.50000000000024203e-01 7 1.79522093881893099e+01
1 0 0 54 4.99999999999988898e-01 2.50000000000035305e-01 7.50000000000024203e-01 8 2.36151195097315281e+01
1 0 0 54 4.99999999999988898e-01 2.50000000000035305e-01 7.50000000000024203e-01 9 2.54214401114274438e+01
1 0 0 54 4.99999999999988898e-01 2.50000000000035305e-01 7.50000000000024203e-01 10 2.85145811465758179e+01
1 0 0 54 4.99999999999988898e-01 2.50000000000035305e-01 7.50000000000024203e-01 11 3.05571979864681005e+01
1 0 0 54 4.99999999999988898e-01 2.50000000000035305e-01 7.50000000000024203e-01 12 3.59912190814433117e+01
1 0 0 54 4.99999999999988898e-01 2.50000000000035305e-01 7.50000000000024203e-01 13 3.75569896693399699e+01
1 0 0 54 4.99999999999988898e-01 2.50000000000035305e-01 7.50000000000024203e-01 14 3.96386378151006795e+01
1 0 0 54 4.99999999999988898e-01 2.50000000000035305e-01 7.50000000000024203e-01 15 4.13599543321035341e+01
1 0 0 54 4.99999999999988898e-01 2.50000000000035305e-01 7.50000000000024203e-01 16 4.29023048210906666e+01
1 0 0 54 4.99999999999988898e-01 2.50000000000035305e-01 7.50000000000024203e-01 17 4.43666128144332106e+01
1 0 0 54 4.99999999999988898e-01 2.50000000000035305e-01 7.50000000000024203e-01 18 5.37608069816271552e+01
1 0 0 54 4.99999999999988898e-01 2.50000000000035305e-01 7.50000000000024203e-01 19 5.81421617313249612e+01
1 0 0 54 4.99999999999988898e-01 2.50000000000035305e-01 7.50000000000024203e-01 20 9.39045440647100662e+01
1 0 0 54 4.99999999999988898e-01 2.50000000000035305e-01 7.50000000000024203e-01 21 9.75190781615057602e+01
1 0 0 54 4.99999999999988898e-01 2.50000000000035305e-01 7.50000000000024203e-01 22 1.36389489159013033e+03
1 0 0 54 4.99999999999988898e-01 2.50000000000035305e-01 7.50000000000024203e-01 23 1.55510121294697933e+03
1 0 0 54 4.99999999999988898e-01 2.50000000000035305e-01 7.50000000000024203e-01 24 2.36355746901679686e+03
1 0 0 54 4.99999999999988898e-01 2.50000000000035305e-01 7.50000000000024203e-01 25 2.51827846650711444e+03
1 0 0 55 7.50000000000024314e-01 2.50000000000035305e-01 7.50000000000024314e-01 0 -3.10066614735122066e+01
1 0 0 55 7.50000000000024314e-01 2.50000000000035305e-01 7.50000000000024314e-01 1 -6.16901138344259969e+00
1 0 0 55 7.50000000000024314e-01 2.50000000000035305e-01 7.50000000000024314e-01 2 -4.50392906392592496e-01
1 0 0 55 7.50000000000024314e-01 2.50000000000035305e-01 7.50000000000024314e-01 3 2.56105096923580744e+00
1 0 0 55 7.50000000000024314e-01 2.50000000000035305e-01 7.50000000000024314e-01 4 1.11760104087581080e+01
1 0 0 55 7.50000000000024314e-01 2.50000000000035305e-01 7.50000000000024314e-01 5 1.39278562559994654e+01
1 0 0 55 7.50000000000024314e-01 2.50000000000035305e-01 7.50000000000024314e-01 6 1.66175269172635254e+01
1 0 0 55 7.50000000000024314e-01 2.50000000000035305e-01 7.50000000000024314e-01 7 1.79322860056930402e+01
1 0 0 55 7.50000000000024314e-01 2.50000000000035305e-01 7.50000000000024314e-01 8 2.36559778001994303e+01
1 0 0 55 7.50000000000024314e-01 2.50000000000035305e-01 7.50000000000024314e-01 9 2.55747098118130047e+01
1 0 0 55 7.50000000000024314e-01 2.50000000000035305e-01 7.50000000000024314e-01 10 2.74367248915597663e+01
1 0 0 55 7.50000000000024314e-01 2.50000000000035305e-01 7.50000000000024314e-01 11 2.92995071525176485e+01
1 0 0 55 7.50000000000024314e-01 2.50000000000035305e-01 7.50000000000024314e-01 12 3.51771088731355235e+01
1 0 0 55 7.50000000000024314e-01 2.50000000000035305e-01 7.50000000000024314e-01 13 3.64942793131762144e+01
1 0 0 55 7.50000000000024314e-01 2.50000000000035305e-01 7.50000000000024314e-01 14 3.79210590085038035e+01
1 0 0 55 7.50000000000024314e-01 2.50000000000035305e-01 7.50000000000024314e-01 15 4.22261334908496337e+01
1 0 0 55 7.50000000000024314e-01 2.50000000000035305e-01 7.50000000000024314e-01 16 4.70685243626211758e+01
1 0 0 55 7.50000000000024314e-01 2.50000000000035305e-01 7.50000000000024314e-01 17 4.87519343060844008e+01
1 0 0 55 7.50000000000024314e-01 2.50000000000035305e-01 7.50000000000024314e-01 18 5.28375374374669846e+01
1 0 0 55 7.50000000000024314e-01 2.50000000000035305e-01 7.50000000000024314e-01 19 7.13989451631759238e+01
1 0 0 55 7.50000000000024314e-01 2.50000000000035305e-01 7.50000000000024314e-01 20 1.19534161021328401e+02
1 0 0 55 7.50000000000024314e-01 2.50000000000035305e-01 7.50000000000024314e-01 21 1.27521693037249051e+02
1 0 0 55 7.50000000000024314e-01 2.50000000000035305e-01 7.50000000000024314e-01 22 9.00552116687464149e+02
1 0 0 55 7.50000000000024314e-01 2.50000000000035305e-01 7.50000000000024314e-01 23 1.12678865273191172e+03
1 0 0 55 7.50000000000024314e-01 2.50000000000035305e-01 7.50000000000024314e-01 24 1.78309026312793799e+03
1 0 0 55 7.50000000000024314e-01 2.50000000000035305e-01 7.50000000000024314e-01 25 3.37799795476975942e+03
1 0 0 56 0.00000000000000000e+00 4.99999999999989009e-01 7.50000000000024314e-01 0 -2.96680375711970754e+01
1 0 0 56 0.00000000000000000e+00 4.99999999999989009e-01 7.50000000000024314e-01 1 -7.09681379998666539e+00
1 0 0 56 0.00000000000000000e+00 4.99999999999989009e-01 7.50000000000024314e-01 2 -4.35407838806039893e-01
1 0 0 56 0.00000000000000000e+00 4.99999999999989009e-01 7.50000000000024314e-01 3 1.82746326341097109e+00
1 0 0 56 0.00000000000000000e+00 4.99999999999989009e-01 7.50000000000024314e-01 4 1.14486975450624691e+01
1 0 0 56 0.00000000000000000e+00 4.99999999999989009e-01 7.50000000000024314e-01 5 1.36410040324201738e+01
1 0 0 56 0.00000000000000000e+00 4.99999999999989009e-01 7.50000000000024314e-01 6 1.68953165165968606e+01
1 0 0 56 0.00000000000000000e+00 4.99999999999989009e-01 7.50000000000024314e-01 7 1.80127521209838690e+01
1 0 0 56 0.00000000000000000e+00 4.99999999999989009e-01 7.50000000000024314e-01 8 2.30644878662278359e+01
1 0 0 56 0.00000000000000000e+00 4.99999999999989009e-01 7.50000000000024314e-01 9 2.47719633669012644e+01
1 0 0 56 0.00000000000000000e+00 4.99999999999989009e-01 7.50000000000024314e-01 10 2.81306918033939404e+01
1 0 0 56 0.00000000000000000e+00 4.99999999999989009e-01 7.50000000000024314e-01 11 2.89633093647080564e+01
1 0 0 56 0.00000000000000000e+00 4.99999999999989009e-01 7.50000000000024314e-01 12 3.57637568402560149e+01
1 0 0 56 0.00000000000000000e+00 4.99999999999989009e-01 7.50000000000024314e-01 13 3.76104964604262051e+01
1 0 0 56 0.00000000000000000e+00 4.99999999999989009e-01 7.50000000000024314e-01 14 3.89630828075334605e+01
1 0 0 56 0.00000000000000000e+00 4.99999999999989009e-01 7.50000000000024314e-01 15 4.24996071805345537e+01
1 0 0 56 0.00000000000000000e+00 4.99999999999989009e-01 7.50000000000024314e-01 16 4.71559178451244705e+01
1 0 0 56 0.00000000000000000e+00 4.99999999999989009e-01 7.50000000000024314e-01 17 4.92681800674088706e+01
1 0 0 56 0.00000000000000000e+00 4.99999999999989009e-01 7.50000000000024314e-01 18 5.10694857955998742e+01
1 0 0 56 0.00000000000000000e+00 4.99999999999989009e-01 7.50000000000024314e-01 19 7.19139753417987748e+01
1 0 0 56 0.00000000000000000e+00 4.99999999999989009e-01 7.50000000000024314e-01 20 1.14416378471743201e+02
1 0 0 56 0.00000000000000000e+00 4.99999999999989009e-01 7.50000000000024314e-01 21 1.28263023727696094e+02
1 0 0 56 0.00000000000000000e+00 4.99999999999989009e-01 7.50000000000024314e-01 22 8.67093165075836964e+02
1 0 0 56 0.00000000000000000e+00 4.99999999999989009e-01 7.50000000000024314e-01 23 1.05358291806675561e+03
1 0 0 56 0.00000000000000000e+00 4.99999999999989009e-01 7.50000000000024314e-01 24 1.94722227066745768e+03
1 0 0 56 0.00000000000000000e+00 4.99999999999989009e-01 7.50000000000024314e-01 25 3.26067989887484691e+03
1 0 0 57 2.50000000000035305e-01 4.99999999999988898e-01 7.50000000000024203e-01 0 -2.89556830079452361e+01
1 0 0 57 2.50000000000035305e-01 4.99999999999988898e-01 7.50000000000024203e-01 1 -5.77901407848709336e+00
1 0 0 57 2.50000000000035305e-01 4.99999999999988898e-01 7.50000000000024203e-01 2 -1.53437026574908320e+00
1 0 0 57 2.50000000000035305e-01 4.99999999999988898e-01 7.50000000000024203e-01 3 -3.66499024052184888e-02
1 0 0 57 2.50000000000035305e-01 4.99999999999988898e-01 7.50000000000024203e-01 4 1.23667854261267269e+01
1 0 0 57 2.50000000000035305e-01 4.99999999999988898e-01 7.50000000000024203e-01 5 1.34801008274595482e+01
1 0 0 57 2.50000000000035305e-01 4.99999999999988898e-01 7.50000000000024203e-01 6 1.58218470253811674e+01
1 0 0 57 2.50000000000035305e-01 4.99999999999988898e-01 7.50000000000024203e-01 7 1.79901070421815241e+01
1 0 0 57 2.50000000000035305e-01 4.99999999999988898e-01 7.50000000000024203e-01 8 2.29522182186639263e+01
1 0 0 57 2.50000000000035305e-01 4.99999999999988898e-01 7.50000000000024203e-01 9 2.46018818014162584e+01
1 0 0 57 2.50000000000035305e-01 4.99999999999988898e-01 7.50000000000024203e-01 10 2.90368882680353444e+01
1 0 0 57 2.50000000000035305e-01 4.99999999999988898e-01 7.50000000000024203e-01 11 3.06067168424202869e+01
1 0 0 57 2.50000000000035305e-01 4.99999999999988898e-01 7.50000000000024203e-01 12 3.60089165330746752e+01
1 0 0 57 2.50000000000035305e-01 4.99999999999988898e-01 7.50000000000024203e-01 13 3.76840307185704120e+01
1 0 0 57 2.50000000000035305e-01 4.99999999999988898e-01 7.50000000000024203e-01 14 3.98159421625244789e+01
1 0 0 57 2.50000000000035305e-01 4.99999999999988898e-01 7.50000000000024203e-01 15 4.16861613464472072e+01
1 0 0 57 2.50000000000035305e-01 4.99999999999988898e-01 7.50000000000024203e-01 16 4.32383645345703158e+01
1 0 0 57 2.50000000000035305e-01 4.99999999999988898e-01 7.50000000000024203e-01 17 4.46902886625701399e+01
1 0 0 57 2.50000000000035305e-01 4.99999999999988898e-01 7.50000000000024203e-01 18 5.35475573020539315e+01
1 0 0 57 2.50000000000035305e-01 4.99999999999988898e-01 7.50000000000024203e-01 19 5.72074354438292403e+01
1 0 0 57 2.50000000000035305e-01 4.99999999999988898e-01 7.50000000000024203e-01 20 9.29919689339809565e+01
1 0 0 57 2.50000000000035305e-01 4.99999999999988898e-01 7.50000000000024203e-01 21 9.92235427453020833e+01
1 0 0 57 2.50000000000035305e-01 4.99999999999988898e-01 7.50000000000024203e-01 22 1.33798515808537491e+03
1 0 0 57 2.50000000000035305e-01 4.99999999999988898e-01 7.50000000000024203e-01 23 1.46585500499607497e+03
1 0 0 57 2.50000000000035305e-01 4.99999999999988898e-01 7.50000000000024203e-01 24 2.44728138612485327e+03
1 0 0 57 2.50000000000035305e-01 4.99999999999988898e-01 7.50000000000024203e-01 25 2.53436604019728475e+03
1 0 0 58 4.99999999999988953e-01 4.99999999999988953e-01 7.49999999999942601e-01 0 -3.56005097913498147e+01
1 0 0 58 4.99999999999988953e-01 4.99999999999988953e-01 7.49999999999942601e-01 1 -5.78680690750090765e+00
1 0 0 58 4.99999999999988953e-01 4.99999999999988953e-01 7.49999999999942601e-01 2 -6.06267910841731483e-01
1 0 0 58 4.99999999999988953e-01 4.99999999999988953e-01 7.49999999999942601e-01 3 1.89690239174069730e+00
1 0 0 58 4.99999999999988953e-01 4.99999999999988953e-01 7.49999999999942601e-01 4 1.06865592346703231e+01
1 0 0 58 4.99999999999988953e-01 4.99999999999988953e-01 7.49999999999942601e-01 5 1.33113571937124711e+01
1 0 0 58 4.99999999999988953e-01 4.99999999999988953e-01 7.49999999999942601e-01 6 1.68675809382063164e+01
1 0 0 58 4.99999999999988953e-01 4.99999999999988953e-01 7.49999999999942601e-01 7 1.77124124642901357e+01
1 0 0 58 4.99999999999988953e-01 4.99999999999988953e-01 7.49999999999942601e-01 8 2.36860902018504653e+01
1 0 0 58 4.99999999999988953e-01 4.99999999999988953e-01 7.49999999999942601e-01 9 2.48444681164054302e+01
1 0 0 58 4.99999999999988953e-01 4.99999999999988953e-01 7.49999999999942601e-01 10 2.71095630330885911e+01
1 0 0 58 4.99999999999988953e-01 4.99999999999988953e-01 7.49999999999942601e-01 11 2.85581638253412322e+01
1 0 0 58 4.99999999999988953e-01 4.99999999999988953e-01 7.49999999999942601e-01 12 3.59630123009331513e+01
1 0 0 58 4.99999999999988953e-01 4.99999999999988953e-01 7.49999999999942601e-01 13 3.80792862212788989e+01
1 0 0 58 4.99999999999988953e-01 4.99999999999988953e-01 7.49999999999942601e-01 14 3.90943581718510060e+01
1 0 0 58 4.99999999999988953e-01 4.99999999999988953e-01 7.49999999999942601e-01 15 4.19337799781036651e+01
1 0 0 58 4.99999999999988953e-01 4.99999999999988953e-01 7.49999999999942601e-01 16 4.68092004814051563e+01
1 0 0 58 4.99999999999988953e-01 4.99999999999988953e-01 7.49999999999942601e-01 17 4.92895290557795747e+01
1 0 0 58 4.99999999999988953e-01 4.99999999999988953e-01 7.49999999999942601e-01 18 5.20926406686521233e+01
1 0 0 58 4.99999999999988953e-01 4.99999999999988953e-01 7.49999999999942601e-01 19 7.36274936107904523e+01
1 0 0 58 4.99999999999988953e-01 4.99999999999988953e-01 7.49999999999942601e-01 20 1.18867841629420056e+02
1 0 0 58 4.99999999999988953e-01 4.99999999999988953e-01 7.49999999999942601e-01 21 1.30505806700688737e+02
1 0 0 58 4.99999999999988953e-01 4.99999999999988953e-01 7.49999999999942601e-01 22 9.13764220006435835e+02
1 0 0 58 4.99999999999988953e-01 4.99999999999988953e-01 7.49999999999942601e-01 23 1.09351709057431390e+03
1 0 0 58 4.99999999999988953e-01 4.99999999999988953e-01 7.49999999999942601e-01 24 1.84097706585650803e+03
1 0 0 58 4.99999999999988953e-01 4.99999999999988953e-01 7.49999999999942601e-01 25 3.41744890731992655e+03
1 0 0 59 7.50000000000024203e-01 5.00000000000070610e-01 7.50000000000024203e-01 0 -3.57923067692926224e+01
1 0 0 59 7.50000000000024203e-01 5.00000000000070610e-01 7.50000000000024203e-01 1 -4.95050029840042338e+00
1 0 0 59 7.50000000000024203e-01 5.00000000000070610e-01 7.50000000000024203e-01 2 3.77737506211064944e-01
1 0 0 59 7.50000000000024203e-01 5.00000000000070610e-01 7.50000000000024203e-01 3 1.95818520379419447e+00
1 0 0 59 7.50000000000024203e-01 5.00000000000070610e-01 7.50000000000024203e-01 4 1.32341160288459960e+01
1 0 0 59 7.50000000000024203e-01 5.00000000000070610e-01 7.50000000000024203e-01 5 1.38070711452487682e+01
1 0 0 59 7.50000000000024203e-01 5.00000000000070610e-01 7.50000000000024203e-01 6 1.56600015633494234e+01
1 0 0 59 7.50000000000024203e-01 5.00000000000070610e-01 7.50000000000024203e-01 7 1.72646732382864556e+01
1 0 0 59 7.50000000000024203e-01 5.00000000000070610e-01 7.50000000000024203e-01 8 1.88818186024482806e+01
1 0 0 59 7.50000000000024203e-01 5.00000000000070610e-01 7.50000000000024203e-01 9 2.45549418995620883e+01
1 0 0 59 7.50000000000024203e-01 5.00000000000070610e-01 7.50000000000024203e-01 10 2.75238827538161033e+01
1 0 0 59 7.50000000000024203e-01 5.00000000000070610e-01 7.50000000000024203e-01 11 3.27411722327651091e+01
1 0 0 59 7.50000000000024203e-01 5.00000000000070610e-01 7.50000000000024203e-01 12 3.46872819553111569e+01
1 0 0 59 7.50000000000024203e-01 5.00000000000070610e-01 7.50000000000024203e-01 13 3.56602586116841138e+01
1 0 0 59 7.50000000000024203e-01 5.00000000000070610e-01 7.50000000000024203e-01 14 3.85913056336244793e+01
1 0 0 59 7.50000000000024203e-01 5.00000000000070610e-01 7.50000000000024203e-01 15 4.20768620239245976e+01
1 0 0 59 7.50000000000024203e-01 5.00000000000070610e-01 7.50000000000024203e-01 16 4.46588251807311281e+01
1 0 0 59 7.50000000000024203e-01 5.00000000000070610e-01 7.50000000000024203e-01 17 4.86245308702151533e+01
1 0 0 59 7.50000000000024203e-01 5.00000000000070610e-01 7.50000000000024203e-01 18 5.35547994832583001e+01
1 0 0 59 7.50000000000024203e-01 5.00000000000070610e-01 7.50000000000024203e-01 19 8.56026650174162000e+01
1 0 0 59 7.50000000000024203e-01 5.00000000000070610e-01 7.50000000000024203e-01 20 1.07619339990781071e+02
1 0 0 59 7.50000000000024203e-01 5.00000000000070610e-01 7.50000000000024203e-01 21 2.21457059798524540e+02
1 0 0 59 7.50000000000024203e-01 5.00000000000070610e-01 7.50000000000024203e-01 22 7.60399189806799768e+02
1 0 0 59 7.50000000000024203e-01 5.00000000000070610e-01 7.50000000000024203e-01 23 9.71652396195827464e+02
1 0 0 59 7.50000000000024203e-01 5.00000000000070610e-01 7.50000000000024203e-01 24 1.68267531057408019e+03
1 0 0 59 7.50000000000024203e-01 5.00000000000070610e-01 7.50000000000024203e-01 25 3.29817299433132257e+03
1 0 0 60 0.00000000000000000e+00 7.50000000000024203e-01 7.50000000000024203e-01 0 -4.06129260088145898e+01
1 0 0 60 0.00000000000000000e+00 7.50000000000024203e-01 7.50000000000024203e-01 1 -1.93757266732836753e+00
1 0 0 60 0.00000000000000000e+00 7.50000000000024203e-01 7.50000000000024203e-01 2 -6.70233014584132980e-01
1 0 0 60 0.00000000000000000e+00 7.50000000000024203e-01 7.50000000000024203e-01 3 2.56482209652845317e+00
1 0 0 60 0.00000000000000000e+00 7.50000000000024203e-01 7.50000000000024203e-01 4 1.02129910514892597e+01
1 0 0 60 0.00000000000000000e+00 7.50000000000024203e-01 7.50000000000024203e-01 5 1.39950859275039132e+01
1 0 0 60 0.00000000000000000e+00 7.50000000000024203e-01 7.50000000000024203e-01 6 1.63543185414667960e+01
1 0 0 60 0.00000000000000000e+00 7.50000000000024203e-01 7.50000000000024203e-01 7 1.73473541958691122e+01
1 0 0 60 0.00000000000000000e+00 7.50000000000024203e-01 7.50000000000024203e-01 8 2.03395305896084331e+01
1 0 0 60 0.00000000000000000e+00 7.50000000000024203e-01 7.50000000000024203e-01 9 2.31374543625325728e+01
1 0 0 60 0.00000000000000000e+00 7.50000000000024203e-01 7.50000000000024203e-01 10 2.91991050631757396e+01
1 0 0 60 0.00000000000000000e+00 7.50000000000024203e-01 7.50000000000024203e-01 11 3.16422433521126365e+01
1 0 0 60 0.00000000000000000e+00 7.50000000000024203e-01 7.50000000000024203e-01 12 3.41650148369895561e+01
1 0 0 60 0.00000000000000000e+00 7.50000000000024203e-01 7.50000000000024203e-01 13 3.76870910415687348e+01
1 0 0 60 0.00000000000000000e+00 7.50000000000024203e-01 7.50000000000024203e-01 14 4.06644635974175159e+01
1 0 0 60 0.00000000000000000e+00 7.50000000000024203e-01 7.50000000000024203e-01 15 4.41683821715131799e+01
1 0 0 60 0.00000000000000000e+00 7.50000000000024203e-01 7.50000000000024203e-01 16 4.72866894198816397e+01
1 0 0 60 0.00000000000000000e+00 7.50000000000024203e-01 7.50000000000024203e-01 17 4.94898006763481106e+01
1 0 0 60 0.00000000000000000e+00 7.50000000000024203e-01 7.50000000000024203e-01 18 5.50398270325856771e+01
1 0 0 60 0.00000000000000000e+00 7.50000000000024203e-01 7.50000000000024203e-01 19 1.41236203571429201e+02
1 0 0 60 0.00000000000000000e+00 7.50000000000024203e-01 7.50000000000024203e-01 20 1.46861083511302212e+02
1 0 0 60 0.00000000000000000e+00 7.50000000000024203e-01 7.50000000000024203e-01 21 2.71846100936191363e+02
1 0 0 60 0.00000000000000000e+00 7.50000000000024203e-01 7.50000000000024203e-01 22 6.45972482687768434e+02
1 0 0 60 0.00000000000000000e+00 7.50000000000024203e-01 7.50000000000024203e-01 23 1.58145688361413636e+03
1 0 0 60 0.00000000000000000e+00 7.50000000000024203e-01 7.50000000000024203e-01 24 1.68984142868271510e+03
1 0 0 60 0.00000000000000000e+00 7.50000000000024203e-01 7.50000000000024203e-01 25 1.94054054493649119e+03
1 0 0 61 2.50000000000035305e-01 7.50000000000024314e-01 7.50000000000024314e-01 0 -2.95176291791299370e+01
1 0 0 61 2.50000000000035305e-01 7.50000000000024314e-01 7.50000000000024314e-01 1 -6.40975746831630655e+00
1 0 0 61 2.50000000000035305e-01 7.50000000000024314e-01 7.50000000000024314e-01 2 -8.51204908790329728e-01
1 0 0 61 2.50000000000035305e-01 7.50000000000024314e-01 7.50000000000024314e-01 3 8.38298332952076342e-01
1 0 0 61 2.50000000000035305e-01 7.50000000000024314e-01 7.50000000000024314e-01 4 1.07903988753361517e+01
1 0 0 61 2.50000000000035305e-01 7.50000000000024314e-01 7.50000000000024314e-01 5 1.40617137837747048e+01
1 0 0 61 2.50000000000035305e-01 7.50000000000024314e-01 7.50000000000024314e-01 6 1.64434657769338024e+01
1 0 0 61 2.50000000000035305e-01 7.50000000000024314e-01 7.50000000000024314e-01 7 1.73028526880642666e+01
1 0 0 61 2.50000000000035305e-01 7.50000000000024314e-01 7.50000000000024314e-01 8 2.35651661330270059e+01
1 0 0 61 2.50000000000035305e-01 7.50000000000024314e-01 7.50000000000024314e-01 9 2.60081988227355083e+01
1 0 0 61 2.50000000000035305e-01 7.50000000000024314e-01 7.50000000000024314e-01 10 2.83899846634319744e+01
1 0 0 61 2.50000000000035305e-01 7.50000000000024314e-01 7.50000000000024314e-01 11 2.94597562210600081e+01
1 0 0 61 2.50000000000035305e-01 7.50000000000024314e-01 7.50000000000024314e-01 12 3.49925063904688116e+01
1 0 0 61 2.50000000000035305e-01 7.50000000000024314e-01 7.50000000000024314e-01 13 3.67969449608197507e+01
1 0 0 61 2.50000000000035305e-01 7.50000000000024314e-01 7.50000000000024314e-01 14 3.81690480324238592e+01
1 0 0 61 2.50000000000035305e-01 7.50000000000024314e-01 7.50000000000024314e-01 15 4.21805066949854677e+01
1 0 0 61 2.50000000000035305e-01 7.50000000000024314e-01 7.50000000000024314e-01 16 4.74467663265805015e+01
1 0 0 61 2.50000000000035305e-01 7.50000000000024314e-01 7.50000000000024314e-01 17 4.85236378461877536e+01
1 0 0 61 2.50000000000035305e-01 7.50000000000024314e-01 7.50000000000024314e-01 18 5.20977520762350395e+01
1 0 0 61 2.50000000000035305e-01 7.50000000000024314e-01 7.50000000000024314e-01 19 7.38815621634651478e+01
1 0 0 61 2.50000000000035305e-01 7.50000000000024314e-01 7.50000000000024314e-01 20 1.18668245490111602e+02
1 0 0 61 2.50000000000035305e-01 7.50000000000024314e-01 7.50000000000024314e-01 21 1.32881490317559212e+02
1 0 0 61 2.50000000000035305e-01 7.50000000000024314e-01 7.50000000000024314e-01 22 8.46415028049418879e+02
1 0 0 61 2.50000000000035305e-01 7.50000000000024314e-01 7.50000000000024314e-01 23 1.09103926780644997e+03
1 0 0 61 2.50000000000035305e-01 7.50000000000024314e-01 7.50000000000024314e-01 24 1.85840470638790475e+03
1 0 0 61 2.50000000000035305e-01 7.50000000000024314e-01 7.50000000000024314e-01 25 3.36021662526766477e+03
1 0 0 62 5.00000000000070610e-01 7.50000000000024203e-01 7.50000000000024203e-01 0 -3.57977318787998158e+01
1 0 0 62 5.00000000000070610e-01 7.50000000000024203e-01 7.50000000000024203e-01 1 -3.60849892962788177e+00
1 0 0 62 5.00000000000070610e-01 7.50000000000024203e-01 7.50000000000024203e-01 2 -5.92772029526600686e-01
1 0 0 62 5.00000000000070610e-01 7.50000000000024203e-01 7.50000000000024203e-01 3 7.93203399092096806e-01
1 0 0 62 5.00000000000070610e-01 7.50000000000024203e-01 7.50000000000024203e-01 4 1.30247287918589265e+01
1 0 0 62 5.00000000000070610e-01 7.50000000000024203e-01 7.50000000000024203e-01 5 1.37374535881430191e+01
1 0 0 62 5.00000000000070610e-01 7.50000000000024203e-01 7.50000000000024203e-01 6 1.50816971599346896e+01
1 0 0 62 5.00000000000070610e-01 7.50000000000024203e-01 7.50000000000024203e-01 7 1.70247598331168959e+01
1 0 0 62 5.00000000000070610e-01 7.50000000000024203e-01 7.50000000000024203e-01 8 1.90378807571791313e+01
1 0 0 62 5.00000000000070610e-01 7.50000000000024203e-01 7.50000000000024203e-01 9 2.54521717921929138e+01
1 0 0 62 5.00000000000070610e-01 7.50000000000024203e-01 7.50000000000024203e-01 10 2.82184417201281583e+01
1 0 0 62 5.00000000000070610e-01 7.50000000000024203e-01 7.50000000000024203e-01 11 3.33257014704808725e+01
1 0 0 62 5.00000000000070610e-01 7.50000000000024203e-01 7.50000000000024203e-01 12 3.40681316960784315e+01
1 0 0 62 5.00000000000070610e-01 7.50000000000024203e-01 7.50000000000024203e-01 13 3.60890220875490257e+01
1 0 0 62 5.00000000000070610e-01 7.50000000000024203e-01 7.50000000000024203e-01 14 3.82637325528630683e+01
1 0 0 62 5.00000000000070610e-01 7.50000000000024203e-01 7.50000000000024203e-01 15 4.14277811655998960e+01
1 0 0 62 5.00000000000070610e-01 7.50000000000024203e-01 7.50000000000024203e-01 16 4.38445067385599287e+01
1 0 0 62 5.00000000000070610e-01 7.50000000000024203e-01 7.50000000000024203e-01 17 4.83917990680241061e+01
1 0 0 62 5.00000000000070610e-01 7.50000000000024203e-01 7.50000000000024203e-01 18 5.25941483335623801e+01
1 0 0 62 5.00000000000070610e-01 7.50000000000024203e-01 7.50000000000024203e-01 19 8.99449463430002965e+01
1 0 0 62 5.00000000000070610e-01 7.50000000000024203e-01 7.50000000000024203e-01 20 1.06427159809865529e+02
1 0 0 62 5.00000000000070610e-01 7.50000000000024203e-01 7.50000000000024203e-01 21 2.17307163773483808e+02
1 0 0 62 5.00000000000070610e-01 7.50000000000024203e-01 7.50000000000024203e-01 22 7.43592401563075555e+02
1 0 0 62 5.00000000000070610e-01 7.50000000000024203e-01 7.50000000000024203e-01 23 1.01647465551408504e+03
1 0 0 62 5.00000000000070610e-01 7.50000000000024203e-01 7.50000000000024203e-01 24 1.75506788963484564e+03
1 0 0 62 5.00000000000070610e-01 7.50000000000024203e-01 7.50000000000024203e-01 25 3.23192404815497594e+03
1 0 0 63 7.49999999999942601e-01 7.49999999999942601e-01 7.49999999999942601e-01 0 -4.19091739816742646e+01
1 0 0 63 7.49999999999942601e-01 7.49999999999942601e-01 7.49999999999942601e-01 1 -1.86836149040465727e+00
1 0 0 63 7.49999999999942601e-01 7.49999999999942601e-01 7.49999999999942601e-01 2 1.00124193232636305e+00
1 0 0 63 7.49999999999942601e-01 7.49999999999942601e-01 7.49999999999942601e-01 3 3.95288631585663408e+00
1 0 0 63 7.49999999999942601e-01 7.49999999999942601e-01 7.49999999999942601e-01 4 1.16432553950003559e+01
1 0 0 63 7.49999999999942601e-01 7.49999999999942601e-01 7.49999999999942601e-01 5 1.36720110172183933e+01
1 0 0 63 7.49999999999942601e-01 7.49999999999942601e-01 7.49999999999942601e-01 6 1.40980226370950064e+01
1 0 0 63 7.49999999999942601e-01 7.49999999999942601e-01 7.49999999999942601e-01 7 1.79242947934005699e+01
1 0 0 63 7.49999999999942601e-01 7.49999999999942601e-01 7.49999999999942601e-01 8 1.85404861072861493e+01
1 0 0 63 7.49999999999942601e-01 7.49999999999942601e-01 7.49999999999942601e-01 9 2.08393021315082017e+01
1 0 0 63 7.49999999999942601e-01 7.49999999999942601e-01 7.49999999999942601e-01 10 3.01756512604845106e+01
1 0 0 63 7.49999999999942601e-01 7.49999999999942601e-01 7.49999999999942601e-01 11 3.25063958080588478e+01
1 0 0 63 7.49999999999942601e-01 7.49999999999942601e-01 7.49999999999942601e-01 12 3.33089983434251948e+01
1 0 0 63 7.49999999999942601e-01 7.49999999999942601e-01 7.49999999999942601e-01 13 3.46899896044002602e+01
1 0 0 63 7.49999999999942601e-01 7.49999999999942601e-01 7.49999999999942601e-01 14 4.21890413715668160e+01
1 0 0 63 7.49999999999942601e-01 7.49999999999942601e-01 7.49999999999942601e-01 15 4.32379908430648925e+01
1 0 0 63 7.49999999999942601e-01 7.49999999999942601e-01 7.49999999999942601e-01 16 4.99364414900648015e+01
1 0 0 63 7.49999999999942601e-01 7.49999999999942601e-01 7.49999999999942601e-01 17 5.15299941344188781e+01
1 0 0 63 7.49999999999942601e-01 7.49999999999942601e-01 7.49999999999942601e-01 18 5.19222001953469530e+01
1 0 0 63 7.49999999999942601e-01 7.49999999999942601e-01 7.49999999999942601e-01 19 1.13888173159920981e+02
1 0 0 63 7.49999999999942601e-01 7.49999999999942601e-01 7.49999999999942601e-01 20 3.17698677140418908e+02
1 0 0 63 7.49999999999942601e-01 7.49999999999942601e-01 7.49999999999942601e-01 21 3.34081469866175098e+02
1 0 0 63 7.49999999999942601e-01 7.49999999999942601e-01 7.49999999999942601e-01 22 7.88265585088548960e+02
1 0 0 63 7.49999999999942601e-01 7.49999999999942601e-01 7.49999999999942601e-01 23 8.31685678607507839e+02
1 0 0 63 7.49999999999942601e-01 7.49999999999942601e-01 7.49999999999942601e-01 24 1.35165333419415219e+03
1 0 0 63 7.49999999999942601e-01 7.49999999999942601e-01 7.49999999999942601e-01 25 2.66560189536415010e+03
2 0 0 0 0.00000000000000000e+00 0.00000000000000000e+00 0.00000000000000000e+00 0 -1.30772494605032747e+01
2 0 0 0 0.00000000000000000e+00 0.00000000000000000e+00 0.00000000000000000e+00 1 6.91764440165752870e+00
2 0 0 0 0.00000000000000000e+00 0.00000000000000000e+00 0.00000000000000000e+00 2 7.61056541456323288e+00
2 0 0 0 0.00000000000000000e+00 0.00000000000000000e+00 0.00000000000000000e+00 3 8.30128211749179457e+00
2 0 0 0 0.00000000000000000e+00 0.00000000000000000e+00 0.00000000000000000e+00 4 1.37114291861736231e+01
2 0 0 0 0.00000000000000000e+00 0.00000000000000000e+00 0.00000000000000000e+00 5 1.42726017146140283e+01
2 0 0 0 0.00000000000000000e+00 0.00000000000000000e+00 0.00000000000000000e+00 6 1.47050654694902665e+01
2 0 0 0 0.00000000000000000e+00 0.00000000000000000e+00 0.00000000000000000e+00 7 1.95747335721646749e+01
2 0 0 0 0.00000000000000000e+00 0.00000000000000000e+00 0.00000000000000000e+00 8 2.00271750640613355e+01
2 0 0 0 0.00000000000000000e+00 0.00000000000000000e+00 0.00000000000000000e+00 9 2.15627275485536067e+01
2 0 0 0 0.00000000000000000e+00 0.00000000000000000e+00 0.00000000000000000e+00 10 3.21713183028032006e+01
2 0 0 0 0.00000000000000000e+00 0.00000000000000000e+00 0.00000000000000000e+00 11 3.33586932362383735e+01
2 0 0 0 0.00000000000000000e+00 0.00000000000000000e+00 0.00000000000000000e+00 12 3.40495749536204144e+01
2 0 0 0 0.00000000000000000e+00 0.00000000000000000e+00 0.00000000000000000e+00 13 3.48560497036356765e+01
2 0 0 0 0.00000000000000000e+00 0.00000000000000000e+00 0.00000000000000000e+00 14 4.79011221061854684e+01
2 0 0 0 0.00000000000000000e+00 0.00000000000000000e+00 0.00000000000000000e+00 15 4.94695429605633308e+01
2 0 0 0 0.00000000000000000e+00 0.00000000000000000e+00 0.00000000000000000e+00 16 5.20242006547180438e+01
2 0 0 0 0.00000000000000000e+00 0.00000000000000000e+00 0.00000000000000000e+00 17 5.33259792701867781e+01
2 0 0 0 0.00000000000000000e+00 0.00000000000000000e+00 0.00000000000000000e+00 18 5.46993102041944823e+01
2 0 0 0 0.00000000000000000e+00 0.00000000000000000e+00 0.00000000000000000e+00 19 4.20783833076792746e+02
2 0 0 0 0.00000000000000000e+00 0.00000000000000000e+00 0.00000000000000000e+00 20 4.47020957551023400e+02
2 0 0 0 0.00000000000000000e+00 0.00000000000000000e+00 0.00000000000000000e+00 21 4.88530491099563449e+02
2 0 0 0 0.00000000000000000e+00 0.00000000000000000e+00 0.00000000000000000e+00 22 1.06437530071071774e+03
2 0 0 0 0.00000000000000000e+00 0.00000000000000000e+00 0.00000000000000000e+00 23 1.12561424029326940e+03
2 0 0 0 0.00000000000000000e+00 0.00000000000000000e+00 0.00000000000000000e+00 24 1.18956657344254245e+03
2 0 0 0 0.00000000000000000e+00 0.00000000000000000e+00 0.00000000000000000e+00 25 1.26988452091889553e+03
2 0 0 1 2.50000000000035305e-01 0.00000000000000000e+00 0.00000000000000000e+00 0 -1.20794730579397065e+01
2 0 0 1 2.50000000000035305e-01 0.00000000000000000e+00 0.00000000000000000e+00 1 4.00729557327408425e+00
2 0 0 1 2.50000000000035305e-01 0.00000000000000000e+00 0.00000000000000000e+00 2 6.22396481714067207e+00
2 0 0 1 2.50000000000035305e-01 0.00000000000000000e+00 0.00000000000000000e+00 3 6.98435992497487668e+00
2 0 0 1 2.50000000000035305e-01 0.00000000000000000e+00 0.00000000000000000e+00 4 1.38377749715688712e+01
2 0 0 1 2.50000000000035305e-01 0.00000000000000000e+00 0.00000000000000000e+00 5 1.52222097061397665e+01
2 0 0 1 2.50000000000035305e-01 0.00000000000000000e+00 0.00000000000000000e+00 6 1.54893798833274285e+01
2 0 0 1 2.50000000000035305e-01 0.00000000000000000e+00 0.00000000000000000e+00 7 1.94906240103492259e+01
2 0 0 1 2.50000000000035305e-01 0.00000000000000000e+00 0.00000000000000000e+00 8 1.98816310914967325e+01
2 0 0 1 2.50000000000035305e-01 0.00000000000000000e+00 0.00000000000000000e+00 9 2.44855507567808068e+01
2 0 0 1 2.50000000000035305e-01 0.00000000000000000e+00 0.00000000000000000e+00 10 3.10685314786630222e+01
2 0 0 1 2.50000000000035305e-01 0.00000000000000000e+00 0.00000000000000000e+00 11 3.41698520058376616e+01
2 0 0 1 2.50000000000035305e-01 0.00000000000000000e+00 0.00000000000000000e+00 12 3.55542485353415572e+01
2 0 0 1 2.50000000000035305e-01 0.00000000000000000e+00 0.00000000000000000e+00 13 3.70930351583260745e+01
2 0 0 1 2.50000000000035305e-01 0.00000000000000000e+00 0.00000000000000000e+00 14 4.41699795057954034e+01
2 0 0 1 2.50000000000035305e-01 0.00000000000000000e+00 0.00000000000000000e+00 15 4.58067073817105452e+01
2 0 0 1 2.50000000000035305e-01 0.00000000000000000e+00 0.00000000000000000e+00 16 5.16057990291744417e+01
2 0 0 1 2.50000000000035305e-01 0.00000000000000000e+00 0.00000000000000000e+00 17 5.38685889666112914e+01
2 0 0 1 2.50000000000035305e-01 0.00000000000000000e+00 0.00000000000000000e+00 18 5.46726489499270514e+01
2 0 0 1 2.50000000000035305e-01 0.00000000000000000e+00 0.00000000000000000e+00 19 1.25913730665721928e+02
2 0 0 1 2.50000000000035305e-01 0.00000000000000000e+00 0.00000000000000000e+00 20 3.50659630680679300e+02
2 0 0 1 2.50000000000035305e-01 0.00000000000000000e+00 0.00000000000000000e+00 21 3.69283640130039146e+02
2 0 0 1 2.50000000000035305e-01 0.00000000000000000e+00 0.00000000000000000e+00 22 8.61043981011838810e+02
2 0 0 1 2.50000000000035305e-01 0.00000000000000000e+00 0.00000000000000000e+00 23 9.02803520906963058e+02
2 0 0 1 2.50000000000035305e-01 0.00000000000000000e+00 0.00000000000000000e+00 24 1.43183220623539432e+03
2 0 0 1 2.50000000000035305e-01 0.00000000000000000e+00 0.00000000000000000e+00 25 2.78603727181400245e+03
2 0 0 2 5.00000000000070610e-01 0.00000000000000000e+00 0.00000000000000000e+00 0 -7.47859954201505239e+00
2 0 0 2 5.00000000000070610e-01 0.00000000000000000e+00 0.00000000000000000e+00 1 -2.38145922657064890e+00
2 0 0 2 5.00000000000070610e-01 0.00000000000000000e+00 0.00000000000000000e+00 2 5.95284745041562857e+00
2 0 0 2 5.00000000000070610e-01 0.00000000000000000e+00 0.00000000000000000e+00 3 6.82480012148774584e+00
2 0 0 2 5.00000000000070610e-01 0.00000000000000000e+00 0.00000000000000000e+00 4 1.16259213763066391e+01
2 0 0 2 5.00000000000070610e-01 0.00000000000000000e+00 0.00000000000000000e+00 5 1.49162726112055584e+01
2 0 0 2 5.00000000000070610e-01 0.00000000000000000e+00 0.00000000000000000e+00 6 1.49958435266751930e+01
2 0 0 2 5.00000000000070610e-01 0.00000000000000000e+00 0.00000000000000000e+00 7 2.48560637891266047e+01
2 0 0 2 5.00000000000070610e-01 0.00000000000000000e+00 0.00000000000000000e+00 8 2.54746130626342868e+01
2 0 0 2 5.00000000000070610e-01 0.00000000000000000e+00 0.00000000000000000e+00 9 2.63466055666671721e+01
2 0 0 2 5.00000000000070610e-01 0.00000000000000000e+00 0.00000000000000000e+00 10 2.89923069719962818e+01
2 0 0 2 5.00000000000070610e-01 0.00000000000000000e+00 0.00000000000000000e+00 11 2.97214442271468045e+01
2 0 0 2 5.00000000000070610e-01 0.00000000000000000e+00 0.00000000000000000e+00 12 3.10851369352191398e+01
2 0 0 2 5.00000000000070610e-01 0.00000000000000000e+00 0.00000000000000000e+00 13 4.27152954560165341e+01
2 0 0 2 5.00000000000070610e-01 0.00000000000000000e+00 0.00000000000000000e+00 14 4.51262771339861004e+01
2 0 0 2 5.00000000000070610e-01 0.00000000000000000e+00 0.00000000000000000e+00 15 4.53990187893934305e+01
2 0 0 2 5.00000000000070610e-01 0.00000000000000000e+00 0.00000000000000000e+00 16 4.73986828037431209e+01
2 0 0 2 5.00000000000070610e-01 0.00000000000000000e+00 0.00000000000000000e+00 17 5.49009517411269599e+01
2 0 0 2 5.00000000000070610e-01 0.00000000000000000e+00 0.00000000000000000e+00 18 5.51870494085313013e+01
2 0 0 2 5.00000000000070610e-01 0.00000000000000000e+00 0.00000000000000000e+00 19 6.87890452101063516e+01
2 0 0 2 5.00000000000070610e-01 0.00000000000000000e+00 0.00000000000000000e+00 20 3.09037669019927250e+02
2 0 0 2 5.00000000000070610e-01 0.00000000000000000e+00 0.00000000000000000e+00 21 3.24187344856971663e+02
2 0 0 2 5.00000000000070610e-01 0.00000000000000000e+00 0.00000000000000000e+00 22 5.71773562237850228e+02
2 0 0 2 5.00000000000070610e-01 0.00000000000000000e+00 0.00000000000000000e+00 23 5.88143450122621744e+02
2 0 0 2 5.00000000000070610e-01 0.00000000000000000e+00 0.00000000000000000e+00 24 1.79456270493475654e+03
2 0 0 2 5.00000000000070610e-01 0.00000000000000000e+00 0.00000000000000000e+00 25 4.04575705727608647e+03
2 0 0 3 7.49999999999942601e-01 0.00000000000000000e+00 0.00000000000000000e+00 0 -1.21216696562788169e+01
2 0 0 3 7.49999999999942601e-01 0.00000000000000000e+00 0.00000000000000000e+00 1 4.09172838861070076e+00
2 0 0 3 7.49999999999942601e-01 0.00000000000000000e+00 0.00000000000000000e+00 2 6.35710981193437785e+00
2 0 0 3 7.49999999999942601e-01 0.00000000000000000e+00 0.00000000000000000e+00 3 7.15189781721351725e+00
2 0 0 3 7.49999999999942601e-01 0.00000000000000000e+00 0.00000000000000000e+00 4 1.37161308925233971e+01
2 0 0 3 7.49999999999942601e-01 0.00000000000000000e+00 0.00000000000000000e+00 5 1.47869383860729169e+01
2 0 0 3 7.49999999999942601e-01 0.00000000000000000e+00 0.00000000000000000e+00 6 1.53066089272844739e+01
2 0 0 3 7.49999999999942601e-01 0.00000000000000000e+00 0.00000000000000000e+00 7 1.96390801325357778e+01
2 0 0 3 7.49999999999942601e-01 0.00000000000000000e+00 0.00000000000000000e+00 8 1.99077582706568279e+01
2 0 0 3 7.49999999999942601e-01 0.00000000000000000e+00 0.00000000000000000e+00 9 2.44716370162507921e+01
2 0 0 3 7.49999999999942601e-01 0.00000000000000000e+00 0.00000000000000000e+00 10 3.30041129106364650e+01
2 0 0 3 7.49999999999942601e-01 0.00000000000000000e+00 0.00000000000000000e+00 11 3.43015359790819900e+01
2 0 0 3 7.49999999999942601e-01 0.00000000000000000e+00 0.00000000000000000e+00 12 3.50001061756313305e+01
2 0 0 3 7.49999999999942601e-01 0.00000000000000000e+00 0.00000000000000000e+00 13 3.63576456473183214e+01
2 0 0 3 7.49999999999942601e-01 0.00000000000000000e+00 0.00000000000000000e+00 14 4.43391264916325909e+01
2 0 0 3 7.49999999999942601e-01 0.00000000000000000e+00 0.00000000000000000e+00 15 4.56319136492082436e+01
2 0 0 3 7.49999999999942601e-01 0.00000000000000000e+00 0.00000000000000000e+00 16 5.34061526840062299e+01
2 0 0 3 7.49999999999942601e-01 0.00000000000000000e+00 0.00000000000000000e+00 17 5.41675838592754815e+01
2 0 0 3 7.49999999999942601e-01 0.00000000000000000e+00 0.00000000000000000e+00 18 5.57146849152641366e+01
2 0 0 3 7.49999999999942601e-01 0.00000000000000000e+00 0.00000000000000000e+00 19 1.22899018004953717e+02
2 0 0 3 7.49999999999942601e-01 0.00000000000000000e+00 0.00000000000000000e+00 20 3.41963747217979630e+02
2 0 0 3 7.49999999999942601e-01 0.00000000000000000e+00 0.00000000000000000e+00 21 3.57387923232007211e+02
2 0 0 3 7.49999999999942601e-01 0.00000000000000000e+00 0.00000000000000000e+00 22 8.62142218158315586e+02
2 0 0 3 7.49999999999942601e-01 0.00000000000000000e+00 0.00000000000000000e+00 23 8.96001530762898710e+02
2 0 0 3 7.49999999999942601e-01 0.00000000000000000e+00 0.00000000000000000e+00 24 1.42999505511917664e+03
2 0 0 3 7.49999999999942601e-01 0.00000000000000000e+00 0.00000000000000000e+00 25 2.80718149429478535e+03
2 0 0 4 0.00000000000000000e+00 2.50000000000035305e-01 0.00000000000000000e+00 0 -1.24706663806488915e+01
2 0 0 4 0.00000000000000000e+00 2.50000000000035305e-01 0.00000000000000000e+00 1 3.72397341667147774e+00
2 0 0 4 0.00000000000000000e+00 2.50000000000035305e-01 0.00000000000000000e+00 2 7.11572274365987756e+00
2 0 0 4 0.00000000000000000e+00 2.50000000000035305e-01 0.00000000000000000e+00 3 7.24966829987914441e+00
2 0 0 4 0.00000000000000000e+00 2.50000000000035305e-01 0.00000000000000000e+00 4 1.40635426875150529e+01
2 0 0 4 0.00000000000000000e+00 2.50000000000035305e-01 0.00000000000000000e+00 5 1.51457708444956385e+01
2 0 0 4 0.00000000000000000e+00 2.50000000000035305e-01 0.00000000000000000e+00 6 1.54310117458905474e+01
2 0 0 4 0.00000000000000000e+00 2.50000000000035305e-01 0.00000000000000000e+00 7 1.95403897815292318e+01
2 0 0 4 0.00000000000000000e+00 2.50000000000035305e-01 0.00000000000000000e+00 8 1.99424748919496011e+01
2 0 0 4 0.00000000000000000e+00 2.50000000000035305e-01 0.00000000000000000e+00 9 2.40585076892948564e+01
2 0 0 4 0.00000000000000000e+00 2.50000000000035305e-01 0.00000000000000000e+00 10 3.37750596715642715e+01
2 0 0 4 0.00000000000000000e+00 2.50000000000035305e-01 0.00000000000000000e+00 11 3.45932892801364744e+01
2 0 0 4 0.00000000000000000e+00 2.50000000000035305e-01 0.00000000000000000e+00 12 3.49273015550509953e+01
2 0 0 4 0.00000000000000000e+00 2.50000000000035305e-01 0.00000000000000000e+00 13 3.60581385246224855e+01
2 0 0 4 0.00000000000000000e+00 2.50000000000035305e-01 0.00000000000000000e+00 14 4.49288655916207560e+01
2 0 0 4 0.00000000000000000e+00 2.50000000000035305e-01 0.00000000000000000e+00 15 4.53666580078730632e+01
2 0 0 4 0.00000000000000000e+00 2.50000000000035305e-01 0.00000000000000000e+00 16 5.26948794400745655e+01
2 0 0 4 0.00000000000000000e+00 2.50000000000035305e-01 0.00000000000000000e+00 17 5.40383142949044952e+01
2 0 0 4 0.00000000000000000e+00 2.50000000000035305e-01 0.00000000000000000e+00 18 5.49003558351041789e+01
2 0 0 4 0.00000000000000000e+00 2.50000000000035305e-01 0.00000000000000000e+00 19 1.15635007723840957e+02
2 0 0 4 0.00000000000000000e+00 2.50000000000035305e-01 0.00000000000000000e+00 20 3.29100602428734021e+02
2 0 0 4 0.00000000000000000e+00 2.50000000000035305e-01 0.00000000000000000e+00 21 3.54313986189399714e+02
2 0 0 4 0.00000000000000000e+00 2.50000000000035305e-01 0.00000000000000000e+00 22 8.71811652161336497e+02
2 0 0 4 0.00000000000000000e+00 2.50000000000035305e-01 0.00000000000000000e+00 23 8.98592300118914295e+02
2 0 0 4 0.00000000000000000e+00 2.50000000000035305e-01 0.00000000000000000e+00 24 1.44875633515676759e+03
2 0 0 4 0.00000000000000000e+00 2.50000000000035305e-01 0.00000000000000000e+00 25 2.84811425672503265e+03
2 0 0 5 2.50000000000035305e-01 2.50000000000035305e-01 0.00000000000000000e+00 0 -1.32365940619431708e+01
2 0 0 5 2.50000000000035305e-01 2.50000000000035305e-01 0.00000000000000000e+00 1 3.47578455761287186e+00
2 0 0 5 2.50000000000035305e-01 2.50000000000035305e-01 0.00000000000000000e+00 2 6.75991893832999935e+00
2 0 0 5 2.50000000000035305e-01 2.50000000000035305e-01 0.00000000000000000e+00 3 7.28212429666397121e+00
2 0 0 5 2.50000000000035305e-01 2.50000000000035305e-01 0.00000000000000000e+00 4 1.24547571132873429e+01
2 0 0 5 2.50000000000035305e-01 2.50000000000035305e-01 0.00000000000000000e+00 5 1.53449435425591094e+01
2 0 0 5 2.50000000000035305e-01 2.50000000000035305e-01 0.00000000000000000e+00 6 1.80292399755940238e+01
2 0 0 5 2.50000000000035305e-01 2.50000000000035305e-01 0.00000000000000000e+00 7 1.83239132119223953e+01
2 0 0 5 2.50000000000035305e-01 2.50000000000035305e-01 0.00000000000000000e+00 8 2.23512498591368107e+01
2 0 0 5 2.50000000000035305e-01 2.50000000000035305e-01 0.00000000000000000e+00 9 2.55901993323508741e+01
2 0 0 5 2.50000000000035305e-01 2.50000000000035305e-01 0.00000000000000000e+00 10 3.15933652849068096e+01
2 0 0 5 2.50000000000035305e-01 2.50000000000035305e-01 0.00000000000000000e+00 11 3.18626080908607818e+01
2 0 0 5 2.50000000000035305e-01 2.50000000000035305e-01 0.00000000000000000e+00 12 3.62307155129554275e+01
2 0 0 5 2.50000000000035305e-01 2.50000000000035305e-01 0.00000000000000000e+00 13 4.04492768349611467e+01
2 0 0 5 2.50000000000035305e-01 2.50000000000035305e-01 0.00000000000000000e+00 14 4.27610069281053597e+01
2 0 0 5 2.50000000000035305e-01 2.50000000000035305e-01 0.00000000000000000e+00 15 4.65703923019794672e+01
2 0 0 5 2.50000000000035305e-01 2.50000000000035305e-01 0.00000000000000000e+00 16 4.95734271493754122e+01
2 0 0 5 2.50000000000035305e-01 2.50000000000035305e-01 0.00000000000000000e+00 17 5.10733019631666991e+01
2 0 0 5 2.50000000000035305e-01 2.50000000000035305e-01 0.00000000000000000e+00 18 6.02226110526171183e+01
2 0 0 5 2.50000000000035305e-01 2.50000000000035305e-01 0.00000000000000000e+00 19 1.37194091859743679e+02
2 0 0 5 2.50000000000035305e-01 2.50000000000035305e-01 0.00000000000000000e+00 20 1.49413500825623657e+02
2 0 0 5 2.50000000000035305e-01 2.50000000000035305e-01 0.00000000000000000e+00 21 2.87798197838255248e+02
2 0 0 5 2.50000000000035305e-01 2.50000000000035305e-01 0.00000000000000000e+00 22 7.17193128508471887e+02
2 0 0 5 2.50000000000035305e-01 2.50000000000035305e-01 0.00000000000000000e+00 23 1.45032710232213253e+03
2 0 0 5 2.50000000000035305e-01 2.50000000000035305e-01 0.00000000000000000e+00 24 1.75156635299156346e+03
2 0 0 5 2.50000000000035305e-01 2.50000000000035305e-01 0.00000000000000000e+00 25 2.04433538391190996e+03
2 0 0 6 4.99999999999988953e-01 2.49999999999953648e-01 0.00000000000000000e+00 0 -9.35597163959720390e+00
2 0 0 6 4.99999999999988953e-01 2.49999999999953648e-01 0.00000000000000000e+00 1 -2.39301824669287920e-02
2 0 0 6 4.99999999999988953e-01 2.49999999999953648e-01 0.00000000000000000e+00 2 4.06069555914479530e+00
2 0 0 6 4.99999999999988953e-01 2.49999999999953648e-01 0.00000000000000000e+00 3 5.89646412173128720e+00
2 0 0 6 4.99999999999988953e-01 2.49999999999953648e-01 0.00000000000000000e+00 4 1.26669078665475396e+01
2 0 0 6 4.99999999999988953e-01 2.49999999999953648e-01 0.00000000000000000e+00 5 1.57971057923150333e+01
2 0 0 6 4.99999999999988953e-01 2.49999999999953648e-01 0.00000000000000000e+00 6 1.87658712695389731e+01
2 0 0 6 4.99999999999988953e-01 2.49999999999953648e-01 0.00000000000000000e+00 7 1.95472802644315848e+01
2 0 0 6 4.99999999999988953e-01 2.49999999999953648e-01 0.00000000000000000e+00 8 2.55251292671369967e+01
2 0 0 6 4.99999999999988953e-01 2.49999999999953648e-01 0.00000000000000000e+00 9 2.78741543343002363e+01
2 0 0 6 4.99999999999988953e-01 2.49999999999953648e-01 0.00000000000000000e+00 10 2.96938436898673608e+01
2 0 0 6 4.99999999999988953e-01 2.49999999999953648e-01 0.00000000000000000e+00 11 3.11383637958875781e+01
2 0 0 6 4.99999999999988953e-01 2.49999999999953648e-01 0.00000000000000000e+00 12 3.87637552024718133e+01
2 0 0 6 4.99999999999988953e-01 2.49999999999953648e-01 0.00000000000000000e+00 13 3.95276829907362881e+01
2 0 0 6 4.99999999999988953e-01 2.49999999999953648e-01 0.00000000000000000e+00 14 4.06976239802590101e+01
2 0 0 6 4.99999999999988953e-01 2.49999999999953648e-01 0.00000000000000000e+00 15 4.44133727989164413e+01
2 0 0 6 4.99999999999988953e-01 2.49999999999953648e-01 0.00000000000000000e+00 16 5.01422842995414868e+01
2 0 0 6 4.99999999999988953e-01 2.49999999999953648e-01 0.00000000000000000e+00 17 5.09694586795173592e+01
2 0 0 6 4.99999999999988953e-01 2.49999999999953648e-01 0.00000000000000000e+00 18 5.41637357649271536e+01
2 0 0 6 4.99999999999988953e-01 2.49999999999953648e-01 0.00000000000000000e+00 19 7.51745852238553880e+01
2 0 0 6 4.99999999999988953e-01 2.49999999999953648e-01 0.00000000000000000e+00 20 1.27781490243243425e+02
2 0 0 6 4.99999999999988953e-01 2.49999999999953648e-01 0.00000000000000000e+00 21 1.35511664377681171e+02
2 0 0 6 4.99999999999988953e-01 2.49999999999953648e-01 0.00000000000000000e+00 22 9.37078557322037454e+02
2 0 0 6 4.99999999999988953e-01 2.49999999999953648e-01 0.00000000000000000e+00 23 1.11361204956314691e+03
2 0 0 6 4.99999999999988953e-01 2.49999999999953648e-01 0.00000000000000000e+00 24 1.86106379571373418e+03
2 0 0 6 4.99999999999988953e-01 2.49999999999953648e-01 0.00000000000000000e+00 25 3.20689432986467409e+03
2 0 0 7 7.50000000000024203e-01 2.49999999999953593e-01 0.00000000000000000e+00 0 -9.28954886573265703e+00
2 0 0 7 7.50000000000024203e-01 2.49999999999953593e-01 0.00000000000000000e+00 1 3.85012160615446242e-01
2 0 0 7 7.50000000000024203e-01 2.49999999999953593e-01 0.00000000000000000e+00 2 4.00853057772655497e+00
2 0 0 7 7.50000000000024203e-01 2.49999999999953593e-01 0.00000000000000000e+00 3 7.06509577648469200e+00
2 0 0 7 7.50000000000024203e-01 2.49999999999953593e-01 0.00000000000000000e+00 4 1.42585401074505054e+01
2 0 0 7 7.50000000000024203e-01 2.49999999999953593e-01 0.00000000000000000e+00 5 1.62682067299150930e+01
2 0 0 7 7.50000000000024203e-01 2.49999999999953593e-01 0.00000000000000000e+00 6 1.73409465214509204e+01
2 0 0 7 7.50000000000024203e-01 2.49999999999953593e-01 0.00000000000000000e+00 7 1.88677342467923523e+01
2 0 0 7 7.50000000000024203e-01 2.49999999999953593e-01 0.00000000000000000e+00 8 2.09175675698387913e+01
2 0 0 7 7.50000000000024203e-01 2.49999999999953593e-01 0.00000000000000000e+00 9 2.66042717946313054e+01
2 0 0 7 7.50000000000024203e-01 2.49999999999953593e-01 0.00000000000000000e+00 10 3.06929350870483297e+01
2 0 0 7 7.50000000000024203e-01 2.49999999999953593e-01 0.00000000000000000e+00 11 3.54155528436174123e+01
2 0 0 7 7.50000000000024203e-01 2.49999999999953593e-01 0.00000000000000000e+00 12 3.69941317857974710e+01
2 0 0 7 7.50000000000024203e-01 2.49999999999953593e-01 0.00000000000000000e+00 13 3.82035118346179345e+01
2 0 0 7 7.50000000000024203e-01 2.49999999999953593e-01 0.00000000000000000e+00 14 4.13893567149058796e+01
2 0 0 7 7.50000000000024203e-01 2.49999999999953593e-01 0.00000000000000000e+00 15 4.31224323097921101e+01
2 0 0 7 7.50000000000024203e-01 2.49999999999953593e-01 0.00000000000000000e+00 16 4.73545415552671258e+01
2 0 0 7 7.50000000000024203e-01 2.49999999999953593e-01 0.00000000000000000e+00 17 5.16925537975681522e+01
2 0 0 7 7.50000000000024203e-01 2.49999999999953593e-01 0.00000000000000000e+00 18 5.64264894090671305e+01
2 0 0 7 7.50000000000024203e-01 2.49999999999953593e-01 0.00000000000000000e+00 19 9.25185903659954221e+01
2 0 0 7 7.50000000000024203e-01 2.49999999999953593e-01 0.00000000000000000e+00 20 1.13126847950606248e+02
2 0 0 7 7.50000000000024203e-01 2.49999999999953593e-01 0.00000000000000000e+00 21 2.38151085201416066e+02
2 0 0 7 7.50000000000024203e-01 2.49999999999953593e-01 0.00000000000000000e+00 22 7.72066124353555665e+02
2 0 0 7 7.50000000000024203e-01 2.49999999999953593e-01 0.00000000000000000e+00 23 1.10075226963248838e+03
2 0 0 7 7.50000000000024203e-01 2.49999999999953593e-01 0.00000000000000000e+00 24 1.75284602162594501e+03
2 0 0 7 7.50000000000024203e-01 2.49999999999953593e-01 0.00000000000000000e+00 25 3.25717588029628678e+03
2 0 0 8 0.00000000000000000e+00 5.00000000000070610e-01 0.00000000000000000e+00 0 -7.91693798486904754e+00
2 0 0 8 0.00000000000000000e+00 5.00000000000070610e-01 0.00000000000000000e+00 1 -2.40257700346776959e+00
2 0 0 8 0.00000000000000000e+00 5.00000000000070610e-01 0.00000000000000000e+00 2 6.80262949864862865e+00
2 0 0 8 0.00000000000000000e+00 5.00000000000070610e-01 0.00000000000000000e+00 3 7.04577215278202029e+00
2 0 0 8 0.00000000000000000e+00 5.00000000000070610e-01 0.00000000000000000e+00 4 1.24796318711588778e+01
2 0 0 8 0.00000000000000000e+00 5.00000000000070610e-01 0.00000000000000000e+00 5 1.46170888790169293e+01
2 0 0 8 0.00000000000000000e+00 5.00000000000070610e-01 0.00000000000000000e+00 6 1.51682079267369296e+01
2 0 0 8 0.00000000000000000e+00 5.00000000000070610e-01 0.00000000000000000e+00 7 2.45882464013182336e+01
2 0 0 8 0.00000000000000000e+00 5.00000000000070610e-01 0.00000000000000000e+00 8 2.49807785747087401e+01
2 0 0 8 0.00000000000000000e+00 5.00000000000070610e-01 0.00000000000000000e+00 9 2.69225573984474664e+01
2 0 0 8 0.00000000000000000e+00 5.00000000000070610e-01 0.00000000000000000e+00 10 2.84786870565301555e+01
2 0 0 8 0.00000000000000000e+00 5.00000000000070610e-01 0.00000000000000000e+00 11 2.93799180748373345e+01
2 0 0 8 0.00000000000000000e+00 5.00000000000070610e-01 0.00000000000000000e+00 12 3.12562751620378592e+01
2 0 0 8 0.00000000000000000e+00 5.00000000000070610e-01 0.00000000000000000e+00 13 4.25208952284402812e+01
2 0 0 8 0.00000000000000000e+00 5.00000000000070610e-01 0.00000000000000000e+00 14 4.35151181517000083e+01
2 0 0 8 0.00000000000000000e+00 5.00000000000070610e-01 0.00000000000000000e+00 15 4.57945888358305382e+01
2 0 0 8 0.00000000000000000e+00 5.00000000000070610e-01 0.00000000000000000e+00 16 4.62045749571535893e+01
2 0 0 8 0.00000000000000000e+00 5.00000000000070610e-01 0.00000000000000000e+00 17 5.40344437357964438e+01
2 0 0 8 0.00000000000000000e+00 5.00000000000070610e-01 0.00000000000000000e+00 18 5.58103781030732193e+01
2 0 0 8 0.00000000000000000e+00 5.00000000000070610e-01 0.00000000000000000e+00 19 6.88283329538262763e+01
2 0 0 8 0.00000000000000000e+00 5.00000000000070610e-01 0.00000000000000000e+00 20 2.99617706892747208e+02
2 0 0 8 0.00000000000000000e+00 5.00000000000070610e-01 0.00000000000000000e+00 21 3.14000461301843472e+02
2 0 0 8 0.00000000000000000e+00 5.00000000000070610e-01 0.00000000000000000e+00 22 5.87970638043474423e+02
2 0 0 8 0.00000000000000000e+00 5.00000000000070610e-01 0.00000000000000000e+00 23 5.93945286498265205e+02
2 0 0 8 0.00000000000000000e+00 5.00000000000070610e-01 0.00000000000000000e+00 24 1.91136970740895958e+03
2 0 0 8 0.00000000000000000e+00 5.00000000000070610e-01 0.00000000000000000e+00 25 4.13603205979063478e+03
2 0 0 9 2.49999999999953648e-01 4.99999999999988953e-01 0.00000000000000000e+00 0 -9.40149993546527618e+00
2 0 0 9 2.49999999999953648e-01 4.99999999999988953e-01 0.00000000000000000e+00 1 -9.44338722587265561e-02
2 0 0 9 2.49999999999953648e-01 4.99999999999988953e-01 0.00000000000000000e+00 2 4.12784301841947432e+00
2 0 0 9 2.49999999999953648e-01 4.99999999999988953e-01 0.00000000000000000e+00 3 6.05093319534793306e+00
2 0 0 9 2.49999999999953648e-01 4.99999999999988953e-01 0.00000000000000000e+00 4 1.28398413703573784e+01
2 0 0 9 2.49999999999953648e-01 4.99999999999988953e-01 0.00000000000000000e+00 5 1.58126482027051765e+01
2 0 0 9 2.49999999999953648e-01 4.99999999999988953e-01 0.00000000000000000e+00 6 1.86493447459335115e+01
2 0 0 9 2.49999999999953648e-01 4.99999999999988953e-01 0.00000000000000000e+00 7 1.98115965898446582e+01
2 0 0 9 2.49999999999953648e-01 4.99999999999988953e-01 0.00000000000000000e+00 8 2.56483828295623475e+01
2 0 0 9 2.49999999999953648e-01 4.99999999999988953e-01 0.00000000000000000e+00 9 2.74318660965273828e+01
2 0 0 9 2.49999999999953648e-01 4.99999999999988953e-01 0.00000000000000000e+00 10 3.00853159166544835e+01
2 0 0 9 2.49999999999953648e-01 4.99999999999988953e-01 0.00000000000000000e+00 11 3.10205193393141627e+01
2 0 0 9 2.49999999999953648e-01 4.99999999999988953e-01 0.00000000000000000e+00 12 3.75871840236709289e+01
2 0 0 9 2.49999999999953648e-01 4.99999999999988953e-01 0.00000000000000000e+00 13 3.97558815684085900e+01
2 0 0 9 2.49999999999953648e-01 4.99999999999988953e-01 0.00000000000000000e+00 14 4.03479879371761925e+01
2 0 0 9 2.49999999999953648e-01 4.99999999999988953e-01 0.00000000000000000e+00 15 4.49720162033888968e+01
2 0 0 9 2.49999999999953648e-01 4.99999999999988953e-01 0.00000000000000000e+00 16 5.00567708309069417e+01
2 0 0 9 2.49999999999953648e-01 4.99999999999988953e-01 0.00000000000000000e+00 17 5.20022363771420615e+01
2 0 0 9 2.49999999999953648e-01 4.99999999999988953e-01 0.00000000000000000e+00 18 5.33192586698580939e+01
2 0 0 9 2.49999999999953648e-01 4.99999999999988953e-01 0.00000000000000000e+00 19 7.60588583435286409e+01
2 0 0 9 2.49999999999953648e-01 4.99999999999988953e-01 0.00000000000000000e+00 20 1.28305072112146519e+02
2 0 0 9 2.49999999999953648e-01 4.99999999999988953e-01 0.00000000000000000e+00 21 1.34355294543751484e+02
2 0 0 9 2.49999999999953648e-01 4.99999999999988953e-01 0.00000000000000000e+00 22 8.11478171413032328e+02
2 0 0 9 2.49999999999953648e-01 4.99999999999988953e-01 0.00000000000000000e+00 23 1.11956543241938539e+03
2 0 0 9 2.49999999999953648e-01 4.99999999999988953e-01 0.00000000000000000e+00 24 1.99688017685162345e+03
2 0 0 9 2.49999999999953648e-01 4.99999999999988953e-01 0.00000000000000000e+00 25 3.30130012709947778e+03
2 0 0 10 4.99999999999988898e-01 4.99999999999988898e-01 0.00000000000000000e+00 0 -8.82893640037564964e+00
2 0 0 10 4.99999999999988898e-01 4.99999999999988898e-01 0.00000000000000000e+00 1 -1.06269367469374920e+00
2 0 0 10 4.99999999999988898e-01 4.99999999999988898e-01 0.00000000000000000e+00 2 5.77591386003453255e+00
2 0 0 10 4.99999999999988898e-01 4.99999999999988898e-01 0.00000000000000000e+00 3 6.49954440446352244e+00
2 0 0 10 4.99999999999988898e-01 4.99999999999988898e-01 0.00000000000000000e+00 4 1.13560493106224829e+01
2 0 0 10 4.99999999999988898e-01 4.99999999999988898e-01 0.00000000000000000e+00 5 1.14951330871913733e+01
2 0 0 10 4.99999999999988898e-01 4.99999999999988898e-01 0.00000000000000000e+00 6 2.45633159843915543e+01
2 0 0 10 4.99999999999988898e-01 4.99999999999988898e-01 0.00000000000000000e+00 7 2.58737565806144261e+01
2 0 0 10 4.99999999999988898e-01 4.99999999999988898e-01 0.00000000000000000e+00 8 2.68427863112962442e+01
2 0 0 10 4.99999999999988898e-01 4.99999999999988898e-01 0.00000000000000000e+00 9 2.74296723994857565e+01
2 0 0 10 4.99999999999988898e-01 4.99999999999988898e-01 0.00000000000000000e+00 10 2.87535041771489901e+01
2 0 0 10 4.99999999999988898e-01 4.99999999999988898e-01 0.00000000000000000e+00 11 2.93134990642995632e+01
2 0 0 10 4.99999999999988898e-01 4.99999999999988898e-01 0.00000000000000000e+00 12 3.06329081021164171e+01
2 0 0 10 4.99999999999988898e-01 4.99999999999988898e-01 0.00000000000000000e+00 13 3.37708817386379962e+01
2 0 0 10 4.99999999999988898e-01 4.99999999999988898e-01 0.00000000000000000e+00 14 4.66114073414567258e+01
2 0 0 10 4.99999999999988898e-01 4.99999999999988898e-01 0.00000000000000000e+00 15 4.73643087777673273e+01
2 0 0 10 4.99999999999988898e-01 4.99999999999988898e-01 0.00000000000000000e+00 16 5.29488700698604262e+01
2 0 0 10 4.99999999999988898e-01 4.99999999999988898e-01 0.00000000000000000e+00 17 5.45100450415603248e+01
2 0 0 10 4.99999999999988898e-01 4.99999999999988898e-01 0.00000000000000000e+00 18 6.49930131484102986e+01
2 0 0 10 4.99999999999988898e-01 4.99999999999988898e-01 0.00000000000000000e+00 19 7.21550455157556314e+01
2 0 0 10 4.99999999999988898e-01 4.99999999999988898e-01 0.00000000000000000e+00 20 8.31039988378851291e+01
2 0 0 10 4.99999999999988898e-01 4.99999999999988898e-01 0.00000000000000000e+00 21 8.77524804646349565e+01
2 0 0 10 4.99999999999988898e-01 4.99999999999988898e-01 0.00000000000000000e+00 22 1.22056834407498582e+03
2 0 0 10 4.99999999999988898e-01 4.99999999999988898e-01 0.00000000000000000e+00 23 1.33057783866592217e+03
2 0 0 10 4.99999999999988898e-01 4.99999999999988898e-01 0.00000000000000000e+00 24 2.37791347267784477e+03
2 0 0 10 4.99999999999988898e-01 4.99999999999988898e-01 0.00000000000000000e+00 25 2.51603796530458021e+03
2 0 0 11 7.50000000000024314e-01 4.99999999999989009e-01 0.00000000000000000e+00 0 -9.40270857242366986e+00
2 0 0 11 7.50000000000024314e-01 4.99999999999989009e-01 0.00000000000000000e+00 1 -9.64757555390152871e-02
2 0 0 11 7.50000000000024314e-01 4.99999999999989009e-01 0.00000000000000000e+00 2 4.13494810314378025e+00
2 0 0 11 7.50000000000024314e-01 4.99999999999989009e-01 0.00000000000000000e+00 3 6.06705652403849705e+00
2 0 0 11 7.50000000000024314e-01 4.99999999999989009e-01 0.00000000000000000e+00 4 1.28400845237495140e+01
2 0 0 11 7.50000000000024314e-01 4.99999999999989009e-01 0.00000000000000000e+00 5 1.57992495564886806e+01
2 0 0 11 7.50000000000024314e-01 4.99999999999989009e-01 0.00000000000000000e+00 6 1.86533759593313917e+01
2 0 0 11 7.50000000000024314e-01 4.99999999999989009e-01 0.00000000000000000e+00 7 1.98193018707097579e+01
2 0 0 11 7.50000000000024314e-01 4.99999999999989009e-01 0.00000000000000000e+00 8 2.56281399652989990e+01
2 0 0 11 7.50000000000024314e-01 4.99999999999989009e-01 0.00000000000000000e+00 9 2.74390168506357597e+01
2 0 0 11 7.50000000000024314e-01 4.99999999999989009e-01 0.00000000000000000e+00 10 3.00626803383236130e+01
2 0 0 11 7.50000000000024314e-01 4.99999999999989009e-01 0.00000000000000000e+00 11 3.09924088199146617e+01
2 0 0 11 7.50000000000024314e-01 4.99999999999989009e-01 0.00000000000000000e+00 12 3.75758536417722055e+01
2 0 0 11 7.50000000000024314e-01 4.99999999999989009e-01 0.00000000000000000e+00 13 3.97767723982647468e+01
2 0 0 11 7.50000000000024314e-01 4.99999999999989009e-01 0.00000000000000000e+00 14 4.02934202006449169e+01
2 0 0 11 7.50000000000024314e-01 4.99999999999989009e-01 0.00000000000000000e+00 15 4.49847181200918058e+01
2 0 0 11 7.50000000000024314e-01 4.99999999999989009e-01 0.00000000000000000e+00 16 5.00864224757426726e+01
2 0 0 11 7.50000000000024314e-01 4.99999999999989009e-01 0.00000000000000000e+00 17 5.20411103507630557e+01
2 0 0 11 7.50000000000024314e-01 4.99999999999989009e-01 0.00000000000000000e+00 18 5.33105028580226872e+01
2 0 0 11 7.50000000000024314e-01 4.99999999999989009e-01 0.00000000000000000e+00 19 7.60754832095051654e+01
2 0 0 11 7.50000000000024314e-01 4.99999999999989009e-01 0.00000000000000000e+00 20 1.28240332554227507e+02
2 0 0 11 7.50000000000024314e-01 4.99999999999989009e-01 0.00000000000000000e+00 21 1.34351697817073358e+02
2 0 0 11 7.50000000000024314e-01 4.99999999999989009e-01 0.00000000000000000e+00 22 8.14468333469056347e+02
2 0 0 11 7.50000000000024314e-01 4.99999999999989009e-01 0.00000000000000000e+00 23 1.11941399270226771e+03
2 0 0 11 7.50000000000024314e-01 4.99999999999989009e-01 0.00000000000000000e+00 24 1.99536255348342411e+03
2 0 0 11 7.50000000000024314e-01 4.99999999999989009e-01 0.00000000000000000e+00 25 3.30116384655281217e+03
2 0 0 12 0.00000000000000000e+00 7.49999999999942601e-01 0.00000000000000000e+00 0 -1.25074261284390236e+01
2 0 0 12 0.00000000000000000e+00 7.49999999999942601e-01 0.00000000000000000e+00 1 3.72006134817837841e+00
2 0 0 12 0.00000000000000000e+00 7.49999999999942601e-01 0.00000000000000000e+00 2 6.96662441105658470e+00
2 0 0 12 0.00000000000000000e+00 7.49999999999942601e-01 0.00000000000000000e+00 3 7.47118723794603756e+00
2 0 0 12 0.00000000000000000e+00 7.49999999999942601e-01 0.00000000000000000e+00 4 1.33741705021562964e+01
2 0 0 12 0.00000000000000000e+00 7.49999999999942601e-01 0.00000000000000000e+00 5 1.49160931904406393e+01
2 0 0 12 0.00000000000000000e+00 7.49999999999942601e-01 0.00000000000000000e+00 6 1.55144459648209594e+01
2 0 0 12 0.00000000000000000e+00 7.49999999999942601e-01 0.00000000000000000e+00 7 1.93608701862780066e+01
2 0 0 12 0.00000000000000000e+00 7.49999999999942601e-01 0.00000000000000000e+00 8 1.98637964928981106e+01
2 0 0 12 0.00000000000000000e+00 7.49999999999942601e-01 0.00000000000000000e+00 9 2.44092007671735693e+01
2 0 0 12 0.00000000000000000e+00 7.49999999999942601e-01 0.00000000000000000e+00 10 3.30369092069633368e+01
2 0 0 12 0.00000000000000000e+00 7.49999999999942601e-01 0.00000000000000000e+00 11 3.45124595903418054e+01
2 0 0 12 0.00000000000000000e+00 7.49999999999942601e-01 0.00000000000000000e+00 12 3.53877643154712516e+01
2 0 0 12 0.00000000000000000e+00 7.49999999999942601e-01 0.00000000000000000e+00 13 3.66480760221921074e+01
2 0 0 12 0.00000000000000000e+00 7.49999999999942601e-01 0.00000000000000000e+00 14 4.48203653331562037e+01
2 0 0 12 0.00000000000000000e+00 7.49999999999942601e-01 0.00000000000000000e+00 15 4.55047963292679256e+01
2 0 0 12 0.00000000000000000e+00 7.49999999999942601e-01 0.00000000000000000e+00 16 5.19654710167779115e+01
2 0 0 12 0.00000000000000000e+00 7.49999999999942601e-01 0.00000000000000000e+00 17 5.40216004752140080e+01
2 0 0 12 0.00000000000000000e+00 7.49999999999942601e-01 0.00000000000000000e+00 18 5.50691292125837606e+01
2 0 0 12 0.00000000000000000e+00 7.49999999999942601e-01 0.00000000000000000e+00 19 1.18104302914425276e+02
2 0 0 12 0.00000000000000000e+00 7.49999999999942601e-01 0.00000000000000000e+00 20 3.43773672252239862e+02
2 0 0 12 0.00000000000000000e+00 7.49999999999942601e-01 0.00000000000000000e+00 21 3.60506517871577273e+02
2 0 0 12 0.00000000000000000e+00 7.49999999999942601e-01 0.00000000000000000e+00 22 8.62524034484647700e+02
2 0 0 12 0.00000000000000000e+00 7.49999999999942601e-01 0.00000000000000000e+00 23 9.28211513712171950e+02
2 0 0 12 0.00000000000000000e+00 7.49999999999942601e-01 0.00000000000000000e+00 24 1.45274871098742665e+03
2 0 0 12 0.00000000000000000e+00 7.49999999999942601e-01 0.00000000000000000e+00 25 2.84047280473276169e+03
2 0 0 13 2.49999999999953593e-01 7.50000000000024203e-01 0.00000000000000000e+00 0 -9.30908748555379262e+00
2 0 0 13 2.49999999999953593e-01 7.50000000000024203e-01 0.00000000000000000e+00 1 3.27519244872877702e-01
2 0 0 13 2.49999999999953593e-01 7.50000000000024203e-01 0.00000000000000000e+00 2 4.03346461225538810e+00
2 0 0 13 2.49999999999953593e-01 7.50000000000024203e-01 0.00000000000000000e+00 3 7.05309302062913979e+00
2 0 0 13 2.49999999999953593e-01 7.50000000000024203e-01 0.00000000000000000e+00 4 1.42877564327453666e+01
2 0 0 13 2.49999999999953593e-01 7.50000000000024203e-01 0.00000000000000000e+00 5 1.62879810456208034e+01
2 0 0 13 2.49999999999953593e-01 7.50000000000024203e-01 0.00000000000000000e+00 6 1.73720803483949098e+01
2 0 0 13 2.49999999999953593e-01 7.50000000000024203e-01 0.00000000000000000e+00 7 1.88847058366835370e+01
2 0 0 13 2.49999999999953593e-01 7.50000000000024203e-01 0.00000000000000000e+00 8 2.10863599597466305e+01
2 0 0 13 2.49999999999953593e-01 7.50000000000024203e-01 0.00000000000000000e+00 9 2.66230167568290774e+01
2 0 0 13 2.49999999999953593e-01 7.50000000000024203e-01 0.00000000000000000e+00 10 3.08305059621652120e+01
2 0 0 13 2.49999999999953593e-01 7.50000000000024203e-01 0.00000000000000000e+00 11 3.51992472001469139e+01
2 0 0 13 2.49999999999953593e-01 7.50000000000024203e-01 0.00000000000000000e+00 12 3.72086948738639691e+01
2 0 0 13 2.49999999999953593e-01 7.50000000000024203e-01 0.00000000000000000e+00 13 3.78588789370132091e+01
2 0 0 13 2.49999999999953593e-01 7.50000000000024203e-01 0.00000000000000000e+00 14 4.14025774176509245e+01
2 0 0 13 2.49999999999953593e-01 7.50000000000024203e-01 0.00000000000000000e+00 15 4.25625663494025090e+01
2 0 0 13 2.49999999999953593e-01 7.50000000000024203e-01 0.00000000000000000e+00 16 4.69286496251693208e+01
2 0 0 13 2.49999999999953593e-01 7.50000000000024203e-01 0.00000000000000000e+00 17 5.18919910467859324e+01
2 0 0 13 2.49999999999953593e-01 7.50000000000024203e-01 0.00000000000000000e+00 18 5.63708800026803090e+01
2 0 0 13 2.49999999999953593e-01 7.50000000000024203e-01 0.00000000000000000e+00 19 9.20663416394959455e+01
2 0 0 13 2.49999999999953593e-01 7.50000000000024203e-01 0.00000000000000000e+00 20 1.14527288915222670e+02
2 0 0 13 2.49999999999953593e-01 7.50000000000024203e-01 0.00000000000000000e+00 21 2.38004312471174558e+02
2 0 0 13 2.49999999999953593e-01 7.50000000000024203e-01 0.00000000000000000e+00 22 7.72811512608233329e+02
2 0 0 13 2.49999999999953593e-01 7.50000000000024203e-01 0.00000000000000000e+00 23 1.10356158507416012e+03
2 0 0 13 2.49999999999953593e-01 7.50000000000024203e-01 0.00000000000000000e+00 24 1.76693330923478857e+03
2 0 0 13 2.49999999999953593e-01 7.50000000000024203e-01 0.00000000000000000e+00 25 3.27089091298288258e+03
2 0 0 14 4.99999999999989009e-01 7.50000000000024314e-01 0.00000000000000000e+00 0 -9.35570312912720148e+00
2 0 0 14 4.99999999999989009e-01 7.50000000000024314e-01 0.00000000000000000e+00 1 -2.42480411369960479e-02
2 0 0 14 4.99999999999989009e-01 7.50000000000024314e-01 0.00000000000000000e+00 2 4.06298567510492159e+00
2 0 0 14 4.99999999999989009e-01 7.50000000000024314e-01 0.00000000000000000e+00 3 5.90192892756758170e+00
2 0 0 14 4.99999999999989009e-01 7.50000000000024314e-01 0.00000000000000000e+00 4 1.26660283351750422e+01
2 0 0 14 4.99999999999989009e-01 7.50000000000024314e-01 0.00000000000000000e+00 5 1.57898122200835598e+01
2 0 0 14 4.99999999999989009e-01 7.50000000000024314e-01 0.00000000000000000e+00 6 1.87767161617528942e+01
2 0 0 14 4.99999999999989009e-01 7.50000000000024314e-01 0.00000000000000000e+00 7 1.95745841548624462e+01
2 0 0 14 4.99999999999989009e-01 7.50000000000024314e-01 0.00000000000000000e+00 8 2.55172329739516606e+01
2 0 0 14 4.99999999999989009e-01 7.50000000000024314e-01 0.00000000000000000e+00 9 2.78568069842540460e+01
2 0 0 14 4.99999999999989009e-01 7.50000000000024314e-01 0.00000000000000000e+00 10 2.96909843335620103e+01
2 0 0 14 4.99999999999989009e-01 7.50000000000024314e-01 0.00000000000000000e+00 11 3.11106391326992622e+01
2 0 0 14 4.99999999999989009e-01 7.50000000000024314e-01 0.00000000000000000e+00 12 3.87869916864968758e+01
2 0 0 14 4.99999999999989009e-01 7.50000000000024314e-01 0.00000000000000000e+00 13 3.95213389185886186e+01
2 0 0 14 4.99999999999989009e-01 7.50000000000024314e-01 0.00000000000000000e+00 14 4.06328380387087194e+01
2 0 0 14 4.99999999999989009e-01 7.50000000000024314e-01 0.00000000000000000e+00 15 4.44191567147020692e+01
2 0 0 14 4.99999999999989009e-01 7.50000000000024314e-01 0.00000000000000000e+00 16 5.01422698927424548e+01
2 0 0 14 4.99999999999989009e-01 7.50000000000024314e-01 0.00000000000000000e+00 17 5.10389190168512528e+01
2 0 0 14 4.99999999999989009e-01 7.50000000000024314e-01 0.00000000000000000e+00 18 5.40979435951718415e+01
2 0 0 14 4.99999999999989009e-01 7.50000000000024314e-01 0.00000000000000000e+00 19 7.52494424454521180e+01
2 0 0 14 4.99999999999989009e-01 7.50000000000024314e-01 0.00000000000000000e+00 20 1.27726181999657982e+02
2 0 0 14 4.99999999999989009e-01 7.50000000000024314e-01 0.00000000000000000e+00 21 1.35591312767553887e+02
2 0 0 14 4.99999999999989009e-01 7.50000000000024314e-01 0.00000000000000000e+00 22 9.35652479996648026e+02
2 0 0 14 4.99999999999989009e-01 7.50000000000024314e-01 0.00000000000000000e+00 23 1.11434478276785035e+03
2 0 0 14 4.99999999999989009e-01 7.50000000000024314e-01 0.00000000000000000e+00 24 1.86173924899141230e+03
2 0 0 14 4.99999999999989009e-01 7.50000000000024314e-01 0.00000000000000000e+00 25 3.20661615630234155e+03
2 0 0 15 7.50000000000024203e-01 7.50000000000024203e-01 0.00000000000000000e+00 0 -1.32362896120071589e+01
2 0 0 15 7.50000000000024203e-01 7.50000000000024203e-01 0.00000000000000000e+00 1 3.48373309390893438e+00
2 0 0 15 7.50000000000024203e-01 7.50000000000024203e-01 0.00000000000000000e+00 2 6.71007570380214524e+00
2 0 0 15 7.50000000000024203e-01 7.50000000000024203e-01 0.00000000000000000e+00 3 7.29914835367732273e+00
2 0 0 15 7.50000000000024203e-01 7.50000000000024203e-01 0.00000000000000000e+00 4 1.24518130073858515e+01
2 0 0 15 7.50000000000024203e-01 7.50000000000024203e-01 0.00000000000000000e+00 5 1.53404278130626963e+01
2 0 0 15 7.50000000000024203e-01 7.50000000000024203e-01 0.00000000000000000e+00 6 1.77546703555138414e+01
2 0 0 15 7.50000000000024203e-01 7.50000000000024203e-01 0.00000000000000000e+00 7 1.83192700317912589e+01
2 0 0 15 7.50000000000024203e-01 7.50000000000024203e-01 0.00000000000000000e+00 8 2.23164180990590850e+01
2 0 0 15 7.50000000000024203e-01 7.50000000000024203e-01 0.00000000000000000e+00 9 2.55997965302637667e+01
2 0 0 15 7.50000000000024203e-01 7.50000000000024203e-01 0.00000000000000000e+00 10 3.15782031891287787e+01
2 0 0 15 7.50000000000024203e-01 7.50000000000024203e-01 0.00000000000000000e+00 11 3.17331395750675789e+01
2 0 0 15 7.50000000000024203e-01 7.50000000000024203e-01 0.00000000000000000e+00 12 3.62104384065611242e+01
2 0 0 15 7.50000000000024203e-01 7.50000000000024203e-01 0.00000000000000000e+00 13 4.04266165966788122e+01
2 0 0 15 7.50000000000024203e-01 7.50000000000024203e-01 0.00000000000000000e+00 14 4.28009319390369569e+01
2 0 0 15 7.50000000000024203e-01 7.50000000000024203e-01 0.00000000000000000e+00 15 4.65679474797386490e+01
2 0 0 15 7.50000000000024203e-01 7.50000000000024203e-01 0.00000000000000000e+00 16 4.95139868904821938e+01
2 0 0 15 7.50000000000024203e-01 7.50000000000024203e-01 0.00000000000000000e+00 17 5.08837773481752365e+01
2 0 0 15 7.50000000000024203e-01 7.50000000000024203e-01 0.00000000000000000e+00 18 6.02284232320734887e+01
2 0 0 15 7.50000000000024203e-01 7.50000000000024203e-01 0.00000000000000000e+00 19 1.42311299082970010e+02
2 0 0 15 7.50000000000024203e-01 7.50000000000024203e-01 0.00000000000000000e+00 20 1.51206613270050781e+02
2 0 0 15 7.50000000000024203e-01 7.50000000000024203e-01 0.00000000000000000e+00 21 2.87630628608853840e+02
2 0 0 15 7.50000000000024203e-01 7.50000000000024203e-01 0.00000000000000000e+00 22 7.17514523800418033e+02
2 0 0 15 7.50000000000024203e-01 7.50000000000024203e-01 0.00000000000000000e+00 23 1.44179920247771884e+03
2 0 0 15 7.50000000000024203e-01 7.50000000000024203e-01 0.00000000000000000e+00 24 1.75106838875947233e+03
2 0 0 15 7.50000000000024203e-01 7.50000000000024203e-01 0.00000000000000000e+00 25 2.04441944092712333e+03
2 0 0 16 0.00000000000000000e+00 0.00000000000000000e+00 2.50000000000035305e-01 0 -1.23437171673524766e+01
2 0 0 16 0.00000000000000000e+00 0.00000000000000000e+00 2.50000000000035305e-01 1 3.83280861407834106e+00
2 0 0 16 0.00000000000000000e+00 0.00000000000000000e+00 2.50000000000035305e-01 2 6.64595499699725600e+00
2 0 0 16 0.00000000000000000e+00 0.00000000000000000e+00 2.50000000000035305e-01 3 7.45001124040451312e+00
2 0 0 16 0.00000000000000000e+00 0.00000000000000000e+00 2.50000000000035305e-01 4 1.32353337157135691e+01
2 0 0 16 0.00000000000000000e+00 0.00000000000000000e+00 2.50000000000035305e-01 5 1.50522668863050644e+01
2 0 0 16 0.00000000000000000e+00 0.00000000000000000e+00 2.50000000000035305e-01 6 1.54513468805256267e+01
2 0 0 16 0.00000000000000000e+00 0.00000000000000000e+00 2.50000000000035305e-01 7 1.99753054893635991e+01
2 0 0 16 0.00000000000000000e+00 0.00000000000000000e+00 2.50000000000035305e-01 8 2.01262520875306805e+01
2 0 0 16 0.00000000000000000e+00 0.00000000000000000e+00 2.50000000000035305e-01 9 2.37123740240706553e+01
2 0 0 16 0.00000000000000000e+00 0.00000000000000000e+00 2.50000000000035305e-01 10 3.25809102151952814e+01
2 0 0 16 0.00000000000000000e+00 0.00000000000000000e+00 2.50000000000035305e-01 11 3.35715771214043741e+01
2 0 0 16 0.00000000000000000e+00 0.00000000000000000e+00 2.50000000000035305e-01 12 3.51642664865786685e+01
2 0 0 16 0.00000000000000000e+00 0.00000000000000000e+00 2.50000000000035305e-01 13 3.70808866567387767e+01
2 0 0 16 0.00000000000000000e+00 0.00000000000000000e+00 2.50000000000035305e-01 14 4.39598078012765185e+01
2 0 0 16 0.00000000000000000e+00 0.00000000000000000e+00 2.50000000000035305e-01 15 4.51011970132430662e+01
2 0 0 16 0.00000000000000000e+00 0.00000000000000000e+00 2.50000000000035305e-01 16 5.19470053055365284e+01
2 0 0 16 0.00000000000000000e+00 0.00000000000000000e+00 2.50000000000035305e-01 17 5.38262095641114939e+01
2 0 0 16 0.00000000000000000e+00 0.00000000000000000e+00 2.50000000000035305e-01 18 5.52875063963902491e+01
2 0 0 16 0.00000000000000000e+00 0.00000000000000000e+00 2.50000000000035305e-01 19 1.20416627937839465e+02
2 0 0 16 0.00000000000000000e+00 0.00000000000000000e+00 2.50000000000035305e-01 20 3.36236187502336520e+02
2 0 0 16 0.00000000000000000e+00 0.00000000000000000e+00 2.50000000000035305e-01 21 3.62789423615811188e+02
2 0 0 16 0.00000000000000000e+00 0.00000000000000000e+00 2.50000000000035305e-01 22 8.96269369353691104e+02
2 0 0 16 0.00000000000000000e+00 0.00000000000000000e+00 2.50000000000035305e-01 23 9.28169970961139029e+02
2 0 0 16 0.00000000000000000e+00 0.00000000000000000e+00 2.50000000000035305e-01 24 1.46917668873834054e+03
2 0 0 16 0.00000000000000000e+00 0.00000000000000000e+00 2.50000000000035305e-01 25 2.83696249990663819e+03
2 0 0 17 2.50000000000035305e-01 0.00000000000000000e+00 2.50000000000035305e-01 0 -1.19213754628182951e+01
2 0 0 17 2.50000000000035305e-01 0.00000000000000000e+00 2.50000000000035305e-01 1 3.67966762355824972e+00
2 0 0 17 2.50000000000035305e-01 0.00000000000000000e+00 2.50000000000035305e-01 2 5.63681476742787879e+00
2 0 0 17 2.50000000000035305e-01 0.00000000000000000e+00 2.50000000000035305e-01 3 6.94685001785377576e+00
2 0 0 17 2.50000000000035305e-01 0.00000000000000000e+00 2.50000000000035305e-01 4 1.23910106613663995e+01
2 0 0 17 2.50000000000035305e-01 0.00000000000000000e+00 2.50000000000035305e-01 5 1.57466058961021886e+01
2 0 0 17 2.50000000000035305e-01 0.00000000000000000e+00 2.50000000000035305e-01 6 1.78223471968937410e+01
2 0 0 17 2.50000000000035305e-01 0.00000000000000000e+00 2.50000000000035305e-01 7 1.90525666860082197e+01
2 0 0 17 2.50000000000035305e-01 0.00000000000000000e+00 2.50000000000035305e-01 8 2.20118981946801711e+01
2 0 0 17 2.50000000000035305e-01 0.00000000000000000e+00 2.50000000000035305e-01 9 2.56659989144352849e+01
2 0 0 17 2.50000000000035305e-01 0.00000000000000000e+00 2.50000000000035305e-01 10 3.09791681185778920e+01
2 0 0 17 2.50000000000035305e-01 0.00000000000000000e+00 2.50000000000035305e-01 11 3.30366451394361178e+01
2 0 0 17 2.50000000000035305e-01 0.00000000000000000e+00 2.50000000000035305e-01 12 3.57021555142291120e+01
2 0 0 17 2.50000000000035305e-01 0.00000000000000000e+00 2.50000000000035305e-01 13 3.98839855254714806e+01
2 0 0 17 2.50000000000035305e-01 0.00000000000000000e+00 2.50000000000035305e-01 14 4.26514182760855292e+01
2 0 0 17 2.50000000000035305e-01 0.00000000000000000e+00 2.50000000000035305e-01 15 4.64331815036595543e+01
2 0 0 17 2.50000000000035305e-01 0.00000000000000000e+00 2.50000000000035305e-01 16 5.01873353340630857e+01
2 0 0 17 2.50000000000035305e-01 0.00000000000000000e+00 2.50000000000035305e-01 17 5.18923574033509496e+01
2 0 0 17 2.50000000000035305e-01 0.00000000000000000e+00 2.50000000000035305e-01 18 5.93146279689728289e+01
2 0 0 17 2.50000000000035305e-01 0.00000000000000000e+00 2.50000000000035305e-01 19 1.38057875568635069e+02
2 0 0 17 2.50000000000035305e-01 0.00000000000000000e+00 2.50000000000035305e-01 20 1.58947454443565846e+02
2 0 0 17 2.50000000000035305e-01 0.00000000000000000e+00 2.50000000000035305e-01 21 2.90696479957140980e+02
2 0 0 17 2.50000000000035305e-01 0.00000000000000000e+00 2.50000000000035305e-01 22 7.06759439847233693e+02
2 0 0 17 2.50000000000035305e-01 0.00000000000000000e+00 2.50000000000035305e-01 23 1.67521194262300241e+03
2 0 0 17 2.50000000000035305e-01 0.00000000000000000e+00 2.50000000000035305e-01 24 1.72642377558726685e+03
2 0 0 17 2.50000000000035305e-01 0.00000000000000000e+00 2.50000000000035305e-01 25 2.05320072050449380e+03
2 0 0 18 4.99999999999988953e-01 0.00000000000000000e+00 2.49999999999953648e-01 0 -7.94102078233974762e+00
2 0 0 18 4.99999999999988953e-01 0.00000000000000000e+00 2.49999999999953648e-01 1 -4.62886969326231523e-01
2 0 0 18 4.99999999999988953e-01 0.00000000000000000e+00 2.49999999999953648e-01 2 4.38754385187704887e+00
2 0 0 18 4.99999999999988953e-01 0.00000000000000000e+00 2.49999999999953648e-01 3 5.71396816741228264e+00
2 0 0 18 4.99999999999988953e-01 0.00000000000000000e+00 2.49999999999953648e-01 4 1.27887114286478134e+01
2 0 0 18 4.99999999999988953e-01 0.00000000000000000e+00 2.49999999999953648e-01 5 1.57856929660450671e+01
2 0 0 18 4.99999999999988953e-01 0.00000000000000000e+00 2.49999999999953648e-01 6 1.84402016024719728e+01
2 0 0 18 4.99999999999988953e-01 0.00000000000000000e+00 2.49999999999953648e-01 7 1.99241031315975370e+01
2 0 0 18 4.99999999999988953e-01 0.00000000000000000e+00 2.49999999999953648e-01 8 2.53922043162260529e+01
2 0 0 18 4.99999999999988953e-01 0.00000000000000000e+00 2.49999999999953648e-01 9 2.74561401677693944e+01
2 0 0 18 4.99999999999988953e-01 0.00000000000000000e+00 2.49999999999953648e-01 10 2.98469977088066614e+01
2 0 0 18 4.99999999999988953e-01 0.00000000000000000e+00 2.49999999999953648e-01 11 3.06556620195566047e+01
2 0 0 18 4.99999999999988953e-01 0.00000000000000000e+00 2.49999999999953648e-01 12 3.89320741903214227e+01
2 0 0 18 4.99999999999988953e-01 0.00000000000000000e+00 2.49999999999953648e-01 13 3.93759959412899860e+01
2 0 0 18 4.99999999999988953e-01 0.00000000000000000e+00 2.49999999999953648e-01 14 3.98989571089627546e+01
2 0 0 18 4.99999999999988953e-01 0.00000000000000000e+00 2.49999999999953648e-01 15 4.45896520401044469e+01
2 0 0 18 4.99999999999988953e-01 0.00000000000000000e+00 2.49999999999953648e-01 16 4.93492558735856335e+01
2 0 0 18 4.99999999999988953e-01 0.00000000000000000e+00 2.49999999999953648e-01 17 5.13872216021477399e+01
2 0 0 18 4.99999999999988953e-01 0.00000000000000000e+00 2.49999999999953648e-01 18 5.42209344486166529e+01
2 0 0 18 4.99999999999988953e-01 0.00000000000000000e+00 2.49999999999953648e-01 19 7.57576972058454743e+01
2 0 0 18 4.99999999999988953e-01 0.00000000000000000e+00 2.49999999999953648e-01 20 1.22325744840279484e+02
2 0 0 18 4.99999999999988953e-01 0.00000000000000000e+00 2.49999999999953648e-01 21 1.36298923789751939e+02
2 0 0 18 4.99999999999988953e-01 0.00000000000000000e+00 2.49999999999953648e-01 22 9.08460010552982681e+02
2 0 0 18 4.99999999999988953e-01 0.00000000000000000e+00 2.49999999999953648e-01 23 1.11444387146361578e+03
2 0 0 18 4.99999999999988953e-01 0.00000000000000000e+00 2.49999999999953648e-01 24 1.96332473237443946e+03
2 0 0 18 4.99999999999988953e-01 0.00000000000000000e+00 2.49999999999953648e-01 25 3.15864676054960000e+03
2 0 0 19 7.50000000000024203e-01 0.00000000000000000e+00 2.49999999999953593e-01 0 -9.77443621411620356e+00
2 0 0 19 7.50000000000024203e-01 0.00000000000000000e+00 2.49999999999953593e-01 1 1.29997821707474537e+00
2 0 0 19 7.50000000000024203e-01 0.00000000000000000e+00 2.49999999999953593e-01 2 4.03517189254999220e+00
2 0 0 19 7.50000000000024203e-01 0.00000000000000000e+00 2.49999999999953593e-01 3 6.43623997685141269e+00
2 0 0 19 7.50000000000024203e-01 0.00000000000000000e+00 2.49999999999953593e-01 4 1.47765774466436355e+01
2 0 0 19 7.50000000000024203e-01 0.00000000000000000e+00 2.49999999999953593e-01 5 1.59399389848215662e+01
2 0 0 19 7.50000000000024203e-01 0.00000000000000000e+00 2.49999999999953593e-01 6 1.69822505937332977e+01
2 0 0 19 7.50000000000024203e-01 0.00000000000000000e+00 2.49999999999953593e-01 7 1.88861712894374030e+01
2 0 0 19 7.50000000000024203e-01 0.00000000000000000e+00 2.49999999999953593e-01 8 2.04804196590712273e+01
2 0 0 19 7.50000000000024203e-01 0.00000000000000000e+00 2.49999999999953593e-01 9 2.69131623052218707e+01
2 0 0 19 7.50000000000024203e-01 0.00000000000000000e+00 2.49999999999953593e-01 10 3.14079720562545361e+01
2 0 0 19 7.50000000000024203e-01 0.00000000000000000e+00 2.49999999999953593e-01 11 3.59247627513468473e+01
2 0 0 19 7.50000000000024203e-01 0.00000000000000000e+00 2.49999999999953593e-01 12 3.70004431102824540e+01
2 0 0 19 7.50000000000024203e-01 0.00000000000000000e+00 2.49999999999953593e-01 13 3.97395441187047567e+01
2 0 0 19 7.50000000000024203e-01 0.00000000000000000e+00 2.49999999999953593e-01 14 4.08022660858880784e+01
2 0 0 19 7.50000000000024203e-01 0.00000000000000000e+00 2.49999999999953593e-01 15 4.26528277322652158e+01
2 0 0 19 7.50000000000024203e-01 0.00000000000000000e+00 2.49999999999953593e-01 16 4.51294253222628328e+01
2 0 0 19 7.50000000000024203e-01 0.00000000000000000e+00 2.49999999999953593e-01 17 5.16587302494466982e+01
2 0 0 19 7.50000000000024203e-01 0.00000000000000000e+00 2.49999999999953593e-01 18 5.50638433929929647e+01
2 0 0 19 7.50000000000024203e-01 0.00000000000000000e+00 2.49999999999953593e-01 19 9.02128500349821252e+01
2 0 0 19 7.50000000000024203e-01 0.00000000000000000e+00 2.49999999999953593e-01 20 1.07640655569969354e+02
2 0 0 19 7.50000000000024203e-01 0.00000000000000000e+00 2.49999999999953593e-01 21 2.45759785449635302e+02
2 0 0 19 7.50000000000024203e-01 0.00000000000000000e+00 2.49999999999953593e-01 22 7.77529014653468153e+02
2 0 0 19 7.50000000000024203e-01 0.00000000000000000e+00 2.49999999999953593e-01 23 1.08596487411313615e+03
2 0 0 19 7.50000000000024203e-01 0.00000000000000000e+00 2.49999999999953593e-01 24 1.80339538991651057e+03
2 0 0 19 7.50000000000024203e-01 0.00000000000000000e+00 2.49999999999953593e-01 25 3.24769159926635621e+03
2 0 0 20 0.00000000000000000e+00 2.50000000000035305e-01 2.50000000000035305e-01 0 -1.18860496605600652e+01
2 0 0 20 0.00000000000000000e+00 2.50000000000035305e-01 2.50000000000035305e-01 1 4.03069937383886234e+00
2 0 0 20 0.00000000000000000e+00 2.50000000000035305e-01 2.50000000000035305e-01 2 5.73942180017584569e+00
2 0 0 20 0.00000000000000000e+00 2.50000000000035305e-01 2.50000000000035305e-01 3 6.75934119814570433e+00
2 0 0 20 0.00000000000000000e+00 2.50000000000035305e-01 2.50000000000035305e-01 4 1.17625790537761628e+01
2 0 0 20 0.00000000000000000e+00 2.50000000000035305e-01 2.50000000000035305e-01 5 1.57591333710600008e+01
2 0 0 20 0.00000000000000000e+00 2.50000000000035305e-01 2.50000000000035305e-01 6 1.80321896254229301e+01
2 0 0 20 0.00000000000000000e+00 2.50000000000035305e-01 2.50000000000035305e-01 7 1.89622746153458301e+01
2 0 0 20 0.00000000000000000e+00 2.50000000000035305e-01 2.50000000000035305e-01 8 2.20163211790359945e+01
2 0 0 20 0.00000000000000000e+00 2.50000000000035305e-01 2.50000000000035305e-01 9 2.61629629631258389e+01
2 0 0 20 0.00000000000000000e+00 2.50000000000035305e-01 2.50000000000035305e-01 10 3.12493006605581414e+01
2 0 0 20 0.00000000000000000e+00 2.50000000000035305e-01 2.50000000000035305e-01 11 3.32217664842938589e+01
2 0 0 20 0.00000000000000000e+00 2.50000000000035305e-01 2.50000000000035305e-01 12 3.51726916780071690e+01
2 0 0 20 0.00000000000000000e+00 2.50000000000035305e-01 2.50000000000035305e-01 13 3.98444214768154765e+01
2 0 0 20 0.00000000000000000e+00 2.50000000000035305e-01 2.50000000000035305e-01 14 4.26030068203743895e+01
2 0 0 20 0.00000000000000000e+00 2.50000000000035305e-01 2.50000000000035305e-01 15 4.66333504817333520e+01
2 0 0 20 0.00000000000000000e+00 2.50000000000035305e-01 2.50000000000035305e-01 16 4.99541256963418476e+01
2 0 0 20 0.00000000000000000e+00 2.50000000000035305e-01 2.50000000000035305e-01 17 5.22162872831962730e+01
2 0 0 20 0.00000000000000000e+00 2.50000000000035305e-01 2.50000000000035305e-01 18 5.83353365227785119e+01
2 0 0 20 0.00000000000000000e+00 2.50000000000035305e-01 2.50000000000035305e-01 19 1.47180087491881977e+02
2 0 0 20 0.00000000000000000e+00 2.50000000000035305e-01 2.50000000000035305e-01 20 1.52453927647971739e+02
2 0 0 20 0.00000000000000000e+00 2.50000000000035305e-01 2.50000000000035305e-01 21 2.97279411542705361e+02
2 0 0 20 0.00000000000000000e+00 2.50000000000035305e-01 2.50000000000035305e-01 22 7.05955864777166198e+02
2 0 0 20 0.00000000000000000e+00 2.50000000000035305e-01 2.50000000000035305e-01 23 1.58010353340873121e+03
2 0 0 20 0.00000000000000000e+00 2.50000000000035305e-01 2.50000000000035305e-01 24 1.73774465192656135e+03
2 0 0 20 0.00000000000000000e+00 2.50000000000035305e-01 2.50000000000035305e-01 25 2.05753402069888580e+03
2 0 0 21 2.50000000000035305e-01 2.50000000000035305e-01 2.50000000000035305e-01 0 -1.26583625483514002e+01
2 0 0 21 2.50000000000035305e-01 2.50000000000035305e-01 2.50000000000035305e-01 1 3.79554897859968587e+00
2 0 0 21 2.50000000000035305e-01 2.50000000000035305e-01 2.50000000000035305e-01 2 6.34282810948467013e+00
2 0 0 21 2.50000000000035305e-01 2.50000000000035305e-01 2.50000000000035305e-01 3 7.56835831202110310e+00
2 0 0 21 2.50000000000035305e-01 2.50000000000035305e-01 2.50000000000035305e-01 4 1.36093928619243414e+01
2 0 0 21 2.50000000000035305e-01 2.50000000000035305e-01 2.50000000000035305e-01 5 1.51528108575687561e+01
2 0 0 21 2.50000000000035305e-01 2.50000000000035305e-01 2.50000000000035305e-01 6 1.54968000308253213e+01
2 0 0 21 2.50000000000035305e-01 2.50000000000035305e-01 2.50000000000035305e-01 7 1.97951056073050218e+01
2 0 0 21 2.50000000000035305e-01 2.50000000000035305e-01 2.50000000000035305e-01 8 2.00102820762305633e+01
2 0 0 21 2.50000000000035305e-01 2.50000000000035305e-01 2.50000000000035305e-01 9 2.39083165582024328e+01
2 0 0 21 2.50000000000035305e-01 2.50000000000035305e-01 2.50000000000035305e-01 10 3.23880370928936827e+01
2 0 0 21 2.50000000000035305e-01 2.50000000000035305e-01 2.50000000000035305e-01 11 3.41109625035689987e+01
2 0 0 21 2.50000000000035305e-01 2.50000000000035305e-01 2.50000000000035305e-01 12 3.50029852934567813e+01
2 0 0 21 2.50000000000035305e-01 2.50000000000035305e-01 2.50000000000035305e-01 13 3.76091475520927432e+01
2 0 0 21 2.50000000000035305e-01 2.50000000000035305e-01 2.50000000000035305e-01 14 4.49628013385523175e+01
2 0 0 21 2.50000000000035305e-01 2.50000000000035305e-01 2.50000000000035305e-01 15 4.53474896884352319e+01
2 0 0 21 2.50000000000035305e-01 2.50000000000035305e-01 2.50000000000035305e-01 16 5.29667279006459708e+01
2 0 0 21 2.50000000000035305e-01 2.50000000000035305e-01 2.50000000000035305e-01 17 5.42144730856909263e+01
2 0 0 21 2.50000000000035305e-01 2.50000000000035305e-01 2.50000000000035305e-01 18 5.49690810315016094e+01
2 0 0 21 2.50000000000035305e-01 2.50000000000035305e-01 2.50000000000035305e-01 19 1.22814575015527339e+02
2 0 0 21 2.50000000000035305e-01 2.50000000000035305e-01 2.50000000000035305e-01 20 3.35281956246862933e+02
2 0 0 21 2.50000000000035305e-01 2.50000000000035305e-01 2.50000000000035305e-01 21 3.57172397805325375e+02
2 0 0 21 2.50000000000035305e-01 2.50000000000035305e-01 2.50000000000035305e-01 22 8.33559789759851014e+02
2 0 0 21 2.50000000000035305e-01 2.50000000000035305e-01 2.50000000000035305e-01 23 8.88363340088154473e+02
2 0 0 21 2.50000000000035305e-01 2.50000000000035305e-01 2.50000000000035305e-01 24 1.43140669380210738e+03
2 0 0 21 2.50000000000035305e-01 2.50000000000035305e-01 2.50000000000035305e-01 25 2.79929448443442379e+03
2 0 0 22 5.00000000000070610e-01 2.50000000000035305e-01 2.50000000000035305e-01 0 -1.00008825304819204e+01
2 0 0 22 5.00000000000070610e-01 2.50000000000035305e-01 2.50000000000035305e-01 1 1.51141082715152231e+00
2 0 0 22 5.00000000000070610e-01 2.50000000000035305e-01 2.50000000000035305e-01 2 4.51081164564094639e+00
2 0 0 22 5.00000000000070610e-01 2.50000000000035305e-01 2.50000000000035305e-01 3 6.09973503844959097e+00
2 0 0 22 5.00000000000070610e-01 2.50000000000035305e-01 2.50000000000035305e-01 4 1.45683973038523842e+01
2 0 0 22 5.00000000000070610e-01 2.50000000000035305e-01 2.50000000000035305e-01 5 1.59112030073323236e+01
2 0 0 22 5.00000000000070610e-01 2.50000000000035305e-01 2.50000000000035305e-01 6 1.68689260201565183e+01
2 0 0 22 5.00000000000070610e-01 2.50000000000035305e-01 2.50000000000035305e-01 7 1.85014173859130082e+01
2 0 0 22 5.00000000000070610e-01 2.50000000000035305e-01 2.50000000000035305e-01 8 2.14974030605817283e+01
2 0 0 22 5.00000000000070610e-01 2.50000000000035305e-01 2.50000000000035305e-01 9 2.68358579297557931e+01
2 0 0 22 5.00000000000070610e-01 2.50000000000035305e-01 2.50000000000035305e-01 10 3.08221167852125220e+01
2 0 0 22 5.00000000000070610e-01 2.50000000000035305e-01 2.50000000000035305e-01 11 3.51610407726525693e+01
2 0 0 22 5.00000000000070610e-01 2.50000000000035305e-01 2.50000000000035305e-01 12 3.60725516938361110e+01
2 0 0 22 5.00000000000070610e-01 2.50000000000035305e-01 2.50000000000035305e-01 13 3.82714456321880618e+01
2 0 0 22 5.00000000000070610e-01 2.50000000000035305e-01 2.50000000000035305e-01 14 4.15128845237676245e+01
2 0 0 22 5.00000000000070610e-01 2.50000000000035305e-01 2.50000000000035305e-01 15 4.37721360379145210e+01
2 0 0 22 5.00000000000070610e-01 2.50000000000035305e-01 2.50000000000035305e-01 16 4.67434123995668926e+01
2 0 0 22 5.00000000000070610e-01 2.50000000000035305e-01 2.50000000000035305e-01 17 5.13986319717676849e+01
2 0 0 22 5.00000000000070610e-01 2.50000000000035305e-01 2.50000000000035305e-01 18 5.52047387048159592e+01
2 0 0 22 5.00000000000070610e-01 2.50000000000035305e-01 2.50000000000035305e-01 19 9.15370593615739949e+01
2 0 0 22 5.00000000000070610e-01 2.50000000000035305e-01 2.50000000000035305e-01 20 1.11450305621989699e+02
2 0 0 22 5.00000000000070610e-01 2.50000000000035305e-01 2.50000000000035305e-01 21 2.32599543267553486e+02
2 0 0 22 5.00000000000070610e-01 2.50000000000035305e-01 2.50000000000035305e-01 22 7.71302263900922526e+02
2 0 0 22 5.00000000000070610e-01 2.50000000000035305e-01 2.50000000000035305e-01 23 1.06045934549243020e+03
2 0 0 22 5.00000000000070610e-01 2.50000000000035305e-01 2.50000000000035305e-01 24 1.81231703772757919e+03
2 0 0 22 5.00000000000070610e-01 2.50000000000035305e-01 2.50000000000035305e-01 25 3.25250154596959237e+03
2 0 0 23 7.49999999999942601e-01 2.49999999999953648e-01 2.49999999999953648e-01 0 -7.85677558387468533e+00
2 0 0 23 7.49999999999942601e-01 2.49999999999953648e-01 2.49999999999953648e-01 1 -1.71887699762094309e-01
2 0 0 23 7.49999999999942601e-01 2.49999999999953648e-01 2.49999999999953648e-01 2 4.28213249559477660e+00
2 0 0 23 7.49999999999942601e-01 2.49999999999953648e-01 2.49999999999953648e-01 3 5.66644558766560369e+00
2 0 0 23 7.49999999999942601e-01 2.49999999999953648e-01 2.49999999999953648e-01 4 1.27494740143975438e+01
2 0 0 23 7.49999999999942601e-01 2.49999999999953648e-01 2.49999999999953648e-01 5 1.58154002678932208e+01
2 0 0 23 7.49999999999942601e-01 2.49999999999953648e-01 2.49999999999953648e-01 6 1.81751817135982598e+01
2 0 0 23 7.49999999999942601e-01 2.49999999999953648e-01 2.49999999999953648e-01 7 1.88802845921852729e+01
2 0 0 23 7.49999999999942601e-01 2.49999999999953648e-01 2.49999999999953648e-01 8 2.56210848920834913e+01
2 0 0 23 7.49999999999942601e-01 2.49999999999953648e-01 2.49999999999953648e-01 9 2.81549010932574006e+01
2 0 0 23 7.49999999999942601e-01 2.49999999999953648e-01 2.49999999999953648e-01 10 2.94860921599441177e+01
2 0 0 23 7.49999999999942601e-01 2.49999999999953648e-01 2.49999999999953648e-01 11 3.13220266886591858e+01
2 0 0 23 7.49999999999942601e-01 2.49999999999953648e-01 2.49999999999953648e-01 12 3.81569081406289143e+01
2 0 0 23 7.49999999999942601e-01 2.49999999999953648e-01 2.49999999999953648e-01 13 3.93208138930265676e+01
2 0 0 23 7.49999999999942601e-01 2.49999999999953648e-01 2.49999999999953648e-01 14 4.02643412129070128e+01
2 0 0 23 7.49999999999942601e-01 2.49999999999953648e-01 2.49999999999953648e-01 15 4.45468511128472144e+01
2 0 0 23 7.49999999999942601e-01 2.49999999999953648e-01 2.49999999999953648e-01 16 4.98982814360038489e+01
2 0 0 23 7.49999999999942601e-01 2.49999999999953648e-01 2.49999999999953648e-01 17 5.08778373374940998e+01
2 0 0 23 7.49999999999942601e-01 2.49999999999953648e-01 2.49999999999953648e-01 18 5.46065707331632879e+01
2 0 0 23 7.49999999999942601e-01 2.49999999999953648e-01 2.49999999999953648e-01 19 7.62563458754519985e+01
2 0 0 23 7.49999999999942601e-01 2.49999999999953648e-01 2.49999999999953648e-01 20 1.25924487179538659e+02
2 0 0 23 7.49999999999942601e-01 2.49999999999953648e-01 2.49999999999953648e-01 21 1.35450432644818790e+02
2 0 0 23 7.49999999999942601e-01 2.49999999999953648e-01 2.49999999999953648e-01 22 8.87832801069146171e+02
2 0 0 23 7.49999999999942601e-01 2.49999999999953648e-01 2.49999999999953648e-01 23 1.10029145174588416e+03
2 0 0 23 7.49999999999942601e-01 2.49999999999953648e-01 2.49999999999953648e-01 24 1.89349377227238460e+03
2 0 0 23 7.49999999999942601e-01 2.49999999999953648e-01 2.49999999999953648e-01 25 3.36833856683302929e+03
2 0 0 24 0.00000000000000000e+00 4.99999999999988953e-01 2.49999999999953648e-01 0 -7.78348867738427508e+00
2 0 0 24 0.00000000000000000e+00 4.99999999999988953e-01 2.49999999999953648e-01 1 -6.31692193324443041e-01
2 0 0 24 0.00000000000000000e+00 4.99999999999988953e-01 2.49999999999953648e-01 2 4.24159112463716248e+00
2 0 0 24 0.00000000000000000e+00 4.99999999999988953e-01 2.49999999999953648e-01 3 5.99847856635238585e+00
2 0 0 24 0.00000000000000000e+00 4.99999999999988953e-01 2.49999999999953648e-01 4 1.31134397719824545e+01
2 0 0 24 0.00000000000000000e+00 4.99999999999988953e-01 2.49999999999953648e-01 5 1.55911614564151293e+01
2 0 0 24 0.00000000000000000e+00 4.99999999999988953e-01 2.49999999999953648e-01 6 1.83403628966817323e+01
2 0 0 24 0.00000000000000000e+00 4.99999999999988953e-01 2.49999999999953648e-01 7 2.00370935015292133e+01
2 0 0 24 0.00000000000000000e+00 4.99999999999988953e-01 2.49999999999953648e-01 8 2.52748141442541652e+01
2 0 0 24 0.00000000000000000e+00 4.99999999999988953e-01 2.49999999999953648e-01 9 2.70484826811384664e+01
2 0 0 24 0.00000000000000000e+00 4.99999999999988953e-01 2.49999999999953648e-01 10 2.97244597672817683e+01
2 0 0 24 0.00000000000000000e+00 4.99999999999988953e-01 2.49999999999953648e-01 11 3.13883850727592275e+01
2 0 0 24 0.00000000000000000e+00 4.99999999999988953e-01 2.49999999999953648e-01 12 3.82548267035622303e+01
2 0 0 24 0.00000000000000000e+00 4.99999999999988953e-01 2.49999999999953648e-01 13 3.98052741306614450e+01
2 0 0 24 0.00000000000000000e+00 4.99999999999988953e-01 2.49999999999953648e-01 14 4.06981406889460473e+01
2 0 0 24 0.00000000000000000e+00 4.99999999999988953e-01 2.49999999999953648e-01 15 4.42830482301860826e+01
2 0 0 24 0.00000000000000000e+00 4.99999999999988953e-01 2.49999999999953648e-01 16 4.99514056899685670e+01
2 0 0 24 0.00000000000000000e+00 4.99999999999988953e-01 2.49999999999953648e-01 17 5.15423462197441395e+01
2 0 0 24 0.00000000000000000e+00 4.99999999999988953e-01 2.49999999999953648e-01 18 5.37773808352139966e+01
2 0 0 24 0.00000000000000000e+00 4.99999999999988953e-01 2.49999999999953648e-01 19 7.44255884347545020e+01
2 0 0 24 0.00000000000000000e+00 4.99999999999988953e-01 2.49999999999953648e-01 20 1.21795914729428858e+02
2 0 0 24 0.00000000000000000e+00 4.99999999999988953e-01 2.49999999999953648e-01 21 1.32772803890589557e+02
2 0 0 24 0.00000000000000000e+00 4.99999999999988953e-01 2.49999999999953648e-01 22 8.91898890765623378e+02
2 0 0 24 0.00000000000000000e+00 4.99999999999988953e-01 2.49999999999953648e-01 23 1.08014303934212535e+03
2 0 0 24 0.00000000000000000e+00 4.99999999999988953e-01 2.49999999999953648e-01 24 2.00481189086501809e+03
2 0 0 24 0.00000000000000000e+00 4.99999999999988953e-01 2.49999999999953648e-01 25 3.25808278485236406e+03
2 0 0 25 2.50000000000035305e-01 5.00000000000070610e-01 2.50000000000035305e-01 0 -1.02692586540399553e+01
2 0 0 25 2.50000000000035305e-01 5.00000000000070610e-01 2.50000000000035305e-01 1 1.43214708970315474e+00
2 0 0 25 2.50000000000035305e-01 5.00000000000070610e-01 2.50000000000035305e-01 2 4.42608157168387262e+00
2 0 0 25 2.50000000000035305e-01 5.00000000000070610e-01 2.50000000000035305e-01 3 6.55399753197045332e+00
2 0 0 25 2.50000000000035305e-01 5.00000000000070610e-01 2.50000000000035305e-01 4 1.47491637993997262e+01
2 0 0 25 2.50000000000035305e-01 5.00000000000070610e-01 2.50000000000035305e-01 5 1.59248280865257552e+01
2 0 0 25 2.50000000000035305e-01 5.00000000000070610e-01 2.50000000000035305e-01 6 1.70652176626025209e+01
2 0 0 25 2.50000000000035305e-01 5.00000000000070610e-01 2.50000000000035305e-01 7 1.90077805156821960e+01
2 0 0 25 2.50000000000035305e-01 5.00000000000070610e-01 2.50000000000035305e-01 8 2.11388346705847745e+01
2 0 0 25 2.50000000000035305e-01 5.00000000000070610e-01 2.50000000000035305e-01 9 2.65934257036619002e+01
2 0 0 25 2.50000000000035305e-01 5.00000000000070610e-01 2.50000000000035305e-01 10 3.12537277267153826e+01
2 0 0 25 2.50000000000035305e-01 5.00000000000070610e-01 2.50000000000035305e-01 11 3.49547403994780765e+01
2 0 0 25 2.50000000000035305e-01 5.00000000000070610e-01 2.50000000000035305e-01 12 3.65557270384123996e+01
2 0 0 25 2.50000000000035305e-01 5.00000000000070610e-01 2.50000000000035305e-01 13 3.73911925350061409e+01
2 0 0 25 2.50000000000035305e-01 5.00000000000070610e-01 2.50000000000035305e-01 14 4.02522616808532092e+01
2 0 0 25 2.50000000000035305e-01 5.00000000000070610e-01 2.50000000000035305e-01 15 4.40072659594482474e+01
2 0 0 25 2.50000000000035305e-01 5.00000000000070610e-01 2.50000000000035305e-01 16 4.65335217776869570e+01
2 0 0 25 2.50000000000035305e-01 5.00000000000070610e-01 2.50000000000035305e-01 17 5.16733448376617943e+01
2 0 0 25 2.50000000000035305e-01 5.00000000000070610e-01 2.50000000000035305e-01 18 5.59565648259969137e+01
2 0 0 25 2.50000000000035305e-01 5.00000000000070610e-01 2.50000000000035305e-01 19 8.71619596338589133e+01
2 0 0 25 2.50000000000035305e-01 5.00000000000070610e-01 2.50000000000035305e-01 20 1.12215422946332538e+02
2 0 0 25 2.50000000000035305e-01 5.00000000000070610e-01 2.50000000000035305e-01 21 2.43931088913533813e+02
2 0 0 25 2.50000000000035305e-01 5.00000000000070610e-01 2.50000000000035305e-01 22 7.76104076349099159e+02
2 0 0 25 2.50000000000035305e-01 5.00000000000070610e-01 2.50000000000035305e-01 23 1.03623030836159865e+03
2 0 0 25 2.50000000000035305e-01 5.00000000000070610e-01 2.50000000000035305e-01 24 1.74549801742679551e+03
2 0 0 25 2.50000000000035305e-01 5.00000000000070610e-01 2.50000000000035305e-01 25 3.30218038250438440e+03
2 0 0 26 4.99999999999988953e-01 4.99999999999988953e-01 2.50000000000035305e-01 0 -9.53299835794963712e+00
2 0 0 26 4.99999999999988953e-01 4.99999999999988953e-01 2.50000000000035305e-01 1 -2.51072302681451809e-01
2 0 0 26 4.99999999999988953e-01 4.99999999999988953e-01 2.50000000000035305e-01 2 3.87057431083851444e+00
2 0 0 26 4.99999999999988953e-01 4.99999999999988953e-01 2.50000000000035305e-01 3 6.22583261196081228e+00
2 0 0 26 4.99999999999988953e-01 4.99999999999988953e-01 2.50000000000035305e-01 4 1.28426117786785206e+01
2 0 0 26 4.99999999999988953e-01 4.99999999999988953e-01 2.50000000000035305e-01 5 1.54061929748220603e+01
2 0 0 26 4.99999999999988953e-01 4.99999999999988953e-01 2.50000000000035305e-01 6 1.84705269798189811e+01
2 0 0 26 4.99999999999988953e-01 4.99999999999988953e-01 2.50000000000035305e-01 7 1.94688806129185075e+01
2 0 0 26 4.99999999999988953e-01 4.99999999999988953e-01 2.50000000000035305e-01 8 2.59128329771226369e+01
2 0 0 26 4.99999999999988953e-01 4.99999999999988953e-01 2.50000000000035305e-01 9 2.72384788312549730e+01
2 0 0 26 4.99999999999988953e-01 4.99999999999988953e-01 2.50000000000035305e-01 10 2.92954881185372429e+01
2 0 0 26 4.99999999999988953e-01 4.99999999999988953e-01 2.50000000000035305e-01 11 3.09861925195909116e+01
2 0 0 26 4.99999999999988953e-01 4.99999999999988953e-01 2.50000000000035305e-01 12 3.85300357740664552e+01
2 0 0 26 4.99999999999988953e-01 4.99999999999988953e-01 2.50000000000035305e-01 13 4.00957891866422997e+01
2 0 0 26 4.99999999999988953e-01 4.99999999999988953e-01 2.50000000000035305e-01 14 4.10427754166024243e+01
2 0 0 26 4.99999999999988953e-01 4.99999999999988953e-01 2.50000000000035305e-01 15 4.40522725430647455e+01
2 0 0 26 4.99999999999988953e-01 4.99999999999988953e-01 2.50000000000035305e-01 16 4.91802005902045138e+01
2 0 0 26 4.99999999999988953e-01 4.99999999999988953e-01 2.50000000000035305e-01 17 5.14599871254175127e+01
2 0 0 26 4.99999999999988953e-01 4.99999999999988953e-01 2.50000000000035305e-01 18 5.44991372867391632e+01
2 0 0 26 4.99999999999988953e-01 4.99999999999988953e-01 2.50000000000035305e-01 19 7.59940155871550900e+01
2 0 0 26 4.99999999999988953e-01 4.99999999999988953e-01 2.50000000000035305e-01 20 1.24031113395159537e+02
2 0 0 26 4.99999999999988953e-01 4.99999999999988953e-01 2.50000000000035305e-01 21 1.34550834491894165e+02
2 0 0 26 4.99999999999988953e-01 4.99999999999988953e-01 2.50000000000035305e-01 22 9.33601207049562277e+02
2 0 0 26 4.99999999999988953e-01 4.99999999999988953e-01 2.50000000000035305e-01 23 1.11088492590898181e+03
2 0 0 26 4.99999999999988953e-01 4.99999999999988953e-01 2.50000000000035305e-01 24 1.90864386783758118e+03
2 0 0 26 4.99999999999988953e-01 4.99999999999988953e-01 2.50000000000035305e-01 25 3.42545977060347468e+03
2 0 0 27 7.50000000000024203e-01 4.99999999999988898e-01 2.50000000000035305e-01 0 -6.94286101984144022e+00
2 0 0 27 7.50000000000024203e-01 4.99999999999988898e-01 2.50000000000035305e-01 1 -1.73547571349521340e-01
2 0 0 27 7.50000000000024203e-01 4.99999999999988898e-01 2.50000000000035305e-01 2 3.43596638539175459e+00
2 0 0 27 7.50000000000024203e-01 4.99999999999988898e-01 2.50000000000035305e-01 3 4.52342378480507534e+00
2 0 0 27 7.50000000000024203e-01 4.99999999999988898e-01 2.50000000000035305e-01 4 1.42199225278417529e+01
2 0 0 27 7.50000000000024203e-01 4.99999999999988898e-01 2.50000000000035305e-01 5 1.54237608124927430e+01
2 0 0 27 7.50000000000024203e-01 4.99999999999988898e-01 2.50000000000035305e-01 6 1.76453578909080342e+01
2 0 0 27 7.50000000000024203e-01 4.99999999999988898e-01 2.50000000000035305e-01 7 1.94900963918757135e+01
2 0 0 27 7.50000000000024203e-01 4.99999999999988898e-01 2.50000000000035305e-01 8 2.57412380850115525e+01
2 0 0 27 7.50000000000024203e-01 4.99999999999988898e-01 2.50000000000035305e-01 9 2.61216902861133171e+01
2 0 0 27 7.50000000000024203e-01 4.99999999999988898e-01 2.50000000000035305e-01 10 3.09928746000801389e+01
2 0 0 27 7.50000000000024203e-01 4.99999999999988898e-01 2.50000000000035305e-01 11 3.35024040874852957e+01
2 0 0 27 7.50000000000024203e-01 4.99999999999988898e-01 2.50000000000035305e-01 12 3.80595738822008656e+01
2 0 0 27 7.50000000000024203e-01 4.99999999999988898e-01 2.50000000000035305e-01 13 4.03761901282501157e+01
2 0 0 27 7.50000000000024203e-01 4.99999999999988898e-01 2.50000000000035305e-01 14 4.24208875547378454e+01
2 0 0 27 7.50000000000024203e-01 4.99999999999988898e-01 2.50000000000035305e-01 15 4.35989724784667700e+01
2 0 0 27 7.50000000000024203e-01 4.99999999999988898e-01 2.50000000000035305e-01 16 4.46292036008945843e+01
2 0 0 27 7.50000000000024203e-01 4.99999999999988898e-01 2.50000000000035305e-01 17 4.61646080639177470e+01
2 0 0 27 7.50000000000024203e-01 4.99999999999988898e-01 2.50000000000035305e-01 18 5.64053630754336979e+01
2 0 0 27 7.50000000000024203e-01 4.99999999999988898e-01 2.50000000000035305e-01 19 5.96873184352277306e+01
2 0 0 27 7.50000000000024203e-01 4.99999999999988898e-01 2.50000000000035305e-01 20 9.53069428292699286e+01
2 0 0 27 7.50000000000024203e-01 4.99999999999988898e-01 2.50000000000035305e-01 21 1.02998755204675916e+02
2 0 0 27 7.50000000000024203e-01 4.99999999999988898e-01 2.50000000000035305e-01 22 1.33663470836849774e+03
2 0 0 27 7.50000000000024203e-01 4.99999999999988898e-01 2.50000000000035305e-01 23 1.47165365713177516e+03
2 0 0 27 7.50000000000024203e-01 4.99999999999988898e-01 2.50000000000035305e-01 24 2.46273245385456903e+03
2 0 0 27 7.50000000000024203e-01 4.99999999999988898e-01 2.50000000000035305e-01 25 2.59283741663137198e+03
2 0 0 28 0.00000000000000000e+00 7.50000000000024203e-01 2.49999999999953593e-01 0 -1.01277848890449800e+01
2 0 0 28 0.00000000000000000e+00 7.50000000000024203e-01 2.49999999999953593e-01 1 1.55448461904146851e+00
2 0 0 28 0.00000000000000000e+00 7.50000000000024203e-01 2.49999999999953593e-01 2 4.52025828295125187e+00
2 0 0 28 0.00000000000000000e+00 7.50000000000024203e-01 2.49999999999953593e-01 3 6.48111487225231819e+00
2 0 0 28 0.00000000000000000e+00 7.50000000000024203e-01 2.49999999999953593e-01 4 1.45824655488170798e+01
2 0 0 28 0.00000000000000000e+00 7.50000000000024203e-01 2.49999999999953593e-01 5 1.59599681877214845e+01
2 0 0 28 0.00000000000000000e+00 7.50000000000024203e-01 2.49999999999953593e-01 6 1.74450818066806796e+01
2 0 0 28 0.00000000000000000e+00 7.50000000000024203e-01 2.49999999999953593e-01 7 1.84398786324845361e+01
2 0 0 28 0.00000000000000000e+00 7.50000000000024203e-01 2.49999999999953593e-01 8 2.08341328461672077e+01
2 0 0 28 0.00000000000000000e+00 7.50000000000024203e-01 2.49999999999953593e-01 9 2.69805658879525332e+01
2 0 0 28 0.00000000000000000e+00 7.50000000000024203e-01 2.49999999999953593e-01 10 3.09568611068409929e+01
2 0 0 28 0.00000000000000000e+00 7.50000000000024203e-01 2.49999999999953593e-01 11 3.52811347567589877e+01
2 0 0 28 0.00000000000000000e+00 7.50000000000024203e-01 2.49999999999953593e-01 12 3.63604193410235865e+01
2 0 0 28 0.00000000000000000e+00 7.50000000000024203e-01 2.49999999999953593e-01 13 3.82305538035729313e+01
2 0 0 28 0.00000000000000000e+00 7.50000000000024203e-01 2.49999999999953593e-01 14 4.17438354289398106e+01
2 0 0 28 0.00000000000000000e+00 7.50000000000024203e-01 2.49999999999953593e-01 15 4.34607580090845431e+01
2 0 0 28 0.00000000000000000e+00 7.50000000000024203e-01 2.49999999999953593e-01 16 4.69151846690508592e+01
2 0 0 28 0.00000000000000000e+00 7.50000000000024203e-01 2.49999999999953593e-01 17 5.17939937884627568e+01
2 0 0 28 0.00000000000000000e+00 7.50000000000024203e-01 2.49999999999953593e-01 18 5.54745082394258802e+01
2 0 0 28 0.00000000000000000e+00 7.50000000000024203e-01 2.49999999999953593e-01 19 8.71772218602127111e+01
2 0 0 28 0.00000000000000000e+00 7.50000000000024203e-01 2.49999999999953593e-01 20 1.09849700196707175e+02
2 0 0 28 0.00000000000000000e+00 7.50000000000024203e-01 2.49999999999953593e-01 21 2.50825639885215082e+02
2 0 0 28 0.00000000000000000e+00 7.50000000000024203e-01 2.49999999999953593e-01 22 6.95239293154707980e+02
2 0 0 28 0.00000000000000000e+00 7.50000000000024203e-01 2.49999999999953593e-01 23 1.00644954702732105e+03
2 0 0 28 0.00000000000000000e+00 7.50000000000024203e-01 2.49999999999953593e-01 24 1.84280416602656987e+03
2 0 0 28 0.00000000000000000e+00 7.50000000000024203e-01 2.49999999999953593e-01 25 3.32080361910020019e+03
2 0 0 29 2.49999999999953648e-01 7.49999999999942601e-01 2.49999999999953648e-01 0 -8.20140489708772691e+00
2 0 0 29 2.49999999999953648e-01 7.49999999999942601e-01 2.49999999999953648e-01 1 -2.90487076888141238e-01
2 0 0 29 2.49999999999953648e-01 7.49999999999942601e-01 2.49999999999953648e-01 2 4.08906735793601950e+00
2 0 0 29 2.49999999999953648e-01 7.49999999999942601e-01 2.49999999999953648e-01 3 6.60468204836211115e+00
2 0 0 29 2.49999999999953648e-01 7.49999999999942601e-01 2.49999999999953648e-01 4 1.28236982549501359e+01
2 0 0 29 2.49999999999953648e-01 7.49999999999942601e-01 2.49999999999953648e-01 5 1.57794244807646180e+01
2 0 0 29 2.49999999999953648e-01 7.49999999999942601e-01 2.49999999999953648e-01 6 1.82398901036615548e+01
2 0 0 29 2.49999999999953648e-01 7.49999999999942601e-01 2.49999999999953648e-01 7 1.98009186771293990e+01
2 0 0 29 2.49999999999953648e-01 7.49999999999942601e-01 2.49999999999953648e-01 8 2.57629027098578050e+01
2 0 0 29 2.49999999999953648e-01 7.49999999999942601e-01 2.49999999999953648e-01 9 2.73951412147953981e+01
2 0 0 29 2.49999999999953648e-01 7.49999999999942601e-01 2.49999999999953648e-01 10 2.89784040761306017e+01
2 0 0 29 2.49999999999953648e-01 7.49999999999942601e-01 2.49999999999953648e-01 11 3.15502411109810659e+01
2 0 0 29 2.49999999999953648e-01 7.49999999999942601e-01 2.49999999999953648e-01 12 3.85295915277950201e+01
2 0 0 29 2.49999999999953648e-01 7.49999999999942601e-01 2.49999999999953648e-01 13 3.88968338583162847e+01
2 0 0 29 2.49999999999953648e-01 7.49999999999942601e-01 2.49999999999953648e-01 14 3.98457133554585070e+01
2 0 0 29 2.49999999999953648e-01 7.49999999999942601e-01 2.49999999999953648e-01 15 4.43209171992211779e+01
2 0 0 29 2.49999999999953648e-01 7.49999999999942601e-01 2.49999999999953648e-01 16 4.98283746105504690e+01
2 0 0 29 2.49999999999953648e-01 7.49999999999942601e-01 2.49999999999953648e-01 17 5.09519908516293043e+01
2 0 0 29 2.49999999999953648e-01 7.49999999999942601e-01 2.49999999999953648e-01 18 5.52194884054265174e+01
2 0 0 29 2.49999999999953648e-01 7.49999999999942601e-01 2.49999999999953648e-01 19 7.46100326734791111e+01
2 0 0 29 2.49999999999953648e-01 7.49999999999942601e-01 2.49999999999953648e-01 20 1.23254376858143942e+02
2 0 0 29 2.49999999999953648e-01 7.49999999999942601e-01 2.49999999999953648e-01 21 1.30454182507839818e+02
2 0 0 29 2.49999999999953648e-01 7.49999999999942601e-01 2.49999999999953648e-01 22 9.24453827549475477e+02
2 0 0 29 2.49999999999953648e-01 7.49999999999942601e-01 2.49999999999953648e-01 23 1.15692618345970322e+03
2 0 0 29 2.49999999999953648e-01 7.49999999999942601e-01 2.49999999999953648e-01 24 1.86343714913167423e+03
2 0 0 29 2.49999999999953648e-01 7.49999999999942601e-01 2.49999999999953648e-01 25 3.36827967612681005e+03
2 0 0 30 4.99999999999988898e-01 7.50000000000024203e-01 2.50000000000035305e-01 0 -7.33763587912944271e+00
2 0 0 30 4.99999999999988898e-01 7.50000000000024203e-01 2.50000000000035305e-01 1 1.00109464979631524e-01
2 0 0 30 4.99999999999988898e-01 7.50000000000024203e-01 2.50000000000035305e-01 2 2.96038482282059601e+00
2 0 0 30 4.99999999999988898e-01 7.50000000000024203e-01 2.50000000000035305e-01 3 4.17629776159062605e+00
2 0 0 30 4.99999999999988898e-01 7.50000000000024203e-01 2.50000000000035305e-01 4 1.42836274490459818e+01
2 0 0 30 4.99999999999988898e-01 7.50000000000024203e-01 2.50000000000035305e-01 5 1.56840610487581920e+01
2 0 0 30 4.99999999999988898e-01 7.50000000000024203e-01 2.50000000000035305e-01 6 1.85580580918098761e+01
2 0 0 30 4.99999999999988898e-01 7.50000000000024203e-01 2.50000000000035305e-01 7 1.98439031958663392e+01
2 0 0 30 4.99999999999988898e-01 7.50000000000024203e-01 2.50000000000035305e-01 8 2.58041891793849913e+01
2 0 0 30 4.99999999999988898e-01 7.50000000000024203e-01 2.50000000000035305e-01 9 2.68595940056804849e+01
2 0 0 30 4.99999999999988898e-01 7.50000000000024203e-01 2.50000000000035305e-01 10 3.07236867929910566e+01
2 0 0 30 4.99999999999988898e-01 7.50000000000024203e-01 2.50000000000035305e-01 11 3.31764978883873809e+01
2 0 0 30 4.99999999999988898e-01 7.50000000000024203e-01 2.50000000000035305e-01 12 3.81922418593412516e+01
2 0 0 30 4.99999999999988898e-01 7.50000000000024203e-01 2.50000000000035305e-01 13 4.02056016730605847e+01
2 0 0 30 4.99999999999988898e-01 7.50000000000024203e-01 2.50000000000035305e-01 14 4.21305597318540066e+01
2 0 0 30 4.99999999999988898e-01 7.50000000000024203e-01 2.50000000000035305e-01 15 4.34824373359399701e+01
2 0 0 30 4.99999999999988898e-01 7.50000000000024203e-01 2.50000000000035305e-01 16 4.44630721955193451e+01
2 0 0 30 4.99999999999988898e-01 7.50000000000024203e-01 2.50000000000035305e-01 17 4.60067535129204899e+01
2 0 0 30 4.99999999999988898e-01 7.50000000000024203e-01 2.50000000000035305e-01 18 5.70256685263813168e+01
2 0 0 30 4.99999999999988898e-01 7.50000000000024203e-01 2.50000000000035305e-01 19 6.06633613322975478e+01
2 0 0 30 4.99999999999988898e-01 7.50000000000024203e-01 2.50000000000035305e-01 20 9.72931118674351723e+01
2 0 0 30 4.99999999999988898e-01 7.50000000000024203e-01 2.50000000000035305e-01 21 1.00078115896423441e+02
2 0 0 30 4.99999999999988898e-01 7.50000000000024203e-01 2.50000000000035305e-01 22 1.36843046893596124e+03
2 0 0 30 4.99999999999988898e-01 7.50000000000024203e-01 2.50000000000035305e-01 23 1.54084042224814175e+03
2 0 0 30 4.99999999999988898e-01 7.50000000000024203e-01 2.50000000000035305e-01 24 2.31097848574113414e+03
2 0 0 30 4.99999999999988898e-01 7.50000000000024203e-01 2.50000000000035305e-01 25 2.57260669403335578e+03
2 0 0 31 7.50000000000024314e-01 7.50000000000024314e-01 2.50000000000035305e-01 0 -9.61762790734902495e+00
2 0 0 31 7.50000000000024314e-01 7.50000000000024314e-01 2.50000000000035305e-01 1 1.22086942144835606e-01
2 0 0 31 7.50000000000024314e-01 7.50000000000024314e-01 2.50000000000035305e-01 2 3.78856684336474370e+00
2 0 0 31 7.50000000000024314e-01 7.50000000000024314e-01 2.50000000000035305e-01 3 6.25206721535654086e+00
2 0 0 31 7.50000000000024314e-01 7.50000000000024314e-01 2.50000000000035305e-01 4 1.23828883634757148e+01
2 0 0 31 7.50000000000024314e-01 7.50000000000024314e-01 2.50000000000035305e-01 5 1.58484757993831114e+01
2 0 0 31 7.50000000000024314e-01 7.50000000000024314e-01 2.50000000000035305e-01 6 1.85283246878829537e+01
2 0 0 31 7.50000000000024314e-01 7.50000000000024314e-01 2.50000000000035305e-01 7 1.93219562081847549e+01
2 0 0 31 7.50000000000024314e-01 7.50000000000024314e-01 2.50000000000035305e-01 8 2.59176491644723193e+01
2 0 0 31 7.50000000000024314e-01 7.50000000000024314e-01 2.50000000000035305e-01 9 2.79759088360526924e+01
2 0 0 31 7.50000000000024314e-01 7.50000000000024314e-01 2.50000000000035305e-01 10 3.01993120444625447e+01
2 0 0 31 7.50000000000024314e-01 7.50000000000024314e-01 2.50000000000035305e-01 11 3.11930550762620555e+01
2 0 0 31 7.50000000000024314e-01 7.50000000000024314e-01 2.50000000000035305e-01 12 3.90600986564715669e+01
2 0 0 31 7.50000000000024314e-01 7.50000000000024314e-01 2.50000000000035305e-01 13 3.94321426253515881e+01
2 0 0 31 7.50000000000024314e-01 7.50000000000024314e-01 2.50000000000035305e-01 14 4.01500633122754351e+01
2 0 0 31 7.50000000000024314e-01 7.50000000000024314e-01 2.50000000000035305e-01 15 4.43387711796636736e+01
2 0 0 31 7.50000000000024314e-01 7.50000000000024314e-01 2.50000000000035305e-01 16 4.88412331555484727e+01
2 0 0 31 7.50000000000024314e-01 7.50000000000024314e-01 2.50000000000035305e-01 17 5.03066673474576831e+01
2 0 0 31 7.50000000000024314e-01 7.50000000000024314e-01 2.50000000000035305e-01 18 5.54110922442024858e+01
2 0 0 31 7.50000000000024314e-01 7.50000000000024314e-01 2.50000000000035305e-01 19 7.50658542250805425e+01
2 0 0 31 7.50000000000024314e-01 7.50000000000024314e-01 2.50000000000035305e-01 20 1.28640471966376055e+02
2 0 0 31 7.50000000000024314e-01 7.50000000000024314e-01 2.50000000000035305e-01 21 1.33065353510771843e+02
2 0 0 31 7.50000000000024314e-01 7.50000000000024314e-01 2.50000000000035305e-01 22 9.05358397240404315e+02
2 0 0 31 7.50000000000024314e-01 7.50000000000024314e-01 2.50000000000035305e-01 23 1.07795240381192093e+03
2 0 0 31 7.50000000000024314e-01 7.50000000000024314e-01 2.50000000000035305e-01 24 1.80993611166625146e+03
2 0 0 31 7.50000000000024314e-01 7.50000000000024314e-01 2.50000000000035305e-01 25 3.40820490404451994e+03
2 0 0 32 0.00000000000000000e+00 0.00000000000000000e+00 5.00000000000070610e-01 0 -8.87178886791019750e+00
2 0 0 32 0.00000000000000000e+00 0.00000000000000000e+00 5.00000000000070610e-01 1 -1.87433813176414654e+00
2 0 0 32 0.00000000000000000e+00 0.00000000000000000e+00 5.00000000000070610e-01 2 6.29538510188375966e+00
2 0 0 32 0.00000000000000000e+00 0.00000000000000000e+00 5.00000000000070610e-01 3 7.22069053796114968e+00
2 0 0 32 0.00000000000000000e+00 0.00000000000000000e+00 5.00000000000070610e-01 4 1.23601508301994656e+01
2 0 0 32 0.00000000000000000e+00 0.00000000000000000e+00 5.00000000000070610e-01 5 1.48237563994881327e+01
2 0 0 32 0.00000000000000000e+00 0.00000000000000000e+00 5.00000000000070610e-01 6 1.52978308944530799e+01
2 0 0 32 0.00000000000000000e+00 0.00000000000000000e+00 5.00000000000070610e-01 7 2.51932087409637830e+01
2 0 0 32 0.00000000000000000e+00 0.00000000000000000e+00 5.00000000000070610e-01 8 2.54599027326577634e+01
2 0 0 32 0.00000000000000000e+00 0.00000000000000000e+00 5.00000000000070610e-01 9 2.67839696675062591e+01
2 0 0 32 0.00000000000000000e+00 0.00000000000000000e+00 5.00000000000070610e-01 10 2.91896009174916600e+01
2 0 0 32 0.00000000000000000e+00 0.00000000000000000e+00 5.00000000000070610e-01 11 2.96006541690450540e+01
2 0 0 32 0.00000000000000000e+00 0.00000000000000000e+00 5.00000000000070610e-01 12 3.03932130825069819e+01
2 0 0 32 0.00000000000000000e+00 0.00000000000000000e+00 5.00000000000070610e-01 13 4.24319535574641407e+01
2 0 0 32 0.00000000000000000e+00 0.00000000000000000e+00 5.00000000000070610e-01 14 4.35217335102581657e+01
2 0 0 32 0.00000000000000000e+00 0.00000000000000000e+00 5.00000000000070610e-01 15 4.47384035883925932e+01
2 0 0 32 0.00000000000000000e+00 0.00000000000000000e+00 5.00000000000070610e-01 16 4.62270492372053141e+01
2 0 0 32 0.00000000000000000e+00 0.00000000000000000e+00 5.00000000000070610e-01 17 5.26440080375622088e+01
2 0 0 32 0.00000000000000000e+00 0.00000000000000000e+00 5.00000000000070610e-01 18 5.47036539730991791e+01
2 0 0 32 0.00000000000000000e+00 0.00000000000000000e+00 5.00000000000070610e-01 19 6.99617027973319523e+01
2 0 0 32 0.00000000000000000e+00 0.00000000000000000e+00 5.00000000000070610e-01 20 3.16188747009621579e+02
2 0 0 32 0.00000000000000000e+00 0.00000000000000000e+00 5.00000000000070610e-01 21 3.23187960197380050e+02
2 0 0 32 0.00000000000000000e+00 0.00000000000000000e+00 5.00000000000070610e-01 22 5.61647664833074714e+02
2 0 0 32 0.00000000000000000e+00 0.00000000000000000e+00 5.00000000000070610e-01 23 6.05609245328913630e+02
2 0 0 32 0.00000000000000000e+00 0.00000000000000000e+00 5.00000000000070610e-01 24 1.96835616630456207e+03
2 0 0 32 0.00000000000000000e+00 0.00000000000000000e+00 5.00000000000070610e-01 25 4.10186363637403610e+03
2 0 0 33 2.49999999999953648e-01 0.00000000000000000e+00 4.99999999999988953e-01 0 -8.51134023943127005e+00
2 0 0 33 2.49999999999953648e-01 0.00000000000000000e+00 4.99999999999988953e-01 1 -2.13674501595102380e-02
2 0 0 33 2.49999999999953648e-01 0.00000000000000000e+00 4.99999999999988953e-01 2 4.49590557756146580e+00
2 0 0 33 2.49999999999953648e-01 0.00000000000000000e+00 4.99999999999988953e-01 3 5.83410997229196226e+00
2 0 0 33 2.49999999999953648e-01 0.00000000000000000e+00 4.99999999999988953e-01 4 1.28417930307781365e+01
2 0 0 33 2.49999999999953648e-01 0.00000000000000000e+00 4.99999999999988953e-01 5 1.59608988608372773e+01
2 0 0 33 2.49999999999953648e-01 0.00000000000000000e+00 4.99999999999988953e-01 6 1.82592400950615072e+01
2 0 0 33 2.49999999999953648e-01 0.00000000000000000e+00 4.99999999999988953e-01 7 1.96776062057946568e+01
2 0 0 33 2.49999999999953648e-01 0.00000000000000000e+00 4.99999999999988953e-01 8 2.58586302450822352e+01
2 0 0 33 2.49999999999953648e-01 0.00000000000000000e+00 4.99999999999988953e-01 9 2.69563032950069186e+01
2 0 0 33 2.49999999999953648e-01 0.00000000000000000e+00 4.99999999999988953e-01 10 2.96427303765817065e+01
2 0 0 33 2.49999999999953648e-01 0.00000000000000000e+00 4.99999999999988953e-01 11 3.09228357610940954e+01
2 0 0 33 2.49999999999953648e-01 0.00000000000000000e+00 4.99999999999988953e-01 12 3.82011353231892556e+01
2 0 0 33 2.49999999999953648e-01 0.00000000000000000e+00 4.99999999999988953e-01 13 3.89579547605589198e+01
2 0 0 33 2.49999999999953648e-01 0.00000000000000000e+00 4.99999999999988953e-01 14 4.03679348648478111e+01
2 0 0 33 2.49999999999953648e-01 0.00000000000000000e+00 4.99999999999988953e-01 15 4.43726632840272401e+01
2 0 0 33 2.49999999999953648e-01 0.00000000000000000e+00 4.99999999999988953e-01 16 4.82086356241384237e+01
2 0 0 33 2.49999999999953648e-01 0.00000000000000000e+00 4.99999999999988953e-01 17 5.07766274651052854e+01
2 0 0 33 2.49999999999953648e-01 0.00000000000000000e+00 4.99999999999988953e-01 18 5.47811835599160162e+01
2 0 0 33 2.49999999999953648e-01 0.00000000000000000e+00 4.99999999999988953e-01 19 7.64957415618359420e+01
2 0 0 33 2.49999999999953648e-01 0.00000000000000000e+00 4.99999999999988953e-01 20 1.25898368679371430e+02
2 0 0 33 2.49999999999953648e-01 0.00000000000000000e+00 4.99999999999988953e-01 21 1.36799593867888319e+02
2 0 0 33 2.49999999999953648e-01 0.00000000000000000e+00 4.99999999999988953e-01 22 8.74164106195686486e+02
2 0 0 33 2.49999999999953648e-01 0.00000000000000000e+00 4.99999999999988953e-01 23 1.10045302865504800e+03
2 0 0 33 2.49999999999953648e-01 0.00000000000000000e+00 4.99999999999988953e-01 24 1.97049838185086469e+03
2 0 0 33 2.49999999999953648e-01 0.00000000000000000e+00 4.99999999999988953e-01 25 3.27339957515167453e+03
2 0 0 34 4.99999999999988898e-01 0.00000000000000000e+00 4.99999999999988898e-01 0 -7.06135896058703771e+00
2 0 0 34 4.99999999999988898e-01 0.00000000000000000e+00 4.99999999999988898e-01 1 -1.15562682596258237e+00
2 0 0 34 4.99999999999988898e-01 0.00000000000000000e+00 4.99999999999988898e-01 2 5.16696830821165509e+00
2 0 0 34 4.99999999999988898e-01 0.00000000000000000e+00 4.99999999999988898e-01 3 6.24904516567501123e+00
2 0 0 34 4.99999999999988898e-01 0.00000000000000000e+00 4.99999999999988898e-01 4 1.16299189745476657e+01
2 0 0 34 4.99999999999988898e-01 0.00000000000000000e+00 4.99999999999988898e-01 5 1.19406595328220853e+01
2 0 0 34 4.99999999999988898e-01 0.00000000000000000e+00 4.99999999999988898e-01 6 2.46941803960789059e+01
2 0 0 34 4.99999999999988898e-01 0.00000000000000000e+00 4.99999999999988898e-01 7 2.62994878604324178e+01
2 0 0 34 4.99999999999988898e-01 0.00000000000000000e+00 4.99999999999988898e-01 8 2.68476471201920965e+01
2 0 0 34 4.99999999999988898e-01 0.00000000000000000e+00 4.99999999999988898e-01 9 2.73728753145176427e+01
2 0 0 34 4.99999999999988898e-01 0.00000000000000000e+00 4.99999999999988898e-01 10 2.93368668574126659e+01
2 0 0 34 4.99999999999988898e-01 0.00000000000000000e+00 4.99999999999988898e-01 11 3.00761347866179278e+01
2 0 0 34 4.99999999999988898e-01 0.00000000000000000e+00 4.99999999999988898e-01 12 3.09107199545034064e+01
2 0 0 34 4.99999999999988898e-01 0.00000000000000000e+00 4.99999999999988898e-01 13 3.45852940663631614e+01
2 0 0 34 4.99999999999988898e-01 0.00000000000000000e+00 4.99999999999988898e-01 14 4.57793072208068708e+01
2 0 0 34 4.99999999999988898e-01 0.00000000000000000e+00 4.99999999999988898e-01 15 4.68053948069071453e+01
2 0 0 34 4.99999999999988898e-01 0.00000000000000000e+00 4.99999999999988898e-01 16 5.16176239771884440e+01
2 0 0 34 4.99999999999988898e-01 0.00000000000000000e+00 4.99999999999988898e-01 17 5.41833741761279626e+01
2 0 0 34 4.99999999999988898e-01 0.00000000000000000e+00 4.99999999999988898e-01 18 6.54452652719246970e+01
2 0 0 34 4.99999999999988898e-01 0.00000000000000000e+00 4.99999999999988898e-01 19 7.06051099684366221e+01
2 0 0 34 4.99999999999988898e-01 0.00000000000000000e+00 4.99999999999988898e-01 20 8.43449029827304742e+01
2 0 0 34 4.99999999999988898e-01 0.00000000000000000e+00 4.99999999999988898e-01 21 8.95184174648623951e+01
2 0 0 34 4.99999999999988898e-01 0.00000000000000000e+00 4.99999999999988898e-01 22 1.16292470955322210e+03
2 0 0 34 4.99999999999988898e-01 0.00000000000000000e+00 4.99999999999988898e-01 23 1.21940270125940492e+03
2 0 0 34 4.99999999999988898e-01 0.00000000000000000e+00 4.99999999999988898e-01 24 2.40484714381003369e+03
2 0 0 34 4.99999999999988898e-01 0.00000000000000000e+00 4.99999999999988898e-01 25 2.50479738746189605e+03
2 0 0 35 7.50000000000024314e-01 0.00000000000000000e+00 4.99999999999989009e-01 0 -8.51254664653771087e+00
2 0 0 35 7.50000000000024314e-01 0.00000000000000000e+00 4.99999999999989009e-01 1 -1.79660481993673578e-02
2 0 0 35 7.50000000000024314e-01 0.00000000000000000e+00 4.99999999999989009e-01 2 4.51115952708980572e+00
2 0 0 35 7.50000000000024314e-01 0.00000000000000000e+00 4.99999999999989009e-01 3 5.84383866531814444e+00
2 0 0 35 7.50000000000024314e-01 0.00000000000000000e+00 4.99999999999989009e-01 4 1.28182124255520087e+01
2 0 0 35 7.50000000000024314e-01 0.00000000000000000e+00 4.99999999999989009e-01 5 1.59457599053489840e+01
2 0 0 35 7.50000000000024314e-01 0.00000000000000000e+00 4.99999999999989009e-01 6 1.82582024408043111e+01
2 0 0 35 7.50000000000024314e-01 0.00000000000000000e+00 4.99999999999989009e-01 7 1.96661509698479300e+01
2 0 0 35 7.50000000000024314e-01 0.00000000000000000e+00 4.99999999999989009e-01 8 2.58567283687260847e+01
2 0 0 35 7.50000000000024314e-01 0.00000000000000000e+00 4.99999999999989009e-01 9 2.69555689413338015e+01
2 0 0 35 7.50000000000024314e-01 0.00000000000000000e+00 4.99999999999989009e-01 10 2.96539401138244862e+01
2 0 0 35 7.50000000000024314e-01 0.00000000000000000e+00 4.99999999999989009e-01 11 3.09551513492689203e+01
2 0 0 35 7.50000000000024314e-01 0.00000000000000000e+00 4.99999999999989009e-01 12 3.81715366324650347e+01
2 0 0 35 7.50000000000024314e-01 0.00000000000000000e+00 4.99999999999989009e-01 13 3.89982579090625165e+01
2 0 0 35 7.50000000000024314e-01 0.00000000000000000e+00 4.99999999999989009e-01 14 4.03456999660082474e+01
2 0 0 35 7.50000000000024314e-01 0.00000000000000000e+00 4.99999999999989009e-01 15 4.43492486209167609e+01
2 0 0 35 7.50000000000024314e-01 0.00000000000000000e+00 4.99999999999989009e-01 16 4.82386609420146542e+01
2 0 0 35 7.50000000000024314e-01 0.00000000000000000e+00 4.99999999999989009e-01 17 5.08687367977171476e+01
2 0 0 35 7.50000000000024314e-01 0.00000000000000000e+00 4.99999999999989009e-01 18 5.47726601166152349e+01
2 0 0 35 7.50000000000024314e-01 0.00000000000000000e+00 4.99999999999989009e-01 19 7.64768151571363290e+01
2 0 0 35 7.50000000000024314e-01 0.00000000000000000e+00 4.99999999999989009e-01 20 1.25620643444871121e+02
2 0 0 35 7.50000000000024314e-01 0.00000000000000000e+00 4.99999999999989009e-01 21 1.36800374256269521e+02
2 0 0 35 7.50000000000024314e-01 0.00000000000000000e+00 4.99999999999989009e-01 22 8.72812786022225168e+02
2 0 0 35 7.50000000000024314e-01 0.00000000000000000e+00 4.99999999999989009e-01 23 1.10183876286894360e+03
2 0 0 35 7.50000000000024314e-01 0.00000000000000000e+00 4.99999999999989009e-01 24 1.96809957090968373e+03
2 0 0 35 7.50000000000024314e-01 0.00000000000000000e+00 4.99999999999989009e-01 25 3.28250707146513878e+03
2 0 0 36 0.00000000000000000e+00 2.49999999999953648e-01 4.99999999999988953e-01 0 -8.00373927420303310e+00
2 0 0 36 0.00000000000000000e+00 2.49999999999953648e-01 4.99999999999988953e-01 1 -2.62977528914743852e-01
2 0 0 36 0.00000000000000000e+00 2.49999999999953648e-01 4.99999999999988953e-01 2 4.47838109489241720e+00
2 0 0 36 0.00000000000000000e+00 2.49999999999953648e-01 4.99999999999988953e-01 3 5.85994166571005870e+00
2 0 0 36 0.00000000000000000e+00 2.49999999999953648e-01 4.99999999999988953e-01 4 1.30301758755787045e+01
2 0 0 36 0.00000000000000000e+00 2.49999999999953648e-01 4.99999999999988953e-01 5 1.57279226244024191e+01
2 0 0 36 0.00000000000000000e+00 2.49999999999953648e-01 4.99999999999988953e-01 6 1.78634955059052736e+01
2 0 0 36 0.00000000000000000e+00 2.49999999999953648e-01 4.99999999999988953e-01 7 1.95874032289140345e+01
2 0 0 36 0.00000000000000000e+00 2.49999999999953648e-01 4.99999999999988953e-01 8 2.59142558487132604e+01
2 0 0 36 0.00000000000000000e+00 2.49999999999953648e-01 4.99999999999988953e-01 9 2.75532965083568868e+01
2 0 0 36 0.00000000000000000e+00 2.49999999999953648e-01 4.99999999999988953e-01 10 2.96413893647066828e+01
2 0 0 36 0.00000000000000000e+00 2.49999999999953648e-01 4.99999999999988953e-01 11 3.12625549795525330e+01
2 0 0 36 0.00000000000000000e+00 2.49999999999953648e-01 4.99999999999988953e-01 12 3.86656605236074924e+01
2 0 0 36 0.00000000000000000e+00 2.49999999999953648e-01 4.99999999999988953e-01 13 3.94244717898490578e+01
2 0 0 36 0.00000000000000000e+00 2.49999999999953648e-01 4.99999999999988953e-01 14 3.98133846997398066e+01
2 0 0 36 0.00000000000000000e+00 2.49999999999953648e-01 4.99999999999988953e-01 15 4.43713493381463806e+01
2 0 0 36 0.00000000000000000e+00 2.49999999999953648e-01 4.99999999999988953e-01 16 4.87151564289196131e+01
2 0 0 36 0.00000000000000000e+00 2.49999999999953648e-01 4.99999999999988953e-01 17 5.21290784731662669e+01
2 0 0 36 0.00000000000000000e+00 2.49999999999953648e-01 4.99999999999988953e-01 18 5.39051331314742299e+01
2 0 0 36 0.00000000000000000e+00 2.49999999999953648e-01 4.99999999999988953e-01 19 7.65979510964640866e+01
2 0 0 36 0.00000000000000000e+00 2.49999999999953648e-01 4.99999999999988953e-01 20 1.23595324740188104e+02
2 0 0 36 0.00000000000000000e+00 2.49999999999953648e-01 4.99999999999988953e-01 21 1.33568694118301067e+02
2 0 0 36 0.00000000000000000e+00 2.49999999999953648e-01 4.99999999999988953e-01 22 9.37868030983530844e+02
2 0 0 36 0.00000000000000000e+00 2.49999999999953648e-01 4.99999999999988953e-01 23 1.05723645118993068e+03
2 0 0 36 0.00000000000000000e+00 2.49999999999953648e-01 4.99999999999988953e-01 24 1.93950625140447005e+03
2 0 0 36 0.00000000000000000e+00 2.49999999999953648e-01 4.99999999999988953e-01 25 3.30037971453656974e+03
2 0 0 37 2.50000000000035305e-01 2.50000000000035305e-01 5.00000000000070610e-01 0 -9.86957599016237097e+00
2 0 0 37 2.50000000000035305e-01 2.50000000000035305e-01 5.00000000000070610e-01 1 1.01557322427620722e+00
2 0 0 37 2.50000000000035305e-01 2.50000000000035305e-01 5.00000000000070610e-01 2 3.82039964407713928e+00
2 0 0 37 2.50000000000035305e-01 2.50000000000035305e-01 5.00000000000070610e-01 3 7.29471144850891573e+00
2 0 0 37 2.50000000000035305e-01 2.50000000000035305e-01 5.00000000000070610e-01 4 1.36616795553418271e+01
2 0 0 37 2.50000000000035305e-01 2.50000000000035305e-01 5.00000000000070610e-01 5 1.60902734312995506e+01
2 0 0 37 2.50000000000035305e-01 2.50000000000035305e-01 5.00000000000070610e-01 6 1.75616204245870016e+01
2 0 0 37 2.50000000000035305e-01 2.50000000000035305e-01 5.00000000000070610e-01 7 1.91515138468735522e+01
2 0 0 37 2.50000000000035305e-01 2.50000000000035305e-01 5.00000000000070610e-01 8 2.02183267827587585e+01
2 0 0 37 2.50000000000035305e-01 2.50000000000035305e-01 5.00000000000070610e-01 9 2.66688295776216577e+01
2 0 0 37 2.50000000000035305e-01 2.50000000000035305e-01 5.00000000000070610e-01 10 3.08989490535379723e+01
2 0 0 37 2.50000000000035305e-01 2.50000000000035305e-01 5.00000000000070610e-01 11 3.60631278012954937e+01
2 0 0 37 2.50000000000035305e-01 2.50000000000035305e-01 5.00000000000070610e-01 12 3.67671375903065893e+01
2 0 0 37 2.50000000000035305e-01 2.50000000000035305e-01 5.00000000000070610e-01 13 3.84873491077026273e+01
2 0 0 37 2.50000000000035305e-01 2.50000000000035305e-01 5.00000000000070610e-01 14 4.12138807385053880e+01
2 0 0 37 2.50000000000035305e-01 2.50000000000035305e-01 5.00000000000070610e-01 15 4.32796438973984152e+01
2 0 0 37 2.50000000000035305e-01 2.50000000000035305e-01 5.00000000000070610e-01 16 4.69188933984858352e+01
2 0 0 37 2.50000000000035305e-01 2.50000000000035305e-01 5.00000000000070610e-01 17 5.15075355635544980e+01
2 0 0 37 2.50000000000035305e-01 2.50000000000035305e-01 5.00000000000070610e-01 18 5.51450730514139238e+01
2 0 0 37 2.50000000000035305e-01 2.50000000000035305e-01 5.00000000000070610e-01 19 9.36231307819481202e+01
2 0 0 37 2.50000000000035305e-01 2.50000000000035305e-01 5.00000000000070610e-01 20 1.12786441992035350e+02
2 0 0 37 2.50000000000035305e-01 2.50000000000035305e-01 5.00000000000070610e-01 21 2.41128458244893721e+02
2 0 0 37 2.50000000000035305e-01 2.50000000000035305e-01 5.00000000000070610e-01 22 7.89284490758784614e+02
2 0 0 37 2.50000000000035305e-01 2.50000000000035305e-01 5.00000000000070610e-01 23 1.02030596380833288e+03
2 0 0 37 2.50000000000035305e-01 2.50000000000035305e-01 5.00000000000070610e-01 24 1.79286729954806810e+03
2 0 0 37 2.50000000000035305e-01 2.50000000000035305e-01 5.00000000000070610e-01 25 3.28338531345083311e+03
2 0 0 38 4.99999999999988953e-01 2.50000000000035305e-01 4.99999999999988953e-01 0 -8.32179087263951978e+00
2 0 0 38 4.99999999999988953e-01 2.50000000000035305e-01 4.99999999999988953e-01 1 -4.03915604695031738e-01
2 0 0 38 4.99999999999988953e-01 2.50000000000035305e-01 4.99999999999988953e-01 2 4.29302496795647759e+00
2 0 0 38 4.99999999999988953e-01 2.50000000000035305e-01 4.99999999999988953e-01 3 6.32810747631394577e+00
2 0 0 38 4.99999999999988953e-01 2.50000000000035305e-01 4.99999999999988953e-01 4 1.29522798675517059e+01
2 0 0 38 4.99999999999988953e-01 2.50000000000035305e-01 4.99999999999988953e-01 5 1.57517438503041447e+01
2 0 0 38 4.99999999999988953e-01 2.50000000000035305e-01 4.99999999999988953e-01 6 1.82129933493408984e+01
2 0 0 38 4.99999999999988953e-01 2.50000000000035305e-01 4.99999999999988953e-01 7 1.94306414124780602e+01
2 0 0 38 4.99999999999988953e-01 2.50000000000035305e-01 4.99999999999988953e-01 8 2.61681119599983312e+01
2 0 0 38 4.99999999999988953e-01 2.50000000000035305e-01 4.99999999999988953e-01 9 2.73233263476959998e+01
2 0 0 38 4.99999999999988953e-01 2.50000000000035305e-01 4.99999999999988953e-01 10 2.91800486264729528e+01
2 0 0 38 4.99999999999988953e-01 2.50000000000035305e-01 4.99999999999988953e-01 11 3.11371646482872286e+01
2 0 0 38 4.99999999999988953e-01 2.50000000000035305e-01 4.99999999999988953e-01 12 3.86416380874275092e+01
2 0 0 38 4.99999999999988953e-01 2.50000000000035305e-01 4.99999999999988953e-01 13 3.91327821967446710e+01
2 0 0 38 4.99999999999988953e-01 2.50000000000035305e-01 4.99999999999988953e-01 14 4.05954950978025977e+01
2 0 0 38 4.99999999999988953e-01 2.50000000000035305e-01 4.99999999999988953e-01 15 4.48962739223400220e+01
2 0 0 38 4.99999999999988953e-01 2.50000000000035305e-01 4.99999999999988953e-01 16 4.95722697440424653e+01
2 0 0 38 4.99999999999988953e-01 2.50000000000035305e-01 4.99999999999988953e-01 17 5.14273758004116033e+01
2 0 0 38 4.99999999999988953e-01 2.50000000000035305e-01 4.99999999999988953e-01 18 5.41019840017979732e+01
2 0 0 38 4.99999999999988953e-01 2.50000000000035305e-01 4.99999999999988953e-01 19 7.73892902080031462e+01
2 0 0 38 4.99999999999988953e-01 2.50000000000035305e-01 4.99999999999988953e-01 20 1.26033667871508982e+02
2 0 0 38 4.99999999999988953e-01 2.50000000000035305e-01 4.99999999999988953e-01 21 1.30787978678266626e+02
2 0 0 38 4.99999999999988953e-01 2.50000000000035305e-01 4.99999999999988953e-01 22 8.54126708818315706e+02
2 0 0 38 4.99999999999988953e-01 2.50000000000035305e-01 4.99999999999988953e-01 23 1.12986530683055935e+03
2 0 0 38 4.99999999999988953e-01 2.50000000000035305e-01 4.99999999999988953e-01 24 1.89901751979542087e+03
2 0 0 38 4.99999999999988953e-01 2.50000000000035305e-01 4.99999999999988953e-01 25 3.44531770545916061e+03
2 0 0 39 7.50000000000024203e-01 2.50000000000035305e-01 4.99999999999988898e-01 0 -6.23134061540431006e+00
2 0 0 39 7.50000000000024203e-01 2.50000000000035305e-01 4.99999999999988898e-01 1 -8.33072887983894728e-02
2 0 0 39 7.50000000000024203e-01 2.50000000000035305e-01 4.99999999999988898e-01 2 3.45861972405812201e+00
2 0 0 39 7.50000000000024203e-01 2.50000000000035305e-01 4.99999999999988898e-01 3 4.38477366025945781e+00
2 0 0 39 7.50000000000024203e-01 2.50000000000035305e-01 4.99999999999988898e-01 4 1.39471676687028072e+01
2 0 0 39 7.50000000000024203e-01 2.50000000000035305e-01 4.99999999999988898e-01 5 1.55410288569126553e+01
2 0 0 39 7.50000000000024203e-01 2.50000000000035305e-01 4.99999999999988898e-01 6 1.75464537950225754e+01
2 0 0 39 7.50000000000024203e-01 2.50000000000035305e-01 4.99999999999988898e-01 7 1.97805538413004882e+01
2 0 0 39 7.50000000000024203e-01 2.50000000000035305e-01 4.99999999999988898e-01 8 2.58333699134359556e+01
2 0 0 39 7.50000000000024203e-01 2.50000000000035305e-01 4.99999999999988898e-01 9 2.65649140294431412e+01
2 0 0 39 7.50000000000024203e-01 2.50000000000035305e-01 4.99999999999988898e-01 10 3.07628840438509954e+01
2 0 0 39 7.50000000000024203e-01 2.50000000000035305e-01 4.99999999999988898e-01 11 3.36461210550484680e+01
2 0 0 39 7.50000000000024203e-01 2.50000000000035305e-01 4.99999999999988898e-01 12 3.85120744686191898e+01
2 0 0 39 7.50000000000024203e-01 2.50000000000035305e-01 4.99999999999988898e-01 13 3.97034223543213400e+01
2 0 0 39 7.50000000000024203e-01 2.50000000000035305e-01 4.99999999999988898e-01 14 4.21665630362092543e+01
2 0 0 39 7.50000000000024203e-01 2.50000000000035305e-01 4.99999999999988898e-01 15 4.38066527681039872e+01
2 0 0 39 7.50000000000024203e-01 2.50000000000035305e-01 4.99999999999988898e-01 16 4.52630043563312867e+01
2 0 0 39 7.50000000000024203e-01 2.50000000000035305e-01 4.99999999999988898e-01 17 4.60179160185344998e+01
2 0 0 39 7.50000000000024203e-01 2.50000000000035305e-01 4.99999999999988898e-01 18 5.76770634166882203e+01
2 0 0 39 7.50000000000024203e-01 2.50000000000035305e-01 4.99999999999988898e-01 19 5.92379462832637955e+01
2 0 0 39 7.50000000000024203e-01 2.50000000000035305e-01 4.99999999999988898e-01 20 9.78749091979981927e+01
2 0 0 39 7.50000000000024203e-01 2.50000000000035305e-01 4.99999999999988898e-01 21 1.01295634486381132e+02
2 0 0 39 7.50000000000024203e-01 2.50000000000035305e-01 4.99999999999988898e-01 22 1.20716938323612112e+03
2 0 0 39 7.50000000000024203e-01 2.50000000000035305e-01 4.99999999999988898e-01 23 1.60097068559052332e+03
2 0 0 39 7.50000000000024203e-01 2.50000000000035305e-01 4.99999999999988898e-01 24 2.40622225222006500e+03
2 0 0 39 7.50000000000024203e-01 2.50000000000035305e-01 4.99999999999988898e-01 25 2.60137762020688524e+03
2 0 0 40 0.00000000000000000e+00 4.99999999999988898e-01 4.99999999999988898e-01 0 -6.69275133544181067e+00
2 0 0 40 0.00000000000000000e+00 4.99999999999988898e-01 4.99999999999988898e-01 1 -8.91353089118048780e-01
2 0 0 40 0.00000000000000000e+00 4.99999999999988898e-01 4.99999999999988898e-01 2 3.56182939329377435e+00
2 0 0 40 0.00000000000000000e+00 4.99999999999988898e-01 4.99999999999988898e-01 3 5.34043261838434535e+00
2 0 0 40 0.00000000000000000e+00 4.99999999999988898e-01 4.99999999999988898e-01 4 1.17400174855279644e+01
2 0 0 40 0.00000000000000000e+00 4.99999999999988898e-01 4.99999999999988898e-01 5 1.20347271694235953e+01
2 0 0 40 0.00000000000000000e+00 4.99999999999988898e-01 4.99999999999988898e-01 6 2.56455515891193642e+01
2 0 0 40 0.00000000000000000e+00 4.99999999999988898e-01 4.99999999999988898e-01 7 2.62468779081950778e+01
2 0 0 40 0.00000000000000000e+00 4.99999999999988898e-01 4.99999999999988898e-01 8 2.69239595508481386e+01
2 0 0 40 0.00000000000000000e+00 4.99999999999988898e-01 4.99999999999988898e-01 9 2.72555867187883827e+01
2 0 0 40 0.00000000000000000e+00 4.99999999999988898e-01 4.99999999999988898e-01 10 2.86510337330514133e+01
2 0 0 40 0.00000000000000000e+00 4.99999999999988898e-01 4.99999999999988898e-01 11 3.09329202320572207e+01
2 0 0 40 0.00000000000000000e+00 4.99999999999988898e-01 4.99999999999988898e-01 12 3.14692847107201814e+01
2 0 0 40 0.00000000000000000e+00 4.99999999999988898e-01 4.99999999999988898e-01 13 3.45845059707795670e+01
2 0 0 40 0.00000000000000000e+00 4.99999999999988898e-01 4.99999999999988898e-01 14 4.56907250924448576e+01
2 0 0 40 0.00000000000000000e+00 4.99999999999988898e-01 4.99999999999988898e-01 15 4.69718984596779734e+01
2 0 0 40 0.00000000000000000e+00 4.99999999999988898e-01 4.99999999999988898e-01 16 5.24958118709849586e+01
2 0 0 40 0.00000000000000000e+00 4.99999999999988898e-01 4.99999999999988898e-01 17 5.39929486192124415e+01
2 0 0 40 0.00000000000000000e+00 4.99999999999988898e-01 4.99999999999988898e-01 18 6.83175736781091274e+01
2 0 0 40 0.00000000000000000e+00 4.99999999999988898e-01 4.99999999999988898e-01 19 6.90977484321370667e+01
2 0 0 40 0.00000000000000000e+00 4.99999999999988898e-01 4.99999999999988898e-01 20 8.47339167942629246e+01
2 0 0 40 0.00000000000000000e+00 4.99999999999988898e-01 4.99999999999988898e-01 21 8.97188128622515677e+01
2 0 0 40 0.00000000000000000e+00 4.99999999999988898e-01 4.99999999999988898e-01 22 1.15755568593877433e+03
2 0 0 40 0.00000000000000000e+00 4.99999999999988898e-01 4.99999999999988898e-01 23 1.24638632107057742e+03
2 0 0 40 0.00000000000000000e+00 4.99999999999988898e-01 4.99999999999988898e-01 24 2.37259005443759179e+03
2 0 0 40 0.00000000000000000e+00 4.99999999999988898e-01 4.99999999999988898e-01 25 2.53877147022017971e+03
2 0 0 41 2.50000000000035305e-01 4.99999999999988953e-01 4.99999999999988953e-01 0 -8.31920429930914374e+00
2 0 0 41 2.50000000000035305e-01 4.99999999999988953e-01 4.99999999999988953e-01 1 -2.59679666389373121e-01
2 0 0 41 2.50000000000035305e-01 4.99999999999988953e-01 4.99999999999988953e-01 2 3.96617849855230675e+00
2 0 0 41 2.50000000000035305e-01 4.99999999999988953e-01 4.99999999999988953e-01 3 5.30990993128362021e+00
2 0 0 41 2.50000000000035305e-01 4.99999999999988953e-01 4.99999999999988953e-01 4 1.28937004389970262e+01
2 0 0 41 2.50000000000035305e-01 4.99999999999988953e-01 4.99999999999988953e-01 5 1.56440659947994405e+01
2 0 0 41 2.50000000000035305e-01 4.99999999999988953e-01 4.99999999999988953e-01 6 1.84826018430685508e+01
2 0 0 41 2.50000000000035305e-01 4.99999999999988953e-01 4.99999999999988953e-01 7 1.99771492978450453e+01
2 0 0 41 2.50000000000035305e-01 4.99999999999988953e-01 4.99999999999988953e-01 8 2.59320006366650055e+01
2 0 0 41 2.50000000000035305e-01 4.99999999999988953e-01 4.99999999999988953e-01 9 2.73694352070827591e+01
2 0 0 41 2.50000000000035305e-01 4.99999999999988953e-01 4.99999999999988953e-01 10 2.95553165578088972e+01
2 0 0 41 2.50000000000035305e-01 4.99999999999988953e-01 4.99999999999988953e-01 11 3.10914820613043688e+01
2 0 0 41 2.50000000000035305e-01 4.99999999999988953e-01 4.99999999999988953e-01 12 3.85404981539615363e+01
2 0 0 41 2.50000000000035305e-01 4.99999999999988953e-01 4.99999999999988953e-01 13 3.94154290938982541e+01
2 0 0 41 2.50000000000035305e-01 4.99999999999988953e-01 4.99999999999988953e-01 14 4.02996001493272686e+01
2 0 0 41 2.50000000000035305e-01 4.99999999999988953e-01 4.99999999999988953e-01 15 4.47579750052868164e+01
2 0 0 41 2.50000000000035305e-01 4.99999999999988953e-01 4.99999999999988953e-01 16 4.94675618609338201e+01
2 0 0 41 2.50000000000035305e-01 4.99999999999988953e-01 4.99999999999988953e-01 17 5.12924278879696089e+01
2 0 0 41 2.50000000000035305e-01 4.99999999999988953e-01 4.99999999999988953e-01 18 5.42181668155216556e+01
2 0 0 41 2.50000000000035305e-01 4.99999999999988953e-01 4.99999999999988953e-01 19 7.79046430247684185e+01
2 0 0 41 2.50000000000035305e-01 4.99999999999988953e-01 4.99999999999988953e-01 20 1.21786038628174040e+02
2 0 0 41 2.50000000000035305e-01 4.99999999999988953e-01 4.99999999999988953e-01 21 1.29947123751935152e+02
2 0 0 41 2.50000000000035305e-01 4.99999999999988953e-01 4.99999999999988953e-01 22 9.49914250906466009e+02
2 0 0 41 2.50000000000035305e-01 4.99999999999988953e-01 4.99999999999988953e-01 23 1.14209576651113593e+03
2 0 0 41 2.50000000000035305e-01 4.99999999999988953e-01 4.99999999999988953e-01 24 1.87302256246927413e+03
2 0 0 41 2.50000000000035305e-01 4.99999999999988953e-01 4.99999999999988953e-01 25 3.40068960506841813e+03
2 0 0 42 5.00000000000070610e-01 5.00000000000070610e-01 5.00000000000070610e-01 0 -8.56716313887466541e+00
2 0 0 42 5.00000000000070610e-01 5.00000000000070610e-01 5.00000000000070610e-01 1 -2.14858190997677267e+00
2 0 0 42 5.00000000000070610e-01 5.00000000000070610e-01 5.00000000000070610e-01 2 6.29211448128338180e+00
2 0 0 42 5.00000000000070610e-01 5.00000000000070610e-01 5.00000000000070610e-01 3 7.10065750819613495e+00
2 0 0 42 5.00000000000070610e-01 5.00000000000070610e-01 5.00000000000070610e-01 4 1.23548333640335208e+01
2 0 0 42 5.00000000000070610e-01 5.00000000000070610e-01 5.00000000000070610e-01 5 1.46865234838719534e+01
2 0 0 42 5.00000000000070610e-01 5.00000000000070610e-01 5.00000000000070610e-01 6 1.52639956249697146e+01
2 0 0 42 5.00000000000070610e-01 5.00000000000070610e-01 5.00000000000070610e-01 7 2.49472364741126746e+01
2 0 0 42 5.00000000000070610e-01 5.00000000000070610e-01 5.00000000000070610e-01 8 2.54107021322326858e+01
2 0 0 42 5.00000000000070610e-01 5.00000000000070610e-01 5.00000000000070610e-01 9 2.65777254334333577e+01
2 0 0 42 5.00000000000070610e-01 5.00000000000070610e-01 5.00000000000070610e-01 10 2.88935374988860580e+01
2 0 0 42 5.00000000000070610e-01 5.00000000000070610e-01 5.00000000000070610e-01 11 2.96804822574920806e+01
2 0 0 42 5.00000000000070610e-01 5.00000000000070610e-01 5.00000000000070610e-01 12 3.07505695839168780e+01
2 0 0 42 5.00000000000070610e-01 5.00000000000070610e-01 5.00000000000070610e-01 13 4.10879030949671176e+01
2 0 0 42 5.00000000000070610e-01 5.00000000000070610e-01 5.00000000000070610e-01 14 4.50961374677864910e+01
2 0 0 42 5.00000000000070610e-01 5.00000000000070610e-01 5.00000000000070610e-01 15 4.62412698608759243e+01
2 0 0 42 5.00000000000070610e-01 5.00000000000070610e-01 5.00000000000070610e-01 16 4.76699842595385732e+01
2 0 0 42 5.00000000000070610e-01 5.00000000000070610e-01 5.00000000000070610e-01 17 5.27891494805668486e+01
2 0 0 42 5.00000000000070610e-01 5.00000000000070610e-01 5.00000000000070610e-01 18 5.39676758828026237e+01
2 0 0 42 5.00000000000070610e-01 5.00000000000070610e-01 5.00000000000070610e-01 19 6.68554341512037524e+01
2 0 0 42 5.00000000000070610e-01 5.00000000000070610e-01 5.00000000000070610e-01 20 3.04993825534392613e+02
2 0 0 42 5.00000000000070610e-01 5.00000000000070610e-01 5.00000000000070610e-01 21 3.32422207277398400e+02
2 0 0 42 5.00000000000070610e-01 5.00000000000070610e-01 5.00000000000070610e-01 22 5.69514559337423293e+02
2 0 0 42 5.00000000000070610e-01 5.00000000000070610e-01 5.00000000000070610e-01 23 5.84370693741554987e+02
2 0 0 42 5.00000000000070610e-01 5.00000000000070610e-01 5.00000000000070610e-01 24 1.86336557316968651e+03
2 0 0 42 5.00000000000070610e-01 5.00000000000070610e-01 5.00000000000070610e-01 25 4.18473170302632752e+03
2 0 0 43 7.49999999999942601e-01 4.99999999999988953e-01 4.99999999999988953e-01 0 -8.32402801033997619e+00
2 0 0 43 7.49999999999942601e-01 4.99999999999988953e-01 4.99999999999988953e-01 1 -2.67674365940165193e-01
2 0 0 43 7.49999999999942601e-01 4.99999999999988953e-01 4.99999999999988953e-01 2 3.97049327478549685e+00
2 0 0 43 7.49999999999942601e-01 4.99999999999988953e-01 4.99999999999988953e-01 3 5.31594511943493409e+00
2 0 0 43 7.49999999999942601e-01 4.99999999999988953e-01 4.99999999999988953e-01 4 1.28951530565051726e+01
2 0 0 43 7.49999999999942601e-01 4.99999999999988953e-01 4.99999999999988953e-01 5 1.56438387967404431e+01
2 0 0 43 7.49999999999942601e-01 4.99999999999988953e-01 4.99999999999988953e-01 6 1.84810208855375855e+01
2 0 0 43 7.49999999999942601e-01 4.99999999999988953e-01 4.99999999999988953e-01 7 1.99223721417814801e+01
2 0 0 43 7.49999999999942601e-01 4.99999999999988953e-01 4.99999999999988953e-01 8 2.59405655728862321e+01
2 0 0 43 7.49999999999942601e-01 4.99999999999988953e-01 4.99999999999988953e-01 9 2.74486317169655756e+01
2 0 0 43 7.49999999999942601e-01 4.99999999999988953e-01 4.99999999999988953e-01 10 2.95841124751085260e+01
2 0 0 43 7.49999999999942601e-01 4.99999999999988953e-01 4.99999999999988953e-01 11 3.10278265701762379e+01
2 0 0 43 7.49999999999942601e-01 4.99999999999988953e-01 4.99999999999988953e-01 12 3.85712088429721973e+01
2 0 0 43 7.49999999999942601e-01 4.99999999999988953e-01 4.99999999999988953e-01 13 3.94429162201821910e+01
2 0 0 43 7.49999999999942601e-01 4.99999999999988953e-01 4.99999999999988953e-01 14 4.03038762543255586e+01
2 0 0 43 7.49999999999942601e-01 4.99999999999988953e-01 4.99999999999988953e-01 15 4.46857950420167285e+01
2 0 0 43 7.49999999999942601e-01 4.99999999999988953e-01 4.99999999999988953e-01 16 4.94425441542627979e+01
2 0 0 43 7.49999999999942601e-01 4.99999999999988953e-01 4.99999999999988953e-01 17 5.12573830820756982e+01
2 0 0 43 7.49999999999942601e-01 4.99999999999988953e-01 4.99999999999988953e-01 18 5.43109959940596454e+01
2 0 0 43 7.49999999999942601e-01 4.99999999999988953e-01 4.99999999999988953e-01 19 7.77395165077773100e+01
2 0 0 43 7.49999999999942601e-01 4.99999999999988953e-01 4.99999999999988953e-01 20 1.20992151747622955e+02
2 0 0 43 7.49999999999942601e-01 4.99999999999988953e-01 4.99999999999988953e-01 21 1.30516896144372879e+02
2 0 0 43 7.49999999999942601e-01 4.99999999999988953e-01 4.99999999999988953e-01 22 9.57531759677644914e+02
2 0 0 43 7.49999999999942601e-01 4.99999999999988953e-01 4.99999999999988953e-01 23 1.14110811818723323e+03
2 0 0 43 7.49999999999942601e-01 4.99999999999988953e-01 4.99999999999988953e-01 24 1.87139140271525343e+03
2 0 0 43 7.49999999999942601e-01 4.99999999999988953e-01 4.99999999999988953e-01 25 3.40023785664019033e+03
2 0 0 44 0.00000000000000000e+00 7.50000000000024314e-01 4.99999999999989009e-01 0 -7.99951747090885146e+00
2 0 0 44 0.00000000000000000e+00 7.50000000000024314e-01 4.99999999999989009e-01 1 -2.56421198310239462e-01
2 0 0 44 0.00000000000000000e+00 7.50000000000024314e-01 4.99999999999989009e-01 2 4.42367388365204040e+00
2 0 0 44 0.00000000000000000e+00 7.50000000000024314e-01 4.99999999999989009e-01 3 5.84518128805972736e+00
2 0 0 44 0.00000000000000000e+00 7.50000000000024314e-01 4.99999999999989009e-01 4 1.30110498965441561e+01
2 0 0 44 0.00000000000000000e+00 7.50000000000024314e-01 4.99999999999989009e-01 5 1.58057571698131145e+01
2 0 0 44 0.00000000000000000e+00 7.50000000000024314e-01 4.99999999999989009e-01 6 1.77333918608340397e+01
2 0 0 44 0.00000000000000000e+00 7.50000000000024314e-01 4.99999999999989009e-01 7 1.96994287655492464e+01
2 0 0 44 0.00000000000000000e+00 7.50000000000024314e-01 4.99999999999989009e-01 8 2.59400452922175404e+01
2 0 0 44 0.00000000000000000e+00 7.50000000000024314e-01 4.99999999999989009e-01 9 2.76296142716020370e+01
2 0 0 44 0.00000000000000000e+00 7.50000000000024314e-01 4.99999999999989009e-01 10 2.96203091967716894e+01
2 0 0 44 0.00000000000000000e+00 7.50000000000024314e-01 4.99999999999989009e-01 11 3.13783594660558833e+01
2 0 0 44 0.00000000000000000e+00 7.50000000000024314e-01 4.99999999999989009e-01 12 3.86380895622858915e+01
2 0 0 44 0.00000000000000000e+00 7.50000000000024314e-01 4.99999999999989009e-01 13 3.93106085986569340e+01
2 0 0 44 0.00000000000000000e+00 7.50000000000024314e-01 4.99999999999989009e-01 14 3.98979814526006535e+01
2 0 0 44 0.00000000000000000e+00 7.50000000000024314e-01 4.99999999999989009e-01 15 4.43424946748037812e+01
2 0 0 44 0.00000000000000000e+00 7.50000000000024314e-01 4.99999999999989009e-01 16 4.86685588888173086e+01
2 0 0 44 0.00000000000000000e+00 7.50000000000024314e-01 4.99999999999989009e-01 17 5.21295950952414273e+01
2 0 0 44 0.00000000000000000e+00 7.50000000000024314e-01 4.99999999999989009e-01 18 5.42193119225231968e+01
2 0 0 44 0.00000000000000000e+00 7.50000000000024314e-01 4.99999999999989009e-01 19 7.63599259888943465e+01
2 0 0 44 0.00000000000000000e+00 7.50000000000024314e-01 4.99999999999989009e-01 20 1.23394004607312240e+02
2 0 0 44 0.00000000000000000e+00 7.50000000000024314e-01 4.99999999999989009e-01 21 1.33841170377151826e+02
2 0 0 44 0.00000000000000000e+00 7.50000000000024314e-01 4.99999999999989009e-01 22 9.32245977658105971e+02
2 0 0 44 0.00000000000000000e+00 7.50000000000024314e-01 4.99999999999989009e-01 23 1.05552552379927579e+03
2 0 0 44 0.00000000000000000e+00 7.50000000000024314e-01 4.99999999999989009e-01 24 1.94011009848828553e+03
2 0 0 44 0.00000000000000000e+00 7.50000000000024314e-01 4.99999999999989009e-01 25 3.29915776099511459e+03
2 0 0 45 2.50000000000035305e-01 7.50000000000024203e-01 4.99999999999988898e-01 0 -6.22912992341842209e+00
2 0 0 45 2.50000000000035305e-01 7.50000000000024203e-01 4.99999999999988898e-01 1 -7.04792928353957931e-02
2 0 0 45 2.50000000000035305e-01 7.50000000000024203e-01 4.99999999999988898e-01 2 3.64014344009236268e+00
2 0 0 45 2.50000000000035305e-01 7.50000000000024203e-01 4.99999999999988898e-01 3 4.33524640862449484e+00
2 0 0 45 2.50000000000035305e-01 7.50000000000024203e-01 4.99999999999988898e-01 4 1.39511729963328204e+01
2 0 0 45 2.50000000000035305e-01 7.50000000000024203e-01 4.99999999999988898e-01 5 1.56610812301099767e+01
2 0 0 45 2.50000000000035305e-01 7.50000000000024203e-01 4.99999999999988898e-01 6 1.75362967487979553e+01
2 0 0 45 2.50000000000035305e-01 7.50000000000024203e-01 4.99999999999988898e-01 7 1.97980542425768640e+01
2 0 0 45 2.50000000000035305e-01 7.50000000000024203e-01 4.99999999999988898e-01 8 2.56579143209041121e+01
2 0 0 45 2.50000000000035305e-01 7.50000000000024203e-01 4.99999999999988898e-01 9 2.65211962612877308e+01
2 0 0 45 2.50000000000035305e-01 7.50000000000024203e-01 4.99999999999988898e-01 10 3.08191118511881079e+01
2 0 0 45 2.50000000000035305e-01 7.50000000000024203e-01 4.99999999999988898e-01 11 3.36192707329063794e+01
2 0 0 45 2.50000000000035305e-01 7.50000000000024203e-01 4.99999999999988898e-01 12 3.84332503857496022e+01
2 0 0 45 2.50000000000035305e-01 7.50000000000024203e-01 4.99999999999988898e-01 13 3.97313824825788942e+01
2 0 0 45 2.50000000000035305e-01 7.50000000000024203e-01 4.99999999999988898e-01 14 4.21337766669125671e+01
2 0 0 45 2.50000000000035305e-01 7.50000000000024203e-01 4.99999999999988898e-01 15 4.37689303358946660e+01
2 0 0 45 2.50000000000035305e-01 7.50000000000024203e-01 4.99999999999988898e-01 16 4.53123804190999451e+01
2 0 0 45 2.50000000000035305e-01 7.50000000000024203e-01 4.99999999999988898e-01 17 4.60068536836052999e+01
2 0 0 45 2.50000000000035305e-01 7.50000000000024203e-01 4.99999999999988898e-01 18 5.76274357809342774e+01
2 0 0 45 2.50000000000035305e-01 7.50000000000024203e-01 4.99999999999988898e-01 19 5.98136637215377505e+01
2 0 0 45 2.50000000000035305e-01 7.50000000000024203e-01 4.99999999999988898e-01 20 9.78937347438757968e+01
2 0 0 45 2.50000000000035305e-01 7.50000000000024203e-01 4.99999999999988898e-01 21 1.01238174649062671e+02
2 0 0 45 2.50000000000035305e-01 7.50000000000024203e-01 4.99999999999988898e-01 22 1.15631953342990164e+03
2 0 0 45 2.50000000000035305e-01 7.50000000000024203e-01 4.99999999999988898e-01 23 1.59858820542359103e+03
2 0 0 45 2.50000000000035305e-01 7.50000000000024203e-01 4.99999999999988898e-01 24 2.40619454563109912e+03
2 0 0 45 2.50000000000035305e-01 7.50000000000024203e-01 4.99999999999988898e-01 25 2.60162857440154039e+03
2 0 0 46 4.99999999999988953e-01 7.49999999999942601e-01 4.99999999999988953e-01 0 -8.32068749230980664e+00
2 0 0 46 4.99999999999988953e-01 7.49999999999942601e-01 4.99999999999988953e-01 1 -4.05144141738483843e-01
2 0 0 46 4.99999999999988953e-01 7.49999999999942601e-01 4.99999999999988953e-01 2 4.25649649123269391e+00
2 0 0 46 4.99999999999988953e-01 7.49999999999942601e-01 4.99999999999988953e-01 3 6.34279184863324286e+00
2 0 0 46 4.99999999999988953e-01 7.49999999999942601e-01 4.99999999999988953e-01 4 1.30103707792007466e+01
2 0 0 46 4.99999999999988953e-01 7.49999999999942601e-01 4.99999999999988953e-01 5 1.57393205676447323e+01
2 0 0 46 4.99999999999988953e-01 7.49999999999942601e-01 4.99999999999988953e-01 6 1.82358195887931736e+01
2 0 0 46 4.99999999999988953e-01 7.49999999999942601e-01 4.99999999999988953e-01 7 1.94724445135844739e+01
2 0 0 46 4.99999999999988953e-01 7.49999999999942601e-01 4.99999999999988953e-01 8 2.61593134076247011e+01
2 0 0 46 4.99999999999988953e-01 7.49999999999942601e-01 4.99999999999988953e-01 9 2.72811987873376331e+01
2 0 0 46 4.99999999999988953e-01 7.49999999999942601e-01 4.99999999999988953e-01 10 2.91919225585986979e+01
2 0 0 46 4.99999999999988953e-01 7.49999999999942601e-01 4.99999999999988953e-01 11 3.10414968445135884e+01
2 0 0 46 4.99999999999988953e-01 7.49999999999942601e-01 4.99999999999988953e-01 12 3.86869830385830795e+01
2 0 0 46 4.99999999999988953e-01 7.49999999999942601e-01 4.99999999999988953e-01 13 3.92057274198320656e+01
2 0 0 46 4.99999999999988953e-01 7.49999999999942601e-01 4.99999999999988953e-01 14 4.05802636812265547e+01
2 0 0 46 4.99999999999988953e-01 7.49999999999942601e-01 4.99999999999988953e-01 15 4.49555307061333309e+01
2 0 0 46 4.99999999999988953e-01 7.49999999999942601e-01 4.99999999999988953e-01 16 4.94043452557957679e+01
2 0 0 46 4.99999999999988953e-01 7.49999999999942601e-01 4.99999999999988953e-01 17 5.12608938965751477e+01
2 0 0 46 4.99999999999988953e-01 7.49999999999942601e-01 4.99999999999988953e-01 18 5.41573936042650104e+01
2 0 0 46 4.99999999999988953e-01 7.49999999999942601e-01 4.99999999999988953e-01 19 7.76184900541953056e+01
2 0 0 46 4.99999999999988953e-01 7.49999999999942601e-01 4.99999999999988953e-01 20 1.26051070011830944e+02
2 0 0 46 4.99999999999988953e-01 7.49999999999942601e-01 4.99999999999988953e-01 21 1.30452713454790739e+02
2 0 0 46 4.99999999999988953e-01 7.49999999999942601e-01 4.99999999999988953e-01 22 8.53229886054767007e+02
2 0 0 46 4.99999999999988953e-01 7.49999999999942601e-01 4.99999999999988953e-01 23 1.13221671619690846e+03
2 0 0 46 4.99999999999988953e-01 7.49999999999942601e-01 4.99999999999988953e-01 24 1.90780288646280246e+03
2 0 0 46 4.99999999999988953e-01 7.49999999999942601e-01 4.99999999999988953e-01 25 3.43432346669461504e+03
2 0 0 47 7.50000000000024203e-01 7.50000000000024203e-01 5.00000000000070610e-01 0 -9.86310266586796480e+00
2 0 0 47 7.50000000000024203e-01 7.50000000000024203e-01 5.00000000000070610e-01 1 1.04906608961645165e+00
2 0 0 47 7.50000000000024203e-01 7.50000000000024203e-01 5.00000000000070610e-01 2 3.80379010337409573e+00
2 0 0 47 7.50000000000024203e-01 7.50000000000024203e-01 5.00000000000070610e-01 3 7.29566476410304787e+00
2 0 0 47 7.50000000000024203e-01 7.50000000000024203e-01 5.00000000000070610e-01 4 1.37042682557066868e+01
2 0 0 47 7.50000000000024203e-01 7.50000000000024203e-01 5.00000000000070610e-01 5 1.60173529134000638e+01
2 0 0 47 7.50000000000024203e-01 7.50000000000024203e-01 5.00000000000070610e-01 6 1.75516317587587629e+01
2 0 0 47 7.50000000000024203e-01 7.50000000000024203e-01 5.00000000000070610e-01 7 1.91548660714049497e+01
2 0 0 47 7.50000000000024203e-01 7.50000000000024203e-01 5.00000000000070610e-01 8 2.02764124554901564e+01
2 0 0 47 7.50000000000024203e-01 7.50000000000024203e-01 5.00000000000070610e-01 9 2.66338450628891046e+01
2 0 0 47 7.50000000000024203e-01 7.50000000000024203e-01 5.00000000000070610e-01 10 3.08351930057777821e+01
2 0 0 47 7.50000000000024203e-01 7.50000000000024203e-01 5.00000000000070610e-01 11 3.60111841031465829e+01
2 0 0 47 7.50000000000024203e-01 7.50000000000024203e-01 5.00000000000070610e-01 12 3.66995009038382420e+01
2 0 0 47 7.50000000000024203e-01 7.50000000000024203e-01 5.00000000000070610e-01 13 3.85262871503097202e+01
2 0 0 47 7.50000000000024203e-01 7.50000000000024203e-01 5.00000000000070610e-01 14 4.12227204875024924e+01
2 0 0 47 7.50000000000024203e-01 7.50000000000024203e-01 5.00000000000070610e-01 15 4.36021173948090706e+01
2 0 0 47 7.50000000000024203e-01 7.50000000000024203e-01 5.00000000000070610e-01 16 4.71825921434955973e+01
2 0 0 47 7.50000000000024203e-01 7.50000000000024203e-01 5.00000000000070610e-01 17 5.12586485414081849e+01
2 0 0 47 7.50000000000024203e-01 7.50000000000024203e-01 5.00000000000070610e-01 18 5.51705563466435223e+01
2 0 0 47 7.50000000000024203e-01 7.50000000000024203e-01 5.00000000000070610e-01 19 9.29787328837352760e+01
2 0 0 47 7.50000000000024203e-01 7.50000000000024203e-01 5.00000000000070610e-01 20 1.12812176752428726e+02
2 0 0 47 7.50000000000024203e-01 7.50000000000024203e-01 5.00000000000070610e-01 21 2.41213614867565127e+02
2 0 0 47 7.50000000000024203e-01 7.50000000000024203e-01 5.00000000000070610e-01 22 7.90868765577407885e+02
2 0 0 47 7.50000000000024203e-01 7.50000000000024203e-01 5.00000000000070610e-01 23 1.01848367425147103e+03
2 0 0 47 7.50000000000024203e-01 7.50000000000024203e-01 5.00000000000070610e-01 24 1.77696923099012793e+03
2 0 0 47 7.50000000000024203e-01 7.50000000000024203e-01 5.00000000000070610e-01 25 3.28780826650247218e+03
2 0 0 48 0.00000000000000000e+00 0.00000000000000000e+00 7.49999999999942601e-01 0 -1.24998524551289858e+01
2 0 0 48 0.00000000000000000e+00 0.00000000000000000e+00 7.49999999999942601e-01 1 3.74472630466709289e+00
2 0 0 48 0.00000000000000000e+00 0.00000000000000000e+00 7.49999999999942601e-01 2 6.74195241796538980e+00
2 0 0 48 0.00000000000000000e+00 0.00000000000000000e+00 7.49999999999942601e-01 3 7.70009671841865817e+00
2 0 0 48 0.00000000000000000e+00 0.00000000000000000e+00 7.49999999999942601e-01 4 1.35956585676346240e+01
2 0 0 48 0.00000000000000000e+00 0.00000000000000000e+00 7.49999999999942601e-01 5 1.53736128147374114e+01
2 0 0 48 0.00000000000000000e+00 0.00000000000000000e+00 7.49999999999942601e-01 6 1.54626841836512856e+01
2 0 0 48 0.00000000000000000e+00 0.00000000000000000e+00 7.49999999999942601e-01 7 1.98663025600014080e+01
2 0 0 48 0.00000000000000000e+00 0.00000000000000000e+00 7.49999999999942601e-01 8 2.03032714133919647e+01
2 0 0 48 0.00000000000000000e+00 0.00000000000000000e+00 7.49999999999942601e-01 9 2.38504782859256856e+01
2 0 0 48 0.00000000000000000e+00 0.00000000000000000e+00 7.49999999999942601e-01 10 3.29378669943316069e+01
2 0 0 48 0.00000000000000000e+00 0.00000000000000000e+00 7.49999999999942601e-01 11 3.38462282152753460e+01
2 0 0 48 0.00000000000000000e+00 0.00000000000000000e+00 7.49999999999942601e-01 12 3.54047253485501940e+01
2 0 0 48 0.00000000000000000e+00 0.00000000000000000e+00 7.49999999999942601e-01 13 3.73151424187404785e+01
2 0 0 48 0.00000000000000000e+00 0.00000000000000000e+00 7.49999999999942601e-01 14 4.32764652070245788e+01
2 0 0 48 0.00000000000000000e+00 0.00000000000000000e+00 7.49999999999942601e-01 15 4.47886317451419700e+01
2 0 0 48 0.00000000000000000e+00 0.00000000000000000e+00 7.49999999999942601e-01 16 5.18972045457745850e+01
2 0 0 48 0.00000000000000000e+00 0.00000000000000000e+00 7.49999999999942601e-01 17 5.41275828514417512e+01
2 0 0 48 0.00000000000000000e+00 0.00000000000000000e+00 7.49999999999942601e-01 18 5.49941703571550207e+01
2 0 0 48 0.00000000000000000e+00 0.00000000000000000e+00 7.49999999999942601e-01 19 1.17297900982182654e+02
2 0 0 48 0.00000000000000000e+00 0.00000000000000000e+00 7.49999999999942601e-01 20 3.23474865423617871e+02
2 0 0 48 0.00000000000000000e+00 0.00000000000000000e+00 7.49999999999942601e-01 21 3.60788302195134690e+02
2 0 0 48 0.00000000000000000e+00 0.00000000000000000e+00 7.49999999999942601e-01 22 8.47521667818316587e+02
2 0 0 48 0.00000000000000000e+00 0.00000000000000000e+00 7.49999999999942601e-01 23 8.91995696178224648e+02
2 0 0 48 0.00000000000000000e+00 0.00000000000000000e+00 7.49999999999942601e-01 24 1.44427137401488812e+03
2 0 0 48 0.00000000000000000e+00 0.00000000000000000e+00 7.49999999999942601e-01 25 2.82298198699512523e+03
2 0 0 49 2.49999999999953593e-01 0.00000000000000000e+00 7.50000000000024203e-01 0 -9.77091428751820068e+00
2 0 0 49 2.49999999999953593e-01 0.00000000000000000e+00 7.50000000000024203e-01 1 1.29591350492826995e+00
2 0 0 49 2.49999999999953593e-01 0.00000000000000000e+00 7.50000000000024203e-01 2 4.05061535690076013e+00
2 0 0 49 2.49999999999953593e-01 0.00000000000000000e+00 7.50000000000024203e-01 3 6.41609861549090699e+00
2 0 0 49 2.49999999999953593e-01 0.00000000000000000e+00 7.50000000000024203e-01 4 1.46875663062297743e+01
2 0 0 49 2.49999999999953593e-01 0.00000000000000000e+00 7.50000000000024203e-01 5 1.59342337406339496e+01
2 0 0 49 2.49999999999953593e-01 0.00000000000000000e+00 7.50000000000024203e-01 6 1.69740931220894460e+01
2 0 0 49 2.49999999999953593e-01 0.00000000000000000e+00 7.50000000000024203e-01 7 1.88165060476389172e+01
2 0 0 49 2.49999999999953593e-01 0.00000000000000000e+00 7.50000000000024203e-01 8 2.05352681103362684e+01
2 0 0 49 2.49999999999953593e-01 0.00000000000000000e+00 7.50000000000024203e-01 9 2.68943312275867292e+01
2 0 0 49 2.49999999999953593e-01 0.00000000000000000e+00 7.50000000000024203e-01 10 3.13902131204721044e+01
2 0 0 49 2.49999999999953593e-01 0.00000000000000000e+00 7.50000000000024203e-01 11 3.59941510645237770e+01
2 0 0 49 2.49999999999953593e-01 0.00000000000000000e+00 7.50000000000024203e-01 12 3.70058657276219378e+01
2 0 0 49 2.49999999999953593e-01 0.00000000000000000e+00 7.50000000000024203e-01 13 3.99598322257048224e+01
2 0 0 49 2.49999999999953593e-01 0.00000000000000000e+00 7.50000000000024203e-01 14 4.10455919119515116e+01
2 0 0 49 2.49999999999953593e-01 0.00000000000000000e+00 7.50000000000024203e-01 15 4.26409383985348853e+01
2 0 0 49 2.49999999999953593e-01 0.00000000000000000e+00 7.50000000000024203e-01 16 4.50897104931467894e+01
2 0 0 49 2.49999999999953593e-01 0.00000000000000000e+00 7.50000000000024203e-01 17 5.15166505917216071e+01
2 0 0 49 2.49999999999953593e-01 0.00000000000000000e+00 7.50000000000024203e-01 18 5.50749467100488346e+01
2 0 0 49 2.49999999999953593e-01 0.00000000000000000e+00 7.50000000000024203e-01 19 9.01797254345005683e+01
2 0 0 49 2.49999999999953593e-01 0.00000000000000000e+00 7.50000000000024203e-01 20 1.08003403082726379e+02
2 0 0 49 2.49999999999953593e-01 0.00000000000000000e+00 7.50000000000024203e-01 21 2.46106826929738077e+02
2 0 0 49 2.49999999999953593e-01 0.00000000000000000e+00 7.50000000000024203e-01 22 7.77660196381068658e+02
2 0 0 49 2.49999999999953593e-01 0.00000000000000000e+00 7.50000000000024203e-01 23 1.08330113886863569e+03
2 0 0 49 2.49999999999953593e-01 0.00000000000000000e+00 7.50000000000024203e-01 24 1.80379010947696338e+03
2 0 0 49 2.49999999999953593e-01 0.00000000000000000e+00 7.50000000000024203e-01 25 3.24557938025623889e+03
2 0 0 50 4.99999999999989009e-01 0.00000000000000000e+00 7.50000000000024314e-01 0 -7.93790709122223603e+00
2 0 0 50 4.99999999999989009e-01 0.00000000000000000e+00 7.50000000000024314e-01 1 -4.62305108419221844e-01
2 0 0 50 4.99999999999989009e-01 0.00000000000000000e+00 7.50000000000024314e-01 2 4.38002441781725071e+00
2 0 0 50 4.99999999999989009e-01 0.00000000000000000e+00 7.50000000000024314e-01 3 5.71329948424245959e+00
2 0 0 50 4.99999999999989009e-01 0.00000000000000000e+00 7.50000000000024314e-01 4 1.27959516285826211e+01
2 0 0 50 4.99999999999989009e-01 0.00000000000000000e+00 7.50000000000024314e-01 5 1.57795270624169390e+01
2 0 0 50 4.99999999999989009e-01 0.00000000000000000e+00 7.50000000000024314e-01 6 1.84434161838779929e+01
2 0 0 50 4.99999999999989009e-01 0.00000000000000000e+00 7.50000000000024314e-01 7 1.99077643575231207e+01
2 0 0 50 4.99999999999989009e-01 0.00000000000000000e+00 7.50000000000024314e-01 8 2.53991640443579492e+01
2 0 0 50 4.99999999999989009e-01 0.00000000000000000e+00 7.50000000000024314e-01 9 2.74816825777336540e+01
2 0 0 50 4.99999999999989009e-01 0.00000000000000000e+00 7.50000000000024314e-01 10 2.98169697077457769e+01
2 0 0 50 4.99999999999989009e-01 0.00000000000000000e+00 7.50000000000024314e-01 11 3.06548058605583336e+01
2 0 0 50 4.99999999999989009e-01 0.00000000000000000e+00 7.50000000000024314e-01 12 3.89828484572585694e+01
2 0 0 50 4.99999999999989009e-01 0.00000000000000000e+00 7.50000000000024314e-01 13 3.93283266278940289e+01
2 0 0 50 4.99999999999989009e-01 0.00000000000000000e+00 7.50000000000024314e-01 14 3.99328396270995967e+01
2 0 0 50 4.99999999999989009e-01 0.00000000000000000e+00 7.50000000000024314e-01 15 4.46289545512322974e+01
2 0 0 50 4.99999999999989009e-01 0.00000000000000000e+00 7.50000000000024314e-01 16 4.94440261779858403e+01
2 0 0 50 4.99999999999989009e-01 0.00000000000000000e+00 7.50000000000024314e-01 17 5.12769207558917657e+01
2 0 0 50 4.99999999999989009e-01 0.00000000000000000e+00 7.50000000000024314e-01 18 5.42906583824561721e+01
2 0 0 50 4.99999999999989009e-01 0.00000000000000000e+00 7.50000000000024314e-01 19 7.56893300644414211e+01
2 0 0 50 4.99999999999989009e-01 0.00000000000000000e+00 7.50000000000024314e-01 20 1.22267893284323094e+02
2 0 0 50 4.99999999999989009e-01 0.00000000000000000e+00 7.50000000000024314e-01 21 1.36271714732587071e+02
2 0 0 50 4.99999999999989009e-01 0.00000000000000000e+00 7.50000000000024314e-01 22 9.08366440490902278e+02
2 0 0 50 4.99999999999989009e-01 0.00000000000000000e+00 7.50000000000024314e-01 23 1.11382811069601189e+03
2 0 0 50 4.99999999999989009e-01 0.00000000000000000e+00 7.50000000000024314e-01 24 1.96276196301104778e+03
2 0 0 50 4.99999999999989009e-01 0.00000000000000000e+00 7.50000000000024314e-01 25 3.15863384674891495e+03
2 0 0 51 7.50000000000024203e-01 0.00000000000000000e+00 7.50000000000024203e-01 0 -1.19558358581733959e+01
2 0 0 51 7.50000000000024203e-01 0.00000000000000000e+00 7.50000000000024203e-01 1 3.66373654042287011e+00
2 0 0 51 7.50000000000024203e-01 0.00000000000000000e+00 7.50000000000024203e-01 2 6.04736547833579774e+00
2 0 0 51 7.50000000000024203e-01 0.00000000000000000e+00 7.50000000000024203e-01 3 6.97118766205671037e+00
2 0 0 51 7.50000000000024203e-01 0.00000000000000000e+00 7.50000000000024203e-01 4 1.24203437008501396e+01
2 0 0 51 7.50000000000024203e-01 0.00000000000000000e+00 7.50000000000024203e-01 5 1.57057596632982097e+01
2 0 0 51 7.50000000000024203e-01 0.00000000000000000e+00 7.50000000000024203e-01 6 1.78454963327642133e+01
2 0 0 51 7.50000000000024203e-01 0.00000000000000000e+00 7.50000000000024203e-01 7 1.89118770084217083e+01
2 0 0 51 7.50000000000024203e-01 0.00000000000000000e+00 7.50000000000024203e-01 8 2.19629143968329572e+01
2 0 0 51 7.50000000000024203e-01 0.00000000000000000e+00 7.50000000000024203e-01 9 2.56177953736753885e+01
2 0 0 51 7.50000000000024203e-01 0.00000000000000000e+00 7.50000000000024203e-01 10 3.13783954287001237e+01
2 0 0 51 7.50000000000024203e-01 0.00000000000000000e+00 7.50000000000024203e-01 11 3.30668176213902782e+01
2 0 0 51 7.50000000000024203e-01 0.00000000000000000e+00 7.50000000000024203e-01 12 3.56319194323109514e+01
2 0 0 51 7.50000000000024203e-01 0.00000000000000000e+00 7.50000000000024203e-01 13 3.97858869339670562e+01
2 0 0 51 7.50000000000024203e-01 0.00000000000000000e+00 7.50000000000024203e-01 14 4.27814815252255585e+01
2 0 0 51 7.50000000000024203e-01 0.00000000000000000e+00 7.50000000000024203e-01 15 4.66774517779540616e+01
2 0 0 51 7.50000000000024203e-01 0.00000000000000000e+00 7.50000000000024203e-01 16 4.90839270737853681e+01
2 0 0 51 7.50000000000024203e-01 0.00000000000000000e+00 7.50000000000024203e-01 17 5.19785845868101575e+01
2 0 0 51 7.50000000000024203e-01 0.00000000000000000e+00 7.50000000000024203e-01 18 5.93403118117934909e+01
2 0 0 51 7.50000000000024203e-01 0.00000000000000000e+00 7.50000000000024203e-01 19 1.43794883380954190e+02
2 0 0 51 7.50000000000024203e-01 0.00000000000000000e+00 7.50000000000024203e-01 20 1.57417481769855385e+02
2 0 0 51 7.50000000000024203e-01 0.00000000000000000e+00 7.50000000000024203e-01 21 2.89969109664907307e+02
2 0 0 51 7.50000000000024203e-01 0.00000000000000000e+00 7.50000000000024203e-01 22 7.00152127835131409e+02
2 0 0 51 7.50000000000024203e-01 0.00000000000000000e+00 7.50000000000024203e-01 23 1.56789802557683765e+03
2 0 0 51 7.50000000000024203e-01 0.00000000000000000e+00 7.50000000000024203e-01 24 1.71567284096541016e+03
2 0 0 51 7.50000000000024203e-01 0.00000000000000000e+00 7.50000000000024203e-01 25 2.04918708326677233e+03
2 0 0 52 0.00000000000000000e+00 2.49999999999953593e-01 7.50000000000024203e-01 0 -1.01329695615014295e+01
2 0 0 52 0.00000000000000000e+00 2.49999999999953593e-01 7.50000000000024203e-01 1 1.49869944418421297e+00
2 0 0 52 0.00000000000000000e+00 2.49999999999953593e-01 7.50000000000024203e-01 2 4.38585716860043551e+00
2 0 0 52 0.00000000000000000e+00 2.49999999999953593e-01 7.50000000000024203e-01 3 6.47392580538231943e+00
2 0 0 52 0.00000000000000000e+00 2.49999999999953593e-01 7.50000000000024203e-01 4 1.46739785283904620e+01
2 0 0 52 0.00000000000000000e+00 2.49999999999953593e-01 7.50000000000024203e-01 5 1.59731344134782436e+01
2 0 0 52 0.00000000000000000e+00 2.49999999999953593e-01 7.50000000000024203e-01 6 1.74440278631545098e+01
2 0 0 52 0.00000000000000000e+00 2.49999999999953593e-01 7.50000000000024203e-01 7 1.84358327058170843e+01
2 0 0 52 0.00000000000000000e+00 2.49999999999953593e-01 7.50000000000024203e-01 8 2.08546961901869743e+01
2 0 0 52 0.00000000000000000e+00 2.49999999999953593e-01 7.50000000000024203e-01 9 2.69772872746586998e+01
2 0 0 52 0.00000000000000000e+00 2.49999999999953593e-01 7.50000000000024203e-01 10 3.08680670182184436e+01
2 0 0 52 0.00000000000000000e+00 2.49999999999953593e-01 7.50000000000024203e-01 11 3.53269867799907971e+01
2 0 0 52 0.00000000000000000e+00 2.49999999999953593e-01 7.50000000000024203e-01 12 3.63563144483125171e+01
2 0 0 52 0.00000000000000000e+00 2.49999999999953593e-01 7.50000000000024203e-01 13 3.82486272467653805e+01
2 0 0 52 0.00000000000000000e+00 2.49999999999953593e-01 7.50000000000024203e-01 14 4.17544822010487806e+01
2 0 0 52 0.00000000000000000e+00 2.49999999999953593e-01 7.50000000000024203e-01 15 4.34409035730452047e+01
2 0 0 52 0.00000000000000000e+00 2.49999999999953593e-01 7.50000000000024203e-01 16 4.68991929544998172e+01
2 0 0 52 0.00000000000000000e+00 2.49999999999953593e-01 7.50000000000024203e-01 17 5.17045481269496250e+01
2 0 0 52 0.00000000000000000e+00 2.49999999999953593e-01 7.50000000000024203e-01 18 5.55676364713285977e+01
2 0 0 52 0.00000000000000000e+00 2.49999999999953593e-01 7.50000000000024203e-01 19 8.71735341135003807e+01
2 0 0 52 0.00000000000000000e+00 2.49999999999953593e-01 7.50000000000024203e-01 20 1.10086755558152745e+02
2 0 0 52 0.00000000000000000e+00 2.49999999999953593e-01 7.50000000000024203e-01 21 2.50167986045361545e+02
2 0 0 52 0.00000000000000000e+00 2.49999999999953593e-01 7.50000000000024203e-01 22 6.96077888803851693e+02
2 0 0 52 0.00000000000000000e+00 2.49999999999953593e-01 7.50000000000024203e-01 23 9.99042605386792502e+02
2 0 0 52 0.00000000000000000e+00 2.49999999999953593e-01 7.50000000000024203e-01 24 1.87459480864072725e+03
2 0 0 52 0.00000000000000000e+00 2.49999999999953593e-01 7.50000000000024203e-01 25 3.36035829780800123e+03
2 0 0 53 2.49999999999953648e-01 2.49999999999953648e-01 7.49999999999942601e-01 0 -9.61842417088147883e+00
2 0 0 53 2.49999999999953648e-01 2.49999999999953648e-01 7.49999999999942601e-01 1 1.21577357815040435e-01
2 0 0 53 2.49999999999953648e-01 2.49999999999953648e-01 7.49999999999942601e-01 2 3.78253897490326141e+00
2 0 0 53 2.49999999999953648e-01 2.49999999999953648e-01 7.49999999999942601e-01 3 6.25120846512058126e+00
2 0 0 53 2.49999999999953648e-01 2.49999999999953648e-01 7.49999999999942601e-01 4 1.23853909579408601e+01
2 0 0 53 2.49999999999953648e-01 2.49999999999953648e-01 7.49999999999942601e-01 5 1.58518004235170729e+01
2 0 0 53 2.49999999999953648e-01 2.49999999999953648e-01 7.49999999999942601e-01 6 1.85512636612509283e+01
2 0 0 53 2.49999999999953648e-01 2.49999999999953648e-01 7.49999999999942601e-01 7 1.93271512194314354e+01
2 0 0 53 2.49999999999953648e-01 2.49999999999953648e-01 7.49999999999942601e-01 8 2.59155053591063904e+01
2 0 0 53 2.49999999999953648e-01 2.49999999999953648e-01 7.49999999999942601e-01 9 2.79892087334125570e+01
2 0 0 53 2.49999999999953648e-01 2.49999999999953648e-01 7.49999999999942601e-01 10 3.02152994179998835e+01
2 0 0 53 2.49999999999953648e-01 2.49999999999953648e-01 7.49999999999942601e-01 11 3.11887563638293166e+01
2 0 0 53 2.49999999999953648e-01 2.49999999999953648e-01 7.49999999999942601e-01 12 3.90736620273752351e+01
2 0 0 53 2.49999999999953648e-01 2.49999999999953648e-01 7.49999999999942601e-01 13 3.94437917912057259e+01
2 0 0 53 2.49999999999953648e-01 2.49999999999953648e-01 7.49999999999942601e-01 14 4.01186699428642939e+01
2 0 0 53 2.49999999999953648e-01 2.49999999999953648e-01 7.49999999999942601e-01 15 4.43202325990652710e+01
2 0 0 53 2.49999999999953648e-01 2.49999999999953648e-01 7.49999999999942601e-01 16 4.88200534029789139e+01
2 0 0 53 2.49999999999953648e-01 2.49999999999953648e-01 7.49999999999942601e-01 17 5.03254871108254704e+01
2 0 0 53 2.49999999999953648e-01 2.49999999999953648e-01 7.49999999999942601e-01 18 5.53579949557877455e+01
2 0 0 53 2.49999999999953648e-01 2.49999999999953648e-01 7.49999999999942601e-01 19 7.50634469863902041e+01
2 0 0 53 2.49999999999953648e-01 2.49999999999953648e-01 7.49999999999942601e-01 20 1.28697992360558715e+02
2 0 0 53 2.49999999999953648e-01 2.49999999999953648e-01 7.49999999999942601e-01 21 1.32997776684317273e+02
2 0 0 53 2.49999999999953648e-01 2.49999999999953648e-01 7.49999999999942601e-01 22 9.03427051425125910e+02
2 0 0 53 2.49999999999953648e-01 2.49999999999953648e-01 7.49999999999942601e-01 23 1.07849380881791262e+03
2 0 0 53 2.49999999999953648e-01 2.49999999999953648e-01 7.49999999999942601e-01 24 1.80939175010145300e+03
2 0 0 53 2.49999999999953648e-01 2.49999999999953648e-01 7.49999999999942601e-01 25 3.40757282756100540e+03
2 0 0 54 4.99999999999988898e-01 2.50000000000035305e-01 7.50000000000024203e-01 0 -7.45841663031502655e+00
2 0 0 54 4.99999999999988898e-01 2.50000000000035305e-01 7.50000000000024203e-01 1 1.08115347420796287e-01
2 0 0 54 4.99999999999988898e-01 2.50000000000035305e-01 7.50000000000024203e-01 2 2.96435836003152087e+00
2 0 0 54 4.99999999999988898e-01 2.50000000000035305e-01 7.50000000000024203e-01 3 4.18663869373401987e+00
2 0 0 54 4.99999999999988898e-01 2.50000000000035305e-01 7.50000000000024203e-01 4 1.42654576001124624e+01
2 0 0 54 4.99999999999988898e-01 2.50000000000035305e-01 7.50000000000024203e-01 5 1.56688350827232021e+01
2 0 0 54 4.99999999999988898e-01 2.50000000000035305e-01 7.50000000000024203e-01 6 1.85529249190472463e+01
2 0 0 54 4.99999999999988898e-01 2.50000000000035305e-01 7.50000000000024203e-01 7 1.97082671122960598e+01
2 0 0 54 4.99999999999988898e-01 2.50000000000035305e-01 7.50000000000024203e-01 8 2.56151331744358437e+01
2 0 0 54 4.99999999999988898e-01 2.50000000000035305e-01 7.50000000000024203e-01 9 2.67940750928164846e+01
2 0 0 54 4.99999999999988898e-01 2.50000000000035305e-01 7.50000000000024203e-01 10 3.07341434674800063e+01
2 0 0 54 4.99999999999988898e-01 2.50000000000035305e-01 7.50000000000024203e-01 11 3.30435446073084904e+01
2 0 0 54 4.99999999999988898e-01 2.50000000000035305e-01 7.50000000000024203e-01 12 3.82162764073383983e+01
2 0 0 54 4.99999999999988898e-01 2.50000000000035305e-01 7.50000000000024203e-01 13 4.00537128453832025e+01
2 0 0 54 4.99999999999988898e-01 2.50000000000035305e-01 7.50000000000024203e-01 14 4.21018177123333572e+01
2 0 0 54 4.99999999999988898e-01 2.50000000000035305e-01 7.50000000000024203e-01 15 4.35581467001656364e+01
2 0 0 54 4.99999999999988898e-01 2.50000000000035305e-01 7.50000000000024203e-01 16 4.44947228092238305e+01
2 0 0 54 4.99999999999988898e-01 2.50000000000035305e-01 7.50000000000024203e-01 17 4.59813489028652000e+01
2 0 0 54 4.99999999999988898e-01 2.50000000000035305e-01 7.50000000000024203e-01 18 5.67566020633450776e+01
2 0 0 54 4.99999999999988898e-01 2.50000000000035305e-01 7.50000000000024203e-01 19 6.06587608069723672e+01
2 0 0 54 4.99999999999988898e-01 2.50000000000035305e-01 7.50000000000024203e-01 20 9.84081933914319933e+01
2 0 0 54 4.99999999999988898e-01 2.50000000000035305e-01 7.50000000000024203e-01 21 1.00272766335136055e+02
2 0 0 54 4.99999999999988898e-01 2.50000000000035305e-01 7.50000000000024203e-01 22 1.39031570180390486e+03
2 0 0 54 4.99999999999988898e-01 2.50000000000035305e-01 7.50000000000024203e-01 23 1.56480753610012380e+03
2 0 0 54 4.99999999999988898e-01 2.50000000000035305e-01 7.50000000000024203e-01 24 2.37394024325929058e+03
2 0 0 54 4.99999999999988898e-01 2.50000000000035305e-01 7.50000000000024203e-01 25 2.57337260228793593e+03
2 0 0 55 7.50000000000024314e-01 2.50000000000035305e-01 7.50000000000024314e-01 0 -8.22655320799475298e+00
2 0 0 55 7.50000000000024314e-01 2.50000000000035305e-01 7.50000000000024314e-01 1 -3.02853383651611241e-01
2 0 0 55 7.50000000000024314e-01 2.50000000000035305e-01 7.50000000000024314e-01 2 4.14599099034546636e+00
2 0 0 55 7.50000000000024314e-01 2.50000000000035305e-01 7.50000000000024314e-01 3 6.56514589334082377e+00
2 0 0 55 7.50000000000024314e-01 2.50000000000035305e-01 7.50000000000024314e-01 4 1.28064949598208422e+01
2 0 0 55 7.50000000000024314e-01 2.50000000000035305e-01 7.50000000000024314e-01 5 1.57961007608704573e+01
2 0 0 55 7.50000000000024314e-01 2.50000000000035305e-01 7.50000000000024314e-01 6 1.82521548281873116e+01
2 0 0 55 7.50000000000024314e-01 2.50000000000035305e-01 7.50000000000024314e-01 7 1.98634017377005492e+01
2 0 0 55 7.50000000000024314e-01 2.50000000000035305e-01 7.50000000000024314e-01 8 2.58208363082497172e+01
2 0 0 55 7.50000000000024314e-01 2.50000000000035305e-01 7.50000000000024314e-01 9 2.72064921230057877e+01
2 0 0 55 7.50000000000024314e-01 2.50000000000035305e-01 7.50000000000024314e-01 10 2.89983399530079566e+01
2 0 0 55 7.50000000000024314e-01 2.50000000000035305e-01 7.50000000000024314e-01 11 3.15376638112354968e+01
2 0 0 55 7.50000000000024314e-01 2.50000000000035305e-01 7.50000000000024314e-01 12 3.82493255955183216e+01
2 0 0 55 7.50000000000024314e-01 2.50000000000035305e-01 7.50000000000024314e-01 13 3.89319891706196231e+01
2 0 0 55 7.50000000000024314e-01 2.50000000000035305e-01 7.50000000000024314e-01 14 4.00089725694856782e+01
2 0 0 55 7.50000000000024314e-01 2.50000000000035305e-01 7.50000000000024314e-01 15 4.43840144281851678e+01
2 0 0 55 7.50000000000024314e-01 2.50000000000035305e-01 7.50000000000024314e-01 16 4.97642871614617590e+01
2 0 0 55 7.50000000000024314e-01 2.50000000000035305e-01 7.50000000000024314e-01 17 5.11347076615897080e+01
2 0 0 55 7.50000000000024314e-01 2.50000000000035305e-01 7.50000000000024314e-01 18 5.50970191806193341e+01
2 0 0 55 7.50000000000024314e-01 2.50000000000035305e-01 7.50000000000024314e-01 19 7.47675775487929855e+01
2 0 0 55 7.50000000000024314e-01 2.50000000000035305e-01 7.50000000000024314e-01 20 1.24188826483915008e+02
2 0 0 55 7.50000000000024314e-01 2.50000000000035305e-01 7.50000000000024314e-01 21 1.30902724763644215e+02
2 0 0 55 7.50000000000024314e-01 2.50000000000035305e-01 7.50000000000024314e-01 22 9.35885159010314510e+02
2 0 0 55 7.50000000000024314e-01 2.50000000000035305e-01 7.50000000000024314e-01 23 1.15541254046384620e+03
2 0 0 55 7.50000000000024314e-01 2.50000000000035305e-01 7.50000000000024314e-01 24 1.83472613515808121e+03
2 0 0 55 7.50000000000024314e-01 2.50000000000035305e-01 7.50000000000024314e-01 25 3.37334399533394526e+03
2 0 0 56 0.00000000000000000e+00 4.99999999999989009e-01 7.50000000000024314e-01 0 -7.78938427503041719e+00
2 0 0 56 0.00000000000000000e+00 4.99999999999989009e-01 7.50000000000024314e-01 1 -6.29486838009975624e-01
2 0 0 56 0.00000000000000000e+00 4.99999999999989009e-01 7.50000000000024314e-01 2 4.22339189929635506e+00
2 0 0 56 0.00000000000000000e+00 4.99999999999989009e-01 7.50000000000024314e-01 3 5.96994150831650305e+00
2 0 0 56 0.00000000000000000e+00 4.99999999999989009e-01 7.50000000000024314e-01 4 1.32028968696409272e+01
2 0 0 56 0.00000000000000000e+00 4.99999999999989009e-01 7.50000000000024314e-01 5 1.55438420797310037e+01
2 0 0 56 0.00000000000000000e+00 4.99999999999989009e-01 7.50000000000024314e-01 6 1.83876614500308762e+01
2 0 0 56 0.00000000000000000e+00 4.99999999999989009e-01 7.50000000000024314e-01 7 2.00327778856796570e+01
2 0 0 56 0.00000000000000000e+00 4.99999999999989009e-01 7.50000000000024314e-01 8 2.52584026369545533e+01
2 0 0 56 0.00000000000000000e+00 4.99999999999989009e-01 7.50000000000024314e-01 9 2.69724889350307144e+01
2 0 0 56 0.00000000000000000e+00 4.99999999999989009e-01 7.50000000000024314e-01 10 2.98124624363903870e+01
2 0 0 56 0.00000000000000000e+00 4.99999999999989009e-01 7.50000000000024314e-01 11 3.12610880528461692e+01
2 0 0 56 0.00000000000000000e+00 4.99999999999989009e-01 7.50000000000024314e-01 12 3.83114897014847742e+01
2 0 0 56 0.00000000000000000e+00 4.99999999999989009e-01 7.50000000000024314e-01 13 3.98157936174599669e+01
2 0 0 56 0.00000000000000000e+00 4.99999999999989009e-01 7.50000000000024314e-01 14 4.08721563445373732e+01
2 0 0 56 0.00000000000000000e+00 4.99999999999989009e-01 7.50000000000024314e-01 15 4.43850806776025806e+01
2 0 0 56 0.00000000000000000e+00 4.99999999999989009e-01 7.50000000000024314e-01 16 5.00258763885819064e+01
2 0 0 56 0.00000000000000000e+00 4.99999999999989009e-01 7.50000000000024314e-01 17 5.16543009644717301e+01
2 0 0 56 0.00000000000000000e+00 4.99999999999989009e-01 7.50000000000024314e-01 18 5.36909050589118095e+01
2 0 0 56 0.00000000000000000e+00 4.99999999999989009e-01 7.50000000000024314e-01 19 7.45223234507517986e+01
2 0 0 56 0.00000000000000000e+00 4.99999999999989009e-01 7.50000000000024314e-01 20 1.19833283748623842e+02
2 0 0 56 0.00000000000000000e+00 4.99999999999989009e-01 7.50000000000024314e-01 21 1.32836315289037344e+02
2 0 0 56 0.00000000000000000e+00 4.99999999999989009e-01 7.50000000000024314e-01 22 8.91947971020879891e+02
2 0 0 56 0.00000000000000000e+00 4.99999999999989009e-01 7.50000000000024314e-01 23 1.08324586647848582e+03
2 0 0 56 0.00000000000000000e+00 4.99999999999989009e-01 7.50000000000024314e-01 24 2.01150895058432798e+03
2 0 0 56 0.00000000000000000e+00 4.99999999999989009e-01 7.50000000000024314e-01 25 3.25363598817429875e+03
2 0 0 57 2.50000000000035305e-01 4.99999999999988898e-01 7.50000000000024203e-01 0 -6.95803700860493279e+00
2 0 0 57 2.50000000000035305e-01 4.99999999999988898e-01 7.50000000000024203e-01 1 -1.64909889679671212e-01
2 0 0 57 2.50000000000035305e-01 4.99999999999988898e-01 7.50000000000024203e-01 2 3.40706759294683303e+00
2 0 0 57 2.50000000000035305e-01 4.99999999999988898e-01 7.50000000000024203e-01 3 4.44205084592983468e+00
2 0 0 57 2.50000000000035305e-01 4.99999999999988898e-01 7.50000000000024203e-01 4 1.43314978096985417e+01
2 0 0 57 2.50000000000035305e-01 4.99999999999988898e-01 7.50000000000024203e-01 5 1.54121267265545274e+01
2 0 0 57 2.50000000000035305e-01 4.99999999999988898e-01 7.50000000000024203e-01 6 1.76275185586173677e+01
2 0 0 57 2.50000000000035305e-01 4.99999999999988898e-01 7.50000000000024203e-01 7 1.95889909060027811e+01
2 0 0 57 2.50000000000035305e-01 4.99999999999988898e-01 7.50000000000024203e-01 8 2.55376290811044946e+01
2 0 0 57 2.50000000000035305e-01 4.99999999999988898e-01 7.50000000000024203e-01 9 2.61030116964902419e+01
2 0 0 57 2.50000000000035305e-01 4.99999999999988898e-01 7.50000000000024203e-01 10 3.11795272464395374e+01
2 0 0 57 2.50000000000035305e-01 4.99999999999988898e-01 7.50000000000024203e-01 11 3.31106672905711434e+01
2 0 0 57 2.50000000000035305e-01 4.99999999999988898e-01 7.50000000000024203e-01 12 3.80614041638824077e+01
2 0 0 57 2.50000000000035305e-01 4.99999999999988898e-01 7.50000000000024203e-01 13 4.04878411455474279e+01
2 0 0 57 2.50000000000035305e-01 4.99999999999988898e-01 7.50000000000024203e-01 14 4.24571869464677221e+01
2 0 0 57 2.50000000000035305e-01 4.99999999999988898e-01 7.50000000000024203e-01 15 4.38403866269475486e+01
2 0 0 57 2.50000000000035305e-01 4.99999999999988898e-01 7.50000000000024203e-01 16 4.46186258190406875e+01
2 0 0 57 2.50000000000035305e-01 4.99999999999988898e-01 7.50000000000024203e-01 17 4.61505469057443207e+01
2 0 0 57 2.50000000000035305e-01 4.99999999999988898e-01 7.50000000000024203e-01 18 5.63174919471836333e+01
2 0 0 57 2.50000000000035305e-01 4.99999999999988898e-01 7.50000000000024203e-01 19 5.96498222431756062e+01
2 0 0 57 2.50000000000035305e-01 4.99999999999988898e-01 7.50000000000024203e-01 20 9.55679909888275603e+01
2 0 0 57 2.50000000000035305e-01 4.99999999999988898e-01 7.50000000000024203e-01 21 1.03153631799962767e+02
2 0 0 57 2.50000000000035305e-01 4.99999999999988898e-01 7.50000000000024203e-01 22 1.35451125376392611e+03
2 0 0 57 2.50000000000035305e-01 4.99999999999988898e-01 7.50000000000024203e-01 23 1.48238948442951960e+03
2 0 0 57 2.50000000000035305e-01 4.99999999999988898e-01 7.50000000000024203e-01 24 2.46158788196977684e+03
2 0 0 57 2.50000000000035305e-01 4.99999999999988898e-01 7.50000000000024203e-01 25 2.58814365211981976e+03
2 0 0 58 4.99999999999988953e-01 4.99999999999988953e-01 7.49999999999942601e-01 0 -9.53405483586151625e+00
2 0 0 58 4.99999999999988953e-01 4.99999999999988953e-01 7.49999999999942601e-01 1 -2.46804032222189301e-01
2 0 0 58 4.99999999999988953e-01 4.99999999999988953e-01 7.49999999999942601e-01 2 3.86193816114160615e+00
2 0 0 58 4.99999999999988953e-01 4.99999999999988953e-01 7.49999999999942601e-01 3 6.25842532000485718e+00
2 0 0 58 4.99999999999988953e-01 4.99999999999988953e-01 7.49999999999942601e-01 4 1.28417617887608078e+01
2 0 0 58 4.99999999999988953e-01 4.99999999999988953e-01 7.49999999999942601e-01 5 1.54034403940179434e+01
2 0 0 58 4.99999999999988953e-01 4.99999999999988953e-01 7.49999999999942601e-01 6 1.84717002315840695e+01
2 0 0 58 4.99999999999988953e-01 4.99999999999988953e-01 7.49999999999942601e-01 7 1.94700983055385883e+01
2 0 0 58 4.99999999999988953e-01 4.99999999999988953e-01 7.49999999999942601e-01 8 2.59073196442445557e+01
2 0 0 58 4.99999999999988953e-01 4.99999999999988953e-01 7.49999999999942601e-01 9 2.71785310741530886e+01
2 0 0 58 4.99999999999988953e-01 4.99999999999988953e-01 7.49999999999942601e-01 10 2.93086183903859911e+01
2 0 0 58 4.99999999999988953e-01 4.99999999999988953e-01 7.49999999999942601e-01 11 3.09656508979193426e+01
2 0 0 58 4.99999999999988953e-01 4.99999999999988953e-01 7.49999999999942601e-01 12 3.85773081240326547e+01
2 0 0 58 4.99999999999988953e-01 4.99999999999988953e-01 7.49999999999942601e-01 13 4.00941071882485858e+01
2 0 0 58 4.99999999999988953e-01 4.99999999999988953e-01 7.49999999999942601e-01 14 4.09922334930111134e+01
2 0 0 58 4.99999999999988953e-01 4.99999999999988953e-01 7.49999999999942601e-01 15 4.40501349827778412e+01
2 0 0 58 4.99999999999988953e-01 4.99999999999988953e-01 7.49999999999942601e-01 16 4.91968872678589761e+01
2 0 0 58 4.99999999999988953e-01 4.99999999999988953e-01 7.49999999999942601e-01 17 5.14311598063473809e+01
2 0 0 58 4.99999999999988953e-01 4.99999999999988953e-01 7.49999999999942601e-01 18 5.45430609983710113e+01
2 0 0 58 4.99999999999988953e-01 4.99999999999988953e-01 7.49999999999942601e-01 19 7.59872714294844513e+01
2 0 0 58 4.99999999999988953e-01 4.99999999999988953e-01 7.49999999999942601e-01 20 1.23843657357080303e+02
2 0 0 58 4.99999999999988953e-01 4.99999999999988953e-01 7.49999999999942601e-01 21 1.34418127601368383e+02
2 0 0 58 4.99999999999988953e-01 4.99999999999988953e-01 7.49999999999942601e-01 22 9.38013598763529217e+02
2 0 0 58 4.99999999999988953e-01 4.99999999999988953e-01 7.49999999999942601e-01 23 1.11029281923050939e+03
2 0 0 58 4.99999999999988953e-01 4.99999999999988953e-01 7.49999999999942601e-01 24 1.91210629427910453e+03
2 0 0 58 4.99999999999988953e-01 4.99999999999988953e-01 7.49999999999942601e-01 25 3.42673281522926027e+03
2 0 0 59 7.50000000000024203e-01 5.00000000000070610e-01 7.50000000000024203e-01 0 -1.02568606476036450e+01
2 0 0 59 7.50000000000024203e-01 5.00000000000070610e-01 7.50000000000024203e-01 1 1.44673003315865789e+00
2 0 0 59 7.50000000000024203e-01 5.00000000000070610e-01 7.50000000000024203e-01 2 4.40206465924012580e+00
2 0 0 59 7.50000000000024203e-01 5.00000000000070610e-01 7.50000000000024203e-01 3 6.51363600257829489e+00
2 0 0 59 7.50000000000024203e-01 5.00000000000070610e-01 7.50000000000024203e-01 4 1.46564694109045242e+01
2 0 0 59 7.50000000000024203e-01 5.00000000000070610e-01 7.50000000000024203e-01 5 1.59079112450887123e+01
2 0 0 59 7.50000000000024203e-01 5.00000000000070610e-01 7.50000000000024203e-01 6 1.70969046211917259e+01
2 0 0 59 7.50000000000024203e-01 5.00000000000070610e-01 7.50000000000024203e-01 7 1.89346264438395906e+01
2 0 0 59 7.50000000000024203e-01 5.00000000000070610e-01 7.50000000000024203e-01 8 2.10996544138015238e+01
2 0 0 59 7.50000000000024203e-01 5.00000000000070610e-01 7.50000000000024203e-01 9 2.64250936767782534e+01
2 0 0 59 7.50000000000024203e-01 5.00000000000070610e-01 7.50000000000024203e-01 10 3.08372237741909920e+01
2 0 0 59 7.50000000000024203e-01 5.00000000000070610e-01 7.50000000000024203e-01 11 3.49365567885752171e+01
2 0 0 59 7.50000000000024203e-01 5.00000000000070610e-01 7.50000000000024203e-01 12 3.65101599149260849e+01
2 0 0 59 7.50000000000024203e-01 5.00000000000070610e-01 7.50000000000024203e-01 13 3.82056555514752603e+01
2 0 0 59 7.50000000000024203e-01 5.00000000000070610e-01 7.50000000000024203e-01 14 4.06690195223132420e+01
2 0 0 59 7.50000000000024203e-01 5.00000000000070610e-01 7.50000000000024203e-01 15 4.39240691423165188e+01
2 0 0 59 7.50000000000024203e-01 5.00000000000070610e-01 7.50000000000024203e-01 16 4.67448470089444328e+01
2 0 0 59 7.50000000000024203e-01 5.00000000000070610e-01 7.50000000000024203e-01 17 5.18788354670052030e+01
2 0 0 59 7.50000000000024203e-01 5.00000000000070610e-01 7.50000000000024203e-01 18 5.63757266170568414e+01
2 0 0 59 7.50000000000024203e-01 5.00000000000070610e-01 7.50000000000024203e-01 19 8.81215912855838894e+01
2 0 0 59 7.50000000000024203e-01 5.00000000000070610e-01 7.50000000000024203e-01 20 1.12180697319405240e+02
2 0 0 59 7.50000000000024203e-01 5.00000000000070610e-01 7.50000000000024203e-01 21 2.39391249016083492e+02
2 0 0 59 7.50000000000024203e-01 5.00000000000070610e-01 7.50000000000024203e-01 22 7.83514359650945721e+02
2 0 0 59 7.50000000000024203e-01 5.00000000000070610e-01 7.50000000000024203e-01 23 1.02116077070359472e+03
2 0 0 59 7.50000000000024203e-01 5.00000000000070610e-01 7.50000000000024203e-01 24 1.74201645782813034e+03
2 0 0 59 7.50000000000024203e-01 5.00000000000070610e-01 7.50000000000024203e-01 25 3.30094799768394159e+03
2 0 0 60 0.00000000000000000e+00 7.50000000000024203e-01 7.50000000000024203e-01 0 -1.19303578543551652e+01
2 0 0 60 0.00000000000000000e+00 7.50000000000024203e-01 7.50000000000024203e-01 1 3.89948920535425358e+00
2 0 0 60 0.00000000000000000e+00 7.50000000000024203e-01 7.50000000000024203e-01 2 5.53996551534649218e+00
2 0 0 60 0.00000000000000000e+00 7.50000000000024203e-01 7.50000000000024203e-01 3 6.65479794335774688e+00
2 0 0 60 0.00000000000000000e+00 7.50000000000024203e-01 7.50000000000024203e-01 4 1.19397683790516229e+01
2 0 0 60 0.00000000000000000e+00 7.50000000000024203e-01 7.50000000000024203e-01 5 1.57104731518063492e+01
2 0 0 60 0.00000000000000000e+00 7.50000000000024203e-01 7.50000000000024203e-01 6 1.81820429640853689e+01
2 0 0 60 0.00000000000000000e+00 7.50000000000024203e-01 7.50000000000024203e-01 7 1.90298309076028822e+01
2 0 0 60 0.00000000000000000e+00 7.50000000000024203e-01 7.50000000000024203e-01 8 2.20099224280678243e+01
2 0 0 60 0.00000000000000000e+00 7.50000000000024203e-01 7.50000000000024203e-01 9 2.61550723051053069e+01
2 0 0 60 0.00000000000000000e+00 7.50000000000024203e-01 7.50000000000024203e-01 10 3.14160760879857470e+01
2 0 0 60 0.00000000000000000e+00 7.50000000000024203e-01 7.50000000000024203e-01 11 3.30789342916648366e+01
2 0 0 60 0.00000000000000000e+00 7.50000000000024203e-01 7.50000000000024203e-01 12 3.65371074029582275e+01
2 0 0 60 0.00000000000000000e+00 7.50000000000024203e-01 7.50000000000024203e-01 13 3.97367409966338059e+01
2 0 0 60 0.00000000000000000e+00 7.50000000000024203e-01 7.50000000000024203e-01 14 4.26260687013600830e+01
2 0 0 60 0.00000000000000000e+00 7.50000000000024203e-01 7.50000000000024203e-01 15 4.66583793821342638e+01
2 0 0 60 0.00000000000000000e+00 7.50000000000024203e-01 7.50000000000024203e-01 16 4.99751255135047003e+01
2 0 0 60 0.00000000000000000e+00 7.50000000000024203e-01 7.50000000000024203e-01 17 5.21839019768661458e+01
2 0 0 60 0.00000000000000000e+00 7.50000000000024203e-01 7.50000000000024203e-01 18 5.84095881165987549e+01
2 0 0 60 0.00000000000000000e+00 7.50000000000024203e-01 7.50000000000024203e-01 19 1.48273963084472484e+02
2 0 0 60 0.00000000000000000e+00 7.50000000000024203e-01 7.50000000000024203e-01 20 1.52922066428651334e+02
2 0 0 60 0.00000000000000000e+00 7.50000000000024203e-01 7.50000000000024203e-01 21 2.90099250710402600e+02
2 0 0 60 0.00000000000000000e+00 7.50000000000024203e-01 7.50000000000024203e-01 22 6.97253717587087408e+02
2 0 0 60 0.00000000000000000e+00 7.50000000000024203e-01 7.50000000000024203e-01 23 1.58409611887980145e+03
2 0 0 60 0.00000000000000000e+00 7.50000000000024203e-01 7.50000000000024203e-01 24 1.73564131126629218e+03
2 0 0 60 0.00000000000000000e+00 7.50000000000024203e-01 7.50000000000024203e-01 25 2.05637301852011842e+03
2 0 0 61 2.50000000000035305e-01 7.50000000000024314e-01 7.50000000000024314e-01 0 -7.83229899016134024e+00
2 0 0 61 2.50000000000035305e-01 7.50000000000024314e-01 7.50000000000024314e-01 1 -1.77431046423633582e-01
2 0 0 61 2.50000000000035305e-01 7.50000000000024314e-01 7.50000000000024314e-01 2 4.35752786711439377e+00
2 0 0 61 2.50000000000035305e-01 7.50000000000024314e-01 7.50000000000024314e-01 3 5.63124674094995381e+00
2 0 0 61 2.50000000000035305e-01 7.50000000000024314e-01 7.50000000000024314e-01 4 1.26245704496949589e+01
2 0 0 61 2.50000000000035305e-01 7.50000000000024314e-01 7.50000000000024314e-01 5 1.59437966921103058e+01
2 0 0 61 2.50000000000035305e-01 7.50000000000024314e-01 7.50000000000024314e-01 6 1.81600273145083513e+01
2 0 0 61 2.50000000000035305e-01 7.50000000000024314e-01 7.50000000000024314e-01 7 1.93963673576894458e+01
2 0 0 61 2.50000000000035305e-01 7.50000000000024314e-01 7.50000000000024314e-01 8 2.56676672608227534e+01
2 0 0 61 2.50000000000035305e-01 7.50000000000024314e-01 7.50000000000024314e-01 9 2.75462586806459520e+01
2 0 0 61 2.50000000000035305e-01 7.50000000000024314e-01 7.50000000000024314e-01 10 2.94895446791153795e+01
2 0 0 61 2.50000000000035305e-01 7.50000000000024314e-01 7.50000000000024314e-01 11 3.16688444118313157e+01
2 0 0 61 2.50000000000035305e-01 7.50000000000024314e-01 7.50000000000024314e-01 12 3.79524047794819310e+01
2 0 0 61 2.50000000000035305e-01 7.50000000000024314e-01 7.50000000000024314e-01 13 3.89977415066393789e+01
2 0 0 61 2.50000000000035305e-01 7.50000000000024314e-01 7.50000000000024314e-01 14 4.02364211116012598e+01
2 0 0 61 2.50000000000035305e-01 7.50000000000024314e-01 7.50000000000024314e-01 15 4.47509384505077605e+01
2 0 0 61 2.50000000000035305e-01 7.50000000000024314e-01 7.50000000000024314e-01 16 4.97303629981697881e+01
2 0 0 61 2.50000000000035305e-01 7.50000000000024314e-01 7.50000000000024314e-01 17 5.11655115715114590e+01
2 0 0 61 2.50000000000035305e-01 7.50000000000024314e-01 7.50000000000024314e-01 18 5.45943295445446637e+01
2 0 0 61 2.50000000000035305e-01 7.50000000000024314e-01 7.50000000000024314e-01 19 7.64631539948483265e+01
2 0 0 61 2.50000000000035305e-01 7.50000000000024314e-01 7.50000000000024314e-01 20 1.22361163577507185e+02
2 0 0 61 2.50000000000035305e-01 7.50000000000024314e-01 7.50000000000024314e-01 21 1.36951175743469264e+02
2 0 0 61 2.50000000000035305e-01 7.50000000000024314e-01 7.50000000000024314e-01 22 8.65979029574256174e+02
2 0 0 61 2.50000000000035305e-01 7.50000000000024314e-01 7.50000000000024314e-01 23 1.10776153645541171e+03
2 0 0 61 2.50000000000035305e-01 7.50000000000024314e-01 7.50000000000024314e-01 24 1.92602346429883823e+03
2 0 0 61 2.50000000000035305e-01 7.50000000000024314e-01 7.50000000000024314e-01 25 3.36031640955874809e+03
2 0 0 62 5.00000000000070610e-01 7.50000000000024203e-01 7.50000000000024203e-01 0 -1.00082080592389264e+01
2 0 0 62 5.00000000000070610e-01 7.50000000000024203e-01 7.50000000000024203e-01 1 1.52918325439112524e+00
2 0 0 62 5.00000000000070610e-01 7.50000000000024203e-01 7.50000000000024203e-01 2 4.54233806215775804e+00
2 0 0 62 5.00000000000070610e-01 7.50000000000024203e-01 7.50000000000024203e-01 3 6.09107733422350606e+00
2 0 0 62 5.00000000000070610e-01 7.50000000000024203e-01 7.50000000000024203e-01 4 1.45514535407566044e+01
2 0 0 62 5.00000000000070610e-01 7.50000000000024203e-01 7.50000000000024203e-01 5 1.57728852688499614e+01
2 0 0 62 5.00000000000070610e-01 7.50000000000024203e-01 7.50000000000024203e-01 6 1.69234823707197322e+01
2 0 0 62 5.00000000000070610e-01 7.50000000000024203e-01 7.50000000000024203e-01 7 1.87055643276080943e+01
2 0 0 62 5.00000000000070610e-01 7.50000000000024203e-01 7.50000000000024203e-01 8 2.14490139937869877e+01
2 0 0 62 5.00000000000070610e-01 7.50000000000024203e-01 7.50000000000024203e-01 9 2.68653235321395449e+01
2 0 0 62 5.00000000000070610e-01 7.50000000000024203e-01 7.50000000000024203e-01 10 3.09835170741891517e+01
2 0 0 62 5.00000000000070610e-01 7.50000000000024203e-01 7.50000000000024203e-01 11 3.56273947258247290e+01
2 0 0 62 5.00000000000070610e-01 7.50000000000024203e-01 7.50000000000024203e-01 12 3.61886261924826300e+01
2 0 0 62 5.00000000000070610e-01 7.50000000000024203e-01 7.50000000000024203e-01 13 3.81340627341931864e+01
2 0 0 62 5.00000000000070610e-01 7.50000000000024203e-01 7.50000000000024203e-01 14 4.05455237466437879e+01
2 0 0 62 5.00000000000070610e-01 7.50000000000024203e-01 7.50000000000024203e-01 15 4.35493159104533945e+01
2 0 0 62 5.00000000000070610e-01 7.50000000000024203e-01 7.50000000000024203e-01 16 4.65961846385477614e+01
2 0 0 62 5.00000000000070610e-01 7.50000000000024203e-01 7.50000000000024203e-01 17 5.11972977825955127e+01
2 0 0 62 5.00000000000070610e-01 7.50000000000024203e-01 7.50000000000024203e-01 18 5.55261130121126385e+01
2 0 0 62 5.00000000000070610e-01 7.50000000000024203e-01 7.50000000000024203e-01 19 9.21104669448231022e+01
2 0 0 62 5.00000000000070610e-01 7.50000000000024203e-01 7.50000000000024203e-01 20 1.11019043888471614e+02
2 0 0 62 5.00000000000070610e-01 7.50000000000024203e-01 7.50000000000024203e-01 21 2.35963634010277872e+02
2 0 0 62 5.00000000000070610e-01 7.50000000000024203e-01 7.50000000000024203e-01 22 7.65025812980225055e+02
2 0 0 62 5.00000000000070610e-01 7.50000000000024203e-01 7.50000000000024203e-01 23 1.06443643975072655e+03
2 0 0 62 5.00000000000070610e-01 7.50000000000024203e-01 7.50000000000024203e-01 24 1.80781501934525613e+03
2 0 0 62 5.00000000000070610e-01 7.50000000000024203e-01 7.50000000000024203e-01 25 3.24684581979515087e+03
2 0 0 63 7.49999999999942601e-01 7.49999999999942601e-01 7.49999999999942601e-01 0 -1.26447039038032329e+01
2 0 0 63 7.49999999999942601e-01 7.49999999999942601e-01 7.49999999999942601e-01 1 3.71347330348892024e+00
2 0 0 63 7.49999999999942601e-01 7.49999999999942601e-01 7.49999999999942601e-01 2 6.84604245624818031e+00
2 0 0 63 7.49999999999942601e-01 7.49999999999942601e-01 7.49999999999942601e-01 3 8.07033934484315729e+00
2 0 0 63 7.49999999999942601e-01 7.49999999999942601e-01 7.49999999999942601e-01 4 1.36051140925719025e+01
2 0 0 63 7.49999999999942601e-01 7.49999999999942601e-01 7.49999999999942601e-01 5 1.52805209650256266e+01
2 0 0 63 7.49999999999942601e-01 7.49999999999942601e-01 7.49999999999942601e-01 6 1.55544782858362645e+01
2 0 0 63 7.49999999999942601e-01 7.49999999999942601e-01 7.49999999999942601e-01 7 1.98116954086811035e+01
2 0 0 63 7.49999999999942601e-01 7.49999999999942601e-01 7.49999999999942601e-01 8 1.99863655613222697e+01
2 0 0 63 7.49999999999942601e-01 7.49999999999942601e-01 7.49999999999942601e-01 9 2.45615755133137341e+01
2 0 0 63 7.49999999999942601e-01 7.49999999999942601e-01 7.49999999999942601e-01 10 3.20908872377970837e+01
2 0 0 63 7.49999999999942601e-01 7.49999999999942601e-01 7.49999999999942601e-01 11 3.42562101625479798e+01
2 0 0 63 7.49999999999942601e-01 7.49999999999942601e-01 7.49999999999942601e-01 12 3.50514675525270221e+01
2 0 0 63 7.49999999999942601e-01 7.49999999999942601e-01 7.49999999999942601e-01 13 3.74805756800491068e+01
2 0 0 63 7.49999999999942601e-01 7.49999999999942601e-01 7.49999999999942601e-01 14 4.45462118856339515e+01
2 0 0 63 7.49999999999942601e-01 7.49999999999942601e-01 7.49999999999942601e-01 15 4.49448143801940034e+01
2 0 0 63 7.49999999999942601e-01 7.49999999999942601e-01 7.49999999999942601e-01 16 5.25364163277785394e+01
2 0 0 63 7.49999999999942601e-01 7.49999999999942601e-01 7.49999999999942601e-01 17 5.43759874988697618e+01
2 0 0 63 7.49999999999942601e-01 7.49999999999942601e-01 7.49999999999942601e-01 18 5.48286543657949821e+01
2 0 0 63 7.49999999999942601e-01 7.49999999999942601e-01 7.49999999999942601e-01 19 1.21372083968216685e+02
2 0 0 63 7.49999999999942601e-01 7.49999999999942601e-01 7.49999999999942601e-01 20 3.27659442275781373e+02
2 0 0 63 7.49999999999942601e-01 7.49999999999942601e-01 7.49999999999942601e-01 21 3.53130119505511345e+02
2 0 0 63 7.49999999999942601e-01 7.49999999999942601e-01 7.49999999999942601e-01 22 8.14682890135715297e+02
2 0 0 63 7.49999999999942601e-01 7.49999999999942601e-01 7.49999999999942601e-01 23 8.69059970000323233e+02
2 0 0 63 7.49999999999942601e-01 7.49999999999942601e-01 7.49999999999942601e-01 24 1.47963486503861122e+03
2 0 0 63 7.49999999999942601e-01 7.49999999999942601e-01 7.49999999999942601e-01 25 2.65450187188390737e+03
