kpoint	source_band	reference_band	dominant_amplitude	phase_residual	eigenvalue_difference_ha
0	0	0	9.99999999999998779e-01	2.87770285067954343e-10	-7.47046328686273853e-08
0	1	1	8.24095180846116215e-01	5.93135428299723544e-01	8.62025933967558444e-08
0	2	3	8.39090215597104283e-01	1.18544717690721679e+00	8.62025944514677178e-08
0	3	2	8.15001589123725556e-01	1.02800277797956463e+00	8.62025952563794107e-08
0	4	4	9.98059380011984243e-01	6.22995981885351574e-02	1.22939812163824769e-07
0	5	5	9.62670281675529149e-01	2.73238789063924070e-01	1.22939812496891676e-07
0	6	6	9.63504598623817765e-01	2.70168099468497180e-01	1.22939812274847071e-07
0	7	7	1.00000000000000711e+00	2.15034265127785733e-08	1.34003537599625133e-07
0	8	9	9.71284571167753019e-01	1.23456814561801487e+00	1.98263498729644994e-07
0	9	8	9.71284571167754462e-01	1.23456814561801531e+00	1.98582330024343889e-07
0	10	10	9.99999999999982014e-01	1.08631734313338618e-09	2.49632470250560345e-07
0	11	11	9.48939789328120398e-01	3.19562859021956913e-01	2.99642994083804126e-07
0	12	12	9.16972258065553825e-01	4.07499059008100850e-01	2.99642993639714916e-07
0	13	13	9.42971867252772711e-01	3.37722171260900705e-01	2.99642993417670311e-07
0	14	15	8.50348012656837682e-01	9.73426185537957123e-01	4.19618014113609661e-07
0	15	14	8.50348012656836016e-01	9.73426185537957012e-01	4.20544591150928682e-07
0	16	17	6.75625226094253906e-01	8.66848729501839110e-01	4.48475011793902922e-07
0	17	16	7.80725527845575695e-01	9.41270875371975069e-01	4.48475012237992132e-07
0	18	18	8.75208371875035307e-01	4.99583082095000353e-01	4.48475014902527391e-07
0	19	19	9.99207432892138980e-01	3.98137440499812187e-02	9.32254155205924917e-07
0	20	20	8.63042337804774129e-01	5.23369204591397574e-01	9.32254162755441484e-07
0	21	21	8.63599606973697753e-01	5.22303346702956861e-01	9.32254164531798324e-07
0	22	22	1.00000000000091460e+00	8.78718953466217554e-10	1.24435157911051419e-06
0	23	23	9.90549415697839386e-01	1.37481520947700692e-01	1.65593306977740440e-06
0	24	24	9.88353550691534855e-01	1.52620112089494886e-01	1.65593295697874510e-06
0	25	25	9.97090652105611430e-01	7.62803761661716845e-02	1.65593300760491502e-06
1	0	0	9.99999999999997780e-01	2.17515331451182491e-08	-6.37669431147180887e-08
1	1	1	1.00000000000000022e+00	1.87101341839323374e-08	3.27231246544101850e-08
1	2	2	8.52671807702457984e-01	5.42822608364931902e-01	7.59736596966931188e-08
1	3	3	8.52671807702458207e-01	5.42822608363109249e-01	7.59749914369667323e-08
1	4	4	1.00000000000000155e+00	2.52770423416400112e-08	1.15801574218643566e-07
1	5	5	8.58865795936395449e-01	5.31289382319310444e-01	1.35926669031505298e-07
1	6	6	8.58865795936395338e-01	5.31289382377368113e-01	1.35936751188836524e-07
1	7	7	1.00000000000000666e+00	1.03618875344262902e-08	1.84331341746002408e-07
1	8	9	9.59718827818816234e-01	1.19919787822057411e+00	1.96916530414981139e-07
1	9	8	9.59718827818815234e-01	1.19919787798505073e+00	1.96925941886583189e-07
1	10	10	9.99999999999996336e-01	2.10696294888532073e-08	2.64879851386012888e-07
1	11	11	9.99999999999998890e-01	1.87875395031019501e-08	3.06288443052693538e-07
1	12	13	7.67033731246835493e-01	8.46632415236970304e-01	3.10484053800408333e-07
1	13	12	7.67033731246835715e-01	8.46632415264544802e-01	3.10579815088196654e-07
1	14	15	9.91142686591210742e-01	1.31696525255389441e+00	3.94084399557570464e-07
1	15	14	9.91142686591210631e-01	1.31696525233076045e+00	3.94416285187659810e-07
1	16	16	9.99999999999991007e-01	3.33554094020150100e-08	4.20337459061670415e-07
1	17	18	8.74587297391680063e-01	1.01501912791323590e+00	4.53074651574070231e-07
1	18	17	8.74587297391680618e-01	1.01501912799247740e+00	4.53262476662885661e-07
1	19	19	1.00000000000000577e+00	2.79924287955369051e-08	5.84302879191866964e-07
1	20	20	9.51402423893479732e-01	3.11761370480682365e-01	7.98968339044137110e-07
1	21	21	9.51402423893476956e-01	3.11761370480082955e-01	7.99443308885372517e-07
1	22	23	9.44932880546956233e-01	1.15994466065957225e+00	1.34451269495627912e-06
1	23	22	9.44932880546966780e-01	1.15994466066255408e+00	1.34459676193188216e-06
1	24	24	1.00000000000112466e+00	1.18802550587971342e-08	1.43769931426618314e-06
1	25	25	1.00000000000111600e+00	7.94772644202399772e-09	2.10263060917981193e-06
2	0	0	9.99999999999999445e-01	7.14881897940238076e-09	-4.33355693413295384e-08
2	1	1	9.99999999999998335e-01	3.16733386688463819e-08	-8.22732758656852248e-09
2	2	2	9.72060128426668668e-01	2.36388965561815712e-01	7.01823380244714912e-08
2	3	3	9.72060128426667891e-01	2.36388965561267927e-01	7.01825694504609743e-08
2	4	4	1.00000000000000022e+00	9.87157092386008716e-09	1.07865907261750493e-07
2	5	5	9.02299902574061452e-01	4.42040940796372739e-01	1.36500572400777287e-07
2	6	6	9.02299902574062784e-01	4.42040940805603466e-01	1.36508161330262112e-07
2	7	7	1.00000000000000333e+00	9.27397678578163885e-09	2.33388842474369085e-07
2	8	8	9.38352143560920893e-01	3.51134892535485632e-01	2.40574859144970787e-07
2	9	9	9.38352143560921004e-01	3.51134892546237976e-01	2.40607995416475262e-07
2	10	10	1.00000000000000622e+00	1.45364410390606417e-08	2.44032932639193234e-07
2	11	12	9.67441671638315626e-01	1.22221595302377484e+00	2.64076646883104615e-07
2	12	11	9.67441671638315959e-01	1.22221595305899622e+00	2.64088392487593637e-07
2	13	13	9.99999999999992562e-01	2.54151504630729828e-08	3.53586269707939493e-07
2	14	14	9.99999999999999112e-01	2.46190880547387848e-08	3.80498598406830979e-07
2	15	16	9.54376712376450387e-01	1.18439415456729913e+00	3.95685915588472881e-07
2	16	15	9.54376712376452274e-01	1.18439415454821240e+00	3.95755115345508557e-07
2	17	18	9.87162176297597505e-01	1.29636327783754668e+00	4.49274697889023855e-07
2	18	17	9.87162176297597505e-01	1.29636327783799898e+00	4.49315252559756573e-07
2	19	19	9.99999999999981126e-01	1.01030173508807977e-08	4.85745881073640362e-07
2	20	20	9.71065334744234954e-01	2.40560450844805734e-01	8.37001352227417783e-07
2	21	21	9.71065334744242947e-01	2.40560450844831741e-01	8.37066629344462854e-07
2	22	22	7.38551607235260810e-01	7.23116024827923920e-01	9.85555424826145554e-07
2	23	23	7.38551607235273799e-01	7.23116024827625492e-01	9.85569764466731613e-07
2	24	24	1.00000000000044853e+00	6.57118585053084218e-10	1.39849891533927462e-06
2	25	25	1.00000000000345879e+00	2.50089585379573355e-10	1.99687080471022682e-06
3	0	0	9.99999999999998668e-01	2.17515342728559894e-08	-6.37669421432729422e-08
3	1	1	1.00000000000000111e+00	1.87101437404581826e-08	3.27231245711434582e-08
3	2	2	8.06235701099644375e-01	6.22517949314004393e-01	7.59736609179384459e-08
3	3	3	8.06235701099644819e-01	6.22517949311914953e-01	7.59749912426777030e-08
3	4	4	1.00000000000000067e+00	2.52770457346599909e-08	1.15801575995000405e-07
3	5	6	7.38690526507162493e-01	8.07409764174137567e-01	1.35926670141728323e-07
3	6	5	7.38690526507163048e-01	8.07409764262410401e-01	1.35936748801857021e-07
3	7	7	1.00000000000000644e+00	1.03618839701807012e-08	1.84331343078270038e-07
3	8	8	9.46904158605892721e-01	3.25870653450695436e-01	1.96916531414181861e-07
3	9	9	9.46904158605893831e-01	3.25870653386735265e-01	1.96925940998404769e-07
3	10	10	9.99999999999995226e-01	2.10696223115957187e-08	2.64879852163169005e-07
3	11	11	9.99999999999999445e-01	1.87875761058599275e-08	3.06288444273938865e-07
3	12	13	8.22958856843173381e-01	9.29407362072577126e-01	3.10484051690984586e-07
3	13	12	8.22958856843174047e-01	9.29407362102845580e-01	3.10579814533085141e-07
3	14	15	9.85285897641299480e-01	1.28770003736963834e+00	3.94084399779615069e-07
3	15	14	9.85285897641300368e-01	1.28770003715146419e+00	3.94416285631749020e-07
3	16	16	9.99999999999991229e-01	3.33554063004488137e-08	4.20337461060071860e-07
3	17	17	7.77399174995454856e-01	6.67234328761564743e-01	4.53074654238605490e-07
3	18	18	7.77399174995455411e-01	6.67234328813657629e-01	4.53262475774707241e-07
3	19	19	1.00000000000000533e+00	2.79924371167896874e-08	5.84302876749376310e-07
3	20	20	9.69589038962375582e-01	2.46621008877019293e-01	7.98968313286962939e-07
3	21	21	9.69589038962376470e-01	2.46621008876544701e-01	7.99443301335855949e-07
3	22	23	9.53524378396990668e-01	1.18210331129855062e+00	1.34451264166557394e-06
3	23	22	9.53524378396988781e-01	1.18210331130159441e+00	1.34459665757091784e-06
3	24	24	1.00000000000111533e+00	1.18802402324269458e-08	1.43769920679659435e-06
3	25	25	1.00000000000115663e+00	7.94770612709599673e-09	2.10263056477089094e-06
4	0	0	1.00000000000000022e+00	2.17515274327986841e-08	-6.37669431979848156e-08
4	1	1	1.00000000000000067e+00	1.87101599199263837e-08	3.27231260005556024e-08
4	2	2	7.91607531643651274e-01	6.45588828966333961e-01	7.59736581146253087e-08
4	3	3	7.91607531643650275e-01	6.45588828964164918e-01	7.59749925194341813e-08
4	4	4	1.00000000000000089e+00	2.52770680221759947e-08	1.15801575162333137e-07
4	5	5	9.21820262133077772e-01	3.95423160087157666e-01	1.35926669808661416e-07
4	6	6	9.21820262133076440e-01	3.95423160130412399e-01	1.35936746470388670e-07
4	7	7	1.00000000000000711e+00	1.03618788355183743e-08	1.84331343633381550e-07
4	8	9	7.68778040556797437e-01	8.49098704288437367e-01	1.96916529304758114e-07
4	9	8	7.68778040556797215e-01	8.49098704121680203e-01	1.96925941997605491e-07
4	10	10	9.99999999999995448e-01	2.10696022349927260e-08	2.64879853051347425e-07
4	11	11	9.99999999999999556e-01	1.87875761492608072e-08	3.06288444273938865e-07
4	12	13	9.89738294335567259e-01	1.30928075731519278e+00	3.10484051357917679e-07
4	13	12	9.89738294335568147e-01	1.30928075735781935e+00	3.10579816087397376e-07
4	14	14	8.17331641263076003e-01	6.04430903391972807e-01	3.94084398891436649e-07
4	15	15	8.17331641263075337e-01	6.04430903289567167e-01	3.94416284521525995e-07
4	16	16	9.99999999999992117e-01	3.33554385643925488e-08	4.20337460838027255e-07
4	17	18	7.28658099714558860e-01	7.93879544392142034e-01	4.53074650019757996e-07
4	18	17	7.28658099714559415e-01	7.93879544454129671e-01	4.53262476884930265e-07
4	19	19	1.00000000000000666e+00	2.79924537893414627e-08	5.84302878303688544e-07
4	20	20	9.33220298012867433e-01	3.65457800370848962e-01	7.98968341708672369e-07
4	21	21	9.33220298012864768e-01	3.65457800370145136e-01	7.99443299559499110e-07
4	22	23	9.44782230383619859e-01	1.15956987579454029e+00	1.34451273980928931e-06
4	23	22	9.44782230383619304e-01	1.15956987579751569e+00	1.34459672285203169e-06
4	24	24	1.00000000000117995e+00	1.18802436750234876e-08	1.43769915172953233e-06
4	25	25	1.00000000000113731e+00	7.94770542259396180e-09	2.10263063227245084e-06
5	0	0	9.99999999999998002e-01	1.41632834676430951e-08	-5.98605641444205361e-08
5	1	1	9.99999999999999112e-01	2.79028349864984136e-09	3.78068818612797841e-08
5	2	3	7.50735226340416339e-01	8.23889283422081009e-01	6.08834652693346357e-08
5	3	2	7.50735226340416006e-01	8.23889283422080454e-01	6.08834665738466896e-08
5	4	4	9.99999999999999334e-01	9.10323727966468783e-09	1.03367773396367824e-07
5	5	5	1.00000000000000022e+00	1.01826939277666823e-08	1.40033600160016647e-07
5	6	7	7.44553482926085142e-01	8.15398285444288384e-01	1.64729168250499214e-07
5	7	6	7.44553482926085364e-01	8.15398285444293935e-01	1.64729168306010365e-07
5	8	8	1.00000000000000688e+00	1.04312692546407081e-08	2.04799593617188691e-07
5	9	9	9.99999999999998002e-01	2.79204851833726552e-14	2.18849710797996977e-07
5	10	10	9.99999999999994227e-01	1.88714439949649350e-08	2.83344638640770086e-07
5	11	11	9.81377605247148233e-01	1.92989091088622611e-01	2.92502018717222256e-07
5	12	12	9.81377605247147788e-01	1.92989091088628661e-01	2.92502017495976929e-07
5	13	13	1.00000000000000044e+00	1.31538268310480730e-08	3.46329378286824863e-07
5	14	14	9.99999999999999667e-01	4.51633120350958697e-14	3.71406685628627997e-07
5	15	15	9.99999999999996225e-01	1.06583885921346704e-08	3.90634860680805218e-07
5	16	16	9.87626679163357446e-01	1.57310653153618196e-01	4.25397583381226241e-07
5	17	17	9.87626679163355670e-01	1.57310653153623997e-01	4.25397584713493870e-07
5	18	18	9.99999999999995781e-01	8.01558498606733257e-09	4.60716258920967903e-07
5	19	19	9.86514887790170270e-01	1.64226137964556262e-01	6.00455985599879227e-07
5	20	20	9.86514887790170714e-01	1.64226137964559343e-01	6.00455985599879227e-07
5	21	21	9.99999999999996891e-01	1.00346533133806941e-09	7.97875065572384301e-07
5	22	22	1.00000000000027267e+00	7.54658666360803931e-10	1.04354029861752906e-06
5	23	23	1.00000000000169664e+00	2.48653198368189632e-10	1.53417443460313052e-06
5	24	24	9.99919022049207351e-01	1.27261895933881604e-02	1.69897433366372752e-06
5	25	25	9.99919022049209683e-01	1.27261895933890225e-02	1.69897433810461962e-06
6	0	0	9.99999999999998890e-01	1.49322172069038371e-09	-3.82134368315245609e-08
6	1	1	9.99999999999998890e-01	5.20604986840319759e-09	-1.67296985726511638e-11
6	2	2	9.99999999999999112e-01	1.14838689160662976e-08	3.82696271478133454e-08
6	3	3	9.99999999999999778e-01	2.73545632764921181e-09	5.66343085206533203e-08
6	4	4	1.00000000000000022e+00	1.35751245896893202e-08	1.11439382055600333e-07
6	5	5	1.00000000000000111e+00	2.20865716194684934e-08	1.53139626091203240e-07
6	6	6	1.00000000000000111e+00	1.09056477788454684e-08	1.67368880699125810e-07
6	7	7	9.99999999999999667e-01	2.21739223477170773e-09	1.71067014720360788e-07
6	8	8	1.00000000000000067e+00	1.02604502808555881e-08	2.34564087375765951e-07
6	9	9	9.99999999999999112e-01	1.00932315559282694e-08	2.41043642157379168e-07
6	10	10	1.00000000000000222e+00	8.51943942656219999e-09	2.68647055601256568e-07
6	11	11	9.99999999999999667e-01	2.83374670081197439e-09	2.68816623849588154e-07
6	12	12	1.00000000000000000e+00	1.50656379916471181e-08	3.40941484933132699e-07
6	13	13	9.99999999999999223e-01	1.13414247998206261e-08	3.45721438366197731e-07
6	14	14	9.99999999999999778e-01	4.83878286348703905e-09	3.53724386892295684e-07
6	15	15	9.99999999999999223e-01	1.82678648688454269e-08	3.66701022880278060e-07
6	16	16	9.99999999999996003e-01	1.26282560834066159e-08	3.89724089888687786e-07
6	17	17	1.00000000000000089e+00	2.21766937170555616e-08	4.21406201711604922e-07
6	18	18	1.00000000000000000e+00	2.11460759074565061e-09	4.36972626749465576e-07
6	19	19	9.99999999999988898e-01	5.84163149308868790e-09	5.01945859543440065e-07
6	20	20	9.99999999999998557e-01	4.86582564012902813e-09	5.81640456909227055e-07
6	21	21	9.99999999999973355e-01	2.56480902353598616e-08	6.22458665278102785e-07
6	22	22	1.00000000000029576e+00	8.60822109832044721e-09	1.24104628440591114e-06
6	23	23	9.99999999999979350e-01	4.59661738461823984e-10	1.42285066662140025e-06
6	24	24	1.00000000000065348e+00	5.82851137619690962e-08	1.57644866138895168e-06
6	25	25	1.00000000000253397e+00	3.26395504067271377e-08	1.76984778033073553e-06
7	0	0	9.99999999999999223e-01	6.86885220107855521e-09	-4.73630070718655816e-08
7	1	1	9.99999999999998446e-01	4.99728335428375267e-09	1.20823272775627544e-08
7	2	2	9.99999999999998890e-01	6.46962968428045447e-09	3.54403622282450925e-08
7	3	3	1.00000000000000222e+00	7.34020813196540055e-09	6.77900678924814315e-08
7	4	4	1.00000000000000022e+00	2.05752587960490119e-08	1.24861981920521004e-07
7	5	5	9.99999999999999889e-01	1.10203079889712995e-08	1.53001829428234259e-07
7	6	6	1.00000000000000000e+00	1.68328799850632166e-08	1.57091913421947282e-07
7	7	7	1.00000000000000422e+00	1.22728877703355868e-08	1.80090047041669976e-07
7	8	8	9.99999999999999778e-01	4.02792954987980614e-09	1.85549141273888551e-07
7	9	9	1.00000000000000178e+00	8.81508331666378664e-09	2.24596364950535587e-07
7	10	10	1.00000000000000155e+00	2.42763267086554641e-08	2.76668660426082624e-07
7	11	11	9.99999999999999778e-01	1.57966491906606410e-08	3.18397956888816225e-07
7	12	12	9.99999999999998113e-01	1.18001640225404888e-08	3.26604242761874275e-07
7	13	13	9.99999999999999778e-01	6.00841062494701301e-09	3.29332303761198375e-07
7	14	14	1.00000000000000133e+00	3.20291141958972480e-09	3.61195601206176775e-07
7	15	15	9.99999999999997113e-01	2.37992267313503815e-08	3.71586350134123222e-07
7	16	16	1.00000000000000044e+00	3.01853517407741642e-08	3.85955954529393352e-07
7	17	17	9.99999999999996669e-01	1.55721995059298439e-08	4.06936488284159736e-07
7	18	18	9.99999999999999556e-01	7.47391484786430381e-09	4.57949978160954174e-07
7	19	19	9.99999999999992228e-01	1.80329250731697626e-08	5.30313382318681192e-07
7	20	20	9.99999999999977462e-01	4.47617930727839191e-09	6.28561810600558601e-07
7	21	21	9.99999999999997780e-01	7.33564665722860312e-10	7.24859493317353554e-07
7	22	22	9.99999999999992450e-01	4.76599266974266629e-10	1.13981701499454857e-06
7	23	23	1.00000000000025824e+00	3.95468425469805644e-08	1.26383485588021927e-06
7	24	24	1.00000000000070566e+00	3.46690620562098736e-10	1.49934717796895711e-06
7	25	25	1.00000000000236855e+00	1.65742507208640781e-08	1.92901766205011427e-06
8	0	0	9.99999999999998668e-01	7.14882247992808493e-09	-4.33355683421288163e-08
8	1	1	9.99999999999999778e-01	3.16733191580467072e-08	-8.22732804800496709e-09
8	2	2	9.24498939431745215e-01	3.88589913464816361e-01	7.01823387461164572e-08
8	3	3	9.24498939431746214e-01	3.88589913463970760e-01	7.01825673965483787e-08
8	4	4	9.99999999999998557e-01	9.87156375676934973e-09	1.07865907428283947e-07
8	5	5	9.19676696855002751e-01	4.00807441356982985e-01	1.36500572789355346e-07
8	6	6	9.19676696855004305e-01	4.00807441365369110e-01	1.36508160164527936e-07
8	7	7	1.00000000000000422e+00	9.27400019593451740e-09	2.33388840031878431e-07
8	8	9	7.97149401835800742e-01	8.90188624861048883e-01	2.40574856591457831e-07
8	9	8	7.97149401835800075e-01	8.90188624888299640e-01	2.40607994528296842e-07
8	10	10	1.00000000000000511e+00	1.45363823843954062e-08	2.44032933083282444e-07
8	11	11	9.96696948819534301e-01	8.12779325452093054e-02	2.64076648104349943e-07
8	12	12	9.96696948819535189e-01	8.12779325475375819e-02	2.64088392154526730e-07
8	13	13	9.99999999999991895e-01	2.54151879070236187e-08	3.53586268819761074e-07
8	14	14	9.99999999999998890e-01	2.46190635662493178e-08	3.80498594410028090e-07
8	15	16	8.66938095612852955e-01	1.00158291785712028e+00	3.95685916032562091e-07
8	16	15	8.66938095612851511e-01	1.00158291784098208e+00	3.95755115123463952e-07
8	17	18	9.36884387500360960e-01	1.14049172977766045e+00	4.49274699221291485e-07
8	18	17	9.36884387500360849e-01	1.14049172977806235e+00	4.49315253003845783e-07
8	19	19	9.99999999999982014e-01	1.01030176110976406e-08	4.85745879963417337e-07
8	20	20	9.84213799169133874e-01	1.77686244997335319e-01	8.37001346010168845e-07
8	21	21	9.84213799169138093e-01	1.77686244997351001e-01	8.37066631120819693e-07
8	22	22	7.24225292202638760e-01	7.42663729704796327e-01	9.85555405286220321e-07
8	23	23	7.24225292202654525e-01	7.42663729704498676e-01	9.85569736489111392e-07
8	24	24	1.00000000000048495e+00	6.57120184061622840e-10	1.39849876967801379e-06
8	25	25	1.00000000000335310e+00	2.50065042218497138e-10	1.99687026025685554e-06
9	0	0	9.99999999999999112e-01	1.49322381195299881e-09	-3.82134369286690756e-08
9	1	1	9.99999999999998113e-01	5.20605548647785015e-09	-1.67320651149431565e-11
9	2	2	1.00000000000000022e+00	1.14838724841337737e-08	3.82696274947580406e-08
9	3	3	1.00000000000000089e+00	2.73545242278922917e-09	5.66343094920984669e-08
9	4	4	9.99999999999999223e-01	1.35751259825424007e-08	1.11439380778843855e-07
9	5	5	1.00000000000000044e+00	2.20865369172666880e-08	1.53139626479781299e-07
9	6	6	1.00000000000000000e+00	1.09056422329611492e-08	1.67368880754636962e-07
9	7	7	1.00000000000000022e+00	2.21739208060342463e-09	1.71067016552228779e-07
9	8	8	1.00000000000000133e+00	1.02604552180835976e-08	2.34564086265542926e-07
9	9	9	1.00000000000000133e+00	1.00932265232720838e-08	2.41043640047955421e-07
9	10	10	1.00000000000000222e+00	8.51943842226346280e-09	2.68647055712278870e-07
9	11	11	1.00000000000000044e+00	2.83374145468525627e-09	2.68816623183454340e-07
9	12	12	1.00000000000000044e+00	1.50656843957878700e-08	3.40941484378021187e-07
9	13	13	9.99999999999999445e-01	1.13414740677037233e-08	3.45721438588242336e-07
9	14	14	1.00000000000000133e+00	4.83878104468442741e-09	3.53724384893894239e-07
9	15	15	1.00000000000000000e+00	1.82678512688446483e-08	3.66701024434590295e-07
9	16	16	9.99999999999994893e-01	1.26282666143880884e-08	3.89724090776866205e-07
9	17	17	1.00000000000000178e+00	2.21766697631036332e-08	4.21406202155694132e-07
9	18	18	1.00000000000000133e+00	2.11460497356213102e-09	4.36972626305376366e-07
9	19	19	9.99999999999991562e-01	5.84163312106445537e-09	5.01945861097752299e-07
9	20	20	1.00000000000000089e+00	4.86582776881346786e-09	5.81640455799004030e-07
9	21	21	9.99999999999972244e-01	2.56481151069425710e-08	6.22458654619961749e-07
9	22	22	1.00000000000029576e+00	8.60820967033053597e-09	1.24104623688836568e-06
9	23	23	9.99999999999991229e-01	4.59665482458295997e-10	1.42285081183857187e-06
9	24	24	1.00000000000066014e+00	5.82853479654830043e-08	1.57644880527385567e-06
9	25	25	1.00000000000259970e+00	3.26396931589257457e-08	1.76984756983245006e-06
10	0	0	9.99999999999998002e-01	1.04251187844233442e-08	-1.91228290910561149e-08
10	1	1	9.99999999999998668e-01	1.04250939144194365e-08	-1.91228041804269999e-08
10	2	2	9.84424442126313526e-01	1.76496786773869985e-01	4.73339078210788244e-08
10	3	3	9.84424442126315635e-01	1.76496786773870401e-01	4.73339084872126392e-08
10	4	4	1.00000000000000111e+00	1.92404508119739790e-08	1.00527315749499024e-07
10	5	5	1.00000000000000089e+00	1.92404863784819635e-08	1.00527386748261449e-07
10	6	7	8.52830872356568404e-01	9.77561011920658474e-01	2.24336946352821087e-07
10	7	6	8.52830872356568848e-01	9.77561011920670353e-01	2.24336948795311741e-07
10	8	8	9.33104820521202249e-01	3.65773644305230849e-01	2.41834459568934790e-07
10	9	9	9.33104820521202249e-01	3.65773644305228129e-01	2.41834460568135512e-07
10	10	10	9.99999999999982347e-01	1.88520912728033285e-07	2.76400719534386496e-07
10	11	11	9.99999999999982236e-01	1.88521962036207793e-07	2.76400714205315978e-07
10	12	12	1.00000000000000022e+00	6.79621542609248775e-09	2.80927497819938310e-07
10	13	13	1.00000000000000022e+00	6.79621537380089717e-09	2.80927510365458488e-07
10	14	14	9.99999999999998557e-01	9.67148250227827973e-09	3.93100759055187154e-07
10	15	15	9.99999999999998224e-01	9.67119286653482476e-09	3.93101047269084347e-07
10	16	16	8.54403710650047388e-01	5.39622626021642238e-01	4.32515758319595989e-07
10	17	17	8.54403710650046833e-01	5.39622626021646457e-01	4.32515763204577297e-07
10	18	18	9.99999999999999334e-01	2.21174184552324574e-08	4.58689096261011287e-07
10	19	19	1.00000000000000022e+00	2.21174416777148235e-08	4.58689420446134477e-07
10	20	20	9.15271029032383665e-01	4.11652695737778629e-01	5.01249420414850988e-07
10	21	21	9.15271029032383998e-01	4.11652695737779406e-01	5.01249423745520062e-07
10	22	22	7.84376254216459956e-01	6.56694366880045677e-01	1.47064606537128384e-06
10	23	23	7.84376254216467284e-01	6.56694366880058333e-01	1.47064607691760330e-06
10	24	24	1.00000000000184253e+00	3.62092665102174515e-08	1.81250454911463521e-06
10	25	25	1.00000000000184652e+00	3.62093028621763285e-08	1.81250602526716875e-06
11	0	0	9.99999999999998890e-01	1.49322315624640033e-09	-3.82134368870357122e-08
11	1	1	9.99999999999999112e-01	5.20605340035315161e-09	-1.67324101216269686e-11
11	2	2	1.00000000000000089e+00	1.14838760973866046e-08	3.82696235950996666e-08
11	3	3	9.99999999999999001e-01	2.73545543539306383e-09	5.66343102692545841e-08
11	4	4	9.99999999999999334e-01	1.35751262630476960e-08	1.11439379113509318e-07
11	5	5	1.00000000000000000e+00	2.20865091434795662e-08	1.53139625092002518e-07
11	6	6	1.00000000000000133e+00	1.09056424631350106e-08	1.67368879644413937e-07
11	7	7	9.99999999999999778e-01	2.21739525880690466e-09	1.71067016829784535e-07
11	8	8	1.00000000000000222e+00	1.02604541063526046e-08	2.34564086154520623e-07
11	9	9	9.99999999999999667e-01	1.00932322636183693e-08	2.41043642157379168e-07
11	10	10	1.00000000000000266e+00	8.51943895417453258e-09	2.68647054824100451e-07
11	11	11	9.99999999999999445e-01	2.83374697567665269e-09	2.68816624071632759e-07
11	12	12	1.00000000000000044e+00	1.50656734400676619e-08	3.40941484822110397e-07
11	13	13	9.99999999999999889e-01	1.13414469900161242e-08	3.45721439809487663e-07
11	14	14	9.99999999999999001e-01	4.83877876519793263e-09	3.53724386670251079e-07
11	15	15	9.99999999999999556e-01	1.82678586908232366e-08	3.66701023990501085e-07
11	16	16	9.99999999999995559e-01	1.26282710204452571e-08	3.89724090554821601e-07
11	17	17	1.00000000000000155e+00	2.21766711651442055e-08	4.21406203043872551e-07
11	18	18	9.99999999999999445e-01	2.11460070888850974e-09	4.36972626971510181e-07
11	19	19	9.99999999999991340e-01	5.84163559770797015e-09	5.01945860875707695e-07
11	20	20	1.00000000000000089e+00	4.86582616096521575e-09	5.81640457131271660e-07
11	21	21	9.99999999999976241e-01	2.56481097406235539e-08	6.22458656618363193e-07
11	22	22	1.00000000000030087e+00	8.60816633150041263e-09	1.24104625687238013e-06
11	23	23	9.99999999999996336e-01	4.59665375960711241e-10	1.42285082249671291e-06
11	24	24	1.00000000000066502e+00	5.82851761045580170e-08	1.57644877418761098e-06
11	25	25	1.00000000000260592e+00	3.26395818093627735e-08	1.76984777500166501e-06
12	0	0	9.99999999999998668e-01	2.17515219562723360e-08	-6.37669411163166444e-08
12	1	1	1.00000000000000000e+00	1.87101537731886870e-08	3.27231266389338415e-08
12	2	3	7.43578476889485418e-01	8.14065508300293783e-01	7.59736586419812454e-08
12	3	2	7.43578476889486639e-01	8.14065508297557416e-01	7.59749910761442493e-08
12	4	4	9.99999999999999778e-01	2.52770680003035658e-08	1.15801576883178825e-07
12	5	5	9.42929683304697397e-01	3.37847055994598966e-01	1.35926668753949542e-07
12	6	6	9.42929683304697397e-01	3.37847056031559623e-01	1.35936749745546592e-07
12	7	7	1.00000000000000688e+00	1.03618792256636044e-08	1.84331342412136223e-07
12	8	8	8.47777415977981508e-01	5.51765500934606523e-01	1.96916529637825022e-07
12	9	9	8.47777415977982507e-01	5.51765500826250865e-01	1.96925942552717004e-07
12	10	10	9.99999999999995781e-01	2.10695980256705845e-08	2.64879852496235912e-07
12	11	11	9.99999999999999445e-01	1.87875704845358879e-08	3.06288443718827352e-07
12	12	13	9.83790924115593102e-01	1.28115625981712089e+00	3.10484052135073796e-07
12	13	12	9.83790924115592214e-01	1.28115625985883597e+00	3.10579816420464283e-07
12	14	15	7.55910664760442885e-01	8.31053812984244744e-01	3.94084400445748884e-07
12	15	14	7.55910664760442774e-01	8.31053812843436490e-01	3.94416285409704415e-07
12	16	16	9.99999999999991229e-01	3.33554419768475904e-08	4.20337460838027255e-07
12	17	17	7.65414179248320115e-01	6.84961050676282435e-01	4.53074651574070231e-07
12	18	18	7.65414179248319337e-01	6.84961050729768095e-01	4.53262477106974870e-07
12	19	19	1.00000000000000799e+00	2.79924524202579166e-08	5.84302879858000779e-07
12	20	20	9.42275209741208375e-01	3.39778722717900383e-01	7.98968337711869481e-07
12	21	21	9.42275209741208708e-01	3.39778722717246517e-01	7.99443300447677530e-07
12	22	23	9.47802840985911388e-01	1.16717009753028456e+00	1.34451274336200299e-06
12	23	22	9.47802840985904171e-01	1.16717009753327949e+00	1.34459671263797986e-06
12	24	24	1.00000000000113176e+00	1.18802770564901907e-08	1.43769923788283904e-06
12	25	25	1.00000000000113753e+00	7.94775070712842352e-09	2.10263106659169807e-06
13	0	0	9.99999999999998446e-01	6.86885252214181625e-09	-4.73630070996211572e-08
13	1	1	9.99999999999999556e-01	4.99728260962600495e-09	1.20823276453241313e-08
13	2	2	1.00000000000000022e+00	6.46963136530440981e-09	3.54403629082566951e-08
13	3	3	9.99999999999999334e-01	7.34020843934525047e-09	6.77900679757481583e-08
13	4	4	9.99999999999999556e-01	2.05752626217622268e-08	1.24861982031543306e-07
13	5	5	9.99999999999999667e-01	1.10203056230330578e-08	1.53001828429033537e-07
13	6	6	1.00000000000000022e+00	1.68328857335712683e-08	1.57091915531371029e-07
13	7	7	1.00000000000000444e+00	1.22728871456636625e-08	1.80090047430248035e-07
13	8	8	9.99999999999998890e-01	4.02793233015264130e-09	1.85549141384910854e-07
13	9	9	1.00000000000000200e+00	8.81508391404904245e-09	2.24596365616669402e-07
13	10	10	1.00000000000000222e+00	2.42763222582956185e-08	2.76668660204038019e-07
13	11	11	9.99999999999999556e-01	1.57966471653976213e-08	3.18397957776994645e-07
13	12	12	9.99999999999997446e-01	1.18001632095545868e-08	3.26604244094141904e-07
13	13	13	1.00000000000000044e+00	6.00841210739400184e-09	3.29332303650176073e-07
13	14	14	9.99999999999999445e-01	3.20291217466033930e-09	3.61195601206176775e-07
13	15	15	9.99999999999995892e-01	2.37992297947174830e-08	3.71586351466390852e-07
13	16	16	1.00000000000000000e+00	3.01853488303656355e-08	3.85955955417571772e-07
13	17	17	9.99999999999996003e-01	1.55721999307829090e-08	4.06936488506204341e-07
13	18	18	1.00000000000000044e+00	7.47391179365058938e-09	4.57949974608240495e-07
13	19	19	9.99999999999992228e-01	1.80329241556153204e-08	5.30313382318681192e-07
13	20	20	9.99999999999976574e-01	4.47617903101205317e-09	6.28561811488737021e-07
13	21	21	9.99999999999999223e-01	7.33563866316561601e-10	7.24859500422780911e-07
13	22	22	9.99999999999987788e-01	4.76598018725809907e-10	1.13981701588272699e-06
13	23	23	1.00000000000026712e+00	3.95468203810021287e-08	1.26383483101122351e-06
13	24	24	1.00000000000070366e+00	3.46690505016853696e-10	1.49934718418620605e-06
13	25	25	1.00000000000235700e+00	1.65742394774040084e-08	1.92901763629294010e-06
14	0	0	9.99999999999999223e-01	1.49322048552193166e-09	-3.82134366927466829e-08
14	1	1	9.99999999999999556e-01	5.20605110111151419e-09	-1.67299938551128402e-11
14	2	2	1.00000000000000022e+00	1.14838714589258959e-08	3.82696251910452645e-08
14	3	3	9.99999999999998668e-01	2.73545616226940583e-09	5.66343093810761644e-08
14	4	4	1.00000000000000133e+00	1.35751291562205700e-08	1.11439382111111485e-07
14	5	5	1.00000000000000044e+00	2.20865612420801967e-08	1.53139624814446762e-07
14	6	6	1.00000000000000089e+00	1.09056508955610144e-08	1.67368879699925088e-07
14	7	7	9.99999999999998113e-01	2.21739003916874149e-09	1.71067015219961149e-07
14	8	8	1.00000000000000200e+00	1.02604550831442992e-08	2.34564087486788253e-07
14	9	9	1.00000000000000022e+00	1.00932359966829683e-08	2.41043641491245353e-07
14	10	10	1.00000000000000244e+00	8.51943577183988013e-09	2.68647054713078148e-07
14	11	11	1.00000000000000067e+00	2.83374572958185923e-09	2.68816624848788877e-07
14	12	12	1.00000000000000044e+00	1.50656382597046669e-08	3.40941485710288816e-07
14	13	13	9.99999999999999667e-01	1.13414178517235107e-08	3.45721439476420755e-07
14	14	14	9.99999999999999334e-01	4.83878147409496739e-09	3.53724386448206474e-07
14	15	15	9.99999999999999778e-01	1.82678630858554427e-08	3.66701025988902529e-07
14	16	16	9.99999999999995226e-01	1.26282650176459685e-08	3.89724091220955415e-07
14	17	17	1.00000000000000133e+00	2.21766961340593186e-08	4.21406201933649527e-07
14	18	18	1.00000000000000111e+00	2.11460210796053472e-09	4.36972626305376366e-07
14	19	19	9.99999999999991562e-01	5.84163278760620966e-09	5.01945858877306250e-07
14	20	20	9.99999999999999556e-01	4.86583010727411212e-09	5.81640458463539289e-07
14	21	21	9.99999999999976019e-01	2.56481055185822333e-08	6.22458656840407798e-07
14	22	22	1.00000000000029909e+00	8.60819379713455930e-09	1.24104623111520596e-06
14	23	23	9.99999999999981348e-01	4.59664323046429997e-10	1.42285073900794146e-06
14	24	24	1.00000000000066547e+00	5.82851871850418437e-08	1.57644875908857784e-06
14	25	25	1.00000000000253375e+00	3.26395985944745006e-08	1.76984769773014250e-06
15	0	0	9.99999999999998668e-01	1.41632841295033971e-08	-5.98605642276872629e-08
15	1	1	9.99999999999999778e-01	2.79027914293891761e-09	3.78068809731013644e-08
15	2	3	9.43824798742787352e-01	1.15719809182763989e+00	6.08834652970902113e-08
15	3	2	9.43824798742788018e-01	1.15719809182764166e+00	6.08834640480893086e-08
15	4	4	1.00000000000000067e+00	9.10323682903251077e-09	1.03367774062501638e-07
15	5	5	1.00000000000000111e+00	1.01826996289640876e-08	1.40033598550193261e-07
15	6	6	9.40593536855942602e-01	3.44692507832628170e-01	1.64729168528054970e-07
15	7	7	9.40593536855941492e-01	3.44692507832621953e-01	1.64729170748501019e-07
15	8	8	1.00000000000000755e+00	1.04312750693540296e-08	2.04799593284121784e-07
15	9	9	1.00000000000000155e+00	2.53570094762503429e-14	2.18849710131863162e-07
15	10	10	9.99999999999994005e-01	1.88714428779802217e-08	2.83344639195881598e-07
15	11	11	9.72215409568974454e-01	2.35731161546635481e-01	2.92502017829043837e-07
15	12	12	9.72215409568974009e-01	2.35731161546641560e-01	2.92502017273932324e-07
15	13	13	9.99999999999999223e-01	1.31538255907962960e-08	3.46329378175802560e-07
15	14	14	1.00000000000000000e+00	4.69130296786595828e-14	3.71406682964092738e-07
15	15	15	9.99999999999996225e-01	1.06583834170897467e-08	3.90634860902849823e-07
15	16	16	9.81508303418322292e-01	1.92310668053756378e-01	4.25397582715092426e-07
15	17	17	9.81508303418323180e-01	1.92310668053760569e-01	4.25397581382824796e-07
15	18	18	9.99999999999996558e-01	8.01559186241730800e-09	4.60716256700521853e-07
15	19	19	9.95407972546285436e-01	9.58334748278797388e-02	6.00455983379433178e-07
15	20	20	9.95407972546286324e-01	9.58334748278814319e-02	6.00455987376236067e-07
15	21	21	9.99999999999994338e-01	1.00345051894177701e-09	7.97875075786436128e-07
15	22	22	1.00000000000028044e+00	7.54658753690217189e-10	1.04354028751529881e-06
15	23	23	1.00000000000176237e+00	2.48685363933902565e-10	1.53417463888416705e-06
15	24	24	9.94701042490866771e-01	1.02946175329148237e-01	1.69897446955502573e-06
15	25	25	9.94701042490877207e-01	1.02946175329148543e-01	1.69897445978506312e-06
16	0	0	1.00000000000000044e+00	2.17515339806698964e-08	-6.37669423375619715e-08
16	1	1	1.00000000000000044e+00	1.87101297405943552e-08	3.27231247376769119e-08
16	2	3	9.29093729163839144e-01	1.12263587162727041e+00	7.59736606681382654e-08
16	3	2	9.29093729163840476e-01	1.12263587162347922e+00	7.59749877177195998e-08
16	4	4	1.00000000000000022e+00	2.52770474157040311e-08	1.15801572941887088e-07
16	5	6	9.86429195626863486e-01	1.29291359538952033e+00	1.35926673028308187e-07
16	6	5	9.86429195626865596e-01	1.29291359553080754e+00	1.35936749523501987e-07
16	7	7	1.00000000000000755e+00	1.03618834866640135e-08	1.84331343300314643e-07
16	8	9	9.26772406388803871e-01	1.11747630165343503e+00	1.96916530637025744e-07
16	9	8	9.26772406388803871e-01	1.11747630143395726e+00	1.96925940998404769e-07
16	10	10	9.99999999999995115e-01	2.10696454504148176e-08	2.64879851274990585e-07
16	11	11	9.99999999999997891e-01	1.87876044592115326e-08	3.06288445606206494e-07
16	12	12	9.50952725953635558e-01	3.13200491566089256e-01	3.10484051246895376e-07
16	13	13	9.50952725953636335e-01	3.13200491576296314e-01	3.10579816642508888e-07
16	14	15	7.49089965896236998e-01	8.21622442237404105e-01	3.94084401555971908e-07
16	15	14	7.49089965896237109e-01	8.21622442098200567e-01	3.94416285187659810e-07
16	16	16	9.99999999999990896e-01	3.33554186801474761e-08	4.20337460615982650e-07
16	17	18	8.74008590560201748e-01	1.01399164755030191e+00	4.53074651574070231e-07
16	18	17	8.74008590560202081e-01	1.01399164762946747e+00	4.53262474886528821e-07
16	19	19	1.00000000000000799e+00	2.79924906980052368e-08	5.84302885409115902e-07
16	20	20	8.37260244892573779e-01	5.70508115557220696e-01	7.98968339488226320e-07
16	21	21	8.37260244892575889e-01	5.70508115556119577e-01	7.99443293786339382e-07
16	22	23	8.78456428757264041e-01	1.02193692596447971e+00	1.34451266031732075e-06
16	23	22	8.78456428757266150e-01	1.02193692596706964e+00	1.34459677836318292e-06
16	24	24	1.00000000000114930e+00	1.18802198700056602e-08	1.43769912952507184e-06
16	25	25	1.00000000000112932e+00	7.94768638651366753e-09	2.10263074240657488e-06
17	0	0	9.99999999999997669e-01	1.41168226595075814e-08	-5.98606620938468836e-08
17	1	1	1.00000000000000000e+00	2.56876580302059509e-09	3.78105326215294468e-08
17	2	2	7.61498788932311044e-01	6.90653619454898782e-01	6.08834632986887669e-08
17	3	3	7.61498788932310600e-01	6.90653619454903556e-01	6.08834656024015430e-08
17	4	4	1.00000000000000022e+00	8.65603567871962203e-09	1.03360858039192038e-07
17	5	5	1.00000000000000022e+00	9.86464400600285632e-09	1.39962942347082731e-07
17	6	6	7.48891063545305880e-01	7.08673314919029185e-01	1.64729168417032668e-07
17	7	7	7.48891063545305768e-01	7.08673314919053721e-01	1.64729169194188785e-07
17	8	8	1.00000000000000888e+00	1.12044003938618476e-08	2.04698157979521511e-07
17	9	9	9.99999999999998779e-01	1.77231246315367532e-08	2.18656672101857907e-07
17	10	10	9.99999999999996003e-01	1.74732900754447649e-08	2.83306658244164566e-07
17	11	11	8.79111491896481745e-01	4.91708261814615410e-01	2.92502017162910022e-07
17	12	12	8.79111491896481079e-01	4.91708261814612746e-01	2.92502015053486275e-07
17	13	13	9.99999999999999112e-01	1.52024891961433364e-08	3.46573223009016829e-07
17	14	14	9.99999999999999889e-01	4.80964804167339154e-09	3.71833939860621854e-07
17	15	15	9.99999999999995115e-01	1.50974545826882468e-08	3.90547773232441386e-07
17	16	17	8.42678414570186884e-01	9.60815061066681575e-01	4.25397582048958611e-07
17	17	16	8.42678414570186662e-01	9.60815061066691234e-01	4.25397583825315451e-07
17	18	18	9.99999999999994782e-01	1.03657526707423956e-08	4.61167539267393067e-07
17	19	19	9.96500374003166267e-01	8.36615322963047275e-02	6.00455990262815931e-07
17	20	20	9.96500374003165934e-01	8.36615322963033675e-02	6.00455983379433178e-07
17	21	21	1.00000000000001110e+00	1.21904554771080751e-09	7.98283283920397935e-07
17	22	22	1.00000000000028288e+00	8.39510932718272384e-10	1.04248110499582936e-06
17	23	23	1.00000000000172085e+00	3.30255995317113078e-10	1.53482688691752855e-06
17	24	24	9.84628530253952805e-01	1.75336646147492586e-01	1.69897454416201299e-06
17	25	25	9.84628530253946477e-01	1.75336646147500858e-01	1.69897444823874366e-06
18	0	0	9.99999999999997891e-01	1.57955226608111167e-09	-3.82133151927144255e-08
18	1	1	9.99999999999999001e-01	5.20336933068584533e-09	-1.66228301062094561e-11
18	2	2	1.00000000000000044e+00	1.15120883516901996e-08	3.82681009242213932e-08
18	3	3	1.00000000000000000e+00	2.81584837272664613e-09	5.66324537265572303e-08
18	4	4	1.00000000000000133e+00	1.40050454488589812e-08	1.11430293825431903e-07
18	5	5	1.00000000000000178e+00	2.06614408616468631e-08	1.53127066415681412e-07
18	6	6	1.00000000000000222e+00	1.05803194138729806e-08	1.67390041494464015e-07
18	7	7	1.00000000000000000e+00	2.29322174124266058e-09	1.71068704368781965e-07
18	8	8	1.00000000000000133e+00	1.03886546723795182e-08	2.34539425103541532e-07
18	9	9	9.99999999999999778e-01	9.41394655036538168e-09	2.41089323838039604e-07
18	10	10	1.00000000000000311e+00	1.04671001343102880e-08	2.68666710989684532e-07
18	11	11	9.99999999999999667e-01	8.44425872913009580e-09	2.68800273484082197e-07
18	12	12	9.99999999999999778e-01	1.50598155638337657e-08	3.40927801989465706e-07
18	13	13	9.99999999999998668e-01	1.17155865757604394e-08	3.45894523579026725e-07
18	14	14	9.99999999999999334e-01	1.09156953546715517e-08	3.53765372107517351e-07
18	15	15	9.99999999999999112e-01	1.78368745036670944e-08	3.66878867064102110e-07
18	16	16	9.99999999999996003e-01	1.27034181513407818e-08	3.89682415891101641e-07
18	17	17	1.00000000000000133e+00	2.01954797673553409e-08	4.21198703248748529e-07
18	18	18	1.00000000000000089e+00	2.82904315298786587e-09	4.36972893202991486e-07
18	19	19	9.99999999999990230e-01	5.86908181411076066e-09	5.02013997927264199e-07
18	20	20	9.99999999999999001e-01	4.86468998452870714e-09	5.81312897374175463e-07
18	21	21	9.99999999999974132e-01	2.66316507146725952e-08	6.22093212054863898e-07
18	22	22	1.00000000000030553e+00	8.85755476010211544e-09	1.24156187020219022e-06
18	23	23	9.99999999999986455e-01	5.65898831476748424e-10	1.42312080519957362e-06
18	24	24	1.00000000000063349e+00	5.79789729948357863e-08	1.57759194951978543e-06
18	25	25	1.00000000000258948e+00	3.25408168738137609e-08	1.76844685295662885e-06
19	0	0	9.99999999999998557e-01	6.88308119456917769e-09	-4.73629096220395951e-08
19	1	1	9.99999999999998668e-01	5.10904791507240619e-09	1.20809460768533938e-08
19	2	2	9.99999999999999223e-01	6.15463909440840576e-09	3.54346871567212673e-08
19	3	3	9.99999999999999112e-01	7.13927077929746233e-09	6.77851386687855495e-08
19	4	4	9.99999999999999112e-01	1.96059007039682204e-08	1.24872892137695146e-07
19	5	5	9.99999999999999556e-01	1.15653261013455046e-08	1.53004919845045606e-07
19	6	6	9.99999999999998446e-01	1.73487138897156553e-08	1.57115332855006784e-07
19	7	7	1.00000000000000400e+00	1.19351704792161942e-08	1.80061307253343017e-07
19	8	8	1.00000000000000000e+00	6.19200733248538109e-09	1.85605836922064782e-07
19	9	9	1.00000000000000067e+00	8.18042546204777172e-09	2.24725355102428637e-07
19	10	10	1.00000000000000000e+00	2.16350637215587623e-08	2.76070723725929668e-07
19	11	11	9.99999999999999778e-01	1.56304854426442816e-08	3.18461250370383198e-07
19	12	12	9.99999999999998002e-01	1.07640694832550622e-08	3.26391943472614798e-07
19	13	13	1.00000000000000111e+00	8.52476406091374520e-09	3.29417382260999148e-07
19	14	14	1.00000000000000022e+00	5.13857057983265357e-09	3.60990998204968605e-07
19	15	15	9.99999999999996225e-01	1.97025771616451127e-08	3.71886653693920266e-07
19	16	16	9.99999999999998890e-01	2.12925201539877807e-08	3.86631082927024750e-07
19	17	17	9.99999999999995226e-01	1.17603790745511011e-08	4.06883161829796336e-07
19	18	18	1.00000000000000067e+00	9.06726383173544837e-09	4.58108406764523579e-07
19	19	19	9.99999999999992228e-01	1.83092182221254721e-08	5.30303029933065773e-07
19	20	20	9.99999999999976685e-01	6.59468613809879719e-09	6.27629030081067185e-07
19	21	21	9.99999999999995559e-01	1.19460532971445576e-09	7.24175217126088455e-07
19	22	22	1.00000000000000977e+00	5.20795817568757663e-10	1.14058213362966399e-06
19	23	23	1.00000000000024114e+00	4.01063236406711927e-08	1.26803688926813152e-06
19	24	24	1.00000000000069234e+00	4.15095802738543751e-10	1.49835958573873995e-06
19	25	25	1.00000000000241895e+00	1.68285465461248357e-08	1.92865844184098023e-06
20	0	0	9.99999999999999112e-01	1.41168215632766940e-08	-5.98606618718022787e-08
20	1	1	9.99999999999999667e-01	2.56876770163668572e-09	3.78105326770405981e-08
20	2	2	8.82387933659896206e-01	4.84999105819855725e-01	6.08834651028011820e-08
20	3	3	8.82387933659896762e-01	4.84999105819857779e-01	6.08834665183355384e-08
20	4	4	1.00000000000000044e+00	8.65603915960114489e-09	1.03360859149415063e-07
20	5	5	1.00000000000000266e+00	9.86464836458017389e-09	1.39962943124238848e-07
20	6	6	8.42537148355049004e-01	5.61182412196622016e-01	1.64729169749300297e-07
20	7	7	8.42537148355049892e-01	5.61182412196650104e-01	1.64729170804012170e-07
20	8	8	1.00000000000000888e+00	1.12044035618440214e-08	2.04698157868499209e-07
20	9	9	9.99999999999999667e-01	1.77231339631304382e-08	2.18656670436523370e-07
20	10	10	9.99999999999995115e-01	1.74732842698040232e-08	2.83306657133941542e-07
20	11	11	8.92176523608141703e-01	4.64378026474479288e-01	2.92502017273932324e-07
20	12	12	8.92176523608141370e-01	4.64378026474488892e-01	2.92502017495976929e-07
20	13	13	9.99999999999999556e-01	1.52024880409035811e-08	3.46573222564927619e-07
20	14	14	1.00000000000000022e+00	4.80963934043958601e-09	3.71833936974041990e-07
20	15	15	9.99999999999996003e-01	1.50974695470445857e-08	3.90547771011995337e-07
20	16	16	9.94542108160663685e-01	1.04478627692056861e-01	4.25397583603270846e-07
20	17	17	9.94542108160663574e-01	1.04478627692053752e-01	4.25397585379627685e-07
20	18	18	9.99999999999996447e-01	1.03657522179902688e-08	4.61167537713080833e-07
20	19	19	9.98986188477948178e-01	4.50291354783886807e-02	6.00455987154191462e-07
20	20	20	9.98986188477948511e-01	4.50291354783889444e-02	6.00455989596682116e-07
20	21	21	1.00000000000001021e+00	1.21904658691124034e-09	7.98283287473111614e-07
20	22	22	1.00000000000026534e+00	8.39511213986002677e-10	1.04248106591597889e-06
20	23	23	1.00000000000172662e+00	3.30263378353451669e-10	1.53482695086637477e-06
20	24	24	9.97188196859309595e-01	7.49907079551705991e-02	1.69897439761257374e-06
20	25	25	9.97188196859316256e-01	7.49907079551739991e-02	1.69897445534417102e-06
21	0	0	9.99999999999998779e-01	2.17515502952750971e-08	-6.37669423098063959e-08
21	1	1	1.00000000000000022e+00	1.87101041862610894e-08	3.27231250984993949e-08
21	2	2	7.33374087880336423e-01	7.30240935197190466e-01	7.59736594191373626e-08
21	3	3	7.33374087880337089e-01	7.30240935194726215e-01	7.59749900214323759e-08
21	4	4	1.00000000000000089e+00	2.52769837042005506e-08	1.15801572941887088e-07
21	5	6	9.68726744982915666e-01	1.22627077415765662e+00	1.35926671529507104e-07
21	6	5	9.68726744982918886e-01	1.22627077429167541e+00	1.35936751188836524e-07
21	7	7	1.00000000000000888e+00	1.03619019865237825e-08	1.84331346297916809e-07
21	8	9	7.93925001504475869e-01	8.85420012793215028e-01	1.96916529082713510e-07
21	9	8	7.93925001504476757e-01	8.85420012619347441e-01	1.96925940443293257e-07
21	10	10	9.99999999999997669e-01	2.10696660290582846e-08	2.64879850386812166e-07
21	11	11	1.00000000000000000e+00	1.87875941074267788e-08	3.06288446938474124e-07
21	12	12	8.93634496394646205e-01	4.61227716892799067e-01	3.10484051468939981e-07
21	13	13	8.93634496394646094e-01	4.61227716907823826e-01	3.10579816309441981e-07
21	14	14	9.36274092450564810e-01	3.57003942450111078e-01	3.94084400445748884e-07
21	15	15	9.36274092450566031e-01	3.57003942389626905e-01	3.94416282745169156e-07
21	16	16	9.99999999999992117e-01	3.33553901539471679e-08	4.20337461060071860e-07
21	17	18	8.90722624077259328e-01	1.04446421138056156e+00	4.53074653794516280e-07
21	18	17	8.90722624077259550e-01	1.04446421146210766e+00	4.53262477551064080e-07
21	19	19	1.00000000000000799e+00	2.79924068984598385e-08	5.84302883188669853e-07
21	20	20	8.70235755765830565e-01	5.09439386218386581e-01	7.98968358139973134e-07
21	21	21	8.70235755765831454e-01	5.09439386217399481e-01	7.99443318211245924e-07
21	22	23	9.14205121178391034e-01	1.09064039041550265e+00	1.34451271449620435e-06
21	23	22	9.14205121178396141e-01	1.09064039041827976e+00	1.34459677081366635e-06
21	24	24	1.00000000000117173e+00	1.18801463890050539e-08	1.43769917393399282e-06
21	25	25	1.00000000000107137e+00	7.94766103930968130e-09	2.10263107280894701e-06
22	0	0	9.99999999999999112e-01	6.88304841604255177e-09	-4.73629095387728682e-08
22	1	1	9.99999999999999889e-01	5.10903428703986880e-09	1.20809462780813170e-08
22	2	2	1.00000000000000133e+00	6.15462101165244314e-09	3.54346864211985135e-08
22	3	3	1.00000000000000067e+00	7.13926772483134945e-09	6.77851396957418473e-08
22	4	4	1.00000000000000044e+00	1.96058259300430338e-08	1.24872891804628239e-07
22	5	5	1.00000000000000044e+00	1.15653249337838403e-08	1.53004918568289128e-07
22	6	6	9.99999999999999112e-01	1.73486847035045185e-08	1.57115333521140599e-07
22	7	7	1.00000000000000444e+00	1.19351948971438098e-08	1.80061307364365319e-07
22	8	8	1.00000000000000044e+00	6.19202493632550818e-09	1.85605835589797152e-07
22	9	9	1.00000000000000178e+00	8.18040551102156096e-09	2.24725352993004890e-07
22	10	10	1.00000000000000222e+00	2.16350372903815225e-08	2.76070722504684340e-07
22	11	11	1.00000000000000155e+00	1.56304365382771444e-08	3.18461249038115568e-07
22	12	12	9.99999999999998446e-01	1.07640638793922576e-08	3.26391943250570193e-07
22	13	13	1.00000000000000000e+00	8.52476302600253584e-09	3.29417384925534407e-07
22	14	14	1.00000000000000089e+00	5.13858463602309164e-09	3.60991000758481562e-07
22	15	15	9.99999999999997446e-01	1.97025920254844951e-08	3.71886649919161982e-07
22	16	16	1.00000000000000022e+00	2.12925168070305577e-08	3.86631082038846330e-07
22	17	17	9.99999999999996669e-01	1.17604059274052955e-08	4.06883162051840941e-07
22	18	18	1.00000000000000022e+00	9.06725966702420115e-09	4.58108407430657394e-07
22	19	19	9.99999999999993894e-01	1.83091726770345405e-08	5.30303023715816835e-07
22	20	20	9.99999999999976796e-01	6.59462666427913147e-09	6.27629035188093098e-07
22	21	21	9.99999999999994005e-01	1.19460678916654217e-09	7.24175210020661098e-07
22	22	22	9.99999999999986566e-01	5.20795937034042283e-10	1.14058208877665379e-06
22	23	23	1.00000000000026024e+00	4.01063280820145811e-08	1.26803693412114171e-06
22	24	24	1.00000000000071720e+00	4.15089880469954025e-10	1.49835985574497954e-06
22	25	25	1.00000000000239542e+00	1.68285642981824226e-08	1.92865800485719774e-06
23	0	0	9.99999999999999334e-01	1.57954650262184130e-09	-3.82133146237251253e-08
23	1	1	9.99999999999998890e-01	5.20339894706010262e-09	-1.66208387385267248e-11
23	2	2	9.99999999999999445e-01	1.15121079399770604e-08	3.82681040050902865e-08
23	3	3	1.00000000000000067e+00	2.81584552499969784e-09	5.66324548922914062e-08
23	4	4	9.99999999999998779e-01	1.40050672051768125e-08	1.11430292770720030e-07
23	5	5	1.00000000000000044e+00	2.06613470392073687e-08	1.53127067414882134e-07
23	6	6	1.00000000000000089e+00	1.05802792059767943e-08	1.67390043437354308e-07
23	7	7	9.99999999999998890e-01	2.29318881465220345e-09	1.71068702981003185e-07
23	8	8	1.00000000000000089e+00	1.03886256825305735e-08	2.34539424659452322e-07
23	9	9	9.99999999999999556e-01	9.41394874300727335e-09	2.41089324171106512e-07
23	10	10	1.00000000000000133e+00	1.04672552099830234e-08	2.68666709879461507e-07
23	11	11	9.99999999999999445e-01	8.44469597280123230e-09	2.68800277591907388e-07
23	12	12	1.00000000000000044e+00	1.50598022854193688e-08	3.40927802100488009e-07
23	13	13	9.99999999999999334e-01	1.17155272730663594e-08	3.45894522357781398e-07
23	14	14	9.99999999999999889e-01	1.09155862481522766e-08	3.53765372773651166e-07
23	15	15	1.00000000000000000e+00	1.78369128671218436e-08	3.66878867286146715e-07
23	16	16	9.99999999999994893e-01	1.27034102459275026e-08	3.89682413226566382e-07
23	17	17	1.00000000000000111e+00	2.01954805825903934e-08	4.21198704358971554e-07
23	18	18	9.99999999999999778e-01	2.82905337900000071e-09	4.36972897421838979e-07
23	19	19	9.99999999999990563e-01	5.86910644648258021e-09	5.02013989489569212e-07
23	20	20	9.99999999999999112e-01	4.86467862805059720e-09	5.81312893599417180e-07
23	21	21	9.99999999999973133e-01	2.66316535585467455e-08	6.22093223157094144e-07
23	22	22	1.00000000000029110e+00	8.85752850585280333e-09	1.24156180847379005e-06
23	23	23	9.99999999999989009e-01	5.65970856992269101e-10	1.42312079676187864e-06
23	24	24	1.00000000000064970e+00	5.79789631234357463e-08	1.57759176389049571e-06
23	25	25	1.00000000000258771e+00	3.25408091726647765e-08	1.76844709631751584e-06
24	0	0	9.99999999999999223e-01	1.57954373065225774e-09	-3.82133151649588498e-08
24	1	1	9.99999999999998446e-01	5.20337032737888510e-09	-1.66224479656012364e-11
24	2	2	9.99999999999999778e-01	1.15120820755712593e-08	3.82681021871000837e-08
24	3	3	1.00000000000000044e+00	2.81584884649780786e-09	5.66324536155349278e-08
24	4	4	9.99999999999999778e-01	1.40050454166772151e-08	1.11430294824632625e-07
24	5	5	1.00000000000000133e+00	2.06614493996429622e-08	1.53127066471192563e-07
24	6	6	1.00000000000000067e+00	1.05803075889395330e-08	1.67390042160597829e-07
24	7	7	1.00000000000000089e+00	2.29320601714465590e-09	1.71068702092824765e-07
24	8	8	1.00000000000000000e+00	1.03886627199186279e-08	2.34539426213764557e-07
24	9	9	1.00000000000000022e+00	9.41393859318428759e-09	2.41089323282928092e-07
24	10	10	1.00000000000000178e+00	1.04670858528616433e-08	2.68666711433773742e-07
24	11	11	9.99999999999999334e-01	8.44432651009737146e-09	2.68800272040792265e-07
24	12	12	9.99999999999999778e-01	1.50598308135087788e-08	3.40927803099688731e-07
24	13	13	9.99999999999998779e-01	1.17155467923515191e-08	3.45894524689249749e-07
24	14	14	1.00000000000000089e+00	1.09156785514563152e-08	3.53765370775249721e-07
24	15	15	9.99999999999998335e-01	1.78368546490992701e-08	3.66878866842057505e-07
24	16	16	9.99999999999994005e-01	1.27034132007520005e-08	3.89682417223369271e-07
24	17	17	1.00000000000000111e+00	2.01954879041725487e-08	4.21198703692837739e-07
24	18	18	1.00000000000000022e+00	2.82904156232593500e-09	4.36972894979348325e-07
24	19	19	9.99999999999990674e-01	5.86909100201478817e-09	5.02013999481576434e-07
24	20	20	1.00000000000000111e+00	4.86470140156599600e-09	5.81312897374175463e-07
24	21	21	9.99999999999970246e-01	2.66316543295008643e-08	6.22093214053265342e-07
24	22	22	1.00000000000029465e+00	8.85755697885598476e-09	1.24156184222457000e-06
24	23	23	9.99999999999994449e-01	5.65907061948860681e-10	1.42312083095674780e-06
24	24	24	1.00000000000064659e+00	5.79791503708535905e-08	1.57759202412677269e-06
24	25	25	1.00000000000257860e+00	3.25409378999887091e-08	1.76844732902026180e-06
25	0	0	9.99999999999999556e-01	6.88304726175611884e-09	-4.73629097608174732e-08
25	1	1	9.99999999999999001e-01	5.10903967037749498e-09	1.20809446266245679e-08
25	2	2	1.00000000000000000e+00	6.15463563279625545e-09	3.54346895298229825e-08
25	3	3	1.00000000000000044e+00	7.13926755394705312e-09	6.77851422492548039e-08
25	4	4	9.99999999999999334e-01	1.96058395240779575e-08	1.24872891915650541e-07
25	5	5	9.99999999999998557e-01	1.15653333114788896e-08	1.53004918401755674e-07
25	6	6	9.99999999999999112e-01	1.73487117614151176e-08	1.57115331689272608e-07
25	7	7	1.00000000000000577e+00	1.19351834893003671e-08	1.80061308030499134e-07
25	8	8	9.99999999999999223e-01	6.19203639471923279e-09	1.85605835478774850e-07
25	9	9	1.00000000000000178e+00	8.18041321033369656e-09	2.24725353215049495e-07
25	10	10	1.00000000000000111e+00	2.16350585748148124e-08	2.76070722282639736e-07
25	11	11	1.00000000000000000e+00	1.56304497897308896e-08	3.18461249704249383e-07
25	12	12	9.99999999999998224e-01	1.07640684358276920e-08	3.26391942473414076e-07
25	13	13	9.99999999999999001e-01	8.52476652910360233e-09	3.29417383149177567e-07
25	14	14	1.00000000000000044e+00	5.13858570662545781e-09	3.60991000647459259e-07
25	15	15	9.99999999999997113e-01	1.97025760538047355e-08	3.71886650141206587e-07
25	16	16	9.99999999999999112e-01	2.12925161362515646e-08	3.86631082704980145e-07
25	17	17	9.99999999999995781e-01	1.17603928576860955e-08	4.06883160497528706e-07
25	18	18	1.00000000000000089e+00	9.06726375348419551e-09	4.58108407874746604e-07
25	19	19	9.99999999999993339e-01	1.83091712394727250e-08	5.30303019052880131e-07
25	20	20	9.99999999999979017e-01	6.59461576578123836e-09	6.27629038518762172e-07
25	21	21	9.99999999999993228e-01	1.19462592749506229e-09	7.24175228228318701e-07
25	22	22	1.00000000000001021e+00	5.20810845756629989e-10	1.14058198441568948e-06
25	23	23	1.00000000000027356e+00	4.01063025609605781e-08	1.26803685329690552e-06
25	24	24	1.00000000000071787e+00	4.15094024752231698e-10	1.49835972784728710e-06
25	25	25	1.00000000000236167e+00	1.68285471768167538e-08	1.92865817982834642e-06
26	0	0	9.99999999999998446e-01	1.49325037689760165e-09	-3.82134373311249220e-08
26	1	1	9.99999999999999223e-01	5.20606014796908606e-09	-1.67314077225083971e-11
26	2	2	1.00000000000000000e+00	1.14839214102226721e-08	3.82696250106340230e-08
26	3	3	9.99999999999999445e-01	2.73545370446220890e-09	5.66343110464107014e-08
26	4	4	9.99999999999998890e-01	1.35751577607115693e-08	1.11439378891464713e-07
26	5	5	1.00000000000000155e+00	2.20865364446677421e-08	1.53139625758136333e-07
26	6	6	1.00000000000000044e+00	1.09056340146903316e-08	1.67368880088503147e-07
26	7	7	1.00000000000000178e+00	2.21739125947580588e-09	1.71067017273873745e-07
26	8	8	1.00000000000000133e+00	1.02604519334749380e-08	2.34564087486788253e-07
26	9	9	1.00000000000000067e+00	1.00932204720508283e-08	2.41043640825111538e-07
26	10	10	1.00000000000000200e+00	8.51950986024911648e-09	2.68647052159565192e-07
26	11	11	9.99999999999999778e-01	2.83374091836397255e-09	2.68816620518919080e-07
26	12	12	9.99999999999999112e-01	1.50656115713201420e-08	3.40941487486645656e-07
26	13	13	9.99999999999999001e-01	1.13414537276705426e-08	3.45721434591439447e-07
26	14	14	9.99999999999999667e-01	4.83879213165129132e-09	3.53724388113541011e-07
26	15	15	9.99999999999998668e-01	1.82678879358317411e-08	3.66701027321170159e-07
26	16	16	9.99999999999994671e-01	1.26282751803363542e-08	3.89724090998910810e-07
26	17	17	1.00000000000000067e+00	2.21766584022780729e-08	4.21406201933649527e-07
26	18	18	1.00000000000000155e+00	2.11458424750002740e-09	4.36972624306974922e-07
26	19	19	9.99999999999990008e-01	5.84166428872597906e-09	5.01945859321395460e-07
26	20	20	9.99999999999998446e-01	4.86582082180887028e-09	5.81640458019450080e-07
26	21	21	9.99999999999973022e-01	2.56481321618848656e-08	6.22458664167879760e-07
26	22	22	1.00000000000028355e+00	8.60826926045206134e-09	1.24104625909282618e-06
26	23	23	9.99999999999987232e-01	4.59663219539550600e-10	1.42285077187054299e-06
26	24	24	1.00000000000067191e+00	5.82850179180183359e-08	1.57644895626418702e-06
26	25	25	1.00000000000252576e+00	3.26394931834764489e-08	1.76984790556389271e-06
27	0	0	9.99999999999998668e-01	1.64127258997394908e-08	-1.68463477265290429e-08
27	1	1	9.99999999999998446e-01	1.64127592972828313e-08	-1.68463278674146899e-08
27	2	2	9.99999999999514166e-01	9.87446382084278901e-07	3.38533825694486978e-08
27	3	3	9.99999999999512723e-01	9.87446301855406073e-07	3.38533821253594880e-08
27	4	4	1.00000000000000089e+00	1.19079657961358709e-08	1.48510782893573889e-07
27	5	5	1.00000000000000111e+00	1.19079640982927951e-08	1.48510814368396638e-07
27	6	6	9.99999999999997558e-01	9.39691653521516472e-08	1.60971653562214101e-07
27	7	7	9.99999999999997335e-01	9.39688205259988921e-08	1.60971664275866289e-07
27	8	8	9.99999999999998113e-01	5.56202464154863069e-08	2.32417174395038728e-07
27	9	9	9.99999999999999112e-01	5.56202679821130304e-08	2.32417179835131549e-07
27	10	10	1.00000000000000200e+00	1.32815130479857363e-08	2.83330892303368387e-07
27	11	11	1.00000000000000266e+00	1.32815810776913209e-08	2.83330905737066985e-07
27	12	12	9.99999999999999778e-01	1.83505474365375881e-08	3.51181909996611807e-07
27	13	13	1.00000000000000044e+00	1.83506144553845127e-08	3.51181936530942096e-07
27	14	14	9.99999999999998446e-01	4.75403835513235947e-08	3.65029273252659436e-07
27	15	15	9.99999999999999556e-01	4.75456655967495908e-08	3.65029460658305993e-07
27	16	16	9.99999999999999667e-01	4.65136241972548835e-08	3.66682770813753223e-07
27	17	17	9.99999999999999112e-01	4.65190335857798309e-08	3.66682822550146170e-07
27	18	18	1.00000000000000067e+00	1.77355211901595719e-08	4.56714142504921483e-07
27	19	19	1.00000000000000022e+00	1.77354474293351564e-08	4.56714154273285544e-07
27	20	20	9.99999999999964251e-01	8.01052340269404620e-09	6.12033334235206894e-07
27	21	21	9.99999999999965361e-01	8.01054126301829081e-09	6.12033799196609607e-07
27	22	22	1.00000000000170286e+00	2.70855283434520676e-08	1.52562561162028487e-06
27	23	23	1.00000000000172595e+00	2.70856379353255725e-08	1.52562879573991950e-06
27	24	24	1.00000000000002287e+00	8.34815518003749101e-09	1.71273144111694364e-06
27	25	25	1.00000000000002487e+00	8.34762077986272434e-09	1.71273338178679069e-06
28	0	0	9.99999999999999556e-01	6.88307952062139597e-09	-4.73629097608174732e-08
28	1	1	9.99999999999999112e-01	5.10904222973068506e-09	1.20809459033810462e-08
28	2	2	9.99999999999999667e-01	6.15464406912665681e-09	3.54346892661450141e-08
28	3	3	1.00000000000000000e+00	7.13926705132630242e-09	6.77851419439434721e-08
28	4	4	9.99999999999999112e-01	1.96059150781812400e-08	1.24872895079786161e-07
28	5	5	1.00000000000000067e+00	1.15653473112442875e-08	1.53004918512777977e-07
28	6	6	1.00000000000000000e+00	1.73487605879137185e-08	1.57115332966029086e-07
28	7	7	1.00000000000000400e+00	1.19351645099746287e-08	1.80061307863965681e-07
28	8	8	9.99999999999998668e-01	6.19201988743041224e-09	1.85605837477176294e-07
28	9	9	1.00000000000000022e+00	8.18042851936412814e-09	2.24725354214250217e-07
28	10	10	1.00000000000000155e+00	2.16350758977867137e-08	2.76070722504684340e-07
28	11	11	1.00000000000000022e+00	1.56304921749301108e-08	3.18461250703450105e-07
28	12	12	9.99999999999998002e-01	1.07640722910650543e-08	3.26391943361592496e-07
28	13	13	1.00000000000000133e+00	8.52476771972557652e-09	3.29417383038155265e-07
28	14	14	1.00000000000000266e+00	5.13857861898361992e-09	3.60990999093147025e-07
28	15	15	9.99999999999997335e-01	1.97025673981680221e-08	3.71886652361652637e-07
28	16	16	1.00000000000000000e+00	2.12925372440815324e-08	3.86631082927024750e-07
28	17	17	9.99999999999996114e-01	1.17603690985977561e-08	4.06883162717974756e-07
28	18	18	1.00000000000000111e+00	9.06727045837718769e-09	4.58108406098389764e-07
28	19	19	9.99999999999991784e-01	1.83092296097796662e-08	5.30303032153511822e-07
28	20	20	9.99999999999976352e-01	6.59466598671241952e-09	6.27629032745602444e-07
28	21	21	9.99999999999993561e-01	1.19461085600383915e-09	7.24175228228318701e-07
28	22	22	1.00000000000000511e+00	5.20813345532437440e-10	1.14058199729427656e-06
28	23	23	1.00000000000027511e+00	4.01063941109895876e-08	1.26803678757170246e-06
28	24	24	1.00000000000068545e+00	4.15097971624665232e-10	1.49835948892729220e-06
28	25	25	1.00000000000239098e+00	1.68285995078084570e-08	1.92865823134269476e-06
29	0	0	9.99999999999999667e-01	1.57954372120786747e-09	-3.82133143461693692e-08
29	1	1	9.99999999999999112e-01	5.20340348037136794e-09	-1.66218829200865184e-11
29	2	2	9.99999999999999112e-01	1.15120955272358016e-08	3.82681025479225667e-08
29	3	3	1.00000000000000266e+00	2.81585129485011945e-09	5.66324550033137086e-08
29	4	4	1.00000000000000022e+00	1.40050625791136834e-08	1.11430294047476508e-07
29	5	5	1.00000000000000089e+00	2.06613627269248881e-08	1.53127066471192563e-07
29	6	6	1.00000000000000044e+00	1.05802701116952101e-08	1.67390042993265098e-07
29	7	7	9.99999999999999334e-01	2.29316839466059439e-09	1.71068702925492033e-07
29	8	8	1.00000000000000155e+00	1.03886391193679480e-08	2.34539426213764557e-07
29	9	9	1.00000000000000000e+00	9.41395787246826006e-09	2.41089322172705067e-07
29	10	10	1.00000000000000222e+00	1.04672426680213001e-08	2.68666710434573019e-07
29	11	11	1.00000000000000000e+00	8.44479009754823810e-09	2.68800274372260617e-07
29	12	12	1.00000000000000000e+00	1.50598234061302360e-08	3.40927802322532614e-07
29	13	13	9.99999999999998224e-01	1.17155271653924890e-08	3.45894523134937515e-07
29	14	14	9.99999999999999889e-01	1.09156401462350893e-08	3.53765372329561956e-07
29	15	15	9.99999999999999001e-01	1.78369268568888430e-08	3.66878867730235925e-07
29	16	16	9.99999999999995115e-01	1.27034032358361003e-08	3.89682412782477172e-07
29	17	17	1.00000000000000155e+00	2.01954669175945301e-08	4.21198705247149974e-07
29	18	18	9.99999999999998557e-01	2.82903302121546406e-09	4.36972896977749770e-07
29	19	19	9.99999999999989786e-01	5.86910763565539270e-09	5.02013990377747632e-07
29	20	20	9.99999999999997224e-01	4.86467940872463748e-09	5.81312890490792711e-07
29	21	21	9.99999999999973133e-01	2.66316450948396148e-08	6.22093222713004934e-07
29	22	22	1.00000000000030020e+00	8.85735993816484961e-09	1.24156180358880874e-06
29	23	23	9.99999999999994005e-01	5.65994749974090006e-10	1.42312085760210039e-06
29	24	24	1.00000000000065392e+00	5.79788129340886168e-08	1.57759178076588569e-06
29	25	25	1.00000000000259393e+00	3.25407135240940107e-08	1.76844712829193895e-06
30	0	0	9.99999999999998668e-01	1.56428582166663999e-08	-1.68463469910062891e-08
30	1	1	9.99999999999999112e-01	1.56428811708441483e-08	-1.68463268959695434e-08
30	2	2	9.99999999999964695e-01	2.67440434570060695e-07	3.38533813204477951e-08
30	3	3	9.99999999999964473e-01	2.67440413592839346e-07	3.38533847343835959e-08
30	4	4	1.00000000000000044e+00	1.27190024963224332e-08	1.48510784225841519e-07
30	5	5	9.99999999999999112e-01	1.27190084494277645e-08	1.48510818087643770e-07
30	6	6	9.99999999999998557e-01	7.75327443286486591e-08	1.60971656282260511e-07
30	7	7	9.99999999999999112e-01	7.75324583951022532e-08	1.60971661111730668e-07
30	8	8	9.99999999999997002e-01	7.69471748832461766e-08	2.32417174061971821e-07
30	9	9	9.99999999999996669e-01	7.69472022955289737e-08	2.32417178835930827e-07
30	10	10	1.00000000000000311e+00	2.47763794957242569e-08	2.83330894967903646e-07
30	11	11	1.00000000000000222e+00	2.47764791185986186e-08	2.83330905959111590e-07
30	12	12	1.00000000000000044e+00	1.83637299900784730e-08	3.51181910440701017e-07
30	13	13	1.00000000000000111e+00	1.83637476377334091e-08	3.51181936864009003e-07
30	14	14	1.00000000000000044e+00	4.74685039767027761e-08	3.65029272808570227e-07
30	15	15	9.99999999999999556e-01	4.74738078838535689e-08	3.65029460658305993e-07
30	16	16	9.99999999999999778e-01	4.64908599969824824e-08	3.66682770813753223e-07
30	17	17	9.99999999999999112e-01	4.64962635960121486e-08	3.66682822772190775e-07
30	18	18	1.00000000000000067e+00	2.36758491545900521e-08	4.56714143393099903e-07
30	19	19	9.99999999999999778e-01	2.36757667797906457e-08	4.56714154051240939e-07
30	20	20	9.99999999999964695e-01	8.60729419658349266e-09	6.12033334013162289e-07
30	21	21	9.99999999999968026e-01	8.60728114147567552e-09	6.12033804303635520e-07
30	22	22	1.00000000000167866e+00	1.99372081852290642e-08	1.52562544997181249e-06
30	23	23	1.00000000000171196e+00	1.99373411199218341e-08	1.52562886146512255e-06
30	24	24	9.99999999999996558e-01	1.07548435696489855e-08	1.71273143489969470e-06
30	25	25	1.00000000000001532e+00	1.07543434824960544e-08	1.71273330540344659e-06
31	0	0	9.99999999999998446e-01	1.49323467804482522e-09	-3.82134357768126875e-08
31	1	1	9.99999999999999445e-01	5.20607643400953168e-09	-1.67290915956174249e-11
31	2	2	1.00000000000000000e+00	1.14839130796369020e-08	3.82696236644886056e-08
31	3	3	1.00000000000000044e+00	2.73545598135269162e-09	5.66343092978094376e-08
31	4	4	9.99999999999998668e-01	1.35751481760241617e-08	1.11439377337152479e-07
31	5	5	1.00000000000000133e+00	2.20864537317566821e-08	1.53139626646314753e-07
31	6	6	1.00000000000000111e+00	1.09055909337233715e-08	1.67368882253438045e-07
31	7	7	1.00000000000000022e+00	2.21738927874538128e-09	1.71067014387293881e-07
31	8	8	1.00000000000000200e+00	1.02604296215131432e-08	2.34564086709632136e-07
31	9	9	9.99999999999998335e-01	1.00932347985594685e-08	2.41043640270000026e-07
31	10	10	1.00000000000000266e+00	8.51949844478929083e-09	2.68647053380810519e-07
31	11	11	9.99999999999999001e-01	2.83374596946584863e-09	2.68816621851186710e-07
31	12	12	1.00000000000000067e+00	1.50655880258256789e-08	3.40941487930734866e-07
31	13	13	9.99999999999999334e-01	1.13414213585931806e-08	3.45721435146550959e-07
31	14	14	1.00000000000000111e+00	4.83876320987146107e-09	3.53724384005715820e-07
31	15	15	9.99999999999999556e-01	1.82679217489245156e-08	3.66701025100724110e-07
31	16	16	9.99999999999995115e-01	1.26282807328773960e-08	3.89724091887089230e-07
31	17	17	1.00000000000000067e+00	2.21766348051168930e-08	4.21406202155694132e-07
31	18	18	1.00000000000000000e+00	2.11459413063495938e-09	4.36972627637643996e-07
31	19	19	9.99999999999989786e-01	5.84165247620351465e-09	5.01945855102547966e-07
31	20	20	9.99999999999999556e-01	4.86584442497981926e-09	5.81640454688781006e-07
31	21	21	9.99999999999972355e-01	2.56480618231411442e-08	6.22458668386727254e-07
31	22	22	1.00000000000028555e+00	8.60809781213245802e-09	1.24104617960085761e-06
31	23	23	9.99999999999992339e-01	4.59667756972291251e-10	1.42285082205262370e-06
31	24	24	1.00000000000064304e+00	5.82848769855695953e-08	1.57644878306939518e-06
31	25	25	1.00000000000257971e+00	3.26393841420938287e-08	1.76984819066916543e-06
32	0	0	9.99999999999999334e-01	7.14881628757884353e-09	-4.33355690082626310e-08
32	1	1	1.00000000000000000e+00	3.16733663847520432e-08	-8.22732799596326281e-09
32	2	3	9.98262892162699145e-01	1.37192064160982907e+00	7.01823413828961407e-08
32	3	2	9.98262892162699478e-01	1.37192064160688876e+00	7.01825673965483787e-08
32	4	4	9.99999999999999223e-01	9.87157637017863638e-09	1.07865906928683586e-07
32	5	6	9.92859197417889749e-01	1.32718337508156936e+00	1.36500573511000312e-07
32	6	5	9.92859197417889194e-01	1.32718337510919215e+00	1.36508162607018591e-07
32	7	7	1.00000000000000400e+00	9.27397391959820908e-09	2.33388843473569807e-07
32	8	8	8.67598814309985866e-01	5.14589517108023697e-01	2.40574858367814670e-07
32	9	9	8.67598814309986976e-01	5.14589517123779872e-01	2.40607994972386052e-07
32	10	10	1.00000000000000600e+00	1.45364697854732488e-08	2.44032931417947907e-07
32	11	12	9.07092405326744511e-01	1.07616768971567556e+00	2.64076644329591659e-07
32	12	11	9.07092405326745288e-01	1.07616768974665544e+00	2.64088394597017384e-07
32	13	13	9.99999999999991895e-01	2.54151884817746486e-08	3.53586269929984098e-07
32	14	14	9.99999999999998446e-01	2.46191146150245980e-08	3.80498600627277028e-07
32	15	15	9.99044619038094273e-01	4.37122628298857799e-02	3.95685918253008140e-07
32	16	16	9.99044619038096604e-01	4.37122628291755563e-02	3.95755115567553162e-07
32	17	18	9.95918890651953381e-01	1.34888637367760689e+00	4.49274701219692929e-07
32	18	17	9.95918890651952493e-01	1.34888637367811581e+00	4.49315252115667363e-07
32	19	19	9.99999999999980682e-01	1.01030123221281784e-08	4.85745882183863387e-07
32	20	20	9.71216412600504508e-01	2.39931604417036898e-01	8.37001315368013366e-07
32	21	21	9.71216412600502399e-01	2.39931604417060407e-01	8.37066628012195224e-07
32	22	23	7.27108327362108731e-01	7.91804589858465024e-01	9.85555485222278094e-07
32	23	22	7.27108327362096851e-01	7.91804589858150720e-01	9.85569710731937221e-07
32	24	24	1.00000000000052447e+00	6.57112424733346300e-10	1.39849860447682772e-06
32	25	25	1.00000000000337019e+00	2.50062557488248071e-10	1.99687026736228290e-06
33	0	0	9.99999999999998224e-01	1.57954777495502733e-09	-3.82133149151586693e-08
33	1	1	9.99999999999998890e-01	5.20336979624045164e-09	-1.66210015450354506e-11
33	2	2	9.99999999999999778e-01	1.15120886895373441e-08	3.82681022981223862e-08
33	3	3	1.00000000000000111e+00	2.81585450608168057e-09	5.66324515616223323e-08
33	4	4	9.99999999999999778e-01	1.40050509397316041e-08	1.11430295768322196e-07
33	5	5	1.00000000000000133e+00	2.06614618504924253e-08	1.53127066970792924e-07
33	6	6	1.00000000000000067e+00	1.05803208355179154e-08	1.67390040883841351e-07
33	7	7	1.00000000000000000e+00	2.29318667078557867e-09	1.71068702481402823e-07
33	8	8	1.00000000000000089e+00	1.03886730143776808e-08	2.34539427768076791e-07
33	9	9	1.00000000000000044e+00	9.41393092239356781e-09	2.41089321395548950e-07
33	10	10	1.00000000000000289e+00	1.04670993898284849e-08	2.68666711766840649e-07
33	11	11	9.99999999999999778e-01	8.44434686189795079e-09	2.68800271485680753e-07
33	12	12	9.99999999999999556e-01	1.50597978671499917e-08	3.40927803099688731e-07
33	13	13	9.99999999999997891e-01	1.17156096152144936e-08	3.45894523245959817e-07
33	14	14	1.00000000000000111e+00	1.09158355056822647e-08	3.53765373217740375e-07
33	15	15	9.99999999999998002e-01	1.78369451699346998e-08	3.66878866397968295e-07
33	16	16	9.99999999999994671e-01	1.27034181339024827e-08	3.89682416557235456e-07
33	17	17	1.00000000000000000e+00	2.01954761329354942e-08	4.21198705247149974e-07
33	18	18	1.00000000000000022e+00	2.82903479149047828e-09	4.36972897421838979e-07
33	19	19	9.99999999999991784e-01	5.86908583411952145e-09	5.02013997483174990e-07
33	20	20	1.00000000000000000e+00	4.86467591341510447e-09	5.81312893821461785e-07
33	21	21	9.99999999999972244e-01	2.66316172088752942e-08	6.22093226265718613e-07
33	22	22	1.00000000000030487e+00	8.85757188598386441e-09	1.24156184266865921e-06
33	23	23	9.99999999999997780e-01	5.66062455206717175e-10	1.42312081496953624e-06
33	24	24	1.00000000000064526e+00	5.79790667430326344e-08	1.57759199925777693e-06
33	25	25	1.00000000000261058e+00	3.25408783579163800e-08	1.76844702703959911e-06
34	0	0	9.99999999999999112e-01	5.92150278660428182e-09	-1.91245173031262539e-08
34	1	1	9.99999999999998890e-01	5.92141510128005755e-09	-1.91244903871568006e-08
34	2	2	9.46371338535867968e-01	3.27501638023464325e-01	4.73339067108557998e-08
34	3	3	9.46371338535868856e-01	3.27501638023463437e-01	4.73339068218781023e-08
34	4	4	1.00000000000000089e+00	1.38596325858207363e-08	1.00526849677873287e-07
34	5	5	1.00000000000000111e+00	1.38596002531761623e-08	1.00526920177035350e-07
34	6	6	9.99924797362961582e-01	1.22639827468898829e-02	2.24336948462244834e-07
34	7	7	9.99924797362961026e-01	1.22639827468860839e-02	2.24336947129977204e-07
34	8	9	7.48914919905752541e-01	8.21381564695334521e-01	2.41834458014622555e-07
34	9	8	7.48914919905752763e-01	8.21381564695338406e-01	2.41834460235068605e-07
34	10	10	9.99999999999994116e-01	1.18393556570851805e-07	2.76346426630880160e-07
34	11	11	9.99999999999993450e-01	1.18394225051689316e-07	2.76346419858519710e-07
34	12	12	9.99999999999998890e-01	1.23910098489788676e-08	2.80911771288749890e-07
34	13	13	9.99999999999999778e-01	1.23909658859418461e-08	2.80911783723247765e-07
34	14	14	9.99999999999999445e-01	3.03494041764016844e-08	3.93053219971406520e-07
34	15	15	1.00000000000000044e+00	3.03490863005479992e-08	3.93053497083073466e-07
34	16	16	8.92966244480036808e-01	4.62674303267020914e-01	4.32515761872309668e-07
34	17	17	8.92966244480034810e-01	4.62674303267026465e-01	4.32515766757290976e-07
34	18	18	9.99999999999997891e-01	2.46741769647523650e-08	4.59014973808180571e-07
34	19	19	9.99999999999999001e-01	2.46741150345096278e-08	4.59015295550813107e-07
34	20	20	9.95491145095383834e-01	9.49616228157118131e-02	5.01249422857341642e-07
34	21	21	9.95491145095384500e-01	9.49616228157120490e-02	5.01249422857341642e-07
34	22	22	9.97794503176003378e-01	6.64153118427229239e-02	1.47064630340310032e-06
34	23	23	9.97794503176009151e-01	6.64153118427283778e-02	1.47064635402927024e-06
34	24	24	1.00000000000178324e+00	2.43303390782966906e-08	1.82056827835452850e-06
34	25	25	1.00000000000181855e+00	2.43303554378115054e-08	1.82056964881383010e-06
35	0	0	9.99999999999999445e-01	1.57954721411524254e-09	-3.82133149984253961e-08
35	1	1	9.99999999999999334e-01	5.20336927409453188e-09	-1.66211721306947641e-11
35	2	2	9.99999999999999556e-01	1.15120890066372933e-08	3.82681024507780521e-08
35	3	3	1.00000000000000044e+00	2.81585352527344589e-09	5.66324532547124448e-08
35	4	4	1.00000000000000044e+00	1.40050512222577959e-08	1.11430294658099172e-07
35	5	5	1.00000000000000133e+00	2.06614592213766860e-08	1.53127066249147958e-07
35	6	6	1.00000000000000133e+00	1.05803210113273311e-08	1.67390040939352502e-07
35	7	7	1.00000000000000000e+00	2.29318702519370161e-09	1.71068704368781965e-07
35	8	8	1.00000000000000133e+00	1.03886682636861670e-08	2.34539426435809162e-07
35	9	9	9.99999999999999667e-01	9.41393041462324143e-09	2.41089321950660462e-07
35	10	10	1.00000000000000266e+00	1.04671535506838208e-08	2.68666711211729137e-07
35	11	11	1.00000000000000022e+00	8.44453395290581271e-09	2.68800271485680753e-07
35	12	12	1.00000000000000067e+00	1.50597918444914150e-08	3.40927803099688731e-07
35	13	13	9.99999999999998446e-01	1.17155953595239042e-08	3.45894521913692188e-07
35	14	14	9.99999999999999889e-01	1.09158373484970776e-08	3.53765372440584258e-07
35	15	15	9.99999999999998446e-01	1.78369489504221986e-08	3.66878866397968295e-07
35	16	16	9.99999999999995115e-01	1.27034239824607394e-08	3.89682416557235456e-07
35	17	17	1.00000000000000111e+00	2.01954779683121567e-08	4.21198704581016159e-07
35	18	18	1.00000000000000000e+00	2.82903264684310791e-09	4.36972894313214510e-07
35	19	19	9.99999999999989342e-01	5.86908654899693906e-09	5.02013996372951965e-07
35	20	20	9.99999999999999889e-01	4.86467817253577895e-09	5.81312892489194155e-07
35	21	21	9.99999999999973577e-01	2.66315957347737250e-08	6.22093226265718613e-07
35	22	22	1.00000000000031153e+00	8.85753693402934377e-09	1.24156185377088946e-06
35	23	23	9.99999999999995115e-01	5.66031099109572949e-10	1.42312086248708169e-06
35	24	24	1.00000000000066258e+00	5.79789449039861402e-08	1.57759190422268603e-06
35	25	25	1.00000000000262745e+00	3.25407978318453469e-08	1.76844721266888882e-06
36	0	0	9.99999999999998668e-01	1.57954328204350383e-09	-3.82133152621033645e-08
36	1	1	1.00000000000000000e+00	5.20336957892707580e-09	-1.66217824958602919e-11
36	2	2	1.00000000000000000e+00	1.15120824832801906e-08	3.82680999666540345e-08
36	3	3	1.00000000000000178e+00	2.81585200485849803e-09	5.66324529771566887e-08
36	4	4	9.99999999999999778e-01	1.40050418531353566e-08	1.11430295490766440e-07
36	5	5	1.00000000000000089e+00	2.06615036720877686e-08	1.53127066304659110e-07
36	6	6	1.00000000000000133e+00	1.05803354837563918e-08	1.67390041327930561e-07
36	7	7	1.00000000000000000e+00	2.29315455909815324e-09	1.71068704035715058e-07
36	8	8	1.00000000000000067e+00	1.03886658599573618e-08	2.34539426990920674e-07
36	9	9	1.00000000000000022e+00	9.41392251087356467e-09	2.41089323171905789e-07
36	10	10	1.00000000000000222e+00	1.04673286082668555e-08	2.68666712655019069e-07
36	11	11	9.99999999999999778e-01	8.44515085671153318e-09	2.68800270708524636e-07
36	12	12	9.99999999999999778e-01	1.50598123683732558e-08	3.40927803321733336e-07
36	13	13	9.99999999999998890e-01	1.17156057389171460e-08	3.45894521358580675e-07
36	14	14	9.99999999999999889e-01	1.09157706244386339e-08	3.53765372440584258e-07
36	15	15	9.99999999999998890e-01	1.78369055217791039e-08	3.66878865731834480e-07
36	16	16	9.99999999999993783e-01	1.27034124455980786e-08	3.89682416779280061e-07
36	17	17	1.00000000000000044e+00	2.01954841512323613e-08	4.21198702360570110e-07
36	18	18	9.99999999999999778e-01	2.82903016579622039e-09	4.36972894535259115e-07
36	19	19	9.99999999999990452e-01	5.86908905741760871e-09	5.02013995928862755e-07
36	20	20	1.00000000000000022e+00	4.86466678006449118e-09	5.81312896263952439e-07
36	21	21	9.99999999999969802e-01	2.66316323700745031e-08	6.22093215829622181e-07
36	22	22	1.00000000000029599e+00	8.85755348701777641e-09	1.24156180003609506e-06
36	23	23	9.99999999999977907e-01	5.66020746624026326e-10	1.42312079365325417e-06
36	24	24	1.00000000000062106e+00	5.79788988779780782e-08	1.57759186070194346e-06
36	25	25	1.00000000000258660e+00	3.25407711975260681e-08	1.76844706434309273e-06
37	0	0	9.99999999999998113e-01	6.86882613896093575e-09	-4.73630069885988547e-08
37	1	1	9.99999999999999112e-01	4.99729368855449062e-09	1.20823290955529572e-08
37	2	2	9.99999999999998890e-01	6.46960548132821433e-09	3.54403622976340316e-08
37	3	3	9.99999999999999556e-01	7.34020504154529670e-09	6.77900688639265780e-08
37	4	4	1.00000000000000044e+00	2.05751586510733420e-08	1.24861979589052652e-07
37	5	5	1.00000000000000133e+00	1.10203132276148715e-08	1.53001826153076337e-07
37	6	6	9.99999999999999112e-01	1.68328076777360922e-08	1.57091913643991887e-07
37	7	7	1.00000000000000377e+00	1.22729148889368872e-08	1.80090043877534356e-07
37	8	8	1.00000000000000044e+00	4.02793341637164803e-09	1.85549141273888551e-07
37	9	9	1.00000000000000089e+00	8.81504745308093437e-09	2.24596364284401773e-07
37	10	10	1.00000000000000178e+00	2.42762885863042493e-08	2.76668660204038019e-07
37	11	11	1.00000000000000000e+00	1.57965758309132511e-08	3.18397954668370176e-07
37	12	12	9.99999999999997669e-01	1.18001761383923619e-08	3.26604244427208812e-07
37	13	13	1.00000000000000089e+00	6.00841594671705350e-09	3.29332301318707721e-07
37	14	14	1.00000000000000067e+00	3.20291339529803398e-09	3.61195601872310590e-07
37	15	15	9.99999999999998002e-01	2.37992644441002924e-08	3.71586350356167827e-07
37	16	16	1.00000000000000089e+00	3.01852639170073612e-08	3.85955956083705587e-07
37	17	17	9.99999999999995337e-01	1.55722052697684310e-08	4.06936489616427366e-07
37	18	18	1.00000000000000178e+00	7.47390979122697767e-09	4.57949977050731150e-07
37	19	19	9.99999999999993450e-01	1.80329050880084731e-08	5.30313380986413563e-07
37	20	20	9.99999999999976907e-01	4.47614310767711534e-09	6.28561822368922662e-07
37	21	21	9.99999999999995115e-01	7.33564192120632752e-10	7.24859499090513282e-07
37	22	22	1.00000000000000422e+00	4.76611728971677212e-10	1.13981687510644747e-06
37	23	23	1.00000000000027578e+00	3.95468565937379655e-08	1.26383476573010967e-06
37	24	24	1.00000000000071165e+00	3.46689548545008411e-10	1.49934732274203952e-06
37	25	25	1.00000000000236677e+00	1.65742716346807125e-08	1.92901755635688232e-06
38	0	0	9.99999999999998557e-01	1.57955778955097488e-09	-3.82133149429142449e-08
38	1	1	9.99999999999998890e-01	5.20338417053624800e-09	-1.66208863078970426e-11
38	2	2	9.99999999999999778e-01	1.15121092756818967e-08	3.82681000637985491e-08
38	3	3	9.99999999999998335e-01	2.81585402923827038e-09	5.66324542539131670e-08
38	4	4	9.99999999999999556e-01	1.40050701575509500e-08	1.11430294269521113e-07
38	5	5	1.00000000000000222e+00	2.06615179787323214e-08	1.53127067581415588e-07
38	6	6	1.00000000000000155e+00	1.05803448879062027e-08	1.67390040550774444e-07
38	7	7	9.99999999999999001e-01	2.29318190915464185e-09	1.71068703924692755e-07
38	8	8	1.00000000000000178e+00	1.03886840169965712e-08	2.34539426879898372e-07
38	9	9	9.99999999999999556e-01	9.41392251873415119e-09	2.41089321062482043e-07
38	10	10	1.00000000000000311e+00	1.04675571565168053e-08	2.68666710878662229e-07
38	11	11	9.99999999999999889e-01	8.44581677085980625e-09	2.68800269598301611e-07
38	12	12	9.99999999999999556e-01	1.50598117991955041e-08	3.40927802988666429e-07
38	13	13	9.99999999999999001e-01	1.17155754882414564e-08	3.45894522801870608e-07
38	14	14	9.99999999999999223e-01	1.09157453319192933e-08	3.53765371552405838e-07
38	15	15	9.99999999999998668e-01	1.78369464768035898e-08	3.66878865953879085e-07
38	16	16	9.99999999999994671e-01	1.27033935990077400e-08	3.89682415224967826e-07
38	17	17	1.00000000000000000e+00	2.01955090701260099e-08	4.21198704136926949e-07
38	18	18	9.99999999999999445e-01	2.82904086177563468e-09	4.36972893869125301e-07
38	19	19	9.99999999999988898e-01	5.86911740282104291e-09	5.02013992820238286e-07
38	20	20	1.00000000000000000e+00	4.86467164348994261e-09	5.81312896041907834e-07
38	21	21	9.99999999999973577e-01	2.66316861615016535e-08	6.22093231372744526e-07
38	22	22	1.00000000000029377e+00	8.85764814227571645e-09	1.24156180270063032e-06
38	23	23	9.99999999999984124e-01	5.65959291027434131e-10	1.42312084161488883e-06
38	24	24	1.00000000000067302e+00	5.79789304229890005e-08	1.57759214758357302e-06
38	25	25	1.00000000000256706e+00	3.25408093262503985e-08	1.76844692312272400e-06
39	0	0	9.99999999999998113e-01	1.20258157742437022e-08	-1.68460832575267894e-08
39	1	1	9.99999999999998113e-01	1.20257705789619210e-08	-1.68460629612621204e-08
39	2	2	9.99999999999760969e-01	6.91145966653388427e-07	3.38534201227425058e-08
39	3	3	9.99999999999761524e-01	6.91145909874393727e-07	3.38534216354213768e-08
39	4	4	9.99999999999999778e-01	1.70361876615779930e-08	1.48498290053478144e-07
39	5	5	1.00000000000000000e+00	1.70362434931261831e-08	1.48498323138124277e-07
39	6	6	9.99999999999999112e-01	5.41394137121225970e-08	1.60928669667992352e-07
39	7	7	1.00000000000000044e+00	5.41392013384877136e-08	1.60928677495064676e-07
39	8	8	9.99999999999993117e-01	1.21217548562743963e-07	2.32418969958736454e-07
39	9	9	9.99999999999993450e-01	1.21217591433182568e-07	2.32418975287806973e-07
39	10	10	1.00000000000000266e+00	2.15109296444182694e-08	2.83338703277458137e-07
39	11	11	1.00000000000000155e+00	2.15109653863290954e-08	2.83338713491509964e-07
39	12	12	9.99999999999999889e-01	1.63295696011347526e-08	3.51201516646248990e-07
39	13	13	1.00000000000000000e+00	1.63296068091121638e-08	3.51201542736490069e-07
39	14	14	9.99999999999999001e-01	1.86181087018056608e-08	3.65048628214736937e-07
39	15	15	1.00000000000000022e+00	1.86179350625762042e-08	3.65048817174695728e-07
39	16	16	9.99999999999999778e-01	1.33711706134018538e-08	3.66875857249482351e-07
39	17	17	1.00000000000000022e+00	1.33712082005366215e-08	3.66875909429964508e-07
39	18	18	1.00000000000000067e+00	2.71209649419135681e-08	4.56726981123978248e-07
39	19	19	1.00000000000000044e+00	2.71208743110298345e-08	4.56726993336431519e-07
39	20	20	9.99999999999964251e-01	9.40451320309663087e-09	6.11765692548615903e-07
39	21	21	9.99999999999964362e-01	9.40451098145101091e-09	6.11766157732063220e-07
39	22	22	1.00000000000165090e+00	2.56117796044379238e-08	1.52509806561340611e-06
39	23	23	1.00000000000171041e+00	2.56118176107161176e-08	1.52510129503014014e-06
39	24	24	9.99999999999982903e-01	3.35064099772812966e-09	1.71259585535210590e-06
39	25	25	1.00000000000000400e+00	3.35064216409458418e-09	1.71259782888455447e-06
40	0	0	9.99999999999998890e-01	6.20169829081063103e-09	-1.91245175806820100e-08
40	1	1	9.99999999999998335e-01	6.20161211103004267e-09	-1.91244904981791031e-08
40	2	3	8.93912291826511884e-01	1.05048377876016708e+00	4.73339074325007658e-08
40	3	2	8.93912291826513550e-01	1.05048377876016552e+00	4.73339058226773801e-08
40	4	4	1.00000000000000133e+00	1.36577558073615374e-08	1.00526851509741277e-07
40	5	5	1.00000000000000133e+00	1.36577167616240718e-08	1.00526917456988940e-07
40	6	6	9.85383368080015143e-01	1.70977377436116573e-01	2.24336949017356346e-07
40	7	7	9.85383368080015587e-01	1.70977377436123179e-01	2.24336947463044112e-07
40	8	8	8.86353612914510647e-01	4.76752319364387556e-01	2.41834458791778673e-07
40	9	9	8.86353612914512201e-01	4.76752319364385113e-01	2.41834460013024000e-07
40	10	10	1.00000000000000022e+00	4.43358833516890457e-08	2.76346424188389506e-07
40	11	11	9.99999999999999223e-01	4.43359475134959635e-08	2.76346419636475105e-07
40	12	12	1.00000000000000022e+00	1.21179636617300718e-08	2.80911769956482260e-07
40	13	13	1.00000000000000022e+00	1.21179085089520169e-08	2.80911787164939142e-07
40	14	14	9.99999999999999334e-01	3.05451147501613656e-08	3.93053221081629545e-07
40	15	15	1.00000000000000000e+00	3.05448236589132887e-08	3.93053497305118071e-07
40	16	16	9.79205002024382765e-01	2.03936254561935371e-01	4.32515762982532692e-07
40	17	17	9.79205002024381987e-01	2.03936254561936064e-01	4.32515761872309668e-07
40	18	18	1.00000000000000044e+00	2.43353441287451464e-08	4.59014974474314386e-07
40	19	19	9.99999999999999889e-01	2.43353060181757529e-08	4.59015299103526786e-07
40	20	20	9.92401944626667976e-01	1.23272506035348992e-01	5.01249421969163222e-07
40	21	21	9.92401944626667420e-01	1.23272506035348145e-01	5.01249420414850988e-07
40	22	22	9.99018830830678661e-01	4.42982882085456720e-02	1.47064610356295589e-06
40	23	23	9.99018830830680993e-01	4.42982882085462062e-02	1.47064601119240024e-06
40	24	24	1.00000000000181699e+00	4.96727185552318062e-09	1.82056813002873241e-06
40	25	25	1.00000000000179590e+00	4.96730501539772757e-09	1.82056955644327445e-06
41	0	0	9.99999999999998002e-01	1.57956320442101181e-09	-3.82133147069918522e-08
41	1	1	9.99999999999999556e-01	5.20338668163127860e-09	-1.66214491714548884e-11
41	2	2	9.99999999999999556e-01	1.15121175593426801e-08	3.82681004801321833e-08
41	3	3	1.00000000000000022e+00	2.81585212090019035e-09	5.66324535600237766e-08
41	4	4	1.00000000000000044e+00	1.40050743166344475e-08	1.11430294047476508e-07
41	5	5	1.00000000000000067e+00	2.06614932523906923e-08	1.53127066471192563e-07
41	6	6	9.99999999999999556e-01	1.05803268147317916e-08	1.67390040495263293e-07
41	7	7	1.00000000000000044e+00	2.29319026985136989e-09	1.71068703702648151e-07
41	8	8	1.00000000000000044e+00	1.03886695568351714e-08	2.34539427323987582e-07
41	9	9	9.99999999999999889e-01	9.41392748399510981e-09	2.41089323282928092e-07
41	10	10	1.00000000000000200e+00	1.04672196790322380e-08	2.68666710101506112e-07
41	11	11	9.99999999999999667e-01	8.44462462105949889e-09	2.68800271263636148e-07
41	12	12	9.99999999999999556e-01	1.50597852745690797e-08	3.40927802655599521e-07
41	13	13	9.99999999999998890e-01	1.17155634899899585e-08	3.45894520137335348e-07
41	14	14	9.99999999999999223e-01	1.09157454685284825e-08	3.53765373661829585e-07
41	15	15	9.99999999999998890e-01	1.78369319258597365e-08	3.66878866620012900e-07
41	16	16	9.99999999999994671e-01	1.27033954152148988e-08	3.89682412782477172e-07
41	17	17	1.00000000000000089e+00	2.01955039907384078e-08	4.21198702804659320e-07
41	18	18	9.99999999999999112e-01	2.82903001485972699e-09	4.36972895867526745e-07
41	19	19	9.99999999999990008e-01	5.86911244023864484e-09	5.02013988823435398e-07
41	20	20	9.99999999999999889e-01	4.86468604994817803e-09	5.81312892489194155e-07
41	21	21	9.99999999999973133e-01	2.66316760982809210e-08	6.22093228708209267e-07
41	22	22	1.00000000000029088e+00	8.85761597807132184e-09	1.24156179515111376e-06
41	23	23	9.99999999999975353e-01	5.65968608499181562e-10	1.42312083273310463e-06
41	24	24	1.00000000000067502e+00	5.79787112517257410e-08	1.57759210495100888e-06
41	25	25	1.00000000000255551e+00	3.25406616074429626e-08	1.76844674815157532e-06
42	0	0	9.99999999999999334e-01	7.14887271407615066e-09	-4.33355688833625408e-08
42	1	1	9.99999999999999001e-01	3.16734093329154769e-08	-8.22732484917487739e-09
42	2	2	7.80932300088991060e-01	6.61917969978778720e-01	7.01823403559398429e-08
42	3	3	7.80932300088990505e-01	6.61917969977333098e-01	7.01825679239043154e-08
42	4	4	9.99999999999999778e-01	9.87164481513616932e-09	1.07865904874770990e-07
42	5	6	9.88304620051864036e-01	1.30192737344099041e+00	1.36500575842468663e-07
42	6	5	9.88304620051861593e-01	1.30192737346812071e+00	1.36508164494397732e-07
42	7	7	1.00000000000000444e+00	9.27393081029679254e-09	2.33388844583792832e-07
42	8	9	9.51763087667266250e-01	1.17742611436825273e+00	2.40574859478037695e-07
42	9	8	9.51763087667266694e-01	1.17742611440430989e+00	2.40607994750341447e-07
42	10	10	1.00000000000000466e+00	1.45365199533277391e-08	2.44032929308524160e-07
42	11	12	9.94184992711413917e-01	1.33589995091715363e+00	2.64076642553234819e-07
42	12	11	9.94184992711414472e-01	1.33589995095564507e+00	2.64088391377370613e-07
42	13	13	9.99999999999991784e-01	2.54151382343341768e-08	3.53586268264649561e-07
42	14	14	9.99999999999998890e-01	2.46190707291031402e-08	3.80498598628875584e-07
42	15	15	9.81589275520859617e-01	1.91889157895339058e-01	3.95685916476651300e-07
42	16	16	9.81589275520858839e-01	1.91889157892246615e-01	3.95755115567553162e-07
42	17	17	9.03066933913788783e-01	4.40302318748865440e-01	4.49274705216495818e-07
42	18	18	9.03066933913789560e-01	4.40302318749024924e-01	4.49315250783399733e-07
42	19	19	9.99999999999980127e-01	1.01030539834652553e-08	4.85745881739774177e-07
42	20	20	9.40614268373594964e-01	3.44632359552949186e-01	8.37001330022957291e-07
42	21	21	9.40614268373595852e-01	3.44632359552991152e-01	8.37066623127213916e-07
42	22	22	7.60615930964164688e-01	6.91930732023953943e-01	9.85555461241460762e-07
42	23	23	7.60615930964162468e-01	6.91930732023669504e-01	9.85569761358107144e-07
42	24	24	1.00000000000058709e+00	6.57112241901499185e-10	1.39849906233280308e-06
42	25	25	1.00000000000338352e+00	2.50073556131943844e-10	1.99687019009076039e-06
43	0	0	9.99999999999998446e-01	1.57956284309150845e-09	-3.82133155257813328e-08
43	1	1	1.00000000000000044e+00	5.20338763611852941e-09	-1.66220244491276092e-11
43	2	2	1.00000000000000089e+00	1.15121145826882224e-08	3.82681005911544858e-08
43	3	3	1.00000000000000044e+00	2.81585610318324353e-09	5.66324520057115421e-08
43	4	4	9.99999999999999889e-01	1.40050749415733790e-08	1.11430295157699533e-07
43	5	5	1.00000000000000111e+00	2.06614950921421774e-08	1.53127067026304076e-07
43	6	6	1.00000000000000089e+00	1.05803306798360687e-08	1.67390040495263293e-07
43	7	7	1.00000000000000044e+00	2.29317916072658399e-09	1.71068704923893478e-07
43	8	8	1.00000000000000111e+00	1.03886714759314719e-08	2.34539427546032186e-07
43	9	9	9.99999999999999778e-01	9.41392169867728756e-09	2.41089323282928092e-07
43	10	10	1.00000000000000222e+00	1.04672502445356398e-08	2.68666711211729137e-07
43	11	11	1.00000000000000022e+00	8.44474124656392640e-09	2.68800268932167796e-07
43	12	12	1.00000000000000000e+00	1.50597894214175320e-08	3.40927802655599521e-07
43	13	13	9.99999999999999556e-01	1.17155483158981934e-08	3.45894521469602978e-07
43	14	14	9.99999999999999001e-01	1.09156448023417823e-08	3.53765374772052610e-07
43	15	15	9.99999999999999556e-01	1.78369145267173055e-08	3.66878866175923690e-07
43	16	16	9.99999999999995004e-01	1.27034013249198931e-08	3.89682412560432567e-07
43	17	17	1.00000000000000044e+00	2.01955060436244987e-08	4.21198703026703924e-07
43	18	18	9.99999999999999778e-01	2.82902764080004695e-09	4.36972896311615955e-07
43	19	19	9.99999999999989342e-01	5.86912306443592279e-09	5.02013992820238286e-07
43	20	20	9.99999999999999778e-01	4.86468863841100199e-09	5.81312894931684809e-07
43	21	21	9.99999999999975020e-01	2.66316725148131898e-08	6.22093231150699921e-07
43	22	22	1.00000000000028844e+00	8.85760114675101824e-09	1.24156173075817833e-06
43	23	23	9.99999999999984790e-01	5.65986662713284073e-10	1.42312085271711908e-06
43	24	24	1.00000000000066791e+00	5.79788692119166920e-08	1.57759204189034108e-06
43	25	25	1.00000000000255906e+00	3.25407685275953547e-08	1.76844680144228050e-06
44	0	0	9.99999999999998890e-01	1.57954242731465758e-09	-3.82133145820917619e-08
44	1	1	1.00000000000000044e+00	5.20336967472631271e-09	-1.66213108814677879e-11
44	2	2	1.00000000000000044e+00	1.15120833385028000e-08	3.82681003413543053e-08
44	3	3	1.00000000000000089e+00	2.81585089718387583e-09	5.66324528383788106e-08
44	4	4	1.00000000000000000e+00	1.40050426583988742e-08	1.11430294991166079e-07
44	5	5	1.00000000000000067e+00	2.06614858719158450e-08	1.53127065916081051e-07
44	6	6	1.00000000000000044e+00	1.05803365581217142e-08	1.67390039718107175e-07
44	7	7	9.99999999999999334e-01	2.29315209393619156e-09	1.71068704590826570e-07
44	8	8	1.00000000000000089e+00	1.03886696813318556e-08	2.34539427101942977e-07
44	9	9	9.99999999999999112e-01	9.41392190155431774e-09	2.41089321395548950e-07
44	10	10	1.00000000000000178e+00	1.04672962665916595e-08	2.68666711211729137e-07
44	11	11	9.99999999999998890e-01	8.44502402986656028e-09	2.68800271707725358e-07
44	12	12	1.00000000000000111e+00	1.50598166533807657e-08	3.40927803321733336e-07
44	13	13	9.99999999999998890e-01	1.17155916652633784e-08	3.45894522579826003e-07
44	14	14	9.99999999999999334e-01	1.09157744338908429e-08	3.53765372440584258e-07
44	15	15	9.99999999999998779e-01	1.78369299126439010e-08	3.66878865953879085e-07
44	16	16	9.99999999999994005e-01	1.27034213401481755e-08	3.89682415669057036e-07
44	17	17	1.00000000000000089e+00	2.01954844591122047e-08	4.21198704358971554e-07
44	18	18	1.00000000000000089e+00	2.82902896265784755e-09	4.36972896311615955e-07
44	19	19	9.99999999999990008e-01	5.86909522093056633e-09	5.02013994374550521e-07
44	20	20	1.00000000000000044e+00	4.86466587814137041e-09	5.81312896485997044e-07
44	21	21	9.99999999999973910e-01	2.66316367491741121e-08	6.22093212276908503e-07
44	22	22	1.00000000000029377e+00	8.85746607778141839e-09	1.24156177827572378e-06
44	23	23	9.99999999999985567e-01	5.66018883322320318e-10	1.42312076745199079e-06
44	24	24	1.00000000000063238e+00	5.79790677142849486e-08	1.57759183050387719e-06
44	25	25	1.00000000000259526e+00	3.25408806389173506e-08	1.76844664334652180e-06
45	0	0	9.99999999999998446e-01	1.20813187762519687e-08	-1.68460832852823650e-08
45	1	1	1.00000000000000044e+00	1.20812800605878373e-08	-1.68460585064922341e-08
45	2	2	9.99999999999983347e-01	1.78472795923303033e-07	3.38534200533535667e-08
45	3	3	9.99999999999983680e-01	1.78472781292697859e-07	3.38534207611207449e-08
45	4	4	9.99999999999999889e-01	1.40934031850938566e-08	1.48498290275522749e-07
45	5	5	1.00000000000000111e+00	1.40934290024441387e-08	1.48498323415680034e-07
45	6	6	1.00000000000000022e+00	4.79944436012141575e-08	1.60928668724302781e-07
45	7	7	1.00000000000000044e+00	4.79942480303892781e-08	1.60928677550575827e-07
45	8	8	9.99999999999996336e-01	9.47916272421293604e-08	2.32418970624870269e-07
45	9	9	9.99999999999996780e-01	9.47916573644030162e-08	2.32418975842918485e-07
45	10	10	1.00000000000000089e+00	2.21900211117252792e-08	2.83338702278257415e-07
45	11	11	1.00000000000000133e+00	2.21900569197787971e-08	2.83338714268666081e-07
45	12	12	1.00000000000000022e+00	1.56272885817597023e-08	3.51201514647847546e-07
45	13	13	9.99999999999999112e-01	1.56273390744726889e-08	3.51201542736490069e-07
45	14	14	9.99999999999999223e-01	1.86609679085306662e-08	3.65048629102915356e-07
45	15	15	9.99999999999998779e-01	1.86607888421705970e-08	3.65048815842428098e-07
45	16	16	9.99999999999999778e-01	1.33660039011366206e-08	3.66875857915616166e-07
45	17	17	9.99999999999999556e-01	1.33660433386987360e-08	3.66875909652009113e-07
45	18	18	9.99999999999999889e-01	1.89804973128183844e-08	4.56726981123978248e-07
45	19	19	9.99999999999999889e-01	1.89804223782766299e-08	4.56726991560074680e-07
45	20	20	9.99999999999965361e-01	9.96340347672198863e-09	6.11765694324972742e-07
45	21	21	9.99999999999964917e-01	9.96338507534964712e-09	6.11766164837490578e-07
45	22	22	1.00000000000170308e+00	2.00407008597072775e-08	1.52509816953028121e-06
45	23	23	1.00000000000173972e+00	2.00407251389135644e-08	1.52510137851891159e-06
45	24	24	1.00000000000000266e+00	6.83521185637047047e-09	1.71259587222749587e-06
45	25	25	1.00000000000002309e+00	6.83521567899271992e-09	1.71259789816247121e-06
46	0	0	9.99999999999998890e-01	1.57955708526747610e-09	-3.82133149290364571e-08
46	1	1	9.99999999999999334e-01	5.20338604080419357e-09	-1.66201432092805482e-11
46	2	2	9.99999999999999667e-01	1.15121046222546122e-08	3.82681004107432443e-08
46	3	3	1.00000000000000044e+00	2.81585304835247262e-09	5.66324523665340251e-08
46	4	4	9.99999999999999001e-01	1.40050695885183817e-08	1.11430295046677230e-07
46	5	5	1.00000000000000111e+00	2.06615378996120224e-08	1.53127067359370983e-07
46	6	6	1.00000000000000044e+00	1.05803427383940889e-08	1.67390040439752141e-07
46	7	7	1.00000000000000000e+00	2.29318899109092329e-09	1.71068703092025487e-07
46	8	8	1.00000000000000067e+00	1.03886831409705977e-08	2.34539427546032186e-07
46	9	9	9.99999999999999223e-01	9.41392563462266385e-09	2.41089321506571252e-07
46	10	10	1.00000000000000222e+00	1.04675395434706642e-08	2.68666710989684532e-07
46	11	11	9.99999999999999667e-01	8.44574730809217112e-09	2.68800271152613846e-07
46	12	12	9.99999999999999778e-01	1.50598067869626891e-08	3.40927801434354194e-07
46	13	13	9.99999999999999445e-01	1.17155546296527217e-08	3.45894522801870608e-07
46	14	14	1.00000000000000067e+00	1.09157473807595644e-08	3.53765372773651166e-07
46	15	15	9.99999999999999667e-01	1.78369455476936430e-08	3.66878866842057505e-07
46	16	16	9.99999999999995337e-01	1.27033974628493986e-08	3.89682413004521777e-07
46	17	17	1.00000000000000111e+00	2.01955123205974981e-08	4.21198702804659320e-07
46	18	18	9.99999999999999112e-01	2.82903457020676991e-09	4.36972897421838979e-07
46	19	19	9.99999999999988898e-01	5.86911368398910463e-09	5.02013991487970657e-07
46	20	20	1.00000000000000067e+00	4.86467552266083375e-09	5.81312894931684809e-07
46	21	21	9.99999999999971578e-01	2.66316607377418981e-08	6.22093227597986242e-07
46	22	22	1.00000000000029732e+00	8.85766113609412543e-09	1.24156178449297272e-06
46	23	23	9.99999999999982903e-01	5.65955142516697261e-10	1.42312079853823548e-06
46	24	24	1.00000000000067413e+00	5.79788597014629674e-08	1.57759208274654839e-06
46	25	25	1.00000000000257350e+00	3.25407579037382548e-08	1.76844704213863224e-06
47	0	0	9.99999999999998890e-01	6.86882481191611383e-09	-4.73630078767772744e-08
47	1	1	9.99999999999998890e-01	4.99728891439052592e-09	1.20823295743366366e-08
47	2	2	1.00000000000000111e+00	6.46960779261228790e-09	3.54403611596554313e-08
47	3	3	9.99999999999999445e-01	7.34020760892952296e-09	6.77900713619283835e-08
47	4	4	9.99999999999999556e-01	2.05751626663802113e-08	1.24861980199675315e-07
47	5	5	9.99999999999999667e-01	1.10203121888685600e-08	1.53001827540855118e-07
47	6	6	9.99999999999999556e-01	1.68328064742904809e-08	1.57091917918350532e-07
47	7	7	1.00000000000000400e+00	1.22729198815162251e-08	1.80090045764913498e-07
47	8	8	1.00000000000000022e+00	4.02793301912684343e-09	1.85549140718777039e-07
47	9	9	1.00000000000000089e+00	8.81504686247417222e-09	2.24596365061557890e-07
47	10	10	1.00000000000000022e+00	2.42762880352511399e-08	2.76668660648127229e-07
47	11	11	9.99999999999999223e-01	1.57965799535566583e-08	3.18397955889615503e-07
47	12	12	9.99999999999997891e-01	1.18001760069978517e-08	3.26604244982320324e-07
47	13	13	1.00000000000000000e+00	6.00841899280185478e-09	3.29332302873019955e-07
47	14	14	1.00000000000000111e+00	3.20291081717604632e-09	3.61195603759689732e-07
47	15	15	9.99999999999995892e-01	2.37992662818421025e-08	3.71586351466390852e-07
47	16	16	9.99999999999999112e-01	3.01852357220077285e-08	3.85955956749839402e-07
47	17	17	9.99999999999994560e-01	1.55721920858698315e-08	4.06936490060516576e-07
47	18	18	9.99999999999999889e-01	7.47390941745218134e-09	4.57949978160954174e-07
47	19	19	9.99999999999991784e-01	1.80329013606174894e-08	5.30313378765967514e-07
47	20	20	9.99999999999974909e-01	4.47614380076969671e-09	6.28561822813011872e-07
47	21	21	9.99999999999993339e-01	7.33564466474912492e-10	7.24859498202334862e-07
47	22	22	1.00000000000000466e+00	4.76610919741255149e-10	1.13981687599462589e-06
47	23	23	1.00000000000026734e+00	3.95468183855455598e-08	1.26383489273962368e-06
47	24	24	1.00000000000072120e+00	3.46695412655599795e-10	1.49934717263988659e-06
47	25	25	1.00000000000232792e+00	1.65742478880646255e-08	1.92901749418439294e-06
48	0	0	9.99999999999999556e-01	2.17515332052914366e-08	-6.37669414216279762e-08
48	1	1	1.00000000000000067e+00	1.87101298496203664e-08	3.27231258201443609e-08
48	2	3	9.62669451229125284e-01	1.20774189939449306e+00	7.59736604738492360e-08
48	3	2	9.62669451229125062e-01	1.20774189939041432e+00	7.59749875789417217e-08
48	4	4	1.00000000000000000e+00	2.52770433161444389e-08	1.15801575883978103e-07
48	5	6	9.82526178116440163e-01	1.27583349476255159e+00	1.35926670197239474e-07
48	6	5	9.82526178116440385e-01	1.27583349490195652e+00	1.35936749190435080e-07
48	7	7	1.00000000000000622e+00	1.03618829678447445e-08	1.84331343633381550e-07
48	8	9	9.61844315747207634e-01	1.20532372885813799e+00	1.96916532413382583e-07
48	9	8	9.61844315747207745e-01	1.20532372862143355e+00	1.96925940443293257e-07
48	10	10	9.99999999999995226e-01	2.10696460428709471e-08	2.64879851052945980e-07
48	11	11	9.99999999999998668e-01	1.87876160765906043e-08	3.06288444273938865e-07
48	12	12	9.41652809065341323e-01	3.41605593719654765e-01	3.10484047472137092e-07
48	13	13	9.41652809065339769e-01	3.41605593730783252e-01	3.10579814866152049e-07
48	14	15	7.17925765288301543e-01	7.79590057880117815e-01	3.94084401555971908e-07
48	15	14	7.17925765288301765e-01	7.79590057748035581e-01	3.94416284521525995e-07
48	16	16	9.99999999999991340e-01	3.33554255399945779e-08	4.20337461504161070e-07
48	17	18	9.12471871542099633e-01	1.08706996693636593e+00	4.53074651129981021e-07
48	18	17	9.12471871542098301e-01	1.08706996702123915e+00	4.53262475774707241e-07
48	19	19	1.00000000000000688e+00	2.79924813959432264e-08	5.84302884965026692e-07
48	20	20	8.30661339767659213e-01	5.81959895658102244e-01	7.98968346593653678e-07
48	21	21	8.30661339767658324e-01	5.81959895656979032e-01	7.99443292898160962e-07
48	22	23	8.87405286125721449e-01	1.03827733783225495e+00	1.34451265987323154e-06
48	23	22	8.87405286125723891e-01	1.03827733783489062e+00	1.34459673839515403e-06
48	24	24	1.00000000000117062e+00	1.18802180341020985e-08	1.43769909755064873e-06
48	25	25	1.00000000000110689e+00	7.94768507835897322e-09	2.10263072109029281e-06
49	0	0	9.99999999999999778e-01	6.88308102844873610e-09	-4.73629095942840195e-08
49	1	1	9.99999999999999223e-01	5.10905143820700295e-09	1.20809461393034390e-08
49	2	2	9.99999999999998890e-01	6.15464497471808950e-09	3.54346909869907023e-08
49	3	3	1.00000000000000000e+00	7.13926967039468579e-09	6.77851408059648719e-08
49	4	4	9.99999999999999112e-01	1.96059012189795056e-08	1.24872893081384717e-07
49	5	5	9.99999999999999112e-01	1.15653276354592144e-08	1.53004917902155313e-07
49	6	6	9.99999999999998668e-01	1.73487127289337767e-08	1.57115332799495633e-07
49	7	7	1.00000000000000311e+00	1.19351730888426318e-08	1.80061307253343017e-07
49	8	8	9.99999999999999445e-01	6.19199549210530255e-09	1.85605837921265504e-07
49	9	9	1.00000000000000111e+00	8.18042851601138314e-09	2.24725355435495544e-07
49	10	10	1.00000000000000089e+00	2.16350691315820721e-08	2.76070723392862760e-07
49	11	11	1.00000000000000067e+00	1.56304841197683747e-08	3.18461250370383198e-07
49	12	12	9.99999999999997891e-01	1.07640739961948419e-08	3.26391943805681706e-07
49	13	13	9.99999999999999223e-01	8.52476428844078245e-09	3.29417383371222172e-07
49	14	14	9.99999999999999667e-01	5.13857177087473377e-09	3.60990998649057815e-07
49	15	15	9.99999999999997669e-01	1.97025776777332613e-08	3.71886653693920266e-07
49	16	16	9.99999999999999445e-01	2.12925213554336200e-08	3.86631083593158564e-07
49	17	17	9.99999999999996558e-01	1.17603754854346279e-08	4.06883163384108570e-07
49	18	18	1.00000000000000000e+00	9.06726983846327913e-09	4.58108409207014233e-07
49	19	19	9.99999999999992228e-01	1.83092073327410828e-08	5.30303031043288797e-07
49	20	20	9.99999999999975797e-01	6.59469544211801782e-09	6.27629026528353506e-07
49	21	21	9.99999999999997446e-01	1.19460599706605079e-09	7.24175222455158973e-07
49	22	22	9.99999999999998557e-01	5.20800990122056978e-10	1.14058211675427401e-06
49	23	23	1.00000000000024225e+00	4.01063058856676386e-08	1.26803686972820628e-06
49	24	24	1.00000000000070077e+00	4.15098628578086909e-10	1.49835956353427946e-06
49	25	25	1.00000000000238876e+00	1.68285411723108179e-08	1.92865830861421728e-06
50	0	0	9.99999999999998668e-01	1.57955019307335442e-09	-3.82133144710694594e-08
50	1	1	9.99999999999999556e-01	5.20336997368353749e-09	-1.66218111052451184e-11
50	2	2	9.99999999999999778e-01	1.15120842880463165e-08	3.82681013960661787e-08
50	3	3	1.00000000000000089e+00	2.81585071753366738e-09	5.66324534212458985e-08
50	4	4	9.99999999999999667e-01	1.40050506263305419e-08	1.11430295157699533e-07
50	5	5	1.00000000000000089e+00	2.06614271099690395e-08	1.53127065805058749e-07
50	6	6	1.00000000000000178e+00	1.05803258510800215e-08	1.67390041827530922e-07
50	7	7	9.99999999999999556e-01	2.29321939222453686e-09	1.71068702592425126e-07
50	8	8	1.00000000000000178e+00	1.03886546181386434e-08	2.34539424659452322e-07
50	9	9	9.99999999999999889e-01	9.41393809313045782e-09	2.41089324837240326e-07
50	10	10	1.00000000000000266e+00	1.04671272014653053e-08	2.68666709768439205e-07
50	11	11	1.00000000000000133e+00	8.44433473900223113e-09	2.68800272484881475e-07
50	12	12	1.00000000000000000e+00	1.50598119541967498e-08	3.40927801878443404e-07
50	13	13	9.99999999999999556e-01	1.17155814122283130e-08	3.45894523245959817e-07
50	14	14	9.99999999999999445e-01	1.09156948918395128e-08	3.53765371552405838e-07
50	15	15	9.99999999999998446e-01	1.78368588761793946e-08	3.66878868840458949e-07
50	16	16	9.99999999999995892e-01	1.27034154630062841e-08	3.89682417001324666e-07
50	17	17	1.00000000000000133e+00	2.01954877533062465e-08	4.21198704136926949e-07
50	18	18	1.00000000000000044e+00	2.82904512471196120e-09	4.36972892314813066e-07
50	19	19	9.99999999999990452e-01	5.86908354497390880e-09	5.02013997927264199e-07
50	20	20	1.00000000000000000e+00	4.86469273893612071e-09	5.81312894709640204e-07
50	21	21	9.99999999999973799e-01	2.66316576655390981e-08	6.22093211832819293e-07
50	22	22	1.00000000000029909e+00	8.85753915858615641e-09	1.24156181247059294e-06
50	23	23	9.99999999999985234e-01	5.65867681082184923e-10	1.42312080742001967e-06
50	24	24	1.00000000000066502e+00	5.79791680669042339e-08	1.57759191488082706e-06
50	25	25	1.00000000000257439e+00	3.25409490041591306e-08	1.76844679433685315e-06
51	0	0	9.99999999999999889e-01	1.41168238941781226e-08	-5.98606620660913080e-08
51	1	1	9.99999999999998668e-01	2.56876488328844903e-09	3.78105330794964445e-08
51	2	2	7.08365395514257701e-01	7.63720635367960532e-01	6.08834661297574797e-08
51	3	3	7.08365395514255702e-01	7.63720635367959977e-01	6.08834661297574797e-08
51	4	4	9.99999999999999556e-01	8.65603853055984420e-09	1.03360858594303551e-07
51	5	5	1.00000000000000022e+00	9.86464572491674027e-09	1.39962941902993521e-07
51	6	6	7.76319578674331545e-01	6.68850385090221766e-01	1.64729171470145985e-07
51	7	7	7.76319578674332544e-01	6.68850385090251853e-01	1.64729172968947069e-07
51	8	8	1.00000000000000799e+00	1.12043980456383421e-08	2.04698158645655326e-07
51	9	9	1.00000000000000000e+00	1.77231312305830259e-08	2.18656672323902512e-07
51	10	10	9.99999999999994560e-01	1.74732822122875109e-08	2.83306657133941542e-07
51	11	11	9.22226764645711961e-01	3.94393800360342772e-01	2.92502018273133046e-07
51	12	12	9.22226764645711405e-01	3.94393800360337499e-01	2.92502017718021534e-07
51	13	13	9.99999999999998890e-01	1.52024886263477867e-08	3.46573222564927619e-07
51	14	14	9.99999999999999334e-01	4.80964367619564479e-09	3.71833938972443434e-07
51	15	15	9.99999999999996891e-01	1.50974579867000110e-08	3.90547772566307572e-07
51	16	17	8.58697342797028251e-01	9.87438050167448456e-01	4.25397583603270846e-07
51	17	16	8.58697342797027585e-01	9.87438050167470882e-01	4.25397584269404661e-07
51	18	18	9.99999999999995226e-01	1.03657445332972304e-08	4.61167538601259253e-07
51	19	19	9.95748243136547084e-01	9.22144984142539426e-02	6.00455982491254758e-07
51	20	20	9.95748243136547417e-01	9.22144984142525548e-02	6.00455980714897919e-07
51	21	21	1.00000000000000577e+00	1.21903711849320589e-09	7.98283273262256898e-07
51	22	22	1.00000000000026046e+00	8.39510626695795242e-10	1.04248107568594151e-06
51	23	23	1.00000000000176970e+00	3.30255921527140151e-10	1.53482692688555744e-06
51	24	24	9.86772972273608828e-01	1.62647027161054586e-01	1.69897448287770203e-06
51	25	25	9.86772972273595617e-01	1.62647027161061442e-01	1.69897445001510050e-06
52	0	0	9.99999999999999223e-01	6.88308088051138205e-09	-4.73629096775507463e-08
52	1	1	1.00000000000000022e+00	5.10904194851523290e-09	1.20809468401317233e-08
52	2	2	9.99999999999999334e-01	6.15465007027131456e-09	3.54346897796231630e-08
52	3	3	1.00000000000000200e+00	7.13927323693444948e-09	6.77851403341200864e-08
52	4	4	9.99999999999999223e-01	1.96059217529524436e-08	1.24872894025074288e-07
52	5	5	9.99999999999999667e-01	1.15653453136022677e-08	1.53004917124999196e-07
52	6	6	1.00000000000000022e+00	1.73487637624795105e-08	1.57115333465629448e-07
52	7	7	1.00000000000000422e+00	1.19351704192388814e-08	1.80061307142320715e-07
52	8	8	9.99999999999999223e-01	6.19203301260889264e-09	1.85605838587399319e-07
52	9	9	1.00000000000000000e+00	8.18042798563958894e-09	2.24725353992205612e-07
52	10	10	1.00000000000000044e+00	2.16350698183855720e-08	2.76070723392862760e-07
52	11	11	1.00000000000000089e+00	1.56304961844325214e-08	3.18461252257762339e-07
52	12	12	9.99999999999998113e-01	1.07640745211257067e-08	3.26391944582837823e-07
52	13	13	9.99999999999998890e-01	8.52476698652815976e-09	3.29417383815311382e-07
52	14	14	9.99999999999998779e-01	5.13858174596744115e-09	3.60991000314392352e-07
52	15	15	9.99999999999997446e-01	1.97025684800946770e-08	3.71886654360054081e-07
52	16	16	9.99999999999999556e-01	2.12925266413413476e-08	3.86631085369515404e-07
52	17	17	9.99999999999995559e-01	1.17603650525288471e-08	4.06883162051840941e-07
52	18	18	1.00000000000000067e+00	9.06726876792002577e-09	4.58108407430657394e-07
52	19	19	9.99999999999991562e-01	1.83092313608622799e-08	5.30303030155110378e-07
52	20	20	9.99999999999976463e-01	6.59466131521232053e-09	6.27629031413334815e-07
52	21	21	9.99999999999992006e-01	1.19462169746420926e-09	7.24175229116497121e-07
52	22	22	1.00000000000000755e+00	5.20814462960165703e-10	1.14058198086297580e-06
52	23	23	1.00000000000027711e+00	4.01063996289534624e-08	1.26803677691356143e-06
52	24	24	1.00000000000067679e+00	4.15098826163765606e-10	1.49835948537457853e-06
52	25	25	1.00000000000238431e+00	1.68286008583329818e-08	1.92865831394328779e-06
53	0	0	9.99999999999998668e-01	1.49323515707400456e-09	-3.82134363874353511e-08
53	1	1	9.99999999999998890e-01	5.20607522102143579e-09	-1.67301359940176531e-11
53	2	2	9.99999999999998668e-01	1.14839114037215885e-08	3.82696236506108178e-08
53	3	3	1.00000000000000089e+00	2.73545410896737089e-09	5.66343096031207693e-08
53	4	4	9.99999999999999112e-01	1.35751467411872695e-08	1.11439379057998167e-07
53	5	5	1.00000000000000044e+00	2.20864500952261848e-08	1.53139626257736694e-07
53	6	6	1.00000000000000089e+00	1.09055871663014867e-08	1.67368883363661070e-07
53	7	7	1.00000000000000000e+00	2.21738906263633078e-09	1.71067014831383091e-07
53	8	8	1.00000000000000044e+00	1.02604274396658245e-08	2.34564087375765951e-07
53	9	9	9.99999999999999889e-01	1.00932312900102513e-08	2.41043639603866211e-07
53	10	10	1.00000000000000222e+00	8.51949932178552402e-09	2.68647052048542889e-07
53	11	11	1.00000000000000200e+00	2.83374207428223638e-09	2.68816621074030593e-07
53	12	12	1.00000000000000000e+00	1.50655796507973358e-08	3.40941487042556446e-07
53	13	13	9.99999999999999001e-01	1.13413999434155014e-08	3.45721435479617867e-07
53	14	14	9.99999999999999334e-01	4.83876082081753722e-09	3.53724383894693517e-07
53	15	15	9.99999999999999334e-01	1.82679360981890631e-08	3.66701025322768714e-07
53	16	16	9.99999999999994227e-01	1.26282854548049249e-08	3.89724091887089230e-07
53	17	17	9.99999999999999223e-01	2.21766342304284740e-08	4.21406202377738737e-07
53	18	18	1.00000000000000022e+00	2.11459239132551509e-09	4.36972626749465576e-07
53	19	19	9.99999999999990119e-01	5.84165662745951694e-09	5.01945856434815596e-07
53	20	20	9.99999999999997446e-01	4.86583842661183973e-09	5.81640450247888907e-07
53	21	21	9.99999999999973133e-01	2.56480828351309850e-08	6.22458664389924365e-07
53	22	22	1.00000000000029354e+00	8.60812813987676717e-09	1.24104616583409211e-06
53	23	23	9.99999999999993450e-01	4.59665062916272391e-10	1.42285076254466958e-06
53	24	24	1.00000000000064748e+00	5.82849735769665076e-08	1.57644867737616323e-06
53	25	25	1.00000000000255818e+00	3.26394506094023569e-08	1.76984809829860978e-06
54	0	0	9.99999999999999334e-01	1.51588837981162447e-08	-1.68463470326396525e-08
54	1	1	9.99999999999999778e-01	1.51589035624580929e-08	-1.68463268057639226e-08
54	2	2	9.99999999999730105e-01	7.35432812264485824e-07	3.38533787808126263e-08
54	3	3	9.99999999999730216e-01	7.35432752782347574e-07	3.38533828886378174e-08
54	4	4	9.99999999999999889e-01	1.23040717182047367e-08	1.48510781394772806e-07
54	5	5	9.99999999999999889e-01	1.23040696517692438e-08	1.48510814701463545e-07
54	6	6	9.99999999999998002e-01	8.16325991415387704e-08	1.60971655949193604e-07
54	7	7	9.99999999999998668e-01	8.16323011634593653e-08	1.60971664886488952e-07
54	8	8	9.99999999999998890e-01	1.61880338544918926e-08	2.32417175949350963e-07
54	9	9	1.00000000000000022e+00	1.61880334183931184e-08	2.32417178502863919e-07
54	10	10	1.00000000000000244e+00	2.26592885729872200e-08	2.83330894079725226e-07
54	11	11	1.00000000000000222e+00	2.26593833268098892e-08	2.83330905737066985e-07
54	12	12	1.00000000000000000e+00	1.81265459284653197e-08	3.51181908886388783e-07
54	13	13	1.00000000000000155e+00	1.81265930681093073e-08	3.51181937197075911e-07
54	14	14	1.00000000000000022e+00	4.74611110111807121e-08	3.65029272364481017e-07
54	15	15	9.99999999999999223e-01	4.74665915929413234e-08	3.65029459103993759e-07
54	16	16	9.99999999999998224e-01	4.64897265940743728e-08	3.66682770591708618e-07
54	17	17	9.99999999999999001e-01	4.64953246164242746e-08	3.66682822994235380e-07
54	18	18	1.00000000000000067e+00	1.50949719460448101e-08	4.56714138508118594e-07
54	19	19	1.00000000000000067e+00	1.50949028873083736e-08	4.56714151386705680e-07
54	20	20	9.99999999999964029e-01	8.57818140098641358e-09	6.12033330682493215e-07
54	21	21	9.99999999999967248e-01	8.57817075788134358e-09	6.12033802083189471e-07
54	22	22	1.00000000000167111e+00	2.26812248685427716e-08	1.52562536559486261e-06
54	23	23	1.00000000000170997e+00	2.26813028725816944e-08	1.52562888189322621e-06
54	24	24	1.00000000000000022e+00	1.05463515856574808e-08	1.71273136206906429e-06
54	25	25	1.00000000000001421e+00	1.05461369154044319e-08	1.71273332849608551e-06
55	0	0	9.99999999999998224e-01	1.57954179880688385e-09	-3.82133142490248545e-08
55	1	1	9.99999999999998113e-01	5.20340336805132167e-09	-1.66215915543051901e-11
55	2	2	9.99999999999999778e-01	1.15120904019836203e-08	3.82681012711660884e-08
55	3	3	1.00000000000000022e+00	2.81585233669140538e-09	5.66324523942896008e-08
55	4	4	1.00000000000000044e+00	1.40050623800315312e-08	1.11430293436853844e-07
55	5	5	1.00000000000000133e+00	2.06613458374732537e-08	1.53127067248348681e-07
55	6	6	1.00000000000000111e+00	1.05802747332209988e-08	1.67390043992465820e-07
55	7	7	9.99999999999999778e-01	2.29317408523576400e-09	1.71068702592425126e-07
55	8	8	1.00000000000000133e+00	1.03886393778392230e-08	2.34539425880697650e-07
55	9	9	9.99999999999999667e-01	9.41395848690060979e-09	2.41089324171106512e-07
55	10	10	1.00000000000000200e+00	1.04672776188043493e-08	2.68666709657416902e-07
55	11	11	9.99999999999999778e-01	8.44491726402971088e-09	2.68800274483282919e-07
55	12	12	1.00000000000000044e+00	1.50598188045586443e-08	3.40927801434354194e-07
55	13	13	9.99999999999998224e-01	1.17155277165641467e-08	3.45894521247558373e-07
55	14	14	9.99999999999998890e-01	1.09156484718719321e-08	3.53765369887071301e-07
55	15	15	9.99999999999997224e-01	1.78369315503067682e-08	3.66878867730235925e-07
55	16	16	9.99999999999994116e-01	1.27034027357962367e-08	3.89682413670655592e-07
55	17	17	1.00000000000000067e+00	2.01954725766248999e-08	4.21198704581016159e-07
55	18	18	9.99999999999999334e-01	2.82903861590001357e-09	4.36972896089571350e-07
55	19	19	9.99999999999989564e-01	5.86910836540868582e-09	5.02013990821836842e-07
55	20	20	9.99999999999998113e-01	4.86468914901773400e-09	5.81312890490792711e-07
55	21	21	9.99999999999972911e-01	2.66316405423420746e-08	6.22093225377540193e-07
55	22	22	1.00000000000028932e+00	8.85749516325133350e-09	1.24156179293066771e-06
55	23	23	9.99999999999992784e-01	5.65991187127878835e-10	1.42312079498552180e-06
55	24	24	1.00000000000068545e+00	5.79787113147497105e-08	1.57759189178818815e-06
55	25	25	1.00000000000256550e+00	3.25406453115104708e-08	1.76844713806190157e-06
56	0	0	9.99999999999998113e-01	1.57954302829792282e-09	-3.82133151927144255e-08
56	1	1	9.99999999999998779e-01	5.20337183086869275e-09	-1.66226948519884385e-11
56	2	2	9.99999999999999778e-01	1.15120842942796568e-08	3.82681011462659981e-08
56	3	3	1.00000000000000111e+00	2.81585104901470451e-09	5.66324525330674788e-08
56	4	4	9.99999999999999556e-01	1.40050491311593968e-08	1.11430294602588020e-07
56	5	5	1.00000000000000000e+00	2.06614268357564760e-08	1.53127066526703715e-07
56	6	6	1.00000000000000133e+00	1.05803144067549376e-08	1.67390042604687039e-07
56	7	7	9.99999999999999778e-01	2.29321011298476136e-09	1.71068702148335916e-07
56	8	8	1.00000000000000244e+00	1.03886647798441035e-08	2.34539425880697650e-07
56	9	9	9.99999999999998668e-01	9.41394436924362614e-09	2.41089325503374141e-07
56	10	10	1.00000000000000355e+00	1.04670143289846799e-08	2.68666712432974464e-07
56	11	11	9.99999999999999778e-01	8.44407121302867259e-09	2.68800270930569241e-07
56	12	12	9.99999999999999889e-01	1.50598368118946370e-08	3.40927804098889453e-07
56	13	13	9.99999999999998890e-01	1.17155592868335633e-08	3.45894524578227447e-07
56	14	14	9.99999999999999667e-01	1.09156852516008192e-08	3.53765372107517351e-07
56	15	15	9.99999999999999112e-01	1.78368724440636087e-08	3.66878865953879085e-07
56	16	16	9.99999999999994449e-01	1.27034154859361691e-08	3.89682416779280061e-07
56	17	17	1.00000000000000133e+00	2.01954835982761872e-08	4.21198703692837739e-07
56	18	18	9.99999999999999556e-01	2.82904174659244407e-09	4.36972893202991486e-07
56	19	19	9.99999999999990452e-01	5.86909230863907179e-09	5.02013999703621039e-07
56	20	20	9.99999999999999889e-01	4.86470023899506964e-09	5.81312901148933747e-07
56	21	21	9.99999999999972689e-01	2.66316553095558030e-08	6.22093211388730083e-07
56	22	22	1.00000000000030731e+00	8.85752950842244353e-09	1.24156189329482913e-06
56	23	23	9.99999999999998668e-01	5.65919601328915619e-10	1.42312088291518535e-06
56	24	24	1.00000000000063505e+00	5.79791363827756741e-08	1.57759198149420854e-06
56	25	25	1.00000000000258038e+00	3.25409253625866401e-08	1.76844717625357362e-06
57	0	0	1.00000000000000000e+00	1.63512898511708072e-08	-1.68463477265290429e-08
57	1	1	9.99999999999999112e-01	1.63513197083986291e-08	-1.68463265420859543e-08
57	2	2	9.99999999999981348e-01	1.88692689891912476e-07	3.38533830135379077e-08
57	3	3	9.99999999999980904e-01	1.88692676467501250e-07	3.38533794747020167e-08
57	4	4	1.00000000000000022e+00	1.18975530571693223e-08	1.48510782782551587e-07
57	5	5	1.00000000000000067e+00	1.18975557142559937e-08	1.48510815867197721e-07
57	6	6	9.99999999999997224e-01	9.33652410725673673e-08	1.60971655616126696e-07
57	7	7	9.99999999999996225e-01	9.33648977819693285e-08	1.60971662999109810e-07
57	8	8	9.99999999999999445e-01	4.04421823170795882e-08	2.32417175283217148e-07
57	9	9	9.99999999999999445e-01	4.04421954279953242e-08	2.32417179724109246e-07
57	10	10	1.00000000000000155e+00	1.47327446149114442e-08	2.83330895523015158e-07
57	11	11	1.00000000000000178e+00	1.47328180887647914e-08	2.83330906514223102e-07
57	12	12	1.00000000000000111e+00	1.83897332506647618e-08	3.51181908220254968e-07
57	13	13	1.00000000000000111e+00	1.83897740180019700e-08	3.51181936308897491e-07
57	14	14	1.00000000000000022e+00	4.75457509540165775e-08	3.65029271920391807e-07
57	15	15	9.99999999999998890e-01	4.75510852695729180e-08	3.65029459103993759e-07
57	16	16	9.99999999999999889e-01	4.65183710812575076e-08	3.66682771479887037e-07
57	17	17	9.99999999999999223e-01	4.65238268043373360e-08	3.66682822106056960e-07
57	18	18	1.00000000000000067e+00	1.84706309917644925e-08	4.56714141616743063e-07
57	19	19	1.00000000000000044e+00	1.84705544895232173e-08	4.56714151830794890e-07
57	20	20	9.99999999999966693e-01	8.07236828748104431e-09	6.12033332458850055e-07
57	21	21	9.99999999999966471e-01	8.07238458600651735e-09	6.12033802749323286e-07
57	22	22	1.00000000000171796e+00	2.63963614586265612e-08	1.52562567912184477e-06
57	23	23	1.00000000000169953e+00	2.63964477305095997e-08	1.52562880995077421e-06
57	24	24	1.00000000000001510e+00	9.66312633348761876e-09	1.71273138072081110e-06
57	25	25	1.00000000000001799e+00	9.66283858678967092e-09	1.71273326188270403e-06
58	0	0	9.99999999999999778e-01	1.49325019889348427e-09	-3.82134369564246512e-08
58	1	1	9.99999999999999445e-01	5.20606059456263484e-09	-1.67292993016486188e-11
58	2	2	9.99999999999999334e-01	1.14839156158871750e-08	3.82696271478133454e-08
58	3	3	9.99999999999999556e-01	2.73545330469043204e-09	5.66343058838736368e-08
58	4	4	9.99999999999999778e-01	1.35751605542040212e-08	1.11439379668620830e-07
58	5	5	1.00000000000000178e+00	2.20865346028078299e-08	1.53139625147513669e-07
58	6	6	1.00000000000000200e+00	1.09056390842194694e-08	1.67368879977480844e-07
58	7	7	9.99999999999999112e-01	2.21739327919244266e-09	1.71067015497516905e-07
58	8	8	1.00000000000000222e+00	1.02604443453472918e-08	2.34564086487587531e-07
58	9	9	9.99999999999998779e-01	1.00932137648299745e-08	2.41043639159777001e-07
58	10	10	1.00000000000000289e+00	8.51951745712946678e-09	2.68647052381609797e-07
58	11	11	1.00000000000000022e+00	2.83374007415583551e-09	2.68816622184253617e-07
58	12	12	1.00000000000000044e+00	1.50656138569910005e-08	3.40941486931534143e-07
58	13	13	9.99999999999999001e-01	1.13414671400176022e-08	3.45721435257573262e-07
58	14	14	1.00000000000000000e+00	4.83879508840184128e-09	3.53724385671050356e-07
58	15	15	9.99999999999998890e-01	1.82678958761137504e-08	3.66701025988902529e-07
58	16	16	9.99999999999994671e-01	1.26282758969016537e-08	3.89724090110732391e-07
58	17	17	1.00000000000000111e+00	2.21766541380927868e-08	4.21406199491158873e-07
58	18	18	9.99999999999999112e-01	2.11458821023915024e-09	4.36972623196751897e-07
58	19	19	9.99999999999990452e-01	5.84166122081136360e-09	5.01945859987529275e-07
58	20	20	9.99999999999999112e-01	4.86582310185048597e-09	5.81640452690379561e-07
58	21	21	9.99999999999974021e-01	2.56481297182359435e-08	6.22458667720593439e-07
58	22	22	1.00000000000028044e+00	8.60814956120182767e-09	1.24104613741238268e-06
58	23	23	9.99999999999992784e-01	4.59662394632981059e-10	1.42285071014214282e-06
58	24	24	1.00000000000069256e+00	5.82849631897881347e-08	1.57644886922270189e-06
58	25	25	1.00000000000256817e+00	3.26394581992061605e-08	1.76984773414545771e-06
59	0	0	9.99999999999997891e-01	6.88304845492327070e-09	-4.73629095942840195e-08
59	1	1	9.99999999999998890e-01	5.10903895826404101e-09	1.20809468748261928e-08
59	2	2	1.00000000000000089e+00	6.15463576734322546e-09	3.54346880448996870e-08
59	3	3	9.99999999999998335e-01	7.13926673914818952e-09	6.77851403063645108e-08
59	4	4	1.00000000000000089e+00	1.96058429415276480e-08	1.24872891915650541e-07
59	5	5	1.00000000000000133e+00	1.15653341506528203e-08	1.53004919012378338e-07
59	6	6	9.99999999999998446e-01	1.73487104360395436e-08	1.57115333299095994e-07
59	7	7	1.00000000000000444e+00	1.19351870262870809e-08	1.80061307197831866e-07
59	8	8	1.00000000000000044e+00	6.19201021492326476e-09	1.85605837366153992e-07
59	9	9	1.00000000000000178e+00	8.18041014598229808e-09	2.24725354325272519e-07
59	10	10	1.00000000000000089e+00	2.16350677928294128e-08	2.76070722837751248e-07
59	11	11	1.00000000000000044e+00	1.56304606435305017e-08	3.18461249926293988e-07
59	12	12	9.99999999999997780e-01	1.07640753387783566e-08	3.26391943361592496e-07
59	13	13	1.00000000000000089e+00	8.52476776047785528e-09	3.29417381816909938e-07
59	14	14	1.00000000000000022e+00	5.13858424891081278e-09	3.60990997316790185e-07
59	15	15	9.99999999999997113e-01	1.97025771837504988e-08	3.71886651251429612e-07
59	16	16	9.99999999999999223e-01	2.12925136355482105e-08	3.86631081594757120e-07
59	17	17	9.99999999999995892e-01	1.17603956563243453e-08	4.06883161163662521e-07
59	18	18	1.00000000000000155e+00	9.06726202658173870e-09	4.58108406098389764e-07
59	19	19	9.99999999999993117e-01	1.83091807471776888e-08	5.30303021273326181e-07
59	20	20	9.99999999999977573e-01	6.59460581761412763e-09	6.27629035632182308e-07
59	21	21	9.99999999999992562e-01	1.19461934840154849e-09	7.24175218014266875e-07
59	22	22	1.00000000000001665e+00	5.20807473974092766e-10	1.14058204525591123e-06
59	23	23	1.00000000000027089e+00	4.01063484778600565e-08	1.26803681510523347e-06
59	24	24	1.00000000000068923e+00	4.15095546973972544e-10	1.49835968965561506e-06
59	25	25	1.00000000000241673e+00	1.68285754646768203e-08	1.92865819492737955e-06
60	0	0	9.99999999999999556e-01	1.41168229820568856e-08	-5.98606617885355519e-08
60	1	1	1.00000000000000044e+00	2.56876738097722034e-09	3.78105332876632616e-08
60	2	2	9.74490823563378239e-01	2.25872426085691691e-01	6.08834676285585630e-08
60	3	3	9.74490823563380126e-01	2.25872426085689554e-01	6.08834657411794211e-08
60	4	4	9.99999999999999112e-01	8.65603974149563220e-09	1.03360860259638088e-07
60	5	5	1.00000000000000133e+00	9.86464327247402965e-09	1.39962942125038126e-07
60	6	6	9.69850422563979353e-01	2.45558860959939534e-01	1.64729169471744541e-07
60	7	7	9.69850422563978909e-01	2.45558860959946251e-01	1.64729170581967566e-07
60	8	8	1.00000000000000777e+00	1.12044017288421729e-08	2.04698157424409999e-07
60	9	9	1.00000000000000000e+00	1.77231280869676292e-08	2.18656670769590278e-07
60	10	10	9.99999999999995115e-01	1.74732783203498191e-08	2.83306658466209171e-07
60	11	11	8.95949772044096204e-01	4.56180287437233600e-01	2.92502018606199954e-07
60	12	12	8.95949772044095316e-01	4.56180287437241483e-01	2.92502019050289164e-07
60	13	13	1.00000000000000022e+00	1.52024847363602724e-08	3.46573222231860711e-07
60	14	14	9.99999999999999001e-01	4.80964213185434468e-09	3.71833938972443434e-07
60	15	15	9.99999999999996003e-01	1.50974721103905592e-08	3.90547769679727708e-07
60	16	16	9.46645945065910377e-01	3.26662072382567503e-01	4.25397584047360056e-07
60	17	17	9.46645945065910266e-01	3.26662072382564506e-01	4.25397582937137031e-07
60	18	18	9.99999999999995892e-01	1.03657474159797254e-08	4.61167537935125438e-07
60	19	19	9.98541861589168467e-01	5.40025630737945919e-02	6.00455987376236067e-07
60	20	20	9.98541861589167690e-01	5.40025630737955009e-02	6.00455990040771326e-07
60	21	21	1.00000000000001021e+00	1.21904564780615396e-09	7.98283276814970577e-07
60	22	22	1.00000000000024825e+00	8.39510869331754467e-10	1.04248106014281916e-06
60	23	23	1.00000000000173772e+00	3.30270221460511899e-10	1.53482704856600094e-06
60	24	24	9.71856474402971737e-01	2.37248922391679495e-01	1.69897440027710900e-06
60	25	25	9.71856474402980619e-01	2.37248922391691403e-01	1.69897447399591783e-06
61	0	0	9.99999999999999334e-01	1.57954946302448589e-09	-3.82133150261809718e-08
61	1	1	9.99999999999999667e-01	5.20340142295277729e-09	-1.66229195393361590e-11
61	2	2	1.00000000000000022e+00	1.15121029546939403e-08	3.82681030891562912e-08
61	3	3	1.00000000000000022e+00	2.81585015990267500e-09	5.66324535877793522e-08
61	4	4	1.00000000000000022e+00	1.40050679319020290e-08	1.11430294658099172e-07
61	5	5	1.00000000000000133e+00	2.06613508948707522e-08	1.53127067636926739e-07
61	6	6	1.00000000000000133e+00	1.05802823374010989e-08	1.67390045047177694e-07
61	7	7	9.99999999999999889e-01	2.29319682497559127e-09	1.71068703258558941e-07
61	8	8	1.00000000000000200e+00	1.03886264210944668e-08	2.34539425214563835e-07
61	9	9	9.99999999999999112e-01	9.41395233174954488e-09	2.41089326058485653e-07
61	10	10	1.00000000000000289e+00	1.04671892435511497e-08	2.68666710101506112e-07
61	11	11	9.99999999999998890e-01	8.44448753915752509e-09	2.68800273706126802e-07
61	12	12	1.00000000000000000e+00	1.50598026199225231e-08	3.40927802433554916e-07
61	13	13	9.99999999999999889e-01	1.17155391967115923e-08	3.45894522468803700e-07
61	14	14	1.00000000000000067e+00	1.09155956432345684e-08	3.53765372329561956e-07
61	15	15	9.99999999999999223e-01	1.78369090135116713e-08	3.66878867952280530e-07
61	16	16	9.99999999999995670e-01	1.27034045154494156e-08	3.89682411672254148e-07
61	17	17	1.00000000000000155e+00	2.01954724719807588e-08	4.21198705247149974e-07
61	18	18	9.99999999999998668e-01	2.82904745478112822e-09	4.36972894979348325e-07
61	19	19	9.99999999999990896e-01	5.86910914777604008e-09	5.02013986602989348e-07
61	20	20	9.99999999999998890e-01	4.86467955852302135e-09	5.81312893377372575e-07
61	21	21	9.99999999999974243e-01	2.66316514933703224e-08	6.22093216273711391e-07
61	22	22	1.00000000000030043e+00	8.85747374792803083e-09	1.24156182002010951e-06
61	23	23	9.99999999999980904e-01	5.65930033898813514e-10	1.42312084872031619e-06
61	24	24	1.00000000000064682e+00	5.79790422014018026e-08	1.57759182339844983e-06
61	25	25	1.00000000000259504e+00	3.25408618072274333e-08	1.76844724020241983e-06
62	0	0	9.99999999999999334e-01	6.88304719693800615e-09	-4.73629095942840195e-08
62	1	1	9.99999999999999667e-01	5.10903545600231386e-09	1.20809470274818587e-08
62	2	2	1.00000000000000022e+00	6.15462613235281578e-09	3.54346872261102064e-08
62	3	3	9.99999999999999667e-01	7.13926858042227920e-09	6.77851431929443748e-08
62	4	4	9.99999999999999223e-01	1.96058214324531273e-08	1.24872892470762054e-07
62	5	5	1.00000000000000022e+00	1.15653249017465462e-08	1.53004917513577254e-07
62	6	6	9.99999999999998224e-01	1.73486811913784417e-08	1.57115332466428725e-07
62	7	7	1.00000000000000377e+00	1.19351922389824356e-08	1.80061307863965681e-07
62	8	8	1.00000000000000044e+00	6.19202939386026802e-09	1.85605835811841757e-07
62	9	9	1.00000000000000133e+00	8.18040347166443251e-09	2.24725354436294822e-07
62	10	10	1.00000000000000111e+00	2.16350497299469979e-08	2.76070721172416711e-07
62	11	11	1.00000000000000089e+00	1.56304274057928870e-08	3.18461247372781031e-07
62	12	12	9.99999999999998557e-01	1.07640629375904105e-08	3.26391942695458681e-07
62	13	13	1.00000000000000000e+00	8.52475979764144811e-09	3.29417381372820728e-07
62	14	14	9.99999999999999445e-01	5.13858520246568381e-09	3.60990996983723278e-07
62	15	15	9.99999999999996891e-01	1.97025925472461398e-08	3.71886649475072772e-07
62	16	16	9.99999999999998890e-01	2.12925145964926995e-08	3.86631082038846330e-07
62	17	17	9.99999999999995781e-01	1.17604101260130758e-08	4.06883160275484101e-07
62	18	18	9.99999999999999334e-01	9.06726467755430625e-09	4.58108408096791209e-07
62	19	19	9.99999999999992006e-01	1.83091619452353271e-08	5.30303017498567897e-07
62	20	20	9.99999999999977351e-01	6.59462765436376245e-09	6.27629034744003889e-07
62	21	21	9.99999999999994449e-01	1.19460822131561174e-09	7.24175216237910035e-07
62	22	22	9.99999999999990230e-01	5.20798162970175699e-10	1.14058207500988829e-06
62	23	23	1.00000000000024203e+00	4.01062958672392094e-08	1.26803689504129125e-06
62	24	24	1.00000000000070166e+00	4.15088506064179769e-10	1.49835987706126161e-06
62	25	25	1.00000000000236500e+00	1.68285521189805848e-08	1.92865783876783325e-06
63	0	0	1.00000000000000022e+00	2.17515507645295400e-08	-6.37669422542952447e-08
63	1	1	1.00000000000000044e+00	1.87101071062873762e-08	3.27231261948446317e-08
63	2	3	9.29879342417214594e-01	1.12439791747625395e+00	7.59736569211355572e-08
63	3	2	9.29879342417215815e-01	1.12439791747246964e+00	7.59749904655215857e-08
63	4	4	9.99999999999999778e-01	2.52769844039706591e-08	1.15801572664331331e-07
63	5	5	9.91297612059316213e-01	1.31927161187725628e-01	1.35926672750752431e-07
63	6	6	9.91297612059317546e-01	1.31927161202109178e-01	1.35936749467990836e-07
63	7	7	1.00000000000000933e+00	1.03619005357343796e-08	1.84331345187693785e-07
63	8	9	8.66013957196718476e-01	9.99980174219219031e-01	1.96916529526802719e-07
63	9	8	8.66013957196718920e-01	9.99980174022851109e-01	1.96925942441694701e-07
63	10	10	9.99999999999996336e-01	2.10696646166954347e-08	2.64879850830901376e-07
63	11	11	9.99999999999999001e-01	1.87875956871167193e-08	3.06288446716429519e-07
63	12	12	8.56507503686786298e-01	5.35709802143873204e-01	3.10484052135073796e-07
63	13	13	8.56507503686786409e-01	5.35709802161322135e-01	3.10579816309441981e-07
63	14	14	9.19719340391793150e-01	4.00701034435002101e-01	3.94084399557570464e-07
63	15	15	9.19719340391791595e-01	4.00701034367114739e-01	3.94416286741972044e-07
63	16	16	9.99999999999992562e-01	3.33553867802496674e-08	4.20337460838027255e-07
63	17	18	8.19843062520203669e-01	9.24566608608605622e-01	4.53074656681096144e-07
63	18	17	8.19843062520204224e-01	9.24566608680789992e-01	4.53262477551064080e-07
63	19	19	1.00000000000000888e+00	2.79923948356348120e-08	5.84302876083242495e-07
63	20	20	8.78615818767872092e-01	4.92715295319554547e-01	7.98968351922724196e-07
63	21	21	8.78615818767873313e-01	4.92715295318603641e-01	7.99443332422100639e-07
63	22	23	8.87534283922189471e-01	1.03851655806368970e+00	1.34451272870705907e-06
63	23	22	8.87534283922191469e-01	1.03851655806633270e+00	1.34459680412035709e-06
63	24	24	1.00000000000112044e+00	1.18801483933125480e-08	1.43769918592440149e-06
63	25	25	1.00000000000114286e+00	7.94766773451769876e-09	2.10263112077058167e-06
