Initialized LibRPA global environment at [2026-07-16 08:37:56.854]
Total number of tasks    :     4
Total number of nodes    :     1
Maximal number of threads:   1
MPI tasks information:
| Proc    0 of Size    4: Fisherd-Server
| Proc    1 of Size    4: Fisherd-Server
| Proc    2 of Size    4: Fisherd-Server
| Proc    3 of Size    4: Fisherd-Server
| Global ID of master process of node     0 :     0

LibRPA CMake build info:
| Build type               : RelWithDebInfo
| Source code directory    : /home/bhj/ai-runs/librpa-qsgw-gate0-20260716T0840-a76fd826/source-candidate/src
| Source code Git reference: 
| Source code Git hash     : a76fd826eed3929185ea47cfcb992075a72f2b77
| C++ compiler             : /opt/intel/oneapi/mpi/2021.16/bin/mpiicpx
| C++ compiler flags       :   -fiopenmp
| Fortran compiler         : /opt/intel/oneapi/mpi/2021.16/bin/mpiifx
| Fortran compiler flags   : 
| GreenX commit hash       : c90d131
| Use LibRI                : ON
| LibRI include directory  : /home/bhj/ai-runs/librpa-qsgw-gate0-20260716T0840-a76fd826/source-candidate/thirdparty/LibRI/include
| LibComm include directory: /home/bhj/ai-runs/librpa-qsgw-gate0-20260716T0840-a76fd826/source-candidate/thirdparty/LibComm/include

===== Begin driver parameters  =====
task = g0w0
constants_choice = internal
input_dir = ../dataset/
prefix_lri_coeff = Cs_data
prefix_lri_coeff_shrink = Cs_shrinked_data
prefix_shrink_sinvS = shrink_sinvS_
prefix_coul_full = coulomb_full_iq
prefix_coul_cut = coulomb_cut_iq
prefix_eigvecs_scf = KS_eigenvector
fn_stru = stru_out
fn_bz_sampling = bz_sampling_out
fn_basis = basis_out
fn_basis_wfc = basis_wfc_out
fn_basis_aux = basis_aux_out
fn_basis_aux_shrink = basis_aux_shrink_out
fn_eigocc_scf = band_out
fn_dielfunc = dielecfunc_out
fn_vxc_scf = vxc_out
fn_band_kpath_info = band_kpath_info
output_level = info
use_spinor_wfc = false
output_energy_qp = false
output_gw_spec_func = false
output_hamgnn = false
use_pyatb = false
version_coul_reader = 1
version_lri_reader = -1
cs_R_threshold = 1e-06
i_state_low = 0
i_state_high = 999999
===== End driver parameters    =====

===== Begin control parameters =====
output_dir = librpa.d/
restart_from_dir = <output_dir>
tfgrids_type = minimax
anacon_tfgrids_type = unset
parallel_routing = libri
rpa_headwing_mode = qavg
nfreq = 6
n_bands_chi0 = -1
n_bands_sigc = -1
n_params_anacon = -1
n_params_anacon_resample = -1
anacon_nfreq = -1
option_qpe_solver = 0
option_dielect_func = 0
option_bvk_remap = 1
rpa_headwing_body_start = 0
qpe_solver_n_iter_max = 10000
libri_chi0_collect_s0_chunk = 0
istate_ref_hedin_shift = -1
ifreq_output_wc_start = 0
ifreq_output_wc_end = -1
libri_chi0_collect_max_bytes = 0
gf_R_threshold = 0
vq_threshold = 0
minimax_emin = -1
minimax_emax = -1
minimax_regulation = 0
sqrt_coulomb_threshold = 0
libri_chi0_threshold_C = 0
libri_chi0_threshold_G = 0
libri_exx_threshold_C = 0
libri_exx_threshold_D = 0
libri_exx_threshold_V = 0
libri_g0w0_threshold_C = 0
libri_g0w0_threshold_G = 0
libri_g0w0_threshold_Wc = 0
qpe_solver_thres = 1e-06
qpe_solver_damp_factor = 0.1
sf_gf_omega_shift = 0.01
sf_sigc_omega_shift = 0.01
debug = false
replace_w_head = true
use_fullcoul_eps = true
use_fullcoul_exx = false
use_fullcoul_wc = false
use_symmetry_exx = false
use_symmetry_gw = false
use_symmetry_rpa = false
output_abacus_gw_gf = false
use_shrink_abfs = false
use_shrink_chi = true
use_scalapack_ecrpa = true
use_scalapack_gw_wc = true
use_cholesky_gw_wc = false
use_gpu_replace_scalapack = false
use_elpa_sqrt_coulomb = false
use_kpara_scf_eigvec = true
read_sigc_mat_rf = false
output_gw_sigc_ks_kf = false
output_gw_sigc_ks_mat_kf = false
output_gw_sigc_mat_kf = false
output_gw_sigc_mat_rf = false
output_gw_sigc_mat_rt = false
output_wc_rf = false
output_wc_rf_atom_pair = true
use_qpe_adaptive_damp = false
use_qpe_legacy_update = false
override_qpe_solver_nan = false
use_hedin_shift = false
===== End control parameters   =====

Mean-field dimensions set:
| number of spins           : 1
| number of k-points        : 27
| number of bands           : 18
| number of NAOs            : 18
| number of spin components : 1
Internal two-level (SCF k-points/matrix block) parallelization for eigenvectors set:
| processes per k-point      : 1
| processes per matrix block : 4
Mean-field eigenvalues and occupation numbers set:
| Minimal transition energy (Ha):       0.0701854842
| Maximal transition energy (Ha):      65.9650049168
| Fermi level               (Ha):      -0.1699559007
Reading structure file: ../dataset/stru_out
Lattice vectors (Bohr): latt
         7.23797               0               0
         3.61898         6.26826               0
         3.61898         2.08942         5.90977
Reciprocal lattice vectors (2PI Bohr^-1): G
         0.13816      -0.0797669      -0.0564037
               0        0.159534      -0.0564037
               0               0        0.169211
Consistency check: latt * G.T
               1               0               0
               0               1               0
               0               0               1
Atom positions read (Cartesian in Bohr | fractional):
ia    1:    0.0000000    0.0000000    0.0000000 |    0.0000000    0.0000000    0.0000000
ia    2:    3.6189832    2.0894209    1.4774437 |    0.2500000    0.2500000    0.2500000

Reading Brillouin zone sampling file: ../dataset/bz_sampling_out
kgrids:   3   3   3
k-points read (Cartesian in 2Pi Bohr^-1 | fractional):
ik    1:    0.0000000    0.0000000    0.0000000 |    0.0000000    0.0000000    0.0000000
ik    2:    0.0000000    0.0000000    0.0564037 |    0.0000000    0.0000000    0.3333333
ik    3:    0.0000000    0.0000000    0.1128075 |    0.0000000    0.0000000    0.6666667
ik    4:   -0.0000000    0.0531779   -0.0188012 |    0.0000000    0.3333333    0.0000000
ik    5:    0.0000000    0.0531779    0.0376025 |    0.0000000    0.3333333    0.3333333
ik    6:    0.0000000    0.0531779    0.0940062 |    0.0000000    0.3333333    0.6666667
ik    7:   -0.0000000    0.1063559   -0.0376025 |    0.0000000    0.6666667    0.0000000
ik    8:   -0.0000000    0.1063559    0.0188012 |    0.0000000    0.6666667    0.3333333
ik    9:    0.0000000    0.1063559    0.0752050 |    0.0000000    0.6666667    0.6666667
ik   10:    0.0460535   -0.0265890   -0.0188012 |    0.3333333    0.0000000    0.0000000
ik   11:    0.0460535   -0.0265890    0.0376025 |    0.3333333    0.0000000    0.3333333
ik   12:    0.0460535   -0.0265890    0.0940062 |    0.3333333    0.0000000    0.6666667
ik   13:    0.0460535    0.0265890   -0.0376025 |    0.3333333    0.3333333    0.0000000
ik   14:    0.0460535    0.0265890    0.0188012 |    0.3333333    0.3333333    0.3333333
ik   15:    0.0460535    0.0265890    0.0752050 |    0.3333333    0.3333333    0.6666667
ik   16:    0.0460535    0.0797669   -0.0564037 |    0.3333333    0.6666667    0.0000000
ik   17:    0.0460535    0.0797669    0.0000000 |    0.3333333    0.6666667    0.3333333
ik   18:    0.0460535    0.0797669    0.0564037 |    0.3333333    0.6666667    0.6666667
ik   19:    0.0921069   -0.0531779   -0.0376025 |    0.6666667    0.0000000    0.0000000
ik   20:    0.0921069   -0.0531779    0.0188012 |    0.6666667    0.0000000    0.3333333
ik   21:    0.0921069   -0.0531779    0.0752050 |    0.6666667    0.0000000    0.6666667
ik   22:    0.0921069   -0.0000000   -0.0564037 |    0.6666667    0.3333333    0.0000000
ik   23:    0.0921069   -0.0000000   -0.0000000 |    0.6666667    0.3333333    0.3333333
ik   24:    0.0921069   -0.0000000    0.0564037 |    0.6666667    0.3333333    0.6666667
ik   25:    0.0921069    0.0531779   -0.0752050 |    0.6666667    0.6666667    0.0000000
ik   26:    0.0921069    0.0531779   -0.0188012 |    0.6666667    0.6666667    0.3333333
ik   27:    0.0921069    0.0531779    0.0376025 |    0.6666667    0.6666667    0.6666667
Hint: full k-point list is copied from parsed k-points.
R-points to compute: 27
    1 -     5 : ( -1,  -1,  -1) ( -1,  -1,   0) ( -1,  -1,   1) ( -1,   0,  -1) ( -1,   0,   0)
    6 -    10 : ( -1,   0,   1) ( -1,   1,  -1) ( -1,   1,   0) ( -1,   1,   1) (  0,  -1,  -1)
   11 -    15 : (  0,  -1,   0) (  0,  -1,   1) (  0,   0,  -1) (  0,   0,   0) (  0,   0,   1)
   16 -    20 : (  0,   1,  -1) (  0,   1,   0) (  0,   1,   1) (  1,  -1,  -1) (  1,  -1,   0)
   21 -    25 : (  1,  -1,   1) (  1,   0,  -1) (  1,   0,   0) (  1,   0,   1) (  1,   1,  -1)
   26 -    27 : (  1,   1,   0) (  1,   1,   1)

SCF k-point to Coulomb q-point mapping:
  ik:          k_1          k_2          k_3      iq
   1:    0.0000000    0.0000000    0.0000000
   2:    0.0000000    0.0000000    0.3333333
   3:    0.0000000    0.0000000    0.6666667 ->    2
   4:    0.0000000    0.3333333    0.0000000
   5:    0.0000000    0.3333333    0.3333333
   6:    0.0000000    0.3333333    0.6666667
   7:    0.0000000    0.6666667    0.0000000 ->    4
   8:    0.0000000    0.6666667    0.3333333 ->    6
   9:    0.0000000    0.6666667    0.6666667 ->    5
  10:    0.3333333    0.0000000    0.0000000
  11:    0.3333333    0.0000000    0.3333333
  12:    0.3333333    0.0000000    0.6666667
  13:    0.3333333    0.3333333    0.0000000
  14:    0.3333333    0.3333333    0.3333333
  15:    0.3333333    0.3333333    0.6666667
  16:    0.3333333    0.6666667    0.0000000
  17:    0.3333333    0.6666667    0.3333333
  18:    0.3333333    0.6666667    0.6666667
  19:    0.6666667    0.0000000    0.0000000 ->   10
  20:    0.6666667    0.0000000    0.3333333 ->   12
  21:    0.6666667    0.0000000    0.6666667 ->   11
  22:    0.6666667    0.3333333    0.0000000 ->   16
  23:    0.6666667    0.3333333    0.3333333 ->   18
  24:    0.6666667    0.3333333    0.6666667 ->   17
  25:    0.6666667    0.6666667    0.0000000 ->   13
  26:    0.6666667    0.6666667    0.3333333 ->   15
  27:    0.6666667    0.6666667    0.6666667 ->   14

Reading basis information file: ../dataset/basis_out
Basis convention set:
| Bloch phase      : -1
| Bloch r_atom     : 0
| angular order    : 0
| RSH coeff m < 0  : 0
| RSH coeff m > 0  : 0
Wave-function basis functions set:
| total number of basis: 18
Auxiliary basis functions set:
| total number of basis: 86

KS eigenvector reader: binary v1 MPI-IO, direct k-BLACS 2D input
Successfully read eigenvector files
Loading RI file from directory: ../dataset/
Evenly distributed Cs and V for LibRI
LRI coefficient reader (Cs_data): legacy
Finished Cs filtering
Finished Cs parsing
Coulomb reader (coulomb_full_iq): binary v1
| Process     0: coulomb_mat read. Wall/CPU time [min]:       0.0000       0.0000
| Process     1: coulomb_mat read. Wall/CPU time [min]:       0.0000       0.0000
| Process     2: coulomb_mat read. Wall/CPU time [min]:       0.0000       0.0000
| Process     3: coulomb_mat read. Wall/CPU time [min]:       0.0000       0.0000
| Process     0: Cs with             27 non-zero keys from local atpair size       1. Data memory:       0.75 MB. Wall/CPU time [min]:       0.0000       0.0000
| Process     1: Cs with             27 non-zero keys from local atpair size       0. Data memory:       0.75 MB. Wall/CPU time [min]:       0.0000       0.0000
| Process     2: Cs with             27 non-zero keys from local atpair size       1. Data memory:       0.75 MB. Wall/CPU time [min]:       0.0000       0.0000
| Process     3: Cs with             27 non-zero keys from local atpair size       1. Data memory:       0.75 MB. Wall/CPU time [min]:       0.0000       0.0000
Actual parallel routing used: libri
Initialization finished, Wall/CPU time [min]:       0.0000       0.0000
Free memory on node     0 [GB]:  374.924
Common data parsed, task g0w0 will begin
g0w0: One-shot GW for quasi-paricle energies
Coulomb reader (coulomb_cut_iq): binary v1
Reading dielectric function for head correction
* Success: Read DFT xc potential, solve quasi-particle equation
Grid type: Minimax time-frequency grids
Grid size: 6
Frequency node & weight: 
 0      0.0288997787454656      0.0615042699355543
 1      0.1119959956817652      0.1175183005308527
 2      0.3090473854956282      0.3161084259522219
 3      0.9061807777954634      1.0363355051242831
 4      3.1443071675378937      4.2971030329701430
 5     15.1047477660768497     28.0028692021066341
Time node & weight: 
 0      0.0194911913032347      0.0561079921686686
 1      0.1626034289546565      0.2765708687579491
 2      0.7366664355325911      1.0031842868089798
 3      2.5961912249714940      3.0430509551613931
 4      7.8523360853126469      8.2538115927595292
 5     21.8042934284356242     22.1270120211160943
t->f transform: 

 Cosine transform matrix (row: freq, col: time)
nr = 6, nc = 6
 1.12571e-01 5.49776e-01 2.02101e+00 6.01347e+00 1.63132e+01 3.41067e+01
 1.10683e-01 5.61541e-01 1.96590e+00 5.97076e+00 9.69578e+00 -2.34126e+01
 1.12810e-01 5.46804e-01 1.99000e+00 3.94969e+00 -8.60390e+00 2.41325e+00
 1.11472e-01 5.53421e-01 1.49634e+00 -2.69128e+00 6.18934e-01 -1.03709e-01
 1.12564e-01 4.60943e-01 -6.81009e-01 1.22535e-01 -1.52121e-02 -4.14632e-03
 1.00038e-01 -1.15252e-01 1.84755e-02 -4.47843e-03 1.88708e-03 -1.18753e-03

 Sine transform matrix (row: freq, col: time)
nr = 6, nc = 6
 -1.54689e-02 9.75046e-02 -3.14579e-01 1.58116e+00 2.91501e-01 3.86284e+01
 1.75147e-02 -9.58165e-02 5.68662e-01 4.32093e-01 1.70527e+01 1.11496e+01
 -1.83812e-02 1.46021e-01 -1.53169e-02 6.07238e+00 4.23712e+00 -7.23918e+00
 2.25517e-02 -5.10972e-02 1.83168e+00 1.73600e+00 -2.36799e+00 2.03148e+00
 -1.57103e-02 4.35511e-01 5.93014e-01 -6.67668e-01 5.57910e-01 -5.51730e-01
 6.20622e-02 1.49168e-01 -1.43389e-01 1.24737e-01 -1.20257e-01 1.26292e-01
f->t transform: 

 Cosine transform matrix (row: time, col: freq)
nr = 6, nc = 6
 1.96529e-02 3.70960e-02 1.01601e-01 3.25946e-01 1.39235e+00 7.88329e+00
 1.95937e-02 3.73567e-02 1.00409e-01 3.28966e-01 1.13137e+00 -1.81440e+00
 1.95118e-02 3.74709e-02 9.80867e-02 2.49024e-01 -4.65711e-01 7.22205e-02
 1.95247e-02 3.60058e-02 6.67989e-02 -1.48509e-01 3.03717e-02 -5.81158e-03
 1.92288e-02 2.24309e-02 -5.34549e-02 1.41078e-02 -3.33381e-03 1.88451e-03
 1.51436e-02 -2.00235e-02 6.02759e-03 -1.70587e-03 1.01536e-03 -9.47304e-04

Total count of GFs IJR: 108
| Number of GFs IJR on Proc    0: 27
Use LibRI for chi0
| Number of GFs IJR on Proc    1: 27
| Number of GFs IJR on Proc    2: 27
| Number of GFs IJR on Proc    3: 27
Green's Function sums over all states.
chi0s for time point 0.019491, spin 0. CPU time: 0.138277 (tensor), 0.001148 (trans). Wall time 0.139298
Green's Function sums over all states.
chi0s for time point 0.162603, spin 0. CPU time: 0.135623 (tensor), 0.000295 (trans). Wall time 0.135828
Green's Function sums over all states.
chi0s for time point 0.736666, spin 0. CPU time: 0.135192 (tensor), 0.000308 (trans). Wall time 0.135384
Green's Function sums over all states.
chi0s for time point 2.596191, spin 0. CPU time: 0.135132 (tensor), 0.000307 (trans). Wall time 0.135318
Green's Function sums over all states.
chi0s for time point 7.852336, spin 0. CPU time: 0.134109 (tensor), 0.000296 (trans). Wall time 0.134390
Green's Function sums over all states.
chi0s for time point 21.804293, spin 0. CPU time: 0.135516 (tensor), 0.000314 (trans). Wall time 0.135712

Computing EXX orbital energy using LibRI
Task    3: V setup for EXX
Task    0: V setup for EXX
Task    1: V setup for EXX
Task    2: V setup for EXX
Task    0: DM setup for EXX
Task    1: DM setup for EXX
Task    2: DM setup for EXX
Task    3: DM setup for EXX
Task    0: cal_Hs elapsed time: 0.275001
Task    3: cal_Hs elapsed time: 0.274927
Task    1: cal_Hs elapsed time: 0.274993
Task    2: cal_Hs elapsed time: 0.274925
Calculating Wc using ScaLAPACK
Time for Wc initialization (seconds, Wall/CPU): 0.000073 0.000074
Computing Wc(q), 1 / 14, q=(0.000000, 0.000000, 0.000000)
Time to prepare sqrt root of Coulomb for Wc(q) (seconds, Wall/CPU): 0.006838 0.006879
Time to prepare sqrt root of Coulomb for Epsilon(q) (seconds, Wall/CPU): 0.005200 0.005241
Time for Wc(i_q=1, i_omega=1) (seconds, Wall/CPU): 0.004509 0.004552
Time for Wc(i_q=1, i_omega=2) (seconds, Wall/CPU): 0.003589 0.003630
Time for Wc(i_q=1, i_omega=3) (seconds, Wall/CPU): 0.003606 0.003650
Time for Wc(i_q=1, i_omega=4) (seconds, Wall/CPU): 0.003361 0.003405
Time for Wc(i_q=1, i_omega=5) (seconds, Wall/CPU): 0.003335 0.003391
Time for Wc(i_q=1, i_omega=6) (seconds, Wall/CPU): 0.003347 0.003392
Computing Wc(q), 2 / 14, q=(0.000000, 0.000000, 0.333333)
Time to prepare sqrt root of Coulomb for Wc(q) (seconds, Wall/CPU): 0.006701 0.006746
Time to prepare sqrt root of Coulomb for Epsilon(q) (seconds, Wall/CPU): 0.005399 0.005440
Time for Wc(i_q=2, i_omega=1) (seconds, Wall/CPU): 0.003121 0.003166
Time for Wc(i_q=2, i_omega=2) (seconds, Wall/CPU): 0.003048 0.003090
Time for Wc(i_q=2, i_omega=3) (seconds, Wall/CPU): 0.003012 0.003060
Time for Wc(i_q=2, i_omega=4) (seconds, Wall/CPU): 0.003048 0.003091
Time for Wc(i_q=2, i_omega=5) (seconds, Wall/CPU): 0.003114 0.003158
Time for Wc(i_q=2, i_omega=6) (seconds, Wall/CPU): 0.003049 0.003105
Computing Wc(q), 3 / 14, q=(0.000000, 0.333333, 0.000000)
Time to prepare sqrt root of Coulomb for Wc(q) (seconds, Wall/CPU): 0.005720 0.005758
Time to prepare sqrt root of Coulomb for Epsilon(q) (seconds, Wall/CPU): 0.005321 0.005366
Time for Wc(i_q=3, i_omega=1) (seconds, Wall/CPU): 0.002995 0.003039
Time for Wc(i_q=3, i_omega=2) (seconds, Wall/CPU): 0.003079 0.003123
Time for Wc(i_q=3, i_omega=3) (seconds, Wall/CPU): 0.003079 0.003123
Time for Wc(i_q=3, i_omega=4) (seconds, Wall/CPU): 0.002999 0.003040
Time for Wc(i_q=3, i_omega=5) (seconds, Wall/CPU): 0.003024 0.003066
Time for Wc(i_q=3, i_omega=6) (seconds, Wall/CPU): 0.003050 0.003096
Computing Wc(q), 4 / 14, q=(0.000000, 0.333333, 0.333333)
Time to prepare sqrt root of Coulomb for Wc(q) (seconds, Wall/CPU): 0.005567 0.005619
Time to prepare sqrt root of Coulomb for Epsilon(q) (seconds, Wall/CPU): 0.005261 0.005313
Time for Wc(i_q=4, i_omega=1) (seconds, Wall/CPU): 0.003344 0.003384
Time for Wc(i_q=4, i_omega=2) (seconds, Wall/CPU): 0.003363 0.003405
Time for Wc(i_q=4, i_omega=3) (seconds, Wall/CPU): 0.002966 0.003008
Time for Wc(i_q=4, i_omega=4) (seconds, Wall/CPU): 0.003064 0.003107
Time for Wc(i_q=4, i_omega=5) (seconds, Wall/CPU): 0.003178 0.003186
Time for Wc(i_q=4, i_omega=6) (seconds, Wall/CPU): 0.002955 0.002996
Computing Wc(q), 5 / 14, q=(0.000000, 0.333333, 0.666667)
Time to prepare sqrt root of Coulomb for Wc(q) (seconds, Wall/CPU): 0.006012 0.006017
Time to prepare sqrt root of Coulomb for Epsilon(q) (seconds, Wall/CPU): 0.005860 0.005913
Time for Wc(i_q=5, i_omega=1) (seconds, Wall/CPU): 0.003007 0.003065
Time for Wc(i_q=5, i_omega=2) (seconds, Wall/CPU): 0.003005 0.003050
Time for Wc(i_q=5, i_omega=3) (seconds, Wall/CPU): 0.002976 0.003021
Time for Wc(i_q=5, i_omega=4) (seconds, Wall/CPU): 0.003011 0.003054
Time for Wc(i_q=5, i_omega=5) (seconds, Wall/CPU): 0.002957 0.003003
Time for Wc(i_q=5, i_omega=6) (seconds, Wall/CPU): 0.002995 0.003038
Computing Wc(q), 6 / 14, q=(0.333333, 0.000000, 0.000000)
Time to prepare sqrt root of Coulomb for Wc(q) (seconds, Wall/CPU): 0.006247 0.006289
Time to prepare sqrt root of Coulomb for Epsilon(q) (seconds, Wall/CPU): 0.006066 0.006107
Time for Wc(i_q=6, i_omega=1) (seconds, Wall/CPU): 0.003012 0.003057
Time for Wc(i_q=6, i_omega=2) (seconds, Wall/CPU): 0.002960 0.003015
Time for Wc(i_q=6, i_omega=3) (seconds, Wall/CPU): 0.002964 0.003013
Time for Wc(i_q=6, i_omega=4) (seconds, Wall/CPU): 0.002891 0.002928
Time for Wc(i_q=6, i_omega=5) (seconds, Wall/CPU): 0.002989 0.003034
Time for Wc(i_q=6, i_omega=6) (seconds, Wall/CPU): 0.002964 0.003008
Computing Wc(q), 7 / 14, q=(0.333333, 0.000000, 0.333333)
Time to prepare sqrt root of Coulomb for Wc(q) (seconds, Wall/CPU): 0.005516 0.005556
Time to prepare sqrt root of Coulomb for Epsilon(q) (seconds, Wall/CPU): 0.005964 0.006010
Time for Wc(i_q=7, i_omega=1) (seconds, Wall/CPU): 0.002993 0.003034
Time for Wc(i_q=7, i_omega=2) (seconds, Wall/CPU): 0.002942 0.002985
Time for Wc(i_q=7, i_omega=3) (seconds, Wall/CPU): 0.002998 0.003054
Time for Wc(i_q=7, i_omega=4) (seconds, Wall/CPU): 0.002946 0.002987
Time for Wc(i_q=7, i_omega=5) (seconds, Wall/CPU): 0.002972 0.003027
Time for Wc(i_q=7, i_omega=6) (seconds, Wall/CPU): 0.002962 0.003005
Computing Wc(q), 8 / 14, q=(0.333333, 0.000000, 0.666667)
Time to prepare sqrt root of Coulomb for Wc(q) (seconds, Wall/CPU): 0.006105 0.006147
Time to prepare sqrt root of Coulomb for Epsilon(q) (seconds, Wall/CPU): 0.005919 0.005962
Time for Wc(i_q=8, i_omega=1) (seconds, Wall/CPU): 0.003007 0.003054
Time for Wc(i_q=8, i_omega=2) (seconds, Wall/CPU): 0.002942 0.003006
Time for Wc(i_q=8, i_omega=3) (seconds, Wall/CPU): 0.004123 0.004167
Time for Wc(i_q=8, i_omega=4) (seconds, Wall/CPU): 0.004348 0.004387
Time for Wc(i_q=8, i_omega=5) (seconds, Wall/CPU): 0.004322 0.004363
Time for Wc(i_q=8, i_omega=6) (seconds, Wall/CPU): 0.004086 0.004126
Computing Wc(q), 9 / 14, q=(0.333333, 0.333333, 0.000000)
Time to prepare sqrt root of Coulomb for Wc(q) (seconds, Wall/CPU): 0.007219 0.007262
Time to prepare sqrt root of Coulomb for Epsilon(q) (seconds, Wall/CPU): 0.006943 0.006987
Time for Wc(i_q=9, i_omega=1) (seconds, Wall/CPU): 0.003118 0.003164
Time for Wc(i_q=9, i_omega=2) (seconds, Wall/CPU): 0.003066 0.003109
Time for Wc(i_q=9, i_omega=3) (seconds, Wall/CPU): 0.002965 0.003023
Time for Wc(i_q=9, i_omega=4) (seconds, Wall/CPU): 0.003010 0.003052
Time for Wc(i_q=9, i_omega=5) (seconds, Wall/CPU): 0.002918 0.002960
Time for Wc(i_q=9, i_omega=6) (seconds, Wall/CPU): 0.002989 0.003033
Computing Wc(q), 10 / 14, q=(0.333333, 0.333333, 0.333333)
Time to prepare sqrt root of Coulomb for Wc(q) (seconds, Wall/CPU): 0.006336 0.006385
Time to prepare sqrt root of Coulomb for Epsilon(q) (seconds, Wall/CPU): 0.005977 0.006021
Time for Wc(i_q=10, i_omega=1) (seconds, Wall/CPU): 0.002982 0.003027
Time for Wc(i_q=10, i_omega=2) (seconds, Wall/CPU): 0.002932 0.002974
Time for Wc(i_q=10, i_omega=3) (seconds, Wall/CPU): 0.002944 0.002988
Time for Wc(i_q=10, i_omega=4) (seconds, Wall/CPU): 0.002978 0.003036
Time for Wc(i_q=10, i_omega=5) (seconds, Wall/CPU): 0.003013 0.003057
Time for Wc(i_q=10, i_omega=6) (seconds, Wall/CPU): 0.002960 0.003007
Computing Wc(q), 11 / 14, q=(0.333333, 0.333333, 0.666667)
Time to prepare sqrt root of Coulomb for Wc(q) (seconds, Wall/CPU): 0.006131 0.006173
Time to prepare sqrt root of Coulomb for Epsilon(q) (seconds, Wall/CPU): 0.006033 0.006077
Time for Wc(i_q=11, i_omega=1) (seconds, Wall/CPU): 0.003378 0.003395
Time for Wc(i_q=11, i_omega=2) (seconds, Wall/CPU): 0.002954 0.002998
Time for Wc(i_q=11, i_omega=3) (seconds, Wall/CPU): 0.002976 0.003020
Time for Wc(i_q=11, i_omega=4) (seconds, Wall/CPU): 0.002918 0.002961
Time for Wc(i_q=11, i_omega=5) (seconds, Wall/CPU): 0.002959 0.003014
Time for Wc(i_q=11, i_omega=6) (seconds, Wall/CPU): 0.002975 0.003016
Computing Wc(q), 12 / 14, q=(0.333333, 0.666667, 0.000000)
Time to prepare sqrt root of Coulomb for Wc(q) (seconds, Wall/CPU): 0.006070 0.006115
Time to prepare sqrt root of Coulomb for Epsilon(q) (seconds, Wall/CPU): 0.006063 0.006107
Time for Wc(i_q=12, i_omega=1) (seconds, Wall/CPU): 0.002975 0.003020
Time for Wc(i_q=12, i_omega=2) (seconds, Wall/CPU): 0.002975 0.003019
Time for Wc(i_q=12, i_omega=3) (seconds, Wall/CPU): 0.002929 0.002983
Time for Wc(i_q=12, i_omega=4) (seconds, Wall/CPU): 0.002975 0.003019
Time for Wc(i_q=12, i_omega=5) (seconds, Wall/CPU): 0.002972 0.003030
Time for Wc(i_q=12, i_omega=6) (seconds, Wall/CPU): 0.002955 0.002998
Computing Wc(q), 13 / 14, q=(0.333333, 0.666667, 0.333333)
Time to prepare sqrt root of Coulomb for Wc(q) (seconds, Wall/CPU): 0.006230 0.006272
Time to prepare sqrt root of Coulomb for Epsilon(q) (seconds, Wall/CPU): 0.005910 0.005955
Time for Wc(i_q=13, i_omega=1) (seconds, Wall/CPU): 0.002972 0.003016
Time for Wc(i_q=13, i_omega=2) (seconds, Wall/CPU): 0.002948 0.002992
Time for Wc(i_q=13, i_omega=3) (seconds, Wall/CPU): 0.002964 0.003006
Time for Wc(i_q=13, i_omega=4) (seconds, Wall/CPU): 0.002996 0.003040
Time for Wc(i_q=13, i_omega=5) (seconds, Wall/CPU): 0.002926 0.002967
Time for Wc(i_q=13, i_omega=6) (seconds, Wall/CPU): 0.002906 0.002949
Computing Wc(q), 14 / 14, q=(0.333333, 0.666667, 0.666667)
Time to prepare sqrt root of Coulomb for Wc(q) (seconds, Wall/CPU): 0.006063 0.006107
Time to prepare sqrt root of Coulomb for Epsilon(q) (seconds, Wall/CPU): 0.005218 0.005263
Time for Wc(i_q=14, i_omega=1) (seconds, Wall/CPU): 0.002993 0.003046
Time for Wc(i_q=14, i_omega=2) (seconds, Wall/CPU): 0.002953 0.002997
Time for Wc(i_q=14, i_omega=3) (seconds, Wall/CPU): 0.002918 0.002958
Time for Wc(i_q=14, i_omega=4) (seconds, Wall/CPU): 0.002920 0.002961
Time for Wc(i_q=14, i_omega=5) (seconds, Wall/CPU): 0.002964 0.003008
Time for Wc(i_q=14, i_omega=6) (seconds, Wall/CPU): 0.002948 0.003005
Time for Wc computation (seconds, Wall/CPU): 0.432787 0.437771
Calculating correlation self-energy by space-time method
Using real tensor
Converting Wc(q,w) -> W(R,t)
Converting Wc q,w -> R,t
Done converting Wc(q,w) -> Wc(R,w)
Done converting Wc q,w -> R,t
Time for Fourier transform of Wc in GW (seconds, Wall/CPU): 0.027806 0.027803
Time for LibRI G0W0 setup (seconds, Wall/CPU): 0.015978 0.016007
Time for Green's function, i_spin 1 i_tau 1 (seconds, Wall/CPU): 0.001470 0.001470
Task    2. libRI G0W0, spin 0, time grid     0.019491. Wc size 27, GF size 24. Wall time 0.271356
Task    3. libRI G0W0, spin 0, time grid     0.019491. Wc size 27, GF size 32. Wall time 0.271256
Task    1. libRI G0W0, spin 0, time grid     0.019491. Wc size 27, GF size 24. Wall time 0.277072
Task    0. libRI G0W0, spin 0, time grid     0.019491. Wc size 27, GF size 28. Wall time 0.277291
Task    2. libRI G0W0, spin 0, time grid    -0.019491. Wc size 27, GF size 24. Wall time 0.274131
Task    3. libRI G0W0, spin 0, time grid    -0.019491. Wc size 27, GF size 32. Wall time 0.275181
Task    0. libRI G0W0, spin 0, time grid    -0.019491. Wc size 27, GF size 28. Wall time 0.275179
Task    1. libRI G0W0, spin 0, time grid    -0.019491. Wc size 27, GF size 24. Wall time 0.276887
Time for Green's function, i_spin 1 i_tau 2 (seconds, Wall/CPU): 0.001171 0.001172
Task    2. libRI G0W0, spin 0, time grid     0.162603. Wc size 27, GF size 24. Wall time 0.268883
Task    3. libRI G0W0, spin 0, time grid     0.162603. Wc size 27, GF size 32. Wall time 0.268906
Task    0. libRI G0W0, spin 0, time grid     0.162603. Wc size 27, GF size 28. Wall time 0.276043
Task    1. libRI G0W0, spin 0, time grid     0.162603. Wc size 27, GF size 24. Wall time 0.276657
Task    3. libRI G0W0, spin 0, time grid    -0.162603. Wc size 27, GF size 32. Wall time 0.277068
Task    2. libRI G0W0, spin 0, time grid    -0.162603. Wc size 27, GF size 24. Wall time 0.279386
Task    0. libRI G0W0, spin 0, time grid    -0.162603. Wc size 27, GF size 28. Wall time 0.276077
Task    1. libRI G0W0, spin 0, time grid    -0.162603. Wc size 27, GF size 24. Wall time 0.277274
Time for Green's function, i_spin 1 i_tau 3 (seconds, Wall/CPU): 0.001147 0.001146
Task    3. libRI G0W0, spin 0, time grid     0.736666. Wc size 27, GF size 32. Wall time 0.269188
Task    2. libRI G0W0, spin 0, time grid     0.736666. Wc size 27, GF size 24. Wall time 0.269538
Task    0. libRI G0W0, spin 0, time grid     0.736666. Wc size 27, GF size 28. Wall time 0.276074
Task    1. libRI G0W0, spin 0, time grid     0.736666. Wc size 27, GF size 24. Wall time 0.278791
Task    2. libRI G0W0, spin 0, time grid    -0.736666. Wc size 27, GF size 24. Wall time 0.278070
Task    3. libRI G0W0, spin 0, time grid    -0.736666. Wc size 27, GF size 32. Wall time 0.279470
Task    0. libRI G0W0, spin 0, time grid    -0.736666. Wc size 27, GF size 28. Wall time 0.278496
Task    1. libRI G0W0, spin 0, time grid    -0.736666. Wc size 27, GF size 24. Wall time 0.276449
Time for Green's function, i_spin 1 i_tau 4 (seconds, Wall/CPU): 0.001300 0.001300
Task    3. libRI G0W0, spin 0, time grid     2.596191. Wc size 27, GF size 32. Wall time 0.270594
Task    2. libRI G0W0, spin 0, time grid     2.596191. Wc size 27, GF size 24. Wall time 0.272090
Task    0. libRI G0W0, spin 0, time grid     2.596191. Wc size 27, GF size 28. Wall time 0.275787
Task    1. libRI G0W0, spin 0, time grid     2.596191. Wc size 27, GF size 24. Wall time 0.276576
Task    3. libRI G0W0, spin 0, time grid    -2.596191. Wc size 27, GF size 32. Wall time 0.275379
Task    2. libRI G0W0, spin 0, time grid    -2.596191. Wc size 27, GF size 24. Wall time 0.277257
Task    0. libRI G0W0, spin 0, time grid    -2.596191. Wc size 27, GF size 28. Wall time 0.276247
Task    1. libRI G0W0, spin 0, time grid    -2.596191. Wc size 27, GF size 24. Wall time 0.276493
Time for Green's function, i_spin 1 i_tau 5 (seconds, Wall/CPU): 0.001521 0.001521
Task    2. libRI G0W0, spin 0, time grid     7.852336. Wc size 27, GF size 24. Wall time 0.268727
Task    3. libRI G0W0, spin 0, time grid     7.852336. Wc size 27, GF size 32. Wall time 0.269301
Task    1. libRI G0W0, spin 0, time grid     7.852336. Wc size 27, GF size 24. Wall time 0.276311
Task    0. libRI G0W0, spin 0, time grid     7.852336. Wc size 27, GF size 28. Wall time 0.277065
Task    2. libRI G0W0, spin 0, time grid    -7.852336. Wc size 27, GF size 24. Wall time 0.276471
Task    3. libRI G0W0, spin 0, time grid    -7.852336. Wc size 27, GF size 32. Wall time 0.276918
Task    0. libRI G0W0, spin 0, time grid    -7.852336. Wc size 27, GF size 28. Wall time 0.276146
Task    1. libRI G0W0, spin 0, time grid    -7.852336. Wc size 27, GF size 24. Wall time 0.277243
Time for Green's function, i_spin 1 i_tau 6 (seconds, Wall/CPU): 0.001237 0.001236
Task    2. libRI G0W0, spin 0, time grid    21.804293. Wc size 27, GF size 24. Wall time 0.269508
Task    3. libRI G0W0, spin 0, time grid    21.804293. Wc size 27, GF size 32. Wall time 0.270167
Task    0. libRI G0W0, spin 0, time grid    21.804293. Wc size 27, GF size 28. Wall time 0.275965
Task    1. libRI G0W0, spin 0, time grid    21.804293. Wc size 27, GF size 24. Wall time 0.276024
Task    2. libRI G0W0, spin 0, time grid   -21.804293. Wc size 27, GF size 24. Wall time 0.274042
Task    3. libRI G0W0, spin 0, time grid   -21.804293. Wc size 27, GF size 32. Wall time 0.274598
Task    1. libRI G0W0, spin 0, time grid   -21.804293. Wc size 27, GF size 24. Wall time 0.275641
Task    0. libRI G0W0, spin 0, time grid   -21.804293. Wc size 27, GF size 28. Wall time 0.276032
Printing quasi-particle energy [unit: eV]

spin  1, k-point    1: (0.00000, 0.00000, 0.00000) 
----------------------------------------------------------------------------------------------------------------------------
State              occ             e_mf             v_xc            v_exx           ReSigc           ImSigc             e_qp
----------------------------------------------------------------------------------------------------------------------------
    1          2.00000      -1790.77527       -153.07556       -244.86918         -0.13380          0.05898      -1882.70269
    2          2.00000      -1790.77527       -153.07558       -244.86953         -0.13377          0.05902      -1882.70300
    3          2.00000       -140.53907        -47.30431        -75.93964          1.44701         -7.11628       -167.72738
    4          2.00000       -140.53121        -47.31481        -75.94360          1.45295         -7.14571       -167.70705
    5          2.00000        -96.56460        -47.22660        -67.66063          5.82784         -2.99543       -111.17079
    6          2.00000        -96.56458        -47.22663        -67.66070          5.82784         -2.99543       -111.17080
    7          2.00000        -96.56457        -47.22664        -67.66070          5.82785         -2.99543       -111.17077
    8          2.00000        -96.54755        -47.25729        -67.69715          5.89177         -3.00340       -111.09564
    9          2.00000        -96.54753        -47.25732        -67.69722          5.89178         -3.00340       -111.09565
   10          2.00000        -96.54752        -47.25733        -67.69723          5.89179         -3.00340       -111.09562
   11          2.00000        -17.95787        -11.76838        -18.70397          5.64490         -0.96992        -19.24857
   12          2.00000         -5.58210        -13.26764        -14.13773          1.94655         -0.04455         -4.50564
   13          2.00000         -5.58042        -13.26753        -14.13751          1.94636         -0.04455         -4.50404
   14          2.00000         -5.57966        -13.26760        -14.13762          1.94632         -0.04455         -4.50336
   15          0.00000         -2.60827        -15.34527        -10.17581         -3.36013         -0.06585         -0.79894
   16          0.00000         -2.55034        -12.66795         -7.80820         -2.53652         -0.04429         -0.22711
   17          0.00000         -2.54917        -12.66801         -7.80802         -2.53691         -0.04427         -0.22609
   18          0.00000         -2.54792        -12.66794         -7.80801         -2.53691         -0.04424         -0.22489

spin  1, k-point    2: (0.00000, 0.00000, 0.33333) 
----------------------------------------------------------------------------------------------------------------------------
State              occ             e_mf             v_xc            v_exx           ReSigc           ImSigc             e_qp
----------------------------------------------------------------------------------------------------------------------------
    1          2.00000      -1790.77527       -153.07556       -244.86931         -0.13380          0.05899      -1882.70281
    2          2.00000      -1790.77527       -153.07557       -244.86944         -0.13377          0.05901      -1882.70291
    3          2.00000       -140.53774        -47.30539        -75.93954          1.44853         -7.11893       -167.72336
    4          2.00000       -140.53254        -47.31268        -75.94277          1.45001         -7.14503       -167.71262
    5          2.00000        -96.56555        -47.22608        -67.66226          5.83798         -2.99634       -111.16374
    6          2.00000        -96.56553        -47.22615        -67.66237          5.83799         -2.99634       -111.16376
    7          2.00000        -96.56328        -47.23377        -67.67337          5.85520         -2.99863       -111.14768
    8          2.00000        -96.54881        -47.25637        -67.69228          5.86732         -3.00009       -111.11740
    9          2.00000        -96.54660        -47.25883        -67.69744          5.88492         -3.00284       -111.10029
   10          2.00000        -96.54658        -47.25893        -67.69759          5.88493         -3.00284       -111.10031
   11          2.00000        -16.57702        -12.12292        -18.31864          5.30519         -1.17281        -17.46756
   12          2.00000        -11.16212        -11.88114        -15.24994          3.44601          0.01989        -11.08491
   13          2.00000         -6.83584        -12.75273        -14.12470          2.21735         -0.04093         -5.99046
   14          2.00000         -6.83276        -12.75309        -14.12568          2.21737         -0.04096         -5.98798
   15          0.00000         -3.25669        -13.74644         -9.07173         -2.77572         -0.06215         -1.35770
   16          0.00000         -0.45804        -13.22666         -7.65395         -3.17415         -0.02637          1.94051
   17          0.00000         -0.45277        -13.22675         -7.65360         -3.17524         -0.02629          1.94514
   18          0.00000          4.22389        -14.89269         -8.30259         -4.62463         -0.20675          6.18937

spin  1, k-point    3: (0.00000, 0.00000, 0.66667) 
----------------------------------------------------------------------------------------------------------------------------
State              occ             e_mf             v_xc            v_exx           ReSigc           ImSigc             e_qp
----------------------------------------------------------------------------------------------------------------------------
    1          2.00000      -1790.77527       -153.07556       -244.86931         -0.13380          0.05899      -1882.70281
    2          2.00000      -1790.77527       -153.07557       -244.86944         -0.13377          0.05901      -1882.70291
    3          2.00000       -140.53774        -47.30539        -75.93954          1.44853         -7.11893       -167.72336
    4          2.00000       -140.53254        -47.31268        -75.94277          1.45001         -7.14503       -167.71262
    5          2.00000        -96.56555        -47.22608        -67.66226          5.83798         -2.99634       -111.16374
    6          2.00000        -96.56553        -47.22615        -67.66237          5.83799         -2.99634       -111.16376
    7          2.00000        -96.56328        -47.23377        -67.67337          5.85520         -2.99863       -111.14768
    8          2.00000        -96.54881        -47.25637        -67.69228          5.86732         -3.00009       -111.11740
    9          2.00000        -96.54660        -47.25883        -67.69744          5.88492         -3.00284       -111.10029
   10          2.00000        -96.54658        -47.25893        -67.69759          5.88493         -3.00284       -111.10031
   11          2.00000        -16.57702        -12.12292        -18.31864          5.30519         -1.17281        -17.46756
   12          2.00000        -11.16212        -11.88114        -15.24994          3.44601          0.01989        -11.08491
   13          2.00000         -6.83584        -12.75273        -14.12470          2.21735         -0.04093         -5.99046
   14          2.00000         -6.83276        -12.75309        -14.12568          2.21737         -0.04096         -5.98798
   15          0.00000         -3.25669        -13.74644         -9.07173         -2.77572         -0.06215         -1.35770
   16          0.00000         -0.45804        -13.22666         -7.65395         -3.17415         -0.02637          1.94051
   17          0.00000         -0.45277        -13.22675         -7.65360         -3.17524         -0.02629          1.94514
   18          0.00000          4.22389        -14.89269         -8.30259         -4.62463         -0.20675          6.18937

spin  1, k-point    4: (0.00000, 0.33333, 0.00000) 
----------------------------------------------------------------------------------------------------------------------------
State              occ             e_mf             v_xc            v_exx           ReSigc           ImSigc             e_qp
----------------------------------------------------------------------------------------------------------------------------
    1          2.00000      -1790.77527       -153.07556       -244.86931         -0.13380          0.05899      -1882.70281
    2          2.00000      -1790.77527       -153.07557       -244.86944         -0.13377          0.05901      -1882.70291
    3          2.00000       -140.53774        -47.30538        -75.93952          1.44853         -7.11893       -167.72336
    4          2.00000       -140.53254        -47.31267        -75.94277          1.45001         -7.14503       -167.71262
    5          2.00000        -96.56553        -47.22610        -67.66232          5.83799         -2.99634       -111.16375
    6          2.00000        -96.56552        -47.22615        -67.66236          5.83799         -2.99634       -111.16373
    7          2.00000        -96.56331        -47.23376        -67.67334          5.85519         -2.99863       -111.14770
    8          2.00000        -96.54884        -47.25636        -67.69224          5.86730         -3.00009       -111.11742
    9          2.00000        -96.54658        -47.25886        -67.69751          5.88493         -3.00284       -111.10030
   10          2.00000        -96.54657        -47.25892        -67.69757          5.88493         -3.00284       -111.10028
   11          2.00000        -16.57708        -12.12308        -18.31873          5.30514         -1.17284        -17.46759
   12          2.00000        -11.16177        -11.88167        -15.25068          3.44604          0.01990        -11.08475
   13          2.00000         -6.83611        -12.75278        -14.12499          2.21754         -0.04093         -5.99079
   14          2.00000         -6.83333        -12.75280        -14.12501          2.21727         -0.04095         -5.98827
   15          0.00000         -3.25748        -13.74510         -9.07032         -2.77533         -0.06217         -1.35803
   16          0.00000         -0.45527        -13.22721         -7.65420         -3.17504         -0.02633          1.94269
   17          0.00000         -0.45433        -13.22685         -7.65391         -3.17486         -0.02630          1.94375
   18          0.00000          4.22396        -14.89264         -8.30236         -4.62477         -0.20677          6.18946

spin  1, k-point    5: (0.00000, 0.33333, 0.33333) 
----------------------------------------------------------------------------------------------------------------------------
State              occ             e_mf             v_xc            v_exx           ReSigc           ImSigc             e_qp
----------------------------------------------------------------------------------------------------------------------------
    1          2.00000      -1790.77527       -153.07556       -244.86937         -0.13379          0.05899      -1882.70287
    2          2.00000      -1790.77527       -153.07557       -244.86938         -0.13378          0.05901      -1882.70285
    3          2.00000       -140.53711        -47.30592        -75.93956          1.44932         -7.11981       -167.72143
    4          2.00000       -140.53317        -47.31171        -75.94255          1.44766         -7.14525       -167.71635
    5          2.00000        -96.56650        -47.22644        -67.66454          5.84666         -2.99706       -111.15794
    6          2.00000        -96.56650        -47.22644        -67.66456          5.84664         -2.99705       -111.15798
    7          2.00000        -96.56033        -47.23704        -67.67547          5.84848         -2.99940       -111.15028
    8          2.00000        -96.55180        -47.25364        -67.69093          5.87509         -2.99949       -111.11401
    9          2.00000        -96.54560        -47.26036        -67.69754          5.87798         -3.00234       -111.10481
   10          2.00000        -96.54560        -47.26033        -67.69753          5.87796         -3.00232       -111.10484
   11          2.00000        -16.02031        -12.13178        -18.10421          5.29217         -1.16268        -16.70057
   12          2.00000        -10.94193        -13.09563        -16.14040          3.26421          0.00851        -10.72250
   13          2.00000         -8.30269        -11.93106        -14.08266          2.65410         -0.02210         -7.80019
   14          2.00000         -8.30142        -11.93124        -14.08306          2.65405         -0.02212         -7.79919
   15          0.00000         -3.66981        -11.96552         -7.53914         -2.35739         -0.05580         -1.60083
   16          0.00000         -0.85607        -13.88691         -8.38454         -3.36639         -0.04120          1.27991
   17          0.00000          3.42815        -14.38007         -7.79267         -4.42945         -0.11155          5.58610
   18          0.00000          3.42882        -14.38005         -7.79266         -4.42957         -0.11155          5.58664

spin  1, k-point    6: (0.00000, 0.33333, 0.66667) 
----------------------------------------------------------------------------------------------------------------------------
State              occ             e_mf             v_xc            v_exx           ReSigc           ImSigc             e_qp
----------------------------------------------------------------------------------------------------------------------------
    1          2.00000      -1790.77527       -153.07557       -244.86936         -0.13379          0.05900      -1882.70285
    2          2.00000      -1790.77527       -153.07557       -244.86940         -0.13378          0.05901      -1882.70288
    3          2.00000       -140.53612        -47.30744        -75.94056          1.44770         -7.12890       -167.72154
    4          2.00000       -140.53416        -47.31020        -75.94184          1.44794         -7.13914       -167.71786
    5          2.00000        -96.56721        -47.22940        -67.66991          5.85124         -2.99839       -111.15647
    6          2.00000        -96.56644        -47.22646        -67.66465          5.84579         -2.99704       -111.15884
    7          2.00000        -96.55897        -47.24009        -67.67876          5.86057         -2.99918       -111.13707
    8          2.00000        -96.55316        -47.24893        -67.68597          5.86367         -2.99974       -111.12653
    9          2.00000        -96.54566        -47.26026        -67.69771          5.87953         -3.00234       -111.10358
   10          2.00000        -96.54489        -47.26236        -67.69818          5.87550         -3.00132       -111.10522
   11          2.00000        -14.71930        -12.66178        -17.93951          5.19133         -0.67966        -14.80570
   12          2.00000        -12.72575        -12.59121        -16.83756          4.26801         -0.07046        -12.70409
   13          2.00000        -10.13707        -10.58924        -13.28382          2.84912          0.02457         -9.98253
   14          2.00000         -8.00517        -12.14751        -14.04938          2.50068         -0.02588         -7.40636
   15          0.00000         -2.24784        -12.94685         -7.92563         -2.87126         -0.04533         -0.09789
   16          0.00000          2.24775        -14.25878         -8.20610         -3.97543         -0.07233          4.32501
   17          0.00000          2.66065        -14.08612         -7.61401         -4.22700         -0.06234          4.90576
   18          0.00000          4.04451        -14.56651         -7.83680         -4.71851         -0.17403          6.05570

spin  1, k-point    7: (0.00000, 0.66667, 0.00000) 
----------------------------------------------------------------------------------------------------------------------------
State              occ             e_mf             v_xc            v_exx           ReSigc           ImSigc             e_qp
----------------------------------------------------------------------------------------------------------------------------
    1          2.00000      -1790.77527       -153.07556       -244.86931         -0.13380          0.05899      -1882.70281
    2          2.00000      -1790.77527       -153.07557       -244.86944         -0.13377          0.05901      -1882.70291
    3          2.00000       -140.53774        -47.30538        -75.93952          1.44853         -7.11893       -167.72336
    4          2.00000       -140.53254        -47.31267        -75.94277          1.45001         -7.14503       -167.71262
    5          2.00000        -96.56553        -47.22610        -67.66232          5.83799         -2.99634       -111.16375
    6          2.00000        -96.56552        -47.22615        -67.66236          5.83799         -2.99634       -111.16373
    7          2.00000        -96.56331        -47.23376        -67.67334          5.85519         -2.99863       -111.14770
    8          2.00000        -96.54884        -47.25636        -67.69224          5.86730         -3.00009       -111.11742
    9          2.00000        -96.54658        -47.25886        -67.69751          5.88493         -3.00284       -111.10030
   10          2.00000        -96.54657        -47.25892        -67.69757          5.88493         -3.00284       -111.10028
   11          2.00000        -16.57708        -12.12308        -18.31873          5.30514         -1.17284        -17.46759
   12          2.00000        -11.16177        -11.88167        -15.25068          3.44604          0.01990        -11.08475
   13          2.00000         -6.83611        -12.75278        -14.12499          2.21754         -0.04093         -5.99079
   14          2.00000         -6.83333        -12.75280        -14.12501          2.21727         -0.04095         -5.98827
   15          0.00000         -3.25748        -13.74510         -9.07032         -2.77533         -0.06217         -1.35803
   16          0.00000         -0.45527        -13.22721         -7.65420         -3.17504         -0.02633          1.94269
   17          0.00000         -0.45433        -13.22685         -7.65391         -3.17486         -0.02630          1.94375
   18          0.00000          4.22396        -14.89264         -8.30236         -4.62477         -0.20677          6.18946

spin  1, k-point    8: (0.00000, 0.66667, 0.33333) 
----------------------------------------------------------------------------------------------------------------------------
State              occ             e_mf             v_xc            v_exx           ReSigc           ImSigc             e_qp
----------------------------------------------------------------------------------------------------------------------------
    1          2.00000      -1790.77527       -153.07557       -244.86936         -0.13379          0.05900      -1882.70285
    2          2.00000      -1790.77527       -153.07557       -244.86940         -0.13378          0.05901      -1882.70288
    3          2.00000       -140.53612        -47.30744        -75.94056          1.44770         -7.12890       -167.72154
    4          2.00000       -140.53416        -47.31020        -75.94184          1.44794         -7.13914       -167.71786
    5          2.00000        -96.56721        -47.22940        -67.66991          5.85124         -2.99839       -111.15647
    6          2.00000        -96.56644        -47.22646        -67.66465          5.84579         -2.99704       -111.15884
    7          2.00000        -96.55897        -47.24009        -67.67876          5.86057         -2.99918       -111.13707
    8          2.00000        -96.55316        -47.24893        -67.68597          5.86367         -2.99974       -111.12653
    9          2.00000        -96.54566        -47.26026        -67.69771          5.87953         -3.00234       -111.10358
   10          2.00000        -96.54489        -47.26236        -67.69818          5.87550         -3.00132       -111.10522
   11          2.00000        -14.71930        -12.66178        -17.93951          5.19133         -0.67966        -14.80570
   12          2.00000        -12.72575        -12.59121        -16.83756          4.26801         -0.07046        -12.70409
   13          2.00000        -10.13707        -10.58924        -13.28382          2.84912          0.02457         -9.98253
   14          2.00000         -8.00517        -12.14751        -14.04938          2.50068         -0.02588         -7.40636
   15          0.00000         -2.24784        -12.94685         -7.92563         -2.87126         -0.04533         -0.09789
   16          0.00000          2.24775        -14.25878         -8.20610         -3.97543         -0.07233          4.32501
   17          0.00000          2.66065        -14.08612         -7.61401         -4.22700         -0.06234          4.90576
   18          0.00000          4.04451        -14.56651         -7.83680         -4.71851         -0.17403          6.05570

spin  1, k-point    9: (0.00000, 0.66667, 0.66667) 
----------------------------------------------------------------------------------------------------------------------------
State              occ             e_mf             v_xc            v_exx           ReSigc           ImSigc             e_qp
----------------------------------------------------------------------------------------------------------------------------
    1          2.00000      -1790.77527       -153.07556       -244.86937         -0.13379          0.05899      -1882.70287
    2          2.00000      -1790.77527       -153.07557       -244.86938         -0.13378          0.05901      -1882.70285
    3          2.00000       -140.53711        -47.30592        -75.93956          1.44932         -7.11981       -167.72143
    4          2.00000       -140.53317        -47.31171        -75.94255          1.44766         -7.14525       -167.71635
    5          2.00000        -96.56650        -47.22644        -67.66454          5.84666         -2.99706       -111.15794
    6          2.00000        -96.56650        -47.22644        -67.66456          5.84664         -2.99705       -111.15798
    7          2.00000        -96.56033        -47.23704        -67.67547          5.84848         -2.99940       -111.15028
    8          2.00000        -96.55180        -47.25364        -67.69093          5.87509         -2.99949       -111.11401
    9          2.00000        -96.54560        -47.26036        -67.69754          5.87798         -3.00234       -111.10481
   10          2.00000        -96.54560        -47.26033        -67.69753          5.87796         -3.00232       -111.10484
   11          2.00000        -16.02031        -12.13178        -18.10421          5.29217         -1.16268        -16.70057
   12          2.00000        -10.94193        -13.09563        -16.14040          3.26421          0.00851        -10.72250
   13          2.00000         -8.30269        -11.93106        -14.08266          2.65410         -0.02210         -7.80019
   14          2.00000         -8.30142        -11.93124        -14.08306          2.65405         -0.02212         -7.79919
   15          0.00000         -3.66981        -11.96552         -7.53914         -2.35739         -0.05580         -1.60083
   16          0.00000         -0.85607        -13.88691         -8.38454         -3.36639         -0.04120          1.27991
   17          0.00000          3.42815        -14.38007         -7.79267         -4.42945         -0.11155          5.58610
   18          0.00000          3.42882        -14.38005         -7.79266         -4.42957         -0.11155          5.58664

spin  1, k-point   10: (0.33333, 0.00000, 0.00000) 
----------------------------------------------------------------------------------------------------------------------------
State              occ             e_mf             v_xc            v_exx           ReSigc           ImSigc             e_qp
----------------------------------------------------------------------------------------------------------------------------
    1          2.00000      -1790.77527       -153.07556       -244.86931         -0.13380          0.05899      -1882.70281
    2          2.00000      -1790.77527       -153.07557       -244.86944         -0.13377          0.05901      -1882.70291
    3          2.00000       -140.53774        -47.30538        -75.93953          1.44853         -7.11893       -167.72336
    4          2.00000       -140.53254        -47.31267        -75.94277          1.45001         -7.14503       -167.71262
    5          2.00000        -96.56554        -47.22613        -67.66231          5.83799         -2.99634       -111.16374
    6          2.00000        -96.56552        -47.22613        -67.66233          5.83800         -2.99634       -111.16373
    7          2.00000        -96.56330        -47.23377        -67.67338          5.85519         -2.99862       -111.14771
    8          2.00000        -96.54882        -47.25637        -67.69228          5.86730         -3.00008       -111.11743
    9          2.00000        -96.54659        -47.25890        -67.69753          5.88492         -3.00284       -111.10029
   10          2.00000        -96.54657        -47.25890        -67.69754          5.88494         -3.00285       -111.10027
   11          2.00000        -16.57704        -12.12290        -18.31854          5.30517         -1.17283        -17.46751
   12          2.00000        -11.16147        -11.88134        -15.25009          3.44578          0.01990        -11.08444
   13          2.00000         -6.83447        -12.75283        -14.12510          2.21739         -0.04094         -5.98934
   14          2.00000         -6.83429        -12.75298        -14.12546          2.21748         -0.04095         -5.98929
   15          0.00000         -3.25767        -13.74599         -9.07138         -2.77557         -0.06217         -1.35862
   16          0.00000         -0.45444        -13.22686         -7.65396         -3.17485         -0.02630          1.94362
   17          0.00000         -0.45423        -13.22657         -7.65341         -3.17499         -0.02631          1.94395
   18          0.00000          4.22326        -14.89289         -8.30274         -4.62456         -0.20670          6.18885

spin  1, k-point   11: (0.33333, 0.00000, 0.33333) 
----------------------------------------------------------------------------------------------------------------------------
State              occ             e_mf             v_xc            v_exx           ReSigc           ImSigc             e_qp
----------------------------------------------------------------------------------------------------------------------------
    1          2.00000      -1790.77527       -153.07556       -244.86937         -0.13379          0.05899      -1882.70287
    2          2.00000      -1790.77527       -153.07557       -244.86938         -0.13378          0.05901      -1882.70285
    3          2.00000       -140.53711        -47.30592        -75.93957          1.44932         -7.11981       -167.72143
    4          2.00000       -140.53317        -47.31171        -75.94255          1.44766         -7.14525       -167.71635
    5          2.00000        -96.56652        -47.22642        -67.66452          5.84664         -2.99705       -111.15797
    6          2.00000        -96.56649        -47.22644        -67.66456          5.84665         -2.99705       -111.15796
    7          2.00000        -96.56032        -47.23704        -67.67547          5.84850         -2.99941       -111.15026
    8          2.00000        -96.55180        -47.25364        -67.69094          5.87510         -2.99950       -111.11400
    9          2.00000        -96.54562        -47.26031        -67.69748          5.87795         -3.00232       -111.10484
   10          2.00000        -96.54559        -47.26035        -67.69755          5.87796         -3.00232       -111.10483
   11          2.00000        -16.02028        -12.13171        -18.10419          5.29222         -1.16270        -16.70054
   12          2.00000        -10.94149        -13.09584        -16.14069          3.26416          0.00851        -10.72218
   13          2.00000         -8.30239        -11.93116        -14.08294          2.65413         -0.02210         -7.80004
   14          2.00000         -8.30216        -11.93068        -14.08156          2.65366         -0.02210         -7.79937
   15          0.00000         -3.66977        -11.96577         -7.53950         -2.35738         -0.05580         -1.60088
   16          0.00000         -0.85579        -13.88665         -8.38432         -3.36631         -0.04120          1.28023
   17          0.00000          3.42869        -14.37995         -7.79256         -4.42954         -0.11157          5.58653
   18          0.00000          3.42923        -14.37988         -7.79259         -4.42950         -0.11159          5.58702

spin  1, k-point   12: (0.33333, 0.00000, 0.66667) 
----------------------------------------------------------------------------------------------------------------------------
State              occ             e_mf             v_xc            v_exx           ReSigc           ImSigc             e_qp
----------------------------------------------------------------------------------------------------------------------------
    1          2.00000      -1790.77527       -153.07557       -244.86936         -0.13379          0.05900      -1882.70285
    2          2.00000      -1790.77527       -153.07557       -244.86940         -0.13378          0.05901      -1882.70288
    3          2.00000       -140.53612        -47.30744        -75.94056          1.44770         -7.12890       -167.72154
    4          2.00000       -140.53416        -47.31020        -75.94184          1.44794         -7.13914       -167.71786
    5          2.00000        -96.56720        -47.22940        -67.66993          5.85124         -2.99838       -111.15648
    6          2.00000        -96.56646        -47.22645        -67.66461          5.84578         -2.99704       -111.15884
    7          2.00000        -96.55897        -47.24010        -67.67878          5.86058         -2.99919       -111.13706
    8          2.00000        -96.55315        -47.24894        -67.68599          5.86369         -2.99974       -111.12652
    9          2.00000        -96.54567        -47.26024        -67.69767          5.87952         -3.00234       -111.10357
   10          2.00000        -96.54488        -47.26236        -67.69820          5.87549         -3.00132       -111.10523
   11          2.00000        -14.71918        -12.66177        -17.93951          5.19135         -0.67961        -14.80556
   12          2.00000        -12.72565        -12.59099        -16.83697          4.26774         -0.07043        -12.70388
   13          2.00000        -10.13661        -10.58952        -13.28463          2.84927          0.02457         -9.98245
   14          2.00000         -8.00580        -12.14705        -14.04814          2.50035         -0.02587         -7.40654
   15          0.00000         -2.24813        -12.94696         -7.92583         -2.87113         -0.04534         -0.09813
   16          0.00000          2.24690        -14.25890         -8.20633         -3.97512         -0.07229          4.32435
   17          0.00000          2.66039        -14.08597         -7.61392         -4.22685         -0.06234          4.90558
   18          0.00000          4.04507        -14.56687         -7.83716         -4.71884         -0.17407          6.05593

spin  1, k-point   13: (0.33333, 0.33333, 0.00000) 
----------------------------------------------------------------------------------------------------------------------------
State              occ             e_mf             v_xc            v_exx           ReSigc           ImSigc             e_qp
----------------------------------------------------------------------------------------------------------------------------
    1          2.00000      -1790.77527       -153.07556       -244.86937         -0.13379          0.05899      -1882.70287
    2          2.00000      -1790.77527       -153.07557       -244.86938         -0.13378          0.05901      -1882.70285
    3          2.00000       -140.53711        -47.30592        -75.93957          1.44932         -7.11981       -167.72143
    4          2.00000       -140.53317        -47.31171        -75.94255          1.44766         -7.14525       -167.71635
    5          2.00000        -96.56652        -47.22642        -67.66452          5.84664         -2.99705       -111.15797
    6          2.00000        -96.56649        -47.22644        -67.66456          5.84665         -2.99705       -111.15796
    7          2.00000        -96.56032        -47.23704        -67.67547          5.84850         -2.99941       -111.15026
    8          2.00000        -96.55180        -47.25364        -67.69094          5.87510         -2.99950       -111.11400
    9          2.00000        -96.54562        -47.26031        -67.69748          5.87795         -3.00232       -111.10484
   10          2.00000        -96.54559        -47.26035        -67.69755          5.87796         -3.00232       -111.10483
   11          2.00000        -16.02028        -12.13171        -18.10419          5.29222         -1.16270        -16.70054
   12          2.00000        -10.94149        -13.09584        -16.14069          3.26416          0.00851        -10.72218
   13          2.00000         -8.30239        -11.93116        -14.08294          2.65413         -0.02210         -7.80004
   14          2.00000         -8.30216        -11.93068        -14.08156          2.65366         -0.02210         -7.79937
   15          0.00000         -3.66977        -11.96577         -7.53950         -2.35738         -0.05580         -1.60088
   16          0.00000         -0.85579        -13.88665         -8.38432         -3.36631         -0.04120          1.28023
   17          0.00000          3.42869        -14.37995         -7.79256         -4.42954         -0.11157          5.58653
   18          0.00000          3.42923        -14.37988         -7.79259         -4.42950         -0.11159          5.58702

spin  1, k-point   14: (0.33333, 0.33333, 0.33333) 
----------------------------------------------------------------------------------------------------------------------------
State              occ             e_mf             v_xc            v_exx           ReSigc           ImSigc             e_qp
----------------------------------------------------------------------------------------------------------------------------
    1          2.00000      -1790.77527       -153.07556       -244.86931         -0.13380          0.05899      -1882.70281
    2          2.00000      -1790.77527       -153.07557       -244.86944         -0.13377          0.05901      -1882.70291
    3          2.00000       -140.53774        -47.30538        -75.93953          1.44853         -7.11893       -167.72336
    4          2.00000       -140.53254        -47.31267        -75.94277          1.45001         -7.14503       -167.71262
    5          2.00000        -96.56554        -47.22613        -67.66231          5.83799         -2.99634       -111.16374
    6          2.00000        -96.56552        -47.22613        -67.66233          5.83800         -2.99634       -111.16373
    7          2.00000        -96.56330        -47.23377        -67.67338          5.85519         -2.99862       -111.14771
    8          2.00000        -96.54882        -47.25637        -67.69228          5.86730         -3.00008       -111.11743
    9          2.00000        -96.54659        -47.25890        -67.69753          5.88492         -3.00284       -111.10029
   10          2.00000        -96.54657        -47.25890        -67.69754          5.88494         -3.00285       -111.10027
   11          2.00000        -16.57704        -12.12290        -18.31854          5.30517         -1.17283        -17.46751
   12          2.00000        -11.16147        -11.88134        -15.25009          3.44578          0.01990        -11.08444
   13          2.00000         -6.83447        -12.75283        -14.12510          2.21739         -0.04094         -5.98934
   14          2.00000         -6.83429        -12.75298        -14.12546          2.21748         -0.04095         -5.98929
   15          0.00000         -3.25767        -13.74599         -9.07138         -2.77557         -0.06217         -1.35862
   16          0.00000         -0.45444        -13.22686         -7.65396         -3.17485         -0.02630          1.94362
   17          0.00000         -0.45423        -13.22657         -7.65341         -3.17499         -0.02631          1.94395
   18          0.00000          4.22326        -14.89289         -8.30274         -4.62456         -0.20670          6.18885

spin  1, k-point   15: (0.33333, 0.33333, 0.66667) 
----------------------------------------------------------------------------------------------------------------------------
State              occ             e_mf             v_xc            v_exx           ReSigc           ImSigc             e_qp
----------------------------------------------------------------------------------------------------------------------------
    1          2.00000      -1790.77527       -153.07557       -244.86936         -0.13379          0.05900      -1882.70285
    2          2.00000      -1790.77527       -153.07557       -244.86940         -0.13378          0.05901      -1882.70288
    3          2.00000       -140.53612        -47.30744        -75.94056          1.44770         -7.12890       -167.72154
    4          2.00000       -140.53416        -47.31020        -75.94184          1.44794         -7.13914       -167.71786
    5          2.00000        -96.56720        -47.22940        -67.66993          5.85124         -2.99838       -111.15648
    6          2.00000        -96.56646        -47.22645        -67.66461          5.84578         -2.99704       -111.15884
    7          2.00000        -96.55897        -47.24010        -67.67878          5.86058         -2.99919       -111.13706
    8          2.00000        -96.55315        -47.24894        -67.68599          5.86369         -2.99974       -111.12652
    9          2.00000        -96.54567        -47.26024        -67.69767          5.87952         -3.00234       -111.10357
   10          2.00000        -96.54488        -47.26236        -67.69820          5.87549         -3.00132       -111.10523
   11          2.00000        -14.71918        -12.66177        -17.93951          5.19135         -0.67961        -14.80556
   12          2.00000        -12.72565        -12.59099        -16.83697          4.26774         -0.07043        -12.70388
   13          2.00000        -10.13661        -10.58952        -13.28463          2.84927          0.02457         -9.98245
   14          2.00000         -8.00580        -12.14705        -14.04814          2.50035         -0.02587         -7.40654
   15          0.00000         -2.24813        -12.94696         -7.92583         -2.87113         -0.04534         -0.09813
   16          0.00000          2.24690        -14.25890         -8.20633         -3.97512         -0.07229          4.32435
   17          0.00000          2.66039        -14.08597         -7.61392         -4.22685         -0.06234          4.90558
   18          0.00000          4.04507        -14.56687         -7.83716         -4.71884         -0.17407          6.05593

spin  1, k-point   16: (0.33333, 0.66667, 0.00000) 
----------------------------------------------------------------------------------------------------------------------------
State              occ             e_mf             v_xc            v_exx           ReSigc           ImSigc             e_qp
----------------------------------------------------------------------------------------------------------------------------
    1          2.00000      -1790.77527       -153.07557       -244.86936         -0.13379          0.05900      -1882.70285
    2          2.00000      -1790.77527       -153.07557       -244.86940         -0.13378          0.05901      -1882.70288
    3          2.00000       -140.53612        -47.30744        -75.94056          1.44770         -7.12890       -167.72154
    4          2.00000       -140.53416        -47.31019        -75.94183          1.44794         -7.13914       -167.71786
    5          2.00000        -96.56722        -47.22940        -67.66991          5.85124         -2.99838       -111.15648
    6          2.00000        -96.56644        -47.22647        -67.66464          5.84579         -2.99704       -111.15882
    7          2.00000        -96.55897        -47.24009        -67.67876          5.86057         -2.99919       -111.13707
    8          2.00000        -96.55316        -47.24893        -67.68597          5.86367         -2.99974       -111.12653
    9          2.00000        -96.54565        -47.26027        -67.69771          5.87953         -3.00234       -111.10356
   10          2.00000        -96.54490        -47.26235        -67.69818          5.87550         -3.00132       -111.10523
   11          2.00000        -14.71931        -12.66170        -17.93930          5.19130         -0.67961        -14.80561
   12          2.00000        -12.72571        -12.59121        -16.83749          4.26794         -0.07046        -12.70405
   13          2.00000        -10.13605        -10.58929        -13.28396          2.84896          0.02456         -9.98177
   14          2.00000         -8.00596        -12.14745        -14.04924          2.50072         -0.02587         -7.40703
   15          0.00000         -2.24867        -12.94680         -7.92562         -2.87103         -0.04535         -0.09851
   16          0.00000          2.24714        -14.25873         -8.20611         -3.97514         -0.07231          4.32462
   17          0.00000          2.66082        -14.08599         -7.61394         -4.22691         -0.06234          4.90595
   18          0.00000          4.04477        -14.56637         -7.83664         -4.71859         -0.17405          6.05591

spin  1, k-point   17: (0.33333, 0.66667, 0.33333) 
----------------------------------------------------------------------------------------------------------------------------
State              occ             e_mf             v_xc            v_exx           ReSigc           ImSigc             e_qp
----------------------------------------------------------------------------------------------------------------------------
    1          2.00000      -1790.77527       -153.07557       -244.86936         -0.13379          0.05900      -1882.70285
    2          2.00000      -1790.77527       -153.07557       -244.86940         -0.13378          0.05901      -1882.70288
    3          2.00000       -140.53612        -47.30744        -75.94056          1.44770         -7.12890       -167.72154
    4          2.00000       -140.53416        -47.31019        -75.94183          1.44794         -7.13914       -167.71786
    5          2.00000        -96.56722        -47.22940        -67.66991          5.85124         -2.99838       -111.15648
    6          2.00000        -96.56644        -47.22647        -67.66464          5.84579         -2.99704       -111.15882
    7          2.00000        -96.55897        -47.24009        -67.67876          5.86057         -2.99919       -111.13707
    8          2.00000        -96.55316        -47.24893        -67.68597          5.86367         -2.99974       -111.12653
    9          2.00000        -96.54565        -47.26027        -67.69771          5.87953         -3.00234       -111.10356
   10          2.00000        -96.54490        -47.26235        -67.69818          5.87550         -3.00132       -111.10523
   11          2.00000        -14.71931        -12.66170        -17.93930          5.19130         -0.67961        -14.80561
   12          2.00000        -12.72571        -12.59121        -16.83749          4.26794         -0.07046        -12.70405
   13          2.00000        -10.13605        -10.58929        -13.28396          2.84896          0.02456         -9.98177
   14          2.00000         -8.00596        -12.14745        -14.04924          2.50072         -0.02587         -7.40703
   15          0.00000         -2.24867        -12.94680         -7.92562         -2.87103         -0.04535         -0.09851
   16          0.00000          2.24714        -14.25873         -8.20611         -3.97514         -0.07231          4.32462
   17          0.00000          2.66082        -14.08599         -7.61394         -4.22691         -0.06234          4.90595
   18          0.00000          4.04477        -14.56637         -7.83664         -4.71859         -0.17405          6.05591

spin  1, k-point   18: (0.33333, 0.66667, 0.66667) 
----------------------------------------------------------------------------------------------------------------------------
State              occ             e_mf             v_xc            v_exx           ReSigc           ImSigc             e_qp
----------------------------------------------------------------------------------------------------------------------------
    1          2.00000      -1790.77527       -153.07557       -244.86936         -0.13379          0.05900      -1882.70285
    2          2.00000      -1790.77527       -153.07557       -244.86940         -0.13378          0.05901      -1882.70288
    3          2.00000       -140.53612        -47.30744        -75.94056          1.44770         -7.12890       -167.72154
    4          2.00000       -140.53416        -47.31019        -75.94183          1.44794         -7.13914       -167.71786
    5          2.00000        -96.56721        -47.22940        -67.66993          5.85123         -2.99838       -111.15650
    6          2.00000        -96.56645        -47.22647        -67.66463          5.84580         -2.99705       -111.15880
    7          2.00000        -96.55897        -47.24010        -67.67877          5.86057         -2.99918       -111.13708
    8          2.00000        -96.55316        -47.24894        -67.68599          5.86367         -2.99973       -111.12654
    9          2.00000        -96.54566        -47.26029        -67.69772          5.87955         -3.00235       -111.10355
   10          2.00000        -96.54489        -47.26236        -67.69820          5.87549         -3.00131       -111.10524
   11          2.00000        -14.71927        -12.66170        -17.93939          5.19140         -0.67959        -14.80556
   12          2.00000        -12.72592        -12.59092        -16.83673          4.26770         -0.07046        -12.70404
   13          2.00000        -10.13588        -10.58961        -13.28514          2.84934          0.02457         -9.98207
   14          2.00000         -8.00582        -12.14734        -14.04894          2.50062         -0.02587         -7.40680
   15          0.00000         -2.24853        -12.94703         -7.92582         -2.87113         -0.04535         -0.09846
   16          0.00000          2.24698        -14.25906         -8.20648         -3.97518         -0.07230          4.32439
   17          0.00000          2.66067        -14.08608         -7.61403         -4.22690         -0.06233          4.90583
   18          0.00000          4.04522        -14.56644         -7.83664         -4.71885         -0.17408          6.05617

spin  1, k-point   19: (0.66667, 0.00000, 0.00000) 
----------------------------------------------------------------------------------------------------------------------------
State              occ             e_mf             v_xc            v_exx           ReSigc           ImSigc             e_qp
----------------------------------------------------------------------------------------------------------------------------
    1          2.00000      -1790.77527       -153.07556       -244.86931         -0.13380          0.05899      -1882.70281
    2          2.00000      -1790.77527       -153.07557       -244.86944         -0.13377          0.05901      -1882.70291
    3          2.00000       -140.53774        -47.30538        -75.93953          1.44853         -7.11893       -167.72336
    4          2.00000       -140.53254        -47.31267        -75.94277          1.45001         -7.14503       -167.71262
    5          2.00000        -96.56554        -47.22613        -67.66231          5.83799         -2.99634       -111.16374
    6          2.00000        -96.56552        -47.22613        -67.66233          5.83800         -2.99634       -111.16373
    7          2.00000        -96.56330        -47.23377        -67.67338          5.85519         -2.99862       -111.14771
    8          2.00000        -96.54882        -47.25637        -67.69228          5.86730         -3.00008       -111.11743
    9          2.00000        -96.54659        -47.25890        -67.69753          5.88492         -3.00284       -111.10029
   10          2.00000        -96.54657        -47.25890        -67.69754          5.88494         -3.00285       -111.10027
   11          2.00000        -16.57704        -12.12290        -18.31854          5.30517         -1.17283        -17.46751
   12          2.00000        -11.16147        -11.88134        -15.25009          3.44578          0.01990        -11.08444
   13          2.00000         -6.83447        -12.75283        -14.12510          2.21739         -0.04094         -5.98934
   14          2.00000         -6.83429        -12.75298        -14.12546          2.21748         -0.04095         -5.98929
   15          0.00000         -3.25767        -13.74599         -9.07138         -2.77557         -0.06217         -1.35862
   16          0.00000         -0.45444        -13.22686         -7.65396         -3.17485         -0.02630          1.94362
   17          0.00000         -0.45423        -13.22657         -7.65341         -3.17499         -0.02631          1.94395
   18          0.00000          4.22326        -14.89289         -8.30274         -4.62456         -0.20670          6.18885

spin  1, k-point   20: (0.66667, 0.00000, 0.33333) 
----------------------------------------------------------------------------------------------------------------------------
State              occ             e_mf             v_xc            v_exx           ReSigc           ImSigc             e_qp
----------------------------------------------------------------------------------------------------------------------------
    1          2.00000      -1790.77527       -153.07557       -244.86936         -0.13379          0.05900      -1882.70285
    2          2.00000      -1790.77527       -153.07557       -244.86940         -0.13378          0.05901      -1882.70288
    3          2.00000       -140.53612        -47.30744        -75.94056          1.44770         -7.12890       -167.72154
    4          2.00000       -140.53416        -47.31020        -75.94184          1.44794         -7.13914       -167.71786
    5          2.00000        -96.56720        -47.22940        -67.66993          5.85124         -2.99838       -111.15648
    6          2.00000        -96.56646        -47.22645        -67.66461          5.84578         -2.99704       -111.15884
    7          2.00000        -96.55897        -47.24010        -67.67878          5.86058         -2.99919       -111.13706
    8          2.00000        -96.55315        -47.24894        -67.68599          5.86369         -2.99974       -111.12652
    9          2.00000        -96.54567        -47.26024        -67.69767          5.87952         -3.00234       -111.10357
   10          2.00000        -96.54488        -47.26236        -67.69820          5.87549         -3.00132       -111.10523
   11          2.00000        -14.71918        -12.66177        -17.93951          5.19135         -0.67961        -14.80556
   12          2.00000        -12.72565        -12.59099        -16.83697          4.26774         -0.07043        -12.70388
   13          2.00000        -10.13661        -10.58952        -13.28463          2.84927          0.02457         -9.98245
   14          2.00000         -8.00580        -12.14705        -14.04814          2.50035         -0.02587         -7.40654
   15          0.00000         -2.24813        -12.94696         -7.92583         -2.87113         -0.04534         -0.09813
   16          0.00000          2.24690        -14.25890         -8.20633         -3.97512         -0.07229          4.32435
   17          0.00000          2.66039        -14.08597         -7.61392         -4.22685         -0.06234          4.90558
   18          0.00000          4.04507        -14.56687         -7.83716         -4.71884         -0.17407          6.05593

spin  1, k-point   21: (0.66667, 0.00000, 0.66667) 
----------------------------------------------------------------------------------------------------------------------------
State              occ             e_mf             v_xc            v_exx           ReSigc           ImSigc             e_qp
----------------------------------------------------------------------------------------------------------------------------
    1          2.00000      -1790.77527       -153.07556       -244.86937         -0.13379          0.05899      -1882.70287
    2          2.00000      -1790.77527       -153.07557       -244.86938         -0.13378          0.05901      -1882.70285
    3          2.00000       -140.53711        -47.30592        -75.93957          1.44932         -7.11981       -167.72143
    4          2.00000       -140.53317        -47.31171        -75.94255          1.44766         -7.14525       -167.71635
    5          2.00000        -96.56652        -47.22642        -67.66452          5.84664         -2.99705       -111.15797
    6          2.00000        -96.56649        -47.22644        -67.66456          5.84665         -2.99705       -111.15796
    7          2.00000        -96.56032        -47.23704        -67.67547          5.84850         -2.99941       -111.15026
    8          2.00000        -96.55180        -47.25364        -67.69094          5.87510         -2.99950       -111.11400
    9          2.00000        -96.54562        -47.26031        -67.69748          5.87795         -3.00232       -111.10484
   10          2.00000        -96.54559        -47.26035        -67.69755          5.87796         -3.00232       -111.10483
   11          2.00000        -16.02028        -12.13171        -18.10419          5.29222         -1.16270        -16.70054
   12          2.00000        -10.94149        -13.09584        -16.14069          3.26416          0.00851        -10.72218
   13          2.00000         -8.30239        -11.93116        -14.08294          2.65413         -0.02210         -7.80004
   14          2.00000         -8.30216        -11.93068        -14.08156          2.65366         -0.02210         -7.79937
   15          0.00000         -3.66977        -11.96577         -7.53950         -2.35738         -0.05580         -1.60088
   16          0.00000         -0.85579        -13.88665         -8.38432         -3.36631         -0.04120          1.28023
   17          0.00000          3.42869        -14.37995         -7.79256         -4.42954         -0.11157          5.58653
   18          0.00000          3.42923        -14.37988         -7.79259         -4.42950         -0.11159          5.58702

spin  1, k-point   22: (0.66667, 0.33333, 0.00000) 
----------------------------------------------------------------------------------------------------------------------------
State              occ             e_mf             v_xc            v_exx           ReSigc           ImSigc             e_qp
----------------------------------------------------------------------------------------------------------------------------
    1          2.00000      -1790.77527       -153.07557       -244.86936         -0.13379          0.05900      -1882.70285
    2          2.00000      -1790.77527       -153.07557       -244.86940         -0.13378          0.05901      -1882.70288
    3          2.00000       -140.53612        -47.30744        -75.94056          1.44770         -7.12890       -167.72154
    4          2.00000       -140.53416        -47.31019        -75.94183          1.44794         -7.13914       -167.71786
    5          2.00000        -96.56722        -47.22940        -67.66991          5.85124         -2.99838       -111.15648
    6          2.00000        -96.56644        -47.22647        -67.66464          5.84579         -2.99704       -111.15882
    7          2.00000        -96.55897        -47.24009        -67.67876          5.86057         -2.99919       -111.13707
    8          2.00000        -96.55316        -47.24893        -67.68597          5.86367         -2.99974       -111.12653
    9          2.00000        -96.54565        -47.26027        -67.69771          5.87953         -3.00234       -111.10356
   10          2.00000        -96.54490        -47.26235        -67.69818          5.87550         -3.00132       -111.10523
   11          2.00000        -14.71931        -12.66170        -17.93930          5.19130         -0.67961        -14.80561
   12          2.00000        -12.72571        -12.59121        -16.83749          4.26794         -0.07046        -12.70405
   13          2.00000        -10.13605        -10.58929        -13.28396          2.84896          0.02456         -9.98177
   14          2.00000         -8.00596        -12.14745        -14.04924          2.50072         -0.02587         -7.40703
   15          0.00000         -2.24867        -12.94680         -7.92562         -2.87103         -0.04535         -0.09851
   16          0.00000          2.24714        -14.25873         -8.20611         -3.97514         -0.07231          4.32462
   17          0.00000          2.66082        -14.08599         -7.61394         -4.22691         -0.06234          4.90595
   18          0.00000          4.04477        -14.56637         -7.83664         -4.71859         -0.17405          6.05591

spin  1, k-point   23: (0.66667, 0.33333, 0.33333) 
----------------------------------------------------------------------------------------------------------------------------
State              occ             e_mf             v_xc            v_exx           ReSigc           ImSigc             e_qp
----------------------------------------------------------------------------------------------------------------------------
    1          2.00000      -1790.77527       -153.07557       -244.86936         -0.13379          0.05900      -1882.70285
    2          2.00000      -1790.77527       -153.07557       -244.86940         -0.13378          0.05901      -1882.70288
    3          2.00000       -140.53612        -47.30744        -75.94056          1.44770         -7.12890       -167.72154
    4          2.00000       -140.53416        -47.31019        -75.94183          1.44794         -7.13914       -167.71786
    5          2.00000        -96.56721        -47.22940        -67.66993          5.85123         -2.99838       -111.15650
    6          2.00000        -96.56645        -47.22647        -67.66463          5.84580         -2.99705       -111.15880
    7          2.00000        -96.55897        -47.24010        -67.67877          5.86057         -2.99918       -111.13708
    8          2.00000        -96.55316        -47.24894        -67.68599          5.86367         -2.99973       -111.12654
    9          2.00000        -96.54566        -47.26029        -67.69772          5.87955         -3.00235       -111.10355
   10          2.00000        -96.54489        -47.26236        -67.69820          5.87549         -3.00131       -111.10524
   11          2.00000        -14.71927        -12.66170        -17.93939          5.19140         -0.67959        -14.80556
   12          2.00000        -12.72592        -12.59092        -16.83673          4.26770         -0.07046        -12.70404
   13          2.00000        -10.13588        -10.58961        -13.28514          2.84934          0.02457         -9.98207
   14          2.00000         -8.00582        -12.14734        -14.04894          2.50062         -0.02587         -7.40680
   15          0.00000         -2.24853        -12.94703         -7.92582         -2.87113         -0.04535         -0.09846
   16          0.00000          2.24698        -14.25906         -8.20648         -3.97518         -0.07230          4.32439
   17          0.00000          2.66067        -14.08608         -7.61403         -4.22690         -0.06233          4.90583
   18          0.00000          4.04522        -14.56644         -7.83664         -4.71885         -0.17408          6.05617

spin  1, k-point   24: (0.66667, 0.33333, 0.66667) 
----------------------------------------------------------------------------------------------------------------------------
State              occ             e_mf             v_xc            v_exx           ReSigc           ImSigc             e_qp
----------------------------------------------------------------------------------------------------------------------------
    1          2.00000      -1790.77527       -153.07557       -244.86936         -0.13379          0.05900      -1882.70285
    2          2.00000      -1790.77527       -153.07557       -244.86940         -0.13378          0.05901      -1882.70288
    3          2.00000       -140.53612        -47.30744        -75.94056          1.44770         -7.12890       -167.72154
    4          2.00000       -140.53416        -47.31019        -75.94183          1.44794         -7.13914       -167.71786
    5          2.00000        -96.56722        -47.22940        -67.66991          5.85124         -2.99838       -111.15648
    6          2.00000        -96.56644        -47.22647        -67.66464          5.84579         -2.99704       -111.15882
    7          2.00000        -96.55897        -47.24009        -67.67876          5.86057         -2.99919       -111.13707
    8          2.00000        -96.55316        -47.24893        -67.68597          5.86367         -2.99974       -111.12653
    9          2.00000        -96.54565        -47.26027        -67.69771          5.87953         -3.00234       -111.10356
   10          2.00000        -96.54490        -47.26235        -67.69818          5.87550         -3.00132       -111.10523
   11          2.00000        -14.71931        -12.66170        -17.93930          5.19130         -0.67961        -14.80561
   12          2.00000        -12.72571        -12.59121        -16.83749          4.26794         -0.07046        -12.70405
   13          2.00000        -10.13605        -10.58929        -13.28396          2.84896          0.02456         -9.98177
   14          2.00000         -8.00596        -12.14745        -14.04924          2.50072         -0.02587         -7.40703
   15          0.00000         -2.24867        -12.94680         -7.92562         -2.87103         -0.04535         -0.09851
   16          0.00000          2.24714        -14.25873         -8.20611         -3.97514         -0.07231          4.32462
   17          0.00000          2.66082        -14.08599         -7.61394         -4.22691         -0.06234          4.90595
   18          0.00000          4.04477        -14.56637         -7.83664         -4.71859         -0.17405          6.05591

spin  1, k-point   25: (0.66667, 0.66667, 0.00000) 
----------------------------------------------------------------------------------------------------------------------------
State              occ             e_mf             v_xc            v_exx           ReSigc           ImSigc             e_qp
----------------------------------------------------------------------------------------------------------------------------
    1          2.00000      -1790.77527       -153.07556       -244.86937         -0.13379          0.05899      -1882.70287
    2          2.00000      -1790.77527       -153.07557       -244.86938         -0.13378          0.05901      -1882.70285
    3          2.00000       -140.53711        -47.30592        -75.93957          1.44932         -7.11981       -167.72143
    4          2.00000       -140.53317        -47.31171        -75.94255          1.44766         -7.14525       -167.71635
    5          2.00000        -96.56652        -47.22642        -67.66452          5.84664         -2.99705       -111.15797
    6          2.00000        -96.56649        -47.22644        -67.66456          5.84665         -2.99705       -111.15796
    7          2.00000        -96.56032        -47.23704        -67.67547          5.84850         -2.99941       -111.15026
    8          2.00000        -96.55180        -47.25364        -67.69094          5.87510         -2.99950       -111.11400
    9          2.00000        -96.54562        -47.26031        -67.69748          5.87795         -3.00232       -111.10484
   10          2.00000        -96.54559        -47.26035        -67.69755          5.87796         -3.00232       -111.10483
   11          2.00000        -16.02028        -12.13171        -18.10419          5.29222         -1.16270        -16.70054
   12          2.00000        -10.94149        -13.09584        -16.14069          3.26416          0.00851        -10.72218
   13          2.00000         -8.30239        -11.93116        -14.08294          2.65413         -0.02210         -7.80004
   14          2.00000         -8.30216        -11.93068        -14.08156          2.65366         -0.02210         -7.79937
   15          0.00000         -3.66977        -11.96577         -7.53950         -2.35738         -0.05580         -1.60088
   16          0.00000         -0.85579        -13.88665         -8.38432         -3.36631         -0.04120          1.28023
   17          0.00000          3.42869        -14.37995         -7.79256         -4.42954         -0.11157          5.58653
   18          0.00000          3.42923        -14.37988         -7.79259         -4.42950         -0.11159          5.58702

spin  1, k-point   26: (0.66667, 0.66667, 0.33333) 
----------------------------------------------------------------------------------------------------------------------------
State              occ             e_mf             v_xc            v_exx           ReSigc           ImSigc             e_qp
----------------------------------------------------------------------------------------------------------------------------
    1          2.00000      -1790.77527       -153.07557       -244.86936         -0.13379          0.05900      -1882.70285
    2          2.00000      -1790.77527       -153.07557       -244.86940         -0.13378          0.05901      -1882.70288
    3          2.00000       -140.53612        -47.30744        -75.94056          1.44770         -7.12890       -167.72154
    4          2.00000       -140.53416        -47.31020        -75.94184          1.44794         -7.13914       -167.71786
    5          2.00000        -96.56720        -47.22940        -67.66993          5.85124         -2.99838       -111.15648
    6          2.00000        -96.56646        -47.22645        -67.66461          5.84578         -2.99704       -111.15884
    7          2.00000        -96.55897        -47.24010        -67.67878          5.86058         -2.99919       -111.13706
    8          2.00000        -96.55315        -47.24894        -67.68599          5.86369         -2.99974       -111.12652
    9          2.00000        -96.54567        -47.26024        -67.69767          5.87952         -3.00234       -111.10357
   10          2.00000        -96.54488        -47.26236        -67.69820          5.87549         -3.00132       -111.10523
   11          2.00000        -14.71918        -12.66177        -17.93951          5.19135         -0.67961        -14.80556
   12          2.00000        -12.72565        -12.59099        -16.83697          4.26774         -0.07043        -12.70388
   13          2.00000        -10.13661        -10.58952        -13.28463          2.84927          0.02457         -9.98245
   14          2.00000         -8.00580        -12.14705        -14.04814          2.50035         -0.02587         -7.40654
   15          0.00000         -2.24813        -12.94696         -7.92583         -2.87113         -0.04534         -0.09813
   16          0.00000          2.24690        -14.25890         -8.20633         -3.97512         -0.07229          4.32435
   17          0.00000          2.66039        -14.08597         -7.61392         -4.22685         -0.06234          4.90558
   18          0.00000          4.04507        -14.56687         -7.83716         -4.71884         -0.17407          6.05593

spin  1, k-point   27: (0.66667, 0.66667, 0.66667) 
----------------------------------------------------------------------------------------------------------------------------
State              occ             e_mf             v_xc            v_exx           ReSigc           ImSigc             e_qp
----------------------------------------------------------------------------------------------------------------------------
    1          2.00000      -1790.77527       -153.07556       -244.86931         -0.13380          0.05899      -1882.70281
    2          2.00000      -1790.77527       -153.07557       -244.86944         -0.13377          0.05901      -1882.70291
    3          2.00000       -140.53774        -47.30538        -75.93953          1.44853         -7.11893       -167.72336
    4          2.00000       -140.53254        -47.31267        -75.94277          1.45001         -7.14503       -167.71262
    5          2.00000        -96.56554        -47.22613        -67.66231          5.83799         -2.99634       -111.16374
    6          2.00000        -96.56552        -47.22613        -67.66233          5.83800         -2.99634       -111.16373
    7          2.00000        -96.56330        -47.23377        -67.67338          5.85519         -2.99862       -111.14771
    8          2.00000        -96.54882        -47.25637        -67.69228          5.86730         -3.00008       -111.11743
    9          2.00000        -96.54659        -47.25890        -67.69753          5.88492         -3.00284       -111.10029
   10          2.00000        -96.54657        -47.25890        -67.69754          5.88494         -3.00285       -111.10027
   11          2.00000        -16.57704        -12.12290        -18.31854          5.30517         -1.17283        -17.46751
   12          2.00000        -11.16147        -11.88134        -15.25009          3.44578          0.01990        -11.08444
   13          2.00000         -6.83447        -12.75283        -14.12510          2.21739         -0.04094         -5.98934
   14          2.00000         -6.83429        -12.75298        -14.12546          2.21748         -0.04095         -5.98929
   15          0.00000         -3.25767        -13.74599         -9.07138         -2.77557         -0.06217         -1.35862
   16          0.00000         -0.45444        -13.22686         -7.65396         -3.17485         -0.02630          1.94362
   17          0.00000         -0.45423        -13.22657         -7.65341         -3.17499         -0.02631          1.94395
   18          0.00000          4.22326        -14.89289         -8.30274         -4.62456         -0.20670          6.18885

Band k-path file band_kpath_info is not found under ../dataset/, skip band calculation
Finalizing LibRPA global environment at [2026-07-16 08:38:01.988]
Entry                                             #calls       CPU time (s)       Wall time (s)     
----------------------------------------------------------------------------------------------------
Total for driver                                  1            5.1379             5.1332            
 Driver Read Input Parameters                     1             0.0002             0.0002           
 Driver Read Task-Common Input Data               1             0.0075             0.0075           
  DFT SCF eigenvalues/occupations                 1              0.0006             0.0006          
   api_set_scf_dimension                          1               0.0002             0.0002         
   api_set_wg_ekb_efermi                          1               0.0000             0.0000         
  Structure                                       1              0.0003             0.0003          
   api_set_latvec_and_G                           1               0.0001             0.0001         
   api_set_atoms                                  1               0.0000             0.0000         
   api_set_symmetry_operations                    1               0.0000             0.0000         
  BZ sampling                                     1              0.0003             0.0003          
   api_set_kgrids_kvec                            1               0.0001             0.0001         
   api_set_kq_mapping                             1               0.0000             0.0000         
  Basis (wave-function and auxiliary)             1              0.0001             0.0001          
   api_set_basis_convention                       1               0.0000             0.0000         
   api_set_ao_basis_wfc                           1               0.0000             0.0000         
   api_set_ao_basis_aux                           1               0.0000             0.0000         
  SCF eigenvectors                                1              0.0022             0.0022          
   driver_read_eigenvector_kblacs_2d              1               0.0021             0.0021         
    redistribute_meanfield_eigvecs_kblacs_opt     1                0.0001             0.0001        
  driver_read_ri                                  1              0.0039             0.0039          
   driver_read_Cs                                 1               0.0028             0.0028         
    handle_Cs_file_dry                            1                0.0018             0.0018        
    handle_Cs_file                                1                0.0009             0.0009        
     api_set_lri_coeff                            27                0.0005             0.0005       
   driver_read_Vq                                 1               0.0009             0.0009         
    read_Vq_row_v1                                1                0.0008             0.0008        
     api_set_aux_bare_coulomb_k_atom_pair_packed  14                0.0004             0.0004       
 G0W0 quasi-particle calculation                  1             5.1244             5.1196           
  Load truncated Coulomb                          1              0.0008             0.0008          
   read_Vq_row_v1                                 1               0.0008             0.0008         
    api_set_aux_cut_coulomb_k_atom_pair_packed    14               0.0004             0.0004        
  Load DFT xc potential                           1              0.0005             0.0005          
  api_build_g0w0_sigma                            1              5.0779             5.0733          
   initialize_ds_tfgrids                          1               0.0520             0.0537         
   initialize_ds_atpairs_local                    1               0.0006             0.0006         
   redistribute_coulomb_blacs2ap                  1               0.0000             0.0000         
   initialize_ds_chi0                             1               0.0000             0.0000         
   Build response function chi0                   1               0.8445             0.8439         
    Loop over LibRI                               1                0.8443             0.8437        
     chi0_libri_routing_set_parallel              1                 0.0004             0.0004       
     Set Cs                                       1                 0.0177             0.0177       
     chi0_libri_routing_prepare_gf_index          1                 0.0015             0.0015       
      index_scheduler_init_pairs_unordered_map    1                  0.0000             0.0000      
      index_scheduler_ids_rc                      1                  0.0000             0.0000      
      index_scheduler_compute_map                 1                  0.0000             0.0000      
      index_scheduler_flatten                     1                  0.0000             0.0000      
     build_gf_Rt_libri_kblacs_para                12                0.0091             0.0091       
      get_gf_cplx_imagtimes_Rs_kblacs_para        12                 0.0064             0.0065      
       pgemm_wfc_scaled_wfc_h                     84                  0.0018             0.0018     
        pgemm                                     84                   0.0014             0.0014    
      fill_ap_map_from_blacs_dist_scheduler       84                 0.0011             0.0011      
     chi0_set_Gs                                  6                 0.0236             0.0231       
     Call cal_chi0s                               6                 0.7377             0.7379       
     chi0_libri_routing_free_gf                   6                 0.0004             0.0004       
     Collect R blocks                             6                 0.0422             0.0419       
     Cosine transform to R-space                  6                 0.0025             0.0025       
     Delayed Fourier transform                    1                 0.0074             0.0074       
   Build exchange self-energy                     1               0.3221             0.3219         
    initialize_ds_exx                             1                0.0000             0.0000        
    Fourier transform truncated Coulomb           1                0.0051             0.0051        
    g0w0_exx_real_work                            1                0.3168             0.3167        
     Prepare C libRI object                       1                 0.0092             0.0091       
     Prepare V libRI object                       1                 0.0091             0.0090       
      build_real_space_exx_2_1                    1                  0.0002             0.0002      
      build_real_space_exx_2_2                    1                  0.0088             0.0088      
     build_real_space_exx_prepare_index           1                 0.0039             0.0039       
      index_scheduler_init_pairs_unordered_map    1                  0.0000             0.0000      
      index_scheduler_ids_rc                      1                  0.0000             0.0000      
      index_scheduler_compute_map                 1                  0.0000             0.0000      
      index_scheduler_flatten                     1                  0.0000             0.0000      
     Prepare DM libRI object                      1                 0.0044             0.0043       
      exx_build_dmat_libri_kblacs_para            1                  0.0007             0.0007      
       get_dmat_cplx_Rs_kblacs_para               1                   0.0005             0.0005     
        pgemm_wfc_scaled_wfc_h                    7                    0.0001             0.0001    
         pgemm                                    7                     0.0001             0.0001   
       fill_ap_map_from_blacs_dist_scheduler      7                   0.0001             0.0001     
      build_real_space_exx_libri_set_Ds           1                  0.0036             0.0035      
     Call libRI Hexx calculation                  1                 0.2750             0.2750       
     build_real_space_exx_5                       1                 0.0002             0.0002       
   Build screened interaction                     1               0.4381             0.4331         
    compute_Wc_freq_q_blacs_init                  1                0.0001             0.0001        
    compute_Wc_freq_q_work                        1                0.4378             0.4328        
     Prepare sqrt of truncated Coulomb            14                0.0873             0.0868       
      Setup libRI object                          14                 0.0004             0.0004      
      libRI Communicate                           14                 0.0137             0.0131      
      Collect 2D-block from IJ                    14                 0.0052             0.0052      
      Perform square root                         14                 0.0666             0.0666      
       power_hemat_blacs_real                     1                   0.0050             0.0050     
        power_hemat_blacs_1                       1                    0.0003             0.0003    
        power_hemat_blacs_2                       1                    0.0041             0.0041    
        power_hemat_blacs_3                       1                    0.0000             0.0000    
        power_hemat_blacs_4                       1                    0.0004             0.0004    
       power_hemat_blacs                          13                  0.0607             0.0607     
        power_hemat_blacs_1                       13                   0.0014             0.0014    
        power_hemat_blacs_2                       13                   0.0531             0.0531    
        power_hemat_blacs_3                       13                   0.0017             0.0017    
        power_hemat_blacs_4                       13                   0.0000             0.0000    
        power_hemat_blacs_5                       13                   0.0031             0.0031    
     Prepare sqrt of bare Coulomb                 14                0.0818             0.0811       
      power_hemat_blacs_real                      1                  0.0036             0.0036      
       power_hemat_blacs_1                        1                   0.0001             0.0001     
       power_hemat_blacs_2                        1                   0.0031             0.0031     
       power_hemat_blacs_3                        1                   0.0000             0.0000     
       power_hemat_blacs_4                        1                   0.0003             0.0003     
      power_hemat_blacs                           13                 0.0589             0.0589      
       power_hemat_blacs_1                        13                  0.0014             0.0014     
       power_hemat_blacs_2                        13                  0.0515             0.0515     
       power_hemat_blacs_3                        13                  0.0016             0.0016     
       power_hemat_blacs_4                        13                  0.0000             0.0000     
       power_hemat_blacs_5                        13                  0.0030             0.0030     
     epsilon_wc_work_q_omega                      84                0.2646             0.2608       
      Prepare Chi0 2D block                       84                 0.1130             0.1092      
       epsilon_prepare_chi0_2d_comm_map2          84                  0.0810             0.0772     
       epsilon_prepare_chi0_2d_collect_block      84                  0.0274             0.0274     
      Compute dielectric matrix                   84                 0.0275             0.0275      
       epsilon_compute_eps_pgemm_1                84                  0.0150             0.0150     
       epsilon_compute_eps_pgemm_2                84                  0.0096             0.0096     
      epsilon_to_wc                               84                 0.1032             0.1032      
       epsilon_solver_coulwc                      84                  0.0877             0.0878     
       Multiply truncated Coulomb                 84                  0.0113             0.0113     
   initialize_ds_g0w0                             1               0.0000             0.0000         
   Build real-space correlation self-energy       1               3.4191             3.4187         
    Tranform Wc (q,w) -> (R,t)                    1                0.0278             0.0278        
     Perform transformation                       1                 0.0154             0.0154       
     Compute balance atom-pairs distribution      1                 0.0000             0.0000       
     index_scheduler_init_pairs_unordered_map     1                 0.0000             0.0000       
     index_scheduler_ids_rc                       1                 0.0000             0.0000       
     index_scheduler_compute_map                  1                 0.0001             0.0001       
     index_scheduler_flatten                      1                 0.0000             0.0000       
     Prepare LibRI Wc object                      6                 0.0121             0.0121       
      fill_ap_map_from_blacs_dist_scheduler       162                0.0058             0.0058      
    Setup LibRI G0W0 object and C data            1                0.0160             0.0160        
    g0w0_build_spacetime_prepare_gf_index         1                0.0009             0.0009        
     index_scheduler_init_pairs_unordered_map     1                 0.0000             0.0000       
     index_scheduler_ids_rc                       1                 0.0000             0.0000       
     index_scheduler_compute_map                  1                 0.0000             0.0000       
     index_scheduler_flatten                      1                 0.0000             0.0000       
    Setup LibRI Wc                                6                0.0442             0.0440        
    Compute G(R,t) and G(R,-t)                    6                0.0078             0.0078        
     g0w0_build_gf_libri_kblacs_para              6                 0.0076             0.0076       
      get_gf_cplx_imagtimes_Rs_kblacs_para        6                  0.0053             0.0053      
       pgemm_wfc_scaled_wfc_h                     84                  0.0012             0.0012     
        pgemm                                     84                   0.0007             0.0007    
      fill_ap_map_from_blacs_dist_scheduler       84                 0.0011             0.0011      
    Call libRI cal_Sigc                           12               3.2789             3.2793        
    g0w0_build_spacetime_5_clean                  12               0.0037             0.0037        
    Transform Sigc (R,t) -> (R,w)                 6                0.0036             0.0036        
    g0w0_build_spacetime_free_Ws                  6                0.0003             0.0003        
  api_get_exx_pot_kgrid                           1              0.0107             0.0107          
   exx_build_KS_rotate_kpara_klocal_blacs         1               0.0105             0.0105         
    exx_build_KS_fourier_world                    1                0.0064             0.0064        
    exx_build_KS_ijk_redist                       1                0.0029             0.0029        
    Hexx IJ/K -> 2D block                         7                0.0002             0.0002        
    Rotate Hexx ij -> KS                          7                0.0006             0.0006        
  api_get_g0w0_sigc_kgrid                         1              0.0319             0.0316          
   Correlation self-energy in K-S space           1               0.0295             0.0292         
    g0w0_build_sigc_KS                            1                0.0294             0.0292        
     g0w0_build_sigc_KS_rotate_kpara_klocal_blacs 1                 0.0293             0.0291       
      g0w0_build_sigc_KS_fourier_world            6                  0.0084             0.0084      
      g0w0_build_sigc_KS_ijk_redist               6                  0.0170             0.0167      
   Solve quasi-particle equation                  1               0.0022             0.0022         
libRPA finished successfully
