Initialized LibRPA global environment at [2026-07-16 23:47:34.520]
Total number of tasks    :     4
Total number of nodes    :     1
Maximal number of threads:  12
MPI tasks information:
| Proc    0 of Size    4: c2v100m3-3.hpc2
| Proc    1 of Size    4: c2v100m3-3.hpc2
| Proc    2 of Size    4: c2v100m3-3.hpc2
| Proc    3 of Size    4: c2v100m3-3.hpc2
| Global ID of master process of node     0 :     0

LibRPA CMake build info:
| Build type               : RelWithDebInfo
| Source code directory    : /data/home/df_iopcas_bhj/ai-runs/librpa-qsgw-rebase-gates-20260715T1910-7d69a18c/src-candidate-a25e4e43-v1/librpa-a25e4e43/src
| Source code Git reference: GITDIR-NOTFOUND
| Source code Git hash     : GITDIR-NOTFOUND
| C++ compiler             : /data/app/intel/oneapi-2024.2/mpi/2021.13/bin/mpiicpx
| C++ compiler flags       :   -fiopenmp
| Fortran compiler         : /data/app/intel/oneapi-2024.2/mpi/2021.13/bin/mpiifx
| Fortran compiler flags   : 
| GreenX commit hash       : c90d131
| Use LibRI                : ON
| LibRI include directory  : /data/home/df_iopcas_bhj/ai-runs/librpa-qsgw-rebase-gates-20260715T1910-7d69a18c/src-candidate-a25e4e43-v1/librpa-a25e4e43/thirdparty/LibRI/include
| LibComm include directory: /data/home/df_iopcas_bhj/ai-runs/librpa-qsgw-rebase-gates-20260715T1910-7d69a18c/src-candidate-a25e4e43-v1/librpa-a25e4e43/thirdparty/LibComm/include

===== Begin driver parameters  =====
task = g0w0
constants_choice = internal
input_dir = /data/home/df_iopcas_bhj/ai-runs/librpa-qsgw-rebase-gates-20260715T1910-7d69a18c/inputs/si-k444-headwing-scf-synced-v2-2345960/dataset/
prefix_lri_coeff = Cs_data
prefix_lri_coeff_shrink = Cs_shrinked_data
prefix_shrink_sinvS = shrink_sinvS_
prefix_coul_full = coulomb_mat
prefix_coul_cut = coulomb_cut
prefix_eigvecs_scf = KS_eigenvector
fn_stru = stru_out
fn_bz_sampling = bz_sampling_out
fn_basis = basis_out
fn_basis_wfc = basis_wfc_out
fn_basis_aux = basis_aux_out
fn_basis_aux_shrink = basis_aux_shrink_out
fn_eigocc_scf = band_out
fn_dielfunc = dielecfunc_out
fn_vxc_scf = vxc_out.dat
fn_band_kpath_info = disabled_for_grid_only_sigc_comparison
output_level = info
use_spinor_wfc = false
output_energy_qp = false
output_gw_spec_func = false
output_hamgnn = false
use_pyatb = false
version_coul_reader = -1
version_lri_reader = -1
cs_R_threshold = 1e-06
i_state_low = 0
i_state_high = 999999
===== End driver parameters    =====

===== Begin control parameters =====
output_dir = ./
restart_from_dir = <output_dir>
tfgrids_type = minimax
anacon_tfgrids_type = unset
parallel_routing = libri
rpa_headwing_mode = qavg
nfreq = 6
n_bands_chi0 = -1
n_bands_sigc = -1
n_params_anacon = -1
n_params_anacon_resample = -1
anacon_nfreq = -1
option_qpe_solver = 0
option_dielect_func = 3
option_bvk_remap = 1
rpa_headwing_body_start = 0
qpe_solver_n_iter_max = 10000
libri_chi0_collect_s0_chunk = 0
istate_ref_hedin_shift = -1
ifreq_output_wc_start = 0
ifreq_output_wc_end = -1
libri_chi0_collect_max_bytes = 0
gf_R_threshold = 0
vq_threshold = 0
minimax_emin = -1
minimax_emax = -1
minimax_regulation = 0
sqrt_coulomb_threshold = 0
libri_chi0_threshold_C = 0
libri_chi0_threshold_G = 0
libri_exx_threshold_C = 0
libri_exx_threshold_D = 0
libri_exx_threshold_V = 0
libri_g0w0_threshold_C = 0
libri_g0w0_threshold_G = 0
libri_g0w0_threshold_Wc = 0
qpe_solver_thres = 1e-06
qpe_solver_damp_factor = 0.1
sf_gf_omega_shift = 0.01
sf_sigc_omega_shift = 0.01
debug = false
replace_w_head = true
use_fullcoul_eps = true
use_fullcoul_exx = false
use_fullcoul_wc = false
use_symmetry_exx = false
use_symmetry_gw = false
use_symmetry_rpa = false
output_abacus_gw_gf = false
use_shrink_abfs = false
use_shrink_chi = false
use_scalapack_ecrpa = true
use_scalapack_gw_wc = true
use_cholesky_gw_wc = false
use_gpu_replace_scalapack = false
use_elpa_sqrt_coulomb = false
use_kpara_scf_eigvec = false
read_sigc_mat_rf = false
output_gw_sigc_ks_kf = false
output_gw_sigc_ks_mat_kf = true
output_gw_sigc_mat_kf = false
output_gw_sigc_mat_rf = false
output_gw_sigc_mat_rt = false
output_wc_rf = false
output_wc_rf_atom_pair = true
use_qpe_adaptive_damp = false
use_qpe_legacy_update = false
override_qpe_solver_nan = false
use_hedin_shift = false
===== End control parameters   =====

Mean-field dimensions set:
| number of spins           : 1
| number of k-points        : 64
| number of bands           : 26
| number of NAOs            : 26
| number of spin components : 1
Internal two-level (SCF k-points/matrix block) parallelization for eigenvectors set:
| processes per k-point      : 1
| processes per matrix block : 4
Mean-field eigenvalues and occupation numbers set:
| Minimal transition energy (Ha):       0.0400521258
| Maximal transition energy (Ha):       5.8659208022
| Fermi level               (Ha):       0.2564169102
Reading structure file: /data/home/df_iopcas_bhj/ai-runs/librpa-qsgw-rebase-gates-20260715T1910-7d69a18c/inputs/si-k444-headwing-scf-synced-v2-2345960/dataset/stru_out
Lattice vectors (Bohr): latt
               0         5.13155         5.13155
         5.13155               0         5.13155
         5.13155         5.13155               0
Reciprocal lattice vectors (2PI Bohr^-1): G
      -0.0974364       0.0974364       0.0974364
       0.0974364      -0.0974364       0.0974364
       0.0974364       0.0974364      -0.0974364
Consistency check: latt * G.T
               1               0               0
               0               1               0
               0               0               1
Atom positions read (Cartesian in Bohr | fractional):
ia    1:    0.0000000    0.0000000    0.0000000 |    0.0000000    0.0000000    0.0000000
ia    2:    2.5657622    2.5657622    2.5657622 |    0.2499986    0.2499986    0.2499986

Reading Brillouin zone sampling file: /data/home/df_iopcas_bhj/ai-runs/librpa-qsgw-rebase-gates-20260715T1910-7d69a18c/inputs/si-k444-headwing-scf-synced-v2-2345960/dataset/bz_sampling_out
kgrids:   4   4   4
k-points read (Cartesian in 2Pi Bohr^-1 | fractional):
ik    1:    0.0000000    0.0000000    0.0000000 |    0.0000000    0.0000000    0.0000000
ik    2:   -0.0243591    0.0243591    0.0243591 |    0.2500000    0.0000000    0.0000000
ik    3:   -0.0487182    0.0487182    0.0487182 |    0.5000000    0.0000000    0.0000000
ik    4:   -0.0730773    0.0730773    0.0730773 |    0.7500000    0.0000000    0.0000000
ik    5:    0.0243591   -0.0243591    0.0243591 |    0.0000000    0.2500000    0.0000000
ik    6:    0.0000000    0.0000000    0.0487182 |    0.2500000    0.2500000    0.0000000
ik    7:   -0.0243591    0.0243591    0.0730773 |    0.5000000    0.2500000    0.0000000
ik    8:   -0.0487182    0.0487182    0.0974364 |    0.7500000    0.2500000    0.0000000
ik    9:    0.0487182   -0.0487182    0.0487182 |    0.0000000    0.5000000    0.0000000
ik   10:    0.0243591   -0.0243591    0.0730773 |    0.2500000    0.5000000    0.0000000
ik   11:    0.0000000    0.0000000    0.0974364 |    0.5000000    0.5000000    0.0000000
ik   12:   -0.0243591    0.0243591    0.1217955 |    0.7500000    0.5000000    0.0000000
ik   13:    0.0730773   -0.0730773    0.0730773 |    0.0000000    0.7500000    0.0000000
ik   14:    0.0487182   -0.0487182    0.0974364 |    0.2500000    0.7500000    0.0000000
ik   15:    0.0243591   -0.0243591    0.1217955 |    0.5000000    0.7500000    0.0000000
ik   16:    0.0000000    0.0000000    0.1461546 |    0.7500000    0.7500000    0.0000000
ik   17:    0.0243591    0.0243591   -0.0243591 |    0.0000000    0.0000000    0.2500000
ik   18:    0.0000000    0.0487182    0.0000000 |    0.2500000    0.0000000    0.2500000
ik   19:   -0.0243591    0.0730773    0.0243591 |    0.5000000    0.0000000    0.2500000
ik   20:   -0.0487182    0.0974364    0.0487182 |    0.7500000    0.0000000    0.2500000
ik   21:    0.0487182    0.0000000    0.0000000 |    0.0000000    0.2500000    0.2500000
ik   22:    0.0243591    0.0243591    0.0243591 |    0.2500000    0.2500000    0.2500000
ik   23:    0.0000000    0.0487182    0.0487182 |    0.5000000    0.2500000    0.2500000
ik   24:   -0.0243591    0.0730773    0.0730773 |    0.7500000    0.2500000    0.2500000
ik   25:    0.0730773   -0.0243591    0.0243591 |    0.0000000    0.5000000    0.2500000
ik   26:    0.0487182    0.0000000    0.0487182 |    0.2500000    0.5000000    0.2500000
ik   27:    0.0243591    0.0243591    0.0730773 |    0.5000000    0.5000000    0.2500000
ik   28:    0.0000000    0.0487182    0.0974364 |    0.7500000    0.5000000    0.2500000
ik   29:    0.0974364   -0.0487182    0.0487182 |    0.0000000    0.7500000    0.2500000
ik   30:    0.0730773   -0.0243591    0.0730773 |    0.2500000    0.7500000    0.2500000
ik   31:    0.0487182    0.0000000    0.0974364 |    0.5000000    0.7500000    0.2500000
ik   32:    0.0243591    0.0243591    0.1217955 |    0.7500000    0.7500000    0.2500000
ik   33:    0.0487182    0.0487182   -0.0487182 |    0.0000000    0.0000000    0.5000000
ik   34:    0.0243591    0.0730773   -0.0243591 |    0.2500000    0.0000000    0.5000000
ik   35:    0.0000000    0.0974364    0.0000000 |    0.5000000    0.0000000    0.5000000
ik   36:   -0.0243591    0.1217955    0.0243591 |    0.7500000    0.0000000    0.5000000
ik   37:    0.0730773    0.0243591   -0.0243591 |    0.0000000    0.2500000    0.5000000
ik   38:    0.0487182    0.0487182    0.0000000 |    0.2500000    0.2500000    0.5000000
ik   39:    0.0243591    0.0730773    0.0243591 |    0.5000000    0.2500000    0.5000000
ik   40:    0.0000000    0.0974364    0.0487182 |    0.7500000    0.2500000    0.5000000
ik   41:    0.0974364    0.0000000    0.0000000 |    0.0000000    0.5000000    0.5000000
ik   42:    0.0730773    0.0243591    0.0243591 |    0.2500000    0.5000000    0.5000000
ik   43:    0.0487182    0.0487182    0.0487182 |    0.5000000    0.5000000    0.5000000
ik   44:    0.0243591    0.0730773    0.0730773 |    0.7500000    0.5000000    0.5000000
ik   45:    0.1217955   -0.0243591    0.0243591 |    0.0000000    0.7500000    0.5000000
ik   46:    0.0974364    0.0000000    0.0487182 |    0.2500000    0.7500000    0.5000000
ik   47:    0.0730773    0.0243591    0.0730773 |    0.5000000    0.7500000    0.5000000
ik   48:    0.0487182    0.0487182    0.0974364 |    0.7500000    0.7500000    0.5000000
ik   49:    0.0730773    0.0730773   -0.0730773 |    0.0000000    0.0000000    0.7500000
ik   50:    0.0487182    0.0974364   -0.0487182 |    0.2500000    0.0000000    0.7500000
ik   51:    0.0243591    0.1217955   -0.0243591 |    0.5000000    0.0000000    0.7500000
ik   52:    0.0000000    0.1461546    0.0000000 |    0.7500000    0.0000000    0.7500000
ik   53:    0.0974364    0.0487182   -0.0487182 |    0.0000000    0.2500000    0.7500000
ik   54:    0.0730773    0.0730773   -0.0243591 |    0.2500000    0.2500000    0.7500000
ik   55:    0.0487182    0.0974364    0.0000000 |    0.5000000    0.2500000    0.7500000
ik   56:    0.0243591    0.1217955    0.0243591 |    0.7500000    0.2500000    0.7500000
ik   57:    0.1217955    0.0243591   -0.0243591 |    0.0000000    0.5000000    0.7500000
ik   58:    0.0974364    0.0487182    0.0000000 |    0.2500000    0.5000000    0.7500000
ik   59:    0.0730773    0.0730773    0.0243591 |    0.5000000    0.5000000    0.7500000
ik   60:    0.0487182    0.0974364    0.0487182 |    0.7500000    0.5000000    0.7500000
ik   61:    0.1461546    0.0000000    0.0000000 |    0.0000000    0.7500000    0.7500000
ik   62:    0.1217955    0.0243591    0.0243591 |    0.2500000    0.7500000    0.7500000
ik   63:    0.0974364    0.0487182    0.0487182 |    0.5000000    0.7500000    0.7500000
ik   64:    0.0730773    0.0730773    0.0730773 |    0.7500000    0.7500000    0.7500000
Hint: full k-point list is copied from parsed k-points.
R-points to compute: 64
    1 -     5 : ( -2,  -2,  -2) ( -2,  -2,  -1) ( -2,  -2,   0) ( -2,  -2,   1) ( -2,  -1,  -2)
    6 -    10 : ( -2,  -1,  -1) ( -2,  -1,   0) ( -2,  -1,   1) ( -2,   0,  -2) ( -2,   0,  -1)
   11 -    15 : ( -2,   0,   0) ( -2,   0,   1) ( -2,   1,  -2) ( -2,   1,  -1) ( -2,   1,   0)
   16 -    20 : ( -2,   1,   1) ( -1,  -2,  -2) ( -1,  -2,  -1) ( -1,  -2,   0) ( -1,  -2,   1)
   21 -    25 : ( -1,  -1,  -2) ( -1,  -1,  -1) ( -1,  -1,   0) ( -1,  -1,   1) ( -1,   0,  -2)
   26 -    30 : ( -1,   0,  -1) ( -1,   0,   0) ( -1,   0,   1) ( -1,   1,  -2) ( -1,   1,  -1)
   31 -    35 : ( -1,   1,   0) ( -1,   1,   1) (  0,  -2,  -2) (  0,  -2,  -1) (  0,  -2,   0)
   36 -    40 : (  0,  -2,   1) (  0,  -1,  -2) (  0,  -1,  -1) (  0,  -1,   0) (  0,  -1,   1)
   41 -    45 : (  0,   0,  -2) (  0,   0,  -1) (  0,   0,   0) (  0,   0,   1) (  0,   1,  -2)
   46 -    50 : (  0,   1,  -1) (  0,   1,   0) (  0,   1,   1) (  1,  -2,  -2) (  1,  -2,  -1)
   51 -    55 : (  1,  -2,   0) (  1,  -2,   1) (  1,  -1,  -2) (  1,  -1,  -1) (  1,  -1,   0)
   56 -    60 : (  1,  -1,   1) (  1,   0,  -2) (  1,   0,  -1) (  1,   0,   0) (  1,   0,   1)
   61 -    64 : (  1,   1,  -2) (  1,   1,  -1) (  1,   1,   0) (  1,   1,   1)

SCF k-point to Coulomb q-point mapping:
  ik:          k_1          k_2          k_3      iq
   1:    0.0000000    0.0000000    0.0000000
   2:    0.2500000    0.0000000    0.0000000
   3:    0.5000000    0.0000000    0.0000000
   4:    0.7500000    0.0000000    0.0000000
   5:    0.0000000    0.2500000    0.0000000
   6:    0.2500000    0.2500000    0.0000000
   7:    0.5000000    0.2500000    0.0000000
   8:    0.7500000    0.2500000    0.0000000
   9:    0.0000000    0.5000000    0.0000000
  10:    0.2500000    0.5000000    0.0000000
  11:    0.5000000    0.5000000    0.0000000
  12:    0.7500000    0.5000000    0.0000000
  13:    0.0000000    0.7500000    0.0000000
  14:    0.2500000    0.7500000    0.0000000
  15:    0.5000000    0.7500000    0.0000000
  16:    0.7500000    0.7500000    0.0000000
  17:    0.0000000    0.0000000    0.2500000
  18:    0.2500000    0.0000000    0.2500000
  19:    0.5000000    0.0000000    0.2500000
  20:    0.7500000    0.0000000    0.2500000
  21:    0.0000000    0.2500000    0.2500000
  22:    0.2500000    0.2500000    0.2500000
  23:    0.5000000    0.2500000    0.2500000
  24:    0.7500000    0.2500000    0.2500000
  25:    0.0000000    0.5000000    0.2500000
  26:    0.2500000    0.5000000    0.2500000
  27:    0.5000000    0.5000000    0.2500000
  28:    0.7500000    0.5000000    0.2500000
  29:    0.0000000    0.7500000    0.2500000
  30:    0.2500000    0.7500000    0.2500000
  31:    0.5000000    0.7500000    0.2500000
  32:    0.7500000    0.7500000    0.2500000
  33:    0.0000000    0.0000000    0.5000000
  34:    0.2500000    0.0000000    0.5000000
  35:    0.5000000    0.0000000    0.5000000
  36:    0.7500000    0.0000000    0.5000000
  37:    0.0000000    0.2500000    0.5000000
  38:    0.2500000    0.2500000    0.5000000
  39:    0.5000000    0.2500000    0.5000000
  40:    0.7500000    0.2500000    0.5000000
  41:    0.0000000    0.5000000    0.5000000
  42:    0.2500000    0.5000000    0.5000000
  43:    0.5000000    0.5000000    0.5000000
  44:    0.7500000    0.5000000    0.5000000
  45:    0.0000000    0.7500000    0.5000000
  46:    0.2500000    0.7500000    0.5000000
  47:    0.5000000    0.7500000    0.5000000
  48:    0.7500000    0.7500000    0.5000000
  49:    0.0000000    0.0000000    0.7500000
  50:    0.2500000    0.0000000    0.7500000
  51:    0.5000000    0.0000000    0.7500000
  52:    0.7500000    0.0000000    0.7500000
  53:    0.0000000    0.2500000    0.7500000
  54:    0.2500000    0.2500000    0.7500000
  55:    0.5000000    0.2500000    0.7500000
  56:    0.7500000    0.2500000    0.7500000
  57:    0.0000000    0.5000000    0.7500000
  58:    0.2500000    0.5000000    0.7500000
  59:    0.5000000    0.5000000    0.7500000
  60:    0.7500000    0.5000000    0.7500000
  61:    0.0000000    0.7500000    0.7500000
  62:    0.2500000    0.7500000    0.7500000
  63:    0.5000000    0.7500000    0.7500000
  64:    0.7500000    0.7500000    0.7500000

Reading wave-function basis information file: /data/home/df_iopcas_bhj/ai-runs/librpa-qsgw-rebase-gates-20260715T1910-7d69a18c/inputs/si-k444-headwing-scf-synced-v2-2345960/dataset/basis_wfc_out
Basis convention set:
| Bloch phase      : -1
| Bloch r_atom     : 0
| angular order    : 1
| RSH coeff m < 0  : 1
| RSH coeff m > 0  : 0
Wave-function basis functions set:
| total number of basis: 26
Reading auxiliary basis information file: /data/home/df_iopcas_bhj/ai-runs/librpa-qsgw-rebase-gates-20260715T1910-7d69a18c/inputs/si-k444-headwing-scf-synced-v2-2345960/dataset/basis_aux_out
Auxiliary basis functions set:
| total number of basis: 794

KS eigenvector reader: legacy text
Successfully read eigenvector files
Loading RI file from directory: /data/home/df_iopcas_bhj/ai-runs/librpa-qsgw-rebase-gates-20260715T1910-7d69a18c/inputs/si-k444-headwing-scf-synced-v2-2345960/dataset/
Evenly distributed Cs and V for LibRI
LRI coefficient reader (Cs_data): legacy
Finished Cs filtering
Finished Cs parsing
Begin READ_Vq_Row
Begin READ_Vq_Row
Coulomb reader (coulomb_mat): legacy
Begin READ_Vq_Row
Begin READ_Vq_Row
ASCII format V files detected
| Process     0: coulomb_mat read. Wall/CPU time [min]:       0.0113       0.0113
| Process     1: coulomb_mat read. Wall/CPU time [min]:       0.0056       0.0056
| Process     2: coulomb_mat read. Wall/CPU time [min]:       0.0113       0.0113
| Process     3: coulomb_mat read. Wall/CPU time [min]:       0.0113       0.0113
| Process     0: Cs with             53 non-zero keys from local atpair size       1. Data memory:      28.45 MB. Wall/CPU time [min]:       0.1359       0.1357
| Process     1: Cs with             53 non-zero keys from local atpair size       0. Data memory:      28.45 MB. Wall/CPU time [min]:       0.1478       0.1357
| Process     2: Cs with             52 non-zero keys from local atpair size       1. Data memory:      27.91 MB. Wall/CPU time [min]:       0.1393       0.1390
| Process     3: Cs with             52 non-zero keys from local atpair size       1. Data memory:      27.91 MB. Wall/CPU time [min]:       0.1393       0.1390
Actual parallel routing used: libri
Initialization finished, Wall/CPU time [min]:       0.0000       0.0000
Free memory on node     0 [GB]:  363.523
Common data parsed, task g0w0 will begin
g0w0: One-shot GW for quasi-paricle energies
Begin READ_Vq_Row
Coulomb reader (coulomb_cut): legacy
Begin READ_Vq_Row
Begin READ_Vq_Row
Begin READ_Vq_Row
ASCII format V files detected
Reading head/wing input from /data/home/df_iopcas_bhj/ai-runs/librpa-qsgw-rebase-gates-20260715T1910-7d69a18c/inputs/si-k444-headwing-scf-synced-v2-2345960/dataset/pyatb_librpa_df/
KS eigenvector reader: legacy text
* Success: read velocity from pyatb_librpa_df(ABACUS).
Using PyATB head/wing input on the active LibRPA k-list with 64 k-points
Head k matrix (iomega=0): route=full_bz ik=0 k=( 0.000000000000, 0.000000000000, 0.000000000000)
( 1.87457989e+01, 0.00000000e+00) ( 1.07148030e-10, 0.00000000e+00) ( 1.07348086e-10, 0.00000000e+00)
( 1.07148030e-10, 0.00000000e+00) ( 1.87457989e+01, 0.00000000e+00) ( 1.07072347e-10, 0.00000000e+00)
( 1.07348086e-10, 0.00000000e+00) ( 1.07072347e-10, 0.00000000e+00) ( 1.87457989e+01, 0.00000000e+00)
Head k matrix (iomega=0): route=full_bz ik=1 k=( 0.250000000000, 0.000000000000, 0.000000000000)
( 0.00000000e+00, 0.00000000e+00) ( 0.00000000e+00, 0.00000000e+00) ( 0.00000000e+00, 0.00000000e+00)
( 0.00000000e+00, 0.00000000e+00) ( 0.00000000e+00, 0.00000000e+00) ( 0.00000000e+00, 0.00000000e+00)
( 0.00000000e+00, 0.00000000e+00) ( 0.00000000e+00, 0.00000000e+00) ( 0.00000000e+00, 0.00000000e+00)
Head k matrix (iomega=0): route=full_bz ik=2 k=( 0.500000000000, 0.000000000000, 0.000000000000)
( 0.00000000e+00, 0.00000000e+00) ( 0.00000000e+00, 0.00000000e+00) ( 0.00000000e+00, 0.00000000e+00)
( 0.00000000e+00, 0.00000000e+00) ( 0.00000000e+00, 0.00000000e+00) ( 0.00000000e+00, 0.00000000e+00)
( 0.00000000e+00, 0.00000000e+00) ( 0.00000000e+00, 0.00000000e+00) ( 0.00000000e+00, 0.00000000e+00)
Head k matrix (iomega=0): route=full_bz ik=3 k=( 0.750000000000, 0.000000000000, 0.000000000000)
( 0.00000000e+00, 0.00000000e+00) ( 0.00000000e+00, 0.00000000e+00) ( 0.00000000e+00, 0.00000000e+00)
( 0.00000000e+00, 0.00000000e+00) ( 0.00000000e+00, 0.00000000e+00) ( 0.00000000e+00, 0.00000000e+00)
( 0.00000000e+00, 0.00000000e+00) ( 0.00000000e+00, 0.00000000e+00) ( 0.00000000e+00, 0.00000000e+00)
Head k matrix (iomega=0): route=full_bz ik=4 k=( 0.000000000000, 0.250000000000, 0.000000000000)
( 7.25543520e+00, 0.00000000e+00) ( 3.52510148e+00,-5.18893172e-09) (-3.52510116e+00, 9.11504699e-12)
( 3.52510148e+00, 5.18893172e-09) ( 7.25543729e+00, 0.00000000e+00) ( 3.52510136e+00, 5.18940116e-09)
(-3.52510116e+00,-9.11504699e-12) ( 3.52510136e+00,-5.18940116e-09) ( 7.25543291e+00, 0.00000000e+00)
Head k matrix (iomega=0): route=full_bz ik=5 k=( 0.250000000000, 0.250000000000, 0.000000000000)
( 0.00000000e+00, 0.00000000e+00) ( 0.00000000e+00, 0.00000000e+00) ( 0.00000000e+00, 0.00000000e+00)
( 0.00000000e+00, 0.00000000e+00) ( 0.00000000e+00, 0.00000000e+00) ( 0.00000000e+00, 0.00000000e+00)
( 0.00000000e+00, 0.00000000e+00) ( 0.00000000e+00, 0.00000000e+00) ( 0.00000000e+00, 0.00000000e+00)
Head k matrix (iomega=0): route=full_bz ik=6 k=( 0.500000000000, 0.250000000000, 0.000000000000)
( 0.00000000e+00, 0.00000000e+00) ( 0.00000000e+00, 0.00000000e+00) ( 0.00000000e+00, 0.00000000e+00)
( 0.00000000e+00, 0.00000000e+00) ( 0.00000000e+00, 0.00000000e+00) ( 0.00000000e+00, 0.00000000e+00)
( 0.00000000e+00, 0.00000000e+00) ( 0.00000000e+00, 0.00000000e+00) ( 0.00000000e+00, 0.00000000e+00)
Head k matrix (iomega=0): route=full_bz ik=7 k=( 0.750000000000, 0.250000000000, 0.000000000000)
( 0.00000000e+00, 0.00000000e+00) ( 0.00000000e+00, 0.00000000e+00) ( 0.00000000e+00, 0.00000000e+00)
( 0.00000000e+00, 0.00000000e+00) ( 0.00000000e+00, 0.00000000e+00) ( 0.00000000e+00, 0.00000000e+00)
( 0.00000000e+00, 0.00000000e+00) ( 0.00000000e+00, 0.00000000e+00) ( 0.00000000e+00, 0.00000000e+00)
Head k matrix (iomega=0): route=full_bz ik=8 k=( 0.000000000000, 0.500000000000, 0.000000000000)
( 8.20546815e+00, 0.00000000e+00) ( 4.02221217e+00, 8.47537791e-25) (-4.02221128e+00, 4.82959819e-28)
( 4.02221217e+00,-8.47537791e-25) ( 8.20546635e+00, 0.00000000e+00) ( 4.02221218e+00,-8.47399069e-25)
(-4.02221128e+00,-4.82959819e-28) ( 4.02221218e+00, 8.47399069e-25) ( 8.20546815e+00, 0.00000000e+00)
Head k matrix (iomega=0): route=full_bz ik=9 k=( 0.250000000000, 0.500000000000, 0.000000000000)
( 0.00000000e+00, 0.00000000e+00) ( 0.00000000e+00, 0.00000000e+00) ( 0.00000000e+00, 0.00000000e+00)
( 0.00000000e+00, 0.00000000e+00) ( 0.00000000e+00, 0.00000000e+00) ( 0.00000000e+00, 0.00000000e+00)
( 0.00000000e+00, 0.00000000e+00) ( 0.00000000e+00, 0.00000000e+00) ( 0.00000000e+00, 0.00000000e+00)
Head k matrix (iomega=0): route=full_bz ik=10 k=( 0.500000000000, 0.500000000000, 0.000000000000)
( 0.00000000e+00, 0.00000000e+00) ( 0.00000000e+00, 0.00000000e+00) ( 0.00000000e+00, 0.00000000e+00)
( 0.00000000e+00, 0.00000000e+00) ( 0.00000000e+00, 0.00000000e+00) ( 0.00000000e+00, 0.00000000e+00)
( 0.00000000e+00, 0.00000000e+00) ( 0.00000000e+00, 0.00000000e+00) ( 0.00000000e+00, 0.00000000e+00)
Head k matrix (iomega=0): route=full_bz ik=11 k=( 0.750000000000, 0.500000000000, 0.000000000000)
( 0.00000000e+00, 0.00000000e+00) ( 0.00000000e+00, 0.00000000e+00) ( 0.00000000e+00, 0.00000000e+00)
( 0.00000000e+00, 0.00000000e+00) ( 0.00000000e+00, 0.00000000e+00) ( 0.00000000e+00, 0.00000000e+00)
( 0.00000000e+00, 0.00000000e+00) ( 0.00000000e+00, 0.00000000e+00) ( 0.00000000e+00, 0.00000000e+00)
Head k matrix (iomega=0): route=full_bz ik=12 k=( 0.000000000000, 0.750000000000, 0.000000000000)
( 7.25543520e+00, 0.00000000e+00) ( 3.52510148e+00, 5.18893130e-09) (-3.52510116e+00,-9.11844072e-12)
( 3.52510148e+00,-5.18893130e-09) ( 7.25543729e+00, 0.00000000e+00) ( 3.52510136e+00,-5.18939197e-09)
(-3.52510116e+00, 9.11844072e-12) ( 3.52510136e+00, 5.18939197e-09) ( 7.25543291e+00, 0.00000000e+00)
Head k matrix (iomega=0): route=full_bz ik=13 k=( 0.250000000000, 0.750000000000, 0.000000000000)
( 0.00000000e+00, 0.00000000e+00) ( 0.00000000e+00, 0.00000000e+00) ( 0.00000000e+00, 0.00000000e+00)
( 0.00000000e+00, 0.00000000e+00) ( 0.00000000e+00, 0.00000000e+00) ( 0.00000000e+00, 0.00000000e+00)
( 0.00000000e+00, 0.00000000e+00) ( 0.00000000e+00, 0.00000000e+00) ( 0.00000000e+00, 0.00000000e+00)
Head k matrix (iomega=0): route=full_bz ik=14 k=( 0.500000000000, 0.750000000000, 0.000000000000)
( 0.00000000e+00, 0.00000000e+00) ( 0.00000000e+00, 0.00000000e+00) ( 0.00000000e+00, 0.00000000e+00)
( 0.00000000e+00, 0.00000000e+00) ( 0.00000000e+00, 0.00000000e+00) ( 0.00000000e+00, 0.00000000e+00)
( 0.00000000e+00, 0.00000000e+00) ( 0.00000000e+00, 0.00000000e+00) ( 0.00000000e+00, 0.00000000e+00)
Head k matrix (iomega=0): route=full_bz ik=15 k=( 0.750000000000, 0.750000000000, 0.000000000000)
( 0.00000000e+00, 0.00000000e+00) ( 0.00000000e+00, 0.00000000e+00) ( 0.00000000e+00, 0.00000000e+00)
( 0.00000000e+00, 0.00000000e+00) ( 0.00000000e+00, 0.00000000e+00) ( 0.00000000e+00, 0.00000000e+00)
( 0.00000000e+00, 0.00000000e+00) ( 0.00000000e+00, 0.00000000e+00) ( 0.00000000e+00, 0.00000000e+00)
Head k matrix (iomega=0): route=full_bz ik=16 k=( 0.000000000000, 0.000000000000, 0.250000000000)
( 7.25543520e+00, 0.00000000e+00) (-3.52510140e+00,-9.01984968e-12) ( 3.52510123e+00,-5.20709762e-09)
(-3.52510140e+00, 9.01984968e-12) ( 7.25543743e+00, 0.00000000e+00) ( 3.52510136e+00,-5.20664308e-09)
( 3.52510123e+00, 5.20709762e-09) ( 3.52510136e+00, 5.20664308e-09) ( 7.25543276e+00, 0.00000000e+00)
Head k matrix (iomega=0): route=full_bz ik=17 k=( 0.250000000000, 0.000000000000, 0.250000000000)
( 0.00000000e+00, 0.00000000e+00) ( 0.00000000e+00, 0.00000000e+00) ( 0.00000000e+00, 0.00000000e+00)
( 0.00000000e+00, 0.00000000e+00) ( 0.00000000e+00, 0.00000000e+00) ( 0.00000000e+00, 0.00000000e+00)
( 0.00000000e+00, 0.00000000e+00) ( 0.00000000e+00, 0.00000000e+00) ( 0.00000000e+00, 0.00000000e+00)
Head k matrix (iomega=0): route=full_bz ik=18 k=( 0.500000000000, 0.000000000000, 0.250000000000)
( 0.00000000e+00, 0.00000000e+00) ( 0.00000000e+00, 0.00000000e+00) ( 0.00000000e+00, 0.00000000e+00)
( 0.00000000e+00, 0.00000000e+00) ( 0.00000000e+00, 0.00000000e+00) ( 0.00000000e+00, 0.00000000e+00)
( 0.00000000e+00, 0.00000000e+00) ( 0.00000000e+00, 0.00000000e+00) ( 0.00000000e+00, 0.00000000e+00)
Head k matrix (iomega=0): route=full_bz ik=19 k=( 0.750000000000, 0.000000000000, 0.250000000000)
( 0.00000000e+00, 0.00000000e+00) ( 0.00000000e+00, 0.00000000e+00) ( 0.00000000e+00, 0.00000000e+00)
( 0.00000000e+00, 0.00000000e+00) ( 0.00000000e+00, 0.00000000e+00) ( 0.00000000e+00, 0.00000000e+00)
( 0.00000000e+00, 0.00000000e+00) ( 0.00000000e+00, 0.00000000e+00) ( 0.00000000e+00, 0.00000000e+00)
Head k matrix (iomega=0): route=full_bz ik=20 k=( 0.000000000000, 0.250000000000, 0.250000000000)
( 2.22368160e-01, 0.00000000e+00) ( 1.68598627e-10, 2.58231971e-07) ( 1.68602863e-10, 2.58231964e-07)
( 1.68598627e-10,-2.58231971e-07) ( 6.08243981e+00, 0.00000000e+00) ( 1.68584712e-10,-1.99100558e-11)
( 1.68602863e-10,-2.58231964e-07) ( 1.68584712e-10, 1.99100558e-11) ( 6.08242966e+00, 0.00000000e+00)
Head k matrix (iomega=0): route=full_bz ik=21 k=( 0.250000000000, 0.250000000000, 0.250000000000)
( 0.00000000e+00, 0.00000000e+00) ( 0.00000000e+00, 0.00000000e+00) ( 0.00000000e+00, 0.00000000e+00)
( 0.00000000e+00, 0.00000000e+00) ( 0.00000000e+00, 0.00000000e+00) ( 0.00000000e+00, 0.00000000e+00)
( 0.00000000e+00, 0.00000000e+00) ( 0.00000000e+00, 0.00000000e+00) ( 0.00000000e+00, 0.00000000e+00)
Head k matrix (iomega=0): route=full_bz ik=22 k=( 0.500000000000, 0.250000000000, 0.250000000000)
( 0.00000000e+00, 0.00000000e+00) ( 0.00000000e+00, 0.00000000e+00) ( 0.00000000e+00, 0.00000000e+00)
( 0.00000000e+00, 0.00000000e+00) ( 0.00000000e+00, 0.00000000e+00) ( 0.00000000e+00, 0.00000000e+00)
( 0.00000000e+00, 0.00000000e+00) ( 0.00000000e+00, 0.00000000e+00) ( 0.00000000e+00, 0.00000000e+00)
Head k matrix (iomega=0): route=full_bz ik=23 k=( 0.750000000000, 0.250000000000, 0.250000000000)
( 0.00000000e+00, 0.00000000e+00) ( 0.00000000e+00, 0.00000000e+00) ( 0.00000000e+00, 0.00000000e+00)
( 0.00000000e+00, 0.00000000e+00) ( 0.00000000e+00, 0.00000000e+00) ( 0.00000000e+00, 0.00000000e+00)
( 0.00000000e+00, 0.00000000e+00) ( 0.00000000e+00, 0.00000000e+00) ( 0.00000000e+00, 0.00000000e+00)
Head k matrix (iomega=0): route=full_bz ik=24 k=( 0.000000000000, 0.500000000000, 0.250000000000)
( 2.15979167e-01, 0.00000000e+00) ( 2.58753546e-02, 4.32654211e-07) (-2.58740568e-02,-1.92940801e-07)
( 2.58753546e-02,-4.32654211e-07) ( 2.58236655e+00, 0.00000000e+00) ( 2.44162295e+00,-2.05320712e-08)
(-2.58740568e-02, 1.92940801e-07) ( 2.44162295e+00, 2.05320712e-08) ( 2.58236813e+00, 0.00000000e+00)
Head k matrix (iomega=0): route=full_bz ik=25 k=( 0.250000000000, 0.500000000000, 0.250000000000)
( 0.00000000e+00, 0.00000000e+00) ( 0.00000000e+00, 0.00000000e+00) ( 0.00000000e+00, 0.00000000e+00)
( 0.00000000e+00, 0.00000000e+00) ( 0.00000000e+00, 0.00000000e+00) ( 0.00000000e+00, 0.00000000e+00)
( 0.00000000e+00, 0.00000000e+00) ( 0.00000000e+00, 0.00000000e+00) ( 0.00000000e+00, 0.00000000e+00)
Head k matrix (iomega=0): route=full_bz ik=26 k=( 0.500000000000, 0.500000000000, 0.250000000000)
( 0.00000000e+00, 0.00000000e+00) ( 0.00000000e+00, 0.00000000e+00) ( 0.00000000e+00, 0.00000000e+00)
( 0.00000000e+00, 0.00000000e+00) ( 0.00000000e+00, 0.00000000e+00) ( 0.00000000e+00, 0.00000000e+00)
( 0.00000000e+00, 0.00000000e+00) ( 0.00000000e+00, 0.00000000e+00) ( 0.00000000e+00, 0.00000000e+00)
Head k matrix (iomega=0): route=full_bz ik=27 k=( 0.750000000000, 0.500000000000, 0.250000000000)
( 0.00000000e+00, 0.00000000e+00) ( 0.00000000e+00, 0.00000000e+00) ( 0.00000000e+00, 0.00000000e+00)
( 0.00000000e+00, 0.00000000e+00) ( 0.00000000e+00, 0.00000000e+00) ( 0.00000000e+00, 0.00000000e+00)
( 0.00000000e+00, 0.00000000e+00) ( 0.00000000e+00, 0.00000000e+00) ( 0.00000000e+00, 0.00000000e+00)
Head k matrix (iomega=0): route=full_bz ik=28 k=( 0.000000000000, 0.750000000000, 0.250000000000)
( 2.99067602e-01, 0.00000000e+00) (-5.32041483e-08, 1.79278042e-07) (-5.32041479e-08,-1.79273171e-07)
(-5.32041483e-08,-1.79278042e-07) ( 2.48706162e+00, 0.00000000e+00) ( 2.32324070e+00,-3.64661358e-08)
(-5.32041479e-08, 1.79273171e-07) ( 2.32324070e+00, 3.64661358e-08) ( 2.48706174e+00, 0.00000000e+00)
Head k matrix (iomega=0): route=full_bz ik=29 k=( 0.250000000000, 0.750000000000, 0.250000000000)
( 0.00000000e+00, 0.00000000e+00) ( 0.00000000e+00, 0.00000000e+00) ( 0.00000000e+00, 0.00000000e+00)
( 0.00000000e+00, 0.00000000e+00) ( 0.00000000e+00, 0.00000000e+00) ( 0.00000000e+00, 0.00000000e+00)
( 0.00000000e+00, 0.00000000e+00) ( 0.00000000e+00, 0.00000000e+00) ( 0.00000000e+00, 0.00000000e+00)
Head k matrix (iomega=0): route=full_bz ik=30 k=( 0.500000000000, 0.750000000000, 0.250000000000)
( 0.00000000e+00, 0.00000000e+00) ( 0.00000000e+00, 0.00000000e+00) ( 0.00000000e+00, 0.00000000e+00)
( 0.00000000e+00, 0.00000000e+00) ( 0.00000000e+00, 0.00000000e+00) ( 0.00000000e+00, 0.00000000e+00)
( 0.00000000e+00, 0.00000000e+00) ( 0.00000000e+00, 0.00000000e+00) ( 0.00000000e+00, 0.00000000e+00)
Head k matrix (iomega=0): route=full_bz ik=31 k=( 0.750000000000, 0.750000000000, 0.250000000000)
( 0.00000000e+00, 0.00000000e+00) ( 0.00000000e+00, 0.00000000e+00) ( 0.00000000e+00, 0.00000000e+00)
( 0.00000000e+00, 0.00000000e+00) ( 0.00000000e+00, 0.00000000e+00) ( 0.00000000e+00, 0.00000000e+00)
( 0.00000000e+00, 0.00000000e+00) ( 0.00000000e+00, 0.00000000e+00) ( 0.00000000e+00, 0.00000000e+00)
Head k matrix (iomega=0): route=full_bz ik=32 k=( 0.000000000000, 0.000000000000, 0.500000000000)
( 8.20546815e+00, 0.00000000e+00) (-4.02221128e+00,-4.66459774e-28) ( 4.02221218e+00, 8.46571731e-25)
(-4.02221128e+00, 4.66459774e-28) ( 8.20546815e+00, 0.00000000e+00) ( 4.02221218e+00, 8.46731465e-25)
( 4.02221218e+00,-8.46571731e-25) ( 4.02221218e+00,-8.46731465e-25) ( 8.20546635e+00, 0.00000000e+00)
Head k matrix (iomega=0): route=full_bz ik=33 k=( 0.250000000000, 0.000000000000, 0.500000000000)
( 0.00000000e+00, 0.00000000e+00) ( 0.00000000e+00, 0.00000000e+00) ( 0.00000000e+00, 0.00000000e+00)
( 0.00000000e+00, 0.00000000e+00) ( 0.00000000e+00, 0.00000000e+00) ( 0.00000000e+00, 0.00000000e+00)
( 0.00000000e+00, 0.00000000e+00) ( 0.00000000e+00, 0.00000000e+00) ( 0.00000000e+00, 0.00000000e+00)
Head k matrix (iomega=0): route=full_bz ik=34 k=( 0.500000000000, 0.000000000000, 0.500000000000)
( 0.00000000e+00, 0.00000000e+00) ( 0.00000000e+00, 0.00000000e+00) ( 0.00000000e+00, 0.00000000e+00)
( 0.00000000e+00, 0.00000000e+00) ( 0.00000000e+00, 0.00000000e+00) ( 0.00000000e+00, 0.00000000e+00)
( 0.00000000e+00, 0.00000000e+00) ( 0.00000000e+00, 0.00000000e+00) ( 0.00000000e+00, 0.00000000e+00)
Head k matrix (iomega=0): route=full_bz ik=35 k=( 0.750000000000, 0.000000000000, 0.500000000000)
( 0.00000000e+00, 0.00000000e+00) ( 0.00000000e+00, 0.00000000e+00) ( 0.00000000e+00, 0.00000000e+00)
( 0.00000000e+00, 0.00000000e+00) ( 0.00000000e+00, 0.00000000e+00) ( 0.00000000e+00, 0.00000000e+00)
( 0.00000000e+00, 0.00000000e+00) ( 0.00000000e+00, 0.00000000e+00) ( 0.00000000e+00, 0.00000000e+00)
Head k matrix (iomega=0): route=full_bz ik=36 k=( 0.000000000000, 0.250000000000, 0.500000000000)
( 2.15979167e-01, 0.00000000e+00) (-2.58744612e-02,-1.92937953e-07) ( 2.58749502e-02, 4.32657053e-07)
(-2.58744612e-02, 1.92937953e-07) ( 2.58236678e+00, 0.00000000e+00) ( 2.44162295e+00, 2.05178901e-08)
( 2.58749502e-02,-4.32657053e-07) ( 2.44162295e+00,-2.05178901e-08) ( 2.58236791e+00, 0.00000000e+00)
Head k matrix (iomega=0): route=full_bz ik=37 k=( 0.250000000000, 0.250000000000, 0.500000000000)
( 0.00000000e+00, 0.00000000e+00) ( 0.00000000e+00, 0.00000000e+00) ( 0.00000000e+00, 0.00000000e+00)
( 0.00000000e+00, 0.00000000e+00) ( 0.00000000e+00, 0.00000000e+00) ( 0.00000000e+00, 0.00000000e+00)
( 0.00000000e+00, 0.00000000e+00) ( 0.00000000e+00, 0.00000000e+00) ( 0.00000000e+00, 0.00000000e+00)
Head k matrix (iomega=0): route=full_bz ik=38 k=( 0.500000000000, 0.250000000000, 0.500000000000)
( 0.00000000e+00, 0.00000000e+00) ( 0.00000000e+00, 0.00000000e+00) ( 0.00000000e+00, 0.00000000e+00)
( 0.00000000e+00, 0.00000000e+00) ( 0.00000000e+00, 0.00000000e+00) ( 0.00000000e+00, 0.00000000e+00)
( 0.00000000e+00, 0.00000000e+00) ( 0.00000000e+00, 0.00000000e+00) ( 0.00000000e+00, 0.00000000e+00)
Head k matrix (iomega=0): route=full_bz ik=39 k=( 0.750000000000, 0.250000000000, 0.500000000000)
( 0.00000000e+00, 0.00000000e+00) ( 0.00000000e+00, 0.00000000e+00) ( 0.00000000e+00, 0.00000000e+00)
( 0.00000000e+00, 0.00000000e+00) ( 0.00000000e+00, 0.00000000e+00) ( 0.00000000e+00, 0.00000000e+00)
( 0.00000000e+00, 0.00000000e+00) ( 0.00000000e+00, 0.00000000e+00) ( 0.00000000e+00, 0.00000000e+00)
Head k matrix (iomega=0): route=full_bz ik=40 k=( 0.000000000000, 0.500000000000, 0.500000000000)
( 1.21151467e-01, 0.00000000e+00) ( 7.30872097e-11,-1.14280700e-17) ( 7.30987593e-11, 3.46519866e-17)
( 7.30872097e-11, 1.14280700e-17) ( 6.24029346e+00, 0.00000000e+00) ( 7.30220794e-11, 6.37532715e-17)
( 7.30987593e-11,-3.46519866e-17) ( 7.30220794e-11,-6.37532715e-17) ( 6.24029346e+00, 0.00000000e+00)
Head k matrix (iomega=0): route=full_bz ik=41 k=( 0.250000000000, 0.500000000000, 0.500000000000)
( 0.00000000e+00, 0.00000000e+00) ( 0.00000000e+00, 0.00000000e+00) ( 0.00000000e+00, 0.00000000e+00)
( 0.00000000e+00, 0.00000000e+00) ( 0.00000000e+00, 0.00000000e+00) ( 0.00000000e+00, 0.00000000e+00)
( 0.00000000e+00, 0.00000000e+00) ( 0.00000000e+00, 0.00000000e+00) ( 0.00000000e+00, 0.00000000e+00)
Head k matrix (iomega=0): route=full_bz ik=42 k=( 0.500000000000, 0.500000000000, 0.500000000000)
( 0.00000000e+00, 0.00000000e+00) ( 0.00000000e+00, 0.00000000e+00) ( 0.00000000e+00, 0.00000000e+00)
( 0.00000000e+00, 0.00000000e+00) ( 0.00000000e+00, 0.00000000e+00) ( 0.00000000e+00, 0.00000000e+00)
( 0.00000000e+00, 0.00000000e+00) ( 0.00000000e+00, 0.00000000e+00) ( 0.00000000e+00, 0.00000000e+00)
Head k matrix (iomega=0): route=full_bz ik=43 k=( 0.750000000000, 0.500000000000, 0.500000000000)
( 0.00000000e+00, 0.00000000e+00) ( 0.00000000e+00, 0.00000000e+00) ( 0.00000000e+00, 0.00000000e+00)
( 0.00000000e+00, 0.00000000e+00) ( 0.00000000e+00, 0.00000000e+00) ( 0.00000000e+00, 0.00000000e+00)
( 0.00000000e+00, 0.00000000e+00) ( 0.00000000e+00, 0.00000000e+00) ( 0.00000000e+00, 0.00000000e+00)
Head k matrix (iomega=0): route=full_bz ik=44 k=( 0.000000000000, 0.750000000000, 0.500000000000)
( 2.15979167e-01, 0.00000000e+00) (-2.58744612e-02, 1.92937951e-07) ( 2.58749502e-02,-4.32657055e-07)
(-2.58744612e-02,-1.92937951e-07) ( 2.58236678e+00, 0.00000000e+00) ( 2.44162295e+00,-2.05178891e-08)
( 2.58749502e-02, 4.32657055e-07) ( 2.44162295e+00, 2.05178891e-08) ( 2.58236791e+00, 0.00000000e+00)
Head k matrix (iomega=0): route=full_bz ik=45 k=( 0.250000000000, 0.750000000000, 0.500000000000)
( 0.00000000e+00, 0.00000000e+00) ( 0.00000000e+00, 0.00000000e+00) ( 0.00000000e+00, 0.00000000e+00)
( 0.00000000e+00, 0.00000000e+00) ( 0.00000000e+00, 0.00000000e+00) ( 0.00000000e+00, 0.00000000e+00)
( 0.00000000e+00, 0.00000000e+00) ( 0.00000000e+00, 0.00000000e+00) ( 0.00000000e+00, 0.00000000e+00)
Head k matrix (iomega=0): route=full_bz ik=46 k=( 0.500000000000, 0.750000000000, 0.500000000000)
( 0.00000000e+00, 0.00000000e+00) ( 0.00000000e+00, 0.00000000e+00) ( 0.00000000e+00, 0.00000000e+00)
( 0.00000000e+00, 0.00000000e+00) ( 0.00000000e+00, 0.00000000e+00) ( 0.00000000e+00, 0.00000000e+00)
( 0.00000000e+00, 0.00000000e+00) ( 0.00000000e+00, 0.00000000e+00) ( 0.00000000e+00, 0.00000000e+00)
Head k matrix (iomega=0): route=full_bz ik=47 k=( 0.750000000000, 0.750000000000, 0.500000000000)
( 0.00000000e+00, 0.00000000e+00) ( 0.00000000e+00, 0.00000000e+00) ( 0.00000000e+00, 0.00000000e+00)
( 0.00000000e+00, 0.00000000e+00) ( 0.00000000e+00, 0.00000000e+00) ( 0.00000000e+00, 0.00000000e+00)
( 0.00000000e+00, 0.00000000e+00) ( 0.00000000e+00, 0.00000000e+00) ( 0.00000000e+00, 0.00000000e+00)
Head k matrix (iomega=0): route=full_bz ik=48 k=( 0.000000000000, 0.000000000000, 0.750000000000)
( 7.25543520e+00, 0.00000000e+00) (-3.52510140e+00, 9.03378483e-12) ( 3.52510123e+00, 5.20710636e-09)
(-3.52510140e+00,-9.03378483e-12) ( 7.25543743e+00, 0.00000000e+00) ( 3.52510136e+00, 5.20663737e-09)
( 3.52510123e+00,-5.20710636e-09) ( 3.52510136e+00,-5.20663737e-09) ( 7.25543276e+00, 0.00000000e+00)
Head k matrix (iomega=0): route=full_bz ik=49 k=( 0.250000000000, 0.000000000000, 0.750000000000)
( 0.00000000e+00, 0.00000000e+00) ( 0.00000000e+00, 0.00000000e+00) ( 0.00000000e+00, 0.00000000e+00)
( 0.00000000e+00, 0.00000000e+00) ( 0.00000000e+00, 0.00000000e+00) ( 0.00000000e+00, 0.00000000e+00)
( 0.00000000e+00, 0.00000000e+00) ( 0.00000000e+00, 0.00000000e+00) ( 0.00000000e+00, 0.00000000e+00)
Head k matrix (iomega=0): route=full_bz ik=50 k=( 0.500000000000, 0.000000000000, 0.750000000000)
( 0.00000000e+00, 0.00000000e+00) ( 0.00000000e+00, 0.00000000e+00) ( 0.00000000e+00, 0.00000000e+00)
( 0.00000000e+00, 0.00000000e+00) ( 0.00000000e+00, 0.00000000e+00) ( 0.00000000e+00, 0.00000000e+00)
( 0.00000000e+00, 0.00000000e+00) ( 0.00000000e+00, 0.00000000e+00) ( 0.00000000e+00, 0.00000000e+00)
Head k matrix (iomega=0): route=full_bz ik=51 k=( 0.750000000000, 0.000000000000, 0.750000000000)
( 0.00000000e+00, 0.00000000e+00) ( 0.00000000e+00, 0.00000000e+00) ( 0.00000000e+00, 0.00000000e+00)
( 0.00000000e+00, 0.00000000e+00) ( 0.00000000e+00, 0.00000000e+00) ( 0.00000000e+00, 0.00000000e+00)
( 0.00000000e+00, 0.00000000e+00) ( 0.00000000e+00, 0.00000000e+00) ( 0.00000000e+00, 0.00000000e+00)
Head k matrix (iomega=0): route=full_bz ik=52 k=( 0.000000000000, 0.250000000000, 0.750000000000)
( 2.99067602e-01, 0.00000000e+00) (-5.32041431e-08,-1.79278043e-07) (-5.32041434e-08, 1.79273171e-07)
(-5.32041431e-08, 1.79278043e-07) ( 2.48706162e+00, 0.00000000e+00) ( 2.32324070e+00, 3.64661352e-08)
(-5.32041434e-08,-1.79273171e-07) ( 2.32324070e+00,-3.64661352e-08) ( 2.48706174e+00, 0.00000000e+00)
Head k matrix (iomega=0): route=full_bz ik=53 k=( 0.250000000000, 0.250000000000, 0.750000000000)
( 0.00000000e+00, 0.00000000e+00) ( 0.00000000e+00, 0.00000000e+00) ( 0.00000000e+00, 0.00000000e+00)
( 0.00000000e+00, 0.00000000e+00) ( 0.00000000e+00, 0.00000000e+00) ( 0.00000000e+00, 0.00000000e+00)
( 0.00000000e+00, 0.00000000e+00) ( 0.00000000e+00, 0.00000000e+00) ( 0.00000000e+00, 0.00000000e+00)
Head k matrix (iomega=0): route=full_bz ik=54 k=( 0.500000000000, 0.250000000000, 0.750000000000)
( 0.00000000e+00, 0.00000000e+00) ( 0.00000000e+00, 0.00000000e+00) ( 0.00000000e+00, 0.00000000e+00)
( 0.00000000e+00, 0.00000000e+00) ( 0.00000000e+00, 0.00000000e+00) ( 0.00000000e+00, 0.00000000e+00)
( 0.00000000e+00, 0.00000000e+00) ( 0.00000000e+00, 0.00000000e+00) ( 0.00000000e+00, 0.00000000e+00)
Head k matrix (iomega=0): route=full_bz ik=55 k=( 0.750000000000, 0.250000000000, 0.750000000000)
( 0.00000000e+00, 0.00000000e+00) ( 0.00000000e+00, 0.00000000e+00) ( 0.00000000e+00, 0.00000000e+00)
( 0.00000000e+00, 0.00000000e+00) ( 0.00000000e+00, 0.00000000e+00) ( 0.00000000e+00, 0.00000000e+00)
( 0.00000000e+00, 0.00000000e+00) ( 0.00000000e+00, 0.00000000e+00) ( 0.00000000e+00, 0.00000000e+00)
Head k matrix (iomega=0): route=full_bz ik=56 k=( 0.000000000000, 0.500000000000, 0.750000000000)
( 2.15979167e-01, 0.00000000e+00) ( 2.58753546e-02,-4.32654210e-07) (-2.58740568e-02, 1.92940801e-07)
( 2.58753546e-02, 4.32654210e-07) ( 2.58236655e+00, 0.00000000e+00) ( 2.44162295e+00, 2.05320718e-08)
(-2.58740568e-02,-1.92940801e-07) ( 2.44162295e+00,-2.05320718e-08) ( 2.58236813e+00, 0.00000000e+00)
Head k matrix (iomega=0): route=full_bz ik=57 k=( 0.250000000000, 0.500000000000, 0.750000000000)
( 0.00000000e+00, 0.00000000e+00) ( 0.00000000e+00, 0.00000000e+00) ( 0.00000000e+00, 0.00000000e+00)
( 0.00000000e+00, 0.00000000e+00) ( 0.00000000e+00, 0.00000000e+00) ( 0.00000000e+00, 0.00000000e+00)
( 0.00000000e+00, 0.00000000e+00) ( 0.00000000e+00, 0.00000000e+00) ( 0.00000000e+00, 0.00000000e+00)
Head k matrix (iomega=0): route=full_bz ik=58 k=( 0.500000000000, 0.500000000000, 0.750000000000)
( 0.00000000e+00, 0.00000000e+00) ( 0.00000000e+00, 0.00000000e+00) ( 0.00000000e+00, 0.00000000e+00)
( 0.00000000e+00, 0.00000000e+00) ( 0.00000000e+00, 0.00000000e+00) ( 0.00000000e+00, 0.00000000e+00)
( 0.00000000e+00, 0.00000000e+00) ( 0.00000000e+00, 0.00000000e+00) ( 0.00000000e+00, 0.00000000e+00)
Head k matrix (iomega=0): route=full_bz ik=59 k=( 0.750000000000, 0.500000000000, 0.750000000000)
( 0.00000000e+00, 0.00000000e+00) ( 0.00000000e+00, 0.00000000e+00) ( 0.00000000e+00, 0.00000000e+00)
( 0.00000000e+00, 0.00000000e+00) ( 0.00000000e+00, 0.00000000e+00) ( 0.00000000e+00, 0.00000000e+00)
( 0.00000000e+00, 0.00000000e+00) ( 0.00000000e+00, 0.00000000e+00) ( 0.00000000e+00, 0.00000000e+00)
Head k matrix (iomega=0): route=full_bz ik=60 k=( 0.000000000000, 0.750000000000, 0.750000000000)
( 2.22368160e-01, 0.00000000e+00) ( 1.68598702e-10,-2.58231969e-07) ( 1.68603071e-10,-2.58231967e-07)
( 1.68598702e-10, 2.58231969e-07) ( 6.08243981e+00, 0.00000000e+00) ( 1.68698953e-10, 1.98587356e-11)
( 1.68603071e-10, 2.58231967e-07) ( 1.68698953e-10,-1.98587356e-11) ( 6.08242966e+00, 0.00000000e+00)
Head k matrix (iomega=0): route=full_bz ik=61 k=( 0.250000000000, 0.750000000000, 0.750000000000)
( 0.00000000e+00, 0.00000000e+00) ( 0.00000000e+00, 0.00000000e+00) ( 0.00000000e+00, 0.00000000e+00)
( 0.00000000e+00, 0.00000000e+00) ( 0.00000000e+00, 0.00000000e+00) ( 0.00000000e+00, 0.00000000e+00)
( 0.00000000e+00, 0.00000000e+00) ( 0.00000000e+00, 0.00000000e+00) ( 0.00000000e+00, 0.00000000e+00)
Head k matrix (iomega=0): route=full_bz ik=62 k=( 0.500000000000, 0.750000000000, 0.750000000000)
( 0.00000000e+00, 0.00000000e+00) ( 0.00000000e+00, 0.00000000e+00) ( 0.00000000e+00, 0.00000000e+00)
( 0.00000000e+00, 0.00000000e+00) ( 0.00000000e+00, 0.00000000e+00) ( 0.00000000e+00, 0.00000000e+00)
( 0.00000000e+00, 0.00000000e+00) ( 0.00000000e+00, 0.00000000e+00) ( 0.00000000e+00, 0.00000000e+00)
Head k matrix (iomega=0): route=full_bz ik=63 k=( 0.750000000000, 0.750000000000, 0.750000000000)
( 0.00000000e+00, 0.00000000e+00) ( 0.00000000e+00, 0.00000000e+00) ( 0.00000000e+00, 0.00000000e+00)
( 0.00000000e+00, 0.00000000e+00) ( 0.00000000e+00, 0.00000000e+00) ( 0.00000000e+00, 0.00000000e+00)
( 0.00000000e+00, 0.00000000e+00) ( 0.00000000e+00, 0.00000000e+00) ( 0.00000000e+00, 0.00000000e+00)
Freqency node & Head of dielectric function(Re, Im): 
 0      0.01540211     20.70964086      0.00000000
 1      0.05765831     17.63752874      0.00000000
 2      0.14830911      9.94562326      0.00000000
 3      0.38957992      3.32706977      0.00000000
 4      1.13961938      1.33078770      0.00000000
 5      4.09984963      1.02738637      0.00000000
The first freqency head tensor: 
( 20.7096,   0.0000)  (  0.0000,  -0.0000)  (  0.0000,  -0.0000)
(  0.0000,   0.0000)  ( 20.7096,   0.0000)  (  0.0000,  -0.0000)
(  0.0000,   0.0000)  (  0.0000,   0.0000)  ( 20.7096,   0.0000)
Head tensor diagnostics (iomega=0): trace_over_3=(    20.70964086,     0.00000000) max_abs_diag_delta= 1.44763092e-06 max_abs_offdiag= 7.37354202e-10 max_abs_imag= 7.27700898e-15
* Success: initalize and calculate lebdev points and q_gamma.
Wing_mu k Gram (iomega=0): route=full_bz ik=0 k=( 0.000000000000, 0.000000000000, 0.000000000000)
( 9.40777856e-03, 0.00000000e+00) ( 1.80972152e-14, 0.00000000e+00) ( 1.83787720e-14, 0.00000000e+00)
( 1.80972152e-14, 0.00000000e+00) ( 9.40777856e-03, 0.00000000e+00) ( 1.81105062e-14, 0.00000000e+00)
( 1.83787720e-14, 0.00000000e+00) ( 1.81105062e-14, 0.00000000e+00) ( 9.40777855e-03, 0.00000000e+00)
Wing_mu k Gram (iomega=0): route=full_bz ik=1 k=( 0.250000000000, 0.000000000000, 0.000000000000)
( 2.48360120e-03, 0.00000000e+00) ( 1.22968821e-03, 4.04861389e-11) ( 1.22811171e-03, 3.05538144e-11)
( 1.22968821e-03,-4.04861389e-11) ( 2.48360137e-03, 0.00000000e+00) (-1.22811187e-03,-2.71545243e-11)
( 1.22811171e-03,-3.05538144e-11) (-1.22811187e-03, 2.71545243e-11) ( 2.48601682e-03, 0.00000000e+00)
Wing_mu k Gram (iomega=0): route=full_bz ik=2 k=( 0.500000000000, 0.000000000000, 0.000000000000)
( 2.33807833e-03, 0.00000000e+00) ( 1.15329800e-03,-1.83279495e-24) ( 1.15329800e-03,-1.83276289e-24)
( 1.15329800e-03, 1.83279495e-24) ( 2.33807918e-03, 0.00000000e+00) (-1.15329758e-03,-2.88167095e-29)
( 1.15329800e-03, 1.83276289e-24) (-1.15329758e-03, 2.88167095e-29) ( 2.33807918e-03, 0.00000000e+00)
Wing_mu k Gram (iomega=0): route=full_bz ik=3 k=( 0.750000000000, 0.000000000000, 0.000000000000)
( 2.48360120e-03, 0.00000000e+00) ( 1.22968821e-03,-4.04013147e-11) ( 1.22811171e-03,-3.06389670e-11)
( 1.22968821e-03, 4.04013147e-11) ( 2.48360137e-03, 0.00000000e+00) (-1.22811188e-03, 2.70693657e-11)
( 1.22811171e-03, 3.06389670e-11) (-1.22811188e-03,-2.70693657e-11) ( 2.48601682e-03, 0.00000000e+00)
Wing_mu k Gram (iomega=0): route=full_bz ik=4 k=( 0.000000000000, 0.250000000000, 0.000000000000)
( 2.48360120e-03, 0.00000000e+00) ( 1.22968821e-03,-3.98287953e-11) (-1.22811182e-03,-2.64969773e-11)
( 1.22968821e-03, 3.98287953e-11) ( 2.48360137e-03, 0.00000000e+00) ( 1.22811177e-03, 3.12113576e-11)
(-1.22811182e-03, 2.64969773e-11) ( 1.22811177e-03,-3.12113576e-11) ( 2.48601682e-03, 0.00000000e+00)
Wing_mu k Gram (iomega=0): route=full_bz ik=5 k=( 0.250000000000, 0.250000000000, 0.000000000000)
( 1.13280383e-03, 0.00000000e+00) ( 9.50314660e-15, 5.29211901e-18) ( 9.55178748e-15,-8.21085624e-11)
( 9.50314660e-15,-5.29211901e-18) ( 1.13280383e-03, 0.00000000e+00) ( 9.55028343e-15,-8.21085610e-11)
( 9.55178748e-15, 8.21085624e-11) ( 9.55028343e-15, 8.21085610e-11) ( 4.46609591e-05, 0.00000000e+00)
Wing_mu k Gram (iomega=0): route=full_bz ik=6 k=( 0.500000000000, 0.250000000000, 0.000000000000)
( 4.13768213e-04, 0.00000000e+00) ( 3.97470743e-04,-8.79310783e-12) ( 3.57778875e-06,-4.28435033e-11)
( 3.97470743e-04, 8.79310783e-12) ( 4.13768125e-04, 0.00000000e+00) (-3.57758733e-06,-6.59094425e-12)
( 3.57778875e-06, 4.28435033e-11) (-3.57758733e-06, 6.59094425e-12) ( 3.07322719e-05, 0.00000000e+00)
Wing_mu k Gram (iomega=0): route=full_bz ik=7 k=( 0.750000000000, 0.250000000000, 0.000000000000)
( 5.10892020e-04, 0.00000000e+00) ( 4.92415420e-04, 5.13330117e-12) (-1.56626231e-10,-2.33567713e-11)
( 4.92415420e-04,-5.13330117e-12) ( 5.10892034e-04, 0.00000000e+00) (-1.56626231e-10, 2.33567672e-11)
(-1.56626231e-10, 2.33567713e-11) (-1.56626231e-10,-2.33567672e-11) ( 5.40644659e-05, 0.00000000e+00)
Wing_mu k Gram (iomega=0): route=full_bz ik=8 k=( 0.000000000000, 0.500000000000, 0.000000000000)
( 2.33807918e-03, 0.00000000e+00) ( 1.15329800e-03, 1.83278581e-24) (-1.15329758e-03,-3.67542762e-29)
( 1.15329800e-03,-1.83278581e-24) ( 2.33807833e-03, 0.00000000e+00) ( 1.15329800e-03,-1.83277120e-24)
(-1.15329758e-03, 3.67542762e-29) ( 1.15329800e-03, 1.83277120e-24) ( 2.33807918e-03, 0.00000000e+00)
Wing_mu k Gram (iomega=0): route=full_bz ik=9 k=( 0.250000000000, 0.500000000000, 0.000000000000)
( 4.13768239e-04, 0.00000000e+00) ( 3.97470743e-04, 8.79290232e-12) (-3.57758802e-06,-6.59094324e-12)
( 3.97470743e-04,-8.79290232e-12) ( 4.13768099e-04, 0.00000000e+00) ( 3.57778806e-06,-4.28435025e-11)
(-3.57758802e-06, 6.59094324e-12) ( 3.57778806e-06, 4.28435025e-11) ( 3.07322719e-05, 0.00000000e+00)
Wing_mu k Gram (iomega=0): route=full_bz ik=10 k=( 0.500000000000, 0.500000000000, 0.000000000000)
( 9.88230030e-04, 0.00000000e+00) ( 1.48215366e-13,-2.32577776e-21) ( 5.82494881e-15, 1.72036467e-21)
( 1.48215366e-13, 2.32577776e-21) ( 9.88230030e-04, 0.00000000e+00) ( 5.82763871e-15, 3.93874352e-21)
( 5.82494881e-15,-1.72036467e-21) ( 5.82763871e-15,-3.93874352e-21) ( 2.08765076e-05, 0.00000000e+00)
Wing_mu k Gram (iomega=0): route=full_bz ik=11 k=( 0.750000000000, 0.500000000000, 0.000000000000)
( 4.13768239e-04, 0.00000000e+00) ( 3.97470743e-04,-8.79290242e-12) (-3.57758802e-06, 6.59094304e-12)
( 3.97470743e-04, 8.79290242e-12) ( 4.13768099e-04, 0.00000000e+00) ( 3.57778806e-06, 4.28435021e-11)
(-3.57758802e-06,-6.59094304e-12) ( 3.57778806e-06,-4.28435021e-11) ( 3.07322719e-05, 0.00000000e+00)
Wing_mu k Gram (iomega=0): route=full_bz ik=12 k=( 0.000000000000, 0.750000000000, 0.000000000000)
( 2.48360120e-03, 0.00000000e+00) ( 1.22968821e-03, 4.03426906e-11) (-1.22811182e-03, 2.70132388e-11)
( 1.22968821e-03,-4.03426906e-11) ( 2.48360137e-03, 0.00000000e+00) ( 1.22811177e-03,-3.06951008e-11)
(-1.22811182e-03,-2.70132388e-11) ( 1.22811177e-03, 3.06951008e-11) ( 2.48601682e-03, 0.00000000e+00)
Wing_mu k Gram (iomega=0): route=full_bz ik=13 k=( 0.250000000000, 0.750000000000, 0.000000000000)
( 5.10892020e-04, 0.00000000e+00) ( 4.92415420e-04,-5.13330114e-12) (-1.56626230e-10, 2.33567711e-11)
( 4.92415420e-04, 5.13330114e-12) ( 5.10892034e-04, 0.00000000e+00) (-1.56626231e-10,-2.33567673e-11)
(-1.56626230e-10,-2.33567711e-11) (-1.56626231e-10, 2.33567673e-11) ( 5.40644659e-05, 0.00000000e+00)
Wing_mu k Gram (iomega=0): route=full_bz ik=14 k=( 0.500000000000, 0.750000000000, 0.000000000000)
( 4.13768213e-04, 0.00000000e+00) ( 3.97470743e-04, 8.79310764e-12) ( 3.57778875e-06, 4.28435036e-11)
( 3.97470743e-04,-8.79310764e-12) ( 4.13768125e-04, 0.00000000e+00) (-3.57758733e-06, 6.59094456e-12)
( 3.57778875e-06,-4.28435036e-11) (-3.57758733e-06,-6.59094456e-12) ( 3.07322719e-05, 0.00000000e+00)
Wing_mu k Gram (iomega=0): route=full_bz ik=15 k=( 0.750000000000, 0.750000000000, 0.000000000000)
( 1.13280383e-03, 0.00000000e+00) ( 9.51099604e-15,-3.45053137e-17) ( 9.55095747e-15, 8.21085624e-11)
( 9.51099604e-15, 3.45053137e-17) ( 1.13280383e-03, 0.00000000e+00) ( 9.54957942e-15, 8.21085614e-11)
( 9.55095747e-15,-8.21085624e-11) ( 9.54957942e-15,-8.21085614e-11) ( 4.46609591e-05, 0.00000000e+00)
Wing_mu k Gram (iomega=0): route=full_bz ik=16 k=( 0.000000000000, 0.000000000000, 0.250000000000)
( 2.48360121e-03, 0.00000000e+00) (-1.22968820e-03, 1.58895789e-12) ( 1.22811182e-03,-1.17336100e-11)
(-1.22968820e-03,-1.58895789e-12) ( 2.48360138e-03, 0.00000000e+00) ( 1.22811188e-03,-1.49292747e-11)
( 1.22811182e-03, 1.17336100e-11) ( 1.22811188e-03, 1.49292747e-11) ( 2.48601701e-03, 0.00000000e+00)
Wing_mu k Gram (iomega=0): route=full_bz ik=17 k=( 0.250000000000, 0.000000000000, 0.250000000000)
( 1.13280236e-03, 0.00000000e+00) ( 9.53606197e-15,-8.21085642e-11) ( 9.53813365e-15, 2.29568428e-17)
( 9.53606197e-15, 8.21085642e-11) ( 4.46609586e-05, 0.00000000e+00) ( 9.54946706e-15, 8.21085633e-11)
( 9.53813365e-15,-2.29568428e-17) ( 9.54946706e-15,-8.21085633e-11) ( 1.13280234e-03, 0.00000000e+00)
Wing_mu k Gram (iomega=0): route=full_bz ik=18 k=( 0.500000000000, 0.000000000000, 0.250000000000)
( 4.13768115e-04, 0.00000000e+00) ( 3.57776562e-06,-4.28434227e-11) ( 3.97470734e-04,-8.79302774e-12)
( 3.57776562e-06, 4.28434227e-11) ( 3.07321146e-05, 0.00000000e+00) (-3.57756180e-06, 6.59074353e-12)
( 3.97470734e-04, 8.79302774e-12) (-3.57756180e-06,-6.59074353e-12) ( 4.13768252e-04, 0.00000000e+00)
Wing_mu k Gram (iomega=0): route=full_bz ik=19 k=( 0.750000000000, 0.000000000000, 0.250000000000)
( 5.10892034e-04, 0.00000000e+00) (-1.56627283e-10,-2.33567495e-11) ( 4.92415418e-04, 5.13330749e-12)
(-1.56627283e-10, 2.33567495e-11) ( 5.40642244e-05, 0.00000000e+00) (-1.56627282e-10,-2.33567802e-11)
( 4.92415418e-04,-5.13330749e-12) (-1.56627282e-10, 2.33567802e-11) ( 5.10892016e-04, 0.00000000e+00)
Wing_mu k Gram (iomega=0): route=full_bz ik=20 k=( 0.000000000000, 0.250000000000, 0.250000000000)
( 4.46609586e-05, 0.00000000e+00) ( 9.52992201e-15, 8.21085669e-11) ( 9.54732917e-15, 8.21085645e-11)
( 9.52992201e-15,-8.21085669e-11) ( 1.13280383e-03, 0.00000000e+00) ( 9.53847062e-15,-3.63665822e-15)
( 9.54732917e-15,-8.21085645e-11) ( 9.53847062e-15, 3.63665822e-15) ( 1.13280234e-03, 0.00000000e+00)
Wing_mu k Gram (iomega=0): route=full_bz ik=21 k=( 0.250000000000, 0.250000000000, 0.250000000000)
( 2.48360120e-03, 0.00000000e+00) (-1.22968822e-03, 1.51964657e-12) (-1.22811172e-03,-1.09834683e-11)
(-1.22968822e-03,-1.51964657e-12) ( 2.48360135e-03, 0.00000000e+00) (-1.22811179e-03,-7.93467430e-12)
(-1.22811172e-03, 1.09834683e-11) (-1.22811179e-03, 7.93467430e-12) ( 2.48601701e-03, 0.00000000e+00)
Wing_mu k Gram (iomega=0): route=full_bz ik=22 k=( 0.500000000000, 0.250000000000, 0.250000000000)
( 5.40649776e-05, 0.00000000e+00) ( 1.56638678e-10,-2.84897341e-11) ( 1.56638686e-10,-2.84904193e-11)
( 1.56638678e-10, 2.84897341e-11) ( 5.10892034e-04, 0.00000000e+00) (-4.92415418e-04, 1.08653364e-20)
( 1.56638686e-10, 2.84904193e-11) (-4.92415418e-04,-1.08653364e-20) ( 5.10892016e-04, 0.00000000e+00)
Wing_mu k Gram (iomega=0): route=full_bz ik=23 k=( 0.750000000000, 0.250000000000, 0.250000000000)
( 3.07317919e-05, 0.00000000e+00) ( 3.57760723e-06, 1.53840609e-11) ( 3.57756957e-06, 1.53837473e-11)
( 3.57760723e-06,-1.53840609e-11) ( 4.13768125e-04, 0.00000000e+00) (-3.97470725e-04, 1.67079110e-17)
( 3.57756957e-06,-1.53837473e-11) (-3.97470725e-04,-1.67079110e-17) ( 4.13768252e-04, 0.00000000e+00)
Wing_mu k Gram (iomega=0): route=full_bz ik=24 k=( 0.000000000000, 0.500000000000, 0.250000000000)
( 3.07321934e-05, 0.00000000e+00) ( 3.57779495e-06, 4.28432320e-11) (-3.57755655e-06, 6.59061405e-12)
( 3.57779495e-06,-4.28432320e-11) ( 4.13768099e-04, 0.00000000e+00) ( 3.97470738e-04,-8.79312673e-12)
(-3.57755655e-06,-6.59061405e-12) ( 3.97470738e-04, 8.79312673e-12) ( 4.13768252e-04, 0.00000000e+00)
Wing_mu k Gram (iomega=0): route=full_bz ik=25 k=( 0.250000000000, 0.500000000000, 0.250000000000)
( 5.10892034e-04, 0.00000000e+00) ( 1.56639181e-10, 2.84900600e-11) (-4.92415418e-04, 6.26528767e-19)
( 1.56639181e-10,-2.84900600e-11) ( 5.40648509e-05, 0.00000000e+00) ( 1.56639178e-10,-2.84900809e-11)
(-4.92415418e-04,-6.26528767e-19) ( 1.56639178e-10, 2.84900809e-11) ( 5.10892016e-04, 0.00000000e+00)
Wing_mu k Gram (iomega=0): route=full_bz ik=26 k=( 0.500000000000, 0.500000000000, 0.250000000000)
( 4.13768213e-04, 0.00000000e+00) (-3.97470756e-04,-1.01911455e-16) (-3.57780175e-06,-3.40505110e-11)
(-3.97470756e-04, 1.01911455e-16) ( 4.13768099e-04, 0.00000000e+00) (-3.57780106e-06,-3.40505100e-11)
(-3.57780175e-06, 3.40505110e-11) (-3.57780106e-06, 3.40505100e-11) ( 3.07318705e-05, 0.00000000e+00)
Wing_mu k Gram (iomega=0): route=full_bz ik=27 k=( 0.750000000000, 0.500000000000, 0.250000000000)
( 1.37366333e-05, 0.00000000e+00) ( 4.86279710e-15, 6.77108612e-18) ( 4.20743403e-15, 1.44509921e-07)
( 4.86279710e-15,-6.77108612e-18) ( 1.61877821e-05, 0.00000000e+00) ( 4.39791183e-15, 1.43801672e-17)
( 4.20743403e-15,-1.44509921e-07) ( 4.39791183e-15,-1.43801672e-17) ( 1.37366326e-05, 0.00000000e+00)
Wing_mu k Gram (iomega=0): route=full_bz ik=28 k=( 0.000000000000, 0.750000000000, 0.250000000000)
( 5.40643511e-05, 0.00000000e+00) (-1.56626790e-10, 2.33564278e-11) (-1.56626790e-10,-2.33571145e-11)
(-1.56626790e-10,-2.33564278e-11) ( 5.10892034e-04, 0.00000000e+00) ( 4.92415418e-04, 5.13330802e-12)
(-1.56626790e-10, 2.33571145e-11) ( 4.92415418e-04,-5.13330802e-12) ( 5.10892016e-04, 0.00000000e+00)
Wing_mu k Gram (iomega=0): route=full_bz ik=29 k=( 0.250000000000, 0.750000000000, 0.250000000000)
( 4.13768141e-04, 0.00000000e+00) ( 3.57757791e-06,-1.53838615e-11) (-3.97470721e-04, 1.12460409e-16)
( 3.57757791e-06, 1.53838615e-11) ( 3.07317132e-05, 0.00000000e+00) ( 3.57757481e-06, 1.53838743e-11)
(-3.97470721e-04,-1.12460409e-16) ( 3.57757481e-06,-1.53838743e-11) ( 4.13768252e-04, 0.00000000e+00)
Wing_mu k Gram (iomega=0): route=full_bz ik=30 k=( 0.500000000000, 0.750000000000, 0.250000000000)
( 1.61877821e-05, 0.00000000e+00) ( 4.30938997e-15,-6.09882054e-19) ( 4.15243845e-15, 7.42701469e-19)
( 4.30938997e-15, 6.09882054e-19) ( 1.37365451e-05, 0.00000000e+00) ( 4.20748346e-15, 1.44510811e-07)
( 4.15243845e-15,-7.42701469e-19) ( 4.20748346e-15,-1.44510811e-07) ( 1.37366326e-05, 0.00000000e+00)
Wing_mu k Gram (iomega=0): route=full_bz ik=31 k=( 0.750000000000, 0.750000000000, 0.250000000000)
( 4.13768239e-04, 0.00000000e+00) (-3.97470730e-04, 1.03940154e-16) ( 3.57760103e-06, 1.53839382e-11)
(-3.97470730e-04,-1.03940154e-16) ( 4.13768125e-04, 0.00000000e+00) ( 3.57760034e-06, 1.53839366e-11)
( 3.57760103e-06,-1.53839382e-11) ( 3.57760034e-06,-1.53839366e-11) ( 3.07318705e-05, 0.00000000e+00)
Wing_mu k Gram (iomega=0): route=full_bz ik=32 k=( 0.000000000000, 0.000000000000, 0.500000000000)
( 2.33807918e-03, 0.00000000e+00) (-1.15329758e-03, 6.62487384e-31) ( 1.15329800e-03, 1.83282551e-24)
(-1.15329758e-03,-6.62487384e-31) ( 2.33807918e-03, 0.00000000e+00) ( 1.15329800e-03, 1.83282375e-24)
( 1.15329800e-03,-1.83282551e-24) ( 1.15329800e-03,-1.83282375e-24) ( 2.33807833e-03, 0.00000000e+00)
Wing_mu k Gram (iomega=0): route=full_bz ik=33 k=( 0.250000000000, 0.000000000000, 0.500000000000)
( 4.13768141e-04, 0.00000000e+00) (-3.57756489e-06,-6.59072981e-12) ( 3.97470734e-04, 8.79325372e-12)
(-3.57756489e-06, 6.59072981e-12) ( 3.07321146e-05, 0.00000000e+00) ( 3.57776253e-06, 4.28434084e-11)
( 3.97470734e-04,-8.79325372e-12) ( 3.57776253e-06,-4.28434084e-11) ( 4.13768226e-04, 0.00000000e+00)
Wing_mu k Gram (iomega=0): route=full_bz ik=34 k=( 0.500000000000, 0.000000000000, 0.500000000000)
( 9.88230033e-04, 0.00000000e+00) ( 5.83547358e-15, 4.56565037e-21) (-1.36897262e-13, 1.04902586e-21)
( 5.83547358e-15,-4.56565037e-21) ( 2.08765076e-05, 0.00000000e+00) ( 5.82691661e-15,-5.98637373e-21)
(-1.36897262e-13,-1.04902586e-21) ( 5.82691661e-15, 5.98637373e-21) ( 9.88230032e-04, 0.00000000e+00)
Wing_mu k Gram (iomega=0): route=full_bz ik=35 k=( 0.750000000000, 0.000000000000, 0.500000000000)
( 4.13768141e-04, 0.00000000e+00) (-3.57756489e-06, 6.59072940e-12) ( 3.97470734e-04,-8.79325393e-12)
(-3.57756489e-06,-6.59072940e-12) ( 3.07321146e-05, 0.00000000e+00) ( 3.57776253e-06,-4.28434082e-11)
( 3.97470734e-04, 8.79325393e-12) ( 3.57776253e-06, 4.28434082e-11) ( 4.13768226e-04, 0.00000000e+00)
Wing_mu k Gram (iomega=0): route=full_bz ik=36 k=( 0.000000000000, 0.250000000000, 0.500000000000)
( 3.07321934e-05, 0.00000000e+00) (-3.57759422e-06, 6.59106906e-12) ( 3.57775729e-06, 4.28436868e-11)
(-3.57759422e-06,-6.59106906e-12) ( 4.13768125e-04, 0.00000000e+00) ( 3.97470738e-04, 8.79301821e-12)
( 3.57775729e-06,-4.28436868e-11) ( 3.97470738e-04,-8.79301821e-12) ( 4.13768226e-04, 0.00000000e+00)
Wing_mu k Gram (iomega=0): route=full_bz ik=37 k=( 0.250000000000, 0.250000000000, 0.500000000000)
( 5.10892020e-04, 0.00000000e+00) (-4.92415420e-04,-3.73831364e-18) ( 1.56638127e-10, 2.84900729e-11)
(-4.92415420e-04, 3.73831364e-18) ( 5.10892034e-04, 0.00000000e+00) ( 1.56638129e-10, 2.84900754e-11)
( 1.56638127e-10,-2.84900729e-11) ( 1.56638129e-10,-2.84900754e-11) ( 5.40650924e-05, 0.00000000e+00)
Wing_mu k Gram (iomega=0): route=full_bz ik=38 k=( 0.500000000000, 0.250000000000, 0.500000000000)
( 4.13768115e-04, 0.00000000e+00) (-3.57777862e-06,-3.40502893e-11) (-3.97470747e-04, 1.17324335e-16)
(-3.57777862e-06, 3.40502893e-11) ( 3.07317132e-05, 0.00000000e+00) (-3.57777553e-06, 3.40502774e-11)
(-3.97470747e-04,-1.17324335e-16) (-3.57777553e-06,-3.40502774e-11) ( 4.13768226e-04, 0.00000000e+00)
Wing_mu k Gram (iomega=0): route=full_bz ik=39 k=( 0.750000000000, 0.250000000000, 0.500000000000)
( 1.37365438e-05, 0.00000000e+00) ( 4.20695885e-15, 1.44511905e-07) ( 3.39056133e-15,-1.00872545e-17)
( 4.20695885e-15,-1.44511905e-07) ( 1.37365438e-05, 0.00000000e+00) ( 3.79036649e-15, 2.00529039e-17)
( 3.39056133e-15, 1.00872545e-17) ( 3.79036649e-15,-2.00529039e-17) ( 1.61877817e-05, 0.00000000e+00)
Wing_mu k Gram (iomega=0): route=full_bz ik=40 k=( 0.000000000000, 0.500000000000, 0.500000000000)
( 2.08765076e-05, 0.00000000e+00) ( 5.82639372e-15,-8.56928375e-22) ( 5.82697570e-15, 7.92825131e-21)
( 5.82639372e-15, 8.56928375e-22) ( 9.88230033e-04, 0.00000000e+00) ( 9.92680445e-16, 1.31999405e-20)
( 5.82697570e-15,-7.92825131e-21) ( 9.92680445e-16,-1.31999405e-20) ( 9.88230032e-04, 0.00000000e+00)
Wing_mu k Gram (iomega=0): route=full_bz ik=41 k=( 0.250000000000, 0.500000000000, 0.500000000000)
( 3.07317919e-05, 0.00000000e+00) (-3.57780795e-06, 3.40502400e-11) (-3.57777028e-06, 3.40505528e-11)
(-3.57780795e-06,-3.40502400e-11) ( 4.13768099e-04, 0.00000000e+00) (-3.97470751e-04,-1.24717842e-16)
(-3.57777028e-06,-3.40505528e-11) (-3.97470751e-04, 1.24717842e-16) ( 4.13768226e-04, 0.00000000e+00)
Wing_mu k Gram (iomega=0): route=full_bz ik=42 k=( 0.500000000000, 0.500000000000, 0.500000000000)
( 2.33807833e-03, 0.00000000e+00) (-1.15329843e-03,-2.71096029e-30) (-1.15329843e-03, 6.62036195e-28)
(-1.15329843e-03, 2.71096029e-30) ( 2.33807833e-03, 0.00000000e+00) (-1.15329843e-03, 6.57110171e-28)
(-1.15329843e-03,-6.62036195e-28) (-1.15329843e-03,-6.57110171e-28) ( 2.33807833e-03, 0.00000000e+00)
Wing_mu k Gram (iomega=0): route=full_bz ik=43 k=( 0.750000000000, 0.500000000000, 0.500000000000)
( 3.07317919e-05, 0.00000000e+00) (-3.57780795e-06,-3.40502401e-11) (-3.57777028e-06,-3.40505529e-11)
(-3.57780795e-06, 3.40502401e-11) ( 4.13768099e-04, 0.00000000e+00) (-3.97470751e-04, 1.25014896e-16)
(-3.57777028e-06, 3.40505529e-11) (-3.97470751e-04,-1.25014896e-16) ( 4.13768226e-04, 0.00000000e+00)
Wing_mu k Gram (iomega=0): route=full_bz ik=44 k=( 0.000000000000, 0.750000000000, 0.500000000000)
( 3.07321934e-05, 0.00000000e+00) (-3.57759422e-06,-6.59106927e-12) ( 3.57775729e-06,-4.28436868e-11)
(-3.57759422e-06, 6.59106927e-12) ( 4.13768125e-04, 0.00000000e+00) ( 3.97470738e-04,-8.79301805e-12)
( 3.57775729e-06, 4.28436868e-11) ( 3.97470738e-04, 8.79301805e-12) ( 4.13768226e-04, 0.00000000e+00)
Wing_mu k Gram (iomega=0): route=full_bz ik=45 k=( 0.250000000000, 0.750000000000, 0.500000000000)
( 1.37365438e-05, 0.00000000e+00) ( 4.20695957e-15,-1.44511905e-07) ( 3.43505219e-15, 1.61522753e-17)
( 4.20695957e-15, 1.44511905e-07) ( 1.37365438e-05, 0.00000000e+00) ( 3.54588368e-15,-1.89441030e-17)
( 3.43505219e-15,-1.61522753e-17) ( 3.54588368e-15, 1.89441030e-17) ( 1.61877817e-05, 0.00000000e+00)
Wing_mu k Gram (iomega=0): route=full_bz ik=46 k=( 0.500000000000, 0.750000000000, 0.500000000000)
( 4.13768115e-04, 0.00000000e+00) (-3.57777862e-06, 3.40502892e-11) (-3.97470747e-04,-1.17109542e-16)
(-3.57777862e-06,-3.40502892e-11) ( 3.07317132e-05, 0.00000000e+00) (-3.57777553e-06,-3.40502778e-11)
(-3.97470747e-04, 1.17109542e-16) (-3.57777553e-06, 3.40502778e-11) ( 4.13768226e-04, 0.00000000e+00)
Wing_mu k Gram (iomega=0): route=full_bz ik=47 k=( 0.750000000000, 0.750000000000, 0.500000000000)
( 5.10892020e-04, 0.00000000e+00) (-4.92415420e-04, 3.19227489e-18) ( 1.56638130e-10,-2.84900727e-11)
(-4.92415420e-04,-3.19227489e-18) ( 5.10892034e-04, 0.00000000e+00) ( 1.56638130e-10,-2.84900756e-11)
( 1.56638130e-10, 2.84900727e-11) ( 1.56638130e-10, 2.84900756e-11) ( 5.40650924e-05, 0.00000000e+00)
Wing_mu k Gram (iomega=0): route=full_bz ik=48 k=( 0.000000000000, 0.000000000000, 0.750000000000)
( 2.48360121e-03, 0.00000000e+00) (-1.22968820e-03,-1.99865474e-12) ( 1.22811182e-03, 1.13220127e-11)
(-1.22968820e-03, 1.99865474e-12) ( 2.48360138e-03, 0.00000000e+00) ( 1.22811188e-03, 1.53408659e-11)
( 1.22811182e-03,-1.13220127e-11) ( 1.22811188e-03,-1.53408659e-11) ( 2.48601701e-03, 0.00000000e+00)
Wing_mu k Gram (iomega=0): route=full_bz ik=49 k=( 0.250000000000, 0.000000000000, 0.750000000000)
( 5.10892034e-04, 0.00000000e+00) (-1.56627283e-10, 2.33567498e-11) ( 4.92415418e-04,-5.13330727e-12)
(-1.56627283e-10,-2.33567498e-11) ( 5.40642244e-05, 0.00000000e+00) (-1.56627282e-10, 2.33567801e-11)
( 4.92415418e-04, 5.13330727e-12) (-1.56627282e-10,-2.33567801e-11) ( 5.10892016e-04, 0.00000000e+00)
Wing_mu k Gram (iomega=0): route=full_bz ik=50 k=( 0.500000000000, 0.000000000000, 0.750000000000)
( 4.13768115e-04, 0.00000000e+00) ( 3.57776562e-06, 4.28434213e-11) ( 3.97470734e-04, 8.79302763e-12)
( 3.57776562e-06,-4.28434213e-11) ( 3.07321146e-05, 0.00000000e+00) (-3.57756180e-06,-6.59074226e-12)
( 3.97470734e-04,-8.79302763e-12) (-3.57756180e-06, 6.59074226e-12) ( 4.13768252e-04, 0.00000000e+00)
Wing_mu k Gram (iomega=0): route=full_bz ik=51 k=( 0.750000000000, 0.000000000000, 0.750000000000)
( 1.13280236e-03, 0.00000000e+00) ( 9.53626954e-15, 8.21085639e-11) ( 9.57261659e-15,-3.31728965e-17)
( 9.53626954e-15,-8.21085639e-11) ( 4.46609586e-05, 0.00000000e+00) ( 9.54877056e-15,-8.21085639e-11)
( 9.57261659e-15, 3.31728965e-17) ( 9.54877056e-15, 8.21085639e-11) ( 1.13280234e-03, 0.00000000e+00)
Wing_mu k Gram (iomega=0): route=full_bz ik=52 k=( 0.000000000000, 0.250000000000, 0.750000000000)
( 5.40643511e-05, 0.00000000e+00) (-1.56626789e-10,-2.33564279e-11) (-1.56626789e-10, 2.33571145e-11)
(-1.56626789e-10, 2.33564279e-11) ( 5.10892034e-04, 0.00000000e+00) ( 4.92415418e-04,-5.13330840e-12)
(-1.56626789e-10,-2.33571145e-11) ( 4.92415418e-04, 5.13330840e-12) ( 5.10892016e-04, 0.00000000e+00)
Wing_mu k Gram (iomega=0): route=full_bz ik=53 k=( 0.250000000000, 0.250000000000, 0.750000000000)
( 4.13768239e-04, 0.00000000e+00) (-3.97470730e-04,-1.02131939e-16) ( 3.57760103e-06,-1.53839369e-11)
(-3.97470730e-04, 1.02131939e-16) ( 4.13768125e-04, 0.00000000e+00) ( 3.57760034e-06,-1.53839378e-11)
( 3.57760103e-06, 1.53839369e-11) ( 3.57760034e-06, 1.53839378e-11) ( 3.07318705e-05, 0.00000000e+00)
Wing_mu k Gram (iomega=0): route=full_bz ik=54 k=( 0.500000000000, 0.250000000000, 0.750000000000)
( 1.61877821e-05, 0.00000000e+00) ( 4.53208276e-15, 4.28368183e-18) ( 4.30027832e-15,-6.23424550e-18)
( 4.53208276e-15,-4.28368183e-18) ( 1.37365451e-05, 0.00000000e+00) ( 4.20746878e-15,-1.44510811e-07)
( 4.30027832e-15, 6.23424550e-18) ( 4.20746878e-15, 1.44510811e-07) ( 1.37366326e-05, 0.00000000e+00)
Wing_mu k Gram (iomega=0): route=full_bz ik=55 k=( 0.750000000000, 0.250000000000, 0.750000000000)
( 4.13768141e-04, 0.00000000e+00) ( 3.57757791e-06, 1.53838612e-11) (-3.97470721e-04,-1.12548561e-16)
( 3.57757791e-06,-1.53838612e-11) ( 3.07317132e-05, 0.00000000e+00) ( 3.57757481e-06,-1.53838746e-11)
(-3.97470721e-04, 1.12548561e-16) ( 3.57757481e-06, 1.53838746e-11) ( 4.13768252e-04, 0.00000000e+00)
Wing_mu k Gram (iomega=0): route=full_bz ik=56 k=( 0.000000000000, 0.500000000000, 0.750000000000)
( 3.07321934e-05, 0.00000000e+00) ( 3.57779495e-06,-4.28432319e-11) (-3.57755655e-06,-6.59061409e-12)
( 3.57779495e-06, 4.28432319e-11) ( 4.13768099e-04, 0.00000000e+00) ( 3.97470738e-04, 8.79312683e-12)
(-3.57755655e-06, 6.59061409e-12) ( 3.97470738e-04,-8.79312683e-12) ( 4.13768252e-04, 0.00000000e+00)
Wing_mu k Gram (iomega=0): route=full_bz ik=57 k=( 0.250000000000, 0.500000000000, 0.750000000000)
( 1.37366333e-05, 0.00000000e+00) ( 4.84514173e-15,-8.21676973e-18) ( 4.20743639e-15,-1.44509921e-07)
( 4.84514173e-15, 8.21676973e-18) ( 1.61877821e-05, 0.00000000e+00) ( 4.45579232e-15,-1.39287086e-17)
( 4.20743639e-15, 1.44509921e-07) ( 4.45579232e-15, 1.39287086e-17) ( 1.37366326e-05, 0.00000000e+00)
Wing_mu k Gram (iomega=0): route=full_bz ik=58 k=( 0.500000000000, 0.500000000000, 0.750000000000)
( 4.13768213e-04, 0.00000000e+00) (-3.97470756e-04, 1.01915693e-16) (-3.57780175e-06, 3.40505110e-11)
(-3.97470756e-04,-1.01915693e-16) ( 4.13768099e-04, 0.00000000e+00) (-3.57780106e-06, 3.40505100e-11)
(-3.57780175e-06,-3.40505110e-11) (-3.57780106e-06,-3.40505100e-11) ( 3.07318705e-05, 0.00000000e+00)
Wing_mu k Gram (iomega=0): route=full_bz ik=59 k=( 0.750000000000, 0.500000000000, 0.750000000000)
( 5.10892034e-04, 0.00000000e+00) ( 1.56639183e-10,-2.84900594e-11) (-4.92415418e-04, 9.98006374e-21)
( 1.56639183e-10, 2.84900594e-11) ( 5.40648509e-05, 0.00000000e+00) ( 1.56639178e-10, 2.84900816e-11)
(-4.92415418e-04,-9.98006374e-21) ( 1.56639178e-10,-2.84900816e-11) ( 5.10892016e-04, 0.00000000e+00)
Wing_mu k Gram (iomega=0): route=full_bz ik=60 k=( 0.000000000000, 0.750000000000, 0.750000000000)
( 4.46609586e-05, 0.00000000e+00) ( 9.52998617e-15,-8.21085665e-11) ( 9.54733250e-15,-8.21085651e-11)
( 9.52998617e-15, 8.21085665e-11) ( 1.13280383e-03, 0.00000000e+00) ( 9.56210412e-15, 3.62332439e-15)
( 9.54733250e-15, 8.21085651e-11) ( 9.56210412e-15,-3.62332439e-15) ( 1.13280234e-03, 0.00000000e+00)
Wing_mu k Gram (iomega=0): route=full_bz ik=61 k=( 0.250000000000, 0.750000000000, 0.750000000000)
( 3.07317919e-05, 0.00000000e+00) ( 3.57760723e-06,-1.53840608e-11) ( 3.57756957e-06,-1.53837474e-11)
( 3.57760723e-06, 1.53840608e-11) ( 4.13768125e-04, 0.00000000e+00) (-3.97470725e-04,-1.72765046e-17)
( 3.57756957e-06, 1.53837474e-11) (-3.97470725e-04, 1.72765046e-17) ( 4.13768252e-04, 0.00000000e+00)
Wing_mu k Gram (iomega=0): route=full_bz ik=62 k=( 0.500000000000, 0.750000000000, 0.750000000000)
( 5.40649776e-05, 0.00000000e+00) ( 1.56638681e-10, 2.84897339e-11) ( 1.56638688e-10, 2.84904193e-11)
( 1.56638681e-10,-2.84897339e-11) ( 5.10892034e-04, 0.00000000e+00) (-4.92415418e-04,-8.64215085e-19)
( 1.56638688e-10,-2.84904193e-11) (-4.92415418e-04, 8.64215085e-19) ( 5.10892016e-04, 0.00000000e+00)
Wing_mu k Gram (iomega=0): route=full_bz ik=63 k=( 0.750000000000, 0.750000000000, 0.750000000000)
( 2.48360120e-03, 0.00000000e+00) (-1.22968822e-03,-1.25736721e-12) (-1.22811173e-03, 1.07199835e-11)
(-1.22968822e-03, 1.25736721e-12) ( 2.48360135e-03, 0.00000000e+00) (-1.22811179e-03, 8.19814901e-12)
(-1.22811173e-03,-1.07199835e-11) (-1.22811179e-03,-8.19814901e-12) ( 2.48601701e-03, 0.00000000e+00)
* Success: calculate wing term.
Wing_mu diagnostics (iomega=0): max_abs_real= 8.04235707e-15 max_abs_imag= 4.28285259e-01 max_abs_value= 4.28285259e-01 real_over_abs= 1.87780385e-14
Wing_mu Gram (iomega=0, rows alpha, columns beta):
( 7.54551001e-01, 0.00000000e+00) ( 2.96149158e-10,-9.40664485e-17) ( 2.96130360e-10, 4.80637236e-18)
( 2.96149158e-10, 9.40664485e-17) ( 7.54551081e-01, 0.00000000e+00) ( 2.96114827e-10,-2.10150348e-16)
( 2.96130360e-10,-4.80637236e-18) ( 2.96114827e-10, 2.10150348e-16) ( 7.54550925e-01, 0.00000000e+00)
* Success: Read DFT xc potential, solve quasi-particle equation
Grid type: Minimax time-frequency grids
Grid size: 6
Frequency node & weight: 
 0      0.0154021074694624      0.0325158783829468
 1      0.0576583078083294      0.0574841863540000
 2      0.1483091124626021      0.1385553523455900
 3      0.3895799247895522      0.3931414315037015
 4      1.1396193777587351      1.3106382214321504
 5      4.0998496292886184      6.0798430908384429
Time node & weight: 
 0      0.0898564139947099      0.2420367383496208
 1      0.5902626692028188      0.8534511499988635
 2      2.1297844404276378      2.4853952864099660
 3      6.3653173137043808      6.5795858181104458
 4     17.1002153780119563     16.2458511803472909
 5     43.5079540277464787     40.8638705314550563
t->f transform: 

 Cosine transform matrix (row: freq, col: time)
nr = 6, nc = 6
 4.87355e-01 1.69184e+00 5.01432e+00 1.29568e+01 3.18693e+01 6.09146e+01
 4.78297e-01 1.73593e+00 4.82713e+00 1.26618e+01 1.61103e+01 -4.74368e+01
 4.92005e-01 1.65998e+00 4.88255e+00 6.91965e+00 -1.93179e+01 6.77529e+00
 4.75963e-01 1.71065e+00 3.05237e+00 -7.02628e+00 2.26828e+00 -7.30302e-01
 4.95724e-01 1.21879e+00 -2.20334e+00 6.20710e-01 -1.99968e-01 1.23138e-01
 4.17740e-01 -5.14206e-01 1.27698e-01 -5.06346e-02 3.58815e-02 -3.34700e-02

 Sine transform matrix (row: freq, col: time)
nr = 6, nc = 6
 -5.49315e-02 2.85835e-01 -6.86776e-01 3.66055e+00 1.80517e+00 7.38070e+01
 6.35801e-02 -2.40085e-01 1.55818e+00 1.98400e+00 3.53634e+01 1.75268e+01
 -6.12941e-02 4.83320e-01 4.40357e-01 1.41644e+01 6.38629e+00 -1.47709e+01
 9.08718e-02 1.14682e-02 5.05345e+00 2.96288e+00 -5.39201e+00 4.67870e+00
 -3.77744e-02 1.54640e+00 1.24982e+00 -1.78598e+00 1.48342e+00 -1.44005e+00
 2.98252e-01 4.56731e-01 -4.70430e-01 3.83874e-01 -3.57778e-01 3.71466e-01
f->t transform: 

 Cosine transform matrix (row: time, col: freq)
nr = 6, nc = 6
 1.04489e-02 1.79131e-02 4.51635e-02 1.21850e-01 4.28220e-01 1.66090e+00
 1.02741e-02 1.85916e-02 4.30054e-02 1.25449e-01 2.99446e-01 -5.82167e-01
 1.04196e-02 1.78357e-02 4.31290e-02 7.70437e-02 -1.85880e-01 4.94192e-02
 1.02080e-02 1.75389e-02 2.33671e-02 -6.70384e-02 2.01432e-02 -7.03175e-03
 1.01444e-02 9.11399e-03 -2.63435e-02 8.91222e-03 -2.84962e-03 1.97806e-03
 7.71098e-03 -1.06262e-02 3.70511e-03 -1.20272e-03 7.61342e-04 -7.20172e-04

Total count of GFs IJR: 256
| Number of GFs IJR on Proc    1: 64
| Number of GFs IJR on Proc    2: 64
| Number of GFs IJR on Proc    3: 64
| Number of GFs IJR on Proc    0: 64
Use LibRI for chi0
Green's Function sums over all states.
chi0s for time point 0.089856, spin 0. CPU time: 51.072226 (tensor), 0.297410 (trans). Wall time 5.804997
Green's Function sums over all states.
chi0s for time point 0.590263, spin 0. CPU time: 51.672361 (tensor), 0.162681 (trans). Wall time 5.906546
Green's Function sums over all states.
chi0s for time point 2.129784, spin 0. CPU time: 51.368217 (tensor), 0.163641 (trans). Wall time 5.807904
Green's Function sums over all states.
chi0s for time point 6.365317, spin 0. CPU time: 51.565203 (tensor), 0.443387 (trans). Wall time 5.903445
Green's Function sums over all states.
chi0s for time point 17.100215, spin 0. CPU time: 50.933688 (tensor), 0.233832 (trans). Wall time 5.794416
Green's Function sums over all states.
chi0s for time point 43.507954, spin 0. CPU time: 51.602395 (tensor), 0.240400 (trans). Wall time 5.866437

Computing EXX orbital energy using LibRI
Task    3: V setup for EXX
Task    0: V setup for EXX
Task    1: V setup for EXX
Task    2: V setup for EXX
Task    1: DM setup for EXX
Task    2: DM setup for EXX
Task    3: DM setup for EXX
Task    0: DM setup for EXX
Task    2: cal_Hs elapsed time: 3.262422
Task    0: cal_Hs elapsed time: 3.262323
Task    1: cal_Hs elapsed time: 3.262441
Task    3: cal_Hs elapsed time: 3.262414
Calculating Wc using ScaLAPACK
Time for Wc initialization (seconds, Wall/CPU): 0.012253 0.146416
Computing Wc(q), 1 / 64, q=(0.000000, 0.000000, 0.000000)
Time to prepare sqrt root of Coulomb for Wc(q) (seconds, Wall/CPU): 0.147753 1.764259
Wing_lambda diagnostics (iomega=0): max_abs_real= 1.38618541e-14 max_abs_imag= 7.17598461e-01 max_abs_value= 7.17598461e-01 real_over_abs= 1.93170065e-14
Wing_lambda Gram (iomega=0, rows alpha, columns beta):
( 9.15134886e-01, 0.00000000e+00) (-4.12781159e-02, 1.11360598e-14) ( 2.60206667e-02,-1.41898172e-14)
(-4.12781159e-02,-1.11360598e-14) ( 1.37511855e+00, 0.00000000e+00) (-9.43967326e-02,-6.79841732e-16)
( 2.60206667e-02, 1.41898172e-14) (-9.43967326e-02, 6.79841732e-16) ( 1.97772283e+00, 0.00000000e+00)
Time to prepare sqrt root of Coulomb for Epsilon(q) (seconds, Wall/CPU): 0.110842 1.325224
Number of angular grids for average inverse dielectric matrix: 5810
vol_gamma_numeric/vol_gamma: 5.78296e-05, 5.78154e-05
Angular quadrature accuracy for volume: 1.00025 (should be close to 1)
* Success: calculate average inverse dielectric matrix no.1.
Time for Wc(i_q=1, i_omega=1) (seconds, Wall/CPU): 0.381050 4.556686
* Success: calculate average inverse dielectric matrix no.2.
Time for Wc(i_q=1, i_omega=2) (seconds, Wall/CPU): 0.375236 4.488449
* Success: calculate average inverse dielectric matrix no.3.
Time for Wc(i_q=1, i_omega=3) (seconds, Wall/CPU): 0.375822 4.495005
* Success: calculate average inverse dielectric matrix no.4.
Time for Wc(i_q=1, i_omega=4) (seconds, Wall/CPU): 0.375375 4.489942
* Success: calculate average inverse dielectric matrix no.5.
Time for Wc(i_q=1, i_omega=5) (seconds, Wall/CPU): 0.377401 4.513852
* Success: calculate average inverse dielectric matrix no.6.
Time for Wc(i_q=1, i_omega=6) (seconds, Wall/CPU): 0.375907 4.496383
Computing Wc(q), 2 / 64, q=(0.250000, 0.000000, 0.000000)
Time to prepare sqrt root of Coulomb for Wc(q) (seconds, Wall/CPU): 0.187550 2.241797
Time to prepare sqrt root of Coulomb for Epsilon(q) (seconds, Wall/CPU): 0.184688 2.209083
Time for Wc(i_q=2, i_omega=1) (seconds, Wall/CPU): 0.092013 1.063936
Time for Wc(i_q=2, i_omega=2) (seconds, Wall/CPU): 0.090258 1.046299
Time for Wc(i_q=2, i_omega=3) (seconds, Wall/CPU): 0.089958 1.043235
Time for Wc(i_q=2, i_omega=4) (seconds, Wall/CPU): 0.090444 1.048280
Time for Wc(i_q=2, i_omega=5) (seconds, Wall/CPU): 0.092059 1.067851
Time for Wc(i_q=2, i_omega=6) (seconds, Wall/CPU): 0.090532 1.048936
Computing Wc(q), 3 / 64, q=(0.500000, 0.000000, 0.000000)
Time to prepare sqrt root of Coulomb for Wc(q) (seconds, Wall/CPU): 0.183327 2.192896
Time to prepare sqrt root of Coulomb for Epsilon(q) (seconds, Wall/CPU): 0.182759 2.185606
Time for Wc(i_q=3, i_omega=1) (seconds, Wall/CPU): 0.090404 1.047312
Time for Wc(i_q=3, i_omega=2) (seconds, Wall/CPU): 0.089677 1.039490
Time for Wc(i_q=3, i_omega=3) (seconds, Wall/CPU): 0.090103 1.043845
Time for Wc(i_q=3, i_omega=4) (seconds, Wall/CPU): 0.090305 1.047206
Time for Wc(i_q=3, i_omega=5) (seconds, Wall/CPU): 0.090056 1.044861
Time for Wc(i_q=3, i_omega=6) (seconds, Wall/CPU): 0.092187 1.069427
Computing Wc(q), 4 / 64, q=(0.750000, 0.000000, 0.000000)
Time to prepare sqrt root of Coulomb for Wc(q) (seconds, Wall/CPU): 0.183895 2.199394
Time to prepare sqrt root of Coulomb for Epsilon(q) (seconds, Wall/CPU): 0.181924 2.175735
Time for Wc(i_q=4, i_omega=1) (seconds, Wall/CPU): 0.147546 1.693824
Time for Wc(i_q=4, i_omega=2) (seconds, Wall/CPU): 0.089545 1.033731
Time for Wc(i_q=4, i_omega=3) (seconds, Wall/CPU): 0.089768 1.036683
Time for Wc(i_q=4, i_omega=4) (seconds, Wall/CPU): 0.135383 1.526275
Time for Wc(i_q=4, i_omega=5) (seconds, Wall/CPU): 0.089499 1.036853
Time for Wc(i_q=4, i_omega=6) (seconds, Wall/CPU): 0.135649 1.542307
Computing Wc(q), 5 / 64, q=(0.000000, 0.250000, 0.000000)
Time to prepare sqrt root of Coulomb for Wc(q) (seconds, Wall/CPU): 0.185311 2.214948
Time to prepare sqrt root of Coulomb for Epsilon(q) (seconds, Wall/CPU): 0.230780 2.707535
Time for Wc(i_q=5, i_omega=1) (seconds, Wall/CPU): 0.089279 1.033279
Time for Wc(i_q=5, i_omega=2) (seconds, Wall/CPU): 0.089132 1.031245
Time for Wc(i_q=5, i_omega=3) (seconds, Wall/CPU): 0.135197 1.536436
Time for Wc(i_q=5, i_omega=4) (seconds, Wall/CPU): 0.135271 1.538814
Time for Wc(i_q=5, i_omega=5) (seconds, Wall/CPU): 0.089511 1.036801
Time for Wc(i_q=5, i_omega=6) (seconds, Wall/CPU): 0.130375 1.479371
Computing Wc(q), 6 / 64, q=(0.250000, 0.250000, 0.000000)
Time to prepare sqrt root of Coulomb for Wc(q) (seconds, Wall/CPU): 0.183480 2.193826
Time to prepare sqrt root of Coulomb for Epsilon(q) (seconds, Wall/CPU): 0.231583 2.753140
Time for Wc(i_q=6, i_omega=1) (seconds, Wall/CPU): 0.144956 1.690590
Time for Wc(i_q=6, i_omega=2) (seconds, Wall/CPU): 0.090524 1.046292
Time for Wc(i_q=6, i_omega=3) (seconds, Wall/CPU): 0.090265 1.046840
Time for Wc(i_q=6, i_omega=4) (seconds, Wall/CPU): 0.090666 1.051013
Time for Wc(i_q=6, i_omega=5) (seconds, Wall/CPU): 0.090536 1.049706
Time for Wc(i_q=6, i_omega=6) (seconds, Wall/CPU): 0.090603 1.050666
Computing Wc(q), 7 / 64, q=(0.500000, 0.250000, 0.000000)
Time to prepare sqrt root of Coulomb for Wc(q) (seconds, Wall/CPU): 0.185932 2.224083
Time to prepare sqrt root of Coulomb for Epsilon(q) (seconds, Wall/CPU): 0.183162 2.191062
Time for Wc(i_q=7, i_omega=1) (seconds, Wall/CPU): 0.090154 1.044045
Time for Wc(i_q=7, i_omega=2) (seconds, Wall/CPU): 0.090367 1.047316
Time for Wc(i_q=7, i_omega=3) (seconds, Wall/CPU): 0.090574 1.050162
Time for Wc(i_q=7, i_omega=4) (seconds, Wall/CPU): 0.090507 1.049105
Time for Wc(i_q=7, i_omega=5) (seconds, Wall/CPU): 0.095091 1.103616
Time for Wc(i_q=7, i_omega=6) (seconds, Wall/CPU): 0.091274 1.058222
Computing Wc(q), 8 / 64, q=(0.750000, 0.250000, 0.000000)
Time to prepare sqrt root of Coulomb for Wc(q) (seconds, Wall/CPU): 0.185809 2.222176
Time to prepare sqrt root of Coulomb for Epsilon(q) (seconds, Wall/CPU): 0.180610 2.159818
Time for Wc(i_q=8, i_omega=1) (seconds, Wall/CPU): 0.090355 1.047447
Time for Wc(i_q=8, i_omega=2) (seconds, Wall/CPU): 0.090566 1.049052
Time for Wc(i_q=8, i_omega=3) (seconds, Wall/CPU): 0.090003 1.041800
Time for Wc(i_q=8, i_omega=4) (seconds, Wall/CPU): 0.090163 1.045796
Time for Wc(i_q=8, i_omega=5) (seconds, Wall/CPU): 0.106171 1.235065
Time for Wc(i_q=8, i_omega=6) (seconds, Wall/CPU): 0.089321 1.034042
Computing Wc(q), 9 / 64, q=(0.000000, 0.500000, 0.000000)
Time to prepare sqrt root of Coulomb for Wc(q) (seconds, Wall/CPU): 0.188231 2.250184
Time to prepare sqrt root of Coulomb for Epsilon(q) (seconds, Wall/CPU): 0.183978 2.198731
Time for Wc(i_q=9, i_omega=1) (seconds, Wall/CPU): 0.088928 1.030161
Time for Wc(i_q=9, i_omega=2) (seconds, Wall/CPU): 0.089255 1.033443
Time for Wc(i_q=9, i_omega=3) (seconds, Wall/CPU): 0.089037 1.031102
Time for Wc(i_q=9, i_omega=4) (seconds, Wall/CPU): 1.537329 4.599772
Time for Wc(i_q=9, i_omega=5) (seconds, Wall/CPU): 0.090652 1.048829
Time for Wc(i_q=9, i_omega=6) (seconds, Wall/CPU): 0.090026 1.042220
Computing Wc(q), 10 / 64, q=(0.250000, 0.500000, 0.000000)
Time to prepare sqrt root of Coulomb for Wc(q) (seconds, Wall/CPU): 0.184414 2.203663
Time to prepare sqrt root of Coulomb for Epsilon(q) (seconds, Wall/CPU): 0.180647 2.158809
Time for Wc(i_q=10, i_omega=1) (seconds, Wall/CPU): 0.090406 1.047862
Time for Wc(i_q=10, i_omega=2) (seconds, Wall/CPU): 0.090520 1.048473
Time for Wc(i_q=10, i_omega=3) (seconds, Wall/CPU): 0.089928 1.042702
Time for Wc(i_q=10, i_omega=4) (seconds, Wall/CPU): 0.089366 1.036247
Time for Wc(i_q=10, i_omega=5) (seconds, Wall/CPU): 0.089918 1.041669
Time for Wc(i_q=10, i_omega=6) (seconds, Wall/CPU): 0.091068 1.056102
Computing Wc(q), 11 / 64, q=(0.500000, 0.500000, 0.000000)
Time to prepare sqrt root of Coulomb for Wc(q) (seconds, Wall/CPU): 0.182816 2.185505
Time to prepare sqrt root of Coulomb for Epsilon(q) (seconds, Wall/CPU): 0.181698 2.171910
Time for Wc(i_q=11, i_omega=1) (seconds, Wall/CPU): 0.090085 1.042721
Time for Wc(i_q=11, i_omega=2) (seconds, Wall/CPU): 0.089915 1.042647
Time for Wc(i_q=11, i_omega=3) (seconds, Wall/CPU): 0.091944 1.065886
Time for Wc(i_q=11, i_omega=4) (seconds, Wall/CPU): 0.090446 1.048544
Time for Wc(i_q=11, i_omega=5) (seconds, Wall/CPU): 0.090222 1.046400
Time for Wc(i_q=11, i_omega=6) (seconds, Wall/CPU): 0.091307 1.057616
Computing Wc(q), 12 / 64, q=(0.750000, 0.500000, 0.000000)
Time to prepare sqrt root of Coulomb for Wc(q) (seconds, Wall/CPU): 0.182615 2.183062
Time to prepare sqrt root of Coulomb for Epsilon(q) (seconds, Wall/CPU): 0.179581 2.146787
Time for Wc(i_q=12, i_omega=1) (seconds, Wall/CPU): 0.090126 1.043125
Time for Wc(i_q=12, i_omega=2) (seconds, Wall/CPU): 0.186137 2.192791
Time for Wc(i_q=12, i_omega=3) (seconds, Wall/CPU): 0.090030 1.043539
Time for Wc(i_q=12, i_omega=4) (seconds, Wall/CPU): 0.090184 1.045333
Time for Wc(i_q=12, i_omega=5) (seconds, Wall/CPU): 0.089992 1.042368
Time for Wc(i_q=12, i_omega=6) (seconds, Wall/CPU): 0.090295 1.047039
Computing Wc(q), 13 / 64, q=(0.000000, 0.750000, 0.000000)
Time to prepare sqrt root of Coulomb for Wc(q) (seconds, Wall/CPU): 0.185883 2.221943
Time to prepare sqrt root of Coulomb for Epsilon(q) (seconds, Wall/CPU): 0.177698 2.124152
Time for Wc(i_q=13, i_omega=1) (seconds, Wall/CPU): 0.090542 1.047709
Time for Wc(i_q=13, i_omega=2) (seconds, Wall/CPU): 0.088386 1.023661
Time for Wc(i_q=13, i_omega=3) (seconds, Wall/CPU): 0.089050 1.031423
Time for Wc(i_q=13, i_omega=4) (seconds, Wall/CPU): 0.090162 1.043443
Time for Wc(i_q=13, i_omega=5) (seconds, Wall/CPU): 0.091863 1.064591
Time for Wc(i_q=13, i_omega=6) (seconds, Wall/CPU): 0.090756 1.052092
Computing Wc(q), 14 / 64, q=(0.250000, 0.750000, 0.000000)
Time to prepare sqrt root of Coulomb for Wc(q) (seconds, Wall/CPU): 0.181628 2.171004
Time to prepare sqrt root of Coulomb for Epsilon(q) (seconds, Wall/CPU): 0.176781 2.113343
Time for Wc(i_q=14, i_omega=1) (seconds, Wall/CPU): 0.089353 1.034884
Time for Wc(i_q=14, i_omega=2) (seconds, Wall/CPU): 0.087548 1.013356
Time for Wc(i_q=14, i_omega=3) (seconds, Wall/CPU): 0.089188 1.033488
Time for Wc(i_q=14, i_omega=4) (seconds, Wall/CPU): 0.089920 1.040704
Time for Wc(i_q=14, i_omega=5) (seconds, Wall/CPU): 0.091778 1.064018
Time for Wc(i_q=14, i_omega=6) (seconds, Wall/CPU): 0.089154 1.033909
Computing Wc(q), 15 / 64, q=(0.500000, 0.750000, 0.000000)
Time to prepare sqrt root of Coulomb for Wc(q) (seconds, Wall/CPU): 0.183240 2.190653
Time to prepare sqrt root of Coulomb for Epsilon(q) (seconds, Wall/CPU): 0.177137 2.117649
Time for Wc(i_q=15, i_omega=1) (seconds, Wall/CPU): 0.092367 1.071173
Time for Wc(i_q=15, i_omega=2) (seconds, Wall/CPU): 0.089730 1.039785
Time for Wc(i_q=15, i_omega=3) (seconds, Wall/CPU): 0.089230 1.033372
Time for Wc(i_q=15, i_omega=4) (seconds, Wall/CPU): 0.090716 1.049457
Time for Wc(i_q=15, i_omega=5) (seconds, Wall/CPU): 0.091210 1.057862
Time for Wc(i_q=15, i_omega=6) (seconds, Wall/CPU): 0.090601 1.050159
Computing Wc(q), 16 / 64, q=(0.750000, 0.750000, 0.000000)
Time to prepare sqrt root of Coulomb for Wc(q) (seconds, Wall/CPU): 0.181471 2.169058
Time to prepare sqrt root of Coulomb for Epsilon(q) (seconds, Wall/CPU): 0.176651 2.111443
Time for Wc(i_q=16, i_omega=1) (seconds, Wall/CPU): 0.089834 1.040594
Time for Wc(i_q=16, i_omega=2) (seconds, Wall/CPU): 0.087618 1.014559
Time for Wc(i_q=16, i_omega=3) (seconds, Wall/CPU): 0.089846 1.041553
Time for Wc(i_q=16, i_omega=4) (seconds, Wall/CPU): 0.089896 1.039317
Time for Wc(i_q=16, i_omega=5) (seconds, Wall/CPU): 0.091731 1.063263
Time for Wc(i_q=16, i_omega=6) (seconds, Wall/CPU): 0.090375 1.047519
Computing Wc(q), 17 / 64, q=(0.000000, 0.000000, 0.250000)
Time to prepare sqrt root of Coulomb for Wc(q) (seconds, Wall/CPU): 0.183924 2.198289
Time to prepare sqrt root of Coulomb for Epsilon(q) (seconds, Wall/CPU): 0.176304 2.107164
Time for Wc(i_q=17, i_omega=1) (seconds, Wall/CPU): 0.089267 1.034520
Time for Wc(i_q=17, i_omega=2) (seconds, Wall/CPU): 0.089828 1.040275
Time for Wc(i_q=17, i_omega=3) (seconds, Wall/CPU): 0.092624 1.074428
Time for Wc(i_q=17, i_omega=4) (seconds, Wall/CPU): 0.090500 1.049277
Time for Wc(i_q=17, i_omega=5) (seconds, Wall/CPU): 0.220422 2.600832
Time for Wc(i_q=17, i_omega=6) (seconds, Wall/CPU): 0.090205 1.045657
Computing Wc(q), 18 / 64, q=(0.250000, 0.000000, 0.250000)
Time to prepare sqrt root of Coulomb for Wc(q) (seconds, Wall/CPU): 0.183651 2.195301
Time to prepare sqrt root of Coulomb for Epsilon(q) (seconds, Wall/CPU): 0.179704 2.148224
Time for Wc(i_q=18, i_omega=1) (seconds, Wall/CPU): 0.090778 1.052366
Time for Wc(i_q=18, i_omega=2) (seconds, Wall/CPU): 0.094374 1.094587
Time for Wc(i_q=18, i_omega=3) (seconds, Wall/CPU): 0.090071 1.044032
Time for Wc(i_q=18, i_omega=4) (seconds, Wall/CPU): 0.090483 1.048991
Time for Wc(i_q=18, i_omega=5) (seconds, Wall/CPU): 0.311877 3.192074
Time for Wc(i_q=18, i_omega=6) (seconds, Wall/CPU): 0.090092 1.014224
Computing Wc(q), 19 / 64, q=(0.500000, 0.000000, 0.250000)
Time to prepare sqrt root of Coulomb for Wc(q) (seconds, Wall/CPU): 0.188385 2.251843
Time to prepare sqrt root of Coulomb for Epsilon(q) (seconds, Wall/CPU): 0.183509 2.194161
Time for Wc(i_q=19, i_omega=1) (seconds, Wall/CPU): 0.091395 1.060311
Time for Wc(i_q=19, i_omega=2) (seconds, Wall/CPU): 0.089316 1.035366
Time for Wc(i_q=19, i_omega=3) (seconds, Wall/CPU): 0.090457 1.047794
Time for Wc(i_q=19, i_omega=4) (seconds, Wall/CPU): 0.094255 1.093097
Time for Wc(i_q=19, i_omega=5) (seconds, Wall/CPU): 0.091667 1.062631
Time for Wc(i_q=19, i_omega=6) (seconds, Wall/CPU): 0.091335 1.059530
Computing Wc(q), 20 / 64, q=(0.750000, 0.000000, 0.250000)
Time to prepare sqrt root of Coulomb for Wc(q) (seconds, Wall/CPU): 0.183424 2.192879
Time to prepare sqrt root of Coulomb for Epsilon(q) (seconds, Wall/CPU): 0.180954 2.163612
Time for Wc(i_q=20, i_omega=1) (seconds, Wall/CPU): 0.090604 1.049387
Time for Wc(i_q=20, i_omega=2) (seconds, Wall/CPU): 0.089760 1.040088
Time for Wc(i_q=20, i_omega=3) (seconds, Wall/CPU): 0.090559 1.049531
Time for Wc(i_q=20, i_omega=4) (seconds, Wall/CPU): 0.090645 1.050168
Time for Wc(i_q=20, i_omega=5) (seconds, Wall/CPU): 0.090280 1.046281
Time for Wc(i_q=20, i_omega=6) (seconds, Wall/CPU): 0.090327 1.047320
Computing Wc(q), 21 / 64, q=(0.000000, 0.250000, 0.250000)
Time to prepare sqrt root of Coulomb for Wc(q) (seconds, Wall/CPU): 0.187846 2.245665
Time to prepare sqrt root of Coulomb for Epsilon(q) (seconds, Wall/CPU): 0.183239 2.190492
Time for Wc(i_q=21, i_omega=1) (seconds, Wall/CPU): 0.090474 1.048393
Time for Wc(i_q=21, i_omega=2) (seconds, Wall/CPU): 0.089929 1.041998
Time for Wc(i_q=21, i_omega=3) (seconds, Wall/CPU): 0.089791 1.041145
Time for Wc(i_q=21, i_omega=4) (seconds, Wall/CPU): 0.089877 1.041836
Time for Wc(i_q=21, i_omega=5) (seconds, Wall/CPU): 0.091172 1.053083
Time for Wc(i_q=21, i_omega=6) (seconds, Wall/CPU): 0.093305 1.082502
Computing Wc(q), 22 / 64, q=(0.250000, 0.250000, 0.250000)
Time to prepare sqrt root of Coulomb for Wc(q) (seconds, Wall/CPU): 0.233579 2.761724
Time to prepare sqrt root of Coulomb for Epsilon(q) (seconds, Wall/CPU): 0.178742 2.136981
Time for Wc(i_q=22, i_omega=1) (seconds, Wall/CPU): 0.089386 1.035764
Time for Wc(i_q=22, i_omega=2) (seconds, Wall/CPU): 0.089605 1.037537
Time for Wc(i_q=22, i_omega=3) (seconds, Wall/CPU): 0.090435 1.047306
Time for Wc(i_q=22, i_omega=4) (seconds, Wall/CPU): 0.089718 1.039612
Time for Wc(i_q=22, i_omega=5) (seconds, Wall/CPU): 0.090264 1.046511
Time for Wc(i_q=22, i_omega=6) (seconds, Wall/CPU): 0.091360 1.057736
Computing Wc(q), 23 / 64, q=(0.500000, 0.250000, 0.250000)
Time to prepare sqrt root of Coulomb for Wc(q) (seconds, Wall/CPU): 0.184174 2.201695
Time to prepare sqrt root of Coulomb for Epsilon(q) (seconds, Wall/CPU): 0.177296 2.119048
Time for Wc(i_q=23, i_omega=1) (seconds, Wall/CPU): 0.091351 1.057821
Time for Wc(i_q=23, i_omega=2) (seconds, Wall/CPU): 0.090404 1.046887
Time for Wc(i_q=23, i_omega=3) (seconds, Wall/CPU): 0.089371 1.033691
Time for Wc(i_q=23, i_omega=4) (seconds, Wall/CPU): 0.090412 1.046735
Time for Wc(i_q=23, i_omega=5) (seconds, Wall/CPU): 0.090209 1.043701
Time for Wc(i_q=23, i_omega=6) (seconds, Wall/CPU): 0.089096 1.031070
Computing Wc(q), 24 / 64, q=(0.750000, 0.250000, 0.250000)
Time to prepare sqrt root of Coulomb for Wc(q) (seconds, Wall/CPU): 0.889330 4.322603
Time to prepare sqrt root of Coulomb for Epsilon(q) (seconds, Wall/CPU): 0.177258 2.096502
Time for Wc(i_q=24, i_omega=1) (seconds, Wall/CPU): 0.089301 1.033274
Time for Wc(i_q=24, i_omega=2) (seconds, Wall/CPU): 0.089764 1.038494
Time for Wc(i_q=24, i_omega=3) (seconds, Wall/CPU): 0.089523 1.035752
Time for Wc(i_q=24, i_omega=4) (seconds, Wall/CPU): 0.090018 1.041815
Time for Wc(i_q=24, i_omega=5) (seconds, Wall/CPU): 0.089861 1.040457
Time for Wc(i_q=24, i_omega=6) (seconds, Wall/CPU): 0.088969 1.029573
Computing Wc(q), 25 / 64, q=(0.000000, 0.500000, 0.250000)
Time to prepare sqrt root of Coulomb for Wc(q) (seconds, Wall/CPU): 0.186383 2.227209
Time to prepare sqrt root of Coulomb for Epsilon(q) (seconds, Wall/CPU): 0.176727 2.111378
Time for Wc(i_q=25, i_omega=1) (seconds, Wall/CPU): 0.089710 1.036767
Time for Wc(i_q=25, i_omega=2) (seconds, Wall/CPU): 0.089331 1.033349
Time for Wc(i_q=25, i_omega=3) (seconds, Wall/CPU): 0.089096 1.031383
Time for Wc(i_q=25, i_omega=4) (seconds, Wall/CPU): 0.089795 1.039182
Time for Wc(i_q=25, i_omega=5) (seconds, Wall/CPU): 0.091087 1.054578
Time for Wc(i_q=25, i_omega=6) (seconds, Wall/CPU): 0.090590 1.049134
Computing Wc(q), 26 / 64, q=(0.250000, 0.500000, 0.250000)
Time to prepare sqrt root of Coulomb for Wc(q) (seconds, Wall/CPU): 0.184379 2.203845
Time to prepare sqrt root of Coulomb for Epsilon(q) (seconds, Wall/CPU): 0.176040 2.103494
Time for Wc(i_q=26, i_omega=1) (seconds, Wall/CPU): 0.089719 1.037593
Time for Wc(i_q=26, i_omega=2) (seconds, Wall/CPU): 0.089294 1.033450
Time for Wc(i_q=26, i_omega=3) (seconds, Wall/CPU): 0.089268 1.033423
Time for Wc(i_q=26, i_omega=4) (seconds, Wall/CPU): 0.090273 1.045389
Time for Wc(i_q=26, i_omega=5) (seconds, Wall/CPU): 0.093099 1.078735
Time for Wc(i_q=26, i_omega=6) (seconds, Wall/CPU): 0.090899 1.053239
Computing Wc(q), 27 / 64, q=(0.500000, 0.500000, 0.250000)
Time to prepare sqrt root of Coulomb for Wc(q) (seconds, Wall/CPU): 0.183260 2.189581
Time to prepare sqrt root of Coulomb for Epsilon(q) (seconds, Wall/CPU): 0.175377 2.095328
Time for Wc(i_q=27, i_omega=1) (seconds, Wall/CPU): 0.089269 1.033253
Time for Wc(i_q=27, i_omega=2) (seconds, Wall/CPU): 0.088834 1.027455
Time for Wc(i_q=27, i_omega=3) (seconds, Wall/CPU): 0.088982 1.027771
Time for Wc(i_q=27, i_omega=4) (seconds, Wall/CPU): 0.089314 1.033059
Time for Wc(i_q=27, i_omega=5) (seconds, Wall/CPU): 0.089824 1.039946
Time for Wc(i_q=27, i_omega=6) (seconds, Wall/CPU): 0.090694 1.049985
Computing Wc(q), 28 / 64, q=(0.750000, 0.500000, 0.250000)
Time to prepare sqrt root of Coulomb for Wc(q) (seconds, Wall/CPU): 0.183457 2.192331
Time to prepare sqrt root of Coulomb for Epsilon(q) (seconds, Wall/CPU): 0.179719 2.147493
Time for Wc(i_q=28, i_omega=1) (seconds, Wall/CPU): 0.089335 1.033350
Time for Wc(i_q=28, i_omega=2) (seconds, Wall/CPU): 0.088810 1.027338
Time for Wc(i_q=28, i_omega=3) (seconds, Wall/CPU): 0.088914 1.029173
Time for Wc(i_q=28, i_omega=4) (seconds, Wall/CPU): 1.334801 3.548283
Time for Wc(i_q=28, i_omega=5) (seconds, Wall/CPU): 0.093705 1.053132
Time for Wc(i_q=28, i_omega=6) (seconds, Wall/CPU): 0.090600 1.048467
Computing Wc(q), 29 / 64, q=(0.000000, 0.750000, 0.250000)
Time to prepare sqrt root of Coulomb for Wc(q) (seconds, Wall/CPU): 0.186377 2.227315
Time to prepare sqrt root of Coulomb for Epsilon(q) (seconds, Wall/CPU): 0.179021 2.139298
Time for Wc(i_q=29, i_omega=1) (seconds, Wall/CPU): 0.089358 1.033812
Time for Wc(i_q=29, i_omega=2) (seconds, Wall/CPU): 0.089631 1.038101
Time for Wc(i_q=29, i_omega=3) (seconds, Wall/CPU): 0.089098 1.030813
Time for Wc(i_q=29, i_omega=4) (seconds, Wall/CPU): 0.089454 1.034969
Time for Wc(i_q=29, i_omega=5) (seconds, Wall/CPU): 0.089319 1.033804
Time for Wc(i_q=29, i_omega=6) (seconds, Wall/CPU): 0.089736 1.039357
Computing Wc(q), 30 / 64, q=(0.250000, 0.750000, 0.250000)
Time to prepare sqrt root of Coulomb for Wc(q) (seconds, Wall/CPU): 0.182385 2.179253
Time to prepare sqrt root of Coulomb for Epsilon(q) (seconds, Wall/CPU): 0.181057 2.163379
Time for Wc(i_q=30, i_omega=1) (seconds, Wall/CPU): 0.089632 1.037626
Time for Wc(i_q=30, i_omega=2) (seconds, Wall/CPU): 0.090541 1.045262
Time for Wc(i_q=30, i_omega=3) (seconds, Wall/CPU): 0.089009 1.029912
Time for Wc(i_q=30, i_omega=4) (seconds, Wall/CPU): 0.090401 1.046903
Time for Wc(i_q=30, i_omega=5) (seconds, Wall/CPU): 0.089331 1.033527
Time for Wc(i_q=30, i_omega=6) (seconds, Wall/CPU): 0.089846 1.040386
Computing Wc(q), 31 / 64, q=(0.500000, 0.750000, 0.250000)
Time to prepare sqrt root of Coulomb for Wc(q) (seconds, Wall/CPU): 0.182836 2.179944
Time to prepare sqrt root of Coulomb for Epsilon(q) (seconds, Wall/CPU): 0.180772 2.160398
Time for Wc(i_q=31, i_omega=1) (seconds, Wall/CPU): 0.089792 1.039239
Time for Wc(i_q=31, i_omega=2) (seconds, Wall/CPU): 0.089234 1.033293
Time for Wc(i_q=31, i_omega=3) (seconds, Wall/CPU): 0.088840 1.028323
Time for Wc(i_q=31, i_omega=4) (seconds, Wall/CPU): 0.090082 1.043132
Time for Wc(i_q=31, i_omega=5) (seconds, Wall/CPU): 0.284966 3.372225
Time for Wc(i_q=31, i_omega=6) (seconds, Wall/CPU): 0.089275 1.034523
Computing Wc(q), 32 / 64, q=(0.750000, 0.750000, 0.250000)
Time to prepare sqrt root of Coulomb for Wc(q) (seconds, Wall/CPU): 0.183401 2.191708
Time to prepare sqrt root of Coulomb for Epsilon(q) (seconds, Wall/CPU): 0.179074 2.139697
Time for Wc(i_q=32, i_omega=1) (seconds, Wall/CPU): 0.106466 1.215806
Time for Wc(i_q=32, i_omega=2) (seconds, Wall/CPU): 0.088791 1.028057
Time for Wc(i_q=32, i_omega=3) (seconds, Wall/CPU): 0.089264 1.033040
Time for Wc(i_q=32, i_omega=4) (seconds, Wall/CPU): 0.130225 1.474986
Time for Wc(i_q=32, i_omega=5) (seconds, Wall/CPU): 0.138141 1.570631
Time for Wc(i_q=32, i_omega=6) (seconds, Wall/CPU): 0.089788 1.039412
Computing Wc(q), 33 / 64, q=(0.000000, 0.000000, 0.500000)
Time to prepare sqrt root of Coulomb for Wc(q) (seconds, Wall/CPU): 0.230560 2.708003
Time to prepare sqrt root of Coulomb for Epsilon(q) (seconds, Wall/CPU): 0.223736 2.625076
Time for Wc(i_q=33, i_omega=1) (seconds, Wall/CPU): 0.136760 1.552841
Time for Wc(i_q=33, i_omega=2) (seconds, Wall/CPU): 0.090980 1.052915
Time for Wc(i_q=33, i_omega=3) (seconds, Wall/CPU): 0.135928 1.544158
Time for Wc(i_q=33, i_omega=4) (seconds, Wall/CPU): 0.090180 1.043345
Time for Wc(i_q=33, i_omega=5) (seconds, Wall/CPU): 0.089483 1.035611
Time for Wc(i_q=33, i_omega=6) (seconds, Wall/CPU): 0.089948 1.041498
Computing Wc(q), 34 / 64, q=(0.250000, 0.000000, 0.500000)
Time to prepare sqrt root of Coulomb for Wc(q) (seconds, Wall/CPU): 0.234024 2.749968
Time to prepare sqrt root of Coulomb for Epsilon(q) (seconds, Wall/CPU): 0.179228 2.139374
Time for Wc(i_q=34, i_omega=1) (seconds, Wall/CPU): 0.146347 1.661486
Time for Wc(i_q=34, i_omega=2) (seconds, Wall/CPU): 0.089087 1.026810
Time for Wc(i_q=34, i_omega=3) (seconds, Wall/CPU): 0.089566 1.037200
Time for Wc(i_q=34, i_omega=4) (seconds, Wall/CPU): 0.089694 1.038679
Time for Wc(i_q=34, i_omega=5) (seconds, Wall/CPU): 0.089690 1.038437
Time for Wc(i_q=34, i_omega=6) (seconds, Wall/CPU): 0.090159 1.045087
Computing Wc(q), 35 / 64, q=(0.500000, 0.000000, 0.500000)
Time to prepare sqrt root of Coulomb for Wc(q) (seconds, Wall/CPU): 0.186902 2.233854
Time to prepare sqrt root of Coulomb for Epsilon(q) (seconds, Wall/CPU): 0.177329 2.119346
Time for Wc(i_q=35, i_omega=1) (seconds, Wall/CPU): 0.089214 1.031949
Time for Wc(i_q=35, i_omega=2) (seconds, Wall/CPU): 0.089986 1.041075
Time for Wc(i_q=35, i_omega=3) (seconds, Wall/CPU): 0.089199 1.032042
Time for Wc(i_q=35, i_omega=4) (seconds, Wall/CPU): 0.089313 1.034149
Time for Wc(i_q=35, i_omega=5) (seconds, Wall/CPU): 0.095328 1.106549
Time for Wc(i_q=35, i_omega=6) (seconds, Wall/CPU): 0.091035 1.056150
Computing Wc(q), 36 / 64, q=(0.750000, 0.000000, 0.500000)
Time to prepare sqrt root of Coulomb for Wc(q) (seconds, Wall/CPU): 0.187039 2.235086
Time to prepare sqrt root of Coulomb for Epsilon(q) (seconds, Wall/CPU): 0.177054 2.114922
Time for Wc(i_q=36, i_omega=1) (seconds, Wall/CPU): 0.089821 1.041013
Time for Wc(i_q=36, i_omega=2) (seconds, Wall/CPU): 0.089576 1.037819
Time for Wc(i_q=36, i_omega=3) (seconds, Wall/CPU): 0.709463 3.799245
Time for Wc(i_q=36, i_omega=4) (seconds, Wall/CPU): 0.090263 1.014950
Time for Wc(i_q=36, i_omega=5) (seconds, Wall/CPU): 0.089208 1.033544
Time for Wc(i_q=36, i_omega=6) (seconds, Wall/CPU): 0.089958 1.042777
Computing Wc(q), 37 / 64, q=(0.000000, 0.250000, 0.500000)
Time to prepare sqrt root of Coulomb for Wc(q) (seconds, Wall/CPU): 0.187112 2.236718
Time to prepare sqrt root of Coulomb for Epsilon(q) (seconds, Wall/CPU): 0.177891 2.126635
Time for Wc(i_q=37, i_omega=1) (seconds, Wall/CPU): 0.088990 1.030538
Time for Wc(i_q=37, i_omega=2) (seconds, Wall/CPU): 0.089168 1.033436
Time for Wc(i_q=37, i_omega=3) (seconds, Wall/CPU): 0.089539 1.037767
Time for Wc(i_q=37, i_omega=4) (seconds, Wall/CPU): 0.089370 1.035695
Time for Wc(i_q=37, i_omega=5) (seconds, Wall/CPU): 0.090392 1.048134
Time for Wc(i_q=37, i_omega=6) (seconds, Wall/CPU): 0.091547 1.061554
Computing Wc(q), 38 / 64, q=(0.250000, 0.250000, 0.500000)
Time to prepare sqrt root of Coulomb for Wc(q) (seconds, Wall/CPU): 0.187520 2.241950
Time to prepare sqrt root of Coulomb for Epsilon(q) (seconds, Wall/CPU): 0.177495 2.121705
Time for Wc(i_q=38, i_omega=1) (seconds, Wall/CPU): 0.090496 1.048407
Time for Wc(i_q=38, i_omega=2) (seconds, Wall/CPU): 0.089632 1.038455
Time for Wc(i_q=38, i_omega=3) (seconds, Wall/CPU): 0.088971 1.031379
Time for Wc(i_q=38, i_omega=4) (seconds, Wall/CPU): 0.090355 1.047828
Time for Wc(i_q=38, i_omega=5) (seconds, Wall/CPU): 0.090735 1.052184
Time for Wc(i_q=38, i_omega=6) (seconds, Wall/CPU): 0.090114 1.043451
Computing Wc(q), 39 / 64, q=(0.500000, 0.250000, 0.500000)
Time to prepare sqrt root of Coulomb for Wc(q) (seconds, Wall/CPU): 0.185770 2.221417
Time to prepare sqrt root of Coulomb for Epsilon(q) (seconds, Wall/CPU): 0.183727 2.196375
Time for Wc(i_q=39, i_omega=1) (seconds, Wall/CPU): 0.092666 1.074424
Time for Wc(i_q=39, i_omega=2) (seconds, Wall/CPU): 0.089586 1.038146
Time for Wc(i_q=39, i_omega=3) (seconds, Wall/CPU): 0.089066 1.031866
Time for Wc(i_q=39, i_omega=4) (seconds, Wall/CPU): 0.090074 1.043716
Time for Wc(i_q=39, i_omega=5) (seconds, Wall/CPU): 0.091328 1.058433
Time for Wc(i_q=39, i_omega=6) (seconds, Wall/CPU): 0.090001 1.043005
Computing Wc(q), 40 / 64, q=(0.750000, 0.250000, 0.500000)
Time to prepare sqrt root of Coulomb for Wc(q) (seconds, Wall/CPU): 0.183372 2.192347
Time to prepare sqrt root of Coulomb for Epsilon(q) (seconds, Wall/CPU): 0.175650 2.099743
Time for Wc(i_q=40, i_omega=1) (seconds, Wall/CPU): 0.094963 1.101395
Time for Wc(i_q=40, i_omega=2) (seconds, Wall/CPU): 0.089363 1.034910
Time for Wc(i_q=40, i_omega=3) (seconds, Wall/CPU): 0.090600 1.049978
Time for Wc(i_q=40, i_omega=4) (seconds, Wall/CPU): 0.089663 1.038738
Time for Wc(i_q=40, i_omega=5) (seconds, Wall/CPU): 0.090667 1.050746
Time for Wc(i_q=40, i_omega=6) (seconds, Wall/CPU): 0.090077 1.043395
Computing Wc(q), 41 / 64, q=(0.000000, 0.500000, 0.500000)
Time to prepare sqrt root of Coulomb for Wc(q) (seconds, Wall/CPU): 0.182930 2.187171
Time to prepare sqrt root of Coulomb for Epsilon(q) (seconds, Wall/CPU): 0.176591 2.111521
Time for Wc(i_q=41, i_omega=1) (seconds, Wall/CPU): 0.090334 1.047077
Time for Wc(i_q=41, i_omega=2) (seconds, Wall/CPU): 1.578017 6.227734
Time for Wc(i_q=41, i_omega=3) (seconds, Wall/CPU): 0.089062 1.001133
Time for Wc(i_q=41, i_omega=4) (seconds, Wall/CPU): 0.089638 1.039166
Time for Wc(i_q=41, i_omega=5) (seconds, Wall/CPU): 0.090503 1.049024
Time for Wc(i_q=41, i_omega=6) (seconds, Wall/CPU): 0.089055 1.032492
Computing Wc(q), 42 / 64, q=(0.250000, 0.500000, 0.500000)
Time to prepare sqrt root of Coulomb for Wc(q) (seconds, Wall/CPU): 0.183345 2.192594
Time to prepare sqrt root of Coulomb for Epsilon(q) (seconds, Wall/CPU): 0.177546 2.123186
Time for Wc(i_q=42, i_omega=1) (seconds, Wall/CPU): 0.091485 1.060633
Time for Wc(i_q=42, i_omega=2) (seconds, Wall/CPU): 0.090534 1.049462
Time for Wc(i_q=42, i_omega=3) (seconds, Wall/CPU): 0.090182 1.045726
Time for Wc(i_q=42, i_omega=4) (seconds, Wall/CPU): 0.089664 1.039314
Time for Wc(i_q=42, i_omega=5) (seconds, Wall/CPU): 0.091888 1.065638
Time for Wc(i_q=42, i_omega=6) (seconds, Wall/CPU): 0.090284 1.046863
Computing Wc(q), 43 / 64, q=(0.500000, 0.500000, 0.500000)
Time to prepare sqrt root of Coulomb for Wc(q) (seconds, Wall/CPU): 0.183082 2.188975
Time to prepare sqrt root of Coulomb for Epsilon(q) (seconds, Wall/CPU): 0.178042 2.128979
Time for Wc(i_q=43, i_omega=1) (seconds, Wall/CPU): 0.091682 1.062427
Time for Wc(i_q=43, i_omega=2) (seconds, Wall/CPU): 0.089754 1.040413
Time for Wc(i_q=43, i_omega=3) (seconds, Wall/CPU): 0.090114 1.045804
Time for Wc(i_q=43, i_omega=4) (seconds, Wall/CPU): 0.090470 1.049831
Time for Wc(i_q=43, i_omega=5) (seconds, Wall/CPU): 0.090518 1.049369
Time for Wc(i_q=43, i_omega=6) (seconds, Wall/CPU): 0.089935 1.043289
Computing Wc(q), 44 / 64, q=(0.750000, 0.500000, 0.500000)
Time to prepare sqrt root of Coulomb for Wc(q) (seconds, Wall/CPU): 0.184121 2.202306
Time to prepare sqrt root of Coulomb for Epsilon(q) (seconds, Wall/CPU): 0.179558 2.147436
Time for Wc(i_q=44, i_omega=1) (seconds, Wall/CPU): 0.090227 1.046688
Time for Wc(i_q=44, i_omega=2) (seconds, Wall/CPU): 0.094297 1.094559
Time for Wc(i_q=44, i_omega=3) (seconds, Wall/CPU): 0.089724 1.040472
Time for Wc(i_q=44, i_omega=4) (seconds, Wall/CPU): 0.090537 1.049848
Time for Wc(i_q=44, i_omega=5) (seconds, Wall/CPU): 0.090425 1.047932
Time for Wc(i_q=44, i_omega=6) (seconds, Wall/CPU): 0.090252 1.046660
Computing Wc(q), 45 / 64, q=(0.000000, 0.750000, 0.500000)
Time to prepare sqrt root of Coulomb for Wc(q) (seconds, Wall/CPU): 0.185907 2.223711
Time to prepare sqrt root of Coulomb for Epsilon(q) (seconds, Wall/CPU): 0.176759 2.111168
Time for Wc(i_q=45, i_omega=1) (seconds, Wall/CPU): 0.089975 1.043278
Time for Wc(i_q=45, i_omega=2) (seconds, Wall/CPU): 0.089413 1.036515
Time for Wc(i_q=45, i_omega=3) (seconds, Wall/CPU): 0.091714 1.062081
Time for Wc(i_q=45, i_omega=4) (seconds, Wall/CPU): 0.090003 1.043784
Time for Wc(i_q=45, i_omega=5) (seconds, Wall/CPU): 0.090352 1.048505
Time for Wc(i_q=45, i_omega=6) (seconds, Wall/CPU): 0.090497 1.049899
Computing Wc(q), 46 / 64, q=(0.250000, 0.750000, 0.500000)
Time to prepare sqrt root of Coulomb for Wc(q) (seconds, Wall/CPU): 0.184346 2.205009
Time to prepare sqrt root of Coulomb for Epsilon(q) (seconds, Wall/CPU): 0.177197 2.119185
Time for Wc(i_q=46, i_omega=1) (seconds, Wall/CPU): 0.090569 1.049341
Time for Wc(i_q=46, i_omega=2) (seconds, Wall/CPU): 0.090133 1.044825
Time for Wc(i_q=46, i_omega=3) (seconds, Wall/CPU): 0.089762 1.041004
Time for Wc(i_q=46, i_omega=4) (seconds, Wall/CPU): 0.092368 1.070405
Time for Wc(i_q=46, i_omega=5) (seconds, Wall/CPU): 0.090382 1.047708
Time for Wc(i_q=46, i_omega=6) (seconds, Wall/CPU): 0.090487 1.050187
Computing Wc(q), 47 / 64, q=(0.500000, 0.750000, 0.500000)
Time to prepare sqrt root of Coulomb for Wc(q) (seconds, Wall/CPU): 0.185649 2.220435
Time to prepare sqrt root of Coulomb for Epsilon(q) (seconds, Wall/CPU): 0.177559 2.123929
Time for Wc(i_q=47, i_omega=1) (seconds, Wall/CPU): 0.089787 1.041491
Time for Wc(i_q=47, i_omega=2) (seconds, Wall/CPU): 0.089999 1.042817
Time for Wc(i_q=47, i_omega=3) (seconds, Wall/CPU): 0.090602 1.049835
Time for Wc(i_q=47, i_omega=4) (seconds, Wall/CPU): 0.090177 1.045798
Time for Wc(i_q=47, i_omega=5) (seconds, Wall/CPU): 0.092060 1.066251
Time for Wc(i_q=47, i_omega=6) (seconds, Wall/CPU): 0.090113 1.045879
Computing Wc(q), 48 / 64, q=(0.750000, 0.750000, 0.500000)
Time to prepare sqrt root of Coulomb for Wc(q) (seconds, Wall/CPU): 0.185724 2.221664
Time to prepare sqrt root of Coulomb for Epsilon(q) (seconds, Wall/CPU): 0.178226 2.131951
Time for Wc(i_q=48, i_omega=1) (seconds, Wall/CPU): 0.090221 1.047157
Time for Wc(i_q=48, i_omega=2) (seconds, Wall/CPU): 0.090202 1.045732
Time for Wc(i_q=48, i_omega=3) (seconds, Wall/CPU): 0.091391 1.059874
Time for Wc(i_q=48, i_omega=4) (seconds, Wall/CPU): 0.091395 1.061003
Time for Wc(i_q=48, i_omega=5) (seconds, Wall/CPU): 0.091780 1.063821
Time for Wc(i_q=48, i_omega=6) (seconds, Wall/CPU): 0.091945 1.065044
Computing Wc(q), 49 / 64, q=(0.000000, 0.000000, 0.750000)
Time to prepare sqrt root of Coulomb for Wc(q) (seconds, Wall/CPU): 0.182202 2.179365
Time to prepare sqrt root of Coulomb for Epsilon(q) (seconds, Wall/CPU): 0.178964 2.139977
Time for Wc(i_q=49, i_omega=1) (seconds, Wall/CPU): 0.090026 1.043522
Time for Wc(i_q=49, i_omega=2) (seconds, Wall/CPU): 0.089455 1.037358
Time for Wc(i_q=49, i_omega=3) (seconds, Wall/CPU): 0.089886 1.042168
Time for Wc(i_q=49, i_omega=4) (seconds, Wall/CPU): 0.090914 1.054528
Time for Wc(i_q=49, i_omega=5) (seconds, Wall/CPU): 0.090974 1.054209
Time for Wc(i_q=49, i_omega=6) (seconds, Wall/CPU): 0.090982 1.055182
Computing Wc(q), 50 / 64, q=(0.250000, 0.000000, 0.750000)
Time to prepare sqrt root of Coulomb for Wc(q) (seconds, Wall/CPU): 0.766028 8.234809
Time to prepare sqrt root of Coulomb for Epsilon(q) (seconds, Wall/CPU): 0.179400 2.143042
Time for Wc(i_q=50, i_omega=1) (seconds, Wall/CPU): 0.096708 1.120601
Time for Wc(i_q=50, i_omega=2) (seconds, Wall/CPU): 0.091232 1.058220
Time for Wc(i_q=50, i_omega=3) (seconds, Wall/CPU): 0.090133 1.045692
Time for Wc(i_q=50, i_omega=4) (seconds, Wall/CPU): 0.090540 1.050212
Time for Wc(i_q=50, i_omega=5) (seconds, Wall/CPU): 0.090198 1.046049
Time for Wc(i_q=50, i_omega=6) (seconds, Wall/CPU): 0.091830 1.065921
Computing Wc(q), 51 / 64, q=(0.500000, 0.000000, 0.750000)
Time to prepare sqrt root of Coulomb for Wc(q) (seconds, Wall/CPU): 0.185538 2.219469
Time to prepare sqrt root of Coulomb for Epsilon(q) (seconds, Wall/CPU): 0.179071 2.140968
Time for Wc(i_q=51, i_omega=1) (seconds, Wall/CPU): 0.090031 1.042941
Time for Wc(i_q=51, i_omega=2) (seconds, Wall/CPU): 0.092199 1.067624
Time for Wc(i_q=51, i_omega=3) (seconds, Wall/CPU): 0.089436 1.037179
Time for Wc(i_q=51, i_omega=4) (seconds, Wall/CPU): 0.091745 1.064473
Time for Wc(i_q=51, i_omega=5) (seconds, Wall/CPU): 0.091999 1.066485
Time for Wc(i_q=51, i_omega=6) (seconds, Wall/CPU): 0.091932 1.067467
Computing Wc(q), 52 / 64, q=(0.750000, 0.000000, 0.750000)
Time to prepare sqrt root of Coulomb for Wc(q) (seconds, Wall/CPU): 0.189866 2.271004
Time to prepare sqrt root of Coulomb for Epsilon(q) (seconds, Wall/CPU): 0.176833 2.114483
Time for Wc(i_q=52, i_omega=1) (seconds, Wall/CPU): 0.090562 1.049564
Time for Wc(i_q=52, i_omega=2) (seconds, Wall/CPU): 0.089858 1.041123
Time for Wc(i_q=52, i_omega=3) (seconds, Wall/CPU): 0.091059 1.055431
Time for Wc(i_q=52, i_omega=4) (seconds, Wall/CPU): 0.089835 1.042158
Time for Wc(i_q=52, i_omega=5) (seconds, Wall/CPU): 0.091660 1.062775
Time for Wc(i_q=52, i_omega=6) (seconds, Wall/CPU): 0.090660 1.051508
Computing Wc(q), 53 / 64, q=(0.000000, 0.250000, 0.750000)
Time to prepare sqrt root of Coulomb for Wc(q) (seconds, Wall/CPU): 0.186552 2.230664
Time to prepare sqrt root of Coulomb for Epsilon(q) (seconds, Wall/CPU): 0.178406 2.133631
Time for Wc(i_q=53, i_omega=1) (seconds, Wall/CPU): 0.089959 1.043016
Time for Wc(i_q=53, i_omega=2) (seconds, Wall/CPU): 0.089628 1.038411
Time for Wc(i_q=53, i_omega=3) (seconds, Wall/CPU): 0.088907 1.029430
Time for Wc(i_q=53, i_omega=4) (seconds, Wall/CPU): 0.092373 1.065409
Time for Wc(i_q=53, i_omega=5) (seconds, Wall/CPU): 0.090946 1.053437
Time for Wc(i_q=53, i_omega=6) (seconds, Wall/CPU): 0.089173 1.033386
Computing Wc(q), 54 / 64, q=(0.250000, 0.250000, 0.750000)
Time to prepare sqrt root of Coulomb for Wc(q) (seconds, Wall/CPU): 0.184807 2.209191
Time to prepare sqrt root of Coulomb for Epsilon(q) (seconds, Wall/CPU): 0.179350 2.143959
Time for Wc(i_q=54, i_omega=1) (seconds, Wall/CPU): 0.089678 1.038517
Time for Wc(i_q=54, i_omega=2) (seconds, Wall/CPU): 0.089378 1.032215
Time for Wc(i_q=54, i_omega=3) (seconds, Wall/CPU): 0.089112 1.031247
Time for Wc(i_q=54, i_omega=4) (seconds, Wall/CPU): 0.088686 1.027008
Time for Wc(i_q=54, i_omega=5) (seconds, Wall/CPU): 0.093130 1.078358
Time for Wc(i_q=54, i_omega=6) (seconds, Wall/CPU): 0.090812 1.051472
Computing Wc(q), 55 / 64, q=(0.500000, 0.250000, 0.750000)
Time to prepare sqrt root of Coulomb for Wc(q) (seconds, Wall/CPU): 0.186358 2.228017
Time to prepare sqrt root of Coulomb for Epsilon(q) (seconds, Wall/CPU): 0.178132 2.129144
Time for Wc(i_q=55, i_omega=1) (seconds, Wall/CPU): 0.089118 1.031460
Time for Wc(i_q=55, i_omega=2) (seconds, Wall/CPU): 0.089628 1.038032
Time for Wc(i_q=55, i_omega=3) (seconds, Wall/CPU): 0.426768 3.544195
Time for Wc(i_q=55, i_omega=4) (seconds, Wall/CPU): 0.089556 1.006736
Time for Wc(i_q=55, i_omega=5) (seconds, Wall/CPU): 0.091739 1.062821
Time for Wc(i_q=55, i_omega=6) (seconds, Wall/CPU): 0.090044 1.043802
Computing Wc(q), 56 / 64, q=(0.750000, 0.250000, 0.750000)
Time to prepare sqrt root of Coulomb for Wc(q) (seconds, Wall/CPU): 0.188089 2.248327
Time to prepare sqrt root of Coulomb for Epsilon(q) (seconds, Wall/CPU): 0.179859 2.150056
Time for Wc(i_q=56, i_omega=1) (seconds, Wall/CPU): 0.089604 1.038402
Time for Wc(i_q=56, i_omega=2) (seconds, Wall/CPU): 0.089717 1.039289
Time for Wc(i_q=56, i_omega=3) (seconds, Wall/CPU): 0.091559 1.059239
Time for Wc(i_q=56, i_omega=4) (seconds, Wall/CPU): 0.090829 1.053019
Time for Wc(i_q=56, i_omega=5) (seconds, Wall/CPU): 0.095367 1.104654
Time for Wc(i_q=56, i_omega=6) (seconds, Wall/CPU): 0.093731 1.087813
Computing Wc(q), 57 / 64, q=(0.000000, 0.500000, 0.750000)
Time to prepare sqrt root of Coulomb for Wc(q) (seconds, Wall/CPU): 0.189706 2.267815
Time to prepare sqrt root of Coulomb for Epsilon(q) (seconds, Wall/CPU): 0.181988 2.175678
Time for Wc(i_q=57, i_omega=1) (seconds, Wall/CPU): 0.090125 1.043892
Time for Wc(i_q=57, i_omega=2) (seconds, Wall/CPU): 0.090085 1.044321
Time for Wc(i_q=57, i_omega=3) (seconds, Wall/CPU): 0.089644 1.039017
Time for Wc(i_q=57, i_omega=4) (seconds, Wall/CPU): 0.090686 1.051226
Time for Wc(i_q=57, i_omega=5) (seconds, Wall/CPU): 0.091750 1.064136
Time for Wc(i_q=57, i_omega=6) (seconds, Wall/CPU): 0.091412 1.060068
Computing Wc(q), 58 / 64, q=(0.250000, 0.500000, 0.750000)
Time to prepare sqrt root of Coulomb for Wc(q) (seconds, Wall/CPU): 0.184261 2.202798
Time to prepare sqrt root of Coulomb for Epsilon(q) (seconds, Wall/CPU): 0.178268 2.131058
Time for Wc(i_q=58, i_omega=1) (seconds, Wall/CPU): 0.090323 1.047148
Time for Wc(i_q=58, i_omega=2) (seconds, Wall/CPU): 0.090221 1.045383
Time for Wc(i_q=58, i_omega=3) (seconds, Wall/CPU): 0.090164 1.045246
Time for Wc(i_q=58, i_omega=4) (seconds, Wall/CPU): 0.090719 1.051809
Time for Wc(i_q=58, i_omega=5) (seconds, Wall/CPU): 0.091624 1.060819
Time for Wc(i_q=58, i_omega=6) (seconds, Wall/CPU): 0.090879 1.053460
Computing Wc(q), 59 / 64, q=(0.500000, 0.500000, 0.750000)
Time to prepare sqrt root of Coulomb for Wc(q) (seconds, Wall/CPU): 0.188652 2.255262
Time to prepare sqrt root of Coulomb for Epsilon(q) (seconds, Wall/CPU): 0.179665 2.147969
Time for Wc(i_q=59, i_omega=1) (seconds, Wall/CPU): 0.090570 1.049344
Time for Wc(i_q=59, i_omega=2) (seconds, Wall/CPU): 0.090312 1.047194
Time for Wc(i_q=59, i_omega=3) (seconds, Wall/CPU): 0.090228 1.045375
Time for Wc(i_q=59, i_omega=4) (seconds, Wall/CPU): 0.090516 1.049105
Time for Wc(i_q=59, i_omega=5) (seconds, Wall/CPU): 0.091397 1.059898
Time for Wc(i_q=59, i_omega=6) (seconds, Wall/CPU): 0.092163 1.066606
Computing Wc(q), 60 / 64, q=(0.750000, 0.500000, 0.750000)
Time to prepare sqrt root of Coulomb for Wc(q) (seconds, Wall/CPU): 0.185825 2.221065
Time to prepare sqrt root of Coulomb for Epsilon(q) (seconds, Wall/CPU): 0.175793 2.101270
Time for Wc(i_q=60, i_omega=1) (seconds, Wall/CPU): 0.089281 1.034491
Time for Wc(i_q=60, i_omega=2) (seconds, Wall/CPU): 0.090495 1.048878
Time for Wc(i_q=60, i_omega=3) (seconds, Wall/CPU): 0.089171 1.033402
Time for Wc(i_q=60, i_omega=4) (seconds, Wall/CPU): 0.728532 3.823991
Time for Wc(i_q=60, i_omega=5) (seconds, Wall/CPU): 0.144413 1.614467
Time for Wc(i_q=60, i_omega=6) (seconds, Wall/CPU): 0.089378 1.034951
Computing Wc(q), 61 / 64, q=(0.000000, 0.750000, 0.750000)
Time to prepare sqrt root of Coulomb for Wc(q) (seconds, Wall/CPU): 0.227587 2.720757
Time to prepare sqrt root of Coulomb for Epsilon(q) (seconds, Wall/CPU): 0.224310 2.679477
Time for Wc(i_q=61, i_omega=1) (seconds, Wall/CPU): 0.089052 1.030597
Time for Wc(i_q=61, i_omega=2) (seconds, Wall/CPU): 0.135864 1.544940
Time for Wc(i_q=61, i_omega=3) (seconds, Wall/CPU): 0.133318 1.513558
Time for Wc(i_q=61, i_omega=4) (seconds, Wall/CPU): 0.092453 1.070556
Time for Wc(i_q=61, i_omega=5) (seconds, Wall/CPU): 0.137933 1.562423
Time for Wc(i_q=61, i_omega=6) (seconds, Wall/CPU): 0.136630 1.592412
Computing Wc(q), 62 / 64, q=(0.250000, 0.750000, 0.750000)
Time to prepare sqrt root of Coulomb for Wc(q) (seconds, Wall/CPU): 0.224886 2.679043
Time to prepare sqrt root of Coulomb for Epsilon(q) (seconds, Wall/CPU): 0.227408 2.698477
Time for Wc(i_q=62, i_omega=1) (seconds, Wall/CPU): 0.089517 1.031732
Time for Wc(i_q=62, i_omega=2) (seconds, Wall/CPU): 0.088752 1.024662
Time for Wc(i_q=62, i_omega=3) (seconds, Wall/CPU): 0.089423 1.033549
Time for Wc(i_q=62, i_omega=4) (seconds, Wall/CPU): 0.089150 1.031738
Time for Wc(i_q=62, i_omega=5) (seconds, Wall/CPU): 0.091050 1.054153
Time for Wc(i_q=62, i_omega=6) (seconds, Wall/CPU): 0.089096 1.031871
Computing Wc(q), 63 / 64, q=(0.500000, 0.750000, 0.750000)
Time to prepare sqrt root of Coulomb for Wc(q) (seconds, Wall/CPU): 0.183404 2.189203
Time to prepare sqrt root of Coulomb for Epsilon(q) (seconds, Wall/CPU): 0.179798 2.147896
Time for Wc(i_q=63, i_omega=1) (seconds, Wall/CPU): 0.089393 1.034222
Time for Wc(i_q=63, i_omega=2) (seconds, Wall/CPU): 0.088542 1.023829
Time for Wc(i_q=63, i_omega=3) (seconds, Wall/CPU): 0.088878 1.028733
Time for Wc(i_q=63, i_omega=4) (seconds, Wall/CPU): 0.089291 1.034392
Time for Wc(i_q=63, i_omega=5) (seconds, Wall/CPU): 0.090894 1.052250
Time for Wc(i_q=63, i_omega=6) (seconds, Wall/CPU): 0.089427 1.035544
Computing Wc(q), 64 / 64, q=(0.750000, 0.750000, 0.750000)
Time to prepare sqrt root of Coulomb for Wc(q) (seconds, Wall/CPU): 0.183341 2.190631
Time to prepare sqrt root of Coulomb for Epsilon(q) (seconds, Wall/CPU): 0.187171 2.234221
Time for Wc(i_q=64, i_omega=1) (seconds, Wall/CPU): 0.090432 1.046498
Time for Wc(i_q=64, i_omega=2) (seconds, Wall/CPU): 0.089112 1.031852
Time for Wc(i_q=64, i_omega=3) (seconds, Wall/CPU): 0.089416 1.034412
Time for Wc(i_q=64, i_omega=4) (seconds, Wall/CPU): 0.089486 1.035916
Time for Wc(i_q=64, i_omega=5) (seconds, Wall/CPU): 0.090681 1.050573
Time for Wc(i_q=64, i_omega=6) (seconds, Wall/CPU): 0.091525 1.060421
Time for Wc computation (seconds, Wall/CPU): 68.943999 752.793600
Calculating correlation self-energy by space-time method
Using real tensor
Converting Wc(q,w) -> W(R,t)
Converting Wc q,w -> R,t
Done converting Wc(q,w) -> Wc(R,w)
Done converting Wc q,w -> R,t
Time for Fourier transform of Wc in GW (seconds, Wall/CPU): 4.834250 36.010032
Time for LibRI G0W0 setup (seconds, Wall/CPU): 0.493276 3.435710
Time for Green's function, i_spin 1 i_tau 1 (seconds, Wall/CPU): 0.015433 0.015380
Task    3. libRI G0W0, spin 0, time grid     0.089856. Wc size 64, GF size 64. Wall time 0.623806
Task    1. libRI G0W0, spin 0, time grid     0.089856. Wc size 64, GF size 64. Wall time 1.716169
Task    2. libRI G0W0, spin 0, time grid     0.089856. Wc size 64, GF size 64. Wall time 2.576265
Task    0. libRI G0W0, spin 0, time grid     0.089856. Wc size 64, GF size 64. Wall time 3.415378
Task    3. libRI G0W0, spin 0, time grid    -0.089856. Wc size 64, GF size 64. Wall time 3.389509
Task    1. libRI G0W0, spin 0, time grid    -0.089856. Wc size 64, GF size 64. Wall time 3.402525
Task    2. libRI G0W0, spin 0, time grid    -0.089856. Wc size 64, GF size 64. Wall time 3.382628
Task    0. libRI G0W0, spin 0, time grid    -0.089856. Wc size 64, GF size 64. Wall time 3.383588
Time for Green's function, i_spin 1 i_tau 2 (seconds, Wall/CPU): 0.014971 0.014915
Task    3. libRI G0W0, spin 0, time grid     0.590263. Wc size 64, GF size 64. Wall time 0.465789
Task    1. libRI G0W0, spin 0, time grid     0.590263. Wc size 64, GF size 64. Wall time 1.811737
Task    2. libRI G0W0, spin 0, time grid     0.590263. Wc size 64, GF size 64. Wall time 2.843160
Task    0. libRI G0W0, spin 0, time grid     0.590263. Wc size 64, GF size 64. Wall time 3.603291
Task    3. libRI G0W0, spin 0, time grid    -0.590263. Wc size 64, GF size 64. Wall time 3.309473
Task    1. libRI G0W0, spin 0, time grid    -0.590263. Wc size 64, GF size 64. Wall time 3.330143
Task    2. libRI G0W0, spin 0, time grid    -0.590263. Wc size 64, GF size 64. Wall time 3.282007
Task    0. libRI G0W0, spin 0, time grid    -0.590263. Wc size 64, GF size 64. Wall time 3.374719
Time for Green's function, i_spin 1 i_tau 3 (seconds, Wall/CPU): 0.015107 0.015073
Task    3. libRI G0W0, spin 0, time grid     2.129784. Wc size 64, GF size 64. Wall time 0.496966
Task    1. libRI G0W0, spin 0, time grid     2.129784. Wc size 64, GF size 64. Wall time 1.649445
Task    2. libRI G0W0, spin 0, time grid     2.129784. Wc size 64, GF size 64. Wall time 2.588423
Task    0. libRI G0W0, spin 0, time grid     2.129784. Wc size 64, GF size 64. Wall time 3.358040
Task    3. libRI G0W0, spin 0, time grid    -2.129784. Wc size 64, GF size 64. Wall time 3.339140
Task    1. libRI G0W0, spin 0, time grid    -2.129784. Wc size 64, GF size 64. Wall time 3.381891
Task    2. libRI G0W0, spin 0, time grid    -2.129784. Wc size 64, GF size 64. Wall time 3.332641
Task    0. libRI G0W0, spin 0, time grid    -2.129784. Wc size 64, GF size 64. Wall time 3.378959
Time for Green's function, i_spin 1 i_tau 4 (seconds, Wall/CPU): 0.014610 0.014562
Task    3. libRI G0W0, spin 0, time grid     6.365317. Wc size 64, GF size 64. Wall time 0.455480
Task    1. libRI G0W0, spin 0, time grid     6.365317. Wc size 64, GF size 64. Wall time 1.630356
Task    2. libRI G0W0, spin 0, time grid     6.365317. Wc size 64, GF size 64. Wall time 2.645948
Task    0. libRI G0W0, spin 0, time grid     6.365317. Wc size 64, GF size 64. Wall time 3.292888
Task    3. libRI G0W0, spin 0, time grid    -6.365317. Wc size 64, GF size 64. Wall time 3.304089
Task    1. libRI G0W0, spin 0, time grid    -6.365317. Wc size 64, GF size 64. Wall time 3.315951
Task    2. libRI G0W0, spin 0, time grid    -6.365317. Wc size 64, GF size 64. Wall time 3.290838
Task    0. libRI G0W0, spin 0, time grid    -6.365317. Wc size 64, GF size 64. Wall time 3.368733
Time for Green's function, i_spin 1 i_tau 5 (seconds, Wall/CPU): 0.015359 0.015303
Task    3. libRI G0W0, spin 0, time grid    17.100215. Wc size 64, GF size 64. Wall time 0.490958
Task    1. libRI G0W0, spin 0, time grid    17.100215. Wc size 64, GF size 64. Wall time 1.621237
Task    2. libRI G0W0, spin 0, time grid    17.100215. Wc size 64, GF size 64. Wall time 2.582690
Task    0. libRI G0W0, spin 0, time grid    17.100215. Wc size 64, GF size 64. Wall time 3.444185
Task    3. libRI G0W0, spin 0, time grid   -17.100215. Wc size 64, GF size 64. Wall time 3.349256
Task    1. libRI G0W0, spin 0, time grid   -17.100215. Wc size 64, GF size 64. Wall time 3.349666
Task    2. libRI G0W0, spin 0, time grid   -17.100215. Wc size 64, GF size 64. Wall time 3.305701
Task    0. libRI G0W0, spin 0, time grid   -17.100215. Wc size 64, GF size 64. Wall time 3.366117
Time for Green's function, i_spin 1 i_tau 6 (seconds, Wall/CPU): 0.014832 0.014775
Task    3. libRI G0W0, spin 0, time grid    43.507954. Wc size 64, GF size 64. Wall time 0.527478
Task    1. libRI G0W0, spin 0, time grid    43.507954. Wc size 64, GF size 64. Wall time 1.673964
Task    2. libRI G0W0, spin 0, time grid    43.507954. Wc size 64, GF size 64. Wall time 2.555462
Task    0. libRI G0W0, spin 0, time grid    43.507954. Wc size 64, GF size 64. Wall time 3.351362
Task    3. libRI G0W0, spin 0, time grid   -43.507954. Wc size 64, GF size 64. Wall time 3.308404
Task    1. libRI G0W0, spin 0, time grid   -43.507954. Wc size 64, GF size 64. Wall time 3.355942
Task    2. libRI G0W0, spin 0, time grid   -43.507954. Wc size 64, GF size 64. Wall time 3.351652
Task    0. libRI G0W0, spin 0, time grid   -43.507954. Wc size 64, GF size 64. Wall time 3.377142
Task    3: tensor communicate elapsed time: 2.916012
Task    0: tensor communicate elapsed time: 0.002043
Task    1: tensor communicate elapsed time: 1.738902
Task    2: tensor communicate elapsed time: 0.787253
Printing quasi-particle energy [unit: eV]

spin  1, k-point    1: (0.00000, 0.00000, 0.00000) 
----------------------------------------------------------------------------------------------------------------------------
State              occ             e_mf             v_xc            v_exx           ReSigc           ImSigc             e_qp
----------------------------------------------------------------------------------------------------------------------------
    1          2.00000         -5.57228        -10.49555         -1.52701        -25.19401          2.83873        -21.79774
    2          2.00000          6.43252        -11.44423         -1.45766         -9.31893          1.19555          7.10016
    3          2.00000          6.43252        -11.44423         -1.55395         -6.79714          1.20482          9.52566
    4          2.00000          6.43252        -11.44423         -1.59352         -6.81886          1.20288          9.46437
    5          0.00000          9.14777        -10.17076         -1.30383         -3.24896          0.81053         14.76573
    6          0.00000          9.14777        -10.17076         -1.33715         -3.07473          0.76352         14.90665
    7          0.00000          9.14777        -10.17076         -1.36779         -5.42827          1.14652         12.52247
    8          0.00000         10.03126        -11.27347         -5.43098        -12.94611          1.58003          2.92764
    9          0.00000         14.86765        -10.56235         -0.53305         -2.71021          0.72039         22.18674
   10          0.00000         14.86765        -10.56235         -0.52219         -2.27269          0.60321         22.63513
   11          0.00000         18.67199         -7.52132         -1.13564        -12.86482          2.61139         12.19286
   12          0.00000         22.43443        -10.49410         -0.98639         -3.66971          1.10821         28.27243
   13          0.00000         22.43443        -10.49410         -1.02603         -3.41377          1.04121         28.48873
   14          0.00000         22.43443        -10.49410         -1.01947         -3.45532          1.03862         28.45374
   15          0.00000         31.44624        -11.15111         -1.10655         -3.39168          1.12855         38.09913
   16          0.00000         31.44624        -11.15111         -1.13651         -4.14953          1.37628         37.31130
   17          0.00000         33.84928        -11.52242         -2.41729         -5.33939          2.06019         37.61502
   18          0.00000         33.84928        -11.52242         -2.61416         -6.13291          2.41485         36.62464
   19          0.00000         33.84928        -11.52242         -2.58889         -5.21403          2.03321         37.56879
   20          0.00000         66.49788         -8.86229        -10.78463        -14.91220          8.62907         49.66333
   21          0.00000         66.49788         -8.86229        -10.60105        -35.67106         11.60985         29.08806
   22          0.00000         66.49788         -8.86229        -12.54214        -39.52611         11.67209         23.29191
   23          0.00000        102.50418         -8.66275        -62.23802       -114.87373         -1.53760        -65.94482
   24          0.00000        119.02673         -9.59573        -26.02817        -61.21451         30.03835         41.37979
   25          0.00000        119.02673         -9.59573        -26.43597        -61.21070         29.27348         40.97579
   26          0.00000        119.02673         -9.59573        -29.89818       -109.90237         10.51248        -11.17809

spin  1, k-point    2: (0.25000, 0.00000, 0.00000) 
----------------------------------------------------------------------------------------------------------------------------
State              occ             e_mf             v_xc            v_exx           ReSigc           ImSigc             e_qp
----------------------------------------------------------------------------------------------------------------------------
    1          2.00000         -4.77928        -10.56682         -1.55914        -23.13900          2.70184        -18.91060
    2          2.00000          2.46681        -10.71511         -1.59747         -8.27603          1.08334          3.30841
    3          2.00000          5.67616        -11.18900         -1.44123         -8.61472          1.09072          6.80921
    4          2.00000          5.67616        -11.18900         -1.51676         -7.06344          1.08733          8.28495
    5          0.00000          8.63478        -10.25653         -2.50414         -8.30849          1.29352          8.07867
    6          0.00000         10.17911        -10.31268         -1.33758         -3.54793          0.88607         15.60627
    7          0.00000         10.17911        -10.31268         -1.28883         -4.58817          1.09691         14.61478
    8          0.00000         13.81678        -11.04125         -3.76824         -8.92469          2.01179         12.16510
    9          0.00000         14.75116        -10.46682         -0.58699         -2.35499          0.62418         22.27601
   10          0.00000         14.75116        -10.46682         -0.60765         -2.79033          0.73970         21.82000
   11          0.00000         19.86471         -8.98990         -1.30148         -7.58803          2.11568         19.96510
   12          0.00000         22.88256        -10.04327         -1.42078         -7.75143          2.36478         23.75362
   13          0.00000         23.26860        -10.81753         -1.08689         -3.64019          1.13602         29.35904
   14          0.00000         23.26860        -10.81753         -1.12101         -3.76412          1.16761         29.20100
   15          0.00000         29.52495        -11.09741         -1.34314         -3.47018          1.17670         35.80904
   16          0.00000         29.52495        -11.09741         -1.34028         -4.28562          1.46240         34.99647
   17          0.00000         31.47475        -10.85489         -2.91791         -5.76993          2.26013         33.64179
   18          0.00000         33.94730        -11.45008         -2.15120         -5.05430          1.92753         38.19188
   19          0.00000         33.94730        -11.45008         -2.22501         -5.41416          2.06738         37.75820
   20          0.00000         43.25073         -8.82168         -3.05886        -11.49403          4.65528         37.51952
   21          0.00000         61.37610         -8.90690         -7.47994        -10.11872          6.07864         52.68434
   22          0.00000         61.37610         -8.90690         -8.86185        -24.59016          9.91991         36.83100
   23          0.00000         98.45767         -8.92023        -21.31658        -32.51661         21.42944         53.54471
   24          0.00000         98.45767         -8.92023        -25.89532        -75.62345          9.54182          5.85913
   25          0.00000        104.79874         -8.40792        -70.59667       -109.99723         -2.84896        -67.38724
   26          0.00000        154.04756         -8.52196        -82.12790       -123.09795          4.19627        -42.65633

spin  1, k-point    3: (0.50000, 0.00000, 0.00000) 
----------------------------------------------------------------------------------------------------------------------------
State              occ             e_mf             v_xc            v_exx           ReSigc           ImSigc             e_qp
----------------------------------------------------------------------------------------------------------------------------
    1          2.00000         -3.24597        -10.89501         -1.71415        -17.99621          2.23431        -12.06131
    2          2.00000         -0.60442        -10.18709         -1.28997        -12.98853          1.67462         -4.69583
    3          2.00000          5.24068        -11.14639         -1.44034         -8.76695          1.08313          6.17977
    4          2.00000          5.24068        -11.14639         -1.49775         -6.37345          1.02986          8.51587
    5          0.00000          8.10635        -10.16833         -2.40472         -8.42077          1.18096          7.44920
    6          0.00000         10.17233        -10.09528         -1.10146         -3.39487          0.86061         15.77129
    7          0.00000         10.17233        -10.09528         -1.13296         -3.20637          0.80031         15.92828
    8          0.00000         17.54714        -10.43599         -2.33704         -5.27075          1.54085         20.37533
    9          0.00000         18.00411        -10.74666         -0.64973         -2.88276          0.80277         25.21828
   10          0.00000         18.00411        -10.74666         -0.69121         -3.04590          0.85843         25.01366
   11          0.00000         18.35794        -10.12175         -2.26141         -4.87993          1.54028         21.33835
   12          0.00000         19.73062        -10.83902         -1.39697         -3.01535          0.95067         26.15733
   13          0.00000         19.73062        -10.83902         -1.39975         -3.32066          1.02807         25.84923
   14          0.00000         26.53272        -10.66032         -2.25082         -5.59144          1.98147         29.35078
   15          0.00000         28.45919         -9.87907         -2.76398         -7.77435          2.78988         27.79993
   16          0.00000         29.64895        -11.06737         -1.14679         -3.47165          1.11757         36.09788
   17          0.00000         29.64895        -11.06737         -1.12355         -4.54805          1.52149         35.04472
   18          0.00000         33.61285        -11.46380         -2.16311         -5.44564          2.02570         37.46791
   19          0.00000         33.61285        -11.46380         -2.18608         -4.69287          1.81953         38.19770
   20          0.00000         36.43095         -8.38342         -1.83762         -4.77291          1.99135         38.20384
   21          0.00000         62.18153         -8.74398         -5.83660        -10.90140          6.11109         54.18751
   22          0.00000         62.18153         -8.74398         -7.16263        -22.96848          9.38405         40.79440
   23          0.00000         73.25900         -8.77324        -16.65984        -21.30510         11.45959         44.06729
   24          0.00000         73.25900         -8.77324        -15.27277        -19.40842         11.42788         47.35104
   25          0.00000        106.59377         -7.80404        -53.54508       -106.48981          3.14716        -45.63708
   26          0.00000        145.62642         -8.49134       -177.51885        -98.12140        -17.85864       -121.52248

spin  1, k-point    4: (0.75000, 0.00000, 0.00000) 
----------------------------------------------------------------------------------------------------------------------------
State              occ             e_mf             v_xc            v_exx           ReSigc           ImSigc             e_qp
----------------------------------------------------------------------------------------------------------------------------
    1          2.00000         -4.77928        -10.56682         -1.55914        -23.13900          2.70184        -18.91060
    2          2.00000          2.46681        -10.71511         -1.59747         -8.27603          1.08334          3.30841
    3          2.00000          5.67616        -11.18900         -1.44402         -8.42774          1.08579          6.99340
    4          2.00000          5.67616        -11.18900         -1.51397         -7.28672          1.08317          8.06447
    5          0.00000          8.63478        -10.25653         -2.50414         -8.30849          1.29352          8.07867
    6          0.00000         10.17911        -10.31268         -1.28691         -4.43226          1.07348         14.77261
    7          0.00000         10.17911        -10.31268         -1.33951         -3.70541          0.91292         15.44687
    8          0.00000         13.81678        -11.04125         -3.76824         -8.92469          2.01179         12.16510
    9          0.00000         14.75116        -10.46682         -0.60370         -2.75590          0.73140         21.85838
   10          0.00000         14.75116        -10.46682         -0.59094         -2.38950          0.63272         22.23754
   11          0.00000         19.86471         -8.98990         -1.30148         -7.58803          2.11568         19.96510
   12          0.00000         22.88256        -10.04327         -1.42078         -7.75143          2.36478         23.75362
   13          0.00000         23.26860        -10.81753         -1.08598         -3.63453          1.13495         29.36562
   14          0.00000         23.26860        -10.81753         -1.12192         -3.76978          1.16866         29.19443
   15          0.00000         29.52495        -11.09741         -1.33884         -3.48208          1.18240         35.80145
   16          0.00000         29.52495        -11.09741         -1.34458         -4.27379          1.45690         35.00399
   17          0.00000         31.47475        -10.85489         -2.91791         -5.76993          2.26013         33.64179
   18          0.00000         33.94730        -11.45008         -2.13621         -5.12992          1.92777         38.13125
   19          0.00000         33.94730        -11.45008         -2.24001         -5.33924          2.06691         37.81813
   20          0.00000         43.25073         -8.82168         -3.05886        -11.49403          4.65528         37.51952
   21          0.00000         61.37610         -8.90690         -7.50225         -9.93871          5.99157         52.84205
   22          0.00000         61.37610         -8.90690         -8.83954        -24.75255          9.96371         36.69091
   23          0.00000         98.45767         -8.92023        -21.34478        -32.00378         21.34024         54.02934
   24          0.00000         98.45767         -8.92023        -25.86712        -75.80195          9.57678          5.70883
   25          0.00000        104.79874         -8.40792        -70.59667       -109.99723         -2.84896        -67.38724
   26          0.00000        154.04756         -8.52196        -82.12790       -123.09795          4.19627        -42.65633

spin  1, k-point    5: (0.00000, 0.25000, 0.00000) 
----------------------------------------------------------------------------------------------------------------------------
State              occ             e_mf             v_xc            v_exx           ReSigc           ImSigc             e_qp
----------------------------------------------------------------------------------------------------------------------------
    1          2.00000         -4.77928        -10.56682         -1.54172        -23.31349          2.70724        -19.06767
    2          2.00000          2.46681        -10.71511         -1.54989        -10.41398          1.35486          1.21805
    3          2.00000          5.67616        -11.18900         -1.47541         -6.50864          1.09696          8.88111
    4          2.00000          5.67616        -11.18900         -1.54477         -6.17825          1.07587          9.14213
    5          0.00000          8.63478        -10.25653         -2.39684         -8.26044          1.31098          8.23403
    6          0.00000         10.17911        -10.31268         -1.28516         -3.30021          0.84614         15.90641
    7          0.00000         10.17911        -10.31268         -1.34204         -3.73919          0.93678         15.41056
    8          0.00000         13.81678        -11.04125         -3.81206         -8.96089          2.02681         12.08508
    9          0.00000         14.75116        -10.46682         -0.60694         -2.55548          0.68557         22.05556
   10          0.00000         14.75116        -10.46682         -0.61360         -2.68181          0.71320         21.92257
   11          0.00000         19.86471         -8.98990         -1.25420         -7.34627          2.06922         20.25414
   12          0.00000         22.88256        -10.04327         -1.42466         -8.47461          2.53025         23.02655
   13          0.00000         23.26860        -10.81753         -1.12016         -4.00948          1.24298         28.95649
   14          0.00000         23.26860        -10.81753         -1.07453         -3.71948          1.14258         29.29212
   15          0.00000         29.52495        -11.09741         -1.35052         -3.85744          1.32336         35.41440
   16          0.00000         29.52495        -11.09741         -1.34346         -3.70602          1.23776         35.57288
   17          0.00000         31.47475        -10.85489         -2.83063         -5.20293          2.06454         34.29608
   18          0.00000         33.94730        -11.45008         -2.27683         -5.44824          2.12399         37.67231
   19          0.00000         33.94730        -11.45008         -2.31855         -4.95881          1.91544         38.12002
   20          0.00000         43.25073         -8.82168         -3.28001        -13.90082          5.35037         34.89158
   21          0.00000         61.37610         -8.90690         -7.57439        -13.32502          7.06396         49.38360
   22          0.00000         61.37610         -8.90690         -7.16304        -16.86311          8.09143         46.25686
   23          0.00000         98.45767         -8.92023        -21.42679        -43.28505         21.87039         42.66606
   24          0.00000         98.45767         -8.92023        -21.01824        -66.87893         19.34087         19.48073
   25          0.00000        104.79874         -8.40792        -70.84785       -107.71864         -2.60733        -65.35983
   26          0.00000        154.04756         -8.52196        -88.80260       -147.20874         -3.02981        -73.44182

spin  1, k-point    6: (0.25000, 0.25000, 0.00000) 
----------------------------------------------------------------------------------------------------------------------------
State              occ             e_mf             v_xc            v_exx           ReSigc           ImSigc             e_qp
----------------------------------------------------------------------------------------------------------------------------
    1          2.00000         -4.49597        -10.57953         -1.54272        -23.59048          2.73734        -19.04964
    2          2.00000          2.87515        -11.24421         -2.04915        -12.23857          1.55046         -0.16836
    3          2.00000          4.54671        -10.81595         -1.35285         -5.84027          0.91609          8.16954
    4          2.00000          4.54671        -10.81595         -1.26679         -6.26782          0.91233          7.82805
    5          0.00000          7.79317         -9.57197         -1.39038         -5.04627          0.99657         10.92850
    6          0.00000         10.49903        -10.14524         -2.01980         -5.72544          1.31424         12.89904
    7          0.00000         12.37593        -10.71478         -1.39704         -3.65178          1.00432         18.04188
    8          0.00000         12.37593        -10.71478         -1.45455         -3.89854          1.02775         17.73761
    9          0.00000         15.31673        -11.12232         -3.35935         -7.59227          2.02735         15.48743
   10          0.00000         16.37693        -10.63637         -0.57500         -2.26504          0.62108         24.17325
   11          0.00000         21.14876         -8.72512         -1.24124        -13.21571          3.07080         15.41694
   12          0.00000         21.92840        -10.75257         -1.11378         -3.72021          1.14423         27.84698
   13          0.00000         21.92840        -10.75257         -1.11489         -3.90227          1.19258         27.66380
   14          0.00000         25.86964        -10.84634         -1.18967         -4.18603          1.36402         31.34028
   15          0.00000         27.84954        -11.06395         -0.99278         -2.84049          0.88117         35.08022
   16          0.00000         29.33351        -10.95148         -1.86914         -4.84389          1.70879         33.57196
   17          0.00000         31.74290        -11.01979         -2.43028         -5.38758          2.02468         34.94484
   18          0.00000         31.74290        -11.01979         -2.43482         -5.14077          1.94808         35.18711
   19          0.00000         34.49169        -11.26991         -2.63637         -6.13065          2.47601         36.99458
   20          0.00000         45.06782         -9.17538         -3.08157         -7.39978          3.21671         43.76185
   21          0.00000         45.06782         -9.17538         -3.08581         -6.60302          2.93111         44.55437
   22          0.00000         58.89518         -8.57884        -10.82012        -49.92062          5.60584          6.73328
   23          0.00000         78.92188         -8.56556        -17.76620        -67.04673          8.62465          2.67451
   24          0.00000        112.21892         -8.32367        -84.85762        -94.49892         -2.69691        -58.81396
   25          0.00000        136.81429         -8.92929        -45.17952        -66.78450         31.39150         33.77956
   26          0.00000        136.81429         -8.92929        -44.58018        -79.09154         28.30522         22.07187

spin  1, k-point    7: (0.50000, 0.25000, 0.00000) 
----------------------------------------------------------------------------------------------------------------------------
State              occ             e_mf             v_xc            v_exx           ReSigc           ImSigc             e_qp
----------------------------------------------------------------------------------------------------------------------------
    1          2.00000         -2.86108        -10.81794         -1.66348        -18.80186          2.32187        -12.50849
    2          2.00000         -0.00280        -10.77890         -1.60328        -13.45146          1.72143         -4.27864
    3          2.00000          2.85933        -10.22910         -1.18278         -8.79892          1.14969          3.10673
    4          2.00000          4.23357        -10.80118         -1.34047         -6.06717          0.87110          7.62710
    5          0.00000          8.36364         -9.64310         -1.46835         -5.19606          1.06512         11.34232
    6          0.00000         11.46322        -10.07726         -1.39520         -3.88508          1.00743         16.26020
    7          0.00000         12.54686        -10.65892         -2.11839         -5.49091          1.42386         15.59649
    8          0.00000         12.81080        -10.48205         -1.30058         -3.26770          0.90472         18.72457
    9          0.00000         17.54453        -10.55274         -1.99863         -4.39465          1.33960         21.70399
   10          0.00000         18.04929        -10.73587         -0.91524         -3.14318          0.91144         24.72674
   11          0.00000         20.10470        -10.98063         -2.30783         -5.30419          1.69503         23.47331
   12          0.00000         20.12885        -10.88596         -1.13521         -2.96638          0.91325         26.91322
   13          0.00000         25.53207        -10.41257         -1.40048         -6.80854          2.20637         27.73562
   14          0.00000         25.93297        -10.93270         -1.34226         -3.71966          1.22727         31.80374
   15          0.00000         26.50860        -11.04454         -1.05730         -3.56967          1.12200         32.92616
   16          0.00000         27.41879        -10.09553         -1.36200         -4.58352          1.54381         31.56880
   17          0.00000         29.26042        -10.36919         -2.51448         -5.62785          2.13887         31.48729
   18          0.00000         31.57104        -10.74474         -1.40601         -4.42905          1.56423         36.48072
   19          0.00000         32.77361        -11.27360         -2.20963         -5.01641          1.87777         36.82118
   20          0.00000         37.64414         -9.94558         -3.18166         -6.03147          2.59021         38.37659
   21          0.00000         43.37743         -8.78219         -2.72211         -5.81660          2.51690         43.62091
   22          0.00000         46.85529         -8.31089         -6.71232        -13.70369          5.99574         34.75017
   23          0.00000         93.23360         -8.52701        -27.22576        -55.19428         17.61454         19.34058
   24          0.00000        105.50423         -9.03807        -30.02312        -36.73370         22.61386         47.78548
   25          0.00000        116.12146         -8.58773        -57.63594        -89.56081          7.10040        -22.48755
   26          0.00000        136.19953         -9.08466       -130.06419        -89.12549         -7.94152        -73.90549

spin  1, k-point    8: (0.75000, 0.25000, 0.00000) 
----------------------------------------------------------------------------------------------------------------------------
State              occ             e_mf             v_xc            v_exx           ReSigc           ImSigc             e_qp
----------------------------------------------------------------------------------------------------------------------------
    1          2.00000         -3.53850        -10.71731         -1.61455        -19.33336          2.36611        -13.76909
    2          2.00000          0.90691        -10.93568         -1.70791        -12.38627          1.58769         -2.25159
    3          2.00000          2.63481        -10.05497         -1.12714         -8.11207          1.06947          3.45056
    4          2.00000          5.10631        -11.04833         -1.44062         -6.19034          1.01268          8.52369
    5          0.00000          9.31447        -10.02074         -1.78652         -5.68368          1.22589         11.86501
    6          0.00000         11.53392        -10.35827         -1.44665         -3.34850          0.90867         17.09704
    7          0.00000         11.79363        -10.41900         -1.28319         -4.77928          1.18296         16.15016
    8          0.00000         13.49998        -10.62910         -2.66659         -7.20673          1.73738         14.25575
    9          0.00000         13.89590        -10.33345         -0.53769         -2.46555          0.63647         21.22611
   10          0.00000         16.84323        -10.36496         -1.69920         -3.56289          1.09543         21.94609
   11          0.00000         20.69468        -11.09984         -1.84863         -4.01891          1.32747         25.92698
   12          0.00000         23.84030        -11.03163         -1.86820         -5.12202          1.71710         27.88171
   13          0.00000         24.49870         -9.45142         -0.98609         -7.21690          2.25962         25.74714
   14          0.00000         24.68001        -10.97832         -0.98519         -3.66724          1.13026         31.00591
   15          0.00000         27.06950        -11.14155         -1.52308         -3.77714          1.26729         32.91085
   16          0.00000         27.85496         -9.90445         -1.88782         -4.59168          1.68582         31.27992
   17          0.00000         28.88722        -10.94538         -1.15144         -4.06595          1.33709         34.61521
   18          0.00000         30.48438        -11.09568         -2.54192         -5.24732          2.02114         33.79083
   19          0.00000         34.35189        -11.45281         -2.15814         -4.96092          1.87881         38.68563
   20          0.00000         39.48798         -9.87706         -3.67969         -7.13975          3.15239         38.54560
   21          0.00000         47.17760         -8.16490         -3.23280         -7.57190          3.66065         44.53780
   22          0.00000         55.22839         -8.70413         -4.63209         -9.44108          4.81873         49.85935
   23          0.00000         85.62334         -8.72049        -19.63775        -17.48751         13.25680         57.21856
   24          0.00000         95.86355         -8.09402        -43.92057        -76.77062          6.46589        -16.73362
   25          0.00000        114.13134         -8.85330        -56.66325       -106.77637          4.79794        -40.45499
   26          0.00000        139.31886         -8.96307       -120.32114        -99.07866         -6.85818        -71.11787

spin  1, k-point    9: (0.00000, 0.50000, 0.00000) 
----------------------------------------------------------------------------------------------------------------------------
State              occ             e_mf             v_xc            v_exx           ReSigc           ImSigc             e_qp
----------------------------------------------------------------------------------------------------------------------------
    1          2.00000         -3.24597        -10.89501         -1.64014        -19.05363          2.34512        -13.04472
    2          2.00000         -0.60442        -10.18709         -1.30966        -13.30922          1.70568         -5.03621
    3          2.00000          5.24068        -11.14639         -1.49341         -6.63690          1.03982          8.25676
    4          2.00000          5.24068        -11.14639         -1.52766         -5.91280          1.01736          8.94661
    5          0.00000          8.10635        -10.16833         -2.28743         -7.73702          1.23323          8.25023
    6          0.00000         10.17233        -10.09528         -1.07714         -2.87324          0.73764         16.31724
    7          0.00000         10.17233        -10.09528         -1.11822         -3.31884          0.83287         15.83055
    8          0.00000         17.54714        -10.43599         -2.31123         -6.90509          1.89843         18.76681
    9          0.00000         18.00411        -10.74666         -0.66793         -3.22031          0.91097         24.86253
   10          0.00000         18.00411        -10.74666         -0.65990         -3.26859          0.92503         24.82228
   11          0.00000         18.35794        -10.12175         -2.29132         -4.27332          1.41245         21.91505
   12          0.00000         19.73062        -10.83902         -1.46753         -3.69480          1.13066         25.40731
   13          0.00000         19.73062        -10.83902         -1.36620         -3.18365          0.99365         26.01979
   14          0.00000         26.53272        -10.66032         -2.18988         -5.73005          2.04970         29.27311
   15          0.00000         28.45919         -9.87907         -2.64989         -6.33910          2.32572         29.34926
   16          0.00000         29.64895        -11.06737         -1.12263         -3.81134          1.23288         35.78234
   17          0.00000         29.64895        -11.06737         -1.13189         -3.67711          1.21409         35.90731
   18          0.00000         33.61285        -11.46380         -2.33378         -4.80017          1.86722         37.94271
   19          0.00000         33.61285        -11.46380         -2.29914         -4.82304          1.91146         37.95447
   20          0.00000         36.43095         -8.38342         -1.95241         -5.89160          2.42349         36.97035
   21          0.00000         62.18153         -8.74398         -5.80359        -13.16236          6.72269         51.95956
   22          0.00000         62.18153         -8.74398         -5.90058        -24.68071          9.22601         40.34422
   23          0.00000         73.25900         -8.77324        -14.16984        -28.76762         13.34600         39.09477
   24          0.00000         73.25900         -8.77324        -14.30923        -27.21620         13.05716         40.50681
   25          0.00000        106.59377         -7.80404        -58.98109       -105.80832          1.56294        -50.39160
   26          0.00000        145.62642         -8.49134       -176.39474        -97.43142        -17.21381       -119.70839

spin  1, k-point   10: (0.25000, 0.50000, 0.00000) 
----------------------------------------------------------------------------------------------------------------------------
State              occ             e_mf             v_xc            v_exx           ReSigc           ImSigc             e_qp
----------------------------------------------------------------------------------------------------------------------------
    1          2.00000         -2.86108        -10.81794         -1.62998        -19.39143          2.38896        -13.06456
    2          2.00000         -0.00280        -10.77890         -1.63288        -13.16780          1.68091         -4.02458
    3          2.00000          2.85933        -10.22910         -1.21426         -7.69140          1.00840          4.18278
    4          2.00000          4.23357        -10.80118         -1.34506         -5.91594          0.87074          7.77375
    5          0.00000          8.36364         -9.64310         -1.44593         -5.05620          1.04167         11.50461
    6          0.00000         11.46322        -10.07726         -1.40016         -3.65823          0.96520         16.48208
    7          0.00000         12.54686        -10.65892         -2.06503         -5.08325          1.33701         16.05751
    8          0.00000         12.81080        -10.48205         -1.26455         -3.19645          0.87681         18.83186
    9          0.00000         17.54453        -10.55274         -1.99563         -5.16383          1.53880         20.93780
   10          0.00000         18.04929        -10.73587         -0.92620         -3.31046          0.96557         24.54849
   11          0.00000         20.10470        -10.98063         -2.31881         -5.40765          1.74033         23.35887
   12          0.00000         20.12885        -10.88596         -1.08980         -3.18217          0.96427         26.74283
   13          0.00000         25.53207        -10.41257         -1.42682         -6.92273          2.23893         27.59509
   14          0.00000         25.93297        -10.93270         -1.35955         -4.23737          1.39291         31.26875
   15          0.00000         26.50860        -11.04454         -1.09585         -3.21833          1.02024         33.23895
   16          0.00000         27.41879        -10.09553         -1.33956         -4.04190          1.38119         32.13287
   17          0.00000         29.26042        -10.36919         -2.43789         -5.04489          1.91601         32.14683
   18          0.00000         31.57104        -10.74474         -1.40029         -4.17918          1.48602         36.73631
   19          0.00000         32.77361        -11.27360         -2.26602         -4.90541          1.86621         36.87578
   20          0.00000         37.64414         -9.94558         -3.20228         -5.88428          2.57933         38.50316
   21          0.00000         43.37743         -8.78219         -2.67688         -5.89065          2.52273         43.59210
   22          0.00000         46.85529         -8.31089         -6.72361        -13.04650          5.81641         35.39607
   23          0.00000         93.23360         -8.52701        -24.83244        -51.71325         18.80576         25.21493
   24          0.00000        105.50423         -9.03807        -29.37981        -39.75094         22.84227         45.41156
   25          0.00000        116.12146         -8.58773        -58.83038        -81.00065          7.16625        -15.12184
   26          0.00000        136.19953         -9.08466       -132.74891       -100.24114        -10.38811        -87.70585

spin  1, k-point   11: (0.50000, 0.50000, 0.00000) 
----------------------------------------------------------------------------------------------------------------------------
State              occ             e_mf             v_xc            v_exx           ReSigc           ImSigc             e_qp
----------------------------------------------------------------------------------------------------------------------------
    1          2.00000         -1.43299        -10.86919         -2.67271        -26.78106          2.99494        -20.01756
    2          2.00000         -1.43299        -10.86919         -0.62782         -7.30703          0.96055          1.50136
    3          2.00000          3.58372        -10.66004         -1.21581         -5.84637          0.78826          7.18157
    4          2.00000          3.58372        -10.66004         -1.24751         -6.57871          0.82522          6.41754
    5          0.00000          7.52240         -9.34403         -2.14591         -5.68794          1.05059          9.03258
    6          0.00000          7.52240         -9.34403         -1.01850         -4.38774          0.85564         11.46020
    7          0.00000         16.85409        -10.75972         -2.22126         -4.49754          1.32825         20.89501
    8          0.00000         16.85409        -10.75972         -2.16682         -4.25733          1.30203         21.18965
    9          0.00000         18.11214        -10.89049         -0.68560         -3.49428          0.99756         24.82275
   10          0.00000         18.11214        -10.89049         -0.69251         -3.56206          1.00725         24.74807
   11          0.00000         20.58782        -10.92057         -3.51032         -6.64172          2.03841         21.35635
   12          0.00000         20.58782        -10.92058         -1.04717         -4.40897          1.45420         26.05226
   13          0.00000         21.04210        -10.83968         -1.47103         -4.63181          1.28251         25.77894
   14          0.00000         21.04210        -10.83968         -0.01354         -0.28888          0.08783         31.57937
   15          0.00000         29.37875        -10.50987         -0.46401         -2.49610          0.90007         36.92851
   16          0.00000         29.37877        -10.50988         -1.80786         -4.83529          1.56009         33.24549
   17          0.00000         32.44408        -11.39375         -2.20795         -4.78419          1.79773         36.84569
   18          0.00000         32.44408        -11.39375         -2.14778         -4.83692          1.84329         36.85313
   19          0.00000         34.27254         -9.59921         -6.89038         -5.33980          2.70635         31.64157
   20          0.00000         34.27256         -9.59918         -2.48966         -6.83652          2.50546         34.54555
   21          0.00000         37.50199         -8.59154         -1.95667         -5.18201          2.02278         38.95484
   22          0.00000         37.50199         -8.59154         -2.00970         -4.94315          1.96914         39.14067
   23          0.00000        112.29727         -9.66705        -33.41051        -47.21335         25.35979         41.34046
   24          0.00000        112.29727         -9.66705        -34.17933        -46.95421         24.37661         40.83078
   25          0.00000        127.99819         -8.49767       -133.84267        -76.73628         -7.44926        -74.08308
   26          0.00000        127.99831         -8.49757        -25.30798        -87.95136         28.04796         23.23654

spin  1, k-point   12: (0.75000, 0.50000, 0.00000) 
----------------------------------------------------------------------------------------------------------------------------
State              occ             e_mf             v_xc            v_exx           ReSigc           ImSigc             e_qp
----------------------------------------------------------------------------------------------------------------------------
    1          2.00000         -2.86108        -10.81794         -1.62998        -19.39143          2.38896        -13.06456
    2          2.00000         -0.00280        -10.77890         -1.63288        -13.16780          1.68091         -4.02458
    3          2.00000          2.85933        -10.22910         -1.21426         -7.69140          1.00840          4.18278
    4          2.00000          4.23357        -10.80118         -1.34506         -5.91594          0.87074          7.77375
    5          0.00000          8.36364         -9.64310         -1.44593         -5.05620          1.04167         11.50461
    6          0.00000         11.46322        -10.07726         -1.40016         -3.65823          0.96520         16.48208
    7          0.00000         12.54686        -10.65892         -2.06503         -5.08325          1.33701         16.05751
    8          0.00000         12.81080        -10.48205         -1.26455         -3.19645          0.87681         18.83186
    9          0.00000         17.54453        -10.55274         -1.99563         -5.16383          1.53880         20.93780
   10          0.00000         18.04929        -10.73587         -0.92620         -3.31046          0.96557         24.54849
   11          0.00000         20.10470        -10.98063         -2.31881         -5.40765          1.74033         23.35887
   12          0.00000         20.12885        -10.88596         -1.08980         -3.18217          0.96427         26.74283
   13          0.00000         25.53207        -10.41257         -1.42682         -6.92273          2.23893         27.59509
   14          0.00000         25.93297        -10.93270         -1.35955         -4.23737          1.39291         31.26875
   15          0.00000         26.50860        -11.04454         -1.09585         -3.21833          1.02024         33.23895
   16          0.00000         27.41879        -10.09553         -1.33956         -4.04190          1.38119         32.13287
   17          0.00000         29.26042        -10.36919         -2.43789         -5.04489          1.91601         32.14683
   18          0.00000         31.57104        -10.74474         -1.40029         -4.17918          1.48602         36.73631
   19          0.00000         32.77361        -11.27360         -2.26602         -4.90541          1.86621         36.87578
   20          0.00000         37.64414         -9.94558         -3.20228         -5.88428          2.57933         38.50316
   21          0.00000         43.37743         -8.78219         -2.67688         -5.89065          2.52273         43.59210
   22          0.00000         46.85529         -8.31089         -6.72361        -13.04650          5.81641         35.39607
   23          0.00000         93.23360         -8.52701        -24.83244        -51.71325         18.80576         25.21493
   24          0.00000        105.50423         -9.03807        -29.37981        -39.75094         22.84227         45.41156
   25          0.00000        116.12146         -8.58773        -58.83038        -81.00065          7.16625        -15.12184
   26          0.00000        136.19953         -9.08466       -132.74891       -100.24114        -10.38811        -87.70585

spin  1, k-point   13: (0.00000, 0.75000, 0.00000) 
----------------------------------------------------------------------------------------------------------------------------
State              occ             e_mf             v_xc            v_exx           ReSigc           ImSigc             e_qp
----------------------------------------------------------------------------------------------------------------------------
    1          2.00000         -4.77928        -10.56682         -1.54172        -23.31349          2.70724        -19.06767
    2          2.00000          2.46681        -10.71511         -1.54989        -10.41398          1.35486          1.21805
    3          2.00000          5.67616        -11.18900         -1.47179         -6.43230          1.09531          8.96106
    4          2.00000          5.67616        -11.18900         -1.54839         -6.25508          1.07855          9.06168
    5          0.00000          8.63478        -10.25653         -2.39684         -8.26044          1.31098          8.23403
    6          0.00000         10.17911        -10.31268         -1.28798         -3.29131          0.84447         15.91250
    7          0.00000         10.17911        -10.31268         -1.33922         -3.74803          0.93836         15.40454
    8          0.00000         13.81678        -11.04125         -3.81206         -8.96089          2.02681         12.08508
    9          0.00000         14.75116        -10.46682         -0.61648         -2.72372          0.72374         21.87778
   10          0.00000         14.75116        -10.46682         -0.60405         -2.51353          0.67492         22.10040
   11          0.00000         19.86471         -8.98990         -1.25420         -7.34627          2.06922         20.25414
   12          0.00000         22.88256        -10.04327         -1.42466         -8.47461          2.53025         23.02655
   13          0.00000         23.26860        -10.81753         -1.12116         -3.96254          1.22746         29.00243
   14          0.00000         23.26860        -10.81753         -1.07352         -3.76651          1.15831         29.24610
   15          0.00000         29.52495        -11.09741         -1.34634         -3.77642          1.26331         35.49961
   16          0.00000         29.52495        -11.09741         -1.34765         -3.78707          1.29800         35.48765
   17          0.00000         31.47475        -10.85489         -2.83063         -5.20293          2.06454         34.29608
   18          0.00000         33.94730        -11.45008         -2.27444         -5.46757          2.12424         37.65536
   19          0.00000         33.94730        -11.45008         -2.32094         -4.93937          1.91501         38.13707
   20          0.00000         43.25073         -8.82168         -3.28001        -13.90082          5.35037         34.89158
   21          0.00000         61.37610         -8.90690         -7.57202        -13.11785          6.99749         49.59313
   22          0.00000         61.37610         -8.90690         -7.16541        -17.06290          8.14417         46.05470
   23          0.00000         98.45767         -8.92023        -21.42327        -43.08519         21.87306         42.86944
   24          0.00000         98.45767         -8.92023        -21.02176        -67.05994         19.27582         19.29620
   25          0.00000        104.79874         -8.40792        -70.84785       -107.71864         -2.60733        -65.35983
   26          0.00000        154.04756         -8.52196        -88.80260       -147.20874         -3.02981        -73.44182

spin  1, k-point   14: (0.25000, 0.75000, 0.00000) 
----------------------------------------------------------------------------------------------------------------------------
State              occ             e_mf             v_xc            v_exx           ReSigc           ImSigc             e_qp
----------------------------------------------------------------------------------------------------------------------------
    1          2.00000         -3.53850        -10.71731         -1.61455        -19.33336          2.36611        -13.76909
    2          2.00000          0.90691        -10.93568         -1.70791        -12.38627          1.58769         -2.25159
    3          2.00000          2.63481        -10.05497         -1.12714         -8.11207          1.06947          3.45056
    4          2.00000          5.10631        -11.04833         -1.44062         -6.19034          1.01268          8.52369
    5          0.00000          9.31447        -10.02074         -1.78652         -5.68368          1.22589         11.86501
    6          0.00000         11.53392        -10.35827         -1.44665         -3.34850          0.90867         17.09704
    7          0.00000         11.79363        -10.41900         -1.28319         -4.77928          1.18296         16.15016
    8          0.00000         13.49998        -10.62910         -2.66659         -7.20673          1.73738         14.25575
    9          0.00000         13.89590        -10.33345         -0.53769         -2.46555          0.63647         21.22611
   10          0.00000         16.84323        -10.36496         -1.69920         -3.56289          1.09543         21.94609
   11          0.00000         20.69468        -11.09984         -1.84863         -4.01891          1.32747         25.92698
   12          0.00000         23.84030        -11.03163         -1.86820         -5.12202          1.71710         27.88171
   13          0.00000         24.49870         -9.45142         -0.98609         -7.21690          2.25962         25.74714
   14          0.00000         24.68001        -10.97832         -0.98519         -3.66724          1.13026         31.00591
   15          0.00000         27.06950        -11.14155         -1.52308         -3.77714          1.26729         32.91085
   16          0.00000         27.85496         -9.90445         -1.88782         -4.59168          1.68582         31.27992
   17          0.00000         28.88722        -10.94538         -1.15144         -4.06595          1.33709         34.61521
   18          0.00000         30.48438        -11.09568         -2.54192         -5.24732          2.02114         33.79083
   19          0.00000         34.35189        -11.45281         -2.15814         -4.96092          1.87881         38.68563
   20          0.00000         39.48798         -9.87706         -3.67969         -7.13975          3.15239         38.54560
   21          0.00000         47.17760         -8.16490         -3.23280         -7.57190          3.66065         44.53780
   22          0.00000         55.22839         -8.70413         -4.63209         -9.44108          4.81873         49.85935
   23          0.00000         85.62334         -8.72049        -19.63775        -17.48751         13.25680         57.21856
   24          0.00000         95.86355         -8.09402        -43.92057        -76.77062          6.46589        -16.73362
   25          0.00000        114.13134         -8.85330        -56.66325       -106.77637          4.79794        -40.45499
   26          0.00000        139.31886         -8.96307       -120.32114        -99.07866         -6.85818        -71.11787

spin  1, k-point   15: (0.50000, 0.75000, 0.00000) 
----------------------------------------------------------------------------------------------------------------------------
State              occ             e_mf             v_xc            v_exx           ReSigc           ImSigc             e_qp
----------------------------------------------------------------------------------------------------------------------------
    1          2.00000         -2.86108        -10.81794         -1.66348        -18.80186          2.32187        -12.50849
    2          2.00000         -0.00280        -10.77890         -1.60328        -13.45146          1.72143         -4.27864
    3          2.00000          2.85933        -10.22910         -1.18278         -8.79892          1.14969          3.10673
    4          2.00000          4.23357        -10.80118         -1.34047         -6.06717          0.87110          7.62710
    5          0.00000          8.36364         -9.64310         -1.46835         -5.19606          1.06512         11.34232
    6          0.00000         11.46322        -10.07726         -1.39520         -3.88508          1.00743         16.26020
    7          0.00000         12.54686        -10.65892         -2.11839         -5.49091          1.42386         15.59649
    8          0.00000         12.81080        -10.48205         -1.30058         -3.26770          0.90472         18.72457
    9          0.00000         17.54453        -10.55274         -1.99863         -4.39465          1.33960         21.70399
   10          0.00000         18.04929        -10.73587         -0.91524         -3.14318          0.91144         24.72674
   11          0.00000         20.10470        -10.98063         -2.30783         -5.30419          1.69503         23.47331
   12          0.00000         20.12885        -10.88596         -1.13521         -2.96638          0.91325         26.91322
   13          0.00000         25.53207        -10.41257         -1.40048         -6.80854          2.20637         27.73562
   14          0.00000         25.93297        -10.93270         -1.34226         -3.71966          1.22727         31.80374
   15          0.00000         26.50860        -11.04454         -1.05730         -3.56967          1.12200         32.92616
   16          0.00000         27.41879        -10.09553         -1.36200         -4.58352          1.54381         31.56880
   17          0.00000         29.26042        -10.36919         -2.51448         -5.62785          2.13887         31.48729
   18          0.00000         31.57104        -10.74474         -1.40601         -4.42905          1.56423         36.48072
   19          0.00000         32.77361        -11.27360         -2.20963         -5.01641          1.87777         36.82118
   20          0.00000         37.64414         -9.94558         -3.18166         -6.03147          2.59021         38.37659
   21          0.00000         43.37743         -8.78219         -2.72211         -5.81660          2.51690         43.62091
   22          0.00000         46.85529         -8.31089         -6.71232        -13.70369          5.99574         34.75017
   23          0.00000         93.23360         -8.52701        -27.22576        -55.19428         17.61454         19.34058
   24          0.00000        105.50423         -9.03807        -30.02312        -36.73370         22.61386         47.78548
   25          0.00000        116.12146         -8.58773        -57.63594        -89.56081          7.10040        -22.48755
   26          0.00000        136.19953         -9.08466       -130.06419        -89.12549         -7.94152        -73.90549

spin  1, k-point   16: (0.75000, 0.75000, 0.00000) 
----------------------------------------------------------------------------------------------------------------------------
State              occ             e_mf             v_xc            v_exx           ReSigc           ImSigc             e_qp
----------------------------------------------------------------------------------------------------------------------------
    1          2.00000         -4.49597        -10.57953         -1.54272        -23.59048          2.73734        -19.04964
    2          2.00000          2.87515        -11.24421         -2.04915        -12.23857          1.55046         -0.16836
    3          2.00000          4.54671        -10.81595         -1.32936         -5.80372          0.92012          8.22958
    4          2.00000          4.54671        -10.81595         -1.29028         -6.30219          0.90729          7.77019
    5          0.00000          7.79317         -9.57197         -1.39038         -5.04627          0.99657         10.92850
    6          0.00000         10.49903        -10.14524         -2.01980         -5.72544          1.31424         12.89904
    7          0.00000         12.37593        -10.71478         -1.40449         -3.62924          0.99971         18.05697
    8          0.00000         12.37593        -10.71478         -1.44711         -3.92104          1.03223         17.72255
    9          0.00000         15.31673        -11.12232         -3.35935         -7.59227          2.02735         15.48743
   10          0.00000         16.37693        -10.63637         -0.57500         -2.26504          0.62108         24.17325
   11          0.00000         21.14876         -8.72512         -1.24124        -13.21571          3.07080         15.41694
   12          0.00000         21.92840        -10.75257         -1.11421         -3.72621          1.14596         27.84055
   13          0.00000         21.92840        -10.75257         -1.11446         -3.89628          1.19086         27.67023
   14          0.00000         25.86964        -10.84634         -1.18967         -4.18603          1.36402         31.34028
   15          0.00000         27.84954        -11.06395         -0.99278         -2.84049          0.88117         35.08022
   16          0.00000         29.33351        -10.95148         -1.86914         -4.84389          1.70879         33.57196
   17          0.00000         31.74290        -11.01979         -2.43408         -5.39907          2.02704         34.92954
   18          0.00000         31.74290        -11.01979         -2.43102         -5.12925          1.94567         35.20243
   19          0.00000         34.49169        -11.26991         -2.63637         -6.13065          2.47601         36.99458
   20          0.00000         45.06782         -9.17538         -3.05985         -7.39158          3.21522         43.79177
   21          0.00000         45.06782         -9.17538         -3.10753         -6.61130          2.93266         44.52437
   22          0.00000         58.89518         -8.57884        -10.82012        -49.92062          5.60584          6.73328
   23          0.00000         78.92188         -8.56556        -17.76620        -67.04673          8.62465          2.67451
   24          0.00000        112.21892         -8.32367        -84.85762        -94.49892         -2.69691        -58.81396
   25          0.00000        136.81429         -8.92929        -45.00184        -66.40945         31.59238         34.33230
   26          0.00000        136.81429         -8.92929        -44.75786        -79.48932         28.00357         21.49640

spin  1, k-point   17: (0.00000, 0.00000, 0.25000) 
----------------------------------------------------------------------------------------------------------------------------
State              occ             e_mf             v_xc            v_exx           ReSigc           ImSigc             e_qp
----------------------------------------------------------------------------------------------------------------------------
    1          2.00000         -4.77928        -10.56682         -1.55716        -23.94347          2.76908        -19.71310
    2          2.00000          2.46681        -10.71511         -1.59133         -9.51514          1.24165          2.07545
    3          2.00000          5.67616        -11.18900         -1.41067         -6.01181          1.07012          9.44268
    4          2.00000          5.67616        -11.18900         -1.49861         -8.22800          1.05342          7.13854
    5          0.00000          8.63478        -10.25653         -2.47901         -7.50086          1.31712          8.91144
    6          0.00000         10.17911        -10.31268         -1.35873         -4.12727          0.99411         15.00578
    7          0.00000         10.17911        -10.31268         -1.28106         -3.37549          0.85812         15.83523
    8          0.00000         13.81678        -11.04125         -3.80793         -9.59691          2.06205         11.45319
    9          0.00000         14.75116        -10.46682         -0.57944         -2.40413          0.64312         22.23441
   10          0.00000         14.75116        -10.46682         -0.60429         -2.66205          0.70553         21.95165
   11          0.00000         19.86471         -8.98990         -1.35501         -7.67532          2.13263         19.82428
   12          0.00000         22.88256        -10.04327         -1.39222         -8.03538          2.42507         23.49823
   13          0.00000         23.26860        -10.81753         -1.08821         -3.52582          1.09174         29.47209
   14          0.00000         23.26860        -10.81753         -1.10915         -3.55358          1.11534         29.42341
   15          0.00000         29.52495        -11.09741         -1.35094         -3.91749          1.35091         35.35393
   16          0.00000         29.52495        -11.09741         -1.34778         -3.94021          1.33466         35.33437
   17          0.00000         31.47475        -10.85489         -2.86690         -6.04674          2.30724         33.41600
   18          0.00000         33.94730        -11.45008         -2.26364         -5.54158          2.13863         37.59216
   19          0.00000         33.94730        -11.45008         -2.20054         -5.13391          1.99070         38.06293
   20          0.00000         43.25073         -8.82168         -2.87982        -10.63442          4.35560         38.55816
   21          0.00000         61.37610         -8.90690         -7.25238        -12.79132          6.80583         50.23931
   22          0.00000         61.37610         -8.90690         -8.60411        -23.90505          9.71378         37.77384
   23          0.00000         98.45767         -8.92023        -21.29949        -35.76246         21.46240         50.31595
   24          0.00000         98.45767         -8.92023        -25.09931        -74.66865         10.71102          7.60994
   25          0.00000        104.79874         -8.40792        -69.58621       -111.33327         -2.70246        -67.71283
   26          0.00000        154.04756         -8.52196        -82.61613       -132.61383          2.17949        -52.66045

spin  1, k-point   18: (0.25000, 0.00000, 0.25000) 
----------------------------------------------------------------------------------------------------------------------------
State              occ             e_mf             v_xc            v_exx           ReSigc           ImSigc             e_qp
----------------------------------------------------------------------------------------------------------------------------
    1          2.00000         -4.49597        -10.57953         -1.52295        -23.05412          2.70665        -18.49351
    2          2.00000          2.87515        -11.24421         -1.95878        -10.37263          1.34656          1.78796
    3          2.00000          4.54671        -10.81595         -1.37143         -7.01483          0.89728          6.97640
    4          2.00000          4.54671        -10.81595         -1.37723         -7.06570          0.91143          6.91973
    5          0.00000          7.79317         -9.57197         -1.28245         -4.35042          0.91670         11.73227
    6          0.00000         10.49903        -10.14524         -1.89661         -5.75381          1.31215         12.99385
    7          0.00000         12.37593        -10.71478         -1.51042         -3.70401          1.00521         17.87627
    8          0.00000         12.37593        -10.71478         -1.47549         -4.05693          1.08351         17.55828
    9          0.00000         15.31673        -11.12232         -3.42975         -7.03723          1.94255         15.97208
   10          0.00000         16.37693        -10.63637         -0.59625         -2.80409          0.75678         23.61296
   11          0.00000         21.14876         -8.72512         -1.18491        -10.36214          2.73360         18.32683
   12          0.00000         21.92840        -10.75257         -1.13289         -3.24637          1.00994         28.30172
   13          0.00000         21.92840        -10.75257         -1.11183         -3.82179          1.17364         27.74735
   14          0.00000         25.86964        -10.84634         -1.12097         -4.26389          1.37425         31.33112
   15          0.00000         27.84954        -11.06395         -1.01200         -3.48367          1.09155         34.41781
   16          0.00000         29.33351        -10.95148         -1.89471         -5.26658          1.91631         33.12370
   17          0.00000         31.74290        -11.01979         -2.52655         -5.17901          2.00621         35.05714
   18          0.00000         31.74290        -11.01979         -2.52723         -4.79094          1.82345         35.44452
   19          0.00000         34.49169        -11.26991         -2.54530         -5.88827          2.33942         37.32802
   20          0.00000         45.06782         -9.17538         -3.16522         -8.94215          3.66979         42.13583
   21          0.00000         45.06782         -9.17538         -3.07082         -9.13151          3.87397         42.04087
   22          0.00000         58.89518         -8.57884        -10.17641        -31.33930         10.93708         25.95831
   23          0.00000         78.92188         -8.56556        -16.23298        -62.83204         10.41994          8.42243
   24          0.00000        112.21892         -8.32367        -82.96524        -98.43677         -2.99205        -60.85942
   25          0.00000        136.81429         -8.92929        -45.14189        -72.83968         29.37675         27.76202
   26          0.00000        136.81429         -8.92929        -48.72968       -109.99535         11.62158        -12.98144

spin  1, k-point   19: (0.50000, 0.00000, 0.25000) 
----------------------------------------------------------------------------------------------------------------------------
State              occ             e_mf             v_xc            v_exx           ReSigc           ImSigc             e_qp
----------------------------------------------------------------------------------------------------------------------------
    1          2.00000         -2.86108        -10.81794         -1.64546        -17.89512          2.23324        -11.58372
    2          2.00000         -0.00280        -10.77890         -1.60363        -13.01982          1.67202         -3.84735
    3          2.00000          2.85933        -10.22910         -1.21293         -7.39170          0.97223          4.48381
    4          2.00000          4.23357        -10.80118         -1.34974         -7.74023          0.96373          5.94477
    5          0.00000          8.36364         -9.64310         -1.45738         -4.46392          0.97810         12.08543
    6          0.00000         11.46322        -10.07726         -1.26677         -3.95383          1.00012         16.31988
    7          0.00000         12.54686        -10.65892         -2.13619         -5.09992          1.35853         15.96967
    8          0.00000         12.81080        -10.48205         -1.30528         -3.26698          0.89585         18.72060
    9          0.00000         17.54453        -10.55274         -1.96850         -4.25459          1.30476         21.87418
   10          0.00000         18.04929        -10.73587         -0.95622         -2.97799          0.87593         24.85095
   11          0.00000         20.10470        -10.98063         -2.28194         -4.54040          1.49139         24.26300
   12          0.00000         20.12885        -10.88596         -1.14588         -3.10960          0.94732         26.75933
   13          0.00000         25.53207        -10.41257         -1.36567         -5.32721          1.76669         29.25176
   14          0.00000         25.93297        -10.93270         -1.40170         -3.96038          1.32665         31.50358
   15          0.00000         26.50860        -11.04454         -1.08792         -3.39612          1.06800         33.06909
   16          0.00000         27.41879        -10.09553         -1.32114         -3.48037          1.19990         32.71280
   17          0.00000         29.26042        -10.36919         -2.60478         -5.25715          2.03446         31.76768
   18          0.00000         31.57104        -10.74474         -1.41216         -5.52230          1.94071         35.38133
   19          0.00000         32.77361        -11.27360         -2.23912         -4.89614          1.88438         36.91195
   20          0.00000         37.64414         -9.94558         -3.09436         -5.23485          2.28967         39.26051
   21          0.00000         43.37743         -8.78219         -2.92551         -9.38885          3.73594         39.84527
   22          0.00000         46.85529         -8.31089         -6.59236        -10.17281          5.03407         38.40101
   23          0.00000         93.23360         -8.52701        -24.27856        -42.91279         19.93514         34.56927
   24          0.00000        105.50423         -9.03807        -34.51645        -51.19249         21.25461         28.83336
   25          0.00000        116.12146         -8.58773        -53.33170        -85.05027          8.32769        -13.67278
   26          0.00000        136.19953         -9.08466       -128.95688        -79.58459         -6.35322        -63.25728

spin  1, k-point   20: (0.75000, 0.00000, 0.25000) 
----------------------------------------------------------------------------------------------------------------------------
State              occ             e_mf             v_xc            v_exx           ReSigc           ImSigc             e_qp
----------------------------------------------------------------------------------------------------------------------------
    1          2.00000         -3.53850        -10.71731         -1.62250        -20.59481          2.49858        -15.03849
    2          2.00000          0.90691        -10.93568         -1.68130        -11.83700          1.52071         -1.67571
    3          2.00000          2.63481        -10.05497         -1.09759         -7.14582          0.93930          4.44636
    4          2.00000          5.10631        -11.04833         -1.44490         -7.72348          0.97589          6.98626
    5          0.00000          9.31447        -10.02074         -1.76098         -5.48930          1.20753         12.08492
    6          0.00000         11.53392        -10.35827         -1.47800         -3.50181          0.92768         16.91238
    7          0.00000         11.79363        -10.41900         -1.28631         -4.67547          1.17408         16.25085
    8          0.00000         13.49998        -10.62910         -2.74112         -6.02607          1.58160         15.36189
    9          0.00000         13.89590        -10.33345         -0.56234         -2.63356          0.68093         21.03346
   10          0.00000         16.84323        -10.36496         -1.68894         -3.83279          1.16508         21.68646
   11          0.00000         20.69468        -11.09984         -1.80925         -4.28834          1.38951         25.69692
   12          0.00000         23.84030        -11.03163         -1.84248         -4.29152          1.47630         28.73793
   13          0.00000         24.49870         -9.45142         -1.00233         -7.63749          2.33837         25.31030
   14          0.00000         24.68001        -10.97832         -0.99598         -3.63931          1.12377         31.02305
   15          0.00000         27.06950        -11.14155         -1.54670         -3.82186          1.29951         32.84250
   16          0.00000         27.85496         -9.90445         -1.83473         -4.13552          1.49692         31.78917
   17          0.00000         28.88722        -10.94538         -1.12350         -4.65329          1.54570         34.05581
   18          0.00000         30.48438        -11.09568         -2.51828         -5.98093          2.24688         33.08085
   19          0.00000         34.35189        -11.45281         -2.14817         -5.11556          1.97924         38.54097
   20          0.00000         39.48798         -9.87706         -3.64871         -6.07832          2.77293         39.63801
   21          0.00000         47.17760         -8.16490         -3.09164         -8.05025          3.83324         44.20060
   22          0.00000         55.22839         -8.70413         -5.59563        -18.61260          7.47397         39.72429
   23          0.00000         85.62334         -8.72049        -22.46258        -35.02094         15.93251         36.86030
   24          0.00000         95.86355         -8.09402        -42.67812        -72.86999          6.67372        -11.59055
   25          0.00000        114.13134         -8.85330        -53.55941        -95.87532          7.34131        -26.45010
   26          0.00000        139.31886         -8.96307       -118.09549        -88.16189         -4.24722        -57.97546

spin  1, k-point   21: (0.00000, 0.25000, 0.25000) 
----------------------------------------------------------------------------------------------------------------------------
State              occ             e_mf             v_xc            v_exx           ReSigc           ImSigc             e_qp
----------------------------------------------------------------------------------------------------------------------------
    1          2.00000         -4.49597        -10.57953         -1.54023        -22.69925          2.66936        -18.15593
    2          2.00000          2.87515        -11.24421         -2.03625         -9.93978          1.28191          2.14333
    3          2.00000          4.54671        -10.81595         -1.30152         -7.17799          0.93085          6.88316
    4          2.00000          4.54671        -10.81595         -1.33074         -7.52969          0.95262          6.50224
    5          0.00000          7.79317         -9.57197         -1.35735         -4.73277          0.95073         11.27502
    6          0.00000         10.49903        -10.14524         -1.98566         -5.84909          1.29546         12.80953
    7          0.00000         12.37593        -10.71478         -1.41203         -4.03686          1.09148         17.64181
    8          0.00000         12.37593        -10.71478         -1.44560         -4.60631          1.19768         17.03879
    9          0.00000         15.31673        -11.12232         -3.35516         -7.55024          2.03326         15.53365
   10          0.00000         16.37693        -10.63637         -0.57823         -2.67304          0.73089         23.76203
   11          0.00000         21.14876         -8.72512         -1.23111        -10.14241          2.68622         18.50037
   12          0.00000         21.92840        -10.75257         -1.10093         -3.72551          1.15375         27.85453
   13          0.00000         21.92840        -10.75257         -1.13531         -3.76034          1.16788         27.78532
   14          0.00000         25.86964        -10.84634         -1.15873         -3.85016          1.22415         31.70709
   15          0.00000         27.84954        -11.06395         -0.99903         -3.52298          1.13213         34.39148
   16          0.00000         29.33351        -10.95148         -1.86149         -5.89425          2.13412         32.52925
   17          0.00000         31.74290        -11.01979         -2.32728         -4.97326          1.85927         35.46216
   18          0.00000         31.74290        -11.01979         -2.47196         -5.29953          2.03323         34.99121
   19          0.00000         34.49169        -11.26991         -2.64928         -5.67097          2.24554         37.44134
   20          0.00000         45.06782         -9.17538         -3.05057         -8.26427          3.44999         42.92836
   21          0.00000         45.06782         -9.17538         -3.07223         -9.02349          3.79898         42.14748
   22          0.00000         58.89518         -8.57884        -10.41595        -31.78729         10.93457         25.27078
   23          0.00000         78.92188         -8.56556        -17.16305        -65.25472          8.83078          5.06969
   24          0.00000        112.21892         -8.32367        -84.28622       -102.97193         -3.81189        -66.71557
   25          0.00000        136.81429         -8.92929        -43.92122        -73.48077         30.82463         28.34160
   26          0.00000        136.81429         -8.92929        -45.79066       -106.25050         12.26514         -6.29757

spin  1, k-point   22: (0.25000, 0.25000, 0.25000) 
----------------------------------------------------------------------------------------------------------------------------
State              occ             e_mf             v_xc            v_exx           ReSigc           ImSigc             e_qp
----------------------------------------------------------------------------------------------------------------------------
    1          2.00000         -4.77928        -10.56682         -1.57103        -23.73432          2.74776        -19.51781
    2          2.00000          2.46681        -10.71511         -1.61156         -9.53159          1.24141          2.03877
    3          2.00000          5.67616        -11.18900         -1.42915         -7.61284          1.10301          7.82316
    4          2.00000          5.67616        -11.18900         -1.46092         -6.94642          1.10575          8.45782
    5          0.00000          8.63478        -10.25653         -2.50954         -7.20746          1.30042          9.17430
    6          0.00000         10.17911        -10.31268         -1.34595         -4.59427          1.09243         14.55156
    7          0.00000         10.17911        -10.31268         -1.28921         -3.33126          0.84410         15.87131
    8          0.00000         13.81678        -11.04125         -3.74163         -9.17729          2.03303         11.93912
    9          0.00000         14.75116        -10.46682         -0.58850         -2.54015          0.68086         22.08933
   10          0.00000         14.75116        -10.46682         -0.59021         -2.62374          0.69476         22.00402
   11          0.00000         19.86471         -8.98990         -1.35061         -8.17049          2.23871         19.33352
   12          0.00000         22.88256        -10.04327         -1.39416         -7.65187          2.32504         23.87980
   13          0.00000         23.26860        -10.81753         -1.10362         -3.52289          1.09554         29.45963
   14          0.00000         23.26860        -10.81753         -1.09151         -3.72622          1.17216         29.26840
   15          0.00000         29.52495        -11.09741         -1.34839         -4.23055          1.44019         35.04342
   16          0.00000         29.52495        -11.09741         -1.33243         -3.49908          1.17300         35.79085
   17          0.00000         31.47475        -10.85489         -2.94259         -5.66461          2.22603         33.72244
   18          0.00000         33.94730        -11.45008         -2.13209         -5.03105          1.90440         38.23424
   19          0.00000         33.94730        -11.45008         -2.20046         -5.15395          1.96060         38.04297
   20          0.00000         43.25073         -8.82168         -3.27649        -12.07584          4.74235         36.72008
   21          0.00000         61.37610         -8.90690         -7.71331        -16.93643          8.36196         45.63327
   22          0.00000         61.37610         -8.90690         -7.19428        -13.93859          7.14708         49.15014
   23          0.00000         98.45767         -8.92023        -22.41894        -51.24396         21.98631         33.71500
   24          0.00000         98.45767         -8.92023        -21.51403        -64.65029         20.04750         21.21357
   25          0.00000        104.79874         -8.40792        -70.24225       -111.00895         -2.79293        -68.04455
   26          0.00000        154.04756         -8.52196        -86.90217       -134.94637         -0.02785        -59.27902

spin  1, k-point   23: (0.50000, 0.25000, 0.25000) 
----------------------------------------------------------------------------------------------------------------------------
State              occ             e_mf             v_xc            v_exx           ReSigc           ImSigc             e_qp
----------------------------------------------------------------------------------------------------------------------------
    1          2.00000         -3.53850        -10.71731         -1.63887        -20.50094          2.48980        -14.96100
    2          2.00000          0.90691        -10.93568         -1.70268        -11.39288          1.46349         -1.25296
    3          2.00000          2.63481        -10.05497         -1.11633         -7.00666          0.91095          4.56679
    4          2.00000          5.10631        -11.04833         -1.37302         -8.07817          1.02232          6.70345
    5          0.00000          9.31447        -10.02074         -1.85428         -4.91053          1.10400         12.57040
    6          0.00000         11.53392        -10.35827         -1.40773         -4.26702          1.10282         16.21745
    7          0.00000         11.79363        -10.41900         -1.28298         -4.45629          1.11097         16.47336
    8          0.00000         13.49998        -10.62910         -2.65907         -5.94830          1.58805         15.52171
    9          0.00000         13.89590        -10.33345         -0.54231         -2.67189          0.69129         21.01515
   10          0.00000         16.84323        -10.36496         -1.70773         -3.87681          1.17294         21.62365
   11          0.00000         20.69468        -11.09984         -1.84682         -4.60694          1.45710         25.34076
   12          0.00000         23.84030        -11.03163         -1.85571         -4.04630          1.40628         28.96993
   13          0.00000         24.49870         -9.45142         -0.99792         -7.78887          2.38230         25.16333
   14          0.00000         24.68001        -10.97832         -0.97785         -3.58139          1.11081         31.09909
   15          0.00000         27.06950        -11.14155         -1.48098         -4.00749          1.36423         32.72259
   16          0.00000         27.85496         -9.90445         -1.85881         -4.86335          1.73992         31.03725
   17          0.00000         28.88722        -10.94538         -1.17585         -4.24859          1.37784         34.40816
   18          0.00000         30.48438        -11.09568         -2.53859         -5.75635          2.19029         33.28513
   19          0.00000         34.35189        -11.45281         -2.04961         -4.79115          1.80099         38.96394
   20          0.00000         39.48798         -9.87706         -3.73877         -5.95121          2.74863         39.67505
   21          0.00000         47.17760         -8.16490         -3.27154         -6.18565          3.13303         45.88530
   22          0.00000         55.22839         -8.70413         -4.82223        -17.70557          7.10371         41.40472
   23          0.00000         85.62334         -8.72049        -20.41053        -34.84499         16.90703         39.08830
   24          0.00000         95.86355         -8.09402        -42.43105        -77.46428          6.58370        -15.93776
   25          0.00000        114.13134         -8.85330        -55.57460        -92.96126          7.06278        -25.55123
   26          0.00000        139.31886         -8.96307       -121.01015        -93.96329         -5.73291        -66.69151

spin  1, k-point   24: (0.75000, 0.25000, 0.25000) 
----------------------------------------------------------------------------------------------------------------------------
State              occ             e_mf             v_xc            v_exx           ReSigc           ImSigc             e_qp
----------------------------------------------------------------------------------------------------------------------------
    1          2.00000         -2.86108        -10.81794         -1.66123        -17.42782          2.17458        -11.13219
    2          2.00000         -0.00280        -10.77890         -1.63241        -12.64767          1.62546         -3.50398
    3          2.00000          2.85933        -10.22910         -1.21770         -7.26508          0.94868          4.60566
    4          2.00000          4.23357        -10.80118         -1.28890         -8.38447          1.08541          5.36137
    5          0.00000          8.36364         -9.64310         -1.52228         -4.62358          0.97024         11.86088
    6          0.00000         11.46322        -10.07726         -1.31643         -4.03956          1.01492         16.18448
    7          0.00000         12.54686        -10.65892         -2.08457         -5.42762          1.41076         15.69360
    8          0.00000         12.81080        -10.48205         -1.24544         -4.15816          1.11118         17.88925
    9          0.00000         17.54453        -10.55274         -1.97749         -3.85362          1.20032         22.26616
   10          0.00000         18.04929        -10.73587         -0.92698         -3.14723          0.92229         24.71094
   11          0.00000         20.10470        -10.98063         -2.29951         -4.77121          1.55225         24.01461
   12          0.00000         20.12885        -10.88596         -1.10096         -2.97896          0.91294         26.93488
   13          0.00000         25.53207        -10.41257         -1.41722         -5.32173          1.76423         29.20568
   14          0.00000         25.93297        -10.93270         -1.40390         -4.56832          1.51455         30.89345
   15          0.00000         26.50860        -11.04454         -1.05734         -3.97610          1.28196         32.51969
   16          0.00000         27.41879        -10.09553         -1.36875         -4.15118          1.40805         31.99439
   17          0.00000         29.26042        -10.36919         -2.53705         -5.20501          2.02559         31.88756
   18          0.00000         31.57104        -10.74474         -1.42183         -5.04238          1.77719         35.85158
   19          0.00000         32.77361        -11.27360         -2.09300         -4.60351          1.71132         37.35069
   20          0.00000         37.64414         -9.94558         -3.19961         -5.84389          2.56120         38.54622
   21          0.00000         43.37743         -8.78219         -2.58103         -7.80882          3.14435         41.76977
   22          0.00000         46.85529         -8.31089         -6.87111         -9.40390          4.81760         38.89117
   23          0.00000         93.23360         -8.52701        -25.62005        -48.81582         19.24675         27.32476
   24          0.00000        105.50423         -9.03807        -31.09328        -49.85969         23.20455         33.58933
   25          0.00000        116.12146         -8.58773        -54.97399        -91.23676          7.54273        -21.50155
   26          0.00000        136.19953         -9.08466       -129.91829        -87.79512         -7.71837        -72.42922

spin  1, k-point   25: (0.00000, 0.50000, 0.25000) 
----------------------------------------------------------------------------------------------------------------------------
State              occ             e_mf             v_xc            v_exx           ReSigc           ImSigc             e_qp
----------------------------------------------------------------------------------------------------------------------------
    1          2.00000         -2.86108        -10.81794         -1.63029        -18.01179          2.23988        -11.68523
    2          2.00000         -0.00280        -10.77890         -1.62332        -13.24059          1.69315         -4.08780
    3          2.00000          2.85933        -10.22910         -1.22948         -7.24067          0.94904          4.61828
    4          2.00000          4.23357        -10.80118         -1.33468         -6.47650          0.87313          7.22356
    5          0.00000          8.36364         -9.64310         -1.45120         -4.75270          0.98935         11.80284
    6          0.00000         11.46322        -10.07726         -1.38127         -4.19241          1.05899         15.96680
    7          0.00000         12.54686        -10.65892         -2.05226         -5.08624          1.34809         16.06728
    8          0.00000         12.81080        -10.48205         -1.25076         -3.33333          0.91862         18.70876
    9          0.00000         17.54453        -10.55274         -1.94789         -5.00984          1.51165         21.13954
   10          0.00000         18.04929        -10.73587         -0.94933         -3.31434          0.97508         24.52148
   11          0.00000         20.10470        -10.98063         -2.28315         -4.80055          1.56891         24.00163
   12          0.00000         20.12885        -10.88596         -1.11561         -3.62409          1.10066         26.27511
   13          0.00000         25.53207        -10.41257         -1.41572         -5.24816          1.74927         29.28077
   14          0.00000         25.93297        -10.93270         -1.34272         -4.43789          1.44816         31.08506
   15          0.00000         26.50860        -11.04454         -1.08226         -3.27301          1.05879         33.19786
   16          0.00000         27.41879        -10.09553         -1.33508         -3.60325          1.21935         32.57598
   17          0.00000         29.26042        -10.36919         -2.45207         -4.83003          1.87073         32.34751
   18          0.00000         31.57104        -10.74474         -1.39319         -5.13301          1.79216         35.78958
   19          0.00000         32.77361        -11.27360         -2.24981         -4.85777          1.87783         36.93963
   20          0.00000         37.64414         -9.94558         -3.26892         -5.62300          2.48661         38.69780
   21          0.00000         43.37743         -8.78219         -2.65394         -8.00726          3.14373         41.49843
   22          0.00000         46.85529         -8.31089         -6.81112        -12.35942          5.82968         35.99564
   23          0.00000         93.23360         -8.52701        -24.25877        -49.56931         19.43471         27.93254
   24          0.00000        105.50423         -9.03807        -28.69502        -56.99257         22.59152         28.85472
   25          0.00000        116.12146         -8.58773        -58.17212        -92.86266          6.35646        -26.32558
   26          0.00000        136.19953         -9.08466       -130.75662        -84.68861         -7.06480        -70.16104

spin  1, k-point   26: (0.25000, 0.50000, 0.25000) 
----------------------------------------------------------------------------------------------------------------------------
State              occ             e_mf             v_xc            v_exx           ReSigc           ImSigc             e_qp
----------------------------------------------------------------------------------------------------------------------------
    1          2.00000         -3.53850        -10.71731         -1.61325        -20.36815          2.47119        -14.80258
    2          2.00000          0.90691        -10.93568         -1.68590        -12.17700          1.56274         -2.02030
    3          2.00000          2.63481        -10.05497         -1.08122         -7.36895          0.96770          4.23960
    4          2.00000          5.10631        -11.04833         -1.48481         -6.61663          1.00479          8.05320
    5          0.00000          9.31447        -10.02074         -1.69338         -5.01914          1.13397         12.62268
    6          0.00000         11.53392        -10.35827         -1.50829         -3.71135          0.98390         16.67255
    7          0.00000         11.79363        -10.41900         -1.25414         -3.89444          1.00650         17.06406
    8          0.00000         13.49998        -10.62910         -2.71808         -5.40112          1.47996         16.00988
    9          0.00000         13.89590        -10.33345         -0.55552         -2.68006          0.69058         20.99377
   10          0.00000         16.84323        -10.36496         -1.69101         -3.98551          1.21508         21.53167
   11          0.00000         20.69468        -11.09984         -1.76497         -5.05691          1.59279         24.97264
   12          0.00000         23.84030        -11.03163         -1.85592         -4.25856          1.46033         28.75745
   13          0.00000         24.49870         -9.45142         -0.98354         -8.21388          2.47241         24.75271
   14          0.00000         24.68001        -10.97832         -0.99523         -3.64051          1.12812         31.02259
   15          0.00000         27.06950        -11.14155         -1.56261         -4.09649          1.37996         32.55195
   16          0.00000         27.85496         -9.90445         -1.86591         -4.20330          1.54649         31.69021
   17          0.00000         28.88722        -10.94538         -1.11153         -3.85894          1.26124         34.86213
   18          0.00000         30.48438        -11.09568         -2.48463         -5.35857          2.05664         33.73686
   19          0.00000         34.35189        -11.45281         -2.18439         -4.93760          1.89181         38.68271
   20          0.00000         39.48798         -9.87706         -3.68199         -6.33514          2.87406         39.34791
   21          0.00000         47.17760         -8.16490         -3.23998         -7.30505          3.62127         44.79746
   22          0.00000         55.22839         -8.70413         -4.64337        -16.88058          6.67956         42.40857
   23          0.00000         85.62334         -8.72049        -19.14020        -33.65477         16.64959         41.54886
   24          0.00000         95.86355         -8.09402        -42.97169        -77.28515          6.33418        -16.29927
   25          0.00000        114.13134         -8.85330        -55.07045        -96.03446          6.94239        -28.12028
   26          0.00000        139.31886         -8.96307       -121.16409        -90.08393         -5.41078        -62.96609

spin  1, k-point   27: (0.50000, 0.50000, 0.25000) 
----------------------------------------------------------------------------------------------------------------------------
State              occ             e_mf             v_xc            v_exx           ReSigc           ImSigc             e_qp
----------------------------------------------------------------------------------------------------------------------------
    1          2.00000         -2.86108        -10.81794         -1.66602        -19.80843          2.43624        -13.51760
    2          2.00000         -0.00280        -10.77890         -1.62032        -14.00696          1.79161         -4.85118
    3          2.00000          2.85933        -10.22910         -1.21738         -7.78201          1.02230          4.08904
    4          2.00000          4.23357        -10.80118         -1.23466         -6.23413          0.87097          7.56596
    5          0.00000          8.36364         -9.64310         -1.56584         -4.63994          0.99523         11.80096
    6          0.00000         11.46322        -10.07726         -1.32068         -4.14003          1.03971         16.07976
    7          0.00000         12.54686        -10.65892         -2.09997         -5.26076          1.38214         15.84505
    8          0.00000         12.81080        -10.48205         -1.23482         -3.40260          0.92202         18.65544
    9          0.00000         17.54453        -10.55274         -1.98244         -4.87994          1.45832         21.23490
   10          0.00000         18.04929        -10.73587         -0.92779         -3.33488          0.96942         24.52249
   11          0.00000         20.10470        -10.98063         -2.28041         -5.01987          1.62524         23.78505
   12          0.00000         20.12885        -10.88596         -1.10754         -3.22333          0.98346         26.68394
   13          0.00000         25.53207        -10.41257         -1.39221         -7.04621          2.25089         27.50622
   14          0.00000         25.93297        -10.93270         -1.39476         -3.93925          1.32119         31.53165
   15          0.00000         26.50860        -11.04454         -1.06098         -3.09328          0.97134         33.39887
   16          0.00000         27.41879        -10.09553         -1.41684         -4.13154          1.39087         31.96594
   17          0.00000         29.26042        -10.36919         -2.49448         -5.08709          1.96069         32.04805
   18          0.00000         31.57104        -10.74474         -1.46624         -4.43902          1.57764         36.41053
   19          0.00000         32.77361        -11.27360         -2.12760         -4.96783          1.89671         36.95178
   20          0.00000         37.64414         -9.94558         -3.13803         -4.78337          2.15056         39.66832
   21          0.00000         43.37743         -8.78219         -2.47963         -6.48759          2.76479         43.19241
   22          0.00000         46.85529         -8.31089         -6.67788        -13.51231          5.91154         34.97598
   23          0.00000         93.23360         -8.52701        -25.52696        -52.99461         18.62532         23.23904
   24          0.00000        105.50423         -9.03807        -30.37906        -41.48316         22.94024         42.68008
   25          0.00000        116.12146         -8.58773        -53.98978        -92.94077          7.42323        -22.22135
   26          0.00000        136.19953         -9.08466       -134.15819        -95.41706        -10.05761        -84.29105

spin  1, k-point   28: (0.75000, 0.50000, 0.25000) 
----------------------------------------------------------------------------------------------------------------------------
State              occ             e_mf             v_xc            v_exx           ReSigc           ImSigc             e_qp
----------------------------------------------------------------------------------------------------------------------------
    1          2.00000         -1.26812        -11.00947         -2.92678        -24.27400          2.77716        -17.45942
    2          2.00000         -1.26812        -11.00947         -0.58012         -7.01502          0.92169          2.14621
    3          2.00000          2.53793         -9.97799         -0.86075         -6.72553          0.87944          4.92963
    4          2.00000          2.53793         -9.97799         -1.18598         -7.45627          0.97788          3.87365
    5          0.00000         11.10952         -9.95341         -1.54931         -4.36328          1.06653         15.15033
    6          0.00000         11.10952         -9.95341         -0.36338         -2.57202          0.61858         18.12753
    7          0.00000         12.02198        -10.47432         -2.18087         -4.78396          1.32176         15.53146
    8          0.00000         12.02198        -10.47431         -2.22876         -5.10019          1.27215         15.16734
    9          0.00000         17.43299        -10.78862         -1.58709         -3.62792          1.12129         23.00660
   10          0.00000         17.43299        -10.78862         -1.38540         -4.95273          1.41049         21.88348
   11          0.00000         21.22367        -11.03925         -1.79507         -3.16576          1.08078         27.30209
   12          0.00000         21.22367        -11.03925         -1.71512         -5.05015          1.60723         25.49765
   13          0.00000         26.34497        -11.14482         -1.59855         -4.78879          1.51692         31.10245
   14          0.00000         26.34497        -11.14483         -1.47359         -3.90561          1.38186         32.11059
   15          0.00000         27.35274         -9.30238         -0.81959         -2.42914          0.86866         33.40638
   16          0.00000         27.35275         -9.30239         -1.23881         -4.08210          1.29284         31.33423
   17          0.00000         27.44148        -11.25836         -1.77565         -5.11353          1.65552         31.81067
   18          0.00000         27.44148        -11.25836         -1.05464         -3.41017          1.24517         34.23504
   19          0.00000         34.21149        -10.90902         -1.97642         -4.78252          1.85580         38.36156
   20          0.00000         34.21149        -10.90901         -1.85880         -4.95747          1.82837         38.30423
   21          0.00000         45.76179         -8.30176         -9.07502        -10.31951          5.16155         34.66901
   22          0.00000         45.76183         -8.30162         -2.49776         -5.51126          2.75055         46.05444
   23          0.00000        118.71409         -9.60880       -140.99954        -64.03167         -8.23183        -76.70831
   24          0.00000        118.71433         -9.60879        -31.15287        -96.78738         11.97772          0.38287
   25          0.00000        125.06997         -8.56557        -32.12618        -44.28161         30.87858         57.22776
   26          0.00000        125.07012         -8.56559        -43.08508        -67.38991         24.37917         23.16072

spin  1, k-point   29: (0.00000, 0.75000, 0.25000) 
----------------------------------------------------------------------------------------------------------------------------
State              occ             e_mf             v_xc            v_exx           ReSigc           ImSigc             e_qp
----------------------------------------------------------------------------------------------------------------------------
    1          2.00000         -3.53850        -10.71731         -1.60951        -20.86308          2.52218        -15.29377
    2          2.00000          0.90691        -10.93568         -1.70754        -11.54489          1.47821         -1.40984
    3          2.00000          2.63481        -10.05497         -1.11818         -7.03540          0.91836          4.53620
    4          2.00000          5.10631        -11.04833         -1.41616         -6.77887          1.01050          7.95961
    5          0.00000          9.31447        -10.02074         -1.78082         -5.13825          1.13565         12.41614
    6          0.00000         11.53392        -10.35827         -1.43223         -3.63046          0.96890         16.82951
    7          0.00000         11.79363        -10.41900         -1.28425         -4.08872          1.03757         16.83967
    8          0.00000         13.49998        -10.62910         -2.67936         -6.29840          1.65846         15.15132
    9          0.00000         13.89590        -10.33345         -0.54748         -2.52521          0.65355         21.15665
   10          0.00000         16.84323        -10.36496         -1.71794         -3.66341          1.11972         21.82684
   11          0.00000         20.69468        -11.09984         -1.82927         -4.45732          1.40142         25.50793
   12          0.00000         23.84030        -11.03163         -1.84813         -4.42094          1.52298         28.60286
   13          0.00000         24.49870         -9.45142         -1.00224         -8.48611          2.56113         24.46177
   14          0.00000         24.68001        -10.97832         -0.98884         -3.81027          1.18681         30.85923
   15          0.00000         27.06950        -11.14155         -1.53779         -4.04871          1.39030         32.62456
   16          0.00000         27.85496         -9.90445         -1.86607         -4.24897          1.53770         31.64437
   17          0.00000         28.88722        -10.94538         -1.15001         -4.35587          1.42064         34.32673
   18          0.00000         30.48438        -11.09568         -2.55343         -5.68411          2.15905         33.34252
   19          0.00000         34.35189        -11.45281         -2.15338         -5.25875          2.02369         38.39257
   20          0.00000         39.48798         -9.87706         -3.73938         -6.75692          3.04487         38.86874
   21          0.00000         47.17760         -8.16490         -3.21560         -8.64505          4.15305         43.48185
   22          0.00000         55.22839         -8.70413         -4.79475        -17.25696          6.83651         41.88081
   23          0.00000         85.62334         -8.72049        -19.23859        -32.81534         16.38222         42.28989
   24          0.00000         95.86355         -8.09402        -42.39069        -76.45846          6.56776        -14.89159
   25          0.00000        114.13134         -8.85330        -55.72524        -94.38976          6.98570        -27.13037
   26          0.00000        139.31886         -8.96307       -119.97758       -100.76474         -6.51501        -72.46039

spin  1, k-point   30: (0.25000, 0.75000, 0.25000) 
----------------------------------------------------------------------------------------------------------------------------
State              occ             e_mf             v_xc            v_exx           ReSigc           ImSigc             e_qp
----------------------------------------------------------------------------------------------------------------------------
    1          2.00000         -2.86108        -10.81794         -1.61236        -18.52631          2.29986        -12.18182
    2          2.00000         -0.00280        -10.77890         -1.62895        -13.09843          1.67792         -3.95128
    3          2.00000          2.85933        -10.22910         -1.20463         -7.56813          0.99210          4.31568
    4          2.00000          4.23357        -10.80118         -1.39520         -6.27025          0.86134          7.36930
    5          0.00000          8.36364         -9.64310         -1.36309         -4.45277          0.95868         12.19087
    6          0.00000         11.46322        -10.07726         -1.34378         -4.01485          1.03066         16.18185
    7          0.00000         12.54686        -10.65892         -2.06220         -4.69140          1.26983         16.45218
    8          0.00000         12.81080        -10.48205         -1.29973         -3.33487          0.91788         18.65826
    9          0.00000         17.54453        -10.55274         -1.96995         -3.99187          1.25337         22.13545
   10          0.00000         18.04929        -10.73587         -0.95716         -3.24438          0.95249         24.58361
   11          0.00000         20.10470        -10.98063         -2.30773         -4.86654          1.58395         23.91105
   12          0.00000         20.12885        -10.88596         -1.16057         -3.23801          0.96941         26.61623
   13          0.00000         25.53207        -10.41257         -1.40440         -5.55165          1.85967         28.98858
   14          0.00000         25.93297        -10.93270         -1.33705         -5.30518          1.72665         30.22344
   15          0.00000         26.50860        -11.04454         -1.08779         -3.65283          1.16888         32.81251
   16          0.00000         27.41879        -10.09553         -1.35515         -3.82896          1.32594         32.33020
   17          0.00000         29.26042        -10.36919         -2.50775         -4.47947          1.75418         32.64240
   18          0.00000         31.57104        -10.74474         -1.43173         -4.90919          1.72517         35.97486
   19          0.00000         32.77361        -11.27360         -2.28039         -4.30738          1.66049         37.45945
   20          0.00000         37.64414         -9.94558         -3.13338         -6.34156          2.73286         38.11478
   21          0.00000         43.37743         -8.78219         -2.53089         -7.31092          2.85989         42.31782
   22          0.00000         46.85529         -8.31089         -6.77471        -10.18597          5.06902         38.20550
   23          0.00000         93.23360         -8.52701        -23.43451        -52.46685         19.25200         25.85926
   24          0.00000        105.50423         -9.03807        -28.53288        -56.65835         22.74869         29.35107
   25          0.00000        116.12146         -8.58773        -59.60454        -88.23501          6.43398        -23.13035
   26          0.00000        136.19953         -9.08466       -130.50363        -87.39556         -7.60382        -72.61500

spin  1, k-point   31: (0.50000, 0.75000, 0.25000) 
----------------------------------------------------------------------------------------------------------------------------
State              occ             e_mf             v_xc            v_exx           ReSigc           ImSigc             e_qp
----------------------------------------------------------------------------------------------------------------------------
    1          2.00000         -1.26812        -11.00947         -2.90825        -25.60265          2.88875        -18.76955
    2          2.00000         -1.26812        -11.00947         -0.57047         -6.64424          0.87569          2.52664
    3          2.00000          2.53793         -9.97799         -0.89508         -6.92867          0.89646          4.69216
    4          2.00000          2.53793         -9.97799         -1.17861         -6.91401          0.91119          4.42329
    5          0.00000         11.10952         -9.95341         -1.58009         -3.79566          0.93519         15.68718
    6          0.00000         11.10952         -9.95341         -0.36407         -2.56969          0.61495         18.12917
    7          0.00000         12.02198        -10.47432         -2.10228         -5.41155          1.45162         14.98246
    8          0.00000         12.02198        -10.47431         -2.19912         -4.73987          1.22828         15.55731
    9          0.00000         17.43299        -10.78862         -1.61784         -3.08402          0.99272         23.51975
   10          0.00000         17.43299        -10.78862         -1.38464         -4.21865          1.20188         22.61832
   11          0.00000         21.22367        -11.03925         -1.77131         -2.94452          1.02376         27.54708
   12          0.00000         21.22367        -11.03925         -1.83463         -4.97364          1.51640         25.45465
   13          0.00000         26.34497        -11.14482         -1.59123         -4.88443          1.56309         31.01413
   14          0.00000         26.34497        -11.14483         -1.49832         -3.74602          1.35739         32.24546
   15          0.00000         27.35274         -9.30238         -0.81181         -2.45140          0.88626         33.39190
   16          0.00000         27.35275         -9.30239         -1.23946         -4.01264          1.29481         31.40304
   17          0.00000         27.44148        -11.25836         -1.83042         -5.13198          1.65801         31.73744
   18          0.00000         27.44148        -11.25836         -0.99940         -3.56009          1.31961         34.14036
   19          0.00000         34.21149        -10.90902         -1.99558         -4.84727          1.85833         38.27765
   20          0.00000         34.21149        -10.90901         -1.88486         -5.30851          1.94528         37.92713
   21          0.00000         45.76179         -8.30176         -9.04229        -11.46434          5.45820         33.55692
   22          0.00000         45.76183         -8.30162         -2.44373         -5.55004          2.75011         46.06969
   23          0.00000        118.71409         -9.60880       -139.06467        -63.77929         -7.93919        -74.52106
   24          0.00000        118.71433         -9.60879        -31.17105        -93.06401         12.00467          4.08806
   25          0.00000        125.06997         -8.56557        -32.27251        -42.85417         31.17120         58.50886
   26          0.00000        125.07012         -8.56559        -44.84636        -68.85561         22.70535         19.93374

spin  1, k-point   32: (0.75000, 0.75000, 0.25000) 
----------------------------------------------------------------------------------------------------------------------------
State              occ             e_mf             v_xc            v_exx           ReSigc           ImSigc             e_qp
----------------------------------------------------------------------------------------------------------------------------
    1          2.00000         -2.86108        -10.81794         -1.65623        -20.28519          2.48216        -13.98456
    2          2.00000         -0.00280        -10.77890         -1.62710        -13.71179          1.75330         -4.56279
    3          2.00000          2.85933        -10.22910         -1.22495         -7.90485          1.03107          3.95863
    4          2.00000          4.23357        -10.80118         -1.24786         -6.05521          0.87190          7.73167
    5          0.00000          8.36364         -9.64310         -1.57701         -4.43304          0.96468         11.99669
    6          0.00000         11.46322        -10.07726         -1.33045         -4.17828          1.05318         16.03175
    7          0.00000         12.54686        -10.65892         -2.05066         -5.65906          1.44933         15.49606
    8          0.00000         12.81080        -10.48205         -1.25023         -3.24233          0.88744         18.80030
    9          0.00000         17.54453        -10.55274         -2.02047         -4.55849          1.37808         21.51831
   10          0.00000         18.04929        -10.73587         -0.91798         -3.15562          0.91904         24.71156
   11          0.00000         20.10470        -10.98063         -2.31234         -5.17999          1.66303         23.59300
   12          0.00000         20.12885        -10.88596         -1.08127         -2.80827          0.85875         27.12526
   13          0.00000         25.53207        -10.41257         -1.46611         -7.08569          2.29106         27.39284
   14          0.00000         25.93297        -10.93270         -1.40372         -3.81852          1.28632         31.64343
   15          0.00000         26.50860        -11.04454         -1.09183         -3.49600          1.11017         32.96531
   16          0.00000         27.41879        -10.09553         -1.39835         -4.91900          1.66097         31.19697
   17          0.00000         29.26042        -10.36919         -2.51394         -5.35443          2.03264         31.76125
   18          0.00000         31.57104        -10.74474         -1.44001         -4.71361          1.68215         36.16216
   19          0.00000         32.77361        -11.27360         -2.14635         -4.80730          1.83696         37.09356
   20          0.00000         37.64414         -9.94558         -3.18961         -6.10052          2.62854         38.29959
   21          0.00000         43.37743         -8.78219         -2.53479         -6.57757          2.83091         43.04727
   22          0.00000         46.85529         -8.31089         -6.61507        -13.93869          5.95510         34.61242
   23          0.00000         93.23360         -8.52701        -27.00522        -54.44287         17.66506         20.31253
   24          0.00000        105.50423         -9.03807        -30.53265        -40.33385         22.93528         43.67580
   25          0.00000        116.12146         -8.58773        -54.04032        -92.24048          7.66051        -21.57161
   26          0.00000        136.19953         -9.08466       -131.09799        -92.01095         -8.54752        -77.82475

spin  1, k-point   33: (0.00000, 0.00000, 0.50000) 
----------------------------------------------------------------------------------------------------------------------------
State              occ             e_mf             v_xc            v_exx           ReSigc           ImSigc             e_qp
----------------------------------------------------------------------------------------------------------------------------
    1          2.00000         -3.24597        -10.89501         -1.70181        -20.99189          2.54710        -15.04466
    2          2.00000         -0.60442        -10.18709         -1.27632        -12.95660          1.66792         -4.65025
    3          2.00000          5.24068        -11.14639         -1.39674         -5.85091          1.01249          9.13942
    4          2.00000          5.24068        -11.14639         -1.48594         -7.75921          0.99657          7.14192
    5          0.00000          8.10635        -10.16833         -2.37707         -7.77836          1.22762          8.11925
    6          0.00000         10.17233        -10.09528         -1.16272         -3.29948          0.81907         15.80542
    7          0.00000         10.17233        -10.09528         -1.08914         -2.82462          0.72756         16.35385
    8          0.00000         17.54714        -10.43599         -2.42525         -5.53009          1.62301         20.02778
    9          0.00000         18.00411        -10.74666         -0.66567         -3.04897          0.85542         25.03613
   10          0.00000         18.00411        -10.74666         -0.67038         -2.86969          0.79940         25.21069
   11          0.00000         18.35794        -10.12175         -2.29574         -5.01105          1.56441         21.17290
   12          0.00000         19.73062        -10.83902         -1.36991         -2.90298          0.90761         26.29675
   13          0.00000         19.73062        -10.83902         -1.37444         -3.02623          0.97138         26.16898
   14          0.00000         26.53272        -10.66032         -2.29848         -5.97877          2.07135         28.91579
   15          0.00000         28.45919         -9.87907         -2.67017         -7.24033          2.61722         28.42776
   16          0.00000         29.64895        -11.06737         -1.16396         -4.87802          1.63340         34.67433
   17          0.00000         29.64895        -11.06737         -1.13776         -3.46795          1.13257         36.11060
   18          0.00000         33.61285        -11.46380         -2.18811         -5.05245          1.95021         37.83610
   19          0.00000         33.61285        -11.46380         -2.26134         -5.51957          2.12147         37.29574
   20          0.00000         36.43095         -8.38342         -1.75288         -5.64982          2.31786         37.41166
   21          0.00000         62.18153         -8.74398         -5.54254        -11.45963          6.45569         53.92334
   22          0.00000         62.18153         -8.74398         -6.97549        -22.96680          9.46500         40.98321
   23          0.00000         73.25900         -8.77324        -14.62335        -19.22196         11.15261         48.18693
   24          0.00000         73.25900         -8.77324        -16.33642        -27.49503         12.95126         38.20078
   25          0.00000        106.59377         -7.80404        -51.61320       -118.49562          2.04738        -55.71101
   26          0.00000        145.62642         -8.49134       -176.29710       -104.52705        -18.55853       -126.70638

spin  1, k-point   34: (0.25000, 0.00000, 0.50000) 
----------------------------------------------------------------------------------------------------------------------------
State              occ             e_mf             v_xc            v_exx           ReSigc           ImSigc             e_qp
----------------------------------------------------------------------------------------------------------------------------
    1          2.00000         -2.86108        -10.81794         -1.64061        -19.71922          2.43155        -13.40298
    2          2.00000         -0.00280        -10.77890         -1.60068        -12.53875          1.60892         -3.36333
    3          2.00000          2.85933        -10.22910         -1.20280         -6.89191          0.89640          4.99373
    4          2.00000          4.23357        -10.80118         -1.34808         -7.56655          0.93752          6.12012
    5          0.00000          8.36364         -9.64310         -1.45168         -4.26160          0.94720         12.29345
    6          0.00000         11.46322        -10.07726         -1.28629         -3.87788          0.98768         16.37631
    7          0.00000         12.54686        -10.65892         -2.09699         -4.95321          1.32850         16.15559
    8          0.00000         12.81080        -10.48205         -1.31686         -3.15502          0.86786         18.82098
    9          0.00000         17.54453        -10.55274         -2.01881         -4.16637          1.29031         21.91209
   10          0.00000         18.04929        -10.73587         -0.94756         -3.00156          0.88018         24.83603
   11          0.00000         20.10470        -10.98063         -2.30031         -4.73800          1.54518         24.04702
   12          0.00000         20.12885        -10.88596         -1.12675         -3.00249          0.91542         26.88556
   13          0.00000         25.53207        -10.41257         -1.39161         -5.33009          1.77048         29.22294
   14          0.00000         25.93297        -10.93270         -1.38395         -4.00621          1.35137         31.47551
   15          0.00000         26.50860        -11.04454         -1.10321         -3.65172          1.16611         32.79821
   16          0.00000         27.41879        -10.09553         -1.32946         -3.87685          1.32174         32.30801
   17          0.00000         29.26042        -10.36919         -2.56758         -4.97334          1.93142         32.08870
   18          0.00000         31.57104        -10.74474         -1.42306         -5.40128          1.89208         35.49144
   19          0.00000         32.77361        -11.27360         -2.24634         -5.04046          1.94117         36.76041
   20          0.00000         37.64414         -9.94558         -3.13782         -5.90805          2.59019         38.54385
   21          0.00000         43.37743         -8.78219         -2.93668         -9.25850          3.71519         39.96445
   22          0.00000         46.85529         -8.31089         -6.42779        -10.13526          4.97179         38.60312
   23          0.00000         93.23360         -8.52701        -24.33021        -41.60210         19.72868         35.82831
   24          0.00000        105.50423         -9.03807        -33.98183        -51.65718         21.38187         28.90329
   25          0.00000        116.12146         -8.58773        -52.48048        -97.50409          7.37029        -25.27538
   26          0.00000        136.19953         -9.08466       -128.64168        -81.16286         -6.35022        -64.52034

spin  1, k-point   35: (0.50000, 0.00000, 0.50000) 
----------------------------------------------------------------------------------------------------------------------------
State              occ             e_mf             v_xc            v_exx           ReSigc           ImSigc             e_qp
----------------------------------------------------------------------------------------------------------------------------
    1          2.00000         -1.43299        -10.86919         -2.62890        -23.92022          2.77104        -17.11292
    2          2.00000         -1.43299        -10.86919         -0.60040         -6.84275          0.90331          1.99306
    3          2.00000          3.58372        -10.66004         -1.30837         -7.23134          0.91038          5.70404
    4          2.00000          3.58372        -10.66004         -1.29672         -6.89156          0.87134          6.05546
    5          0.00000          7.52240         -9.34403         -1.98543         -4.46567          0.94975         10.41532
    6          0.00000          7.52240         -9.34403         -0.96683         -3.76851          0.77686         12.13109
    7          0.00000         16.85409        -10.75972         -2.27884         -3.68233          1.14261         21.65264
    8          0.00000         16.85409        -10.75972         -2.29358         -3.23436          1.06447         22.08587
    9          0.00000         18.11214        -10.89049         -0.71325         -3.02008          0.86431         25.26930
   10          0.00000         18.11214        -10.89049         -0.69370         -3.07107          0.87739         25.23787
   11          0.00000         20.58782        -10.92057         -3.32062         -5.52231          1.73000         22.66547
   12          0.00000         20.58782        -10.92058         -1.06895         -3.87823          1.29796         26.56122
   13          0.00000         21.04210        -10.83968         -1.49504         -4.91369          1.33911         25.47305
   14          0.00000         21.04210        -10.83968         -0.01549         -0.56926          0.17827         31.29703
   15          0.00000         29.37875        -10.50987         -0.44692         -2.55342          0.92410         36.88827
   16          0.00000         29.37877        -10.50988         -1.88463         -6.77296          2.21582         31.23106
   17          0.00000         32.44408        -11.39375         -2.20490         -4.89834          1.86766         36.73460
   18          0.00000         32.44408        -11.39375         -2.26722         -4.31701          1.66101         37.25361
   19          0.00000         34.27254         -9.59921         -6.77886         -4.53253          2.37197         32.56036
   20          0.00000         34.27256         -9.59918         -2.52684         -6.49280          2.39086         34.85210
   21          0.00000         37.50199         -8.59154         -1.99161         -7.29244          2.57016         36.80947
   22          0.00000         37.50199         -8.59154         -1.98683         -6.73286          2.53877         37.37383
   23          0.00000        112.29727         -9.66705        -33.71088        -46.03038         25.02745         42.22306
   24          0.00000        112.29727         -9.66705        -36.17250        -51.44279         24.30568         34.34902
   25          0.00000        127.99819         -8.49767       -123.60406        -68.53217         -4.03530        -55.64037
   26          0.00000        127.99831         -8.49757        -25.23717        -84.44841         28.74212         26.81029

spin  1, k-point   36: (0.75000, 0.00000, 0.50000) 
----------------------------------------------------------------------------------------------------------------------------
State              occ             e_mf             v_xc            v_exx           ReSigc           ImSigc             e_qp
----------------------------------------------------------------------------------------------------------------------------
    1          2.00000         -2.86108        -10.81794         -1.64061        -19.71922          2.43155        -13.40298
    2          2.00000         -0.00280        -10.77890         -1.60068        -12.53875          1.60892         -3.36333
    3          2.00000          2.85933        -10.22910         -1.20280         -6.89191          0.89640          4.99373
    4          2.00000          4.23357        -10.80118         -1.34808         -7.56655          0.93752          6.12012
    5          0.00000          8.36364         -9.64310         -1.45168         -4.26160          0.94720         12.29345
    6          0.00000         11.46322        -10.07726         -1.28629         -3.87788          0.98768         16.37631
    7          0.00000         12.54686        -10.65892         -2.09699         -4.95321          1.32850         16.15559
    8          0.00000         12.81080        -10.48205         -1.31686         -3.15502          0.86786         18.82098
    9          0.00000         17.54453        -10.55274         -2.01881         -4.16637          1.29031         21.91209
   10          0.00000         18.04929        -10.73587         -0.94756         -3.00156          0.88018         24.83603
   11          0.00000         20.10470        -10.98063         -2.30031         -4.73800          1.54518         24.04702
   12          0.00000         20.12885        -10.88596         -1.12675         -3.00249          0.91542         26.88556
   13          0.00000         25.53207        -10.41257         -1.39161         -5.33009          1.77048         29.22294
   14          0.00000         25.93297        -10.93270         -1.38395         -4.00621          1.35137         31.47551
   15          0.00000         26.50860        -11.04454         -1.10321         -3.65172          1.16611         32.79821
   16          0.00000         27.41879        -10.09553         -1.32946         -3.87685          1.32174         32.30801
   17          0.00000         29.26042        -10.36919         -2.56758         -4.97334          1.93142         32.08870
   18          0.00000         31.57104        -10.74474         -1.42306         -5.40128          1.89208         35.49144
   19          0.00000         32.77361        -11.27360         -2.24634         -5.04046          1.94117         36.76041
   20          0.00000         37.64414         -9.94558         -3.13782         -5.90805          2.59019         38.54385
   21          0.00000         43.37743         -8.78219         -2.93668         -9.25850          3.71519         39.96445
   22          0.00000         46.85529         -8.31089         -6.42779        -10.13526          4.97179         38.60312
   23          0.00000         93.23360         -8.52701        -24.33021        -41.60210         19.72868         35.82831
   24          0.00000        105.50423         -9.03807        -33.98183        -51.65718         21.38187         28.90329
   25          0.00000        116.12146         -8.58773        -52.48048        -97.50409          7.37029        -25.27538
   26          0.00000        136.19953         -9.08466       -128.64168        -81.16286         -6.35022        -64.52034

spin  1, k-point   37: (0.00000, 0.25000, 0.50000) 
----------------------------------------------------------------------------------------------------------------------------
State              occ             e_mf             v_xc            v_exx           ReSigc           ImSigc             e_qp
----------------------------------------------------------------------------------------------------------------------------
    1          2.00000         -2.86108        -10.81794         -1.65898        -19.08887          2.35421        -12.79100
    2          2.00000         -0.00280        -10.77890         -1.60156        -13.07768          1.67568         -3.90314
    3          2.00000          2.85933        -10.22910         -1.18252         -7.59288          0.99526          4.31304
    4          2.00000          4.23357        -10.80118         -1.31132         -6.41564          0.87019          7.30779
    5          0.00000          8.36364         -9.64310         -1.45640         -4.75760          0.99057         11.79274
    6          0.00000         11.46322        -10.07726         -1.39496         -4.20038          1.06205         15.94514
    7          0.00000         12.54686        -10.65892         -2.09091         -5.45562          1.42453         15.65926
    8          0.00000         12.81080        -10.48205         -1.30372         -3.58401          0.97933         18.40512
    9          0.00000         17.54453        -10.55274         -2.01115         -4.11333          1.27941         21.97279
   10          0.00000         18.04929        -10.73587         -0.91684         -2.97931          0.87342         24.88900
   11          0.00000         20.10470        -10.98063         -2.30724         -5.06688          1.63137         23.71122
   12          0.00000         20.12885        -10.88596         -1.10280         -2.88659          0.90368         27.02542
   13          0.00000         25.53207        -10.41257         -1.42229         -5.33559          1.76222         29.18676
   14          0.00000         25.93297        -10.93270         -1.32300         -4.34805          1.41838         31.19461
   15          0.00000         26.50860        -11.04454         -1.08495         -4.19355          1.34519         32.27463
   16          0.00000         27.41879        -10.09553         -1.30715         -3.73966          1.25800         32.46751
   17          0.00000         29.26042        -10.36919         -2.48617         -5.78695          2.20093         31.35650
   18          0.00000         31.57104        -10.74474         -1.39189         -5.08102          1.78274         35.84287
   19          0.00000         32.77361        -11.27360         -2.21056         -5.13181          1.94070         36.70484
   20          0.00000         37.64414         -9.94558         -3.25431         -5.82413          2.58165         38.51127
   21          0.00000         43.37743         -8.78219         -2.64545         -7.29894          2.96280         42.21523
   22          0.00000         46.85529         -8.31089         -6.70746        -11.14656          5.43245         37.31216
   23          0.00000         93.23360         -8.52701        -25.79415        -51.60784         19.13508         24.35863
   24          0.00000        105.50423         -9.03807        -29.11607        -44.19881         23.18060         41.22742
   25          0.00000        116.12146         -8.58773        -54.97673        -93.96964          7.30228        -24.23717
   26          0.00000        136.19953         -9.08466       -129.71207        -99.03447         -9.11620        -83.46234

spin  1, k-point   38: (0.25000, 0.25000, 0.50000) 
----------------------------------------------------------------------------------------------------------------------------
State              occ             e_mf             v_xc            v_exx           ReSigc           ImSigc             e_qp
----------------------------------------------------------------------------------------------------------------------------
    1          2.00000         -3.53850        -10.71731         -1.63980        -21.35176          2.57145        -15.81275
    2          2.00000          0.90691        -10.93568         -1.69330        -12.49199          1.60295         -2.34270
    3          2.00000          2.63481        -10.05497         -1.12269         -7.98678          1.04900          3.58031
    4          2.00000          5.10631        -11.04833         -1.32904         -6.07458          1.00522          8.75102
    5          0.00000          9.31447        -10.02074         -1.89758         -5.28028          1.17511         12.15734
    6          0.00000         11.53392        -10.35827         -1.39703         -3.27803          0.88193         17.21713
    7          0.00000         11.79363        -10.41900         -1.29079         -4.74098          1.18454         16.18086
    8          0.00000         13.49998        -10.62910         -2.66027         -7.06507          1.71547         14.40373
    9          0.00000         13.89590        -10.33345         -0.54352         -2.48908          0.64558         21.19675
   10          0.00000         16.84323        -10.36496         -1.71343         -3.73219          1.13875         21.76257
   11          0.00000         20.69468        -11.09984         -1.84837         -4.04958          1.34391         25.89656
   12          0.00000         23.84030        -11.03163         -1.81575         -4.85326          1.63175         28.20292
   13          0.00000         24.49870         -9.45142         -1.01457         -7.28563          2.27996         25.64992
   14          0.00000         24.68001        -10.97832         -0.97952         -3.56315          1.10425         31.11566
   15          0.00000         27.06950        -11.14155         -1.48461         -3.66146          1.22783         33.06499
   16          0.00000         27.85496         -9.90445         -1.87634         -4.97380          1.77055         30.90927
   17          0.00000         28.88722        -10.94538         -1.19657         -4.32009          1.42899         34.31594
   18          0.00000         30.48438        -11.09568         -2.55259         -5.85982          2.20696         33.16765
   19          0.00000         34.35189        -11.45281         -2.08881         -4.88832          1.87266         38.82757
   20          0.00000         39.48798         -9.87706         -3.60227         -6.01613          2.73565         39.74664
   21          0.00000         47.17760         -8.16490         -3.25163         -8.11522          3.83230         43.97565
   22          0.00000         55.22839         -8.70413         -4.47833        -10.31404          5.26533         49.14015
   23          0.00000         85.62334         -8.72049        -19.91273        -20.67085         14.42780         53.76024
   24          0.00000         95.86355         -8.09402        -42.39339        -74.03251          6.89224        -12.46833
   25          0.00000        114.13134         -8.85330        -54.71715       -102.15291          6.02154        -33.88543
   26          0.00000        139.31886         -8.96307       -121.57901        -99.97471         -6.98549        -73.27179

spin  1, k-point   39: (0.50000, 0.25000, 0.50000) 
----------------------------------------------------------------------------------------------------------------------------
State              occ             e_mf             v_xc            v_exx           ReSigc           ImSigc             e_qp
----------------------------------------------------------------------------------------------------------------------------
    1          2.00000         -2.86108        -10.81794         -1.65624        -19.15305          2.36728        -12.85243
    2          2.00000         -0.00280        -10.77890         -1.58644        -13.55940          1.73575         -4.36975
    3          2.00000          2.85933        -10.22910         -1.15170         -7.86356          1.03063          4.07318
    4          2.00000          4.23357        -10.80118         -1.36925         -6.29430          0.86100          7.37120
    5          0.00000          8.36364         -9.64310         -1.37349         -4.54555          0.97540         12.08769
    6          0.00000         11.46322        -10.07726         -1.32764         -3.92172          1.00969         16.29113
    7          0.00000         12.54686        -10.65892         -2.13436         -4.46093          1.24521         16.61049
    8          0.00000         12.81080        -10.48205         -1.36411         -3.49426          0.95529         18.43448
    9          0.00000         17.54453        -10.55274         -2.01500         -3.92879          1.21642         22.15348
   10          0.00000         18.04929        -10.73587         -0.92297         -3.10354          0.90726         24.75864
   11          0.00000         20.10470        -10.98063         -2.30315         -4.81250          1.55772         23.96968
   12          0.00000         20.12885        -10.88596         -1.11913         -3.07401          0.95207         26.82167
   13          0.00000         25.53207        -10.41257         -1.34954         -5.38763          1.78561         29.20747
   14          0.00000         25.93297        -10.93270         -1.33018         -4.99008          1.62711         30.54540
   15          0.00000         26.50860        -11.04454         -1.10191         -3.87361          1.21279         32.57762
   16          0.00000         27.41879        -10.09553         -1.30709         -3.88513          1.34495         32.32210
   17          0.00000         29.26042        -10.36919         -2.55568         -4.57682          1.80713         32.49712
   18          0.00000         31.57104        -10.74474         -1.39686         -5.05784          1.78304         35.86108
   19          0.00000         32.77361        -11.27360         -2.24747         -4.93183          1.85821         36.86790
   20          0.00000         37.64414         -9.94558         -3.11785         -5.23803          2.31264         39.23384
   21          0.00000         43.37743         -8.78219         -2.48281         -6.78538          2.69651         42.89143
   22          0.00000         46.85529         -8.31089         -6.78150        -10.24863          5.10920         38.13605
   23          0.00000         93.23360         -8.52701        -24.55870        -52.44131         19.27791         24.76061
   24          0.00000        105.50423         -9.03807        -28.86847        -52.06614         23.14631         33.60769
   25          0.00000        116.12146         -8.58773        -56.11550        -87.72030          7.34068        -19.12660
   26          0.00000        136.19953         -9.08466       -131.49882        -92.47730         -8.47035        -78.69192

spin  1, k-point   40: (0.75000, 0.25000, 0.50000) 
----------------------------------------------------------------------------------------------------------------------------
State              occ             e_mf             v_xc            v_exx           ReSigc           ImSigc             e_qp
----------------------------------------------------------------------------------------------------------------------------
    1          2.00000         -1.26812        -11.00947         -2.90780        -23.32143          2.69760        -16.48788
    2          2.00000         -1.26812        -11.00947         -0.56822         -6.68968          0.88242          2.48345
    3          2.00000          2.53793         -9.97799         -0.89970         -6.24297          0.80688          5.37325
    4          2.00000          2.53793         -9.97799         -1.18464         -7.65363          1.00651          3.67764
    5          0.00000         11.10952         -9.95341         -1.58671         -3.97457          0.99873         15.50165
    6          0.00000         11.10952         -9.95341         -0.35455         -2.51788          0.60572         18.19050
    7          0.00000         12.02198        -10.47432         -2.08435         -5.05972          1.36300         15.35222
    8          0.00000         12.02198        -10.47431         -2.18036         -5.13785          1.27939         15.17808
    9          0.00000         17.43299        -10.78862         -1.58003         -2.62427          0.84753         24.01732
   10          0.00000         17.43299        -10.78862         -1.41475         -3.67685          1.08873         23.13002
   11          0.00000         21.22367        -11.03925         -1.74856         -2.73630          0.94380         27.77806
   12          0.00000         21.22367        -11.03925         -1.85162         -4.97397          1.60478         25.43733
   13          0.00000         26.34497        -11.14482         -1.61211         -5.16331          1.63450         30.71438
   14          0.00000         26.34497        -11.14483         -1.45928         -3.45388          1.23547         32.57664
   15          0.00000         27.35274         -9.30238         -0.80564         -2.49297          0.89333         33.35650
   16          0.00000         27.35275         -9.30239         -1.21835         -3.92700          1.25243         31.50979
   17          0.00000         27.44148        -11.25836         -1.79430         -6.55284          2.06455         30.35270
   18          0.00000         27.44148        -11.25836         -0.98122         -3.31686          1.20038         34.40177
   19          0.00000         34.21149        -10.90902         -2.01011         -4.26893          1.67826         38.84146
   20          0.00000         34.21149        -10.90901         -1.90096         -5.67734          2.07769         37.54220
   21          0.00000         45.76179         -8.30176         -9.09996        -10.39997          5.20431         34.56363
   22          0.00000         45.76183         -8.30162         -2.44121         -6.25527          3.00050         45.36698
   23          0.00000        118.71409         -9.60880       -137.11924        -59.99012         -6.62752        -68.78647
   24          0.00000        118.71433         -9.60879        -30.84626        -97.14855         11.87072          0.32832
   25          0.00000        125.06997         -8.56557        -31.89784        -50.06537         30.81250         51.67234
   26          0.00000        125.07012         -8.56559        -41.87889        -61.57365         26.87812         30.18316

spin  1, k-point   41: (0.00000, 0.50000, 0.50000) 
----------------------------------------------------------------------------------------------------------------------------
State              occ             e_mf             v_xc            v_exx           ReSigc           ImSigc             e_qp
----------------------------------------------------------------------------------------------------------------------------
    1          2.00000         -1.43299        -10.86919         -2.67541        -21.98603          2.59009        -15.22524
    2          2.00000         -1.43299        -10.86919         -0.62177         -7.30121          0.94872          1.51322
    3          2.00000          3.58372        -10.66004         -1.23021         -7.43217          0.96091          5.58138
    4          2.00000          3.58372        -10.66004         -1.24842         -7.70758          1.00363          5.28774
    5          0.00000          7.52240         -9.34403         -2.11148         -5.30990          1.00727          9.44505
    6          0.00000          7.52240         -9.34403         -0.98708         -3.75029          0.75135         12.12906
    7          0.00000         16.85409        -10.75972         -2.12890         -4.77510          1.46510         20.70982
    8          0.00000         16.85409        -10.75972         -2.22331         -4.18366          1.30715         21.20685
    9          0.00000         18.11214        -10.89049         -0.70449         -2.82002          0.80282         25.47812
   10          0.00000         18.11214        -10.89049         -0.69381         -3.41729          0.96301         24.89153
   11          0.00000         20.58782        -10.92057         -3.40571         -5.75191          1.74065         22.35078
   12          0.00000         20.58782        -10.92058         -1.05918         -3.95800          1.34552         26.49122
   13          0.00000         21.04210        -10.83968         -1.44640         -4.87634          1.36084         25.55904
   14          0.00000         21.04210        -10.83968         -0.01601         -0.65382          0.20445         31.21195
   15          0.00000         29.37875        -10.50987         -0.45031         -2.27590          0.82853         37.16240
   16          0.00000         29.37877        -10.50988         -1.82774         -6.42222          2.08777         31.63869
   17          0.00000         32.44408        -11.39375         -2.14239         -4.52190          1.71062         37.17354
   18          0.00000         32.44408        -11.39375         -2.15821         -4.92392          1.84710         36.75570
   19          0.00000         34.27254         -9.59921         -6.95747         -5.64248          2.83369         31.27180
   20          0.00000         34.27256         -9.59918         -2.60671         -6.01263          2.26507         35.25240
   21          0.00000         37.50199         -8.59154         -1.89922         -6.49996          2.35450         37.69435
   22          0.00000         37.50199         -8.59154         -1.94599         -6.16295          2.34681         37.98459
   23          0.00000        112.29727         -9.66705        -33.24917        -46.45422         25.99210         42.26093
   24          0.00000        112.29727         -9.66705        -32.73696        -56.68438         25.33483         32.54297
   25          0.00000        127.99819         -8.49767       -128.20285        -82.23902         -6.56553        -73.94601
   26          0.00000        127.99831         -8.49757        -26.02068        -65.96880         30.71098         44.50639

spin  1, k-point   42: (0.25000, 0.50000, 0.50000) 
----------------------------------------------------------------------------------------------------------------------------
State              occ             e_mf             v_xc            v_exx           ReSigc           ImSigc             e_qp
----------------------------------------------------------------------------------------------------------------------------
    1          2.00000         -2.86108        -10.81794         -1.66832        -18.75742          2.32675        -12.46888
    2          2.00000         -0.00280        -10.77890         -1.61509        -12.56498          1.60720         -3.40397
    3          2.00000          2.85933        -10.22910         -1.20481         -7.13958          0.92953          4.74405
    4          2.00000          4.23357        -10.80118         -1.27254         -8.14691          1.04717          5.61529
    5          0.00000          8.36364         -9.64310         -1.52023         -4.39246          0.94364         12.09405
    6          0.00000         11.46322        -10.07726         -1.31493         -3.97446          0.99956         16.25108
    7          0.00000         12.54686        -10.65892         -2.09031         -4.57882          1.25484         16.53665
    8          0.00000         12.81080        -10.48205         -1.24791         -3.90967          1.05411         18.13528
    9          0.00000         17.54453        -10.55274         -1.99802         -4.52439          1.36887         21.57485
   10          0.00000         18.04929        -10.73587         -0.91014         -3.43114          1.00489         24.44388
   11          0.00000         20.10470        -10.98063         -2.27875         -4.64021          1.50687         24.16637
   12          0.00000         20.12885        -10.88596         -1.06600         -3.55526          1.09464         26.39354
   13          0.00000         25.53207        -10.41257         -1.40816         -5.18306          1.72140         29.35341
   14          0.00000         25.93297        -10.93270         -1.39103         -4.31537          1.43905         31.15928
   15          0.00000         26.50860        -11.04454         -1.07629         -3.37430          1.07793         33.10254
   16          0.00000         27.41879        -10.09553         -1.38571         -3.97953          1.35830         32.14908
   17          0.00000         29.26042        -10.36919         -2.54276         -4.75913          1.89141         32.32772
   18          0.00000         31.57104        -10.74474         -1.42629         -5.31209          1.85808         35.57741
   19          0.00000         32.77361        -11.27360         -2.09990         -4.71563          1.76251         37.23169
   20          0.00000         37.64414         -9.94558         -3.17660         -5.57417          2.45045         38.83895
   21          0.00000         43.37743         -8.78219         -2.52506         -8.60664          3.42908         41.02792
   22          0.00000         46.85529         -8.31089         -6.66734         -9.65744          4.84633         38.84140
   23          0.00000         93.23360         -8.52701        -24.96545        -46.52852         19.44248         30.26665
   24          0.00000        105.50423         -9.03807        -30.58025        -60.24587         22.21708         23.71618
   25          0.00000        116.12146         -8.58773        -52.90861       -104.52550          6.42940        -32.72491
   26          0.00000        136.19953         -9.08466       -133.08651        -72.36134         -5.88342        -60.16366

spin  1, k-point   43: (0.50000, 0.50000, 0.50000) 
----------------------------------------------------------------------------------------------------------------------------
State              occ             e_mf             v_xc            v_exx           ReSigc           ImSigc             e_qp
----------------------------------------------------------------------------------------------------------------------------
    1          2.00000         -3.24597        -10.89501         -1.73138        -20.09550          2.46175        -14.17784
    2          2.00000         -0.60442        -10.18709         -1.28098        -13.73655          1.76041         -5.43486
    3          2.00000          5.24068        -11.14639         -1.37703         -7.84404          1.03302          7.16600
    4          2.00000          5.24068        -11.14639         -1.46549         -6.27615          1.02475          8.64543
    5          0.00000          8.10635        -10.16833         -2.39322         -7.34252          1.23635          8.53894
    6          0.00000         10.17233        -10.09528         -1.19417         -3.78408          0.92166         15.28938
    7          0.00000         10.17233        -10.09528         -1.05090         -3.10063          0.77966         16.11609
    8          0.00000         17.54714        -10.43599         -2.36786         -6.28308          1.74294         19.33219
    9          0.00000         18.00411        -10.74666         -0.67153         -3.11036          0.86591         24.96888
   10          0.00000         18.00411        -10.74666         -0.67273         -3.01065          0.84746         25.06739
   11          0.00000         18.35794        -10.12175         -2.27318         -4.10777          1.33360         22.09875
   12          0.00000         19.73062        -10.83902         -1.36586         -3.22047          1.00349         25.98332
   13          0.00000         19.73062        -10.83902         -1.33098         -3.52662          1.12008         25.71204
   14          0.00000         26.53272        -10.66032         -2.28029         -6.42985          2.24525         28.48289
   15          0.00000         28.45919         -9.87907         -2.69278         -6.11564          2.31996         29.52984
   16          0.00000         29.64895        -11.06737         -1.19237         -4.56812          1.50943         34.95584
   17          0.00000         29.64895        -11.06737         -1.11333         -3.25066          1.05111         36.35233
   18          0.00000         33.61285        -11.46380         -2.12357         -4.82994          1.81965         38.12314
   19          0.00000         33.61285        -11.46380         -2.17495         -5.28793          2.01407         37.61378
   20          0.00000         36.43095         -8.38342         -1.94104         -4.62364          1.95806         38.24968
   21          0.00000         62.18153         -8.74398         -5.76945        -16.57084          8.13912         48.58521
   22          0.00000         62.18153         -8.74398         -5.87090        -20.07681          8.46379         44.97780
   23          0.00000         73.25900         -8.77324        -14.63171        -23.72315         12.52244         43.67737
   24          0.00000         73.25900         -8.77324        -15.09145        -29.76384         13.66236         37.17695
   25          0.00000        106.59377         -7.80404        -51.77663       -122.47451          1.45562        -59.85333
   26          0.00000        145.62642         -8.49134       -181.61412        -94.51446        -17.72698       -122.01082

spin  1, k-point   44: (0.75000, 0.50000, 0.50000) 
----------------------------------------------------------------------------------------------------------------------------
State              occ             e_mf             v_xc            v_exx           ReSigc           ImSigc             e_qp
----------------------------------------------------------------------------------------------------------------------------
    1          2.00000         -2.86108        -10.81794         -1.66832        -18.75742          2.32675        -12.46888
    2          2.00000         -0.00280        -10.77890         -1.61509        -12.56498          1.60720         -3.40397
    3          2.00000          2.85933        -10.22910         -1.20481         -7.13958          0.92953          4.74405
    4          2.00000          4.23357        -10.80118         -1.27254         -8.14691          1.04717          5.61529
    5          0.00000          8.36364         -9.64310         -1.52023         -4.39246          0.94364         12.09405
    6          0.00000         11.46322        -10.07726         -1.31493         -3.97446          0.99956         16.25108
    7          0.00000         12.54686        -10.65892         -2.09031         -4.57882          1.25484         16.53665
    8          0.00000         12.81080        -10.48205         -1.24791         -3.90967          1.05411         18.13528
    9          0.00000         17.54453        -10.55274         -1.99802         -4.52439          1.36887         21.57485
   10          0.00000         18.04929        -10.73587         -0.91014         -3.43114          1.00489         24.44388
   11          0.00000         20.10470        -10.98063         -2.27875         -4.64021          1.50687         24.16637
   12          0.00000         20.12885        -10.88596         -1.06600         -3.55526          1.09464         26.39354
   13          0.00000         25.53207        -10.41257         -1.40816         -5.18306          1.72140         29.35341
   14          0.00000         25.93297        -10.93270         -1.39103         -4.31537          1.43905         31.15928
   15          0.00000         26.50860        -11.04454         -1.07629         -3.37430          1.07793         33.10254
   16          0.00000         27.41879        -10.09553         -1.38571         -3.97953          1.35830         32.14908
   17          0.00000         29.26042        -10.36919         -2.54276         -4.75913          1.89141         32.32772
   18          0.00000         31.57104        -10.74474         -1.42629         -5.31209          1.85808         35.57741
   19          0.00000         32.77361        -11.27360         -2.09990         -4.71563          1.76251         37.23169
   20          0.00000         37.64414         -9.94558         -3.17660         -5.57417          2.45045         38.83895
   21          0.00000         43.37743         -8.78219         -2.52506         -8.60664          3.42908         41.02792
   22          0.00000         46.85529         -8.31089         -6.66734         -9.65744          4.84633         38.84140
   23          0.00000         93.23360         -8.52701        -24.96545        -46.52852         19.44248         30.26665
   24          0.00000        105.50423         -9.03807        -30.58025        -60.24587         22.21708         23.71618
   25          0.00000        116.12146         -8.58773        -52.90861       -104.52550          6.42940        -32.72491
   26          0.00000        136.19953         -9.08466       -133.08651        -72.36134         -5.88342        -60.16366

spin  1, k-point   45: (0.00000, 0.75000, 0.50000) 
----------------------------------------------------------------------------------------------------------------------------
State              occ             e_mf             v_xc            v_exx           ReSigc           ImSigc             e_qp
----------------------------------------------------------------------------------------------------------------------------
    1          2.00000         -2.86108        -10.81794         -1.65898        -19.08887          2.35421        -12.79100
    2          2.00000         -0.00280        -10.77890         -1.60156        -13.07768          1.67568         -3.90314
    3          2.00000          2.85933        -10.22910         -1.18252         -7.59288          0.99526          4.31304
    4          2.00000          4.23357        -10.80118         -1.31132         -6.41564          0.87019          7.30779
    5          0.00000          8.36364         -9.64310         -1.45640         -4.75760          0.99057         11.79274
    6          0.00000         11.46322        -10.07726         -1.39496         -4.20038          1.06205         15.94514
    7          0.00000         12.54686        -10.65892         -2.09091         -5.45562          1.42453         15.65926
    8          0.00000         12.81080        -10.48205         -1.30372         -3.58401          0.97933         18.40512
    9          0.00000         17.54453        -10.55274         -2.01115         -4.11333          1.27941         21.97279
   10          0.00000         18.04929        -10.73587         -0.91684         -2.97931          0.87342         24.88900
   11          0.00000         20.10470        -10.98063         -2.30724         -5.06688          1.63137         23.71122
   12          0.00000         20.12885        -10.88596         -1.10280         -2.88659          0.90368         27.02542
   13          0.00000         25.53207        -10.41257         -1.42229         -5.33559          1.76222         29.18676
   14          0.00000         25.93297        -10.93270         -1.32300         -4.34805          1.41838         31.19461
   15          0.00000         26.50860        -11.04454         -1.08495         -4.19355          1.34519         32.27463
   16          0.00000         27.41879        -10.09553         -1.30715         -3.73966          1.25800         32.46751
   17          0.00000         29.26042        -10.36919         -2.48617         -5.78695          2.20093         31.35650
   18          0.00000         31.57104        -10.74474         -1.39189         -5.08102          1.78274         35.84287
   19          0.00000         32.77361        -11.27360         -2.21056         -5.13181          1.94070         36.70484
   20          0.00000         37.64414         -9.94558         -3.25431         -5.82413          2.58165         38.51127
   21          0.00000         43.37743         -8.78219         -2.64545         -7.29894          2.96280         42.21523
   22          0.00000         46.85529         -8.31089         -6.70746        -11.14656          5.43245         37.31216
   23          0.00000         93.23360         -8.52701        -25.79415        -51.60784         19.13508         24.35863
   24          0.00000        105.50423         -9.03807        -29.11607        -44.19881         23.18060         41.22742
   25          0.00000        116.12146         -8.58773        -54.97673        -93.96964          7.30228        -24.23717
   26          0.00000        136.19953         -9.08466       -129.71207        -99.03447         -9.11620        -83.46234

spin  1, k-point   46: (0.25000, 0.75000, 0.50000) 
----------------------------------------------------------------------------------------------------------------------------
State              occ             e_mf             v_xc            v_exx           ReSigc           ImSigc             e_qp
----------------------------------------------------------------------------------------------------------------------------
    1          2.00000         -1.26812        -11.00947         -2.90780        -23.32143          2.69760        -16.48788
    2          2.00000         -1.26812        -11.00947         -0.56822         -6.68968          0.88242          2.48345
    3          2.00000          2.53793         -9.97799         -0.89970         -6.24297          0.80688          5.37325
    4          2.00000          2.53793         -9.97799         -1.18464         -7.65363          1.00651          3.67764
    5          0.00000         11.10952         -9.95341         -1.58671         -3.97457          0.99873         15.50165
    6          0.00000         11.10952         -9.95341         -0.35455         -2.51788          0.60572         18.19050
    7          0.00000         12.02198        -10.47432         -2.08435         -5.05972          1.36300         15.35222
    8          0.00000         12.02198        -10.47431         -2.18036         -5.13785          1.27939         15.17808
    9          0.00000         17.43299        -10.78862         -1.58003         -2.62427          0.84753         24.01732
   10          0.00000         17.43299        -10.78862         -1.41475         -3.67685          1.08873         23.13002
   11          0.00000         21.22367        -11.03925         -1.74856         -2.73630          0.94380         27.77806
   12          0.00000         21.22367        -11.03925         -1.85162         -4.97397          1.60478         25.43733
   13          0.00000         26.34497        -11.14482         -1.61211         -5.16331          1.63450         30.71438
   14          0.00000         26.34497        -11.14483         -1.45928         -3.45388          1.23547         32.57664
   15          0.00000         27.35274         -9.30238         -0.80564         -2.49297          0.89333         33.35650
   16          0.00000         27.35275         -9.30239         -1.21835         -3.92700          1.25243         31.50979
   17          0.00000         27.44148        -11.25836         -1.79430         -6.55284          2.06455         30.35270
   18          0.00000         27.44148        -11.25836         -0.98122         -3.31686          1.20038         34.40177
   19          0.00000         34.21149        -10.90902         -2.01011         -4.26893          1.67826         38.84146
   20          0.00000         34.21149        -10.90901         -1.90096         -5.67734          2.07769         37.54220
   21          0.00000         45.76179         -8.30176         -9.09996        -10.39997          5.20431         34.56363
   22          0.00000         45.76183         -8.30162         -2.44121         -6.25527          3.00050         45.36698
   23          0.00000        118.71409         -9.60880       -137.11924        -59.99012         -6.62752        -68.78647
   24          0.00000        118.71433         -9.60879        -30.84626        -97.14855         11.87072          0.32832
   25          0.00000        125.06997         -8.56557        -31.89784        -50.06537         30.81250         51.67234
   26          0.00000        125.07012         -8.56559        -41.87889        -61.57365         26.87812         30.18316

spin  1, k-point   47: (0.50000, 0.75000, 0.50000) 
----------------------------------------------------------------------------------------------------------------------------
State              occ             e_mf             v_xc            v_exx           ReSigc           ImSigc             e_qp
----------------------------------------------------------------------------------------------------------------------------
    1          2.00000         -2.86108        -10.81794         -1.65624        -19.15305          2.36728        -12.85243
    2          2.00000         -0.00280        -10.77890         -1.58644        -13.55940          1.73575         -4.36975
    3          2.00000          2.85933        -10.22910         -1.15170         -7.86356          1.03063          4.07318
    4          2.00000          4.23357        -10.80118         -1.36925         -6.29430          0.86100          7.37120
    5          0.00000          8.36364         -9.64310         -1.37349         -4.54555          0.97540         12.08769
    6          0.00000         11.46322        -10.07726         -1.32764         -3.92172          1.00969         16.29113
    7          0.00000         12.54686        -10.65892         -2.13436         -4.46093          1.24521         16.61049
    8          0.00000         12.81080        -10.48205         -1.36411         -3.49426          0.95529         18.43448
    9          0.00000         17.54453        -10.55274         -2.01500         -3.92879          1.21642         22.15348
   10          0.00000         18.04929        -10.73587         -0.92297         -3.10354          0.90726         24.75864
   11          0.00000         20.10470        -10.98063         -2.30315         -4.81250          1.55772         23.96968
   12          0.00000         20.12885        -10.88596         -1.11913         -3.07401          0.95207         26.82167
   13          0.00000         25.53207        -10.41257         -1.34954         -5.38763          1.78561         29.20747
   14          0.00000         25.93297        -10.93270         -1.33018         -4.99008          1.62711         30.54540
   15          0.00000         26.50860        -11.04454         -1.10191         -3.87361          1.21279         32.57762
   16          0.00000         27.41879        -10.09553         -1.30709         -3.88513          1.34495         32.32210
   17          0.00000         29.26042        -10.36919         -2.55568         -4.57682          1.80713         32.49712
   18          0.00000         31.57104        -10.74474         -1.39686         -5.05784          1.78304         35.86108
   19          0.00000         32.77361        -11.27360         -2.24747         -4.93183          1.85821         36.86790
   20          0.00000         37.64414         -9.94558         -3.11785         -5.23803          2.31264         39.23384
   21          0.00000         43.37743         -8.78219         -2.48281         -6.78538          2.69651         42.89143
   22          0.00000         46.85529         -8.31089         -6.78150        -10.24863          5.10920         38.13605
   23          0.00000         93.23360         -8.52701        -24.55870        -52.44131         19.27791         24.76061
   24          0.00000        105.50423         -9.03807        -28.86847        -52.06614         23.14631         33.60769
   25          0.00000        116.12146         -8.58773        -56.11550        -87.72030          7.34068        -19.12660
   26          0.00000        136.19953         -9.08466       -131.49882        -92.47730         -8.47035        -78.69192

spin  1, k-point   48: (0.75000, 0.75000, 0.50000) 
----------------------------------------------------------------------------------------------------------------------------
State              occ             e_mf             v_xc            v_exx           ReSigc           ImSigc             e_qp
----------------------------------------------------------------------------------------------------------------------------
    1          2.00000         -3.53850        -10.71731         -1.63980        -21.35176          2.57145        -15.81275
    2          2.00000          0.90691        -10.93568         -1.69330        -12.49199          1.60295         -2.34270
    3          2.00000          2.63481        -10.05497         -1.12269         -7.98678          1.04900          3.58031
    4          2.00000          5.10631        -11.04833         -1.32904         -6.07458          1.00522          8.75102
    5          0.00000          9.31447        -10.02074         -1.89758         -5.28028          1.17511         12.15734
    6          0.00000         11.53392        -10.35827         -1.39703         -3.27803          0.88193         17.21713
    7          0.00000         11.79363        -10.41900         -1.29079         -4.74098          1.18454         16.18086
    8          0.00000         13.49998        -10.62910         -2.66027         -7.06507          1.71547         14.40373
    9          0.00000         13.89590        -10.33345         -0.54352         -2.48908          0.64558         21.19675
   10          0.00000         16.84323        -10.36496         -1.71343         -3.73219          1.13875         21.76257
   11          0.00000         20.69468        -11.09984         -1.84837         -4.04958          1.34391         25.89656
   12          0.00000         23.84030        -11.03163         -1.81575         -4.85326          1.63175         28.20292
   13          0.00000         24.49870         -9.45142         -1.01457         -7.28563          2.27996         25.64992
   14          0.00000         24.68001        -10.97832         -0.97952         -3.56315          1.10425         31.11566
   15          0.00000         27.06950        -11.14155         -1.48461         -3.66146          1.22783         33.06499
   16          0.00000         27.85496         -9.90445         -1.87634         -4.97380          1.77055         30.90927
   17          0.00000         28.88722        -10.94538         -1.19657         -4.32009          1.42899         34.31594
   18          0.00000         30.48438        -11.09568         -2.55259         -5.85982          2.20696         33.16765
   19          0.00000         34.35189        -11.45281         -2.08881         -4.88832          1.87266         38.82757
   20          0.00000         39.48798         -9.87706         -3.60227         -6.01613          2.73565         39.74664
   21          0.00000         47.17760         -8.16490         -3.25163         -8.11522          3.83230         43.97565
   22          0.00000         55.22839         -8.70413         -4.47833        -10.31404          5.26533         49.14015
   23          0.00000         85.62334         -8.72049        -19.91273        -20.67085         14.42780         53.76024
   24          0.00000         95.86355         -8.09402        -42.39339        -74.03251          6.89224        -12.46833
   25          0.00000        114.13134         -8.85330        -54.71715       -102.15291          6.02154        -33.88543
   26          0.00000        139.31886         -8.96307       -121.57901        -99.97471         -6.98549        -73.27179

spin  1, k-point   49: (0.00000, 0.00000, 0.75000) 
----------------------------------------------------------------------------------------------------------------------------
State              occ             e_mf             v_xc            v_exx           ReSigc           ImSigc             e_qp
----------------------------------------------------------------------------------------------------------------------------
    1          2.00000         -4.77928        -10.56682         -1.55716        -23.94347          2.76908        -19.71310
    2          2.00000          2.46681        -10.71511         -1.59133         -9.51514          1.24165          2.07545
    3          2.00000          5.67616        -11.18900         -1.40816         -6.19625          1.07923          9.26075
    4          2.00000          5.67616        -11.18900         -1.50112         -8.07420          1.05734          7.28984
    5          0.00000          8.63478        -10.25653         -2.47901         -7.50086          1.31712          8.91144
    6          0.00000         10.17911        -10.31268         -1.35947         -4.12932          0.99402         15.00299
    7          0.00000         10.17911        -10.31268         -1.28032         -3.37342          0.85819         15.83804
    8          0.00000         13.81678        -11.04125         -3.80793         -9.59691          2.06205         11.45319
    9          0.00000         14.75116        -10.46682         -0.57987         -2.36693          0.63371         22.27118
   10          0.00000         14.75116        -10.46682         -0.60386         -2.69917          0.71476         21.91495
   11          0.00000         19.86471         -8.98990         -1.35501         -7.67532          2.13263         19.82428
   12          0.00000         22.88256        -10.04327         -1.39222         -8.03538          2.42507         23.49823
   13          0.00000         23.26860        -10.81753         -1.08424         -3.54943          1.09966         29.45246
   14          0.00000         23.26860        -10.81753         -1.11312         -3.52995          1.10741         29.44306
   15          0.00000         29.52495        -11.09741         -1.35464         -3.96809          1.36938         35.29964
   16          0.00000         29.52495        -11.09741         -1.34409         -3.88962          1.31610         35.38865
   17          0.00000         31.47475        -10.85489         -2.86690         -6.04674          2.30724         33.41600
   18          0.00000         33.94730        -11.45008         -2.26861         -5.54731          2.14679         37.58146
   19          0.00000         33.94730        -11.45008         -2.19558         -5.12825          1.98241         38.07355
   20          0.00000         43.25073         -8.82168         -2.87982        -10.63442          4.35560         38.55816
   21          0.00000         61.37610         -8.90690         -7.25633        -12.86487          6.82593         50.16181
   22          0.00000         61.37610         -8.90690         -8.60017        -23.83979          9.70525         37.84305
   23          0.00000         98.45767         -8.92023        -21.22341        -34.92493         21.41750         51.22956
   24          0.00000         98.45767         -8.92023        -25.17539        -74.92212         10.20607          7.28039
   25          0.00000        104.79874         -8.40792        -69.58621       -111.33327         -2.70246        -67.71283
   26          0.00000        154.04756         -8.52196        -82.61613       -132.61383          2.17949        -52.66045

spin  1, k-point   50: (0.25000, 0.00000, 0.75000) 
----------------------------------------------------------------------------------------------------------------------------
State              occ             e_mf             v_xc            v_exx           ReSigc           ImSigc             e_qp
----------------------------------------------------------------------------------------------------------------------------
    1          2.00000         -3.53850        -10.71731         -1.62250        -20.59481          2.49858        -15.03849
    2          2.00000          0.90691        -10.93568         -1.68130        -11.83700          1.52071         -1.67571
    3          2.00000          2.63481        -10.05497         -1.09759         -7.14582          0.93930          4.44636
    4          2.00000          5.10631        -11.04833         -1.44490         -7.72348          0.97589          6.98626
    5          0.00000          9.31447        -10.02074         -1.76098         -5.48930          1.20753         12.08492
    6          0.00000         11.53392        -10.35827         -1.47800         -3.50181          0.92768         16.91238
    7          0.00000         11.79363        -10.41900         -1.28631         -4.67547          1.17408         16.25085
    8          0.00000         13.49998        -10.62910         -2.74112         -6.02607          1.58160         15.36189
    9          0.00000         13.89590        -10.33345         -0.56234         -2.63356          0.68093         21.03346
   10          0.00000         16.84323        -10.36496         -1.68894         -3.83279          1.16508         21.68646
   11          0.00000         20.69468        -11.09984         -1.80925         -4.28834          1.38951         25.69692
   12          0.00000         23.84030        -11.03163         -1.84248         -4.29152          1.47630         28.73793
   13          0.00000         24.49870         -9.45142         -1.00233         -7.63749          2.33837         25.31030
   14          0.00000         24.68001        -10.97832         -0.99598         -3.63931          1.12377         31.02305
   15          0.00000         27.06950        -11.14155         -1.54670         -3.82186          1.29951         32.84250
   16          0.00000         27.85496         -9.90445         -1.83473         -4.13552          1.49692         31.78917
   17          0.00000         28.88722        -10.94538         -1.12350         -4.65329          1.54570         34.05581
   18          0.00000         30.48438        -11.09568         -2.51828         -5.98093          2.24688         33.08085
   19          0.00000         34.35189        -11.45281         -2.14817         -5.11556          1.97924         38.54097
   20          0.00000         39.48798         -9.87706         -3.64871         -6.07832          2.77293         39.63801
   21          0.00000         47.17760         -8.16490         -3.09164         -8.05025          3.83324         44.20060
   22          0.00000         55.22839         -8.70413         -5.59563        -18.61260          7.47397         39.72429
   23          0.00000         85.62334         -8.72049        -22.46258        -35.02094         15.93251         36.86030
   24          0.00000         95.86355         -8.09402        -42.67812        -72.86999          6.67372        -11.59055
   25          0.00000        114.13134         -8.85330        -53.55941        -95.87532          7.34131        -26.45010
   26          0.00000        139.31886         -8.96307       -118.09549        -88.16189         -4.24722        -57.97546

spin  1, k-point   51: (0.50000, 0.00000, 0.75000) 
----------------------------------------------------------------------------------------------------------------------------
State              occ             e_mf             v_xc            v_exx           ReSigc           ImSigc             e_qp
----------------------------------------------------------------------------------------------------------------------------
    1          2.00000         -2.86108        -10.81794         -1.64546        -17.89512          2.23324        -11.58372
    2          2.00000         -0.00280        -10.77890         -1.60363        -13.01982          1.67202         -3.84735
    3          2.00000          2.85933        -10.22910         -1.21293         -7.39170          0.97223          4.48381
    4          2.00000          4.23357        -10.80118         -1.34974         -7.74023          0.96373          5.94477
    5          0.00000          8.36364         -9.64310         -1.45738         -4.46392          0.97810         12.08543
    6          0.00000         11.46322        -10.07726         -1.26677         -3.95383          1.00012         16.31988
    7          0.00000         12.54686        -10.65892         -2.13619         -5.09992          1.35853         15.96967
    8          0.00000         12.81080        -10.48205         -1.30528         -3.26698          0.89585         18.72060
    9          0.00000         17.54453        -10.55274         -1.96850         -4.25459          1.30476         21.87418
   10          0.00000         18.04929        -10.73587         -0.95622         -2.97799          0.87593         24.85095
   11          0.00000         20.10470        -10.98063         -2.28194         -4.54040          1.49139         24.26300
   12          0.00000         20.12885        -10.88596         -1.14588         -3.10960          0.94732         26.75933
   13          0.00000         25.53207        -10.41257         -1.36567         -5.32721          1.76669         29.25176
   14          0.00000         25.93297        -10.93270         -1.40170         -3.96038          1.32665         31.50358
   15          0.00000         26.50860        -11.04454         -1.08792         -3.39612          1.06800         33.06909
   16          0.00000         27.41879        -10.09553         -1.32114         -3.48037          1.19990         32.71280
   17          0.00000         29.26042        -10.36919         -2.60478         -5.25715          2.03446         31.76768
   18          0.00000         31.57104        -10.74474         -1.41216         -5.52230          1.94071         35.38133
   19          0.00000         32.77361        -11.27360         -2.23912         -4.89614          1.88438         36.91195
   20          0.00000         37.64414         -9.94558         -3.09436         -5.23485          2.28967         39.26051
   21          0.00000         43.37743         -8.78219         -2.92551         -9.38885          3.73594         39.84527
   22          0.00000         46.85529         -8.31089         -6.59236        -10.17281          5.03407         38.40101
   23          0.00000         93.23360         -8.52701        -24.27856        -42.91279         19.93514         34.56927
   24          0.00000        105.50423         -9.03807        -34.51645        -51.19249         21.25461         28.83336
   25          0.00000        116.12146         -8.58773        -53.33170        -85.05027          8.32769        -13.67278
   26          0.00000        136.19953         -9.08466       -128.95688        -79.58459         -6.35322        -63.25728

spin  1, k-point   52: (0.75000, 0.00000, 0.75000) 
----------------------------------------------------------------------------------------------------------------------------
State              occ             e_mf             v_xc            v_exx           ReSigc           ImSigc             e_qp
----------------------------------------------------------------------------------------------------------------------------
    1          2.00000         -4.49597        -10.57953         -1.52295        -23.05412          2.70665        -18.49351
    2          2.00000          2.87515        -11.24421         -1.95878        -10.37263          1.34656          1.78796
    3          2.00000          4.54671        -10.81595         -1.39124         -6.42919          0.90502          7.54223
    4          2.00000          4.54671        -10.81595         -1.35742         -7.62187          0.94390          6.38338
    5          0.00000          7.79317         -9.57197         -1.28245         -4.35042          0.91670         11.73227
    6          0.00000         10.49903        -10.14524         -1.89661         -5.75381          1.31215         12.99385
    7          0.00000         12.37593        -10.71478         -1.50844         -3.65513          0.98922         17.92712
    8          0.00000         12.37593        -10.71478         -1.47747         -4.10580          1.09898         17.50743
    9          0.00000         15.31673        -11.12232         -3.42975         -7.03723          1.94255         15.97208
   10          0.00000         16.37693        -10.63637         -0.59625         -2.80409          0.75678         23.61296
   11          0.00000         21.14876         -8.72512         -1.18491        -10.36214          2.73360         18.32683
   12          0.00000         21.92840        -10.75257         -1.13221         -3.25907          1.01362         28.28968
   13          0.00000         21.92840        -10.75257         -1.11250         -3.80915          1.17008         27.75932
   14          0.00000         25.86964        -10.84634         -1.12097         -4.26389          1.37425         31.33112
   15          0.00000         27.84954        -11.06395         -1.01200         -3.48367          1.09155         34.41781
   16          0.00000         29.33351        -10.95148         -1.89471         -5.26658          1.91631         33.12370
   17          0.00000         31.74290        -11.01979         -2.52630         -5.17853          2.00566         35.05787
   18          0.00000         31.74290        -11.01979         -2.52749         -4.79141          1.82401         35.44379
   19          0.00000         34.49169        -11.26991         -2.54530         -5.88827          2.33942         37.32802
   20          0.00000         45.06782         -9.17538         -3.16742         -8.96857          3.68023         42.10721
   21          0.00000         45.06782         -9.17538         -3.06863         -9.10504          3.86365         42.06954
   22          0.00000         58.89518         -8.57884        -10.17641        -31.33930         10.93708         25.95831
   23          0.00000         78.92188         -8.56556        -16.23298        -62.83204         10.41994          8.42243
   24          0.00000        112.21892         -8.32367        -82.96524        -98.43677         -2.99205        -60.85942
   25          0.00000        136.81429         -8.92929        -44.57541        -73.64250         29.44402         27.52567
   26          0.00000        136.81429         -8.92929        -49.29616       -109.43663         11.54933        -12.98920

spin  1, k-point   53: (0.00000, 0.25000, 0.75000) 
----------------------------------------------------------------------------------------------------------------------------
State              occ             e_mf             v_xc            v_exx           ReSigc           ImSigc             e_qp
----------------------------------------------------------------------------------------------------------------------------
    1          2.00000         -3.53850        -10.71731         -1.60951        -20.86308          2.52218        -15.29377
    2          2.00000          0.90691        -10.93568         -1.70754        -11.54489          1.47821         -1.40984
    3          2.00000          2.63481        -10.05497         -1.11818         -7.03540          0.91836          4.53620
    4          2.00000          5.10631        -11.04833         -1.41616         -6.77887          1.01050          7.95961
    5          0.00000          9.31447        -10.02074         -1.78082         -5.13825          1.13565         12.41614
    6          0.00000         11.53392        -10.35827         -1.43223         -3.63046          0.96890         16.82951
    7          0.00000         11.79363        -10.41900         -1.28425         -4.08872          1.03757         16.83967
    8          0.00000         13.49998        -10.62910         -2.67936         -6.29840          1.65846         15.15132
    9          0.00000         13.89590        -10.33345         -0.54748         -2.52521          0.65355         21.15665
   10          0.00000         16.84323        -10.36496         -1.71794         -3.66341          1.11972         21.82684
   11          0.00000         20.69468        -11.09984         -1.82927         -4.45732          1.40142         25.50793
   12          0.00000         23.84030        -11.03163         -1.84813         -4.42094          1.52298         28.60286
   13          0.00000         24.49870         -9.45142         -1.00224         -8.48611          2.56113         24.46177
   14          0.00000         24.68001        -10.97832         -0.98884         -3.81027          1.18681         30.85923
   15          0.00000         27.06950        -11.14155         -1.53779         -4.04871          1.39030         32.62456
   16          0.00000         27.85496         -9.90445         -1.86607         -4.24897          1.53770         31.64437
   17          0.00000         28.88722        -10.94538         -1.15001         -4.35587          1.42064         34.32673
   18          0.00000         30.48438        -11.09568         -2.55343         -5.68411          2.15905         33.34252
   19          0.00000         34.35189        -11.45281         -2.15338         -5.25875          2.02369         38.39257
   20          0.00000         39.48798         -9.87706         -3.73938         -6.75692          3.04487         38.86874
   21          0.00000         47.17760         -8.16490         -3.21560         -8.64505          4.15305         43.48185
   22          0.00000         55.22839         -8.70413         -4.79475        -17.25696          6.83651         41.88081
   23          0.00000         85.62334         -8.72049        -19.23859        -32.81534         16.38222         42.28989
   24          0.00000         95.86355         -8.09402        -42.39069        -76.45846          6.56776        -14.89159
   25          0.00000        114.13134         -8.85330        -55.72524        -94.38976          6.98570        -27.13037
   26          0.00000        139.31886         -8.96307       -119.97758       -100.76474         -6.51501        -72.46039

spin  1, k-point   54: (0.25000, 0.25000, 0.75000) 
----------------------------------------------------------------------------------------------------------------------------
State              occ             e_mf             v_xc            v_exx           ReSigc           ImSigc             e_qp
----------------------------------------------------------------------------------------------------------------------------
    1          2.00000         -2.86108        -10.81794         -1.65623        -20.28519          2.48216        -13.98456
    2          2.00000         -0.00280        -10.77890         -1.62710        -13.71179          1.75330         -4.56279
    3          2.00000          2.85933        -10.22910         -1.22495         -7.90485          1.03107          3.95863
    4          2.00000          4.23357        -10.80118         -1.24786         -6.05521          0.87190          7.73167
    5          0.00000          8.36364         -9.64310         -1.57701         -4.43304          0.96468         11.99669
    6          0.00000         11.46322        -10.07726         -1.33045         -4.17828          1.05318         16.03175
    7          0.00000         12.54686        -10.65892         -2.05066         -5.65906          1.44933         15.49606
    8          0.00000         12.81080        -10.48205         -1.25023         -3.24233          0.88744         18.80030
    9          0.00000         17.54453        -10.55274         -2.02047         -4.55849          1.37808         21.51831
   10          0.00000         18.04929        -10.73587         -0.91798         -3.15562          0.91904         24.71156
   11          0.00000         20.10470        -10.98063         -2.31234         -5.17999          1.66303         23.59300
   12          0.00000         20.12885        -10.88596         -1.08127         -2.80827          0.85875         27.12526
   13          0.00000         25.53207        -10.41257         -1.46611         -7.08569          2.29106         27.39284
   14          0.00000         25.93297        -10.93270         -1.40372         -3.81852          1.28632         31.64343
   15          0.00000         26.50860        -11.04454         -1.09183         -3.49600          1.11017         32.96531
   16          0.00000         27.41879        -10.09553         -1.39835         -4.91900          1.66097         31.19697
   17          0.00000         29.26042        -10.36919         -2.51394         -5.35443          2.03264         31.76125
   18          0.00000         31.57104        -10.74474         -1.44001         -4.71361          1.68215         36.16216
   19          0.00000         32.77361        -11.27360         -2.14635         -4.80730          1.83696         37.09356
   20          0.00000         37.64414         -9.94558         -3.18961         -6.10052          2.62854         38.29959
   21          0.00000         43.37743         -8.78219         -2.53479         -6.57757          2.83091         43.04727
   22          0.00000         46.85529         -8.31089         -6.61507        -13.93869          5.95510         34.61242
   23          0.00000         93.23360         -8.52701        -27.00522        -54.44287         17.66506         20.31253
   24          0.00000        105.50423         -9.03807        -30.53265        -40.33385         22.93528         43.67580
   25          0.00000        116.12146         -8.58773        -54.04032        -92.24048          7.66051        -21.57161
   26          0.00000        136.19953         -9.08466       -131.09799        -92.01095         -8.54752        -77.82475

spin  1, k-point   55: (0.50000, 0.25000, 0.75000) 
----------------------------------------------------------------------------------------------------------------------------
State              occ             e_mf             v_xc            v_exx           ReSigc           ImSigc             e_qp
----------------------------------------------------------------------------------------------------------------------------
    1          2.00000         -1.26812        -11.00947         -2.90825        -25.60265          2.88875        -18.76955
    2          2.00000         -1.26812        -11.00947         -0.57047         -6.64424          0.87569          2.52664
    3          2.00000          2.53793         -9.97799         -0.89508         -6.92867          0.89646          4.69216
    4          2.00000          2.53793         -9.97799         -1.17861         -6.91401          0.91119          4.42329
    5          0.00000         11.10952         -9.95341         -1.58009         -3.79566          0.93519         15.68718
    6          0.00000         11.10952         -9.95341         -0.36407         -2.56969          0.61495         18.12917
    7          0.00000         12.02198        -10.47432         -2.10228         -5.41155          1.45162         14.98246
    8          0.00000         12.02198        -10.47431         -2.19912         -4.73987          1.22828         15.55731
    9          0.00000         17.43299        -10.78862         -1.61784         -3.08402          0.99272         23.51975
   10          0.00000         17.43299        -10.78862         -1.38464         -4.21865          1.20188         22.61832
   11          0.00000         21.22367        -11.03925         -1.77131         -2.94452          1.02376         27.54708
   12          0.00000         21.22367        -11.03925         -1.83463         -4.97364          1.51640         25.45465
   13          0.00000         26.34497        -11.14482         -1.59123         -4.88443          1.56309         31.01413
   14          0.00000         26.34497        -11.14483         -1.49832         -3.74602          1.35739         32.24546
   15          0.00000         27.35274         -9.30238         -0.81181         -2.45140          0.88626         33.39190
   16          0.00000         27.35275         -9.30239         -1.23946         -4.01264          1.29481         31.40304
   17          0.00000         27.44148        -11.25836         -1.83042         -5.13198          1.65801         31.73744
   18          0.00000         27.44148        -11.25836         -0.99940         -3.56009          1.31961         34.14036
   19          0.00000         34.21149        -10.90902         -1.99558         -4.84727          1.85833         38.27765
   20          0.00000         34.21149        -10.90901         -1.88486         -5.30851          1.94528         37.92713
   21          0.00000         45.76179         -8.30176         -9.04229        -11.46434          5.45820         33.55692
   22          0.00000         45.76183         -8.30162         -2.44373         -5.55004          2.75011         46.06969
   23          0.00000        118.71409         -9.60880       -139.06467        -63.77929         -7.93919        -74.52106
   24          0.00000        118.71433         -9.60879        -31.17105        -93.06401         12.00467          4.08806
   25          0.00000        125.06997         -8.56557        -32.27251        -42.85417         31.17120         58.50886
   26          0.00000        125.07012         -8.56559        -44.84636        -68.85561         22.70535         19.93374

spin  1, k-point   56: (0.75000, 0.25000, 0.75000) 
----------------------------------------------------------------------------------------------------------------------------
State              occ             e_mf             v_xc            v_exx           ReSigc           ImSigc             e_qp
----------------------------------------------------------------------------------------------------------------------------
    1          2.00000         -2.86108        -10.81794         -1.61236        -18.52631          2.29986        -12.18182
    2          2.00000         -0.00280        -10.77890         -1.62895        -13.09843          1.67792         -3.95128
    3          2.00000          2.85933        -10.22910         -1.20463         -7.56813          0.99210          4.31568
    4          2.00000          4.23357        -10.80118         -1.39520         -6.27025          0.86134          7.36930
    5          0.00000          8.36364         -9.64310         -1.36309         -4.45277          0.95868         12.19087
    6          0.00000         11.46322        -10.07726         -1.34378         -4.01485          1.03066         16.18185
    7          0.00000         12.54686        -10.65892         -2.06220         -4.69140          1.26983         16.45218
    8          0.00000         12.81080        -10.48205         -1.29973         -3.33487          0.91788         18.65826
    9          0.00000         17.54453        -10.55274         -1.96995         -3.99187          1.25337         22.13545
   10          0.00000         18.04929        -10.73587         -0.95716         -3.24438          0.95249         24.58361
   11          0.00000         20.10470        -10.98063         -2.30773         -4.86654          1.58395         23.91105
   12          0.00000         20.12885        -10.88596         -1.16057         -3.23801          0.96941         26.61623
   13          0.00000         25.53207        -10.41257         -1.40440         -5.55165          1.85967         28.98858
   14          0.00000         25.93297        -10.93270         -1.33705         -5.30518          1.72665         30.22344
   15          0.00000         26.50860        -11.04454         -1.08779         -3.65283          1.16888         32.81251
   16          0.00000         27.41879        -10.09553         -1.35515         -3.82896          1.32594         32.33020
   17          0.00000         29.26042        -10.36919         -2.50775         -4.47947          1.75418         32.64240
   18          0.00000         31.57104        -10.74474         -1.43173         -4.90919          1.72517         35.97486
   19          0.00000         32.77361        -11.27360         -2.28039         -4.30738          1.66049         37.45945
   20          0.00000         37.64414         -9.94558         -3.13338         -6.34156          2.73286         38.11478
   21          0.00000         43.37743         -8.78219         -2.53089         -7.31092          2.85989         42.31782
   22          0.00000         46.85529         -8.31089         -6.77471        -10.18597          5.06902         38.20550
   23          0.00000         93.23360         -8.52701        -23.43451        -52.46685         19.25200         25.85926
   24          0.00000        105.50423         -9.03807        -28.53288        -56.65835         22.74869         29.35107
   25          0.00000        116.12146         -8.58773        -59.60454        -88.23501          6.43398        -23.13035
   26          0.00000        136.19953         -9.08466       -130.50363        -87.39556         -7.60382        -72.61500

spin  1, k-point   57: (0.00000, 0.50000, 0.75000) 
----------------------------------------------------------------------------------------------------------------------------
State              occ             e_mf             v_xc            v_exx           ReSigc           ImSigc             e_qp
----------------------------------------------------------------------------------------------------------------------------
    1          2.00000         -2.86108        -10.81794         -1.63029        -18.01179          2.23988        -11.68523
    2          2.00000         -0.00280        -10.77890         -1.62332        -13.24059          1.69315         -4.08780
    3          2.00000          2.85933        -10.22910         -1.22948         -7.24067          0.94904          4.61828
    4          2.00000          4.23357        -10.80118         -1.33468         -6.47650          0.87313          7.22356
    5          0.00000          8.36364         -9.64310         -1.45120         -4.75270          0.98935         11.80284
    6          0.00000         11.46322        -10.07726         -1.38127         -4.19241          1.05899         15.96680
    7          0.00000         12.54686        -10.65892         -2.05226         -5.08624          1.34809         16.06728
    8          0.00000         12.81080        -10.48205         -1.25076         -3.33333          0.91862         18.70876
    9          0.00000         17.54453        -10.55274         -1.94789         -5.00984          1.51165         21.13954
   10          0.00000         18.04929        -10.73587         -0.94933         -3.31434          0.97508         24.52148
   11          0.00000         20.10470        -10.98063         -2.28315         -4.80055          1.56891         24.00163
   12          0.00000         20.12885        -10.88596         -1.11561         -3.62409          1.10066         26.27511
   13          0.00000         25.53207        -10.41257         -1.41572         -5.24816          1.74927         29.28077
   14          0.00000         25.93297        -10.93270         -1.34272         -4.43789          1.44816         31.08506
   15          0.00000         26.50860        -11.04454         -1.08226         -3.27301          1.05879         33.19786
   16          0.00000         27.41879        -10.09553         -1.33508         -3.60325          1.21935         32.57598
   17          0.00000         29.26042        -10.36919         -2.45207         -4.83003          1.87073         32.34751
   18          0.00000         31.57104        -10.74474         -1.39319         -5.13301          1.79216         35.78958
   19          0.00000         32.77361        -11.27360         -2.24981         -4.85777          1.87783         36.93963
   20          0.00000         37.64414         -9.94558         -3.26892         -5.62300          2.48661         38.69780
   21          0.00000         43.37743         -8.78219         -2.65394         -8.00726          3.14373         41.49843
   22          0.00000         46.85529         -8.31089         -6.81112        -12.35942          5.82968         35.99564
   23          0.00000         93.23360         -8.52701        -24.25877        -49.56931         19.43471         27.93254
   24          0.00000        105.50423         -9.03807        -28.69502        -56.99257         22.59152         28.85472
   25          0.00000        116.12146         -8.58773        -58.17212        -92.86266          6.35646        -26.32558
   26          0.00000        136.19953         -9.08466       -130.75662        -84.68861         -7.06480        -70.16104

spin  1, k-point   58: (0.25000, 0.50000, 0.75000) 
----------------------------------------------------------------------------------------------------------------------------
State              occ             e_mf             v_xc            v_exx           ReSigc           ImSigc             e_qp
----------------------------------------------------------------------------------------------------------------------------
    1          2.00000         -1.26812        -11.00947         -2.92678        -24.27400          2.77716        -17.45942
    2          2.00000         -1.26812        -11.00947         -0.58012         -7.01502          0.92169          2.14621
    3          2.00000          2.53793         -9.97799         -0.86075         -6.72553          0.87944          4.92963
    4          2.00000          2.53793         -9.97799         -1.18598         -7.45628          0.97788          3.87365
    5          0.00000         11.10952         -9.95341         -1.54931         -4.36328          1.06653         15.15033
    6          0.00000         11.10952         -9.95341         -0.36338         -2.57202          0.61858         18.12753
    7          0.00000         12.02198        -10.47432         -2.18087         -4.78396          1.32176         15.53146
    8          0.00000         12.02198        -10.47431         -2.22876         -5.10019          1.27215         15.16734
    9          0.00000         17.43299        -10.78862         -1.58709         -3.62792          1.12129         23.00660
   10          0.00000         17.43299        -10.78862         -1.38540         -4.95273          1.41049         21.88348
   11          0.00000         21.22367        -11.03925         -1.79507         -3.16576          1.08078         27.30209
   12          0.00000         21.22367        -11.03925         -1.71512         -5.05015          1.60723         25.49765
   13          0.00000         26.34497        -11.14482         -1.59855         -4.78879          1.51692         31.10245
   14          0.00000         26.34497        -11.14483         -1.47359         -3.90561          1.38186         32.11059
   15          0.00000         27.35274         -9.30238         -0.81959         -2.42914          0.86866         33.40638
   16          0.00000         27.35275         -9.30239         -1.23881         -4.08210          1.29284         31.33423
   17          0.00000         27.44148        -11.25836         -1.77565         -5.11353          1.65552         31.81067
   18          0.00000         27.44148        -11.25836         -1.05464         -3.41017          1.24517         34.23504
   19          0.00000         34.21149        -10.90902         -1.97642         -4.78252          1.85580         38.36156
   20          0.00000         34.21149        -10.90901         -1.85880         -4.95747          1.82837         38.30423
   21          0.00000         45.76179         -8.30176         -9.07502        -10.31951          5.16155         34.66901
   22          0.00000         45.76183         -8.30162         -2.49776         -5.51126          2.75055         46.05444
   23          0.00000        118.71409         -9.60880       -140.99954        -64.03167         -8.23183        -76.70831
   24          0.00000        118.71433         -9.60879        -31.15287        -96.78738         11.97772          0.38287
   25          0.00000        125.06997         -8.56557        -32.12618        -44.28161         30.87858         57.22776
   26          0.00000        125.07012         -8.56559        -43.08508        -67.38991         24.37917         23.16072

spin  1, k-point   59: (0.50000, 0.50000, 0.75000) 
----------------------------------------------------------------------------------------------------------------------------
State              occ             e_mf             v_xc            v_exx           ReSigc           ImSigc             e_qp
----------------------------------------------------------------------------------------------------------------------------
    1          2.00000         -2.86108        -10.81794         -1.66602        -19.80843          2.43624        -13.51760
    2          2.00000         -0.00280        -10.77890         -1.62032        -14.00696          1.79161         -4.85118
    3          2.00000          2.85933        -10.22910         -1.21738         -7.78201          1.02230          4.08904
    4          2.00000          4.23357        -10.80118         -1.23466         -6.23413          0.87097          7.56596
    5          0.00000          8.36364         -9.64310         -1.56584         -4.63994          0.99523         11.80096
    6          0.00000         11.46322        -10.07726         -1.32068         -4.14003          1.03971         16.07976
    7          0.00000         12.54686        -10.65892         -2.09997         -5.26076          1.38214         15.84505
    8          0.00000         12.81080        -10.48205         -1.23482         -3.40260          0.92202         18.65544
    9          0.00000         17.54453        -10.55274         -1.98244         -4.87994          1.45832         21.23490
   10          0.00000         18.04929        -10.73587         -0.92779         -3.33488          0.96942         24.52249
   11          0.00000         20.10470        -10.98063         -2.28041         -5.01987          1.62524         23.78505
   12          0.00000         20.12885        -10.88596         -1.10754         -3.22333          0.98346         26.68394
   13          0.00000         25.53207        -10.41257         -1.39221         -7.04621          2.25089         27.50622
   14          0.00000         25.93297        -10.93270         -1.39476         -3.93925          1.32119         31.53165
   15          0.00000         26.50860        -11.04454         -1.06098         -3.09328          0.97134         33.39887
   16          0.00000         27.41879        -10.09553         -1.41684         -4.13154          1.39087         31.96594
   17          0.00000         29.26042        -10.36919         -2.49448         -5.08709          1.96069         32.04805
   18          0.00000         31.57104        -10.74474         -1.46624         -4.43902          1.57764         36.41053
   19          0.00000         32.77361        -11.27360         -2.12760         -4.96783          1.89671         36.95178
   20          0.00000         37.64414         -9.94558         -3.13803         -4.78337          2.15056         39.66832
   21          0.00000         43.37743         -8.78219         -2.47963         -6.48759          2.76479         43.19241
   22          0.00000         46.85529         -8.31089         -6.67788        -13.51231          5.91154         34.97598
   23          0.00000         93.23360         -8.52701        -25.52696        -52.99461         18.62532         23.23904
   24          0.00000        105.50423         -9.03807        -30.37906        -41.48316         22.94024         42.68008
   25          0.00000        116.12146         -8.58773        -53.98978        -92.94077          7.42323        -22.22135
   26          0.00000        136.19953         -9.08466       -134.15819        -95.41706        -10.05761        -84.29105

spin  1, k-point   60: (0.75000, 0.50000, 0.75000) 
----------------------------------------------------------------------------------------------------------------------------
State              occ             e_mf             v_xc            v_exx           ReSigc           ImSigc             e_qp
----------------------------------------------------------------------------------------------------------------------------
    1          2.00000         -3.53850        -10.71731         -1.61325        -20.36815          2.47119        -14.80258
    2          2.00000          0.90691        -10.93568         -1.68590        -12.17700          1.56274         -2.02030
    3          2.00000          2.63481        -10.05497         -1.08122         -7.36895          0.96770          4.23960
    4          2.00000          5.10631        -11.04833         -1.48481         -6.61663          1.00479          8.05320
    5          0.00000          9.31447        -10.02074         -1.69338         -5.01914          1.13397         12.62268
    6          0.00000         11.53392        -10.35827         -1.50829         -3.71135          0.98390         16.67255
    7          0.00000         11.79363        -10.41900         -1.25414         -3.89444          1.00650         17.06406
    8          0.00000         13.49998        -10.62910         -2.71808         -5.40112          1.47996         16.00988
    9          0.00000         13.89590        -10.33345         -0.55552         -2.68006          0.69058         20.99377
   10          0.00000         16.84323        -10.36496         -1.69101         -3.98551          1.21508         21.53167
   11          0.00000         20.69468        -11.09984         -1.76497         -5.05691          1.59279         24.97264
   12          0.00000         23.84030        -11.03163         -1.85592         -4.25856          1.46033         28.75745
   13          0.00000         24.49870         -9.45142         -0.98354         -8.21388          2.47241         24.75271
   14          0.00000         24.68001        -10.97832         -0.99523         -3.64051          1.12812         31.02259
   15          0.00000         27.06950        -11.14155         -1.56261         -4.09649          1.37996         32.55195
   16          0.00000         27.85496         -9.90445         -1.86591         -4.20330          1.54649         31.69021
   17          0.00000         28.88722        -10.94538         -1.11153         -3.85894          1.26124         34.86213
   18          0.00000         30.48438        -11.09568         -2.48463         -5.35857          2.05664         33.73686
   19          0.00000         34.35189        -11.45281         -2.18439         -4.93760          1.89181         38.68271
   20          0.00000         39.48798         -9.87706         -3.68199         -6.33514          2.87406         39.34791
   21          0.00000         47.17760         -8.16490         -3.23998         -7.30505          3.62127         44.79746
   22          0.00000         55.22839         -8.70413         -4.64337        -16.88058          6.67956         42.40857
   23          0.00000         85.62334         -8.72049        -19.14020        -33.65477         16.64959         41.54886
   24          0.00000         95.86355         -8.09402        -42.97169        -77.28515          6.33418        -16.29927
   25          0.00000        114.13134         -8.85330        -55.07045        -96.03446          6.94239        -28.12028
   26          0.00000        139.31886         -8.96307       -121.16409        -90.08393         -5.41078        -62.96609

spin  1, k-point   61: (0.00000, 0.75000, 0.75000) 
----------------------------------------------------------------------------------------------------------------------------
State              occ             e_mf             v_xc            v_exx           ReSigc           ImSigc             e_qp
----------------------------------------------------------------------------------------------------------------------------
    1          2.00000         -4.49597        -10.57953         -1.54023        -22.69925          2.66936        -18.15593
    2          2.00000          2.87515        -11.24421         -2.03625         -9.93978          1.28191          2.14333
    3          2.00000          4.54671        -10.81595         -1.29881         -7.93052          1.00634          6.13333
    4          2.00000          4.54671        -10.81595         -1.33345         -6.76398          0.91367          7.26524
    5          0.00000          7.79317         -9.57197         -1.35735         -4.73277          0.95073         11.27502
    6          0.00000         10.49903        -10.14524         -1.98566         -5.84909          1.29546         12.80953
    7          0.00000         12.37593        -10.71478         -1.42338         -3.90553          1.06170         17.76179
    8          0.00000         12.37593        -10.71478         -1.43425         -4.73699          1.22535         16.91946
    9          0.00000         15.31673        -11.12232         -3.35516         -7.55024          2.03326         15.53365
   10          0.00000         16.37693        -10.63637         -0.57823         -2.67304          0.73089         23.76203
   11          0.00000         21.14876         -8.72512         -1.23111        -10.14241          2.68622         18.50037
   12          0.00000         21.92840        -10.75257         -1.10073         -3.65672          1.13279         27.92351
   13          0.00000         21.92840        -10.75257         -1.13551         -3.82908          1.18872         27.71638
   14          0.00000         25.86964        -10.84634         -1.15873         -3.85016          1.22415         31.70709
   15          0.00000         27.84954        -11.06395         -0.99903         -3.52298          1.13213         34.39148
   16          0.00000         29.33351        -10.95148         -1.86149         -5.89425          2.13412         32.52925
   17          0.00000         31.74290        -11.01979         -2.32663         -4.97177          1.85860         35.46429
   18          0.00000         31.74290        -11.01979         -2.47261         -5.30101          2.03388         34.98907
   19          0.00000         34.49169        -11.26991         -2.64928         -5.67097          2.24554         37.44134
   20          0.00000         45.06782         -9.17538         -3.05133         -8.25491          3.44456         42.93696
   21          0.00000         45.06782         -9.17538         -3.07147         -9.03285          3.80425         42.13888
   22          0.00000         58.89518         -8.57884        -10.41595        -31.78729         10.93457         25.27078
   23          0.00000         78.92188         -8.56556        -17.16305        -65.25472          8.83078          5.06969
   24          0.00000        112.21892         -8.32367        -84.28622       -102.97193         -3.81189        -66.71557
   25          0.00000        136.81429         -8.92929        -43.50127        -71.12911         31.41351         31.11320
   26          0.00000        136.81429         -8.92929        -46.21060       -107.22939         12.18632         -7.69641

spin  1, k-point   62: (0.25000, 0.75000, 0.75000) 
----------------------------------------------------------------------------------------------------------------------------
State              occ             e_mf             v_xc            v_exx           ReSigc           ImSigc             e_qp
----------------------------------------------------------------------------------------------------------------------------
    1          2.00000         -2.86108        -10.81794         -1.66123        -17.42782          2.17458        -11.13219
    2          2.00000         -0.00280        -10.77890         -1.63241        -12.64767          1.62546         -3.50398
    3          2.00000          2.85933        -10.22910         -1.21770         -7.26508          0.94868          4.60566
    4          2.00000          4.23357        -10.80118         -1.28890         -8.38447          1.08541          5.36137
    5          0.00000          8.36364         -9.64310         -1.52228         -4.62358          0.97024         11.86088
    6          0.00000         11.46322        -10.07726         -1.31643         -4.03956          1.01492         16.18448
    7          0.00000         12.54686        -10.65892         -2.08457         -5.42762          1.41076         15.69360
    8          0.00000         12.81080        -10.48205         -1.24544         -4.15816          1.11118         17.88925
    9          0.00000         17.54453        -10.55274         -1.97749         -3.85362          1.20032         22.26616
   10          0.00000         18.04929        -10.73587         -0.92698         -3.14723          0.92229         24.71094
   11          0.00000         20.10470        -10.98063         -2.29951         -4.77121          1.55225         24.01461
   12          0.00000         20.12885        -10.88596         -1.10096         -2.97896          0.91294         26.93488
   13          0.00000         25.53207        -10.41257         -1.41722         -5.32173          1.76423         29.20568
   14          0.00000         25.93297        -10.93270         -1.40390         -4.56832          1.51455         30.89345
   15          0.00000         26.50860        -11.04454         -1.05734         -3.97610          1.28196         32.51969
   16          0.00000         27.41879        -10.09553         -1.36875         -4.15118          1.40805         31.99439
   17          0.00000         29.26042        -10.36919         -2.53705         -5.20501          2.02559         31.88756
   18          0.00000         31.57104        -10.74474         -1.42183         -5.04238          1.77719         35.85158
   19          0.00000         32.77361        -11.27360         -2.09300         -4.60351          1.71132         37.35069
   20          0.00000         37.64414         -9.94558         -3.19961         -5.84389          2.56120         38.54622
   21          0.00000         43.37743         -8.78219         -2.58103         -7.80882          3.14435         41.76977
   22          0.00000         46.85529         -8.31089         -6.87111         -9.40390          4.81760         38.89117
   23          0.00000         93.23360         -8.52701        -25.62005        -48.81582         19.24675         27.32476
   24          0.00000        105.50423         -9.03807        -31.09328        -49.85969         23.20455         33.58933
   25          0.00000        116.12146         -8.58773        -54.97399        -91.23676          7.54273        -21.50155
   26          0.00000        136.19953         -9.08466       -129.91829        -87.79512         -7.71837        -72.42922

spin  1, k-point   63: (0.50000, 0.75000, 0.75000) 
----------------------------------------------------------------------------------------------------------------------------
State              occ             e_mf             v_xc            v_exx           ReSigc           ImSigc             e_qp
----------------------------------------------------------------------------------------------------------------------------
    1          2.00000         -3.53850        -10.71731         -1.63887        -20.50094          2.48980        -14.96100
    2          2.00000          0.90691        -10.93568         -1.70268        -11.39288          1.46349         -1.25296
    3          2.00000          2.63481        -10.05497         -1.11633         -7.00666          0.91095          4.56679
    4          2.00000          5.10631        -11.04833         -1.37302         -8.07817          1.02232          6.70345
    5          0.00000          9.31447        -10.02074         -1.85428         -4.91053          1.10400         12.57040
    6          0.00000         11.53392        -10.35827         -1.40773         -4.26702          1.10282         16.21745
    7          0.00000         11.79363        -10.41900         -1.28298         -4.45629          1.11097         16.47336
    8          0.00000         13.49998        -10.62910         -2.65907         -5.94830          1.58805         15.52171
    9          0.00000         13.89590        -10.33345         -0.54231         -2.67189          0.69129         21.01515
   10          0.00000         16.84323        -10.36496         -1.70773         -3.87681          1.17294         21.62365
   11          0.00000         20.69468        -11.09984         -1.84682         -4.60694          1.45710         25.34076
   12          0.00000         23.84030        -11.03163         -1.85571         -4.04630          1.40628         28.96993
   13          0.00000         24.49870         -9.45142         -0.99792         -7.78887          2.38230         25.16333
   14          0.00000         24.68001        -10.97832         -0.97785         -3.58139          1.11081         31.09909
   15          0.00000         27.06950        -11.14155         -1.48098         -4.00749          1.36423         32.72259
   16          0.00000         27.85496         -9.90445         -1.85881         -4.86335          1.73992         31.03725
   17          0.00000         28.88722        -10.94538         -1.17585         -4.24859          1.37784         34.40816
   18          0.00000         30.48438        -11.09568         -2.53859         -5.75635          2.19029         33.28513
   19          0.00000         34.35189        -11.45281         -2.04961         -4.79115          1.80099         38.96394
   20          0.00000         39.48798         -9.87706         -3.73877         -5.95121          2.74863         39.67505
   21          0.00000         47.17760         -8.16490         -3.27154         -6.18565          3.13303         45.88530
   22          0.00000         55.22839         -8.70413         -4.82223        -17.70557          7.10371         41.40472
   23          0.00000         85.62334         -8.72049        -20.41053        -34.84499         16.90703         39.08830
   24          0.00000         95.86355         -8.09402        -42.43105        -77.46428          6.58370        -15.93776
   25          0.00000        114.13134         -8.85330        -55.57460        -92.96126          7.06278        -25.55123
   26          0.00000        139.31886         -8.96307       -121.01015        -93.96329         -5.73291        -66.69151

spin  1, k-point   64: (0.75000, 0.75000, 0.75000) 
----------------------------------------------------------------------------------------------------------------------------
State              occ             e_mf             v_xc            v_exx           ReSigc           ImSigc             e_qp
----------------------------------------------------------------------------------------------------------------------------
    1          2.00000         -4.77928        -10.56682         -1.57103        -23.73432          2.74776        -19.51781
    2          2.00000          2.46681        -10.71511         -1.61156         -9.53159          1.24141          2.03877
    3          2.00000          5.67616        -11.18900         -1.37981         -7.11385          1.11561          8.37150
    4          2.00000          5.67616        -11.18900         -1.51026         -7.45159          1.09656          7.90330
    5          0.00000          8.63478        -10.25653         -2.50954         -7.20746          1.30042          9.17430
    6          0.00000         10.17911        -10.31268         -1.27588         -3.34597          0.84727         15.86994
    7          0.00000         10.17911        -10.31268         -1.35928         -4.57997          1.08961         14.55254
    8          0.00000         13.81678        -11.04125         -3.74163         -9.17729          2.03303         11.93912
    9          0.00000         14.75116        -10.46682         -0.58871         -2.48014          0.66541         22.14913
   10          0.00000         14.75116        -10.46682         -0.59000         -2.68370          0.71007         21.94428
   11          0.00000         19.86471         -8.98990         -1.35061         -8.17049          2.23871         19.33352
   12          0.00000         22.88256        -10.04327         -1.39416         -7.65187          2.32504         23.87980
   13          0.00000         23.26860        -10.81753         -1.10327         -3.51878          1.09458         29.46407
   14          0.00000         23.26860        -10.81753         -1.09186         -3.73031          1.17311         29.26396
   15          0.00000         29.52495        -11.09741         -1.34154         -4.18099          1.42392         35.09983
   16          0.00000         29.52495        -11.09741         -1.33927         -3.54892          1.18984         35.73417
   17          0.00000         31.47475        -10.85489         -2.94259         -5.66461          2.22603         33.72244
   18          0.00000         33.94730        -11.45008         -2.11920         -5.00648          1.89768         38.27170
   19          0.00000         33.94730        -11.45008         -2.21335         -5.17850          1.96721         38.00554
   20          0.00000         43.25073         -8.82168         -3.27649        -12.07584          4.74235         36.72008
   21          0.00000         61.37610         -8.90690         -7.70980        -16.78981          8.31825         45.78340
   22          0.00000         61.37610         -8.90690         -7.19778        -14.08813          7.19870         48.99709
   23          0.00000         98.45767         -8.92023        -22.49173        -53.45706         21.82680         31.42911
   24          0.00000         98.45767         -8.92023        -21.44124        -62.46527         20.57550         23.47139
   25          0.00000        104.79874         -8.40792        -70.24225       -111.00895         -2.79293        -68.04455
   26          0.00000        154.04756         -8.52196        -86.90217       -134.94637         -0.02785        -59.27902

Band k-path file disabled_for_grid_only_sigc_comparison is not found under /data/home/df_iopcas_bhj/ai-runs/librpa-qsgw-rebase-gates-20260715T1910-7d69a18c/inputs/si-k444-headwing-scf-synced-v2-2345960/dataset/, skip band calculation
Finalizing LibRPA global environment at [2026-07-16 23:51:04.543]
Entry                                             #calls       CPU time (s)       Wall time (s)     
----------------------------------------------------------------------------------------------------
Total for driver                                  1            1838.9213          210.0229          
 Driver Read Input Parameters                     1             0.0002             0.0002           
 Driver Read Task-Common Input Data               1             9.5772             9.6040           
  DFT SCF eigenvalues/occupations                 1              0.0017             0.0021          
   api_set_scf_dimension                          1               0.0004             0.0004         
   api_set_wg_ekb_efermi                          1               0.0000             0.0000         
  Structure                                       1              0.0004             0.0008          
   api_set_latvec_and_G                           1               0.0001             0.0001         
   api_set_atoms                                  1               0.0000             0.0000         
  BZ sampling                                     1              0.0011             0.0012          
   api_set_kgrids_kvec                            1               0.0005             0.0005         
   api_set_kq_mapping                             1               0.0002             0.0002         
  Basis (wave-function and auxiliary)             1              0.0006             0.0010          
   api_set_basis_convention                       1               0.0000             0.0000         
   api_set_ao_basis_wfc                           1               0.0000             0.0001         
   api_set_ao_basis_aux                           1               0.0001             0.0001         
  SCF eigenvectors                                1              0.0412             0.0510          
   api_set_wfc                                    64              0.0013             0.0049         
  driver_read_ri                                  1              9.5319             9.5476          
   driver_read_Cs                                 1               8.1417             8.1540         
    handle_Cs_file_dry                            1                4.0427             4.0485        
    handle_Cs_file                                1                4.0918             4.0975        
     api_set_lri_coeff                            53                0.0246             0.0246       
   driver_read_Vq                                 1               0.6784             0.6808         
    handle_Vq_row_file                            1                0.4748             0.4755        
    set_aux_coulomb_k_atom_pair_out               1                0.2001             0.2006        
     api_set_aux_bare_coulomb_k_atom_pair         64                0.1573             0.1578       
 G0W0 quasi-particle calculation                  1             1829.3338          200.4066         
  Load truncated Coulomb                          1              0.6014             0.6034          
   handle_Vq_row_file                             1               0.4763             0.4773         
   set_aux_coulomb_k_atom_pair_out                1               0.1209             0.1213         
    api_set_aux_cut_coulomb_k_atom_pair           64               0.0890             0.0893        
  api_get_imaginary_freq_grids                    1              0.3821             0.0501          
   initialize_ds_tfgrids                          1               0.3816             0.0500         
  cal_head                                        1              1.1971             0.4228          
  cal_wing_mu                                     1              99.4980            8.4047          
   Comm_wing                                      1               0.0042             0.0003         
  Load DFT xc potential                           1              0.0276             0.0023          
  api_build_g0w0_sigma                            1              1721.5566          190.3396        
   initialize_ds_tfgrids                          1               0.4528             0.0378         
   initialize_ds_atpairs_local                    1               0.0074             0.0006         
   redistribute_coulomb_blacs2ap                  1               0.0009             0.0001         
   initialize_ds_headwing                         1               0.0004             0.0000         
   initialize_ds_chi0                             1               0.0011             0.0001         
   Build response function chi0                   1               360.7238           42.3591        
    Loop over LibRI                               1                360.7063           42.3463       
     chi0_libri_routing_set_parallel              1                 0.0061             0.0005       
     Set Cs                                       1                 2.6471             0.4665       
     build_gf_Rt_libri_serial                     12                0.5752             0.0503       
     chi0_set_Gs                                  6                 2.9262             0.2456       
     Call cal_chi0s                               6                 279.3111           23.7980      
     chi0_libri_routing_free_gf                   6                 0.0139             0.0013       
     Collect R blocks                             6                 25.3683            10.7323      
     Cosine transform to R-space                  6                 1.2572             0.2297       
     Delayed Fourier transform                    1                 29.9049            2.6094       
   Build exchange self-energy                     1               61.2712            20.8853        
    initialize_ds_exx                             1                0.0000             0.0000        
    Fourier transform truncated Coulomb           1                3.0238             3.0317        
    g0w0_exx_real_work                            1                58.2469            17.8534       
     Prepare C libRI object                       1                 2.5635             0.3897       
     Prepare V libRI object                       1                 4.3716             2.2058       
      build_real_space_exx_2_1                    1                  0.0539             0.0541      
      build_real_space_exx_2_2                    1                  4.3176             2.1516      
     build_real_space_exx_prepare_index           1                 1.3355             1.3379       
      index_scheduler_init_pairs_unordered_map    1                  0.0000             0.0000      
      index_scheduler_ids_rc                      1                  0.0000             0.0000      
      index_scheduler_compute_map                 1                  0.0000             0.0000      
      index_scheduler_flatten                     1                  0.0000             0.0000      
     Prepare DM libRI object                      1                 0.1902             0.0165       
      exx_build_dmat_libri_kserial                1                  0.0715             0.0065      
      build_real_space_exx_libri_set_Ds           1                  0.1178             0.0099      
     Call libRI Hexx calculation                  1                 38.9293            3.2623       
     build_real_space_exx_5                       1                 0.0065             0.0005       
   Build screened interaction                     1               752.9585           68.9578        
    compute_Wc_freq_q_blacs_init                  1                0.1464             0.0123        
    compute_Wc_freq_q_work                        1                752.7936           68.9440       
     Prepare sqrt of truncated Coulomb            64                151.7983           13.3147      
      Setup libRI object                          64                 1.2127             0.1017      
      libRI Communicate                           64                 7.8001             0.6546      
      Collect 2D-block from IJ                    64                 6.8215             0.5706      
      Perform square root                         64                 135.8276           11.9764     
       power_hemat_blacs_real                     1                   1.3336             0.1117     
        power_hemat_blacs_1                       1                    0.0074             0.0006    
        power_hemat_blacs_2                       1                    1.0450             0.0875    
        power_hemat_blacs_3                       1                    0.0003             0.0000    
        power_hemat_blacs_4                       1                    0.1902             0.0159    
       power_hemat_blacs                          63                  132.2510           11.1495    
        power_hemat_blacs_1                       63                   0.3789             0.0317    
        power_hemat_blacs_2                       63                   122.5558           10.3403   
        power_hemat_blacs_3                       63                   0.9711             0.0814    
        power_hemat_blacs_4                       63                   0.0142             0.0012    
        power_hemat_blacs_5                       63                   6.7353             0.5635    
     Prepare sqrt of bare Coulomb                 64                139.0185           11.6433      
      power_hemat_blacs_real                      1                  1.0581             0.0885      
       power_hemat_blacs_1                        1                   0.0019             0.0002     
       power_hemat_blacs_2                        1                   0.8914             0.0745     
       power_hemat_blacs_3                        1                   0.0002             0.0000     
       power_hemat_blacs_4                        1                   0.1126             0.0094     
      cal_wing                                    1                  0.0220             0.0019      
      power_hemat_blacs                           63                 121.9866           10.2141     
       power_hemat_blacs_1                        63                  0.1162             0.0097     
       power_hemat_blacs_2                        63                  112.9858           9.4628     
       power_hemat_blacs_3                        63                  0.9460             0.0793     
       power_hemat_blacs_4                        63                  0.0143             0.0012     
       power_hemat_blacs_5                        63                  6.4465             0.5394     
     epsilon_wc_work_q_omega                      384               458.0554           43.6533      
      Prepare Chi0 2D block                       384                104.7468           9.9500      
       epsilon_prepare_chi0_2d_comm_map2          384                 52.2003            5.5366     
       epsilon_prepare_chi0_2d_collect_block      384                 40.6391            3.4008     
      Compute dielectric matrix                   384                88.1164            8.1200      
       epsilon_compute_eps_pgemm_1                384                 58.4011            5.6516     
        get_inverse_body_of_chi0                  6                    2.7568             0.2305    
        cal_inverse_dielectric_matrix             6                    19.5909            1.6375    
         cal_L                                    6                     0.4648             0.0389   
         precompute_q_data                        6                     0.0056             0.0006   
         cal_inverse_dielectric_matrix_ij         6                     19.0835            1.5950   
        assign_chi0                               6                    0.1691             0.0142    
       epsilon_compute_eps_pgemm_2                384                 28.8386            2.4218     
      epsilon_to_wc                               384                240.3819           21.5476     
       Multiply truncated Coulomb                 6                   0.9083             0.0764     
       epsilon_solver_coulwc                      378                 207.0744           18.4244    
       Multiply truncated Coulomb                 378                 27.0665            2.2522     
   initialize_ds_g0w0                             1               0.0013             0.0001         
   Build real-space correlation self-energy       1               545.9828           58.0854        
    Tranform Wc (q,w) -> (R,t)                    1                36.0100            4.8342        
     Perform transformation                       1                 16.2713            3.1732       
     Compute balance atom-pairs distribution      1                 0.0013             0.0013       
     index_scheduler_init_pairs_unordered_map     1                 0.0000             0.0000       
     index_scheduler_ids_rc                       1                 0.0000             0.0000       
     index_scheduler_compute_map                  1                 0.0070             0.0070       
     index_scheduler_flatten                      1                 0.0000             0.0000       
     Prepare LibRI Wc object                      6                 19.7273            1.6523       
      fill_ap_map_from_blacs_dist_scheduler       384                1.3570             0.1917      
    Setup LibRI G0W0 object and C data            1                3.4357             0.4933        
    Setup LibRI Wc                                6                24.9060            11.8764       
    Compute G(R,t) and G(R,-t)                    6                0.0900             0.0903        
     g0w0_build_gf_libri_kserial                  6                 0.0895             0.0898       
    Call libRI cal_Sigc                           12               477.8105           40.0093       
    g0w0_build_spacetime_5_clean                  12               1.7736             0.1498        
    Transform Sigc (R,t) -> (R,w)                 6                0.1259             0.0105        
    g0w0_build_spacetime_free_Ws                  6                0.4174             0.0349        
  api_get_exx_pot_kgrid                           1              0.4475             0.0375          
   exx_build_KS_blacs_redist                      1               0.0243             0.0020         
    exx_build_KS_blacs_redist_comm_map2           1                0.0217             0.0018        
   Hexx IJ -> 2D block                            64              0.0908             0.0074         
   Rotate Hexx ij -> KS                           64              0.0871             0.0073         
   Collect Eexx to root process                   64              0.1470             0.0123         
  api_get_g0w0_sigc_kgrid                         1              4.0554             0.4087          
   Correlation self-energy in K-S space           1               1.7757             0.1486         
    g0w0_build_sigc_KS                            1                1.7730             0.1484        
     g0w0_build_sigc_KS_rspace_redist             1                 0.2446             0.0205       
     g0w0_build_sigc_KS_find_bvk                  1                 0.0014             0.0001       
     g0w0_build_sigc_KS_rotate_kserial            1                 1.5242             0.1275       
   Export self-energy in KS basis                 1               2.2593             0.2408         
   Solve quasi-particle equation                  1               0.0187             0.0188         
libRPA finished successfully
