64
1
26
26
0.25641691015935753
     1     1
    1          2       -0.204777492200692       -5.572281432159932
    2   2.000000000000000        0.236390847244072        6.432524955133941
    3   2.000000000000000        0.236390847244072        6.432524955133958
    4   2.000000000000000        0.236390847244072        6.432524955133963
    5   0.000000000000000        0.336174187460943        9.147768939977956
    6   0.000000000000000        0.336174187460946        9.147768939978047
    7   0.000000000000000        0.336174187460947        9.147768939978061
    8   0.000000000000000        0.368641867808341       10.031259847112427
    9   0.000000000000000        0.546376135891426       14.867657398691396
   10   0.000000000000000        0.546376135891426       14.867657398691396
   11   0.000000000000000        0.686183005572043       18.671997493091069
   12   0.000000000000000        0.824449943227369       22.434433887337445
   13   0.000000000000000        0.824449943227372       22.434433887337530
   14   0.000000000000000        0.824449943227374       22.434433887337587
   15   0.000000000000000        1.155628167624542       31.446255697985791
   16   0.000000000000000        1.155628167624542       31.446255697985791
   17   0.000000000000000        1.243938277477443       33.849297067996581
   18   0.000000000000000        1.243938277477447       33.849297067996694
   19   0.000000000000000        1.243938277477447       33.849297067996702
   20   0.000000000000000        2.443751889860427       66.497900400740477
   21   0.000000000000000        2.443751889860760       66.497900400749529
   22   0.000000000000000        2.443751889860777       66.497900400749984
   23   0.000000000000000        3.766958963590356      102.504212074006773
   24   0.000000000000000        4.374151706552029      119.026774251063046
   25   0.000000000000000        4.374151706552448      119.026774251074457
   26   0.000000000000000        4.374151706552561      119.026774251077526
     2     1
    1   2.000000000000000       -0.175635462136823       -4.779286111848102
    2   2.000000000000000        0.090653450379085        2.466806937031638
    3   2.000000000000000        0.208595016040081        5.676161585092983
    4   2.000000000000000        0.208595016040082        5.676161585093012
    5   0.000000000000000        0.317322315408090        8.634783184206439
    6   0.000000000000000        0.374075275182336       10.179110446795518
    7   0.000000000000000        0.374075275182336       10.179110446795525
    8   0.000000000000000        0.507757370426938       13.816786878606093
    9   0.000000000000000        0.542095293331550       14.751169696580972
   10   0.000000000000000        0.542095293331551       14.751169696580986
   11   0.000000000000000        0.730014794899154       19.864721669859659
   12   0.000000000000000        0.840918411896667       22.882563909811314
   13   0.000000000000000        0.855105222782281       23.268606838796870
   14   0.000000000000000        0.855105222782284       23.268606838796956
   15   0.000000000000000        1.085021829641597       29.524958675022027
   16   0.000000000000000        1.085021829641598       29.524958675022063
   17   0.000000000000000        1.156675815247497       31.474763652322466
   18   0.000000000000000        1.247540255483589       33.947311917905104
   19   0.000000000000000        1.247540255483591       33.947311917905182
   20   0.000000000000000        1.589434985475956       43.250744806040501
   21   0.000000000000000        2.255530199613038       61.376125451629420
   22   0.000000000000000        2.255530199613140       61.376125451632205
   23   0.000000000000000        3.618252708182608       98.457707270429395
   24   0.000000000000000        3.618252708182828       98.457707270435392
   25   0.000000000000000        3.851282800822550      104.798781401171539
   26   0.000000000000000        5.661143309978797      154.047612420583818
     3     1
    1   2.000000000000000       -0.119287043028412       -3.245966965515166
    2   2.000000000000000       -0.022211984361555       -0.604419102408075
    3   2.000000000000000        0.192591346605299        5.240679398650041
    4   2.000000000000000        0.192591346605299        5.240679398650046
    5   0.000000000000000        0.297902921216709        8.106354358784674
    6   0.000000000000000        0.373826325498566       10.172336178366367
    7   0.000000000000000        0.373826325498566       10.172336178366388
    8   0.000000000000000        0.644845475702774       17.547145598156565
    9   0.000000000000000        0.661638782653165       18.004114923733194
   10   0.000000000000000        0.661638782653165       18.004114923733198
   11   0.000000000000000        0.674641910450242       18.357948183458085
   12   0.000000000000000        0.725086925872324       19.730627474334458
   13   0.000000000000000        0.725086925872325       19.730627474334494
   14   0.000000000000000        0.975059569220626       26.532732061651853
   15   0.000000000000000        1.045855981504321       28.459201271682765
   16   0.000000000000000        1.089578802296332       29.648960262491187
   17   0.000000000000000        1.089578802296332       29.648960262491187
   18   0.000000000000000        1.235249585194209       33.612865621555351
   19   0.000000000000000        1.235249585194210       33.612865621555372
   20   0.000000000000000        1.338812626219903       36.430960541869766
   21   0.000000000000000        2.285128944520114       62.181548620398843
   22   0.000000000000000        2.285128944520194       62.181548620401024
   23   0.000000000000000        2.692218432644747       73.259021889195537
   24   0.000000000000000        2.692218432644764       73.259021889196021
   25   0.000000000000000        3.917248902163172      106.593811107327340
   26   0.000000000000000        5.351672297227843      145.626474142096555
     4     1
    1   2.000000000000000       -0.175635462136824       -4.779286111848124
    2   2.000000000000000        0.090653450379085        2.466806937031626
    3   2.000000000000000        0.208595016040080        5.676161585092972
    4   2.000000000000000        0.208595016040082        5.676161585093031
    5   0.000000000000000        0.317322315408089        8.634783184206425
    6   0.000000000000000        0.374075275182335       10.179110446795493
    7   0.000000000000000        0.374075275182337       10.179110446795539
    8   0.000000000000000        0.507757370426937       13.816786878606067
    9   0.000000000000000        0.542095293331550       14.751169696580964
   10   0.000000000000000        0.542095293331551       14.751169696580993
   11   0.000000000000000        0.730014794899153       19.864721669859644
   12   0.000000000000000        0.840918411896666       22.882563909811289
   13   0.000000000000000        0.855105222782282       23.268606838796899
   14   0.000000000000000        0.855105222782284       23.268606838796963
   15   0.000000000000000        1.085021829641597       29.524958675022027
   16   0.000000000000000        1.085021829641597       29.524958675022045
   17   0.000000000000000        1.156675815247496       31.474763652322462
   18   0.000000000000000        1.247540255483588       33.947311917905090
   19   0.000000000000000        1.247540255483593       33.947311917905225
   20   0.000000000000000        1.589434985475954       43.250744806040444
   21   0.000000000000000        2.255530199613045       61.376125451629605
   22   0.000000000000000        2.255530199613147       61.376125451632397
   23   0.000000000000000        3.618252708182655       98.457707270430674
   24   0.000000000000000        3.618252708182865       98.457707270436387
   25   0.000000000000000        3.851282800822591      104.798781401172647
   26   0.000000000000000        5.661143309979004      154.047612420589445
     5     1
    1   2.000000000000000       -0.175635462136823       -4.779286111848106
    2   2.000000000000000        0.090653450379085        2.466806937031619
    3   2.000000000000000        0.208595016040081        5.676161585092983
    4   2.000000000000000        0.208595016040081        5.676161585092991
    5   0.000000000000000        0.317322315408090        8.634783184206437
    6   0.000000000000000        0.374075275182334       10.179110446795468
    7   0.000000000000000        0.374075275182339       10.179110446795596
    8   0.000000000000000        0.507757370426934       13.816786878606001
    9   0.000000000000000        0.542095293331551       14.751169696580998
   10   0.000000000000000        0.542095293331551       14.751169696580998
   11   0.000000000000000        0.730014794899153       19.864721669859627
   12   0.000000000000000        0.840918411896668       22.882563909811342
   13   0.000000000000000        0.855105222782283       23.268606838796924
   14   0.000000000000000        0.855105222782284       23.268606838796956
   15   0.000000000000000        1.085021829641597       29.524958675022045
   16   0.000000000000000        1.085021829641599       29.524958675022084
   17   0.000000000000000        1.156675815247495       31.474763652322419
   18   0.000000000000000        1.247540255483590       33.947311917905147
   19   0.000000000000000        1.247540255483592       33.947311917905189
   20   0.000000000000000        1.589434985475958       43.250744806040544
   21   0.000000000000000        2.255530199613033       61.376125451629299
   22   0.000000000000000        2.255530199613149       61.376125451632447
   23   0.000000000000000        3.618252708182619       98.457707270429694
   24   0.000000000000000        3.618252708182869       98.457707270436501
   25   0.000000000000000        3.851282800822743      104.798781401176782
   26   0.000000000000000        5.661143309978881      154.047612420586091
     6     1
    1   2.000000000000000       -0.165224025953431       -4.495976398933079
    2   2.000000000000000        0.105659786680750        2.875150296645425
    3   2.000000000000000        0.167088581872545        4.546713568412235
    4   2.000000000000000        0.167088581872545        4.546713568412253
    5   0.000000000000000        0.286393884784377        7.793177410846050
    6   0.000000000000000        0.385832378170703       10.499037632024764
    7   0.000000000000000        0.454806864303688       12.375929688085916
    8   0.000000000000000        0.454806864303689       12.375929688085945
    9   0.000000000000000        0.562879575703782       15.316739034787602
   10   0.000000000000000        0.601840923144415       16.376931688688231
   11   0.000000000000000        0.777202658341286       21.148769308377450
   12   0.000000000000000        0.805853704286166       21.928404265397774
   13   0.000000000000000        0.805853704286172       21.928404265397919
   14   0.000000000000000        0.950691656015677       25.869647125738378
   15   0.000000000000000        1.023451663993673       27.849548515790769
   16   0.000000000000000        1.077986732899593       29.333523871677052
   17   0.000000000000000        1.166530149729121       31.742913850218414
   18   0.000000000000000        1.166530149729128       31.742913850218603
   19   0.000000000000000        1.267546166335752       34.491700680444026
   20   0.000000000000000        1.656211933366080       45.067838778750016
   21   0.000000000000000        1.656211933366093       45.067838778750357
   22   0.000000000000000        2.164357856274675       58.895198712801282
   23   0.000000000000000        2.900325707804365       78.921911364044860
   24   0.000000000000000        4.123969115615276      112.218956696777070
   25   0.000000000000000        5.027832546382772      136.814342441309975
   26   0.000000000000000        5.027832546383086      136.814342441318502
     7     1
    1   2.000000000000000       -0.105142860479327       -2.861084013075728
    2   2.000000000000000       -0.000102881871850       -0.002799559356121
    3   2.000000000000000        0.105078549987931        2.859334034827385
    4   2.000000000000000        0.155580784041332        4.233570324539172
    5   0.000000000000000        0.307358180492019        8.363645163207808
    6   0.000000000000000        0.421265426485834       11.463220341214917
    7   0.000000000000000        0.461088554416099       12.546863245284026
    8   0.000000000000000        0.470788331701136       12.810807726098957
    9   0.000000000000000        0.644749696411533       17.544539309934006
   10   0.000000000000000        0.663299174050998       18.049296491574630
   11   0.000000000000000        0.738834271028863       20.104711927337718
   12   0.000000000000000        0.739721478690890       20.128854086363368
   13   0.000000000000000        0.938286146571940       25.532075895683093
   14   0.000000000000000        0.953019003037447       25.932977487177183
   15   0.000000000000000        0.974172931414092       26.508605409189695
   16   0.000000000000000        1.007621777116938       27.418795195352747
   17   0.000000000000000        1.075300663033228       29.260432160859718
   18   0.000000000000000        1.160214481409704       31.571055698574089
   19   0.000000000000000        1.204408019436799       32.773623562470434
   20   0.000000000000000        1.383396721165360       37.644156004732189
   21   0.000000000000000        1.594091321264488       43.377450203091207
   22   0.000000000000000        1.721900172586788       46.855307468727425
   23   0.000000000000000        3.426271727931030       93.233636792335531
   24   0.000000000000000        3.877208812011158      105.504264358325173
   25   0.000000000000000        4.267385121893630      116.121506436355844
   26   0.000000000000000        5.005240455932064      136.199580121587957
     8     1
    1   2.000000000000000       -0.130037411170875       -3.538499490185498
    2   2.000000000000000        0.033328416570001        0.906912741339258
    3   2.000000000000000        0.096827487794815        2.634811114069864
    4   2.000000000000000        0.187653501070199        5.106313728407601
    5   0.000000000000000        0.342300283220259        9.314468557618619
    6   0.000000000000000        0.423863677105928       11.533922367745541
    7   0.000000000000000        0.433407984790404       11.793636303693672
    8   0.000000000000000        0.496115159878761       13.499986077064275
    9   0.000000000000000        0.510664912857765       13.895905167078142
   10   0.000000000000000        0.618977264934479       16.843235471129024
   11   0.000000000000000        0.760515501479559       20.694688474898875
   12   0.000000000000000        0.876114946706666       23.840310756353990
   13   0.000000000000000        0.900310674746729       24.498710293560453
   14   0.000000000000000        0.906973696278097       24.680020411007021
   15   0.000000000000000        0.994785884197409       27.069512630105837
   16   0.000000000000000        1.023651050133100       27.854974090987632
   17   0.000000000000000        1.061585855754536       28.887233108935561
   18   0.000000000000000        1.120280402641805       30.484393667325602
   19   0.000000000000000        1.262408798123894       34.351905719633329
   20   0.000000000000000        1.451156582718819       39.487996430368547
   21   0.000000000000000        1.733744706480440       47.177613770943019
   22   0.000000000000000        2.029605829186572       55.228407941904159
   23   0.000000000000000        3.146599590842020       85.623367519840173
   24   0.000000000000000        3.522920483550960       95.863584354416659
   25   0.000000000000000        4.194249241945207      114.131377045270838
   26   0.000000000000000        5.119873814966645      139.318913849088091
     9     1
    1   2.000000000000000       -0.119287043028413       -3.245966965515179
    2   2.000000000000000       -0.022211984361554       -0.604419102408052
    3   2.000000000000000        0.192591346605299        5.240679398650044
    4   2.000000000000000        0.192591346605300        5.240679398650062
    5   0.000000000000000        0.297902921216710        8.106354358784701
    6   0.000000000000000        0.373826325498565       10.172336178366347
    7   0.000000000000000        0.373826325498568       10.172336178366418
    8   0.000000000000000        0.644845475702776       17.547145598156622
    9   0.000000000000000        0.661638782653165       18.004114923733212
   10   0.000000000000000        0.661638782653166       18.004114923733219
   11   0.000000000000000        0.674641910450239       18.357948183457982
   12   0.000000000000000        0.725086925872323       19.730627474334415
   13   0.000000000000000        0.725086925872325       19.730627474334486
   14   0.000000000000000        0.975059569220624       26.532732061651817
   15   0.000000000000000        1.045855981504331       28.459201271683018
   16   0.000000000000000        1.089578802296331       29.648960262491176
   17   0.000000000000000        1.089578802296332       29.648960262491194
   18   0.000000000000000        1.235249585194210       33.612865621555379
   19   0.000000000000000        1.235249585194211       33.612865621555407
   20   0.000000000000000        1.338812626219906       36.430960541869858
   21   0.000000000000000        2.285128944520105       62.181548620398601
   22   0.000000000000000        2.285128944520193       62.181548620401003
   23   0.000000000000000        2.692218432644742       73.259021889195409
   24   0.000000000000000        2.692218432644815       73.259021889197385
   25   0.000000000000000        3.917248902163550      106.593811107337629
   26   0.000000000000000        5.351672297228732      145.626474142120742
    10     1
    1   2.000000000000000       -0.105142860479327       -2.861084013075724
    2   2.000000000000000       -0.000102881871847       -0.002799559356058
    3   2.000000000000000        0.105078549987931        2.859334034827393
    4   2.000000000000000        0.155580784041332        4.233570324539174
    5   0.000000000000000        0.307358180492021        8.363645163207860
    6   0.000000000000000        0.421265426485833       11.463220341214894
    7   0.000000000000000        0.461088554416099       12.546863245284030
    8   0.000000000000000        0.470788331701136       12.810807726098963
    9   0.000000000000000        0.644749696411535       17.544539309934045
   10   0.000000000000000        0.663299174051000       18.049296491574683
   11   0.000000000000000        0.738834271028861       20.104711927337668
   12   0.000000000000000        0.739721478690890       20.128854086363376
   13   0.000000000000000        0.938286146571942       25.532075895683153
   14   0.000000000000000        0.953019003037448       25.932977487177194
   15   0.000000000000000        0.974172931414093       26.508605409189713
   16   0.000000000000000        1.007621777116938       27.418795195352740
   17   0.000000000000000        1.075300663033228       29.260432160859729
   18   0.000000000000000        1.160214481409705       31.571055698574110
   19   0.000000000000000        1.204408019436800       32.773623562470455
   20   0.000000000000000        1.383396721165361       37.644156004732231
   21   0.000000000000000        1.594091321264489       43.377450203091236
   22   0.000000000000000        1.721900172586799       46.855307468727723
   23   0.000000000000000        3.426271727931046       93.233636792335957
   24   0.000000000000000        3.877208812011080      105.504264358323042
   25   0.000000000000000        4.267385121893777      116.121506436359837
   26   0.000000000000000        5.005240455932167      136.199580121590742
    11     1
    1   2.000000000000000       -0.052661469539827       -1.432992101590169
    2   2.000000000000000       -0.052661398715994       -1.432990174374806
    3   2.000000000000000        0.131699186193428        3.583718708387092
    4   2.000000000000000        0.131699186193428        3.583718708387102
    5   0.000000000000000        0.276442973074647        7.522399211751556
    6   0.000000000000000        0.276443171287782        7.522404605407659
    7   0.000000000000000        0.619376510479156       16.854099499746450
    8   0.000000000000000        0.619376510479157       16.854099499746500
    9   0.000000000000000        0.665608958137313       18.112148941021850
   10   0.000000000000000        0.665608958137316       18.112148941021943
   11   0.000000000000000        0.756588519192833       20.587829804809772
   12   0.000000000000000        0.756588530403604       20.587830109870495
   13   0.000000000000000        0.773282837199022       21.042105503026118
   14   0.000000000000000        0.773282873148183       21.042106481252986
   15   0.000000000000000        1.079649002332227       29.378756543467144
   16   0.000000000000000        1.079649809524256       29.378778508289095
   17   0.000000000000000        1.192298122105392       32.444096350666179
   18   0.000000000000000        1.192298122105396       32.444096350666292
   19   0.000000000000000        1.259492539062037       34.272550239462568
   20   0.000000000000000        1.259493326972112       34.272571679595615
   21   0.000000000000000        1.378172741160261       37.502004216117356
   22   0.000000000000000        1.378172741160264       37.502004216117442
   23   0.000000000000000        4.126848408270124      112.297306269408026
   24   0.000000000000000        4.126848408270178      112.297306269409503
   25   0.000000000000000        4.703846790721551      127.998237745653256
   26   0.000000000000000        4.703851073282396      127.998354280112309
    12     1
    1   2.000000000000000       -0.105142860479327       -2.861084013075723
    2   2.000000000000000       -0.000102881871847       -0.002799559356060
    3   2.000000000000000        0.105078549987931        2.859334034827398
    4   2.000000000000000        0.155580784041331        4.233570324539146
    5   0.000000000000000        0.307358180492022        8.363645163207881
    6   0.000000000000000        0.421265426485834       11.463220341214914
    7   0.000000000000000        0.461088554416100       12.546863245284042
    8   0.000000000000000        0.470788331701135       12.810807726098943
    9   0.000000000000000        0.644749696411535       17.544539309934052
   10   0.000000000000000        0.663299174050998       18.049296491574619
   11   0.000000000000000        0.738834271028862       20.104711927337696
   12   0.000000000000000        0.739721478690890       20.128854086363376
   13   0.000000000000000        0.938286146571942       25.532075895683146
   14   0.000000000000000        0.953019003037447       25.932977487177187
   15   0.000000000000000        0.974172931414091       26.508605409189659
   16   0.000000000000000        1.007621777116938       27.418795195352725
   17   0.000000000000000        1.075300663033228       29.260432160859743
   18   0.000000000000000        1.160214481409704       31.571055698574106
   19   0.000000000000000        1.204408019436798       32.773623562470412
   20   0.000000000000000        1.383396721165362       37.644156004732245
   21   0.000000000000000        1.594091321264488       43.377450203091215
   22   0.000000000000000        1.721900172586800       46.855307468727744
   23   0.000000000000000        3.426271727931022       93.233636792335304
   24   0.000000000000000        3.877208812011107      105.504264358323780
   25   0.000000000000000        4.267385121893771      116.121506436359667
   26   0.000000000000000        5.005240455932057      136.199580121587758
    13     1
    1   2.000000000000000       -0.175635462136825       -4.779286111848139
    2   2.000000000000000        0.090653450379084        2.466806937031609
    3   2.000000000000000        0.208595016040081        5.676161585092985
    4   2.000000000000000        0.208595016040081        5.676161585092985
    5   0.000000000000000        0.317322315408089        8.634783184206425
    6   0.000000000000000        0.374075275182335       10.179110446795482
    7   0.000000000000000        0.374075275182338       10.179110446795582
    8   0.000000000000000        0.507757370426934       13.816786878605988
    9   0.000000000000000        0.542095293331551       14.751169696580993
   10   0.000000000000000        0.542095293331551       14.751169696581002
   11   0.000000000000000        0.730014794899153       19.864721669859637
   12   0.000000000000000        0.840918411896668       22.882563909811349
   13   0.000000000000000        0.855105222782283       23.268606838796913
   14   0.000000000000000        0.855105222782284       23.268606838796938
   15   0.000000000000000        1.085021829641597       29.524958675022035
   16   0.000000000000000        1.085021829641598       29.524958675022052
   17   0.000000000000000        1.156675815247495       31.474763652322423
   18   0.000000000000000        1.247540255483591       33.947311917905161
   19   0.000000000000000        1.247540255483592       33.947311917905196
   20   0.000000000000000        1.589434985475958       43.250744806040551
   21   0.000000000000000        2.255530199613038       61.376125451629420
   22   0.000000000000000        2.255530199613151       61.376125451632490
   23   0.000000000000000        3.618252708182628       98.457707270429935
   24   0.000000000000000        3.618252708182868       98.457707270436472
   25   0.000000000000000        3.851282800822630      104.798781401173727
   26   0.000000000000000        5.661143309978686      154.047612420580776
    14     1
    1   2.000000000000000       -0.130037411170875       -3.538499490185502
    2   2.000000000000000        0.033328416570001        0.906912741339251
    3   2.000000000000000        0.096827487794814        2.634811114069857
    4   2.000000000000000        0.187653501070199        5.106313728407601
    5   0.000000000000000        0.342300283220260        9.314468557618644
    6   0.000000000000000        0.423863677105929       11.533922367745562
    7   0.000000000000000        0.433407984790404       11.793636303693674
    8   0.000000000000000        0.496115159878761       13.499986077064266
    9   0.000000000000000        0.510664912857765       13.895905167078137
   10   0.000000000000000        0.618977264934479       16.843235471129031
   11   0.000000000000000        0.760515501479559       20.694688474898875
   12   0.000000000000000        0.876114946706666       23.840310756353997
   13   0.000000000000000        0.900310674746729       24.498710293560453
   14   0.000000000000000        0.906973696278097       24.680020411007025
   15   0.000000000000000        0.994785884197410       27.069512630105862
   16   0.000000000000000        1.023651050133100       27.854974090987643
   17   0.000000000000000        1.061585855754536       28.887233108935554
   18   0.000000000000000        1.120280402641805       30.484393667325612
   19   0.000000000000000        1.262408798123896       34.351905719633386
   20   0.000000000000000        1.451156582718820       39.487996430368568
   21   0.000000000000000        1.733744706480439       47.177613770943005
   22   0.000000000000000        2.029605829186570       55.228407941904123
   23   0.000000000000000        3.146599590842021       85.623367519840201
   24   0.000000000000000        3.522920483550983       95.863584354417299
   25   0.000000000000000        4.194249241945174      114.131377045269943
   26   0.000000000000000        5.119873814966666      139.318913849088688
    15     1
    1   2.000000000000000       -0.105142860479327       -2.861084013075720
    2   2.000000000000000       -0.000102881871849       -0.002799559356103
    3   2.000000000000000        0.105078549987932        2.859334034827402
    4   2.000000000000000        0.155580784041332        4.233570324539169
    5   0.000000000000000        0.307358180492019        8.363645163207815
    6   0.000000000000000        0.421265426485834       11.463220341214916
    7   0.000000000000000        0.461088554416099       12.546863245284028
    8   0.000000000000000        0.470788331701136       12.810807726098975
    9   0.000000000000000        0.644749696411533       17.544539309934009
   10   0.000000000000000        0.663299174050998       18.049296491574641
   11   0.000000000000000        0.738834271028864       20.104711927337739
   12   0.000000000000000        0.739721478690890       20.128854086363368
   13   0.000000000000000        0.938286146571940       25.532075895683104
   14   0.000000000000000        0.953019003037447       25.932977487177165
   15   0.000000000000000        0.974172931414091       26.508605409189666
   16   0.000000000000000        1.007621777116937       27.418795195352722
   17   0.000000000000000        1.075300663033228       29.260432160859736
   18   0.000000000000000        1.160214481409705       31.571055698574124
   19   0.000000000000000        1.204408019436799       32.773623562470448
   20   0.000000000000000        1.383396721165361       37.644156004732217
   21   0.000000000000000        1.594091321264489       43.377450203091243
   22   0.000000000000000        1.721900172586792       46.855307468727538
   23   0.000000000000000        3.426271727931107       93.233636792337606
   24   0.000000000000000        3.877208812011175      105.504264358325642
   25   0.000000000000000        4.267385121893578      116.121506436354423
   26   0.000000000000000        5.005240455932027      136.199580121586934
    16     1
    1   2.000000000000000       -0.165224025953431       -4.495976398933079
    2   2.000000000000000        0.105659786680750        2.875150296645426
    3   2.000000000000000        0.167088581872544        4.546713568412209
    4   2.000000000000000        0.167088581872546        4.546713568412258
    5   0.000000000000000        0.286393884784377        7.793177410846067
    6   0.000000000000000        0.385832378170705       10.499037632024798
    7   0.000000000000000        0.454806864303689       12.375929688085940
    8   0.000000000000000        0.454806864303689       12.375929688085940
    9   0.000000000000000        0.562879575703783       15.316739034787624
   10   0.000000000000000        0.601840923144414       16.376931688688227
   11   0.000000000000000        0.777202658341287       21.148769308377457
   12   0.000000000000000        0.805853704286166       21.928404265397759
   13   0.000000000000000        0.805853704286171       21.928404265397894
   14   0.000000000000000        0.950691656015678       25.869647125738396
   15   0.000000000000000        1.023451663993673       27.849548515790779
   16   0.000000000000000        1.077986732899593       29.333523871677063
   17   0.000000000000000        1.166530149729123       31.742913850218454
   18   0.000000000000000        1.166530149729130       31.742913850218638
   19   0.000000000000000        1.267546166335755       34.491700680444090
   20   0.000000000000000        1.656211933366081       45.067838778750058
   21   0.000000000000000        1.656211933366091       45.067838778750328
   22   0.000000000000000        2.164357856274669       58.895198712801097
   23   0.000000000000000        2.900325707804385       78.921911364045428
   24   0.000000000000000        4.123969115615227      112.218956696775734
   25   0.000000000000000        5.027832546382753      136.814342441309464
   26   0.000000000000000        5.027832546383080      136.814342441318360
    17     1
    1   2.000000000000000       -0.175635462136824       -4.779286111848126
    2   2.000000000000000        0.090653450379086        2.466806937031655
    3   2.000000000000000        0.208595016040079        5.676161585092947
    4   2.000000000000000        0.208595016040082        5.676161585093012
    5   0.000000000000000        0.317322315408093        8.634783184206510
    6   0.000000000000000        0.374075275182336       10.179110446795518
    7   0.000000000000000        0.374075275182337       10.179110446795551
    8   0.000000000000000        0.507757370426938       13.816786878606088
    9   0.000000000000000        0.542095293331551       14.751169696580982
   10   0.000000000000000        0.542095293331551       14.751169696580993
   11   0.000000000000000        0.730014794899154       19.864721669859655
   12   0.000000000000000        0.840918411896666       22.882563909811282
   13   0.000000000000000        0.855105222782283       23.268606838796934
   14   0.000000000000000        0.855105222782284       23.268606838796956
   15   0.000000000000000        1.085021829641597       29.524958675022035
   16   0.000000000000000        1.085021829641597       29.524958675022045
   17   0.000000000000000        1.156675815247493       31.474763652322359
   18   0.000000000000000        1.247540255483591       33.947311917905161
   19   0.000000000000000        1.247540255483591       33.947311917905168
   20   0.000000000000000        1.589434985475954       43.250744806040430
   21   0.000000000000000        2.255530199613060       61.376125451630017
   22   0.000000000000000        2.255530199613154       61.376125451632575
   23   0.000000000000000        3.618252708182679       98.457707270431328
   24   0.000000000000000        3.618252708182854       98.457707270436075
   25   0.000000000000000        3.851282800822800      104.798781401178331
   26   0.000000000000000        5.661143309978723      154.047612420581771
    18     1
    1   2.000000000000000       -0.165224025953431       -4.495976398933085
    2   2.000000000000000        0.105659786680748        2.875150296645372
    3   2.000000000000000        0.167088581872547        4.546713568412285
    4   2.000000000000000        0.167088581872548        4.546713568412334
    5   0.000000000000000        0.286393884784376        7.793177410846042
    6   0.000000000000000        0.385832378170704       10.499037632024779
    7   0.000000000000000        0.454806864303689       12.375929688085947
    8   0.000000000000000        0.454806864303690       12.375929688085970
    9   0.000000000000000        0.562879575703784       15.316739034787632
   10   0.000000000000000        0.601840923144415       16.376931688688231
   11   0.000000000000000        0.777202658341282       21.148769308377336
   12   0.000000000000000        0.805853704286169       21.928404265397848
   13   0.000000000000000        0.805853704286172       21.928404265397916
   14   0.000000000000000        0.950691656015675       25.869647125738325
   15   0.000000000000000        1.023451663993674       27.849548515790815
   16   0.000000000000000        1.077986732899591       29.333523871676999
   17   0.000000000000000        1.166530149729129       31.742913850218628
   18   0.000000000000000        1.166530149729129       31.742913850218628
   19   0.000000000000000        1.267546166335750       34.491700680443969
   20   0.000000000000000        1.656211933366097       45.067838778750492
   21   0.000000000000000        1.656211933366119       45.067838778751074
   22   0.000000000000000        2.164357856274582       58.895198712798745
   23   0.000000000000000        2.900325707804295       78.921911364042955
   24   0.000000000000000        4.123969115615249      112.218956696776317
   25   0.000000000000000        5.027832546382870      136.814342441312647
   26   0.000000000000000        5.027832546383229      136.814342441322395
    19     1
    1   2.000000000000000       -0.105142860479327       -2.861084013075720
    2   2.000000000000000       -0.000102881871848       -0.002799559356078
    3   2.000000000000000        0.105078549987931        2.859334034827388
    4   2.000000000000000        0.155580784041333        4.233570324539203
    5   0.000000000000000        0.307358180492021        8.363645163207860
    6   0.000000000000000        0.421265426485834       11.463220341214909
    7   0.000000000000000        0.461088554416099       12.546863245284012
    8   0.000000000000000        0.470788331701137       12.810807726099004
    9   0.000000000000000        0.644749696411535       17.544539309934045
   10   0.000000000000000        0.663299174050999       18.049296491574651
   11   0.000000000000000        0.738834271028863       20.104711927337707
   12   0.000000000000000        0.739721478690891       20.128854086363386
   13   0.000000000000000        0.938286146571939       25.532075895683061
   14   0.000000000000000        0.953019003037447       25.932977487177165
   15   0.000000000000000        0.974172931414093       26.508605409189737
   16   0.000000000000000        1.007621777116937       27.418795195352722
   17   0.000000000000000        1.075300663033227       29.260432160859700
   18   0.000000000000000        1.160214481409705       31.571055698574110
   19   0.000000000000000        1.204408019436803       32.773623562470554
   20   0.000000000000000        1.383396721165360       37.644156004732189
   21   0.000000000000000        1.594091321264501       43.377450203091556
   22   0.000000000000000        1.721900172586774       46.855307468727055
   23   0.000000000000000        3.426271727931042       93.233636792335830
   24   0.000000000000000        3.877208812011165      105.504264358325386
   25   0.000000000000000        4.267385121893664      116.121506436356768
   26   0.000000000000000        5.005240455932477      136.199580121599183
    20     1
    1   2.000000000000000       -0.130037411170875       -3.538499490185507
    2   2.000000000000000        0.033328416570000        0.906912741339222
    3   2.000000000000000        0.096827487794815        2.634811114069867
    4   2.000000000000000        0.187653501070200        5.106313728407626
    5   0.000000000000000        0.342300283220260        9.314468557618637
    6   0.000000000000000        0.423863677105929       11.533922367745577
    7   0.000000000000000        0.433407984790403       11.793636303693640
    8   0.000000000000000        0.496115159878764       13.499986077064356
    9   0.000000000000000        0.510664912857766       13.895905167078158
   10   0.000000000000000        0.618977264934479       16.843235471129034
   11   0.000000000000000        0.760515501479559       20.694688474898875
   12   0.000000000000000        0.876114946706667       23.840310756354011
   13   0.000000000000000        0.900310674746730       24.498710293560457
   14   0.000000000000000        0.906973696278099       24.680020411007067
   15   0.000000000000000        0.994785884197409       27.069512630105837
   16   0.000000000000000        1.023651050133092       27.854974090987426
   17   0.000000000000000        1.061585855754534       28.887233108935494
   18   0.000000000000000        1.120280402641804       30.484393667325566
   19   0.000000000000000        1.262408798123896       34.351905719633400
   20   0.000000000000000        1.451156582718808       39.487996430368241
   21   0.000000000000000        1.733744706480419       47.177613770942457
   22   0.000000000000000        2.029605829186631       55.228407941905765
   23   0.000000000000000        3.146599590842144       85.623367519843569
   24   0.000000000000000        3.522920483551122       95.863584354421079
   25   0.000000000000000        4.194249241945119      114.131377045268451
   26   0.000000000000000        5.119873814966832      139.318913849093207
    21     1
    1   2.000000000000000       -0.165224025953431       -4.495976398933080
    2   2.000000000000000        0.105659786680750        2.875150296645401
    3   2.000000000000000        0.167088581872545        4.546713568412248
    4   2.000000000000000        0.167088581872545        4.546713568412255
    5   0.000000000000000        0.286393884784376        7.793177410846022
    6   0.000000000000000        0.385832378170702       10.499037632024740
    7   0.000000000000000        0.454806864303687       12.375929688085890
    8   0.000000000000000        0.454806864303689       12.375929688085936
    9   0.000000000000000        0.562879575703784       15.316739034787636
   10   0.000000000000000        0.601840923144415       16.376931688688231
   11   0.000000000000000        0.777202658341286       21.148769308377432
   12   0.000000000000000        0.805853704286167       21.928404265397788
   13   0.000000000000000        0.805853704286169       21.928404265397837
   14   0.000000000000000        0.950691656015680       25.869647125738457
   15   0.000000000000000        1.023451663993674       27.849548515790797
   16   0.000000000000000        1.077986732899592       29.333523871677034
   17   0.000000000000000        1.166530149729122       31.742913850218439
   18   0.000000000000000        1.166530149729128       31.742913850218596
   19   0.000000000000000        1.267546166335757       34.491700680444161
   20   0.000000000000000        1.656211933366084       45.067838778750136
   21   0.000000000000000        1.656211933366109       45.067838778750811
   22   0.000000000000000        2.164357856274618       58.895198712799711
   23   0.000000000000000        2.900325707804352       78.921911364044504
   24   0.000000000000000        4.123969115615231      112.218956696775834
   25   0.000000000000000        5.027832546382775      136.814342441310060
   26   0.000000000000000        5.027832546383021      136.814342441316739
    22     1
    1   2.000000000000000       -0.175635462136824       -4.779286111848124
    2   2.000000000000000        0.090653450379084        2.466806937031607
    3   2.000000000000000        0.208595016040081        5.676161585092983
    4   2.000000000000000        0.208595016040081        5.676161585093004
    5   0.000000000000000        0.317322315408093        8.634783184206521
    6   0.000000000000000        0.374075275182335       10.179110446795498
    7   0.000000000000000        0.374075275182336       10.179110446795507
    8   0.000000000000000        0.507757370426934       13.816786878605980
    9   0.000000000000000        0.542095293331551       14.751169696580998
   10   0.000000000000000        0.542095293331552       14.751169696581028
   11   0.000000000000000        0.730014794899155       19.864721669859680
   12   0.000000000000000        0.840918411896665       22.882563909811278
   13   0.000000000000000        0.855105222782283       23.268606838796934
   14   0.000000000000000        0.855105222782284       23.268606838796963
   15   0.000000000000000        1.085021829641598       29.524958675022052
   16   0.000000000000000        1.085021829641599       29.524958675022095
   17   0.000000000000000        1.156675815247491       31.474763652322316
   18   0.000000000000000        1.247540255483589       33.947311917905125
   19   0.000000000000000        1.247540255483593       33.947311917905225
   20   0.000000000000000        1.589434985475957       43.250744806040508
   21   0.000000000000000        2.255530199613049       61.376125451629740
   22   0.000000000000000        2.255530199613145       61.376125451632348
   23   0.000000000000000        3.618252708182632       98.457707270430049
   24   0.000000000000000        3.618252708182812       98.457707270434923
   25   0.000000000000000        3.851282800822742      104.798781401176754
   26   0.000000000000000        5.661143309978666      154.047612420580236
    23     1
    1   2.000000000000000       -0.130037411170875       -3.538499490185501
    2   2.000000000000000        0.033328416570001        0.906912741339250
    3   2.000000000000000        0.096827487794815        2.634811114069867
    4   2.000000000000000        0.187653501070199        5.106313728407600
    5   0.000000000000000        0.342300283220262        9.314468557618703
    6   0.000000000000000        0.423863677105929       11.533922367745566
    7   0.000000000000000        0.433407984790402       11.793636303693614
    8   0.000000000000000        0.496115159878763       13.499986077064335
    9   0.000000000000000        0.510664912857766       13.895905167078155
   10   0.000000000000000        0.618977264934480       16.843235471129049
   11   0.000000000000000        0.760515501479560       20.694688474898907
   12   0.000000000000000        0.876114946706667       23.840310756354025
   13   0.000000000000000        0.900310674746731       24.498710293560485
   14   0.000000000000000        0.906973696278095       24.680020411006979
   15   0.000000000000000        0.994785884197408       27.069512630105816
   16   0.000000000000000        1.023651050133098       27.854974090987589
   17   0.000000000000000        1.061585855754537       28.887233108935586
   18   0.000000000000000        1.120280402641803       30.484393667325559
   19   0.000000000000000        1.262408798123893       34.351905719633294
   20   0.000000000000000        1.451156582718818       39.487996430368504
   21   0.000000000000000        1.733744706480417       47.177613770942408
   22   0.000000000000000        2.029605829186606       55.228407941905090
   23   0.000000000000000        3.146599590842026       85.623367519840343
   24   0.000000000000000        3.522920483551010       95.863584354418009
   25   0.000000000000000        4.194249241944767      114.131377045258873
   26   0.000000000000000        5.119873814967208      139.318913849103410
    24     1
    1   2.000000000000000       -0.105142860479327       -2.861084013075725
    2   2.000000000000000       -0.000102881871849       -0.002799559356114
    3   2.000000000000000        0.105078549987930        2.859334034827367
    4   2.000000000000000        0.155580784041331        4.233570324539145
    5   0.000000000000000        0.307358180492024        8.363645163207932
    6   0.000000000000000        0.421265426485832       11.463220341214871
    7   0.000000000000000        0.461088554416096       12.546863245283930
    8   0.000000000000000        0.470788331701136       12.810807726098979
    9   0.000000000000000        0.644749696411536       17.544539309934073
   10   0.000000000000000        0.663299174050997       18.049296491574605
   11   0.000000000000000        0.738834271028865       20.104711927337785
   12   0.000000000000000        0.739721478690888       20.128854086363308
   13   0.000000000000000        0.938286146571939       25.532075895683082
   14   0.000000000000000        0.953019003037450       25.932977487177254
   15   0.000000000000000        0.974172931414091       26.508605409189670
   16   0.000000000000000        1.007621777116938       27.418795195352740
   17   0.000000000000000        1.075300663033229       29.260432160859764
   18   0.000000000000000        1.160214481409708       31.571055698574202
   19   0.000000000000000        1.204408019436795       32.773623562470327
   20   0.000000000000000        1.383396721165364       37.644156004732309
   21   0.000000000000000        1.594091321264501       43.377450203091570
   22   0.000000000000000        1.721900172586756       46.855307468726565
   23   0.000000000000000        3.426271727930989       93.233636792334408
   24   0.000000000000000        3.877208812011184      105.504264358325869
   25   0.000000000000000        4.267385121893716      116.121506436358189
   26   0.000000000000000        5.005240455931958      136.199580121585058
    25     1
    1   2.000000000000000       -0.105142860479327       -2.861084013075726
    2   2.000000000000000       -0.000102881871848       -0.002799559356068
    3   2.000000000000000        0.105078549987931        2.859334034827383
    4   2.000000000000000        0.155580784041333        4.233570324539188
    5   0.000000000000000        0.307358180492020        8.363645163207833
    6   0.000000000000000        0.421265426485833       11.463220341214878
    7   0.000000000000000        0.461088554416099       12.546863245284008
    8   0.000000000000000        0.470788331701137       12.810807726098995
    9   0.000000000000000        0.644749696411533       17.544539309934013
   10   0.000000000000000        0.663299174050999       18.049296491574673
   11   0.000000000000000        0.738834271028863       20.104711927337718
   12   0.000000000000000        0.739721478690890       20.128854086363372
   13   0.000000000000000        0.938286146571939       25.532075895683079
   14   0.000000000000000        0.953019003037448       25.932977487177208
   15   0.000000000000000        0.974172931414092       26.508605409189702
   16   0.000000000000000        1.007621777116940       27.418795195352782
   17   0.000000000000000        1.075300663033226       29.260432160859668
   18   0.000000000000000        1.160214481409709       31.571055698574227
   19   0.000000000000000        1.204408019436799       32.773623562470448
   20   0.000000000000000        1.383396721165360       37.644156004732196
   21   0.000000000000000        1.594091321264500       43.377450203091541
   22   0.000000000000000        1.721900172586775       46.855307468727084
   23   0.000000000000000        3.426271727931014       93.233636792335091
   24   0.000000000000000        3.877208812011116      105.504264358324022
   25   0.000000000000000        4.267385121893696      116.121506436357635
   26   0.000000000000000        5.005240455932064      136.199580121587957
    26     1
    1   2.000000000000000       -0.130037411170875       -3.538499490185506
    2   2.000000000000000        0.033328416570001        0.906912741339248
    3   2.000000000000000        0.096827487794813        2.634811114069834
    4   2.000000000000000        0.187653501070199        5.106313728407607
    5   0.000000000000000        0.342300283220262        9.314468557618712
    6   0.000000000000000        0.423863677105929       11.533922367745570
    7   0.000000000000000        0.433407984790402       11.793636303693605
    8   0.000000000000000        0.496115159878761       13.499986077064291
    9   0.000000000000000        0.510664912857766       13.895905167078151
   10   0.000000000000000        0.618977264934480       16.843235471129038
   11   0.000000000000000        0.760515501479559       20.694688474898861
   12   0.000000000000000        0.876114946706669       23.840310756354068
   13   0.000000000000000        0.900310674746730       24.498710293560460
   14   0.000000000000000        0.906973696278099       24.680020411007074
   15   0.000000000000000        0.994785884197409       27.069512630105848
   16   0.000000000000000        1.023651050133096       27.854974090987522
   17   0.000000000000000        1.061585855754534       28.887233108935515
   18   0.000000000000000        1.120280402641803       30.484393667325559
   19   0.000000000000000        1.262408798123897       34.351905719633415
   20   0.000000000000000        1.451156582718819       39.487996430368533
   21   0.000000000000000        1.733744706480412       47.177613770942251
   22   0.000000000000000        2.029605829186629       55.228407941905715
   23   0.000000000000000        3.146599590842177       85.623367519844450
   24   0.000000000000000        3.522920483551045       95.863584354418990
   25   0.000000000000000        4.194249241945134      114.131377045268863
   26   0.000000000000000        5.119873814967074      139.318913849099800
    27     1
    1   2.000000000000000       -0.105142860479327       -2.861084013075725
    2   2.000000000000000       -0.000102881871848       -0.002799559356086
    3   2.000000000000000        0.105078549987933        2.859334034827438
    4   2.000000000000000        0.155580784041332        4.233570324539169
    5   0.000000000000000        0.307358180492024        8.363645163207941
    6   0.000000000000000        0.421265426485832       11.463220341214871
    7   0.000000000000000        0.461088554416100       12.546863245284044
    8   0.000000000000000        0.470788331701136       12.810807726098968
    9   0.000000000000000        0.644749696411534       17.544539309934020
   10   0.000000000000000        0.663299174050999       18.049296491574658
   11   0.000000000000000        0.738834271028866       20.104711927337796
   12   0.000000000000000        0.739721478690891       20.128854086363393
   13   0.000000000000000        0.938286146571938       25.532075895683057
   14   0.000000000000000        0.953019003037451       25.932977487177286
   15   0.000000000000000        0.974172931414092       26.508605409189688
   16   0.000000000000000        1.007621777116937       27.418795195352708
   17   0.000000000000000        1.075300663033230       29.260432160859771
   18   0.000000000000000        1.160214481409706       31.571055698574153
   19   0.000000000000000        1.204408019436801       32.773623562470490
   20   0.000000000000000        1.383396721165364       37.644156004732309
   21   0.000000000000000        1.594091321264486       43.377450203091158
   22   0.000000000000000        1.721900172586777       46.855307468727133
   23   0.000000000000000        3.426271727931102       93.233636792337478
   24   0.000000000000000        3.877208812011094      105.504264358323439
   25   0.000000000000000        4.267385121893413      116.121506436349918
   26   0.000000000000000        5.005240455932181      136.199580121591140
    28     1
    1   2.000000000000000       -0.046602607771086       -1.268122014691706
    2   2.000000000000000       -0.046602555616768       -1.268120595499893
    3   2.000000000000000        0.093267064934566        2.537927037692187
    4   2.000000000000000        0.093267066103276        2.537927069494418
    5   0.000000000000000        0.408267238538067       11.109521501685796
    6   0.000000000000000        0.408267340754110       11.109524283127032
    7   0.000000000000000        0.441799488279242       12.021980828163818
    8   0.000000000000000        0.441799511799570       12.021981468184766
    9   0.000000000000000        0.640650592908959       17.432996981280468
   10   0.000000000000000        0.640650601831040       17.432997224062760
   11   0.000000000000000        0.779955523209057       21.223678604428830
   12   0.000000000000000        0.779955552217344       21.223679393784813
   13   0.000000000000000        0.968159823793783       26.344980356542841
   14   0.000000000000000        0.968159935654723       26.344983400435179
   15   0.000000000000000        1.005194516578560       27.352746047647759
   16   0.000000000000000        1.005195079010784       27.352761352213733
   17   0.000000000000000        1.008455702548998       27.441487470519000
   18   0.000000000000000        1.008455846767107       27.441491394895074
   19   0.000000000000000        1.257248899630007       34.211497678396384
   20   0.000000000000000        1.257248968984595       34.211499565631541
   21   0.000000000000000        1.681714836756792       45.761808382064423
   22   0.000000000000000        1.681716145816697       45.761844003411881
   23   0.000000000000000        4.362662424471726      118.714134846620212
   24   0.000000000000000        4.362671245723172      118.714374885186544
   25   0.000000000000000        4.596236715927527      125.070017386843460
   26   0.000000000000000        4.596242023433765      125.070161811497471
    29     1
    1   2.000000000000000       -0.130037411170875       -3.538499490185512
    2   2.000000000000000        0.033328416570001        0.906912741339255
    3   2.000000000000000        0.096827487794814        2.634811114069840
    4   2.000000000000000        0.187653501070198        5.106313728407585
    5   0.000000000000000        0.342300283220259        9.314468557618621
    6   0.000000000000000        0.423863677105929       11.533922367745580
    7   0.000000000000000        0.433407984790404       11.793636303693658
    8   0.000000000000000        0.496115159878763       13.499986077064346
    9   0.000000000000000        0.510664912857765       13.895905167078142
   10   0.000000000000000        0.618977264934480       16.843235471129042
   11   0.000000000000000        0.760515501479560       20.694688474898889
   12   0.000000000000000        0.876114946706666       23.840310756353990
   13   0.000000000000000        0.900310674746731       24.498710293560496
   14   0.000000000000000        0.906973696278097       24.680020411007035
   15   0.000000000000000        0.994785884197409       27.069512630105844
   16   0.000000000000000        1.023651050133098       27.854974090987589
   17   0.000000000000000        1.061585855754536       28.887233108935554
   18   0.000000000000000        1.120280402641802       30.484393667325524
   19   0.000000000000000        1.262408798123894       34.351905719633343
   20   0.000000000000000        1.451156582718815       39.487996430368433
   21   0.000000000000000        1.733744706480421       47.177613770942493
   22   0.000000000000000        2.029605829186596       55.228407941904820
   23   0.000000000000000        3.146599590842091       85.623367519842120
   24   0.000000000000000        3.522920483551316       95.863584354426351
   25   0.000000000000000        4.194249241945317      114.131377045273837
   26   0.000000000000000        5.119873814966775      139.318913849091643
    30     1
    1   2.000000000000000       -0.105142860479328       -2.861084013075737
    2   2.000000000000000       -0.000102881871849       -0.002799559356096
    3   2.000000000000000        0.105078549987931        2.859334034827392
    4   2.000000000000000        0.155580784041333        4.233570324539198
    5   0.000000000000000        0.307358180492023        8.363645163207925
    6   0.000000000000000        0.421265426485833       11.463220341214885
    7   0.000000000000000        0.461088554416096       12.546863245283937
    8   0.000000000000000        0.470788331701137       12.810807726098993
    9   0.000000000000000        0.644749696411534       17.544539309934041
   10   0.000000000000000        0.663299174050998       18.049296491574626
   11   0.000000000000000        0.738834271028863       20.104711927337721
   12   0.000000000000000        0.739721478690889       20.128854086363337
   13   0.000000000000000        0.938286146571939       25.532075895683086
   14   0.000000000000000        0.953019003037448       25.932977487177212
   15   0.000000000000000        0.974172931414093       26.508605409189723
   16   0.000000000000000        1.007621777116936       27.418795195352690
   17   0.000000000000000        1.075300663033230       29.260432160859796
   18   0.000000000000000        1.160214481409703       31.571055698574057
   19   0.000000000000000        1.204408019436801       32.773623562470505
   20   0.000000000000000        1.383396721165359       37.644156004732181
   21   0.000000000000000        1.594091321264512       43.377450203091847
   22   0.000000000000000        1.721900172586765       46.855307468726814
   23   0.000000000000000        3.426271727931056       93.233636792336227
   24   0.000000000000000        3.877208812011100      105.504264358323596
   25   0.000000000000000        4.267385121893910      116.121506436363461
   26   0.000000000000000        5.005240455932087      136.199580121588582
    31     1
    1   2.000000000000000       -0.046602607771087       -1.268122014691716
    2   2.000000000000000       -0.046602555616769       -1.268120595499918
    3   2.000000000000000        0.093267064934566        2.537927037692181
    4   2.000000000000000        0.093267066103276        2.537927069494427
    5   0.000000000000000        0.408267238538066       11.109521501685782
    6   0.000000000000000        0.408267340754111       11.109524283127065
    7   0.000000000000000        0.441799488279241       12.021980828163775
    8   0.000000000000000        0.441799511799570       12.021981468184761
    9   0.000000000000000        0.640650592908963       17.432996981280571
   10   0.000000000000000        0.640650601831038       17.432997224062706
   11   0.000000000000000        0.779955523209056       21.223678604428819
   12   0.000000000000000        0.779955552217344       21.223679393784817
   13   0.000000000000000        0.968159823793782       26.344980356542834
   14   0.000000000000000        0.968159935654724       26.344983400435225
   15   0.000000000000000        1.005194516578562       27.352746047647820
   16   0.000000000000000        1.005195079010782       27.352761352213673
   17   0.000000000000000        1.008455702548999       27.441487470519018
   18   0.000000000000000        1.008455846767102       27.441491394894935
   19   0.000000000000000        1.257248899630001       34.211497678396199
   20   0.000000000000000        1.257248968984601       34.211499565631698
   21   0.000000000000000        1.681714836756797       45.761808382064572
   22   0.000000000000000        1.681716145816689       45.761844003411667
   23   0.000000000000000        4.362662424471994      118.714134846627516
   24   0.000000000000000        4.362671245723129      118.714374885185364
   25   0.000000000000000        4.596236715927510      125.070017386842991
   26   0.000000000000000        4.596242023433788      125.070161811498068
    32     1
    1   2.000000000000000       -0.105142860479328       -2.861084013075736
    2   2.000000000000000       -0.000102881871849       -0.002799559356107
    3   2.000000000000000        0.105078549987933        2.859334034827437
    4   2.000000000000000        0.155580784041332        4.233570324539161
    5   0.000000000000000        0.307358180492026        8.363645163207998
    6   0.000000000000000        0.421265426485832       11.463220341214871
    7   0.000000000000000        0.461088554416097       12.546863245283959
    8   0.000000000000000        0.470788331701137       12.810807726099002
    9   0.000000000000000        0.644749696411535       17.544539309934066
   10   0.000000000000000        0.663299174050998       18.049296491574619
   11   0.000000000000000        0.738834271028865       20.104711927337785
   12   0.000000000000000        0.739721478690891       20.128854086363400
   13   0.000000000000000        0.938286146571939       25.532075895683082
   14   0.000000000000000        0.953019003037451       25.932977487177276
   15   0.000000000000000        0.974172931414092       26.508605409189698
   16   0.000000000000000        1.007621777116938       27.418795195352750
   17   0.000000000000000        1.075300663033230       29.260432160859779
   18   0.000000000000000        1.160214481409704       31.571055698574106
   19   0.000000000000000        1.204408019436799       32.773623562470434
   20   0.000000000000000        1.383396721165365       37.644156004732316
   21   0.000000000000000        1.594091321264494       43.377450203091364
   22   0.000000000000000        1.721900172586773       46.855307468727013
   23   0.000000000000000        3.426271727931082       93.233636792336938
   24   0.000000000000000        3.877208812011121      105.504264358324164
   25   0.000000000000000        4.267385121893805      116.121506436360605
   26   0.000000000000000        5.005240455932052      136.199580121587616
    33     1
    1   2.000000000000000       -0.119287043028413       -3.245966965515187
    2   2.000000000000000       -0.022211984361554       -0.604419102408060
    3   2.000000000000000        0.192591346605297        5.240679398650006
    4   2.000000000000000        0.192591346605299        5.240679398650051
    5   0.000000000000000        0.297902921216713        8.106354358784783
    6   0.000000000000000        0.373826325498566       10.172336178366365
    7   0.000000000000000        0.373826325498567       10.172336178366407
    8   0.000000000000000        0.644845475702775       17.547145598156597
    9   0.000000000000000        0.661638782653164       18.004114923733184
   10   0.000000000000000        0.661638782653164       18.004114923733184
   11   0.000000000000000        0.674641910450243       18.357948183458106
   12   0.000000000000000        0.725086925872326       19.730627474334518
   13   0.000000000000000        0.725086925872326       19.730627474334522
   14   0.000000000000000        0.975059569220624       26.532732061651807
   15   0.000000000000000        1.045855981504323       28.459201271682812
   16   0.000000000000000        1.089578802296330       29.648960262491158
   17   0.000000000000000        1.089578802296331       29.648960262491162
   18   0.000000000000000        1.235249585194209       33.612865621555372
   19   0.000000000000000        1.235249585194211       33.612865621555414
   20   0.000000000000000        1.338812626219903       36.430960541869773
   21   0.000000000000000        2.285128944520127       62.181548620399212
   22   0.000000000000000        2.285128944520192       62.181548620400967
   23   0.000000000000000        2.692218432644766       73.259021889196063
   24   0.000000000000000        2.692218432644852       73.259021889198394
   25   0.000000000000000        3.917248902163664      106.593811107340727
   26   0.000000000000000        5.351672297229441      145.626474142140012
    34     1
    1   2.000000000000000       -0.105142860479328       -2.861084013075751
    2   2.000000000000000       -0.000102881871850       -0.002799559356125
    3   2.000000000000000        0.105078549987931        2.859334034827383
    4   2.000000000000000        0.155580784041334        4.233570324539227
    5   0.000000000000000        0.307358180492021        8.363645163207861
    6   0.000000000000000        0.421265426485834       11.463220341214921
    7   0.000000000000000        0.461088554416101       12.546863245284060
    8   0.000000000000000        0.470788331701138       12.810807726099020
    9   0.000000000000000        0.644749696411533       17.544539309934006
   10   0.000000000000000        0.663299174051001       18.049296491574701
   11   0.000000000000000        0.738834271028862       20.104711927337704
   12   0.000000000000000        0.739721478690892       20.128854086363425
   13   0.000000000000000        0.938286146571939       25.532075895683061
   14   0.000000000000000        0.953019003037448       25.932977487177201
   15   0.000000000000000        0.974172931414092       26.508605409189698
   16   0.000000000000000        1.007621777116936       27.418795195352690
   17   0.000000000000000        1.075300663033224       29.260432160859622
   18   0.000000000000000        1.160214481409704       31.571055698574099
   19   0.000000000000000        1.204408019436801       32.773623562470505
   20   0.000000000000000        1.383396721165357       37.644156004732110
   21   0.000000000000000        1.594091321264508       43.377450203091740
   22   0.000000000000000        1.721900172586770       46.855307468726949
   23   0.000000000000000        3.426271727931080       93.233636792336867
   24   0.000000000000000        3.877208812011216      105.504264358326765
   25   0.000000000000000        4.267385121893726      116.121506436358459
   26   0.000000000000000        5.005240455932494      136.199580121599638
    35     1
    1   2.000000000000000       -0.052661469539828       -1.432992101590187
    2   2.000000000000000       -0.052661398715998       -1.432990174374903
    3   2.000000000000000        0.131699186193429        3.583718708387142
    4   2.000000000000000        0.131699186193430        3.583718708387154
    5   0.000000000000000        0.276442973074645        7.522399211751496
    6   0.000000000000000        0.276443171287783        7.522404605407694
    7   0.000000000000000        0.619376510479155       16.854099499746429
    8   0.000000000000000        0.619376510479161       16.854099499746589
    9   0.000000000000000        0.665608958137316       18.112148941021939
   10   0.000000000000000        0.665608958137317       18.112148941021964
   11   0.000000000000000        0.756588519192828       20.587829804809648
   12   0.000000000000000        0.756588530403601       20.587830109870421
   13   0.000000000000000        0.773282837199022       21.042105503026129
   14   0.000000000000000        0.773282873148184       21.042106481253004
   15   0.000000000000000        1.079649002332225       29.378756543467098
   16   0.000000000000000        1.079649809524254       29.378778508289045
   17   0.000000000000000        1.192298122105395       32.444096350666250
   18   0.000000000000000        1.192298122105398       32.444096350666349
   19   0.000000000000000        1.259492539062025       34.272550239462241
   20   0.000000000000000        1.259493326972117       34.272571679595757
   21   0.000000000000000        1.378172741160266       37.502004216117484
   22   0.000000000000000        1.378172741160279       37.502004216117847
   23   0.000000000000000        4.126848408270108      112.297306269407599
   24   0.000000000000000        4.126848408270331      112.297306269413653
   25   0.000000000000000        4.703846790721540      127.998237745652958
   26   0.000000000000000        4.703851073282575      127.998354280117169
    36     1
    1   2.000000000000000       -0.105142860479328       -2.861084013075749
    2   2.000000000000000       -0.000102881871850       -0.002799559356129
    3   2.000000000000000        0.105078549987931        2.859334034827387
    4   2.000000000000000        0.155580784041334        4.233570324539213
    5   0.000000000000000        0.307358180492021        8.363645163207863
    6   0.000000000000000        0.421265426485834       11.463220341214921
    7   0.000000000000000        0.461088554416100       12.546863245284039
    8   0.000000000000000        0.470788331701137       12.810807726098986
    9   0.000000000000000        0.644749696411534       17.544539309934020
   10   0.000000000000000        0.663299174051000       18.049296491574680
   11   0.000000000000000        0.738834271028863       20.104711927337718
   12   0.000000000000000        0.739721478690892       20.128854086363425
   13   0.000000000000000        0.938286146571938       25.532075895683054
   14   0.000000000000000        0.953019003037448       25.932977487177194
   15   0.000000000000000        0.974172931414091       26.508605409189663
   16   0.000000000000000        1.007621777116936       27.418795195352690
   17   0.000000000000000        1.075300663033224       29.260432160859633
   18   0.000000000000000        1.160214481409704       31.571055698574106
   19   0.000000000000000        1.204408019436802       32.773623562470512
   20   0.000000000000000        1.383396721165359       37.644156004732174
   21   0.000000000000000        1.594091321264507       43.377450203091733
   22   0.000000000000000        1.721900172586771       46.855307468726970
   23   0.000000000000000        3.426271727931065       93.233636792336469
   24   0.000000000000000        3.877208812011216      105.504264358326765
   25   0.000000000000000        4.267385121893791      116.121506436360221
   26   0.000000000000000        5.005240455932385      136.199580121596682
    37     1
    1   2.000000000000000       -0.105142860479327       -2.861084013075725
    2   2.000000000000000       -0.000102881871848       -0.002799559356072
    3   2.000000000000000        0.105078549987933        2.859334034827431
    4   2.000000000000000        0.155580784041333        4.233570324539196
    5   0.000000000000000        0.307358180492022        8.363645163207885
    6   0.000000000000000        0.421265426485834       11.463220341214916
    7   0.000000000000000        0.461088554416100       12.546863245284054
    8   0.000000000000000        0.470788331701137       12.810807726098993
    9   0.000000000000000        0.644749696411534       17.544539309934020
   10   0.000000000000000        0.663299174050999       18.049296491574662
   11   0.000000000000000        0.738834271028863       20.104711927337732
   12   0.000000000000000        0.739721478690893       20.128854086363443
   13   0.000000000000000        0.938286146571938       25.532075895683061
   14   0.000000000000000        0.953019003037450       25.932977487177258
   15   0.000000000000000        0.974172931414091       26.508605409189663
   16   0.000000000000000        1.007621777116938       27.418795195352732
   17   0.000000000000000        1.075300663033225       29.260432160859658
   18   0.000000000000000        1.160214481409709       31.571055698574220
   19   0.000000000000000        1.204408019436799       32.773623562470419
   20   0.000000000000000        1.383396721165365       37.644156004732331
   21   0.000000000000000        1.594091321264499       43.377450203091513
   22   0.000000000000000        1.721900172586780       46.855307468727212
   23   0.000000000000000        3.426271727931025       93.233636792335389
   24   0.000000000000000        3.877208812011139      105.504264358324662
   25   0.000000000000000        4.267385121893756      116.121506436359283
   26   0.000000000000000        5.005240455932359      136.199580121595972
    38     1
    1   2.000000000000000       -0.130037411170876       -3.538499490185521
    2   2.000000000000000        0.033328416570000        0.906912741339223
    3   2.000000000000000        0.096827487794817        2.634811114069925
    4   2.000000000000000        0.187653501070197        5.106313728407563
    5   0.000000000000000        0.342300283220264        9.314468557618769
    6   0.000000000000000        0.423863677105930       11.533922367745596
    7   0.000000000000000        0.433407984790401       11.793636303693587
    8   0.000000000000000        0.496115159878768       13.499986077064458
    9   0.000000000000000        0.510664912857765       13.895905167078137
   10   0.000000000000000        0.618977264934478       16.843235471129006
   11   0.000000000000000        0.760515501479561       20.694688474898914
   12   0.000000000000000        0.876114946706669       23.840310756354068
   13   0.000000000000000        0.900310674746728       24.498710293560428
   14   0.000000000000000        0.906973696278097       24.680020411007028
   15   0.000000000000000        0.994785884197409       27.069512630105852
   16   0.000000000000000        1.023651050133102       27.854974090987685
   17   0.000000000000000        1.061585855754536       28.887233108935554
   18   0.000000000000000        1.120280402641800       30.484393667325463
   19   0.000000000000000        1.262408798123895       34.351905719633351
   20   0.000000000000000        1.451156582718820       39.487996430368575
   21   0.000000000000000        1.733744706480421       47.177613770942493
   22   0.000000000000000        2.029605829186568       55.228407941904074
   23   0.000000000000000        3.146599590842168       85.623367519844209
   24   0.000000000000000        3.522920483551235       95.863584354424148
   25   0.000000000000000        4.194249241944972      114.131377045264443
   26   0.000000000000000        5.119873814967270      139.318913849105115
    39     1
    1   2.000000000000000       -0.105142860479328       -2.861084013075742
    2   2.000000000000000       -0.000102881871850       -0.002799559356126
    3   2.000000000000000        0.105078549987933        2.859334034827429
    4   2.000000000000000        0.155580784041334        4.233570324539216
    5   0.000000000000000        0.307358180492023        8.363645163207909
    6   0.000000000000000        0.421265426485833       11.463220341214900
    7   0.000000000000000        0.461088554416100       12.546863245284039
    8   0.000000000000000        0.470788331701137       12.810807726098997
    9   0.000000000000000        0.644749696411532       17.544539309933974
   10   0.000000000000000        0.663299174051001       18.049296491574705
   11   0.000000000000000        0.738834271028864       20.104711927337750
   12   0.000000000000000        0.739721478690893       20.128854086363450
   13   0.000000000000000        0.938286146571938       25.532075895683036
   14   0.000000000000000        0.953019003037448       25.932977487177197
   15   0.000000000000000        0.974172931414092       26.508605409189702
   16   0.000000000000000        1.007621777116938       27.418795195352740
   17   0.000000000000000        1.075300663033227       29.260432160859711
   18   0.000000000000000        1.160214481409705       31.571055698574124
   19   0.000000000000000        1.204408019436803       32.773623562470533
   20   0.000000000000000        1.383396721165361       37.644156004732231
   21   0.000000000000000        1.594091321264508       43.377450203091747
   22   0.000000000000000        1.721900172586753       46.855307468726473
   23   0.000000000000000        3.426271727931132       93.233636792338288
   24   0.000000000000000        3.877208812011059      105.504264358322487
   25   0.000000000000000        4.267385121893621      116.121506436355602
   26   0.000000000000000        5.005240455932289      136.199580121594067
    40     1
    1   2.000000000000000       -0.046602607771087       -1.268122014691712
    2   2.000000000000000       -0.046602555616767       -1.268120595499866
    3   2.000000000000000        0.093267064934568        2.537927037692244
    4   2.000000000000000        0.093267066103277        2.537927069494451
    5   0.000000000000000        0.408267238538067       11.109521501685801
    6   0.000000000000000        0.408267340754110       11.109524283127028
    7   0.000000000000000        0.441799488279241       12.021980828163796
    8   0.000000000000000        0.441799511799570       12.021981468184775
    9   0.000000000000000        0.640650592908960       17.432996981280493
   10   0.000000000000000        0.640650601831041       17.432997224062792
   11   0.000000000000000        0.779955523209056       21.223678604428819
   12   0.000000000000000        0.779955552217344       21.223679393784838
   13   0.000000000000000        0.968159823793783       26.344980356542855
   14   0.000000000000000        0.968159935654723       26.344983400435183
   15   0.000000000000000        1.005194516578559       27.352746047647727
   16   0.000000000000000        1.005195079010784       27.352761352213744
   17   0.000000000000000        1.008455702548999       27.441487470519018
   18   0.000000000000000        1.008455846767104       27.441491394894978
   19   0.000000000000000        1.257248899630005       34.211497678396327
   20   0.000000000000000        1.257248968984599       34.211499565631634
   21   0.000000000000000        1.681714836756789       45.761808382064331
   22   0.000000000000000        1.681716145816688       45.761844003411632
   23   0.000000000000000        4.362662424471774      118.714134846621548
   24   0.000000000000000        4.362671245723278      118.714374885189429
   25   0.000000000000000        4.596236715927438      125.070017386841016
   26   0.000000000000000        4.596242023434029      125.070161811504647
    41     1
    1   2.000000000000000       -0.052661469539827       -1.432992101590169
    2   2.000000000000000       -0.052661398715996       -1.432990174374867
    3   2.000000000000000        0.131699186193427        3.583718708387081
    4   2.000000000000000        0.131699186193429        3.583718708387137
    5   0.000000000000000        0.276442973074643        7.522399211751453
    6   0.000000000000000        0.276443171287785        7.522404605407734
    7   0.000000000000000        0.619376510479154       16.854099499746422
    8   0.000000000000000        0.619376510479158       16.854099499746518
    9   0.000000000000000        0.665608958137315       18.112148941021896
   10   0.000000000000000        0.665608958137315       18.112148941021903
   11   0.000000000000000        0.756588519192831       20.587829804809719
   12   0.000000000000000        0.756588530403605       20.587830109870549
   13   0.000000000000000        0.773282837199022       21.042105503026111
   14   0.000000000000000        0.773282873148182       21.042106481252951
   15   0.000000000000000        1.079649002332224       29.378756543467066
   16   0.000000000000000        1.079649809524256       29.378778508289102
   17   0.000000000000000        1.192298122105390       32.444096350666122
   18   0.000000000000000        1.192298122105396       32.444096350666292
   19   0.000000000000000        1.259492539062028       34.272550239462319
   20   0.000000000000000        1.259493326972118       34.272571679595785
   21   0.000000000000000        1.378172741160264       37.502004216117442
   22   0.000000000000000        1.378172741160277       37.502004216117797
   23   0.000000000000000        4.126848408270077      112.297306269406747
   24   0.000000000000000        4.126848408270297      112.297306269412744
   25   0.000000000000000        4.703846790721300      127.998237745646435
   26   0.000000000000000        4.703851073282508      127.998354280115350
    42     1
    1   2.000000000000000       -0.105142860479328       -2.861084013075732
    2   2.000000000000000       -0.000102881871849       -0.002799559356095
    3   2.000000000000000        0.105078549987933        2.859334034827435
    4   2.000000000000000        0.155580784041331        4.233570324539150
    5   0.000000000000000        0.307358180492022        8.363645163207879
    6   0.000000000000000        0.421265426485833       11.463220341214889
    7   0.000000000000000        0.461088554416101       12.546863245284070
    8   0.000000000000000        0.470788331701135       12.810807726098925
    9   0.000000000000000        0.644749696411532       17.544539309933974
   10   0.000000000000000        0.663299174050998       18.049296491574623
   11   0.000000000000000        0.738834271028864       20.104711927337735
   12   0.000000000000000        0.739721478690891       20.128854086363393
   13   0.000000000000000        0.938286146571938       25.532075895683057
   14   0.000000000000000        0.953019003037452       25.932977487177297
   15   0.000000000000000        0.974172931414089       26.508605409189617
   16   0.000000000000000        1.007621777116938       27.418795195352750
   17   0.000000000000000        1.075300663033225       29.260432160859651
   18   0.000000000000000        1.160214481409710       31.571055698574256
   19   0.000000000000000        1.204408019436798       32.773623562470405
   20   0.000000000000000        1.383396721165363       37.644156004732267
   21   0.000000000000000        1.594091321264497       43.377450203091449
   22   0.000000000000000        1.721900172586763       46.855307468726757
   23   0.000000000000000        3.426271727931031       93.233636792335545
   24   0.000000000000000        3.877208812011090      105.504264358323340
   25   0.000000000000000        4.267385121893568      116.121506436354153
   26   0.000000000000000        5.005240455932292      136.199580121594153
    43     1
    1   2.000000000000000       -0.119287043028413       -3.245966965515186
    2   2.000000000000000       -0.022211984361556       -0.604419102408109
    3   2.000000000000000        0.192591346605299        5.240679398650043
    4   2.000000000000000        0.192591346605300        5.240679398650083
    5   0.000000000000000        0.297902921216714        8.106354358784808
    6   0.000000000000000        0.373826325498565       10.172336178366344
    7   0.000000000000000        0.373826325498565       10.172336178366344
    8   0.000000000000000        0.644845475702771       17.547145598156465
    9   0.000000000000000        0.661638782653165       18.004114923733194
   10   0.000000000000000        0.661638782653165       18.004114923733216
   11   0.000000000000000        0.674641910450246       18.357948183458188
   12   0.000000000000000        0.725086925872326       19.730627474334497
   13   0.000000000000000        0.725086925872328       19.730627474334561
   14   0.000000000000000        0.975059569220623       26.532732061651775
   15   0.000000000000000        1.045855981504322       28.459201271682794
   16   0.000000000000000        1.089578802296331       29.648960262491162
   17   0.000000000000000        1.089578802296332       29.648960262491187
   18   0.000000000000000        1.235249585194207       33.612865621555315
   19   0.000000000000000        1.235249585194212       33.612865621555443
   20   0.000000000000000        1.338812626219901       36.430960541869702
   21   0.000000000000000        2.285128944520117       62.181548620398921
   22   0.000000000000000        2.285128944520216       62.181548620401621
   23   0.000000000000000        2.692218432644742       73.259021889195409
   24   0.000000000000000        2.692218432644776       73.259021889196319
   25   0.000000000000000        3.917248902163479      106.593811107335682
   26   0.000000000000000        5.351672297229073      145.626474142130007
    44     1
    1   2.000000000000000       -0.105142860479327       -2.861084013075726
    2   2.000000000000000       -0.000102881871848       -0.002799559356089
    3   2.000000000000000        0.105078549987932        2.859334034827423
    4   2.000000000000000        0.155580784041333        4.233570324539182
    5   0.000000000000000        0.307358180492022        8.363645163207899
    6   0.000000000000000        0.421265426485833       11.463220341214887
    7   0.000000000000000        0.461088554416101       12.546863245284081
    8   0.000000000000000        0.470788331701135       12.810807726098934
    9   0.000000000000000        0.644749696411532       17.544539309933985
   10   0.000000000000000        0.663299174050998       18.049296491574633
   11   0.000000000000000        0.738834271028863       20.104711927337732
   12   0.000000000000000        0.739721478690892       20.128854086363432
   13   0.000000000000000        0.938286146571938       25.532075895683043
   14   0.000000000000000        0.953019003037451       25.932977487177297
   15   0.000000000000000        0.974172931414089       26.508605409189627
   16   0.000000000000000        1.007621777116939       27.418795195352764
   17   0.000000000000000        1.075300663033226       29.260432160859661
   18   0.000000000000000        1.160214481409709       31.571055698574227
   19   0.000000000000000        1.204408019436797       32.773623562470391
   20   0.000000000000000        1.383396721165360       37.644156004732196
   21   0.000000000000000        1.594091321264498       43.377450203091477
   22   0.000000000000000        1.721900172586764       46.855307468726771
   23   0.000000000000000        3.426271727931041       93.233636792335815
   24   0.000000000000000        3.877208812011082      105.504264358323127
   25   0.000000000000000        4.267385121893536      116.121506436353286
   26   0.000000000000000        5.005240455932354      136.199580121595829
    45     1
    1   2.000000000000000       -0.105142860479328       -2.861084013075736
    2   2.000000000000000       -0.000102881871849       -0.002799559356104
    3   2.000000000000000        0.105078549987932        2.859334034827408
    4   2.000000000000000        0.155580784041334        4.233570324539208
    5   0.000000000000000        0.307358180492022        8.363645163207886
    6   0.000000000000000        0.421265426485834       11.463220341214909
    7   0.000000000000000        0.461088554416101       12.546863245284062
    8   0.000000000000000        0.470788331701136       12.810807726098957
    9   0.000000000000000        0.644749696411534       17.544539309934020
   10   0.000000000000000        0.663299174051000       18.049296491574673
   11   0.000000000000000        0.738834271028864       20.104711927337735
   12   0.000000000000000        0.739721478690892       20.128854086363425
   13   0.000000000000000        0.938286146571938       25.532075895683050
   14   0.000000000000000        0.953019003037450       25.932977487177254
   15   0.000000000000000        0.974172931414090       26.508605409189634
   16   0.000000000000000        1.007621777116938       27.418795195352740
   17   0.000000000000000        1.075300663033226       29.260432160859683
   18   0.000000000000000        1.160214481409708       31.571055698574192
   19   0.000000000000000        1.204408019436799       32.773623562470426
   20   0.000000000000000        1.383396721165366       37.644156004732366
   21   0.000000000000000        1.594091321264499       43.377450203091499
   22   0.000000000000000        1.721900172586780       46.855307468727212
   23   0.000000000000000        3.426271727931048       93.233636792336000
   24   0.000000000000000        3.877208812011165      105.504264358325386
   25   0.000000000000000        4.267385121893718      116.121506436358246
   26   0.000000000000000        5.005240455932509      136.199580121600064
    46     1
    1   2.000000000000000       -0.046602607771087       -1.268122014691713
    2   2.000000000000000       -0.046602555616771       -1.268120595499978
    3   2.000000000000000        0.093267064934567        2.537927037692226
    4   2.000000000000000        0.093267066103277        2.537927069494455
    5   0.000000000000000        0.408267238538067       11.109521501685810
    6   0.000000000000000        0.408267340754110       11.109524283127037
    7   0.000000000000000        0.441799488279242       12.021980828163821
    8   0.000000000000000        0.441799511799571       12.021981468184789
    9   0.000000000000000        0.640650592908960       17.432996981280493
   10   0.000000000000000        0.640650601831041       17.432997224062795
   11   0.000000000000000        0.779955523209057       21.223678604428837
   12   0.000000000000000        0.779955552217345       21.223679393784845
   13   0.000000000000000        0.968159823793784       26.344980356542873
   14   0.000000000000000        0.968159935654723       26.344983400435190
   15   0.000000000000000        1.005194516578559       27.352746047647738
   16   0.000000000000000        1.005195079010785       27.352761352213761
   17   0.000000000000000        1.008455702548999       27.441487470519018
   18   0.000000000000000        1.008455846767105       27.441491394895007
   19   0.000000000000000        1.257248899630005       34.211497678396327
   20   0.000000000000000        1.257248968984600       34.211499565631684
   21   0.000000000000000        1.681714836756788       45.761808382064309
   22   0.000000000000000        1.681716145816686       45.761844003411582
   23   0.000000000000000        4.362662424471831      118.714134846623097
   24   0.000000000000000        4.362671245723274      118.714374885189329
   25   0.000000000000000        4.596236715927425      125.070017386840675
   26   0.000000000000000        4.596242023434017      125.070161811504306
    47     1
    1   2.000000000000000       -0.105142860479328       -2.861084013075744
    2   2.000000000000000       -0.000102881871850       -0.002799559356129
    3   2.000000000000000        0.105078549987932        2.859334034827422
    4   2.000000000000000        0.155580784041333        4.233570324539190
    5   0.000000000000000        0.307358180492023        8.363645163207909
    6   0.000000000000000        0.421265426485833       11.463220341214894
    7   0.000000000000000        0.461088554416100       12.546863245284049
    8   0.000000000000000        0.470788331701137       12.810807726098991
    9   0.000000000000000        0.644749696411531       17.544539309933963
   10   0.000000000000000        0.663299174051001       18.049296491574708
   11   0.000000000000000        0.738834271028864       20.104711927337746
   12   0.000000000000000        0.739721478690892       20.128854086363411
   13   0.000000000000000        0.938286146571938       25.532075895683047
   14   0.000000000000000        0.953019003037447       25.932977487177187
   15   0.000000000000000        0.974172931414091       26.508605409189681
   16   0.000000000000000        1.007621777116938       27.418795195352732
   17   0.000000000000000        1.075300663033228       29.260432160859743
   18   0.000000000000000        1.160214481409706       31.571055698574153
   19   0.000000000000000        1.204408019436801       32.773623562470476
   20   0.000000000000000        1.383396721165362       37.644156004732253
   21   0.000000000000000        1.594091321264508       43.377450203091740
   22   0.000000000000000        1.721900172586754       46.855307468726494
   23   0.000000000000000        3.426271727931159       93.233636792339027
   24   0.000000000000000        3.877208812011071      105.504264358322814
   25   0.000000000000000        4.267385121893664      116.121506436356768
   26   0.000000000000000        5.005240455932237      136.199580121592646
    48     1
    1   2.000000000000000       -0.130037411170875       -3.538499490185512
    2   2.000000000000000        0.033328416570000        0.906912741339242
    3   2.000000000000000        0.096827487794816        2.634811114069899
    4   2.000000000000000        0.187653501070197        5.106313728407563
    5   0.000000000000000        0.342300283220264        9.314468557618751
    6   0.000000000000000        0.423863677105929       11.533922367745568
    7   0.000000000000000        0.433407984790401       11.793636303693582
    8   0.000000000000000        0.496115159878768       13.499986077064470
    9   0.000000000000000        0.510664912857765       13.895905167078130
   10   0.000000000000000        0.618977264934479       16.843235471129013
   11   0.000000000000000        0.760515501479562       20.694688474898939
   12   0.000000000000000        0.876114946706669       23.840310756354071
   13   0.000000000000000        0.900310674746728       24.498710293560418
   14   0.000000000000000        0.906973696278096       24.680020411007007
   15   0.000000000000000        0.994785884197408       27.069512630105812
   16   0.000000000000000        1.023651050133101       27.854974090987660
   17   0.000000000000000        1.061585855754535       28.887233108935543
   18   0.000000000000000        1.120280402641801       30.484393667325488
   19   0.000000000000000        1.262408798123894       34.351905719633343
   20   0.000000000000000        1.451156582718821       39.487996430368590
   21   0.000000000000000        1.733744706480420       47.177613770942486
   22   0.000000000000000        2.029605829186572       55.228407941904159
   23   0.000000000000000        3.146599590842155       85.623367519843853
   24   0.000000000000000        3.522920483551153       95.863584354421917
   25   0.000000000000000        4.194249241945109      114.131377045268181
   26   0.000000000000000        5.119873814967294      139.318913849105769
    49     1
    1   2.000000000000000       -0.175635462136825       -4.779286111848143
    2   2.000000000000000        0.090653450379084        2.466806937031615
    3   2.000000000000000        0.208595016040079        5.676161585092955
    4   2.000000000000000        0.208595016040082        5.676161585093017
    5   0.000000000000000        0.317322315408091        8.634783184206468
    6   0.000000000000000        0.374075275182336       10.179110446795523
    7   0.000000000000000        0.374075275182337       10.179110446795534
    8   0.000000000000000        0.507757370426937       13.816786878606063
    9   0.000000000000000        0.542095293331550       14.751169696580980
   10   0.000000000000000        0.542095293331551       14.751169696580986
   11   0.000000000000000        0.730014794899154       19.864721669859655
   12   0.000000000000000        0.840918411896666       22.882563909811278
   13   0.000000000000000        0.855105222782284       23.268606838796945
   14   0.000000000000000        0.855105222782284       23.268606838796956
   15   0.000000000000000        1.085021829641597       29.524958675022042
   16   0.000000000000000        1.085021829641598       29.524958675022059
   17   0.000000000000000        1.156675815247491       31.474763652322327
   18   0.000000000000000        1.247540255483591       33.947311917905175
   19   0.000000000000000        1.247540255483591       33.947311917905182
   20   0.000000000000000        1.589434985475950       43.250744806040316
   21   0.000000000000000        2.255530199613057       61.376125451629939
   22   0.000000000000000        2.255530199613153       61.376125451632568
   23   0.000000000000000        3.618252708182680       98.457707270431357
   24   0.000000000000000        3.618252708182876       98.457707270436686
   25   0.000000000000000        3.851282800822765      104.798781401177379
   26   0.000000000000000        5.661143309978669      154.047612420580322
    50     1
    1   2.000000000000000       -0.130037411170875       -3.538499490185508
    2   2.000000000000000        0.033328416570000        0.906912741339225
    3   2.000000000000000        0.096827487794813        2.634811114069837
    4   2.000000000000000        0.187653501070199        5.106313728407617
    5   0.000000000000000        0.342300283220260        9.314468557618651
    6   0.000000000000000        0.423863677105930       11.533922367745598
    7   0.000000000000000        0.433407984790403       11.793636303693637
    8   0.000000000000000        0.496115159878764       13.499986077064358
    9   0.000000000000000        0.510664912857765       13.895905167078137
   10   0.000000000000000        0.618977264934480       16.843235471129049
   11   0.000000000000000        0.760515501479560       20.694688474898886
   12   0.000000000000000        0.876114946706667       23.840310756354022
   13   0.000000000000000        0.900310674746730       24.498710293560475
   14   0.000000000000000        0.906973696278098       24.680020411007053
   15   0.000000000000000        0.994785884197409       27.069512630105827
   16   0.000000000000000        1.023651050133092       27.854974090987433
   17   0.000000000000000        1.061585855754534       28.887233108935515
   18   0.000000000000000        1.120280402641803       30.484393667325534
   19   0.000000000000000        1.262408798123897       34.351905719633415
   20   0.000000000000000        1.451156582718806       39.487996430368185
   21   0.000000000000000        1.733744706480421       47.177613770942493
   22   0.000000000000000        2.029605829186631       55.228407941905779
   23   0.000000000000000        3.146599590842157       85.623367519843910
   24   0.000000000000000        3.522920483551126       95.863584354421192
   25   0.000000000000000        4.194249241945111      114.131377045268238
   26   0.000000000000000        5.119873814966872      139.318913849094287
    51     1
    1   2.000000000000000       -0.105142860479328       -2.861084013075732
    2   2.000000000000000       -0.000102881871850       -0.002799559356121
    3   2.000000000000000        0.105078549987932        2.859334034827410
    4   2.000000000000000        0.155580784041334        4.233570324539228
    5   0.000000000000000        0.307358180492021        8.363645163207860
    6   0.000000000000000        0.421265426485834       11.463220341214907
    7   0.000000000000000        0.461088554416099       12.546863245284014
    8   0.000000000000000        0.470788331701138       12.810807726099009
    9   0.000000000000000        0.644749696411535       17.544539309934049
   10   0.000000000000000        0.663299174050998       18.049296491574644
   11   0.000000000000000        0.738834271028863       20.104711927337721
   12   0.000000000000000        0.739721478690891       20.128854086363386
   13   0.000000000000000        0.938286146571939       25.532075895683072
   14   0.000000000000000        0.953019003037447       25.932977487177173
   15   0.000000000000000        0.974172931414093       26.508605409189720
   16   0.000000000000000        1.007621777116937       27.418795195352722
   17   0.000000000000000        1.075300663033226       29.260432160859676
   18   0.000000000000000        1.160214481409704       31.571055698574106
   19   0.000000000000000        1.204408019436803       32.773623562470547
   20   0.000000000000000        1.383396721165358       37.644156004732146
   21   0.000000000000000        1.594091321264502       43.377450203091577
   22   0.000000000000000        1.721900172586770       46.855307468726949
   23   0.000000000000000        3.426271727931090       93.233636792337165
   24   0.000000000000000        3.877208812011153      105.504264358325059
   25   0.000000000000000        4.267385121893667      116.121506436356839
   26   0.000000000000000        5.005240455932386      136.199580121596711
    52     1
    1   2.000000000000000       -0.165224025953431       -4.495976398933085
    2   2.000000000000000        0.105659786680748        2.875150296645353
    3   2.000000000000000        0.167088581872546        4.546713568412275
    4   2.000000000000000        0.167088581872547        4.546713568412294
    5   0.000000000000000        0.286393884784376        7.793177410846036
    6   0.000000000000000        0.385832378170704       10.499037632024779
    7   0.000000000000000        0.454806864303689       12.375929688085952
    8   0.000000000000000        0.454806864303689       12.375929688085956
    9   0.000000000000000        0.562879575703783       15.316739034787627
   10   0.000000000000000        0.601840923144416       16.376931688688256
   11   0.000000000000000        0.777202658341283       21.148769308377350
   12   0.000000000000000        0.805853704286169       21.928404265397855
   13   0.000000000000000        0.805853704286171       21.928404265397887
   14   0.000000000000000        0.950691656015675       25.869647125738318
   15   0.000000000000000        1.023451663993675       27.849548515790847
   16   0.000000000000000        1.077986732899592       29.333523871677016
   17   0.000000000000000        1.166530149729128       31.742913850218603
   18   0.000000000000000        1.166530149729129       31.742913850218621
   19   0.000000000000000        1.267546166335750       34.491700680443955
   20   0.000000000000000        1.656211933366101       45.067838778750584
   21   0.000000000000000        1.656211933366120       45.067838778751096
   22   0.000000000000000        2.164357856274588       58.895198712798901
   23   0.000000000000000        2.900325707804282       78.921911364042614
   24   0.000000000000000        4.123969115615259      112.218956696776615
   25   0.000000000000000        5.027832546382927      136.814342441314210
   26   0.000000000000000        5.027832546383266      136.814342441323419
    53     1
    1   2.000000000000000       -0.130037411170875       -3.538499490185516
    2   2.000000000000000        0.033328416570000        0.906912741339244
    3   2.000000000000000        0.096827487794814        2.634811114069860
    4   2.000000000000000        0.187653501070199        5.106313728407614
    5   0.000000000000000        0.342300283220260        9.314468557618655
    6   0.000000000000000        0.423863677105929       11.533922367745566
    7   0.000000000000000        0.433407984790404       11.793636303693656
    8   0.000000000000000        0.496115159878763       13.499986077064337
    9   0.000000000000000        0.510664912857765       13.895905167078149
   10   0.000000000000000        0.618977264934480       16.843235471129049
   11   0.000000000000000        0.760515501479559       20.694688474898879
   12   0.000000000000000        0.876114946706665       23.840310756353968
   13   0.000000000000000        0.900310674746730       24.498710293560475
   14   0.000000000000000        0.906973696278096       24.680020411007003
   15   0.000000000000000        0.994785884197408       27.069512630105809
   16   0.000000000000000        1.023651050133098       27.854974090987575
   17   0.000000000000000        1.061585855754535       28.887233108935536
   18   0.000000000000000        1.120280402641802       30.484393667325527
   19   0.000000000000000        1.262408798123893       34.351905719633322
   20   0.000000000000000        1.451156582718816       39.487996430368462
   21   0.000000000000000        1.733744706480421       47.177613770942493
   22   0.000000000000000        2.029605829186595       55.228407941904798
   23   0.000000000000000        3.146599590842110       85.623367519842631
   24   0.000000000000000        3.522920483551307       95.863584354426109
   25   0.000000000000000        4.194249241945335      114.131377045274320
   26   0.000000000000000        5.119873814966768      139.318913849091444
    54     1
    1   2.000000000000000       -0.105142860479328       -2.861084013075736
    2   2.000000000000000       -0.000102881871850       -0.002799559356124
    3   2.000000000000000        0.105078549987933        2.859334034827440
    4   2.000000000000000        0.155580784041332        4.233570324539168
    5   0.000000000000000        0.307358180492024        8.363645163207945
    6   0.000000000000000        0.421265426485832       11.463220341214871
    7   0.000000000000000        0.461088554416096       12.546863245283944
    8   0.000000000000000        0.470788331701137       12.810807726098989
    9   0.000000000000000        0.644749696411535       17.544539309934052
   10   0.000000000000000        0.663299174050999       18.049296491574662
   11   0.000000000000000        0.738834271028866       20.104711927337792
   12   0.000000000000000        0.739721478690891       20.128854086363397
   13   0.000000000000000        0.938286146571939       25.532075895683082
   14   0.000000000000000        0.953019003037451       25.932977487177279
   15   0.000000000000000        0.974172931414091       26.508605409189681
   16   0.000000000000000        1.007621777116938       27.418795195352747
   17   0.000000000000000        1.075300663033230       29.260432160859782
   18   0.000000000000000        1.160214481409704       31.571055698574106
   19   0.000000000000000        1.204408019436798       32.773623562470405
   20   0.000000000000000        1.383396721165364       37.644156004732309
   21   0.000000000000000        1.594091321264497       43.377450203091449
   22   0.000000000000000        1.721900172586774       46.855307468727062
   23   0.000000000000000        3.426271727931088       93.233636792337094
   24   0.000000000000000        3.877208812011130      105.504264358324420
   25   0.000000000000000        4.267385121893869      116.121506436362353
   26   0.000000000000000        5.005240455932094      136.199580121588752
    55     1
    1   2.000000000000000       -0.046602607771087       -1.268122014691714
    2   2.000000000000000       -0.046602555616768       -1.268120595499897
    3   2.000000000000000        0.093267064934567        2.537927037692207
    4   2.000000000000000        0.093267066103277        2.537927069494457
    5   0.000000000000000        0.408267238538066       11.109521501685768
    6   0.000000000000000        0.408267340754112       11.109524283127067
    7   0.000000000000000        0.441799488279241       12.021980828163777
    8   0.000000000000000        0.441799511799570       12.021981468184762
    9   0.000000000000000        0.640650592908962       17.432996981280567
   10   0.000000000000000        0.640650601831039       17.432997224062717
   11   0.000000000000000        0.779955523209056       21.223678604428823
   12   0.000000000000000        0.779955552217344       21.223679393784828
   13   0.000000000000000        0.968159823793782       26.344980356542834
   14   0.000000000000000        0.968159935654725       26.344983400435243
   15   0.000000000000000        1.005194516578563       27.352746047647837
   16   0.000000000000000        1.005195079010782       27.352761352213683
   17   0.000000000000000        1.008455702549000       27.441487470519043
   18   0.000000000000000        1.008455846767102       27.441491394894928
   19   0.000000000000000        1.257248899630002       34.211497678396242
   20   0.000000000000000        1.257248968984603       34.211499565631740
   21   0.000000000000000        1.681714836756798       45.761808382064572
   22   0.000000000000000        1.681716145816692       45.761844003411738
   23   0.000000000000000        4.362662424472054      118.714134846629165
   24   0.000000000000000        4.362671245723202      118.714374885187340
   25   0.000000000000000        4.596236715927551      125.070017386844100
   26   0.000000000000000        4.596242023433773      125.070161811497684
    56     1
    1   2.000000000000000       -0.105142860479328       -2.861084013075737
    2   2.000000000000000       -0.000102881871849       -0.002799559356110
    3   2.000000000000000        0.105078549987931        2.859334034827385
    4   2.000000000000000        0.155580784041333        4.233570324539195
    5   0.000000000000000        0.307358180492023        8.363645163207922
    6   0.000000000000000        0.421265426485833       11.463220341214887
    7   0.000000000000000        0.461088554416096       12.546863245283928
    8   0.000000000000000        0.470788331701137       12.810807726098981
    9   0.000000000000000        0.644749696411534       17.544539309934027
   10   0.000000000000000        0.663299174050997       18.049296491574616
   11   0.000000000000000        0.738834271028863       20.104711927337707
   12   0.000000000000000        0.739721478690889       20.128854086363344
   13   0.000000000000000        0.938286146571939       25.532075895683075
   14   0.000000000000000        0.953019003037449       25.932977487177215
   15   0.000000000000000        0.974172931414093       26.508605409189723
   16   0.000000000000000        1.007621777116936       27.418795195352686
   17   0.000000000000000        1.075300663033230       29.260432160859796
   18   0.000000000000000        1.160214481409704       31.571055698574082
   19   0.000000000000000        1.204408019436802       32.773623562470505
   20   0.000000000000000        1.383396721165360       37.644156004732189
   21   0.000000000000000        1.594091321264511       43.377450203091826
   22   0.000000000000000        1.721900172586764       46.855307468726792
   23   0.000000000000000        3.426271727931061       93.233636792336355
   24   0.000000000000000        3.877208812011140      105.504264358324690
   25   0.000000000000000        4.267385121893846      116.121506436361713
   26   0.000000000000000        5.005240455932061      136.199580121587843
    57     1
    1   2.000000000000000       -0.105142860479327       -2.861084013075728
    2   2.000000000000000       -0.000102881871848       -0.002799559356074
    3   2.000000000000000        0.105078549987932        2.859334034827421
    4   2.000000000000000        0.155580784041333        4.233570324539193
    5   0.000000000000000        0.307358180492021        8.363645163207847
    6   0.000000000000000        0.421265426485833       11.463220341214887
    7   0.000000000000000        0.461088554416099       12.546863245284017
    8   0.000000000000000        0.470788331701137       12.810807726099005
    9   0.000000000000000        0.644749696411533       17.544539309934009
   10   0.000000000000000        0.663299174050999       18.049296491574669
   11   0.000000000000000        0.738834271028862       20.104711927337704
   12   0.000000000000000        0.739721478690890       20.128854086363365
   13   0.000000000000000        0.938286146571938       25.532075895683061
   14   0.000000000000000        0.953019003037448       25.932977487177212
   15   0.000000000000000        0.974172931414092       26.508605409189695
   16   0.000000000000000        1.007621777116940       27.418795195352782
   17   0.000000000000000        1.075300663033226       29.260432160859661
   18   0.000000000000000        1.160214481409709       31.571055698574227
   19   0.000000000000000        1.204408019436799       32.773623562470448
   20   0.000000000000000        1.383396721165359       37.644156004732153
   21   0.000000000000000        1.594091321264501       43.377450203091570
   22   0.000000000000000        1.721900172586778       46.855307468727162
   23   0.000000000000000        3.426271727931039       93.233636792335759
   24   0.000000000000000        3.877208812011119      105.504264358324107
   25   0.000000000000000        4.267385121893704      116.121506436357848
   26   0.000000000000000        5.005240455932015      136.199580121586621
    58     1
    1   2.000000000000000       -0.046602607771086       -1.268122014691706
    2   2.000000000000000       -0.046602555616768       -1.268120595499896
    3   2.000000000000000        0.093267064934566        2.537927037692185
    4   2.000000000000000        0.093267066103277        2.537927069494440
    5   0.000000000000000        0.408267238538066       11.109521501685780
    6   0.000000000000000        0.408267340754110       11.109524283127030
    7   0.000000000000000        0.441799488279241       12.021980828163786
    8   0.000000000000000        0.441799511799569       12.021981468184755
    9   0.000000000000000        0.640650592908960       17.432996981280489
   10   0.000000000000000        0.640650601831040       17.432997224062763
   11   0.000000000000000        0.779955523209056       21.223678604428819
   12   0.000000000000000        0.779955552217344       21.223679393784831
   13   0.000000000000000        0.968159823793784       26.344980356542873
   14   0.000000000000000        0.968159935654723       26.344983400435197
   15   0.000000000000000        1.005194516578560       27.352746047647770
   16   0.000000000000000        1.005195079010784       27.352761352213726
   17   0.000000000000000        1.008455702548998       27.441487470519000
   18   0.000000000000000        1.008455846767108       27.441491394895085
   19   0.000000000000000        1.257248899630007       34.211497678396363
   20   0.000000000000000        1.257248968984596       34.211499565631549
   21   0.000000000000000        1.681714836756792       45.761808382064416
   22   0.000000000000000        1.681716145816696       45.761844003411845
   23   0.000000000000000        4.362662424471699      118.714134846619487
   24   0.000000000000000        4.362671245723149      118.714374885185919
   25   0.000000000000000        4.596236715927489      125.070017386842409
   26   0.000000000000000        4.596242023433793      125.070161811498224
    59     1
    1   2.000000000000000       -0.105142860479327       -2.861084013075729
    2   2.000000000000000       -0.000102881871849       -0.002799559356110
    3   2.000000000000000        0.105078549987931        2.859334034827386
    4   2.000000000000000        0.155580784041333        4.233570324539182
    5   0.000000000000000        0.307358180492024        8.363645163207932
    6   0.000000000000000        0.421265426485832       11.463220341214866
    7   0.000000000000000        0.461088554416100       12.546863245284039
    8   0.000000000000000        0.470788331701135       12.810807726098947
    9   0.000000000000000        0.644749696411533       17.544539309934013
   10   0.000000000000000        0.663299174050999       18.049296491574655
   11   0.000000000000000        0.738834271028866       20.104711927337792
   12   0.000000000000000        0.739721478690891       20.128854086363397
   13   0.000000000000000        0.938286146571938       25.532075895683061
   14   0.000000000000000        0.953019003037451       25.932977487177276
   15   0.000000000000000        0.974172931414091       26.508605409189666
   16   0.000000000000000        1.007621777116937       27.418795195352715
   17   0.000000000000000        1.075300663033230       29.260432160859789
   18   0.000000000000000        1.160214481409707       31.571055698574185
   19   0.000000000000000        1.204408019436801       32.773623562470505
   20   0.000000000000000        1.383396721165364       37.644156004732309
   21   0.000000000000000        1.594091321264490       43.377450203091250
   22   0.000000000000000        1.721900172586777       46.855307468727133
   23   0.000000000000000        3.426271727931177       93.233636792339524
   24   0.000000000000000        3.877208812011128      105.504264358324349
   25   0.000000000000000        4.267385121893540      116.121506436353386
   26   0.000000000000000        5.005240455932364      136.199580121596114
    60     1
    1   2.000000000000000       -0.130037411170875       -3.538499490185506
    2   2.000000000000000        0.033328416570000        0.906912741339230
    3   2.000000000000000        0.096827487794814        2.634811114069842
    4   2.000000000000000        0.187653501070200        5.106313728407635
    5   0.000000000000000        0.342300283220262        9.314468557618712
    6   0.000000000000000        0.423863677105930       11.533922367745591
    7   0.000000000000000        0.433407984790402       11.793636303693598
    8   0.000000000000000        0.496115159878762       13.499986077064303
    9   0.000000000000000        0.510664912857766       13.895905167078167
   10   0.000000000000000        0.618977264934480       16.843235471129038
   11   0.000000000000000        0.760515501479559       20.694688474898861
   12   0.000000000000000        0.876114946706669       23.840310756354079
   13   0.000000000000000        0.900310674746730       24.498710293560460
   14   0.000000000000000        0.906973696278099       24.680020411007067
   15   0.000000000000000        0.994785884197410       27.069512630105855
   16   0.000000000000000        1.023651050133096       27.854974090987540
   17   0.000000000000000        1.061585855754535       28.887233108935526
   18   0.000000000000000        1.120280402641803       30.484393667325559
   19   0.000000000000000        1.262408798123898       34.351905719633436
   20   0.000000000000000        1.451156582718815       39.487996430368440
   21   0.000000000000000        1.733744706480414       47.177613770942315
   22   0.000000000000000        2.029605829186635       55.228407941905886
   23   0.000000000000000        3.146599590842140       85.623367519843441
   24   0.000000000000000        3.522920483551055       95.863584354419245
   25   0.000000000000000        4.194249241945057      114.131377045266760
   26   0.000000000000000        5.119873814967211      139.318913849103524
    61     1
    1   2.000000000000000       -0.165224025953431       -4.495976398933079
    2   2.000000000000000        0.105659786680750        2.875150296645410
    3   2.000000000000000        0.167088581872544        4.546713568412228
    4   2.000000000000000        0.167088581872546        4.546713568412261
    5   0.000000000000000        0.286393884784375        7.793177410846015
    6   0.000000000000000        0.385832378170703       10.499037632024750
    7   0.000000000000000        0.454806864303688       12.375929688085916
    8   0.000000000000000        0.454806864303689       12.375929688085936
    9   0.000000000000000        0.562879575703784       15.316739034787643
   10   0.000000000000000        0.601840923144415       16.376931688688249
   11   0.000000000000000        0.777202658341285       21.148769308377414
   12   0.000000000000000        0.805853704286168       21.928404265397806
   13   0.000000000000000        0.805853704286169       21.928404265397845
   14   0.000000000000000        0.950691656015680       25.869647125738446
   15   0.000000000000000        1.023451663993674       27.849548515790815
   16   0.000000000000000        1.077986732899593       29.333523871677059
   17   0.000000000000000        1.166530149729123       31.742913850218457
   18   0.000000000000000        1.166530149729129       31.742913850218621
   19   0.000000000000000        1.267546166335757       34.491700680444161
   20   0.000000000000000        1.656211933366085       45.067838778750136
   21   0.000000000000000        1.656211933366110       45.067838778750826
   22   0.000000000000000        2.164357856274623       58.895198712799854
   23   0.000000000000000        2.900325707804356       78.921911364044618
   24   0.000000000000000        4.123969115615059      112.218956696771144
   25   0.000000000000000        5.027832546382776      136.814342441310089
   26   0.000000000000000        5.027832546383023      136.814342441316825
    62     1
    1   2.000000000000000       -0.105142860479327       -2.861084013075719
    2   2.000000000000000       -0.000102881871849       -0.002799559356114
    3   2.000000000000000        0.105078549987931        2.859334034827397
    4   2.000000000000000        0.155580784041332        4.233570324539161
    5   0.000000000000000        0.307358180492022        8.363645163207886
    6   0.000000000000000        0.421265426485832       11.463220341214877
    7   0.000000000000000        0.461088554416095       12.546863245283923
    8   0.000000000000000        0.470788331701136       12.810807726098975
    9   0.000000000000000        0.644749696411535       17.544539309934052
   10   0.000000000000000        0.663299174050997       18.049296491574598
   11   0.000000000000000        0.738834271028865       20.104711927337760
   12   0.000000000000000        0.739721478690889       20.128854086363337
   13   0.000000000000000        0.938286146571938       25.532075895683050
   14   0.000000000000000        0.953019003037450       25.932977487177247
   15   0.000000000000000        0.974172931414091       26.508605409189666
   16   0.000000000000000        1.007621777116938       27.418795195352740
   17   0.000000000000000        1.075300663033229       29.260432160859754
   18   0.000000000000000        1.160214481409707       31.571055698574170
   19   0.000000000000000        1.204408019436796       32.773623562470362
   20   0.000000000000000        1.383396721165367       37.644156004732373
   21   0.000000000000000        1.594091321264502       43.377450203091577
   22   0.000000000000000        1.721900172586764       46.855307468726771
   23   0.000000000000000        3.426271727931018       93.233636792335204
   24   0.000000000000000        3.877208812011129      105.504264358324377
   25   0.000000000000000        4.267385121893656      116.121506436356540
   26   0.000000000000000        5.005240455932018      136.199580121586706
    63     1
    1   2.000000000000000       -0.130037411170875       -3.538499490185506
    2   2.000000000000000        0.033328416570000        0.906912741339234
    3   2.000000000000000        0.096827487794815        2.634811114069872
    4   2.000000000000000        0.187653501070197        5.106313728407567
    5   0.000000000000000        0.342300283220262        9.314468557618701
    6   0.000000000000000        0.423863677105929       11.533922367745557
    7   0.000000000000000        0.433407984790403       11.793636303693622
    8   0.000000000000000        0.496115159878763       13.499986077064337
    9   0.000000000000000        0.510664912857765       13.895905167078128
   10   0.000000000000000        0.618977264934479       16.843235471129024
   11   0.000000000000000        0.760515501479561       20.694688474898914
   12   0.000000000000000        0.876114946706668       23.840310756354036
   13   0.000000000000000        0.900310674746730       24.498710293560460
   14   0.000000000000000        0.906973696278097       24.680020411007010
   15   0.000000000000000        0.994785884197409       27.069512630105844
   16   0.000000000000000        1.023651050133098       27.854974090987582
   17   0.000000000000000        1.061585855754537       28.887233108935597
   18   0.000000000000000        1.120280402641804       30.484393667325566
   19   0.000000000000000        1.262408798123892       34.351905719633287
   20   0.000000000000000        1.451156582718821       39.487996430368590
   21   0.000000000000000        1.733744706480417       47.177613770942408
   22   0.000000000000000        2.029605829186602       55.228407941904990
   23   0.000000000000000        3.146599590842042       85.623367519840784
   24   0.000000000000000        3.522920483551018       95.863584354418251
   25   0.000000000000000        4.194249241944741      114.131377045258148
   26   0.000000000000000        5.119873814967303      139.318913849105996
    64     1
    1   2.000000000000000       -0.175635462136824       -4.779286111848125
    2   2.000000000000000        0.090653450379085        2.466806937031627
    3   2.000000000000000        0.208595016040081        5.676161585093004
    4   2.000000000000000        0.208595016040082        5.676161585093010
    5   0.000000000000000        0.317322315408093        8.634783184206528
    6   0.000000000000000        0.374075275182335       10.179110446795494
    7   0.000000000000000        0.374075275182336       10.179110446795509
    8   0.000000000000000        0.507757370426934       13.816786878605985
    9   0.000000000000000        0.542095293331551       14.751169696580998
   10   0.000000000000000        0.542095293331551       14.751169696581007
   11   0.000000000000000        0.730014794899155       19.864721669859694
   12   0.000000000000000        0.840918411896665       22.882563909811267
   13   0.000000000000000        0.855105222782283       23.268606838796934
   14   0.000000000000000        0.855105222782284       23.268606838796938
   15   0.000000000000000        1.085021829641597       29.524958675022042
   16   0.000000000000000        1.085021829641599       29.524958675022088
   17   0.000000000000000        1.156675815247491       31.474763652322327
   18   0.000000000000000        1.247540255483588       33.947311917905090
   19   0.000000000000000        1.247540255483592       33.947311917905203
   20   0.000000000000000        1.589434985475960       43.250744806040586
   21   0.000000000000000        2.255530199613056       61.376125451629918
   22   0.000000000000000        2.255530199613142       61.376125451632248
   23   0.000000000000000        3.618252708182642       98.457707270430319
   24   0.000000000000000        3.618252708182820       98.457707270435151
   25   0.000000000000000        3.851282800822656      104.798781401174423
   26   0.000000000000000        5.661143309978519      154.047612420576257
