64
1
26
26
0.253413
  1  1
  1   2.00000000       -2.0477756690532486E-01       -5.57228147
  2   2.00000000        2.3639093344666540E-01        6.43252500
  3   2.00000000        2.3639093344666645E-01        6.43252500
  4   2.00000000        2.3639093344666726E-01        6.43252500
  5   0.00000000        3.3617431040075518E-01        9.14776901
  6   0.00000000        3.3617431040075851E-01        9.14776901
  7   0.00000000        3.3617431040075929E-01        9.14776901
  8   0.00000000        3.6864200181187862E-01       10.03125990
  9   0.00000000        5.4637633415492470E-01       14.86765746
 10   0.00000000        5.4637633447375600E-01       14.86765747
 11   0.00000000        6.8618325520451329E-01       18.67199759
 12   0.00000000        8.2445024287036306E-01       22.43443400
 13   0.00000000        8.2445024287036561E-01       22.43443400
 14   0.00000000        8.2445024287036739E-01       22.43443400
 15   0.00000000        1.1556285872425560E+00       31.44625584
 16   0.00000000        1.1556285881691331E+00       31.44625587
 17   0.00000000        1.2439387259524548E+00       33.84929714
 18   0.00000000        1.2439387259524592E+00       33.84929714
 19   0.00000000        1.2439387259524619E+00       33.84929714
 20   0.00000000        2.4437528221145821E+00       66.49790193
 21   0.00000000        2.4437528221149227E+00       66.49790193
 22   0.00000000        2.4437528221149414E+00       66.49790193
 23   0.00000000        3.7669602079419353E+00      102.50420919
 24   0.00000000        4.3741533624850986E+00      119.02677665
 25   0.00000000        4.3741533624854050E+00      119.02677665
 26   0.00000000        4.3741533624855684E+00      119.02677665
  2  1
  1   2.00000000       -1.7563552590376610E-01       -4.77928613
  2   2.00000000        9.0653483102209650E-02        2.46680694
  3   2.00000000        2.0859509201374068E-01        5.67616162
  4   2.00000000        2.0859509201507342E-01        5.67616162
  5   0.00000000        3.1732243120966425E-01        8.63478324
  6   0.00000000        3.7407541110900505E-01       10.17911050
  7   0.00000000        3.7407541111908721E-01       10.17911050
  8   0.00000000        5.0775755475827977E-01       13.81678694
  9   0.00000000        5.4209549024808046E-01       14.75116977
 10   0.00000000        5.4209549025749293E-01       14.75116977
 11   0.00000000        7.3001505977900538E-01       19.86472176
 12   0.00000000        8.4091871818511010E-01       22.88256404
 13   0.00000000        8.5510553326633476E-01       23.26860695
 14   0.00000000        8.5510553336209905E-01       23.26860695
 15   0.00000000        1.0850222237259965E+00       29.52495882
 16   0.00000000        1.0850222240578833E+00       29.52495882
 17   0.00000000        1.1566762355849560E+00       31.47476381
 18   0.00000000        1.2475407085582406E+00       33.94731208
 19   0.00000000        1.2475407087460677E+00       33.94731208
 20   0.00000000        1.5894355697788352E+00       43.25074520
 21   0.00000000        2.2555309985813770E+00       61.37612519
 22   0.00000000        2.2555309990564489E+00       61.37612521
 23   0.00000000        3.6182540526953031E+00       98.45770856
 24   0.00000000        3.6182540527795899E+00       98.45770857
 25   0.00000000        3.8512842385218642E+00      104.79878296
 26   0.00000000        5.6611454126094065E+00      154.04761442
  3  1
  1   2.00000000       -1.1928708636398135E-01       -3.24596698
  2   2.00000000       -2.2211992588882585E-02       -0.60441911
  3   2.00000000        1.9259141678763703E-01        5.24067943
  4   2.00000000        1.9259141678786845E-01        5.24067943
  5   0.00000000        2.9790302908261629E-01        8.10635439
  6   0.00000000        3.7382646199913838E-01       10.17233625
  7   0.00000000        3.7382646200672731E-01       10.17233625
  8   0.00000000        6.4484570909161643E-01       17.54714566
  9   0.00000000        6.6163902322802415E-01       18.00411502
 10   0.00000000        6.6163902326116042E-01       18.00411502
 11   0.00000000        6.7464215448317466E-01       18.35794824
 12   0.00000000        7.2508718994897092E-01       19.73062759
 13   0.00000000        7.2508718996071753E-01       19.73062759
 14   0.00000000        9.7505992280689568E-01       26.53273217
 15   0.00000000        1.0458563620029193E+00       28.45920142
 16   0.00000000        1.0895791979822476E+00       29.64896040
 17   0.00000000        1.0895791980514473E+00       29.64896040
 18   0.00000000        1.2352500344689068E+00       33.61286580
 19   0.00000000        1.2352500345094626E+00       33.61286580
 20   0.00000000        1.3388131119657840E+00       36.43096070
 21   0.00000000        2.2851297815214662E+00       62.18154911
 22   0.00000000        2.2851297815868232E+00       62.18154911
 23   0.00000000        2.6922194182001720E+00       73.25902245
 24   0.00000000        2.6922194182145285E+00       73.25902245
 25   0.00000000        3.9172503006620873E+00      106.59381095
 26   0.00000000        5.3516742940986477E+00      145.62647628
  4  1
  1   2.00000000       -1.7563552590376613E-01       -4.77928613
  2   2.00000000        9.0653483102209567E-02        2.46680694
  3   2.00000000        2.0859509201374091E-01        5.67616162
  4   2.00000000        2.0859509201507323E-01        5.67616162
  5   0.00000000        3.1732243120966497E-01        8.63478324
  6   0.00000000        3.7407541110900516E-01       10.17911050
  7   0.00000000        3.7407541111908582E-01       10.17911050
  8   0.00000000        5.0775755475828011E-01       13.81678694
  9   0.00000000        5.4209549024808146E-01       14.75116977
 10   0.00000000        5.4209549025749204E-01       14.75116977
 11   0.00000000        7.3001505977900516E-01       19.86472176
 12   0.00000000        8.4091871818511033E-01       22.88256404
 13   0.00000000        8.5510553326633365E-01       23.26860695
 14   0.00000000        8.5510553336209849E-01       23.26860695
 15   0.00000000        1.0850222237259968E+00       29.52495882
 16   0.00000000        1.0850222240578826E+00       29.52495882
 17   0.00000000        1.1566762355849571E+00       31.47476381
 18   0.00000000        1.2475407085582422E+00       33.94731208
 19   0.00000000        1.2475407087460688E+00       33.94731208
 20   0.00000000        1.5894355697788307E+00       43.25074520
 21   0.00000000        2.2555309985813583E+00       61.37612519
 22   0.00000000        2.2555309990564485E+00       61.37612521
 23   0.00000000        3.6182540526952969E+00       98.45770856
 24   0.00000000        3.6182540527795224E+00       98.45770857
 25   0.00000000        3.8512842385217976E+00      104.79878296
 26   0.00000000        5.6611454126095690E+00      154.04761442
  5  1
  1   2.00000000       -1.7563552590376619E-01       -4.77928613
  2   2.00000000        9.0653483102210997E-02        2.46680694
  3   2.00000000        2.0859509201373910E-01        5.67616162
  4   2.00000000        2.0859509201507351E-01        5.67616162
  5   0.00000000        3.1732243120966519E-01        8.63478324
  6   0.00000000        3.7407541110900383E-01       10.17911050
  7   0.00000000        3.7407541111908549E-01       10.17911050
  8   0.00000000        5.0775755475827766E-01       13.81678694
  9   0.00000000        5.4209549024808035E-01       14.75116977
 10   0.00000000        5.4209549025749304E-01       14.75116977
 11   0.00000000        7.3001505977900605E-01       19.86472176
 12   0.00000000        8.4091871818511232E-01       22.88256404
 13   0.00000000        8.5510553326633432E-01       23.26860695
 14   0.00000000        8.5510553336210005E-01       23.26860695
 15   0.00000000        1.0850222237259959E+00       29.52495882
 16   0.00000000        1.0850222240578835E+00       29.52495882
 17   0.00000000        1.1566762355849558E+00       31.47476381
 18   0.00000000        1.2475407085582400E+00       33.94731208
 19   0.00000000        1.2475407087460688E+00       33.94731208
 20   0.00000000        1.5894355697788363E+00       43.25074520
 21   0.00000000        2.2555309985813747E+00       61.37612519
 22   0.00000000        2.2555309990564485E+00       61.37612521
 23   0.00000000        3.6182540526953586E+00       98.45770856
 24   0.00000000        3.6182540527795917E+00       98.45770857
 25   0.00000000        3.8512842385218948E+00      104.79878296
 26   0.00000000        5.6611454126095131E+00      154.04761442
  6  1
  1   2.00000000       -1.6522408581399514E-01       -4.49597642
  2   2.00000000        1.0565982448763186E-01        2.87515029
  3   2.00000000        1.6708864275601026E-01        4.54671360
  4   2.00000000        1.6708864275601157E-01        4.54671360
  5   0.00000000        2.8639398815215039E-01        7.79317743
  6   0.00000000        3.8583251820430314E-01       10.49903768
  7   0.00000000        4.5480702903285625E-01       12.37592973
  8   0.00000000        4.5480702903285730E-01       12.37592973
  9   0.00000000        5.6287978050337562E-01       15.31673912
 10   0.00000000        6.0184114199412575E-01       16.37693177
 11   0.00000000        7.7720294168592463E-01       21.14876944
 12   0.00000000        8.0585399678818470E-01       21.92840436
 13   0.00000000        8.0585399678818947E-01       21.92840436
 14   0.00000000        9.5069200234505524E-01       25.86964728
 15   0.00000000        1.0234520354003587E+00       27.84954864
 16   0.00000000        1.0779871235344536E+00       29.33352399
 17   0.00000000        1.1665305751267043E+00       31.74291405
 18   0.00000000        1.1665305751267128E+00       31.74291405
 19   0.00000000        1.2675466270520108E+00       34.49170085
 20   0.00000000        1.6562125338220657E+00       45.06783896
 21   0.00000000        1.6562125338220786E+00       45.06783896
 22   0.00000000        2.1643586541497406E+00       58.89519931
 23   0.00000000        2.9003267513446636E+00       78.92191147
 24   0.00000000        4.1239706497897108E+00      112.21895822
 25   0.00000000        5.0278342453571057E+00      136.81433963
 26   0.00000000        5.0278342453574245E+00      136.81433963
  7  1
  1   2.00000000       -1.0514289869276383E-01       -2.86108403
  2   2.00000000       -1.0288188857969857E-04       -0.00279956
  3   2.00000000        1.0507858825755814E-01        2.85933405
  4   2.00000000        1.5558084067564051E-01        4.23357035
  5   0.00000000        3.0735829193140107E-01        8.36364520
  6   0.00000000        4.2126557962546007E-01       11.46322040
  7   0.00000000        4.6108872178497967E-01       12.54686330
  8   0.00000000        4.7078850276815071E-01       12.81080779
  9   0.00000000        6.4474993097562039E-01       17.54453940
 10   0.00000000        6.6329941509464019E-01       18.04929658
 11   0.00000000        7.3883453967591861E-01       20.10471203
 12   0.00000000        7.3972174750751385E-01       20.12885419
 13   0.00000000        9.3828648751342492E-01       25.53207602
 14   0.00000000        9.5301934875888539E-01       25.93297760
 15   0.00000000        9.7417328513847889E-01       26.50860553
 16   0.00000000        1.0076221438179609E+00       27.41879535
 17   0.00000000        1.0753010527573179E+00       29.26043228
 18   0.00000000        1.1602149028159057E+00       31.57105585
 19   0.00000000        1.2044084564094257E+00       32.77362371
 20   0.00000000        1.3833972231112195E+00       37.64415617
 21   0.00000000        1.5940919029049450E+00       43.37745048
 22   0.00000000        1.7219007950454532E+00       46.85530761
 23   0.00000000        3.4262729689773144E+00       93.23363714
 24   0.00000000        3.8772102348618245E+00      105.50426526
 25   0.00000000        4.2673866983422917E+00      116.12150771
 26   0.00000000        5.0052422257798446E+00      136.19957946
  8  1
  1   2.00000000       -1.3003745853388207E-01       -3.53849951
  2   2.00000000        3.3328428652328275E-02        0.90691275
  3   2.00000000        9.6827523235177224E-02        2.63481113
  4   2.00000000        1.8765356886026691E-01        5.10631374
  5   0.00000000        3.4230040808224094E-01        9.31446862
  6   0.00000000        4.2386383010775741E-01       11.53392240
  7   0.00000000        4.3340814188231741E-01       11.79363635
  8   0.00000000        4.9611533996880802E-01       13.49998614
  9   0.00000000        5.1066509840690633E-01       13.89590524
 10   0.00000000        6.1897748953084397E-01       16.84323555
 11   0.00000000        7.6051577814821947E-01       20.69468859
 12   0.00000000        8.7611526510462290E-01       23.84031087
 13   0.00000000        9.0031100135097175E-01       24.49871040
 14   0.00000000        9.0697402561040075E-01       24.68002053
 15   0.00000000        9.9478624539301019E-01       27.06951276
 16   0.00000000        1.0236514217194501E+00       27.85497422
 17   0.00000000        1.0615862417104904E+00       28.88723326
 18   0.00000000        1.1202808095782932E+00       30.48439381
 19   0.00000000        1.2624092560738722E+00       34.35190587
 20   0.00000000        1.4511571130322014E+00       39.48799671
 21   0.00000000        1.7337453350422507E+00       47.17761396
 22   0.00000000        2.0296065540460653E+00       55.22840787
 23   0.00000000        3.1466007306590349E+00       85.62336784
 24   0.00000000        3.5229217473858161E+00       95.86358438
 25   0.00000000        4.1942507412923851E+00      114.13137693
 26   0.00000000        5.1198757439843074E+00      139.31891640
  9  1
  1   2.00000000       -1.1928708636398135E-01       -3.24596698
  2   2.00000000       -2.2211992588882047E-02       -0.60441911
  3   2.00000000        1.9259141678763775E-01        5.24067943
  4   2.00000000        1.9259141678786740E-01        5.24067943
  5   0.00000000        2.9790302908261745E-01        8.10635439
  6   0.00000000        3.7382646199913777E-01       10.17233625
  7   0.00000000        3.7382646200672814E-01       10.17233625
  8   0.00000000        6.4484570909161598E-01       17.54714566
  9   0.00000000        6.6163902322802159E-01       18.00411502
 10   0.00000000        6.6163902326116053E-01       18.00411502
 11   0.00000000        6.7464215448317211E-01       18.35794824
 12   0.00000000        7.2508718994897114E-01       19.73062759
 13   0.00000000        7.2508718996071719E-01       19.73062759
 14   0.00000000        9.7505992280689280E-01       26.53273217
 15   0.00000000        1.0458563620029253E+00       28.45920142
 16   0.00000000        1.0895791979822471E+00       29.64896040
 17   0.00000000        1.0895791980514471E+00       29.64896040
 18   0.00000000        1.2352500344689092E+00       33.61286580
 19   0.00000000        1.2352500345094639E+00       33.61286580
 20   0.00000000        1.3388131119657860E+00       36.43096070
 21   0.00000000        2.2851297815214511E+00       62.18154911
 22   0.00000000        2.2851297815868241E+00       62.18154911
 23   0.00000000        2.6922194182001471E+00       73.25902245
 24   0.00000000        2.6922194182145516E+00       73.25902245
 25   0.00000000        3.9172503006623196E+00      106.59381095
 26   0.00000000        5.3516742940989923E+00      145.62647628
 10  1
  1   2.00000000       -1.0514289869276393E-01       -2.86108403
  2   2.00000000       -1.0288188857906511E-04       -0.00279956
  3   2.00000000        1.0507858825755849E-01        2.85933405
  4   2.00000000        1.5558084067564149E-01        4.23357035
  5   0.00000000        3.0735829193140179E-01        8.36364520
  6   0.00000000        4.2126557962545946E-01       11.46322040
  7   0.00000000        4.6108872178497973E-01       12.54686330
  8   0.00000000        4.7078850276815254E-01       12.81080779
  9   0.00000000        6.4474993097562128E-01       17.54453940
 10   0.00000000        6.6329941509464008E-01       18.04929658
 11   0.00000000        7.3883453967591672E-01       20.10471203
 12   0.00000000        7.3972174750751318E-01       20.12885419
 13   0.00000000        9.3828648751342636E-01       25.53207602
 14   0.00000000        9.5301934875888661E-01       25.93297760
 15   0.00000000        9.7417328513847790E-01       26.50860553
 16   0.00000000        1.0076221438179624E+00       27.41879535
 17   0.00000000        1.0753010527573188E+00       29.26043228
 18   0.00000000        1.1602149028159072E+00       31.57105585
 19   0.00000000        1.2044084564094264E+00       32.77362371
 20   0.00000000        1.3833972231112222E+00       37.64415617
 21   0.00000000        1.5940919029049447E+00       43.37745048
 22   0.00000000        1.7219007950454537E+00       46.85530761
 23   0.00000000        3.4262729689772828E+00       93.23363714
 24   0.00000000        3.8772102348618920E+00      105.50426526
 25   0.00000000        4.2673866983425821E+00      116.12150771
 26   0.00000000        5.0052422257797371E+00      136.19957946
 11  1
  1   2.00000000       -5.2661488662656089E-02       -1.43299211
  2   2.00000000       -5.2661417838798179E-02       -1.43299018
  3   2.00000000        1.3169923352733581E-01        3.58371871
  4   2.00000000        1.3169923352733648E-01        3.58371871
  5   0.00000000        2.7644307360196274E-01        7.52239925
  6   0.00000000        2.7644327181516876E-01        7.52240464
  7   0.00000000        6.1937673481610234E-01       16.85409956
  8   0.00000000        6.1937673481610578E-01       16.85409956
  9   0.00000000        6.6560919997177259E-01       18.11214903
 10   0.00000000        6.6560919997177659E-01       18.11214903
 11   0.00000000        7.5658879559355252E-01       20.58782995
 12   0.00000000        7.5658880680431817E-01       20.58783025
 13   0.00000000        7.7328311812651984E-01       21.04210560
 14   0.00000000        7.7328315407569337E-01       21.04210658
 15   0.00000000        1.0796493954329860E+00       29.37875671
 16   0.00000000        1.0796502026253032E+00       29.37877867
 17   0.00000000        1.1922985546211504E+00       32.44409649
 18   0.00000000        1.1922985546211593E+00       32.44409649
 19   0.00000000        1.2594929977511333E+00       34.27255044
 20   0.00000000        1.2594937856615325E+00       34.27257188
 21   0.00000000        1.3781732424096813E+00       37.50200441
 22   0.00000000        1.3781732424096877E+00       37.50200441
 23   0.00000000        4.1268498789161896E+00      112.29730603
 24   0.00000000        4.1268498789162553E+00      112.29730603
 25   0.00000000        4.7038486032261000E+00      127.99824119
 26   0.00000000        4.7038528857884216E+00      127.99835772
 12  1
  1   2.00000000       -1.0514289869276389E-01       -2.86108403
  2   2.00000000       -1.0288188857941012E-04       -0.00279956
  3   2.00000000        1.0507858825755459E-01        2.85933405
  4   2.00000000        1.5558084067564126E-01        4.23357035
  5   0.00000000        3.0735829193140113E-01        8.36364520
  6   0.00000000        4.2126557962545907E-01       11.46322040
  7   0.00000000        4.6108872178497967E-01       12.54686330
  8   0.00000000        4.7078850276815182E-01       12.81080779
  9   0.00000000        6.4474993097562117E-01       17.54453940
 10   0.00000000        6.6329941509464019E-01       18.04929658
 11   0.00000000        7.3883453967591683E-01       20.10471203
 12   0.00000000        7.3972174750751407E-01       20.12885419
 13   0.00000000        9.3828648751342680E-01       25.53207602
 14   0.00000000        9.5301934875888683E-01       25.93297760
 15   0.00000000        9.7417328513847767E-01       26.50860553
 16   0.00000000        1.0076221438179620E+00       27.41879535
 17   0.00000000        1.0753010527573186E+00       29.26043228
 18   0.00000000        1.1602149028159070E+00       31.57105585
 19   0.00000000        1.2044084564094251E+00       32.77362371
 20   0.00000000        1.3833972231112228E+00       37.64415617
 21   0.00000000        1.5940919029049452E+00       43.37745048
 22   0.00000000        1.7219007950454566E+00       46.85530761
 23   0.00000000        3.4262729689772788E+00       93.23363714
 24   0.00000000        3.8772102348619293E+00      105.50426526
 25   0.00000000        4.2673866983425448E+00      116.12150771
 26   0.00000000        5.0052422257798321E+00      136.19957946
 13  1
  1   2.00000000       -1.7563552590376610E-01       -4.77928613
  2   2.00000000        9.0653483102210636E-02        2.46680694
  3   2.00000000        2.0859509201373963E-01        5.67616162
  4   2.00000000        2.0859509201507206E-01        5.67616162
  5   0.00000000        3.1732243120966586E-01        8.63478324
  6   0.00000000        3.7407541110900377E-01       10.17911050
  7   0.00000000        3.7407541111908776E-01       10.17911050
  8   0.00000000        5.0775755475827644E-01       13.81678694
  9   0.00000000        5.4209549024808068E-01       14.75116977
 10   0.00000000        5.4209549025749360E-01       14.75116977
 11   0.00000000        7.3001505977900549E-01       19.86472176
 12   0.00000000        8.4091871818511177E-01       22.88256404
 13   0.00000000        8.5510553326633509E-01       23.26860695
 14   0.00000000        8.5510553336210038E-01       23.26860695
 15   0.00000000        1.0850222237259974E+00       29.52495882
 16   0.00000000        1.0850222240578835E+00       29.52495882
 17   0.00000000        1.1566762355849558E+00       31.47476381
 18   0.00000000        1.2475407085582426E+00       33.94731208
 19   0.00000000        1.2475407087460690E+00       33.94731208
 20   0.00000000        1.5894355697788378E+00       43.25074520
 21   0.00000000        2.2555309985813756E+00       61.37612519
 22   0.00000000        2.2555309990564516E+00       61.37612521
 23   0.00000000        3.6182540526953715E+00       98.45770856
 24   0.00000000        3.6182540527795806E+00       98.45770857
 25   0.00000000        3.8512842385218677E+00      104.79878296
 26   0.00000000        5.6611454126097529E+00      154.04761442
 14  1
  1   2.00000000       -1.3003745853388210E-01       -3.53849951
  2   2.00000000        3.3328428652328643E-02        0.90691275
  3   2.00000000        9.6827523235176904E-02        2.63481113
  4   2.00000000        1.8765356886026699E-01        5.10631374
  5   0.00000000        3.4230040808224205E-01        9.31446862
  6   0.00000000        4.2386383010775741E-01       11.53392240
  7   0.00000000        4.3340814188231952E-01       11.79363635
  8   0.00000000        4.9611533996880841E-01       13.49998614
  9   0.00000000        5.1066509840690644E-01       13.89590524
 10   0.00000000        6.1897748953084464E-01       16.84323555
 11   0.00000000        7.6051577814821925E-01       20.69468859
 12   0.00000000        8.7611526510462379E-01       23.84031087
 13   0.00000000        9.0031100135097308E-01       24.49871040
 14   0.00000000        9.0697402561040064E-01       24.68002053
 15   0.00000000        9.9478624539301119E-01       27.06951276
 16   0.00000000        1.0236514217194514E+00       27.85497422
 17   0.00000000        1.0615862417104913E+00       28.88723326
 18   0.00000000        1.1202808095782935E+00       30.48439381
 19   0.00000000        1.2624092560738707E+00       34.35190587
 20   0.00000000        1.4511571130322023E+00       39.48799671
 21   0.00000000        1.7337453350422505E+00       47.17761396
 22   0.00000000        2.0296065540460706E+00       55.22840787
 23   0.00000000        3.1466007306590367E+00       85.62336784
 24   0.00000000        3.5229217473858139E+00       95.86358438
 25   0.00000000        4.1942507412923584E+00      114.13137693
 26   0.00000000        5.1198757439843021E+00      139.31891640
 15  1
  1   2.00000000       -1.0514289869276369E-01       -2.86108403
  2   2.00000000       -1.0288188857899385E-04       -0.00279956
  3   2.00000000        1.0507858825755718E-01        2.85933405
  4   2.00000000        1.5558084067564137E-01        4.23357035
  5   0.00000000        3.0735829193140113E-01        8.36364520
  6   0.00000000        4.2126557962545880E-01       11.46322040
  7   0.00000000        4.6108872178497867E-01       12.54686330
  8   0.00000000        4.7078850276815121E-01       12.81080779
  9   0.00000000        6.4474993097562050E-01       17.54453940
 10   0.00000000        6.6329941509463952E-01       18.04929658
 11   0.00000000        7.3883453967591872E-01       20.10471203
 12   0.00000000        7.3972174750751485E-01       20.12885419
 13   0.00000000        9.3828648751342569E-01       25.53207602
 14   0.00000000        9.5301934875888650E-01       25.93297760
 15   0.00000000        9.7417328513847745E-01       26.50860553
 16   0.00000000        1.0076221438179629E+00       27.41879535
 17   0.00000000        1.0753010527573192E+00       29.26043228
 18   0.00000000        1.1602149028159070E+00       31.57105585
 19   0.00000000        1.2044084564094253E+00       32.77362371
 20   0.00000000        1.3833972231112199E+00       37.64415617
 21   0.00000000        1.5940919029049474E+00       43.37745048
 22   0.00000000        1.7219007950454488E+00       46.85530761
 23   0.00000000        3.4262729689773379E+00       93.23363714
 24   0.00000000        3.8772102348619142E+00      105.50426526
 25   0.00000000        4.2673866983423370E+00      116.12150771
 26   0.00000000        5.0052422257797247E+00      136.19957946
 16  1
  1   2.00000000       -1.6522408581399523E-01       -4.49597642
  2   2.00000000        1.0565982448763098E-01        2.87515029
  3   2.00000000        1.6708864275600929E-01        4.54671360
  4   2.00000000        1.6708864275601004E-01        4.54671360
  5   0.00000000        2.8639398815215106E-01        7.79317743
  6   0.00000000        3.8583251820430353E-01       10.49903768
  7   0.00000000        4.5480702903285752E-01       12.37592973
  8   0.00000000        4.5480702903285974E-01       12.37592973
  9   0.00000000        5.6287978050337628E-01       15.31673912
 10   0.00000000        6.0184114199412408E-01       16.37693177
 11   0.00000000        7.7720294168592619E-01       21.14876944
 12   0.00000000        8.0585399678818381E-01       21.92840436
 13   0.00000000        8.0585399678818825E-01       21.92840436
 14   0.00000000        9.5069200234505613E-01       25.86964728
 15   0.00000000        1.0234520354003560E+00       27.84954864
 16   0.00000000        1.0779871235344538E+00       29.33352399
 17   0.00000000        1.1665305751267057E+00       31.74291405
 18   0.00000000        1.1665305751267114E+00       31.74291405
 19   0.00000000        1.2675466270520117E+00       34.49170085
 20   0.00000000        1.6562125338220643E+00       45.06783896
 21   0.00000000        1.6562125338220783E+00       45.06783896
 22   0.00000000        2.1643586541497446E+00       58.89519931
 23   0.00000000        2.9003267513446724E+00       78.92191147
 24   0.00000000        4.1239706497898663E+00      112.21895822
 25   0.00000000        5.0278342453572229E+00      136.81433963
 26   0.00000000        5.0278342453575400E+00      136.81433963
 17  1
  1   2.00000000       -1.7563552590376633E-01       -4.77928613
  2   2.00000000        9.0653483102210733E-02        2.46680694
  3   2.00000000        2.0859509201373966E-01        5.67616162
  4   2.00000000        2.0859509201506971E-01        5.67616162
  5   0.00000000        3.1732243120966597E-01        8.63478324
  6   0.00000000        3.7407541110900905E-01       10.17911050
  7   0.00000000        3.7407541111908654E-01       10.17911050
  8   0.00000000        5.0775755475828133E-01       13.81678694
  9   0.00000000        5.4209549024808168E-01       14.75116977
 10   0.00000000        5.4209549025749204E-01       14.75116977
 11   0.00000000        7.3001505977900527E-01       19.86472176
 12   0.00000000        8.4091871818511166E-01       22.88256404
 13   0.00000000        8.5510553326633421E-01       23.26860695
 14   0.00000000        8.5510553336210060E-01       23.26860695
 15   0.00000000        1.0850222237259985E+00       29.52495882
 16   0.00000000        1.0850222240578822E+00       29.52495882
 17   0.00000000        1.1566762355849536E+00       31.47476381
 18   0.00000000        1.2475407085582426E+00       33.94731208
 19   0.00000000        1.2475407087460659E+00       33.94731208
 20   0.00000000        1.5894355697788394E+00       43.25074520
 21   0.00000000        2.2555309985813996E+00       61.37612519
 22   0.00000000        2.2555309990564476E+00       61.37612521
 23   0.00000000        3.6182540526953395E+00       98.45770856
 24   0.00000000        3.6182540527796325E+00       98.45770857
 25   0.00000000        3.8512842385219295E+00      104.79878296
 26   0.00000000        5.6611454126094651E+00      154.04761442
 18  1
  1   2.00000000       -1.6522408581409309E-01       -4.49597642
  2   2.00000000        1.0565982449128063E-01        2.87515029
  3   2.00000000        1.6708864275601029E-01        4.54671360
  4   2.00000000        1.6708864275601359E-01        4.54671360
  5   0.00000000        2.8639398814523404E-01        7.79317743
  6   0.00000000        3.8583251813364633E-01       10.49903768
  7   0.00000000        4.5480702903285741E-01       12.37592973
  8   0.00000000        4.5480702903285919E-01       12.37592973
  9   0.00000000        5.6287978040194198E-01       15.31673911
 10   0.00000000        6.0184114180108705E-01       16.37693177
 11   0.00000000        7.7720294164794024E-01       21.14876944
 12   0.00000000        8.0585399678818614E-01       21.92840436
 13   0.00000000        8.0585399678818703E-01       21.92840436
 14   0.00000000        9.5069200258889797E-01       25.86964728
 15   0.00000000        1.0234520358276138E+00       27.84954865
 16   0.00000000        1.0779871234473641E+00       29.33352398
 17   0.00000000        1.1665305751267110E+00       31.74291405
 18   0.00000000        1.1665305751267128E+00       31.74291405
 19   0.00000000        1.2675466275032892E+00       34.49170087
 20   0.00000000        1.6562125338220872E+00       45.06783896
 21   0.00000000        1.6562125338221023E+00       45.06783896
 22   0.00000000        2.1643586545578661E+00       58.89519932
 23   0.00000000        2.9003267502854002E+00       78.92191144
 24   0.00000000        4.1239706504421356E+00      112.21895824
 25   0.00000000        5.0278342453574139E+00      136.81433963
 26   0.00000000        5.0278342453576776E+00      136.81433963
 19  1
  1   2.00000000       -1.0514289869264219E-01       -2.86108403
  2   2.00000000       -1.0288188847083010E-04       -0.00279956
  3   2.00000000        1.0507858825603192E-01        2.85933405
  4   2.00000000        1.5558084067378672E-01        4.23357035
  5   0.00000000        3.0735829192231484E-01        8.36364520
  6   0.00000000        4.2126557961290040E-01       11.46322040
  7   0.00000000        4.6108872180614047E-01       12.54686330
  8   0.00000000        4.7078850276984135E-01       12.81080779
  9   0.00000000        6.4474993095096012E-01       17.54453940
 10   0.00000000        6.6329941514032287E-01       18.04929658
 11   0.00000000        7.3883453969557400E-01       20.10471203
 12   0.00000000        7.3972174749116448E-01       20.12885419
 13   0.00000000        9.3828648749974097E-01       25.53207602
 14   0.00000000        9.5301934893197060E-01       25.93297760
 15   0.00000000        9.7417328517946511E-01       26.50860553
 16   0.00000000        1.0076221439958040E+00       27.41879535
 17   0.00000000        1.0753010527156428E+00       29.26043228
 18   0.00000000        1.1602149026084083E+00       31.57105584
 19   0.00000000        1.2044084564096962E+00       32.77362371
 20   0.00000000        1.3833972231793579E+00       37.64415617
 21   0.00000000        1.5940919025773983E+00       43.37745047
 22   0.00000000        1.7219007946799860E+00       46.85530760
 23   0.00000000        3.4262729694929122E+00       93.23363716
 24   0.00000000        3.8772102351319702E+00      105.50426527
 25   0.00000000        4.2673866994856136E+00      116.12150774
 26   0.00000000        5.0052422243793302E+00      136.19957942
 20  1
  1   2.00000000       -1.3003745853378462E-01       -3.53849951
  2   2.00000000        3.3328428650946075E-02        0.90691274
  3   2.00000000        9.6827523229502152E-02        2.63481113
  4   2.00000000        1.8765356885533868E-01        5.10631374
  5   0.00000000        3.4230040809315215E-01        9.31446862
  6   0.00000000        4.2386383011084883E-01       11.53392240
  7   0.00000000        4.3340814190573584E-01       11.79363635
  8   0.00000000        4.9611533994007123E-01       13.49998614
  9   0.00000000        5.1066509846360297E-01       13.89590524
 10   0.00000000        6.1897748965983412E-01       16.84323555
 11   0.00000000        7.6051577755028277E-01       20.69468857
 12   0.00000000        8.7611526516791738E-01       23.84031088
 13   0.00000000        9.0031100113867346E-01       24.49871039
 14   0.00000000        9.0697402569548125E-01       24.68002053
 15   0.00000000        9.9478624518840719E-01       27.06951275
 16   0.00000000        1.0236514220197457E+00       27.85497423
 17   0.00000000        1.0615862423856168E+00       28.88723327
 18   0.00000000        1.1202808095249659E+00       30.48439381
 19   0.00000000        1.2624092562323028E+00       34.35190587
 20   0.00000000        1.4511571130218379E+00       39.48799671
 21   0.00000000        1.7337453341094491E+00       47.17761394
 22   0.00000000        2.0296065533618481E+00       55.22840785
 23   0.00000000        3.1466007314242774E+00       85.62336786
 24   0.00000000        3.5229217515880111E+00       95.86358450
 25   0.00000000        4.1942507403047049E+00      114.13137691
 26   0.00000000        5.1198757436252738E+00      139.31891639
 21  1
  1   2.00000000       -1.6522408581409287E-01       -4.49597642
  2   2.00000000        1.0565982449128268E-01        2.87515029
  3   2.00000000        1.6708864275601010E-01        4.54671360
  4   2.00000000        1.6708864275601151E-01        4.54671360
  5   0.00000000        2.8639398814523515E-01        7.79317743
  6   0.00000000        3.8583251813364511E-01       10.49903768
  7   0.00000000        4.5480702903285675E-01       12.37592973
  8   0.00000000        4.5480702903285980E-01       12.37592973
  9   0.00000000        5.6287978040194186E-01       15.31673911
 10   0.00000000        6.0184114180108539E-01       16.37693177
 11   0.00000000        7.7720294164794312E-01       21.14876944
 12   0.00000000        8.0585399678818426E-01       21.92840436
 13   0.00000000        8.0585399678818648E-01       21.92840436
 14   0.00000000        9.5069200258890252E-01       25.86964728
 15   0.00000000        1.0234520358276109E+00       27.84954865
 16   0.00000000        1.0779871234473630E+00       29.33352398
 17   0.00000000        1.1665305751267057E+00       31.74291405
 18   0.00000000        1.1665305751267134E+00       31.74291405
 19   0.00000000        1.2675466275032947E+00       34.49170087
 20   0.00000000        1.6562125338220712E+00       45.06783896
 21   0.00000000        1.6562125338220985E+00       45.06783896
 22   0.00000000        2.1643586545579057E+00       58.89519932
 23   0.00000000        2.9003267502854180E+00       78.92191144
 24   0.00000000        4.1239706504421818E+00      112.21895824
 25   0.00000000        5.0278342453571723E+00      136.81433963
 26   0.00000000        5.0278342453574760E+00      136.81433963
 22  1
  1   2.00000000       -1.7563552590376630E-01       -4.77928613
  2   2.00000000        9.0653483102209095E-02        2.46680694
  3   2.00000000        2.0859509201374041E-01        5.67616162
  4   2.00000000        2.0859509201507101E-01        5.67616162
  5   0.00000000        3.1732243120966597E-01        8.63478324
  6   0.00000000        3.7407541110900655E-01       10.17911050
  7   0.00000000        3.7407541111908721E-01       10.17911050
  8   0.00000000        5.0775755475828033E-01       13.81678694
  9   0.00000000        5.4209549024808013E-01       14.75116977
 10   0.00000000        5.4209549025749248E-01       14.75116977
 11   0.00000000        7.3001505977900538E-01       19.86472176
 12   0.00000000        8.4091871818511199E-01       22.88256404
 13   0.00000000        8.5510553326633443E-01       23.26860695
 14   0.00000000        8.5510553336210027E-01       23.26860695
 15   0.00000000        1.0850222237259985E+00       29.52495882
 16   0.00000000        1.0850222240578817E+00       29.52495882
 17   0.00000000        1.1566762355849520E+00       31.47476381
 18   0.00000000        1.2475407085582428E+00       33.94731208
 19   0.00000000        1.2475407087460706E+00       33.94731208
 20   0.00000000        1.5894355697788403E+00       43.25074520
 21   0.00000000        2.2555309985814072E+00       61.37612519
 22   0.00000000        2.2555309990564631E+00       61.37612521
 23   0.00000000        3.6182540526953466E+00       98.45770856
 24   0.00000000        3.6182540527795828E+00       98.45770857
 25   0.00000000        3.8512842385219161E+00      104.79878296
 26   0.00000000        5.6611454126097387E+00      154.04761442
 23  1
  1   2.00000000       -1.3003745853378454E-01       -3.53849951
  2   2.00000000        3.3328428650947275E-02        0.90691274
  3   2.00000000        9.6827523229501417E-02        2.63481113
  4   2.00000000        1.8765356885533871E-01        5.10631374
  5   0.00000000        3.4230040809315382E-01        9.31446862
  6   0.00000000        4.2386383011084755E-01       11.53392240
  7   0.00000000        4.3340814190573551E-01       11.79363635
  8   0.00000000        4.9611533994007034E-01       13.49998614
  9   0.00000000        5.1066509846360164E-01       13.89590524
 10   0.00000000        6.1897748965983301E-01       16.84323555
 11   0.00000000        7.6051577755028255E-01       20.69468857
 12   0.00000000        8.7611526516791605E-01       23.84031088
 13   0.00000000        9.0031100113867424E-01       24.49871039
 14   0.00000000        9.0697402569547991E-01       24.68002053
 15   0.00000000        9.9478624518840875E-01       27.06951275
 16   0.00000000        1.0236514220197479E+00       27.85497423
 17   0.00000000        1.0615862423856190E+00       28.88723327
 18   0.00000000        1.1202808095249650E+00       30.48439381
 19   0.00000000        1.2624092562323004E+00       34.35190587
 20   0.00000000        1.4511571130218417E+00       39.48799671
 21   0.00000000        1.7337453341094522E+00       47.17761394
 22   0.00000000        2.0296065533618162E+00       55.22840785
 23   0.00000000        3.1466007314241149E+00       85.62336786
 24   0.00000000        3.5229217515879441E+00       95.86358450
 25   0.00000000        4.1942507403046223E+00      114.13137691
 26   0.00000000        5.1198757436252125E+00      139.31891639
 24  1
  1   2.00000000       -1.0514289869264162E-01       -2.86108403
  2   2.00000000       -1.0288188846983874E-04       -0.00279956
  3   2.00000000        1.0507858825603400E-01        2.85933405
  4   2.00000000        1.5558084067378589E-01        4.23357035
  5   0.00000000        3.0735829192231678E-01        8.36364520
  6   0.00000000        4.2126557961289940E-01       11.46322040
  7   0.00000000        4.6108872180613941E-01       12.54686330
  8   0.00000000        4.7078850276983897E-01       12.81080779
  9   0.00000000        6.4474993095096067E-01       17.54453940
 10   0.00000000        6.6329941514032120E-01       18.04929658
 11   0.00000000        7.3883453969557489E-01       20.10471203
 12   0.00000000        7.3972174749116559E-01       20.12885419
 13   0.00000000        9.3828648749974108E-01       25.53207602
 14   0.00000000        9.5301934893197238E-01       25.93297760
 15   0.00000000        9.7417328517946378E-01       26.50860553
 16   0.00000000        1.0076221439958053E+00       27.41879535
 17   0.00000000        1.0753010527156421E+00       29.26043228
 18   0.00000000        1.1602149026084123E+00       31.57105584
 19   0.00000000        1.2044084564096924E+00       32.77362371
 20   0.00000000        1.3833972231793534E+00       37.64415617
 21   0.00000000        1.5940919025773945E+00       43.37745047
 22   0.00000000        1.7219007946799791E+00       46.85530760
 23   0.00000000        3.4262729694927976E+00       93.23363716
 24   0.00000000        3.8772102351319808E+00      105.50426527
 25   0.00000000        4.2673866994854803E+00      116.12150774
 26   0.00000000        5.0052422243790540E+00      136.19957942
 25  1
  1   2.00000000       -1.0514289869264216E-01       -2.86108403
  2   2.00000000       -1.0288188847044796E-04       -0.00279956
  3   2.00000000        1.0507858825603318E-01        2.85933405
  4   2.00000000        1.5558084067378661E-01        4.23357035
  5   0.00000000        3.0735829192231484E-01        8.36364520
  6   0.00000000        4.2126557961289945E-01       11.46322040
  7   0.00000000        4.6108872180614113E-01       12.54686330
  8   0.00000000        4.7078850276983908E-01       12.81080779
  9   0.00000000        6.4474993095095923E-01       17.54453940
 10   0.00000000        6.6329941514032231E-01       18.04929658
 11   0.00000000        7.3883453969557444E-01       20.10471203
 12   0.00000000        7.3972174749116204E-01       20.12885419
 13   0.00000000        9.3828648749974208E-01       25.53207602
 14   0.00000000        9.5301934893197271E-01       25.93297760
 15   0.00000000        9.7417328517946278E-01       26.50860553
 16   0.00000000        1.0076221439958069E+00       27.41879535
 17   0.00000000        1.0753010527156432E+00       29.26043228
 18   0.00000000        1.1602149026084128E+00       31.57105584
 19   0.00000000        1.2044084564096940E+00       32.77362371
 20   0.00000000        1.3833972231793594E+00       37.64415617
 21   0.00000000        1.5940919025773974E+00       43.37745047
 22   0.00000000        1.7219007946799891E+00       46.85530760
 23   0.00000000        3.4262729694928562E+00       93.23363716
 24   0.00000000        3.8772102351319471E+00      105.50426527
 25   0.00000000        4.2673866994857201E+00      116.12150774
 26   0.00000000        5.0052422243793933E+00      136.19957942
 26  1
  1   2.00000000       -1.3003745853378476E-01       -3.53849951
  2   2.00000000        3.3328428650945624E-02        0.90691274
  3   2.00000000        9.6827523229502527E-02        2.63481113
  4   2.00000000        1.8765356885534126E-01        5.10631374
  5   0.00000000        3.4230040809315393E-01        9.31446862
  6   0.00000000        4.2386383011084738E-01       11.53392240
  7   0.00000000        4.3340814190573368E-01       11.79363635
  8   0.00000000        4.9611533994006901E-01       13.49998614
  9   0.00000000        5.1066509846360153E-01       13.89590524
 10   0.00000000        6.1897748965983324E-01       16.84323555
 11   0.00000000        7.6051577755028132E-01       20.69468857
 12   0.00000000        8.7611526516791871E-01       23.84031088
 13   0.00000000        9.0031100113867246E-01       24.49871039
 14   0.00000000        9.0697402569548213E-01       24.68002053
 15   0.00000000        9.9478624518840963E-01       27.06951275
 16   0.00000000        1.0236514220197461E+00       27.85497423
 17   0.00000000        1.0615862423856166E+00       28.88723327
 18   0.00000000        1.1202808095249635E+00       30.48439381
 19   0.00000000        1.2624092562323048E+00       34.35190587
 20   0.00000000        1.4511571130218381E+00       39.48799671
 21   0.00000000        1.7337453341094504E+00       47.17761394
 22   0.00000000        2.0296065533618570E+00       55.22840785
 23   0.00000000        3.1466007314241615E+00       85.62336786
 24   0.00000000        3.5229217515878983E+00       95.86358450
 25   0.00000000        4.1942507403048621E+00      114.13137691
 26   0.00000000        5.1198757436252542E+00      139.31891639
 27  1
  1   2.00000000       -1.0514289869276433E-01       -2.86108403
  2   2.00000000       -1.0288188857940772E-04       -0.00279956
  3   2.00000000        1.0507858825755802E-01        2.85933405
  4   2.00000000        1.5558084067564304E-01        4.23357035
  5   0.00000000        3.0735829193140290E-01        8.36364520
  6   0.00000000        4.2126557962545774E-01       11.46322040
  7   0.00000000        4.6108872178498012E-01       12.54686330
  8   0.00000000        4.7078850276815326E-01       12.81080779
  9   0.00000000        6.4474993097562150E-01       17.54453940
 10   0.00000000        6.6329941509463985E-01       18.04929658
 11   0.00000000        7.3883453967591817E-01       20.10471203
 12   0.00000000        7.3972174750751152E-01       20.12885419
 13   0.00000000        9.3828648751342547E-01       25.53207602
 14   0.00000000        9.5301934875888561E-01       25.93297760
 15   0.00000000        9.7417328513848012E-01       26.50860553
 16   0.00000000        1.0076221438179642E+00       27.41879535
 17   0.00000000        1.0753010527573210E+00       29.26043228
 18   0.00000000        1.1602149028159079E+00       31.57105585
 19   0.00000000        1.2044084564094253E+00       32.77362371
 20   0.00000000        1.3833972231112233E+00       37.64415617
 21   0.00000000        1.5940919029049441E+00       43.37745048
 22   0.00000000        1.7219007950454412E+00       46.85530761
 23   0.00000000        3.4262729689773610E+00       93.23363714
 24   0.00000000        3.8772102348618658E+00      105.50426526
 25   0.00000000        4.2673866983423689E+00      116.12150771
 26   0.00000000        5.0052422257800862E+00      136.19957946
 28  1
  1   2.00000000       -4.6602624617433724E-02       -1.26812202
  2   2.00000000       -4.6602572463095869E-02       -1.26812060
  3   2.00000000        9.3267098787948574E-02        2.53792705
  4   2.00000000        9.3267099956658120E-02        2.53792708
  5   0.00000000        4.0826738704884991E-01       11.10952156
  6   0.00000000        4.0826748926492434E-01       11.10952434
  7   0.00000000        4.4179964925089554E-01       12.02198090
  8   0.00000000        4.4179967277123428E-01       12.02198154
  9   0.00000000        6.4065082532613338E-01       17.43299706
 10   0.00000000        6.4065083424821978E-01       17.43299730
 11   0.00000000        7.7995580653994934E-01       21.22367871
 12   0.00000000        7.7995583554824977E-01       21.22367950
 13   0.00000000        9.6816017497569296E-01       26.34498047
 14   0.00000000        9.6816028683665956E-01       26.34498351
 15   0.00000000        1.0051948816078333E+00       27.35274618
 16   0.00000000        1.0051954440402446E+00       27.35276148
 17   0.00000000        1.0084560692317688E+00       27.44148761
 18   0.00000000        1.0084562134499295E+00       27.44149154
 19   0.00000000        1.2572493563441496E+00       34.21149784
 20   0.00000000        1.2572494256987492E+00       34.21149973
 21   0.00000000        1.6817154487901262E+00       45.76180863
 22   0.00000000        1.6817167578504961E+00       45.76184425
 23   0.00000000        4.3626639500973372E+00      118.71413381
 24   0.00000000        4.3626727713519680E+00      118.71437385
 25   0.00000000        4.5962384286589684E+00      125.07001916
 26   0.00000000        4.5962437361671471E+00      125.07016359
 29  1
  1   2.00000000       -1.3003745853378476E-01       -3.53849951
  2   2.00000000        3.3328428650946901E-02        0.90691274
  3   2.00000000        9.6827523229503262E-02        2.63481113
  4   2.00000000        1.8765356885533993E-01        5.10631374
  5   0.00000000        3.4230040809315410E-01        9.31446862
  6   0.00000000        4.2386383011084749E-01       11.53392240
  7   0.00000000        4.3340814190573695E-01       11.79363635
  8   0.00000000        4.9611533994007084E-01       13.49998614
  9   0.00000000        5.1066509846360253E-01       13.89590524
 10   0.00000000        6.1897748965983423E-01       16.84323555
 11   0.00000000        7.6051577755028255E-01       20.69468857
 12   0.00000000        8.7611526516791671E-01       23.84031088
 13   0.00000000        9.0031100113867435E-01       24.49871039
 14   0.00000000        9.0697402569548002E-01       24.68002053
 15   0.00000000        9.9478624518840808E-01       27.06951275
 16   0.00000000        1.0236514220197503E+00       27.85497423
 17   0.00000000        1.0615862423856188E+00       28.88723327
 18   0.00000000        1.1202808095249648E+00       30.48439381
 19   0.00000000        1.2624092562323002E+00       34.35190587
 20   0.00000000        1.4511571130218472E+00       39.48799671
 21   0.00000000        1.7337453341094538E+00       47.17761394
 22   0.00000000        2.0296065533618242E+00       55.22840785
 23   0.00000000        3.1466007314240882E+00       85.62336786
 24   0.00000000        3.5229217515881035E+00       95.86358450
 25   0.00000000        4.1942507403048062E+00      114.13137691
 26   0.00000000        5.1198757436250064E+00      139.31891639
 30  1
  1   2.00000000       -1.0514289869264234E-01       -2.86108403
  2   2.00000000       -1.0288188847088292E-04       -0.00279956
  3   2.00000000        1.0507858825603354E-01        2.85933405
  4   2.00000000        1.5558084067378800E-01        4.23357035
  5   0.00000000        3.0735829192231706E-01        8.36364520
  6   0.00000000        4.2126557961289945E-01       11.46322040
  7   0.00000000        4.6108872180613897E-01       12.54686330
  8   0.00000000        4.7078850276983991E-01       12.81080779
  9   0.00000000        6.4474993095096023E-01       17.54453940
 10   0.00000000        6.6329941514032020E-01       18.04929658
 11   0.00000000        7.3883453969557344E-01       20.10471203
 12   0.00000000        7.3972174749116337E-01       20.12885419
 13   0.00000000        9.3828648749974131E-01       25.53207602
 14   0.00000000        9.5301934893197116E-01       25.93297760
 15   0.00000000        9.7417328517946533E-01       26.50860553
 16   0.00000000        1.0076221439958037E+00       27.41879535
 17   0.00000000        1.0753010527156428E+00       29.26043228
 18   0.00000000        1.1602149026084083E+00       31.57105584
 19   0.00000000        1.2044084564096980E+00       32.77362371
 20   0.00000000        1.3833972231793494E+00       37.64415617
 21   0.00000000        1.5940919025774025E+00       43.37745047
 22   0.00000000        1.7219007946799878E+00       46.85530760
 23   0.00000000        3.4262729694928598E+00       93.23363716
 24   0.00000000        3.8772102351319577E+00      105.50426527
 25   0.00000000        4.2673866994856908E+00      116.12150774
 26   0.00000000        5.0052422243792156E+00      136.19957942
 31  1
  1   2.00000000       -4.6602624617433988E-02       -1.26812202
  2   2.00000000       -4.6602572463095897E-02       -1.26812060
  3   2.00000000        9.3267098787947325E-02        2.53792705
  4   2.00000000        9.3267099956660729E-02        2.53792708
  5   0.00000000        4.0826738704885024E-01       11.10952156
  6   0.00000000        4.0826748926492906E-01       11.10952434
  7   0.00000000        4.4179964925089726E-01       12.02198090
  8   0.00000000        4.4179967277123111E-01       12.02198154
  9   0.00000000        6.4065082532613704E-01       17.43299706
 10   0.00000000        6.4065083424821678E-01       17.43299730
 11   0.00000000        7.7995580653995100E-01       21.22367871
 12   0.00000000        7.7995583554824999E-01       21.22367950
 13   0.00000000        9.6816017497569240E-01       26.34498047
 14   0.00000000        9.6816028683666089E-01       26.34498351
 15   0.00000000        1.0051948816078349E+00       27.35274618
 16   0.00000000        1.0051954440402426E+00       27.35276148
 17   0.00000000        1.0084560692317699E+00       27.44148761
 18   0.00000000        1.0084562134499249E+00       27.44149154
 19   0.00000000        1.2572493563441445E+00       34.21149784
 20   0.00000000        1.2572494256987550E+00       34.21149973
 21   0.00000000        1.6817154487901309E+00       45.76180863
 22   0.00000000        1.6817167578504932E+00       45.76184425
 23   0.00000000        4.3626639500974438E+00      118.71413381
 24   0.00000000        4.3626727713519902E+00      118.71437385
 25   0.00000000        4.5962384286589453E+00      125.07001916
 26   0.00000000        4.5962437361670938E+00      125.07016359
 32  1
  1   2.00000000       -1.0514289869276378E-01       -2.86108403
  2   2.00000000       -1.0288188857809159E-04       -0.00279956
  3   2.00000000        1.0507858825755667E-01        2.85933405
  4   2.00000000        1.5558084067564129E-01        4.23357035
  5   0.00000000        3.0735829193140335E-01        8.36364520
  6   0.00000000        4.2126557962545863E-01       11.46322040
  7   0.00000000        4.6108872178497923E-01       12.54686330
  8   0.00000000        4.7078850276815137E-01       12.81080779
  9   0.00000000        6.4474993097562172E-01       17.54453940
 10   0.00000000        6.6329941509463830E-01       18.04929658
 11   0.00000000        7.3883453967591839E-01       20.10471203
 12   0.00000000        7.3972174750751285E-01       20.12885419
 13   0.00000000        9.3828648751342691E-01       25.53207602
 14   0.00000000        9.5301934875888616E-01       25.93297760
 15   0.00000000        9.7417328513847601E-01       26.50860553
 16   0.00000000        1.0076221438179631E+00       27.41879535
 17   0.00000000        1.0753010527573219E+00       29.26043228
 18   0.00000000        1.1602149028159061E+00       31.57105585
 19   0.00000000        1.2044084564094266E+00       32.77362371
 20   0.00000000        1.3833972231112202E+00       37.64415617
 21   0.00000000        1.5940919029049487E+00       43.37745048
 22   0.00000000        1.7219007950454415E+00       46.85530761
 23   0.00000000        3.4262729689772615E+00       93.23363714
 24   0.00000000        3.8772102348619431E+00      105.50426526
 25   0.00000000        4.2673866983425883E+00      116.12150771
 26   0.00000000        5.0052422257802425E+00      136.19957946
 33  1
  1   2.00000000       -1.1928708636398201E-01       -3.24596698
  2   2.00000000       -2.2211992588881995E-02       -0.60441911
  3   2.00000000        1.9259141678763839E-01        5.24067943
  4   2.00000000        1.9259141678786640E-01        5.24067943
  5   0.00000000        2.9790302908261995E-01        8.10635439
  6   0.00000000        3.7382646199913949E-01       10.17233625
  7   0.00000000        3.7382646200672959E-01       10.17233625
  8   0.00000000        6.4484570909161842E-01       17.54714566
  9   0.00000000        6.6163902322802237E-01       18.00411502
 10   0.00000000        6.6163902326115898E-01       18.00411502
 11   0.00000000        6.7464215448317444E-01       18.35794824
 12   0.00000000        7.2508718994897037E-01       19.73062759
 13   0.00000000        7.2508718996072064E-01       19.73062759
 14   0.00000000        9.7505992280689391E-01       26.53273217
 15   0.00000000        1.0458563620029235E+00       28.45920142
 16   0.00000000        1.0895791979822482E+00       29.64896040
 17   0.00000000        1.0895791980514467E+00       29.64896040
 18   0.00000000        1.2352500344689101E+00       33.61286580
 19   0.00000000        1.2352500345094630E+00       33.61286580
 20   0.00000000        1.3388131119657851E+00       36.43096070
 21   0.00000000        2.2851297815214422E+00       62.18154911
 22   0.00000000        2.2851297815868201E+00       62.18154911
 23   0.00000000        2.6922194182002510E+00       73.25902245
 24   0.00000000        2.6922194182145627E+00       73.25902245
 25   0.00000000        3.9172503006622685E+00      106.59381095
 26   0.00000000        5.3516742940997082E+00      145.62647628
 34  1
  1   2.00000000       -1.0514289869264291E-01       -2.86108403
  2   2.00000000       -1.0288188847100154E-04       -0.00279956
  3   2.00000000        1.0507858825603329E-01        2.85933405
  4   2.00000000        1.5558084067378555E-01        4.23357035
  5   0.00000000        3.0735829192231678E-01        8.36364520
  6   0.00000000        4.2126557961290095E-01       11.46322040
  7   0.00000000        4.6108872180614191E-01       12.54686330
  8   0.00000000        4.7078850276984047E-01       12.81080779
  9   0.00000000        6.4474993095096078E-01       17.54453940
 10   0.00000000        6.6329941514032242E-01       18.04929658
 11   0.00000000        7.3883453969557378E-01       20.10471203
 12   0.00000000        7.3972174749116348E-01       20.12885419
 13   0.00000000        9.3828648749974208E-01       25.53207602
 14   0.00000000        9.5301934893197127E-01       25.93297760
 15   0.00000000        9.7417328517946522E-01       26.50860553
 16   0.00000000        1.0076221439958024E+00       27.41879535
 17   0.00000000        1.0753010527156406E+00       29.26043228
 18   0.00000000        1.1602149026084092E+00       31.57105584
 19   0.00000000        1.2044084564096984E+00       32.77362371
 20   0.00000000        1.3833972231793545E+00       37.64415617
 21   0.00000000        1.5940919025774019E+00       43.37745047
 22   0.00000000        1.7219007946799962E+00       46.85530760
 23   0.00000000        3.4262729694929228E+00       93.23363716
 24   0.00000000        3.8772102351320310E+00      105.50426527
 25   0.00000000        4.2673866994857255E+00      116.12150774
 26   0.00000000        5.0052422243795212E+00      136.19957942
 35  1
  1   2.00000000       -5.2661488664345300E-02       -1.43299211
  2   2.00000000       -5.2661417840488389E-02       -1.43299018
  3   2.00000000        1.3169923352733570E-01        3.58371871
  4   2.00000000        1.3169923352733681E-01        3.58371871
  5   0.00000000        2.7644307360149467E-01        7.52239925
  6   0.00000000        2.7644327181470318E-01        7.52240464
  7   0.00000000        6.1937673481610345E-01       16.85409956
  8   0.00000000        6.1937673481610811E-01       16.85409956
  9   0.00000000        6.6560919997177403E-01       18.11214903
 10   0.00000000        6.6560919997177725E-01       18.11214903
 11   0.00000000        7.5658879553925462E-01       20.58782994
 12   0.00000000        7.5658880675002083E-01       20.58783025
 13   0.00000000        7.7328311811079331E-01       21.04210560
 14   0.00000000        7.7328315405996773E-01       21.04210658
 15   0.00000000        1.0796493953854449E+00       29.37875671
 16   0.00000000        1.0796502025777510E+00       29.37877867
 17   0.00000000        1.1922985546211569E+00       32.44409649
 18   0.00000000        1.1922985546211649E+00       32.44409649
 19   0.00000000        1.2594929980769989E+00       34.27255044
 20   0.00000000        1.2594937859874125E+00       34.27257188
 21   0.00000000        1.3781732424096889E+00       37.50200441
 22   0.00000000        1.3781732424097020E+00       37.50200441
 23   0.00000000        4.1268498789164116E+00      112.29730603
 24   0.00000000        4.1268498789166852E+00      112.29730603
 25   0.00000000        4.7038486112898186E+00      127.99824140
 26   0.00000000        4.7038528938522237E+00      127.99835794
 36  1
  1   2.00000000       -1.0514289869264300E-01       -2.86108403
  2   2.00000000       -1.0288188847117213E-04       -0.00279956
  3   2.00000000        1.0507858825603344E-01        2.85933405
  4   2.00000000        1.5558084067378725E-01        4.23357035
  5   0.00000000        3.0735829192231567E-01        8.36364520
  6   0.00000000        4.2126557961290023E-01       11.46322040
  7   0.00000000        4.6108872180614097E-01       12.54686330
  8   0.00000000        4.7078850276984135E-01       12.81080779
  9   0.00000000        6.4474993095096045E-01       17.54453940
 10   0.00000000        6.6329941514032198E-01       18.04929658
 11   0.00000000        7.3883453969557422E-01       20.10471203
 12   0.00000000        7.3972174749116348E-01       20.12885419
 13   0.00000000        9.3828648749974108E-01       25.53207602
 14   0.00000000        9.5301934893196993E-01       25.93297760
 15   0.00000000        9.7417328517946344E-01       26.50860553
 16   0.00000000        1.0076221439958024E+00       27.41879535
 17   0.00000000        1.0753010527156406E+00       29.26043228
 18   0.00000000        1.1602149026084085E+00       31.57105584
 19   0.00000000        1.2044084564096964E+00       32.77362371
 20   0.00000000        1.3833972231793554E+00       37.64415617
 21   0.00000000        1.5940919025773994E+00       43.37745047
 22   0.00000000        1.7219007946799973E+00       46.85530760
 23   0.00000000        3.4262729694929188E+00       93.23363716
 24   0.00000000        3.8772102351320785E+00      105.50426527
 25   0.00000000        4.2673866994856953E+00      116.12150774
 26   0.00000000        5.0052422243795975E+00      136.19957942
 37  1
  1   2.00000000       -1.0514289869264226E-01       -2.86108403
  2   2.00000000       -1.0288188846978249E-04       -0.00279956
  3   2.00000000        1.0507858825603297E-01        2.85933405
  4   2.00000000        1.5558084067378597E-01        4.23357035
  5   0.00000000        3.0735829192231751E-01        8.36364520
  6   0.00000000        4.2126557961290029E-01       11.46322040
  7   0.00000000        4.6108872180614136E-01       12.54686330
  8   0.00000000        4.7078850276984102E-01       12.81080779
  9   0.00000000        6.4474993095096100E-01       17.54453940
 10   0.00000000        6.6329941514032220E-01       18.04929658
 11   0.00000000        7.3883453969557566E-01       20.10471203
 12   0.00000000        7.3972174749116371E-01       20.12885419
 13   0.00000000        9.3828648749974131E-01       25.53207602
 14   0.00000000        9.5301934893197138E-01       25.93297760
 15   0.00000000        9.7417328517946344E-01       26.50860553
 16   0.00000000        1.0076221439958037E+00       27.41879535
 17   0.00000000        1.0753010527156417E+00       29.26043228
 18   0.00000000        1.1602149026084114E+00       31.57105584
 19   0.00000000        1.2044084564096935E+00       32.77362371
 20   0.00000000        1.3833972231793610E+00       37.64415617
 21   0.00000000        1.5940919025773952E+00       43.37745047
 22   0.00000000        1.7219007946799958E+00       46.85530760
 23   0.00000000        3.4262729694928251E+00       93.23363716
 24   0.00000000        3.8772102351319329E+00      105.50426527
 25   0.00000000        4.2673866994856171E+00      116.12150774
 26   0.00000000        5.0052422243794235E+00      136.19957942
 38  1
  1   2.00000000       -1.3003745853388299E-01       -3.53849951
  2   2.00000000        3.3328428652329094E-02        0.90691275
  3   2.00000000        9.6827523235179291E-02        2.63481113
  4   2.00000000        1.8765356886026585E-01        5.10631374
  5   0.00000000        3.4230040808224360E-01        9.31446862
  6   0.00000000        4.2386383010775613E-01       11.53392240
  7   0.00000000        4.3340814188231463E-01       11.79363635
  8   0.00000000        4.9611533996881185E-01       13.49998614
  9   0.00000000        5.1066509840690633E-01       13.89590524
 10   0.00000000        6.1897748953084231E-01       16.84323555
 11   0.00000000        7.6051577814822124E-01       20.69468859
 12   0.00000000        8.7611526510462368E-01       23.84031087
 13   0.00000000        9.0031100135097242E-01       24.49871040
 14   0.00000000        9.0697402561039830E-01       24.68002053
 15   0.00000000        9.9478624539301086E-01       27.06951276
 16   0.00000000        1.0236514217194523E+00       27.85497422
 17   0.00000000        1.0615862417104920E+00       28.88723326
 18   0.00000000        1.1202808095782897E+00       30.48439381
 19   0.00000000        1.2624092560738720E+00       34.35190587
 20   0.00000000        1.4511571130322010E+00       39.48799671
 21   0.00000000        1.7337453350422434E+00       47.17761396
 22   0.00000000        2.0296065540460670E+00       55.22840787
 23   0.00000000        3.1466007306590429E+00       85.62336784
 24   0.00000000        3.5229217473860008E+00       95.86358438
 25   0.00000000        4.1942507412922945E+00      114.13137693
 26   0.00000000        5.1198757439848261E+00      139.31891640
 39  1
  1   2.00000000       -1.0514289869264294E-01       -2.86108403
  2   2.00000000       -1.0288188847088631E-04       -0.00279956
  3   2.00000000        1.0507858825603307E-01        2.85933405
  4   2.00000000        1.5558084067378825E-01        4.23357035
  5   0.00000000        3.0735829192231728E-01        8.36364520
  6   0.00000000        4.2126557961290056E-01       11.46322040
  7   0.00000000        4.6108872180614058E-01       12.54686330
  8   0.00000000        4.7078850276984091E-01       12.81080779
  9   0.00000000        6.4474993095095889E-01       17.54453940
 10   0.00000000        6.6329941514032209E-01       18.04929658
 11   0.00000000        7.3883453969557489E-01       20.10471203
 12   0.00000000        7.3972174749116260E-01       20.12885419
 13   0.00000000        9.3828648749974097E-01       25.53207602
 14   0.00000000        9.5301934893197082E-01       25.93297760
 15   0.00000000        9.7417328517946356E-01       26.50860553
 16   0.00000000        1.0076221439958040E+00       27.41879535
 17   0.00000000        1.0753010527156421E+00       29.26043228
 18   0.00000000        1.1602149026084092E+00       31.57105584
 19   0.00000000        1.2044084564096968E+00       32.77362371
 20   0.00000000        1.3833972231793539E+00       37.64415617
 21   0.00000000        1.5940919025774041E+00       43.37745047
 22   0.00000000        1.7219007946799845E+00       46.85530760
 23   0.00000000        3.4262729694929348E+00       93.23363716
 24   0.00000000        3.8772102351319004E+00      105.50426527
 25   0.00000000        4.2673866994857690E+00      116.12150774
 26   0.00000000        5.0052422243792121E+00      136.19957942
 40  1
  1   2.00000000       -4.6602624617170255E-02       -1.26812202
  2   2.00000000       -4.6602572462829964E-02       -1.26812060
  3   2.00000000        9.3267098787988126E-02        2.53792705
  4   2.00000000        9.3267099956698629E-02        2.53792708
  5   0.00000000        4.0826738703635707E-01       11.10952156
  6   0.00000000        4.0826748925243311E-01       11.10952434
  7   0.00000000        4.4179964920791065E-01       12.02198090
  8   0.00000000        4.4179967272824749E-01       12.02198154
  9   0.00000000        6.4065082532792994E-01       17.43299706
 10   0.00000000        6.4065083425001623E-01       17.43299730
 11   0.00000000        7.7995580654775931E-01       21.22367871
 12   0.00000000        7.7995583555605752E-01       21.22367950
 13   0.00000000        9.6816017499529960E-01       26.34498047
 14   0.00000000        9.6816028685626576E-01       26.34498351
 15   0.00000000        1.0051948816271872E+00       27.35274618
 16   0.00000000        1.0051954440596012E+00       27.35276148
 17   0.00000000        1.0084560694248563E+00       27.44148762
 18   0.00000000        1.0084562136430135E+00       27.44149154
 19   0.00000000        1.2572493563569862E+00       34.21149784
 20   0.00000000        1.2572494257115923E+00       34.21149973
 21   0.00000000        1.6817154485224814E+00       45.76180863
 22   0.00000000        1.6817167575828458E+00       45.76184425
 23   0.00000000        4.3626639495698400E+00      118.71413379
 24   0.00000000        4.3626727708245729E+00      118.71437383
 25   0.00000000        4.5962384285232938E+00      125.07001916
 26   0.00000000        4.5962437360318580E+00      125.07016358
 41  1
  1   2.00000000       -5.2661488664344579E-02       -1.43299211
  2   2.00000000       -5.2661417840486495E-02       -1.43299018
  3   2.00000000        1.3169923352733443E-01        3.58371871
  4   2.00000000        1.3169923352733481E-01        3.58371871
  5   0.00000000        2.7644307360149450E-01        7.52239925
  6   0.00000000        2.7644327181470246E-01        7.52240464
  7   0.00000000        6.1937673481610300E-01       16.85409956
  8   0.00000000        6.1937673481610545E-01       16.85409956
  9   0.00000000        6.6560919997177381E-01       18.11214903
 10   0.00000000        6.6560919997177503E-01       18.11214903
 11   0.00000000        7.5658879553925518E-01       20.58782994
 12   0.00000000        7.5658880675002460E-01       20.58783025
 13   0.00000000        7.7328311811079198E-01       21.04210560
 14   0.00000000        7.7328315405996917E-01       21.04210658
 15   0.00000000        1.0796493953854451E+00       29.37875671
 16   0.00000000        1.0796502025777532E+00       29.37877867
 17   0.00000000        1.1922985546211531E+00       32.44409649
 18   0.00000000        1.1922985546211580E+00       32.44409649
 19   0.00000000        1.2594929980770024E+00       34.27255044
 20   0.00000000        1.2594937859874171E+00       34.27257188
 21   0.00000000        1.3781732424096860E+00       37.50200441
 22   0.00000000        1.3781732424096975E+00       37.50200441
 23   0.00000000        4.1268498789161807E+00      112.29730603
 24   0.00000000        4.1268498789163086E+00      112.29730603
 25   0.00000000        4.7038486112894304E+00      127.99824140
 26   0.00000000        4.7038528938520647E+00      127.99835794
 42  1
  1   2.00000000       -1.0514289869264271E-01       -2.86108403
  2   2.00000000       -1.0288188847044917E-04       -0.00279956
  3   2.00000000        1.0507858825603349E-01        2.85933405
  4   2.00000000        1.5558084067378455E-01        4.23357035
  5   0.00000000        3.0735829192231606E-01        8.36364520
  6   0.00000000        4.2126557961289945E-01       11.46322040
  7   0.00000000        4.6108872180614152E-01       12.54686330
  8   0.00000000        4.7078850276983869E-01       12.81080779
  9   0.00000000        6.4474993095095934E-01       17.54453940
 10   0.00000000        6.6329941514032131E-01       18.04929658
 11   0.00000000        7.3883453969557411E-01       20.10471203
 12   0.00000000        7.3972174749116226E-01       20.12885419
 13   0.00000000        9.3828648749974064E-01       25.53207602
 14   0.00000000        9.5301934893197215E-01       25.93297760
 15   0.00000000        9.7417328517946267E-01       26.50860553
 16   0.00000000        1.0076221439958046E+00       27.41879535
 17   0.00000000        1.0753010527156377E+00       29.26043228
 18   0.00000000        1.1602149026084128E+00       31.57105584
 19   0.00000000        1.2044084564096940E+00       32.77362371
 20   0.00000000        1.3833972231793519E+00       37.64415617
 21   0.00000000        1.5940919025773894E+00       43.37745047
 22   0.00000000        1.7219007946799918E+00       46.85530760
 23   0.00000000        3.4262729694928260E+00       93.23363716
 24   0.00000000        3.8772102351319226E+00      105.50426527
 25   0.00000000        4.2673866994856731E+00      116.12150774
 26   0.00000000        5.0052422243790398E+00      136.19957942
 43  1
  1   2.00000000       -1.1928708636398189E-01       -3.24596698
  2   2.00000000       -2.2211992588880850E-02       -0.60441911
  3   2.00000000        1.9259141678763936E-01        5.24067943
  4   2.00000000        1.9259141678786793E-01        5.24067943
  5   0.00000000        2.9790302908261890E-01        8.10635439
  6   0.00000000        3.7382646199914082E-01       10.17233625
  7   0.00000000        3.7382646200672948E-01       10.17233625
  8   0.00000000        6.4484570909161554E-01       17.54714566
  9   0.00000000        6.6163902322802448E-01       18.00411502
 10   0.00000000        6.6163902326115975E-01       18.00411502
 11   0.00000000        6.7464215448317533E-01       18.35794824
 12   0.00000000        7.2508718994896859E-01       19.73062759
 13   0.00000000        7.2508718996071941E-01       19.73062759
 14   0.00000000        9.7505992280689124E-01       26.53273217
 15   0.00000000        1.0458563620029206E+00       28.45920142
 16   0.00000000        1.0895791979822476E+00       29.64896040
 17   0.00000000        1.0895791980514475E+00       29.64896040
 18   0.00000000        1.2352500344689121E+00       33.61286580
 19   0.00000000        1.2352500345094628E+00       33.61286580
 20   0.00000000        1.3388131119657827E+00       36.43096070
 21   0.00000000        2.2851297815214471E+00       62.18154911
 22   0.00000000        2.2851297815868392E+00       62.18154911
 23   0.00000000        2.6922194182002031E+00       73.25902245
 24   0.00000000        2.6922194182145374E+00       73.25902245
 25   0.00000000        3.9172503006625412E+00      106.59381095
 26   0.00000000        5.3516742940992632E+00      145.62647628
 44  1
  1   2.00000000       -1.0514289869264253E-01       -2.86108403
  2   2.00000000       -1.0288188847002445E-04       -0.00279956
  3   2.00000000        1.0507858825603258E-01        2.85933405
  4   2.00000000        1.5558084067378500E-01        4.23357035
  5   0.00000000        3.0735829192231717E-01        8.36364520
  6   0.00000000        4.2126557961290001E-01       11.46322040
  7   0.00000000        4.6108872180614152E-01       12.54686330
  8   0.00000000        4.7078850276983991E-01       12.81080779
  9   0.00000000        6.4474993095095956E-01       17.54453940
 10   0.00000000        6.6329941514032131E-01       18.04929658
 11   0.00000000        7.3883453969557422E-01       20.10471203
 12   0.00000000        7.3972174749116093E-01       20.12885419
 13   0.00000000        9.3828648749974064E-01       25.53207602
 14   0.00000000        9.5301934893197249E-01       25.93297760
 15   0.00000000        9.7417328517946378E-01       26.50860553
 16   0.00000000        1.0076221439958051E+00       27.41879535
 17   0.00000000        1.0753010527156386E+00       29.26043228
 18   0.00000000        1.1602149026084121E+00       31.57105584
 19   0.00000000        1.2044084564096933E+00       32.77362371
 20   0.00000000        1.3833972231793528E+00       37.64415617
 21   0.00000000        1.5940919025773930E+00       43.37745047
 22   0.00000000        1.7219007946799951E+00       46.85530760
 23   0.00000000        3.4262729694927718E+00       93.23363716
 24   0.00000000        3.8772102351319346E+00      105.50426527
 25   0.00000000        4.2673866994855780E+00      116.12150774
 26   0.00000000        5.0052422243791552E+00      136.19957942
 45  1
  1   2.00000000       -1.0514289869264258E-01       -2.86108403
  2   2.00000000       -1.0288188847031088E-04       -0.00279956
  3   2.00000000        1.0507858825603233E-01        2.85933405
  4   2.00000000        1.5558084067378683E-01        4.23357035
  5   0.00000000        3.0735829192231701E-01        8.36364520
  6   0.00000000        4.2126557961289990E-01       11.46322040
  7   0.00000000        4.6108872180614074E-01       12.54686330
  8   0.00000000        4.7078850276984058E-01       12.81080779
  9   0.00000000        6.4474993095096111E-01       17.54453940
 10   0.00000000        6.6329941514032142E-01       18.04929658
 11   0.00000000        7.3883453969557522E-01       20.10471203
 12   0.00000000        7.3972174749116371E-01       20.12885419
 13   0.00000000        9.3828648749974131E-01       25.53207602
 14   0.00000000        9.5301934893197260E-01       25.93297760
 15   0.00000000        9.7417328517946244E-01       26.50860553
 16   0.00000000        1.0076221439958040E+00       27.41879535
 17   0.00000000        1.0753010527156417E+00       29.26043228
 18   0.00000000        1.1602149026084123E+00       31.57105584
 19   0.00000000        1.2044084564096953E+00       32.77362371
 20   0.00000000        1.3833972231793603E+00       37.64415617
 21   0.00000000        1.5940919025773954E+00       43.37745047
 22   0.00000000        1.7219007946799922E+00       46.85530760
 23   0.00000000        3.4262729694928264E+00       93.23363716
 24   0.00000000        3.8772102351319324E+00      105.50426527
 25   0.00000000        4.2673866994855487E+00      116.12150774
 26   0.00000000        5.0052422243791526E+00      136.19957942
 46  1
  1   2.00000000       -4.6602624617170282E-02       -1.26812202
  2   2.00000000       -4.6602572462829506E-02       -1.26812060
  3   2.00000000        9.3267098787987057E-02        2.53792705
  4   2.00000000        9.3267099956697755E-02        2.53792708
  5   0.00000000        4.0826738703635729E-01       11.10952156
  6   0.00000000        4.0826748925243339E-01       11.10952434
  7   0.00000000        4.4179964920791071E-01       12.02198090
  8   0.00000000        4.4179967272824855E-01       12.02198154
  9   0.00000000        6.4065082532793061E-01       17.43299706
 10   0.00000000        6.4065083425001679E-01       17.43299730
 11   0.00000000        7.7995580654775931E-01       21.22367871
 12   0.00000000        7.7995583555605930E-01       21.22367950
 13   0.00000000        9.6816017499529861E-01       26.34498047
 14   0.00000000        9.6816028685626576E-01       26.34498351
 15   0.00000000        1.0051948816271881E+00       27.35274618
 16   0.00000000        1.0051954440596009E+00       27.35276148
 17   0.00000000        1.0084560694248570E+00       27.44148762
 18   0.00000000        1.0084562136430146E+00       27.44149154
 19   0.00000000        1.2572493563569862E+00       34.21149784
 20   0.00000000        1.2572494257115916E+00       34.21149973
 21   0.00000000        1.6817154485224823E+00       45.76180863
 22   0.00000000        1.6817167575828509E+00       45.76184425
 23   0.00000000        4.3626639495700008E+00      118.71413379
 24   0.00000000        4.3626727708246529E+00      118.71437383
 25   0.00000000        4.5962384285232973E+00      125.07001916
 26   0.00000000        4.5962437360319148E+00      125.07016358
 47  1
  1   2.00000000       -1.0514289869264293E-01       -2.86108403
  2   2.00000000       -1.0288188847014321E-04       -0.00279956
  3   2.00000000        1.0507858825603240E-01        2.85933405
  4   2.00000000        1.5558084067378536E-01        4.23357035
  5   0.00000000        3.0735829192231806E-01        8.36364520
  6   0.00000000        4.2126557961290034E-01       11.46322040
  7   0.00000000        4.6108872180614047E-01       12.54686330
  8   0.00000000        4.7078850276984008E-01       12.81080779
  9   0.00000000        6.4474993095095856E-01       17.54453940
 10   0.00000000        6.6329941514032253E-01       18.04929658
 11   0.00000000        7.3883453969557500E-01       20.10471203
 12   0.00000000        7.3972174749116315E-01       20.12885419
 13   0.00000000        9.3828648749973942E-01       25.53207602
 14   0.00000000        9.5301934893196982E-01       25.93297760
 15   0.00000000        9.7417328517946378E-01       26.50860553
 16   0.00000000        1.0076221439958049E+00       27.41879535
 17   0.00000000        1.0753010527156410E+00       29.26043228
 18   0.00000000        1.1602149026084088E+00       31.57105584
 19   0.00000000        1.2044084564096984E+00       32.77362371
 20   0.00000000        1.3833972231793534E+00       37.64415617
 21   0.00000000        1.5940919025774030E+00       43.37745047
 22   0.00000000        1.7219007946799816E+00       46.85530760
 23   0.00000000        3.4262729694929437E+00       93.23363716
 24   0.00000000        3.8772102351318694E+00      105.50426527
 25   0.00000000        4.2673866994857468E+00      116.12150774
 26   0.00000000        5.0052422243792796E+00      136.19957942
 48  1
  1   2.00000000       -1.3003745853388288E-01       -3.53849951
  2   2.00000000        3.3328428652329573E-02        0.90691275
  3   2.00000000        9.6827523235177154E-02        2.63481113
  4   2.00000000        1.8765356886026835E-01        5.10631374
  5   0.00000000        3.4230040808224421E-01        9.31446862
  6   0.00000000        4.2386383010775652E-01       11.53392240
  7   0.00000000        4.3340814188231891E-01       11.79363635
  8   0.00000000        4.9611533996881374E-01       13.49998614
  9   0.00000000        5.1066509840690577E-01       13.89590524
 10   0.00000000        6.1897748953084408E-01       16.84323555
 11   0.00000000        7.6051577814822269E-01       20.69468859
 12   0.00000000        8.7611526510462490E-01       23.84031087
 13   0.00000000        9.0031100135097297E-01       24.49871040
 14   0.00000000        9.0697402561039886E-01       24.68002053
 15   0.00000000        9.9478624539301175E-01       27.06951276
 16   0.00000000        1.0236514217194526E+00       27.85497422
 17   0.00000000        1.0615862417104918E+00       28.88723326
 18   0.00000000        1.1202808095782910E+00       30.48439381
 19   0.00000000        1.2624092560738722E+00       34.35190587
 20   0.00000000        1.4511571130321999E+00       39.48799671
 21   0.00000000        1.7337453350422427E+00       47.17761396
 22   0.00000000        2.0296065540460702E+00       55.22840787
 23   0.00000000        3.1466007306590309E+00       85.62336784
 24   0.00000000        3.5229217473860457E+00       95.86358438
 25   0.00000000        4.1942507412922820E+00      114.13137693
 26   0.00000000        5.1198757439847880E+00      139.31891640
 49  1
  1   2.00000000       -1.7563552590376641E-01       -4.77928613
  2   2.00000000        9.0653483102209817E-02        2.46680694
  3   2.00000000        2.0859509201373946E-01        5.67616162
  4   2.00000000        2.0859509201506957E-01        5.67616162
  5   0.00000000        3.1732243120966691E-01        8.63478324
  6   0.00000000        3.7407541110900622E-01       10.17911050
  7   0.00000000        3.7407541111908621E-01       10.17911050
  8   0.00000000        5.0775755475828066E-01       13.81678694
  9   0.00000000        5.4209549024808246E-01       14.75116977
 10   0.00000000        5.4209549025749149E-01       14.75116977
 11   0.00000000        7.3001505977900505E-01       19.86472176
 12   0.00000000        8.4091871818511033E-01       22.88256404
 13   0.00000000        8.5510553326633143E-01       23.26860695
 14   0.00000000        8.5510553336209882E-01       23.26860695
 15   0.00000000        1.0850222237259985E+00       29.52495882
 16   0.00000000        1.0850222240578826E+00       29.52495882
 17   0.00000000        1.1566762355849525E+00       31.47476381
 18   0.00000000        1.2475407085582422E+00       33.94731208
 19   0.00000000        1.2475407087460668E+00       33.94731208
 20   0.00000000        1.5894355697788349E+00       43.25074520
 21   0.00000000        2.2555309985814036E+00       61.37612519
 22   0.00000000        2.2555309990564458E+00       61.37612521
 23   0.00000000        3.6182540526953400E+00       98.45770856
 24   0.00000000        3.6182540527796143E+00       98.45770857
 25   0.00000000        3.8512842385218624E+00      104.79878296
 26   0.00000000        5.6611454126093905E+00      154.04761442
 50  1
  1   2.00000000       -1.3003745853378459E-01       -3.53849951
  2   2.00000000        3.3328428650946137E-02        0.90691274
  3   2.00000000        9.6827523229503984E-02        2.63481113
  4   2.00000000        1.8765356885533982E-01        5.10631374
  5   0.00000000        3.4230040809315310E-01        9.31446862
  6   0.00000000        4.2386383011084788E-01       11.53392240
  7   0.00000000        4.3340814190573579E-01       11.79363635
  8   0.00000000        4.9611533994007123E-01       13.49998614
  9   0.00000000        5.1066509846360297E-01       13.89590524
 10   0.00000000        6.1897748965983546E-01       16.84323555
 11   0.00000000        7.6051577755028343E-01       20.69468857
 12   0.00000000        8.7611526516791738E-01       23.84031088
 13   0.00000000        9.0031100113867379E-01       24.49871039
 14   0.00000000        9.0697402569548136E-01       24.68002053
 15   0.00000000        9.9478624518840764E-01       27.06951275
 16   0.00000000        1.0236514220197457E+00       27.85497423
 17   0.00000000        1.0615862423856175E+00       28.88723327
 18   0.00000000        1.1202808095249663E+00       30.48439381
 19   0.00000000        1.2624092562323062E+00       34.35190587
 20   0.00000000        1.4511571130218370E+00       39.48799671
 21   0.00000000        1.7337453341094475E+00       47.17761394
 22   0.00000000        2.0296065533618535E+00       55.22840785
 23   0.00000000        3.1466007314242739E+00       85.62336786
 24   0.00000000        3.5229217515879956E+00       95.86358450
 25   0.00000000        4.1942507403046747E+00      114.13137691
 26   0.00000000        5.1198757436251805E+00      139.31891639
 51  1
  1   2.00000000       -1.0514289869264247E-01       -2.86108403
  2   2.00000000       -1.0288188847181110E-04       -0.00279956
  3   2.00000000        1.0507858825603339E-01        2.85933405
  4   2.00000000        1.5558084067378741E-01        4.23357035
  5   0.00000000        3.0735829192231617E-01        8.36364520
  6   0.00000000        4.2126557961289979E-01       11.46322040
  7   0.00000000        4.6108872180614080E-01       12.54686330
  8   0.00000000        4.7078850276984058E-01       12.81080779
  9   0.00000000        6.4474993095095967E-01       17.54453940
 10   0.00000000        6.6329941514032287E-01       18.04929658
 11   0.00000000        7.3883453969557278E-01       20.10471203
 12   0.00000000        7.3972174749116348E-01       20.12885419
 13   0.00000000        9.3828648749974086E-01       25.53207602
 14   0.00000000        9.5301934893197027E-01       25.93297760
 15   0.00000000        9.7417328517946455E-01       26.50860553
 16   0.00000000        1.0076221439958057E+00       27.41879535
 17   0.00000000        1.0753010527156430E+00       29.26043228
 18   0.00000000        1.1602149026084081E+00       31.57105584
 19   0.00000000        1.2044084564096953E+00       32.77362371
 20   0.00000000        1.3833972231793559E+00       37.64415617
 21   0.00000000        1.5940919025773967E+00       43.37745047
 22   0.00000000        1.7219007946799818E+00       46.85530760
 23   0.00000000        3.4262729694929024E+00       93.23363716
 24   0.00000000        3.8772102351319604E+00      105.50426527
 25   0.00000000        4.2673866994855816E+00      116.12150774
 26   0.00000000        5.0052422243791801E+00      136.19957942
 52  1
  1   2.00000000       -1.6522408581409306E-01       -4.49597642
  2   2.00000000        1.0565982449128108E-01        2.87515029
  3   2.00000000        1.6708864275601212E-01        4.54671360
  4   2.00000000        1.6708864275601312E-01        4.54671360
  5   0.00000000        2.8639398814523459E-01        7.79317743
  6   0.00000000        3.8583251813364589E-01       10.49903768
  7   0.00000000        4.5480702903286047E-01       12.37592973
  8   0.00000000        4.5480702903286196E-01       12.37592973
  9   0.00000000        5.6287978040194164E-01       15.31673911
 10   0.00000000        6.0184114180108828E-01       16.37693177
 11   0.00000000        7.7720294164794013E-01       21.14876944
 12   0.00000000        8.0585399678818725E-01       21.92840436
 13   0.00000000        8.0585399678818870E-01       21.92840436
 14   0.00000000        9.5069200258889752E-01       25.86964728
 15   0.00000000        1.0234520358276140E+00       27.84954865
 16   0.00000000        1.0779871234473646E+00       29.33352398
 17   0.00000000        1.1665305751267117E+00       31.74291405
 18   0.00000000        1.1665305751267132E+00       31.74291405
 19   0.00000000        1.2675466275032885E+00       34.49170087
 20   0.00000000        1.6562125338220834E+00       45.06783896
 21   0.00000000        1.6562125338221008E+00       45.06783896
 22   0.00000000        2.1643586545578613E+00       58.89519932
 23   0.00000000        2.9003267502853576E+00       78.92191144
 24   0.00000000        4.1239706504421862E+00      112.21895824
 25   0.00000000        5.0278342453574103E+00      136.81433963
 26   0.00000000        5.0278342453577158E+00      136.81433963
 53  1
  1   2.00000000       -1.3003745853378468E-01       -3.53849951
  2   2.00000000        3.3328428650946838E-02        0.90691274
  3   2.00000000        9.6827523229503776E-02        2.63481113
  4   2.00000000        1.8765356885533935E-01        5.10631374
  5   0.00000000        3.4230040809315404E-01        9.31446862
  6   0.00000000        4.2386383011084611E-01       11.53392240
  7   0.00000000        4.3340814190573745E-01       11.79363635
  8   0.00000000        4.9611533994007012E-01       13.49998614
  9   0.00000000        5.1066509846360364E-01       13.89590524
 10   0.00000000        6.1897748965983401E-01       16.84323555
 11   0.00000000        7.6051577755028243E-01       20.69468857
 12   0.00000000        8.7611526516791727E-01       23.84031088
 13   0.00000000        9.0031100113867457E-01       24.49871039
 14   0.00000000        9.0697402569547980E-01       24.68002053
 15   0.00000000        9.9478624518840830E-01       27.06951275
 16   0.00000000        1.0236514220197523E+00       27.85497423
 17   0.00000000        1.0615862423856204E+00       28.88723327
 18   0.00000000        1.1202808095249641E+00       30.48439381
 19   0.00000000        1.2624092562323004E+00       34.35190587
 20   0.00000000        1.4511571130218461E+00       39.48799671
 21   0.00000000        1.7337453341094524E+00       47.17761394
 22   0.00000000        2.0296065533618242E+00       55.22840785
 23   0.00000000        3.1466007314240909E+00       85.62336786
 24   0.00000000        3.5229217515880840E+00       95.86358450
 25   0.00000000        4.1942507403048204E+00      114.13137691
 26   0.00000000        5.1198757436250819E+00      139.31891639
 54  1
  1   2.00000000       -1.0514289869276439E-01       -2.86108403
  2   2.00000000       -1.0288188858013599E-04       -0.00279956
  3   2.00000000        1.0507858825755666E-01        2.85933405
  4   2.00000000        1.5558084067564160E-01        4.23357035
  5   0.00000000        3.0735829193140307E-01        8.36364520
  6   0.00000000        4.2126557962545824E-01       11.46322040
  7   0.00000000        4.6108872178497934E-01       12.54686330
  8   0.00000000        4.7078850276815182E-01       12.81080779
  9   0.00000000        6.4474993097562239E-01       17.54453940
 10   0.00000000        6.6329941509463863E-01       18.04929658
 11   0.00000000        7.3883453967591806E-01       20.10471203
 12   0.00000000        7.3972174750751207E-01       20.12885419
 13   0.00000000        9.3828648751342603E-01       25.53207602
 14   0.00000000        9.5301934875888650E-01       25.93297760
 15   0.00000000        9.7417328513847490E-01       26.50860553
 16   0.00000000        1.0076221438179633E+00       27.41879535
 17   0.00000000        1.0753010527573219E+00       29.26043228
 18   0.00000000        1.1602149028159063E+00       31.57105585
 19   0.00000000        1.2044084564094248E+00       32.77362371
 20   0.00000000        1.3833972231112204E+00       37.64415617
 21   0.00000000        1.5940919029049472E+00       43.37745048
 22   0.00000000        1.7219007950454384E+00       46.85530761
 23   0.00000000        3.4262729689772540E+00       93.23363714
 24   0.00000000        3.8772102348618924E+00      105.50426526
 25   0.00000000        4.2673866983425466E+00      116.12150771
 26   0.00000000        5.0052422257801927E+00      136.19957946
 55  1
  1   2.00000000       -4.6602624617434030E-02       -1.26812202
  2   2.00000000       -4.6602572463094807E-02       -1.26812060
  3   2.00000000        9.3267098787945785E-02        2.53792705
  4   2.00000000        9.3267099956659882E-02        2.53792708
  5   0.00000000        4.0826738704884741E-01       11.10952156
  6   0.00000000        4.0826748926492668E-01       11.10952434
  7   0.00000000        4.4179964925089693E-01       12.02198090
  8   0.00000000        4.4179967277123489E-01       12.02198154
  9   0.00000000        6.4065082532613793E-01       17.43299706
 10   0.00000000        6.4065083424821745E-01       17.43299730
 11   0.00000000        7.7995580653995011E-01       21.22367871
 12   0.00000000        7.7995583554824977E-01       21.22367950
 13   0.00000000        9.6816017497569085E-01       26.34498047
 14   0.00000000        9.6816028683666222E-01       26.34498351
 15   0.00000000        1.0051948816078353E+00       27.35274618
 16   0.00000000        1.0051954440402411E+00       27.35276148
 17   0.00000000        1.0084560692317706E+00       27.44148761
 18   0.00000000        1.0084562134499251E+00       27.44149154
 19   0.00000000        1.2572493563441405E+00       34.21149784
 20   0.00000000        1.2572494256987543E+00       34.21149973
 21   0.00000000        1.6817154487901287E+00       45.76180863
 22   0.00000000        1.6817167578504941E+00       45.76184425
 23   0.00000000        4.3626639500974198E+00      118.71413381
 24   0.00000000        4.3626727713520843E+00      118.71437385
 25   0.00000000        4.5962384286589133E+00      125.07001916
 26   0.00000000        4.5962437361671018E+00      125.07016359
 56  1
  1   2.00000000       -1.0514289869264225E-01       -2.86108403
  2   2.00000000       -1.0288188847059155E-04       -0.00279956
  3   2.00000000        1.0507858825603227E-01        2.85933405
  4   2.00000000        1.5558084067378539E-01        4.23357035
  5   0.00000000        3.0735829192231645E-01        8.36364520
  6   0.00000000        4.2126557961290023E-01       11.46322040
  7   0.00000000        4.6108872180613997E-01       12.54686330
  8   0.00000000        4.7078850276983958E-01       12.81080779
  9   0.00000000        6.4474993095095989E-01       17.54453940
 10   0.00000000        6.6329941514032120E-01       18.04929658
 11   0.00000000        7.3883453969557267E-01       20.10471203
 12   0.00000000        7.3972174749116348E-01       20.12885419
 13   0.00000000        9.3828648749974042E-01       25.53207602
 14   0.00000000        9.5301934893197027E-01       25.93297760
 15   0.00000000        9.7417328517946289E-01       26.50860553
 16   0.00000000        1.0076221439958037E+00       27.41879535
 17   0.00000000        1.0753010527156437E+00       29.26043228
 18   0.00000000        1.1602149026084085E+00       31.57105584
 19   0.00000000        1.2044084564096982E+00       32.77362371
 20   0.00000000        1.3833972231793508E+00       37.64415617
 21   0.00000000        1.5940919025774014E+00       43.37745047
 22   0.00000000        1.7219007946799894E+00       46.85530760
 23   0.00000000        3.4262729694928540E+00       93.23363716
 24   0.00000000        3.8772102351319351E+00      105.50426527
 25   0.00000000        4.2673866994857379E+00      116.12150774
 26   0.00000000        5.0052422243791987E+00      136.19957942
 57  1
  1   2.00000000       -1.0514289869264219E-01       -2.86108403
  2   2.00000000       -1.0288188847069485E-04       -0.00279956
  3   2.00000000        1.0507858825603314E-01        2.85933405
  4   2.00000000        1.5558084067378553E-01        4.23357035
  5   0.00000000        3.0735829192231562E-01        8.36364520
  6   0.00000000        4.2126557961289951E-01       11.46322040
  7   0.00000000        4.6108872180614158E-01       12.54686330
  8   0.00000000        4.7078850276983913E-01       12.81080779
  9   0.00000000        6.4474993095095889E-01       17.54453940
 10   0.00000000        6.6329941514032453E-01       18.04929658
 11   0.00000000        7.3883453969557444E-01       20.10471203
 12   0.00000000        7.3972174749116093E-01       20.12885419
 13   0.00000000        9.3828648749974208E-01       25.53207602
 14   0.00000000        9.5301934893197260E-01       25.93297760
 15   0.00000000        9.7417328517946411E-01       26.50860553
 16   0.00000000        1.0076221439958060E+00       27.41879535
 17   0.00000000        1.0753010527156428E+00       29.26043228
 18   0.00000000        1.1602149026084128E+00       31.57105584
 19   0.00000000        1.2044084564096922E+00       32.77362371
 20   0.00000000        1.3833972231793588E+00       37.64415617
 21   0.00000000        1.5940919025774021E+00       43.37745047
 22   0.00000000        1.7219007946799894E+00       46.85530760
 23   0.00000000        3.4262729694929321E+00       93.23363716
 24   0.00000000        3.8772102351320021E+00      105.50426527
 25   0.00000000        4.2673866994856855E+00      116.12150774
 26   0.00000000        5.0052422243791916E+00      136.19957942
 58  1
  1   2.00000000       -4.6602624617433724E-02       -1.26812202
  2   2.00000000       -4.6602572463094544E-02       -1.26812060
  3   2.00000000        9.3267098787949018E-02        2.53792705
  4   2.00000000        9.3267099956656468E-02        2.53792708
  5   0.00000000        4.0826738704884880E-01       11.10952156
  6   0.00000000        4.0826748926492584E-01       11.10952434
  7   0.00000000        4.4179964925089660E-01       12.02198090
  8   0.00000000        4.4179967277123200E-01       12.02198154
  9   0.00000000        6.4065082532613526E-01       17.43299706
 10   0.00000000        6.4065083424821967E-01       17.43299730
 11   0.00000000        7.7995580653995156E-01       21.22367871
 12   0.00000000        7.7995583554825054E-01       21.22367950
 13   0.00000000        9.6816017497569218E-01       26.34498047
 14   0.00000000        9.6816028683665933E-01       26.34498351
 15   0.00000000        1.0051948816078320E+00       27.35274618
 16   0.00000000        1.0051954440402431E+00       27.35276148
 17   0.00000000        1.0084560692317694E+00       27.44148761
 18   0.00000000        1.0084562134499302E+00       27.44149154
 19   0.00000000        1.2572493563441487E+00       34.21149784
 20   0.00000000        1.2572494256987479E+00       34.21149973
 21   0.00000000        1.6817154487901245E+00       45.76180863
 22   0.00000000        1.6817167578504988E+00       45.76184425
 23   0.00000000        4.3626639500973781E+00      118.71413381
 24   0.00000000        4.3626727713519591E+00      118.71437385
 25   0.00000000        4.5962384286588698E+00      125.07001916
 26   0.00000000        4.5962437361670547E+00      125.07016359
 59  1
  1   2.00000000       -1.0514289869276396E-01       -2.86108403
  2   2.00000000       -1.0288188857829930E-04       -0.00279956
  3   2.00000000        1.0507858825755814E-01        2.85933405
  4   2.00000000        1.5558084067563888E-01        4.23357035
  5   0.00000000        3.0735829193140368E-01        8.36364520
  6   0.00000000        4.2126557962545713E-01       11.46322040
  7   0.00000000        4.6108872178498000E-01       12.54686330
  8   0.00000000        4.7078850276815049E-01       12.81080779
  9   0.00000000        6.4474993097561950E-01       17.54453940
 10   0.00000000        6.6329941509463819E-01       18.04929658
 11   0.00000000        7.3883453967591839E-01       20.10471203
 12   0.00000000        7.3972174750751318E-01       20.12885419
 13   0.00000000        9.3828648751342492E-01       25.53207602
 14   0.00000000        9.5301934875888628E-01       25.93297760
 15   0.00000000        9.7417328513847667E-01       26.50860553
 16   0.00000000        1.0076221438179629E+00       27.41879535
 17   0.00000000        1.0753010527573201E+00       29.26043228
 18   0.00000000        1.1602149028159066E+00       31.57105585
 19   0.00000000        1.2044084564094242E+00       32.77362371
 20   0.00000000        1.3833972231112239E+00       37.64415617
 21   0.00000000        1.5940919029049427E+00       43.37745048
 22   0.00000000        1.7219007950454448E+00       46.85530761
 23   0.00000000        3.4262729689773144E+00       93.23363714
 24   0.00000000        3.8772102348618382E+00      105.50426526
 25   0.00000000        4.2673866983424089E+00      116.12150771
 26   0.00000000        5.0052422257800986E+00      136.19957946
 60  1
  1   2.00000000       -1.3003745853378459E-01       -3.53849951
  2   2.00000000        3.3328428650946873E-02        0.90691274
  3   2.00000000        9.6827523229502041E-02        2.63481113
  4   2.00000000        1.8765356885534032E-01        5.10631374
  5   0.00000000        3.4230040809315393E-01        9.31446862
  6   0.00000000        4.2386383011084899E-01       11.53392240
  7   0.00000000        4.3340814190573529E-01       11.79363635
  8   0.00000000        4.9611533994006918E-01       13.49998614
  9   0.00000000        5.1066509846360342E-01       13.89590524
 10   0.00000000        6.1897748965983435E-01       16.84323555
 11   0.00000000        7.6051577755028188E-01       20.69468857
 12   0.00000000        8.7611526516791893E-01       23.84031088
 13   0.00000000        9.0031100113867335E-01       24.49871039
 14   0.00000000        9.0697402569548080E-01       24.68002053
 15   0.00000000        9.9478624518840730E-01       27.06951275
 16   0.00000000        1.0236514220197472E+00       27.85497423
 17   0.00000000        1.0615862423856166E+00       28.88723327
 18   0.00000000        1.1202808095249641E+00       30.48439381
 19   0.00000000        1.2624092562323042E+00       34.35190587
 20   0.00000000        1.4511571130218364E+00       39.48799671
 21   0.00000000        1.7337453341094495E+00       47.17761394
 22   0.00000000        2.0296065533618530E+00       55.22840785
 23   0.00000000        3.1466007314241851E+00       85.62336786
 24   0.00000000        3.5229217515878699E+00       95.86358450
 25   0.00000000        4.1942507403047466E+00      114.13137691
 26   0.00000000        5.1198757436254061E+00      139.31891639
 61  1
  1   2.00000000       -1.6522408581409279E-01       -4.49597642
  2   2.00000000        1.0565982449128329E-01        2.87515029
  3   2.00000000        1.6708864275601162E-01        4.54671360
  4   2.00000000        1.6708864275601173E-01        4.54671360
  5   0.00000000        2.8639398814523526E-01        7.79317743
  6   0.00000000        3.8583251813364511E-01       10.49903768
  7   0.00000000        4.5480702903285747E-01       12.37592973
  8   0.00000000        4.5480702903285958E-01       12.37592973
  9   0.00000000        5.6287978040194142E-01       15.31673911
 10   0.00000000        6.0184114180108572E-01       16.37693177
 11   0.00000000        7.7720294164794346E-01       21.14876944
 12   0.00000000        8.0585399678818659E-01       21.92840436
 13   0.00000000        8.0585399678818803E-01       21.92840436
 14   0.00000000        9.5069200258890219E-01       25.86964728
 15   0.00000000        1.0234520358276129E+00       27.84954865
 16   0.00000000        1.0779871234473626E+00       29.33352398
 17   0.00000000        1.1665305751267070E+00       31.74291405
 18   0.00000000        1.1665305751267119E+00       31.74291405
 19   0.00000000        1.2675466275032949E+00       34.49170087
 20   0.00000000        1.6562125338220723E+00       45.06783896
 21   0.00000000        1.6562125338221001E+00       45.06783896
 22   0.00000000        2.1643586545578999E+00       58.89519932
 23   0.00000000        2.9003267502854162E+00       78.92191144
 24   0.00000000        4.1239706504421072E+00      112.21895824
 25   0.00000000        5.0278342453571767E+00      136.81433963
 26   0.00000000        5.0278342453574973E+00      136.81433963
 62  1
  1   2.00000000       -1.0514289869264203E-01       -2.86108403
  2   2.00000000       -1.0288188847191954E-04       -0.00279956
  3   2.00000000        1.0507858825603408E-01        2.85933405
  4   2.00000000        1.5558084067378558E-01        4.23357035
  5   0.00000000        3.0735829192231667E-01        8.36364520
  6   0.00000000        4.2126557961289962E-01       11.46322040
  7   0.00000000        4.6108872180614002E-01       12.54686330
  8   0.00000000        4.7078850276983925E-01       12.81080779
  9   0.00000000        6.4474993095096023E-01       17.54453940
 10   0.00000000        6.6329941514032309E-01       18.04929658
 11   0.00000000        7.3883453969557511E-01       20.10471203
 12   0.00000000        7.3972174749116271E-01       20.12885419
 13   0.00000000        9.3828648749974042E-01       25.53207602
 14   0.00000000        9.5301934893197249E-01       25.93297760
 15   0.00000000        9.7417328517946333E-01       26.50860553
 16   0.00000000        1.0076221439958060E+00       27.41879535
 17   0.00000000        1.0753010527156406E+00       29.26043228
 18   0.00000000        1.1602149026084123E+00       31.57105584
 19   0.00000000        1.2044084564096911E+00       32.77362371
 20   0.00000000        1.3833972231793537E+00       37.64415617
 21   0.00000000        1.5940919025773954E+00       43.37745047
 22   0.00000000        1.7219007946799803E+00       46.85530760
 23   0.00000000        3.4262729694928380E+00       93.23363716
 24   0.00000000        3.8772102351319777E+00      105.50426527
 25   0.00000000        4.2673866994854794E+00      116.12150774
 26   0.00000000        5.0052422243792583E+00      136.19957942
 63  1
  1   2.00000000       -1.3003745853378459E-01       -3.53849951
  2   2.00000000        3.3328428650947026E-02        0.90691274
  3   2.00000000        9.6827523229502221E-02        2.63481113
  4   2.00000000        1.8765356885534018E-01        5.10631374
  5   0.00000000        3.4230040809315448E-01        9.31446862
  6   0.00000000        4.2386383011084650E-01       11.53392240
  7   0.00000000        4.3340814190573546E-01       11.79363635
  8   0.00000000        4.9611533994007084E-01       13.49998614
  9   0.00000000        5.1066509846360086E-01       13.89590524
 10   0.00000000        6.1897748965983346E-01       16.84323555
 11   0.00000000        7.6051577755028221E-01       20.69468857
 12   0.00000000        8.7611526516791538E-01       23.84031088
 13   0.00000000        9.0031100113867268E-01       24.49871039
 14   0.00000000        9.0697402569547836E-01       24.68002053
 15   0.00000000        9.9478624518840597E-01       27.06951275
 16   0.00000000        1.0236514220197475E+00       27.85497423
 17   0.00000000        1.0615862423856190E+00       28.88723327
 18   0.00000000        1.1202808095249643E+00       30.48439381
 19   0.00000000        1.2624092562323002E+00       34.35190587
 20   0.00000000        1.4511571130218386E+00       39.48799671
 21   0.00000000        1.7337453341094518E+00       47.17761394
 22   0.00000000        2.0296065533618184E+00       55.22840785
 23   0.00000000        3.1466007314241171E+00       85.62336786
 24   0.00000000        3.5229217515879130E+00       95.86358450
 25   0.00000000        4.1942507403046179E+00      114.13137691
 26   0.00000000        5.1198757436251414E+00      139.31891639
 64  1
  1   2.00000000       -1.7563552590376624E-01       -4.77928613
  2   2.00000000        9.0653483102211191E-02        2.46680694
  3   2.00000000        2.0859509201373791E-01        5.67616162
  4   2.00000000        2.0859509201507245E-01        5.67616162
  5   0.00000000        3.1732243120966569E-01        8.63478324
  6   0.00000000        3.7407541110900777E-01       10.17911050
  7   0.00000000        3.7407541111908549E-01       10.17911050
  8   0.00000000        5.0775755475827922E-01       13.81678694
  9   0.00000000        5.4209549024808057E-01       14.75116977
 10   0.00000000        5.4209549025749348E-01       14.75116977
 11   0.00000000        7.3001505977900583E-01       19.86472176
 12   0.00000000        8.4091871818511177E-01       22.88256404
 13   0.00000000        8.5510553326633509E-01       23.26860695
 14   0.00000000        8.5510553336210027E-01       23.26860695
 15   0.00000000        1.0850222237259965E+00       29.52495882
 16   0.00000000        1.0850222240578857E+00       29.52495882
 17   0.00000000        1.1566762355849518E+00       31.47476381
 18   0.00000000        1.2475407085582446E+00       33.94731208
 19   0.00000000        1.2475407087460695E+00       33.94731208
 20   0.00000000        1.5894355697788360E+00       43.25074520
 21   0.00000000        2.2555309985814080E+00       61.37612519
 22   0.00000000        2.2555309990564743E+00       61.37612521
 23   0.00000000        3.6182540526953706E+00       98.45770856
 24   0.00000000        3.6182540527796241E+00       98.45770857
 25   0.00000000        3.8512842385218420E+00      104.79878296
 26   0.00000000        5.6611454126096401E+00      154.04761442
